probeID,gene,chromosome,position,beta_delta,p_value,FDR,comparison
cg01635668,SLC24A3,20,19213673,-0.050819349654784705,6.374967197301327e-10,5.508940653482337e-4,C1_severe_atopic_vs_rest
cg10549984,NA,1,207537034,-0.08534686556313624,4.6053093509862366e-9,0.0018367693175855295,C1_severe_atopic_vs_rest
cg02741985,CCDC57,17,82101532,-0.09220725110733115,7.816080131479425e-9,0.0018367693175855295,C1_severe_atopic_vs_rest
cg07410082,NA,10,134140238,-0.051150677488354016,8.9595520858255e-9,0.0018367693175855295,C1_severe_atopic_vs_rest
cg10433549,NA,17,43395380,-0.08608935668219402,1.2292905763549468e-8,0.0018367693175855295,C1_severe_atopic_vs_rest
cg22864884,NA,3,194575080,-0.06109566427376987,1.394961926994985e-8,0.0018367693175855295,C1_severe_atopic_vs_rest
cg19448292,C20orf118,20,36875661,-0.10118332531977538,1.4918575508182254e-8,0.0018367693175855295,C1_severe_atopic_vs_rest
cg03181212,AKAP13,15,85477232,-0.11443876777731617,2.1845750008418527e-8,0.0018367693175855295,C1_severe_atopic_vs_rest
cg02564259,SLC12A4,16,67944526,-0.027300422376888393,2.366986916792064e-8,0.0018367693175855295,C1_severe_atopic_vs_rest
cg20337696,SNX21,20,45836974,-0.07536959828003198,2.4030780160821594e-8,0.0018367693175855295,C1_severe_atopic_vs_rest
cg24600621,SLC16A12,10,89502991,-0.03695479796645285,2.5194794587171384e-8,0.0018367693175855295,C1_severe_atopic_vs_rest
cg13859771,ENTPD7,10,99661385,-0.06241940242685024,2.5506197765007028e-8,0.0018367693175855295,C1_severe_atopic_vs_rest
cg04973399,MIR5095,16,48394014,-0.09434863147844907,3.0499371717872456e-8,0.0018535468744145039,C1_severe_atopic_vs_rest
cg04871139,AAK1,2,69560341,-0.028980595767887182,3.209481514816574e-8,0.0018535468744145039,C1_severe_atopic_vs_rest
cg24112090,RIN3,14,92519603,-0.021130046323690168,3.217397300037211e-8,0.0018535468744145039,C1_severe_atopic_vs_rest
cg21294295,NA,10,131923210,-0.021091154408607485,3.580681129507397e-8,0.0018546337944322115,C1_severe_atopic_vs_rest
cg18367488,NA,11,47916382,-0.09228519349960526,3.648521846312639e-8,0.0018546337944322115,C1_severe_atopic_vs_rest
cg17278724,NA,1,229142381,-0.09189407692736146,3.927144488199922e-8,0.0018853609798705217,C1_severe_atopic_vs_rest
cg00728848,C6orf114,6,13483600,-0.039241598587500134,5.212652015374332e-8,0.0023488581492378596,C1_severe_atopic_vs_rest
cg19528703,FAM69A,1,92852007,-0.04213377620535594,5.900482254322468e-8,0.0023488581492378596,C1_severe_atopic_vs_rest
cg15756055,MAP4K3,2,39418814,-0.039839797614407355,6.13057871424869e-8,0.0023488581492378596,C1_severe_atopic_vs_rest
cg01602526,NA,10,134140240,-0.07583305890481422,6.171256069326635e-8,0.0023488581492378596,C1_severe_atopic_vs_rest
cg07337598,ANXA9,1,150981467,-0.06725354535414156,6.50830193263214e-8,0.0023488581492378596,C1_severe_atopic_vs_rest
cg23339014,PRKCH,14,61533773,-0.12221522860109524,6.52345832465916e-8,0.0023488581492378596,C1_severe_atopic_vs_rest
cg06845438,ZNF662,3,42905280,-0.03626884847928699,6.810369696519245e-8,0.0023540778375945996,C1_severe_atopic_vs_rest
cg04968217,NA,15,58307339,-0.0672131768827045,7.088137300843225e-8,0.002355856932614721,C1_severe_atopic_vs_rest
cg03181373,PDPR,16,70151549,-0.036323512516528725,8.002400839112774e-8,0.0025612187740448084,C1_severe_atopic_vs_rest
cg12842511,PTPRE,10,128052933,-0.061159707171734586,1.0321795903885339e-7,0.002689304469586221,C1_severe_atopic_vs_rest
cg08086385,RYBP,3,72381060,-0.10360051719173988,1.0377209759919347e-7,0.002689304469586221,C1_severe_atopic_vs_rest
cg13698578,PRKCH,14,61516085,-0.05298371344464102,1.0448533093010747e-7,0.002689304469586221,C1_severe_atopic_vs_rest
cg02179849,KANSL1,17,46046255,-0.078883462729224,1.0721193852087878e-7,0.002689304469586221,C1_severe_atopic_vs_rest
cg14617280,CREG1,1,167542869,-0.10662259387743259,1.0975496886708497e-7,0.002689304469586221,C1_severe_atopic_vs_rest
cg01963353,FKBP1A,20,1378231,-0.07972208113209252,1.1338469985082593e-7,0.002689304469586221,C1_severe_atopic_vs_rest
cg02865193,AKAP1,17,57106584,-0.08166476207319649,1.1480476174607227e-7,0.002689304469586221,C1_severe_atopic_vs_rest
cg19466875,AUTS2,7,69603082,-0.03197729997140592,1.2078227967208775e-7,0.002689304469586221,C1_severe_atopic_vs_rest
cg18645861,NA,1,160539778,-0.0651871954570906,1.2155893411899151e-7,0.002689304469586221,C1_severe_atopic_vs_rest
cg17248139,FLJ34503,6,113920710,-0.04016422574883219,1.2523986601862095e-7,0.002689304469586221,C1_severe_atopic_vs_rest
cg01627992,URI1,19,29941253,-0.0719566172440067,1.2722361708193425e-7,0.002689304469586221,C1_severe_atopic_vs_rest
cg19833642,ZNF521,18,25329109,-0.02307503378894645,1.2832967478381125e-7,0.002689304469586221,C1_severe_atopic_vs_rest
cg26529864,BOLA3,2,74148776,-0.044010146594563655,1.289678674096147e-7,0.002689304469586221,C1_severe_atopic_vs_rest
cg03437605,RHOBTB2,8,22989696,-0.05559364321984396,1.298382059595025e-7,0.002689304469586221,C1_severe_atopic_vs_rest
cg16660617,ZNRF1,16,75003686,-0.05786560080588463,1.3296702504571256e-7,0.002689304469586221,C1_severe_atopic_vs_rest
cg02633149,METRNL,17,83084906,-0.06914000564245092,1.33819157037428e-7,0.002689304469586221,C1_severe_atopic_vs_rest
cg05180182,NA,10,3624563,-0.07429158769024882,1.3950858172456246e-7,0.002739923179873729,C1_severe_atopic_vs_rest
cg09083139,SMURF2,17,64641631,-0.03380487229965716,1.5529130162393227e-7,0.002982117530687207,C1_severe_atopic_vs_rest
cg17519037,MRPL45,17,36452075,-0.06044000061266358,1.5875471620841566e-7,0.0029823522939333652,C1_severe_atopic_vs_rest
cg20844989,ACSM6,10,95196126,-0.05206501076683164,1.6714774223387265e-7,0.003073213952061394,C1_severe_atopic_vs_rest
cg26057482,HMGXB3,5,150050361,-0.09003610839109445,1.7950073751202587e-7,0.0032315816942185874,C1_severe_atopic_vs_rest
cg21500092,UBE2G1,17,4341911,-0.08063239892560911,1.8892418125010014e-7,0.0033318205933803376,C1_severe_atopic_vs_rest
cg16730961,SERINC5,5,80204430,-0.02726271987541091,1.9719431341637512e-7,0.003408117206547748,C1_severe_atopic_vs_rest
cg20620049,NA,12,64534989,-0.034729457632275584,2.015593215497311e-7,0.0034152527614871218,C1_severe_atopic_vs_rest
cg26559621,TKT,3,53241887,-0.031427881200261534,2.1612593592567619e-7,0.0035916473035008637,C1_severe_atopic_vs_rest
cg10158330,CDYL2,16,80615063,-0.027150974852138025,2.2233886808456728e-7,0.0036251807081700937,C1_severe_atopic_vs_rest
cg18943946,ZZEF1,17,4008771,-0.05435770884713524,2.4166192933786706e-7,0.0038512959268778833,C1_severe_atopic_vs_rest
cg15710961,DST,6,56707793,-0.058316886143069374,2.451203908320337e-7,0.0038512959268778833,C1_severe_atopic_vs_rest
cg17603188,PLD5,1,242188827,-0.0440503343031742,2.5125118613791236e-7,0.003860760454764621,C1_severe_atopic_vs_rest
cg09486450,PDE6A,5,149915806,-0.0594009730622934,2.584747232461924e-7,0.003860760454764621,C1_severe_atopic_vs_rest
cg11134013,RALGDS,9,133136079,-0.05102946667064161,2.5912583246506173e-7,0.003860760454764621,C1_severe_atopic_vs_rest
cg20861649,SLC12A4,16,67944229,-0.03819053105212379,2.7065046067200236e-7,0.0039011323993884284,C1_severe_atopic_vs_rest
cg14898318,OPA3,19,46045657,-0.10894100889537513,2.7086432012343396e-7,0.0039011323993884284,C1_severe_atopic_vs_rest
cg01258949,C11orf49,11,47071441,-0.04522881377015518,2.828632184108941e-7,0.003982069215544254,C1_severe_atopic_vs_rest
cg15634144,RREB1,6,7119709,-0.0958437347036978,2.9005853791653653e-7,0.003982069215544254,C1_severe_atopic_vs_rest
cg12337605,TRIO,5,14477064,-0.032423229273705986,2.934656033660402e-7,0.003982069215544254,C1_severe_atopic_vs_rest
cg10704177,INADL,1,62209607,-0.12062939485568729,3.0115947862209646e-7,0.003982069215544254,C1_severe_atopic_vs_rest
cg13290417,OGDH,7,44670945,-0.08328973565884434,3.02176226224079e-7,0.003982069215544254,C1_severe_atopic_vs_rest
cg13587621,BICD2,9,92735702,-0.0646880244397665,3.0413233809089227e-7,0.003982069215544254,C1_severe_atopic_vs_rest
cg01278651,NPRL3,16,120123,-0.027012377688717358,3.325001979521362e-7,0.004288518075533349,C1_severe_atopic_vs_rest
cg07066120,NA,10,122544160,-0.12471141324194021,3.533674077067041e-7,0.004454062833266012,C1_severe_atopic_vs_rest
cg07415654,ANKRD28,3,15756343,-0.023250136383132784,3.5564383985150155e-7,0.004454062833266012,C1_severe_atopic_vs_rest
cg05642098,BRE,2,28327890,-0.08208479913159575,3.67403049174766e-7,0.004535601139292462,C1_severe_atopic_vs_rest
cg17489791,TVP23B,17,18689481,-0.0860779566496855,3.789596593484417e-7,0.004543443726289389,C1_severe_atopic_vs_rest
cg02856510,NA,2,191178885,-0.08823664507542307,3.830529903836168e-7,0.004543443726289389,C1_severe_atopic_vs_rest
cg08368905,KIF1B,1,10381088,-0.059610090440021184,3.8381140357150753e-7,0.004543443726289389,C1_severe_atopic_vs_rest
cg10113951,MAML1,5,179773572,-0.0473235227588331,3.9676461573729504e-7,0.004632101294083699,C1_severe_atopic_vs_rest
cg18817654,NA,15,39192937,-0.03541228355730668,4.041404623375057e-7,0.004632101294083699,C1_severe_atopic_vs_rest
cg14080050,B4GALT1,9,33159027,0.0753953634832967,4.0848201242435896e-7,0.004632101294083699,C1_severe_atopic_vs_rest
cg12154164,PTAFR,1,28158023,-0.092809521256805,4.1367709096292284e-7,0.004632101294083699,C1_severe_atopic_vs_rest
cg26150263,NA,2,161067945,-0.05566913824857518,4.3108093572689686e-7,0.004632101294083699,C1_severe_atopic_vs_rest
cg09458420,CAB39,2,230796602,-0.09347529942207805,4.340778829678811e-7,0.004632101294083699,C1_severe_atopic_vs_rest
cg21686287,EXOC6B,2,72794219,-0.04272876841970453,4.366781555564087e-7,0.004632101294083699,C1_severe_atopic_vs_rest
cg05295635,INPP5D,2,233966797,-0.05190061135257295,4.371996575580384e-7,0.004632101294083699,C1_severe_atopic_vs_rest
cg07862235,NA,8,122718465,-0.050425585558924804,4.407004628727632e-7,0.004632101294083699,C1_severe_atopic_vs_rest
cg14401395,C7orf43,7,100156004,-0.08212901525114993,4.4490368292724774e-7,0.004632101294083699,C1_severe_atopic_vs_rest
cg26145152,NA,1,67697926,-0.06688764526582734,4.527596043056546e-7,0.004657775209285,C1_severe_atopic_vs_rest
cg12734151,NA,18,35442016,-0.09397218877945222,4.654457208175992e-7,0.0046632563227605745,C1_severe_atopic_vs_rest
cg22259880,NA,12,110098725,-0.0472385722438004,4.661931248985661e-7,0.0046632563227605745,C1_severe_atopic_vs_rest
cg14963666,PTH2R,2,208489856,-0.07028499778313096,4.6948141077052414e-7,0.0046632563227605745,C1_severe_atopic_vs_rest
cg05490881,DLST,14,74888420,-0.057608853721216,4.847057521253607e-7,0.004709593506008213,C1_severe_atopic_vs_rest
cg07730263,ITIH1,3,52776243,-0.06595845892859165,4.850464062279911e-7,0.004709593506008213,C1_severe_atopic_vs_rest
cg05664105,GRK5,10,119246705,-0.028678007575651438,4.905058811558704e-7,0.004709684869028975,C1_severe_atopic_vs_rest
cg01881464,NA,21,32731768,-0.020262197791138976,5.026429906998458e-7,0.004754045932328141,C1_severe_atopic_vs_rest
cg06592918,PQLC1,18,79943051,-0.11300127218851239,5.061288127252949e-7,0.004754045932328141,C1_severe_atopic_vs_rest
cg18492526,BIN3,8,22651289,-0.08648600967061362,5.172753012709304e-7,0.00480649985100943,C1_severe_atopic_vs_rest
cg18537383,MCPH1,8,6576254,-0.055824095108110115,5.277248079335275e-7,0.004815180215921286,C1_severe_atopic_vs_rest
cg13264822,CREB3L2,7,137880544,-0.06740036746987642,5.344265297914768e-7,0.004815180215921286,C1_severe_atopic_vs_rest
cg11996592,ZC3H3,8,143494924,-0.05122809409418735,5.389534211061966e-7,0.004815180215921286,C1_severe_atopic_vs_rest
cg08559734,CD9,12,6222892,-0.08008465971813734,5.437438217527246e-7,0.004815180215921286,C1_severe_atopic_vs_rest
cg16588712,DLG5,10,79619316,-0.03775802825287167,5.460702065843578e-7,0.004815180215921286,C1_severe_atopic_vs_rest
cg22158603,AXIN1,16,337629,-0.07487298701752931,5.683025752942915e-7,0.004960604111572855,C1_severe_atopic_vs_rest
cg09800745,NA,12,104414797,-0.06746029209938587,5.747933357120729e-7,0.004967088106422593,C1_severe_atopic_vs_rest
cg24823912,ALDH2,12,111777978,0.1435029726740053,6.378429952571895e-7,0.0054189828431104835,C1_severe_atopic_vs_rest
cg17218818,NA,2,86157952,-0.0540230022389709,6.396285028528191e-7,0.0054189828431104835,C1_severe_atopic_vs_rest
cg17718238,ACSL1,4,184823177,-0.06490402407924628,6.821511604544633e-7,0.00566325864247394,C1_severe_atopic_vs_rest
cg06795981,CLC,19,40228577,-0.07243073152064163,6.968971609966655e-7,0.00566325864247394,C1_severe_atopic_vs_rest
cg11522179,NA,17,21273151,-0.07629436708484323,7.000136523436138e-7,0.00566325864247394,C1_severe_atopic_vs_rest
cg01116831,NA,16,2140355,-0.07055540985890453,7.004364806151559e-7,0.00566325864247394,C1_severe_atopic_vs_rest
cg08005568,GLT8D1,3,52703807,-0.029105044125933243,7.012292683980498e-7,0.00566325864247394,C1_severe_atopic_vs_rest
cg12401522,SLMAP,3,57805695,-0.025667752038034907,7.090599665900218e-7,0.00567347766896945,C1_severe_atopic_vs_rest
cg12380988,ANAPC11,17,79851485,-0.07748294218158178,7.482838022433443e-7,0.0059323939841852335,C1_severe_atopic_vs_rest
cg15993159,PITPNC1,17,67467925,-0.0324854936770164,7.616161962184714e-7,0.005983201447223496,C1_severe_atopic_vs_rest
cg17597583,NA,2,9831305,-0.09544320912149223,7.741834132282663e-7,0.006026760151252762,C1_severe_atopic_vs_rest
cg17287013,BTRC,10,101380115,-0.082601066887727,7.874459431244803e-7,0.006026760151252762,C1_severe_atopic_vs_rest
cg06164953,NA,1,26546574,-0.05700399374052663,7.880834588030372e-7,0.006026760151252762,C1_severe_atopic_vs_rest
cg23911543,SLC45A4,8,141228695,-0.09635697389508517,8.129130721865899e-7,0.006162109273299877,C1_severe_atopic_vs_rest
cg09166450,FBXW8,12,117000402,-0.10079603610350168,8.227513176571956e-7,0.006182453883966095,C1_severe_atopic_vs_rest
cg13070738,ARHGEF5,7,144054288,-0.05221394851790068,8.525236616115728e-7,0.006278736033336739,C1_severe_atopic_vs_rest
cg15197144,FZR1,19,3521012,-0.09968570712013734,8.52640272683273e-7,0.006278736033336739,C1_severe_atopic_vs_rest
cg13572592,NA,12,46776425,-0.047450469382071134,8.620610675135885e-7,0.006278736033336739,C1_severe_atopic_vs_rest
cg15341243,LINC01214,3,150324995,-0.07316336733172668,8.707030797143608e-7,0.006278736033336739,C1_severe_atopic_vs_rest
cg25602071,NA,6,142693805,-0.05039147922275017,8.718932826637081e-7,0.006278736033336739,C1_severe_atopic_vs_rest
cg22587211,NA,6,32883945,0.06914473370545648,9.137039328924728e-7,0.00652544695055286,C1_severe_atopic_vs_rest
cg17624978,SMYD3,1,246011807,-0.02051087398031694,9.220717714674477e-7,0.006527092750270787,C1_severe_atopic_vs_rest
cg04880269,GEMIN5,5,154937203,-0.028772457702587847,9.290407339024926e-7,0.006527092750270787,C1_severe_atopic_vs_rest
cg10447853,ADIPOR1,1,202956243,-0.019960119715848344,9.543538330270395e-7,0.006650861076757921,C1_severe_atopic_vs_rest
cg03214468,MIR4633,5,129096796,-0.057488602006721914,9.797316935739836e-7,0.006722661518593965,C1_severe_atopic_vs_rest
cg16760840,CHP1,15,41233637,-0.07131217420803018,9.80215692774928e-7,0.006722661518593965,C1_severe_atopic_vs_rest
cg09505426,ZC3H7A,16,11792694,-0.08549862980040852,1.0173708684967306e-6,0.00692254386419832,C1_severe_atopic_vs_rest
cg05310072,PAM16,16,4347894,-0.05002062071464177,1.0435597738315057e-6,0.007045267700594088,C1_severe_atopic_vs_rest
cg14655553,P2RY2,11,73221034,-0.07798039670561933,1.0535535902212136e-6,0.0070576003263321105,C1_severe_atopic_vs_rest
cg22865069,RPS6KA2,6,166750160,-0.0740560120112806,1.0731690863659255e-6,0.007119054412877239,C1_severe_atopic_vs_rest
cg05271710,NA,6,139611579,-0.049341097773080295,1.0792038068382857e-6,0.007119054412877239,C1_severe_atopic_vs_rest
cg09227119,C20orf118,20,36876000,-0.09836321089846665,1.093426423928535e-6,0.00715823205371736,C1_severe_atopic_vs_rest
cg18387316,NA,2,226137655,-0.09658229415098853,1.1188799261100101e-6,0.007238134334895649,C1_severe_atopic_vs_rest
cg14382708,LPCAT3,12,6996518,-0.037355604576648334,1.1223835631648333e-6,0.007238134334895649,C1_severe_atopic_vs_rest
cg22494377,GAB2,11,78311965,-0.03463685002151502,1.1449343667958308e-6,0.007318747445305808,C1_severe_atopic_vs_rest
cg03079679,NA,5,142530162,-0.07435098454478212,1.181309740397753e-6,0.007318747445305808,C1_severe_atopic_vs_rest
cg12498017,TRERF1,6,42230843,-0.062218728469588605,1.1816209507762115e-6,0.007318747445305808,C1_severe_atopic_vs_rest
cg04549076,PRG2,11,57390035,-0.07453385951263096,1.184670281180473e-6,0.007318747445305808,C1_severe_atopic_vs_rest
cg12350164,NA,1,117655321,-0.07252827962007971,1.185260407738012e-6,0.007318747445305808,C1_severe_atopic_vs_rest
cg08761605,PDE4D,5,59358367,-0.04380798800071499,1.1856995555675543e-6,0.007318747445305808,C1_severe_atopic_vs_rest
cg02543556,PNN,14,39174241,-0.08151380585807061,1.209013317460205e-6,0.007409725363899795,C1_severe_atopic_vs_rest
cg17518643,UBAC2,13,99317019,-0.03890482571253813,1.2242722646640135e-6,0.007424352240272355,C1_severe_atopic_vs_rest
cg14947564,CAPG,2,85398015,-0.10102400705437953,1.228582900183008e-6,0.007424352240272355,C1_severe_atopic_vs_rest
cg01552966,DNMT3A,2,25305461,-0.08171178278175609,1.2770654521906928e-6,0.007635893187802999,C1_severe_atopic_vs_rest
cg12548264,GRAMD1B,11,123558816,-0.024409096777670614,1.2957333143430092e-6,0.007635893187802999,C1_severe_atopic_vs_rest
cg18536308,NA,17,45334716,-0.06376427078267535,1.2980330933567893e-6,0.007635893187802999,C1_severe_atopic_vs_rest
cg03724728,THRA,17,40074946,-0.048811145765568865,1.3142254580842513e-6,0.007635893187802999,C1_severe_atopic_vs_rest
cg21672524,ETFB,19,51858253,-0.061499857838509704,1.3258189321655752e-6,0.007635893187802999,C1_severe_atopic_vs_rest
cg24627621,C6orf132,6,42141438,-0.09941678565419435,1.3261688886011057e-6,0.007635893187802999,C1_severe_atopic_vs_rest
cg14092802,PIK3IP1-AS1,22,31337218,-0.05072263766491119,1.3355078623744564e-6,0.007635893187802999,C1_severe_atopic_vs_rest
cg02640489,PNKD,2,218289212,-0.06980461767113151,1.340151425471431e-6,0.007635893187802999,C1_severe_atopic_vs_rest
cg26431230,RNF103,2,86852158,-0.03815871263376113,1.3508955018691347e-6,0.007635893187802999,C1_severe_atopic_vs_rest
cg17328356,ZNRF2,7,30349423,-0.057220467862253176,1.3600711231071555e-6,0.007635893187802999,C1_severe_atopic_vs_rest
cg18355997,TLDC2,20,36875932,-0.08240096672166929,1.3697991181216727e-6,0.007635893187802999,C1_severe_atopic_vs_rest
cg01378515,HEG1,3,125054262,-0.05545625624015667,1.3719034810683909e-6,0.007635893187802999,C1_severe_atopic_vs_rest
cg17179455,ETS1,11,128476906,-0.10573716654801013,1.386382622057632e-6,0.007635893187802999,C1_severe_atopic_vs_rest
cg04180953,DSC1,18,31163111,-0.06329903318389363,1.3872967145653439e-6,0.007635893187802999,C1_severe_atopic_vs_rest
cg08420885,EP400,12,131959319,-0.04685065216798006,1.421999370858202e-6,0.0076860921242532815,C1_severe_atopic_vs_rest
cg26252077,NFIA,1,61141383,-0.0896927830389913,1.4229869686103162e-6,0.0076860921242532815,C1_severe_atopic_vs_rest
cg14248318,CKLF,16,66563464,-0.04937587052484627,1.4231000331892134e-6,0.0076860921242532815,C1_severe_atopic_vs_rest
cg17030628,IL20,1,206865663,-0.03509726087791628,1.450307160454197e-6,0.007731180659371928,C1_severe_atopic_vs_rest
cg24534006,PRKCB,16,23866286,-0.04233267257890503,1.4528667051213342e-6,0.007731180659371928,C1_severe_atopic_vs_rest
cg11568374,NA,2,63788204,-0.06826809953491234,1.4582879487377502e-6,0.007731180659371928,C1_severe_atopic_vs_rest
cg22235258,EHF,11,34653855,-0.09875529807345297,1.478568602265899e-6,0.007758663253940702,C1_severe_atopic_vs_rest
cg22080845,NA,10,43415676,-0.03950656820153059,1.4970477463793469e-6,0.007758663253940702,C1_severe_atopic_vs_rest
cg10046114,TTC7B,14,90805694,-0.08195041282504976,1.5067234946323016e-6,0.007758663253940702,C1_severe_atopic_vs_rest
cg11534339,FARSA,19,12929658,-0.03824392921445544,1.508335821645746e-6,0.007758663253940702,C1_severe_atopic_vs_rest
cg18200389,TRIM26,6,30202563,-0.07547440199238746,1.5083636057800456e-6,0.007758663253940702,C1_severe_atopic_vs_rest
cg17144361,DENND5A,11,9251621,-0.056654692705666435,1.5413290182684262e-6,0.007881316886359154,C1_severe_atopic_vs_rest
cg23926497,DPPA3,12,7710290,-0.026056989867783306,1.56773238600732e-6,0.007969171040194104,C1_severe_atopic_vs_rest
cg03693099,CEL,9,133061514,-0.08360953164697063,1.5916374301516445e-6,0.00802266468833548,C1_severe_atopic_vs_rest
cg14014370,SLC12A6,15,34319527,-0.05926493608890057,1.5968236217629566e-6,0.00802266468833548,C1_severe_atopic_vs_rest
cg11495812,NA,22,32464453,-0.053437044502622995,1.615731142780364e-6,0.008067897915611974,C1_severe_atopic_vs_rest
cg14613878,C20orf118,20,36875795,-0.0864247343893919,1.6244992053672079e-6,0.008067897915611974,C1_severe_atopic_vs_rest
cg22494062,PARK7,1,8025379,-0.027215174940216035,1.6365064604278087e-6,0.008081087604523496,C1_severe_atopic_vs_rest
cg19069660,SCGN,6,25671212,-0.035771878703501826,1.6571311080150272e-6,0.008110455090702847,C1_severe_atopic_vs_rest
cg02068052,NA,19,15325286,-0.06870362231504958,1.6658630382945042e-6,0.008110455090702847,C1_severe_atopic_vs_rest
cg25975995,GATB,4,151687259,-0.07869935717273153,1.6780434212952076e-6,0.008110455090702847,C1_severe_atopic_vs_rest
cg06824199,KIAA0494,1,46692137,-0.04893182799655575,1.679995488335165e-6,0.008110455090702847,C1_severe_atopic_vs_rest
cg16899419,MTMR3,22,29946435,-0.0650994772516328,1.6937862020377062e-6,0.008131604078129379,C1_severe_atopic_vs_rest
cg18115488,RNF144A,2,6927105,-0.05114423188072419,1.7126469364851914e-6,0.008176725278771,C1_severe_atopic_vs_rest
cg04501943,NA,12,110766395,-0.07127517679850721,1.7247497460298816e-6,0.008189263420501176,C1_severe_atopic_vs_rest
cg11770323,NDFIP2,13,79491897,-0.09746358706076796,1.7496919106288462e-6,0.008262293792096934,C1_severe_atopic_vs_rest
cg14667514,NA,17,34239214,-0.04672524499494174,1.7787741938143185e-6,0.008353974332244734,C1_severe_atopic_vs_rest
cg18529857,NA,1,120809607,-0.0568325579521829,1.800586606431258e-6,0.00837552716032458,C1_severe_atopic_vs_rest
cg13212049,NA,6,13992800,-0.0499673802707125,1.8027477247294133e-6,0.00837552716032458,C1_severe_atopic_vs_rest
cg26352718,NA,7,35984781,-0.045704129478584786,1.8842958344979328e-6,0.00864952194930481,C1_severe_atopic_vs_rest
cg10721256,LOC100505942,16,67526653,-0.028178270215705483,1.8957860081491032e-6,0.00864952194930481,C1_severe_atopic_vs_rest
cg02091562,BRD8,5,138171086,-0.027091615264579587,1.9048226484774913e-6,0.00864952194930481,C1_severe_atopic_vs_rest
cg07496152,IGSF3,1,117160732,-0.06802741655392675,1.9400178025071996e-6,0.00864952194930481,C1_severe_atopic_vs_rest
cg18543521,MON2,12,62485160,-0.06190341681818871,1.9482978739238396e-6,0.00864952194930481,C1_severe_atopic_vs_rest
cg02582023,MAPKAPK2,1,206717078,-0.07401538266549175,1.9487155524226865e-6,0.00864952194930481,C1_severe_atopic_vs_rest
cg15004902,UBR4,1,19179079,-0.0718903395536085,1.9531315375502054e-6,0.00864952194930481,C1_severe_atopic_vs_rest
cg00491149,TMEM117,12,43834441,-0.04826178964634297,1.9596844525090926e-6,0.00864952194930481,C1_severe_atopic_vs_rest
cg07345250,ACOT7,1,6343219,-0.0384192818876229,1.9655598277486305e-6,0.00864952194930481,C1_severe_atopic_vs_rest
cg17084751,ZNF215,11,6932327,-0.059736286190148466,1.966104946137694e-6,0.00864952194930481,C1_severe_atopic_vs_rest
cg19876836,TNIK,3,171445826,-0.014319740574338382,1.980280982975092e-6,0.00864952194930481,C1_severe_atopic_vs_rest
cg13408940,BCL11A,2,60506053,-0.031896476463085126,1.997381074559767e-6,0.00864952194930481,C1_severe_atopic_vs_rest
cg10730362,RPS6KA4,11,64358127,-0.03906233332793192,2.002731050705861e-6,0.00864952194930481,C1_severe_atopic_vs_rest
cg27215768,PIK3AP1,10,98425148,-0.029230737140118562,2.0029425009263588e-6,0.00864952194930481,C1_severe_atopic_vs_rest
cg08653021,F5,1,169556712,-0.022431428756344917,2.034529183184428e-6,0.00864952194930481,C1_severe_atopic_vs_rest
cg11209521,GNG12,1,67743472,-0.0509479709897153,2.0378873486688793e-6,0.00864952194930481,C1_severe_atopic_vs_rest
cg24376793,PPP1R12B,1,202576461,-0.09216326426312844,2.0500615936744898e-6,0.00864952194930481,C1_severe_atopic_vs_rest
cg23642826,ZBTB48,1,6585403,-0.06291918557478986,2.0592348794410692e-6,0.00864952194930481,C1_severe_atopic_vs_rest
cg18718881,NDST2,10,75569012,-0.05528203689055225,2.0681357210081e-6,0.00864952194930481,C1_severe_atopic_vs_rest
cg20378916,VPS39,15,42164773,-0.05835561693474616,2.069089794728285e-6,0.00864952194930481,C1_severe_atopic_vs_rest
cg15134174,SH3RF1,4,169100923,-0.05871828997781504,2.0719167964734164e-6,0.00864952194930481,C1_severe_atopic_vs_rest
cg20636743,NA,6,34277491,-0.06833408452702795,2.1052158790817326e-6,0.00866001396088119,C1_severe_atopic_vs_rest
cg22811930,NA,18,10072798,0.06334300739724182,2.1054251847723654e-6,0.00866001396088119,C1_severe_atopic_vs_rest
cg13353793,NA,2,85717609,-0.05442652046298597,2.117422830072347e-6,0.00866001396088119,C1_severe_atopic_vs_rest
cg04317648,LOC102724552,1,8425316,-0.09210186313736016,2.126254656279582e-6,0.00866001396088119,C1_severe_atopic_vs_rest
cg22905973,NA,5,138476631,-0.048168959059113996,2.129768289207324e-6,0.00866001396088119,C1_severe_atopic_vs_rest
cg17964352,NA,6,111276708,-0.044385085061727655,2.1397725376856584e-6,0.00866001396088119,C1_severe_atopic_vs_rest
cg04085699,PLCB3,11,64258552,-0.035304165996264465,2.1445798744070195e-6,0.00866001396088119,C1_severe_atopic_vs_rest
cg17487617,METRNL,17,81041756,-0.07984630855105408,2.1649143539422213e-6,0.008690152517415336,C1_severe_atopic_vs_rest
cg26369382,TFR2,7,100642718,-0.08765586807415837,2.1808117796731646e-6,0.008690152517415336,C1_severe_atopic_vs_rest
cg16917269,NA,20,49307121,-0.05969151861581909,2.182212268535082e-6,0.008690152517415336,C1_severe_atopic_vs_rest
cg09700170,WDR7,18,56660775,-0.03905601981869906,2.2004859103338884e-6,0.00869446022710709,C1_severe_atopic_vs_rest
cg25580656,ZFYVE21,14,103730823,-0.08159348245657844,2.2034165166966606e-6,0.00869446022710709,C1_severe_atopic_vs_rest
cg11634289,LAMA3,18,23914117,-0.016111811136894832,2.2212118846561557e-6,0.008724839511588119,C1_severe_atopic_vs_rest
cg24678767,CLK3,15,74610635,-0.06504693644137474,2.2366177226619275e-6,0.008745600354179865,C1_severe_atopic_vs_rest
cg02575307,CCDC74A,2,132291050,-0.054128663435724964,2.2608822710062528e-6,0.008753157808358482,C1_severe_atopic_vs_rest
cg14209284,NA,15,67854346,-0.05156556369358989,2.267354056544947e-6,0.008753157808358482,C1_severe_atopic_vs_rest
cg04793634,ERLIN2,8,37740476,-0.04173985113424712,2.2689380445480654e-6,0.008753157808358482,C1_severe_atopic_vs_rest
cg26205890,ACOX1,17,75959758,-0.06642558636234198,2.3302357814305827e-6,0.008909759533620713,C1_severe_atopic_vs_rest
cg13538079,RALGPS1,9,127131086,-0.06738693529104374,2.3352091725579426e-6,0.008909759533620713,C1_severe_atopic_vs_rest
cg17040823,TYW1B,7,72091677,-0.05170010811966321,2.340462573866521e-6,0.008909759533620713,C1_severe_atopic_vs_rest
cg10093671,LOC101927539,17,57608742,-0.017091441229199467,2.3567737026675587e-6,0.008932503108366562,C1_severe_atopic_vs_rest
cg04336593,TRERF1,6,42411928,-0.037385856966899236,2.3872737965252996e-6,0.00894369361356974,C1_severe_atopic_vs_rest
cg10650353,EIF6,20,35280683,-0.05992598538107047,2.3900609105708613e-6,0.00894369361356974,C1_severe_atopic_vs_rest
cg27332633,NA,20,53846136,-0.05897535891393948,2.391798236437376e-6,0.00894369361356974,C1_severe_atopic_vs_rest
cg02821988,ZBTB48,1,6585264,-0.07013873332193285,2.41029869442933e-6,0.00894369361356974,C1_severe_atopic_vs_rest
cg17249529,BICD2,9,92735740,-0.0730421775719567,2.4120998328871683e-6,0.00894369361356974,C1_severe_atopic_vs_rest
cg14265474,TNIK,3,171231197,-0.06619905676814349,2.430439793056097e-6,0.00894369361356974,C1_severe_atopic_vs_rest
cg24905077,STRIP1,1,110040535,-0.03870522776117923,2.4417100115805956e-6,0.00894369361356974,C1_severe_atopic_vs_rest
cg12425700,NA,4,74321062,-0.06845180109398699,2.4609505117308327e-6,0.00894369361356974,C1_severe_atopic_vs_rest
cg00336912,NA,14,55116323,-0.06848509305907817,2.461552693624803e-6,0.00894369361356974,C1_severe_atopic_vs_rest
cg13107734,SPIDR,8,47440672,-0.03875084138179847,2.4632229978401926e-6,0.00894369361356974,C1_severe_atopic_vs_rest
cg24093028,CARD14,17,78161110,-0.05790437666197058,2.498631463583323e-6,0.009029953505461659,C1_severe_atopic_vs_rest
cg13698574,NCK2,2,105748257,-0.09609904232198023,2.528867841565544e-6,0.009029953505461659,C1_severe_atopic_vs_rest
cg12629001,RUSC2,9,35537852,-0.051641427801747276,2.545259942440634e-6,0.009029953505461659,C1_severe_atopic_vs_rest
cg23172995,ANXA6,5,151107240,-0.07469333282393215,2.545342738614199e-6,0.009029953505461659,C1_severe_atopic_vs_rest
cg20037145,ST3GAL4,11,126409807,-0.06607284156678625,2.555219594269668e-6,0.009029953505461659,C1_severe_atopic_vs_rest
cg26979537,NAPA,19,47513603,-0.050730834644665455,2.5595018946963137e-6,0.009029953505461659,C1_severe_atopic_vs_rest
cg10635061,FHL2,2,105438549,-0.05951066620765167,2.560126700902279e-6,0.009029953505461659,C1_severe_atopic_vs_rest
cg14702865,CTDSPL,3,37945564,-0.09446099711839764,2.5716797405098e-6,0.009033830045207417,C1_severe_atopic_vs_rest
cg08538069,IGF1R,15,98901501,-0.07947058112182076,2.5965081911035542e-6,0.00908412043060129,C1_severe_atopic_vs_rest
cg12914151,TEX2,17,64231787,-0.020966767753076675,2.611723664279798e-6,0.009100508983607727,C1_severe_atopic_vs_rest
cg14412164,LARP1,5,154120729,-0.07834819484853484,2.6564688048864837e-6,0.009219248315985,C1_severe_atopic_vs_rest
cg16225800,NA,8,125579662,-0.06835442569879893,2.6989176287637888e-6,0.009310024161428955,C1_severe_atopic_vs_rest
cg10936812,ST7-OT3,7,117184540,-0.04344562324636106,2.7041724887735812e-6,0.009310024161428955,C1_severe_atopic_vs_rest
cg07818422,WDFY2,13,51727810,-0.025599133340042345,2.7302428755655426e-6,0.009362479529387758,C1_severe_atopic_vs_rest
cg18812843,ARID1B,6,157194992,-0.03021176780963123,2.7420757801738855e-6,0.009365890393631714,C1_severe_atopic_vs_rest
cg04856858,AGAP1,2,235493371,0.030575911116538113,2.7817183919161016e-6,0.009451839531276984,C1_severe_atopic_vs_rest
cg27661078,NA,6,14724711,-0.04358994956735018,2.7951783627496445e-6,0.009451839531276984,C1_severe_atopic_vs_rest
cg14710654,TTC7B,14,90798112,-0.03235735773273473,2.8000524444853545e-6,0.009451839531276984,C1_severe_atopic_vs_rest
cg24060744,NA,7,41005931,0.10782176228990062,2.8184918611714486e-6,0.00947706373079778,C1_severe_atopic_vs_rest
cg01619618,LINC01355,1,23284114,-0.048856207836618586,2.8569141779822768e-6,0.009556480600083926,C1_severe_atopic_vs_rest
cg24199220,NA,1,181151962,-0.08874415509058174,2.8728976824565697e-6,0.009556480600083926,C1_severe_atopic_vs_rest
cg01818561,NA,3,124951152,-0.09172214230894357,2.8834109217151964e-6,0.009556480600083926,C1_severe_atopic_vs_rest
cg24440787,CTNND1,11,57583546,-0.0188407367037333,2.886345731563318e-6,0.009556480600083926,C1_severe_atopic_vs_rest
cg24198896,LSM2,6,31803067,-0.02533779213446632,2.9315270165793138e-6,0.009669026467294074,C1_severe_atopic_vs_rest
cg24884343,NA,1,143651192,-0.09882068234870879,2.960728851058687e-6,0.009693175376766268,C1_severe_atopic_vs_rest
cg10786474,NA,1,17475980,-0.08360275293461182,2.961282620958228e-6,0.009693175376766268,C1_severe_atopic_vs_rest
cg27096404,PAG1,8,81028405,-0.03636563568292493,2.9813476646109007e-06,0.009722028479505053,C1_severe_atopic_vs_rest
cg14832684,CCDC57,17,82118041,-0.02768976986989404,2.9996620346857693e-6,0.009744977242848785,C1_severe_atopic_vs_rest
cg25165908,CUX2,12,111038407,-0.027447427499185037,3.012141945617424e-6,0.009748870736289094,C1_severe_atopic_vs_rest
cg00235289,NA,9,19155073,-0.07345735277141147,3.0389230791991707e-6,0.00976474399255981,C1_severe_atopic_vs_rest
cg01964774,KCNJ15,21,38292027,-0.06579920404789107,3.039645958116846e-6,0.00976474399255981,C1_severe_atopic_vs_rest
cg10393540,MRC2,17,62657233,-0.012964524494755061,3.0954974986237067e-6,0.009907334646039531,C1_severe_atopic_vs_rest
cg15772013,GOLGA3,12,132780950,-0.054084162967088595,3.1349775144300086e-6,0.009937028973206453,C1_severe_atopic_vs_rest
cg00361062,EPHB6,7,142567520,-0.025882804433689562,3.13616919413073e-6,0.009937028973206453,C1_severe_atopic_vs_rest
cg19471343,NA,3,183913383,-0.07834258557062666,3.1394405812427792e-6,0.009937028973206453,C1_severe_atopic_vs_rest
cg23663201,CD9,12,6235541,-0.08405404801322619,3.1524058781415723e-6,0.009937028973206453,C1_severe_atopic_vs_rest
cg07133479,IMMT,2,86420600,-0.03975313535897033,3.1622711833471132e-06,0.009937028973206453,C1_severe_atopic_vs_rest
cg22898082,SMARCA4,19,10963752,-0.056948918849528886,3.2043383929331024e-6,0.009955515081472941,C1_severe_atopic_vs_rest
cg22034357,ACSF2,17,50443623,-0.0866011226510056,3.2111388472130682e-6,0.009955515081472941,C1_severe_atopic_vs_rest
cg22438847,CHD7,8,60719082,-0.04496013949643006,3.2268764500652426e-6,0.009955515081472941,C1_severe_atopic_vs_rest
cg07161642,LINC01307,1,101814534,-0.021100521839768606,3.2327255366642626e-6,0.009955515081472941,C1_severe_atopic_vs_rest
cg15488596,C1orf26,1,185284363,-0.04984275007122179,3.232926663225849e-6,0.009955515081472941,C1_severe_atopic_vs_rest
cg08969102,NA,5,134227841,-0.07456139705320121,3.247402248587645e-6,0.009955515081472941,C1_severe_atopic_vs_rest
cg06460944,SLC24A3,20,19213659,-0.03347789163497027,3.2650285108031405e-6,0.009955515081472941,C1_severe_atopic_vs_rest
cg21588347,TOP1,20,39667871,-0.07321665314688054,3.26762467861879e-6,0.009955515081472941,C1_severe_atopic_vs_rest
cg04156383,PDE4DIP,1,144995889,-0.03989211446391792,3.2905121960725122e-6,0.009955515081472941,C1_severe_atopic_vs_rest
cg12799576,DYNC1H1,14,102030263,-0.029789072856410016,3.2982641578345974e-6,0.009955515081472941,C1_severe_atopic_vs_rest
cg26789365,NA,10,131929544,-0.062222517885387796,3.307410284369941e-6,0.009955515081472941,C1_severe_atopic_vs_rest
cg12285887,NA,14,55121964,-0.03425690761034456,3.3096741512239095e-6,0.009955515081472941,C1_severe_atopic_vs_rest
cg06315149,PRKCZ,1,2104959,-0.08874392612459052,3.3179213187774916e-6,0.009955515081472941,C1_severe_atopic_vs_rest
cg16813552,NPM3,10,101784892,-0.03426359896924214,3.3632260960063558e-6,0.009994552106615208,C1_severe_atopic_vs_rest
cg09968549,MEF2D,1,156483513,-0.06399907823187802,3.3789053702846058e-6,0.009994552106615208,C1_severe_atopic_vs_rest
cg11014921,TRANK1,3,36974725,-0.04603845897339725,3.3852994556071895e-6,0.009994552106615208,C1_severe_atopic_vs_rest
cg22620111,NA,3,14807738,-0.047208668407824186,3.3899660656510174e-6,0.009994552106615208,C1_severe_atopic_vs_rest
cg11740027,SELO,22,50651198,-0.026577877769829457,3.406214730820759e-6,0.009994552106615208,C1_severe_atopic_vs_rest
cg15408905,NA,2,234423079,-0.05954350787835749,3.407681604533587e-6,0.009994552106615208,C1_severe_atopic_vs_rest
cg07307804,NA,8,60885032,-0.02739128860296231,3.4118915091922328e-6,0.009994552106615208,C1_severe_atopic_vs_rest
cg05042038,QRICH2,17,74298896,-0.08461384668564276,3.4458317872327264e-6,0.010059873076353835,C1_severe_atopic_vs_rest
cg24736010,NA,11,110070539,-0.013704385539191764,3.5313982912035285e-6,0.010163931394177853,C1_severe_atopic_vs_rest
cg01324489,LINC00114,21,38742129,-0.07849440764333822,3.535564732308346e-6,0.010163931394177853,C1_severe_atopic_vs_rest
cg06016120,NA,3,5000043,-0.09501681629929792,3.5392064722736286e-6,0.010163931394177853,C1_severe_atopic_vs_rest
cg04616586,NA,9,96683403,-0.08226063994463925,3.5398693755314024e-6,0.010163931394177853,C1_severe_atopic_vs_rest
cg02941852,SRPK2,7,105389721,-0.03838469968088923,3.550833257741626e-6,0.010163931394177853,C1_severe_atopic_vs_rest
cg13587880,GATAD2A,19,19488722,-0.07236210685992359,3.5520455672632954e-6,0.010163931394177853,C1_severe_atopic_vs_rest
cg10652386,NA,11,6250026,-0.0745365010996846,3.6066144223104252e-6,0.010286016720357751,C1_severe_atopic_vs_rest
cg00453636,AXIN1,16,307298,-0.05554401715631112,3.6344542912528126e-6,0.01033131889702204,C1_severe_atopic_vs_rest
cg01692574,NAGLU,17,42535558,-0.04364368136928294,3.669166785798343e-6,0.01038267993590764,C1_severe_atopic_vs_rest
cg21271570,SERP2,13,44387131,-0.06288942035275324,3.6835344233666857e-6,0.01038267993590764,C1_severe_atopic_vs_rest
cg10081994,LONRF2,2,100292175,-0.07524127406930775,3.6885672200303253e-6,0.01038267993590764,C1_severe_atopic_vs_rest
cg01305866,RCBTB2,13,48534507,-0.03312257372498912,3.730691675980424e-6,0.010424160104533654,C1_severe_atopic_vs_rest
cg08770935,NA,17,17352248,-0.03964040799839594,3.7361205246818183e-6,0.010424160104533654,C1_severe_atopic_vs_rest
cg00232450,SEMA3C,7,80791853,-0.08635956670270305,3.7433950894409873e-6,0.010424160104533654,C1_severe_atopic_vs_rest
cg22445447,RTF1,15,41712591,-0.03225628142112642,3.751555041832879e-6,0.010424160104533654,C1_severe_atopic_vs_rest
cg21821767,GLP2R,17,9865853,0.06748037644649567,3.786234178732904e-6,0.01043458677364037,C1_severe_atopic_vs_rest
cg14084609,EVL,14,100144070,-0.06858019971335502,3.802131757260451e-6,0.01043458677364037,C1_severe_atopic_vs_rest
cg06136459,HMGXB3,5,150045590,-0.05777539531997608,3.8029351785720373e-6,0.01043458677364037,C1_severe_atopic_vs_rest
cg02223962,LOC339524,1,87131137,-0.023528036246415408,3.822877010338772e-6,0.01043458677364037,C1_severe_atopic_vs_rest
cg04447623,FZR1,19,3516911,-0.08795529312440141,3.860482584389345e-6,0.01043458677364037,C1_severe_atopic_vs_rest
cg01201215,ATOX1,5,151757869,-0.06234644698294904,3.875778118287482e-6,0.01043458677364037,C1_severe_atopic_vs_rest
cg02176951,HMCN1,1,186121752,-0.016916111424665665,3.877928051880156e-6,0.01043458677364037,C1_severe_atopic_vs_rest
cg23478569,CHD7,8,60835163,-0.02724655826034029,3.889318649798707e-6,0.01043458677364037,C1_severe_atopic_vs_rest
cg00582671,SAMD11,1,936855,-0.07785154577422429,3.892981781519731e-6,0.01043458677364037,C1_severe_atopic_vs_rest
cg04229315,CREB3L2,7,137963122,-0.07592781584166612,3.905547188210314e-6,0.01043458677364037,C1_severe_atopic_vs_rest
cg26943037,NA,4,139567579,-0.07614825903318498,3.922761162255783e-6,0.01043458677364037,C1_severe_atopic_vs_rest
cg10711145,PHACTR4,1,28416620,-0.04706172647754491,3.926617740496325e-6,0.01043458677364037,C1_severe_atopic_vs_rest
cg11265882,LCORL,4,18012314,-0.061178753903898146,3.93205854259274e-6,0.01043458677364037,C1_severe_atopic_vs_rest
cg20654602,LINC01140,1,87130366,-0.08518959412624147,3.957327593045569e-6,0.01043458677364037,C1_severe_atopic_vs_rest
cg26323242,USP19,3,49110787,-0.05074622286238704,3.958281484365089e-6,0.01043458677364037,C1_severe_atopic_vs_rest
cg19744478,HK1,10,69358201,-0.03771012826737664,3.9643939246697355e-6,0.01043458677364037,C1_severe_atopic_vs_rest
cg13039199,SLCO3A1,15,92455658,-0.07234160863072613,3.968890353702114e-6,0.01043458677364037,C1_severe_atopic_vs_rest
cg13207340,MTA2,11,62599969,-0.0922437982297649,3.97676709395772e-6,0.01043458677364037,C1_severe_atopic_vs_rest
cg05868473,RASGRP1,15,38559258,-0.044948171056373186,3.990815512048174e-6,0.01043458677364037,C1_severe_atopic_vs_rest
cg00213281,KIF5C,2,148882253,-0.05644641446241863,3.996806374428298e-6,0.01043458677364037,C1_severe_atopic_vs_rest
cg08603125,SRPK1,6,35922420,-0.017694373680448117,4.049734296729783e-6,0.010540921662613358,C1_severe_atopic_vs_rest
cg13077580,EXOG,3,38519192,-0.026205025197862504,4.080471759730116e-6,0.01058903252887177,C1_severe_atopic_vs_rest
cg04907127,EXOC4,7,133575943,-0.06263196056102861,4.131797619656466e-6,0.010635728120282264,C1_severe_atopic_vs_rest
cg08256839,ZNF507,19,32373856,-0.09023863439014713,4.13983492738981e-6,0.010635728120282264,C1_severe_atopic_vs_rest
cg23701314,UBR1,15,43095481,-0.07861402132904156,4.144623059382443e-6,0.010635728120282264,C1_severe_atopic_vs_rest
cg06633463,NA,11,123745703,-0.048591727782794095,4.147696674352571e-6,0.010635728120282264,C1_severe_atopic_vs_rest
cg22747501,CHN2,7,29193860,-0.10454942111760035,4.206718593114649e-6,0.010755160608512455,C1_severe_atopic_vs_rest
cg26548834,FOXK1,7,4713320,0.08935705596188791,4.262214481539449e-6,0.010849929802870226,C1_severe_atopic_vs_rest
cg16530324,NA,17,3921305,-0.069801220810294,4.275766041655964e-6,0.010849929802870226,C1_severe_atopic_vs_rest
cg17285440,CRTC3-AS1,15,90656303,-0.014732163324761991,4.287908741134508e-6,0.010849929802870226,C1_severe_atopic_vs_rest
cg07185592,DENND1B,1,197763875,-0.04079061279086493,4.3061651961729005e-6,0.010849929802870226,C1_severe_atopic_vs_rest
cg07732400,NA,12,122468231,-0.07122696659108675,4.306564033161397e-6,0.010849929802870226,C1_severe_atopic_vs_rest
cg13054523,NA,17,83097977,-0.06702510262207642,4.336060559243307e-6,0.010869296872117537,C1_severe_atopic_vs_rest
cg04340895,COMMD8,4,47461151,-0.01797684754535115,4.34436965367331e-6,0.010869296872117537,C1_severe_atopic_vs_rest
cg25953310,ACAD10,12,112194269,-0.04946741728386674,4.3519852037056765e-6,0.010869296872117537,C1_severe_atopic_vs_rest
cg16500637,CS,12,56291886,-0.05954501262876946,4.3886569678652106e-6,0.010929298836007658,C1_severe_atopic_vs_rest
cg11605972,KIAA1958,9,112556707,-0.06750376962379559,4.4192913867648446e-6,0.010967611100108849,C1_severe_atopic_vs_rest
cg06499166,MTERF3,8,96260340,-0.02389043951580042,4.42942477010756e-6,0.010967611100108849,C1_severe_atopic_vs_rest
cg16737869,MPP1,23,154779310,-0.031559362361878986,4.451118081947851e-6,0.010989835979289713,C1_severe_atopic_vs_rest
cg00987237,MAML3,4,139849422,-0.08760268534684282,4.482868507085403e-6,0.011034478864999227,C1_severe_atopic_vs_rest
cg27402634,NA,3,156819071,-0.04026939181875153,4.494737685592035e-6,0.011034478864999227,C1_severe_atopic_vs_rest
cg26508444,FAM53B,10,124642276,-0.06537814462716181,4.527612333569442e-6,0.011049782717948318,C1_severe_atopic_vs_rest
cg16721883,NA,6,6818283,-0.04809642822405087,4.5279515416135635e-6,0.011049782717948318,C1_severe_atopic_vs_rest
cg01119571,NA,7,135856819,-0.06405149290555244,4.572771078033434e-6,0.011049782717948318,C1_severe_atopic_vs_rest
cg09495207,SLC12A4,16,67944542,-0.05337952379428265,4.581511717640809e-6,0.011049782717948318,C1_severe_atopic_vs_rest
cg24362151,GSTM3,1,109738164,-0.056460148709797035,4.581791283434375e-6,0.011049782717948318,C1_severe_atopic_vs_rest
cg18356280,JARID2,6,15341493,-0.0722529865893468,4.590896458695767e-6,0.011049782717948318,C1_severe_atopic_vs_rest
cg26584983,NA,12,93405199,-0.032082539023389305,4.618150632165608e-6,0.011049782717948318,C1_severe_atopic_vs_rest
cg10485410,EPT1,2,26363567,-0.08591852999418736,4.629372961989384e-6,0.011049782717948318,C1_severe_atopic_vs_rest
cg00756464,NA,5,32123335,-0.043070548625613686,4.636530052415697e-6,0.011049782717948318,C1_severe_atopic_vs_rest
cg25738218,SLC29A1,6,44225676,-0.06691962073864052,4.638439213898838e-6,0.011049782717948318,C1_severe_atopic_vs_rest
cg01596854,EXD3,9,140310081,-0.02533016097713839,4.656763229276274e-6,0.011049782717948318,C1_severe_atopic_vs_rest
cg23178790,FNDC3B,3,172147399,-0.04124046239735689,4.665730542779974e-6,0.011049782717948318,C1_severe_atopic_vs_rest
cg21498475,SLC24A6,12,113299664,-0.08829488027559033,4.668943444363205e-6,0.011049782717948318,C1_severe_atopic_vs_rest
cg12580580,CCDC109A,10,72784301,-0.07735923149558564,4.679987403569145e-6,0.011049782717948318,C1_severe_atopic_vs_rest
cg27093835,FZR1,19,3516819,-0.07118194684796418,4.709392076122351e-6,0.011084993007008105,C1_severe_atopic_vs_rest
cg26607897,CREG1,1,167541602,-0.06905104351436085,4.720555442305269e-6,0.011084993007008105,C1_severe_atopic_vs_rest
cg25415966,CABLES2,20,62389081,-0.05319606157912304,4.734280429481574e-6,0.011087094584545695,C1_severe_atopic_vs_rest
cg11048673,NA,10,88032840,-0.05198544364019096,4.756325004387416e-6,0.011108615581598362,C1_severe_atopic_vs_rest
cg19571408,ADARB1,21,45096124,-0.07752072355101162,4.769250070088286e-6,0.011108778939533511,C1_severe_atopic_vs_rest
cg00584174,HRASLS5,11,63489931,-0.06935123163529686,4.7972519453672306e-6,0.011119395342088775,C1_severe_atopic_vs_rest
cg14776332,SLCO3A1,15,91956210,-0.08472809788616663,4.799542745488193e-6,0.011119395342088775,C1_severe_atopic_vs_rest
cg19052193,TPCN1,12,113222636,-0.07409466737514049,4.821727457909945e-6,0.011140923599486083,C1_severe_atopic_vs_rest
cg03042633,SKI,1,2251926,-0.06654175956022991,4.838425770512267e-6,0.011148871156221148,C1_severe_atopic_vs_rest
cg16599817,PRKCZ,1,2104844,-0.07835806417311107,4.850970147311065e-6,0.011148871156221148,C1_severe_atopic_vs_rest
cg07045119,SLC24A3,20,19213896,-0.05732407572076493,4.868297085345606e-6,0.011149476993086384,C1_severe_atopic_vs_rest
cg13562011,EXD3,9,137414208,-0.062334806642285724,4.888052985421994e-6,0.011149476993086384,C1_severe_atopic_vs_rest
cg19613505,NA,10,45599190,-0.03151383024452901,4.889940404442435e-6,0.011149476993086384,C1_severe_atopic_vs_rest
cg08394239,DSC1,18,31163168,-0.07605487919126823,4.921167201689107e-6,0.011191148630721173,C1_severe_atopic_vs_rest
cg07589211,SOGA1,20,36847227,-0.08172016327734731,4.942789328723496e-6,0.011210817018359756,C1_severe_atopic_vs_rest
cg25500001,NA,10,30828619,-0.09652169972650648,4.963563777356672e-6,0.01122846483070765,C1_severe_atopic_vs_rest
cg08589455,RNASEH2C,11,65489884,-0.06267364997320367,4.984851149231583e-6,0.011245929331132071,C1_severe_atopic_vs_rest
cg04304048,NAV2,11,19682423,-0.018864866248007425,5.006477605676122e-6,0.011245929331132071,C1_severe_atopic_vs_rest
cg14917706,SCARA5,8,27894014,-0.08338343358299885,5.010325489596561e-6,0.011245929331132071,C1_severe_atopic_vs_rest
cg27474641,SBSN,19,35526422,-0.024099795828128174,5.0530142497584605e-6,0.01131236365273905,C1_severe_atopic_vs_rest
cg04308687,FRRS1,1,99766126,-0.09199163210327622,5.0667151569297115e-6,0.011313726191966727,C1_severe_atopic_vs_rest
cg08209849,PGM1,1,63651654,-0.06682126118389513,5.112386978090631e-6,0.011363556073713999,C1_severe_atopic_vs_rest
cg19835792,EPB41L2,6,130884588,-0.02327840027332764,5.115330766664598e-6,0.011363556073713999,C1_severe_atopic_vs_rest
cg27626620,RPS6KA2,6,166758239,-0.08219857837736129,5.1285249817814175e-6,0.011363654153990706,C1_severe_atopic_vs_rest
cg22823122,SH3RF1,4,169112925,-0.022440623435292555,5.148133068152393e-6,0.011377927077007742,C1_severe_atopic_vs_rest
cg10521603,PDE6A,5,149913535,-0.06218334900492235,5.270822744391769e-6,0.01161936738829499,C1_severe_atopic_vs_rest
cg12247535,IKZF2,2,213019487,-0.036965776719825885,5.291172098226243e-6,0.011634546949176601,C1_severe_atopic_vs_rest
cg21825059,LRRC16A,6,25316301,-0.03792228291525712,5.316247729856939e-6,0.011660015503175972,C1_severe_atopic_vs_rest
cg15323433,PPP2R5C,14,101878637,-0.03637744970692998,5.359925443863239e-6,0.011685865163885647,C1_severe_atopic_vs_rest
cg02887723,SULF1,8,70527162,-0.03996039971634827,5.394458586011622e-6,0.011685865163885647,C1_severe_atopic_vs_rest
cg07500885,TTC38,22,46279949,-0.04663265855137011,5.404056012330069e-6,0.011685865163885647,C1_severe_atopic_vs_rest
cg20315954,PMP22,17,15233987,-0.07158383973223166,5.411288925251501e-6,0.011685865163885647,C1_severe_atopic_vs_rest
cg12513294,STIM1,11,3867988,-0.08740276443024159,5.420848117698336e-6,0.011685865163885647,C1_severe_atopic_vs_rest
cg13789639,STIL,1,47280409,-0.06443853385836763,5.421809176035021e-6,0.011685865163885647,C1_severe_atopic_vs_rest
cg07602847,DKFZp761E198,11,65777766,-0.04799158188909539,5.430089458705766e-6,0.011685865163885647,C1_severe_atopic_vs_rest
cg06079621,GDA,9,72121765,-0.05845410673627466,5.436217003353611e-6,0.011685865163885647,C1_severe_atopic_vs_rest
cg13791888,DNM3,1,172402097,-0.02898671396361218,5.4955407592819e-6,0.011784075777208367,C1_severe_atopic_vs_rest
cg18197277,KBTBD4,11,47577434,-0.03771781145962396,5.50925805785295e-6,0.011784248438637976,C1_severe_atopic_vs_rest
cg15889057,ITGB7,12,53208395,-0.032415591096590354,5.5235394479128374e-6,0.011785623854303146,C1_severe_atopic_vs_rest
cg21069258,TGFBR2,3,30614518,0.06170173687785488,5.541954441170446e-6,0.011795790675483555,C1_severe_atopic_vs_rest
cg04992471,NA,3,42900918,-0.08926865419336032,5.595717446313598e-6,0.01188095926945157,C1_severe_atopic_vs_rest
cg22069559,NA,6,36617216,-0.0764716101905073,5.6119939971537415e-6,0.01188311753672033,C1_severe_atopic_vs_rest
cg21591554,OXNAD1,3,16300975,-0.04820802201359644,5.624236329394151e-6,0.01188311753672033,C1_severe_atopic_vs_rest
cg00363153,BRD8,5,138170910,-0.018704821091329017,5.7168148861253796e-6,0.012012156627589393,C1_severe_atopic_vs_rest
cg12627897,KIAA0141,5,141934241,-0.04793528040040126,5.726586949722407e-6,0.012012156627589393,C1_severe_atopic_vs_rest
cg19640654,TMEM181,6,158569205,-0.028189241691803642,5.7270116027814895e-6,0.012012156627589393,C1_severe_atopic_vs_rest
cg13416889,ZNF609,15,64522196,-0.06920016895564543,5.751233557402402e-6,0.012014322658611937,C1_severe_atopic_vs_rest
cg08372315,HTR3A,11,113844382,0.1064512211332413,5.755850337284808e-6,0.012014322658611937,C1_severe_atopic_vs_rest
cg12227872,ITGAM,16,31286902,-0.03908557859709142,5.8007699922763945e-6,0.012062867825340134,C1_severe_atopic_vs_rest
cg22612792,IRS1,2,226767318,-0.04271622316062307,5.807025865057879e-6,0.012062867825340134,C1_severe_atopic_vs_rest
cg00270616,NA,2,7848224,-0.07027979445608289,5.894371331629867e-6,0.012214946702567417,C1_severe_atopic_vs_rest
cg08159047,NA,7,16963188,-0.052652350027351,5.932679373348788e-6,0.012251824494914026,C1_severe_atopic_vs_rest
cg19436514,IFT172,2,27454645,-0.02276452693413266,5.940522574002e-6,0.012251824494914026,C1_severe_atopic_vs_rest
cg02930556,SRPK2,7,105210944,-0.1027886465697907,6.008102148336066e-6,0.012361698780211686,C1_severe_atopic_vs_rest
cg06763032,NRG2,5,139955657,-0.059317594606319676,6.053351414181405e-6,0.012425215513699977,C1_severe_atopic_vs_rest
cg04751006,TEAD4,12,2974969,-0.024025484715589563,6.068559977526544e-6,0.012426915264690802,C1_severe_atopic_vs_rest
cg27637730,RBM33,7,155646225,-0.01876388914925092,6.105700058773936e-6,0.01245223927433862,C1_severe_atopic_vs_rest
cg26694136,GCM1,6,53135015,-0.09585606650103799,6.125699657968828e-6,0.01245223927433862,C1_severe_atopic_vs_rest
cg07428892,CDYL2,16,80620069,-0.07893338319359845,6.1498441136675935e-6,0.01245223927433862,C1_severe_atopic_vs_rest
cg26624628,NA,16,67423760,-0.07127680745340162,6.159361470207344e-6,0.01245223927433862,C1_severe_atopic_vs_rest
cg02970679,EPX,17,58192457,-0.07238093906300341,6.164152191605383e-6,0.01245223927433862,C1_severe_atopic_vs_rest
cg07731272,LINC00945,21,33058783,-0.05199481086830081,6.1673853782863765e-6,0.01245223927433862,C1_severe_atopic_vs_rest
cg12383160,FBXW8,12,117025488,-0.04976933440573649,6.194663318954041e-6,0.012478160131470331,C1_severe_atopic_vs_rest
cg26160660,FBXL17,5,108266441,-0.048361610756772824,6.227352968908424e-6,0.012489362804291445,C1_severe_atopic_vs_rest
cg00569010,PYROXD2,10,98391853,-0.042856273694803326,6.229130255614305e-6,0.012489362804291445,C1_severe_atopic_vs_rest
cg15569123,PXN,12,120254304,-0.06314492044380238,6.288404802570818e-6,0.012579022192016615,C1_severe_atopic_vs_rest
cg03727333,SGMS1,10,50619707,-0.054495398412009365,6.338468458696149e-6,0.012628438935339796,C1_severe_atopic_vs_rest
cg11249390,REPS1,6,138985063,-0.04225444686214616,6.342336183839731e-6,0.012628438935339796,C1_severe_atopic_vs_rest
cg07574908,HECTD4,12,112327845,-0.041827541782921,6.382551090748041e-6,0.01265557320708388,C1_severe_atopic_vs_rest
cg21028473,TMEM182,2,102803983,-0.08426950033918251,6.3852538885387884e-6,0.01265557320708388,C1_severe_atopic_vs_rest
cg14546144,ITPR2,12,26696744,-0.04078455800693465,6.44215244427958e-6,0.01273912796116496,C1_severe_atopic_vs_rest
cg01291780,NA,3,183913388,-0.05925585707995657,6.487690710519093e-6,0.012771227386823509,C1_severe_atopic_vs_rest
cg23912698,ITGAE,17,3753597,-0.020262356322155665,6.487942888306131e-6,0.012771227386823509,C1_severe_atopic_vs_rest
cg26665729,UST,6,148779648,0.10576830643985374,6.570819640563011e-6,0.012892841927797664,C1_severe_atopic_vs_rest
cg03603593,NA,8,29585318,-0.03911689581402928,6.6186384290916295e-6,0.012892841927797664,C1_severe_atopic_vs_rest
cg04825341,NA,9,5587802,-0.04609267879014421,6.620212334324961e-6,0.012892841927797664,C1_severe_atopic_vs_rest
cg02763183,MAPK8IP3,16,1728092,-0.011859786420104611,6.633280275913575e-6,0.012892841927797664,C1_severe_atopic_vs_rest
cg13829849,MAMDC2,9,70120914,-0.030774444486808404,6.638788384063806e-6,0.012892841927797664,C1_severe_atopic_vs_rest
cg22040039,NA,12,111757285,-0.07249368759766157,6.639242468767023e-6,0.012892841927797664,C1_severe_atopic_vs_rest
cg06836909,IDO1,8,39925337,-0.03026250951733808,6.655134981490567e-6,0.01289472691597542,C1_severe_atopic_vs_rest
cg20501911,RHBDF2,17,76483682,0.09158192390928237,6.689210449842971e-6,0.012931755231885242,C1_severe_atopic_vs_rest
cg05040235,NA,15,92869530,-0.04637418969075979,6.711198372128638e-6,0.012945302445695774,C1_severe_atopic_vs_rest
cg01771590,EVADR,6,70397622,-0.07629119250832297,6.794947171588766e-6,0.013077655207623107,C1_severe_atopic_vs_rest
cg07711900,GFOD1,6,13379052,-0.084264576933753485,6.84957488332097e-6,0.013120243128700134,C1_severe_atopic_vs_rest
cg10065736,FBXW8,12,117002315,-0.0796524247580938,6.8511957139693095e-6,0.013120243128700134,C1_severe_atopic_vs_rest
cg08711342,TRAF1,9,120920635,-0.04490357529265517,6.867634690958993e-6,0.013120243128700134,C1_severe_atopic_vs_rest
cg18630390,MAP1LC3B2,12,116996479,-0.0747211297692661,6.883983573851348e-6,0.013120243128700134,C1_severe_atopic_vs_rest
cg09196186,RALGDS,9,133134808,-0.07065834447348365,6.892989173698448e-6,0.013120243128700134,C1_severe_atopic_vs_rest
cg09945570,ATP1A4,1,160164183,-0.07716333539306104,6.947108481867939e-6,0.013172214492068953,C1_severe_atopic_vs_rest
cg15492921,IMPA2,18,11994977,-0.05652931896633004,6.9635139165890915e-6,0.013172214492068953,C1_severe_atopic_vs_rest
cg23201841,ELK4,1,205632985,-0.055959607215567815,6.992235193362191e-6,0.013172214492068953,C1_severe_atopic_vs_rest
cg17138920,GALNT10,5,154285185,-0.05779007437224014,7.001822910130106e-6,0.013172214492068953,C1_severe_atopic_vs_rest
cg21419712,NA,17,77871443,-0.03534411697323644,7.017476044336375e-6,0.013172214492068953,C1_severe_atopic_vs_rest
cg02243276,AZIN1,8,102860750,-0.036478877306651766,7.036878884299004e-6,0.013172214492068953,C1_severe_atopic_vs_rest
cg00709803,WDR73,15,84643257,-0.01097266430215916,7.05489118011392e-6,0.013172214492068953,C1_severe_atopic_vs_rest
cg15566508,NA,10,30818845,-0.06325961661359451,7.059506309051858e-6,0.013172214492068953,C1_severe_atopic_vs_rest
cg07825147,ARHGEF18,19,7397927,-0.07721105399289128,7.079587926254304e-6,0.013172214492068953,C1_severe_atopic_vs_rest
cg01711761,COL15A1,9,98943096,-0.0450950125532952,7.0917171095493385e-6,0.013172214492068953,C1_severe_atopic_vs_rest
cg09827740,NA,3,183913457,-0.0801493500098415,7.1009205690239994e-6,0.013172214492068953,C1_severe_atopic_vs_rest
cg18597415,CLC,19,39738726,-0.05431078328877563,7.107324037106835e-6,0.013172214492068953,C1_severe_atopic_vs_rest
cg00601810,GULP1,2,188496177,-0.060610674867158,7.130843490792702e-6,0.013172214492068953,C1_severe_atopic_vs_rest
cg13765621,CD1D,1,158179438,0.07671457563456882,7.154897661344335e-6,0.013172214492068953,C1_severe_atopic_vs_rest
cg11914761,NA,11,110789859,-0.032184410293345886,7.194234280975734e-6,0.013172214492068953,C1_severe_atopic_vs_rest
cg06894541,NA,2,102182371,-0.02288915452419806,7.194977329996896e-6,0.013172214492068953,C1_severe_atopic_vs_rest
cg20673965,IRGC,19,43715996,-0.05926349344320775,7.204369767922343e-6,0.013172214492068953,C1_severe_atopic_vs_rest
cg02445229,NA,19,4633994,-0.04814644171688174,7.207091130322251e-6,0.013172214492068953,C1_severe_atopic_vs_rest
cg17555715,IL1RL1,2,102336496,-0.06359753612364454,7.209909199710948e-6,0.013172214492068953,C1_severe_atopic_vs_rest
cg09696599,PPP2R5E,14,63478850,-0.03864391238056521,7.232158124089528e-6,0.013184987146093279,C1_severe_atopic_vs_rest
cg21575634,STX2,12,130825872,-0.06286940392563779,7.277228688062416e-6,0.013204560453818202,C1_severe_atopic_vs_rest
cg14147213,MTCL1,18,8797046,-0.03037874319530286,7.2861932624430585e-6,0.013204560453818202,C1_severe_atopic_vs_rest
cg08304867,C3orf20,3,14725261,-0.03129953339555337,7.292079366322941e-6,0.013204560453818202,C1_severe_atopic_vs_rest
cg24541864,AHDC1,1,27542963,-0.07157272283230254,7.323022582941862e-6,0.013204560453818202,C1_severe_atopic_vs_rest
cg00226489,TRDMT1,10,17170032,-0.028743293946953966,7.348089621639979e-6,0.013204560453818202,C1_severe_atopic_vs_rest
cg14164397,CPD,17,30380109,-0.09322745592078838,7.350785424082699e-6,0.013204560453818202,C1_severe_atopic_vs_rest
cg10051213,DOCK8,9,456725,-0.07587257915166304,7.364676359102579e-6,0.013204560453818202,C1_severe_atopic_vs_rest
cg14206516,TNN,1,175130336,-0.05161531763096003,7.388343350435227e-6,0.013204560453818202,C1_severe_atopic_vs_rest
cg11495942,CAPZB,1,19349087,-0.046327566055941696,7.4083539203247065e-6,0.013204560453818202,C1_severe_atopic_vs_rest
cg20417424,ST6GALNAC5,1,76866255,-0.04568896726209432,7.410258955795945e-6,0.013204560453818202,C1_severe_atopic_vs_rest
cg27469152,EPX,17,58204952,-0.07684986265541716,7.42639790124401e-6,0.013204560453818202,C1_severe_atopic_vs_rest
cg24737290,NA,7,128075483,-0.04157697459299664,7.429209708280259e-6,0.013204560453818202,C1_severe_atopic_vs_rest
cg09263768,NA,7,134284206,-0.03765404394109509,7.441539151687973e-6,0.013204560453818202,C1_severe_atopic_vs_rest
cg12483927,RD3,1,211494340,-0.0490643266401453,7.464872773348477e-6,0.013218821182038182,C1_severe_atopic_vs_rest
cg13141812,NAPA,19,47511742,-0.04220562182097021,7.493195073988053e-6,0.01324183948788737,C1_severe_atopic_vs_rest
cg14823363,KLHL21,1,6599306,-0.07165120716232554,7.510915607260271e-6,0.013246066824173832,C1_severe_atopic_vs_rest
cg17110052,ETFB,19,51858208,-0.07603994318779274,7.5800580823726715e-6,0.013340778720974559,C1_severe_atopic_vs_rest
cg18582216,NA,18,20509595,-0.08531721107828143,7.64254223235191e-6,0.013423410884494651,C1_severe_atopic_vs_rest
cg16908770,NA,1,156460721,-0.032736431175249575,7.666073211567563e-6,0.013434379956240677,C1_severe_atopic_vs_rest
cg23876292,LMAN1,18,59357285,-0.05396924570335136,7.679880042380153e-6,0.013434379956240677,C1_severe_atopic_vs_rest
cg17019396,TKT,3,53243733,-0.04598349262395844,7.776782654358165e-6,0.013576408655209933,C1_severe_atopic_vs_rest
cg08805459,AKAP1,17,55187039,-0.052090997707599035,7.844266006802543e-6,0.013666609190141997,C1_severe_atopic_vs_rest
cg23475294,ADAR,1,154609182,-0.051495975644002434,7.87423654327297e-6,0.013691221845759403,C1_severe_atopic_vs_rest
cg12727576,PDZD8,10,117322742,-0.031555875258886784,7.901456598912533e-6,0.013710962897316192,C1_severe_atopic_vs_rest
cg11514604,NA,11,123030339,-0.02108184429773056,7.935726200444225e-6,0.013742833001134824,C1_severe_atopic_vs_rest
cg15438481,PRKCA,17,66503378,-0.03198797898626585,7.988652525443764e-6,0.01380682011433456,C1_severe_atopic_vs_rest
cg05411638,IARS,9,92266636,-0.02006496117430477,8.112711813151199e-6,0.013993245785944582,C1_severe_atopic_vs_rest
cg04374959,C17orf74,17,7425266,-0.03563805536915321,8.148545873433289e-6,0.0140166655162049,C1_severe_atopic_vs_rest
cg08529933,NA,20,51374154,-0.07122604841825639,8.158729893179747e-6,0.0140166655162049,C1_severe_atopic_vs_rest
cg16673806,KDM3B,5,138436183,-0.03451502440147742,8.196440400655125e-6,0.014053512629180413,C1_severe_atopic_vs_rest
cg10177753,AFF1,4,86972870,-0.0635682459901633,8.24673743637949e-6,0.014111751780440019,C1_severe_atopic_vs_rest
cg11896104,KLF1,19,12887621,-0.040179584633570443,8.263837330385946e-6,0.01411306631764363,C1_severe_atopic_vs_rest
cg09147843,RBL2,16,53433700,-0.07893128266932717,8.319751059316014e-6,0.014180531592524758,C1_severe_atopic_vs_rest
cg11891609,SF3B1,2,197400416,-0.01751395465933876,8.343821564664264e-6,0.0141935631747003,C1_severe_atopic_vs_rest
cg07910043,LRRC8C,1,89701849,-0.05756045426162736,8.38083495462024e-6,0.01421321484588153,C1_severe_atopic_vs_rest
cg19965042,CEP152,15,48809654,-0.08089107172353599,8.390591772971848e-6,0.01421321484588153,C1_severe_atopic_vs_rest
cg01063615,TAF15,17,35811789,-0.07346749342933798,8.416721945442507e-6,0.01421321484588153,C1_severe_atopic_vs_rest
cg06420033,ASH2L,8,38106402,-0.04880596880484546,8.421164333463723e-6,0.01421321484588153,C1_severe_atopic_vs_rest
cg04895895,C1orf198,1,230870149,-0.04678124116427155,8.439858015334719e-6,0.014216998408708631,C1_severe_atopic_vs_rest
cg17526357,ANKFY1,17,4209203,-0.05208324816941003,8.499333237737747e-6,0.01425849476372462,C1_severe_atopic_vs_rest
cg24113274,RYBP,3,72437995,-0.021832152790058908,8.51218300359389e-6,0.01425849476372462,C1_severe_atopic_vs_rest
cg01295798,LINC01146,14,88036161,-0.052475324539184236,8.513992096392653e-6,0.01425849476372462,C1_severe_atopic_vs_rest
cg22164921,NA,5,103374699,-0.06385820479317815,8.542366512348725e-6,0.014260564184105666,C1_severe_atopic_vs_rest
cg22194129,CLEC4C,12,7749065,-0.0784465889468866,8.557570304714786e-6,0.014260564184105666,C1_severe_atopic_vs_rest
cg14556243,GAPVD1,9,125345705,-0.08805693181641833,8.564734921114389e-6,0.014260564184105666,C1_severe_atopic_vs_rest
cg08109336,PSMA2,7,42925227,-0.06859461361963413,8.584200760079345e-6,0.014265488952354011,C1_severe_atopic_vs_rest
cg18161208,BDH1,3,197512824,-0.059942664975508736,8.654635930251389e-6,0.01435493464183992,C1_severe_atopic_vs_rest
cg07788158,RGS9,17,65174255,-0.04901266205416815,8.688044082543553e-6,0.014367939857126116,C1_severe_atopic_vs_rest
cg17568131,MEMO1,2,31999070,-0.03923040168390297,8.702750229682818e-6,0.014367939857126116,C1_severe_atopic_vs_rest
cg07174195,CLNK,4,10520578,-0.02791651976039648,8.71235672096354e-6,0.014367939857126116,C1_severe_atopic_vs_rest
cg23473561,AHNAK,11,62230113,-0.06951854413317103,8.767015052117323e-6,0.01441676772484442,C1_severe_atopic_vs_rest
cg03502211,MAPK13,6,36140335,-0.06444806767536068,8.788988573474576e-6,0.01441676772484442,C1_severe_atopic_vs_rest
cg23202870,NA,17,55167857,-0.05697798740679128,8.803888919013112e-6,0.01441676772484442,C1_severe_atopic_vs_rest
cg04911830,FAR1,11,13687286,-0.03852400878678085,8.813362101089175e-6,0.01441676772484442,C1_severe_atopic_vs_rest
cg05159759,C8orf37-AS1,8,95408156,-0.06344505912111414,8.825380403496952e-6,0.01441676772484442,C1_severe_atopic_vs_rest
cg00152942,CPNE2,16,57091843,-0.04815776688192396,8.870054761512997e-6,0.014452541898634633,C1_severe_atopic_vs_rest
cg18444544,RHOBTB2,8,22995228,0.08884194084629689,8.880729024725963e-6,0.014452541898634633,C1_severe_atopic_vs_rest
cg25794430,CMIP,16,81524485,-0.0937611745179478,8.918480233992086e-6,0.0144691491878832,C1_severe_atopic_vs_rest
cg03651219,NA,10,5534517,-0.0684971925163813,8.924421302203484e-6,0.0144691491878832,C1_severe_atopic_vs_rest
cg20006581,TOM1,22,35316365,-0.06583230528529198,8.980931650706587e-6,0.01450895580003961,C1_severe_atopic_vs_rest
cg15901933,FCER2,19,7702680,0.062095577912409904,9.000657918742844e-6,0.01450895580003961,C1_severe_atopic_vs_rest
cg06229641,NA,8,19705036,0.08314158608014476,9.017426372781467e-6,0.01450895580003961,C1_severe_atopic_vs_rest
cg11392833,URI1,19,29941201,-0.09274282087027236,9.047694993767082e-6,0.01450895580003961,C1_severe_atopic_vs_rest
cg21741284,CDKN1C,11,2886806,-0.07870516116649483,9.078471876948726e-6,0.01450895580003961,C1_severe_atopic_vs_rest
cg16664523,PIK3R1,5,68290342,-0.059099109938319204,9.084804361502504e-6,0.01450895580003961,C1_severe_atopic_vs_rest
cg22930140,NA,1,211584630,-0.018836052280128503,9.092714599109658e-6,0.01450895580003961,C1_severe_atopic_vs_rest
cg04374632,COL15A1,9,98943058,-0.02584370636155371,9.103851866386622e-6,0.01450895580003961,C1_severe_atopic_vs_rest
cg16209064,NA,4,186845437,-0.02261420224696492,9.116214240629427e-6,0.01450895580003961,C1_severe_atopic_vs_rest
cg01156920,NA,8,67381196,-0.10206981006816128,9.11687179966199e-6,0.01450895580003961,C1_severe_atopic_vs_rest
cg19027130,SREBF2,22,41846378,-0.07016562301230865,9.17546662163845e-6,0.01457536366180535,C1_severe_atopic_vs_rest
cg15767361,NA,10,93078210,-0.03768781753787652,9.21184427099036e-6,0.014606300276082314,C1_severe_atopic_vs_rest
cg24566538,RCBTB2,13,48534491,-0.03343162521108732,9.240744334015852e-6,0.014610749676241805,C1_severe_atopic_vs_rest
cg09759390,NA,7,25028743,-0.08410337097529645,9.264086714968593e-6,0.014610749676241805,C1_severe_atopic_vs_rest
cg04288063,ELDR,7,55255956,-0.07124567921026081,9.265373247507971e-6,0.014610749676241805,C1_severe_atopic_vs_rest
cg15402009,NA,6,139516582,-0.06889863657013305,9.348364214893555e-6,0.014689168391891135,C1_severe_atopic_vs_rest
cg19434937,LPCAT3,12,6996092,-0.08598155345637735,9.388957704309864e-6,0.014689168391891135,C1_severe_atopic_vs_rest
cg01115938,NA,8,86512666,-0.07236545250623264,9.392679623034901e-6,0.014689168391891135,C1_severe_atopic_vs_rest
cg23414568,CACUL1,10,118735538,-0.05252873270768087,9.400799703956288e-6,0.014689168391891135,C1_severe_atopic_vs_rest
cg06736444,LOC100128788,16,2751792,-0.0780296525779606,9.403983726044579e-6,0.014689168391891135,C1_severe_atopic_vs_rest
cg12419482,P2RY2,11,73222237,-0.07296725244562433,9.417092466496275e-6,0.014689168391891135,C1_severe_atopic_vs_rest
cg17700352,ERN1,17,64091377,-0.06046742846901932,9.436380714901153e-6,0.014692733815393263,C1_severe_atopic_vs_rest
cg12235672,USP7,16,8956453,-0.045557755609149764,9.480426389573352e-6,0.014727907045833924,C1_severe_atopic_vs_rest
cg21664942,C19orf47,19,40331377,-0.0777131205922711,9.5078923848896e-6,0.014727907045833924,C1_severe_atopic_vs_rest
cg24028828,CS,12,56301148,-0.04222817229754529,9.510100227246282e-6,0.014727907045833924,C1_severe_atopic_vs_rest
cg20625042,C1orf21,1,184463865,-0.07445279037113971,9.552888018822577e-6,0.014767705343902624,C1_severe_atopic_vs_rest
cg15205884,DEF6,6,35319067,-0.04913620150156623,9.592913021639198e-6,0.014803098166920636,C1_severe_atopic_vs_rest
cg12565635,AGR2,7,16805707,-0.07145104292380491,9.61673382901452e-6,0.014813404227826302,C1_severe_atopic_vs_rest
cg18828546,NA,18,55858093,-0.031037464199277137,9.652876855288457e-6,0.0148426207121908,C1_severe_atopic_vs_rest
cg00390941,PDE6H,12,15124659,-0.03440250748688163,9.675287287057838e-6,0.014850655168180469,C1_severe_atopic_vs_rest
cg19071507,NA,2,70005437,-0.030314977199424244,9.697872025097704e-6,0.014856613553976243,C1_severe_atopic_vs_rest
cg24829718,TTLL5,14,75871549,-0.05344017147331056,9.73282269484676e-6,0.014856613553976243,C1_severe_atopic_vs_rest
cg01006898,NA,7,131798514,-0.11030177111378717,9.739255872735852e-6,0.014856613553976243,C1_severe_atopic_vs_rest
cg03837359,IL34,16,70614474,-0.055241750490218545,9.762830303888726e-6,0.014856613553976243,C1_severe_atopic_vs_rest
cg18093278,NA,6,110813082,-0.08846618445467185,9.77211854573549e-6,0.014856613553976243,C1_severe_atopic_vs_rest
cg05473599,GMCL1P1,5,177613806,-0.08387215249136978,9.782321989895854e-6,0.014856613553976243,C1_severe_atopic_vs_rest
cg04141008,CREBBP,16,3793231,-0.07601406057496286,9.94392039424139e-6,0.015075541572849975,C1_severe_atopic_vs_rest
cg18079500,NA,1,156760882,-0.07126746643390681,1.0029129620957681e-5,0.015178095306847323,C1_severe_atopic_vs_rest
cg14117091,NA,20,32342402,-0.03909429174294949,1.0071001412669798e-5,0.015190522879504974,C1_severe_atopic_vs_rest
cg11958476,NA,17,73182764,-0.03066652707048302,1.0072498368292094e-5,0.015190522879504974,C1_severe_atopic_vs_rest
cg08104736,PAK2,3,196778915,-0.048489043812344264,1.0123030383331027e-5,0.015217933802094826,C1_severe_atopic_vs_rest
cg01139080,PCYT1A,3,196247478,-0.08582226559572634,1.013087970083433e-5,0.015217933802094826,C1_severe_atopic_vs_rest
cg07352016,FECH,18,57583336,-0.02971711857576996,1.015000408534596e-5,0.015217933802094826,C1_severe_atopic_vs_rest
cg14380858,ARHGEF7,13,111165479,-0.03944522327275968,1.0161114947149014e-5,0.015217933802094826,C1_severe_atopic_vs_rest
cg12819536,SEMA3B,3,50271644,-0.056759249443756085,1.019512440605941e-5,0.015236831510899829,C1_severe_atopic_vs_rest
cg02385125,PC,11,66876604,-0.0449102017838314,1.0225682025369342e-5,0.015236831510899829,C1_severe_atopic_vs_rest
cg21120951,PET112L,4,152611527,-0.06238815210864055,1.0226629431305952e-5,0.015236831510899829,C1_severe_atopic_vs_rest
cg09899402,NA,6,105898336,-0.046752550406528516,1.0311784964897175e-5,0.015337262652299179,C1_severe_atopic_vs_rest
cg19928703,SLC7A1,13,30143971,-0.09690183078784541,1.0367450674124178e-5,0.01539356225935697,C1_severe_atopic_vs_rest
cg20683207,KIAA1549,7,138898447,0.048191165744282616,1.0462339999757451e-5,0.015446090724800078,C1_severe_atopic_vs_rest
cg15932350,TPST1,7,66353698,-0.06561330975811258,1.0464447601867808e-5,0.015446090724800078,C1_severe_atopic_vs_rest
cg01321208,HECTD2,10,91423141,-0.040990950495556164,1.0464925549735805e-5,0.015446090724800078,C1_severe_atopic_vs_rest
cg15016750,NA,1,21803890,-0.07423750215758142,1.0474325309358591e-5,0.015446090724800078,C1_severe_atopic_vs_rest
cg05302585,UHRF2,9,6441357,-0.07275825080599872,1.0506721026494306e-5,0.015467468464202909,C1_severe_atopic_vs_rest
cg16071782,PAPOLA,14,96565623,-0.06776128800131549,1.0538924974130306e-5,0.015480006954253072,C1_severe_atopic_vs_rest
cg19930190,CPD,17,30426540,-0.0498087726850054,1.0562927767251116e-5,0.015480006954253072,C1_severe_atopic_vs_rest
cg00414077,C20orf118,20,36876108,-0.0959216140810152,1.0610677892005742e-5,0.015480006954253072,C1_severe_atopic_vs_rest
cg19269111,STUB1,16,681417,-0.04518337731388681,1.0618017813362719e-5,0.015480006954253072,C1_severe_atopic_vs_rest
cg08868330,ZNF699,19,9306466,-0.02858405159405867,1.0639742453576444e-5,0.015480006954253072,C1_severe_atopic_vs_rest
cg15568827,PLEKHM3,2,208013996,-0.05345964409642314,1.064571833184839e-5,0.015480006954253072,C1_severe_atopic_vs_rest
cg11310939,MARCH3,5,126921424,-0.0680753291566441,1.0646356756406417e-5,0.015480006954253072,C1_severe_atopic_vs_rest
cg23544996,ATP11B,3,182514833,-0.029825937250116657,1.0658546341130468e-5,0.015480006954253072,C1_severe_atopic_vs_rest
cg04933530,NA,14,76953411,-0.08739525871382431,1.0682125754034278e-5,0.015486166137648538,C1_severe_atopic_vs_rest
cg19722706,BTBD1,15,83064225,-0.06479959949859679,1.0698716932269793e-5,0.015486166137648538,C1_severe_atopic_vs_rest
cg13403259,NA,9,120383606,-0.04103774360375615,1.0716549114407912e-5,0.015486166137648538,C1_severe_atopic_vs_rest
cg17832605,IFT80,3,160331192,-0.047404341536674964,1.0755090436579313e-5,0.015515914709433868,C1_severe_atopic_vs_rest
cg21128206,PIP5K1B,9,68795029,-0.03985905072085126,1.0784248030760697e-5,0.015530476210405118,C1_severe_atopic_vs_rest
cg04033464,RUSC2,9,35515685,-0.042796134818795,1.0801127813687264e-5,0.015530476210405118,C1_severe_atopic_vs_rest
cg17492104,TUBA1C,12,49256218,-0.011357934330605227,1.0842068621411332e-5,0.015563447314501403,C1_severe_atopic_vs_rest
cg15438839,TBC1D10A,22,30309956,-0.08147800048186918,1.0908152142036003e-5,0.01560004304772859,C1_severe_atopic_vs_rest
cg20728419,USP47,11,11887055,-0.02097123475296375,1.091205920781131e-5,0.01560004304772859,C1_severe_atopic_vs_rest
cg18783495,IL1RN,2,113119227,-0.08108745438160804,1.0921719840810177e-5,0.01560004304772859,C1_severe_atopic_vs_rest
cg15979123,TFB1M,6,155311241,-0.05151680054859833,1.0949176640615871e-5,0.015600205589721867,C1_severe_atopic_vs_rest
cg15813528,PTPRJ,11,48006747,-0.07998444222628488,1.0973255032081838e-5,0.015600205589721867,C1_severe_atopic_vs_rest
cg05960102,LINC01146,14,88036144,-0.044041861651568995,1.0975991490560568e-5,0.015600205589721867,C1_severe_atopic_vs_rest
cg25377923,PFDN1,5,140302059,-0.047743828580821025,1.0997592364876838e-5,0.015605240455325204,C1_severe_atopic_vs_rest
cg11422446,ELMO1,7,37394413,-0.07975681435489253,1.10195879543338e-5,0.015610817983464692,C1_severe_atopic_vs_rest
cg19210893,PDCL,9,122826943,-0.07091230192024056,1.103998534651686e-5,0.015611092698164759,C1_severe_atopic_vs_rest
cg07490273,NA,20,11432574,-0.08287924503784261,1.1143120551801328e-5,0.015611092698164759,C1_severe_atopic_vs_rest
cg05977485,MICU1,10,72524611,-0.04923890472614023,1.1160593041102056e-5,0.015611092698164759,C1_severe_atopic_vs_rest
cg16153652,TMEM203,9,137206742,-0.04877725500507622,1.1188817847765556e-5,0.015611092698164759,C1_severe_atopic_vs_rest
cg08810881,LINC00888,3,183450887,-0.014936066657486103,1.1192798590149427e-5,0.015611092698164759,C1_severe_atopic_vs_rest
cg13677289,NA,9,98805366,-0.01512687554377297,1.1221845404882008e-5,0.015611092698164759,C1_severe_atopic_vs_rest
cg10055846,NA,8,21670177,-0.07981756266537955,1.1230868019583958e-5,0.015611092698164759,C1_severe_atopic_vs_rest
cg25554117,NA,4,152064246,-0.0535684030864457,1.1231341454113136e-5,0.015611092698164759,C1_severe_atopic_vs_rest
cg07934591,NA,9,19154871,-0.06646509380253769,1.1237139617354598e-5,0.015611092698164759,C1_severe_atopic_vs_rest
cg07328369,NA,9,21413719,0.10640306857292667,1.124108203130714e-5,0.015611092698164759,C1_severe_atopic_vs_rest
cg18906596,ANKFY1,17,4248178,-0.06301767334865867,1.124115818333035e-5,0.015611092698164759,C1_severe_atopic_vs_rest
cg10891939,MIER3,5,56942549,-0.013078005680611295,1.124535197056054e-5,0.015611092698164759,C1_severe_atopic_vs_rest
cg20805961,NA,1,90896084,-0.032577760151803546,1.1254629684310913e-5,0.015611092698164759,C1_severe_atopic_vs_rest
cg08769918,NAA30,14,57405693,-0.024238530604471138,1.1377229247911727e-5,0.01575451610842816,C1_severe_atopic_vs_rest
cg08035836,NA,18,11944947,-0.06558397745636022,1.1396948208897052e-5,0.01575451610842816,C1_severe_atopic_vs_rest
cg02932233,DISC1,1,231986811,-0.04155673933950112,1.1417754700222329e-5,0.01575451610842816,C1_severe_atopic_vs_rest
cg02307266,LINC01531,19,35405576,-0.062740156612953707,1.1430953813662938e-5,0.01575451610842816,C1_severe_atopic_vs_rest
cg09485632,PIK3R1,5,68264316,-0.029868632759003828,1.1504592078923997e-5,0.01583075836653874,C1_severe_atopic_vs_rest
cg09406856,LRIG1,3,66441439,-0.07513599055432149,1.1574549522453515e-5,0.01590170130195111,C1_severe_atopic_vs_rest
cg13557069,THADA,2,43595507,-0.063754489797390193,1.1597509524877061e-5,0.01590795404911359,C1_severe_atopic_vs_rest
cg06207917,TMCC2,1,205255831,-0.04269091483986644,1.1669296659103535e-5,0.015965144905919375,C1_severe_atopic_vs_rest
cg06592575,FECH,18,57583347,-0.054962893102095844,1.1679685703039579e-5,0.015965144905919375,C1_severe_atopic_vs_rest
cg19396390,FOXK1,7,4688111,-0.05255598668524321,1.1696225815775275e-5,0.015965144905919375,C1_severe_atopic_vs_rest
cg03248459,NA,6,15107234,-0.04553584977843732,1.1713103563207495e-5,0.015965144905919375,C1_severe_atopic_vs_rest
cg01047262,STAR,8,38149507,-0.05961783998799153,1.1768157286279742e-5,0.01601492386654049,C1_severe_atopic_vs_rest
cg14176303,SH3BP5-AS1,3,15261861,-0.023421734292678405,1.1795473309474826e-5,0.01602685825680706,C1_severe_atopic_vs_rest
cg16230982,PDE7A,8,65789984,-0.026175859980019027,1.1893231376013937e-5,0.016134316609176132,C1_severe_atopic_vs_rest
cg11238327,RAB11FIP4,17,31510056,-0.09393605984021072,1.193334401776297e-5,0.016163359090341545,C1_severe_atopic_vs_rest
cg16656041,ZHX2,8,122810252,-0.037798539792226964,1.1990766220428355e-5,0.016176092761849777,C1_severe_atopic_vs_rest
cg09970941,DCI,16,2252518,-0.027362933120262337,1.1994570463723123e-5,0.016176092761849777,C1_severe_atopic_vs_rest
cg03766495,KBTBD4,11,47577508,-0.04407002761318641,1.2008404597278079e-5,0.016176092761849777,C1_severe_atopic_vs_rest
cg14926805,TMPRSS4-AS1,11,118061102,0.024999539807238003,1.2033315901427462e-5,0.016176092761849777,C1_severe_atopic_vs_rest
cg15421034,EPB41,1,29033210,-0.07184418497351375,1.205015740075621e-5,0.016176092761849777,C1_severe_atopic_vs_rest
cg08694835,MIPEP,13,23866476,-0.08850216302003588,1.2058973784957833e-5,0.016176092761849777,C1_severe_atopic_vs_rest
cg10330847,NA,3,141312873,-0.01621282163050331,1.2098536006740249e-5,0.016176092761849777,C1_severe_atopic_vs_rest
cg26987281,DAPK2,15,64013716,-0.06052654733695833,1.2106241874569719e-5,0.016176092761849777,C1_severe_atopic_vs_rest
cg23889015,MECR,1,29202570,-0.04320195560470585,1.2111216564813605e-5,0.016176092761849777,C1_severe_atopic_vs_rest
cg21466096,CLIP1,12,122341397,-0.0386265165552819,1.2161048548178606e-5,0.01621758398920623,C1_severe_atopic_vs_rest
cg08922698,TGFB3,14,75981300,-0.07515238423697157,1.220622820863252e-5,0.016234692459145886,C1_severe_atopic_vs_rest
cg27604999,NA,12,48160464,-0.015136636622774622,1.2211451340093904e-5,0.016234692459145886,C1_severe_atopic_vs_rest
cg01043901,NA,13,42487542,-0.02875968945241316,1.2316495134972328e-5,0.016337004751524525,C1_severe_atopic_vs_rest
cg18182820,ACSL1,4,184791087,-0.046139405609771686,1.2326219343349307e-5,0.016337004751524525,C1_severe_atopic_vs_rest
cg27341747,NA,6,126054670,-0.06379799899494744,1.2404588450920832e-5,0.016375628528178917,C1_severe_atopic_vs_rest
cg13793407,DLGAP1,18,3721324,-0.060010482061759705,1.2441840376055931e-5,0.016375628528178917,C1_severe_atopic_vs_rest
cg08316097,MIEF1,22,39501660,-0.07045510572635856,1.2443983088717275e-5,0.016375628528178917,C1_severe_atopic_vs_rest
cg08710349,COLGALT2,1,183932365,-0.03029512857438917,1.2457879471522727e-5,0.016375628528178917,C1_severe_atopic_vs_rest
cg20493175,GATAD2A,19,19488738,-0.07055003445476504,1.246473948316799e-5,0.016375628528178917,C1_severe_atopic_vs_rest
cg17907888,URI1,19,29941221,-0.06851418602491428,1.2473905195096378e-5,0.016375628528178917,C1_severe_atopic_vs_rest
cg15715852,MSI2,17,57612922,-0.08659768216604583,1.2508659488528047e-5,0.016375628528178917,C1_severe_atopic_vs_rest
cg20893283,CTNNBL1,20,37711986,-0.06458061328918392,1.2514869574691068e-5,0.016375628528178917,C1_severe_atopic_vs_rest
cg01367852,PLCXD2,3,111712576,-0.07854243607202106,1.2525910322635675e-5,0.016375628528178917,C1_severe_atopic_vs_rest
cg11007667,ZNRF1,16,75062776,-0.06572551732302849,1.257603997047882e-5,0.0163836903870758,C1_severe_atopic_vs_rest
cg18031951,NA,14,22699226,-0.03750720488011671,1.2594186195538215e-5,0.0163836903870758,C1_severe_atopic_vs_rest
cg02756198,NA,12,43339680,-0.0490873935991615,1.2607914009810087e-5,0.0163836903870758,C1_severe_atopic_vs_rest
cg10279452,NA,3,72460071,-0.07189113511523657,1.2727620133432505e-5,0.01651441200232127,C1_severe_atopic_vs_rest
cg05755378,NA,17,59419036,-0.06499657734942244,1.2749802173234377e-5,0.01651839137571939,C1_severe_atopic_vs_rest
cg21577213,NA,1,204388533,-0.06849120200295573,1.282920780067148e-5,0.016596385597853085,C1_severe_atopic_vs_rest
cg09566021,CREBBP,16,3793242,-0.09729425511222697,1.288881230879125e-5,0.016648569408470218,C1_severe_atopic_vs_rest
cg09332506,COPA,1,160339430,-0.047697165492992175,1.2945295363789076e-5,0.016696571461506056,C1_severe_atopic_vs_rest
cg08750078,NA,4,77083235,-0.06235752709402835,1.2974808280185871e-5,0.016709696758478658,C1_severe_atopic_vs_rest
cg03585110,SGMS1,10,50504012,-0.08644083623431434,1.3016197073094148e-5,0.01673805466236377,C1_severe_atopic_vs_rest
cg16394775,RALGPS2,1,178724479,-0.019779873481539992,1.3073589605655393e-5,0.016743432605561364,C1_severe_atopic_vs_rest
cg20938555,GEMIN4,17,750368,-0.04066468966117543,1.3074249755373879e-5,0.016743432605561364,C1_severe_atopic_vs_rest
cg06839111,SLC12A4,16,67944547,-0.05150225216679164,1.3079015811547602e-5,0.016743432605561364,C1_severe_atopic_vs_rest
cg19862344,RHAG,6,49637468,-0.01686379940692849,1.3100624505515943e-5,0.016743432605561364,C1_severe_atopic_vs_rest
cg06710259,NA,5,56480014,-0.09080196431464312,1.3125988146749085e-5,0.016743432605561364,C1_severe_atopic_vs_rest
cg06562292,TMEM220,17,10628810,-0.028598074152627242,1.314191601508416e-5,0.016743432605561364,C1_severe_atopic_vs_rest
cg27442349,SIRT2,19,38898579,-0.0452005046706519,1.317671546590315e-5,0.016743432605561364,C1_severe_atopic_vs_rest
cg27550672,MTCL1,18,8720397,-0.06571203579087281,1.3184510615265002e-5,0.016743432605561364,C1_severe_atopic_vs_rest
cg17116500,RNF41,12,56206438,-0.036395541382040764,1.3199809391382232e-5,0.016743432605561364,C1_severe_atopic_vs_rest
cg01822179,LOC101060091,2,113848945,-0.05921545530950632,1.3214134824652203e-5,0.016743432605561364,C1_severe_atopic_vs_rest
cg15579574,MICAL2,11,12159062,-0.03974556942388697,1.3235456176413372e-5,0.016745894474026305,C1_severe_atopic_vs_rest
cg19212823,NA,23,48083964,-0.038027254450275404,1.3272618865553585e-5,0.01676836277471617,C1_severe_atopic_vs_rest
cg09469170,NA,3,52775926,-0.07624476183548497,1.3354063508915894e-5,0.0168403175403594,C1_severe_atopic_vs_rest
cg18887742,NEK7,1,198188169,-0.04401209162716574,1.3368548395058447e-5,0.0168403175403594,C1_severe_atopic_vs_rest
cg03119748,CAMK1D,10,12629812,-0.06032381073651718,1.341830119709749e-5,0.016878386922960977,C1_severe_atopic_vs_rest
cg07410597,SLC25A26,3,66353705,-0.053286565725812536,1.3490452519102384e-5,0.016944478961173494,C1_severe_atopic_vs_rest
cg14184646,NCK1,3,136899297,-0.03777025896404253,1.3535942717516573e-5,0.016976940451708826,C1_severe_atopic_vs_rest
cg03726490,PLK2,5,58456295,-0.06569557701149197,1.3558275196251573e-5,0.016980305257088678,C1_severe_atopic_vs_rest
cg26011752,PIK3R3,1,46084937,-0.037140466966460145,1.3580292772478106e-5,0.016983266512188858,C1_severe_atopic_vs_rest
cg21306887,NA,22,36884246,-0.03970455045393523,1.3658961725766463e-5,0.017056964007578817,C1_severe_atopic_vs_rest
cg14362073,TBC1D9B,5,179906851,-0.06567721743644281,1.3717440301555716e-5,0.01710527196460314,C1_severe_atopic_vs_rest
cg16214290,DESI1,22,41598244,-0.06115032241611615,1.3758199205999453e-5,0.01713137659980236,C1_severe_atopic_vs_rest
cg12396412,ARHGAP10,4,147814416,-0.04696377775710343,1.3787372279187705e-5,0.01714300047453901,C1_severe_atopic_vs_rest
cg05112948,GALNT7,4,173268285,-0.04941399609141197,1.390209044170335e-5,0.017260803533590278,C1_severe_atopic_vs_rest
cg18025812,NA,6,87932516,-0.020444730543858453,1.3957839350900324e-5,0.017305157519023267,C1_severe_atopic_vs_rest
cg09227882,ARHGDIB,12,14951114,-0.052958388969009326,1.4005528267060989e-5,0.017339405820970325,C1_severe_atopic_vs_rest
cg11262246,DNAJC3,13,95754048,-0.0559891798837371,1.4114092789721882e-5,0.017419703235594355,C1_severe_atopic_vs_rest
cg16812352,ADCY9,16,3999854,-0.019642946678550634,1.4126837945946134e-5,0.017419703235594355,C1_severe_atopic_vs_rest
cg12198633,KLHL24,3,183640879,-0.04655194544605895,1.414306598592565e-5,0.017419703235594355,C1_severe_atopic_vs_rest
cg22221575,PCYT1A,3,196238498,-0.06494173616437583,1.4156646333847411e-5,0.017419703235594355,C1_severe_atopic_vs_rest
cg00498869,MAP3K8,10,30447366,-0.05527825063928072,1.4171177494957868e-5,0.017419703235594355,C1_severe_atopic_vs_rest
cg22292738,NA,9,91163792,-0.05570252405334394,1.4213106980550743e-5,0.017436196528594714,C1_severe_atopic_vs_rest
cg12004076,CD9,12,6235502,-0.07347314028702645,1.4231812375914263e-5,0.017436196528594714,C1_severe_atopic_vs_rest
cg15697091,DYRK1A,21,37413998,-0.05470069973813502,1.4245126724451101e-5,0.017436196528594714,C1_severe_atopic_vs_rest
cg25887788,LINC01359,1,64983364,-0.038647723724900614,1.4375067321137187e-5,0.01755009762602794,C1_severe_atopic_vs_rest
cg18592964,CAST,5,96715772,-0.04304220435444514,1.4378800395332974e-5,0.01755009762602794,C1_severe_atopic_vs_rest
cg17822373,TMEM130,7,98867579,-0.06722374758237924,1.4470587186760376e-5,0.01763721700791728,C1_severe_atopic_vs_rest
cg02979987,USP32,17,60382229,-0.05356460611336747,1.4608518223067662e-5,0.01775879071123713,C1_severe_atopic_vs_rest
cg20178107,NA,7,41874547,-0.08923769051455097,1.4611434326009315e-5,0.01775879071123713,C1_severe_atopic_vs_rest
cg07914457,NR0B2,1,26915362,-0.05205149850300428,1.4642487186708723e-5,0.017759779030834717,C1_severe_atopic_vs_rest
cg22882506,ITPRIP,10,104333960,-0.04569926439929239,1.465335085608221e-5,0.017759779030834717,C1_severe_atopic_vs_rest
cg04481650,RHBDF2,17,76483854,0.10476118470283091,1.4727905570154657e-5,0.017804664185609786,C1_severe_atopic_vs_rest
cg05421366,ZC3H7B,22,41311687,-0.05110626638020748,1.4731592234596455e-5,0.017804664185609786,C1_severe_atopic_vs_rest
cg11543304,SMURF1,7,99131920,-0.04395178960747382,1.4888171811388547e-5,0.017958499105630247,C1_severe_atopic_vs_rest
cg16144395,NA,18,57628686,-0.08723630601012591,1.4900438648220323e-5,0.017958499105630247,C1_severe_atopic_vs_rest
cg13816799,DST,6,56939492,-0.028339480354703874,1.4932384960456065e-5,0.017971936390456866,C1_severe_atopic_vs_rest
cg09012511,LRIG1,3,66439056,-0.07379370250799336,1.4956597141412994e-5,0.017973063773201868,C1_severe_atopic_vs_rest
cg01070907,NA,14,100218096,-0.026132516956021805,1.5001978808494931e-5,0.017973063773201868,C1_severe_atopic_vs_rest
cg10411910,NA,22,36417311,-0.04846536329690652,1.5008717634924588e-5,0.017973063773201868,C1_severe_atopic_vs_rest
cg23434083,NA,12,120532822,-0.06646884317414221,1.5023430945207994e-5,0.017973063773201868,C1_severe_atopic_vs_rest
cg00764582,EP400,12,131980410,-0.05571815721105554,1.5037314162352168e-5,0.017973063773201868,C1_severe_atopic_vs_rest
cg06319505,UBAP1,9,34222186,-0.07308494872676757,1.5073306837324962e-5,0.017991199240453094,C1_severe_atopic_vs_rest
cg17006098,RAB11FIP4,17,31495768,-0.05127782249336343,1.5097533405974958e-5,0.017995260259089756,C1_severe_atopic_vs_rest
cg15301710,PAXBP1,21,32752134,-0.042082036853028554,1.5256345014727002e-5,0.018159505588383428,C1_severe_atopic_vs_rest
cg25949669,NA,10,94611824,-0.032508796805302546,1.5342503252164916e-5,0.018236939298988744,C1_severe_atopic_vs_rest
cg24797501,NA,2,8308181,-0.022424809716938505,1.54429219320133e-5,0.018329846369006784,C1_severe_atopic_vs_rest
cg25828758,PPP2R3A,3,136134234,-0.05360572340162188,1.546308751586057e-5,0.018329846369006784,C1_severe_atopic_vs_rest
cg11825128,PIP4K2A,10,22662950,-0.04989903823347977,1.549008819074152e-5,0.0183366995756242,C1_severe_atopic_vs_rest
cg24512544,EIF2C2,8,140578844,-0.015942600400171883,1.5569994831112958e-5,0.018398863153563882,C1_severe_atopic_vs_rest
cg14329961,GPR176,15,39801842,-0.06696306065916079,1.561227791406836e-5,0.018398863153563882,C1_severe_atopic_vs_rest
cg19052008,CASC8,8,127404905,0.10302651683408447,1.565035053667246e-5,0.018398863153563882,C1_severe_atopic_vs_rest
cg00197649,AAK1,2,69550096,-0.05685860801664171,1.568462521920473e-5,0.018398863153563882,C1_severe_atopic_vs_rest
cg01284182,NA,15,39530953,-0.08518455562825072,1.5688543351389448e-5,0.018398863153563882,C1_severe_atopic_vs_rest
cg04305653,TBC1D22A,22,46876526,-0.05281355374716471,1.5691038872572424e-5,0.018398863153563882,C1_severe_atopic_vs_rest
cg16081786,VCL,10,74026579,-0.03660938476351382,1.5691640063526533e-5,0.018398863153563882,C1_severe_atopic_vs_rest
cg24408573,NISCH,3,52476276,0.08043386787368746,1.5756856373195416e-5,0.018426400492561095,C1_severe_atopic_vs_rest
cg08288503,NA,3,16848362,-0.056105574816959894,1.576636322451668e-5,0.018426400492561095,C1_severe_atopic_vs_rest
cg12576213,ACOT7,1,6314175,-0.0251416982244391,1.5805884672650148e-5,0.018432775778191593,C1_severe_atopic_vs_rest
cg27279839,TMEM181,6,158573477,-0.034688379859364876,1.5865164548228573e-5,0.01847697260738655,C1_severe_atopic_vs_rest
cg15903936,UCP3,11,74003733,-0.03070075432260123,1.5915548958387288e-5,0.018510704526902143,C1_severe_atopic_vs_rest
cg25049766,NA,2,101185356,-0.07219364847078107,1.5988765455397472e-5,0.018570865115339563,C1_severe_atopic_vs_rest
cg14550227,NA,4,31360999,0.04347495432635053,1.608197301245624e-5,0.018654052540483333,C1_severe_atopic_vs_rest
cg15434896,FAM151B,5,79782956,-0.061581395788393535,1.6148607095998227e-5,0.01867456180697578,C1_severe_atopic_vs_rest
cg04277334,RAD51B,14,68289864,-0.04893227947641939,1.6188285372420032e-5,0.01867456180697578,C1_severe_atopic_vs_rest
cg01362115,MAP2K5,15,67782880,-0.027264119943419304,1.619378638525563e-5,0.01867456180697578,C1_severe_atopic_vs_rest
cg17413460,HAL,12,95973524,-0.06585508555643495,1.6208797491533797e-5,0.01867456180697578,C1_severe_atopic_vs_rest
cg13223682,NA,2,174025201,0.10620714755530034,1.6214087897067996e-5,0.01867456180697578,C1_severe_atopic_vs_rest
cg17773047,PPM1A,14,60250784,-0.03513017693508497,1.6229316042824425e-5,0.01867456180697578,C1_severe_atopic_vs_rest
cg23579199,FBXO41,2,73269949,-0.059955757430760134,1.6326153041128347e-5,0.018738114103547927,C1_severe_atopic_vs_rest
cg21472642,CHN2,7,29193852,-0.08033407538905508,1.6353542924491437e-5,0.018738114103547927,C1_severe_atopic_vs_rest
cg13161726,CHST11,12,104982610,-0.04057388900838093,1.638803491056766e-5,0.018738114103547927,C1_severe_atopic_vs_rest
cg11650680,TRERF1,6,42365166,-0.0807478287517767,1.6440800203861484e-5,0.018738114103547927,C1_severe_atopic_vs_rest
cg10202165,ATP8B4,15,49877642,-0.05747357467796361,1.6443267621782372e-5,0.018738114103547927,C1_severe_atopic_vs_rest
cg03353824,KRTAP29-1,17,41303306,-0.018199256099681618,1.6445313754239877e-5,0.018738114103547927,C1_severe_atopic_vs_rest
cg12964770,NA,2,64483072,-0.06605380300451166,1.6493099358007542e-5,0.018738114103547927,C1_severe_atopic_vs_rest
cg13922757,EHMT1,9,137719460,-0.012444960722502897,1.649930839279492e-5,0.018738114103547927,C1_severe_atopic_vs_rest
cg14331449,COLGALT2,1,183982945,-0.012061458933628144,1.6502589780065032e-5,0.018738114103547927,C1_severe_atopic_vs_rest
cg02796279,NA,2,207236610,0.1096077612828641,1.652167135484727e-5,0.018738114103547927,C1_severe_atopic_vs_rest
cg01360936,NA,3,133570966,-0.04564760602316476,1.652306879681297e-5,0.018738114103547927,C1_severe_atopic_vs_rest
cg02670522,NFIA,1,61398491,-0.04788945699132865,1.6547541280187795e-5,0.018741272467046977,C1_severe_atopic_vs_rest
cg20345674,CACNA1D,3,53650511,-0.05956688517857839,1.660460896357654e-5,0.018781290634937952,C1_severe_atopic_vs_rest
cg08636638,NA,5,112704677,-0.06469944610774855,1.6689450166569686e-5,0.018852577438354938,C1_severe_atopic_vs_rest
cg02173977,C14orf45,14,74065657,-0.033267944823416586,1.67527691006242e-5,0.018864047129957828,C1_severe_atopic_vs_rest
cg19120053,C22orf34,22,49566942,-0.03862180251833508,1.6755805575422543e-5,0.018864047129957828,C1_severe_atopic_vs_rest
cg14007003,NA,23,25107049,-0.062246257810724584,1.6765092478878264e-5,0.018864047129957828,C1_severe_atopic_vs_rest
cg25795107,NA,4,157012998,-0.036690893023700114,1.686067261750806e-5,0.01889764357241889,C1_severe_atopic_vs_rest
cg14876453,NA,20,4050846,-0.03207848577278893,1.6868520198518215e-5,0.01889764357241889,C1_severe_atopic_vs_rest
cg17078207,NENF,1,212439184,-0.05776135422125805,1.6875790413985152e-5,0.01889764357241889,C1_severe_atopic_vs_rest
cg21611669,NA,10,5305436,-0.024332390840513796,1.689691437840793e-5,0.01889764357241889,C1_severe_atopic_vs_rest
cg18792984,NCR2,6,41334966,-0.03350814085081038,1.6904292857598895e-5,0.01889764357241889,C1_severe_atopic_vs_rest
cg19234801,NA,11,44555991,-0.023283291142988556,1.692980238823574e-5,0.01890170877700089,C1_severe_atopic_vs_rest
cg13298538,NA,12,1650555,-0.06923588663732945,1.6956103894043405e-5,0.01890664657063922,C1_severe_atopic_vs_rest
cg00333617,LDLRAD4,18,13359485,0.06464763037315052,1.7020589255393093e-5,0.018954093100807284,C1_severe_atopic_vs_rest
cg09817523,PXN,12,120247742,-0.01547650071589995,1.7058088302899032e-5,0.018959473934542167,C1_severe_atopic_vs_rest
cg09167779,MCC,5,113230917,-0.04112702700902321,1.7104796557017243e-5,0.018959473934542167,C1_severe_atopic_vs_rest
cg17193100,MECOM,3,169510718,-0.04427157107900127,1.7114714881609715e-5,0.018959473934542167,C1_severe_atopic_vs_rest
cg12864116,NA,19,43686989,-0.0563845383487309,1.7132065015893126e-5,0.018959473934542167,C1_severe_atopic_vs_rest
cg04989619,ANKRD28,3,15817211,-0.04213621638764374,1.7136267449068205e-5,0.018959473934542167,C1_severe_atopic_vs_rest
cg03849286,CLNK,4,10657139,-0.08796530103014188,1.715706104575581e-5,0.018959473934542167,C1_severe_atopic_vs_rest
cg03021910,NA,2,234479620,-0.01882290492255644,1.734148978443647e-5,0.019091200669002453,C1_severe_atopic_vs_rest
cg04751885,NA,21,39014763,0.08919833088205385,1.7343406797841123e-5,0.019091200669002453,C1_severe_atopic_vs_rest
cg16122287,PHF20,20,34364813,-0.05598815093903367,1.7377417123888452e-5,0.019091200669002453,C1_severe_atopic_vs_rest
cg18456722,SMARCAD1,4,94262414,-0.06617423849547925,1.7385106125813046e-5,0.019091200669002453,C1_severe_atopic_vs_rest
cg09696385,SND1,7,127887986,-0.04303237301769557,1.7406338648995787e-5,0.019091200669002453,C1_severe_atopic_vs_rest
cg12232336,NA,12,50935893,-0.06404291107282985,1.740881942895918e-5,0.019091200669002453,C1_severe_atopic_vs_rest
cg08165028,NA,17,78375566,0.026506054675274095,1.7435837783175836e-5,0.019096595807359906,C1_severe_atopic_vs_rest
cg02654940,HMGA1,6,34238623,-0.05466215530328845,1.745904649282141e-5,0.01909781005679064,C1_severe_atopic_vs_rest
cg07124958,TMED10,14,75162741,-0.04724927636521011,1.7564014954051174e-5,0.01913640109807677,C1_severe_atopic_vs_rest
cg04538585,LGR5,12,71441957,-0.05786632778310029,1.7572426555020154e-5,0.01913640109807677,C1_severe_atopic_vs_rest
cg10794399,AFF3,2,100056543,-0.051953462597377945,1.7602231544057164e-5,0.01913640109807677,C1_severe_atopic_vs_rest
cg01576104,ACAT2,6,159775104,-0.021928834948548456,1.760504965905423e-5,0.01913640109807677,C1_severe_atopic_vs_rest
cg05981721,NA,9,113772733,-0.025319714735276548,1.7716346698636357e-5,0.019233186472763827,C1_severe_atopic_vs_rest
cg05288253,ANKRD11,16,89485851,-0.057561937690729856,1.774368657409474e-5,0.019238697917662632,C1_severe_atopic_vs_rest
cg00477633,FZR1,19,3521502,-0.05640642338937245,1.785269508350181e-5,0.01929321855378097,C1_severe_atopic_vs_rest
cg02324789,NIN,14,50796481,-0.02652192253970021,1.7863977078500802e-5,0.01929321855378097,C1_severe_atopic_vs_rest
cg08440987,NA,11,128609889,-0.05086998589921836,1.7864834950546118e-5,0.01929321855378097,C1_severe_atopic_vs_rest
cg13544643,ATXN10,22,45688982,-0.09015327127028784,1.7894109620762654e-5,0.01929321855378097,C1_severe_atopic_vs_rest
cg16377886,MIPEP,13,23871205,-0.03628129014206043,1.7949344016650013e-5,0.01929321855378097,C1_severe_atopic_vs_rest
cg25348163,GNAQ,9,77987611,-0.05777677731526654,1.7978397788202087e-5,0.01929321855378097,C1_severe_atopic_vs_rest
cg07177867,LYSMD2,15,51738549,-0.06969425870952459,1.7992105776543496e-5,0.01929321855378097,C1_severe_atopic_vs_rest
cg19430164,LSM12,17,44053409,-0.028617082793032017,1.799490616737271e-5,0.01929321855378097,C1_severe_atopic_vs_rest
cg13012015,NA,2,181118653,-0.06870134145328659,1.8098549628985705e-5,0.019375643503936023,C1_severe_atopic_vs_rest
cg19948936,TOMM34,20,44961459,-0.03483395135916613,1.811662757382996e-5,0.019375643503936023,C1_severe_atopic_vs_rest
cg19086317,C3orf67,3,59046846,-0.024416752845237776,1.8156245108166853e-5,0.01939401177096737,C1_severe_atopic_vs_rest
cg02245534,METRNL,17,83085792,-0.06517419462288149,1.8179111289900005e-5,0.01939446343134527,C1_severe_atopic_vs_rest
cg25643363,CHN2,7,29217438,-0.039399126944880576,1.8322791897170087e-5,0.01952364644084257,C1_severe_atopic_vs_rest
cg00712342,TPM3,1,154178748,-0.054566136969989416,1.8422549083318005e-5,0.019603342893812638,C1_severe_atopic_vs_rest
cg11624439,GFOD1,6,13408657,-0.018293428891747184,1.8456669777028907e-5,0.019603342893812638,C1_severe_atopic_vs_rest
cg03124794,LINC00114,21,40114467,-0.045708550290902955,1.84799952934264e-5,0.019603342893812638,C1_severe_atopic_vs_rest
cg04377912,ERMAP,1,42825170,-0.05876912816640249,1.848888782083212e-5,0.019603342893812638,C1_severe_atopic_vs_rest
cg11051417,TAOK3,12,118188282,-0.0409715752264174,1.8511011721723855e-5,0.019603342893812638,C1_severe_atopic_vs_rest
cg08481694,LOC101928710,17,78627336,-0.06188019539668469,1.86047382632031e-5,0.019668080883175065,C1_severe_atopic_vs_rest
cg05678953,POU1F1,3,87268925,-0.03972706859556572,1.8635585096306088e-5,0.019668080883175065,C1_severe_atopic_vs_rest
cg02236679,WWOX,16,78748580,-0.06155066531729805,1.864042233695042e-5,0.019668080883175065,C1_severe_atopic_vs_rest
cg11233586,RCOR1,14,102697273,-0.05655744472982755,1.8719674317262884e-5,0.019727614634891897,C1_severe_atopic_vs_rest
cg02745091,C22orf46,22,42086047,-0.06621678055713888,1.884589964696784e-5,0.019836445641567058,C1_severe_atopic_vs_rest
cg18955749,NA,3,189944597,-0.09318679728561623,1.889989447624252e-5,0.01984620760738499,C1_severe_atopic_vs_rest
cg25571973,ACVR1B,12,51953374,-0.06263271778298111,1.8918410718556537e-5,0.01984620760738499,C1_severe_atopic_vs_rest
cg25381747,NA,10,113666140,-0.069206291914418,1.8943218636527087e-5,0.01984620760738499,C1_severe_atopic_vs_rest
cg10332597,PPP1R16B,20,38866451,-0.030924674710216732,1.894703857202508e-5,0.01984620760738499,C1_severe_atopic_vs_rest
cg16213842,THADA,2,43293149,-0.040914672904183894,1.9023768546573747e-5,0.019878899524568373,C1_severe_atopic_vs_rest
cg20713761,HVCN1,12,110690200,-0.0445335000754147,1.904036583953021e-5,0.019878899524568373,C1_severe_atopic_vs_rest
cg14390893,VPS33A,12,122244622,-0.07301462624658883,1.9069376116377694e-5,0.019878899524568373,C1_severe_atopic_vs_rest
cg17161933,ANKS6,9,98790651,-0.04306928078329526,1.9078273238705763e-5,0.019878899524568373,C1_severe_atopic_vs_rest
cg24368962,SIK2,11,111700254,-0.04759288681552415,1.9093269014469387e-5,0.019878899524568373,C1_severe_atopic_vs_rest
cg05072179,GPBP1L1,1,45636030,-0.014537143572656045,1.9162518553985745e-5,0.01992699005230312,C1_severe_atopic_vs_rest
cg14318145,NA,1,58749581,-0.057846473026702004,1.9365272108272534e-5,0.020113628152533567,C1_severe_atopic_vs_rest
cg14258745,MIPEP,13,23739782,-0.04500726053873515,1.9402953150233587e-5,0.02012857235375829,C1_severe_atopic_vs_rest
cg24493060,SRPK2,7,105153443,-0.03160146233504224,1.9526849706893872e-5,0.020182802925683217,C1_severe_atopic_vs_rest
cg22870710,NA,4,127778329,-0.050721694671320816,1.9527415976725377e-5,0.020182802925683217,C1_severe_atopic_vs_rest
cg03653158,GRB2,17,75335549,-0.05812881376812477,1.9542314802780283e-5,0.020182802925683217,C1_severe_atopic_vs_rest
cg10469146,ETV5,3,186100592,-0.02477141295275518,1.956032060688972e-5,0.020182802925683217,C1_severe_atopic_vs_rest
cg18954925,UBE2D3,4,102815729,-0.0526982125147908,1.9572006836439114e-5,0.020182802925683217,C1_severe_atopic_vs_rest
cg17672432,NA,2,239503782,-0.039877385070364806,1.9601125859668046e-5,0.020188739110707822,C1_severe_atopic_vs_rest
cg21859580,CHST11,12,104588865,-0.04993569914850696,1.9721046368008733e-5,0.020265565178341015,C1_severe_atopic_vs_rest
cg03611711,LOC100129461,6,5157871,-0.01624475996534753,1.973081870387813e-5,0.020265565178341015,C1_severe_atopic_vs_rest
cg27244805,NA,13,91085277,-0.06359815682752619,1.974815897090166e-5,0.020265565178341015,C1_severe_atopic_vs_rest
cg07633835,FBXO18,10,5896223,-0.04623346135633825,1.9769521386679053e-5,0.020265565178341015,C1_severe_atopic_vs_rest
cg01307200,MED27,9,131865994,-0.03963293327721102,1.9822559541460485e-5,0.020295858380180287,C1_severe_atopic_vs_rest
cg11043888,ZRANB1,10,124961533,-0.08314634773685284,1.9881991263336813e-5,0.020323209530066746,C1_severe_atopic_vs_rest
cg05720226,ST7,7,117146543,-0.04111228815861193,1.9896309054930692e-5,0.020323209530066746,C1_severe_atopic_vs_rest
cg18439980,NA,2,42937061,-0.06839674885870667,1.99509157932722e-5,0.02035492772678602,C1_severe_atopic_vs_rest
cg08306766,FAM25G,10,49205543,-0.022025539898769732,1.9990595978798095e-5,0.02037136025503577,C1_severe_atopic_vs_rest
cg19546700,ARID3A,19,939596,-0.034996140061438454,2.0058129421614122e-5,0.020416104423965475,C1_severe_atopic_vs_rest
cg25170017,EHD1,11,64877015,-0.10234377329907625,2.0122468577417317e-5,0.02044689876687879,C1_severe_atopic_vs_rest
cg16263722,MECR,1,29197329,-0.07032272267319607,2.0138754250778516e-5,0.02044689876687879,C1_severe_atopic_vs_rest
cg09241885,C20orf118,20,36875968,-0.08526246588776225,2.021478870531457e-5,0.02044689876687879,C1_severe_atopic_vs_rest
cg22668931,ITGAE,17,3752481,-0.06539784123071342,2.0229564052512155e-5,0.02044689876687879,C1_severe_atopic_vs_rest
cg23969297,PKD2L1,10,100327694,-0.03299617138145569,2.0248181107336064e-5,0.02044689876687879,C1_severe_atopic_vs_rest
cg12305798,C2orf84,2,24173681,-0.025821614984524198,2.026487706947246e-5,0.02044689876687879,C1_severe_atopic_vs_rest
cg17395885,MED13L,12,116164535,-0.07826791133796271,2.026585403424889e-5,0.02044689876687879,C1_severe_atopic_vs_rest
cg17338225,NA,3,14378709,-0.07160967093149792,2.028286314461328e-5,0.02044689876687879,C1_severe_atopic_vs_rest
cg09967994,NA,21,14452392,-0.0588064998224266,2.0330474533790487e-5,0.02044689876687879,C1_severe_atopic_vs_rest
cg05864261,ABCG8,2,43838891,-0.047492658530846533,2.0354359878249487e-5,0.02044689876687879,C1_severe_atopic_vs_rest
cg23070487,TNFRSF10B,8,23050076,-0.050464871187279325,2.0358211756198775e-5,0.02044689876687879,C1_severe_atopic_vs_rest
cg02075586,NA,5,32653371,-0.01870740655537141,2.037231857159694e-5,0.02044689876687879,C1_severe_atopic_vs_rest
cg01171954,RAD51B,14,68246652,-0.06619422392891147,2.0416994637874974e-5,0.020467966067643773,C1_severe_atopic_vs_rest
cg23359651,NA,15,82966686,-0.034048351727434464,2.0447448161670266e-5,0.020474743017153747,C1_severe_atopic_vs_rest
cg07098502,KIAA0182,16,85620551,-0.03913493801071327,2.051497364297853e-5,0.020488059838496133,C1_severe_atopic_vs_rest
cg24323626,LOC100506457,2,12413298,-0.06716331808162528,2.0534046533854766e-5,0.020488059838496133,C1_severe_atopic_vs_rest
cg21506963,NA,1,32406930,-0.021800677539626258,2.0552941911180975e-5,0.020488059838496133,C1_severe_atopic_vs_rest
cg06792952,WDFY4,10,48895506,-0.029010972393795586,2.057854822095261e-5,0.020488059838496133,C1_severe_atopic_vs_rest
cg02452102,TRIM62,1,33149791,-0.05729475699551023,2.0584984628144773e-5,0.020488059838496133,C1_severe_atopic_vs_rest
cg08716584,MS4A7,11,60389688,0.12055872737522436,2.0603000397676726e-5,0.020488059838496133,C1_severe_atopic_vs_rest
cg07824155,NAPA,19,48016822,-0.054045694258994206,2.0670257692111993e-5,0.02051152811283475,C1_severe_atopic_vs_rest
cg11200845,NA,2,160869730,0.09340494776820482,2.0697196848644893e-5,0.02051152811283475,C1_severe_atopic_vs_rest
cg11949606,SYNJ1,21,34096277,-0.03906738280756829,2.0702084050163736e-5,0.02051152811283475,C1_severe_atopic_vs_rest
cg19726536,MIR1229,5,179225537,-0.037302155480128045,2.0721544407123674e-5,0.02051152811283475,C1_severe_atopic_vs_rest
cg26600461,NA,16,89035349,-0.05242817892650985,2.0786177125625813e-5,0.020544372785658408,C1_severe_atopic_vs_rest
cg19376906,NA,2,30191969,-0.07998611916775045,2.0817368958759304e-5,0.020544372785658408,C1_severe_atopic_vs_rest
cg21491246,NA,6,15037087,-0.049527055817736074,2.0826047454888452e-5,0.020544372785658408,C1_severe_atopic_vs_rest
cg08745443,DLGAP4-AS1,20,36529105,-0.04592519241523401,2.090157635006599e-5,0.020595369448189536,C1_severe_atopic_vs_rest
cg15229632,ZBED3-AS1,5,77139104,-0.01584932163681995,2.096314950058643e-5,0.02061147661235717,C1_severe_atopic_vs_rest
cg19818925,ARMCX4,23,100677490,-0.039419729108066584,2.0965626350759995e-5,0.02061147661235717,C1_severe_atopic_vs_rest
cg17356452,ZBTB38,3,141387078,-0.02766744003885846,2.109858620905114e-5,0.020716709998828874,C1_severe_atopic_vs_rest
cg01305109,MERTK,2,112010842,0.08691612960316675,2.1120614786482283e-5,0.020716709998828874,C1_severe_atopic_vs_rest
cg05033557,RNF43,17,58360439,-0.03519830090762251,2.1418704268115912e-5,0.02092245140917155,C1_severe_atopic_vs_rest
cg06320643,NDFIP2,13,79486094,-0.027990930235790544,2.143430826302811e-5,0.02092245140917155,C1_severe_atopic_vs_rest
cg14265429,NA,6,81939670,-0.05988263169268768,2.1440174795662436e-5,0.02092245140917155,C1_severe_atopic_vs_rest
cg06863152,SPATA5L1,15,45417646,-0.03299799197258788,2.1445616942867238e-5,0.02092245140917155,C1_severe_atopic_vs_rest
cg06967316,IL13,5,132658161,-0.05706584377917047,2.1451425152665262e-5,0.02092245140917155,C1_severe_atopic_vs_rest
cg22347679,FAM46C,1,117611252,-0.04020261897377855,2.1544922162119092e-5,0.020989952171634203,C1_severe_atopic_vs_rest
cg16133195,DLG5,10,77887784,-0.07321127830692131,2.1598448032736422e-5,0.02101840322565906,C1_severe_atopic_vs_rest
cg11388488,FAM53B,10,124689006,-0.0792647210015305,2.1672739460582998e-5,0.021045874649190992,C1_severe_atopic_vs_rest
cg05731560,NA,16,85534712,-0.04882485048670006,2.167538631835601e-5,0.021045874649190992,C1_severe_atopic_vs_rest
cg06866816,NA,17,78337624,0.0793634761124822,2.1773104079319974e-5,0.021117027425760396,C1_severe_atopic_vs_rest
cg14807945,ZEB2,2,144431535,-0.06975167863667266,2.1821602763184427e-5,0.021140338196201064,C1_severe_atopic_vs_rest
cg00589311,NSMCE2,8,125335722,-0.05794827756836829,2.1866889830849562e-5,0.02115241736096545,C1_severe_atopic_vs_rest
cg09252873,GFOD1,6,13408678,-0.030009746439282968,2.188302650541006e-5,0.02115241736096545,C1_severe_atopic_vs_rest
cg12115397,NA,12,132081746,-0.03688168468563555,2.1931707262231786e-5,0.02116085683388238,C1_severe_atopic_vs_rest
cg21553305,CCAR1,10,68771406,-0.03216490916004426,2.194073232852393e-5,0.02116085683388238,C1_severe_atopic_vs_rest
cg19901381,NA,4,1576244,-0.05747167079106677,2.2011392139005617e-5,0.02120533839432105,C1_severe_atopic_vs_rest
cg19304346,LOC388692,1,149290837,-0.04507554832828048,2.2126297659165644e-5,0.0212687711127603,C1_severe_atopic_vs_rest
cg24346519,GLE1,9,128505724,-0.04164806637071196,2.2126460657814264e-5,0.0212687711127603,C1_severe_atopic_vs_rest
cg05397010,PLA2G4F,15,42448259,-0.05452225297863542,2.2208072158197747e-5,0.021306174407561992,C1_severe_atopic_vs_rest
cg27288127,HVCN1,12,110690224,-0.034859847916496496,2.2225453988643924e-5,0.021306174407561992,C1_severe_atopic_vs_rest
cg08026836,SIAH2,3,150743692,-0.0651809071563524,2.2239339046395676e-5,0.021306174407561992,C1_severe_atopic_vs_rest
cg17475445,MORC2,22,30948039,-0.05651455044041821,2.2282798676897924e-5,0.02132416948199191,C1_severe_atopic_vs_rest
cg11276172,ITPRIP,10,104333936,-0.04713441757511867,2.2316390075222768e-5,0.021332691500314055,C1_severe_atopic_vs_rest
cg02985445,NA,7,98279193,-0.07564935626878652,2.2360233979410756e-5,0.02133839790373845,C1_severe_atopic_vs_rest
cg20910931,NA,2,104333186,-0.08240452175400437,2.237174536515224e-5,0.02133839790373845,C1_severe_atopic_vs_rest
cg26517376,FAM53B,10,124740249,-0.06335441258987205,2.2397563908582294e-5,0.02133947039330673,C1_severe_atopic_vs_rest
cg23789053,NA,10,78195113,-0.0669363943766097,2.2592436550466976e-5,0.021492318711121148,C1_severe_atopic_vs_rest
cg21011036,NA,8,130646123,-0.11329163498474916,2.2631191018408648e-5,0.021492318711121148,C1_severe_atopic_vs_rest
cg04997452,NA,15,39405155,-0.03402956881308089,2.263260401771939e-5,0.021492318711121148,C1_severe_atopic_vs_rest
cg16779529,CEP83,12,94386690,-0.04652677354412411,2.26808994104231e-5,0.02149463630168816,C1_severe_atopic_vs_rest
cg11659652,PTPRE,10,127999576,-0.09931819769512326,2.2684791919870122e-5,0.02149463630168816,C1_severe_atopic_vs_rest
cg02107801,NA,20,32894745,-0.08115270352675642,2.2813530231195522e-5,0.021590319399424077,C1_severe_atopic_vs_rest
cg01104306,STIM1,11,4044975,-0.08680240840101085,2.2845215631089914e-5,0.021590319399424077,C1_severe_atopic_vs_rest
cg14117556,MED13L,12,116197492,-0.02305138632914892,2.289284602105919e-5,0.021590319399424077,C1_severe_atopic_vs_rest
cg02467288,RNF10,12,120538167,-0.05539812330781027,2.2946259411791998e-5,0.021590319399424077,C1_severe_atopic_vs_rest
cg21951113,MFF,2,227326366,-0.05315887464110913,2.2949105915044408e-5,0.021590319399424077,C1_severe_atopic_vs_rest
cg27660807,ZC3H12C,11,110130654,-0.013954755351790585,2.2956627736088802e-5,0.021590319399424077,C1_severe_atopic_vs_rest
cg17285703,STK11IP,2,219612371,-0.020874632748634228,2.3037538128189287e-5,0.021590319399424077,C1_severe_atopic_vs_rest
cg09339985,GLB1,3,33067668,-0.020593618175764897,2.3039383360526725e-5,0.021590319399424077,C1_severe_atopic_vs_rest
cg02305412,NA,1,114089050,-0.03999644927389746,2.3058300052827123e-5,0.021590319399424077,C1_severe_atopic_vs_rest
cg16234791,CDCA7L,7,21905735,-0.02153155237424872,2.3084419145431296e-5,0.021590319399424077,C1_severe_atopic_vs_rest
cg26608667,ZFAND2A,7,1156734,-0.07375235063188149,2.310150047907893e-5,0.021590319399424077,C1_severe_atopic_vs_rest
cg20923498,INPP4A,2,98480457,-0.07962426058687178,2.3141077470978947e-5,0.021590319399424077,C1_severe_atopic_vs_rest
cg22211440,NA,9,91178147,-0.06450051487458698,2.317915902908359e-5,0.021590319399424077,C1_severe_atopic_vs_rest
cg17043247,HLA-DPB2,6,33116212,0.07856512629713067,2.3181263789740377e-5,0.021590319399424077,C1_severe_atopic_vs_rest
cg21649005,ZZEF1,17,4007745,-0.025745444631153445,2.3193123133716402e-5,0.021590319399424077,C1_severe_atopic_vs_rest
cg05261121,EARS2,16,23552280,-0.04708831823843598,2.3207601349228585e-5,0.021590319399424077,C1_severe_atopic_vs_rest
cg03162315,NA,2,111663724,-0.07439080603207854,2.3210507783428108e-5,0.021590319399424077,C1_severe_atopic_vs_rest
cg12006129,NA,6,33513473,-0.05081998682632604,2.3287791763358848e-5,0.021638915943967822,C1_severe_atopic_vs_rest
cg11357374,CDC14A,1,100423918,-0.044347153737149335,2.34121090533788e-5,0.02173080571308883,C1_severe_atopic_vs_rest
cg03119191,NA,2,8676902,-0.07382266145898332,2.344516221998642e-5,0.02173080571308883,C1_severe_atopic_vs_rest
cg19848034,TPCN1,12,113276991,-0.024650106358783817,2.3462124406715344e-5,0.02173080571308883,C1_severe_atopic_vs_rest
cg07474266,ZCCHC14,16,87448351,-0.02935275159530532,2.3495293063497712e-5,0.021732667498996223,C1_severe_atopic_vs_rest
cg01968626,TESC,12,117050984,-0.07708519196226388,2.3529763836554298e-5,0.021732667498996223,C1_severe_atopic_vs_rest
cg14898111,NA,6,11463290,0.11465426724749979,2.35395819011707e-5,0.021732667498996223,C1_severe_atopic_vs_rest
cg14001426,GAS2,11,22674897,-0.06846559718431748,2.362965651219842e-5,0.021786018229359817,C1_severe_atopic_vs_rest
cg12929123,GBGT1,9,133159892,-0.031231587624851138,2.364779008685915e-5,0.021786018229359817,C1_severe_atopic_vs_rest
cg02290349,FAM46C,1,117611322,-0.0699396744827333,2.369880664127603e-5,0.021790908393024538,C1_severe_atopic_vs_rest
cg03278639,NA,3,128416002,-0.057767314397550104,2.379668087099153e-5,0.021790908393024538,C1_severe_atopic_vs_rest
cg13242067,NA,4,78692964,-0.015808899847854215,2.379842026207212e-5,0.021790908393024538,C1_severe_atopic_vs_rest
cg23510807,LFNG,7,2528259,-0.06701175159220296,2.3823214126985737e-5,0.021790908393024538,C1_severe_atopic_vs_rest
cg18552981,NA,17,65092404,-0.02562702029495946,2.3826817272318494e-5,0.021790908393024538,C1_severe_atopic_vs_rest
cg03361157,NA,7,5534279,-0.04594225423717137,2.384710708124744e-5,0.021790908393024538,C1_severe_atopic_vs_rest
cg13455829,MED22,9,133346590,-0.023165594230901962,2.385612514236887e-5,0.021790908393024538,C1_severe_atopic_vs_rest
cg06566952,LOC101929337,3,194256242,-0.07531121064125185,2.3876626613078665e-5,0.021790908393024538,C1_severe_atopic_vs_rest
cg21534578,DENND1B,1,197776029,-0.047577156786851,2.389258805783902e-5,0.021790908393024538,C1_severe_atopic_vs_rest
cg26729478,NA,3,10136946,-0.022181649280678315,2.390526337564139e-5,0.021790908393024538,C1_severe_atopic_vs_rest
cg18648125,NA,7,115933711,-0.0430901414965281,2.400442557493283e-5,0.021835877364720698,C1_severe_atopic_vs_rest
cg00133803,NA,1,232982505,-0.012854132854733911,2.401388775263951e-5,0.021835877364720698,C1_severe_atopic_vs_rest
cg19702771,PRKG2,4,81137731,-0.03531795180906199,2.406362538402725e-5,0.021835877364720698,C1_severe_atopic_vs_rest
cg00764217,ST7,7,117020186,-0.05518036031836361,2.4076496576718257e-5,0.021835877364720698,C1_severe_atopic_vs_rest
cg20227944,CUX2,12,111067334,0.0851571040033922,2.413732305405274e-5,0.021835877364720698,C1_severe_atopic_vs_rest
cg03659382,AGO2,8,140581013,-0.05386408607009593,2.413801526101712e-5,0.021835877364720698,C1_severe_atopic_vs_rest
cg02416122,STK17A,7,43614192,-0.03276423011729833,2.4142023823624243e-5,0.021835877364720698,C1_severe_atopic_vs_rest
cg17438457,NA,1,52629221,-0.041363395443928225,2.4172017206152137e-5,0.021835877364720698,C1_severe_atopic_vs_rest
cg15620646,SLC4A5,2,74328657,-0.0313358554260186,2.4182012699198416e-5,0.021835877364720698,C1_severe_atopic_vs_rest
cg02881681,SMG6,17,2099187,-0.09053537295208082,2.4351635141925617e-5,0.02196608999077798,C1_severe_atopic_vs_rest
cg22949358,EXD2,14,69190562,-0.04053284517777065,2.4389120348932314e-5,0.021976962594129883,C1_severe_atopic_vs_rest
cg06875163,RHOBTB3,5,95788436,-0.011428856070884532,2.4417634311226103e-5,0.021979737005536102,C1_severe_atopic_vs_rest
cg07175100,NA,6,36116659,-0.07251232932756319,2.4477555641985462e-5,0.021989072982606755,C1_severe_atopic_vs_rest
cg08380127,CD82,11,44615658,-0.02338723393636378,2.4478897473208067e-5,0.021989072982606755,C1_severe_atopic_vs_rest
cg21952448,MED27,9,131864881,-0.01672280565109784,2.4572663888983936e-5,0.022024861151559546,C1_severe_atopic_vs_rest
cg04347414,PRKCZ,1,2153080,-0.08495731684978501,2.4678706932073447e-5,0.022024861151559546,C1_severe_atopic_vs_rest
cg19081224,GLTSCR1,19,47637039,-0.045355951827556876,2.47232340067926e-5,0.022024861151559546,C1_severe_atopic_vs_rest
cg05411579,PVRL1,11,119565803,-0.07653960317271252,2.4723392570754367e-5,0.022024861151559546,C1_severe_atopic_vs_rest
cg14750778,PIGS,17,28572410,-0.06577119838506874,2.4726059418848866e-5,0.022024861151559546,C1_severe_atopic_vs_rest
cg23287243,CNR2,1,23903894,-0.020327217949285784,2.472724296230014e-5,0.022024861151559546,C1_severe_atopic_vs_rest
cg02171825,CATSPER4,1,26191095,-0.03443364786596897,2.4745171159783505e-5,0.022024861151559546,C1_severe_atopic_vs_rest
cg03092343,KIAA1522,1,33221514,-0.06891757154399862,2.4757109427367745e-5,0.022024861151559546,C1_severe_atopic_vs_rest
cg14622604,NA,15,91534970,-0.04838270316898106,2.4799949261767516e-5,0.022024861151559546,C1_severe_atopic_vs_rest
cg03361973,SEMA6D,15,47736555,-0.02103419054115715,2.4828022481380002e-05,0.022024861151559546,C1_severe_atopic_vs_rest
cg06773230,NA,2,8332373,-0.06393663219049049,2.4839300924902778e-5,0.022024861151559546,C1_severe_atopic_vs_rest
cg00622105,SPRED2,2,65367344,-0.024510985294010863,2.4855887696407292e-5,0.022024861151559546,C1_severe_atopic_vs_rest
cg02410174,DUS2,16,68072847,-0.05576763932960938,2.4870396293286575e-5,0.022024861151559546,C1_severe_atopic_vs_rest
cg14849880,NA,22,46596309,-0.07389015818682544,2.487555948944412e-5,0.022024861151559546,C1_severe_atopic_vs_rest
cg03379664,ANKRD44,2,197012790,-0.05075567060669969,2.4914107176758424e-5,0.022036413045046208,C1_severe_atopic_vs_rest
cg10815420,LRP12,8,104587607,-0.04452496813243926,2.496581332689145e-5,0.022059568014376175,C1_severe_atopic_vs_rest
cg12090026,NA,6,119430856,-0.03558626782479444,2.5151441122410965e-5,0.02220088677100478,C1_severe_atopic_vs_rest
cg23082794,NA,4,159332428,-0.050796490749577164,2.5218087449314976e-5,0.02220964252661386,C1_severe_atopic_vs_rest
cg22254413,SLC24A3,20,19214005,-0.07221334445239626,2.526342036484457e-5,0.02220964252661386,C1_severe_atopic_vs_rest
cg06223015,PIK3R6,17,8862594,-0.07337209217210558,2.5274559135866248e-5,0.02220964252661386,C1_severe_atopic_vs_rest
cg14326502,ITPK1,14,93080117,-0.020706474807368067,2.527923387369726e-5,0.02220964252661386,C1_severe_atopic_vs_rest
cg22786756,PPM1A,14,60253998,-0.029374288965222078,2.52898659566697e-5,0.02220964252661386,C1_severe_atopic_vs_rest
cg00057667,NA,6,139748593,-0.024137643305543733,2.5316207497858813e-5,0.02221020440780679,C1_severe_atopic_vs_rest
cg06437892,UBR1,15,43094895,-0.05325484513568433,2.5440250123625127e-5,0.022296392520112476,C1_severe_atopic_vs_rest
cg24952962,NA,7,140975976,-0.0439986306233138,2.548689273015824e-5,0.022314512431457593,C1_severe_atopic_vs_rest
cg20802710,NA,5,128198097,-0.07859873374318556,2.5512569874605512e-5,0.022314512431457593,C1_severe_atopic_vs_rest
cg18778827,SIGLEC10,19,51411068,-0.01353647504459527,2.5584115833611174e-5,0.022350946826558506,C1_severe_atopic_vs_rest
cg02039867,ENTPD1,10,95758920,-0.09759771050629062,2.5605955154061926e-5,0.022350946826558506,C1_severe_atopic_vs_rest
cg00555389,AGPS,2,177396653,-0.056299004177447876,2.568174304443154e-5,0.022366331856391124,C1_severe_atopic_vs_rest
cg16078124,NA,11,47204422,-0.07104488115166585,2.568302825808984e-5,0.022366331856391124,C1_severe_atopic_vs_rest
cg20764098,CLIP1,12,122341419,-0.027318959258913516,2.5701227947625405e-5,0.022366331856391124,C1_severe_atopic_vs_rest
cg15940546,ZSWIM3,20,45864248,-0.0784235398354138,2.5797961664726516e-5,0.022420004597305438,C1_severe_atopic_vs_rest
cg24823679,KDM4B,19,5093480,-0.05693290401415845,2.5814792506779955e-5,0.022420004597305438,C1_severe_atopic_vs_rest
cg16473184,RNF43,17,58391600,-0.10126576240108676,2.5874424826989877e-5,0.022432058446844993,C1_severe_atopic_vs_rest
cg22079269,HDAC4,2,239360537,-0.07750805819939072,2.5880588451458144e-5,0.022432058446844993,C1_severe_atopic_vs_rest
cg21214508,KIAA1267,17,46170867,-0.04002213963492338,2.5952909498165885e-5,0.02247220305476858,C1_severe_atopic_vs_rest
cg11683482,DMAP1,1,44212951,-0.06307839784798634,2.6017741582764972e-5,0.02248707759059469,C1_severe_atopic_vs_rest
cg27286609,MICAL2,11,12141744,-0.041931387516365874,2.6062251246441477e-5,0.022499247291823073,C1_severe_atopic_vs_rest
cg22736379,EIF2S1,14,67364772,-0.023873130120873342,2.6332037724624668e-5,0.02270946413553878,C1_severe_atopic_vs_rest
cg21792330,SLC25A38,3,39385978,-0.05888521070088999,2.6380044704871574e-5,0.02272818384028333,C1_severe_atopic_vs_rest
cg14701320,NA,6,108716036,-0.05190258700982146,2.6487863918419623e-5,0.022798347192061908,C1_severe_atopic_vs_rest
cg12511475,NA,1,234981821,-0.02091418339830091,2.6562943302388974e-5,0.022817522904489428,C1_severe_atopic_vs_rest
cg08722695,NA,2,74151623,-0.028917633408594327,2.656295193659954e-5,0.022817522904489428,C1_severe_atopic_vs_rest
cg04128967,NA,14,69580130,-0.07712636452958316,2.659381181775289e-5,0.022821346246211315,C1_severe_atopic_vs_rest
cg04418434,RREB1,6,7110540,-0.04153273451112907,2.6675872665494606e-5,0.022859034950469447,C1_severe_atopic_vs_rest
cg04197702,STX2,12,130825840,-0.042872048835650135,2.6690635750450927e-5,0.022859034950469447,C1_severe_atopic_vs_rest
cg01750299,KIAA0020,9,2810737,-0.053229033394426355,2.6742779008051062e-5,0.022881015807292418,C1_severe_atopic_vs_rest
cg17666401,NA,7,2860915,-0.0700678787690651,2.6907167573695346e-5,0.022998894830013827,C1_severe_atopic_vs_rest
cg16583315,MAX,14,65096947,-0.07747983589618745,2.6976534430166253e-5,0.023035401364522756,C1_severe_atopic_vs_rest
cg13996650,LOC440600,1,110336731,-0.0716844935241192,2.7064826036284547e-5,0.023076951530934937,C1_severe_atopic_vs_rest
cg13277298,NMUR1,2,231531709,-0.03927921000474272,2.707860289899002e-5,0.023076951530934937,C1_severe_atopic_vs_rest
cg24480540,NA,2,39129020,0.03489010468275087,2.7109968839860356e-5,0.02308091999300789,C1_severe_atopic_vs_rest
cg18413505,SLC41A1,1,205804391,-0.039730346121633224,2.7201285920933132e-5,0.02308502047422238,C1_severe_atopic_vs_rest
cg19869442,FAM45A,10,119120853,-0.04874517758610786,2.7231777310862782e-5,0.02308502047422238,C1_severe_atopic_vs_rest
cg11581475,ZNF428,19,43620572,-0.01994439633715212,2.723634574076689e-5,0.02308502047422238,C1_severe_atopic_vs_rest
cg20957316,SFRS7,2,38749267,-0.03867893205798483,2.7247866485956667e-5,0.02308502047422238,C1_severe_atopic_vs_rest
cg16270995,NA,14,76959436,-0.10554532563678308,2.724835547878941e-5,0.02308502047422238,C1_severe_atopic_vs_rest
cg18365534,NA,3,48275884,-0.033935412487198925,2.741096524808312e-5,0.023200039609266917,C1_severe_atopic_vs_rest
cg06788390,VTI1A,10,112678850,-0.0724962726271861,2.7478590848730653e-5,0.02321194526400487,C1_severe_atopic_vs_rest
cg12398777,LINC00968,8,56559910,0.05506479838112649,2.747875374364346e-5,0.02321194526400487,C1_severe_atopic_vs_rest
cg25621420,CHRM1,11,62922182,-0.10061440578591008,2.7544084986830205e-5,0.023244410282753217,C1_severe_atopic_vs_rest
cg01294836,RPS6KA2,6,166721078,-0.06741565259910683,2.7583813092008182e-5,0.023255226586424444,C1_severe_atopic_vs_rest
cg08230983,RPS6KA2,6,166752373,-0.03711560573609046,2.763957465521976e-5,0.023279526040406884,C1_severe_atopic_vs_rest
cg04435807,ANKRD22,10,88850765,-0.06148433383351327,2.7724254167984735e-5,0.023298628956402497,C1_severe_atopic_vs_rest
cg12943080,NA,2,28887176,-0.06586190173517817,2.7742244221495528e-5,0.023298628956402497,C1_severe_atopic_vs_rest
cg27340001,TP53BP1,15,43493812,-0.04395172450645888,2.7767179432997916e-5,0.023298628956402497,C1_severe_atopic_vs_rest
cg16288872,RAB7L1,1,205776633,-0.02102326535371081,2.7791120915502507e-5,0.023298628956402497,C1_severe_atopic_vs_rest
cg07468316,NA,10,50627305,-0.05698340791098228,2.7797061690594912e-5,0.023298628956402497,C1_severe_atopic_vs_rest
cg06665913,ZBTB16,11,114076314,-0.05379708466744268,2.7907678734163256e-5,0.023353029059076696,C1_severe_atopic_vs_rest
cg14611218,SGMS1,10,50503755,-0.03717042525894754,2.791601363883463e-5,0.023353029059076696,C1_severe_atopic_vs_rest
cg14697334,PPP1R1B,17,39628446,-0.043713763911167956,2.8106955850934033e-5,0.023490021385392985,C1_severe_atopic_vs_rest
cg16583917,NA,2,234127214,-0.04553042182582575,2.824557013539628e-5,0.023580051149544177,C1_severe_atopic_vs_rest
cg19644750,PLD1,3,171801951,-0.08744289456346922,2.8280965458849325e-5,0.023580051149544177,C1_severe_atopic_vs_rest
cg20379007,NA,12,52878034,-0.054720943653401244,2.831382247629773e-5,0.023580051149544177,C1_severe_atopic_vs_rest
cg16374333,ETV3,1,157133849,-0.028657102497477722,2.833964768931248e-5,0.023580051149544177,C1_severe_atopic_vs_rest
cg12645785,EPB41,1,28902891,-0.0689351974645927,2.83511154801197e-5,0.023580051149544177,C1_severe_atopic_vs_rest
cg05497656,NA,19,56187022,-0.01800509747847453,2.8418494126189186e-5,0.023613363977052534,C1_severe_atopic_vs_rest
cg26791242,LOC339524,1,87131212,-0.07271725331567139,2.8494339930571246e-5,0.02364663853620394,C1_severe_atopic_vs_rest
cg04806741,IQCD,12,113204994,-0.04676221037736779,2.8574588134385023e-5,0.02364663853620394,C1_severe_atopic_vs_rest
cg07081759,FAM53B,10,124642336,-0.06326283650872447,2.8589044685248987e-5,0.02364663853620394,C1_severe_atopic_vs_rest
cg09459451,DHX57,2,38836117,0.13089235808188662,2.859185790192334e-5,0.02364663853620394,C1_severe_atopic_vs_rest
cg26272088,IGF1R,15,98900110,-0.0682136608385442,2.859535969405049e-5,0.02364663853620394,C1_severe_atopic_vs_rest
cg14511866,MAP4K4,2,101831593,-0.03568419793847183,2.8724255844530946e-5,0.023730519251016356,C1_severe_atopic_vs_rest
cg19249157,PHLDB3,19,43506219,-0.02790846111667412,2.8848245325767143e-5,0.0238101899663346,C1_severe_atopic_vs_rest
cg20992317,NA,12,64567709,-0.07153649249057314,2.8911612247034868e-5,0.023839720941316485,C1_severe_atopic_vs_rest
cg15793887,NA,6,170017895,-0.018522494664875613,2.89719873558219e-5,0.02386673099857789,C1_severe_atopic_vs_rest
cg16330225,PTPRE,10,128062160,-0.05624940039299587,2.899991122437389e-5,0.023866982175585853,C1_severe_atopic_vs_rest
cg03189469,NA,13,109698190,-0.0733698614502475,2.9096633009927045e-5,0.023923799818072765,C1_severe_atopic_vs_rest
cg15672653,NA,11,108500973,-0.07331727906272635,2.9171485016651955e-5,0.023962544790978917,C1_severe_atopic_vs_rest
cg12294213,C16orf72,16,9103898,-0.056941666719701696,2.934351795785266e-5,0.024067787000297332,C1_severe_atopic_vs_rest
cg26099045,NA,2,64064666,-0.07943551720011954,2.9376520249129605e-5,0.024067787000297332,C1_severe_atopic_vs_rest
cg01785893,ABCB10,1,229555363,-0.06143490291334068,2.9383158617134123e-5,0.024067787000297332,C1_severe_atopic_vs_rest
cg02390715,KCNH4,17,42178348,-0.019136793800841368,2.9437522100965864e-5,0.024089482574426,C1_severe_atopic_vs_rest
cg15639457,RPS6,9,19377074,-0.04173355372509713,2.949604232890401e-5,0.02411453544995937,C1_severe_atopic_vs_rest
cg14654849,NA,21,17699689,-0.02998114969749319,2.9549565799392118e-5,0.024135459720866066,C1_severe_atopic_vs_rest
cg13211024,CACHD1,1,64481506,-0.03282486924840712,2.9630521955488483e-5,0.024146373695670163,C1_severe_atopic_vs_rest
cg17429587,NCOR2,12,124420684,-0.04250086528130913,2.9653314402282358e-5,0.024146373695670163,C1_severe_atopic_vs_rest
cg09367993,CHCHD6,3,126886500,-0.02324440994177994,2.965825096391727e-5,0.024146373695670163,C1_severe_atopic_vs_rest
cg15482717,FADD,11,70207148,-0.06509107333625125,2.9714684733621925e-5,0.024146373695670163,C1_severe_atopic_vs_rest
cg14823710,CTDSPL2,15,44458659,-0.049741337076083414,2.9746383420050812e-5,0.024146373695670163,C1_severe_atopic_vs_rest
cg10023993,CEACAM1,19,43028617,-0.05148117835599451,2.9749797863655538e-5,0.024146373695670163,C1_severe_atopic_vs_rest
cg18787802,ECT2L,6,138869563,-0.04734849728901409,2.9758523947047192e-5,0.024146373695670163,C1_severe_atopic_vs_rest
cg04289936,LURAP1L-AS1,9,12718901,-0.04975691035968735,2.979865861971028e-5,0.024147944864885994,C1_severe_atopic_vs_rest
cg02840645,NA,1,117678641,-0.0508669234637059,2.9867132287759313e-5,0.02416419211536786,C1_severe_atopic_vs_rest
cg06370542,CD4,12,6814021,-0.060161985585533026,2.9892335343004753e-5,0.02416419211536786,C1_severe_atopic_vs_rest
cg19714332,NDFIP2,13,79484763,-0.04210777998419362,3.003617767527959e-5,0.02423573005980209,C1_severe_atopic_vs_rest
cg09581611,SLC12A4,16,67944255,-0.04793517031917808,3.0036922779844333e-5,0.02423573005980209,C1_severe_atopic_vs_rest
cg17960315,NA,1,116999934,-0.024964829725251787,3.0096317440331235e-5,0.024243094592184627,C1_severe_atopic_vs_rest
cg23812660,ZEB2,2,144489725,-0.018879032244318278,3.0102158529302838e-5,0.024243094592184627,C1_severe_atopic_vs_rest
cg15042302,PKD1L1,7,47981215,0.097002457767132,3.015725242343809e-5,0.024251398022508718,C1_severe_atopic_vs_rest
cg05802990,C6orf195,6,2636562,-0.03563193075872396,3.019057900241262e-5,0.024251398022508718,C1_severe_atopic_vs_rest
cg11392940,ACOT7,1,6268377,-0.012643638755309309,3.0230291049348268e-5,0.024251398022508718,C1_severe_atopic_vs_rest
cg25221180,LRSAM1,9,127455238,-0.03422114789988203,3.0296060505305653e-5,0.024251398022508718,C1_severe_atopic_vs_rest
cg15738268,NA,1,60973438,-0.07567924142073218,3.0322080795456627e-5,0.024251398022508718,C1_severe_atopic_vs_rest
cg04979283,NA,15,58279941,-0.051033831479913215,3.0374196518077433e-5,0.024251398022508718,C1_severe_atopic_vs_rest
cg07529339,LOC728175,4,184348532,-0.057679182837606605,3.0400642850694772e-5,0.024251398022508718,C1_severe_atopic_vs_rest
cg24366851,YJEFN3,19,19528565,-0.021267490770372037,3.042169929460992e-5,0.024251398022508718,C1_severe_atopic_vs_rest
cg23149707,TMEM11,17,21216068,-0.06768802269752974,3.0427949201455627e-5,0.024251398022508718,C1_severe_atopic_vs_rest
cg13682096,EPB42,15,43221108,-0.02707747998100945,3.0469135266138896e-5,0.024251398022508718,C1_severe_atopic_vs_rest
cg16147002,TPCN1,12,113259613,-0.0702363230532148,3.0471344518850995e-5,0.024251398022508718,C1_severe_atopic_vs_rest
cg05078091,APLP2,11,130114450,-0.04663202513494536,3.0493762690193794e-05,0.024251398022508718,C1_severe_atopic_vs_rest
cg19270512,LINC01184,5,128037149,-0.07693772170961814,3.050388761301427e-5,0.024251398022508718,C1_severe_atopic_vs_rest
cg08531949,DOCK8,9,366070,-0.07299590630168348,3.050536207804527e-5,0.024251398022508718,C1_severe_atopic_vs_rest
cg15909737,MITF,3,69762494,-0.039665618756008186,3.064589580663122e-5,0.024305722353502087,C1_severe_atopic_vs_rest
cg01955639,EPX,17,58192406,-0.0695462348245194,3.066062927225556e-5,0.024305722353502087,C1_severe_atopic_vs_rest
cg02668270,ZNF428,19,43620744,-0.07371961397014602,3.0684649347768684e-5,0.024305722353502087,C1_severe_atopic_vs_rest
cg08077807,PRKCH,14,61534354,-0.04745063864235827,3.069368802197794e-5,0.024305722353502087,C1_severe_atopic_vs_rest
cg16128030,CACNA1D,3,53630584,-0.06524871072525726,3.075261608428213e-5,0.024305722353502087,C1_severe_atopic_vs_rest
cg27508623,AHDC1,1,27542104,-0.07292563758698686,3.076914053106941e-5,0.024305722353502087,C1_severe_atopic_vs_rest
cg22779717,URI1,19,29941195,-0.066464837012405,3.0770582322011966e-5,0.024305722353502087,C1_severe_atopic_vs_rest
cg11489491,RNF10,12,120563236,-0.04316621572049155,3.099863461982179e-5,0.02446202064452791,C1_severe_atopic_vs_rest
cg13933685,NA,2,236872148,0.1182570036662873,3.1037328824395895e-5,0.02446202064452791,C1_severe_atopic_vs_rest
cg09612920,GRAMD1B,11,123568922,-0.03248417625658501,3.1053375618001366e-5,0.02446202064452791,C1_severe_atopic_vs_rest
cg13277027,MYO9B,19,17114530,-0.06287828427242016,3.113784200758144e-5,0.024477080827991764,C1_severe_atopic_vs_rest
cg15673896,ADORA3,1,111503404,-0.07236142928685217,3.1146391947163564e-5,0.024477080827991764,C1_severe_atopic_vs_rest
cg11410237,STRN4,19,47236212,-0.04983345029430451,3.115746872169588e-5,0.024477080827991764,C1_severe_atopic_vs_rest
cg12525237,GID8,20,62946589,-0.02175362433361765,3.129368994681588e-5,0.024561766353243267,C1_severe_atopic_vs_rest
cg19266635,NA,12,46382606,-0.02500715410868356,3.132552542103842e-5,0.02456444232635317,C1_severe_atopic_vs_rest
cg09072230,PLEKHA7,11,16918440,-0.03379303369799496,3.1392570007206386e-5,0.02458694583884003,C1_severe_atopic_vs_rest
cg13672080,NA,1,206109139,-0.04898330368924142,3.143527846796941e-5,0.02458694583884003,C1_severe_atopic_vs_rest
cg18448246,MCPH1,8,6575371,-0.01479668915363502,3.14497915887642e-5,0.02458694583884003,C1_severe_atopic_vs_rest
cg03448301,CHRM1,11,62911306,-0.04629301386058784,3.151294754627262e-5,0.02458694583884003,C1_severe_atopic_vs_rest
cg05126171,SLC18A2,10,117263042,-0.0721981970481026,3.1523236640454326e-5,0.02458694583884003,C1_severe_atopic_vs_rest
cg23592590,MTMR7,8,17400737,-0.05353139258084876,3.1569697782180326e-5,0.02458694583884003,C1_severe_atopic_vs_rest
cg13323717,ARHGAP23,17,36627649,-0.03353172064005455,3.157268211903344e-5,0.02458694583884003,C1_severe_atopic_vs_rest
cg14443219,NA,19,10260244,-0.07567444522335677,3.1581839631352395e-5,0.02458694583884003,C1_severe_atopic_vs_rest
cg26425190,LOC100506639,5,43081709,-0.03198959596900874,3.1618610188620044e-5,0.024593416050149763,C1_severe_atopic_vs_rest
cg16551883,KIF17,1,20712025,-0.020211993097501203,3.16722539371686e-5,0.024612987036251904,C1_severe_atopic_vs_rest
cg12726213,WWP1,8,86355792,-0.08735306109441768,3.1739894216670135e-5,0.024643389997415933,C1_severe_atopic_vs_rest
cg17754464,NA,6,140084136,0.10761360755636722,3.189852472647775e-5,0.024722129093663857,C1_severe_atopic_vs_rest
cg04210796,NA,17,83070173,-0.05132647416048406,3.209621120221268e-5,0.024853051167396497,C1_severe_atopic_vs_rest
cg16178965,SERINC5,5,80210680,-0.051006297432492805,3.213014388633289e-5,0.024857052909276936,C1_severe_atopic_vs_rest
cg23471393,NA,17,81839162,-0.08243796065423568,3.226320722121687e-5,0.02493766998804025,C1_severe_atopic_vs_rest
cg02678221,NA,8,127809848,-0.04731175747103694,3.2293893264420146e-5,0.02493908172675174,C1_severe_atopic_vs_rest
cg10667267,LOC441204,7,26410943,-0.038074714819717755,3.252644708636438e-5,0.025096244913014244,C1_severe_atopic_vs_rest
cg09525751,NA,2,176663639,-0.029622646957772454,3.2567215096466024e-5,0.025105284620911068,C1_severe_atopic_vs_rest
cg13388253,KLK8,19,51002251,-0.08518136252329984,3.2719671245776264e-5,0.025200329185721973,C1_severe_atopic_vs_rest
cg08622041,GATA1,23,48644252,-0.04024015497117962,3.275793663483981e-5,0.025207334335592246,C1_severe_atopic_vs_rest
cg08786188,NA,13,27347959,-0.03069951273192667,3.278962171243427e-5,0.025209267955554712,C1_severe_atopic_vs_rest
cg26048493,ACOT7,1,6294212,-0.05595711203772045,3.3082550897892204e-5,0.02541034389448601,C1_severe_atopic_vs_rest
cg19305527,CUL3,2,224570121,-0.048381189896999584,3.310997049730979e-5,0.02541034389448601,C1_severe_atopic_vs_rest
cg16449219,NIN,14,50823451,-0.06514428369157625,3.316299283923193e-5,0.025428453050583808,C1_severe_atopic_vs_rest
cg26819549,ZBTB48,1,6585105,-0.06197698053687303,3.32106851728253e-5,0.025442446820449757,C1_severe_atopic_vs_rest
cg15119324,FNDC3B,3,172146626,-0.06584903872981963,3.325167381078214e-5,0.02545128470056245,C1_severe_atopic_vs_rest
cg03686042,LIN52,14,74144902,-0.06435709413186697,3.340837686954413e-5,0.025544237814767907,C1_severe_atopic_vs_rest
cg17290000,NA,2,11945728,0.06256728874022434,3.349563101416407e-5,0.025544237814767907,C1_severe_atopic_vs_rest
cg02846436,PIK3R6,17,8869102,-0.05147789135725936,3.352292442780718e-5,0.025544237814767907,C1_severe_atopic_vs_rest
cg26235490,ABR,17,1144431,-0.056763527102682336,3.352740966600757e-5,0.025544237814767907,C1_severe_atopic_vs_rest
cg19490082,NA,2,47725216,-0.06182558303115785,3.3536885770040213e-5,0.025544237814767907,C1_severe_atopic_vs_rest
cg03812149,MANBAL,20,37315358,-0.0628478713136369,3.358063484893312e-5,0.025544237814767907,C1_severe_atopic_vs_rest
cg00407815,MIR548AZ,14,64442533,-0.057255284271709644,3.3683923299741244e-5,0.025544237814767907,C1_severe_atopic_vs_rest
cg16154713,ASAP1,8,130356187,-0.025453727690599608,3.368738324304485e-5,0.025544237814767907,C1_severe_atopic_vs_rest
cg23589474,CAPZA1,1,112635181,-0.028716303616936018,3.371108604130642e-5,0.025544237814767907,C1_severe_atopic_vs_rest
cg24213414,NA,12,92161203,-0.0761601561219558,3.3718282256206924e-5,0.025544237814767907,C1_severe_atopic_vs_rest
cg04331199,TCTEX1D1,1,67227248,0.08513581248030293,3.372660087719374e-5,0.025544237814767907,C1_severe_atopic_vs_rest
cg10239039,KANSL1,17,46168285,-0.039815096402385564,3.383401755064281e-5,0.025544237814767907,C1_severe_atopic_vs_rest
cg14983540,SERINC5,5,80211756,-0.026004001249370055,3.3851680804791324e-05,0.025544237814767907,C1_severe_atopic_vs_rest
cg09678340,CMIP,16,81472871,-0.038167238019604297,3.3859465632219836e-5,0.025544237814767907,C1_severe_atopic_vs_rest
cg12087627,ZZEF1,17,4008121,-0.033706428135571856,3.389147553308623e-5,0.025544237814767907,C1_severe_atopic_vs_rest
cg21416126,NA,12,26841401,-0.013881302053223327,3.3892818961450155e-5,0.025544237814767907,C1_severe_atopic_vs_rest
cg27018966,NA,14,70885175,-0.05018870386473857,3.390279566977622e-5,0.025544237814767907,C1_severe_atopic_vs_rest
cg11267390,TRPM2,21,44395381,-0.049054854224900676,3.3964190287121125e-5,0.025544237814767907,C1_severe_atopic_vs_rest
cg19396218,LINC01264,10,42981547,-0.06201136219781513,3.396996166220904e-5,0.025544237814767907,C1_severe_atopic_vs_rest
cg11759485,SPATA5L1,15,45709996,-0.06145185328825859,3.399847003511877e-5,0.025544237814767907,C1_severe_atopic_vs_rest
cg01475805,TMEM116,12,111993059,-0.04093007074935236,3.4013196913931844e-5,0.025544237814767907,C1_severe_atopic_vs_rest
cg18558423,ITPR3,6,33685729,-0.043106363555229996,3.40234330589964e-5,0.025544237814767907,C1_severe_atopic_vs_rest
cg23864154,NA,1,212118418,-0.06272554341926691,3.4111906042628963e-5,0.025586918479198893,C1_severe_atopic_vs_rest
cg15570901,LOC101060091,2,113877007,-0.09670177948503894,3.4139499771471135e-5,0.025586918479198893,C1_severe_atopic_vs_rest
cg13516090,AFF1,4,87898468,-0.039334530015604795,3.423097622656731e-5,0.025628811448850118,C1_severe_atopic_vs_rest
cg17660709,SLC4A5,2,74304488,-0.07768132183692027,3.4254711235317265e-5,0.025628811448850118,C1_severe_atopic_vs_rest
cg08559782,ADIPOR2,12,1699148,-0.05075645340698216,3.433495092778262e-5,0.025666623282132536,C1_severe_atopic_vs_rest
cg06736148,GNB5,15,52124636,-0.05869140569809928,3.4451667369086046e-5,0.025698399542631267,C1_severe_atopic_vs_rest
cg17859328,ASCC2,22,30223645,-0.016581173802524368,3.4482816419833796e-5,0.025698399542631267,C1_severe_atopic_vs_rest
cg15769653,MXRA7,17,76712134,-0.029288631466471052,3.45473698563985e-5,0.025698399542631267,C1_severe_atopic_vs_rest
cg19131667,TBC1D5,3,17195448,-0.07736121417159336,3.454901116426225e-5,0.025698399542631267,C1_severe_atopic_vs_rest
cg22603971,RASGRP1,15,38557927,-0.07234055828954389,3.455946667150311e-5,0.025698399542631267,C1_severe_atopic_vs_rest
cg01014787,LOC100130264,20,19254575,-0.0662844290324627,3.457042670016741e-5,0.025698399542631267,C1_severe_atopic_vs_rest
cg10379517,USP20,9,129877133,-0.04828710347894622,3.461905045574906e-5,0.025698399542631267,C1_severe_atopic_vs_rest
cg02194711,NA,7,138350851,-0.04224108320478098,3.4638751837790446e-5,0.025698399542631267,C1_severe_atopic_vs_rest
cg26024852,ELL3,15,43778340,-0.044105171413895576,3.464698905452922e-5,0.025698399542631267,C1_severe_atopic_vs_rest
cg16093957,PEX11A,15,89691456,-0.03037711899188421,3.467879037447782e-5,0.025698399542631267,C1_severe_atopic_vs_rest
cg02705647,NA,7,156677963,-0.014390790362385143,3.4709622935606455e-5,0.025698399542631267,C1_severe_atopic_vs_rest
cg22469804,TNIK,3,171131904,-0.022031897792759297,3.4734318344218746e-5,0.025698399542631267,C1_severe_atopic_vs_rest
cg04152037,INPP1,2,190359025,-0.04362672300889026,3.484777862989941e-5,0.025760288792630308,C1_severe_atopic_vs_rest
cg04847043,KIAA0182,16,85620607,-0.04724267225620235,3.4950233653322245e-5,0.025813943856398056,C1_severe_atopic_vs_rest
cg21572128,NA,2,898610,-0.048834257460918996,3.50101785247133e-5,0.02583613645814522,C1_severe_atopic_vs_rest
cg10027934,MAP3K7IP1,22,39403087,-0.03688926884319121,3.5089444392882236e-5,0.025840807461946103,C1_severe_atopic_vs_rest
cg01973406,ARIH2,3,48927056,-0.05660729672679232,3.5124214013682973e-5,0.025840807461946103,C1_severe_atopic_vs_rest
cg14415107,ARL8B,3,5151787,-0.03619814357833349,3.513415558717768e-5,0.025840807461946103,C1_severe_atopic_vs_rest
cg14346532,NGLY1,3,25754810,-0.022500087788135555,3.5170747046496803e-5,0.025840807461946103,C1_severe_atopic_vs_rest
cg04217850,SLC25A26,3,66377870,-0.04829691963929506,3.518561003177291e-5,0.025840807461946103,C1_severe_atopic_vs_rest
cg14490586,NA,5,109580394,-0.023625696296011623,3.519592662252771e-5,0.025840807461946103,C1_severe_atopic_vs_rest
cg08815110,ARSG,17,68295281,-0.03216160347229179,3.527052482583079e-5,0.025873594710773624,C1_severe_atopic_vs_rest
cg03698182,FAM20B,1,179036844,-0.05251330497420105,3.538077716262133e-5,0.02593245915745,C1_severe_atopic_vs_rest
cg04936213,NA,9,121247311,0.11591018175566108,3.544901006725535e-5,0.025960451650541394,C1_severe_atopic_vs_rest
cg11814087,ZFR,5,32391029,0.11417398589936624,3.551289721091283e-5,0.025985216892976074,C1_severe_atopic_vs_rest
cg24188441,PPP1R2,3,195538207,-0.062365569174211245,3.557586886074092e-5,0.02598656453067865,C1_severe_atopic_vs_rest
cg23144852,OPA1,3,193688210,-0.05120926957206467,3.560110447482495e-5,0.02598656453067865,C1_severe_atopic_vs_rest
cg26774971,TMEM181,6,158573375,-0.07307261518021939,3.560495422601987e-5,0.02598656453067865,C1_severe_atopic_vs_rest
cg12120741,EDNRB,13,77918171,-0.04654673732050444,3.5663046847463036e-5,0.026006998531079222,C1_severe_atopic_vs_rest
cg06750474,MAP2K5,15,67550376,-0.022086795876047633,3.569321271603721e-5,0.026007049877731017,C1_severe_atopic_vs_rest
cg08846360,NA,5,68428251,-0.05010526366490759,3.582781988240215e-5,0.02608313581046132,C1_severe_atopic_vs_rest
cg24555639,HEXDC,17,82439765,-0.04010455750950739,3.5872363335929456e-5,0.026093581247028715,C1_severe_atopic_vs_rest
cg15942979,BIN3,8,22639548,-0.08160455199856655,3.5922027043054854e-5,0.026107730456946962,C1_severe_atopic_vs_rest
cg07473853,FBXO32,8,123512518,-0.06378982185326967,3.6026866561707506e-5,0.026145480709299673,C1_severe_atopic_vs_rest
cg16386158,IL1RL1,2,102310937,-0.05280417349501574,3.60344794952461e-5,0.026145480709299673,C1_severe_atopic_vs_rest
cg00990977,RRBP1,20,17678672,-0.033624834022909326,3.61184748841727e-5,0.02618443985579497,C1_severe_atopic_vs_rest
cg15526318,NA,2,74345723,-0.014187135362373688,3.621009249700693e-5,0.026206887647800277,C1_severe_atopic_vs_rest
cg04333123,SPATA13,13,24220113,-0.017449292246129015,3.6340899092951356e-5,0.026279548646838576,C1_severe_atopic_vs_rest
cg25322008,OR51E2,11,4697908,-0.02656257773053001,3.638136423638547e-5,0.026286813267224894,C1_severe_atopic_vs_rest
cg27336113,NA,8,134023686,0.08885041165064653,3.6437255858951786e-5,0.026305202610714205,C1_severe_atopic_vs_rest
cg08704124,NA,11,68235450,-0.05402701442085297,3.6470782055221175e-5,0.02630742842619657,C1_severe_atopic_vs_rest
cg06411447,ANKRD11,16,89355341,-0.035000118642089934,3.656289022812086e-5,0.026312450075267578,C1_severe_atopic_vs_rest
cg09242846,NA,11,97684260,-0.046917673561168674,3.657402617962436e-5,0.026312450075267578,C1_severe_atopic_vs_rest
cg13949334,NA,8,23494312,-0.05380534042355303,3.659704062755691e-5,0.026312450075267578,C1_severe_atopic_vs_rest
cg03101058,CPSF4L,17,73262797,-0.0791743905519742,3.662008884612635e-5,0.026312450075267578,C1_severe_atopic_vs_rest
cg12626076,SLCO3A1,15,91855965,-0.06282826281298758,3.663034834097063e-5,0.026312450075267578,C1_severe_atopic_vs_rest
cg11230866,NA,6,150400090,-0.08167297702490608,3.666043692616827e-5,0.026312450075267578,C1_severe_atopic_vs_rest
cg27223827,FHL2,2,106054920,-0.11307893615028554,3.671214935652675e-5,0.02631867710006782,C1_severe_atopic_vs_rest
cg26316404,NA,17,7880920,-0.03681854748677249,3.67897972856976e-5,0.026339666034822,C1_severe_atopic_vs_rest
cg15867698,ACTN1,14,68971550,-0.06713920683952071,3.6859929398332966e-5,0.0263680312164141,C1_severe_atopic_vs_rest
cg14685975,NA,5,33240766,-0.033866110505649596,3.69389386412496e-5,0.026402694544841298,C1_severe_atopic_vs_rest
cg03769939,RUNX3,1,24927638,-0.05426989436383677,3.702987893424462e-5,0.026445821438665584,C1_severe_atopic_vs_rest
cg02475695,NHLRC4,16,566220,-0.07188953584431428,3.7060681200751305e-5,0.02644596348554223,C1_severe_atopic_vs_rest
cg02826233,CDK2,12,55972110,-0.0404816151735786,3.724071454708082e-5,0.026532875203933017,C1_severe_atopic_vs_rest
cg19689587,NA,17,71130553,0.07115543527892543,3.724388489799335e-5,0.026532875203933017,C1_severe_atopic_vs_rest
cg21425037,CLSTN1,1,9766266,-0.0647953491477829,3.7302118131897625e-5,0.02655247115973278,C1_severe_atopic_vs_rest
cg13311020,NA,14,65302662,-0.057147861717456824,3.741421640264802e-5,0.026606264948984597,C1_severe_atopic_vs_rest
cg24254621,PIK3R6,17,8864950,-0.04901279790297011,3.746504140478881e-5,0.026606264948984597,C1_severe_atopic_vs_rest
cg00006899,CDC42BPB,14,103016684,-0.0346834713615252,3.747005670635982e-5,0.026606264948984597,C1_severe_atopic_vs_rest
cg13729479,RGS20,8,54764658,-0.01132702534973907,3.752034222912792e-5,0.026620097518871386,C1_severe_atopic_vs_rest
cg23332193,RAF1,3,12614074,-0.06780603666770248,3.7560880831989364e-5,0.026626997779101946,C1_severe_atopic_vs_rest
cg22890968,TG,8,133110104,-0.029133242291636333,3.7637803635558204e-5,0.026658929250318524,C1_severe_atopic_vs_rest
cg08900098,KCNH2,7,150956361,-0.06018640371191734,3.771903639437719e-5,0.026658929250318524,C1_severe_atopic_vs_rest
cg24716423,RASSF3,12,64656734,-0.023582000384744412,3.772544850547352e-5,0.026658929250318524,C1_severe_atopic_vs_rest
cg00419381,FILIP1L,3,100083335,-0.05330213188469986,3.7734088836932685e-5,0.026658929250318524,C1_severe_atopic_vs_rest
cg09565310,MCC,5,113205856,-0.05805639309518511,3.7763317848716515e-5,0.026658929250318524,C1_severe_atopic_vs_rest
cg20904657,FAM179A,2,28986592,0.08983544245126282,3.7880345085699785e-5,0.026658929250318524,C1_severe_atopic_vs_rest
cg17860705,NA,2,101197794,-0.043287014662307666,3.789338040491409e-5,0.026658929250318524,C1_severe_atopic_vs_rest
cg10271974,NA,1,64453953,-0.07510286915904642,3.795858547013465e-5,0.026658929250318524,C1_severe_atopic_vs_rest
cg17560340,RNMTL1,17,781250,-0.047233949819578736,3.795864165033148e-5,0.026658929250318524,C1_severe_atopic_vs_rest
cg10186605,NF1,17,31340308,-0.08533525428717828,3.797551659372779e-5,0.026658929250318524,C1_severe_atopic_vs_rest
cg13090941,GNAO1,16,56356112,-0.07440461350244124,3.798742237303934e-5,0.026658929250318524,C1_severe_atopic_vs_rest
cg04578084,SH3GL1,19,4372237,-0.051633485508502504,3.805313903315703e-5,0.026658929250318524,C1_severe_atopic_vs_rest
cg08539880,AKAP2,9,110161706,-0.011409416442516328,3.806835639158605e-5,0.026658929250318524,C1_severe_atopic_vs_rest
cg02758183,FIGF,23,15358018,-0.031951585404193426,3.809029251900962e-5,0.026658929250318524,C1_severe_atopic_vs_rest
cg13869274,LOC101928253,6,12001336,0.05988885819310871,3.811959495875617e-5,0.026658929250318524,C1_severe_atopic_vs_rest
cg04943896,KIAA1919,6,111585167,-0.038588230439297405,3.812977615145706e-5,0.026658929250318524,C1_severe_atopic_vs_rest
cg06646098,ZBTB33,23,119388798,-0.014560216074475859,3.8130371223342304e-5,0.026658929250318524,C1_severe_atopic_vs_rest
cg08022000,KIF13B,8,29100411,-0.05564692760550597,3.826585950241605e-5,0.026711201231655178,C1_severe_atopic_vs_rest
cg06918239,NA,6,30848208,-0.02795536467828649,3.828334995619541e-5,0.026711201231655178,C1_severe_atopic_vs_rest
cg12314351,RREB1,6,7172883,-0.050171759554787934,3.8297866956300236e-5,0.026711201231655178,C1_severe_atopic_vs_rest
cg06381864,RICH2,17,12805418,-0.08980201644815178,3.833966488723949e-5,0.026718788783578855,C1_severe_atopic_vs_rest
cg00740089,NA,7,29802505,-0.05134751117718046,3.840660397737727e-5,0.02674387078183604,C1_severe_atopic_vs_rest
cg05247870,LINC01014,3,178437083,-0.060794637165661455,3.8476181539404585e-5,0.026770748172012523,C1_severe_atopic_vs_rest
cg21867373,SEC31B,10,100517373,-0.0788515172874791,3.868781930803046e-5,0.026885992060599332,C1_severe_atopic_vs_rest
cg27427752,NA,1,23872408,-0.017889772795537686,3.87040406356585e-5,0.026885992060599332,C1_severe_atopic_vs_rest
cg03177204,FURIN,15,90878939,-0.037448536159648264,3.8930478150213835e-5,0.02702156671041252,C1_severe_atopic_vs_rest
cg06595153,PLXNC1,12,94225860,-0.038655656750691526,3.899802504908058e-5,0.027027360807888902,C1_severe_atopic_vs_rest
cg13333788,ZDHHC18,1,26849894,-0.036143048488699356,3.9014968019876825e-5,0.027027360807888902,C1_severe_atopic_vs_rest
cg08811177,RNF40,16,30760808,-0.05335537401168002,3.905120742900224e-5,0.027027360807888902,C1_severe_atopic_vs_rest
cg11141044,ARID2,12,45762353,-0.045005336237328664,3.906878102180648e-5,0.027027360807888902,C1_severe_atopic_vs_rest
cg16491923,NA,10,49118687,-0.014337634074805993,3.909520664172637e-5,0.027027360807888902,C1_severe_atopic_vs_rest
cg06080776,NA,6,16858400,-0.024168205844247302,3.9220753973800454e-5,0.02709248040604925,C1_severe_atopic_vs_rest
cg25877465,ACSL1,4,184813181,-0.06629639616825309,3.9409928015638376e-5,0.02718103870235975,C1_severe_atopic_vs_rest
cg16458417,GAPT,5,58490181,-0.04346753202061181,3.941186445678164e-5,0.02718103870235975,C1_severe_atopic_vs_rest
cg10905391,CELSR1,22,46879471,0.0583549126656047,3.9514987669518357e-5,0.0272137925799577,C1_severe_atopic_vs_rest
cg15249315,ATG14,14,55383992,-0.07634188888824048,3.952234061582559e-5,0.0272137925799577,C1_severe_atopic_vs_rest
cg10143911,RAB7A,3,128787676,-0.05392835226161979,3.95691514359126e-5,0.027224332286342946,C1_severe_atopic_vs_rest
cg06866208,NA,16,67526342,-0.049907644911809636,3.9662753462834e-5,0.02726702285633646,C1_severe_atopic_vs_rest
cg17518427,RASSF3,12,64683077,-0.052626004560952525,3.9737380012590544e-5,0.02729661082085862,C1_severe_atopic_vs_rest
cg17661261,EPHA10,1,37721913,-0.03988528128938688,3.9799522907842904e-5,0.02731758325644024,C1_severe_atopic_vs_rest
cg04476695,HPX,11,6434236,-0.07381388346550664,3.9978768250775444e-5,0.02739774747456822,C1_severe_atopic_vs_rest
cg00813264,NA,3,112021179,-0.05618221135076244,4.002092036479854e-5,0.02739774747456822,C1_severe_atopic_vs_rest
cg08068963,NA,12,46386301,-0.03343070039987106,4.002733487065191e-5,0.02739774747456822,C1_severe_atopic_vs_rest
cg08154524,PC,11,66876597,-0.05866289682231397,4.005368623669821e-5,0.02739774747456822,C1_severe_atopic_vs_rest
cg12600182,MRPL32,7,42934604,-0.028028986185162523,4.0074839620638765e-5,0.02739774747456822,C1_severe_atopic_vs_rest
cg10105512,LIMK2,22,31247125,-0.06196705691184292,4.0343929083413105e-5,0.027512153300091206,C1_severe_atopic_vs_rest
cg06958964,C10orf25,10,44999358,-0.03655833207546167,4.036211149705949e-5,0.027512153300091206,C1_severe_atopic_vs_rest
cg19056691,CUX2,12,111777251,-0.052743293280365026,4.0399565959220025e-5,0.027512153300091206,C1_severe_atopic_vs_rest
cg23272088,KCNQ1,11,2483583,-0.03611094606943837,4.041174376704669e-5,0.027512153300091206,C1_severe_atopic_vs_rest
cg13321480,DYRK1A,21,37420373,-0.04223009274002333,4.043097552759857e-5,0.027512153300091206,C1_severe_atopic_vs_rest
cg06189670,STX2,12,130816238,-0.047313060955190535,4.046739944216041e-5,0.027512153300091206,C1_severe_atopic_vs_rest
cg00986119,SERINC5,5,80219707,-0.042537569974247444,4.046765262049062e-5,0.027512153300091206,C1_severe_atopic_vs_rest
cg07345836,NA,1,202118131,-0.055006242340547365,4.050166133462033e-5,0.027512153300091206,C1_severe_atopic_vs_rest
cg10003769,PHGR1,15,40349794,-0.015659567180186015,4.053301917546793e-5,0.027512153300091206,C1_severe_atopic_vs_rest
cg13792581,TOMM34,20,44961474,-0.044206771531317406,4.056055335671988e-5,0.027512153300091206,C1_severe_atopic_vs_rest
cg18292904,MST1R,3,49939703,-0.02841337776785043,4.060130650241037e-5,0.027518196248369355,C1_severe_atopic_vs_rest
cg08378976,PTDSS1,8,97293820,-0.024832709146864175,4.063763922483203e-5,0.02752123605910427,C1_severe_atopic_vs_rest
cg11558387,NA,1,117596387,-0.06821206242337087,4.0727032635373196e-5,0.027549940379647163,C1_severe_atopic_vs_rest
cg18728527,PIEZO1,16,88765657,-0.05616349149822061,4.079759524610852e-5,0.027549940379647163,C1_severe_atopic_vs_rest
cg01567034,NA,10,3058053,-0.053059949754359695,4.0807547382808084e-5,0.027549940379647163,C1_severe_atopic_vs_rest
cg07552087,MLST8,16,2208456,-0.05109691387751732,4.086544080329425e-5,0.027567488213152483,C1_severe_atopic_vs_rest
cg03833465,NA,3,133499141,-0.04511849219957591,4.103476301752996e-5,0.02766011897903631,C1_severe_atopic_vs_rest
cg06920263,PARN,16,14506110,-0.04236687736886823,4.1109434811931234e-5,0.027688854490724866,C1_severe_atopic_vs_rest
cg13792713,DYM,18,49055794,0.09460135169072668,4.119013389261469e-5,0.027721601700600288,C1_severe_atopic_vs_rest
cg02720691,RFC1,4,39364848,-0.030872768871212833,4.136454346136311e-5,0.027817317479551636,C1_severe_atopic_vs_rest
cg16222326,NA,8,1760272,-0.07497905116442868,4.139796547863906e-5,0.027818145151086236,C1_severe_atopic_vs_rest
cg14928793,ARRDC2,19,17999751,-0.06006128190494157,4.146141466191855e-5,0.02781878756488004,C1_severe_atopic_vs_rest
cg05942111,RASSF3,12,64650247,-0.0633942993322193,4.146330551056468e-5,0.02781878756488004,C1_severe_atopic_vs_rest
cg27514107,LOC100505736,2,28151020,-0.060380457605331596,4.151544812851108e-5,0.027832162553257645,C1_severe_atopic_vs_rest
cg13104786,NA,15,63207016,-0.06201908510494531,4.166040123737711e-5,0.027907689186110005,C1_severe_atopic_vs_rest
cg10625544,IKZF1,7,50422576,-0.018844799216984,4.173649093593065e-5,0.027917877981988307,C1_severe_atopic_vs_rest
cg03748883,NA,18,2326113,-0.03484317509594336,4.174022435026348e-5,0.027917877981988307,C1_severe_atopic_vs_rest
cg05083624,TNRC6B,22,40332493,-0.031379474821093885,4.1775213167299193e-5,0.02791967054056298,C1_severe_atopic_vs_rest
cg02217206,LINC00535,8,93496794,-0.021272336933332994,4.184575602004148e-5,0.02794520383016297,C1_severe_atopic_vs_rest
cg02698198,VTI1A,10,112677793,-0.07555260458853796,4.191205673560729e-5,0.027967866912886878,C1_severe_atopic_vs_rest
cg14219019,BTN2A3,6,26420759,0.04856434649513479,4.205323445250239e-5,0.02801323264906209,C1_severe_atopic_vs_rest
cg14054781,SLC35E2,1,1732342,-0.01815285626592902,4.2069512017519014e-5,0.02801323264906209,C1_severe_atopic_vs_rest
cg21592857,NA,10,30510954,-0.04951765689031506,4.207729193299627e-5,0.02801323264906209,C1_severe_atopic_vs_rest
cg26516974,NA,6,52610267,-0.05887676934274792,4.2224951304529624e-5,0.02805947509718083,C1_severe_atopic_vs_rest
cg15760433,EHBP1,2,62745663,-0.05851804554516473,4.2228923916227124e-5,0.02805947509718083,C1_severe_atopic_vs_rest
cg26110331,OAZ2,15,64703837,-0.04865159610458654,4.22441620240794e-5,0.02805947509718083,C1_severe_atopic_vs_rest
cg16130523,ZSCAN25,7,99623197,-0.07213811569936023,4.2297619828792775e-5,0.028067742854773314,C1_severe_atopic_vs_rest
cg16306670,NA,10,6603875,-0.028464391680179318,4.2321569515281604e-5,0.028067742854773314,C1_severe_atopic_vs_rest
cg04811932,SMYD4,17,1734451,-0.027212221594483704,4.2518144163267426e-5,0.02815876467356117,C1_severe_atopic_vs_rest
cg17164630,RASGRP1,15,38846707,-0.05561634568872487,4.256992452293931e-5,0.02815876467356117,C1_severe_atopic_vs_rest
cg07565042,RNF141,11,10521909,-0.07572927079738821,4.2586010597780745e-5,0.02815876467356117,C1_severe_atopic_vs_rest
cg24182798,NA,4,10065218,-0.08226767627872339,4.258915726439845e-5,0.02815876467356117,C1_severe_atopic_vs_rest
cg24110648,AXIN1,16,335053,-0.02221636041194103,4.266748629780209e-5,0.02818531673770985,C1_severe_atopic_vs_rest
cg25493477,RNF103-CHMP3,2,86603288,-0.05108035901233778,4.269454865540113e-5,0.02818531673770985,C1_severe_atopic_vs_rest
cg16118023,PMP22,17,15233653,-0.03744132792145955,4.280064957525419e-5,0.028233791550958058,C1_severe_atopic_vs_rest
cg16529676,NA,3,169470001,-0.03290521241426059,4.283427249445351e-5,0.028234418188121273,C1_severe_atopic_vs_rest
cg16005729,CBY1,22,38669075,-0.015719232154180335,4.2899316276704056e-5,0.028242156545029276,C1_severe_atopic_vs_rest
cg09555920,NA,5,56502167,-0.04463644462264582,4.293274412492614e-5,0.028242156545029276,C1_severe_atopic_vs_rest
cg23722790,SLC35D1,1,67001919,-0.04516524424969041,4.295411601126986e-5,0.028242156545029276,C1_severe_atopic_vs_rest
cg16182457,POR,7,75962816,-0.05001709359636234,4.2988750270785246e-5,0.028242156545029276,C1_severe_atopic_vs_rest
cg26306329,NA,4,123479041,0.0771821601723235,4.300942196888803e-5,0.028242156545029276,C1_severe_atopic_vs_rest
cg19846596,MIR1229,5,179225479,-0.037167458830421655,4.305815343362809e-5,0.02825268747606422,C1_severe_atopic_vs_rest
cg04482628,NA,1,36116150,0.07698040978563297,4.3141108595842265e-5,0.02828564133180143,C1_severe_atopic_vs_rest
cg08945642,CCDC127,5,205748,-0.03225507243388169,4.330603877454679e-5,0.028364777825191843,C1_severe_atopic_vs_rest
cg08756885,NA,6,14177961,-0.01574776177769796,4.3327454810326465e-5,0.028364777825191843,C1_severe_atopic_vs_rest
cg13240089,DLG1,3,196902029,-0.04356482199467484,4.347156028779688e-5,0.02843757438744909,C1_severe_atopic_vs_rest
cg00127591,PRPSAP1,17,76354219,0.010839324635747787,4.362039013698229e-5,0.02851334899973791,C1_severe_atopic_vs_rest
cg21481321,NA,5,14662089,-0.03383611676074821,4.367595141113531e-5,0.028528088256867274,C1_severe_atopic_vs_rest
cg05486260,FAM135B,8,138194208,-0.06636518187476045,4.371602141570384e-5,0.028532694364368054,C1_severe_atopic_vs_rest
cg01437816,NA,2,102041591,0.0739066261501285,4.3879944423720805e-5,0.028618069232941266,C1_severe_atopic_vs_rest
cg26131735,NA,2,212911398,-0.026156727109417872,4.394194159047888e-5,0.028623116612077074,C1_severe_atopic_vs_rest
cg10828236,NA,12,54679051,-0.040789073938904685,4.3953929105326696e-5,0.028623116612077074,C1_severe_atopic_vs_rest
cg13720639,SIPA1L1,14,71595029,-0.07559815152200178,4.4102884250907114e-5,0.02869849068613696,C1_severe_atopic_vs_rest
cg06500646,RANBP3,19,5966516,-0.044834865515392106,4.4179949860911244e-5,0.028727006796242415,C1_severe_atopic_vs_rest
cg02470179,STT3B,3,31538984,-0.029427747010406992,4.4230305020475486e-5,0.028738125221093185,C1_severe_atopic_vs_rest
cg10827767,DRG1,22,31398536,0.10552366962388568,4.434407904510863e-5,0.028790401649127505,C1_severe_atopic_vs_rest
cg25404570,MCU,10,72712992,-0.048579157033257124,4.4532598001900765e-5,0.02887001621963916,C1_severe_atopic_vs_rest
cg16145720,COPS3,17,17253616,-0.05393522186829509,4.453924742901234e-5,0.02887001621963916,C1_severe_atopic_vs_rest
cg23699170,SUDS3,12,118394237,-0.05410750651251325,4.456692993477841e-5,0.02887001621963916,C1_severe_atopic_vs_rest
cg07834490,DOPEY2,21,36164519,-0.08470393017372146,4.462061790280895e-5,0.028883143222433082,C1_severe_atopic_vs_rest
cg13046608,SLC43A3,11,57427909,-0.044994933208881246,4.476230744996564e-5,0.028923526298561722,C1_severe_atopic_vs_rest
cg04549524,INPP5A,10,132698464,-0.04741753091255799,4.4767125239103945e-5,0.028923526298561722,C1_severe_atopic_vs_rest
cg06421013,SLC24A3,20,19213499,-0.0676417646429739,4.478341563460547e-5,0.028923526298561722,C1_severe_atopic_vs_rest
cg22338845,GRAMD1B,11,123558834,-0.04897445728851919,4.496942974422003e-5,0.028988726866019436,C1_severe_atopic_vs_rest
cg00824566,NA,8,132772905,-0.05570033741907051,4.4974776849985605e-5,0.028988726866019436,C1_severe_atopic_vs_rest
cg24642022,NA,1,172476239,-0.0715543286278828,4.501564268841538e-5,0.028988726866019436,C1_severe_atopic_vs_rest
cg15350322,SHOC2,10,110963538,-0.01805057405154777,4.5049292610819216e-5,0.028988726866019436,C1_severe_atopic_vs_rest
cg24501073,ABTB2,11,34188758,-0.07192208943726397,4.5056059652762646e-5,0.028988726866019436,C1_severe_atopic_vs_rest
cg19131465,NFIL3,9,91414770,-0.032003952528672115,4.508843279755385e-5,0.028988726866019436,C1_severe_atopic_vs_rest
cg19550294,NA,5,159128216,-0.03733034602455372,4.5119189256978104e-5,0.028988726866019436,C1_severe_atopic_vs_rest
cg24655167,MYOM2,8,2085310,-0.03728459910887384,4.545552012421597e-5,0.029183119336093227,C1_severe_atopic_vs_rest
cg04524109,TPCN1,12,113713802,-0.05937364928929944,4.565430384053585e-5,0.02927551541446857,C1_severe_atopic_vs_rest
cg27519282,NA,15,89770360,-0.04813645840006793,4.5682196571826485e-5,0.02927551541446857,C1_severe_atopic_vs_rest
cg20891917,IFRD1,7,112423976,-0.0411489641676344,4.5729065341591155e-5,0.02927551541446857,C1_severe_atopic_vs_rest
cg07276367,PFKFB3,10,6146452,-0.052658296887651355,4.574735787963883e-5,0.02927551541446857,C1_severe_atopic_vs_rest
cg15700636,PRG2,11,57388577,-0.07084468474099866,4.576882461065534e-5,0.02927551541446857,C1_severe_atopic_vs_rest
cg13987192,GPR162,12,6824156,-0.03530197457305825,4.580629544501508e-5,0.029277811998077417,C1_severe_atopic_vs_rest
cg18341600,NA,6,138098613,-0.0702991758897478,4.593324194290383e-5,0.029337252691385242,C1_severe_atopic_vs_rest
cg07937803,NA,19,3569038,-0.05883828597916846,4.6046652950341676e-5,0.029387966942646723,C1_severe_atopic_vs_rest
cg21081039,NA,20,46606504,-0.07380442639322853,4.611234729871329e-5,0.02939047183382455,C1_severe_atopic_vs_rest
cg07283415,TTLL12,22,43174056,-0.011854367607698828,4.611859928191578e-5,0.02939047183382455,C1_severe_atopic_vs_rest
cg26128392,NA,10,6962791,-0.042580236471525854,4.627724135370073e-5,0.029412526832398967,C1_severe_atopic_vs_rest
cg11932305,CLTB,5,176406692,-0.028031923492078215,4.627887322803597e-5,0.029412526832398967,C1_severe_atopic_vs_rest
cg03125875,KIAA1522,1,32761954,-0.06023920297554766,4.630104958930871e-5,0.029412526832398967,C1_severe_atopic_vs_rest
cg26929830,BRE,2,28337136,-0.02082343323357184,4.63029257419225e-5,0.029412526832398967,C1_severe_atopic_vs_rest
cg15655655,SRI,7,88214271,-0.04136433901525152,4.632338873125908e-5,0.029412526832398967,C1_severe_atopic_vs_rest
cg24528049,NA,14,50090946,-0.053929856948308395,4.642555327166136e-5,0.029455752357424897,C1_severe_atopic_vs_rest
cg06725287,FOXK2,17,80533762,-0.029715523347151156,4.6505287859658076e-5,0.029484693701026594,C1_severe_atopic_vs_rest
cg11006422,DPYS,8,104412198,0.08318341534943033,4.655872510184729e-5,0.029496932121855966,C1_severe_atopic_vs_rest
cg21927292,NA,4,174582929,-0.023476307349152983,4.663129243264561e-5,0.02950767290842251,C1_severe_atopic_vs_rest
cg25529535,NA,10,6083752,-0.06721867322718357,4.6643971422741774e-5,0.02950767290842251,C1_severe_atopic_vs_rest
cg18337287,ARID3A,19,930871,-0.059270114879947905,4.671159698934616e-5,0.029528836840919868,C1_severe_atopic_vs_rest
cg09597192,AGPAT1,6,32173814,-0.04757762610153717,4.6748999371193534e-5,0.029530878146648853,C1_severe_atopic_vs_rest
cg21626540,NOL10,2,10580072,-0.08355037067899236,4.680161076367851e-5,0.029542516833202567,C1_severe_atopic_vs_rest
cg10652637,NA,5,98963374,-0.03535912978080912,4.6990259925423594e-5,0.029639946784726024,C1_severe_atopic_vs_rest
cg14118054,WDFY2,13,51624587,-0.05274597814321241,4.707343377418222e-5,0.029670752693528164,C1_severe_atopic_vs_rest
cg27429745,EIF4E,4,98910235,-0.032878942550701305,4.7511607897849666e-5,0.0298815509375128,C1_severe_atopic_vs_rest
cg17365440,MUC13,3,124927679,-0.06342024679222777,4.758911804416406e-5,0.02990853202625488,C1_severe_atopic_vs_rest
cg07636225,RTN3,11,63699515,-0.07782919633080329,4.7658344852942165e-5,0.029926241146260933,C1_severe_atopic_vs_rest
cg18666454,KCNH2,7,150954849,-0.06864197581593356,4.771924999607757e-5,0.029926241146260933,C1_severe_atopic_vs_rest
cg08934450,NA,6,163355027,0.08072048584609072,4.7721188285796445e-5,0.029926241146260933,C1_severe_atopic_vs_rest
cg14467794,NA,3,32045368,-0.05255788430542366,4.7824511114310416e-5,0.029969287112729205,C1_severe_atopic_vs_rest
cg23508438,MEFV,16,3256608,0.05036579278445561,4.789209257621281e-5,0.02998988955356482,C1_severe_atopic_vs_rest
cg05825759,KMT2C,7,152162483,-0.04992860649401085,4.796953023799527e-5,0.03001662961203772,C1_severe_atopic_vs_rest
cg00059879,GALK2,15,49534692,-0.04856761508991511,4.8047662888028e-5,0.03004187778696433,C1_severe_atopic_vs_rest
cg15751789,NA,3,196237263,-0.01929501824013694,4.808310817896821e-5,0.03004187778696433,C1_severe_atopic_vs_rest
cg16482631,C3orf17,3,113009224,-0.010403410956930446,4.8118022799825134e-5,0.03004187778696433,C1_severe_atopic_vs_rest
cg14442044,CEP250,20,35462747,-0.030086347454280585,4.814893761160721e-5,0.03004187778696433,C1_severe_atopic_vs_rest
cg22022320,ACO1,9,32426876,-0.03911726099863151,4.8306523096410935e-5,0.030118454939978143,C1_severe_atopic_vs_rest
cg16693243,STIM1,11,4057582,-0.03177723268972137,4.842561538759527e-5,0.030170938996698798,C1_severe_atopic_vs_rest
cg08662413,UGT1A7,2,233680883,-0.03399948186003959,4.860595391591277e-5,0.030261478593907674,C1_severe_atopic_vs_rest
cg23350385,CCRL2,3,46406643,0.11100652854174989,4.8710679920941854e-5,0.030289553459335056,C1_severe_atopic_vs_rest
cg22209584,NA,11,60831457,-0.04564065953174826,4.874205120173774e-5,0.030289553459335056,C1_severe_atopic_vs_rest
cg06350257,LOC339524,1,87131686,-0.019994970239044643,4.875620129553026e-5,0.030289553459335056,C1_severe_atopic_vs_rest
cg15733114,ART4,12,14843581,-0.0221309344343123,4.8856853133988884e-5,0.030330278268277847,C1_severe_atopic_vs_rest
cg09722826,CYLD,16,50746337,-0.027941691372886244,4.890511808859747e-5,0.030338446235820302,C1_severe_atopic_vs_rest
cg24636814,STAT4,2,191115515,-0.04449512955739709,4.894870910208147e-5,0.03034370507028831,C1_severe_atopic_vs_rest
cg21858187,C6orf106,6,34681432,-0.07781757842816099,4.917172411421087e-5,0.030421921150911375,C1_severe_atopic_vs_rest
cg02694732,NA,17,48009691,-0.011111995970016202,4.9185684102739725e-5,0.030421921150911375,C1_severe_atopic_vs_rest
cg16811525,POU6F2,7,39263002,-0.051742579851203056,4.919910648172431e-5,0.030421921150911375,C1_severe_atopic_vs_rest
cg20003176,IFRD1,7,112451866,-0.0420158459972651,4.927182003066794e-5,0.030421921150911375,C1_severe_atopic_vs_rest
cg08467103,SPRED2,2,65366799,0.08381909484856562,4.928837618055916e-5,0.030421921150911375,C1_severe_atopic_vs_rest
cg02202133,DENND1A,9,123550043,-0.11257481667790618,4.932114942372587e-5,0.030421921150911375,C1_severe_atopic_vs_rest
cg27383562,TFB1M,6,155263716,-0.03300588663305714,4.9340163757747175e-5,0.030421921150911375,C1_severe_atopic_vs_rest
cg14392652,BCL6B,17,7024105,-0.06002395199289079,4.935651766538496e-5,0.030421921150911375,C1_severe_atopic_vs_rest
cg05641051,TEX41,2,144825424,0.11921612586792182,4.9451763195719924e-5,0.030427270765648932,C1_severe_atopic_vs_rest
cg06346070,NSDHL,23,152843967,-0.045611126572956705,4.948146160199865e-5,0.030427270765648932,C1_severe_atopic_vs_rest
cg10684486,NA,10,12875286,-0.058117220597706416,4.948545048199727e-5,0.030427270765648932,C1_severe_atopic_vs_rest
cg01103684,LRRFIP2,3,37139020,-0.045870889500623596,4.959885156560366e-5,0.030427270765648932,C1_severe_atopic_vs_rest
cg14609598,NA,17,82489612,-0.022545431548433446,4.961230083975245e-5,0.030427270765648932,C1_severe_atopic_vs_rest
cg17016127,TMEM123,11,102430761,-0.06098172930509485,4.963850054325092e-5,0.030427270765648932,C1_severe_atopic_vs_rest
cg16578938,MGAT4B,5,179798558,-0.021627140987746,4.964267907098508e-5,0.030427270765648932,C1_severe_atopic_vs_rest
cg16959075,PDE8A,15,85567463,-0.057032293750356344,4.96646658252927e-5,0.030427270765648932,C1_severe_atopic_vs_rest
cg01357222,NA,6,137298006,0.09617817400716813,4.9682091866165496e-5,0.030427270765648932,C1_severe_atopic_vs_rest
cg27014783,NA,2,2709137,-0.04770289674414865,4.9740525015385e-5,0.03043613832513584,C1_severe_atopic_vs_rest
cg15698552,NA,1,114081449,-0.06521630860397173,4.976701257813086e-5,0.03043613832513584,C1_severe_atopic_vs_rest
cg08625794,NA,15,89760415,-0.04489003650807564,4.983543936813544e-5,0.03045643182521427,C1_severe_atopic_vs_rest
cg19392375,NA,9,134993788,-0.02750316523279746,4.991557417474023e-5,0.030483846822791608,C1_severe_atopic_vs_rest
cg04259443,PIGL,17,16289516,-0.019918704260560686,4.9976956167826615e-5,0.03049191342751272,C1_severe_atopic_vs_rest
cg00204065,KCNQ1,11,2718990,-0.015436687410528999,4.999935350121914e-5,0.03049191342751272,C1_severe_atopic_vs_rest
cg07297063,FIG4,6,109760253,-0.042061291321131546,5.009468518042464e-5,0.03050547850452302,C1_severe_atopic_vs_rest
cg04790775,LOC101926913,2,171600940,0.08784347212613683,5.012641715000252e-5,0.03050547850452302,C1_severe_atopic_vs_rest
cg20161212,NA,2,69273264,0.029836357270616568,5.0127500111580705e-5,0.03050547850452302,C1_severe_atopic_vs_rest
cg12060026,TMEM11,17,21200415,-0.05713601871541194,5.0289159776965597e-5,0.030539699903410687,C1_severe_atopic_vs_rest
cg24288804,NAA16,13,41361403,-0.02339089283858232,5.034451090724733e-5,0.030539699903410687,C1_severe_atopic_vs_rest
cg21086803,ADA,20,44636474,-0.04579604667040215,5.034863133012101e-5,0.030539699903410687,C1_severe_atopic_vs_rest
cg19368946,NA,11,59289903,0.06207000184600898,5.036043700918384e-5,0.030539699903410687,C1_severe_atopic_vs_rest
cg00916117,ZNF451,6,57169795,-0.01699961740255776,5.048369452971449e-5,0.030592977275765664,C1_severe_atopic_vs_rest
cg09176594,YEATS2,3,183776239,-0.04164312361956528,5.0549591912109564e-5,0.030611444253702387,C1_severe_atopic_vs_rest
cg24869851,ZNF789,7,99081553,-0.046952773237704755,5.0730642733788295e-5,0.030627916012884088,C1_severe_atopic_vs_rest
cg14706607,WBP1L,10,102760767,-0.02276336757376785,5.0734949726048326e-5,0.030627916012884088,C1_severe_atopic_vs_rest
cg07564598,WSB1,17,25619946,-0.03712612945050294,5.078645688879404e-5,0.030627916012884088,C1_severe_atopic_vs_rest
cg18879772,LOC100130264,20,19265634,-0.01910129730822851,5.079989978106609e-5,0.030627916012884088,C1_severe_atopic_vs_rest
cg16985652,NR0B2,1,27241897,-0.06555650013774064,5.082363918497679e-5,0.030627916012884088,C1_severe_atopic_vs_rest
cg09934309,COG7,16,23450400,-0.011458372296691758,5.085038728872977e-5,0.030627916012884088,C1_severe_atopic_vs_rest
cg05728440,RHOH,4,40192585,-0.04443133500052881,5.085363287398663e-5,0.030627916012884088,C1_severe_atopic_vs_rest
cg02597924,PTPRK,6,128456021,0.07441694867994264,5.0860334152427656e-5,0.030627916012884088,C1_severe_atopic_vs_rest
cg16500060,NA,7,128921213,-0.044718067539214125,5.11546614720891e-5,0.030783706838738673,C1_severe_atopic_vs_rest
cg23960125,MN1,22,27793316,-0.042984174445992715,5.12111017041867e-5,0.030789911949763233,C1_severe_atopic_vs_rest
cg08824724,NA,19,51469117,-0.07247667203214488,5.126637015194058e-5,0.030789911949763233,C1_severe_atopic_vs_rest
cg26312950,TNRC18,7,5391498,-0.01202614513261435,5.127186339406643e-5,0.030789911949763233,C1_severe_atopic_vs_rest
cg09762120,PLEKHA8,7,30068685,-0.03321254996039189,5.146000236395571e-5,0.030864981430738812,C1_severe_atopic_vs_rest
cg12787836,DOPEY2,21,36164387,-0.05326540016376108,5.1468304466916274e-5,0.030864981430738812,C1_severe_atopic_vs_rest
cg20555018,TCF12,15,57143470,-0.014760667813334115,5.171278372591979e-5,0.03099008701964011,C1_severe_atopic_vs_rest
cg04948529,NA,2,45259350,-0.03553182538804404,5.1908842721782777e-5,0.031086022353232177,C1_severe_atopic_vs_rest
cg20062300,NA,12,32000613,-0.029279100201010985,5.197261405629499e-5,0.031087048335192446,C1_severe_atopic_vs_rest
cg06637168,PHF21A,11,46027112,-0.04862535967145055,5.198250405525079e-5,0.031087048335192446,C1_severe_atopic_vs_rest
cg17542165,NA,9,89304565,-0.050193289441468995,5.2068285274755645e-5,0.031114322068573876,C1_severe_atopic_vs_rest
cg13713152,MAPRE2,18,35085788,-0.07116059856135222,5.213361045336863e-5,0.031114322068573876,C1_severe_atopic_vs_rest
cg00637085,NA,5,127616699,-0.038883936365239985,5.2170942239112536e-5,0.031114322068573876,C1_severe_atopic_vs_rest
cg27515052,NA,8,8655594,-0.026353152332934855,5.217213253844641e-5,0.031114322068573876,C1_severe_atopic_vs_rest
cg01137366,CHD9,16,53086208,-0.0808995960911718,5.224159990045752e-5,0.03112604436054119,C1_severe_atopic_vs_rest
cg12149081,ACOXL,2,111033022,0.09516922955071519,5.2294535229086764e-5,0.03112604436054119,C1_severe_atopic_vs_rest
cg25595500,NA,6,113039167,-0.03740911558621758,5.2299845873765036e-5,0.03112604436054119,C1_severe_atopic_vs_rest
cg04557631,NA,3,101201526,-0.030878689033269756,5.238717243640985e-5,0.031149994689653227,C1_severe_atopic_vs_rest
cg21897843,GAB2,11,78365167,-0.029663827530888448,5.242584672944059e-5,0.031149994689653227,C1_severe_atopic_vs_rest
cg26592446,NA,1,99768757,-0.047856217513249116,5.256276705793343e-5,0.031149994689653227,C1_severe_atopic_vs_rest
cg24475948,RALGPS2,1,178876343,-0.02955693777728643,5.257213207780792e-5,0.031149994689653227,C1_severe_atopic_vs_rest
cg08877322,NA,3,157108024,-0.04032406887966491,5.260853462393551e-5,0.031149994689653227,C1_severe_atopic_vs_rest
cg23452498,NA,5,145510044,-0.04432736313233962,5.262846379675533e-5,0.031149994689653227,C1_severe_atopic_vs_rest
cg01191788,SETD1A,16,30956172,-0.06836850677618456,5.268044937657845e-5,0.03115942210107394,C1_severe_atopic_vs_rest
cg11235829,ATP6V0B,1,43974105,-0.028678169245346562,5.283192486288972e-5,0.031187913540478288,C1_severe_atopic_vs_rest
cg05208050,MOGS,2,74463399,-0.024783324372055864,5.285549923867565e-5,0.031187913540478288,C1_severe_atopic_vs_rest
cg26443922,UNKL,16,1399478,-0.02323001749467798,5.2891409058424346e-5,0.031187913540478288,C1_severe_atopic_vs_rest
cg27658938,VWA2,10,114266625,-0.07712361374682689,5.289858577182291e-5,0.031187913540478288,C1_severe_atopic_vs_rest
cg06197356,MAN1A1,6,119648085,-0.06200432609949493,5.290907299912651e-5,0.031187913540478288,C1_severe_atopic_vs_rest
cg22710238,NA,4,12224722,-0.024818401923944966,5.304477755727732e-5,0.03124659210339217,C1_severe_atopic_vs_rest
cg08667065,GFOD1,6,13414033,-0.07755936133527329,5.314935683477265e-5,0.03128686853370739,C1_severe_atopic_vs_rest
cg04827805,FARS2,6,5567418,-0.04898063387822712,5.332903550592453e-5,0.03137126799898958,C1_severe_atopic_vs_rest
cg27479358,NA,8,20112025,0.09012549313960673,5.344007609631854e-5,0.03141520315563664,C1_severe_atopic_vs_rest
cg04915788,NA,12,25003954,-0.01834488435732878,5.361266695775639e-5,0.03148327188680438,C1_severe_atopic_vs_rest
cg16622231,AKAP2,9,110156073,-0.01903164769722875,5.3628732233884836e-5,0.03148327188680438,C1_severe_atopic_vs_rest
cg17879351,ACCS,11,44071437,-0.0598289046521114,5.37294912262447e-5,0.031521009709532796,C1_severe_atopic_vs_rest
cg11398517,GTSF1L,20,43726985,-0.04735722748023391,5.3766167978534314e-5,0.0315211272666122,C1_severe_atopic_vs_rest
cg13892721,SEC31A,4,83813288,-0.03192715841417602,5.3871513475883055e-5,0.031561475330990706,C1_severe_atopic_vs_rest
cg03512256,RPS6KA2,6,166721763,-0.04477411428007998,5.393460393536575e-5,0.031577029715416115,C1_severe_atopic_vs_rest
cg00527937,TMED3,15,79317077,-0.0799539798250967,5.410653161390581e-5,0.031656240695477275,C1_severe_atopic_vs_rest
cg23532980,GJB3,1,34785134,-0.038533234063910037,5.4144929827265546e-5,0.031657272936462234,C1_severe_atopic_vs_rest
cg03195969,NA,10,6001443,-0.03454652053046549,5.4235055700208475e-5,0.03168852728427759,C1_severe_atopic_vs_rest
cg13174688,MTCL1,18,8801437,-0.058521328915544166,5.4437627300643376e-5,0.031785394937233494,C1_severe_atopic_vs_rest
cg07908654,NA,13,41056916,-0.0709384136578603,5.4567869788758976e-5,0.03181104513003614,C1_severe_atopic_vs_rest
cg02134155,CD99L2,23,150042643,-0.06745332231984778,5.4637088545776714e-5,0.03181104513003614,C1_severe_atopic_vs_rest
cg12167751,REPS1,6,138986276,-0.03648005375231781,5.464519846440581e-5,0.03181104513003614,C1_severe_atopic_vs_rest
cg00173498,NA,8,60999902,0.06436603706134995,5.466561671801219e-5,0.03181104513003614,C1_severe_atopic_vs_rest
cg05026674,TOP1,20,41076084,-0.0561998600399328,5.48393097054497e-5,0.03187531570277332,C1_severe_atopic_vs_rest
cg17738684,IL1RL1,2,102310818,-0.0394819363057729,5.487694740637227e-5,0.03187531570277332,C1_severe_atopic_vs_rest
cg04579314,NA,3,150734126,-0.04262386473202502,5.488672104644403e-5,0.03187531570277332,C1_severe_atopic_vs_rest
cg26423824,KSR1,17,25898825,-0.047504443775500914,5.494838740207051e-5,0.03187722620228655,C1_severe_atopic_vs_rest
cg06723828,PSMD13,11,251223,-0.03583322118816113,5.4963787668612655e-5,0.03187722620228655,C1_severe_atopic_vs_rest
cg25161908,INTS8,8,94853721,-0.026906269126544785,5.509566857914925e-5,0.03193228182026089,C1_severe_atopic_vs_rest
cg14786790,FAM13A,4,88845503,0.09241091670441148,5.525345596853129e-5,0.0320022684196503,C1_severe_atopic_vs_rest
cg00924612,MIB1,18,21754420,-0.04721595157419286,5.544598704688649e-5,0.032092270997013436,C1_severe_atopic_vs_rest
cg16246573,CAPN10,2,240591974,-0.017852950851840577,5.549845824253189e-5,0.03210114035287846,C1_severe_atopic_vs_rest
cg20163101,PIK3CB,3,138688912,-0.040123589031290936,5.554043191709406e-5,0.03210392998128473,C1_severe_atopic_vs_rest
cg27647944,NA,2,217218007,-0.028203156337503393,5.570199463654825e-5,0.03217579550077703,C1_severe_atopic_vs_rest
cg18749651,BACH2,6,90274216,-0.03514338964433728,5.5834385690825036e-5,0.03223072549331853,C1_severe_atopic_vs_rest
cg07416546,GALC,14,87994007,-0.03172991621805484,5.588260594178095e-5,0.03223702649519485,C1_severe_atopic_vs_rest
cg24287994,USP6NL,10,11601805,-0.05381495841282714,5.60368605455732e-5,0.0322830672177803,C1_severe_atopic_vs_rest
cg11215612,KCNJ6,21,37828039,-0.041112040309511245,5.603713331297093e-5,0.0322830672177803,C1_severe_atopic_vs_rest
cg04939326,FAM168A,11,73567008,-0.0255881605339395,5.608187360057819e-5,0.032287317278938604,C1_severe_atopic_vs_rest
cg08830502,NA,16,87554953,0.07505163101085231,5.6255826884774854e-5,0.03234539591486332,C1_severe_atopic_vs_rest
cg26749306,METRNL,17,83085906,-0.04735787930999098,5.6285137767137454e-5,0.03234539591486332,C1_severe_atopic_vs_rest
cg08244199,AHI1,6,135299531,-0.03279593767988148,5.629504468653019e-5,0.03234539591486332,C1_severe_atopic_vs_rest
cg15244958,NA,1,39950107,-0.02826519466176144,5.640461892306318e-5,0.03237843425945805,C1_severe_atopic_vs_rest
cg11960010,ALMS1,2,73504233,-0.04558965738850694,5.6427482659004236e-5,0.03237843425945805,C1_severe_atopic_vs_rest
cg13869641,SMARCC1,3,47643256,-0.030411526244866264,5.648842617942236e-5,0.032391526052931954,C1_severe_atopic_vs_rest
cg23510407,LOC100131303,16,68016287,-0.05055181440693327,5.6525265564184756e-5,0.032391526052931954,C1_severe_atopic_vs_rest
cg08820720,NA,6,88983993,-0.023680467583192994,5.664073359809345e-5,0.032436185036620054,C1_severe_atopic_vs_rest
cg01749347,TFR2,7,100633362,0.02314174052498181,5.676951108446773e-5,0.032488401683884074,C1_severe_atopic_vs_rest
cg18844120,CYP2R1,11,14893677,-0.010627780812537601,5.68386862670334e-5,0.03250216379785085,C1_severe_atopic_vs_rest
cg15331859,PPP2R5C,14,101833025,-0.01629155804362039,5.6868781953117605e-5,0.03250216379785085,C1_severe_atopic_vs_rest
cg04509293,CTNND1,11,57816123,-0.06942854889731791,5.6908578154461675e-5,0.03250341151971868,C1_severe_atopic_vs_rest
cg05581314,TRIM26,6,30209039,-0.0555947852058355,5.703323924018801e-5,0.032535942167894946,C1_severe_atopic_vs_rest
cg05499338,CMIP,16,81484060,-0.05536082896112301,5.704083585336936e-5,0.032535942167894946,C1_severe_atopic_vs_rest
cg14468280,ZNFX1,20,49246439,-0.03317144971311157,5.712691648227055e-5,0.03254482682119973,C1_severe_atopic_vs_rest
cg02150868,GM2A,5,151258320,0.1127090857133399,5.714793765238329e-5,0.03254482682119973,C1_severe_atopic_vs_rest
cg00851361,NA,1,234699876,-0.06558642152271388,5.716939510014579e-5,0.03254482682119973,C1_severe_atopic_vs_rest
cg02702241,LINC00824,8,128524920,-0.02036369361497466,5.732067978888013e-5,0.03258662044248165,C1_severe_atopic_vs_rest
cg26641425,CMTR1,6,37456599,-0.011186811450984848,5.737589035574644e-5,0.03258662044248165,C1_severe_atopic_vs_rest
cg08397390,UXS1,2,106178796,-0.02493193730663503,5.746902674517523e-5,0.03258662044248165,C1_severe_atopic_vs_rest
cg26724455,VTI1A,10,112677764,-0.0637313022914536,5.7501746914538076e-5,0.03258662044248165,C1_severe_atopic_vs_rest
cg14563948,HNRNPLL,2,38600322,-0.04990886217483075,5.751931855509509e-5,0.03258662044248165,C1_severe_atopic_vs_rest
cg18700007,NA,12,66291160,-0.08483850576949475,5.7530671564829943e-5,0.03258662044248165,C1_severe_atopic_vs_rest
cg03401618,DNMT3A,2,25259501,-0.02194719380154812,5.7534362950263494e-5,0.03258662044248165,C1_severe_atopic_vs_rest
cg00734053,PGAP1,2,196928129,-0.06198403081585483,5.7544486149690095e-5,0.03258662044248165,C1_severe_atopic_vs_rest
cg08223760,ERMAP,1,42825538,-0.041194303934491715,5.7628176786701744e-5,0.03261264192965415,C1_severe_atopic_vs_rest
cg15515095,HS2ST1,1,87098027,-0.029921912292086437,5.7740216790154675e-5,0.03265466218563203,C1_severe_atopic_vs_rest
cg17474790,MYOM2,8,2082244,-0.11883007296140086,5.781571000617017e-5,0.03267597216040024,C1_severe_atopic_vs_rest
cg06801957,N4BP2L2,13,33042799,-0.05736988954540824,5.7935294837642636e-5,0.0327107806284148,C1_severe_atopic_vs_rest
cg12561552,NA,1,17121855,-0.054589961531132165,5.798037613662604e-5,0.0327107806284148,C1_severe_atopic_vs_rest
cg19074669,LINC00299,2,8119938,-0.08099846749117447,5.803273645838504e-5,0.0327107806284148,C1_severe_atopic_vs_rest
cg08376577,NA,12,29121779,-0.025732622719994977,5.8052657803442114e-5,0.0327107806284148,C1_severe_atopic_vs_rest
cg06281325,NA,6,106798128,-0.03768418520084797,5.8126039687976727e-5,0.03272295338660877,C1_severe_atopic_vs_rest
cg09701162,NA,8,85978722,0.05468690824536557,5.817464083839685e-5,0.03272899233709786,C1_severe_atopic_vs_rest
cg13836802,NA,9,16337712,-0.033022959478381124,5.821752166693828e-5,0.03273180727620562,C1_severe_atopic_vs_rest
cg00359030,BCAS3,17,61218827,-0.016731362410926497,5.83205421339649e-5,0.03276840905471394,C1_severe_atopic_vs_rest
cg01131089,NA,5,179780290,-0.02804290937145093,5.8438678986708e-5,0.03279362418195014,C1_severe_atopic_vs_rest
cg04933135,AGER,6,32182286,-0.05083970830179836,5.844131731478168e-5,0.03279362418195014,C1_severe_atopic_vs_rest
cg17918185,NA,5,122154979,-0.047540569633749544,5.8545408449553466e-5,0.032821070923349044,C1_severe_atopic_vs_rest
cg13461342,DNM2,19,10760316,-0.03256293094320277,5.856619132259629e-5,0.032821070923349044,C1_severe_atopic_vs_rest
cg13657404,NA,16,15475561,-0.034955609254174604,5.8617572304185235e-5,0.0328285757237889,C1_severe_atopic_vs_rest
cg01865132,XPC,3,14175444,-0.06909773411968458,5.87465431044406e-5,0.03286427516550405,C1_severe_atopic_vs_rest
cg01157771,ST5,11,8697619,-0.05076194085229528,5.877155355985781e-5,0.03286427516550405,C1_severe_atopic_vs_rest
cg11491420,THAP4,2,241603872,-0.01764794933056651,5.880997830702924e-5,0.03286427516550405,C1_severe_atopic_vs_rest
cg10611310,NDST2,10,75569127,-0.0479020558985576,5.88446409143316e-5,0.03286427516550405,C1_severe_atopic_vs_rest
cg09646173,PDE6A,5,149938106,-0.07971612930969553,5.887435519425464e-5,0.03286427516550405,C1_severe_atopic_vs_rest
cg07406419,RBKS,2,27825622,-0.03627897707894443,5.890949998537964e-5,0.03286427516550405,C1_severe_atopic_vs_rest
cg14937228,FAM107B,10,14520036,-0.041933098737452656,5.920098021828185e-5,0.03298841595497594,C1_severe_atopic_vs_rest
cg04141129,BICD1,12,32377762,-0.04284640878360265,5.920837207593998e-5,0.03298841595497594,C1_severe_atopic_vs_rest
cg26831409,MIDN,19,1257078,-0.05775582711783798,5.92640556723986e-5,0.032998165101426925,C1_severe_atopic_vs_rest
cg18409302,CD81,11,2376073,-0.05810222324397352,5.933385899479651e-5,0.03301575847911874,C1_severe_atopic_vs_rest
cg24804622,TGFA,2,70514828,-0.054796730385745285,5.939113544568793e-5,0.03302636324173882,C1_severe_atopic_vs_rest
cg10579797,SERF2,15,44087326,-0.025984634154698996,5.951277001655093e-5,0.033072719765493586,C1_severe_atopic_vs_rest
cg08404225,IL5RA,3,3110215,-0.0740201258127287,5.9556516335151234e-5,0.03307576009257944,C1_severe_atopic_vs_rest
cg22393378,SORD,15,45361788,-0.0626923467176599,5.9735867007070606e-5,0.033154058410978855,C1_severe_atopic_vs_rest
cg21211696,GON4L,1,155771334,-0.04316354179808932,5.9775138530892306e-5,0.033154560662225704,C1_severe_atopic_vs_rest
cg18135530,ADIPOR2,12,1781809,-0.04081625189720765,5.9848785880062415e-5,0.03317411675165343,C1_severe_atopic_vs_rest
cg13400109,EYA3,1,28058379,-0.03638818810423311,5.993750232602618e-5,0.0332019951987437,C1_severe_atopic_vs_rest
cg22759096,C6orf134,6,30626519,-0.03656163035572364,6.006820834303028e-5,0.033221793699336574,C1_severe_atopic_vs_rest
cg07467736,NA,22,42335749,-0.03262114146444988,6.007649635001607e-5,0.033221793699336574,C1_severe_atopic_vs_rest
cg01063112,PARN,16,14523397,-0.04529526603138031,6.016191824834956e-5,0.033221793699336574,C1_severe_atopic_vs_rest
cg00014825,PITPNC1,17,65602810,-0.05382567057435762,6.016827491311572e-5,0.033221793699336574,C1_severe_atopic_vs_rest
cg08758734,SYNDIG1,20,24650311,-0.08396298248436894,6.019033536806826e-5,0.033221793699336574,C1_severe_atopic_vs_rest
cg27462081,MAPK13,6,36109728,-0.04070905686880713,6.020390965149775e-5,0.033221793699336574,C1_severe_atopic_vs_rest
cg03424239,CACNA1F,23,49209730,-0.05263332810762282,6.0338537549628796e-5,0.033274835928900334,C1_severe_atopic_vs_rest
cg15794584,MFSD6,2,190467274,-0.0676998518590025,6.0399792842258286e-5,0.03328737358687703,C1_severe_atopic_vs_rest
cg10363371,AXIN1,16,357654,-0.0615201115327581,6.044790924278655e-5,0.03329265880686583,C1_severe_atopic_vs_rest
cg26123466,NA,3,122355441,-0.08254438336762368,6.053894713250292e-5,0.03332156193786412,C1_severe_atopic_vs_rest
cg12703853,ATXN1,6,16518766,-0.023741483217592257,6.0607001010457225e-5,0.03333778557427666,C1_severe_atopic_vs_rest
cg01003257,CHST11,12,104662433,-0.04358170701719736,6.079339227113724e-5,0.03339779498912129,C1_severe_atopic_vs_rest
cg23490695,PREX1,20,48798605,-0.021489817090131334,6.089008741053585e-5,0.0334058430211398,C1_severe_atopic_vs_rest
cg27093563,PHF21A,11,45997766,-0.0512660407731433,6.090749865513288e-5,0.0334058430211398,C1_severe_atopic_vs_rest
cg18752801,NA,14,22508630,-0.031185472713746575,6.092401406386415e-5,0.0334058430211398,C1_severe_atopic_vs_rest
cg09680794,NA,11,128628441,-0.030567644111739484,6.1003178138730965e-5,0.033424171105930295,C1_severe_atopic_vs_rest
cg09880969,ASPH,8,61661300,0.0795541568311588,6.104600186657059e-5,0.033424171105930295,C1_severe_atopic_vs_rest
cg02233915,HSD17B12,11,43738802,-0.06037249326982064,6.107347570365392e-5,0.033424171105930295,C1_severe_atopic_vs_rest
cg10671836,NA,12,8886667,-0.04686093760111524,6.114773235820609e-5,0.03344362988152438,C1_severe_atopic_vs_rest
cg16745930,HPSE2,10,98461052,-0.046599940646081216,6.126472383754759e-5,0.03347766802854219,C1_severe_atopic_vs_rest
cg06259584,PCNA,20,5122947,-0.06609857773314633,6.128744806602745e-5,0.03347766802854219,C1_severe_atopic_vs_rest
cg20772106,CCNY,10,35365155,-0.04125431620753334,6.14609183802811e-5,0.033551216386706675,C1_severe_atopic_vs_rest
cg02969453,LRRN2,1,204653411,-0.04718184058745058,6.161849875366202e-5,0.033616003115514236,C1_severe_atopic_vs_rest
cg18270217,RHOBTB2,8,22995315,0.08006753556150446,6.166548215689324e-5,0.03362040992860795,C1_severe_atopic_vs_rest
cg06737870,PHACTR4,1,28437642,0.06703680950103252,6.183810813379833e-5,0.03369326911730019,C1_severe_atopic_vs_rest
cg10054083,NA,16,4152450,-0.061172346370359384,6.195010556653005e-5,0.033733023078467594,C1_severe_atopic_vs_rest
cg13947871,LOC102724601,1,174157408,-0.08077992152302217,6.203700606781054e-5,0.03375630291141054,C1_severe_atopic_vs_rest
cg18197808,NA,12,46382573,-0.029674759832404786,6.213352611348939e-5,0.03375630291141054,C1_severe_atopic_vs_rest
cg09994537,ZHX3,20,41262325,-0.05158518652041914,6.216825619678624e-5,0.03375630291141054,C1_severe_atopic_vs_rest
cg04004607,TMEM8A,16,372053,-0.05045845866884125,6.218521573069802e-5,0.03375630291141054,C1_severe_atopic_vs_rest
cg23818739,FARP2,2,241372949,-0.048104168319359396,6.218817318592744e-5,0.03375630291141054,C1_severe_atopic_vs_rest
cg19671311,MLXIP,12,122112216,-0.06758467289973082,6.22736252856929e-5,0.033781467569291956,C1_severe_atopic_vs_rest
cg16953142,CYSTM1,5,140217618,-0.035975989350840676,6.235893029089408e-5,0.03378754659954381,C1_severe_atopic_vs_rest
cg04657066,NA,1,23198642,-0.016559649436246136,6.236302968259331e-5,0.03378754659954381,C1_severe_atopic_vs_rest
cg10354401,CHMP3,2,86561902,-0.0354646376412355,6.244300104938531e-5,0.03380082081193868,C1_severe_atopic_vs_rest
cg09569409,NA,2,64483096,-0.07002950526042806,6.249167979615354e-5,0.03380082081193868,C1_severe_atopic_vs_rest
cg02195201,NA,11,19114404,-0.03979666051753988,6.252740344721081e-5,0.03380082081193868,C1_severe_atopic_vs_rest
cg21486973,NA,3,151974354,-0.0775110267275708,6.256636683846074e-5,0.03380082081193868,C1_severe_atopic_vs_rest
cg26922243,NA,12,106416232,-0.028175439555105073,6.261540535406982e-5,0.03380082081193868,C1_severe_atopic_vs_rest
cg23029518,ATG10,5,82111363,-0.04314024036726382,6.265440103369933e-5,0.03380082081193868,C1_severe_atopic_vs_rest
cg21746109,LFNG,7,2518453,-0.011598275916499617,6.266133150270527e-5,0.03380082081193868,C1_severe_atopic_vs_rest
cg10897344,TMEM180,10,102467356,-0.07269689806670422,6.281015223201197e-5,0.033859961741483216,C1_severe_atopic_vs_rest
cg09779536,NA,1,28096488,-0.033881565696055854,6.294979504088111e-5,0.033914084341750306,C1_severe_atopic_vs_rest
cg15046472,SLC38A1,12,46210996,-0.03750647163108868,6.307281525210823e-5,0.033944132489285614,C1_severe_atopic_vs_rest
cg26408927,CACNA1D,3,53725696,-0.041818979286469916,6.308412961816057e-5,0.033944132489285614,C1_severe_atopic_vs_rest
cg24292404,TMEM131,2,97911087,-0.022613556295455788,6.320966215558948e-5,0.0339905139832464,C1_severe_atopic_vs_rest
cg14381040,NA,6,25733015,-0.015639159725587642,6.338552794971618e-5,0.03406303850761007,C1_severe_atopic_vs_rest
cg14414338,PHF12,17,28928336,-0.04101958918195875,6.342336644333937e-5,0.03406303850761007,C1_severe_atopic_vs_rest
cg13739510,NA,6,118776972,-0.02475937536676067,6.355705068286067e-5,0.034113635069376036,C1_severe_atopic_vs_rest
cg17552357,NA,17,78936250,-0.012209840393590911,6.366810461752901e-5,0.03415202975881249,C1_severe_atopic_vs_rest
cg01978458,TTYH3,7,2683257,-0.06560852563535056,6.38922525229597e-5,0.034251003599392475,C1_severe_atopic_vs_rest
cg08093493,MCF2L2,3,183207977,-0.03271731989108905,6.401690282544698e-5,0.03429654966547778,C1_severe_atopic_vs_rest
cg07161341,TBC1D1,4,38109311,-0.05332094804504705,6.420471671443712e-5,0.03437585771884403,C1_severe_atopic_vs_rest
cg00621366,NA,1,226135145,-0.03596824335652906,6.442855362596532e-5,0.034461206094472285,C1_severe_atopic_vs_rest
cg00869582,SNX29,16,12470888,-0.05406558920010597,6.445384127895083e-5,0.034461206094472285,C1_severe_atopic_vs_rest
cg18974164,PVRL1,11,119693437,-0.052673125285200635,6.44837600963276e-5,0.034461206094472285,C1_severe_atopic_vs_rest
cg00077264,NA,2,127176982,0.06008866856497155,6.45760579351079e-5,0.03447301686359283,C1_severe_atopic_vs_rest
cg08596772,WNT2B,1,113013807,0.07162916577508152,6.458564500476397e-5,0.03447301686359283,C1_severe_atopic_vs_rest
cg19138773,NA,8,42783962,-0.030492355466422094,6.469250859140956e-5,0.03450874116313812,C1_severe_atopic_vs_rest
cg26997652,TMOD3,15,52157096,-0.06167269692310861,6.48235568309664e-5,0.034522719712203005,C1_severe_atopic_vs_rest
cg15136398,NA,2,201790380,-0.04529653486429026,6.482859116057448e-5,0.034522719712203005,C1_severe_atopic_vs_rest
cg24398923,EPB41L2,6,130927510,-0.04558462919504794,6.483856323066483e-5,0.034522719712203005,C1_severe_atopic_vs_rest
cg13077072,PIAS1,15,68184567,-0.036873922837822544,6.51010498335195e-5,0.03463462146960691,C1_severe_atopic_vs_rest
cg19881557,NA,14,20499267,-0.09488451745963863,6.515872545988082e-5,0.03463462146960691,C1_severe_atopic_vs_rest
cg07033790,SMAD5,5,136143447,-0.035421421058133555,6.517795985213972e-5,0.03463462146960691,C1_severe_atopic_vs_rest
cg18927901,PNPLA1,6,36238043,-0.07239865432670207,6.524421228727195e-5,0.03463462146960691,C1_severe_atopic_vs_rest
cg14036745,NA,11,9597005,-0.06162286110673298,6.5255078172764e-5,0.03463462146960691,C1_severe_atopic_vs_rest
cg21239418,C11orf42,11,6204390,-0.03741502286242186,6.531391998565775e-5,0.03463462146960691,C1_severe_atopic_vs_rest
cg19774732,RNF123,3,49726594,-0.029339085874822195,6.533378029275986e-5,0.03463462146960691,C1_severe_atopic_vs_rest
cg11427173,ITGB2,21,44910988,-0.05781103737208922,6.539044882272242e-5,0.03463462146960691,C1_severe_atopic_vs_rest
cg03691530,PVT1,8,127822686,-0.03398539497138949,6.54094444477343e-5,0.03463462146960691,C1_severe_atopic_vs_rest
cg11343641,NA,2,70420170,-0.03390856232839303,6.550705153980569e-5,0.0346544287161936,C1_severe_atopic_vs_rest
cg23464586,NA,10,114687523,-0.042235605285143224,6.554946513942029e-5,0.0346544287161936,C1_severe_atopic_vs_rest
cg07477088,NA,9,134564899,-0.015903414391488492,6.556715826726842e-5,0.0346544287161936,C1_severe_atopic_vs_rest
cg17738841,NA,2,30871497,-0.06248674920434587,6.574197728616521e-5,0.03467895770808658,C1_severe_atopic_vs_rest
cg07921748,SPECC1,17,20092834,-0.027333044294938835,6.578053757996428e-5,0.03467895770808658,C1_severe_atopic_vs_rest
cg20423367,LINC01412,2,144565916,-0.021274608872069355,6.58123136628529e-5,0.03467895770808658,C1_severe_atopic_vs_rest
cg18456549,FAM70A,23,120259829,-0.06039614068745953,6.600536305758926e-5,0.03473350145254887,C1_severe_atopic_vs_rest
cg26413708,TRERF1,6,42339070,-0.052355757165140765,6.605031368198808e-5,0.03473350145254887,C1_severe_atopic_vs_rest
cg12198977,NA,2,38396247,-0.08130738514248782,6.606986588854325e-5,0.03473350145254887,C1_severe_atopic_vs_rest
cg00956679,NA,14,76996263,-0.01223296825474082,6.6177519435371e-5,0.03473350145254887,C1_severe_atopic_vs_rest
cg22394014,USP1,1,62450342,-0.05475259352601423,6.624339579703436e-5,0.03473350145254887,C1_severe_atopic_vs_rest
cg22701846,CEP85,1,26248082,-0.04795814599976641,6.625465785628534e-5,0.03473350145254887,C1_severe_atopic_vs_rest
cg24194194,EXOC3,5,445904,-0.022131761331078775,6.627112451818931e-5,0.03473350145254887,C1_severe_atopic_vs_rest
cg01445399,LOC339524,1,87131251,-0.06089048556492556,6.627480339347143e-5,0.03473350145254887,C1_severe_atopic_vs_rest
cg17971251,SEC16B,1,177938162,-0.06672858849980369,6.627947848903097e-5,0.03473350145254887,C1_severe_atopic_vs_rest
cg04214828,NA,5,68406779,-0.05301808508780062,6.637168849598656e-5,0.03476074385283866,C1_severe_atopic_vs_rest
cg17862837,BRE,2,28327664,-0.03472615663912367,6.66217493813853e-5,0.0348705741801471,C1_severe_atopic_vs_rest
cg07386061,NISCH,3,52458858,-0.06575233242299662,6.66662971512884e-5,0.03487276877474587,C1_severe_atopic_vs_rest
cg05804736,NA,17,16877012,-0.06382291831770258,6.685094211925747e-5,0.03494820044418668,C1_severe_atopic_vs_rest
cg12689506,NA,7,100607835,-0.032404394435711366,6.6938744911076e-5,0.03497294455404845,C1_severe_atopic_vs_rest
cg14260098,STON1-GTF2A1L,2,48607880,-0.041002428465649214,6.70196748859366e-5,0.034994070146242826,C1_severe_atopic_vs_rest
cg14501993,LOC100505736,2,28161742,-0.03407591512715642,6.710354540407207e-5,0.03501394253543316,C1_severe_atopic_vs_rest
cg05365320,KIF21B,1,201002211,-0.022323523095525998,6.713877047233907e-5,0.03501394253543316,C1_severe_atopic_vs_rest
cg01399296,MED13L,12,116144824,-0.018235491600822672,6.725736261306548e-5,0.03503350477203482,C1_severe_atopic_vs_rest
cg09814484,NA,1,26173856,-0.016320202548445035,6.734896222598752e-5,0.03504983253576586,C1_severe_atopic_vs_rest
cg22913471,NA,10,6593364,-0.07527229037831294,6.736982827315922e-5,0.03504983253576586,C1_severe_atopic_vs_rest
cg10454881,CELF2,10,11098991,-0.04185331463028091,6.741371260873047e-5,0.03505156111808644,C1_severe_atopic_vs_rest
cg06424947,CLTCL1,22,19191538,-0.035897374684250034,6.75081946526683e-5,0.03507957993114409,C1_severe_atopic_vs_rest
cg21072150,NA,20,48012752,-0.06003523033826983,6.757806013862196e-5,0.03509478114477791,C1_severe_atopic_vs_rest
cg16496016,HDAC4,2,239236700,-0.026384146187267535,6.767263105574749e-5,0.0351227864697215,C1_severe_atopic_vs_rest
cg01613077,RASSF2,20,4783631,-0.04485444402688204,6.797244777966088e-5,0.035257218903775214,C1_severe_atopic_vs_rest
cg15741159,NA,1,110073011,-0.02299836006274949,6.812998613789161e-5,0.035306636618583076,C1_severe_atopic_vs_rest
cg00664743,OSBP2,22,30904266,-0.02194094678012184,6.814943421967035e-5,0.035306636618583076,C1_severe_atopic_vs_rest
cg27300125,NA,2,64485866,-0.09037003605933021,6.819800989204247e-5,0.03531063310019669,C1_severe_atopic_vs_rest
cg13135255,CREBBP,16,3843133,-0.08602094659952819,6.828595630321118e-5,0.03531669262521665,C1_severe_atopic_vs_rest
cg19551575,TMEM87B,2,112089498,-0.015608716638572296,6.829145031977827e-5,0.03531669262521665,C1_severe_atopic_vs_rest
cg03755957,TDG,12,103969497,-0.03866632623642494,6.838980100428766e-5,0.03534640150565622,C1_severe_atopic_vs_rest
cg12534265,MAN1C1,1,25766482,-0.0626105779324537,6.848164284931314e-5,0.03537271287000577,C1_severe_atopic_vs_rest
cg13010209,PVRL1,11,119697154,-0.07421905793657317,6.860824177991355e-5,0.035416935095935395,C1_severe_atopic_vs_rest
cg18402973,NA,4,37716179,-0.030134226516333178,6.873816765933668e-5,0.03543608600876499,C1_severe_atopic_vs_rest
cg21830206,ACTN4,19,38686277,-0.06773326675841745,6.880067720665537e-5,0.03543608600876499,C1_severe_atopic_vs_rest
cg13789353,UQCC1,20,33906531,-0.07795809566225485,6.888486918528596e-5,0.03543608600876499,C1_severe_atopic_vs_rest
cg24143196,TECR,19,14533662,-0.01962884271832406,6.888833910560717e-5,0.03543608600876499,C1_severe_atopic_vs_rest
cg19807716,ANGPTL1,1,178863624,-0.05961525659657885,6.889672730020894e-5,0.03543608600876499,C1_severe_atopic_vs_rest
cg00946598,KDM4A,1,43651422,-0.04131743036630516,6.89016824530747e-5,0.03543608600876499,C1_severe_atopic_vs_rest
cg23554907,SMG6,17,2082419,-0.016200467271103365,6.897246303236748e-5,0.03543608600876499,C1_severe_atopic_vs_rest
cg21761971,NA,8,123760949,-0.04781695811198264,6.904945584424547e-5,0.03543608600876499,C1_severe_atopic_vs_rest
cg19260922,ERC1,12,1304515,-0.056484534933596064,6.907444226553592e-5,0.03543608600876499,C1_severe_atopic_vs_rest
cg02803925,PCYT1A,3,196247429,-0.08396099103620451,6.9084659863499e-5,0.03543608600876499,C1_severe_atopic_vs_rest
cg07687479,NA,8,38092397,-0.02886556290863354,6.914253649838155e-5,0.03543608600876499,C1_severe_atopic_vs_rest
cg06608224,KIAA0100,17,28646475,-0.04727510843400425,6.928430107832557e-5,0.03543608600876499,C1_severe_atopic_vs_rest
cg15125053,NA,8,143131758,-0.013897427156608229,6.92887205973093e-5,0.03543608600876499,C1_severe_atopic_vs_rest
cg02209805,HSPA5,9,128004908,-0.04655518503432522,6.93003384940317e-5,0.03543608600876499,C1_severe_atopic_vs_rest
cg10631834,B4GALT1,9,33157201,0.07715995098383623,6.933756305652643e-5,0.03543608600876499,C1_severe_atopic_vs_rest
cg20967622,NFAM1,22,42391500,-0.05718873377343299,6.937569618101933e-5,0.03543608600876499,C1_severe_atopic_vs_rest
cg19978788,RNF123,3,49726581,-0.04287945864638754,6.939591246944276e-5,0.03543608600876499,C1_severe_atopic_vs_rest
cg06999195,ACAD10,12,111730579,-0.04427512162046887,6.939700009593514e-5,0.03543608600876499,C1_severe_atopic_vs_rest
cg10653297,LOC285033,2,96240094,-0.027549842848013924,6.942446885830169e-5,0.03543608600876499,C1_severe_atopic_vs_rest
cg12258670,LTBP2,14,74602338,-0.06420416956158091,6.957037046586062e-5,0.03548723563381328,C1_severe_atopic_vs_rest
cg14137282,NA,19,1937110,-0.048002384741001845,6.960681037515797e-5,0.03548723563381328,C1_severe_atopic_vs_rest
cg04171829,CYP2B6,19,41497636,-0.04999936398995129,6.968436143861883e-5,0.0354887029600127,C1_severe_atopic_vs_rest
cg07693617,PRKCZ,1,2150545,-0.06540742439152157,6.980665192492595e-5,0.0354887029600127,C1_severe_atopic_vs_rest
cg07948085,NA,10,9763377,-0.057716798251130325,6.98165339943465e-5,0.0354887029600127,C1_severe_atopic_vs_rest
cg17263719,MEAF6,1,37495889,-0.016100911950149486,6.98180992399898e-5,0.0354887029600127,C1_severe_atopic_vs_rest
cg14756780,MYH11,16,15794549,-0.052448315371201835,6.986618601244575e-5,0.0354887029600127,C1_severe_atopic_vs_rest
cg10902548,LOC729970,1,94951674,-0.08551136631574642,6.98906639150259e-5,0.0354887029600127,C1_severe_atopic_vs_rest
cg12157806,EPS15L1,19,16399390,-0.025232314415155128,6.999052471260019e-5,0.0354887029600127,C1_severe_atopic_vs_rest
cg00497086,PRKCB,16,23858279,-0.05861048955574943,6.99916172380142e-5,0.0354887029600127,C1_severe_atopic_vs_rest
cg14503079,NA,22,36422728,-0.052600251226539184,6.99957259615347e-5,0.0354887029600127,C1_severe_atopic_vs_rest
cg07925553,NA,19,46190065,-0.030743054229813837,7.006416238523049e-5,0.0354887029600127,C1_severe_atopic_vs_rest
cg14436861,WEE1,11,9610239,-0.05060212855685095,7.006686152978007e-5,0.0354887029600127,C1_severe_atopic_vs_rest
cg21146801,TMEM154,4,152634572,-0.07152349682424802,7.010250043133809e-5,0.0354887029600127,C1_severe_atopic_vs_rest
cg00658852,NA,14,75424171,-0.03305086487765657,7.024330808152711e-5,0.03553097014429516,C1_severe_atopic_vs_rest
cg00827939,NA,22,39452847,-0.07017917625165523,7.026822593316966e-5,0.03553097014429516,C1_severe_atopic_vs_rest
cg07778428,PAXBP1,21,32757890,-0.0668934553286846,7.035902083983814e-5,0.03555607519110398,C1_severe_atopic_vs_rest
cg13914486,NA,10,6075361,-0.07393032282191116,7.053811334057469e-5,0.035625746183217004,C1_severe_atopic_vs_rest
cg12094615,TMEM212-AS1,3,171883982,-0.030415134298179804,7.064198654879958e-5,0.03565736796735879,C1_severe_atopic_vs_rest
cg07420170,LINC00486,2,32837369,-0.030738863039763538,7.108699262827141e-5,0.03586104311366375,C1_severe_atopic_vs_rest
cg10190756,NA,18,31197972,-0.07338390452665526,7.126640348944246e-5,0.03593057474224544,C1_severe_atopic_vs_rest
cg22839412,KLF13,15,31339638,-0.05311405171370969,7.153719841898054e-5,0.03604607177152121,C1_severe_atopic_vs_rest
cg01846692,SLC25A3,12,98592955,-0.05148512585101759,7.16264530610859e-5,0.036058234907411335,C1_severe_atopic_vs_rest
cg22286425,NDRG1,8,134262129,-0.07674381265255549,7.164479088866919e-5,0.036058234907411335,C1_severe_atopic_vs_rest
cg08310863,NA,6,111390240,-0.05598064025362099,7.174015119350127e-5,0.03606765902583399,C1_severe_atopic_vs_rest
cg10955092,FHL2,2,105400550,-0.022365098762031046,7.178229961361193e-5,0.03606765902583399,C1_severe_atopic_vs_rest
cg14482889,ZNF740,12,53186881,-0.01536731366578979,7.180875239551922e-5,0.03606765902583399,C1_severe_atopic_vs_rest
cg19702404,NA,17,29388511,-0.028445510532632324,7.183046638028992e-5,0.03606765902583399,C1_severe_atopic_vs_rest
cg03795847,ZNF167,3,44555020,-0.03757398590123028,7.195027093150595e-5,0.03610683538095397,C1_severe_atopic_vs_rest
cg14599125,NA,7,35754058,-0.0226301905719679,7.202788568320457e-5,0.036111166072300846,C1_severe_atopic_vs_rest
cg16119505,PTBP2,1,96720908,-0.07269911832072876,7.216672955035326e-5,0.036111166072300846,C1_severe_atopic_vs_rest
cg09480190,KIAA0182,16,85638165,-0.05534157289022394,7.216817619218777e-5,0.036111166072300846,C1_severe_atopic_vs_rest
cg22327816,ZNF852,3,44511534,-0.026702318765235027,7.228291902019616e-5,0.036111166072300846,C1_severe_atopic_vs_rest
cg27040525,SIGLEC8,19,51962338,-0.05897471396334403,7.228983745548202e-5,0.036111166072300846,C1_severe_atopic_vs_rest
cg15785456,SYNJ2,6,158048101,-0.019454727837422966,7.233010588288974e-5,0.036111166072300846,C1_severe_atopic_vs_rest
cg25505775,MBOAT1,6,20204407,-0.03993358153593623,7.236137006458756e-5,0.036111166072300846,C1_severe_atopic_vs_rest
cg21824343,WDR81,17,1730420,-0.05540671385732658,7.236534456274195e-5,0.036111166072300846,C1_severe_atopic_vs_rest
cg10580067,MIR1302-4,2,207269914,-0.023839227742281702,7.237678051688252e-5,0.036111166072300846,C1_severe_atopic_vs_rest
cg13845211,ERAP2,5,96874527,-0.05588317991423006,7.243416313979264e-5,0.0361189422651922,C1_severe_atopic_vs_rest
cg23255123,NA,4,2515936,-0.035908386803414606,7.263758271156165e-5,0.036179994150553736,C1_severe_atopic_vs_rest
cg12077460,MFHAS1,8,8844543,-0.08133092271547404,7.264033393570891e-5,0.036179994150553736,C1_severe_atopic_vs_rest
cg07743551,NA,10,88086767,-0.05938261986876461,7.30060367577887e-5,0.0363290199024127,C1_severe_atopic_vs_rest
cg20072505,CAMK1D,10,12414490,-0.05033605401279593,7.305957794556768e-5,0.0363290199024127,C1_severe_atopic_vs_rest
cg24834846,NA,9,83650066,-0.019264046240682238,7.308435159133209e-5,0.0363290199024127,C1_severe_atopic_vs_rest
cg00965635,LINC00310,21,34186281,-0.030086201797155984,7.310770050904896e-5,0.0363290199024127,C1_severe_atopic_vs_rest
cg10631361,NA,18,46162265,-0.024496915995681386,7.318150099272928e-5,0.03633137834936575,C1_severe_atopic_vs_rest
cg16622018,EXOSC4,8,144080123,-0.058903480379052596,7.330943861342782e-5,0.036366531570993614,C1_severe_atopic_vs_rest
cg09427417,ACAD10,12,111756766,-0.012270624418880596,7.39314119722871e-5,0.0366540318523671,C1_severe_atopic_vs_rest
cg03892034,SLC38A2,12,46370093,-0.07297708009375092,7.410431163067532e-5,0.03667638361545065,C1_severe_atopic_vs_rest
cg14785542,PPM1A,14,60245605,-0.04801801675670288,7.410645173379113e-5,0.03667638361545065,C1_severe_atopic_vs_rest
cg03060158,IP6K2,3,48718423,-0.04903513215826249,7.414407947416583e-5,0.03667638361545065,C1_severe_atopic_vs_rest
cg03850588,CBFB,16,67041270,-0.05731502380415987,7.414626382417941e-5,0.03667638361545065,C1_severe_atopic_vs_rest
cg12782656,NA,1,198533217,-0.015269080692920493,7.423245649525825e-5,0.03669302412222331,C1_severe_atopic_vs_rest
cg26328191,ZCCHC11,1,52526009,-0.013847761814415268,7.428239881411588e-5,0.03669302412222331,C1_severe_atopic_vs_rest
cg19232164,REXO2,11,114450002,-0.02919833497037602,7.430728878008823e-5,0.03669302412222331,C1_severe_atopic_vs_rest
cg26543333,NFIC,19,3397720,-0.05251330973604964,7.446386912875914e-5,0.03674934405217331,C1_severe_atopic_vs_rest
cg20433238,ERMN,2,157326822,-0.042044879479202595,7.451417808913713e-5,0.03675318266214842,C1_severe_atopic_vs_rest
cg05736642,HTT,4,3121405,-0.045310512784418625,7.462024834982653e-5,0.036771784708520265,C1_severe_atopic_vs_rest
cg07453055,NA,1,11786594,-0.06639011308657368,7.463699717034103e-5,0.036771784708520265,C1_severe_atopic_vs_rest
cg19419519,LGALS4,19,38813058,-0.03181882382337129,7.492845255906948e-5,0.03689434309733619,C1_severe_atopic_vs_rest
cg12807206,GPD2,2,156467945,-0.03267196863273643,7.504744452139491e-5,0.0369318902494604,C1_severe_atopic_vs_rest
cg13938231,NA,16,84691624,-0.037041758437607396,7.531216032971896e-5,0.036980415958895285,C1_severe_atopic_vs_rest
cg02875645,PAFAH2,1,25993734,-0.05546352174009786,7.535759535162696e-5,0.036980415958895285,C1_severe_atopic_vs_rest
cg16641029,TNS3,7,47520772,0.09296320900506377,7.536056321073166e-5,0.036980415958895285,C1_severe_atopic_vs_rest
cg02536712,YLPM1,14,74834503,-0.014990992148367502,7.537884623494428e-5,0.036980415958895285,C1_severe_atopic_vs_rest
cg06556098,SELL,1,169674982,-0.026294340199666085,7.53936435128341e-5,0.036980415958895285,C1_severe_atopic_vs_rest
cg00656959,SMAD2,18,47888433,-0.03479609252886027,7.542679405910072e-5,0.036980415958895285,C1_severe_atopic_vs_rest
cg15321231,TPM3,1,154178936,-0.034986512250057764,7.547070342549847e-5,0.036980415958895285,C1_severe_atopic_vs_rest
cg20267283,ZBTB48,1,6585111,-0.08227977647048342,7.548840221568808e-5,0.036980415958895285,C1_severe_atopic_vs_rest
cg03753785,C1orf107,1,209827214,-0.0162301413562303,7.561750414456826e-5,0.03702267277140904,C1_severe_atopic_vs_rest
cg16128068,NFATC2,20,51460852,-0.04206925233079955,7.579734129706612e-5,0.03705399406923291,C1_severe_atopic_vs_rest
cg08088566,ANO9,11,430123,-0.01803973775926544,7.5798179387829e-5,0.03705399406923291,C1_severe_atopic_vs_rest
cg00092426,UBR1,15,43017342,-0.045435847440034954,7.584377711885905e-5,0.03705399406923291,C1_severe_atopic_vs_rest
cg06496803,TBC1D14,4,6939188,0.08553936757900742,7.585299288605826e-5,0.03705399406923291,C1_severe_atopic_vs_rest
cg11841710,SYNDIG1,20,24650346,-0.04517519594249114,7.600049405255928e-5,0.037105072845484297,C1_severe_atopic_vs_rest
cg08198075,PKIB,6,122712391,-0.04728514566836269,7.608382989448649e-5,0.03712478473799,C1_severe_atopic_vs_rest
cg18460809,BAG2,6,57183251,-0.0375517142343891,7.616782211180068e-5,0.03714479447717651,C1_severe_atopic_vs_rest
cg01325448,PTPRE,10,128000902,-0.07550264382524653,7.634098902200968e-5,0.03720824497763548,C1_severe_atopic_vs_rest
cg16472853,THADA,2,43371820,-0.027039952016528146,7.642747735415614e-5,0.037229401020602446,C1_severe_atopic_vs_rest
cg18841796,RAPGEF6,5,131630741,-0.07575969872252107,7.666581886607346e-5,0.03730285455058536,C1_severe_atopic_vs_rest
cg10577511,CLASP1,2,121519664,-0.03629302180263398,7.670528886973123e-5,0.03730285455058536,C1_severe_atopic_vs_rest
cg00729986,CSDE1,1,114719585,-0.06145292636961896,7.671800808324472e-5,0.03730285455058536,C1_severe_atopic_vs_rest
cg06866757,FBXO7,22,32477872,-0.0699999918158592,7.675093663029278e-5,0.03730285455058536,C1_severe_atopic_vs_rest
cg24447108,ACSM1,16,20692529,-0.040399349000668584,7.692684732297448e-5,0.03735018755360302,C1_severe_atopic_vs_rest
cg16348111,MAP3K7CL,21,29130785,-0.024636254258336786,7.693476824148226e-5,0.03735018755360302,C1_severe_atopic_vs_rest
cg06740995,CAPN2,1,223705739,-0.02883874668073779,7.720560953040071e-5,0.03746062991966021,C1_severe_atopic_vs_rest
cg16118999,DENND1A,9,123863165,0.11217312141777162,7.731740419787435e-5,0.037493821252750574,C1_severe_atopic_vs_rest
cg03784654,PTEN,10,87926341,-0.025362648109218216,7.745341064589396e-5,0.037524488714614106,C1_severe_atopic_vs_rest
cg01367204,KLF1,19,12887600,-0.050276802158342015,7.746749167608425e-5,0.037524488714614106,C1_severe_atopic_vs_rest
cg17384357,NA,10,31698766,-0.027542215814135105,7.753773244894445e-5,0.03753747146847072,C1_severe_atopic_vs_rest
cg24099241,ITPKC,19,40735719,-0.028042886944141854,7.76128031899633e-5,0.03755277665297489,C1_severe_atopic_vs_rest
cg06468626,FAM196B,5,169982231,-0.06422380516959612,7.771995106410001e-5,0.03755996620211415,C1_severe_atopic_vs_rest
cg00419796,DGKI,7,137668176,-0.04458863765932073,7.782298295590832e-5,0.03755996620211415,C1_severe_atopic_vs_rest
cg26787239,IL4,5,132672833,-0.0544183654858518,7.788392998824714e-5,0.03755996620211415,C1_severe_atopic_vs_rest
cg19420497,NA,13,48808927,-0.03142839808720377,7.78872878590027e-5,0.03755996620211415,C1_severe_atopic_vs_rest
cg11698890,MGAT4A,2,98637847,-0.06046188603280354,7.796144533118729e-5,0.03755996620211415,C1_severe_atopic_vs_rest
cg19021988,NA,10,133246437,-0.035826275517559986,7.800842655245895e-5,0.03755996620211415,C1_severe_atopic_vs_rest
cg27531843,NA,4,169059456,-0.04250026466091261,7.805455852871725e-5,0.03755996620211415,C1_severe_atopic_vs_rest
cg22777962,UBASH3B,11,122742111,0.0837876057241908,7.805913020861259e-5,0.03755996620211415,C1_severe_atopic_vs_rest
cg27071152,LOC646999,7,39609844,0.01668154415262593,7.807022463140478e-5,0.03755996620211415,C1_severe_atopic_vs_rest
cg22532234,CLC,19,39738575,-0.06374361545235538,7.80935363725163e-5,0.03755996620211415,C1_severe_atopic_vs_rest
cg20835781,NA,7,75741148,0.053960905189081254,7.810577220812905e-5,0.03755996620211415,C1_severe_atopic_vs_rest
cg25648724,NA,1,119656329,-0.013191557106810785,7.825899174485704e-5,0.03759397342490089,C1_severe_atopic_vs_rest
cg22651048,AUTS2,7,70710581,-0.05383923262720563,7.830077945672038e-5,0.03759397342490089,C1_severe_atopic_vs_rest
cg23041973,NA,15,59696540,-0.02704727908785873,7.834185844011636e-5,0.03759397342490089,C1_severe_atopic_vs_rest
cg25597805,LINC00114,21,38742142,-0.06805870245426125,7.835050562661025e-5,0.03759397342490089,C1_severe_atopic_vs_rest
cg10687936,ZNF148,3,125366478,-0.05538102444155733,7.878175768015819e-5,0.03775863238663355,C1_severe_atopic_vs_rest
cg14849907,NA,2,85503764,-0.05152310993031486,7.878495702204687e-5,0.03775863238663355,C1_severe_atopic_vs_rest
cg11454468,PCOLCE2,3,142850379,0.04698055963334881,7.887963285275927e-5,0.03775863238663355,C1_severe_atopic_vs_rest
cg06442372,RAB7L1,1,205776579,-0.04588201029343204,7.892094252718092e-5,0.03775863238663355,C1_severe_atopic_vs_rest
cg24565204,GALNT7,4,173290888,-0.010137780152181673,7.896105224748296e-5,0.03775863238663355,C1_severe_atopic_vs_rest
cg09186359,MAP4K3,2,39394721,-0.020284041124139528,7.902728866535349e-5,0.03775863238663355,C1_severe_atopic_vs_rest
cg14980016,FAM131B,7,143364064,-0.06289459307062197,7.904673437585982e-5,0.03775863238663355,C1_severe_atopic_vs_rest
cg06386426,LINC01581,15,94099801,0.06280461438907443,7.91016208991631e-5,0.03775863238663355,C1_severe_atopic_vs_rest
cg16335893,NA,12,123149612,-0.062391777706954935,7.912632087847406e-5,0.03775863238663355,C1_severe_atopic_vs_rest
cg14252486,NA,1,60865355,-0.021929928847342406,7.913061967361456e-5,0.03775863238663355,C1_severe_atopic_vs_rest
cg18368116,NA,14,20968112,-0.04852885204351818,7.921887631125337e-5,0.03776709202556047,C1_severe_atopic_vs_rest
cg05988675,GRAP2,22,39920802,-0.059663846536161524,7.9278535604251e-5,0.03776709202556047,C1_severe_atopic_vs_rest
cg27640064,FOXK1,7,4752983,0.07437125071270353,7.931415900437941e-5,0.03776709202556047,C1_severe_atopic_vs_rest
cg07100454,HCFC2,12,104090284,-0.02160356081692809,7.932316539959666e-5,0.03776709202556047,C1_severe_atopic_vs_rest
cg07307484,MINK1,17,4840029,-0.022960371890623506,7.955197959500851e-5,0.03783428608976259,C1_severe_atopic_vs_rest
cg15873326,NA,7,36028345,-0.06912684095003521,7.960570023626807e-5,0.03783428608976259,C1_severe_atopic_vs_rest
cg02046836,UVRAG,11,75839019,-0.0594189530437957,7.961778894463999e-5,0.03783428608976259,C1_severe_atopic_vs_rest
cg07120858,EPB41L3,18,5463619,0.10285156163196114,7.968137212430966e-5,0.03783428608976259,C1_severe_atopic_vs_rest
cg16978168,EZR,6,158806752,-0.06501327416189709,7.968320467159471e-5,0.03783428608976259,C1_severe_atopic_vs_rest
cg00361855,AGAP3,7,151112015,-0.04238038645499083,7.994323254509684e-5,0.03793690515667794,C1_severe_atopic_vs_rest
cg18325315,GTF2IRD1,7,74482900,0.10002767958430153,7.999501748098134e-5,0.03794064453689626,C1_severe_atopic_vs_rest
cg09645818,NA,11,10743045,-0.05659849107863109,8.004964518008544e-5,0.037945727362403286,C1_severe_atopic_vs_rest
cg26853442,NA,5,161751525,-0.028007973103557883,8.023746347100398e-5,0.03797777024156586,C1_severe_atopic_vs_rest
cg06353481,NA,14,60195594,-0.05046479001223087,8.024791713315836e-5,0.03797777024156586,C1_severe_atopic_vs_rest
cg00045025,FOXP1,3,71246184,-0.01607047983585943,8.024908634256387e-5,0.03797777024156586,C1_severe_atopic_vs_rest
cg11338336,NA,11,9651756,-0.054819776693031105,8.044933973787308e-5,0.03805170105810755,C1_severe_atopic_vs_rest
cg09049278,NA,10,31698789,-0.02280148066561264,8.053524007070914e-5,0.03806934171966689,C1_severe_atopic_vs_rest
cg26863842,BAT1,6,31538946,-0.04420232183226733,8.05747438011724e-5,0.03806934171966689,C1_severe_atopic_vs_rest
cg09595384,NA,11,134454703,-0.04609270143159548,8.068227693309759e-5,0.03809931747338259,C1_severe_atopic_vs_rest
cg24481177,C11orf71,11,114398779,-0.057432614640035795,8.082705894529282e-5,0.03814684032861425,C1_severe_atopic_vs_rest
cg03517294,NA,15,39788507,-0.040873073084014784,8.09011541263783e-5,0.038160968417367935,C1_severe_atopic_vs_rest
cg12614529,MND1,4,153348266,-0.07772800819110891,8.102379477342879e-5,0.03819264211959171,C1_severe_atopic_vs_rest
cg02402423,C19orf54,19,40749539,-0.06491948430892437,8.105669563610475e-5,0.03819264211959171,C1_severe_atopic_vs_rest
cg14175823,DNAJA2,16,46962740,-0.05268187975314579,8.111766347429805e-5,0.038200540123510415,C1_severe_atopic_vs_rest
cg00198785,LINC01055,13,46269339,0.11849052917650772,8.130054038823662e-5,0.03826580859345068,C1_severe_atopic_vs_rest
cg22834511,NA,2,8282992,-0.021111215464496666,8.153209334177535e-5,0.03831941203082694,C1_severe_atopic_vs_rest
cg27338511,MAPK10,4,86357182,-0.03658699721541814,8.154276419408833e-5,0.03831941203082694,C1_severe_atopic_vs_rest
cg06863289,NA,14,75310428,-0.03736505444826144,8.154745776748853e-5,0.03831941203082694,C1_severe_atopic_vs_rest
cg17540143,ADORA2B,17,15954575,0.06000623852323038,8.162074590168052e-5,0.03833300587632012,C1_severe_atopic_vs_rest
cg16499536,NR2C2,3,15025106,-0.06512210320180715,8.17388998562673e-5,0.038367644643450896,C1_severe_atopic_vs_rest
cg18261431,TMEM244,6,129843880,-0.07319617030482449,8.185880347871514e-5,0.03840306663612304,C1_severe_atopic_vs_rest
cg15660573,VPS53,17,646464,-0.06117448161165387,8.192632001435338e-5,0.03841388675694167,C1_severe_atopic_vs_rest
cg04223829,NA,7,92032697,-0.07512665113117918,8.202536571793468e-5,0.0384382372375438,C1_severe_atopic_vs_rest
cg03519180,PDZD8,10,117343013,-0.02634914495021819,8.207521693901158e-5,0.0384382372375438,C1_severe_atopic_vs_rest
cg15320416,RTEL1,20,63657671,-0.036854166720155256,8.21171511207966e-5,0.0384382372375438,C1_severe_atopic_vs_rest
cg08044536,NA,5,53256868,-0.022472359573365668,8.215617643394148e-5,0.0384382372375438,C1_severe_atopic_vs_rest
cg08942527,EFNA5,5,107466244,-0.04794818213955228,8.225571534916032e-5,0.03845772888621004,C1_severe_atopic_vs_rest
cg01009225,SND1,7,127887809,-0.04175681767360932,8.237906595957806e-5,0.03845772888621004,C1_severe_atopic_vs_rest
cg03463948,UBASH3B,11,122742150,0.10482803847999984,8.241602998398927e-5,0.03845772888621004,C1_severe_atopic_vs_rest
cg11215870,TGFB1I1,16,31473401,-0.05711898795208228,8.24173258493472e-5,0.03845772888621004,C1_severe_atopic_vs_rest
cg21419012,NR2C2,3,15025101,-0.05611086142699824,8.243976690711232e-5,0.03845772888621004,C1_severe_atopic_vs_rest
cg01899624,NA,5,81787127,-0.04929167695314522,8.253659200733244e-5,0.03845772888621004,C1_severe_atopic_vs_rest
cg12023239,OSBPL3,7,24908974,-0.07301807366384862,8.255020786299221e-5,0.03845772888621004,C1_severe_atopic_vs_rest
cg04100865,TET3,2,74083966,-0.05385375507413234,8.262399929739785e-5,0.03845772888621004,C1_severe_atopic_vs_rest
cg11029191,SIGLEC15,18,45838591,-0.04603651493623951,8.268674184512271e-5,0.03845772888621004,C1_severe_atopic_vs_rest
cg15862950,NA,14,45256252,-0.024576211345797468,8.268814657446633e-5,0.03845772888621004,C1_severe_atopic_vs_rest
cg26314593,RPS3A,4,151102038,-0.02054567949080166,8.26940651971337e-5,0.03845772888621004,C1_severe_atopic_vs_rest
cg06118712,SAMSN1-AS1,21,14582118,-0.036518949045824915,8.273187818747682e-5,0.03845772888621004,C1_severe_atopic_vs_rest
cg04981758,TESK2,1,45488355,-0.0366593446034009,8.286505557524734e-5,0.038475529529578306,C1_severe_atopic_vs_rest
cg00805874,ZBTB12,6,31867847,-0.01929457479669717,8.287387803625882e-5,0.038475529529578306,C1_severe_atopic_vs_rest
cg09547024,TJP2,9,69204646,-0.021728707677255443,8.290374376738677e-5,0.038475529529578306,C1_severe_atopic_vs_rest
cg03060184,NA,19,51754393,0.09264507976443409,8.304109833982622e-5,0.0384983603490988,C1_severe_atopic_vs_rest
cg17057812,DNAJC7,17,42015959,-0.027243817791489017,8.304271273741048e-5,0.0384983603490988,C1_severe_atopic_vs_rest
cg14745607,CBFA2T2,20,33644637,-0.04889035998472018,8.308658899252593e-5,0.0384983603490988,C1_severe_atopic_vs_rest
cg20038717,SCN1A,2,166126160,0.09579146065235,8.319882234717057e-5,0.03851562319005293,C1_severe_atopic_vs_rest
cg18003295,NA,12,32478753,-0.026362958091922774,8.321298625222046e-5,0.03851562319005293,C1_severe_atopic_vs_rest
cg09552289,OSBPL5,11,3162641,-0.03934016691887125,8.354583291631926e-5,0.0386295791391162,C1_severe_atopic_vs_rest
cg09631059,TSPAN4,11,856942,-0.028833307159859812,8.354859262144644e-5,0.0386295791391162,C1_severe_atopic_vs_rest
cg06410620,STX3,11,59787049,-0.077473316255013,8.366534951140024e-5,0.03866287652993344,C1_severe_atopic_vs_rest
cg10619731,NA,12,127765627,-0.03772980072774614,8.375607391114362e-5,0.03866855378058335,C1_severe_atopic_vs_rest
cg18099556,NA,21,35317136,-0.04135375742373916,8.376712971474003e-5,0.03866855378058335,C1_severe_atopic_vs_rest
cg01417401,KRT71,12,52547015,-0.047900910028572705,8.414901646372707e-5,0.038790840947994815,C1_severe_atopic_vs_rest
cg01011462,ARSG,17,68355227,-0.051791760902660106,8.416170087672124e-5,0.038790840947994815,C1_severe_atopic_vs_rest
cg16946254,YWHAZ,8,100949368,-0.08420584390120214,8.416670536837302e-5,0.038790840947994815,C1_severe_atopic_vs_rest
cg11987455,ERMAP,1,42825163,-0.07441972292738562,8.427722934433301e-5,0.03880121035023566,C1_severe_atopic_vs_rest
cg20616301,NA,5,130279239,-0.012821039776662973,8.427900627134154e-5,0.03880121035023566,C1_severe_atopic_vs_rest
cg06203243,ARID1B,6,156816650,-0.07160581484246563,8.435941400860932e-5,0.03881754863384865,C1_severe_atopic_vs_rest
cg01326932,PIP4K2A,10,22670828,-0.020086301385900677,8.455045806887363e-5,0.038862510526226246,C1_severe_atopic_vs_rest
cg22708812,AP5B1,11,65781970,-0.05154878984916717,8.463911250799715e-5,0.038862510526226246,C1_severe_atopic_vs_rest
cg25435273,ANKRD28,3,15756534,-0.03354658113189965,8.464321549256709e-5,0.038862510526226246,C1_severe_atopic_vs_rest
cg13543576,LOC731275,1,243263770,-0.04386055196862302,8.46944058305749e-5,0.038862510526226246,C1_severe_atopic_vs_rest
cg15043421,NA,20,37262601,-0.038621419137810926,8.474946500995163e-5,0.038862510526226246,C1_severe_atopic_vs_rest
cg27488674,NA,17,35807861,-0.04574592253200821,8.482454305435451e-5,0.038862510526226246,C1_severe_atopic_vs_rest
cg21571251,NA,5,10319500,-0.029548964216056187,8.483021885803442e-5,0.038862510526226246,C1_severe_atopic_vs_rest
cg20763401,NA,18,23281942,-0.07190396322639224,8.484864102915616e-5,0.038862510526226246,C1_severe_atopic_vs_rest
cg04152689,NR6A1,9,124567442,-0.033947938145029846,8.488871755016357e-5,0.038862510526226246,C1_severe_atopic_vs_rest
cg02427831,SIGLEC8,19,51458683,-0.04986005985098713,8.490684494569839e-5,0.038862510526226246,C1_severe_atopic_vs_rest
cg18778933,NA,5,53464374,-0.018639999565913133,8.508849043364851e-5,0.03886441940441969,C1_severe_atopic_vs_rest
cg03252770,NA,4,153433202,0.060659685339253644,8.512541280766772e-5,0.03886441940441969,C1_severe_atopic_vs_rest
cg15998761,MFSD6,2,190436058,-0.05538748571389025,8.515687581493512e-5,0.03886441940441969,C1_severe_atopic_vs_rest
cg00158128,NA,1,25351284,-0.07749665987542623,8.522530537722383e-5,0.03886441940441969,C1_severe_atopic_vs_rest
cg25511549,URI1,19,29923979,-0.029117888223609018,8.52569886705884e-5,0.03886441940441969,C1_severe_atopic_vs_rest
cg12666827,METRNL,17,81043176,-0.0457522779953836,8.526741444918233e-5,0.03886441940441969,C1_severe_atopic_vs_rest
cg27178772,PNRC1,6,89085037,-0.04093201147873261,8.529311398455346e-5,0.03886441940441969,C1_severe_atopic_vs_rest
cg20598218,WNK1,12,886718,-0.031161409909348053,8.529551060753595e-5,0.03886441940441969,C1_severe_atopic_vs_rest
cg11142013,MIPEP,13,23867337,-0.03561190549010182,8.536960887430039e-5,0.03886441940441969,C1_severe_atopic_vs_rest
cg09237247,LINC00332,13,40181588,-0.05423420227309558,8.544819650490286e-5,0.03886441940441969,C1_severe_atopic_vs_rest
cg08526209,NA,3,139681477,-0.02793847863140348,8.544994789277769e-5,0.03886441940441969,C1_severe_atopic_vs_rest
cg20935789,RNASE13,14,21035357,-0.010656472798238135,8.545070412195703e-5,0.03886441940441969,C1_severe_atopic_vs_rest
cg09803743,NA,9,94666585,-0.04203199679712188,8.550934477880598e-5,0.03887063193545226,C1_severe_atopic_vs_rest
cg24742388,NA,7,159159925,-0.03053263510587539,8.56476384202367e-5,0.038913027358635326,C1_severe_atopic_vs_rest
cg24054202,NA,5,173833126,0.08371506049830124,8.570040365282268e-5,0.03891653978843617,C1_severe_atopic_vs_rest
cg18505004,CDC42BPB,14,102970050,-0.03873467651209894,8.578437273852142e-5,0.03893421075143842,C1_severe_atopic_vs_rest
cg21550639,TM6SF1,15,83106941,-0.05493212622377607,8.588427782039807e-5,0.03894083623682978,C1_severe_atopic_vs_rest
cg01791392,VANGL1,1,115655530,-0.0660673551770339,8.588909574634735e-5,0.03894083623682978,C1_severe_atopic_vs_rest
cg14611258,C17orf39,17,18043154,-0.05344714797917233,8.597391119477482e-5,0.038958850187093365,C1_severe_atopic_vs_rest
cg14414903,HDAC4,2,239250016,0.04924844643330344,8.619636550469148e-5,0.03900313121016568,C1_severe_atopic_vs_rest
cg07280192,MAML3,4,139849442,-0.07808424385897769,8.625772867213176e-5,0.03900313121016568,C1_severe_atopic_vs_rest
cg14791081,ALS2CR4,2,201644049,-0.06406301729361057,8.626823254186664e-5,0.03900313121016568,C1_severe_atopic_vs_rest
cg15044010,SRPK2,7,105256758,-0.04493495594620663,8.63034943843483e-5,0.03900313121016568,C1_severe_atopic_vs_rest
cg01756799,COASY,17,42563263,-0.03888739010191113,8.634030582891081e-5,0.03900313121016568,C1_severe_atopic_vs_rest
cg19375767,ARID1A,1,26722098,-0.0710198670290929,8.634243744740154e-5,0.03900313121016568,C1_severe_atopic_vs_rest
cg05068615,NA,11,1503992,-0.06350789220562074,8.64525705196118e-5,0.03903247738749403,C1_severe_atopic_vs_rest
cg05302480,NA,12,96813953,-0.03072359303024623,8.659163683238275e-5,0.039074849165523354,C1_severe_atopic_vs_rest
cg00121989,RNU6-19P,12,11901630,-0.0187986245807334,8.665412570183838e-5,0.03908263884837946,C1_severe_atopic_vs_rest
cg01877260,RASGRP1,15,38553282,-0.06678617303462313,8.673360872159509e-5,0.039098081087106856,C1_severe_atopic_vs_rest
cg14374996,NA,6,157747662,-0.05577694083790804,8.684779665750279e-5,0.03912914347089382,C1_severe_atopic_vs_rest
cg25803041,ATP8A2,13,25510659,-0.08069176808163242,8.692814732279629e-5,0.039142374696378233,C1_severe_atopic_vs_rest
cg08532140,FAM26F,6,116782179,-0.024129235205755405,8.696775499801679e-5,0.039142374696378233,C1_severe_atopic_vs_rest
cg01942646,NR0B2,1,26914203,-0.0766260449225193,8.708638659739892e-5,0.03914610622386799,C1_severe_atopic_vs_rest
cg18935453,LRP5,11,68399562,-0.04712555941635201,8.711028361140844e-5,0.03914610622386799,C1_severe_atopic_vs_rest
cg16436004,NA,8,134779760,-0.040953008643314914,8.711194589435439e-5,0.03914610622386799,C1_severe_atopic_vs_rest
cg04834204,ANTXR1,2,69196421,0.07061035850784429,8.717189686322615e-5,0.039152686599870375,C1_severe_atopic_vs_rest
cg23986918,OSBPL6,2,178284865,-0.07080319028733568,8.74191019946858e-5,0.03924332042956453,C1_severe_atopic_vs_rest
cg02464901,NA,2,187986547,-0.03663199929232466,8.752033188217973e-5,0.039262488691436566,C1_severe_atopic_vs_rest
cg24809788,NA,2,24467284,-0.041689784744636665,8.755369019610554e-5,0.039262488691436566,C1_severe_atopic_vs_rest
cg13576859,FBP1,9,94640847,-0.0629896353587359,8.770912703153592e-5,0.039262488691436566,C1_severe_atopic_vs_rest
cg00344307,FNDC3B,3,172324492,-0.06519086629677963,8.771382430850786e-5,0.039262488691436566,C1_severe_atopic_vs_rest
cg17916766,FARS2,6,5525488,0.09855687728062182,8.774185350767991e-5,0.039262488691436566,C1_severe_atopic_vs_rest
cg04230700,COL4A1,13,110816833,-0.03298597093141936,8.775289385477328e-5,0.039262488691436566,C1_severe_atopic_vs_rest
cg09444226,APOLD1,12,12734806,-0.03846808410422813,8.777984446238098e-5,0.039262488691436566,C1_severe_atopic_vs_rest
cg10114537,NA,2,136378036,-0.045140329272965796,8.802332242098297e-5,0.03933303510081167,C1_severe_atopic_vs_rest
cg06755692,HNRNPLL,2,38585855,-0.05618823386472783,8.802859900222387e-5,0.03933303510081167,C1_severe_atopic_vs_rest
cg21609507,GFOD1,6,13445849,-0.04249712624476694,8.81606596503174e-5,0.03937168493960779,C1_severe_atopic_vs_rest
cg17641443,CPSF4L,17,73261906,-0.07178803489670312,8.825656728490971e-5,0.039394157609705216,C1_severe_atopic_vs_rest
cg13969271,NA,3,150733852,-0.07973412780919202,8.8450164466917e-5,0.03944658340671521,C1_severe_atopic_vs_rest
cg07686528,JMJD1C,10,65198176,-0.040661033786070465,8.846531471571445e-5,0.03944658340671521,C1_severe_atopic_vs_rest
cg26105649,C1orf57,1,232951963,-0.04396021807690769,8.85318237932712e-5,0.03945588065735064,C1_severe_atopic_vs_rest
cg10161072,NELFCD,20,58987175,-0.0409763386143941,8.863563736767556e-5,0.03948178520750081,C1_severe_atopic_vs_rest
cg13285893,NA,7,55322933,0.09641859269923315,8.895785229563711e-5,0.03960121410087447,C1_severe_atopic_vs_rest
cg02258019,ZBED4,22,49867452,-0.023218336269489357,8.905487429781399e-5,0.03960121410087447,C1_severe_atopic_vs_rest
cg10655575,NA,3,5021776,-0.03613105073299456,8.905748530774261e-5,0.03960121410087447,C1_severe_atopic_vs_rest
cg04514092,KCNAB1,3,156301407,0.10434667059682934,8.912734336762339e-5,0.03960121410087447,C1_severe_atopic_vs_rest
cg20955193,NA,16,88210325,-0.02813727506861496,8.913288568006653e-5,0.03960121410087447,C1_severe_atopic_vs_rest
cg00259404,TRIM27,6,28917791,0.08817539327846502,8.930977355054386e-5,0.039647578188799035,C1_severe_atopic_vs_rest
cg12141023,NA,8,119502141,-0.08458781942406222,8.936555086924055e-5,0.039647578188799035,C1_severe_atopic_vs_rest
cg00837308,NA,16,88407080,-0.048567102431593526,8.937488116879962e-5,0.039647578188799035,C1_severe_atopic_vs_rest
cg12072340,GNB1,1,1863109,-0.034099800209415804,8.947661443780118e-5,0.03965349493344225,C1_severe_atopic_vs_rest
cg00755791,VCL,10,74008703,-0.023457890435070922,8.947999324217544e-5,0.03965349493344225,C1_severe_atopic_vs_rest
cg04741118,CDK17,12,96327035,-0.08925028691746671,8.957736300047022e-5,0.03965473797387758,C1_severe_atopic_vs_rest
cg02316660,NA,3,182389480,-0.07121155862440313,8.960947907090276e-5,0.03965473797387758,C1_severe_atopic_vs_rest
cg00873453,RGSL1,1,182453781,0.09774815627376436,8.965762075912452e-5,0.03965473797387758,C1_severe_atopic_vs_rest
cg06377585,WDFY3,4,84699215,-0.02348758173087552,8.974704622463144e-5,0.03965473797387758,C1_severe_atopic_vs_rest
cg13544813,YES1,18,808630,-0.06533264876854396,8.975812990874816e-5,0.03965473797387758,C1_severe_atopic_vs_rest
cg06208130,DYM,18,49043932,-0.026285445280165094,8.989020042020293e-5,0.03969279329254941,C1_severe_atopic_vs_rest
cg23206725,KIAA1958,9,112629978,-0.06848265902689256,9.008352702324278e-5,0.03975784476209872,C1_severe_atopic_vs_rest
cg03535218,SPTBN2,11,66709889,-0.06252080781670565,9.021858143060104e-5,0.0397971248496257,C1_severe_atopic_vs_rest
cg25605307,GLT25D2,1,183996178,-0.020896197293922936,9.033750685138835e-5,0.03982724799694984,C1_severe_atopic_vs_rest
cg13886600,FOXP2,7,113781748,-0.019915250239887012,9.037904595721427e-5,0.03982724799694984,C1_severe_atopic_vs_rest
cg18555733,SLC26A4,7,107356169,-0.03707349959687348,9.048123872227635e-5,0.039851958921678164,C1_severe_atopic_vs_rest
cg01437709,CHAC1,15,40954148,-0.04290906218033597,9.060326116074758e-5,0.03986529093564927,C1_severe_atopic_vs_rest
cg25387677,NA,1,207838773,-0.059473967670666844,9.060377271315136e-5,0.03986529093564927,C1_severe_atopic_vs_rest
cg19851810,EPHB2,1,22745817,-0.04847812096268625,9.073041663691002e-5,0.039892372426378025,C1_severe_atopic_vs_rest
cg17725421,NA,12,26869855,-0.017789485920982718,9.07576493374536e-5,0.039892372426378025,C1_severe_atopic_vs_rest
cg10045321,FAM53B,10,124642643,-0.016845082210848246,9.09299721197805e-5,0.039947797288893014,C1_severe_atopic_vs_rest
cg16597993,EPS15L1,19,16578633,-0.04887673075269111,9.112442545144762e-5,0.040012883385528136,C1_severe_atopic_vs_rest
cg18254848,CLC,19,39737309,-0.044015101715548045,9.121819616334758e-5,0.040033715922269744,C1_severe_atopic_vs_rest
cg12105623,LUC7L,16,227864,-0.022697876807562765,9.127603958397397e-5,0.04003876759318288,C1_severe_atopic_vs_rest
cg03240019,NA,16,12611234,-0.024311084594622497,9.132660675481252e-5,0.040040623988018643,C1_severe_atopic_vs_rest
cg15298179,PELP1,17,4699482,-0.04563385756951259,9.158669534662766e-5,0.04006731005795684,C1_severe_atopic_vs_rest
cg20838410,NUBPL,14,31577971,-0.034394570109650795,9.160124661098014e-5,0.04006731005795684,C1_severe_atopic_vs_rest
cg08449791,LINC00299,2,8325324,-0.05262397514566658,9.161911195076274e-5,0.04006731005795684,C1_severe_atopic_vs_rest
cg00292334,NA,5,100780125,0.1053540337339632,9.162424380773275e-5,0.04006731005795684,C1_severe_atopic_vs_rest
cg19017803,LOC285627,5,158893488,-0.014131535744160872,9.166035796298164e-5,0.04006731005795684,C1_severe_atopic_vs_rest
cg17586685,NA,1,87275012,-0.04380002054807358,9.169291580964375e-5,0.04006731005795684,C1_severe_atopic_vs_rest
cg17419299,RB1,13,48302814,-0.035656936470094845,9.171203595506189e-5,0.04006731005795684,C1_severe_atopic_vs_rest
cg04502317,CEP57L1,6,109118587,-0.021225136135756176,9.186454221781036e-5,0.040088271221328985,C1_severe_atopic_vs_rest
cg24872571,LTBP4,19,40623976,-0.06021462644808158,9.187492425296258e-5,0.040088271221328985,C1_severe_atopic_vs_rest
cg21281732,MIR6854,9,98230368,-0.018643012689269847,9.19411640501473e-5,0.040088271221328985,C1_severe_atopic_vs_rest
cg01169396,NA,5,179372900,-0.013013693058469696,9.204224027231804e-5,0.040088271221328985,C1_severe_atopic_vs_rest
cg04225605,LGR4,11,27420444,-0.03095541870131467,9.211144609046673e-5,0.040088271221328985,C1_severe_atopic_vs_rest
cg03708153,CCDC109B,4,109589842,-0.027612385530352793,9.216589462971117e-5,0.040088271221328985,C1_severe_atopic_vs_rest
cg15448631,AMFR,16,56372245,-0.06855631459855506,9.219535509885647e-5,0.040088271221328985,C1_severe_atopic_vs_rest
cg02494549,NA,2,160941853,-0.04027319197481434,9.221745847288261e-5,0.040088271221328985,C1_severe_atopic_vs_rest
cg03665412,FARP2,2,241489944,-0.046257468759380124,9.222432345932626e-5,0.040088271221328985,C1_severe_atopic_vs_rest
cg18633711,NA,6,37155495,-0.052283006628891335,9.227895926417372e-5,0.040088271221328985,C1_severe_atopic_vs_rest
cg15202169,NA,6,135161327,-0.060261666304186653,9.230969085956674e-5,0.040088271221328985,C1_severe_atopic_vs_rest
cg22250781,NHLRC4,16,615887,-0.04958749151049238,9.231669860214949e-5,0.040088271221328985,C1_severe_atopic_vs_rest
cg14378743,OSBPL9,1,52130680,-0.04580891916938609,9.238699012657705e-5,0.04009276988767201,C1_severe_atopic_vs_rest
cg21934772,NA,13,109546602,-0.040732024643156804,9.241984930456985e-5,0.04009276988767201,C1_severe_atopic_vs_rest
cg25620989,NA,5,163434760,-0.05047001861927348,9.251804648452135e-5,0.040115230760507825,C1_severe_atopic_vs_rest
cg24245625,ARL6IP6,2,152720150,-0.029819635129199943,9.258289043820276e-5,0.040123214612815344,C1_severe_atopic_vs_rest
cg11960802,TTC28,22,28351818,-0.0480471636721545,9.27927249858759e-5,0.04015079129748562,C1_severe_atopic_vs_rest
cg12944551,STAT1,2,190975033,-0.03456735759810703,9.279915842600437e-5,0.04015079129748562,C1_severe_atopic_vs_rest
cg26713832,NA,4,140615437,-0.05872708552880448,9.281510588597612e-5,0.04015079129748562,C1_severe_atopic_vs_rest
cg02224988,TTC27,2,32947733,-0.05952242461920575,9.288082311469938e-5,0.04015079129748562,C1_severe_atopic_vs_rest
cg04134965,PARVB,22,44423205,0.056873480034997155,9.289847770368412e-5,0.04015079129748562,C1_severe_atopic_vs_rest
cg06972908,ITGAL,16,30477000,-0.07444534860935763,9.297993920683339e-5,0.04015079129748562,C1_severe_atopic_vs_rest
cg00546403,LINC-PINT,7,131010973,0.02318435232795078,9.30120320716296e-5,0.04015079129748562,C1_severe_atopic_vs_rest
cg11151176,NA,11,69151974,-0.0755347761865795,9.301822385132038e-5,0.04015079129748562,C1_severe_atopic_vs_rest
cg21334405,NA,6,26437850,-0.012610791018961632,9.326656370802972e-5,0.04021539861652833,C1_severe_atopic_vs_rest
cg11324488,NA,12,122679487,-0.05508627457276472,9.331654388302954e-5,0.04021539861652833,C1_severe_atopic_vs_rest
cg26957356,NA,17,40307103,-0.06062255665652966,9.334971065232363e-5,0.04021539861652833,C1_severe_atopic_vs_rest
cg18852698,GPR176,15,39801697,-0.09131974751268512,9.335405070491745e-5,0.04021539861652833,C1_severe_atopic_vs_rest
cg03578005,NA,4,76249519,-0.06740432181099924,9.347472445393404e-5,0.04024731942516991,C1_severe_atopic_vs_rest
cg18676615,NA,22,39984987,-0.05307770024263034,9.36988592355421e-5,0.04032373336957778,C1_severe_atopic_vs_rest
cg08575408,GLIS3-AS1,9,3898614,-0.06320757601349054,9.38555035883344e-5,0.04037104088445314,C1_severe_atopic_vs_rest
cg01082554,SMYD3,1,246451613,-0.014331737994914287,9.395823467218026e-5,0.04039512259126066,C1_severe_atopic_vs_rest
cg14145635,MBOAT1,6,20201350,-0.025881890774018194,9.402897395731912e-5,0.04040543306969927,C1_severe_atopic_vs_rest
cg08553585,LOC101927787,1,234655807,-0.02748380365780193,9.407651080981782e-5,0.040405767877398455,C1_severe_atopic_vs_rest
cg26190209,NA,18,33041390,-0.04161242656105038,9.414654155291151e-5,0.04040639987777892,C1_severe_atopic_vs_rest
cg16001699,ABCA13,7,48245990,0.09773047653961131,9.417149917357913e-5,0.04040639987777892,C1_severe_atopic_vs_rest
cg05152903,CSDA,12,10719619,-0.0446151042002014,9.421920620000745e-5,0.040406806687915055,C1_severe_atopic_vs_rest
cg20114528,ASB8,12,48552006,-0.04525982910520967,9.433050734393784e-5,0.04041639850504729,C1_severe_atopic_vs_rest
cg23043735,MYH15,3,108421177,-0.020041782199768366,9.438549468277532e-5,0.04041639850504729,C1_severe_atopic_vs_rest
cg01424189,PTPN5,11,18754407,0.03694756410803336,9.440709722804955e-5,0.04041639850504729,C1_severe_atopic_vs_rest
cg19178585,UBE3B,12,109533340,-0.035801380081888254,9.452479504279189e-5,0.040437520141494404,C1_severe_atopic_vs_rest
cg20560376,CD9,12,6342778,-0.05872562132871173,9.462816940419586e-5,0.040461712937642086,C1_severe_atopic_vs_rest
cg11909137,SMAD7,18,48934832,0.014407432449617424,9.496617747535898e-5,0.04058615835691712,C1_severe_atopic_vs_rest
cg23548670,RNLS,10,88582202,-0.024569790587251963,9.512839450617161e-5,0.04060767393818972,C1_severe_atopic_vs_rest
cg19475030,NA,3,75273912,-0.01946291069394163,9.514796749487953e-5,0.04060767393818972,C1_severe_atopic_vs_rest
cg09287328,NA,10,132417983,0.056146129069001176,9.518435535725148e-5,0.04060767393818972,C1_severe_atopic_vs_rest
cg19127726,BIRC6,2,32380770,0.09878385912123135,9.524914509077653e-5,0.04060767393818972,C1_severe_atopic_vs_rest
cg20852154,KCNH2,7,150956127,-0.045800545042966226,9.527988668009974e-5,0.04060767393818972,C1_severe_atopic_vs_rest
cg01967511,PDE6B,4,665492,-0.04116776026689366,9.536325831956023e-5,0.04060767393818972,C1_severe_atopic_vs_rest
cg03151445,MIR3646,20,44407641,-0.05852415525403262,9.538814316115669e-5,0.04060767393818972,C1_severe_atopic_vs_rest
cg12776886,NA,4,145420848,-0.03567276357637076,9.539245190027347e-5,0.04060767393818972,C1_severe_atopic_vs_rest
cg09607047,MIR365-1,16,14308300,-0.05448419702606369,9.548165563761525e-5,0.0406256345064286,C1_severe_atopic_vs_rest
cg16993807,KIF23,15,69442797,-0.020146004359157078,9.562128479221127e-5,0.040665021897519166,C1_severe_atopic_vs_rest
cg12282267,NEURL4,17,7315942,-0.037224082924403434,9.568006150180677e-5,0.040669440408692394,C1_severe_atopic_vs_rest
cg02731193,GCLC,6,53542388,-0.020528716859551516,9.57258003120751e-5,0.040669440408692394,C1_severe_atopic_vs_rest
cg18618113,MITF,3,69807026,-0.04708786860338385,9.580841653694452e-5,0.0406845379691566,C1_severe_atopic_vs_rest
cg26054828,CAMK2G,10,73859742,-0.0730762656054912,9.594921976457822e-5,0.04072431736640462,C1_severe_atopic_vs_rest
cg25489113,NA,6,14596575,0.05768292849962427,9.609009849807834e-5,0.04076408973849357,C1_severe_atopic_vs_rest
cg02051878,STRA6,15,74210374,-0.05750647531592133,9.627664706977428e-5,0.040802639874068784,C1_severe_atopic_vs_rest
cg06127160,KSR1,17,27570221,-0.1008967503389394,9.628804049497509e-5,0.040802639874068784,C1_severe_atopic_vs_rest
cg11088051,SLC25A3,12,98593014,-0.04451910540860824,9.633647029261698e-5,0.040802639874068784,C1_severe_atopic_vs_rest
cg10555106,LOC388588,1,3774823,-0.06107134731899615,9.636983769403344e-5,0.040802639874068784,C1_severe_atopic_vs_rest
cg24775940,PRMT10,4,147680935,-0.027564524627218527,9.644773834260733e-5,0.04081562486985348,C1_severe_atopic_vs_rest
cg02383707,NA,6,45697760,-0.0396177479807941,9.652431257268202e-5,0.04082803610294093,C1_severe_atopic_vs_rest
cg03747304,NCOR2,12,124424331,-0.0179972172384753,9.673368453059528e-5,0.04089294483828606,C1_severe_atopic_vs_rest
cg01511347,ERCC6,10,49503336,-0.04092025528665161,9.677241063411876e-5,0.04089294483828606,C1_severe_atopic_vs_rest
cg08084103,NA,22,31296463,0.05917746072302779,9.68995135799818e-5,0.04090913767996208,C1_severe_atopic_vs_rest
cg22343476,NA,1,225657861,-0.08246673352975573,9.690541112082409e-5,0.04090913767996208,C1_severe_atopic_vs_rest
cg02216463,CPAMD8,19,17132959,0.08305215234614262,9.721316208108546e-5,0.041006792567886655,C1_severe_atopic_vs_rest
cg13827101,MYOF,10,93440756,-0.04255022872943805,9.723164208565131e-5,0.041006792567886655,C1_severe_atopic_vs_rest
cg21789367,CCM2,7,44998726,-0.03866672168925849,9.756229416646979e-5,0.041109436653745425,C1_severe_atopic_vs_rest
cg04558094,IMPAD1,8,56982616,-0.04755907973722772,9.757016656425244e-5,0.041109436653745425,C1_severe_atopic_vs_rest
cg08945443,ZMYND17,10,73433496,-0.03247636102982991,9.769051546116677e-5,0.04111236355754265,C1_severe_atopic_vs_rest
cg15550330,NA,5,79181778,-0.05967386226990165,9.7715866120603e-5,0.04111236355754265,C1_severe_atopic_vs_rest
cg04357789,NA,6,14933180,-0.030178682882354223,9.771983950415275e-5,0.04111236355754265,C1_severe_atopic_vs_rest
cg10309009,NA,7,2864221,0.05197217345614998,9.778367264424135e-5,0.04111920013764791,C1_severe_atopic_vs_rest
cg01976243,FBXO7,22,32477939,-0.07539880595054872,9.804400062464397e-5,0.041206038189648866,C1_severe_atopic_vs_rest
cg09338041,PRKCE,2,46066994,-0.022824509937547584,9.808851579736666e-5,0.041206038189648866,C1_severe_atopic_vs_rest
cg03327816,MAML3,4,139958690,-0.03553772819293234,9.813322956412456e-5,0.041206038189648866,C1_severe_atopic_vs_rest
cg17205313,TTC39C,18,23992784,-0.03470363346475262,9.838321988217816e-5,0.04128783137560834,C1_severe_atopic_vs_rest
cg24962381,NA,8,125466830,-0.046832373599959363,9.845831154595056e-5,0.04128783137560834,C1_severe_atopic_vs_rest
cg14429436,RB1,13,48302467,-0.016737337949878254,9.849250967855662e-5,0.04128783137560834,C1_severe_atopic_vs_rest
cg06780777,NA,8,28388947,-0.04338391699571089,9.85191358655704e-5,0.04128783137560834,C1_severe_atopic_vs_rest
cg07054523,NA,22,29474286,-0.014778348840782612,9.8595146883959e-5,0.04129965747458407,C1_severe_atopic_vs_rest
cg12233232,TTC17,11,43358294,-0.043853218705647005,9.877524551927382e-5,0.04135505134010248,C1_severe_atopic_vs_rest
cg05580415,FOXK2,17,82596094,-0.06469857148910185,9.885925722168915e-5,0.041370181523795214,C1_severe_atopic_vs_rest
cg24460956,CEP128,14,80940981,-0.056909981884642524,9.898738163251374e-5,0.041403748215150055,C1_severe_atopic_vs_rest
cg13953978,USP20,9,129838509,-0.05666319378753408,9.917375228292784e-5,0.04141440290610718,C1_severe_atopic_vs_rest
cg16169828,SMAD3,15,67137136,0.060898593721204444,9.918085991632044e-5,0.04141440290610718,C1_severe_atopic_vs_rest
cg04909257,PGD,1,10402441,-0.02043040274217865,9.919505953886565e-5,0.04141440290610718,C1_severe_atopic_vs_rest
cg25667337,NA,2,96147205,-0.06980691711194387,9.920455430947548e-5,0.04141440290610718,C1_severe_atopic_vs_rest
cg15106081,CCDC174,3,14666637,-0.05486415082074953,9.925969347095977e-5,0.041417413149356264,C1_severe_atopic_vs_rest
cg16882927,NA,8,28389272,-0.05452620806170511,9.931894583922758e-5,0.0414221359482916,C1_severe_atopic_vs_rest
cg18790856,NA,2,37524306,0.06018193927489777,9.942760205765211e-5,0.04144298803565623,C1_severe_atopic_vs_rest
cg04236871,CLIP1,12,122341672,-0.0651737635441197,9.946485940662178e-5,0.04144298803565623,C1_severe_atopic_vs_rest
cg19704902,NA,2,8305763,-0.06350279810443735,9.978136465564529e-5,0.041554826905978406,C1_severe_atopic_vs_rest
cg10239802,AKAP1,17,57106769,-0.07521101522596554,9.988121015007786e-5,0.041576371634686936,C1_severe_atopic_vs_rest
cg04934326,YWHAZ,8,100949614,-0.06543876277249563,9.996984323295563e-5,0.04159323060637703,C1_severe_atopic_vs_rest
cg26793227,EPHA2,1,16157163,0.07786915098243088,1.0017206758420577e-4,0.041657311139088826,C1_severe_atopic_vs_rest
cg07752527,ZNF212,7,149249920,-0.020854309811411897,1.003945190481703e-4,0.041701404764907676,C1_severe_atopic_vs_rest
cg07195899,THRB,3,24471820,-0.04305129554443237,1.0040972262992426e-4,0.041701404764907676,C1_severe_atopic_vs_rest
cg03771547,TBC1D22A,22,47066010,-0.026371319081796827,1.0043422053663422e-4,0.041701404764907676,C1_severe_atopic_vs_rest
cg24317972,NA,10,12371568,-0.045590518814775834,1.0056118572885162e-4,0.041701404764907676,C1_severe_atopic_vs_rest
cg14476984,NA,5,58863645,-0.07504896824853452,1.0059529417272648e-4,0.041701404764907676,C1_severe_atopic_vs_rest
cg23140746,ANKRD52,12,56244750,-0.056880186473974116,1.0059538419524377e-4,0.041701404764907676,C1_severe_atopic_vs_rest
cg21173328,NA,3,11077560,0.07267055910119949,1.0061589735929848e-4,0.041701404764907676,C1_severe_atopic_vs_rest
cg05558046,GAS7,17,10026784,-0.03853697925771163,1.0075465452195964e-4,0.041738895596577404,C1_severe_atopic_vs_rest
cg01069468,SYNGAP1,6,33421330,-0.047027331002136664,1.0102712827844657e-4,0.04181168340808245,C1_severe_atopic_vs_rest
cg05395957,GLIS3-AS1,9,3898591,-0.05497275508407848,1.0112278119080375e-4,0.04183123676955263,C1_severe_atopic_vs_rest
cg09247486,NA,1,60971708,-0.04696751529187741,1.0127554274077456e-4,0.04186154819430536,C1_severe_atopic_vs_rest
cg19869698,NA,17,82100810,-0.040697606076151895,1.01292940679756e-4,0.04186154819430536,C1_severe_atopic_vs_rest
cg13550230,SRSF10,1,23978076,-0.025457106677373657,1.0140548899439014e-4,0.041888028740669325,C1_severe_atopic_vs_rest
cg12074090,ANGPT2,8,6502915,-0.06792012991218609,1.0177252433257596e-4,0.04201955587531972,C1_severe_atopic_vs_rest
cg21379388,NA,3,196127404,-0.07402226844641861,1.0200630766602577e-4,0.04209596694470463,C1_severe_atopic_vs_rest
cg16116669,SAMSN1-AS1,21,14582082,-0.0377184263037225,1.0225200279475136e-4,0.04217721848166586,C1_severe_atopic_vs_rest
cg16918625,TGFBR2,3,30614482,0.06541760345902677,1.0232971876656406e-4,0.04218913699024994,C1_severe_atopic_vs_rest
cg16205375,TAPBP,6,33305683,-0.026930170248564863,1.0247708582254822e-4,0.04220961804944075,C1_severe_atopic_vs_rest
cg19373489,ELOVL6,4,111116855,-0.05786796188598698,1.0270032087176406e-4,0.042281413855158004,C1_severe_atopic_vs_rest
cg08122065,FAM73B,9,129038154,-0.04478594819676651,1.0280213374287029e-4,0.04230317594198516,C1_severe_atopic_vs_rest
cg21261709,SRPK2,7,105246595,-0.03727146149934614,1.0291500769431255e-4,0.0423294667915543,C1_severe_atopic_vs_rest
cg10354730,AXIN1,16,307249,-0.020947799911401683,1.0306275963886702e-4,0.04236271629766004,C1_severe_atopic_vs_rest
cg18353747,NA,13,30963558,-0.08229699772372756,1.0309389132233572e-4,0.04236271629766004,C1_severe_atopic_vs_rest
cg05749408,ARHGAP31,3,119311604,0.08760216448053858,1.0324049129850612e-4,0.042402793268339664,C1_severe_atopic_vs_rest
cg16396488,PLA2G1B,12,120328420,-0.0463761645788732,1.0337527488942723e-4,0.04240885433013127,C1_severe_atopic_vs_rest
cg26503179,NA,11,59223724,0.08078566181467436,1.0340247557557765e-4,0.04240885433013127,C1_severe_atopic_vs_rest
cg09007331,PPM1L,3,160869171,-0.030962128693146056,1.036370828751434e-4,0.042484911025009925,C1_severe_atopic_vs_rest
cg13051367,DYRK1A,21,38751589,-0.05853288600679913,1.0376359794308173e-4,0.04251600478093748,C1_severe_atopic_vs_rest
cg05076510,UBE3B,12,109533712,-0.057135741522343554,1.0381133190431554e-4,0.04251600478093748,C1_severe_atopic_vs_rest
cg00153448,NA,20,1807602,-0.033800649195711345,1.039842813782662e-4,0.04255523236275879,C1_severe_atopic_vs_rest
cg06636203,ZBTB12,6,31867788,-0.056113265615898314,1.0400560404899434e-4,0.04255523236275879,C1_severe_atopic_vs_rest
cg13997453,EPS15L1,19,16469575,-0.0478382614244631,1.0411318605755963e-4,0.042579090372935294,C1_severe_atopic_vs_rest
cg25475273,NA,17,81866675,-0.06980824586699791,1.0418309082439996e-4,0.04258752426777998,C1_severe_atopic_vs_rest
cg15538274,NA,6,139446479,-0.05379627846668704,1.044742569496519e-4,0.042686353707591294,C1_severe_atopic_vs_rest
cg14585803,PRDM2,1,13759326,-0.0391155138630516,1.0466773244797268e-4,0.042708488487049376,C1_severe_atopic_vs_rest
cg20293044,CDK6,7,92720694,-0.0507848690215819,1.0467299189469068e-4,0.042708488487049376,C1_severe_atopic_vs_rest
cg23779286,TRIM33,1,114489963,-0.059610031670248594,1.047187151601234e-4,0.042708488487049376,C1_severe_atopic_vs_rest
cg17148261,TTLL11,9,124705612,-0.03751479265441855,1.0472612121948179e-4,0.042708488487049376,C1_severe_atopic_vs_rest
cg19511643,GATB,4,151687182,-0.07974590572710227,1.0490209752354749e-4,0.04272918338746353,C1_severe_atopic_vs_rest
cg18650626,MAD1L1,7,1874437,-0.08406243357892397,1.0490414326327135e-4,0.04272918338746353,C1_severe_atopic_vs_rest
cg09654881,NFIA,1,61586157,-0.03884429683543516,1.0496204120589586e-4,0.04272918338746353,C1_severe_atopic_vs_rest
cg09414006,RAB40C,16,593613,-0.05533064341309222,1.0498602908687546e-4,0.04272918338746353,C1_severe_atopic_vs_rest
cg00851912,NA,4,121794683,-0.06272320411209556,1.0503785449213217e-4,0.04272918338746353,C1_severe_atopic_vs_rest
cg22717723,SPAST,2,32299042,-0.056484209421243194,1.05073545740055e-4,0.04272918338746353,C1_severe_atopic_vs_rest
cg01974091,DEGS2,14,100158690,-0.10873621101295934,1.0518606315668337e-4,0.04274525682659347,C1_severe_atopic_vs_rest
cg22872766,CCL13,17,34357670,-0.020215727845741254,1.0523976492178001e-4,0.04274525682659347,C1_severe_atopic_vs_rest
cg04350136,C6orf136,6,30648328,-0.026180494417817116,1.0539231987296378e-4,0.04277829215728576,C1_severe_atopic_vs_rest
cg21461856,MGAT3,22,39456661,-0.07144307049876028,1.0563383786767983e-4,0.04285619354977993,C1_severe_atopic_vs_rest
cg11126904,CYP7B1,8,64694954,-0.05973725150366012,1.0580455052367677e-4,0.042859257361721186,C1_severe_atopic_vs_rest
cg17148519,USP7,16,8899961,-0.024870339214972368,1.0585169502123434e-4,0.042859257361721186,C1_severe_atopic_vs_rest
cg16798878,CTSG,14,25046267,0.07847885197019674,1.058888236510327e-4,0.042859257361721186,C1_severe_atopic_vs_rest
cg13568858,NA,6,144886417,-0.03859734570756445,1.058933511142479e-4,0.042859257361721186,C1_severe_atopic_vs_rest
cg00961940,TIMP2,17,78880913,-0.046970993263976975,1.0594954113421925e-4,0.042859257361721186,C1_severe_atopic_vs_rest
cg13661548,SRSF7,2,38747193,-0.02138808766111971,1.0598034441732152e-4,0.042859257361721186,C1_severe_atopic_vs_rest
cg19998289,RNF34,12,121861616,-0.05737376479000973,1.0601910888788194e-4,0.042859257361721186,C1_severe_atopic_vs_rest
cg20207299,ARNT2,15,80589140,-0.0552423918618573,1.0603816485914504e-4,0.042859257361721186,C1_severe_atopic_vs_rest
cg02462015,GPRIN3,4,89283414,0.07844246440486292,1.0620490460710174e-4,0.04290658285462187,C1_severe_atopic_vs_rest
cg23288535,SPNS3,17,4433199,-0.018811363667035227,1.0637020090726036e-4,0.04292258790065208,C1_severe_atopic_vs_rest
cg16851138,RAD21,8,116850347,-0.029241821449974396,1.063808861347967e-4,0.04292258790065208,C1_severe_atopic_vs_rest
cg09641213,MIR1976,1,26554352,0.07818058422080114,1.064176461638723e-4,0.04292258790065208,C1_severe_atopic_vs_rest
cg00042419,FBXO7,22,32483165,-0.06544184750860713,1.0644320197268236e-4,0.04292258790065208,C1_severe_atopic_vs_rest
cg21193744,ANGPT2,8,6547584,-0.04581596496975329,1.0654481332788478e-4,0.042943523100241736,C1_severe_atopic_vs_rest
cg19290984,RIMS2,8,103740404,-0.014854031392030204,1.0685354135575933e-4,0.0430470205914097,C1_severe_atopic_vs_rest
cg03016142,NA,1,182338016,-0.0208101142046918,1.0690122361478676e-4,0.0430470205914097,C1_severe_atopic_vs_rest
cg03767027,IL17RA,22,17100411,-0.025758251391123282,1.0699589747244589e-4,0.04305003571896938,C1_severe_atopic_vs_rest
cg25488567,FAM26F,6,116460144,-0.05037256006875076,1.0712692717005454e-4,0.04305003571896938,C1_severe_atopic_vs_rest
cg02100722,REV1,2,99471724,-0.03224765052702575,1.0722994836593185e-4,0.04305003571896938,C1_severe_atopic_vs_rest
cg21247590,NA,2,197205632,-0.022596411975101628,1.072392469522357e-4,0.04305003571896938,C1_severe_atopic_vs_rest
cg01319709,NA,18,10130759,0.060563224608927026,1.0728590705065678e-4,0.04305003571896938,C1_severe_atopic_vs_rest
cg20348647,MARCO,2,118968277,0.11589071887729549,1.0729945770398777e-4,0.04305003571896938,C1_severe_atopic_vs_rest
cg10714356,CMC2,16,80993578,-0.0189125193436973,1.0730593910569434e-4,0.04305003571896938,C1_severe_atopic_vs_rest
cg25878131,ELF1,13,41020373,-0.04948400107082262,1.0732612619461468e-4,0.04305003571896938,C1_severe_atopic_vs_rest
cg05490489,NA,16,86896730,-0.032640966242171006,1.0735707025428281e-4,0.04305003571896938,C1_severe_atopic_vs_rest
cg01157420,C10orf88,10,122933459,-0.03921560932456855,1.0816209877702397e-4,0.043337279503456956,C1_severe_atopic_vs_rest
cg22305706,NA,19,33305456,-0.04075197146729806,1.0819831915405489e-4,0.043337279503456956,C1_severe_atopic_vs_rest
cg12605353,NA,8,54170904,0.09990875637011047,1.0822384160247285e-4,0.043337279503456956,C1_severe_atopic_vs_rest
cg09601944,NA,10,72639133,0.10055677715865707,1.0831049365191001e-4,0.043351889629590246,C1_severe_atopic_vs_rest
cg24799894,FAM227B,15,49493189,0.1102825518723399,1.0841260423809572e-4,0.04337267073035134,C1_severe_atopic_vs_rest
cg09945610,DAB1,1,58105456,-0.020416964319407142,1.0852805467668701e-4,0.04339876700831487,C1_severe_atopic_vs_rest
cg10244694,ATG13,11,46668211,-0.026215503854412157,1.0863879561881635e-4,0.04340554222417409,C1_severe_atopic_vs_rest
cg24536162,ZNF609,15,64564163,-0.04324690725324637,1.0865695552584847e-4,0.04340554222417409,C1_severe_atopic_vs_rest
cg07613391,TGFBR2,3,30667254,-0.04004118720005074,1.0869568475582157e-4,0.04340554222417409,C1_severe_atopic_vs_rest
cg03945895,PRDM2,1,13784857,-0.0223069160377233,1.0889482005351882e-4,0.04344644116042996,C1_severe_atopic_vs_rest
cg13459764,C9orf37,9,137616028,-0.03125017550692396,1.089067441047769e-4,0.04344644116042996,C1_severe_atopic_vs_rest
cg14254530,THG1L,5,157732908,-0.039999109328424494,1.0894893258900255e-4,0.04344644116042996,C1_severe_atopic_vs_rest
cg00006459,NA,4,147714565,-0.03889053645083005,1.0904158692116949e-4,0.04346088614945871,C1_severe_atopic_vs_rest
cg04692235,THRA,17,40073280,-0.07301250617235294,1.0908574192754973e-4,0.04346088614945871,C1_severe_atopic_vs_rest
cg10917426,ZBTB12,6,31867698,-0.028119142467449457,1.0915774330509401e-4,0.043469530964324245,C1_severe_atopic_vs_rest
cg25371048,TOP3A,17,18300482,-0.01872190090680016,1.0932514048261025e-4,0.043491854882014354,C1_severe_atopic_vs_rest
cg01450133,MICAL2,11,12114920,-0.04459941509373875,1.0940803402813421e-4,0.043491854882014354,C1_severe_atopic_vs_rest
cg26508841,PITPNC1,17,67474645,-0.04855336682210566,1.0941341816872257e-4,0.043491854882014354,C1_severe_atopic_vs_rest
cg20426823,MNT,17,2384776,-0.03574046116049419,1.0941970934208497e-4,0.043491854882014354,C1_severe_atopic_vs_rest
cg23987137,PDE4D,5,59357798,-0.06298306255985829,1.094654463200701e-4,0.043491854882014354,C1_severe_atopic_vs_rest
cg05276774,MAML2,11,95977882,-0.03203230864917515,1.0965283142778706e-4,0.043537019417598626,C1_severe_atopic_vs_rest
cg02480298,PRR5L,11,36399680,-0.021464258393808718,1.0967988417791338e-4,0.043537019417598626,C1_severe_atopic_vs_rest
cg09436650,BIRC6-AS2,2,32575268,-0.012931807547173192,1.099761034111066e-4,0.04362589414645411,C1_severe_atopic_vs_rest
cg20399975,ELMO1,7,37191951,-0.04408981341149783,1.1000474840667325e-4,0.04362589414645411,C1_severe_atopic_vs_rest
cg11925560,NA,11,82793157,-0.07239779481227222,1.100919508566028e-4,0.04364044931955735,C1_severe_atopic_vs_rest
cg04242898,CYB5R3,22,42647125,-0.04313312385450112,1.1015752247245344e-4,0.04364642061422081,C1_severe_atopic_vs_rest
cg16409452,EVL,14,100143849,-0.049050990447879306,1.1022690974756599e-4,0.04364705549233747,C1_severe_atopic_vs_rest
cg16484820,ASNSD1,2,189660198,-0.056302463817699655,1.1026014189607003e-4,0.04364705549233747,C1_severe_atopic_vs_rest
cg11973974,NA,2,37689918,-0.03606562784059757,1.1034144820618674e-4,0.04365924136917248,C1_severe_atopic_vs_rest
cg05072637,MIR1268A,9,128593204,-0.05350336873756146,1.1058866763262717e-4,0.04370291326572293,C1_severe_atopic_vs_rest
cg07392590,NA,11,61870071,-0.052778774033653185,1.106004138796127e-4,0.04370291326572293,C1_severe_atopic_vs_rest
cg27028800,CDC42BPB,14,102944993,-0.01727384138285888,1.1060354117346955e-4,0.04370291326572293,C1_severe_atopic_vs_rest
cg06394964,NA,6,6971516,-0.057917361531755446,1.1068090086060751e-4,0.04370922189771664,C1_severe_atopic_vs_rest
cg25203627,TSNAX-DISC1,1,231750454,-0.053084619002257034,1.1076084950577313e-4,0.04370922189771664,C1_severe_atopic_vs_rest
cg02628700,PFKFB3,10,6179026,-0.06873904517017579,1.1083125676515042e-4,0.04370922189771664,C1_severe_atopic_vs_rest
cg01964045,NA,1,109814564,-0.028380969590944265,1.1089967622242332e-4,0.04370922189771664,C1_severe_atopic_vs_rest
cg20189937,ATP5S,14,50313406,-0.05079534963903765,1.1091837362797247e-4,0.04370922189771664,C1_severe_atopic_vs_rest
cg23460196,TIMMDC1,3,119497406,-0.01573254057366152,1.1092298996205828e-4,0.04370922189771664,C1_severe_atopic_vs_rest
cg27468610,KMT2C,7,152143663,-0.04187352625411205,1.1109953539162767e-4,0.04375883578292882,C1_severe_atopic_vs_rest
cg01856536,GALNT18,11,11407471,0.08767351104433786,1.1121092543464989e-4,0.04377339325598188,C1_severe_atopic_vs_rest
cg09118771,SLC5A4,22,32219313,0.10752321434137872,1.1123780491179354e-4,0.04377339325598188,C1_severe_atopic_vs_rest
cg22452899,NA,2,234464150,-0.032550772668518455,1.1129689554330569e-4,0.04377671136892977,C1_severe_atopic_vs_rest
cg13612642,NA,10,80532130,-0.023445501324989456,1.1148551879749785e-4,0.04383095270240917,C1_severe_atopic_vs_rest
cg17062760,NA,19,35459897,-0.0651070319478933,1.1165178979286951e-4,0.04386474189899516,C1_severe_atopic_vs_rest
cg26228864,IL5RA,3,3110056,-0.08912377043180386,1.1167298366235263e-4,0.04386474189899516,C1_severe_atopic_vs_rest
cg17976489,TBC1D1,4,38110059,-0.050069609196244313,1.1178972448288087e-4,0.04389064697470716,C1_severe_atopic_vs_rest
cg01798813,NA,17,4003380,-0.035932064679907165,1.1212461178618799e-4,0.04400213784026246,C1_severe_atopic_vs_rest
cg05000339,RAB11FIP4,17,31490110,-0.036890082944859987,1.1229214382665371e-4,0.04403815200552517,C1_severe_atopic_vs_rest
cg13895596,ARHGAP26,5,142914281,-0.026502720783416377,1.12318303979135e-4,0.04403815200552517,C1_severe_atopic_vs_rest
cg15720713,SNTB2,16,69299066,0.09304652695868333,1.1251552025446877e-4,0.04408224791051263,C1_severe_atopic_vs_rest
cg10053779,INPP5F,10,119737832,-0.04761067606332518,1.1255704601338679e-4,0.04408224791051263,C1_severe_atopic_vs_rest
cg23975326,NA,16,75625311,-0.0297367296867644,1.1258462528075844e-4,0.04408224791051263,C1_severe_atopic_vs_rest
cg12821702,NA,2,41938364,-0.05145818382325271,1.1264467548765209e-4,0.04408224791051263,C1_severe_atopic_vs_rest
cg09372094,TMEM245,9,109117952,-0.05482536628449803,1.1268583031031856e-4,0.04408224791051263,C1_severe_atopic_vs_rest
cg17758446,DNAJC6,1,65277858,-0.06839667838598479,1.1296679787492682e-4,0.04416195809267192,C1_severe_atopic_vs_rest
cg03078394,NA,11,67113157,-0.054643832518537556,1.1305467054712497e-4,0.04416195809267192,C1_severe_atopic_vs_rest
cg04134096,NA,3,151925723,-0.022901587272882527,1.1308387862075032e-4,0.04416195809267192,C1_severe_atopic_vs_rest
cg19618279,COASY,17,42563210,-0.04963917909057611,1.1309400806696386e-4,0.04416195809267192,C1_severe_atopic_vs_rest
cg16135549,PIK3R1,5,68225901,-0.0627166706945009,1.1321086188690428e-4,0.044167636996282025,C1_severe_atopic_vs_rest
cg12708340,BAIAP3,16,1334970,-0.03343711008080699,1.1331909710574706e-4,0.044167636996282025,C1_severe_atopic_vs_rest
cg03329576,NA,11,114316323,0.026314284081806784,1.1334836761210104e-4,0.044167636996282025,C1_severe_atopic_vs_rest
cg14529015,SUSD3,9,93067889,-0.021203845731921557,1.133547749943495e-4,0.044167636996282025,C1_severe_atopic_vs_rest
cg17419937,NA,5,71663274,-0.02123109489216917,1.1336410591858092e-4,0.044167636996282025,C1_severe_atopic_vs_rest
cg02790691,DTNA,18,34709586,-0.07457698231165504,1.1346093432688408e-4,0.04418544088348154,C1_severe_atopic_vs_rest
cg06763445,EPB41L3,18,5510397,-0.024072905113484467,1.1355181116153808e-4,0.04420091203552498,C1_severe_atopic_vs_rest
cg13470964,NA,6,7268478,-0.019951808075520723,1.1365283601731843e-4,0.04422031767223672,C1_severe_atopic_vs_rest
cg04125811,NA,10,130504174,-0.012073825084378795,1.140787066102259e-4,0.044356237266310626,C1_severe_atopic_vs_rest
cg19860704,NAP1L4,11,2956305,-0.04293370455314252,1.1410482813556936e-4,0.044356237266310626,C1_severe_atopic_vs_rest
cg25847090,C10orf76,10,102009597,-0.04170505504131715,1.1431458756810161e-4,0.04440996747564972,C1_severe_atopic_vs_rest
cg06074533,ROR1,1,64140164,-0.012940701655212218,1.1436589336938859e-4,0.04440996747564972,C1_severe_atopic_vs_rest
cg24981989,DLC1,8,13116835,-0.0636951557817912,1.1439722132309625e-4,0.04440996747564972,C1_severe_atopic_vs_rest
cg07200711,SGPL1,10,70821654,-0.060414747343291234,1.1445245057462409e-4,0.04441145669913002,C1_severe_atopic_vs_rest
cg04893386,NA,7,131586343,-0.07103991574585806,1.1456557083132418e-4,0.04443539818897238,C1_severe_atopic_vs_rest
cg16651877,BTBD19,1,44810666,0.05449419313900291,1.1469770934204e-4,0.04445065216985662,C1_severe_atopic_vs_rest
cg23489421,FAM71D,14,67192523,-0.03232724183251092,1.1475101529125498e-4,0.04445065216985662,C1_severe_atopic_vs_rest
cg18718503,MAEA,4,1292777,-0.06611976791246635,1.1480930977018763e-4,0.04445065216985662,C1_severe_atopic_vs_rest
cg08257579,KCNJ15,21,38296552,0.09046272943700634,1.1481355827560386e-4,0.04445065216985662,C1_severe_atopic_vs_rest
cg18067103,UCHL3,13,75553945,-0.026581999114628056,1.1486747479912307e-4,0.04445065216985662,C1_severe_atopic_vs_rest
cg00601200,PLAA,9,26943140,-0.026520489095371587,1.1492454326566357e-4,0.04445065216985662,C1_severe_atopic_vs_rest
cg07062743,NA,7,22680513,-0.019634302529647794,1.1496496866249172e-4,0.04445065216985662,C1_severe_atopic_vs_rest
cg21564952,KLHL29,2,23447173,-0.029970883665037914,1.1510014089981991e-4,0.04448301295119015,C1_severe_atopic_vs_rest
cg01272944,SYTL3,6,158664066,-0.0399850810619505,1.1521158364755316e-4,0.04449141423300537,C1_severe_atopic_vs_rest
cg14453864,SLC1A3,5,36648677,-0.02834543710066798,1.1522485055113685e-4,0.04449141423300537,C1_severe_atopic_vs_rest
cg16452231,RANBP1,22,20118722,-0.0447325124749652,1.155162884425142e-4,0.04458402487278943,C1_severe_atopic_vs_rest
cg04459751,NA,4,152578365,-0.06458664426546043,1.155971991905791e-4,0.04458554019886778,C1_severe_atopic_vs_rest
cg26583412,TMEM232,5,110727079,-0.11009567866067163,1.1567880742191481e-4,0.04458554019886778,C1_severe_atopic_vs_rest
cg00287477,ACSL1,4,184800430,-0.06956632912814092,1.157147549228139e-4,0.04458554019886778,C1_severe_atopic_vs_rest
cg09453525,NA,2,128752802,0.07485203290428645,1.1572659285179046e-4,0.04458554019886778,C1_severe_atopic_vs_rest
cg00499912,PPP3CA,4,101275379,-0.022470492502806867,1.1591705086286074e-4,0.044623306028313894,C1_severe_atopic_vs_rest
cg12667152,NA,11,86173124,-0.05887416941505108,1.1597427835892547e-4,0.044623306028313894,C1_severe_atopic_vs_rest
cg04135846,MYO18A,17,29151621,-0.029568168863541067,1.1599477144392597e-4,0.044623306028313894,C1_severe_atopic_vs_rest
cg26196104,GLIS2-AS1,16,4329147,0.042044448803500147,1.1603117118935248e-4,0.044623306028313894,C1_severe_atopic_vs_rest
cg25586083,NA,8,61825856,-0.050583031919556494,1.1612708413273738e-4,0.04464032562610021,C1_severe_atopic_vs_rest
cg06452993,SOCS6,18,70304673,-0.034021396273147944,1.1622634936456246e-4,0.044658618166334096,C1_severe_atopic_vs_rest
cg02862885,NA,2,55100235,0.08659592499310635,1.1635575384268621e-4,0.04468846995318443,C1_severe_atopic_vs_rest
cg18499083,C14orf159,14,91637035,-0.10733212876267115,1.1666880205356845e-4,0.04476346365234231,C1_severe_atopic_vs_rest
cg09189336,NA,19,8635653,-0.021848623318492254,1.1670491176480897e-4,0.04476346365234231,C1_severe_atopic_vs_rest
cg14255062,PSMD5,9,120844397,-0.04619629846691472,1.1675617993353718e-4,0.04476346365234231,C1_severe_atopic_vs_rest
cg01541187,FRY,13,32084580,-0.024445976282641294,1.1676653976203106e-4,0.04476346365234231,C1_severe_atopic_vs_rest
cg15975598,CREB3L2,7,137980372,-0.021034090206810074,1.168100178394911e-4,0.04476346365234231,C1_severe_atopic_vs_rest
cg01923915,SNRNP200,2,96299361,-0.0752873051407564,1.1686233160491994e-4,0.04476366027529024,C1_severe_atopic_vs_rest
cg14343337,ANKRD27,19,33161082,-0.08831042874860642,1.1709256983862402e-4,0.044831979801146046,C1_severe_atopic_vs_rest
cg19968199,DYRK2,12,67662388,-0.0400030347264523,1.1716707595933394e-4,0.04484063907192663,C1_severe_atopic_vs_rest
cg05791862,RPS6KA2,6,167189213,-0.08214927570631013,1.1725856209800687e-4,0.04484570190408078,C1_severe_atopic_vs_rest
cg06915574,DTX2P1-UPK3BP1-PMS2P11,7,76639592,-0.04449713087149357,1.1728409620439755e-4,0.04484570190408078,C1_severe_atopic_vs_rest
cg00543751,FHL2,2,105438533,-0.025182663800392115,1.1739417082007917e-4,0.04486793786046575,C1_severe_atopic_vs_rest
cg05999592,NA,11,73213963,-0.06081147908246796,1.1752207915510069e-4,0.04489696717331502,C1_severe_atopic_vs_rest
cg14879797,SAMD4B,19,39867347,-0.0288866285569404,0.00011764582869137317,0.044924382746490285,C1_severe_atopic_vs_rest
cg17285466,NA,15,92848768,-0.026340628852882342,1.1778329462391375e-4,0.04495700954763441,C1_severe_atopic_vs_rest
cg21672758,NA,2,48112992,-0.04232570044482612,1.179602782860862e-4,0.044991438391732766,C1_severe_atopic_vs_rest
cg09222033,CRIM1,2,36433491,-0.051669082573584435,1.1801598352417733e-4,0.044991438391732766,C1_severe_atopic_vs_rest
cg09967176,NA,15,77280925,0.06951079632665433,1.1802968787210836e-4,0.044991438391732766,C1_severe_atopic_vs_rest
cg13793211,SAMSN1-AS1,21,14582188,-0.04590046474123044,1.1815894734203654e-4,0.045020851262573,C1_severe_atopic_vs_rest
cg07935966,CRIM1,2,36512285,-0.018066087047479872,1.1821965596655366e-4,0.04502349191828669,C1_severe_atopic_vs_rest
cg19390271,CNOT2,12,70251580,-0.07062438785622192,1.1827008055817817e-4,0.04502349191828669,C1_severe_atopic_vs_rest
cg13794390,FOXJ3,1,42259043,-0.07042432311881917,1.1858446603614758e-4,0.04512329524177411,C1_severe_atopic_vs_rest
cg16491647,PARL,3,183871765,-0.05252775031327595,1.1866121463214152e-4,0.045132625856863715,C1_severe_atopic_vs_rest
cg14924866,TNIK,3,171192808,-0.07584684665798314,1.188978622487927e-4,0.04520273887286348,C1_severe_atopic_vs_rest
cg24747377,MYRFL,12,69898308,-0.04652320367226038,1.190254666026021e-4,0.04523135224959182,C1_severe_atopic_vs_rest
cg22501143,HP1BP3,1,20783943,-0.04124423139308422,1.1910705708584335e-4,0.04524246223949262,C1_severe_atopic_vs_rest
cg10980900,DHTKD1,10,12077757,-0.027971872672019938,1.1930919601640982e-4,0.045262941439566814,C1_severe_atopic_vs_rest
cg10000813,ODC1,2,10449947,-0.020549573219893088,1.1939901715277456e-4,0.045262941439566814,C1_severe_atopic_vs_rest
cg17977624,NA,1,92446443,-0.016150250132462098,1.1940213630040275e-4,0.045262941439566814,C1_severe_atopic_vs_rest
cg19991780,RAB7A,3,128814529,0.07398729760651784,1.1944449847744383e-4,0.045262941439566814,C1_severe_atopic_vs_rest
cg06967756,TMC3-AS1,15,81719723,-0.01575013583478697,1.1945564665174776e-4,0.045262941439566814,C1_severe_atopic_vs_rest
cg08750944,DAPK1,9,87551926,-0.08364649142917394,1.1947558463984526e-4,0.045262941439566814,C1_severe_atopic_vs_rest
cg04046848,NA,11,95344985,-0.07102874136652805,1.1952762056338639e-4,0.045262941439566814,C1_severe_atopic_vs_rest
cg02492770,NA,1,101667223,-0.03775714042140477,1.196718270533006e-4,0.04529154134346279,C1_severe_atopic_vs_rest
cg15999467,OOSP1,11,59725988,-0.044513353311425155,1.1970796853848516e-4,0.04529154134346279,C1_severe_atopic_vs_rest
cg22278294,NA,5,39470126,0.10910118164647335,1.1977615802653371e-4,0.04529750831988847,C1_severe_atopic_vs_rest
cg13784018,SSH1,12,108855802,-0.06032307481844753,1.200071455755142e-4,0.04535949557745738,C1_severe_atopic_vs_rest
cg07199562,RAF1,3,12607289,-0.07199128993185364,1.2004504576237171e-4,0.04535949557745738,C1_severe_atopic_vs_rest
cg16377170,STAT5B,17,42240937,-0.050476093782685014,1.2010947758808647e-4,0.04536400580275354,C1_severe_atopic_vs_rest
cg00843506,RPN1,3,128651447,0.09197928049040308,1.2017565300235959e-4,0.04536917033346223,C1_severe_atopic_vs_rest
cg17599582,NA,4,138564669,-0.012436090783270971,1.2030603328229251e-4,0.04539855863448019,C1_severe_atopic_vs_rest
cg25739760,PRICKLE2-AS3,3,64186832,-0.025129578081631538,1.2041423386801082e-4,0.04540374966883153,C1_severe_atopic_vs_rest
cg24727216,ASXL1,20,32359921,-0.0414517204420218,1.2042487229209893e-4,0.04540374966883153,C1_severe_atopic_vs_rest
cg19916413,NECAB1,8,90912932,-0.053196494926077566,1.2058224353434168e-4,0.0454432563954158,C1_severe_atopic_vs_rest
cg02176569,SP140,2,230227406,0.07379598931250034,1.2076802623838627e-4,0.045472373249846314,C1_severe_atopic_vs_rest
cg17537518,UGGT1,2,128092817,-0.060482599089332935,1.2080030432089134e-4,0.045472373249846314,C1_severe_atopic_vs_rest
cg06045761,ABI1,10,26779518,-0.05136310507725053,1.2084756599903786e-4,0.045472373249846314,C1_severe_atopic_vs_rest
cg01499531,CLNK,4,10657168,-0.08457751920308902,1.2086998740371714e-4,0.045472373249846314,C1_severe_atopic_vs_rest
cg20379671,NA,22,38924874,-0.07317324393747404,1.2097471776315316e-4,0.04549056388955172,C1_severe_atopic_vs_rest
cg20758387,DPH7,9,137575559,-0.05937848101360391,1.2104323010733899e-4,0.04549056388955172,C1_severe_atopic_vs_rest
cg14943837,TBC1D10A,22,30308829,-0.07571208634086236,1.2120208712409953e-4,0.045518046932840006,C1_severe_atopic_vs_rest
cg23215558,SEC63,6,107952882,-0.03872812844055206,1.2129980856767167e-4,0.04553495750363624,C1_severe_atopic_vs_rest
cg00084864,NA,11,67104145,-0.04533735665263115,1.2137579389621534e-4,0.045538062027602404,C1_severe_atopic_vs_rest
cg05573855,ZMYND8,20,47358302,-0.04363727982052185,1.2141347229607284e-4,0.045538062027602404,C1_severe_atopic_vs_rest
cg09212118,GUCA2A,1,42164855,-0.06326817616066487,1.2148399876060859e-4,0.045544746419512984,C1_severe_atopic_vs_rest
cg00471162,NA,19,43444963,0.09302293257523198,1.218821841810609e-4,0.04567421215283267,C1_severe_atopic_vs_rest
cg06943590,NA,12,15256938,0.05587008765602074,1.2203232130180378e-4,0.04571065215327106,C1_severe_atopic_vs_rest
cg05969360,NA,13,79869300,-0.03784169160571537,1.222843104769107e-4,0.04578519560972415,C1_severe_atopic_vs_rest
cg24601835,NAP1L4,11,2993249,-0.012297427005133962,1.2245871941081872e-4,0.04581182713796851,C1_severe_atopic_vs_rest
cg03337349,NA,21,20259713,-0.047756916798452224,1.2246146590959376e-4,0.04581182713796851,C1_severe_atopic_vs_rest
cg10618553,HPD,12,121862194,-0.0511177822375279,1.225343012926114e-4,0.04581923908724047,C1_severe_atopic_vs_rest
cg06277957,TINAGL1,1,31575091,-0.06406201983468901,1.226316967473711e-4,0.045835824397765665,C1_severe_atopic_vs_rest
cg02424802,NA,1,184740522,-0.051447596773441386,1.2277784569813055e-4,0.045836448707987774,C1_severe_atopic_vs_rest
cg15995935,ACOXL,2,111114262,-0.023135501568317864,1.227950349289412e-4,0.045836448707987774,C1_severe_atopic_vs_rest
cg09726342,WWTR1,3,149618342,-0.030532175253704965,1.2287224483041183e-4,0.045836448707987774,C1_severe_atopic_vs_rest
cg12099921,NA,6,143535111,-0.06164437982090278,1.22984787667406e-4,0.045836448707987774,C1_severe_atopic_vs_rest
cg00634698,HK1,10,71123842,-0.01980303869784325,1.2300890545576375e-4,0.045836448707987774,C1_severe_atopic_vs_rest
cg27625732,TBC1D13,9,128786796,-0.03399070466529375,1.2302031446615738e-4,0.045836448707987774,C1_severe_atopic_vs_rest
cg02212173,AKT3,1,243713533,-0.05169892732433778,1.230286662067578e-4,0.045836448707987774,C1_severe_atopic_vs_rest
cg26143884,NA,19,33267858,0.0661408935899402,1.2305770397167586e-4,0.045836448707987774,C1_severe_atopic_vs_rest
cg02758852,ATG14,14,55385034,-0.018410476849546248,1.2353473074100914e-4,0.04599430617807175,C1_severe_atopic_vs_rest
cg18966140,FAM188A,10,15898849,-0.05380750588516691,1.2394713563965563e-4,0.046116990437434634,C1_severe_atopic_vs_rest
cg03044250,NA,23,46443249,-0.03271580616566953,1.2397097823781076e-4,0.046116990437434634,C1_severe_atopic_vs_rest
cg00060836,SNHG6,8,67834312,-0.07298228865502239,1.2405965305523108e-4,0.04613011932314288,C1_severe_atopic_vs_rest
cg00638845,NA,6,137223478,-0.04016731197375554,1.2414140791455508e-4,0.04614066491706607,C1_severe_atopic_vs_rest
cg13789384,ATP2A3,17,3958333,-0.021839711604271086,1.244155028173858e-4,0.046222659325300765,C1_severe_atopic_vs_rest
cg25203361,PPM1L,3,160869949,-0.08154255434773251,1.2455630448544004e-4,0.04625508364147055,C1_severe_atopic_vs_rest
cg19780389,OBSL1,2,219572134,-0.04056584870584138,1.2467154639767675e-4,0.046277992337906,C1_severe_atopic_vs_rest
cg05056419,UBE2O,17,76406106,-0.056627794852318385,1.2482988008053153e-4,0.04631687012939094,C1_severe_atopic_vs_rest
cg26711406,NA,16,85582724,-0.03492318107435952,1.2510444180540586e-4,0.04639546914478883,C1_severe_atopic_vs_rest
cg25448062,FADS1,11,61812646,-0.012518604830945506,1.2514909249356914e-4,0.04639546914478883,C1_severe_atopic_vs_rest
cg27278668,NA,10,6410098,0.06855749480486144,1.2524779523548243e-4,0.04641214954902771,C1_severe_atopic_vs_rest
cg27380803,SCN4A,17,63957441,-0.021457617779033985,1.2545850011494406e-4,0.04647030166795076,C1_severe_atopic_vs_rest
cg00086186,TRAPPC12,2,3442372,-0.02787363301084656,1.2551409572479456e-4,0.046470975513612976,C1_severe_atopic_vs_rest
cg14425271,ENOX1,13,43388099,-0.039036421457895355,1.2570444528251282e-4,0.04649977996207691,C1_severe_atopic_vs_rest
cg26887226,RPS6KA2,6,166590709,-0.053799678957687114,1.2571614562220155e-4,0.04649977996207691,C1_severe_atopic_vs_rest
cg11428515,NA,3,46301402,0.0729044693061037,1.2575332322481894e-4,0.04649977996207691,C1_severe_atopic_vs_rest
cg16868031,NR0B2,1,26914321,-0.0814587510185795,1.2600839891727887e-4,0.04656567218645012,C1_severe_atopic_vs_rest
cg14263289,NA,23,45781411,-0.026031307463453217,1.2609168324704292e-4,0.04656567218645012,C1_severe_atopic_vs_rest
cg14263230,PIGN,18,62066625,-0.055351519666620476,1.2609317911234746e-4,0.04656567218645012,C1_severe_atopic_vs_rest
cg06211467,NA,11,65307469,-0.014897345695643296,1.2615349152111756e-4,0.04656804442757658,C1_severe_atopic_vs_rest
cg15686115,MIR202,10,133247979,-0.04069944712275096,1.2636677758815767e-4,0.0466268589181732,C1_severe_atopic_vs_rest
cg11991735,C7orf50,7,1113086,0.03502660876002298,1.26549707088221e-4,0.046663461056963396,C1_severe_atopic_vs_rest
cg24266106,RNF10,12,120557412,-0.014740857182225854,1.2671709322312335e-4,0.046663461056963396,C1_severe_atopic_vs_rest
cg18290725,NA,1,101106025,-0.05385238050638187,1.2676769332998713e-4,0.046663461056963396,C1_severe_atopic_vs_rest
cg02899559,NA,16,17592014,-0.026451508945672435,1.2676789255335717e-4,0.046663461056963396,C1_severe_atopic_vs_rest
cg23877033,SNX9,6,157860485,-0.0763587296282288,1.267882638113518e-4,0.046663461056963396,C1_severe_atopic_vs_rest
cg12289653,NA,3,177934186,-0.054512246955081126,1.2678997047018355e-4,0.046663461056963396,C1_severe_atopic_vs_rest
cg19025272,SPATS2L,2,200313196,-0.042099360757239856,1.2709586382047438e-4,0.04675612810225226,C1_severe_atopic_vs_rest
cg23856600,NA,5,10560028,-0.06250741763496545,1.272332707595975e-4,0.04678675974189264,C1_severe_atopic_vs_rest
cg06763561,NA,9,91693301,-0.04241970253103393,1.2730365313412165e-4,0.04679272924847192,C1_severe_atopic_vs_rest
cg15053244,NA,3,150729900,-0.06724988509522073,1.2742591456686922e-4,0.04681775464489336,C1_severe_atopic_vs_rest
cg12460121,OR2B2,6,27913776,-0.03670208049574281,1.2779578073907096e-4,0.04693369295249879,C1_severe_atopic_vs_rest
cg05888648,ORAI1,12,121632686,-0.05361821306090743,1.27964342553926e-4,0.046975634047009454,C1_severe_atopic_vs_rest
cg03942390,LOC100132963,23,154834260,-0.02769905933261535,1.2809234807012468e-4,0.047002657651589966,C1_severe_atopic_vs_rest
cg26426228,LIG3,17,34979372,-0.05135569747880162,1.2836726457012e-4,0.047066365662386596,C1_severe_atopic_vs_rest
cg01740552,PTEN,10,87954356,-0.05081824041815295,1.2837489685407798e-4,0.047066365662386596,C1_severe_atopic_vs_rest
cg18616525,NA,10,2173277,-0.03708467138547178,1.284782425287548e-4,0.04708427915085179,C1_severe_atopic_vs_rest
cg08020552,NA,2,38412913,-0.017535016650954974,1.285622252298263e-4,0.047095084381858776,C1_severe_atopic_vs_rest
cg26863988,PHF7,3,52446671,-0.022146128316074938,1.2890913872123371e-4,0.04720140823689748,C1_severe_atopic_vs_rest
cg07485754,CAPZA2,7,116871285,-0.023592504805406502,1.2897509959154747e-4,0.04720140823689748,C1_severe_atopic_vs_rest
cg25493901,SLC7A1,13,29514592,-0.04805753954941932,1.2902145382749725e-4,0.04720140823689748,C1_severe_atopic_vs_rest
cg05544793,PLCXD2,3,111712520,-0.0340392793168954,1.2918176270751904e-4,0.04720140823689748,C1_severe_atopic_vs_rest
cg23890383,LZTFL1,3,45872007,-0.018302689869701714,1.2920124256209043e-4,0.04720140823689748,C1_severe_atopic_vs_rest
cg16048625,NA,18,74233797,-0.011307351594043133,1.2921694629061998e-4,0.04720140823689748,C1_severe_atopic_vs_rest
cg03213967,NA,1,227541762,-0.02145862523849956,1.2923482430000674e-4,0.04720140823689748,C1_severe_atopic_vs_rest
cg03285383,PTK2B,8,27346863,-0.02001053827449407,1.293477489069848e-4,0.0472226936685546,C1_severe_atopic_vs_rest
cg12020338,KDELC2,11,108487027,-0.04596403757588296,1.2960309244453401e-4,0.04728930904111604,C1_severe_atopic_vs_rest
cg11256548,CD151,11,837944,-0.04832643813398753,1.296396619094834e-4,0.04728930904111604,C1_severe_atopic_vs_rest
cg10220104,NA,12,27027924,-0.05947679143212864,1.2970421464897743e-4,0.04729289303685365,C1_severe_atopic_vs_rest
cg24277759,MTUS2,13,30039971,-0.05749764689516272,1.2980824704045098e-4,0.04731086305208764,C1_severe_atopic_vs_rest
cg19861623,TTC7B,14,90632679,-0.03215994367511445,1.2998945903843894e-4,0.047312779307062604,C1_severe_atopic_vs_rest
cg15209998,RAB11FIP4,17,29837057,-0.0727464832211991,1.2999936666610815e-4,0.047312779307062604,C1_severe_atopic_vs_rest
cg13929898,UCKL1,20,63954926,-0.0568671358961405,1.3011887236171182e-4,0.047312779307062604,C1_severe_atopic_vs_rest
cg15308037,NPAS2,2,100924910,-0.031217498133177063,1.3013145112428457e-4,0.047312779307062604,C1_severe_atopic_vs_rest
cg01297834,PDZD8,10,117358018,-0.06979705183212209,1.3014811179097105e-4,0.047312779307062604,C1_severe_atopic_vs_rest
cg13969581,SAFB2,19,5620137,-0.05935613609901234,1.3016536499500293e-4,0.047312779307062604,C1_severe_atopic_vs_rest
cg05840984,SNORD85,1,30969582,-0.05581258013279563,1.30241988878076e-4,0.047312779307062604,C1_severe_atopic_vs_rest
cg27187848,PCDHGA8,5,141509267,0.058676593464383614,1.3025150896081006e-4,0.047312779307062604,C1_severe_atopic_vs_rest
cg22609785,NA,10,78656915,-0.05341096795005636,1.30556645955034e-4,0.04740369189719939,C1_severe_atopic_vs_rest
cg12491257,PIP4K2A,10,22621085,-0.023086057244957173,1.3062017266091445e-4,0.04740683891023711,C1_severe_atopic_vs_rest
cg03721352,MAN1C1,1,25761036,-0.049871399218710206,1.3074629401945754e-4,0.047426955108621834,C1_severe_atopic_vs_rest
cg17583768,NA,16,74863684,-0.04144500472583774,1.308057434397394e-4,0.047426955108621834,C1_severe_atopic_vs_rest
cg12417775,PPP2R5A,1,212289896,-0.060394921898685366,1.3084024683036603e-4,0.047426955108621834,C1_severe_atopic_vs_rest
cg12100242,TTC3,21,37201869,-0.03333928871123449,1.310543074211127e-4,0.04748462971344629,C1_severe_atopic_vs_rest
cg18282041,C2orf61,2,47089466,-0.018907308259911017,1.3125030014604375e-4,0.04753571222623806,C1_severe_atopic_vs_rest
cg21120762,NA,20,38198611,-0.038605859441707746,1.3138908455791423e-4,0.047562839674060726,C1_severe_atopic_vs_rest
cg15344640,LMAN2,5,177347728,-0.042602404723547066,1.3147403488870664e-4,0.047562839674060726,C1_severe_atopic_vs_rest
cg02346442,NA,3,186476257,-0.06519140742569636,1.3149032112560183e-4,0.047562839674060726,C1_severe_atopic_vs_rest
cg21900997,SCMH1,1,41158646,-0.017335073159875248,1.3164233503842266e-4,0.047589272220597556,C1_severe_atopic_vs_rest
cg21562354,NA,3,125994135,0.09329938175982389,1.3167353646054023e-4,0.047589272220597556,C1_severe_atopic_vs_rest
cg06118338,TSG101,11,18523271,-0.029241376870453546,1.3174118937618368e-4,0.047593817843565166,C1_severe_atopic_vs_rest
cg11339907,BCL11B,14,99213364,-0.030961451766218586,1.318711617836793e-4,0.04761016698898849,C1_severe_atopic_vs_rest
cg00772257,NA,7,115891,0.08561964238953118,1.3189663366125224e-4,0.04761016698898849,C1_severe_atopic_vs_rest
cg15329179,IL13,5,132658036,-0.017364409162924928,1.32063765406064e-4,0.04763486379419507,C1_severe_atopic_vs_rest
cg08924893,NA,1,212184041,0.1276003130067229,1.3207529884891938e-4,0.04763486379419507,C1_severe_atopic_vs_rest
cg01872971,NA,4,81404330,-0.02235441530137409,1.3220099940254942e-4,0.04764642524443041,C1_severe_atopic_vs_rest
cg04859929,GBA,1,155245367,-0.01937945891782225,1.3221762807485735e-4,0.04764642524443041,C1_severe_atopic_vs_rest
cg06288918,INPP5A,10,132564851,-0.02759622322109258,1.3250720622688203e-4,0.047699084543483705,C1_severe_atopic_vs_rest
cg09489470,NA,11,102288888,-0.03800850127712871,1.3258295685077509e-4,0.047699084543483705,C1_severe_atopic_vs_rest
cg14224214,TADA2A,17,37430995,-0.03114276307062629,1.3262677365385073e-4,0.047699084543483705,C1_severe_atopic_vs_rest
cg17973773,PBK,8,27838353,-0.04790476731339164,1.326781915466002e-4,0.047699084543483705,C1_severe_atopic_vs_rest
cg15307260,NA,6,36314235,-0.031260101236292054,1.3269111650380456e-4,0.047699084543483705,C1_severe_atopic_vs_rest
cg00978517,ATG14,14,55850801,-0.05744477004718243,1.3273728361217803e-4,0.047699084543483705,C1_severe_atopic_vs_rest
cg17254832,NA,1,40014968,-0.03606741492832786,1.3280809714280353e-4,0.047699084543483705,C1_severe_atopic_vs_rest
cg02184147,AIFM1,23,130166990,-0.03876284357164804,1.3283267969434634e-4,0.047699084543483705,C1_severe_atopic_vs_rest
cg11733691,EPX,17,58191809,-0.053856692095369606,1.3286053436914485e-4,0.047699084543483705,C1_severe_atopic_vs_rest
cg15494704,C15orf43,15,44976618,-0.044907518366438796,1.332043349220932e-4,0.04779148567398216,C1_severe_atopic_vs_rest
cg25332717,FHL2,2,105404212,-0.061050575865749065,1.332285164978187e-4,0.04779148567398216,C1_severe_atopic_vs_rest
cg07110356,MPO,17,58278070,0.056011007000414434,1.3361035872990403e-4,0.04788462797281157,C1_severe_atopic_vs_rest
cg17094127,NA,15,63179367,-0.01311570645794622,1.3369300377086022e-4,0.04788462797281157,C1_severe_atopic_vs_rest
cg03686481,NA,3,194690688,-0.016000658878805123,1.3371326973867436e-4,0.04788462797281157,C1_severe_atopic_vs_rest
cg25554340,BAHCC1,17,81433874,-0.03614948998835134,1.3375438958716148e-4,0.04788462797281157,C1_severe_atopic_vs_rest
cg10859442,UCP3,11,74005322,-0.054085440890308145,1.3376523103153976e-4,0.04788462797281157,C1_severe_atopic_vs_rest
cg16170930,HPS4,22,26877061,-0.0628559636086666,1.339102442597161e-4,0.04791668960559925,C1_severe_atopic_vs_rest
cg07364280,TTC23,15,99252527,-0.04936928772734137,1.3414493508704783e-4,0.04798080047406563,C1_severe_atopic_vs_rest
cg05887469,TRAPPC11,4,183700663,-0.015066881150833406,1.342254370313044e-4,0.04798973101426387,C1_severe_atopic_vs_rest
cg15532312,NA,20,34018983,-0.04805532431815188,1.3436183101984408e-4,0.048005629668133404,C1_severe_atopic_vs_rest
cg01517088,LOC339593,20,11268972,-0.01686536364843858,1.3438100955296604e-4,0.048005629668133404,C1_severe_atopic_vs_rest
cg17582254,NA,7,88322351,0.050466234913527454,1.3451843706552754e-4,0.04802786023276107,C1_severe_atopic_vs_rest
cg09335712,TEX2,17,64177874,-0.03613799479535859,1.3455439508733944e-4,0.04802786023276107,C1_severe_atopic_vs_rest
cg06352398,NA,9,5852289,-0.026102087400917632,1.3506105366944304e-4,0.04817188516229362,C1_severe_atopic_vs_rest
cg18122153,ABLIM1,10,114685669,-0.02670115802494081,1.3506938333561393e-4,0.04817188516229362,C1_severe_atopic_vs_rest
cg19330871,LINC01069,13,77990667,-0.03654810742933423,1.351819770732984e-4,0.04819215175406145,C1_severe_atopic_vs_rest
cg20503329,COL15A1,9,98943510,-0.03280746237657117,1.353875244557256e-4,0.048245525786995536,C1_severe_atopic_vs_rest
cg19937578,NA,13,22053498,-0.048278923725127994,1.3547634240448456e-4,0.048246076682708826,C1_severe_atopic_vs_rest
cg14025883,C9orf46,9,5436224,-0.07077750996008537,1.3550073147887678e-4,0.048246076682708826,C1_severe_atopic_vs_rest
cg18723763,MGAT4A,2,98634809,-0.06464695379430037,1.3560637397162624e-4,0.04826380530491299,C1_severe_atopic_vs_rest
cg27258066,VTCN1,1,117715136,-0.012726913804744163,1.3577191340033396e-4,0.04828775163754254,C1_severe_atopic_vs_rest
cg25173129,EPX,17,58192049,-0.06293753645817501,1.3584319963974538e-4,0.04828775163754254,C1_severe_atopic_vs_rest
cg15082526,PECR,2,216071562,0.09389750078843329,1.3584779852705226e-4,0.04828775163754254,C1_severe_atopic_vs_rest
cg03874689,NA,17,57724236,0.06058210689330629,1.3593062467322562e-4,0.04828775163754254,C1_severe_atopic_vs_rest
cg15009750,NA,19,35317799,0.05839893519692519,1.359530496187488e-4,0.04828775163754254,C1_severe_atopic_vs_rest
cg08287334,KLF16,19,1854634,-0.05291284196913797,1.3601660373940348e-4,0.048290476645280606,C1_severe_atopic_vs_rest
cg23509861,SNX2,5,122773733,0.0404480525621126,1.3607737333241955e-4,0.048292211219694875,C1_severe_atopic_vs_rest
cg07697177,C1orf86,1,2193743,-0.031062760307819008,1.3625808165569923e-4,0.04833649169907053,C1_severe_atopic_vs_rest
cg20127046,NA,14,34364328,-0.03367399408899565,1.3636050762077623e-4,0.048352977177476004,C1_severe_atopic_vs_rest
cg10995397,NA,19,51468562,-0.04960558744703995,1.3670165592000449e-4,0.048454064547409234,C1_severe_atopic_vs_rest
cg14354244,TRIM9,14,50979320,-0.05727289402758861,1.3685894240124695e-4,0.04848992570476521,C1_severe_atopic_vs_rest
cg00215722,NA,8,124830747,-0.07303383312367151,1.3703672424078073e-4,0.048511792039360124,C1_severe_atopic_vs_rest
cg16982824,FXR1,3,180914144,-0.05833596606364228,1.3704582725197702e-4,0.048511792039360124,C1_severe_atopic_vs_rest
cg15218498,NA,14,38948281,-0.027803041345638643,1.371452105094437e-4,0.048511792039360124,C1_severe_atopic_vs_rest
cg09251832,PSMD14,2,161406514,-0.03787157061719769,1.3733660754142697e-4,0.04855961705406677,C1_severe_atopic_vs_rest
cg10615993,PLD5,1,242188893,-0.04162470449380972,1.3741719359568452e-4,0.04856823831496849,C1_severe_atopic_vs_rest
cg12664173,PFKFB3,10,6178947,-0.058954756595199616,1.377453128978592e-4,0.04866430401934212,C1_severe_atopic_vs_rest
cg10330313,PPTC7,12,110537786,-0.0759751307644811,1.3798435456239175e-4,0.04872883365909275,C1_severe_atopic_vs_rest
cg07456972,TBC1D1,4,38109189,-0.05643645574498771,1.3828737885752845e-4,0.0488158966562463,C1_severe_atopic_vs_rest
cg17770392,NA,2,165812716,-0.06427323497041713,1.3835001989994985e-4,0.0488180671280447,C1_severe_atopic_vs_rest
cg26197665,PCSK6,15,101920222,-0.06060396976578163,1.3852562969854238e-4,0.04886008161438971,C1_severe_atopic_vs_rest
cg23525708,KIAA0247,14,69685966,-0.07383491541868671,1.387640699623638e-4,0.04890426125045538,C1_severe_atopic_vs_rest
cg00430037,ZSCAN25,7,99623352,-0.05140281762463373,1.3887976720955677e-4,0.048925082997828336,C1_severe_atopic_vs_rest
cg14465376,GBE1,3,81717289,0.0814903622284315,1.3912518042678902e-4,0.04899156598050961,C1_severe_atopic_vs_rest
cg01058360,PRKAG2,7,151745285,0.10247487119856973,1.3954158890675268e-4,0.04908043654425807,C1_severe_atopic_vs_rest
cg06605958,SELO,22,50651256,-0.04041837030980234,1.3954794132194575e-4,0.04908043654425807,C1_severe_atopic_vs_rest
cg21969887,PKIG,20,44552220,-0.026022528841184188,1.3994971193740004e-4,0.04920171825473072,C1_severe_atopic_vs_rest
cg23145336,TNXB,6,32093039,-0.042529929471174954,1.4013110789723535e-4,0.04921301366689567,C1_severe_atopic_vs_rest
cg04763288,PLD5,1,242188607,-0.034484750655452034,1.4020299991455965e-4,0.04921301366689567,C1_severe_atopic_vs_rest
cg25753026,METRNL,17,83085669,-0.010125828113926929,1.4022976468843065e-4,0.04921301366689567,C1_severe_atopic_vs_rest
cg18032891,C8orf48,8,13424389,0.12275019592672544,1.402665881251956e-4,0.04921301366689567,C1_severe_atopic_vs_rest
cg22087490,LGALS8,1,236551749,-0.033474133486968864,1.4069689066841746e-4,0.0493439527049084,C1_severe_atopic_vs_rest
cg21033943,CMIP,16,81469397,-0.04266313013848667,1.4084273834387567e-4,0.049358052733716073,C1_severe_atopic_vs_rest
cg09748521,M1AP,2,74603888,-0.01752559961041415,1.408513294435977e-4,0.049358052733716073,C1_severe_atopic_vs_rest
cg04833819,ABR,17,927551,-0.019418544113262808,1.409123938509771e-4,0.049359435334864026,C1_severe_atopic_vs_rest
cg17662710,ADAMDEC1,8,24404119,-0.028701074856929343,1.4104038318890502e-4,0.049366244590972476,C1_severe_atopic_vs_rest
cg07961282,NA,16,3005635,-0.04437715966993839,1.4104608667816663e-4,0.049366244590972476,C1_severe_atopic_vs_rest
cg01668481,VCL,10,74004343,-0.059661375877392335,1.4110475123002393e-4,0.04936678258499095,C1_severe_atopic_vs_rest
cg15705342,DNAJC13,3,132416765,-0.043250371427285585,1.4120112377417118e-4,0.04938050728923414,C1_severe_atopic_vs_rest
cg14306023,C3orf20,3,14673711,-0.016448726848511775,1.4151337976683927e-4,0.04945612703991701,C1_severe_atopic_vs_rest
cg24600366,CYB5B,16,69448934,-0.07556077430391571,1.4153181635836608e-4,0.04945612703991701,C1_severe_atopic_vs_rest
cg01900574,GALM,2,38672107,-0.03953350147196104,1.4172854100535646e-4,0.049482832116059666,C1_severe_atopic_vs_rest
cg19540377,SERPINB13,18,63590354,0.08992895974603682,1.417659651214702e-4,0.049482832116059666,C1_severe_atopic_vs_rest
cg08206271,SMARCC1,3,47605290,-0.053652890979823335,1.41837286902628e-4,0.049482832116059666,C1_severe_atopic_vs_rest
cg11200656,NA,17,77960365,-0.09866290244937864,1.419976986812371e-4,0.04949957852824238,C1_severe_atopic_vs_rest
cg10809828,LCK,1,32256677,-0.05287047930130773,1.419998509191819e-4,0.04949957852824238,C1_severe_atopic_vs_rest
cg23744559,ADAM12,10,126146876,-0.04229817379354854,1.4219439361899967e-4,0.049547407110744277,C1_severe_atopic_vs_rest
cg02563600,KIAA0182,16,85675028,-0.03626859318763903,1.4235694339806011e-4,0.049564076289814844,C1_severe_atopic_vs_rest
cg27653134,A2ML1,12,8822713,-0.05336445042852083,1.4250819615143506e-4,0.049583535937349155,C1_severe_atopic_vs_rest
cg23485066,LOC646999,7,39649706,-0.1725200088303378,1.4257832831726953e-4,0.049583535937349155,C1_severe_atopic_vs_rest
cg21399992,NA,7,19445377,0.030420825697002055,1.42594924796332e-4,0.049583535937349155,C1_severe_atopic_vs_rest
cg10338112,NA,16,30809032,-0.03412936101254774,1.42642348036283e-4,0.049583535937349155,C1_severe_atopic_vs_rest
cg09530650,KLHL3,5,137688474,0.06515639338595534,1.4290088986682498e-4,0.0496534337676705,C1_severe_atopic_vs_rest
cg09299789,NA,3,11736693,-0.039795667026279784,1.4306162299523693e-4,0.04966626191601205,C1_severe_atopic_vs_rest
cg18067163,NA,3,128584482,-0.017018341268845463,1.4310252196700322e-4,0.04966626191601205,C1_severe_atopic_vs_rest
cg08228469,NA,5,138568154,-0.046261713622267275,1.4315270051897626e-4,0.04966626191601205,C1_severe_atopic_vs_rest
cg23196129,NA,2,120179842,-0.06524934666779221,1.4316770479358494e-4,0.04966626191601205,C1_severe_atopic_vs_rest
cg18564075,MED13L,12,116267258,-0.024624685788113065,1.4331237841841256e-4,0.04969650017456984,C1_severe_atopic_vs_rest
cg07472373,DRGX,10,49387135,0.11398485121978591,1.434322293771785e-4,0.049707141803136956,C1_severe_atopic_vs_rest
cg10193874,NA,11,111309869,-0.051826030499379214,1.434581088246322e-4,0.049707141803136956,C1_severe_atopic_vs_rest
cg06961278,NA,2,113156865,-0.0343847684191894,1.435521138168124e-4,0.04971977805972989,C1_severe_atopic_vs_rest
cg04497992,NHLRC4,16,566212,-0.07340688612692746,1.436152484907414e-4,0.049721716431799345,C1_severe_atopic_vs_rest
cg09413029,SORBS1,10,95392710,-0.011373210258921924,1.4371128413209592e-4,0.049735039489515,C1_severe_atopic_vs_rest
cg17194668,WDR73,15,84643286,-0.02925710422857924,1.4379532080529674e-4,0.0497442009866048,C1_severe_atopic_vs_rest
cg09636525,TADA2B,4,7050885,-0.040956919239021415,1.439312017767475e-4,0.049744636983024795,C1_severe_atopic_vs_rest
cg22877024,NA,5,143642104,-0.015215680161678877,1.4399445895206352e-4,0.049744636983024795,C1_severe_atopic_vs_rest
cg08106256,CALR3,19,16486830,-0.04424627699335862,1.4402454335253102e-4,0.049744636983024795,C1_severe_atopic_vs_rest
cg03106413,PHF13,1,6623468,-0.047186947211222914,1.4405487627002492e-4,0.049744636983024795,C1_severe_atopic_vs_rest
cg09797463,LIPA,10,89235540,0.06707329324298417,1.440844045590487e-4,0.049744636983024795,C1_severe_atopic_vs_rest
cg24855514,LOC101927851,1,234964620,-0.0711054661363638,1.4414958753979697e-4,0.04974726612287965,C1_severe_atopic_vs_rest
cg04436877,NA,1,172497317,-0.06866937123157198,1.4426468001479086e-4,0.04975029791613061,C1_severe_atopic_vs_rest
cg00246451,ARHGEF2,1,155979221,0.0129978312075887,1.4435225362757472e-4,0.04975029791613061,C1_severe_atopic_vs_rest
cg05317405,THYN1,11,134249080,-0.07163253369251175,1.4438306936739815e-4,0.04975029791613061,C1_severe_atopic_vs_rest
cg21029357,FADS2,11,61601062,-0.06884270038421642,1.4438865752050052e-4,0.04975029791613061,C1_severe_atopic_vs_rest
cg04008913,SNRK,3,43285973,-0.048003867694067316,1.447582951455723e-4,0.04984052025936455,C1_severe_atopic_vs_rest
cg24335618,GLTSCR1,19,47666028,-0.027121737907051052,1.447658581488037e-4,0.04984052025936455,C1_severe_atopic_vs_rest
cg00093688,NDOR1,9,137218917,-0.061736061503546186,1.4492185451483344e-4,0.04987435699828847,C1_severe_atopic_vs_rest
cg12579820,PHACTR2,6,143694866,-0.06550548293684134,1.4517646657551716e-4,0.04991943973811364,C1_severe_atopic_vs_rest
cg08040193,NA,12,49138712,-0.03583004642871583,1.4523839456077013e-4,0.04991943973811364,C1_severe_atopic_vs_rest
cg17203290,C8orf47,8,98093348,-0.05725333874774698,1.452759580526375e-4,0.04991943973811364,C1_severe_atopic_vs_rest
cg18559987,GALNT7,4,173289360,-0.05642715891505144,1.4528392104786635e-4,0.04991943973811364,C1_severe_atopic_vs_rest
