"ONTOLOGY","TERM","N","DE","P.DE","FDR","SigGenesInSet","comp_id"
"BP","immune system process",2488,495,2.37981720862489e-17,5.40789662487919e-13,"ADA,CD300LD,MICA,CERT1,ADAM8,TRIM10,RASGRP1,ADAM10,CDK6,KLRG1,IGSF6,ZMPSTE24,ADAR,IKZF1,BTN3A3,BTN2A2,NOD1,NDRG1,ADARB1,PIAS3,CDC42EP2,VAV3,GPNMB,MERTK,SEMA4D,SEMA3C,KLF1,CXCR6,CNPY3,CTSC,TRAF3IP2,FAXDC2,LILRB1,USP20,MALT1,LILRB4,KAT7,PTGDR2,CMTM7,SCN11A,VPS26B,LYST,PHB2,NLRP3,ERMAP,BATF2,CLNK,SH2D1B,CLC,PIK3AP1,CLU,TMEM45B,SLC15A4,SPPL3,CCR6,CMKLR1,RNF19B,KLF6,ADORA1,ADORA2B,CREB1,CREBBP,CRK,PIK3R6,DCST1,NFAM1,CTSH,CXADR,CYP19A1,TMEM229B,DAPK1,ZFPM1,WFDC13,DHX15,TMEM64,IDO2,CLEC4C,DOCK2,GPR183,EFNB2,ANO6,GAPT,EPAS1,EPHB1,EPHB3,ESR1,ALAS1,ETS1,EXT1,EZH2,PTK2B,FBN1,FCER1G,FCER2,MARCHF8,MTURN,ADGRG3,FGR,FKBP1B,NLRP1,ZBTB1,SBNO2,CD93,SIRT2,SWAP70,TRIM35,RAP1GAP2,LRCH1,FCHO1,GRAMD4,FLNB,RFTN1,RCOR1,FLT1,DTX4,PLCL2,PIP5K1C,MORC3,KAT6B,PIK3R5,ATP6V0A2,FPR2,FPR3,DAPK2,PLD3,BRD1,ALOX5,PANX1,IL27,ABL1,FYB1,FYN,SERINC5,FBXO7,SAMHD1,SIN3A,L3MBTL1,ZBTB20,GATA1,GATA3,BLOC1S6,GCH1,B4GALT1,ZBTB32,LAMP3,FOXP1,TNFRSF21,CRCP,STK39,WFDC10B,GPI,ANG,CCDC88B,ANGPT1,SIGLEC15,GPER1,HIPK2,SETD2,RACGAP1,BLNK,TMOD3,GPR171,SH3KBP1,ANXA1,HCLS1,ANXA3,HFE,CD209,HIF1A,UBE2K,HK1,HLA-A,HLA-DMB,HLA-DQA2,HLA-DRA,MR1,HSF1,HSPD1,IRF8,CD300E,IFI16,IFNGR2,IGF1R,TICAM2,IKBKB,IL4,IL5RA,IL6R,IL16,TNFRSF9,IL18,IDO1,INHBA,INPP5D,ITGA6,IRAK2,IRF2,IRF5,ITGA4,ITGA9,ITGAL,ITGAM,ITGB2,ITGB3,ITPKB,JAK1,JARID2,KARS1,TBC1D10C,MIA3,KCNQ1,KIF5B,KRT16,SCIMP,LCP1,LCP2,LIMK1,LIPA,RHOH,LRCH4,LRP1,LTBR,LTF,LYN,SMAD3,SMAD6,MBP,MEF2C,MEFV,MAP3K1,CIITA,MITF,MNDA,RHEX,MTHFD1,MX1,MYO1C,NCF2,NCK1,NEDD9,NF1,NFATC2,NFE2L2,NINJ1,NOTCH1,NOTCH2,P2RX4,P2RX7,PCBP2,MARCHF2,ZBTB7A,PDE4B,PDE4D,IL23A,CYRIB,ASB2,ENPP2,ENPP3,PDPK1,RAB8B,PIK3CB,PIK3CD,PIK3R1,PLA2G4A,PLCG2,ACP5,TREM2,TREM1,TOLLIP,RBM47,APBB1IP,PPARG,PPBP,DUS2,TESC,SUSD4,TMEM33,PPP3CA,SHFL,LGR4,PRG2,NAGK,AMBRA1,CHD7,LYAR,RAB20,NPLOC4,PACS1,LMBR1L,POLR3E,PRKAR1A,INAVA,PRKCA,PRKCB,AXL,PRKCD,PRKCE,PAG1,PRKCH,PRKCZ,MAPK1,MAPK8,MAP2K1,MAP2K6,CRTAM,CTNNBL1,LRRC8A,LGMN,SUCNR1,ZC3HAV1,SPIRE1,SPPL2B,DUSP22,HMCES,CTNNBIP1,CAMK1D,PELI1,ZMIZ1,SENP7,PTK2,ARID1B,RPTOR,PREX1,WDFY1,PTPN1,WDFY4,PTPN11,PTPRJ,PTPRO,PTPRS,NECTIN1,NECTIN2,CXCL16,NLRC4,RAB27A,RAC1,RAF1,RARA,ARID4A,RBP4,BCL2,RNASE4,BCL6,TNFRSF17,RORA,BCR,RPS6,S100A8,S100A13,CEACAM1,CCL13,CCL18,CCL20,CCL21,CCL22,CCL25,PRDM1,SEC14L1,SECTM1,BLK,SELL,VSIR,ERAP2,SEMA4A,RAB17,CLEC7A,MEAF6,CRTC3,ST6GAL1,ST3GAL1,MARCHF7,SLC7A1,SLC11A1,SLC18A2,SLC22A5,SLPI,SMARCA2,SMARCD2,SOD1,SRC,BRAF,SRPK2,BSG,SYK,MSMP,TCF12,TGFB3,TGFBR2,THRA,SERPING1,C1QA,TNF,C1QB,C1QC,TOP2B,C1S,TPD52,TRAF3,C5,C5AR1,CCR2,TYK2,C8A,C8B,VAV2,EZR,XRCC4,XRCC5,YES1,YWHAZ,ZBTB16,TRIM26,CACNA1C,ZYX,CACNB4,CYREN,CUEDC2,TMEM43,RHBDF2,NLRX1,UBA5,RIN3,TNIP3,KAT6A,SLC8B1,CEP63,CALR,GPR68,SLC7A5,DCSTAMP,CLPB,AKAP1,DOCK8,CAMP,EPX,ARID1A,CASP1,CD99L2,MAD1L1,PLA2G6,ZDHHC18,RNF135,NCK2,CARD11,RNASE7,TRIM55,CRACR2A,ADTRP,HAVCR2,ORAI1,ZNRF1,UBASH3B,RUNX2,RUNX1,CBFB,MARCO,TNFSF12,TNFSF10,ADAM15,TNFRSF11A,TRIM4,TRIM15,SLAMF9,PGLYRP1,MAP3K14,OTULIN,CCRL2,PSTPIP1,MCU,ACVR1B,CD2,RNF185,RSAD2,FCMR,CD6,DLG5,CD7,UBE2L6,MFHAS1,MAPKAPK2,CD9,GPR55,CD80,CD86,AIM2,LY86,CHST3,CD36,GTPBP1,NR1D1,CD44,CD59,CD68,N4BP1,HDAC9,CD81,RIPOR2,HDAC4,ADGRE5,TOX,CD151,TESPA1,GAB2,WDR1,TNFSF15","Sputum_Paucigranulocytic"
"BP","immune response",1703,345,5.09495793883443e-17,5.78889121010368e-13,"ADA,MICA,CERT1,ADAM8,TRIM10,RASGRP1,KLRG1,IGSF6,ADAR,BTN3A3,BTN2A2,NOD1,ADARB1,CDC42EP2,VAV3,SEMA4D,SEMA3C,CXCR6,CNPY3,CTSC,TRAF3IP2,LILRB1,USP20,MALT1,LILRB4,PTGDR2,SCN11A,VPS26B,LYST,PHB2,NLRP3,ERMAP,CLNK,SH2D1B,CLC,PIK3AP1,CLU,TMEM45B,SLC15A4,SPPL3,CCR6,CMKLR1,RNF19B,ADORA2B,CREBBP,CRK,PIK3R6,DCST1,NFAM1,CTSH,DAPK1,ZFPM1,WFDC13,DHX15,CLEC4C,DOCK2,GPR183,GAPT,ESR1,ETS1,EXT1,PTK2B,FCER1G,FCER2,MARCHF8,FGR,NLRP1,ZBTB1,SBNO2,SIRT2,SWAP70,TRIM35,RAP1GAP2,FCHO1,GRAMD4,FLNB,RFTN1,DTX4,PLCL2,MORC3,PIK3R5,ATP6V0A2,FPR2,FPR3,ALOX5,PANX1,IL27,ABL1,FYB1,FYN,SERINC5,SAMHD1,SIN3A,GATA1,GATA3,GCH1,LAMP3,FOXP1,TNFRSF21,CRCP,WFDC10B,GPI,ANG,ANGPT1,GPER1,SETD2,BLNK,ANXA1,ANXA3,HFE,CD209,UBE2K,HK1,HLA-A,HLA-DMB,HLA-DQA2,HLA-DRA,MR1,HSPD1,IRF8,IFI16,IFNGR2,IGF1R,TICAM2,IKBKB,IL4,IL5RA,IL6R,IL16,IL18,IDO1,INPP5D,IRAK2,IRF5,ITGA4,ITGAL,ITGAM,ITGB2,JAK1,KARS1,KIF5B,KRT16,SCIMP,LCP1,LCP2,LIMK1,LIPA,LRCH4,LRP1,LTBR,LTF,LYN,SMAD3,SMAD6,MBP,MEF2C,MEFV,MAP3K1,CIITA,MNDA,MX1,MYO1C,NCF2,NCK1,NFATC2,NFE2L2,NINJ1,NOTCH1,NOTCH2,P2RX7,PCBP2,MARCHF2,PDE4B,PDE4D,IL23A,CYRIB,ENPP2,ENPP3,PDPK1,PIK3CD,PIK3R1,PLA2G4A,PLCG2,ACP5,TREM2,TREM1,TOLLIP,RBM47,APBB1IP,PPARG,PPBP,DUS2,SUSD4,TMEM33,SHFL,LGR4,PRG2,NAGK,LYAR,RAB20,NPLOC4,POLR3E,INAVA,PRKCB,AXL,PRKCD,PRKCE,PAG1,PRKCH,PRKCZ,MAPK1,MAPK8,MAP2K6,CRTAM,CTNNBL1,SUCNR1,ZC3HAV1,SPIRE1,SPPL2B,DUSP22,HMCES,PELI1,SENP7,PTK2,WDFY1,PTPN1,PTPN11,PTPRJ,PTPRS,NECTIN1,NECTIN2,CXCL16,NLRC4,RAB27A,RAF1,RARA,BCL2,RNASE4,BCL6,TNFRSF17,RORA,BCR,RPS6,S100A8,S100A13,CEACAM1,CCL13,CCL18,CCL20,CCL21,CCL22,CCL25,PRDM1,SEC14L1,SECTM1,BLK,VSIR,ERAP2,SEMA4A,RAB17,CLEC7A,ST6GAL1,ST3GAL1,SLC11A1,SLC18A2,SLC22A5,SLPI,SRC,BRAF,SRPK2,SYK,TCF12,TGFB3,SERPING1,C1QA,TNF,C1QB,C1QC,C1S,TRAF3,C5,C5AR1,CCR2,TYK2,C8A,C8B,VAV2,EZR,XRCC5,YES1,YWHAZ,TRIM26,ZYX,CACNB4,CUEDC2,TMEM43,RHBDF2,NLRX1,TNIP3,CEP63,SLC7A5,CLPB,AKAP1,CAMP,EPX,CASP1,PLA2G6,ZDHHC18,RNF135,CARD11,RNASE7,CRACR2A,HAVCR2,ORAI1,ZNRF1,MARCO,TNFSF12,TNFSF10,ADAM15,TNFRSF11A,TRIM4,TRIM15,SLAMF9,PGLYRP1,MAP3K14,OTULIN,CCRL2,PSTPIP1,CD2,RNF185,RSAD2,CD6,CD7,UBE2L6,MFHAS1,MAPKAPK2,CD80,CD86,AIM2,LY86,CD36,GTPBP1,NR1D1,CD59,CD68,N4BP1,CD81,HDAC4,ADGRE5,TESPA1,GAB2,TNFSF15","Sputum_Paucigranulocytic"
"BP","defense response",1804,349,2.17145224628962e-16,1.64480269482285e-12,"ADA,CDH5,MICA,ADAM8,TSPAN2,TRIM10,RASGRP1,LPCAT3,KLRG1,ZMPSTE24,ADAR,NOD1,ADARB1,CDC42EP2,CEBPE,AGR2,TXNIP,CELF1,CXCR6,CNPY3,CTSC,TRAF3IP2,LILRB1,USP20,MALT1,LILRB4,LIAS,CHI3L1,SP140,SCN11A,VPS26B,LYST,PHB2,MGLL,NLRP3,C1QTNF3,BATF2,CLNK,SH2D1B,PIK3AP1,CLU,TMEM45B,SLC15A4,CCR6,CMKLR1,RNF19B,ADORA1,ADORA2B,CREBBP,CRK,ADORA3,PIK3R6,SLFN13,DCST1,NFAM1,CYP19A1,DAPK1,WFDC13,DHX15,CLEC4C,ANO6,NLRP7,ESR1,ETS1,EXT1,EZH2,FABP4,PTK2B,FCER1G,FGR,NLRP1,ZBTB1,SBNO2,SIRT2,NT5C2,TRIM35,TAB2,GRAMD4,FLNB,RFTN1,DTX4,COTL1,MORC3,FPR2,FPR3,PLD3,ALOX5,IL27,FYN,CERS6,SERINC5,SAMHD1,SIN3A,DHRS7B,ABHD12,GATA3,GCH1,NUPR1,B4GALT1,FOXP1,CRCP,STK39,GNG7,WFDC10B,ANG,CCDC88B,METRNL,NKIRAS2,SLC9A9,GPER1,SETD2,NR3C1,BLNK,ANXA1,ANXA3,HFE,CD209,HIF1A,UBE2K,HK1,HLA-A,AOAH,MR1,HRH1,HSF1,HSPD1,HSPG2,FFAR4,IRF8,IFI16,IFNGR2,TICAM2,IKBKB,IL4,IL5RA,IL6R,AQP1,IL16,IL18,IDO1,INHBA,IRAK2,IRF2,IRF5,ITGAL,ITGAM,ITGB2,JAK1,KARS1,KIF5B,KRT16,SCIMP,LGALS8,LIPA,SIGLEC16,LRCH4,LRP1,LSP1,LTF,LYN,SMAD1,SMAD3,MEF2C,MEFV,CIITA,MNDA,ABCC1,MX1,MYO1C,NCF2,NCK1,NFATC3,NFE2L2,NINJ1,NOTCH1,NOTCH2,NPAS2,P2RX1,P2RX7,PCBP2,ABI3,MARCHF2,IL23A,CHMP3,ENPP3,PDPK1,SERPINA1,PIK3CD,PIK3R1,PLCG2,ACP5,TREM2,TREM1,TOLLIP,RNF216,RBM47,PPARD,PPARG,PPBP,PXK,DUS2,SUSD4,TMEM33,SHFL,LGR4,NCBP3,PRG2,NAGK,LYAR,RAB20,NPLOC4,POLR3E,INAVA,AXL,PRKCD,PRKCE,PLGRKT,ASH1L,PRKCZ,MAPK8,MAPK13,MAP2K6,CRTAM,IRGC,SUCNR1,ZC3HAV1,SPIRE1,CTNNBIP1,CAMK1D,PELI1,PTGER2,SENP7,TMIGD3,WDFY1,PTPN1,PTPN11,PTPRS,NECTIN2,CXCL16,NLRC4,RAB27A,RAC1,RAF1,HRH4,BCL2,BCL2L1,RNASE4,BCL6,RORA,BCR,S100A8,CEACAM1,CCL13,CCL18,CCL20,CCL21,CCL22,CCL25,PRDM1,SEC14L1,BLK,MMP25,CLEC7A,SLC11A1,SLC18A2,SLC22A5,SLPI,SOD1,BNIP3L,SRC,SRPK2,SYK,MSMP,TFR2,SERPING1,C1QA,TNF,C1QB,C1QC,C1S,TRAF3,C5,C5AR1,CCR2,TYK2,C8A,C8B,XRCC5,YES1,YWHAZ,VEZF1,TRIM26,ZYX,CUEDC2,TMEM43,NOX5,MCPH1,RHBDF2,NLRX1,TNIP3,CEP63,SCUBE1,FXR1,GPR68,CLPB,AKAP1,CAMP,EPX,CASP1,PLA2G6,CASP7,ZDHHC18,RNF135,TPST1,RNASE7,TRIM55,HAVCR2,AGBL4,ZNRF1,AOC3,MARCO,ADAM15,TNFRSF11A,TRIM4,TRIM15,PGLYRP1,TSPAN18,MAP3K14,OTULIN,CCRL2,PSTPIP1,LRSAM1,DDX60L,CD2,RNF185,RSAD2,MYLK3,FCMR,CD6,UBE2L6,MFHAS1,MAPKAPK2,CD163,AIM2,LY86,CD36,NR1D1,CD44,CD68,N4BP1,HDAC9,CD81,HDAC4,ADGRE5,ZEB2,AREL1","Sputum_Paucigranulocytic"
"BP","response to external biotic stimulus",1511,289,1.77525257191476e-13,8.33417399917504e-10,"MICA,ADAM8,TRIM10,RASGRP1,CDK6,KLRG1,ZMPSTE24,ADAR,NOD1,ADARB1,CDC42EP2,CEBPE,CNPY3,TRAF3IP2,GJB6,LILRB1,USP20,MALT1,LIAS,PLAAT3,VPS26B,LYST,PHB2,NLRP3,BATF2,CLNK,SH2D1B,PIK3AP1,CLU,TMEM45B,SLC15A4,CNP,RNF19B,CREBBP,CRK,PIK3R6,SLFN13,DCST1,TMEM229B,DAPK1,WFDC13,DHX15,CLEC4C,NLRP7,ESR1,EXT1,FABP4,VWCE,FCER1G,FGR,PPM1E,NLRP1,FKBP5,ZBTB1,SBNO2,SIRT2,NT5C2,TRIM35,CDK19,TAB2,GRAMD4,FLNB,RFTN1,DTX4,FMO1,SASH1,COTL1,MORC3,FPR2,IL27,ALPL,ABL1,FYN,SERINC5,SAMHD1,SIN3A,GATA1,GATA3,GCH1,FOXP1,CRCP,WFDC10B,ANG,CCDC88B,SLC9A9,GPER1,SETD2,ANXA1,ANXA3,CD209,HIF1A,UBE2K,HK1,HLA-A,MR1,HSF1,HSPD1,IRF8,IFI16,IFNGR2,TICAM2,IKBKB,IL4,IL6R,AQP1,IL18,IDO1,IRAK2,IRF2,IRF5,ITGAM,JAK1,ARF1,KIF5B,KRT8,KRT16,SCIMP,LGALS8,SIGLEC16,LOXL1,LRCH4,LTF,LYN,SMAD3,SMAD6,MEF2C,MEFV,CIITA,MNDA,CARD17P,MX1,MYO1C,NCF2,NCK1,NFE2L2,NINJ1,NOTCH1,NOTCH2,P2RX7,PCBP2,PCK2,MARCHF2,PDE4B,IL23A,CYRIB,CHMP3,PDPK1,PIK3CD,PIK3R1,PLCG2,ACP5,TREM2,TREM1,TOLLIP,RNF216,RBM47,PPARG,PPBP,DUS2,SUSD4,TMEM33,SHFL,LGR4,NCBP3,PRG2,NAGK,CHD7,LYAR,RAB20,NPLOC4,POLR3E,INAVA,PRKCA,AXL,PRKCD,PRKCE,MAPK1,MAPK8,MAP2K6,CRTAM,IRGC,ZC3HAV1,SPIRE1,PELI1,PTGER2,SENP7,WDFY1,PTPN1,WDFY4,PTPN11,PTPRS,NECTIN2,CXCL16,NLRC4,RAB27A,RAF1,RARA,BCL2,UPF1,BCL2L1,RNASE4,BCR,S100A8,CEACAM1,CCL13,CCL18,CCL20,CCL21,CCL22,CCL25,PRDM1,SEC14L1,BLK,CLEC7A,SLC11A1,SLC22A5,SLPI,BNIP3L,SRC,SRPK2,SYK,TSPO,SERPING1,C1QA,TNF,C1QB,C1QC,C1S,TRAF3,C5,C5AR1,TYK2,C8A,C8B,WIPF1,XRCC5,YES1,YWHAZ,TRIM26,ZYX,TMEM43,NLRX1,TNIP3,CEP63,CUBN,HMGA2,CALR,SLC7A5,CLPB,AKAP1,CAMP,CAPN2,EPX,CASP1,PLA2G6,CASP7,ZDHHC18,RNF135,RNASE7,HAVCR2,AGBL4,ZNRF1,MARCO,URI1,ADAM15,TNFRSF11A,KYAT1,TRIM4,TRIM15,PGLYRP1,MAP3K14,OTULIN,PSTPIP1,LRSAM1,DDX60L,CD2,RNF185,RSAD2,XPR1,CD6,UBE2L6,MFHAS1,MAPKAPK2,CD80,CD86,AIM2,LY86,CD36,NR1D1,AKAP12,CD68,N4BP1,HDAC4,CDA,CDH1","Sputum_Paucigranulocytic"
"BP","response to biotic stimulus",1547,296,1.83378234447611e-13,8.33417399917504e-10,"MICA,ADAM8,TRIM10,RASGRP1,CDK6,KLRG1,ZMPSTE24,ADAR,NOD1,ADARB1,CDC42EP2,CEBPE,TXNIP,CNPY3,TRAF3IP2,GJB6,LILRB1,USP20,MALT1,LIAS,PLAAT3,VPS26B,LYST,PHB2,NLRP3,BATF2,CLNK,SH2D1B,PIK3AP1,CLU,TMEM45B,SLC15A4,CNP,RNF19B,CREBBP,CRK,PIK3R6,SLFN13,DCST1,DACH1,TMEM229B,DAPK1,WFDC13,DHX15,CLEC4C,NLRP7,ESR1,EXT1,FABP4,VWCE,FCER1G,FGR,PPM1E,NLRP1,FKBP5,ZBTB1,SBNO2,SIRT2,NT5C2,TRIM35,CDK19,TAB2,GRAMD4,FLNB,RFTN1,DTX4,FMO1,SASH1,COTL1,MORC3,FPR2,IL27,ALPL,ABL1,FYN,SERINC5,SAMHD1,SIN3A,GATA1,GATA3,GCH1,FOXP1,CRCP,WFDC10B,ANG,CCDC88B,SLC9A9,GPER1,SETD2,ANXA1,ANXA3,CD209,HIF1A,UBE2K,HK1,HLA-A,MR1,HSF1,HSPD1,IRF8,IFI16,IFNGR2,TICAM2,IKBKB,IL4,IL6R,AQP1,IL18,IDO1,IRAK2,IRF2,IRF5,ITGAM,JAK1,ARF1,KIF5B,KRT8,KRT16,SCIMP,LGALS8,SIGLEC16,LOXL1,LRCH4,LTF,LYN,SMAD3,SMAD6,MEF2C,MEFV,CIITA,MNDA,CARD17P,MX1,MYO1C,NCF2,NCK1,NFE2L2,NINJ1,NOTCH1,NOTCH2,P2RX7,PCBP2,PCK2,ABI3,MARCHF2,PDE4B,IL23A,CYRIB,CHMP3,PDPK1,PIK3CD,PIK3R1,PLCG2,ACP5,TREM2,TREM1,TOLLIP,RNF216,RBM47,PPARG,PPBP,DUS2,SUSD4,TMEM33,SHFL,LGR4,NCBP3,PRG2,NAGK,CHD7,LYAR,RAB20,NPLOC4,POLR3E,INAVA,PRKCA,AXL,PRKCD,PRKCE,MAPK1,MAPK8,MAP2K6,CRTAM,IRGC,ZC3HAV1,SPIRE1,PELI1,PTGER2,SENP7,WDFY1,PTPN1,WDFY4,PTPN11,PTPRJ,PTPRS,NECTIN2,CXCL16,NLRC4,RAB27A,RAF1,RARA,BCL2,UPF1,BCL2L1,RNASE4,BCR,S100A8,CEACAM1,CCL13,CCL18,CCL20,CCL21,CCL22,CCL25,PRDM1,SEC14L1,BLK,CLEC7A,SLC11A1,SLC22A5,SLPI,BNIP3L,SRC,SRPK2,SYK,TSPO,SERPING1,C1QA,TNF,C1QB,C1QC,C1S,TRAF3,C5,C5AR1,TYK2,C8A,C8B,WIPF1,WFS1,XRCC5,YES1,YWHAZ,TRIM26,ZYX,TMEM43,NLRX1,TNIP3,CEP63,CUBN,HMGA2,CALR,SLC7A5,CLPB,AKAP1,CAMP,CAPN2,EPX,CASP1,PLA2G6,CASP7,ZDHHC18,RNF135,SLX4,RNASE7,HAVCR2,AGBL4,FBH1,ZNRF1,MARCO,URI1,ADAM15,TNFRSF11A,KYAT1,TRIM4,TRIM15,PGLYRP1,MAP3K14,OTULIN,PSTPIP1,LRSAM1,DDX60L,CD2,RNF185,RSAD2,XPR1,CD6,UBE2L6,MFHAS1,MAPKAPK2,CD80,CD86,AIM2,LY86,CD36,NR1D1,AKAP12,CD68,N4BP1,HDAC4,CDA,CDH1","Sputum_Paucigranulocytic"
"BP","response to other organism",1508,288,2.571890687743e-13,9.74060733137866e-10,"MICA,ADAM8,TRIM10,RASGRP1,CDK6,KLRG1,ZMPSTE24,ADAR,NOD1,ADARB1,CDC42EP2,CEBPE,CNPY3,TRAF3IP2,GJB6,LILRB1,USP20,MALT1,LIAS,PLAAT3,VPS26B,LYST,PHB2,NLRP3,BATF2,CLNK,SH2D1B,PIK3AP1,CLU,TMEM45B,SLC15A4,CNP,RNF19B,CREBBP,CRK,PIK3R6,SLFN13,DCST1,TMEM229B,DAPK1,WFDC13,DHX15,CLEC4C,NLRP7,ESR1,EXT1,FABP4,VWCE,FCER1G,FGR,PPM1E,NLRP1,FKBP5,ZBTB1,SBNO2,SIRT2,NT5C2,TRIM35,CDK19,TAB2,GRAMD4,FLNB,RFTN1,DTX4,FMO1,SASH1,COTL1,MORC3,FPR2,IL27,ALPL,ABL1,FYN,SERINC5,SAMHD1,SIN3A,GATA1,GATA3,GCH1,FOXP1,CRCP,WFDC10B,ANG,CCDC88B,SLC9A9,GPER1,SETD2,ANXA1,ANXA3,CD209,HIF1A,UBE2K,HK1,HLA-A,MR1,HSF1,HSPD1,IRF8,IFI16,IFNGR2,TICAM2,IKBKB,IL4,IL6R,AQP1,IL18,IDO1,IRAK2,IRF2,IRF5,ITGAM,JAK1,ARF1,KIF5B,KRT8,KRT16,SCIMP,LGALS8,SIGLEC16,LOXL1,LRCH4,LTF,LYN,SMAD3,SMAD6,MEF2C,MEFV,CIITA,MNDA,CARD17P,MX1,MYO1C,NCF2,NCK1,NFE2L2,NINJ1,NOTCH1,NOTCH2,P2RX7,PCBP2,PCK2,MARCHF2,PDE4B,IL23A,CYRIB,CHMP3,PDPK1,PIK3CD,PIK3R1,PLCG2,ACP5,TREM2,TREM1,TOLLIP,RNF216,RBM47,PPARG,PPBP,DUS2,SUSD4,TMEM33,SHFL,LGR4,NCBP3,PRG2,NAGK,CHD7,LYAR,RAB20,NPLOC4,POLR3E,INAVA,PRKCA,AXL,PRKCD,PRKCE,MAPK1,MAPK8,MAP2K6,CRTAM,IRGC,ZC3HAV1,SPIRE1,PELI1,PTGER2,SENP7,WDFY1,PTPN1,WDFY4,PTPN11,PTPRS,NECTIN2,CXCL16,NLRC4,RAB27A,RAF1,RARA,BCL2,UPF1,BCL2L1,RNASE4,BCR,S100A8,CEACAM1,CCL13,CCL18,CCL20,CCL21,CCL22,CCL25,PRDM1,SEC14L1,BLK,CLEC7A,SLC11A1,SLC22A5,SLPI,BNIP3L,SRC,SRPK2,SYK,TSPO,SERPING1,C1QA,TNF,C1QB,C1QC,C1S,TRAF3,C5,C5AR1,TYK2,C8A,C8B,WIPF1,XRCC5,YES1,YWHAZ,TRIM26,ZYX,TMEM43,NLRX1,TNIP3,CEP63,CUBN,HMGA2,CALR,SLC7A5,CLPB,AKAP1,CAMP,CAPN2,EPX,CASP1,PLA2G6,CASP7,ZDHHC18,RNF135,RNASE7,HAVCR2,AGBL4,ZNRF1,MARCO,URI1,ADAM15,TNFRSF11A,KYAT1,TRIM4,TRIM15,PGLYRP1,MAP3K14,OTULIN,PSTPIP1,LRSAM1,DDX60L,CD2,RNF185,RSAD2,XPR1,CD6,UBE2L6,MFHAS1,MAPKAPK2,CD80,CD86,AIM2,LY86,CD36,NR1D1,AKAP12,CD68,N4BP1,HDAC4,CDH1","Sputum_Paucigranulocytic"
"BP","defense response to other organism",1189,231,4.43039691226989e-13,1.43823342049173e-09,"MICA,ADAM8,TRIM10,RASGRP1,KLRG1,ZMPSTE24,ADAR,NOD1,ADARB1,CDC42EP2,CNPY3,TRAF3IP2,LILRB1,USP20,MALT1,VPS26B,LYST,PHB2,NLRP3,BATF2,CLNK,SH2D1B,PIK3AP1,CLU,TMEM45B,SLC15A4,RNF19B,CREBBP,CRK,PIK3R6,SLFN13,DCST1,DAPK1,WFDC13,DHX15,CLEC4C,ESR1,FCER1G,FGR,NLRP1,ZBTB1,SIRT2,NT5C2,TRIM35,TAB2,GRAMD4,FLNB,RFTN1,DTX4,COTL1,MORC3,FPR2,IL27,FYN,SERINC5,SAMHD1,SIN3A,GATA3,GCH1,FOXP1,CRCP,WFDC10B,ANG,CCDC88B,SLC9A9,GPER1,SETD2,ANXA1,ANXA3,CD209,UBE2K,HK1,HLA-A,MR1,HSPD1,IRF8,IFI16,IFNGR2,TICAM2,IKBKB,IL4,IL6R,AQP1,IL18,IRAK2,IRF2,IRF5,ITGAM,JAK1,KIF5B,KRT16,SCIMP,LGALS8,SIGLEC16,LRCH4,LTF,LYN,MEFV,CIITA,MNDA,MX1,MYO1C,NCF2,NCK1,NFE2L2,NINJ1,NOTCH2,P2RX7,PCBP2,MARCHF2,IL23A,CHMP3,PDPK1,PIK3CD,PIK3R1,PLCG2,ACP5,TREM2,TREM1,TOLLIP,RNF216,RBM47,PPARG,PPBP,DUS2,SUSD4,TMEM33,SHFL,LGR4,NCBP3,PRG2,NAGK,LYAR,RAB20,NPLOC4,POLR3E,INAVA,AXL,PRKCD,PRKCE,MAPK8,MAP2K6,CRTAM,IRGC,ZC3HAV1,SPIRE1,PELI1,SENP7,WDFY1,PTPN1,PTPN11,PTPRS,NECTIN2,CXCL16,NLRC4,RAB27A,RAF1,BCL2,BCL2L1,RNASE4,S100A8,CEACAM1,CCL13,CCL18,CCL20,CCL21,CCL22,CCL25,PRDM1,SEC14L1,BLK,CLEC7A,SLC11A1,SLC22A5,SLPI,BNIP3L,SRC,SRPK2,SYK,SERPING1,C1QA,TNF,C1QB,C1QC,C1S,TRAF3,C5,C5AR1,TYK2,C8A,C8B,XRCC5,YES1,YWHAZ,TRIM26,ZYX,TMEM43,NLRX1,TNIP3,CEP63,CLPB,AKAP1,CAMP,EPX,CASP1,PLA2G6,CASP7,ZDHHC18,RNF135,RNASE7,HAVCR2,AGBL4,ZNRF1,MARCO,ADAM15,TRIM4,TRIM15,PGLYRP1,MAP3K14,OTULIN,PSTPIP1,LRSAM1,DDX60L,CD2,RNF185,RSAD2,CD6,UBE2L6,MFHAS1,MAPKAPK2,AIM2,LY86,CD36,NR1D1,N4BP1,HDAC4","Sputum_Paucigranulocytic"
"BP","positive regulation of immune system process",1044,237,7.0031010544832e-13,1.98923085452595e-09,"ADA,MICA,ADAM8,RASGRP1,ADAM10,BTN3A3,BTN2A2,NOD1,VAV3,CTSC,LILRB1,MALT1,LILRB4,PHB2,NLRP3,ERMAP,CLNK,SH2D1B,PIK3AP1,CLU,SLC15A4,SPPL3,CCR6,CMKLR1,ADORA2B,CREB1,CREBBP,PIK3R6,NFAM1,TMEM64,GPR183,EFNB2,ANO6,ESR1,PTK2B,FCER1G,FCER2,FGR,NLRP1,ZBTB1,SIRT2,SWAP70,FCHO1,GRAMD4,RFTN1,PLCL2,FPR2,FPR3,DAPK2,PANX1,ABL1,FYB1,FYN,SIN3A,GATA1,GATA3,BLOC1S6,FOXP1,TNFRSF21,STK39,GPI,CCDC88B,BLNK,SH3KBP1,ANXA1,HCLS1,HFE,CD209,UBE2K,HK1,HLA-A,HLA-DMB,HLA-DQA2,HLA-DRA,MR1,HSF1,HSPD1,IFI16,TICAM2,IKBKB,IL4,IL6R,IL18,IDO1,INPP5D,IRAK2,IRF5,ITGA4,ITGAM,ITGB2,ITGB3,ITPKB,KARS1,MIA3,SCIMP,LCP2,LIMK1,LIPA,RHOH,LRCH4,LTF,LYN,MEF2C,MEFV,MNDA,NCK1,NEDD9,NF1,NFATC2,NINJ1,NOTCH2,P2RX4,P2RX7,PDE4B,PDE4D,IL23A,CYRIB,ENPP3,PDPK1,PIK3CB,PIK3CD,PIK3R1,PLA2G4A,PLCG2,TREM2,RBM47,TESC,SUSD4,PPP3CA,LGR4,NAGK,AMBRA1,NPLOC4,INAVA,PRKCA,PRKCB,AXL,PRKCD,PRKCE,PRKCH,PRKCZ,MAPK1,MAPK8,MAP2K6,CRTAM,LGMN,DUSP22,HMCES,CTNNBIP1,CAMK1D,PELI1,ZMIZ1,PTK2,ARID1B,RPTOR,WDFY1,PTPN11,PTPRJ,PTPRS,NECTIN2,NLRC4,RAC1,RARA,RBP4,BCL2,BCL6,CEACAM1,CCL20,CCL21,SEC14L1,BLK,VSIR,CLEC7A,SLC7A1,SLC11A1,SMARCA2,SMARCD2,SRC,BRAF,SYK,TGFBR2,SERPING1,C1QA,TNF,C1QB,C1QC,C1S,TRAF3,C5,C5AR1,CCR2,TYK2,C8A,C8B,VAV2,EZR,XRCC5,YES1,ZBTB16,CACNB4,NLRX1,TNIP3,CALR,GPR68,SLC7A5,DCSTAMP,CLPB,DOCK8,ARID1A,CASP1,CD99L2,PLA2G6,RNF135,NCK2,CARD11,HAVCR2,ZNRF1,RUNX1,CBFB,TRIM15,OTULIN,MCU,CD2,RNF185,RSAD2,CD6,MFHAS1,MAPKAPK2,CD80,CD86,AIM2,CD36,NR1D1,CD59,CD81,RIPOR2,TOX,TESPA1,GAB2","Sputum_Paucigranulocytic"
"BP","innate immune response",945,194,8.72098851478834e-13,2.20195270011167e-09,"MICA,ADAM8,TRIM10,RASGRP1,KLRG1,ADAR,NOD1,ADARB1,CDC42EP2,CNPY3,LILRB1,USP20,MALT1,VPS26B,LYST,PHB2,NLRP3,CLNK,SH2D1B,PIK3AP1,CLU,TMEM45B,SLC15A4,RNF19B,CREBBP,CRK,PIK3R6,DCST1,DAPK1,WFDC13,DHX15,CLEC4C,ESR1,FCER1G,FGR,NLRP1,ZBTB1,SIRT2,TRIM35,GRAMD4,FLNB,RFTN1,DTX4,MORC3,FPR2,IL27,FYN,SERINC5,SAMHD1,SIN3A,GATA3,GCH1,CRCP,WFDC10B,ANG,GPER1,SETD2,ANXA1,CD209,UBE2K,HK1,HLA-A,MR1,HSPD1,IRF8,IFI16,IFNGR2,TICAM2,IKBKB,IL4,IL18,IRAK2,IRF5,ITGAM,JAK1,KIF5B,KRT16,SCIMP,LRCH4,LTF,LYN,MEFV,CIITA,MNDA,MX1,MYO1C,NCF2,NCK1,NFE2L2,NINJ1,PCBP2,MARCHF2,IL23A,PDPK1,PIK3CD,PIK3R1,PLCG2,TREM2,TREM1,TOLLIP,RBM47,PPARG,DUS2,SUSD4,TMEM33,SHFL,LGR4,NAGK,LYAR,RAB20,NPLOC4,POLR3E,INAVA,AXL,PRKCE,MAPK8,MAP2K6,CRTAM,ZC3HAV1,SPIRE1,PELI1,SENP7,WDFY1,PTPN1,PTPN11,PTPRS,NECTIN2,CXCL16,NLRC4,RAB27A,RAF1,S100A8,CEACAM1,CCL13,CCL18,CCL20,CCL21,CCL22,CCL25,PRDM1,SEC14L1,BLK,CLEC7A,SLC11A1,SLC22A5,SLPI,SRC,SRPK2,SYK,SERPING1,C1QA,TNF,C1QB,C1QC,C1S,TRAF3,C5,TYK2,C8A,C8B,XRCC5,YES1,YWHAZ,TRIM26,ZYX,TMEM43,NLRX1,TNIP3,CEP63,CLPB,AKAP1,CAMP,CASP1,ZDHHC18,RNF135,RNASE7,HAVCR2,ZNRF1,MARCO,ADAM15,TRIM4,TRIM15,PGLYRP1,OTULIN,PSTPIP1,CD2,RNF185,RSAD2,CD6,UBE2L6,MFHAS1,MAPKAPK2,AIM2,LY86,CD36,NR1D1,N4BP1,HDAC4","Sputum_Paucigranulocytic"
"BP","biological process involved in interspecies interaction between organisms",1686,314,9.88003613778747e-12,2.22703665642447e-08,"MICA,ADAM8,TRIM10,RASGRP1,CDK6,KLRG1,ZMPSTE24,ADAR,NOD1,ADARB1,CDC42EP2,CEBPE,CNPY3,TRAF3IP2,GJB6,LILRB1,USP20,MALT1,LIAS,WWP1,WWP2,PLAAT3,VPS26B,LYST,PHB2,NLRP3,BATF2,CLNK,SH2D1B,PIK3AP1,CLU,TMEM45B,SLC15A4,CNP,RNF19B,CREBBP,CRK,PIK3R6,SLFN13,DCST1,CTSB,CXADR,DAG1,TMEM229B,DAPK1,WFDC13,DHX15,CLEC4C,EEF1A1,EFNB2,NLRP7,ESR1,EXT1,FABP4,VWCE,FCER1G,FCER2,FGR,PPM1E,NLRP1,FKBP5,ZBTB1,SBNO2,SIRT2,NT5C2,TRIM35,CDK19,TAB2,GRAMD4,FLNB,RFTN1,DTX4,FMO1,SASH1,COTL1,MORC3,FPR2,IL27,ALPL,ABL1,FYN,ZDHHC20,SERINC5,SAMHD1,SIN3A,GATA1,GATA3,GCH1,FOXP1,CRCP,WFDC10B,ANG,CCDC88B,SLC9A9,GPER1,SETD2,ANXA1,ANXA3,CD209,HIF1A,UBE2K,HK1,HLA-A,MR1,HSF1,HSPD1,IRF8,IFI16,IFNGR2,TICAM2,IKBKB,IL4,IL6R,AQP1,IL18,IDO1,INSR,IRAK2,IRF2,IRF5,ITGA5,ITGAM,ITGB3,JAK1,ARF1,KIF5B,KRT8,KRT16,SCIMP,LGALS8,SIGLEC16,LOXL1,LRCH4,LTF,LYN,SMAD3,SMAD6,MEF2C,MEFV,CIITA,ASGR1,ASGR2,MNDA,CARD17P,MX1,MYO1C,NCF2,NCK1,NFE2L2,NINJ1,NOTCH1,NOTCH2,NPC1,P2RX7,PRKN,PCBP2,PCK2,MARCHF2,PDE4B,IL23A,CYRIB,CHMP3,PDPK1,PIK3CD,PIK3R1,PLCG2,TPCN1,ACP5,TREM2,TREM1,TOLLIP,RNF216,RBM47,PPARG,PPBP,DUS2,SUSD4,TMEM33,SHFL,LGR4,NCBP3,PRG2,NAGK,CHD7,LYAR,RAB20,NPLOC4,POLR3E,INAVA,PRKCA,AXL,PRKCD,PRKCE,MAPK1,MAPK8,MAP2K6,CRTAM,IRGC,ZC3HAV1,SPIRE1,PELI1,PTGER2,SENP7,WDFY1,PTPN1,WDFY4,PTPN11,PTPRS,NECTIN1,NECTIN2,CXCL16,NLRC4,RAB27A,RAF1,RARA,BCL2,UPF1,BCL2L1,RNASE4,BCR,S100A8,CEACAM1,CCL13,CCL18,CCL20,CCL21,CCL22,CCL25,PRDM1,SEC14L1,BLK,CLEC7A,SLC7A1,SLC11A1,SLC22A5,SLPI,BNIP3L,SRC,SRPK2,BSG,SYK,TSPO,SERPING1,C1QA,TNF,C1QB,C1QC,C1S,TRAF3,TSG101,C5,C5AR1,TYK2,C8A,C8B,UVRAG,WIPF1,XRCC5,YES1,YWHAZ,TRIM26,ZYX,USP7,TMEM43,NLRX1,TNIP3,CEP63,CUBN,HMGA2,CALR,SLC7A5,CLPB,AKAP1,CAMP,CAPN2,EPX,CASP1,PLA2G6,CASP7,EEA1,ZDHHC18,RNF135,RNASE7,HAVCR2,AGBL4,ZNRF1,MARCO,URI1,ADAM15,TNFRSF11A,NRP1,KYAT1,TRIM4,TRIM15,PGLYRP1,MAP3K14,OTULIN,PSTPIP1,LRSAM1,DDX60L,CD2,RNF185,RSAD2,XPR1,CD6,UBE2L6,MFHAS1,MAPKAPK2,CD80,CD86,AIM2,LY86,CD36,NR1D1,AKAP12,CD68,N4BP1,CD81,HDAC4,CDH1","Sputum_Paucigranulocytic"
"BP","regulation of immune system process",1512,310,1.07804097961051e-11,2.22703665642447e-08,"ADA,MICA,ADAM8,RASGRP1,ADAM10,CDK6,ADAR,BTN3A3,BTN2A2,NOD1,PIAS3,VAV3,GPNMB,MERTK,CTSC,FAXDC2,LILRB1,MALT1,LILRB4,PHB2,NLRP3,ERMAP,CLNK,SH2D1B,CLC,PIK3AP1,CLU,SLC15A4,SPPL3,CCR6,CMKLR1,ADORA1,ADORA2B,CREB1,CREBBP,CRK,PIK3R6,DCST1,NFAM1,CTSH,CYP19A1,ZFPM1,TMEM64,GPR183,EFNB2,ANO6,ESR1,ETS1,PTK2B,FBN1,FCER1G,FCER2,MTURN,FGR,NLRP1,ZBTB1,SIRT2,SWAP70,LRCH1,FCHO1,GRAMD4,RFTN1,RCOR1,DTX4,PLCL2,KAT6B,FPR2,FPR3,DAPK2,BRD1,PANX1,IL27,ABL1,FYB1,FYN,FBXO7,SAMHD1,SIN3A,L3MBTL1,ZBTB20,GATA1,GATA3,BLOC1S6,ZBTB32,FOXP1,TNFRSF21,STK39,GPI,CCDC88B,ANGPT1,SIGLEC15,GPER1,BLNK,GPR171,SH3KBP1,ANXA1,HCLS1,HFE,CD209,HIF1A,UBE2K,HK1,HLA-A,HLA-DMB,HLA-DQA2,HLA-DRA,MR1,HSF1,HSPD1,IFI16,TICAM2,IKBKB,IL4,IL6R,TNFRSF9,IL18,IDO1,INHBA,INPP5D,IRAK2,IRF5,ITGA4,ITGAM,ITGB2,ITGB3,ITPKB,KARS1,TBC1D10C,MIA3,SCIMP,LCP2,LIMK1,LIPA,RHOH,LRCH4,LTF,LYN,SMAD3,MEF2C,MEFV,MAP3K1,MITF,MNDA,RHEX,NCK1,NEDD9,NF1,NFATC2,NFE2L2,NINJ1,NOTCH2,P2RX4,P2RX7,PCBP2,PDE4B,PDE4D,IL23A,CYRIB,ENPP3,PDPK1,PIK3CB,PIK3CD,PIK3R1,PLA2G4A,PLCG2,ACP5,TREM2,RBM47,PPARG,TESC,SUSD4,PPP3CA,LGR4,PRG2,NAGK,AMBRA1,LYAR,NPLOC4,PRKAR1A,INAVA,PRKCA,PRKCB,AXL,PRKCD,PRKCE,PAG1,PRKCH,PRKCZ,MAPK1,MAPK8,MAP2K6,CRTAM,LGMN,SPPL2B,DUSP22,HMCES,CTNNBIP1,CAMK1D,PELI1,ZMIZ1,PTK2,ARID1B,RPTOR,WDFY1,PTPN1,PTPN11,PTPRJ,PTPRS,NECTIN2,NLRC4,RAC1,RARA,RBP4,BCL2,BCL6,RORA,BCR,CEACAM1,CCL20,CCL21,CCL25,PRDM1,SEC14L1,BLK,VSIR,CLEC7A,MEAF6,MARCHF7,SLC7A1,SLC11A1,SMARCA2,SMARCD2,SOD1,SRC,BRAF,SYK,TGFB3,TGFBR2,SERPING1,C1QA,TNF,C1QB,C1QC,C1S,TRAF3,C5,C5AR1,CCR2,TYK2,C8A,C8B,VAV2,EZR,XRCC5,YES1,YWHAZ,ZBTB16,CACNB4,CUEDC2,RHBDF2,NLRX1,RIN3,TNIP3,KAT6A,SLC8B1,CEP63,CALR,GPR68,SLC7A5,DCSTAMP,CLPB,DOCK8,EPX,ARID1A,CASP1,CD99L2,MAD1L1,PLA2G6,ZDHHC18,RNF135,NCK2,CARD11,ADTRP,HAVCR2,ZNRF1,UBASH3B,RUNX1,CBFB,TRIM15,PGLYRP1,OTULIN,MCU,ACVR1B,CD2,RNF185,RSAD2,CD6,DLG5,MFHAS1,MAPKAPK2,CD9,GPR55,CD80,CD86,AIM2,CD36,NR1D1,CD59,CD68,N4BP1,CD81,RIPOR2,TOX,TESPA1,GAB2","Sputum_Paucigranulocytic"
"BP","inflammatory response",879,185,1.35252815245089e-11,2.41766443797625e-08,"ADA,CDH5,ADAM8,TSPAN2,RASGRP1,LPCAT3,KLRG1,NOD1,AGR2,TXNIP,CELF1,CXCR6,CTSC,TRAF3IP2,LILRB4,LIAS,CHI3L1,SCN11A,MGLL,NLRP3,C1QTNF3,PIK3AP1,CLU,CCR6,CMKLR1,ADORA1,ADORA2B,ADORA3,NFAM1,CYP19A1,ANO6,NLRP7,ESR1,ETS1,EXT1,EZH2,FABP4,FGR,NLRP1,SBNO2,SIRT2,TAB2,FPR2,FPR3,PLD3,ALOX5,IL27,FYN,CERS6,DHRS7B,ABHD12,GATA3,NUPR1,B4GALT1,FOXP1,STK39,METRNL,NKIRAS2,GPER1,NR3C1,BLNK,ANXA1,HFE,HIF1A,HK1,AOAH,HRH1,HSPG2,FFAR4,IFI16,IFNGR2,TICAM2,IKBKB,IL4,IL5RA,IL6R,IL16,IL18,IDO1,IRAK2,IRF5,ITGAL,ITGAM,ITGB2,KARS1,KRT16,LIPA,LRP1,LYN,SMAD1,SMAD3,MEFV,ABCC1,NFATC3,NFE2L2,NINJ1,NOTCH1,NOTCH2,P2RX1,P2RX7,IL23A,ENPP3,SERPINA1,PIK3CD,PLCG2,ACP5,TREM2,TOLLIP,PPARD,PPARG,PPBP,PXK,AXL,PRKCD,PLGRKT,ASH1L,PRKCZ,MAPK8,MAPK13,SUCNR1,CTNNBIP1,CAMK1D,PTGER2,TMIGD3,NLRC4,RAC1,HRH4,BCL6,RORA,BCR,S100A8,CCL13,CCL18,CCL20,CCL21,CCL22,CCL25,MMP25,CLEC7A,SLC11A1,SLC18A2,SOD1,SRC,SYK,MSMP,TFR2,C1QA,TNF,C5,C5AR1,CCR2,YES1,CUEDC2,MCPH1,RHBDF2,NLRX1,TNIP3,SCUBE1,FXR1,GPR68,CASP1,TPST1,TRIM55,HAVCR2,AOC3,TNFRSF11A,PGLYRP1,TSPAN18,OTULIN,CCRL2,PSTPIP1,MYLK3,CD6,MFHAS1,MAPKAPK2,CD163,AIM2,LY86,CD36,NR1D1,CD44,CD68,HDAC9,CD81,HDAC4,ADGRE5,ZEB2,AREL1","Sputum_Paucigranulocytic"
"BP","immune effector process",630,146,1.38310322538687e-11,2.41766443797625e-08,"ADA,MICA,RASGRP1,BTN3A3,NOD1,VAV3,CTSC,TRAF3IP2,LILRB1,MALT1,LILRB4,SCN11A,LYST,PHB2,NLRP3,CLNK,SH2D1B,CLC,CLU,SLC15A4,CCR6,RNF19B,ADORA2B,CRK,PIK3R6,CTSH,ZFPM1,DOCK2,GPR183,GAPT,PTK2B,FCER1G,FCER2,FGR,ZBTB1,SBNO2,SWAP70,RFTN1,PLCL2,PANX1,IL27,ABL1,FYN,GATA1,GATA3,FOXP1,GPI,ANGPT1,ANXA1,ANXA3,HFE,HK1,HLA-A,HLA-DMB,HLA-DRA,MR1,HSPD1,IRF8,TICAM2,IL4,IL6R,IL18,INPP5D,IRF5,ITGAL,ITGAM,ITGB2,JAK1,KARS1,KIF5B,SCIMP,LCP1,LIMK1,LIPA,LRP1,LYN,NOTCH2,P2RX7,IL23A,CYRIB,ENPP3,PDPK1,PIK3CD,PLCG2,ACP5,TREM2,TREM1,APBB1IP,SUSD4,PRG2,INAVA,AXL,PRKCD,PRKCE,PRKCZ,CRTAM,SUCNR1,DUSP22,HMCES,PTK2,PTPRJ,NECTIN2,RAB27A,RARA,RBP4,BCL6,RORA,BCR,RPS6,S100A13,CEACAM1,SEMA4A,CLEC7A,ST3GAL1,SLC11A1,SLC18A2,SRC,SYK,TGFB3,SERPING1,C1QA,TNF,C1QB,C1QC,C1S,C5,CCR2,C8A,C8B,VAV2,YES1,CUEDC2,NLRX1,SLC7A5,EPX,PLA2G6,HAVCR2,SLAMF9,PGLYRP1,CD2,RSAD2,MAPKAPK2,CD80,CD86,CD36,CD59,CD81,GAB2,WDR1","Sputum_Paucigranulocytic"
"BP","response to external stimulus",2709,496,3.98205922302888e-10,6.46345098457917e-07,"ADA,CDH5,MICA,ADAM8,TRIM10,RASGRP1,LPCAT3,ADAM10,CDK6,KLRG1,ZMPSTE24,ADAR,NOD1,ADARB1,CDS1,CDC42EP2,VAV3,GPNMB,SEMA4D,SEMA3C,CEBPE,TXNIP,CELF1,CXCR6,CNPY3,CTSC,TRAF3IP2,GJB6,LILRB1,USP20,MALT1,LIAS,PLAAT3,CHI3L1,PTGDR2,CMTM7,SCN11A,VPS26B,LYST,PHB2,GABARAP,MGLL,NLRP3,PKD1L2,SLC25A25,C1QTNF3,BATF2,CLNK,SH2D1B,TMC1,CLCN6,PIK3AP1,CLU,TMEM45B,SLC15A4,SLC24A4,CCR6,CMKLR1,CNP,RNF19B,ADORA1,ADORA2B,CPT1A,CREBBP,CRK,CRY2,PIK3R6,SLFN13,DCST1,CMTM8,CXADR,CYP19A1,DAG1,DAP,TMEM229B,DAPK1,WFDC13,DHX15,PKD1L1,CLEC4C,DNMT3A,DOCK2,GPR183,EFNA5,EFNB2,ANO6,NLRP7,EPHB1,ERCC6,ESR1,ETS1,EXT1,FABP4,PTK2B,VWCE,FBP1,FCER1G,FOXK1,FGR,FKBP1B,PPM1E,CHSY1,NLRP1,ATG14,INPP5F,FKBP5,ZBTB1,SBNO2,SIRT2,NT5C2,SWAP70,FOXO1,TRIM35,CDK19,TAB2,GRAMD4,FLNB,RFTN1,FLT1,DTX4,FMO1,CLEC16A,SASH1,LARP1,PIP5K1C,COTL1,SIRT5,MORC3,FPR2,FPR3,DAPK2,BACE1,ALK,ALOX5,IL27,ALPL,ABL1,FYN,SERINC5,SAMHD1,SIN3A,CNTNAP2,ABHD12,GATA1,GATA3,BLOC1S6,GCH1,NUPR1,PKD2L2,FOXP1,SESN1,CRCP,STK39,GNAQ,WFDC10B,GPI,ANG,CCDC88B,SLC39A5,ANGPT1,METRNL,ANGPT2,SLC9A9,GPER1,GRK4,SETD2,ARHGAP35,DNAJC15,NENF,ANXA1,ANXA2,ANXA3,HTT,HFE,CD209,NRG1,HIF1A,UBE2K,HK1,HLA-A,AOAH,MR1,HLCS,HSF1,HSPD1,FFAR4,IRF8,IFI16,IFNGR2,EYS,IGF1R,TICAM2,IKBKB,IL4,IL6R,AQP1,IL16,IL18,FOXK2,IDO1,IRAK2,IRF2,IRF5,ITGA4,ITGA9,ITGAM,ITGB2,ITGB3,JAK1,KARS1,ARF1,KCNQ1,KIF5B,KRT8,KRT16,SCIMP,LGALS8,LIPA,ASIC2,SIGLEC16,LOXL1,LRCH4,LSP1,LTBR,LTF,LYN,SMAD3,SMAD6,ARSB,MAX,MEF2C,MEFV,MAP3K1,MET,CIITA,ASGR1,MNDA,ABCC1,CARD17P,MAP1LC3C,MX1,MYO1C,NCF2,NCK1,NEDD9,NFE2L2,NINJ1,NOTCH1,NOTCH2,P2RX4,P2RX7,PRKN,PCBP2,PCK2,MARCHF2,PDE4B,PRKAG2,LARS1,IL23A,CYRIB,CHMP3,ENPP2,ENPP3,PDPK1,PIK3C2B,PIK3CB,PIK3CD,PIK3R1,PLCG2,PLD1,ACP5,TREM2,TREM1,TOLLIP,RNF216,RBM47,PPARD,PPARG,PPBP,DUS2,SUSD4,WIPI1,TMEM33,SHFL,LGR4,NCBP3,PRG2,NAGK,AMBRA1,SLC39A4,CHD7,PRKAB1,LYAR,RAB20,NPLOC4,POLR3E,INAVA,PRKCA,PRKCB,AXL,PRKCD,PRKCE,PLGRKT,ASH1L,MAPK1,MAPK8,MAPK13,MAP2K1,MAP2K6,CRTAM,IRGC,LGMN,SUCNR1,RETN,ZC3HAV1,SPIRE1,CAMK1D,PELI1,PTEN,PTGER2,SENP7,LRTM1,PTK2,RPTOR,SEMA6A,PREX1,WDFY1,SHROOM3,PTPN1,WDFY4,MEAK7,PTPN11,PTPRJ,PTPRO,PTPRS,NECTIN2,CXCL16,PLEKHB1,NLRC4,RRAGD,RAB27A,RAC1,RAF1,RARA,LGR6,BCL2,UPF1,BCL2L1,RHEB,RNASE4,BCL6,RORA,BCR,RXRA,S100A8,SAG,SCN1A,CEACAM1,CCL13,CCL18,CCL20,CCL21,CCL22,CCL25,PRDM1,ELMO2,SEC14L1,BLK,SEMA4A,MAP1LC3B2,DRGX,CLEC7A,ST6GAL1,SLC1A2,SLC1A3,SLC2A1,SLC8A1,SLC11A1,SLC22A5,SLPI,SOD1,BNIP3L,SORL1,SRC,SREBF2,BRAF,SRPK2,STX3,BSG,SYK,MSMP,TSPO,SERPING1,C1QA,TNF,C1QB,C1QC,C1S,TRAF3,C5,C5AR1,CCR2,TYK2,C8A,C8B,UCP3,UPP1,VDR,WIPF1,WNT3,XPC,XRCC5,YES1,YWHAG,YWHAZ,TRIM26,ZYX,CACNB4,TMEM43,MCPH1,RHBDF2,NLRX1,TBL1XR1,CAMKMT,RIN3,TNIP3,SLC8B1,CEP63,CUBN,FXR1,HMGA2,CALR,SLC7A5,CLPB,AKAP1,CAMP,CAPN2,CAPN3,EPX,CASP1,SESN2,PLA2G6,KREMEN1,CASP7,ZDHHC18,STK24,RNF135,RNASE7,ADTRP,HAVCR2,AGBL4,MFSD2A,ZNRF1,UBASH3B,RUNX2,MARCO,URI1,CRADD,ADAM15,TNFRSF11A,NRP1,KYAT1,KAT2B,PER2,TRIM4,TRIM15,PGLYRP1,PHLDB2,MAP3K14,OTULIN,PKD2L1,CCRL2,PSTPIP1,MCU,LRSAM1,DDX60L,CD2,RNF185,RSAD2,XPR1,CD6,UBE2L6,MFHAS1,MAPKAPK2,CD9,CACNA2D4,CD80,CD86,AIM2,LY86,CD36,NR1D1,AKAP12,PPM1F,CD68,N4BP1,DOCK4,CD81,RIPOR2,HDAC4,TBC1D5,CDA,ZEB2,KIAA0319,AREL1,CDH1,CASP8AP2","Sputum_Paucigranulocytic"
"BP","response to stress",3958,693,7.04043976281846e-10,1.0076282287512e-06,"ADA,CDH5,SH2D3C,DNAJB6,MICA,CERT1,ADAM8,TSPAN2,TRIM10,HIPK3,RASGRP1,TRAP1,LPCAT3,CDK6,KLRG1,ZMPSTE24,ADAR,NOD1,NDRG1,ADARB1,CDC42EP2,VAV3,MERTK,CEBPE,AGR2,TXNRD2,TXNIP,RGS14,CAMKK2,CELF1,CXCR6,CNPY3,CTSC,TRAF3IP2,LILRB1,USP20,MALT1,CBX1,ASCC3,LILRB4,TLK2,LIAS,RBPMS,TENT4A,HSF2BP,FOXN3,KAT7,CHI3L1,WDHD1,MAP4K1,SP140,SCN11A,SGF29,VPS26B,LYST,PHB2,GABARAP,MGLL,NLRP3,CYGB,C1QTNF3,RMI2,BATF2,CLNK,NIBAN1,SH2D1B,PIK3AP1,CLU,TMEM45B,SLC15A4,CCR6,CMKLR1,ZSWIM7,RNF19B,DCBLD2,ADORA1,NCOA7,ADORA2B,PXDNL,NACC2,CREBBP,CRK,ADORA3,TLDC2,TERB2,PIK3R6,SLFN13,DCST1,NFAM1,SH3RF2,VKORC1L1,CYP19A1,DAG1,DGKG,DAP,DAPK1,DAXX,WFDC13,DHX15,CLEC4C,DNMT3A,ABAT,DYRK1A,ANO6,NSMCE1,NLRP7,ELK3,SPRED2,SLC29A1,EPAS1,EPHB1,ERCC4,ERCC6,ERN1,ESR1,ETFDH,ETS1,ETV5,EXT1,EYA2,EZH2,F13A1,FABP4,PTK2B,FBP1,FCER1G,FOXK1,MTURN,FGR,FKBP1B,VASH1,NLRP1,ATG14,INPP5F,ZBTB1,ZNF365,SBNO2,ATF6,SIRT2,NT5C2,TNIK,FOXO1,TRIM35,TAB2,CAMTA2,GRAMD4,FLNB,RFTN1,FAF2,DTX4,CLEC16A,SASH1,LARP1,COTL1,CBX5,TRAM1,MACF1,ZFYVE26,SPIDR,MORC3,FPR2,FPR3,PHLDA3,PLD3,BRD1,ALOX5,PANX1,IL27,ABL1,FYN,ZBTB38,CERS6,SERINC5,SHPRH,SAMHD1,SIN3A,ZNF385A,DHRS7B,ACOT11,IPCEF1,ABHD12,EPC2,GATA1,GATA3,BLOC1S6,GCH1,NUPR1,MYOF,AMFR,B4GALT1,FOXP1,SESN1,CRCP,STK39,TOR1B,POLM,GNA12,GNAQ,GNG7,WFDC10B,GPI,ANG,CCDC88B,SLC39A5,METRNL,ANGPT2,NKIRAS2,SLC9A9,GPER1,NSMCE2,GPX4,HIPK2,SETD2,NR3C1,ARHGAP35,DNAJC15,UHRF1,BLNK,USP25,EEF2K,SLC25A24,MDFIC,SLC2A8,ANXA1,ANXA2,ANXA3,HFE,CD209,NRG1,ANXA6,HIF1A,UBE2K,HK1,HK2,HLA-A,AOAH,MR1,APBB1,HRH1,HSF1,HSPD1,HSPG2,UBAC2,FFAR4,IRF8,IFI16,SH3RF3,IFNGR2,IGF1R,IGFBP6,TICAM2,IKBKB,IL4,IL5RA,IL6R,AQP1,IL16,IL18,FOXK2,IDO1,INHBA,IRAK2,AQP9,IRF2,IRF5,ITGA5,ITGAL,ITGAM,ITGB2,ITGB3,ITPK1,ITPR1,ITPR2,JAK1,KARS1,MIA3,KCNMB1,KIF5B,KRT8,KRT16,SERP2,SCIMP,MFSD2B,LGALS8,LIPA,LMNA,SIGLEC16,LRCH4,LRP1,LSP1,LTBR,LTF,BMAL1,LYN,SMAD1,SMAD3,SMAD6,MAN1A1,MAX,MCM2,MDM4,MEF2C,MEFV,MET,MGAT3,MGMT,CIITA,MAP3K10,MNDA,ABCC1,MAP1LC3C,MX1,MYO1C,NCF2,NCK1,NDUFS2,ATOX1,NF1,NFATC2,NFIA,NFATC3,NFE2,NFE2L2,TONSL,NINJ1,NOTCH1,NOTCH2,NOTCH4,NPAS2,ATP2A2,ATP2A3,ATP2B4,OPA1,OPRM1,P2RX1,P2RX4,P2RX7,RRM2B,MINK1,PRKN,PCBP2,ASCC1,UBXN1,PCK2,PCNA,ABI3,GLTP,MARCHF2,IER5,ZBTB7A,FZR1,TAOK3,UBR5,ANGPT4,LARS1,IL23A,CHMP3,ENPP3,PDPK1,NLK,CAB39,RTEL1,MAP3K20,SERPINA1,PIK3C2B,PIK3CB,PIK3CD,PIK3R1,PLA2G4A,PLCG2,PMS1,ACP5,TREM2,TREM1,TOLLIP,RNF216,RBM47,INO80,PPARD,PPARG,PPBP,PXK,DUS2,NRDE2,SUSD4,WIPI1,ARHGEF10L,TMEM33,PPP3CA,SHFL,LGR4,NCBP3,PRG2,NAGK,FERMT1,AMBRA1,SLC39A4,LYAR,RAB20,PRKACA,NPLOC4,POLR3E,EDEM2,UGGT2,INAVA,PRKCA,AXL,PRKCD,PRKCE,PLGRKT,ASH1L,PRKCZ,DMAP1,MAPK1,SULF2,MAPK8,MAPK13,MAP2K1,MAP2K5,MAP2K6,TEX12,CRTAM,LRRC8A,IRGC,SUCNR1,ZC3HAV1,UGGT1,SPIRE1,DUSP22,HMCES,CTNNBIP1,BACH1,CAMK1D,MAN1C1,PELI1,ZMIZ1,PTEN,PTGER2,SENP7,TMIGD3,PTK2,ARID1B,RPTOR,TAOK1,WDFY1,MRTFA,FNIP2,PTPN1,MEAK7,TRIB3,PTPN11,PTPRS,NECTIN2,CXCL16,PXN,NLRC4,RRAGD,RAB27A,RAC1,RAD23B,RAD51B,RAD52,RAF1,RASGRF1,HRH4,BCL2,BCL2A1,UPF1,BCL2L1,REV3L,RFC3,RNASE4,BCL6,BCL7A,RORA,BCR,RPS6KA1,RREB1,S100A8,S100A10,CELA2A,ATXN7,CEACAM1,CCL13,CCL18,CCL20,CCL21,CCL22,CCL25,PRDM1,SEC14L1,BLK,MAP1LC3B2,MMP25,SGK1,SGTA,CLEC7A,CREB3L2,MEAF6,MARCHF7,SLC1A2,SLC1A3,SLC2A1,SLC11A1,SLC18A2,SLC22A5,SLPI,SMARCA2,SMARCD2,SOD1,BNIP3L,DST,SRC,SREBF2,BRAF,SRPK2,STAC,STK3,SYK,TAF6,MSMP,TFR2,TGFB3,TSPO,THRA,SERPING1,C1QA,TNF,C1QB,C1QC,TOP2B,C1S,TPD52L1,TRAF3,DNAJC7,C5,C5AR1,CCR2,TYK2,C8A,C8B,UBE2D3,UCP3,UPP1,UVRAG,VAV2,VCL,EZR,MYRF,VWF,WFS1,XPC,XRCC4,XRCC5,YES1,YWHAG,YWHAZ,PTTG1IP,VEZF1,TRIM26,ZYX,RNF103,USP7,CYREN,CUEDC2,AHNAK,NABP2,FTO,TMEM43,NOX5,ADIPOR2,MCPH1,RHBDF2,NLRX1,MCTP1,UBA5,ZNF212,PRR5L,TNIP3,KAT6A,CEP63,EDEM3,SCUBE1,EPC1,CYB5B,COL18A1,EEPD1,FXR1,HMGA2,CALR,GPR68,SLC7A5,CLPB,AKAP1,CAMP,CAPN2,CAPN3,EPX,ARID1A,TRRAP,AXIN1,CASP1,ARHGAP24,SESN2,FERMT3,PLA2G6,KREMEN1,CASP7,DTNBP1,RNASEH2C,LRRC8C,ZDHHC18,STK24,RNF135,NCK2,DOT1L,SLX4,SPIRE2,TPST1,RNASE7,TRIM55,ADTRP,HAVCR2,AGBL4,MFSD2A,AIFM2,FBH1,ZNRF1,UBASH3B,DGKD,YBX3,COPS3,PLPP3,CBFA2T3,AOC3,MARCO,MBTPS1,CRADD,ADAM15,TNFRSF11A,NRP1,KAT2B,PROZ,PER2,TRIM4,HPS4,TRIM15,PGLYRP1,LIMD1,PHLDB2,TSPAN18,MAP3K14,OTULIN,BAZ1B,CCRL2,PSTPIP1,LRSAM1,ASH2L,DDX60L,CD2,RNF185,RSAD2,DGKI,MYLK3,XPR1,FCMR,RCSD1,CD6,UBE2L6,MFHAS1,MAPKAPK2,CD9,NREP,CD163,TADA2B,ACVRL1,RECQL5,TP53INP1,AIM2,MAP4K4,LY86,CD36,ENTPD1,NR1D1,BABAM2,CD44,ZNF516,CD59,CD68,N4BP1,HDAC9,SETD1A,CD81,HDAC4,ADGRE5,SUSD6,CD151,ATG13,TM9SF4,TBC1D5,ZEB2,KIAA0319,AREL1,ZBTB40,DCLRE1A,SLC23A2","Sputum_Paucigranulocytic"
"BP","positive regulation of immune response",719,163,7.19299152269466e-10,1.0076282287512e-06,"ADA,MICA,ADAM8,RASGRP1,BTN3A3,BTN2A2,NOD1,VAV3,LILRB1,MALT1,LILRB4,PHB2,NLRP3,ERMAP,CLNK,SH2D1B,PIK3AP1,CLU,SLC15A4,SPPL3,CMKLR1,ADORA2B,CREBBP,NFAM1,ESR1,FCER1G,FCER2,FGR,NLRP1,ZBTB1,SIRT2,FCHO1,GRAMD4,RFTN1,PLCL2,FPR2,FPR3,ABL1,FYB1,FYN,SIN3A,GATA1,GATA3,FOXP1,TNFRSF21,BLNK,ANXA1,HFE,UBE2K,HLA-A,HLA-DMB,HLA-DQA2,HLA-DRA,MR1,HSPD1,IFI16,TICAM2,IKBKB,IL4,IL18,IDO1,INPP5D,IRAK2,ITGAM,ITGB2,KARS1,SCIMP,LCP2,LIMK1,LIPA,LRCH4,LTF,LYN,MEF2C,MEFV,MNDA,NFATC2,NINJ1,P2RX7,PDE4B,PDE4D,IL23A,CYRIB,PDPK1,PIK3CD,PIK3R1,PLA2G4A,PLCG2,TREM2,RBM47,SUSD4,LGR4,NAGK,NPLOC4,INAVA,PRKCB,PRKCD,PRKCE,PRKCH,PRKCZ,MAPK1,MAPK8,MAP2K6,CRTAM,DUSP22,HMCES,PELI1,PTK2,WDFY1,PTPRJ,PTPRS,NECTIN2,NLRC4,RARA,BCL2,CEACAM1,SEC14L1,BLK,CLEC7A,SLC11A1,SRC,BRAF,SYK,SERPING1,C1QA,TNF,C1QB,C1QC,C1S,TRAF3,C5,C5AR1,CCR2,TYK2,C8A,C8B,VAV2,EZR,XRCC5,YES1,CACNB4,NLRX1,TNIP3,CLPB,CASP1,PLA2G6,RNF135,CARD11,HAVCR2,ZNRF1,TRIM15,OTULIN,RNF185,RSAD2,MFHAS1,MAPKAPK2,CD80,CD86,AIM2,CD36,NR1D1,CD59,CD81,TESPA1,GAB2","Sputum_Paucigranulocytic"
"CC","endomembrane system",4689,854,7.5381446438877e-10,1.0076282287512e-06,"CDH5,C8orf44-SGK3,ABCC5,CERT1,UST,ADAM8,RASGRP1,LPCAT3,WASF2,LHFPL2,MPHOSPH9,ADAM10,STX6,AP3S2,ABCC4,RAMP2,ZMPSTE24,RTN3,EMC8,IRAG1,DLC1,NDRG1,CDS1,ST3GAL6,CPQ,SPON1,CDC42EP2,TAB1,GPNMB,BAIAP2,CAP1,AGR2,CDC42EP3,TGOLN2,CNPY3,CTSC,GIPC1,AHCYL1,IQGAP2,FAXDC2,USP20,EHD1,CKAP4,RAB31,TENT4A,PLAAT3,CHI3L1,NISCH,RNF24,PACSIN2,SNX18,CHP1,VPS26B,MGAT4A,SLC46A1,EXOC3,GABARAP,MGLL,TRIM9,NLRP3,ERMAP,OSBPL1A,OSBPL5,OSBPL6,OSBPL9,OSBPL11,MARCHF3,WDFY2,MOGAT1,ARAP1,AP2M1,PARD3B,RFFL,BORCS5,CLCN6,PDZD8,CLU,TMEM45B,SLC15A4,FGD4,SPPL3,DEGS2,WDR81,OSCAR,RNF19B,PIGU,TANGO2,COL9A2,COL11A2,COL15A1,COPA,COL26A1,CPE,LRGUK,PXDNL,GPAT4,VTI1A,POGLUT3,PRICKLE1,TERB2,VCAN,TOM1L2,TMEM190,DPY19L3,B3GALNT2,DCST1,CNIH3,ENTHD1,NFAM1,CTSB,CTSH,PPM1L,XXYLT1,GLIPR2,CTSZ,FGD5,CUX1,CXADR,RASGEF1B,RNF145,VKORC1L1,VPS13B,CYP19A1,DACH1,DAG1,AP2A2,SYNE3,AP2B1,CNST,UBXN2A,SGMS2,COL22A1,TMEM64,CLEC4C,DIO1,DYNC1H1,DYNC1LI2,DOCK2,AGRP,DSC1,EEF1A1,EEF2,EGF,ANO6,SERPINB1,TMEM201,CREG2,SPRED2,SLC39A11,SMIM14,GAPT,TSNARE1,EPHB1,CLN8,ERN1,ESR1,EXT1,F13A1,FAT2,SLC37A2,FBN1,FCER1G,MARCHF8,FDFT1,ADGRG3,ALDH3A2,FGR,FKBP1B,COPG1,VASH1,AAK1,LMTK2,CHSY1,FKBP2,ATG14,INPP5F,TRAPPC8,ZBTB1,ARSG,EPN2,SACM1L,CD93,ATF6,SEPHS1,SV2C,WDFY3,TMCC1,PDZD2,XPO7,TNIK,FNBP1,GGA2,EMC1,ERC1,SIPA1L3,KIF1B,TBC1D2B,RAP1GAP2,TAB2,ATP10B,COLGALT2,FCHO1,GRAMD4,LPIN1,SEPTIN8,RFTN1,FAF2,FLT1,RHOBTB2,PACS2,ATP11A,FMO1,CLEC16A,FMO4,MGRN1,BICD2,DMXL2,DPY19L1,VPS39,SYNE1,DOCK9,UBR4,VPS8,ZDHHC17,PIP5K1C,COTL1,TMED3,GPR161,ABCB9,ABCA6,CBX5,TRAM1,LEPROTL1,MACF1,ZFYVE26,ARHGAP45,ATP6V0A2,PIGN,FPR2,HEBP2,DAPK2,BACE1,HSPBP1,PLD3,SH3BP4,SGK3,ALOX5,PANX1,IL27,ABL1,FYN,LCLAT1,CERS6,ZDHHC20,GAA,GABBR1,TXNDC8,SERINC5,PARM1,ARMC8,GALNT2,SGMS1,MYRIP,SEC31B,UNC50,DHRS7B,OSBPL3,GLCE,CNTNAP2,ABHD12,GAPVD1,BLOC1S6,FBXW8,ARFGAP3,EHF,GCH1,MYOF,MDGA1,AMFR,RPS6KC1,GGTA1,B4GALT1,ATP2C1,LAMP3,TRAPPC3,CYTH4,SIGLEC9,DISC1,GLB1,CRCP,GLG1,TOR1B,BIN1,GM2A,GNAQ,GNS,GOLGA4,GPI,P4HA3,CCDC88B,B4GALNT3,DPY19L2,TMEM150B,SLC9A9,GPER1,SUMF1,GPX4,RAPGEF1,RACGAP1,USP25,OLA1,SNX8,SNX10,GUSB,GYG1,NENF,DSE,STRN3,PACSIN1,ANXA1,ANXA2,ANXA3,HTT,ANXA4,HEXA,HEXB,HFE,ANXA6,HIP1,HK2,HLA-A,HLA-DMB,ANXA11,HLA-DQA2,HLA-DRA,MR1,APBA1,APBB1,APBB2,HSD11B1,HSPD1,HSPG2,APLP2,UBAC2,FFAR4,ENPP7,SYCN,RD3,DYNLT4,IFNGR2,TICAM2,AQP1,INPP4A,INPP5B,INSR,IRAK2,ITGA5,ITGAL,ITGAM,ITGB2,ITGB3,ITPKB,ITPR1,ITPR2,JAK1,GALNT18,TBC1D10C,ATP9B,B3GNT8,ARF1,MIA3,STIMATE,KCNQ1,KPNA1,PEDS1,SERP2,DIPK1A,PLEKHM3,KTN1,LBR,LIMK2,LIPC,LMNA,LMO7,RAB19,LOXL1,LRP1,LTA4H,LTBP1,LTBR,LTF,LYN,ARRB1,SMAD1,SMAD3,SMAD6,ARSB,STS,MAN1A1,MAN2A2,MAP6,MGAT3,MGST3,ASTL,ASGR2,MNDA,MAP1LC3C,ASPH,MX1,NCF2,NCK1,NEDD9,NFE2L2,ACO1,NGF,NOTCH1,NOTCH2,NOTCH4,NPC1,ATP2A2,ATP2A3,OPRM1,P2RX1,PCSK6,MINK1,CHST11,ATP6V0A4,PRKN,ASAP1,UBXN1,DERA,ABHD17B,METTL9,HSD17B12,A4GNT,PIGP,MARCHF2,PCYT1A,GASK1B,MS4A4A,FZR1,CHST15,AIG1,PDE4B,SNX9,NAT8B,ANKFY1,RTCB,LARS1,ZC3HC1,IL23A,CYRIB,ATP6V1H,CHMP3,ACSL5,CAB39,WWOX,RTEL1,SYT17,RAB8B,GALNT7,ADA2,ATP8B1,PGM1,SERPINA1,ATP6V1C1,PIK3C2B,PIK3R1,PI4KB,PLA2G4A,PLD1,TPCN1,CLIC5,FXYD3,P2RY13,FGFRL1,SLC37A1,GSAP,RETREG1,POR,TOLLIP,ADAMTSL4,POU2F1,MTMR12,NDFIP2,PPBP,DYM,RNF43,PXK,CDKAL1,DUS2,TMEM132A,STX17,WIPI1,TMEM33,P3H2,TRAPPC14,VPS53,CPPED1,AGPAT5,GIMAP5,PI4K2A,LRRC59,CHST12,PRG2,GALNT10,CARMIL1,AMBRA1,SLC39A4,FLVCR2,RAB20,PIGV,PRKACA,NPLOC4,PACS1,VAC14,NECAP2,LMBR1L,PRKAR1A,HHAT,EDEM2,CDK5RAP2,UGGT2,PRKCA,CSGALNACT1,PRKCD,PRKCE,GLT8D1,EMC3,ASH1L,PRKCZ,RCC2,MAPK1,SULF2,BCAP29,PDGFC,MAP2K1,LGMN,MUC13,RETN,UGGT1,KCMF1,C1GALT1,SPPL2B,MFF,PSMB7,FAM20C,PSMD3,PARP11,PLAAT1,MAN1C1,PAK5,ANKRD50,ATP10A,SNX14,JPH3,MIF4GD,NDRG2,BIRC6,GRAMD1B,HACE1,SORCS2,NCEH1,MARCHF4,WDFY1,STIM2,COL20A1,QSOX1,PTPN1,WDFY4,PTPRJ,PTPRN2,PTPRS,MS4A7,SRPRB,EPS15L1,RAB27A,RAC1,RAF1,RAP1GDS1,LGR6,BCL2,BCL2L1,RHEB,BCL6,ELOVL5,SCOC,TNFRSF17,RPN1,RPS6,RRBP1,CLIP1,S100A1,SORT1,S100A6,S100A8,S100A11,SCNN1A,CEACAM1,RNF123,THADA,SEC14L1,KIF13A,SECTM1,TRAPPC2,SELL,SLC28A3,XYLT1,ERAP2,TOR3A,ATL2,MS4A6A,RAB17,MAP1LC3B2,MMP25,SGK1,SCG5,ITSN1,SH3GL1,CREB3L2,ST6GAL1,ST3GAL1,ST3GAL3,SLA,VPS33A,SLC2A1,SLC2A5,SLC5A1,SLC11A1,SLC18A2,SLC22A5,SLPI,TRAK2,SNTB2,BNIP3L,SORL1,DST,SPARC,SPAST,SPTAN1,SRC,SREBF2,SRP68,DENND2B,STIM1,STX3,STX5,BSG,SYN2,KLF5,TBXAS1,MLX,TGFA,TGFB3,TSPO,TIMP2,TIMP3,TKT,SERPING1,TRAPPC10,TNF,TPD52,TRAF3,TSG101,EIPR1,TTC3,C5AR1,UBE2D3,UGCG,UVRAG,VCL,VDAC2,EZR,MYRF,VWF,WFS1,WNT3,XRCC5,YES1,LDLRAD4,TMEM50B,PRCD,PRDM2,CSDE1,RNF103,SLMAP,CUEDC2,ASPSCR1,TMEM43,BCL2L14,NOX5,FYCO1,ARMH3,GALNT14,ARSJ,RHBDF2,BEND5,DYNC2H1,MCTP1,CLMN,CAMKMT,RNF122,TM4SF20,UBA5,LPCAT1,RIN3,ATP8B4,MAP6D1,KIAA0319L,SYNDIG1,UXS1,SLC66A2,RAB11FIP1,RUFY1,EDEM3,STAM,CUBN,EPC1,PNPLA3,COL18A1,FXR1,ACTN4,CALR,DCSTAMP,VOPP1,ITM2C,TSPAN14,CAMK2D,RNF170,CAMK2G,SBF2,CAMP,SYN3,CAPN2,EPX,TRRAP,PITPNM3,GSG1,APH1B,COG3,TRAPPC9,FERMT3,MAD1L1,SPATA16,PIP5K1B,ARB2A,CTTNBP2,B3GNT5,DTNBP1,QRICH2,EEA1,ANTXR1,LRRC8C,ZDHHC18,STK24,CCDC115,HPS3,SOAT2,NCK2,CYSTM1,RAB11FIP4,CASQ2,TPST2,TPST1,TNRC18,CRACR2A,ADTRP,HAVCR2,AGBL4,MFSD2A,ZNRF1,SERAC1,PPFIA1,REPS1,KCNAB2,DGKD,STON2,ITPRIP,SELENOI,DEGS1,PDXK,STK16,PLPP3,CDK13,CBFA2T3,HSD17B6,AOC3,TNKS,DGAT1,ACTN1,B4GALT4,MBTPS1,ADAM15,CDS2,CREG1,IQGAP1,NRP1,KSR1,ASAP2,PROZ,SYNJ1,ST3GAL5,SGPL1,HERC1,CCND2,HPS4,NAV3,MVB12B,SEC16B,ATP6V0E1,PGLYRP1,SYS1,PKD2L1,MCFD2,CCDC32,CFAP119,PKMYT1,MTMR7,NUP210L,CD2,RNF185,PKDCC,COL23A1,RSAD2,DGKI,ARRDC4,XPR1,RCSD1,CYTH3,CYTH1,DNER,CD9,B4GALT5,CPNE6,NHERF1,OTOF,TGFBRAP1,SYTL3,FADS2,CHST3,CD36,SLC4A8,RPH3AL,SPTLC2,SEC22B,PREPL,CYTIP,CD44,ABCG1,SNCAIP,CD53,CD59,SDC3,CD68,NUP93,RAPGEF2,NOS1AP,DOCK4,PHACTR2,ADGRE5,ATG13,TM9SF4,TBC1D5,CDA,TESPA1,C2CD2L,KIAA0319,LRBA,FCHSD2,FIG4,RABGAP1L,TMCC2,FAM20B,IQSEC1,DOP1B,CDH1","Sputum_Paucigranulocytic"
"BP","endocytosis",701,184,1.46069240219606e-09,1.84404300819463e-06,"WASF2,AP3S2,RAMP2,CACNG3,VAV3,MERTK,CAP1,CEBPE,LILRB1,USP20,EHD1,LILRB4,RAB31,PACSIN2,SNX18,LYST,BTBD9,MARCHF3,AP2M1,CLU,ADORA1,LDLRAD3,GSG1L,ENTHD1,GRK3,AP2A2,AP2B1,DNM1,DOCK1,DOCK2,DPYSL2,EFNB2,EGF,ANO6,ARHGAP27,FCER1G,FCER2,FGR,AAK1,INPP5F,EPN2,CD93,FNBP1,TBC1D2B,FCHO1,RHOBTB2,SYNE1,PIP5K1C,FPR2,SH3BP4,ABL1,FYN,SNX33,GAPVD1,BIN1,ANGPT1,ILDR1,GRK4,SNX10,EEF2K,PACSIN1,SH3KBP1,ANXA1,ANXA2,ANXA3,HFE,CD209,HIP1,ANXA11,HSPG2,IRF8,TICAM2,IL4,INSR,ITGA4,ITGAL,ITGAM,ITGB2,ITGB3,ATP9B,ARF1,MIA3,LIMK1,LIPA,LRP1,LYN,ARRB1,MET,MKLN1,ASGR1,ASGR2,MYO1E,NCF2,NPC1,P2RX7,P2RY6,ITSN2,PRKN,MARCHF2,SNX9,ANKFY1,NCKIPSD,ATP6V1H,ENPP2,PIK3CB,PI4KB,PLCG2,TPCN1,TREM2,RIN2,AHI1,PPP3CA,CARMIL1,LYAR,RAB20,VAC14,NECAP2,LMBR1L,AXL,PRKCD,PRKCE,BIN3,MAPK1,CAMK1D,PTK2,PTPN1,DENND1A,PTPRJ,CXCL16,EPS15L1,RAB27A,RAC1,RARA,BCL2L1,BCR,SORT1,SAG,CEACAM1,CCL21,ELMO2,RAB17,ITSN1,SH3GL1,CLEC7A,SLC11A1,SOD1,SORL1,SRC,SYK,TFR2,TNF,TSG101,CCR2,VAV2,EZR,YES1,MCTP1,RIN3,RUFY1,CUBN,CALR,PLA2G6,DTNBP1,EEA1,REPS1,DGKD,STON2,MARCO,CREG1,SYNJ1,CCDC32,PSTPIP1,LRSAM1,PDLIM7,MAPKAPK2,DNER,CD9,CD163,CD36,CD81,CD151,TM9SF4,TBC1D5,DNAJC6,ELMO1,FCHSD2,RABGAP1L","Sputum_Paucigranulocytic"
"BP","cell activation",1091,235,1.6986782765516e-09,1.93238419259109e-06,"ADA,MICA,ADAM8,RASGRP1,ADAM10,CDK6,IKZF1,BTN2A2,NDRG1,VAV3,GPNMB,MERTK,CTSC,TRAF3IP2,LILRB1,MALT1,LILRB4,KAT7,CMTM7,SCN11A,PHB2,NLRP3,CYGB,BATF2,CLNK,SH2D1B,CLC,CLU,SLC15A4,CCR6,KLF6,ADORA2B,PIK3R6,NFAM1,CXADR,DGKG,TMEM229B,ZFPM1,DOCK2,GPR183,EFNB2,GAPT,EPHB1,EZH2,PTK2B,FCER1G,FCER2,ADGRG3,FGR,FKBP1B,ZBTB1,SBNO2,CD93,SWAP70,FCHO1,PLCL2,IL27,ABL1,FYN,FBXO7,GATA1,GATA3,BLOC1S6,FOXP1,TNFRSF21,STK39,GNAQ,CCDC88B,GPER1,BLNK,SH3KBP1,ANXA1,ANXA3,HFE,CD209,HLA-A,HLA-DMB,HLA-DQA2,HLA-DRA,MR1,HSPD1,IRF8,IFNGR2,TICAM2,IL4,IL6R,TNFRSF9,IL18,IDO1,INHBA,INPP5D,ITGA4,ITGAL,ITGAM,ITGB2,ITGB3,ITPKB,JAK1,KARS1,TBC1D10C,KPNA1,MFSD2B,LCP1,LCP2,LIPA,RHOH,LRP1,LTBR,LYN,SMAD3,MEF2C,ASTL,MNDA,NCK1,NEDD9,NFATC2,NOTCH2,P2RX1,P2RX4,P2RX7,ZBTB7A,IL23A,CYRIB,ENPP3,PDPK1,PIK3CB,PIK3CD,PIK3R1,PLA2G4A,PLCG2,TREM2,TOLLIP,APBB1IP,PPP3CA,AMBRA1,CHD7,LMBR1L,PRKAR1A,PRKCA,PRKCB,AXL,PRKCD,PRKCE,PAG1,PRKCZ,CRTAM,LRRC8A,SUCNR1,DUSP22,HMCES,PELI1,ZMIZ1,ARID1B,PREX1,WDFY4,PTPN11,PTPRJ,NECTIN2,RAB27A,RARA,BCL2,BCL6,RORA,BCR,RPS6,RPS6KA1,S100A13,CELA2A,CEACAM1,CCL21,PRDM1,VSIR,SEMA4A,CLEC7A,CRTC3,ST3GAL1,MARCHF7,SLC7A1,SLC11A1,SLC18A2,SMARCA2,SMARCD2,SOD1,SRC,BRAF,SYK,KLF5,TGFBR2,C1QA,TNF,TOP2B,TPD52,C5AR1,CCR2,TYK2,VAV2,VCL,VWF,YES1,ZBTB16,DCSTAMP,DOCK8,CAMP,CAPN3,ARID1A,FERMT3,MAD1L1,NCK2,CARD11,HAVCR2,UBASH3B,DGKD,RUNX2,RUNX1,CBFB,PLCZ1,SLAMF9,PGLYRP1,CD2,RSAD2,DGKI,CD6,DLG5,CD7,MFHAS1,CD9,CD80,CD86,NR1D1,AKAP12,CD44,HDAC9,CD81,RIPOR2,HDAC4,TOX,CD151,ZEB2,TESPA1,GAB2","Sputum_Paucigranulocytic"
"BP","regulation of immune response",901,191,1.76534239155006e-09,1.93238419259109e-06,"ADA,MICA,ADAM8,RASGRP1,ADAR,BTN3A3,BTN2A2,NOD1,VAV3,LILRB1,MALT1,LILRB4,PHB2,NLRP3,ERMAP,CLNK,SH2D1B,CLC,PIK3AP1,CLU,SLC15A4,SPPL3,CMKLR1,ADORA2B,CREBBP,CRK,PIK3R6,DCST1,NFAM1,CTSH,ESR1,FCER1G,FCER2,FGR,NLRP1,ZBTB1,SIRT2,FCHO1,GRAMD4,RFTN1,DTX4,PLCL2,FPR2,FPR3,IL27,ABL1,FYB1,FYN,SAMHD1,SIN3A,GATA1,GATA3,FOXP1,TNFRSF21,BLNK,ANXA1,HFE,UBE2K,HLA-A,HLA-DMB,HLA-DQA2,HLA-DRA,MR1,HSPD1,IFI16,TICAM2,IKBKB,IL4,IL18,IDO1,INPP5D,IRAK2,ITGAM,ITGB2,KARS1,SCIMP,LCP2,LIMK1,LIPA,LRCH4,LTF,LYN,SMAD3,MEF2C,MEFV,MAP3K1,MNDA,NFATC2,NFE2L2,NINJ1,P2RX7,PCBP2,PDE4B,PDE4D,IL23A,CYRIB,ENPP3,PDPK1,PIK3CD,PIK3R1,PLA2G4A,PLCG2,TREM2,RBM47,PPARG,SUSD4,LGR4,NAGK,LYAR,NPLOC4,INAVA,PRKCB,PRKCD,PRKCE,PRKCH,PRKCZ,MAPK1,MAPK8,MAP2K6,CRTAM,SPPL2B,DUSP22,HMCES,PELI1,PTK2,WDFY1,PTPN1,PTPN11,PTPRJ,PTPRS,NECTIN2,NLRC4,RARA,BCL2,BCL6,BCR,CEACAM1,SEC14L1,BLK,VSIR,CLEC7A,SLC11A1,SRC,BRAF,SYK,SERPING1,C1QA,TNF,C1QB,C1QC,C1S,TRAF3,C5,C5AR1,CCR2,TYK2,C8A,C8B,VAV2,EZR,XRCC5,YES1,YWHAZ,CACNB4,RHBDF2,NLRX1,TNIP3,CEP63,CLPB,CASP1,PLA2G6,ZDHHC18,RNF135,CARD11,HAVCR2,ZNRF1,TRIM15,PGLYRP1,OTULIN,RNF185,RSAD2,MFHAS1,MAPKAPK2,CD80,CD86,AIM2,CD36,NR1D1,CD59,N4BP1,CD81,TESPA1,GAB2","Sputum_Paucigranulocytic"
"BP","leukocyte activation",946,208,1.78578014629524e-09,1.93238419259109e-06,"ADA,MICA,ADAM8,RASGRP1,ADAM10,CDK6,IKZF1,BTN2A2,NDRG1,VAV3,GPNMB,MERTK,CTSC,TRAF3IP2,LILRB1,MALT1,LILRB4,KAT7,CMTM7,SCN11A,PHB2,NLRP3,BATF2,CLNK,SH2D1B,CLC,CLU,SLC15A4,CCR6,KLF6,ADORA2B,PIK3R6,NFAM1,CXADR,TMEM229B,ZFPM1,DOCK2,GPR183,EFNB2,GAPT,EPHB1,EZH2,PTK2B,FCER1G,FCER2,ADGRG3,FGR,FKBP1B,ZBTB1,SBNO2,CD93,SWAP70,FCHO1,PLCL2,IL27,ABL1,FYN,FBXO7,GATA1,GATA3,BLOC1S6,FOXP1,TNFRSF21,STK39,CCDC88B,GPER1,BLNK,SH3KBP1,ANXA1,ANXA3,HFE,CD209,HLA-A,HLA-DMB,HLA-DQA2,HLA-DRA,MR1,HSPD1,IRF8,IFNGR2,TICAM2,IL4,IL6R,TNFRSF9,IL18,IDO1,INHBA,INPP5D,ITGA4,ITGAL,ITGAM,ITGB2,ITPKB,JAK1,KARS1,TBC1D10C,LCP1,LCP2,LIPA,RHOH,LTBR,LYN,SMAD3,MEF2C,MNDA,NCK1,NEDD9,NFATC2,NOTCH2,P2RX7,ZBTB7A,IL23A,CYRIB,ENPP3,PDPK1,PIK3CD,PIK3R1,PLA2G4A,PLCG2,TREM2,TOLLIP,APBB1IP,PPP3CA,AMBRA1,CHD7,LMBR1L,PRKAR1A,PRKCB,AXL,PRKCD,PRKCE,PAG1,PRKCZ,CRTAM,LRRC8A,SUCNR1,DUSP22,HMCES,PELI1,ZMIZ1,ARID1B,PREX1,WDFY4,PTPN11,PTPRJ,NECTIN2,RAB27A,RARA,BCL2,BCL6,RORA,BCR,RPS6,S100A13,CEACAM1,CCL21,PRDM1,VSIR,SEMA4A,CLEC7A,CRTC3,ST3GAL1,MARCHF7,SLC7A1,SLC11A1,SLC18A2,SMARCA2,SMARCD2,SOD1,SRC,BRAF,SYK,TGFBR2,C1QA,TNF,TOP2B,TPD52,C5AR1,CCR2,TYK2,YES1,ZBTB16,DCSTAMP,DOCK8,CAMP,ARID1A,MAD1L1,NCK2,CARD11,HAVCR2,RUNX2,RUNX1,CBFB,SLAMF9,PGLYRP1,CD2,RSAD2,CD6,DLG5,CD7,MFHAS1,CD80,CD86,NR1D1,CD44,HDAC9,CD81,RIPOR2,HDAC4,TOX,CD151,TESPA1,GAB2","Sputum_Paucigranulocytic"
"CC","intracellular vesicle",2494,490,2.28456310031642e-09,2.35974599507229e-06,"ADA,C8orf44-SGK3,ABCC5,ADAM8,WASF2,LHFPL2,ADAM10,STX6,AP3S2,ABCC4,ZMPSTE24,CACNG3,NOD1,NDRG1,CDC42EP2,TAB1,GPNMB,BAIAP2,CAP1,TGOLN2,CTSC,GIPC1,TRAF3IP2,IQGAP2,EHD1,CKAP4,RAB31,CHI3L1,NISCH,PACSIN2,SNX18,CHP1,VPS26B,SLC46A1,EXOC3,GABARAP,TRIM9,OSBPL1A,OSBPL6,OSBPL9,OSBPL11,MARCHF3,WDFY2,AP2M1,RFFL,BORCS5,CLCN6,CLU,TMEM45B,SLC15A4,SPPL3,WDR81,OSCAR,CNP,COPA,CPE,LRGUK,VTI1A,TOM1L2,TMEM190,DCST1,CNIH3,ENTHD1,NFAM1,CTSB,CTSH,CTSZ,FGD5,CXADR,RASGEF1B,VPS13B,AP2A2,AP2B1,CNST,CLEC4C,DYNC1H1,DYNC1LI2,DOCK2,DSC1,EEF1A1,EEF2,EGF,ANO6,SERPINB1,SPRED2,EPHB1,F13A1,FCER1G,MARCHF8,ADGRG3,FGR,COPG1,PHLDA1,AAK1,LMTK2,ATG14,INPP5F,DENND3,EPN2,CD93,SV2C,TNIK,KIF21B,FNBP1,GGA2,KIF1B,TBC1D2B,TAB2,ATP10B,FLNB,SEPTIN8,RFTN1,FAF2,FLT1,RHOBTB2,ATP11A,CLEC16A,MGRN1,BICD2,DMXL2,VPS39,UBR4,VPS8,ZDHHC17,PIP5K1C,COTL1,TMED3,GPR161,LEPROTL1,ZFYVE26,ARHGAP45,ATP6V0A2,FPR2,HEBP2,DAPK2,BACE1,PLD3,SH3BP4,SGK3,ALOX5,FYN,GAA,GABBR1,SNX33,PARM1,ARMC8,MYRIP,SEC31B,CNTNAP2,GAPVD1,BLOC1S6,GCH1,MYOF,RPS6KC1,B4GALT1,SND1,LAMP3,TRAPPC3,SIGLEC9,DISC1,GLB1,CRCP,BIN1,GM2A,GNS,GPI,ANG,TMEM150B,SLC9A9,GPER1,RAPGEF1,SNX24,RACGAP1,OLA1,SNX8,SNX10,GUSB,GYG1,DSE,SLC2A8,PACSIN1,SH3KBP1,ANXA1,ANXA2,HCLS1,ANXA3,HTT,ANXA4,HEXA,HEXB,HFE,ANXA6,HIP1,HLA-A,HLA-DMB,ANXA11,HLA-DQA2,HLA-DRA,AOAH,MR1,APBA1,APBB2,HSPD1,APLP2,FFAR4,SYCN,RD3,DYNLT4,IFNGR2,TICAM2,INPP4A,INPP5B,AQP7,INSR,IRAK2,ITGA5,ITGAL,ITGAM,ITGB2,ITGB3,ITPR1,ITPR2,JAK1,TBC1D10C,ATP9B,KCNQ1,KIF5B,SCIMP,LGALS8,LOXL1,LRP1,LTA4H,LTF,LYN,ARRB1,ARSB,STS,MAN1A1,MAP6,MEFV,ASTL,MNDA,MAP1LC3C,MYO1C,MYO1E,NCF2,NGF,NOTCH1,NPC1,OPRM1,P2RX1,ATP6V0A4,ITSN2,PRKN,DERA,ABHD17B,MARCHF2,TRPV2,PDE4B,SNX9,ANKFY1,CYRIB,ATP6V1H,CHMP3,PDPK1,CAB39,RAPGEF6,SYT17,RAB8B,ADA2,PGM1,SERPINA1,ATP6V1C1,PIK3C2B,PI4KB,PLCG2,PLD1,TPCN1,FGFRL1,RIN2,TOLLIP,NDFIP2,PPBP,PXK,STX17,WIPI1,TMEM33,UQCC1,TRAPPC14,VPS53,CPPED1,GIMAP5,PI4K2A,PRG2,CARMIL1,AMBRA1,SLC39A4,RAB20,PRKACA,PACS1,VAC14,NECAP2,PRKAR1A,PRKCD,PRKCZ,RCC2,MAPK1,MAP2K1,LGMN,RETN,KCMF1,SPIRE1,SPPL2B,MFF,PSMB7,PSMD3,ANKRD50,SNX14,BIRC6,SORCS2,WDFY1,QSOX1,PTPN1,WDFY4,DENND1A,PTPRJ,PTPRN2,PTPRS,RAB27A,RAC1,BCL2L1,SCOC,RPN1,CLIP1,SORT1,S100A8,S100A11,SCN8A,SCNN1A,CEACAM1,KIF13A,TRAPPC2,SELL,RAB17,MAP1LC3B2,MMP25,SCG5,ITSN1,SH3GL1,SLA,SLC1A3,VPS33A,SLC2A1,SLC2A5,SLC5A1,SLC11A1,SLC18A2,SLPI,TRAK2,SNTB2,SOD1,SORL1,DST,SPARC,SPAST,SPTAN1,SRC,SREBF2,DENND2B,STX3,STX5,BSG,SYK,SYN2,TFR2,TGFA,TGFB3,TIMP2,TIMP3,SERPING1,TRAPPC10,TNF,TRAF3,TSG101,C5AR1,UBE2D3,UVRAG,VCL,VDAC2,EZR,VWF,WIPF1,WFS1,WNT3,XRCC5,LDLRAD4,YWHAZ,ZYX,FYCO1,SH3TC2,MCTP1,LPCAT1,RIN3,ATP8B4,MAP6D1,KIAA0319L,SYNDIG1,BAIAP2L2,SLC66A2,RAB11FIP1,RUFY1,STAM,CUBN,ACTN4,CALR,DCSTAMP,VOPP1,TSPAN14,CAMK2D,CAMK2G,SBF2,CAMP,CAPG,SYN3,EPX,AXIN1,APH1B,TRAPPC9,FERMT3,SPATA16,CTTNBP2,DTNBP1,EEA1,ANTXR1,CCDC115,HPS3,CYSTM1,RAB11FIP4,SPIRE2,CRACR2A,HAVCR2,ZNRF1,KCNAB2,STON2,DEGS1,PDXK,STK16,CDK13,HSD17B6,AOC3,MARCO,DGAT1,ACTN1,ADAM15,CREG1,IQGAP1,NRP1,HPS4,MVB12B,SEC16B,ATP6V0E1,PGLYRP1,PKD2L1,MCFD2,CFAP119,DGKI,ARRDC4,RCSD1,DNER,CD9,CD163,CPNE6,OTOF,TGFBRAP1,SYTL3,TP53INP1,CD36,SLC4A8,RPH3AL,SEC22B,CYTIP,CD44,ABCG1,SNCAIP,CD53,CD59,CD68,RAPGEF2,PHACTR2,ADGRE5,TM9SF4,TBC1D5,CDA,RUSC2,KIAA0319,FCHSD2,FIG4,RABGAP1L,IQSEC1,DOP1B,CDH1","Sputum_Paucigranulocytic"
"CC","cytoplasmic vesicle",2489,488,2.97167971426875e-09,2.93601955769752e-06,"ADA,C8orf44-SGK3,ABCC5,ADAM8,WASF2,LHFPL2,ADAM10,STX6,AP3S2,ABCC4,ZMPSTE24,CACNG3,NOD1,NDRG1,CDC42EP2,TAB1,GPNMB,BAIAP2,CAP1,TGOLN2,CTSC,GIPC1,TRAF3IP2,IQGAP2,EHD1,CKAP4,RAB31,CHI3L1,NISCH,PACSIN2,SNX18,CHP1,VPS26B,SLC46A1,EXOC3,GABARAP,TRIM9,OSBPL1A,OSBPL6,OSBPL9,OSBPL11,MARCHF3,WDFY2,AP2M1,RFFL,BORCS5,CLCN6,CLU,TMEM45B,SLC15A4,SPPL3,WDR81,OSCAR,CNP,COPA,CPE,LRGUK,VTI1A,TOM1L2,TMEM190,DCST1,CNIH3,ENTHD1,NFAM1,CTSB,CTSH,CTSZ,FGD5,CXADR,RASGEF1B,VPS13B,AP2A2,AP2B1,CNST,CLEC4C,DYNC1H1,DYNC1LI2,DOCK2,DSC1,EEF1A1,EEF2,EGF,ANO6,SERPINB1,SPRED2,EPHB1,F13A1,FCER1G,MARCHF8,ADGRG3,FGR,COPG1,PHLDA1,AAK1,LMTK2,ATG14,INPP5F,DENND3,EPN2,CD93,SV2C,TNIK,KIF21B,FNBP1,GGA2,KIF1B,TBC1D2B,TAB2,ATP10B,FLNB,SEPTIN8,RFTN1,FAF2,FLT1,RHOBTB2,ATP11A,CLEC16A,MGRN1,BICD2,DMXL2,VPS39,UBR4,VPS8,ZDHHC17,PIP5K1C,COTL1,TMED3,GPR161,LEPROTL1,ZFYVE26,ARHGAP45,ATP6V0A2,FPR2,HEBP2,DAPK2,BACE1,PLD3,SH3BP4,SGK3,ALOX5,FYN,GAA,GABBR1,SNX33,PARM1,ARMC8,MYRIP,SEC31B,CNTNAP2,GAPVD1,BLOC1S6,GCH1,MYOF,RPS6KC1,B4GALT1,SND1,LAMP3,TRAPPC3,SIGLEC9,DISC1,GLB1,CRCP,BIN1,GM2A,GNS,GPI,ANG,TMEM150B,SLC9A9,GPER1,RAPGEF1,SNX24,RACGAP1,OLA1,SNX8,SNX10,GUSB,GYG1,DSE,SLC2A8,PACSIN1,SH3KBP1,ANXA1,ANXA2,HCLS1,ANXA3,HTT,ANXA4,HEXA,HEXB,HFE,ANXA6,HIP1,HLA-A,HLA-DMB,ANXA11,HLA-DQA2,HLA-DRA,AOAH,MR1,APBA1,APBB2,HSPD1,APLP2,FFAR4,SYCN,RD3,DYNLT4,IFNGR2,TICAM2,INPP4A,INPP5B,AQP7,INSR,IRAK2,ITGA5,ITGAL,ITGAM,ITGB2,ITGB3,ITPR1,ITPR2,JAK1,TBC1D10C,ATP9B,KCNQ1,KIF5B,SCIMP,LGALS8,LOXL1,LRP1,LTA4H,LTF,LYN,ARRB1,ARSB,STS,MAN1A1,MAP6,MEFV,ASTL,MNDA,MAP1LC3C,MYO1C,MYO1E,NCF2,NGF,NOTCH1,NPC1,OPRM1,P2RX1,ATP6V0A4,PRKN,DERA,ABHD17B,MARCHF2,TRPV2,PDE4B,SNX9,ANKFY1,CYRIB,ATP6V1H,CHMP3,PDPK1,CAB39,RAPGEF6,SYT17,RAB8B,ADA2,PGM1,SERPINA1,ATP6V1C1,PIK3C2B,PI4KB,PLD1,TPCN1,FGFRL1,RIN2,TOLLIP,NDFIP2,PPBP,PXK,STX17,WIPI1,TMEM33,UQCC1,TRAPPC14,VPS53,CPPED1,GIMAP5,PI4K2A,PRG2,CARMIL1,AMBRA1,SLC39A4,RAB20,PRKACA,PACS1,VAC14,NECAP2,PRKAR1A,PRKCD,PRKCZ,RCC2,MAPK1,MAP2K1,LGMN,RETN,KCMF1,SPIRE1,SPPL2B,MFF,PSMB7,PSMD3,ANKRD50,SNX14,BIRC6,SORCS2,WDFY1,QSOX1,PTPN1,WDFY4,DENND1A,PTPRJ,PTPRN2,PTPRS,RAB27A,RAC1,BCL2L1,SCOC,RPN1,CLIP1,SORT1,S100A8,S100A11,SCN8A,SCNN1A,CEACAM1,KIF13A,TRAPPC2,SELL,RAB17,MAP1LC3B2,MMP25,SCG5,ITSN1,SH3GL1,SLA,SLC1A3,VPS33A,SLC2A1,SLC2A5,SLC5A1,SLC11A1,SLC18A2,SLPI,TRAK2,SNTB2,SOD1,SORL1,DST,SPARC,SPAST,SPTAN1,SRC,SREBF2,DENND2B,STX3,STX5,BSG,SYK,SYN2,TFR2,TGFA,TGFB3,TIMP2,TIMP3,SERPING1,TRAPPC10,TNF,TRAF3,TSG101,C5AR1,UBE2D3,UVRAG,VCL,VDAC2,EZR,VWF,WIPF1,WFS1,WNT3,XRCC5,LDLRAD4,YWHAZ,ZYX,FYCO1,SH3TC2,MCTP1,LPCAT1,RIN3,ATP8B4,MAP6D1,KIAA0319L,SYNDIG1,BAIAP2L2,SLC66A2,RAB11FIP1,RUFY1,STAM,CUBN,ACTN4,CALR,DCSTAMP,VOPP1,TSPAN14,CAMK2D,CAMK2G,SBF2,CAMP,CAPG,SYN3,EPX,AXIN1,APH1B,TRAPPC9,FERMT3,SPATA16,CTTNBP2,DTNBP1,EEA1,ANTXR1,CCDC115,HPS3,CYSTM1,RAB11FIP4,SPIRE2,CRACR2A,HAVCR2,ZNRF1,KCNAB2,STON2,DEGS1,PDXK,STK16,CDK13,HSD17B6,AOC3,MARCO,DGAT1,ACTN1,ADAM15,CREG1,IQGAP1,NRP1,HPS4,MVB12B,SEC16B,ATP6V0E1,PGLYRP1,PKD2L1,MCFD2,CFAP119,DGKI,ARRDC4,RCSD1,DNER,CD9,CD163,CPNE6,OTOF,TGFBRAP1,SYTL3,TP53INP1,CD36,SLC4A8,RPH3AL,SEC22B,CYTIP,CD44,ABCG1,SNCAIP,CD53,CD59,CD68,RAPGEF2,PHACTR2,ADGRE5,TM9SF4,TBC1D5,CDA,RUSC2,KIAA0319,FCHSD2,FIG4,RABGAP1L,IQSEC1,DOP1B,CDH1","Sputum_Paucigranulocytic"
"BP","activation of immune response",517,124,1.15032095462893e-08,1.08916222387449e-05,"ADA,BTN3A3,BTN2A2,NOD1,VAV3,MALT1,LILRB4,PHB2,NLRP3,ERMAP,PIK3AP1,CLU,SLC15A4,SPPL3,CMKLR1,CREBBP,NFAM1,ESR1,FCER1G,FGR,NLRP1,SIRT2,FCHO1,GRAMD4,RFTN1,PLCL2,FPR2,FPR3,ABL1,FYB1,FYN,SIN3A,GATA3,FOXP1,TNFRSF21,BLNK,HLA-A,HSPD1,IFI16,TICAM2,IKBKB,INPP5D,IRAK2,SCIMP,LCP2,LIMK1,LIPA,LRCH4,LTF,LYN,MEF2C,MEFV,MNDA,NFATC2,NINJ1,PDE4B,PDE4D,PDPK1,PIK3CD,PIK3R1,PLCG2,TREM2,SUSD4,LGR4,NAGK,NPLOC4,INAVA,PRKCB,PRKCD,PRKCE,PRKCH,MAPK1,MAPK8,MAP2K6,DUSP22,PELI1,PTK2,WDFY1,PTPRJ,PTPRS,NECTIN2,NLRC4,BCL2,CEACAM1,SEC14L1,BLK,CLEC7A,SRC,BRAF,SYK,SERPING1,C1QA,TNF,C1QB,C1QC,C1S,TRAF3,C5,C5AR1,C8A,C8B,VAV2,EZR,XRCC5,YES1,CACNB4,NLRX1,TNIP3,CLPB,CASP1,PLA2G6,RNF135,CARD11,HAVCR2,ZNRF1,TRIM15,OTULIN,RSAD2,MFHAS1,MAPKAPK2,AIM2,CD36,NR1D1,CD59,CD81,TESPA1","Sputum_Paucigranulocytic"
"CC","cytosol",5435,980,1.20476377033144e-08,1.09508207668047e-05,"ADA,SH2D3C,DNAJB6,C8orf44-SGK3,CERT1,HIPK3,RASGRP1,FAM13A,WASF2,SORBS3,PRMT3,MPHOSPH6,PATJ,CDK6,STX6,GPHN,KATNB1,IKZF1,NOD1,DLC1,NDRG1,ADARB1,CDC42EP2,VAV3,TAB1,BAIAP2,EIF3M,LRRC41,ENOX2,DCTN2,MRPL28,TXNRD2,MTHFS,CDC42EP3,TXNIP,EXOC5,IGF2BP2,CAMKK2,GNB5,GIPC1,AHCYL1,IQGAP2,SDCCAG8,TUBGCP2,USP20,MALT1,ACOT2,YWHAQ,ASCC3,RBPMS,RAB31,ADAP1,WWP1,WWP2,CNTRL,HSF2BP,KAT7,PLAAT3,NUDT5,NUDT3,NISCH,AKAP13,AKAP11,AKAP10,CHN1,CHN2,PACSIN2,VPS26B,LYST,ACOT7,EXOC3,GABARAP,MGLL,NLRP3,ERMAP,CYGB,FMNL2,OSBPL1A,OSBPL5,OSBPL6,OSBPL9,OSBPL10,OSBPL11,FBXO32,RMI2,NIBAN1,ARAP1,SH2D1B,AP2M1,RFFL,CLC,ADD1,PIK3AP1,CLU,ANAPC16,FGD4,KLHDC1,MSI2,WDR81,RNF19B,TANGO2,COPA,KLF6,SCLT1,LRGUK,CREBBP,CRK,ASB6,ASB8,S100A16,UBE2F,CRY2,VTI1A,PLEKHA7,PRICKLE1,TTC7B,PIK3R6,CTNND1,HORMAD2,CTSH,FGD5,CUX1,RNF217,GRK3,PRAG1,AK8,PRUNE2,DAB1,DACH1,DAG1,DGKG,AP2A2,DARS1,DAXX,AP2B1,DDC,UBXN2A,DHX8,IDO2,DLG2,DLST,DYNC1H1,DYNC1LI2,DOCK1,DOCK2,DPYSL2,ARID3A,ECH1,EEF1A1,EEF2,ANO6,PAOX,EIF4EBP1,SPRED2,ARHGAP27,TAPT1,EPAS1,EPB41,EPB41L1,EPHB1,EPHB3,ERG,ESR1,ALAS1,EYA2,FABP4,FAH,PTK2B,FARSA,TBATA,PATL1,FBP1,ZNF438,SPATA13,PHACTR1,ALDH9A1,ALDH3A2,FGR,FHIT,FKBP1B,COPG1,RASA3,PHLDA1,AAK1,CPEB3,LMTK2,NLRP1,ATG14,TRAPPC8,ZHX2,FKBP5,DENND3,BTBD3,EPN2,ATF6,SEPHS2,SIRT2,RPIA,NT5C2,EFR3B,CEP152,WDFY3,DAAM1,STK38L,TMCC1,SAMD4A,PDZD2,TNIK,FNBP1,HECW1,SWAP70,FOXO1,ERC1,ARHGAP26,TTLL5,CDK19,TBC1D2B,RAP1GAP2,TNRC6B,TAB2,FLI1,EPB41L3,FCHO1,MPRIP,EFR3A,FLNB,LPIN1,LARP4B,ZC3H4,DTX4,ANKRD28,CAMTA1,CLEC16A,SMG6,ANKS1A,MGRN1,BICD2,SASH1,DOCK9,UBR4,USP24,LARP1,ARHGEF18,PIP5K1C,DICER1,COTL1,SIRT5,FNTB,QPRT,CABIN1,ARHGAP45,PIK3R5,PIGN,MKRN1,RABGAP1,CEMIP2,SGK3,PRKD3,ALOX5,IL27,ABL1,FYB1,FYN,LCLAT1,RNF144B,SERINC5,SNX33,GSTT4,NGEF,FBXO7,ATXN10,PARM1,ARMC8,RNF19A,ANAPC15,WWTR1,ZNF385A,C2CD2,C2CD3,SPATS2L,ACOT11,PLEKHG3,OSBPL3,SETBP1,GAPVD1,TES,PITPNC1,TIAM2,KLHL3,BLOC1S6,FBXW8,FBXO10,ARFGAP3,GBE1,GCH1,PTPN18,AGO1,DAZAP1,AMFR,CYFIP2,TPK1,SND1,TRAPPC3,AMPD2,CYTH4,PALD1,AGO2,DISC1,SESN1,CRCP,STK39,SGSM3,BIN1,MAT2B,GM2A,GMDS,GOLGA4,GPD1,GPI,ANG,CCDC88B,RASSF3,GPER1,ILDR1,GRK4,GPX4,GRB10,RAPGEF1,DCPS,ABR,NR3C1,ARHGAP35,ANKRD11,RACGAP1,GSTA1,BLNK,USP25,PARVB,OLA1,SNX8,EEF2K,GYG1,PADI1,PACSIN1,SH3KBP1,ANXA1,ANXA2,HBG2,HCLS1,HTT,HDC,HEXA,HIF1A,HIP1,UBE2K,HK1,HK2,ACACA,ANXA11,HLCS,HMBS,AOX1,HNMT,EIF4E3,APBA1,HRH1,HSF1,HSPD1,IARS1,IRF8,IDH2,IFI16,IKBKB,IL16,IL18,IMPA2,IDO1,INPP4A,INPP5B,INPP5D,IRAK2,IRF2,IRF5,ITPK1,ITPKB,JAK1,KARS1,TBC1D10C,ARF1,KIF5B,KPNA1,TNPO1,KRT8,KRT16,GLTPD2,SULT6B1,LCP1,LCP2,LGALS8,LIMK1,LIPA,LMNA,LMO7,RBIS,LPP,LSAMP,LTA4H,LYN,ARRB1,SMAD1,SMAD3,SMAD6,MAN1A1,MBP,BORCS8-MEF2B,MEF2C,MEFV,MAP3K1,CIITA,MKLN1,MLLT1,MLLT3,MNDA,IQSEC3,MAP1LC3C,MTHFD1,MX1,MYBPC1,MYH10,MYO1C,MYO9A,MYO9B,MYO10,PPP1R12B,MYT1,NUBP1,NCF2,NCK1,DRG1,NEDD9,ATOX1,NF1,NFATC2,NFATC3,NFE2L2,ACO1,NGF,NNMT,NOTCH1,NOTCH4,NPAS2,OPA1,RRM2B,MINK1,ITSN2,ARHGEF3,PRKN,DCAF8,PARN,ASAP1,PCBP2,PCCA,UBXN1,PCK2,DERA,APIP,CRYL1,TUBD1,GLTP,MARCHF2,PIPOX,GMPR2,PCYT1A,FZR1,UBR5,PDE1C,PDE4B,PRKAG2,SNX9,ANAPC7,PDE4D,EVL,LIMA1,ANKFY1,RTCB,PDE8A,NCKIPSD,LARS1,CXXC5,ANAPC11,NT5DC3,HDAC7,ATP6V1H,CHMP3,CDK5RAP1,ASB2,SUFU,PDPK1,NLK,CAB39,RAPGEF6,WWOX,ARID4B,MAP3K20,ATP8B1,PFKFB3,CDK14,PGAM2,PGM1,PGM5,PHKB,PHKG2,ATP6V1C1,PIK3C2B,PIK3CB,PIK3CD,PIK3R1,PI4KB,PIP4K2A,PITPNA,PLA2G4A,PLAG1,PLCB4,BCL11A,BTBD1,SHC3,PLCG2,ACP5,NANS,ERRFI1,POLR2F,RIN2,POR,TOLLIP,RNF216,PLEKHA5,PRMT7,APBB1IP,MTMR12,LZTFL1,INO80,PPARG,HAUS6,AHI1,MTMR10,PXK,MKS1,TASOR2,FOCAD,DUS2,UCKL1,TESC,STX17,ZWILCH,WIPI1,ARHGEF10L,SHQ1,RIC8B,PLEKHG6,P3H2,VPS53,PPP6R3,PPP3CA,GIMAP4,CPPED1,SHFL,PI4K2A,CDCA7L,RBM38,NAGK,CARMIL1,FERMT1,ASAP3,AMBRA1,PRKAB1,PRKACA,NPLOC4,PACS1,VAC14,POLR3E,PRKAR1A,COA1,CDK5RAP2,INTS9,TTC17,PRKCA,PRKCB,PRKCD,TRERF1,PRKCE,PECR,PRKCH,ARHGAP15,WSB2,PRKCZ,ACSS2,RCC2,DMAP1,MAPK1,MAPK8,MAPK13,PDGFC,MAP2K1,MAP2K6,CTNNBL1,HTRA1,MUC13,ZC3HAV1,KCMF1,MDM1,SPIRE1,MAP3K7CL,DUSP22,PSMB7,CTNNBIP1,PSMC1,PSMD3,PARP11,BACH1,PLAAT1,PAK5,SMURF1,PELI2,PELI1,ZMIZ1,SNX14,PTEN,MIF4GD,NDRG2,BIRC6,PTK2,CNOT6,ARID1B,ARHGAP31,RPTOR,SORCS2,TAOK1,KIF17,PREX1,WDFY1,MRTFA,FNIP2,USP36,PTPN1,DENND1A,MEAK7,SFMBT2,TRIB3,PTPN7,PTPN11,PTPRS,PTS,PXN,NLRC4,ARHGAP22,EPS15L1,RRAGD,MPP4,BCAT1,RAB27A,RAC1,RAD23B,RAF1,RALGDS,RAP1GDS1,RARA,RASA2,RASGRF1,SCPEP1,RBMS1,BCL2,BCL2A1,UPF1,BCL2L1,RGS3,RGS12,RHEB,PPCDC,SCOC,BCR,RPN1,RPS6,RPS6KA1,RPS6KA2,RPS18,CLIP1,RSU1,RXRA,S100A1,SORT1,S100A6,S100A8,S100A13,SAG,CELA2A,ATXN1,ATXN7,SCNN1A,RNF123,UBE2O,SH2D4A,ELMO2,SEC14L1,TRAPPC2,BLK,FN3K,NECAB1,ARHGEF28,MAP1LC3B2,BLVRA,SUDS3,SGK1,SGTA,ITSN1,SH3GL1,SMURF2,SMYD3,TNS3,CRTC3,MARCHF7,TUT1,NIBAN2,STIL,SLA,SLC2A1,NADK,SLC22A5,AACS,TRAK2,SOD1,DST,SPAG1,SPAST,SPTAN1,SPTBN1,SPTBN2,SRC,AKR1D1,SREBF2,BRAF,SRP68,SRPK2,STAC,STK3,STK4,STX5,SYK,TACC1,TAF6,TBXAS1,MLX,TGFB1I1,TGFBR2,TSPO,THRA,TKT,TRAPPC10,TMOD1,TOP2B,TPM3,TPM4,TRAF3,TRIO,TSG101,DNAJC7,TTC3,CCR2,TXNRD1,TYK2,UBE2D3,UBE2E1,UGP2,UCK2,USP4,UPP1,VAV2,VCL,VDR,EZR,MYRF,WARS1,WIPF1,XPC,XRCC4,XRCC5,YES1,YWHAG,YWHAZ,ZBTB16,TRIM26,ZMYM2,ZYX,CSDE1,EVI5,ALMS1,CACNB4,USP7,KCNAB1,CUEDC2,AHNAK,NABP2,ASPSCR1,FTO,CARD14,BCL2L14,ARMH3,NAA16,ARHGAP10,NLRX1,NARS2,TTLL7,MYH14,CAMKMT,PEAK1,RPAP2,UBA5,PLBD1,RIN3,TNIP3,KAT6A,DENND2D,CALD1,DOCK5,BAIAP2L2,SLC66A2,CHD9,RAB11FIP1,RUFY1,CEP63,STAM,CUBN,CMIP,FXR1,CALR,SLC7A5,AKAP1,CAMK2D,DOCK8,CAMK2G,SBF2,NRIP1,PUDP,USP9X,CAPN2,CAPN3,AXIN1,CAPZB,CARS1,PITPNM3,CASP1,COG3,SESN2,TRAPPC9,RIOK1,MAD1L1,TBC1D10A,STK40,PIP5K1B,PLA2G6,CASP7,DTNBP1,FHIP1B,EEA1,STK24,RNF135,HPS3,NSMAF,NCK2,CARD11,SLX4,SPIRE2,TNRC18,RIOX2,AGBL4,AIFM2,ZNRF1,PPFIBP2,PPFIA1,REPS1,KCNAB2,DGKD,YBX3,COPS3,STON2,CDC14A,PDXK,MKNK1,STK16,RUNX2,CDK13,TNKS,EIF3J,EIF4G3,PEA15,ACTN1,URI1,CRADD,NAPA,TNFRSF11A,IQGAP1,NRP1,KYAT1,SYNGAP1,GMPS,KSR1,KAT2B,ASAP2,PER2,SYNJ1,ARHGEF7,TRIM4,HERC1,CCND2,BTRC,HPS4,MVB12B,SEC16B,PLCZ1,LIMD1,UBE3D,PHLDB2,SYS1,MAP3K14,OTULIN,PKD2L1,PSTPIP2,PSTPIP1,STARD13,COX19,LRSAM1,ZNF598,PKMYT1,ACVR1B,DPP9,MTMR7,UBXN11,DGKI,ATPAF2,CABLES1,MYLK3,RCSD1,UBE2L6,SPECC1,PDLIM7,MAPKAPK2,CYTH3,CYTH1,TRIP4,CD163,KIF3B,OTOF,RECQL5,PAXBP1,TP53INP1,MED27,AIM2,GTPBP1,GTF2IRD1,BABAM2,PREPL,AKAP12,CYTIP,CD44,RNF7,SNCAIP,ARHGEF10,SH3PXD2A,PPM1F,TTLL4,N4BP1,NUP93,RAPGEF2,FAM131B,NOS1AP,DOCK4,HDAC4,CD151,ATG13,TBC1D5,CDA,CTIF,DNAJC6,ZEB2,TESPA1,ELMO1,GAB2,RUSC2,FARP2,LRBA,AREL1,TBC1D4,KLHL21,NCAPD2,RNF10,XYLB,GFPT2,WDR1,DOP1B","Sputum_Paucigranulocytic"
"BP","import into cell",928,226,7.42228829864504e-08,6.48707997301577e-05,"WASF2,AP3S2,RAMP2,CACNG3,VAV3,MERTK,CAP1,CEBPE,LILRB1,USP20,EHD1,LILRB4,RAB31,PACSIN2,SNX18,SCN11A,LYST,SLC46A1,BTBD9,MARCHF3,AP2M1,CLU,SLC36A4,SLC15A4,SLC24A4,SLC43A2,ADORA1,LDLRAD3,GSG1L,ENTHD1,GRK3,AP2A2,AP2B1,DNM1,DOCK1,DOCK2,DPYSL2,EFNB2,EGF,ANO6,ARHGAP27,SLC39A11,SLC29A1,CLN8,FCER1G,FCER2,FGR,AAK1,INPP5F,EPN2,CD93,FNBP1,TBC1D2B,FCHO1,RHOBTB2,SYNE1,PIP5K1C,FPR2,SH3BP4,ABL1,FYN,SNX33,GAPVD1,BIN1,SLC39A5,ANGPT1,SLC9A9,ILDR1,GRK4,SNX10,EEF2K,PACSIN1,SH3KBP1,ANXA1,ANXA2,ANXA3,HFE,CD209,HIP1,ANXA11,HSPG2,IRF8,TICAM2,IL4,INSR,ITGA4,ITGAL,ITGAM,ITGB2,ITGB3,ATP9B,ARF1,MIA3,KCNH2,KCNJ15,KCNQ1,LIMK1,LIPA,LRP1,LYN,ARRB1,MET,MKLN1,ASGR1,ASGR2,MYO1E,NCF2,ATP1A4,NPC1,ATP2B4,P2RX1,P2RX7,P2RY6,ITSN2,PRKN,MARCHF2,TRPV2,SNX9,ANKFY1,NCKIPSD,ATP6V1H,ENPP2,ACSL5,PIK3CB,PI4KB,PLCG2,TPCN1,TREM2,RIN2,AHI1,SLC47A1,PPP3CA,CARMIL1,SLC39A4,LYAR,RAB20,VAC14,NECAP2,LMBR1L,AXL,PRKCD,PRKCE,BIN3,MAPK1,LRRC8A,CAMK1D,PTK2,PTPN1,DENND1A,PTPRJ,CXCL16,EPS15L1,RAB27A,RAC1,RARA,BCL2L1,HCN2,BCR,SORT1,SAG,SCN1A,SCN8A,SCNN1A,CEACAM1,CCL21,ELMO2,RAB17,ITSN1,SH3GL1,CLEC7A,SLC1A2,SLC1A3,SLC2A1,SLC2A5,SLC5A1,SLC6A12,SLC7A1,SLC8A1,SLC11A1,SLC18A2,SOD1,SORL1,SRC,SYK,TFR2,TNF,TSG101,CCR2,VAV2,EZR,YES1,CACNA1C,MCTP1,RIN3,RUFY1,CUBN,CALR,SLC7A5,SLC38A1,PLA2G6,DTNBP1,EEA1,LRRC8C,SLC12A8,REPS1,DGKD,STON2,MARCO,CREG1,PER2,SYNJ1,CCDC32,PSTPIP1,LRSAM1,SLC24A1,PDLIM7,MAPKAPK2,DNER,CD9,CD163,CD36,CD81,CD151,TM9SF4,TBC1D5,DNAJC6,ELMO1,FCHSD2,RABGAP1L","Sputum_Paucigranulocytic"
"CC","vesicle",4084,713,8.33397495175947e-08,7.01412025199194e-05,"ADA,DDTL,C8orf44-SGK3,ABCC5,ADAM8,WASF2,LHFPL2,ADAM10,PATJ,CTDSPL,STX6,AP3S2,ABCC4,ZMPSTE24,CACNG3,NOD1,NDRG1,ST3GAL6,CPQ,CDC42EP2,TAB1,GPNMB,BAIAP2,CAP1,SEMA3C,DCTN2,TGOLN2,CTSC,GIPC1,TRAF3IP2,AHCYL1,IQGAP2,MTMR11,EHD1,CKAP4,YWHAQ,LILRB4,RAB31,WWP1,WWP2,CHI3L1,NUDT5,NISCH,PACSIN2,SNX18,CHP1,SCN11A,VPS26B,MGAT4A,SLC46A1,ACOT7,EXOC3,GABARAP,TRIM9,OSBPL1A,OSBPL6,OSBPL9,OSBPL11,C1QTNF3,MARCHF3,WDFY2,NIBAN1,AP2M1,RFFL,BORCS5,CLCN6,CLU,TMEM45B,TMEM52B,SLC15A4,SPPL3,SLC24A4,WDR81,OSCAR,CNP,FAM168B,COL15A1,COPA,CPE,LRGUK,CPM,CRK,S100A16,MTCL2,CS,VTI1A,PLEKHA7,TOM1L2,TMEM190,DCST1,CNIH3,CTNND1,ENTHD1,NFAM1,CTSB,CTSH,PPM1L,GLIPR2,CTSZ,FGD5,CXADR,RASGEF1B,VPS13B,DAG1,AP2A2,DARS1,AP2B1,CNST,LRRN4,DDC,CLEC4C,DNM1,DYNC1H1,DYNC1LI2,DOCK2,DPYSL2,DSC1,ECH1,EEF1A1,EEF2,EGF,ANO6,SERPINB1,SPRED2,EPHB1,F13A1,FABP4,ALDH2,FAH,FAT2,SLC37A2,FBP1,FCER1G,FCER2,MARCHF8,ADGRG3,ALDH9A1,FGR,COPG1,PHLDA1,AAK1,LMTK2,ATG14,INPP5F,FKBP5,DENND3,EPN2,CD93,SV2C,TNIK,KIF21B,FNBP1,GGA2,KIF1B,TBC1D2B,TAB2,ATP10B,FLNB,SEPTIN8,RFTN1,FAF2,FLT1,RHOBTB2,ATP11A,CLEC16A,MGRN1,BICD2,DMXL2,CUX2,VPS39,UBR4,VPS8,ARHGEF18,ZDHHC17,PIP5K1C,DICER1,COTL1,TMED3,GPR161,QPRT,LEPROTL1,ZFYVE26,ARHGAP45,ATP6V0A2,FPR2,HEBP2,DAPK2,BACE1,PLD3,PLA2G15,CEMIP2,SH3BP4,SGK3,ALK,ALOX5,ALPL,FYN,GAA,GABBR1,TXNDC8,SERINC5,SNX33,PARM1,ARMC8,MYRIP,SEC31B,ACOT11,CNTNAP2,GAPVD1,TIAM2,BLOC1S6,GBE1,GCH1,MYOF,RPS6KC1,B4GALT1,CYFIP2,SND1,LAMP3,TRAPPC3,CPNE7,AGO2,SIGLEC9,DISC1,GLB1,CRCP,GLG1,TOR1B,BIN1,MAT2B,GM2A,GMDS,GNAQ,GNG7,GNS,GOLGA4,GOT2,GPD1,GPI,ANG,SLC39A5,MYO1H,ANGPT1,VMO1,METRNL,TMEM150B,SLC9A9,GPER1,GPX4,RAPGEF1,SNX24,RACGAP1,GSTA1,OLA1,SNX8,SNX10,GUSB,GYG1,DSE,SLC2A8,PACSIN1,SH3KBP1,ANXA1,ANXA2,HCLS1,ANXA3,HTT,ANXA4,HEXA,HEXB,HFE,ANXA6,HIP1,HLA-A,HLA-DMB,ANXA11,HLA-DQA2,HLA-DRA,AOAH,MR1,AOX1,HNMT,APBA1,APBB2,HSPD1,HSPG2,APLP2,IARS1,FFAR4,IDH2,SYCN,RD3,DYNLT4,IFNGR2,EYS,TICAM2,AQP1,INPP4A,INPP5B,AQP7,INSR,IRAK2,ITGA4,ITGA5,ITGAL,ITGAM,ITGB2,ITGB3,ITPR1,ITPR2,JAK1,CD82,TBC1D10C,ATP9B,B3GNT8,ARF1,KCNQ1,KIF5B,TNPO1,KRT8,KRT16,SCIMP,LCP1,LGALS8,RAB19,LOXL1,LRP1,LSP1,LTA4H,LTBP2,LTF,LYN,MIR143,ARRB1,ARSB,STS,MAN1A1,MAP6,ART3,MEFV,MLLT3,ASTL,MNDA,ABCC1,MAP1LC3C,MTHFD1,MYH10,MYO1C,MYO1E,NCF2,NCK1,ACO1,NGF,NID1,NOTCH1,NPC1,ATP2B2,OPRM1,P2RX1,P2RX4,MINK1,ATP6V0A4,ITSN2,PRKN,PCBP2,DERA,CRYL1,ABHD17B,PCNA,MARCHF2,TRPV2,PDE4B,SNX9,ANKFY1,PDE8A,CYRIB,ATP6V1H,CHMP3,ENPP3,PDPK1,CAB39,RAPGEF6,SYT17,RAB8B,GALNT7,ADA2,PGAM2,PGM1,SLC25A3,SERPINA1,ATP6V1C1,PIK3C2B,PI4KB,ACP2,PITPNA,PLCG2,PLD1,TPCN1,CLIC5,FXYD3,FGFRL1,UBL3,NANS,GNG2,RIN2,TOLLIP,NDFIP2,PPBP,PXK,CHCHD3,TMEM132A,STX17,TTC38,WIPI1,TMEM33,VPS13D,UQCC1,TRAPPC14,VPS53,CPPED1,GIMAP5,PI4K2A,PRG2,NAGK,CARMIL1,AMBRA1,SLC39A4,RAB20,PRKACA,PACS1,VAC14,NECAP2,PRKAR1A,CDK5RAP2,PRKCA,PRKCB,AXL,PRKCD,PRKCH,PRKCZ,RCC2,MAPK1,GNG12,PDGFC,MAP2K1,LGMN,HTRA1,SUCNR1,RETN,UGGT1,KCMF1,SPIRE1,SPPL2B,OLFML3,MFF,PSMB7,FAM20C,SLC12A9,PSMD3,MAN1C1,SMURF1,ANKRD50,SNX14,NDRG2,BIRC6,SORCS2,TAOK1,WDFY1,DIP2B,QSOX1,CPNE5,PTPN1,WDFY4,DENND1A,PTPRJ,PTPRN2,PTPRO,PTPRS,NECTIN2,RAB27A,RAC1,PGAP6,RAP1GDS1,SCPEP1,LGR6,RBP4,BCL2L1,RHEB,SCOC,BCR,RPN1,RPS18,RREB1,CLIP1,RSU1,SORT1,S100A6,S100A8,S100A10,S100A11,SCN8A,SCNN1A,CEACAM1,KIF13A,SECTM1,TRAPPC2,SELL,TINAGL1,KIF9,TOR3A,RAB17,MAP1LC3B2,MMP25,BLVRA,SCG5,ITSN1,SH3GL1,ST3GAL1,NIBAN2,SLA,SLC1A2,SLC1A3,VPS33A,SLC2A1,SLC2A5,SLC5A1,SLC11A1,SLC18A2,SLC22A5,SLPI,TRAK2,SNTB2,SOD1,SORL1,DST,SPARC,SPAST,SPTAN1,SPTBN1,SRC,SREBF2,DENND2B,STX3,STX5,BSG,SYK,SYN2,MIR619,TFR2,TGFA,TGFB3,TSPO,TIMP2,TIMP3,TKT,SERPING1,TRAPPC10,TNF,TPM3,TPM4,TRAF3,TSG101,DNAJC7,C5,C5AR1,TXNRD1,TYK2,C8A,C8B,UBE2D3,UGP2,UTRN,UVRAG,VCL,VDAC2,EZR,VWF,WARS1,WIPF1,WFS1,WNT3,XRCC5,YES1,LDLRAD4,YWHAG,YWHAZ,PTTG1IP,ZYX,LUZP1,AHNAK,ASPSCR1,FYCO1,NAA16,SH3TC2,DYNC2H1,PRKRIP1,MCTP1,MYH14,THSD4,LPCAT1,RIN3,ATP8B4,MAP6D1,KIAA0319L,SYNDIG1,BAIAP2L2,UXS1,SLC66A2,ARMC9,RAB11FIP1,RUFY1,STAM,CUBN,COASY,TTYH3,COL18A1,ACTN4,CALR,SLC7A5,DCSTAMP,SLC38A1,VOPP1,ITM2C,TSPAN14,CAMK2D,CAMK2G,SBF2,CAMP,CAPG,SYN3,CAPN2,EPX,AXIN1,CAPZB,APH1B,TRAPPC9,FERMT3,TBC1D10A,SPATA16,CTTNBP2,DTNBP1,EEA1,ANTXR1,STK24,CCDC115,HPS3,NCK2,CYSTM1,CARD11,RAB11FIP4,SPIRE2,CRACR2A,HAVCR2,ZNRF1,KCNAB2,STON2,DEGS1,PDXK,STK16,CDK13,HSD17B6,AOC3,MARCO,DGAT1,ACTN1,TNFSF10,ADAM15,NAPA,CREG1,IQGAP1,NRP1,PROZ,SYNJ1,HPS4,MVB12B,SEC16B,ATP6V0E1,PGLYRP1,PKD2L1,MCFD2,CFAP119,DGKI,ARRDC4,RCSD1,MAPKAPK2,DNER,CD9,CD163,CPNE6,NHERF1,KIF3B,OTOF,TGFBRAP1,SYTL3,CD86,TP53INP1,CD36,SLC4A8,RPH3AL,ENTPD1,SEC22B,CREB5,CYTIP,CD44,ABCG1,SNCAIP,CD53,CD59,SAFB2,CD68,RAPGEF2,PHACTR2,CD81,ADGRE5,TM9SF4,TBC1D5,CDA,DNAJC6,RUSC2,KIAA0319,FCHSD2,TBC1D4,FIG4,RABGAP1L,IQSEC1,WDR1,THRAP3,DOP1B,CDH1","Sputum_Paucigranulocytic"
"BP","immune response-activating signaling pathway",447,110,1.27430114370054e-07,0.000103418639962325,"ADA,BTN3A3,BTN2A2,NOD1,VAV3,MALT1,LILRB4,PHB2,NLRP3,ERMAP,PIK3AP1,SLC15A4,SPPL3,CMKLR1,CREBBP,NFAM1,ESR1,FCER1G,FGR,NLRP1,SIRT2,FCHO1,GRAMD4,RFTN1,PLCL2,FPR2,FPR3,ABL1,FYB1,FYN,GATA3,FOXP1,TNFRSF21,BLNK,HLA-A,HSPD1,TICAM2,IKBKB,INPP5D,IRAK2,SCIMP,LCP2,LIMK1,LIPA,LRCH4,LTF,LYN,MEF2C,MEFV,MNDA,NFATC2,NINJ1,PDE4B,PDE4D,PDPK1,PIK3CD,PIK3R1,PLCG2,TREM2,LGR4,NAGK,NPLOC4,INAVA,PRKCB,PRKCD,PRKCE,PRKCH,MAPK1,MAPK8,MAP2K6,DUSP22,PELI1,PTK2,WDFY1,PTPRJ,PTPRS,NECTIN2,NLRC4,BCL2,CEACAM1,SEC14L1,BLK,CLEC7A,SRC,BRAF,SYK,TNF,TRAF3,C5AR1,VAV2,EZR,YES1,CACNB4,NLRX1,TNIP3,CLPB,CASP1,PLA2G6,RNF135,CARD11,HAVCR2,ZNRF1,TRIM15,OTULIN,RSAD2,MFHAS1,MAPKAPK2,AIM2,CD36,NR1D1,CD81,TESPA1","Sputum_Paucigranulocytic"
"BP","immune response-regulating signaling pathway",474,114,1.39401293517304e-07,0.000109232930823697,"ADA,BTN3A3,BTN2A2,NOD1,VAV3,LILRB1,MALT1,LILRB4,PHB2,NLRP3,ERMAP,PIK3AP1,SLC15A4,SPPL3,CMKLR1,CREBBP,NFAM1,CTSH,ESR1,FCER1G,FCER2,FGR,NLRP1,SIRT2,FCHO1,GRAMD4,RFTN1,PLCL2,FPR2,FPR3,ABL1,FYB1,FYN,GATA3,FOXP1,TNFRSF21,BLNK,HLA-A,HSPD1,TICAM2,IKBKB,INPP5D,IRAK2,SCIMP,LCP2,LIMK1,LIPA,LRCH4,LTF,LYN,MEF2C,MEFV,MAP3K1,MNDA,NFATC2,NINJ1,PDE4B,PDE4D,PDPK1,PIK3CD,PIK3R1,PLCG2,TREM2,LGR4,NAGK,NPLOC4,INAVA,PRKCB,PRKCD,PRKCE,PRKCH,MAPK1,MAPK8,MAP2K6,DUSP22,PELI1,PTK2,WDFY1,PTPRJ,PTPRS,NECTIN2,NLRC4,BCL2,CEACAM1,SEC14L1,BLK,CLEC7A,SRC,BRAF,SYK,TNF,TRAF3,C5AR1,VAV2,EZR,YES1,CACNB4,NLRX1,TNIP3,CLPB,CASP1,PLA2G6,RNF135,CARD11,HAVCR2,ZNRF1,TRIM15,OTULIN,RSAD2,MFHAS1,MAPKAPK2,AIM2,CD36,NR1D1,CD81,TESPA1","Sputum_Paucigranulocytic"
"BP","cytokine production involved in immune response",121,40,1.8438699375093e-07,0.000139667001533204,"NOD1,LILRB1,MALT1,LILRB4,NLRP3,CLNK,CLC,PANX1,GATA3,ANGPT1,HFE,HK1,HLA-A,TICAM2,IL4,IL18,IRF5,SCIMP,P2RX7,PLCG2,ACP5,TREM1,PRG2,INAVA,AXL,PRKCZ,BCL6,CLEC7A,SYK,TGFB3,TNF,CCR2,CUEDC2,NLRX1,SLC7A5,EPX,SLAMF9,RSAD2,MAPKAPK2,CD36,CD81","Sputum_Paucigranulocytic"
"BP","myeloid leukocyte activation",239,63,2.2880860263905e-07,0.000167724086657089,"RASGRP1,ADAM10,NDRG1,CTSC,TRAF3IP2,LILRB4,SCN11A,BATF2,CLNK,CLU,ADORA2B,TMEM229B,DOCK2,FCER1G,FCER2,FGR,SBNO2,CD93,GATA1,FOXP1,STK39,ANXA1,ANXA3,HSPD1,IFNGR2,IL4,IL18,ITGAM,ITGB2,KARS1,LCP2,RHOH,LTBR,LYN,NOTCH2,ENPP3,PDPK1,PIK3CD,PLA2G4A,PLCG2,TREM2,PRKCD,PRKCE,SUCNR1,PREX1,NECTIN2,RORA,BCR,S100A13,CRTC3,SLC11A1,SLC18A2,SYK,TGFBR2,C1QA,TNF,C5AR1,CCR2,DCSTAMP,CAMP,HAVCR2,CD2,MFHAS1,NR1D1,GAB2","Sputum_Paucigranulocytic"
"BP","leukocyte mediated immunity",389,85,3.32265860180578e-07,0.000235950293960733,"MICA,RASGRP1,BTN3A3,CTSC,TRAF3IP2,LILRB1,MALT1,LILRB4,SCN11A,LYST,NLRP3,CLNK,SH2D1B,CLC,CLU,SLC15A4,CCR6,RNF19B,ADORA2B,CRK,PIK3R6,CTSH,GAPT,FCER1G,FCER2,FGR,ZBTB1,SWAP70,RFTN1,GATA1,GATA3,ANXA3,HFE,HLA-A,HLA-DRA,MR1,HSPD1,TICAM2,IL4,IL18,INPP5D,ITGAM,ITGB2,KIF5B,SCIMP,LYN,P2RX7,IL23A,CYRIB,PDPK1,PIK3CD,PLCG2,TREM2,TREM1,SUSD4,PRKCD,PRKCZ,CRTAM,DUSP22,HMCES,NECTIN2,RAB27A,BCL6,BCR,S100A13,CEACAM1,CLEC7A,SLC18A2,SYK,SERPING1,C1QA,TNF,C1QB,C1QC,C1S,C5,CCR2,C8A,C8B,HAVCR2,SLAMF9,CD2,RSAD2,CD80,CD81,GAB2,WDR1","Sputum_Paucigranulocytic"
"BP","leukocyte differentiation",618,143,3.71983901268037e-07,0.000256150368861056,"ADA,ADAM8,TSPAN2,RASGRP1,CDK6,IKZF1,BTN2A2,PIAS3,MERTK,CEBPE,TRAF3IP2,LILRB1,MALT1,LILRB4,KAT7,CMTM7,NLRP3,BATF2,CCR6,OSCAR,KLF6,CREB1,PIK3R6,NFAM1,ZFPM1,TMEM64,DOCK2,GPR183,EZH2,PTK2B,FBN1,FCER1G,ADGRG3,ZBTB1,SBNO2,PLCL2,IL27,ABL1,FBXO7,DHRS7B,GATA1,GATA3,FOXP1,SIGLEC15,NR3C1,BLNK,SNX10,ANXA1,ANXA2,HCLS1,HLA-DRA,MR1,HSF1,IRF8,IFI16,IL4,IL6R,TNFRSF9,IL18,INHBA,INPP5D,ITGA4,ITPKB,JAK1,LBR,LIPA,RHOH,LTBR,LTF,LYN,MITF,NEDD9,NF1,NOTCH2,ZBTB7A,IL23A,PIK3CD,PIK3R1,PLCG2,TREM2,PPARG,TESC,PPP3CA,AMBRA1,CHD7,LMBR1L,PRKCA,AXL,PRKCZ,CRTAM,LRRC8A,FAM20C,CTNNBIP1,ZMIZ1,ARID1B,RPTOR,PREX1,PTPRJ,RARA,BCL2,BCL6,RORA,RPS6,CEACAM1,PRDM1,VSIR,SEMA4A,ST3GAL1,SMARCA2,SMARCD2,SOD1,SRC,BRAF,SYK,TGFBR2,TNF,C1QC,TOP2B,TPD52,CCR2,ZBTB16,GPR68,DCSTAMP,CLPB,ARID1A,CARD11,UBASH3B,RUNX2,RUNX1,CBFA2T3,CBFB,TNFRSF11A,PGLYRP1,CD2,RSAD2,GPR55,CD80,CD86,SH3PXD2A,HDAC9,CD81,HDAC4,TOX,TESPA1,GAB2,FARP2","Sputum_Paucigranulocytic"
"BP","hemopoiesis",943,204,4.00308235772838e-07,0.00026754718675594,"ADA,ADAM8,TSPAN2,TRIM10,RASGRP1,WASF2,CDK6,ADAR,IKZF1,BTN2A2,PIAS3,ARIH2,MERTK,CEBPE,KLF1,TRAF3IP2,FAXDC2,LILRB1,MALT1,LILRB4,KAT7,CMTM7,NLRP3,BATF2,CCR6,OSCAR,KLF6,CREB1,PIK3R6,TMEM190,NFAM1,ZFPM1,TMEM64,DOCK2,GPR183,EEF2,EPAS1,ALAS1,ETS1,EXT1,EZH2,PTK2B,FBN1,FCER1G,MTURN,ADGRG3,ZBTB1,SBNO2,SIPA1L3,FLI1,RCOR1,PLCL2,KAT6B,SSBP3,BRD1,IL27,ABL1,FBXO7,SIN3A,ZNF385A,DHRS7B,L3MBTL1,GATA1,GATA3,FOXP1,ANGPT1,SIGLEC15,HIPK2,NR3C1,RACGAP1,BLNK,TMOD3,SNX10,GPR171,ANXA1,ANXA2,HCLS1,HIF1A,HLA-DRA,MR1,HSF1,IRF8,ATXN1L,IFI16,IL4,IL6R,TNFRSF9,IL18,INHBA,INPP5D,ITGA4,ITPKB,JAK1,KCNQ1,LBR,LIPA,RHOH,LTBR,LTF,LYN,MEF2C,MITF,MLLT3,RHEX,MYO1E,NEDD9,NF1,NFE2L2,NOTCH1,NOTCH2,NOTCH4,KLF3,ZBTB7A,IL23A,PIK3CD,PIK3R1,PIP4K2A,PLCG2,TREM2,RBM47,PPARG,WBP1L,TESC,PPP3CA,AGPAT5,AMBRA1,CHD7,LYAR,LMBR1L,PRKCA,AXL,PRKCZ,CRTAM,LRRC8A,FAM20C,CTNNBIP1,ZMIZ1,TTC7A,ARID1B,RPTOR,PREX1,PTPN11,PTPRJ,RARA,ARID4A,BCL2,BCL6,RORA,BCR,RPS6,CEACAM1,PRDM1,VSIR,SEMA4A,MEAF6,ST3GAL1,VPS33A,SMARCA2,SMARCD2,SOD1,SRC,BRAF,STK3,STK4,SYK,TGFBR2,THRA,TNF,C1QC,TOP2B,TPD52,CCR2,XRCC5,ZBTB16,UBA5,KAT6A,GPR68,DCSTAMP,CLPB,ARID1A,CARD11,UBASH3B,RUNX2,RUNX1,CDK13,CBFA2T3,CBFB,ACTN1,TNFRSF11A,SGPL1,PGLYRP1,ASH2L,ACVR1B,CD2,RSAD2,MFHAS1,GPR55,CD80,CD86,SH3PXD2A,HDAC9,SETD1A,CD81,HDAC4,TOX,TESPA1,GAB2,FARP2,WDR1","Sputum_Paucigranulocytic"
"BP","leukocyte migration",392,92,5.31385790819786e-07,0.000345006020302537,"ADA,ADAM8,ADAM10,VAV3,LYST,CCR6,CMKLR1,ADORA1,CRK,CXADR,CYP19A1,GPR183,ANO6,EXT1,PTK2B,FCER1G,SWAP70,LRCH1,FLT1,PIP5K1C,FPR2,DAPK2,ALOX5,ABL1,FYN,GATA3,B4GALT1,STK39,ANXA1,IL4,IL6R,IL16,ITGA6,ITGA4,ITGA9,ITGAL,ITGB2,ITGB3,MIA3,LYN,NEDD9,NF1,NINJ1,P2RX4,PDE4B,IL23A,ASB2,PIK3CD,PIK3R1,TREM2,TREM1,PPBP,MAPK1,CRTAM,LGMN,CAMK1D,PTK2,PREX1,PTPRO,CXCL16,RAC1,BCR,S100A8,CCL13,CCL18,CCL20,CCL21,CCL22,CCL25,SELL,SRC,BSG,SYK,MSMP,TNF,C5,C5AR1,CCR2,YES1,RIN3,SLC8B1,CALR,DOCK8,EPX,CD99L2,TRIM55,ADTRP,TNFRSF11A,MCU,CD9,CD81,RIPOR2,WDR1","Sputum_Paucigranulocytic"
"BP","cell activation involved in immune response",303,74,5.73785093795403e-07,0.000362185901983521,"ADA,RASGRP1,LILRB1,MALT1,SCN11A,NLRP3,CLNK,SH2D1B,SLC15A4,CCR6,ADORA2B,ZFPM1,DOCK2,GPR183,GAPT,PTK2B,FCER1G,FGR,SBNO2,SWAP70,PLCL2,IL27,ABL1,GATA1,GATA3,FOXP1,ANXA1,ANXA3,HLA-DMB,HLA-DRA,HSPD1,IRF8,IL4,IL6R,IL18,ITGAL,ITGAM,ITGB2,JAK1,KARS1,LCP1,LRP1,LYN,NOTCH2,IL23A,ENPP3,PDPK1,PIK3CD,PLCG2,TREM2,APBB1IP,PRKCE,PRKCZ,SUCNR1,HMCES,RAB27A,RARA,BCL6,RORA,BCR,RPS6,S100A13,CEACAM1,SEMA4A,ST3GAL1,SLC11A1,SLC18A2,SYK,TNF,CCR2,HAVCR2,PGLYRP1,CD80,CD86,CD81,GAB2","Sputum_Paucigranulocytic"
"BP","myeloid leukocyte migration",240,60,6.58835457684749e-07,0.000404631809200763,"ADAM8,VAV3,CMKLR1,CXADR,CYP19A1,ANO6,PTK2B,FCER1G,SWAP70,FLT1,PIP5K1C,FPR2,DAPK2,B4GALT1,ANXA1,IL4,IL6R,ITGA9,ITGB2,LYN,NF1,P2RX4,PDE4B,IL23A,PIK3CD,PIK3R1,TREM2,TREM1,PPBP,MAPK1,LGMN,CAMK1D,PTK2,PREX1,PTPRO,RAC1,BCR,S100A8,CCL13,CCL18,CCL20,CCL21,CCL22,CCL25,BSG,SYK,MSMP,C5,C5AR1,CCR2,RIN3,EPX,CD99L2,TRIM55,TNFRSF11A,MCU,CD9,CD81,RIPOR2,WDR1","Sputum_Paucigranulocytic"
"BP","leukocyte chemotaxis",238,59,6.82593057949423e-07,0.000408190648653755,"ADAM8,ADAM10,VAV3,LYST,CCR6,CMKLR1,CXADR,CYP19A1,GPR183,ANO6,PTK2B,FCER1G,SWAP70,FLT1,PIP5K1C,FPR2,DAPK2,ALOX5,STK39,ANXA1,IL4,IL6R,IL16,ITGA9,ITGB2,LYN,NEDD9,NINJ1,PDE4B,IL23A,PIK3CD,TREM1,PPBP,MAPK1,LGMN,CAMK1D,PTK2,PREX1,PTPRO,CXCL16,RAC1,S100A8,CCL13,CCL18,CCL20,CCL21,CCL22,CCL25,BSG,SYK,MSMP,C5,C5AR1,CCR2,RIN3,SLC8B1,CALR,TNFRSF11A,MCU,RIPOR2","Sputum_Paucigranulocytic"
"BP","leukocyte activation involved in immune response",299,73,7.21303992569646e-07,0.000420279793003913,"ADA,RASGRP1,LILRB1,MALT1,SCN11A,NLRP3,CLNK,SH2D1B,SLC15A4,CCR6,ADORA2B,ZFPM1,DOCK2,GPR183,GAPT,PTK2B,FCER1G,FGR,SBNO2,SWAP70,PLCL2,IL27,ABL1,GATA1,GATA3,FOXP1,ANXA1,ANXA3,HLA-DMB,HLA-DRA,HSPD1,IRF8,IL4,IL6R,IL18,ITGAL,ITGAM,ITGB2,JAK1,KARS1,LCP1,LYN,NOTCH2,IL23A,ENPP3,PDPK1,PIK3CD,PLCG2,TREM2,APBB1IP,PRKCE,PRKCZ,SUCNR1,HMCES,RAB27A,RARA,BCL6,RORA,BCR,RPS6,S100A13,CEACAM1,SEMA4A,ST3GAL1,SLC11A1,SLC18A2,SYK,TNF,CCR2,HAVCR2,PGLYRP1,CD80,CD86,CD81,GAB2","Sputum_Paucigranulocytic"
"BP","lymphocyte activation",781,169,7.47935881003044e-07,0.00042490237399783,"ADA,MICA,ADAM8,RASGRP1,CDK6,IKZF1,BTN2A2,VAV3,GPNMB,MERTK,TRAF3IP2,LILRB1,MALT1,LILRB4,KAT7,CMTM7,PHB2,NLRP3,CLNK,CLC,SLC15A4,CCR6,KLF6,PIK3R6,NFAM1,CXADR,ZFPM1,DOCK2,GPR183,EFNB2,GAPT,EPHB1,EZH2,PTK2B,FCER1G,ADGRG3,FGR,FKBP1B,ZBTB1,SWAP70,FCHO1,PLCL2,IL27,ABL1,FYN,FBXO7,GATA3,BLOC1S6,FOXP1,TNFRSF21,CCDC88B,BLNK,SH3KBP1,ANXA1,HFE,CD209,HLA-A,HLA-DMB,HLA-DQA2,HLA-DRA,MR1,HSPD1,IRF8,TICAM2,IL4,IL6R,TNFRSF9,IL18,IDO1,INHBA,INPP5D,ITGA4,ITGAL,ITPKB,JAK1,TBC1D10C,LCP1,LIPA,RHOH,LYN,SMAD3,MEF2C,MNDA,NCK1,NEDD9,NFATC2,NOTCH2,P2RX7,ZBTB7A,IL23A,CYRIB,PDPK1,PIK3CD,PIK3R1,PLCG2,APBB1IP,PPP3CA,AMBRA1,CHD7,LMBR1L,PRKAR1A,PRKCB,AXL,PRKCD,PAG1,PRKCZ,CRTAM,LRRC8A,DUSP22,HMCES,PELI1,ZMIZ1,ARID1B,PREX1,WDFY4,PTPN11,PTPRJ,RAB27A,RARA,BCL2,BCL6,RORA,RPS6,CEACAM1,CCL21,PRDM1,VSIR,SEMA4A,CLEC7A,ST3GAL1,MARCHF7,SLC7A1,SLC11A1,SMARCA2,SMARCD2,SOD1,SRC,BRAF,SYK,TGFBR2,TOP2B,TPD52,CCR2,TYK2,YES1,ZBTB16,DOCK8,ARID1A,MAD1L1,NCK2,CARD11,HAVCR2,RUNX2,RUNX1,CBFB,SLAMF9,PGLYRP1,CD2,RSAD2,CD6,DLG5,CD7,CD80,CD86,CD44,HDAC9,CD81,RIPOR2,HDAC4,TOX,CD151,TESPA1","Sputum_Paucigranulocytic"
"BP","regulation of cytokine production involved in immune response",119,38,1.25622217171513e-06,0.00069625347878182,"NOD1,LILRB1,MALT1,LILRB4,NLRP3,CLNK,CLC,PANX1,GATA3,ANGPT1,HFE,HK1,HLA-A,TICAM2,IL4,IL18,IRF5,SCIMP,P2RX7,PLCG2,ACP5,PRG2,INAVA,AXL,PRKCZ,BCL6,CLEC7A,SYK,TGFB3,TNF,CCR2,CUEDC2,NLRX1,SLC7A5,EPX,RSAD2,MAPKAPK2,CD36,CD81","Sputum_Paucigranulocytic"
"CC","specific granule",160,47,1.61867013152346e-06,0.000875777620684263,"ADAM8,ADAM10,CKAP4,CHI3L1,SLC15A4,OSCAR,CTSZ,DOCK2,ANO6,ADGRG3,CD93,ATP11A,UBR4,FPR2,ARMC8,ANXA3,ANXA11,ITGAL,ITGAM,ITGB2,LTF,P2RX1,PLD1,TOLLIP,RETN,QSOX1,PTPRJ,RAB27A,CEACAM1,MMP25,SLC2A5,SLPI,SPTAN1,STX3,TIMP2,VCL,ATP8B4,TSPAN14,CAMP,CRACR2A,KCNAB2,DEGS1,PDXK,DGAT1,PGLYRP1,CD36,CD53,CD59","Sputum_Paucigranulocytic"
"BP","immune response-activating cell surface receptor signaling pathway",294,77,2.34682384724138e-06,0.00124021453731891,"ADA,BTN3A3,BTN2A2,VAV3,MALT1,LILRB4,ERMAP,PIK3AP1,SPPL3,CMKLR1,CREBBP,NFAM1,FCER1G,FGR,FCHO1,RFTN1,PLCL2,FPR2,FPR3,ABL1,FYB1,FYN,GATA3,FOXP1,TNFRSF21,BLNK,HLA-A,TICAM2,IKBKB,INPP5D,IRAK2,SCIMP,LCP2,LIMK1,LIPA,LTF,LYN,MEF2C,MNDA,NFATC2,NINJ1,PDE4B,PDE4D,PIK3CD,PIK3R1,PLCG2,TREM2,PRKCB,PRKCD,PRKCE,PRKCH,MAPK1,DUSP22,PELI1,PTK2,WDFY1,PTPRJ,NECTIN2,BCL2,CEACAM1,BLK,CLEC7A,SRC,BRAF,SYK,C5AR1,VAV2,EZR,YES1,CACNB4,TNIP3,PLA2G6,CARD11,ZNRF1,MFHAS1,NR1D1,CD81,TESPA1","Sputum_Paucigranulocytic"
"BP","positive regulation of catalytic activity",927,207,2.63771129832664e-06,0.0013622579896176,"ADAM8,RASGRP1,NOD1,DLC1,TAB1,MERTK,CAP1,SEMA4D,CAMKK2,GNB5,MALT1,CHI3L1,SNX18,PHB2,NLRP3,ARAP1,CLU,ADORA2B,ADORA3,CACUL1,PIK3R6,CTSH,RASGEF1B,DAP,DAPK1,DAXX,EGF,MARK2,ARHGAP27,ERN1,ESR1,EZH2,PTK2B,CCNY,FCER2,FDX1,FGR,NLRP1,ATG14,MAPRE3,TBC1D9B,SIPA1L3,TBC1D2B,RAP1GAP2,TAB2,GRAMD4,TBC1D9,FLT1,TBC1D1,SASH1,DOCK9,ARHGAP45,PIK3R5,ALK,ABL1,FYN,SERINC5,TBC1D22A,RASGRP3,NGEF,PARM1,TIAM2,GCH1,CYFIP2,SGSM3,GNA12,GNAQ,ANG,ANGPT1,GPER1,RAPGEF1,ABR,UHRF1,PILRB,NRG1,HIF1A,HIP1,HSPD1,IFI16,IGF1R,IL4,IL6R,IL18,INSR,ITGA6,ITGAM,ITGB2,ITGB3,TBC1D10C,LCP2,LTF,LYN,MIR143,SMAD3,MBP,MEF2C,MEFV,MET,MAP3K10,ASPH,NEDD9,NF1,ATP2A3,ATP2B4,P2RY6,PARN,PCNA,FZR1,TAOK3,PRKAG2,SNX9,LARS1,IL23A,PDPK1,CAB39,RAPGEF6,PIK3CB,TREM2,POR,PPARG,LGR4,ASAP3,AMBRA1,AXL,PRKCD,MAPK1,MAPK8,PDGFC,MAP2K1,MAP2K5,LGMN,CASS4,PTEN,TMIGD3,PTK2,RPTOR,PREX1,PTPN1,TRIB3,NLRC4,ARHGAP22,RAF1,RALGDS,RAP1GDS1,RASGRF1,RFC3,BCR,RSU1,S100A1,S100A8,S100A10,CCL13,CCL18,CCL20,CCL21,CCL22,CCL25,VSIR,CLEC7A,SLC11A1,PHACTR4,SOD1,SORL1,SRC,STIM1,SYK,TGFBR2,TNF,TPD52L1,C5AR1,VDR,XRCC4,XRCC5,CACNA1C,EVI5,CARD14,HMGA2,DOCK8,AXIN1,CASP1,APH1B,ARHGAP24,TBC1D10A,BCAR3,GARNL3,ORAI1,TNKS,CRADD,TNFSF10,RGS9,TNFRSF11A,IQGAP1,ARHGEF7,CCND2,BTRC,ARRDC4,GPR55,CD86,AIM2,MAP4K4,TCL1B,ARHGEF10,PPM1F,RALGPS1,RAPGEF2,NOS1AP,TBC1D5,TBC1D4,TNFSF15,CASP8AP2","Sputum_Paucigranulocytic"
"BP","response to stimulus",8757,1408,3.21193034810645e-06,0.0016219534495638,"ADA,CDH5,SH2D3C,DNAJB6,IQCJ-SCHIP1,MICA,C8orf44-SGK3,ABCC5,CERT1,ADAM8,TSPAN2,TRIM10,HIPK3,RASGRP1,TRAP1,FAM13A,PLXNC1,LPCAT3,WASF2,SLC25A13,SORBS3,ADAM10,PATJ,CDK6,KLRG1,RCAN2,GPHN,ABCC4,IGSF6,RAMP2,ZMPSTE24,ADAR,IRAG1,CACNG3,BTN3A3,BTN2A2,NOD1,DLC1,NDRG1,ADARB1,CDS1,PIAS3,ST3GAL6,CDC42EP2,VAV3,TAB1,GPNMB,BAIAP2,MERTK,CAP1,NCOA2,SEMA4D,SEMA3C,CEBPE,AGR2,TXNRD2,CDC42EP3,TXNIP,RGS14,CAMKK2,CELF1,KLF1,CXCR6,GNB5,CNPY3,CTSC,GIPC1,TRAF3IP2,AHCYL1,IQGAP2,GJB6,LILRB1,USP20,MALT1,EHD1,CBX1,YWHAQ,ASCC3,LILRB4,TLK2,LIAS,RBPMS,RAB31,ADAP1,TENT4A,WWP1,WWP2,HSF2BP,DIDO1,PRDM5,FOXN3,KAT7,PLAAT3,CHI3L1,WDHD1,MAP4K1,NISCH,AKAP13,AKAP11,AKAP10,RASSF8,CHN1,CHN2,GPR176,PTGDR2,CHP1,CMTM7,SP140,CHRM1,SCN11A,SGF29,VPS26B,LYST,SLCO2B1,PHB2,GABARAP,MGLL,NLRP3,ERMAP,CYGB,PKD1L2,SLC25A25,C1QTNF3,FBXO32,ZNF653,RMI2,BATF2,CLNK,NIBAN1,ARAP1,SH2D1B,SSX2IP,TMC1,RFFL,CLC,ADD1,C10orf71,CLCN6,PIK3AP1,CLU,TMEM45B,SLC15A4,FGD4,SPPL3,SLC24A4,LRRC28,CCR6,CMKLR1,ABCC2,ZSWIM7,OSCAR,MOB3A,CNP,RNF19B,PIGU,COL15A1,COPA,TRIM71,DCBLD2,ADORA1,NCOA7,OR6B1,ADORA2B,CPE,CPT1A,PXDNL,NACC2,CREB1,CREBBP,CRK,ADORA3,ASB6,ASB8,MYO3B,S100A16,MTCL2,TLDC2,CRY2,PRICKLE1,TERB2,GSG1L,TOM1L2,PIK3R6,SLFN13,DCDC2B,DCST1,CNIH3,CTNND1,NFAM1,CTSB,CCNYL1,CTSH,GPBAR1,PPM1L,GLIPR2,CMTM8,FGD5,CXADR,RASGEF1B,SH3RF2,VKORC1L1,GRK3,PRAG1,CYP19A1,DAB1,DACH1,DAG1,DGKG,DAP,TMEM229B,DAPK1,DAXX,ZFPM1,WFDC13,LRRN4,DDC,UBXN2A,DHX15,ZNF366,PKD1L1,TMEM64,CLEC4C,DLG2,DYNC1LI2,DNMT3A,DOCK1,DOCK2,ABAT,DPYSL2,AGRP,DUSP5,DYRK1A,GPR183,EEF1A1,EFNA5,EFNB2,EGF,ANO6,NSMCE1,EIF4EBP1,NLRP7,ELK3,SPRED2,HTR3D,MARK2,ARHGAP27,TAPT1,GAPT,SLC29A1,EPAS1,EPHB1,EPHB3,ERCC4,ERCC6,ERG,ERN1,ESR1,ALAS1,ETFDH,ETS1,ETV5,EXT1,EYA2,EZH2,F13A1,FABP4,PTK2B,CCNY,FBN1,VWCE,FBP1,FCER1G,FCER2,MARCHF8,SPATA13,SDK1,FOXK1,MTURN,ADGRG3,FDX1,FGR,FHIT,MRAS,FKBP1B,RASA3,PPM1E,VASH1,AAK1,CPEB3,CHSY1,NLRP1,ATG14,INPP5F,FKBP5,ZBTB1,ZNF365,DENND3,SBNO2,EPN2,ATF6,SIRT2,NT5C2,DAAM1,STK38L,TNIK,FNBP1,CLUAP1,HECW1,SWAP70,FOXO1,KDM4C,ERC1,TRIM35,ARHGAP26,SIPA1L3,CDK19,MCF2L2,RAP1GAP2,TAB2,CAMTA2,PLXND1,MAST2,LRCH1,FCHO1,GRAMD4,FLNB,LPIN1,RFTN1,FAF2,FLT1,DTX4,RHOBTB2,PLCL2,FMO1,CAMTA1,CLEC16A,FMO4,ANKS1A,MGRN1,CUX2,SASH1,SYNE1,DOCK9,PSD3,LARP1,ARHGEF18,SIK3,ZDHHC17,PIP5K1C,DICER1,COTL1,SIRT5,GPR161,CBX5,TRAM1,LEPROTL1,MACF1,ZFYVE26,SPIDR,MORC3,CABIN1,ARHGAP45,PIK3R5,ATP6V0A2,PSD4,FPR2,FPR3,DAPK2,PHLDA3,BACE1,PLD3,SH3BP4,SGK3,PRKD3,BRD1,ALK,ALOX5,PANX1,IL27,ALPL,ABL1,FYB1,FYN,ZBTB38,CERS6,GABBR1,SERINC5,PLCXD2,SHPRH,RASGRP3,NGEF,FBXO7,ABTB2,ANAPC15,SGMS1,WWTR1,SAMHD1,SIN3A,ZNF385A,DHRS7B,C2CD3,TENM4,ACOT11,PLEKHG3,IPCEF1,CNTNAP2,ABHD12,EPC2,ZBTB20,PITPNC1,GATA1,TIAM2,GATA3,BLOC1S6,FBXO8,GCH1,PTPN18,NUPR1,MYOF,OR11A1,AMFR,RPS6KC1,B4GALT1,CYFIP2,ATP2C1,PKD2L2,PELP1,GJB3,LAMP3,FOXP1,CYTH4,CPNE7,SIGLEC9,SIGLEC8,DISC1,GLB1,TNFRSF21,SESN1,CRCP,GLDC,GLG1,STK39,TOR1B,SGSM3,POLM,GMDS,GMFB,GNA12,GNAO1,GNAQ,GNG7,GOT2,WFDC10B,GPD1,GPI,ANG,CCDC88B,RASSF3,SLC39A5,ANGPT1,METRNL,GPR21,ANGPT2,NKIRAS2,SLC9A9,GPER1,NSMCE2,ILDR1,GRK4,GPX4,GRB10,RAPGEF1,GRIK1,HIPK2,ABR,SETD2,NR3C1,ARHGAP35,DNAJC15,RACGAP1,UHRF1,GSTA1,BLNK,USP25,GUCA2A,SNX10,EEF2K,GPR171,GPR132,NENF,SLC25A24,STRN3,MDFIC,SCHIP1,SLC2A8,PILRB,LMCD1,ANXA1,ANXA2,HBG2,HCLS1,ANXA3,HTT,ANXA4,HEXA,HFE,KCNIP2,CD209,NRG1,ANXA6,HIF1A,HIP1,UBE2K,HK1,HK2,ACACA,HLA-A,HLA-DMB,ANXA11,HLA-DQA2,HLA-DRA,AOAH,AOC2,MR1,HLCS,AOX1,APBB1,APBB2,HRH1,HSF1,HSPD1,HSPG2,APLP2,HTR3A,UBAC2,FFAR4,TAFA2,IRF8,IFI16,RD3,SH3RF3,RTP2,IFNGR2,EYS,IGF1R,IGFBP6,TICAM2,IKBKB,IL4,IL5RA,IL6R,AQP1,IL16,IL18,FOXK2,IMPA2,IDO1,INHBA,INPP4A,INPP5A,INPP5B,INPP5D,INSR,ITGA6,IRAK2,AQP9,IRF2,IRF5,ITGA4,ITGA5,ITGA9,ITGAE,ITGAL,ITGAM,ITGB2,ITGB3,ITPK1,ITPKB,ITPR1,ITPR2,JAK1,JARID2,KARS1,TBC1D10C,KIF7,ARF1,MIA3,KCNE1,STIMATE,KCNH2,KCNMB1,KCNQ1,KIF5B,KPNA1,KRT8,KRT16,SERP2,SCIMP,MFSD2B,PCARE,LCP1,LCP2,LGALS8,LIMK1,LIPA,RHOH,ASIC2,LMNA,SIGLEC16,CHCHD10,SAMD12,LOXL1,LRCH4,LRP1,LSP1,LTA4H,LTBP1,LTBP2,LTBR,LTF,BMAL1,LYN,MIR143,MIR199B,ARRB1,SMAD1,SMAD3,SMAD6,ARSB,MAN1A1,MAX,MBP,MCM2,MDM4,MEF2C,MEFV,MAP3K1,MET,MFAP4,MGAT3,MGMT,MGST3,CIITA,MITF,MKLN1,MAP3K10,MLLT3,ASGR1,ASGR2,MNDA,ABCC1,CARD17P,IQSEC3,RHEX,MAP1LC3C,MX1,ZFHX3,MYO1C,MYO1E,MYO9A,MYO9B,MYO10,PPP1R12B,NCF2,NCK1,NDUFS2,NEDD9,ATOX1,NF1,NFATC2,NFIA,NFATC3,NFE2,NFE2L2,TONSL,ACO1,ATP1A4,NGF,NID1,NINJ1,NNMT,NOTCH1,NOTCH2,NOTCH4,NPAS2,NPC1,ATP2A2,ATP2A3,ATP2B4,OPA1,OPRM1,P2RX1,P2RX4,P2RX7,P2RY2,P2RY6,PCSK6,RRM2B,MINK1,CHST11,ARHGEF3,PRKN,PCBP2,ASCC1,UBXN1,PCK2,APIP,SIDT2,PCNA,TUBD1,ABI3,GLTP,MARCHF2,KLF3,IER5,RSRC1,ZBTB7A,FZR1,TAOK3,UBR5,PDE1C,ANGPT4,TRPV2,PDE4B,PRKAG2,PDE4D,PDE6A,EVL,PDE6H,PDE8A,LARS1,CXXC5,ZC3HC1,IL23A,HDAC7,CYRIB,TRIM33,SRRT,CHMP3,ASB2,ENPP2,SUFU,ENPP3,PDPK1,NLK,CAB39,RAPGEF6,WWOX,ARID4B,RTEL1,SYT17,MAP3K20,KDM3B,ADA2,CDK14,PGAM2,SERPINA1,PIK3C2B,PIK3CB,PIK3CD,PIK3R1,PI4KB,PIP4K2A,PLA2G4A,PLCB4,BCL11A,SHC3,PLCG2,PLD1,CLIC5,PLXNA2,PMS1,P2RY13,FGFRL1,ACP5,ERRFI1,TREM2,TREM1,GNG2,SSH1,RIN2,POR,TOLLIP,RNF216,RBM47,APBB1IP,NDFIP2,INO80,PPARD,PPARG,PPBP,AHI1,WBP1L,RNF43,PXK,MKS1,DUS2,TMEM132A,ADISSP,TESC,NRDE2,ZWILCH,SUSD4,WIPI1,ARHGEF10L,TMEM33,RIC8B,PLEKHG6,SLC47A1,PPP3CA,SHFL,TCP11L1,LGR4,LRRC59,NCBP3,PRG2,MAML3,SOX6,NAGK,FERMT1,AMBRA1,SLC39A4,CHD7,PRKAB1,LYAR,RAB20,PRKACA,NPLOC4,VAC14,LMBR1L,POLR3E,PRKAR1A,HHAT,EDEM2,CDK5RAP2,INTS9,UGGT2,INAVA,PRKCA,DEPDC1B,PRKCB,AXL,PRKCD,TRERF1,PRKCE,PAG1,PRKCH,ARHGAP15,PLGRKT,ASH1L,WSB2,PRKCZ,RCC2,DMAP1,MAPK1,SULF2,GNG12,MAPK8,MAPK13,PDGFC,MAP2K1,MAP2K5,MAP2K6,TEX12,CRTAM,CTNNBL1,LRRC8A,IRGC,LGMN,HTRA1,SUCNR1,RETN,ZC3HAV1,UGGT1,SPIRE1,SPPL2B,DUSP22,HMCES,OLFML3,MFF,FAM20C,CTNNBIP1,CASS4,BACH1,CAMK1D,MAN1C1,PAK5,SMURF1,PELI2,PELI1,ZMIZ1,PTEN,PTGER2,SENP7,LRTM1,TMIGD3,NDRG2,BIRC6,AMIGO1,PTK2,GRAMD1B,ARID1B,ARHGAP31,RPTOR,KCTD16,HACE1,SORCS2,TAOK1,NCEH1,SEMA6A,PREX1,WDFY1,MRTFA,BEGAIN,FNIP2,SHROOM3,SHTN1,CPNE5,PTPN1,WDFY4,DENND1A,MEAK7,TRIB3,PTPN7,PTPN11,PTPRE,PTPRJ,PTPRN2,PTPRO,PTPRS,NECTIN1,NECTIN2,CXCL16,PXN,PLEKHB1,MS4A7,NLRC4,ARHGAP22,SINHCAF,RRAGD,RAB27A,RAC1,RAD23B,RAD51B,RAD52,RAF1,RALGDS,RAP1GDS1,RARA,RASA2,RASGRF1,ARID4A,HRH4,LGR6,RBP4,BCL2,BCL2A1,UPF1,BCL2L1,REV3L,RFC3,RGS3,RGS12,RHEB,AVPI1,RNASE4,BCL6,BCL7A,TNFRSF17,RORA,HCN2,BCR,RPS6,RPS6KA1,RPS6KA2,RREB1,RSU1,RXRA,S100A1,SORT1,S100A6,S100A8,S100A10,S100A11,S100A13,SAG,CELA2A,ATXN7,SCN1A,SCNN1A,CEACAM1,CCL13,CCL18,CCL20,CCL21,CCL22,CCL25,UBE2O,PRDM1,ELMO2,SEC14L1,SECTM1,BLK,SELL,CDH23,SLC28A3,NPFFR1,VSIR,ERAP2,SEMA4A,MS4A6A,ARHGEF28,RAB17,MAP1LC3B2,LMBR1,MMP25,DRGX,SUDS3,SGK1,SCG5,SGTA,SH3BP2,ITSN1,SH3GL1,CLEC7A,SMURF2,SMYD3,CREB3L2,MEAF6,CRTC3,DEPTOR,ST6GAL1,ST3GAL1,MARCHF7,NIBAN2,STIL,SKI,SLA,SLC1A2,SLC1A3,SLC2A1,SLC2A5,NADK,SLC5A1,SLC8A1,SLC11A1,SLC18A2,SLC22A5,SLPI,SMARCA2,PHACTR4,SMARCD2,SOD1,BNIP3L,SORL1,DST,BPHL,SPTBN1,SRC,SREBF2,BRAF,SRP68,SRPK2,DENND2B,STAC,STIM1,STK3,STK4,STX3,BSG,SYK,TAF6,KLF5,TBX6,TBXAS1,MSMP,TCF7L2,TCF12,TEAD1,TFF2,TFR2,TG,TGFA,TGFB1I1,TGFB3,TGFBR2,TGIF1,TSPO,THRA,TIMP2,TIMP3,TLE3,TLE4,SERPING1,C1QA,TNF,C1QB,C1QC,TOP2B,C1S,TPD52L1,NR2C2,TRAF3,TRHR,TRIO,TSG101,DNAJC7,C5,TTK,C5AR1,ANKDD1B,CCR2,TXNRD1,TYK2,C8A,C8B,UBE2D3,UCP3,UGCG,USP4,UPP1,UVRAG,VAV2,VCL,VDAC2,VDR,EZR,MYRF,VWF,WIPF1,CORO2A,WFS1,WNT3,XPC,XRCC4,XRCC5,YES1,LDLRAD4,YWHAG,YWHAZ,PTTG1IP,PRCD,VEZF1,TRIM26,CACNA1C,ZYX,CACNB1,RNF103,PAX8,CACNB4,USP7,CYREN,CUEDC2,AHNAK,NABP2,FTO,CARD14,TMEM43,BCL2L14,NOX5,TMEM231,ADIPOR2,SH3TC2,MCPH1,RHBDF2,ARHGAP10,DYNC2H1,NLRX1,TBL1XR1,MCTP1,EHMT1,MOB3B,CAMKMT,UBA5,ZNF212,RIN3,PRR5L,TNIP3,KAT6A,DOCK5,SLC8B1,GPR157,BICC1,OPA3,ARMC9,RUFY1,CEP63,EDEM3,STAM,SCUBE1,CUBN,NCOA4,EPC1,PNPLA3,CYB5B,COL18A1,EEPD1,FXR1,HMGA2,ACTN4,CALR,GPR68,SLC7A5,DCSTAMP,CLPB,ITM2C,TSPAN14,AKAP1,OR2B2,CAMK2D,DOCK8,CAMK2G,VANGL1,CAMP,NRIP1,USP9X,CAPN2,CAPN3,EPX,ARID1A,TRRAP,AXIN1,CASP1,APH1B,ARHGAP24,GUCD1,SESN2,FERMT3,MAD1L1,STK40,RASSF4,PLA2G6,KREMEN1,CASP7,DTNBP1,EEA1,BCAR3,RNASEH2C,ARID5B,LRRC8C,ZDHHC18,GARNL3,SLC25A33,STK24,RNF135,NR0B2,CCDC115,NSMAF,NCK2,CARD11,MAML2,DOT1L,SLX4,FAM120B,CASQ2,SPIRE2,TPST1,RNASE7,TRIM55,MS4A14,CRACR2A,ADTRP,HAVCR2,AGBL4,ORAI1,MFSD2A,AIFM2,FBH1,ZNRF1,UBASH3B,DISP1,PPFIA1,DGKD,YBX3,LGALS12,COPS3,ITPRIP,MKNK1,STK16,RUNX2,SLC25A12,PLPP3,CDK13,CBFA2T3,AOC3,TNKS,PEA15,MARCO,ABCC3,MBTPS1,URI1,MYOM1,CRADD,TNFSF12,TNFSF10,ADAM15,RGS9,TNFRSF11A,TNFRSF10C,IQGAP1,NRP1,KYAT1,SYNGAP1,KSR1,KAT2B,NR1I2,PROZ,PER2,ARHGEF7,SGPL1,TRIM4,CCND2,BTRC,UMODL1,HPS4,MVB12B,PLCZ1,TRIM15,SLAMF9,PGLYRP1,LIMD1,PHLDB2,TSPAN18,MAP3K14,OTULIN,BAZ1B,PKD2L1,CCRL2,PSTPIP1,MCU,STARD13,LRSAM1,ASH2L,ACVR1B,DDX60L,CD2,RNF185,RSAD2,DGKI,MYLK3,SLC24A1,XPR1,FCMR,RCSD1,DLGAP1,CD6,DLG5,CD7,UBE2L6,MFHAS1,MAPKAPK2,CYTH3,CYTH1,DNER,CD9,GPR55,NREP,TRIP4,CD163,CACNA2D4,CPNE6,TADA2B,NHERF1,TGFBRAP1,ACVRL1,RECQL5,CD80,CD86,TP53INP1,AIM2,MAP4K4,LY86,CD36,RPH3AL,ENTPD1,GTPBP1,GTF2IRD1,NR1D1,BABAM2,AKAP12,CD44,NCOR2,RNF7,ABCG1,CD53,FEZ2,ARHGEF10,ZNF592,PPM1F,RALGPS1,ZNF516,CD59,SAFB2,FAM53B,CD68,N4BP1,VGLL4,NUP93,RAPGEF2,NOS1AP,DOCK4,HDAC9,SETD1A,CD81,RIPOR2,HDAC4,ADGRE5,SUSD6,CD151,ATG13,TM9SF4,TBC1D5,CDA,KIAA0586,MAML1,ZEB2,TESPA1,ELMO1,GAB2,C2CD2L,FARP2,KIAA0319,AREL1,TBC1D4,RNF10,IQSEC1,ZBTB40,P2RY14,DCLRE1A,GFPT2,SLC23A2,TNFSF15,CDH1,CASP8AP2","Sputum_Paucigranulocytic"
"BP","immune response-regulating cell surface receptor signaling pathway",322,81,3.57023183797061e-06,0.00176369452795748,"ADA,BTN3A3,BTN2A2,VAV3,LILRB1,MALT1,LILRB4,ERMAP,PIK3AP1,SPPL3,CMKLR1,CREBBP,NFAM1,FCER1G,FCER2,FGR,FCHO1,RFTN1,PLCL2,FPR2,FPR3,ABL1,FYB1,FYN,GATA3,FOXP1,TNFRSF21,BLNK,HLA-A,TICAM2,IKBKB,INPP5D,IRAK2,SCIMP,LCP2,LIMK1,LIPA,LTF,LYN,MEF2C,MAP3K1,MNDA,NFATC2,NINJ1,PDE4B,PDE4D,PIK3CD,PIK3R1,PLCG2,TREM2,PRKCB,PRKCD,PRKCE,PRKCH,MAPK1,MAPK8,DUSP22,PELI1,PTK2,WDFY1,PTPRJ,NECTIN2,BCL2,CEACAM1,BLK,CLEC7A,SRC,BRAF,SYK,C5AR1,VAV2,EZR,YES1,CACNB4,TNIP3,PLA2G6,CARD11,ZNRF1,MFHAS1,NR1D1,CD81,TESPA1","Sputum_Paucigranulocytic"
"BP","regulation of innate immune response",421,93,4.26891553602869e-06,0.00206397524767481,"MICA,ADAM8,RASGRP1,ADAR,NOD1,LILRB1,PHB2,NLRP3,CLNK,SH2D1B,PIK3AP1,SLC15A4,CREBBP,CRK,PIK3R6,DCST1,ESR1,FGR,NLRP1,SIRT2,GRAMD4,RFTN1,DTX4,FPR2,FYN,SAMHD1,SIN3A,UBE2K,HLA-A,HSPD1,IFI16,TICAM2,IKBKB,IRAK2,SCIMP,LRCH4,LTF,LYN,MEFV,MNDA,NFE2L2,NINJ1,PCBP2,PDPK1,PIK3R1,PLCG2,TREM2,RBM47,PPARG,SUSD4,LGR4,NAGK,LYAR,NPLOC4,INAVA,PRKCE,MAPK8,MAP2K6,CRTAM,PELI1,WDFY1,PTPN1,PTPN11,PTPRS,NECTIN2,NLRC4,CEACAM1,SEC14L1,CLEC7A,SRC,SYK,SERPING1,TNF,TRAF3,XRCC5,YWHAZ,NLRX1,TNIP3,CEP63,CLPB,CASP1,ZDHHC18,RNF135,HAVCR2,ZNRF1,TRIM15,OTULIN,RNF185,RSAD2,MFHAS1,MAPKAPK2,AIM2,CD36,NR1D1,N4BP1","Sputum_Paucigranulocytic"
"CC","cytoplasm",11943,1904,4.46524949878308e-06,0.0020719395655136,"ADA,DDTL,NBPF10,NBPF20,SH2D3C,DNAJB6,IQCJ-SCHIP1,MICA,C8orf44-SGK3,SAE1,ABCC5,TIMM23B,CERT1,UST,ADAM8,TRIM10,HIPK3,RASGRP1,FRY,TRAP1,FAM13A,MBNL2,LPCAT3,WASF2,SLC25A13,SORBS3,LHFPL2,PRMT3,MPHOSPH9,ADAM10,MPHOSPH6,PATJ,CDK6,STX6,RCAN2,AP3S2,GPHN,ABCC4,RAMP2,ZMPSTE24,ADAR,KATNB1,RTN3,IKZF1,EMC8,IRAG1,CACNG3,CDR2,NOD1,DLC1,NDRG1,ADARB1,CDS1,PIAS3,ST3GAL6,CPQ,SPON1,TESK2,ARIH2,CDC42EP2,EMG1,VAV3,TAB1,GPNMB,BAIAP2,MERTK,EIF3M,CAP1,LRRC41,ENOX2,NCOA2,DCTN2,AGR2,MRPL28,TXNRD2,MTHFS,CDC42EP3,TGOLN2,TXNIP,RGS14,EXOC5,IGF2BP2,CAMKK2,CELF1,CELF2,FARS2,GNB5,CNPY3,CTSC,GIPC1,TRAF3IP2,AHCYL1,IQGAP2,SEPTIN9,SDCCAG8,FAXDC2,TUBGCP2,LILRB1,USP20,ME3,MALT1,MTMR11,PAPOLA,EHD1,ACOT2,CKAP4,YWHAQ,ASCC3,IMMT,TLK2,LIAS,RBPMS,RAB31,ADAP1,TENT4A,WWP1,WWP2,CNTRL,CHD3,HSF2BP,DIDO1,ATE1,PKIG,KAT7,PLAAT3,CHI3L1,NUDT5,NUDT3,WDHD1,SLC2A6,MAP4K1,NISCH,AKAP13,AKAP11,AKAP10,CHN1,RNF24,CHN2,PACSIN2,SNX18,FILIP1L,CHP1,SP140,VPS26B,NACC1,LYST,MGAT4A,SLC46A1,PHB2,ACOT7,EXOC3,GABARAP,MGLL,TRIM9,NLRP3,ERMAP,CYGB,BTBD9,SLC25A25,FMNL2,OSBPL1A,OSBPL5,OSBPL6,OSBPL9,OSBPL10,OSBPL11,FBXO32,MARCHF3,WDFY2,RMI2,MOGAT1,TOP1MT,CLNK,NIBAN1,ARAP1,SH2D1B,SSX2IP,AP2M1,PARD3B,RFFL,CLC,ADD1,BORCS5,C10orf71,CLCN6,PIK3AP1,PDZD8,CLU,ANAPC16,SLC36A4,TMEM45B,SLC15A4,FGD4,SPPL3,TDRD9,KLHDC1,SLC24A4,DEGS2,EARS2,MSI2,CHCT1,WDR81,OSCAR,MOB3A,CNP,RNF19B,PIGU,TANGO2,DIS3L2,COL9A2,FAM168B,COL11A2,COL15A1,M1AP,MIX23,COPA,TRIM71,KLF6,SCLT1,COL26A1,CPE,LRGUK,ASZ1,CPT1A,ADHFE1,PXDNL,GPAT4,LETM2,NACC2,PTPDC1,CREBBP,CRK,ASB6,ASB8,MYO3B,S100A16,UBE2F,CRY2,STK35,ACSM6,MPP7,CS,VTI1A,PIWIL4,POGLUT3,PLEKHA7,PRICKLE1,TTC7B,VCAN,TOM1L2,PIK3R6,SLFN13,TMEM190,B3GALNT2,DCST1,CNIH3,PDIK1L,CTNND1,HORMAD2,ENTHD1,NFAM1,CTSB,CTSH,GPBAR1,PPM1L,XXYLT1,GLIPR2,SPICE1,CMTM8,CTSZ,FGD5,CUX1,CXADR,RASGEF1B,PRELID2,RNF145,RNF217,VKORC1L1,GRK3,PRAG1,VPS13B,CAMSAP1,AK8,PRUNE2,CYP19A1,CYP27A1,DAB1,DACH1,DAG1,DGKG,AP2A2,SYNE3,DAPK1,DARS1,DAXX,AP2B1,CNST,DDC,TOGARAM2,UBXN2A,DHX8,SGMS2,COL22A1,TMEM64,IDO2,CLEC4C,DIO1,DLG2,DLST,DNM1,DYNC1H1,DYNC1LI2,DNMT3A,DOCK1,DOCK2,ABAT,DPYSL2,AGRP,ARID3A,DSC1,DTNB,DUSP5,DYRK1A,ECH1,EEF1A1,EEF2,EGF,DNAH10,ANO6,PAOX,ACSF3,EIF4EBP1,SERPINB1,NLRP7,TMEM201,ELK3,CREG2,TET3,SPRED2,MARK2,ARHGAP27,SLC39A11,SMIM14,TAPT1,GAPT,TSNARE1,EPAS1,EPB41,EPB41L1,EPHB1,EPHB3,CLN8,ERG,ERN1,ESR1,ETFB,ALAS1,ETFDH,ETS1,EXT1,EYA2,F13A1,FABP4,ALDH2,FAH,PTK2B,FARSA,FAT2,CABCOCO1,CCNY,TBATA,SLC37A2,TBCEL,PATL1,FBN1,VWCE,FBP1,FCER1G,ZNF438,MARCHF8,SPATA13,PHACTR1,FOXK1,MTURN,FDFT1,ADGRG3,ALDH9A1,FDX1,ALDH3A2,FGR,FHIT,FKBP1B,COPG1,RASA3,PHLDA1,PPM1E,VASH1,AAK1,CPEB3,LMTK2,CHSY1,FKBP2,NLRP1,ATG14,INPP5F,MLXIP,TRAPPC8,ZHX2,FKBP5,ZNF365,DENND3,ARSG,BTBD3,EPN2,SACM1L,CD93,MAPRE3,ATF6,SEPHS2,SEPHS1,SIRT2,RPIA,NT5C2,EFR3B,SV2C,CEP152,WDFY3,DAAM1,STK38L,TMCC1,SAMD4A,PDZD2,XPO7,TNIK,KIF21B,FNBP1,GGA2,EMC1,HECW1,SWAP70,VWA8,FOXO1,ERC1,TRIM35,ARHGAP26,TTLL5,SIPA1L3,KIF1B,CDK19,MCF2L2,TBC1D2B,MRPS27,RAP1GAP2,TNRC6B,TAB2,ATP10B,COLGALT2,FLI1,EPB41L3,MAST2,LRCH1,FCHO1,FRMD4B,GRAMD4,MPRIP,EFR3A,FLNB,LPIN1,SEPTIN8,RFTN1,LARP4B,FAF2,FLT1,ZC3H4,DTX4,RHOBTB2,PLCL2,EXOC6B,PACS2,ANKRD28,ATP11A,MTCL1,FMO1,CAMTA1,CLEC16A,FMO4,SMG6,ANKS1A,MGRN1,BICD2,DMXL2,SASH1,TTC28,SYNM,VPS39,SYNE1,DOCK9,UBR4,VPS8,USP24,LARP1,ARHGEF18,SPECC1L,SIK3,ZDHHC17,LARS2,PIP5K1C,DICER1,COTL1,SIRT5,ZFPM2,FNTB,TMED3,RYBP,GPR161,ABCB9,ABCA6,TRAM1,QPRT,LEPROTL1,MACF1,ZFYVE26,CABIN1,ARHGAP45,PIK3R5,ATP6V0A2,PIGN,FPR2,HEBP2,DAPK2,MKRN1,PHLDA3,BACE1,SSBP2,RABGAP1,HSPBP1,PLD3,PLA2G15,CEMIP2,SH3BP4,SGK3,PRKD3,MAFF,ALOX5,PANX1,IL27,ALPL,ABL1,FYB1,FYN,LCLAT1,CERS6,ZDHHC20,GAA,GABBR1,TXNDC8,GABPB1,RNF144B,C10orf67,SERINC5,SNX33,GSTT4,RASGRP3,NGEF,FBXO7,ATXN10,TNFAIP8,PARM1,ARMC8,RNF19A,GALNT2,ANAPC15,SGMS1,MYRIP,WWTR1,ZNF385A,SEC31B,C2CD2,UNC50,DHRS7B,C2CD3,SPATS2L,TENM4,ACOT11,PLEKHG3,OSBPL3,IPCEF1,GLCE,SETBP1,CNTNAP2,ERC2,CFAP61,ABHD12,GAPVD1,TRPC4AP,TES,ZBTB20,PITPNC1,TIAM2,KLHL3,BLOC1S6,FBXW8,FBXO10,ARFGAP3,EHF,GBE1,GCH1,PTPN18,NUPR1,MYOF,AGO1,DAZAP1,MDGA1,AMFR,RPS6KC1,GGTA1,B4GALT1,CYFIP2,TPK1,ATP2C1,PELP1,SND1,GJB3,LAMP3,TRAPPC3,AMPD2,CYTH4,CPNE7,PALD1,AGO2,SIGLEC9,DISC1,GLB1,SESN1,CRCP,GLDC,GLG1,STK39,TOR1B,SGSM3,BIN1,MAT2B,GM2A,GMDS,GNA12,GNAQ,GNS,GOLGA4,GOT2,GPD1,GPD2,GPI,POC1B,RBM20,ANG,P4HA3,CCDC88B,RASSF3,B4GALNT3,MYO1H,CCDC57,PTGR3,TMEM150B,C20orf203,NKIRAS2,SLC9A9,GPER1,SUMF1,SH3PXD2B,SLC36A3,PPIL6,PNPLA1,ILDR1,GRK4,GPX4,GRB10,RAPGEF1,MRPS28,DCPS,SNX24,HIPK2,ABR,SETD2,NR3C1,ARHGAP35,DNAJC15,ANKRD11,RACGAP1,GSTA1,BLNK,USP25,TMOD3,PARVB,OLA1,SNX8,SNX10,GUSB,EEF2K,GYG1,NENF,DSE,PADI1,SLC25A24,STRN3,MDFIC,SCHIP1,SLC2A8,PACSIN1,LMCD1,SH3KBP1,ANXA1,ANXA2,HBG2,HCLS1,ANXA3,HTT,HDC,HDLBP,ANXA4,HEXA,HEXB,HFE,KCNIP2,KCNIP1,CD209,ANXA6,HIF1A,HIP1,UBE2K,HK1,HK2,ACACA,HLA-A,HLA-DMB,ANXA11,HLA-DQA2,HLA-DRA,AOAH,AOC2,MR1,HLCS,HMBS,AOX1,HNMT,EIF4E3,APBA1,APBB1,APBB2,HRH1,HSD11B1,HSF1,HSF2,HSPD1,HSPG2,APLP2,IARS1,UBAC2,FFAR4,TAFA2,ENPP7,IRF8,ESPNL,IDH2,IFI16,SYCN,RD3,MYBPHL,DYNLT4,IFNGR2,EYS,IGHMBP2,TICAM2,IKBKB,AQP1,IL16,IL18,FOXK2,IMPA2,IDO1,INHBA,INPP4A,INPP5B,INPP5D,AQP7,INSR,IRAK2,IRF2,IRF5,ITGA5,ITGAL,ITGAM,ITGB2,ITGB3,ITPK1,ITPKB,ITPR1,ITPR2,JAK1,JARID2,KARS1,GALNT18,TBC1D10C,KIF7,ATP9B,B3GNT8,ARF1,MIA3,KCNE1,STIMATE,SPATC1,KCNH2,KCNQ1,KIF5B,KPNA1,TNPO1,KRT8,KRT16,PEDS1,SERP2,GLTPD2,SCIMP,LRRC75A,DIPK1A,COA6,PLEKHM3,KTN1,SULT6B1,LASP1,LBR,LCP1,LCP2,LGALS8,LIMK1,LIMK2,LIPA,RHOH,LIPC,EEIG1,LMNA,LIAT1,LMO7,NBPF9,CHCHD10,RBIS,LOXL1,LPP,LRP1,LSAMP,LTA4H,LTBP1,LTBR,LTF,BMAL1,LYN,ARRB1,SMAD1,SMAD3,SMAD6,ARSB,STS,MAN1A1,MAN2A2,MAP6,MBP,MCM2,BORCS8-MEF2B,MEF2C,MEF2D,MEFV,MAP3K1,MGAT3,MGST3,CIITA,MIPEP,MITF,MKLN1,MAP3K10,MLLT1,MLLT3,ASTL,ASGR2,MNDA,CARD17P,IQSEC3,MAP1LC3C,ASPH,MTHFD1,MX1,MYBPC1,MYH10,ZFHX3,MYO1C,MYO1E,MYO9A,MYO9B,MYO10,PPP1R12B,MYT1,NAP1L4,NUBP1,NCF2,NCK1,NDUFS2,DRG1,NEDD9,ATOX1,NEK3,NF1,NFATC2,NFATC3,NFE2,NFE2L2,TONSL,ACO1,NGF,NNMT,NOTCH1,NOTCH2,NOTCH4,NPAS2,NPC1,ATP2A2,ATP2A3,ATP2B2,ATP2B4,OAT,OGDH,OPA1,WRAP73,OPRM1,P2RX1,P2RX4,P2RX7,PCSK6,RRM2B,MINK1,CHST11,ATP6V0A4,ITSN2,ARHGEF3,PRKN,DCAF8,PARN,ASAP1,PCBP2,PCCA,PAM16,UBXN1,PCK2,DERA,APIP,CRYL1,SIDT2,MECR,ABHD17B,METTL9,LACTB2,RMDN1,HSD17B12,A4GNT,MRTO4,TUBD1,NIN,ABI3,PIGP,GLTP,MARCHF2,PIPOX,IER5,CDK17,GMPR2,PCYT1A,SLC25A37,GASK1B,RSRC1,MS4A4A,ZBTB7A,FZR1,TAOK3,CHST15,UBR5,PDE1C,TRPV2,PDE4B,PRKAG2,SNX9,ANAPC7,PDE4D,EVL,NAT8B,LIMA1,ANKFY1,RTCB,PDE8A,NCKIPSD,LARS1,CXXC5,ANAPC11,NT5DC3,IL23A,HDAC7,CYRIB,SRRT,ATP6V1H,CHMP3,CDK5RAP1,ASB2,SUFU,ENPP3,PDPK1,NLK,ACSL5,CAB39,RAPGEF6,WWOX,ARID4B,SYT17,RAB8B,MAP3K20,GALNT7,ADA2,ATP8B1,PFKFB3,CDK14,PGAM2,PGM1,PGM5,SLC25A3,PHKB,PHKG2,SERPINA1,ATP6V1C1,PIK3C2B,PIK3CB,PIK3CD,PIK3R1,PI4KB,ACP2,PIP4K2A,PITPNA,PLA2G4A,PLAG1,PLCB4,BCL11A,BTBD1,TM6SF1,SHC3,PLCG2,PLD1,TPCN1,CLIC5,FXYD3,P2RY13,FGFRL1,ACP5,SLC37A1,GSAP,NANS,ERRFI1,POLR2F,SSH1,RIN2,CCSER2,RETREG1,POR,TOLLIP,RNF216,PLEKHA5,PRMT7,RBM47,ADAMTSL4,POU2F1,DDX4,APBB1IP,MTMR12,LZTFL1,NDFIP2,INO80,PPARG,PPBP,HAUS6,AHI1,DYM,TENT5C,MTMR10,RNF43,SLC66A1,PXK,AUH,CDKAL1,MKS1,TASOR2,FOCAD,DUS2,CHCHD3,MRPL16,TRNAU1AP,UCKL1,TMEM132A,ACSM5,TESC,STX17,ZWILCH,WIPI1,PIWIL2,ARHGEF10L,TMEM33,SHQ1,TBCCD1,RIC8B,PLEKHG6,DCUN1D2,RCBTB1,P3H2,SMU1,UQCC1,TRAPPC14,VPS53,FGGY,ACOXL,PPP6R3,PPP3CA,GIMAP4,CPPED1,AGPAT5,SHFL,GIMAP5,CHDH,PI4K2A,LRRC59,NCBP3,CHST12,PRG2,CDCA7L,RBM38,SOX6,GALNT10,NAGK,CARMIL1,FERMT1,ASAP3,AMBRA1,SLC39A4,PRKAB1,FLVCR2,LYAR,RAB20,PIGV,PRKACA,NPLOC4,PACS1,FRMD4A,VAC14,NECAP2,FAR2,LMBR1L,POLR3E,PRKAR1A,HHAT,EDEM2,COA1,CDK5RAP2,INTS9,UGGT2,TTC17,INAVA,PRKCA,PRKCB,CSGALNACT1,PRKCD,ADAP2,TRERF1,PRKCE,RNF130,PECR,PRKCH,GLT8D1,EMC3,ARHGAP15,HDAC8,ASH1L,WSB2,PRKCZ,ACSS2,BIN3,RCC2,DMAP1,MAPK1,SULF2,SEPTIN3,BCAP29,MAPK8,MAPK13,PDGFC,MAP2K1,MAP2K6,MTFR1L,CTNNBL1,LRRC8A,PRPSAP1,LGMN,KCNQ5,HTRA1,MUC13,RETN,ZC3HAV1,UGGT1,KCMF1,MDM1,SPIRE1,MAP3K7CL,C1GALT1,SPPL2B,DUSP22,MFF,PSMB7,FAM20C,COQ8A,CTNNBIP1,PSMC1,YAE1,PSMD3,CASS4,PARP11,BACH1,PLAAT1,CAMK1D,MAN1C1,ADCK1,PAK5,SMURF1,PELI2,PELI1,ZMIZ1,ANKRD50,DENND11,ATP10A,TTC7A,SNX14,PTEN,SENP7,JPH3,MIF4GD,NDRG2,BIRC6,PPM1H,PTK2,CNOT6,GRAMD1B,ARID1B,ARHGAP31,HECW2,RPTOR,HACE1,SORCS2,TAOK1,NCEH1,MARCHF4,KIF17,PREX1,WDFY1,MRTFA,BEGAIN,FNIP2,USP36,DIP2B,SHROOM3,STIM2,CCDC146,COL20A1,QSOX1,SHTN1,PTPN1,NCKAP5L,WDFY4,DENND1A,MEAK7,SFMBT2,TRIB3,PTPN7,PTPN9,PTPN11,PTPRE,PTPRJ,PTPRN2,PTPRS,PTS,PXN,PLEKHB1,MS4A7,SRPRB,NLRC4,ARHGAP22,EPS15L1,RRAGD,MPP4,BCAT1,RAB27A,RAC1,RAD23B,RAF1,PGAP6,RALGDS,RAP1GDS1,RARA,RASA2,RASGRF1,HIVEP3,SCPEP1,LGR6,RBMS1,BCL2,BCL2A1,UPF1,BCL2L1,RGS3,RGS12,RHEB,BCL6,ELOVL5,PPCDC,SCOC,BCR,RPN1,RPS6,RPS6KA1,RPS6KA2,BDH1,RPS18,RRBP1,RREB1,CLIP1,RSU1,RXRA,S100A1,SORT1,S100A6,S100A8,S100A10,S100A11,S100A13,SAG,CELA2A,BFSP1,ATXN1,ATXN7,SCN1A,SCN8A,SCNN1A,CEACAM1,RNF123,THADA,UBE2O,SH2D4A,PRDM1,ELMO2,SEC14L1,KIF13A,SECTM1,TRAPPC2,BLK,SELL,SLC28A3,FN3K,TINAGL1,XYLT1,KIF9,ERAP2,NECAB1,TFB2M,TOR3A,ATL2,MS4A6A,ARHGEF28,RAB17,MAP1LC3B2,MMP25,BLVRA,SUDS3,SGK1,SCG5,SGTA,ITSN1,SH3GL1,CLEC7A,SH2D7,SMURF2,SMYD3,TNS3,CREB3L2,CRTC3,DEPTOR,ST6GAL1,ST3GAL1,MARCHF7,TUT1,NIBAN2,ST3GAL3,STIL,SKI,SLA,SLC1A3,VPS33A,SLC2A1,SLC2A5,NADK,SLC5A1,SLC8A1,NCF1C,SLC11A1,SLC18A2,SLC22A5,SLPI,PHACTR4,AACS,TRAK2,SUMO3,SNTB1,SNTB2,SOD1,BNIP3L,CAPN15,SORL1,DST,SPAG1,SPARC,SPAST,BPHL,SPTAN1,SPTBN1,SPTBN2,SRC,AKR1D1,SREBF2,BRAF,SRP68,SRPK2,DENND2B,STAC,STIM1,STK3,STK4,STX3,STX5,BSG,SYK,SYN2,TACC1,TAF6,KLF5,TBCD,TBXAS1,MSMP,TCF12,MLX,TFR2,TGFA,TGFB1I1,TGFB3,TGFBR2,TSPO,THRA,TIMP2,TIMP3,TK2,TKT,SERPING1,TRAPPC10,TMOD1,TNF,TNS1,TOP2B,TPD52,TPD52L1,TPM3,TPM4,TRAF3,TRIO,TSG101,EIPR1,DNAJC7,TTC3,TTK,C5AR1,CCR2,TXNRD1,TYK2,BORCS8,UBE2D3,UBE2E1,UCP3,UGCG,UGP2,UCK2,USP4,UPP1,UQCRH,UTRN,UVRAG,VAV2,VCL,VDAC2,VDR,EZR,MYRF,VWF,WARS1,WIPF1,WFS1,WNT3,XPC,XRCC4,XRCC5,YES1,LDLRAD4,YWHAG,YWHAZ,PTTG1IP,TMEM50B,PRCD,ZBTB16,TRIM26,CACNA1C,ZMYM2,ZYX,LUZP1,PRDM2,CSDE1,EVI5,ALMS1,RNF103,CACNB4,SLMAP,USP7,KCNAB1,CYREN,CUEDC2,DBNDD1,AHNAK,ZNF655,AFG2B,NABP2,ASPSCR1,METTL16,FTO,CARD14,TMEM43,BCL2L14,NOX5,FYCO1,CARS2,ARMH3,NAA16,CCNJL,GALNT14,SH3TC2,FAM184A,ARSJ,MCPH1,RHBDF2,BEND5,ARHGAP10,DYNC2H1,NLRX1,NARS2,TTLL7,CLIP4,MCTP1,IQCA1,MYH14,CLMN,MOB3B,CAMKMT,CLMP,PEAK1,CCDC102B,RNF122,TM4SF20,RPAP2,UBA5,PLBD1,LPCAT1,RIN3,ATP8B4,MAP6D1,TNIP3,KIAA0319L,KAT6A,SYNDIG1,DENND2D,CALD1,DOCK5,DGLUCY,SLC8B1,BICC1,BAIAP2L2,UXS1,SLC66A2,CHD9,OPA3,ARMC9,ACSF2,RAB11FIP1,RUFY1,CEP63,EDEM3,STAM,CUBN,NCOA4,EPC1,PNPLA3,COASY,CYB5B,COL18A1,CMIP,CEP44,FXR1,ILKAP,ACTN4,CALR,SLC7A5,TAF15,DCSTAMP,VOPP1,CLPB,ITM2C,TSPAN14,AKAP1,CAMK2D,DOCK8,RNF170,CAMK2G,SBF2,CAMP,NRIP1,GATD3,CAPG,SYN3,PUDP,USP9X,CAPN2,CAPN3,EPX,TRRAP,AXIN1,CAPZB,CARS1,PITPNM3,CASP1,GSG1,APH1B,ARHGAP24,DNAL1,COG3,ZMIZ2,TLN2,SESN2,TRAPPC9,FERMT3,RIOK1,SLC25A18,MAD1L1,ROPN1L,RSPH3,TBC1D10A,SPATA16,STK40,PIP5K1B,PLA2G6,ARB2A,CTTNBP2,CASP7,B3GNT5,DTNBP1,FHIP1B,QRICH2,EEA1,BCAR3,ACAD11,ANTXR1,ZMYND15,LRRC8C,ZDHHC18,GARNL3,HSDL2,SLC25A33,STK24,RNF135,NR0B2,CCDC115,HPS3,SOAT2,NSMAF,NCK2,CYSTM1,CARD11,RAB11FIP4,DOT1L,SLX4,CASQ2,SPIRE2,TPST2,TPST1,TNRC18,RNASE7,TRIM55,HINT2,CRACR2A,RIOX2,HAVCR2,AGBL4,MFSD2A,AIFM2,ZNRF1,ABHD13,SERAC1,PPFIBP2,UBASH3B,PPFIA1,REPS1,KCNAB2,GAS7,DGKD,YBX3,LGALS12,COPS3,STON2,SELENOI,CDC14A,DEGS1,PDXK,MKNK1,STK16,RUNX2,SLC25A12,PLPP3,CDK13,CBFA2T3,HSD17B6,DNAH17,AOC3,TNKS,EIF3J,EIF4G3,PEA15,MARCO,DGAT1,ACTN1,B4GALT4,MBTPS1,URI1,MYOM1,CRADD,TNFSF12,ADAM15,CDS2,NAPA,RGS9,TNFRSF11A,CREG1,DCAF5,IQGAP1,NRP1,KYAT1,SYNGAP1,GMPS,TMEM11,KSR1,KAT2B,ASAP2,PROZ,PER2,SYNJ1,ST3GAL5,ARHGEF7,SGPL1,TRIM4,HERC1,CCND2,BTRC,UMODL1,HPS4,NAV1,PPP1R3F,MVB12B,SEC16B,PLCZ1,TRIM15,ATP6V0E1,PGLYRP1,LIMD1,RSPRY1,UBE3D,PHLDB2,SYS1,MAP3K14,OTULIN,PKD2L1,CCRL2,MCFD2,ERI1,PSTPIP2,PSTPIP1,MCU,STARD13,COX19,LRSAM1,CLDN10,ANGEL2,CFAP119,ZNF598,PKMYT1,ACVR1B,DPP9,MTMR7,DDX60L,CD2,RNF185,PKDCC,COL23A1,RSAD2,UBXN11,DGKI,ATPAF2,MYOM2,CABLES1,MYLK3,ARRDC4,XPR1,UBTD2,NOLC1,RCSD1,DLG5,UBE2L6,SPECC1,BICDL1,MFHAS1,PDLIM7,MAPKAPK2,CYTH3,CYTH1,DTD1,DPH7,DNER,CD9,NREP,TRIP4,CD163,B4GALT5,CPNE6,NHERF1,KIF3B,OTOF,TGFBRAP1,RECQL5,PAXBP1,SYTL3,FADS2,TP53INP1,CDYL,MED27,AIM2,MAP4K4,CHST3,CD36,SLC4A8,RPH3AL,SPTLC2,SEC22B,GTPBP1,GTF2IRD1,NR1D1,BABAM2,PREPL,AKAP12,CYTIP,CD44,RNF7,ABCG1,AATK,SNCAIP,CD53,FEZ2,ARHGEF10,SH3PXD2A,MICAL2,PPM1F,RALGPS1,TTLL4,CD59,DZIP3,SAFB2,SDC3,CD68,N4BP1,NUP93,PRORP,RAPGEF2,FAM131B,NOS1AP,DOCK4,HDAC9,PHACTR2,RIPOR2,HDAC4,ADGRE5,KIAA0513,CD151,ATG13,TM9SF4,TBC1D5,CDA,KIAA0586,CTIF,DNAJC6,ZEB2,TESPA1,ELMO1,GAB2,RUSC2,C2CD2L,FARP2,KIAA0319,CEP350,LRBA,AREL1,FCHSD2,TBC1D4,FIG4,KLHL21,RBM19,RABGAP1L,TMCC2,FAM20B,NCAPD2,RNF10,IQSEC1,XYLB,GFPT2,WDR1,SLC23A2,DOP1B,CDH1,CASP8AP2","Sputum_Paucigranulocytic"
"BP","vesicle-mediated transport",1523,321,4.50779438305275e-06,0.0020719395655136,"RASGRP1,WASF2,STX6,AP3S2,ABCC4,RAMP2,RTN3,CACNG3,VAV3,MERTK,CAP1,CEBPE,EXOC5,LILRB1,USP20,EHD1,LILRB4,RAB31,PACSIN2,SNX18,SCN11A,VPS26B,LYST,EXOC3,BTBD9,OSBPL1A,OSBPL5,MARCHF3,CLNK,AP2M1,CLU,WDR81,COPA,ADORA1,ADORA2B,VTI1A,LDLRAD3,PRICKLE1,GSG1L,CNIH3,ENTHD1,GRK3,VPS13B,AP2A2,AP2B1,CNST,DNM1,DOCK1,DOCK2,DPYSL2,EFNB2,EGF,ANO6,ARHGAP27,TSNARE1,FCER1G,FCER2,FGR,COPG1,AAK1,LMTK2,ATG14,INPP5F,TRAPPC8,DENND3,EPN2,CD93,SV2C,TMCC1,FNBP1,GGA2,ERC1,KIF1B,TBC1D2B,FCHO1,SEPTIN8,RHOBTB2,EXOC6B,CLEC16A,MGRN1,BICD2,VPS39,SYNE1,VPS8,PIP5K1C,TMED3,LEPROTL1,MACF1,FPR2,SH3BP4,ABL1,FYN,SNX33,SEC31B,ERC2,GAPVD1,GATA1,BLOC1S6,ARFGAP3,ATP2C1,TRAPPC3,SGSM3,BIN1,CECR2,GOLGA4,ANGPT1,ILDR1,GRK4,SNX8,SNX10,EEF2K,PACSIN1,SH3KBP1,ANXA1,ANXA2,ANXA3,HTT,HFE,CD209,HIP1,ANXA11,HSPG2,IRF8,SYCN,IGF1R,TICAM2,IL4,INSR,ITGA4,ITGAL,ITGAM,ITGB2,ITGB3,TBC1D10C,ATP9B,ARF1,MIA3,LIMK1,LIPA,LRP1,LYN,ARRB1,MET,MKLN1,ASGR1,ASGR2,MYO1E,NCF2,NOTCH1,NPC1,ATP2A2,P2RX1,P2RX7,P2RY6,ATP6V0A4,ITSN2,PRKN,MARCHF2,SNX9,ANKFY1,NCKIPSD,ATP6V1H,CHMP3,ENPP2,PDPK1,SYT17,RAB8B,ATP6V1C1,PIK3CB,PIK3CD,PI4KB,PIP4K2A,PLCG2,PLD1,TPCN1,TREM2,RIN2,AHI1,PXK,STX17,WIPI1,VPS53,PPP3CA,CARMIL1,LYAR,RAB20,VAC14,NECAP2,LMBR1L,PRKCB,AXL,PRKCD,PRKCE,BIN3,MAPK1,BCAP29,MAP2K1,SPIRE1,CAMK1D,ANKRD50,PTEN,PTK2,KIF17,PTPN1,DENND1A,PTPRJ,CXCL16,EPS15L1,RAB27A,RAC1,RARA,BCL2L1,BCR,SORT1,S100A10,S100A13,SAG,CEACAM1,CCL21,UBE2O,ELMO2,KIF13A,TRAPPC2,TINAGL1,RAB17,ITSN1,SH3GL1,CLEC7A,CREB3L2,VPS33A,SLC11A1,SLC18A2,SOD1,SORL1,SPAST,SPTBN1,SPTBN2,SRC,BRAF,STX3,STX5,SYK,SYN2,TFR2,TRAPPC10,TNF,TSG101,EIPR1,CCR2,UVRAG,VAV2,EZR,YES1,TMEM50B,TVP23A,EVI5,ALMS1,CACNB4,USP7,MCTP1,RIN3,SYNDIG1,SLC66A2,RAB11FIP1,RUFY1,STAM,CUBN,CALR,SYN3,COG3,TRAPPC9,TBC1D10A,PLA2G6,DTNBP1,FHIP1B,EEA1,RAB11FIP4,SPIRE2,SFT2D3,MFSD2A,REPS1,DGKD,STON2,PLPP3,MARCO,MBTPS1,NAPA,CREG1,NRP1,SYNJ1,HPS4,SEC16B,TSPAN18,SYS1,MCFD2,CCDC32,PSTPIP1,LRSAM1,PKDCC,RCSD1,PDLIM7,MAPKAPK2,CYTH3,CYTH1,DNER,CD9,CD163,KIF3B,OTOF,TGFBRAP1,SYTL3,CD36,SLC4A8,RPH3AL,SEC22B,PREPL,CD81,CD151,TM9SF4,TBC1D5,DNAJC6,ELMO1,GAB2,FCHSD2,TBC1D4,RABGAP1L,DOP1B","Sputum_Paucigranulocytic"
"BP","cytokine production",875,162,4.55892352911811e-06,0.0020719395655136,"ADAM8,RASGRP1,BTN3A3,BTN2A2,NOD1,GPNMB,MERTK,IGF2BP2,LILRB1,MALT1,LILRB4,CHI3L1,NLRP3,ERMAP,C1QTNF3,CLNK,CLC,CLU,CMKLR1,ADORA2B,NFAM1,ZFPM1,SERPINB1,NLRP7,EZH2,FCER1G,FGR,NLRP1,ZBTB1,MAST2,RFTN1,DTX4,DICER1,MORC3,PLD3,ALOX5,PANX1,IL27,ABL1,ZBTB20,GATA3,ZBTB32,FOXP1,TNFRSF21,CCDC88B,ANGPT1,SETD2,ANXA1,ANXA4,HFE,HIF1A,HK1,HLA-A,HSPD1,FFAR4,IRF8,IFI16,TICAM2,IL4,IL5RA,IL6R,IL16,IL18,IDO1,INHBA,INPP5D,IRF5,SCIMP,SIGLEC16,LTBP1,LTF,LYN,ARRB1,SMAD3,MBP,MEFV,CARD17P,NFATC2,NFATC3,P2RX7,PDE4B,PDE4D,IL23A,HDAC7,CYRIB,PIK3CD,PIK3R1,PLCG2,ACP5,TREM2,TREM1,RNF216,RBM47,LGR4,PRG2,FERMT1,NPLOC4,INAVA,AXL,PRKCZ,SULF2,MAPK13,MAP2K5,CRTAM,ZC3HAV1,PELI1,MIR146B,NDRG2,PTPN11,PTPRJ,PTPRS,NLRC4,RAC1,RARA,BCL6,RORA,S100A13,CEACAM1,VSIR,CLEC7A,SLC11A1,SOD1,SORL1,SPTBN1,SRC,SYK,TGFB3,TSPO,TNF,TRAF3,C5,C5AR1,CCR2,TYK2,EZR,CUEDC2,NOX5,NLRX1,FXR1,SLC7A5,CAPN2,EPX,CASP1,RNF135,CARD11,HAVCR2,RUNX1,IQGAP1,NAV3,TRIM15,SLAMF9,PGLYRP1,CD2,RSAD2,ARRDC4,CD6,MAPKAPK2,CD80,CD86,AIM2,CD36,AKAP12,N4BP1,HDAC9,CD81","Sputum_Paucigranulocytic"
"BP","regulation of response to biotic stimulus",507,108,4.96456368492088e-06,0.00221205382698318,"MICA,ADAM8,RASGRP1,ZMPSTE24,ADAR,NOD1,TRAF3IP2,LILRB1,PHB2,NLRP3,CLNK,SH2D1B,PIK3AP1,SLC15A4,CREBBP,CRK,PIK3R6,DCST1,DAPK1,ESR1,FGR,NLRP1,SIRT2,NT5C2,GRAMD4,RFTN1,DTX4,SASH1,FPR2,IL27,FYN,SAMHD1,SIN3A,FOXP1,UBE2K,HLA-A,MR1,HSPD1,IFI16,TICAM2,IKBKB,IL4,IRAK2,SCIMP,SIGLEC16,LRCH4,LTF,LYN,MEFV,MNDA,NFE2L2,NINJ1,PCBP2,IL23A,PDPK1,PIK3R1,PLCG2,TREM2,RNF216,RBM47,PPARG,SUSD4,LGR4,NAGK,LYAR,NPLOC4,INAVA,PRKCA,PRKCE,MAPK8,MAP2K6,CRTAM,PELI1,WDFY1,PTPN1,PTPN11,PTPRS,NECTIN2,NLRC4,CEACAM1,SEC14L1,CLEC7A,SRC,SYK,SERPING1,TNF,TRAF3,XRCC5,YWHAZ,NLRX1,TNIP3,CEP63,CLPB,CASP1,ZDHHC18,RNF135,HAVCR2,ZNRF1,TRIM15,OTULIN,LRSAM1,RNF185,RSAD2,MFHAS1,MAPKAPK2,AIM2,LY86,CD36,NR1D1,N4BP1","Sputum_Paucigranulocytic"
"MF","enzyme regulator activity",1265,268,5.09996991955153e-06,0.00222868685484402,"SH2D3C,SAE1,RASGRP1,FRY,FAM13A,RCAN2,NOD1,DLC1,CDC42EP2,VAV3,TAB1,TXNIP,RGS14,GNB5,CTSC,AHCYL1,IQGAP2,MALT1,LILRB4,ADAP1,PKIG,AKAP13,CHN1,CHN2,CHP1,NLRP3,ARAP1,FGD4,WDR81,MOB3A,PIK3R6,CCNYL1,CTSH,FGD5,RASGEF1B,SH3RF2,DAXX,WFDC13,DOCK1,DOCK2,EFNA5,EGF,SERPINB1,NLRP7,SPRED2,MARK2,ARHGAP27,ERCC6,ESR1,CCNY,SPATA13,PHACTR1,RASA3,LMTK2,NLRP1,DENND3,TBC1D9B,SWAP70,ARHGAP26,SIPA1L3,MCF2L2,TBC1D2B,RAP1GAP2,TBC1D9,FAF2,TBC1D1,DOCK9,PSD3,ARHGEF18,CABIN1,ARHGAP45,PIK3R5,PSD4,RABGAP1,HSPBP1,SH3BP4,ALK,FYN,TBC1D22A,RASGRP3,NGEF,TNFAIP8,PLEKHG3,GAPVD1,TIAM2,FBXO8,ARFGAP3,NUPR1,CYTH4,CPAMD8,SGSM3,BIN1,MAT2B,GM2A,GMFB,GNA12,GNAQ,WFDC10B,PPP1R37,SH3PXD2B,RAPGEF1,ABR,ARHGAP35,RACGAP1,GUCA2A,PSMC3IP,ANXA1,ANXA2,ANXA3,ANXA4,NRG1,APLP2,TBC1D10C,RHOH,LTF,ARRB1,CARD17P,IQSEC3,MYO9A,MYO9B,PPP1R12B,NCF2,NCK1,NF1,NGF,NOTCH1,ATP2A3,ATP2B4,ITSN2,ARHGEF3,ASAP1,PCNA,FZR1,TAOK3,ANGPT4,PRKAG2,PDE6H,PDE8A,LARS1,ATP6V1H,PDPK1,CAB39,RAPGEF6,MAP3K20,SERPINA1,PIK3R1,ERRFI1,TREM2,RIN2,DUS2,TESC,ARHGEF10L,RIC8B,PLEKHG6,PPP2R3A,PPP6R3,ASAP3,PRKAR1A,DEPDC1B,PRKCD,ADAP2,PRKCE,ARHGAP15,RCC2,MAPK8,MAP2K1,PRPSAP1,PSMD3,DENND11,BIRC6,ARHGAP31,RPTOR,TAOK1,PREX1,DENND1A,TRIB3,NLRC4,ARHGAP22,RALGDS,RAP1GDS1,RASA2,RASGRF1,KDM5A,RGS3,RGS12,RHEB,BCR,RPS6KA1,SAG,THADA,VSIR,ARHGEF28,SCG5,ITSN1,DEPTOR,SKI,NCF1C,SLPI,PHACTR4,SRC,DENND2B,STK3,STK4,TBCD,TGFA,TGFBR2,TIMP2,TIMP3,SERPING1,TRIO,C5,VAV2,WARS1,XRCC5,YWHAG,EVI5,CCNJL,ARHGAP10,PRKRIP1,MOB3B,RIN3,DENND2D,DOCK5,CYB5B,DOCK8,SBF2,CAPN3,CASP1,APH1B,ARHGAP24,SESN2,TBC1D10A,BCAR3,GARNL3,NSMAF,SLX4,ITPRIP,URI1,RGS9,IQGAP1,NRP1,SYNGAP1,KAT2B,ASAP2,ARHGEF7,HERC1,CCND2,BTRC,UMODL1,HPS4,MAP3K14,STARD13,CYTH3,CYTH1,AIM2,TCL1B,ARHGEF10,SH3PXD2A,RALGPS1,RAPGEF2,DOCK4,PHACTR2,ATG13,TBC1D5,ZEB2,ELMO1,FARP2,TBC1D4,RABGAP1L,IQSEC1,CASP8AP2","Sputum_Paucigranulocytic"
"BP","myeloid cell differentiation",427,105,6.00387834627646e-06,0.00257419116114691,"TSPAN2,TRIM10,WASF2,CDK6,ADAR,IKZF1,PIAS3,CEBPE,KLF1,FAXDC2,LILRB1,LILRB4,BATF2,OSCAR,CREB1,ZFPM1,TMEM64,GPR183,EPAS1,ALAS1,ETS1,PTK2B,FBN1,MTURN,SBNO2,FLI1,RCOR1,BRD1,ZNF385A,DHRS7B,L3MBTL1,GATA1,GATA3,FOXP1,SIGLEC15,HIPK2,NR3C1,RACGAP1,TMOD3,SNX10,GPR171,ANXA2,HCLS1,HIF1A,HSF1,IRF8,IFI16,IL4,INHBA,INPP5D,ITPKB,KCNQ1,LBR,LIPA,LTBR,LTF,LYN,MEF2C,MITF,RHEX,NEDD9,NF1,NOTCH2,ZBTB7A,IL23A,PIK3CD,PIK3R1,PIP4K2A,TREM2,PPARG,TESC,PPP3CA,LYAR,PRKCA,FAM20C,CTNNBIP1,RPTOR,PTPN11,RARA,ARID4A,BCL6,RPS6,CEACAM1,VPS33A,SRC,TGFBR2,THRA,TNF,C1QC,ZBTB16,UBA5,KAT6A,GPR68,DCSTAMP,CLPB,UBASH3B,RUNX1,CBFA2T3,CBFB,ACTN1,TNFRSF11A,ACVR1B,MFHAS1,GPR55,SH3PXD2A,CD81,GAB2,FARP2,WDR1","Sputum_Paucigranulocytic"
"MF","enzyme activator activity",576,142,6.26962272404935e-06,0.00259696792895124,"SAE1,FAM13A,NOD1,DLC1,CDC42EP2,VAV3,TAB1,RGS14,GNB5,CTSC,IQGAP2,MALT1,ADAP1,CHN1,CHN2,NLRP3,ARAP1,MOB3A,CCNYL1,CTSH,DAXX,DOCK1,DOCK2,EFNA5,EGF,MARK2,ARHGAP27,ERCC6,CCNY,RASA3,NLRP1,TBC1D9B,ARHGAP26,SIPA1L3,TBC1D2B,RAP1GAP2,TBC1D9,TBC1D1,ARHGAP45,RABGAP1,ALK,FYN,TBC1D22A,RASGRP3,GAPVD1,TIAM2,ARFGAP3,NUPR1,SGSM3,GM2A,GMFB,GNAQ,SH3PXD2B,ABR,ARHGAP35,RACGAP1,GUCA2A,PSMC3IP,NRG1,TBC1D10C,LTF,ARRB1,MYO9A,MYO9B,PPP1R12B,NCF2,NF1,ATP2A3,ASAP1,PCNA,FZR1,ANGPT4,PRKAG2,PDE8A,LARS1,PDPK1,CAB39,MAP3K20,PIK3R1,ERRFI1,TREM2,RIN2,ARHGEF10L,PLEKHG6,ASAP3,DEPDC1B,PRKCD,ADAP2,PRKCE,ARHGAP15,MAP2K1,ARHGAP31,RPTOR,TAOK1,PREX1,NLRC4,ARHGAP22,RASA2,RGS3,RGS12,RHEB,BCR,VSIR,NCF1C,PHACTR4,SRC,STK3,STK4,TBCD,TGFA,TGFBR2,XRCC5,EVI5,ARHGAP10,MOB3B,RIN3,DOCK5,CYB5B,CASP1,APH1B,ARHGAP24,TBC1D10A,GARNL3,NSMAF,SLX4,RGS9,IQGAP1,NRP1,SYNGAP1,ASAP2,CCND2,BTRC,STARD13,AIM2,TCL1B,SH3PXD2A,RAPGEF2,DOCK4,ATG13,TBC1D5,TBC1D4,RABGAP1L,CASP8AP2","Sputum_Paucigranulocytic"
"BP","regulation of defense response",810,154,6.2855675097834e-06,0.00259696792895124,"ADA,CDH5,MICA,ADAM8,RASGRP1,LPCAT3,ZMPSTE24,ADAR,NOD1,CELF1,CTSC,TRAF3IP2,LILRB1,PHB2,MGLL,NLRP3,C1QTNF3,CLNK,SH2D1B,PIK3AP1,SLC15A4,ADORA1,ADORA2B,CREBBP,CRK,PIK3R6,DCST1,CYP19A1,NLRP7,ESR1,ETS1,FABP4,FGR,NLRP1,SBNO2,SIRT2,NT5C2,GRAMD4,RFTN1,DTX4,FPR2,ALOX5,IL27,FYN,SAMHD1,SIN3A,ABHD12,GATA3,NUPR1,FOXP1,STK39,METRNL,GPER1,ANXA1,UBE2K,HLA-A,AOAH,HSPD1,FFAR4,IFI16,TICAM2,IKBKB,IL4,IL16,IL18,IDO1,IRAK2,KARS1,SCIMP,SIGLEC16,LRCH4,LTF,LYN,SMAD3,MEF2C,MEFV,MNDA,ABCC1,NFE2L2,NINJ1,NPAS2,PCBP2,IL23A,ENPP3,PDPK1,PIK3R1,PLCG2,ACP5,TREM2,RNF216,RBM47,PPARD,PPARG,SUSD4,LGR4,NAGK,LYAR,NPLOC4,INAVA,PRKCD,PRKCE,ASH1L,MAPK8,MAPK13,MAP2K6,CRTAM,SUCNR1,PELI1,WDFY1,PTPN1,PTPN11,PTPRS,NECTIN2,NLRC4,BCL6,RORA,BCR,S100A8,CEACAM1,SEC14L1,CLEC7A,SOD1,SRC,SYK,SERPING1,TNF,TRAF3,CCR2,XRCC5,YES1,YWHAZ,MCPH1,RHBDF2,NLRX1,TNIP3,CEP63,FXR1,CLPB,CASP1,ZDHHC18,RNF135,HAVCR2,ZNRF1,TNFRSF11A,TRIM15,PGLYRP1,OTULIN,LRSAM1,RNF185,RSAD2,MFHAS1,MAPKAPK2,AIM2,CD36,NR1D1,N4BP1,CD81,AREL1","Sputum_Paucigranulocytic"
"BP","production of molecular mediator of immune response",225,55,7.19770521657714e-06,0.00292072595252677,"NOD1,TRAF3IP2,LILRB1,MALT1,LILRB4,PHB2,NLRP3,CLNK,CLC,SLC15A4,CCR6,GAPT,SWAP70,PANX1,SAMHD1,GATA3,GPI,ANGPT1,HFE,HK1,HLA-A,HSPD1,TICAM2,IL4,IL18,IRF5,SCIMP,P2RX7,PLCG2,ACP5,TREM1,PRG2,INAVA,AXL,PRKCZ,CTNNBL1,HMCES,RBP4,BCL6,CLEC7A,SYK,TGFB3,TNF,CCR2,XRCC4,CYREN,CUEDC2,NLRX1,SLC7A5,EPX,SLAMF9,RSAD2,MAPKAPK2,CD86,CD36,CD81","Sputum_Paucigranulocytic"
"BP","positive regulation of leukocyte activation",373,90,8.20752525042841e-06,0.00327206673317079,"ADA,ADAM8,RASGRP1,BTN2A2,VAV3,CTSC,LILRB1,MALT1,LILRB4,NLRP3,ADORA2B,PIK3R6,GPR183,EFNB2,FGR,ZBTB1,FCHO1,ABL1,FYN,GATA1,GATA3,BLOC1S6,CCDC88B,SH3KBP1,ANXA1,CD209,HLA-A,HLA-DMB,HLA-DQA2,HLA-DRA,HSPD1,TICAM2,IL4,IL18,INPP5D,ITGAM,ITGB2,ITPKB,KARS1,RHOH,LYN,MEF2C,NCK1,NFATC2,IL23A,CYRIB,PDPK1,PLA2G4A,TREM2,PPP3CA,AMBRA1,AXL,PRKCZ,HMCES,PELI1,ZMIZ1,ARID1B,PTPN11,NECTIN2,RARA,BCL2,BCL6,CCL21,VSIR,CLEC7A,SLC7A1,SMARCA2,SMARCD2,SRC,SYK,TGFBR2,TNF,CCR2,TYK2,YES1,ZBTB16,DOCK8,ARID1A,NCK2,CARD11,HAVCR2,RUNX1,CBFB,CD2,CD6,CD80,CD86,CD81,TOX,TESPA1,GAB2","Sputum_Paucigranulocytic"
"BP","regulation of cytokine production",862,158,8.40840952369108e-06,0.0032805855418487,"ADAM8,RASGRP1,BTN3A3,BTN2A2,NOD1,GPNMB,MERTK,IGF2BP2,LILRB1,MALT1,LILRB4,CHI3L1,NLRP3,ERMAP,C1QTNF3,CLNK,CLC,CLU,CMKLR1,ADORA2B,NFAM1,ZFPM1,SERPINB1,NLRP7,EZH2,FCER1G,FGR,NLRP1,ZBTB1,MAST2,RFTN1,DTX4,DICER1,MORC3,PLD3,ALOX5,PANX1,IL27,ABL1,ZBTB20,GATA3,ZBTB32,FOXP1,TNFRSF21,CCDC88B,ANGPT1,SETD2,ANXA1,ANXA4,HFE,HIF1A,HK1,HLA-A,HSPD1,FFAR4,IRF8,IFI16,TICAM2,IL4,IL5RA,IL6R,IL16,IL18,IDO1,INHBA,INPP5D,IRF5,SCIMP,SIGLEC16,LTBP1,LTF,LYN,ARRB1,SMAD3,MBP,MEFV,CARD17P,P2RX7,PDE4B,PDE4D,IL23A,HDAC7,CYRIB,PIK3CD,PIK3R1,PLCG2,ACP5,TREM2,RNF216,RBM47,LGR4,PRG2,FERMT1,NPLOC4,INAVA,AXL,PRKCZ,SULF2,MAPK13,MAP2K5,CRTAM,ZC3HAV1,PELI1,MIR146B,NDRG2,PTPN11,PTPRJ,PTPRS,NLRC4,RAC1,RARA,BCL6,RORA,S100A13,CEACAM1,VSIR,CLEC7A,SLC11A1,SOD1,SORL1,SPTBN1,SRC,SYK,TGFB3,TSPO,TNF,TRAF3,C5,C5AR1,CCR2,TYK2,EZR,CUEDC2,NOX5,NLRX1,FXR1,SLC7A5,CAPN2,EPX,CASP1,RNF135,CARD11,HAVCR2,RUNX1,IQGAP1,NAV3,TRIM15,PGLYRP1,CD2,RSAD2,ARRDC4,CD6,MAPKAPK2,CD80,CD86,AIM2,CD36,AKAP12,N4BP1,HDAC9,CD81","Sputum_Paucigranulocytic"
"BP","lymphocyte mediated immunity",291,64,8.51762660487034e-06,0.0032805855418487,"MICA,RASGRP1,BTN3A3,CTSC,TRAF3IP2,LILRB1,MALT1,LILRB4,LYST,NLRP3,CLNK,SH2D1B,CLC,CLU,SLC15A4,CCR6,RNF19B,CRK,PIK3R6,CTSH,GAPT,FCER1G,FCER2,ZBTB1,SWAP70,RFTN1,GATA3,HFE,HLA-A,HLA-DRA,MR1,HSPD1,IL4,IL18,INPP5D,KIF5B,P2RX7,IL23A,CYRIB,TREM2,SUSD4,PRKCD,PRKCZ,CRTAM,DUSP22,HMCES,NECTIN2,RAB27A,BCL6,CEACAM1,SERPING1,C1QA,TNF,C1QB,C1QC,C1S,C5,CCR2,C8A,C8B,HAVCR2,CD2,RSAD2,CD80,CD81","Sputum_Paucigranulocytic"
"BP","positive regulation of molecular function",1269,268,8.79137291276492e-06,0.00332958596782783,"ADAM8,RASGRP1,NOD1,DLC1,TAB1,MERTK,CAP1,SEMA4D,CAMKK2,GNB5,MALT1,CHI3L1,SNX18,CHP1,PHB2,NLRP3,ZNF618,ARAP1,ADD1,CLU,SPPL3,ADORA2B,ADORA3,CACUL1,PIK3R6,NFAM1,CTSH,RASGEF1B,DAP,DAPK1,DAXX,EGF,MARK2,ARHGAP27,EPB41,ERN1,ESR1,EZH2,PTK2B,CCNY,FCER2,FDX1,FGR,NLRP1,ATG14,MAPRE3,SIRT2,TBC1D9B,ERC1,SIPA1L3,TBC1D2B,RAP1GAP2,TAB2,GRAMD4,TBC1D9,FLT1,TBC1D1,SASH1,DOCK9,ARHGAP45,PIK3R5,ALK,ABL1,FYN,SERINC5,TBC1D22A,RASGRP3,NGEF,PARM1,TIAM2,GATA3,GCH1,AMFR,CYFIP2,STK39,SGSM3,GNA12,GNAQ,SLCO3A1,ANG,ANGPT1,GPER1,RAPGEF1,HIPK2,ABR,UHRF1,PILRB,ANXA2,HCLS1,ANXA3,HTT,HFE,KCNIP2,NRG1,HIF1A,HIP1,HSF1,HSPD1,IFI16,IGF1R,TICAM2,IKBKB,IL4,IL6R,IL18,INSR,ITGA6,IRAK2,ITGAM,ITGB2,ITGB3,TBC1D10C,STIMATE,LCP2,LRP1,LTF,LYN,MIR143,SMAD3,MBP,MEF2C,MEFV,MET,MAP3K10,ASPH,NEDD9,NF1,NGF,ATP2A3,ATP2B4,P2RY6,PRKN,PARN,PCNA,ZBTB7A,FZR1,TAOK3,PRKAG2,SNX9,LARS1,IL23A,PDPK1,CAB39,RAPGEF6,PIK3CB,PLCG2,TREM2,POR,PPARG,TESC,LGR4,ASAP3,AMBRA1,PRKCB,AXL,PRKCD,PRKCH,PRKCZ,MAPK1,MAPK8,PDGFC,MAP2K1,MAP2K5,LGMN,CASS4,CAMK1D,PTEN,TMIGD3,PTK2,RPTOR,PREX1,STIM2,PTPN1,TRIB3,NLRC4,ARHGAP22,RAF1,RALGDS,RAP1GDS1,RARA,RASGRF1,RFC3,BCR,RSU1,RXRA,S100A1,S100A8,S100A10,CCL13,CCL18,CCL20,CCL21,CCL22,CCL25,BLK,VSIR,SGK1,CLEC7A,CRTC3,NIBAN2,SKI,SLC11A1,PHACTR4,SOD1,SORL1,SRC,STAC,STIM1,STK3,STK4,SYK,TCF7L2,TGFBR2,TNF,TPD52L1,C5AR1,CCR2,VDR,XRCC4,XRCC5,TRIM26,CACNA1C,EVI5,CARD14,HMGA2,ACTN4,DOCK8,MED25,USP9X,CAPN3,AXIN1,CASP1,APH1B,ARHGAP24,TBC1D10A,BCAR3,ARID5B,GARNL3,CARD11,CRACR2A,ORAI1,PLPP3,TNKS,CRADD,TNFSF10,RGS9,TNFRSF11A,IQGAP1,NRP1,ARHGEF7,CCND2,BTRC,TRIM15,ARRDC4,GPR55,CD86,AIM2,MAP4K4,CD36,TCL1B,ARHGEF10,PPM1F,RALGPS1,RAPGEF2,NOS1AP,RIPOR2,HDAC4,TBC1D5,TBC1D4,TNFSF15,CASP8AP2","Sputum_Paucigranulocytic"
"BP","regulation of immune effector process",385,81,1.01519266483984e-05,0.00378184231406894,"MICA,RASGRP1,NOD1,LILRB1,MALT1,LILRB4,PHB2,NLRP3,CLNK,SH2D1B,CLC,SLC15A4,ADORA2B,CRK,PIK3R6,FCER2,FGR,ZBTB1,PANX1,IL27,GATA1,GATA3,GPI,ANGPT1,ANXA1,HFE,HK1,HLA-A,HLA-DMB,HLA-DRA,MR1,HSPD1,TICAM2,IL4,IL18,IRF5,ITGAM,ITGB2,SCIMP,LYN,P2RX7,IL23A,CYRIB,ENPP3,PDPK1,PLCG2,ACP5,TREM2,SUSD4,PRG2,INAVA,AXL,PRKCZ,CRTAM,DUSP22,HMCES,PTPRJ,NECTIN2,RARA,RBP4,BCL6,BCR,CEACAM1,CLEC7A,SYK,TGFB3,SERPING1,TNF,CCR2,CUEDC2,NLRX1,SLC7A5,EPX,HAVCR2,PGLYRP1,RSAD2,MAPKAPK2,CD80,CD86,CD36,CD59,CD81,GAB2","Sputum_Paucigranulocytic"
"CC","secretory granule",887,167,1.15614702007061e-05,0.00423746530388462,"ADAM8,LHFPL2,ADAM10,ABCC4,BAIAP2,CAP1,CTSC,IQGAP2,CKAP4,RAB31,CHI3L1,EXOC3,CLU,SLC15A4,OSCAR,CPE,LRGUK,TMEM190,DCST1,NFAM1,CTSB,CTSH,CTSZ,CXADR,VPS13B,AP2A2,CLEC4C,DYNC1H1,DOCK2,DSC1,EEF1A1,EEF2,EGF,ANO6,SERPINB1,F13A1,FCER1G,ADGRG3,FGR,CD93,FAF2,ATP11A,DMXL2,UBR4,COTL1,ARHGAP45,ATP6V0A2,FPR2,HEBP2,ALOX5,GAA,ARMC8,MYRIP,B4GALT1,LAMP3,SIGLEC9,GLB1,CRCP,GM2A,GNS,GPI,RACGAP1,OLA1,SNX10,GUSB,GYG1,ANXA2,ANXA3,HEXA,HEXB,ANXA11,HSPD1,APLP2,SYCN,DYNLT4,TICAM2,ITGAL,ITGAM,ITGB2,ITGB3,ITPR1,ITPR2,TBC1D10C,LOXL1,LTA4H,LTF,ARSB,ASTL,MNDA,NCF2,NOTCH1,P2RX1,DERA,CYRIB,CAB39,ADA2,PGM1,SERPINA1,PLD1,TOLLIP,PPBP,CPPED1,PRG2,PRKACA,PRKCD,MAPK1,RETN,KCMF1,PSMB7,PSMD3,QSOX1,PTPRJ,PTPRN2,RAB27A,RAC1,S100A8,S100A11,SCNN1A,CEACAM1,SELL,MMP25,SCG5,SLC2A5,SLC11A1,SLC18A2,SLPI,SPARC,SPTAN1,STX3,BSG,TGFB3,TIMP2,TIMP3,SERPING1,C5AR1,VCL,VDAC2,VWF,WFS1,XRCC5,LPCAT1,ATP8B4,ACTN4,CALR,TSPAN14,CAMP,EPX,FERMT3,SPATA16,CYSTM1,CRACR2A,KCNAB2,DEGS1,PDXK,CDK13,DGAT1,ACTN1,ADAM15,CREG1,IQGAP1,HPS4,PGLYRP1,CFAP119,CD9,CD36,CD44,CD53,CD59,CD68,PHACTR2,ADGRE5,CDA","Sputum_Paucigranulocytic"
"BP","regulation of response to external stimulus",1122,216,1.21272497493763e-05,0.00432218637397013,"ADA,CDH5,MICA,ADAM8,RASGRP1,LPCAT3,ADAM10,ZMPSTE24,ADAR,NOD1,SEMA4D,SEMA3C,CELF1,CTSC,TRAF3IP2,LILRB1,PHB2,MGLL,NLRP3,C1QTNF3,CLNK,SH2D1B,PIK3AP1,SLC15A4,CCR6,CMKLR1,ADORA1,ADORA2B,CREBBP,CRK,PIK3R6,DCST1,CYP19A1,GPR183,EFNB2,ANO6,NLRP7,ESR1,ETS1,FABP4,PTK2B,FGR,FKBP1B,NLRP1,INPP5F,SBNO2,SIRT2,NT5C2,SWAP70,GRAMD4,RFTN1,DTX4,SASH1,FPR2,DAPK2,BACE1,ALOX5,IL27,FYN,SAMHD1,SIN3A,CNTNAP2,ABHD12,GATA3,NUPR1,FOXP1,STK39,METRNL,ANGPT2,GPER1,GRK4,NENF,ANXA1,ANXA2,UBE2K,HLA-A,AOAH,HSPD1,FFAR4,IFI16,IGF1R,TICAM2,IKBKB,IL4,IL6R,IL16,IL18,IDO1,IRAK2,KARS1,SCIMP,SIGLEC16,LRCH4,LTF,LYN,SMAD3,MEFV,MET,MNDA,ABCC1,NEDD9,NFE2L2,NINJ1,NOTCH1,P2RX4,PCBP2,IL23A,CYRIB,ENPP3,PDPK1,PIK3R1,PLCG2,ACP5,TREM2,RNF216,RBM47,PPARD,PPARG,SUSD4,LGR4,NAGK,LYAR,NPLOC4,INAVA,PRKCA,PRKCD,PRKCE,ASH1L,MAPK1,MAPK8,MAPK13,MAP2K1,MAP2K6,CRTAM,LGMN,SUCNR1,CAMK1D,PELI1,PTEN,PTK2,SEMA6A,WDFY1,PTPN1,PTPN11,PTPRO,PTPRS,NECTIN2,NLRC4,RAC1,BCL2,BCL6,RORA,BCR,RXRA,S100A8,CEACAM1,CCL21,SEC14L1,SEMA4A,CLEC7A,ST6GAL1,SOD1,SRC,BRAF,STX3,SYK,SERPING1,TNF,TRAF3,C5,C5AR1,CCR2,VDR,WNT3,XRCC5,YES1,YWHAZ,MCPH1,RHBDF2,NLRX1,CAMKMT,RIN3,TNIP3,SLC8B1,CEP63,FXR1,CALR,CLPB,CAPN3,CASP1,KREMEN1,ZDHHC18,STK24,RNF135,ADTRP,HAVCR2,ZNRF1,UBASH3B,TNFRSF11A,NRP1,TRIM15,PGLYRP1,PHLDB2,OTULIN,MCU,LRSAM1,RNF185,RSAD2,MFHAS1,MAPKAPK2,CD9,AIM2,LY86,CD36,NR1D1,PPM1F,N4BP1,CD81,RIPOR2,KIAA0319,AREL1","Sputum_Paucigranulocytic"
"BP","phosphorus metabolic process",2546,490,1.23166486015698e-05,0.00432218637397013,"ADA,CDH5,SH2D3C,SLC17A4,C8orf44-SGK3,ADAM8,HIPK3,RASGRP1,LPCAT3,SLC25A13,ADAM10,CDK6,CTDSPL,GPHN,ADAR,DLC1,ADARB1,CDS1,TESK2,TAB1,GPNMB,MERTK,SEMA4D,RGS14,CAMKK2,FAXDC2,MALT1,ACOT2,LILRB4,TLK2,PKIG,PLAAT3,CHI3L1,NUDT5,NUDT3,MAP4K1,CHP1,PHB2,ACOT7,SLC25A25,OSBPL5,OSBPL10,WDFY2,NIBAN1,CLU,SPPL3,WDR81,MOB3A,CNP,PIGU,ADORA1,LRGUK,GPAT4,CREB1,PTPDC1,MYO3B,CRY2,STK35,ACSM6,CACUL1,TTC7B,PIK3R6,PDIK1L,CCNYL1,PPM1L,GRK3,PRAG1,AK8,DGKG,DAPK1,DAXX,SGMS2,IDO2,DLG2,DLST,DUSP5,DYRK1A,EEF1A1,EFNA5,EGF,ACSF3,SPRED2,MARK2,EPHB1,EPHB3,CLN8,ERG,ERN1,EZH2,PTK2B,CCNY,FBP1,FDFT1,FGR,FHIT,FKBP1B,PPM1E,AAK1,LMTK2,ATG14,INPP5F,SACM1L,MAPRE3,SEPHS2,SEPHS1,SIRT2,RPIA,NT5C2,EFR3B,STK38L,TNIK,SWAP70,ERC1,CDK19,TAB2,MAST2,EFR3A,LPIN1,FLT1,FMO1,CAMTA1,SMG6,SASH1,SIK3,PIP5K1C,QPRT,MORC3,PIK3R5,PIGN,FPR2,DAPK2,PLA2G15,SGK3,PRKD3,ALK,ALPL,ABL1,FYN,LCLAT1,SERINC5,SGMS1,WWTR1,SAMHD1,DHRS7B,ACOT11,ABHD12,GATA1,GCH1,PTPN18,RPS6KC1,TPK1,AMPD2,STK39,GMDS,GMFB,GNA12,GNAQ,GPD1,GPD2,GPI,SLCO3A1,ANG,ANGPT1,GPER1,GRK4,GPX4,GRB10,HIPK2,OLA1,EEF2K,PILRB,HCLS1,HTT,HDC,HEXB,NRG1,UBE2K,HK1,HK2,ACACA,HNMT,HRH1,HSF1,ENPP7,IDH2,RD3,IGF1R,IKBKB,IL4,IL6R,IL18,IMPA2,IDO1,INHBA,INPP4A,INPP5A,INPP5B,INPP5D,INSR,ITGA6,IRAK2,ITGA5,ITGB2,ITGB3,ITPK1,ITPKB,JAK1,KARS1,LCP2,LIMK1,LIMK2,LIPA,LIPC,LTF,LYN,MIR143,ARRB1,MEF2C,MAP3K1,MET,CIITA,MAP3K10,MTHFD1,NCK1,NDUFS2,NEDD9,NEK3,NF1,NGF,NNMT,ATP2B4,OGDH,OPA1,P2RX7,P2RY6,RRM2B,MINK1,PRKN,DERA,CRYL1,HSD17B12,PIGP,PIPOX,CDK17,GMPR2,PCYT1A,TAOK3,ANGPT4,PDE4B,PRKAG2,SNX9,PDE4D,PDE8A,IL23A,CDK5RAP1,ENPP2,ENPP3,PDPK1,NLK,ACSL5,CAB39,MAP3K20,PFKFB3,CDK14,PHKG2,PIK3C2B,PIK3CB,PIK3CD,PIK3R1,PI4KB,ACP2,PIP4K2A,PLA2G4A,PLCG2,PLD1,ACP5,NANS,ERRFI1,TREM2,SSH1,TOLLIP,PPARG,UCKL1,ACSM5,PPP2R3A,FGGY,PPP6R3,PPP3CA,AGPAT5,PI4K2A,NAGK,AMBRA1,PRKAB1,PIGV,PRKACA,VAC14,FAR2,PRKAR1A,UGGT2,PRKCA,PRKCB,CSGALNACT1,AXL,PRKCD,PRKCE,PRKCH,PRKCZ,ACSS2,MAPK1,MAPK8,MAPK13,PDGFC,MAP2K1,MAP2K5,MAP2K6,PRPSAP1,UGGT1,DUSP22,FAM20C,COQ8A,CASS4,PLAAT1,CAMK1D,ADCK1,PAK5,PELI2,TTC7A,PTEN,BIRC6,PPM1H,PTK2,RPTOR,ALPK3,TAOK1,FNIP2,PTPN1,TRIB3,PTPN7,PTPN9,PTPN11,PTPRE,PTPRJ,PTPRN2,PTPRO,PTPRS,RAC1,RAF1,RARA,BCL2,ELOVL5,PPCDC,RORA,BCR,RPS6KA1,RPS6KA2,CEACAM1,CCL21,BLK,FN3K,SGK1,SMYD3,TNS3,DEPTOR,NADK,SLC8A1,SLC11A1,SOD1,SORL1,SRC,BRAF,SRPK2,STK3,STK4,SYK,TGFA,TGFBR2,TSPO,TK2,TKT,TNF,TPD52L1,TRIO,TSG101,TTK,C5AR1,TYK2,UGP2,UCK2,UPP1,UVRAG,WARS1,XRCC5,YES1,YWHAG,YWHAZ,CACNB4,DBNDD1,CARD14,CCNJL,PRKRIP1,MOB3B,PEAK1,PLBD1,LPCAT1,PRR5L,UXS1,ACSF2,PNPLA3,COASY,SLC19A3,FXR1,ILKAP,HMGA2,CAMK2D,CAMK2G,CAMP,PUDP,CAPN2,AXIN1,PITPNM3,SESN2,RIOK1,ROPN1L,STK40,PIP5K1B,PLA2G6,DTNBP1,BCAR3,STK24,NCK2,CARD11,TPST2,TPST1,PLA2G12B,ADTRP,MFSD2A,FBH1,SERAC1,UBASH3B,KCNAB2,DGKD,SELENOI,CDC14A,PDXK,MKNK1,STK16,PLPP3,CDK13,TNKS,MARCO,DGAT1,URI1,RNGTT,CDS2,TNFRSF11A,IQGAP1,NRP1,GMPS,KSR1,SYNJ1,CCND2,BTRC,LIMD1,MAP3K14,BAZ1B,PKMYT1,ACVR1B,MTMR7,PKDCC,DGKI,MYLK3,CD6,MFHAS1,MAPKAPK2,NHERF1,ACVRL1,CD80,CD86,MAP4K4,CD36,SPTLC2,ENTPD1,GTPBP1,CD44,TCL1B,AATK,ZNF592,PPM1F,RAPGEF2,CDA,MAML1,DNAJC6,FIG4,FAM20B,XYLB,GFPT2,TNFSF15","Sputum_Paucigranulocytic"
"BP","positive regulation of cell activation",389,92,1.23632333351548e-05,0.00432218637397013,"ADA,ADAM8,RASGRP1,BTN2A2,VAV3,CTSC,LILRB1,MALT1,LILRB4,NLRP3,ADORA2B,PIK3R6,GPR183,EFNB2,FGR,ZBTB1,FCHO1,ABL1,FYN,GATA1,GATA3,BLOC1S6,CCDC88B,SH3KBP1,ANXA1,CD209,HLA-A,HLA-DMB,HLA-DQA2,HLA-DRA,HSPD1,TICAM2,IL4,IL18,INPP5D,ITGAM,ITGB2,ITPKB,KARS1,RHOH,LYN,MEF2C,NCK1,NFATC2,IL23A,CYRIB,PDPK1,PLA2G4A,TREM2,PPP3CA,AMBRA1,AXL,PRKCZ,HMCES,PELI1,ZMIZ1,ARID1B,PTPN11,NECTIN2,RARA,BCL2,BCL6,RPS6KA1,CCL21,VSIR,CLEC7A,SLC7A1,SMARCA2,SMARCD2,SRC,SYK,TGFBR2,TNF,CCR2,TYK2,YES1,ZBTB16,DOCK8,CAPN3,ARID1A,NCK2,CARD11,HAVCR2,RUNX1,CBFB,CD2,CD6,CD80,CD86,CD81,TOX,TESPA1,GAB2","Sputum_Paucigranulocytic"
"CC","secretory vesicle",1061,204,1.48131919480784e-05,0.00502521582366222,"ADAM8,LHFPL2,ADAM10,STX6,ABCC4,BAIAP2,CAP1,CTSC,GIPC1,IQGAP2,CKAP4,RAB31,CHI3L1,EXOC3,TRIM9,BORCS5,CLU,SLC15A4,OSCAR,CPE,LRGUK,VTI1A,TMEM190,DCST1,NFAM1,CTSB,CTSH,CTSZ,CXADR,VPS13B,AP2A2,CLEC4C,DYNC1H1,DOCK2,DSC1,EEF1A1,EEF2,EGF,ANO6,SERPINB1,F13A1,FCER1G,ADGRG3,FGR,CD93,SV2C,KIF1B,SEPTIN8,FAF2,ATP11A,DMXL2,UBR4,COTL1,ARHGAP45,ATP6V0A2,FPR2,HEBP2,BACE1,ALOX5,GAA,GABBR1,ARMC8,MYRIP,MYOF,B4GALT1,LAMP3,SIGLEC9,DISC1,GLB1,CRCP,BIN1,GM2A,GNS,GPI,RACGAP1,OLA1,SNX10,GUSB,GYG1,ANXA2,ANXA3,HEXA,HEXB,ANXA11,APBA1,HSPD1,APLP2,SYCN,DYNLT4,TICAM2,ITGAL,ITGAM,ITGB2,ITGB3,ITPR1,ITPR2,TBC1D10C,LOXL1,LTA4H,LTF,ARSB,ASTL,MNDA,NCF2,NGF,NOTCH1,P2RX1,ATP6V0A4,DERA,PDE4B,CYRIB,ATP6V1H,CAB39,SYT17,RAB8B,ADA2,PGM1,SERPINA1,ATP6V1C1,PLD1,TOLLIP,PPBP,CPPED1,PRG2,PRKACA,PRKCD,MAPK1,RETN,KCMF1,MFF,PSMB7,PSMD3,QSOX1,PTPRJ,PTPRN2,PTPRS,RAB27A,RAC1,BCL2L1,S100A8,S100A11,SCNN1A,CEACAM1,SELL,MMP25,SCG5,SLC2A5,SLC11A1,SLC18A2,SLPI,SPARC,SPTAN1,STX3,BSG,SYN2,TGFB3,TIMP2,TIMP3,SERPING1,C5AR1,VCL,VDAC2,VWF,WFS1,XRCC5,MCTP1,LPCAT1,ATP8B4,SYNDIG1,ACTN4,CALR,TSPAN14,CAMP,SYN3,EPX,FERMT3,SPATA16,CTTNBP2,DTNBP1,CYSTM1,CRACR2A,ZNRF1,KCNAB2,STON2,DEGS1,PDXK,CDK13,DGAT1,ACTN1,ADAM15,CREG1,IQGAP1,HPS4,PGLYRP1,CFAP119,DGKI,CD9,OTOF,SYTL3,CD36,SLC4A8,CD44,SNCAIP,CD53,CD59,CD68,PHACTR2,ADGRE5,CDA,IQSEC1","Sputum_Paucigranulocytic"
"BP","adaptive immune response",463,96,1.48164698198103e-05,0.00502521582366222,"ADA,MICA,BTN3A3,CTSC,TRAF3IP2,LILRB1,MALT1,LILRB4,NLRP3,SH2D1B,CLC,CLU,SLC15A4,CCR6,RNF19B,CTSH,CLEC4C,GPR183,GAPT,PTK2B,FCER1G,FCER2,MARCHF8,ZBTB1,SWAP70,RAP1GAP2,RFTN1,IL27,FYN,GATA3,LAMP3,TNFRSF21,ANXA1,HFE,CD209,HLA-A,HLA-DMB,HLA-DQA2,HLA-DRA,MR1,HSPD1,IL4,IL6R,IL18,INPP5D,JAK1,LYN,MEF2C,NOTCH1,P2RX7,IL23A,CYRIB,PIK3CD,PLA2G4A,TREM2,TREM1,SUSD4,PRKCB,PRKCD,PAG1,PRKCZ,CTNNBL1,DUSP22,HMCES,NECTIN2,RAB27A,BCL6,TNFRSF17,RORA,CEACAM1,PRDM1,ERAP2,SEMA4A,CLEC7A,SLC11A1,SYK,SERPING1,C1QA,TNF,C1QB,C1QC,C1S,C5,CCR2,TYK2,C8A,C8B,CRACR2A,HAVCR2,ORAI1,TNFRSF11A,RSAD2,CD6,CD7,CD80,CD86,CD81","Sputum_Paucigranulocytic"
"BP","T cell activation",558,123,1.59839632715678e-05,0.00534146443210449,"ADA,MICA,ADAM8,RASGRP1,CDK6,BTN2A2,GPNMB,TRAF3IP2,LILRB1,MALT1,LILRB4,NLRP3,CLC,CCR6,PIK3R6,CXADR,ZFPM1,DOCK2,GPR183,EFNB2,FCER1G,FKBP1B,ZBTB1,FCHO1,IL27,ABL1,FYN,GATA3,FOXP1,TNFRSF21,CCDC88B,ANXA1,HFE,CD209,HLA-A,HLA-DMB,HLA-DQA2,HLA-DRA,MR1,HSPD1,IL4,IL6R,TNFRSF9,IL18,IDO1,ITGAL,ITPKB,JAK1,LCP1,LIPA,RHOH,LYN,SMAD3,NCK1,P2RX7,IL23A,CYRIB,PDPK1,PIK3CD,PIK3R1,APBB1IP,PPP3CA,AMBRA1,CHD7,LMBR1L,PRKAR1A,PAG1,PRKCZ,CRTAM,DUSP22,PELI1,ZMIZ1,ARID1B,PREX1,WDFY4,PTPN11,RAB27A,RARA,BCL2,BCL6,RORA,RPS6,CEACAM1,CCL21,PRDM1,VSIR,SEMA4A,CLEC7A,MARCHF7,SLC7A1,SLC11A1,SMARCA2,SMARCD2,SOD1,SRC,BRAF,SYK,TGFBR2,CCR2,TYK2,YES1,ZBTB16,DOCK8,ARID1A,MAD1L1,NCK2,CARD11,HAVCR2,RUNX2,RUNX1,CBFB,SLAMF9,CD2,RSAD2,CD6,DLG5,CD7,CD80,CD86,CD44,CD81,RIPOR2,TOX,CD151,TESPA1","Sputum_Paucigranulocytic"
"CC","bounding membrane of organelle",2160,416,1.66165355427339e-05,0.00540053626778825,"ABCC5,UST,ADAM8,RASGRP1,LHFPL2,MPHOSPH9,ADAM10,STX6,ABCC4,ZMPSTE24,RTN3,IRAG1,CACNG3,NDRG1,ST3GAL6,TAB1,GPNMB,TGOLN2,CTSC,IQGAP2,EHD1,CKAP4,IMMT,RAB31,PLAAT3,SLC2A6,RNF24,PACSIN2,SNX18,CHP1,MGAT4A,SLC46A1,PHB2,EXOC3,GABARAP,NLRP3,OSBPL6,OSBPL9,OSBPL11,MARCHF3,AP2M1,RFFL,BORCS5,CLCN6,SLC36A4,TMEM45B,SLC15A4,SPPL3,WDR81,CNP,COPA,CPE,CPT1A,VTI1A,TMEM190,B3GALNT2,DCST1,CNIH3,ENTHD1,NFAM1,GLIPR2,CTSZ,VPS13B,AP2A2,SYNE3,AP2B1,SGMS2,PKD1L1,CLEC4C,DSC1,EEF1A1,EGF,ANO6,SPRED2,EPHB1,CLN8,EXT1,FCER1G,MARCHF8,ADGRG3,ALDH3A2,FKBP1B,COPG1,CHSY1,ATG14,INPP5F,MLXIP,EPN2,SACM1L,CD93,ATF6,SV2C,WDFY3,GGA2,ERC1,TAB2,ATP10B,LPIN1,SEPTIN8,RHOBTB2,ATP11A,CLEC16A,IQCE,DMXL2,VPS39,SYNE1,UBR4,ZDHHC17,PIP5K1C,TMED3,GPR161,ABCB9,ABCA6,ZFYVE26,ATP6V0A2,FPR2,BACE1,PLD3,ZDHHC20,GAA,PARM1,GALNT2,SGMS1,SEC31B,UNC50,DHRS7B,GLCE,ARFGAP3,MYOF,B4GALT1,ATP2C1,LAMP3,TRAPPC3,CYTH4,SIGLEC9,GLG1,BIN1,GNAQ,GOLGA4,GPI,TMEM150B,SLC9A9,GPER1,SLC36A3,SNX8,SNX10,DSE,SLC2A8,ANXA1,ANXA2,ANXA3,ANXA6,HIP1,HK1,HK2,HLA-A,HLA-DMB,HLA-DQA2,HLA-DRA,MR1,APLP2,FFAR4,SYCN,IFNGR2,TICAM2,INPP4A,INPP5B,INSR,IRAK2,ITGAL,ITGAM,ITGB2,ITGB3,ITPR1,ITPR2,GALNT18,TBC1D10C,B3GNT8,ARF1,KIF5B,LRP1,LYN,ARRB1,MAN1A1,MAN2A2,MAP6,MGAT3,MGST3,MITF,MAP1LC3C,ASPH,NOTCH1,NOTCH2,NOTCH4,NPC1,ATP2A2,ATP2A3,OPA1,P2RX1,P2RX4,CHST11,ATP6V0A4,PRKN,ASAP1,SIDT2,ABHD17B,A4GNT,MARCHF2,GASK1B,CHST15,PDE6A,NAT8B,ANKFY1,PDE6H,ATP6V1H,CHMP3,ACSL5,RAB8B,GALNT7,SERPINA1,ATP6V1C1,PI4KB,ACP2,PLA2G4A,TM6SF1,PLD1,TPCN1,NDFIP2,SLC66A1,PXK,CHCHD3,TMEM132A,STX17,WIPI1,VPS53,AGPAT5,GIMAP5,PI4K2A,CHST12,GALNT10,AMBRA1,SLC39A4,RAB20,VAC14,NECAP2,FAR2,HHAT,CSGALNACT1,PECR,RCC2,PDGFC,LRRC8A,SPIRE1,C1GALT1,SPPL2B,MFF,FAM20C,MAN1C1,SNX14,JPH3,RPTOR,HACE1,SORCS2,MARCHF4,FNIP2,QSOX1,DENND1A,MEAK7,PTPRJ,PTPRN2,PTPRS,SRPRB,RRAGD,RAB27A,RAC1,RAF1,PGAP6,BCL2,BCL2A1,BCL2L1,RHEB,SCOC,SORT1,SCNN1A,CEACAM1,KIF13A,SELL,XYLT1,RAB17,MAP1LC3B2,MMP25,SH3GL1,DEPTOR,ST6GAL1,ST3GAL1,ST3GAL3,VPS33A,SLC2A1,SLC2A5,SLC11A1,SLC18A2,SNTB2,BNIP3L,SORL1,SPARC,BPHL,SREBF2,STIM1,STX3,STX5,BSG,SYN2,TGFA,TSPO,TSG101,C5AR1,BORCS8,UBE2D3,UGCG,UVRAG,VDAC2,WFS1,WNT3,LDLRAD4,TMEM50B,PRCD,AHNAK,ASPSCR1,TMEM231,ARMH3,GALNT14,NLRX1,MCTP1,CLMN,LPCAT1,ATP8B4,KIAA0319L,SYNDIG1,GPR157,RAB11FIP1,RUFY1,STAM,CUBN,COASY,CYB5B,CALR,SLC7A5,DCSTAMP,VOPP1,ITM2C,TSPAN14,AKAP1,CAMK2D,CAMK2G,SBF2,SYN3,APH1B,COG3,SESN2,B3GNT5,DTNBP1,EEA1,ANTXR1,ZDHHC18,STK24,CCDC115,CYSTM1,RAB11FIP4,CASQ2,TPST2,TPST1,HINT2,CRACR2A,AIFM2,ZNRF1,KCNAB2,STON2,ITPRIP,DEGS1,PLPP3,CBFA2T3,HSD17B6,TNKS,MARCO,DGAT1,B4GALT4,MBTPS1,IQGAP1,ST3GAL5,HPS4,NAV3,MVB12B,SEC16B,ATP6V0E1,SYS1,PKD2L1,MCFD2,PKMYT1,RNF185,RSAD2,DGKI,CYTH3,CYTH1,CD9,CD163,B4GALT5,OTOF,CHST3,CD36,SLC4A8,RPH3AL,SEC22B,CD44,ABCG1,CD53,CD59,CD68,NOS1AP,PHACTR2,ADGRE5,TBC1D5,KIAA0319,LRBA,FIG4,FAM20B,DOP1B","Sputum_Paucigranulocytic"
"BP","catabolic process",2597,456,1.66360472955984e-05,0.00540053626778825,"ADA,ADAM8,ADAM10,ZMPSTE24,NOD1,CPQ,ARIH2,MTHFS,IGF2BP2,CAMKK2,CELF1,CTSC,GIPC1,TRAF3IP2,USP20,MALT1,ASCC3,TLK2,TENT4A,WWP1,WWP2,ATE1,PLAAT3,CHI3L1,NUDT5,NUDT3,CHI3L2,SLC2A6,SNX18,VPS26B,SLCO2B1,PHB2,ACOT7,GABARAP,MGLL,TRIM9,RFFL,CLU,ANAPC16,PNLIPRP3,KLHDC1,ABCC2,WDR81,CNP,RNF19B,DIS3L2,TRIM71,ADORA1,CPT1A,ADHFE1,PXDNL,MTCL2,STK35,LIPJ,VTI1A,CACUL1,PRICKLE1,SLFN13,DCST1,CTSB,CTSH,CTSZ,SH3RF2,RNF217,CYP19A1,CYP27A1,DAP,DAPK1,UBXN2A,IDO2,DLST,ABAT,ECH1,EEF1A1,EGF,PAOX,ACSF3,TET3,MARK2,CLN8,ERCC4,ERN1,ETFB,ETFDH,EXT1,ALDH2,FAH,PTK2B,CCNY,PATL1,FBP1,FOXK1,FHIT,CPEB3,ATG14,INPP5F,ZHX2,DENND3,ATF6,SIRT2,NT5C2,WDFY3,STK38L,SAMD4A,FOXO1,TNRC6B,TAB2,LPIN1,LARP4B,FAF2,ZC3H4,DTX4,PACS2,MTCL1,FMO1,CLEC16A,FMO4,SMG6,VPS39,UBR4,LARP1,DICER1,RYBP,QPRT,ZFYVE26,ATP6V0A2,DAPK2,HSPBP1,PLA2G15,CEMIP2,SH3BP4,ALK,ABL1,FYN,GAA,RNF144B,PLCXD2,SNX33,FBXO7,ARMC8,RNF19A,ANAPC15,WWTR1,SAMHD1,ABHD12,TRPC4AP,ZBTB20,KLHL3,FBXW8,FBXO10,FBXO8,NUPR1,AGO1,AMFR,SND1,LAMP3,AGO2,DISC1,GLB1,SESN1,GLDC,SGSM3,CECR2,GM2A,GNA12,GNS,GOT2,GPD1,GPD2,GPI,ANG,TMEM150B,PNPLA1,DCPS,HIPK2,SETD2,UHRF1,USP25,GUSB,ANXA2,HBG2,HTT,HDC,HEXA,HEXB,HFE,HIF1A,UBE2K,HK1,HK2,AOAH,HNMT,HSD11B1,HSF1,UBAC2,ENPP7,IRF8,IFI16,SH3RF3,IL4,FOXK2,IDO1,INSR,ITPR1,MTCL3,LGALS8,LIPA,LIPC,LIAT1,RAB19,LRP1,LTA4H,BMAL1,ARRB1,SMAD3,ARSB,STS,MAN1A1,MDM4,MEFV,MET,MGAT3,MMP19,ABCC1,MAP1LC3C,NFE2L2,NOTCH1,NPC1,ATP2A2,ATP2B4,OAT,OGDH,P2RX7,PRKN,PARN,PCBP2,PCCA,UBXN1,PCK2,DERA,CRYL1,SIDT2,ABHD17B,MRTO4,MARCHF2,PIPOX,ZBTB7A,FZR1,AIG1,PDE4B,PRKAG2,SNX9,ANAPC7,PDE4D,PDE8A,ANAPC11,ATP6V1H,CHMP3,ASB2,ENPP2,SUFU,ENPP3,ADA2,PGAM2,PGM1,PHKG2,ATP6V1C1,PIK3C2B,PIK3CB,PIP4K2A,PLA2G4A,PLCB4,PLCG2,PLD1,TPCN1,TREM2,RETREG1,TOLLIP,RNF216,RBM47,NDFIP2,PPARD,TENT5C,RNF43,AUH,TMEM132A,STX17,NRDE2,WIPI1,VPS13D,ACOXL,CHDH,NAGK,ZCCHC8,AMBRA1,PRKACA,NPLOC4,EDEM2,UGGT2,PRKCA,PRKCD,PRKCE,RNF130,MAPK8,LGMN,ZC3HAV1,UGGT1,PSMB7,PSMC1,PSMD3,PLAAT1,MAN1C1,SMURF1,PELI1,SNX14,PTEN,PTK2,CNOT6,RPTOR,HACE1,NCEH1,USP36,QSOX1,PTPN1,WDFY4,TRIB3,RRAGD,RAD23B,BCL2,UPF1,RHEB,SCOC,S100A8,CELA2A,CEACAM1,RNF123,VSIR,ERAP2,MAP1LC3B2,MMP25,BLVRA,SGTA,SMURF2,CRTC3,DEPTOR,MARCHF7,VPS33A,SLC11A1,BNIP3L,SORL1,SRC,AKR1D1,SREBF2,STK3,STX5,TGFB1I1,TSPO,THRA,TIMP2,TIMP3,TNF,TSG101,TTC3,UBE2D3,UBE2E1,UPP1,UVRAG,EZR,WFS1,CSDE1,RNF103,USP7,METTL16,FTO,FYCO1,TBL1XR1,RNF122,UBA5,PLBD1,LPCAT1,PRR5L,PSME3IP1,EDEM3,STAM,PNPLA3,FXR1,CALR,SLC7A5,TAF15,SBF2,USP9X,CAPN2,CAPN3,EPX,COLQ,AXIN1,SESN2,PLA2G6,CASP7,QRICH2,ACAD11,RNASEH2C,CCDC115,PLA2G12B,HINT2,ADTRP,AGBL4,MFSD2A,FBH1,ZNRF1,YBX3,COPS3,CBFA2T3,HSD17B6,TNFSF12,ADAM15,CREG1,KYAT1,KAT2B,NR1I2,SGPL1,HERC1,BTRC,MVB12B,SEC16B,PLCZ1,UBE3B,ATP6V0E1,PGLYRP1,RSPRY1,UBE3D,LRSAM1,ANGEL2,ZNF598,RNF185,UBXN11,UBE2L6,MAPKAPK2,TRIP4,TGFBRAP1,TP53INP1,CD36,SPTLC2,ENTPD1,SEC22B,GTPBP1,NR1D1,CD44,RNF7,FEZ2,N4BP1,VGLL4,CD81,HDAC4,ATG13,TBC1D5,CDA,RNF40,CTIF,LRBA,AREL1,RNF10,XYLB,THRAP3,CDH1","Sputum_Paucigranulocytic"
"BP","positive regulation of response to external stimulus",614,123,1.83553588500056e-05,0.00579802800161858,"ADAM8,RASGRP1,ADAM10,NOD1,CTSC,PHB2,NLRP3,CLNK,SH2D1B,PIK3AP1,SLC15A4,CCR6,CMKLR1,ADORA2B,CREBBP,ANO6,ESR1,ETS1,FABP4,PTK2B,FKBP1B,NLRP1,SIRT2,SWAP70,GRAMD4,RFTN1,SASH1,FPR2,DAPK2,FYN,SIN3A,NUPR1,STK39,UBE2K,HSPD1,IFI16,IGF1R,TICAM2,IKBKB,IL4,IL6R,IL16,IL18,IDO1,IRAK2,KARS1,SCIMP,SIGLEC16,LRCH4,LTF,LYN,SMAD3,MEFV,MET,MNDA,ABCC1,NEDD9,NINJ1,P2RX4,IL23A,PDPK1,PIK3R1,PLCG2,TREM2,RBM47,LGR4,NAGK,NPLOC4,INAVA,PRKCA,PRKCE,MAPK1,MAPK8,MAPK13,MAP2K6,CRTAM,LGMN,SUCNR1,CAMK1D,PELI1,PTK2,WDFY1,PTPRS,NECTIN2,NLRC4,RAC1,S100A8,CCL21,SEC14L1,CLEC7A,SRC,BRAF,STX3,SYK,TNF,TRAF3,C5AR1,CCR2,XRCC5,NLRX1,TNIP3,CALR,CLPB,CASP1,STK24,RNF135,HAVCR2,ZNRF1,TNFRSF11A,NRP1,TRIM15,OTULIN,MCU,LRSAM1,RNF185,RSAD2,MFHAS1,MAPKAPK2,AIM2,LY86,CD36,NR1D1,PPM1F,CD81,RIPOR2","Sputum_Paucigranulocytic"
"BP","phosphate-containing compound metabolic process",2520,484,1.83707981040546e-05,0.00579802800161858,"ADA,CDH5,SH2D3C,SLC17A4,C8orf44-SGK3,ADAM8,HIPK3,RASGRP1,LPCAT3,SLC25A13,ADAM10,CDK6,CTDSPL,GPHN,ADAR,DLC1,ADARB1,CDS1,TESK2,TAB1,GPNMB,MERTK,SEMA4D,RGS14,CAMKK2,FAXDC2,MALT1,ACOT2,LILRB4,TLK2,PKIG,PLAAT3,CHI3L1,NUDT5,NUDT3,MAP4K1,CHP1,PHB2,ACOT7,SLC25A25,OSBPL5,OSBPL10,WDFY2,NIBAN1,CLU,SPPL3,WDR81,MOB3A,CNP,PIGU,ADORA1,LRGUK,GPAT4,CREB1,PTPDC1,MYO3B,CRY2,STK35,ACSM6,CACUL1,TTC7B,PIK3R6,PDIK1L,CCNYL1,PPM1L,GRK3,PRAG1,AK8,DGKG,DAPK1,DAXX,SGMS2,IDO2,DLG2,DLST,DUSP5,DYRK1A,EEF1A1,EFNA5,EGF,ACSF3,SPRED2,MARK2,EPHB1,EPHB3,CLN8,ERG,ERN1,EZH2,PTK2B,CCNY,FBP1,FDFT1,FGR,FHIT,FKBP1B,PPM1E,AAK1,LMTK2,ATG14,INPP5F,SACM1L,MAPRE3,SEPHS2,SEPHS1,SIRT2,RPIA,NT5C2,EFR3B,STK38L,TNIK,SWAP70,ERC1,CDK19,TAB2,MAST2,EFR3A,LPIN1,FLT1,FMO1,CAMTA1,SMG6,SASH1,SIK3,PIP5K1C,QPRT,MORC3,PIK3R5,PIGN,FPR2,DAPK2,PLA2G15,SGK3,PRKD3,ALK,ALPL,ABL1,FYN,LCLAT1,SERINC5,SGMS1,WWTR1,SAMHD1,DHRS7B,ACOT11,ABHD12,GATA1,GCH1,PTPN18,RPS6KC1,TPK1,AMPD2,STK39,GMFB,GNA12,GNAQ,GPD1,GPD2,GPI,SLCO3A1,ANG,ANGPT1,GPER1,GRK4,GPX4,GRB10,HIPK2,OLA1,EEF2K,PILRB,HCLS1,HTT,HDC,HEXB,NRG1,UBE2K,HK1,HK2,ACACA,HNMT,HRH1,HSF1,ENPP7,IDH2,RD3,IGF1R,IKBKB,IL4,IL6R,IL18,IMPA2,IDO1,INHBA,INPP4A,INPP5A,INPP5B,INPP5D,INSR,ITGA6,IRAK2,ITGA5,ITGB2,ITGB3,ITPK1,ITPKB,JAK1,KARS1,LCP2,LIMK1,LIMK2,LIPA,LIPC,LTF,LYN,MIR143,ARRB1,MEF2C,MAP3K1,MET,CIITA,MAP3K10,MTHFD1,NCK1,NDUFS2,NEDD9,NEK3,NF1,NGF,NNMT,ATP2B4,OGDH,OPA1,P2RX7,P2RY6,RRM2B,MINK1,PRKN,DERA,CRYL1,HSD17B12,PIGP,PIPOX,CDK17,GMPR2,PCYT1A,TAOK3,ANGPT4,PDE4B,PRKAG2,SNX9,PDE4D,PDE8A,IL23A,CDK5RAP1,ENPP2,ENPP3,PDPK1,NLK,ACSL5,CAB39,MAP3K20,PFKFB3,CDK14,PHKG2,PIK3C2B,PIK3CB,PIK3CD,PIK3R1,PI4KB,ACP2,PIP4K2A,PLA2G4A,PLCG2,PLD1,ACP5,ERRFI1,TREM2,SSH1,TOLLIP,PPARG,UCKL1,ACSM5,PPP2R3A,FGGY,PPP6R3,PPP3CA,AGPAT5,PI4K2A,NAGK,AMBRA1,PRKAB1,PIGV,PRKACA,VAC14,FAR2,PRKAR1A,PRKCA,PRKCB,AXL,PRKCD,PRKCE,PRKCH,PRKCZ,ACSS2,MAPK1,MAPK8,MAPK13,PDGFC,MAP2K1,MAP2K5,MAP2K6,PRPSAP1,DUSP22,FAM20C,COQ8A,CASS4,PLAAT1,CAMK1D,ADCK1,PAK5,PELI2,TTC7A,PTEN,BIRC6,PPM1H,PTK2,RPTOR,ALPK3,TAOK1,FNIP2,PTPN1,TRIB3,PTPN7,PTPN9,PTPN11,PTPRE,PTPRJ,PTPRN2,PTPRO,PTPRS,RAC1,RAF1,RARA,BCL2,ELOVL5,PPCDC,RORA,BCR,RPS6KA1,RPS6KA2,CEACAM1,CCL21,BLK,FN3K,SGK1,SMYD3,TNS3,DEPTOR,NADK,SLC8A1,SLC11A1,SOD1,SORL1,SRC,BRAF,SRPK2,STK3,STK4,SYK,TGFA,TGFBR2,TSPO,TK2,TKT,TNF,TPD52L1,TRIO,TSG101,TTK,C5AR1,TYK2,UGP2,UCK2,UPP1,UVRAG,WARS1,XRCC5,YES1,YWHAG,YWHAZ,CACNB4,DBNDD1,CARD14,CCNJL,PRKRIP1,MOB3B,PEAK1,PLBD1,LPCAT1,PRR5L,ACSF2,PNPLA3,COASY,SLC19A3,FXR1,ILKAP,HMGA2,CAMK2D,CAMK2G,CAMP,PUDP,CAPN2,AXIN1,PITPNM3,SESN2,RIOK1,ROPN1L,STK40,PIP5K1B,PLA2G6,DTNBP1,BCAR3,STK24,NCK2,CARD11,TPST2,TPST1,PLA2G12B,ADTRP,MFSD2A,FBH1,SERAC1,UBASH3B,KCNAB2,DGKD,SELENOI,CDC14A,PDXK,MKNK1,STK16,PLPP3,CDK13,TNKS,MARCO,DGAT1,URI1,RNGTT,CDS2,TNFRSF11A,IQGAP1,NRP1,GMPS,KSR1,SYNJ1,CCND2,BTRC,LIMD1,MAP3K14,BAZ1B,PKMYT1,ACVR1B,MTMR7,PKDCC,DGKI,MYLK3,CD6,MFHAS1,MAPKAPK2,NHERF1,ACVRL1,CD80,CD86,MAP4K4,CD36,SPTLC2,ENTPD1,GTPBP1,CD44,TCL1B,AATK,ZNF592,PPM1F,RAPGEF2,CDA,MAML1,DNAJC6,FIG4,FAM20B,XYLB,GFPT2,TNFSF15","Sputum_Paucigranulocytic"
"BP","regulation of proteolysis",617,129,1.90265699391856e-05,0.00592273664791855,"DNAJB6,ADAM8,NOD1,DLC1,SPON1,ARIH2,CTSC,GIPC1,MALT1,TLK2,GABARAP,NLRP3,RFFL,CLU,RNF19B,LDLRAD3,PRICKLE1,CTSH,CTSZ,SH3RF2,RNF217,DAP,DAPK1,EGF,SERPINB1,NLRP7,CLN8,PTK2B,FHIT,NLRP1,SIRT2,GRAMD4,RYBP,HSPBP1,FYN,RNF144B,SNX33,RNF19A,C2CD3,FBXW8,NUPR1,CYFIP2,LAMP3,DISC1,GLG1,BIN1,GNA12,GPER1,HIPK2,USP25,ANXA2,HFE,HIP1,UBE2K,HSPD1,IFI16,SH3RF3,AQP1,INPP5B,LRP1,LTF,LYN,SMAD3,MBP,MEFV,ASTL,ASPH,NFE2L2,ATP2A3,PRKN,UBXN1,FZR1,SNX9,SUFU,SERPINA1,GSAP,TREM2,PPARG,PRKACA,PLGRKT,MAP2K5,LGMN,PSMC1,SMURF1,PTEN,PTK2,TRIB3,NLRC4,RAD23B,RAF1,RPS6KA1,RPS6KA2,S100A8,S100A10,VSIR,SGTA,CLEC7A,MARCHF7,SORL1,SRC,SYK,TGFB1I1,TIMP2,TIMP3,SERPING1,TNF,TRAF3,WFS1,USP7,TM4SF20,PSME3IP1,USP9X,CAPN3,AXIN1,CASP1,APH1B,TBC1D10A,QRICH2,AGBL4,RUNX1,CBFA2T3,CRADD,TNFSF10,BTRC,RNF185,AIM2,CD44,PPM1F,N4BP1,TNFSF15,CASP8AP2","Sputum_Paucigranulocytic"
"CC","cytoplasmic vesicle lumen",323,70,1.95499541877756e-05,0.00600342106706774,"ADA,CAP1,CTSC,CHI3L1,CLU,OSCAR,CTSH,CTSZ,DYNC1H1,DOCK2,EEF1A1,EEF2,EGF,SERPINB1,F13A1,FGR,FAF2,COTL1,ARHGAP45,HEBP2,BACE1,ALOX5,ARMC8,GLB1,GM2A,GNS,GPI,OLA1,GUSB,GYG1,ANXA2,HEXB,LTF,ARSB,MNDA,DERA,CYRIB,CAB39,ADA2,SERPINA1,TOLLIP,PPBP,CPPED1,PRKCD,MAPK1,RETN,PSMB7,PSMD3,QSOX1,RAB27A,S100A8,S100A11,SLPI,SPARC,SPTAN1,TGFB3,TIMP2,TIMP3,SERPING1,VCL,VWF,XRCC5,ACTN4,CAMP,EPX,FERMT3,CRACR2A,PDXK,ACTN1,CREG1,PGLYRP1,CDA","Sputum_Paucigranulocytic"
"BP","regulation of molecular function",2118,405,2.31976142790163e-05,0.00702856782501821,"DNAJB6,C8orf44-SGK3,ADAM8,HIPK3,RASGRP1,PLXNC1,ADAR,CACNG3,NOD1,DLC1,ADARB1,VAV3,TAB1,MERTK,CAP1,SEMA4D,RGS14,CAMKK2,GNB5,AHCYL1,MALT1,LILRB4,ADAP1,WWP2,PKIG,CHI3L1,CHN1,CHN2,SNX18,CHP1,PHB2,NLRP3,ZNF618,ARAP1,RFFL,ADD1,CLU,FGD4,SPPL3,SLC24A4,CMKLR1,WDR81,ADORA2B,CRK,ADORA3,CRY2,CACUL1,GSG1L,PIK3R6,CNIH3,NFAM1,CCNYL1,CTSH,FGD5,RASGEF1B,DAP,DAPK1,DAXX,ZFPM1,EEF1A1,EFNA5,EGF,SERPINB1,MARK2,ARHGAP27,EPB41,EPHB3,ERCC4,ERN1,ESR1,EZH2,PTK2B,CCNY,FCER2,MTURN,ADGRG3,FDX1,FGR,FKBP1B,PPM1E,NLRP1,ATG14,MAPRE3,SIRT2,TBC1D9B,HECW1,ERC1,SIPA1L3,TBC1D2B,RAP1GAP2,TAB2,PLXND1,LRCH1,GRAMD4,TBC1D9,FLT1,TBC1D1,SMG6,SASH1,DOCK9,ARHGAP45,PIK3R5,RABGAP1,SH3BP4,SGK3,ALK,ABL1,FYN,SERINC5,TBC1D22A,RASGRP3,NGEF,PARM1,WWTR1,GATA1,TIAM2,GATA3,GCH1,NUPR1,AMFR,CYFIP2,LAMP3,DISC1,STK39,SGSM3,BIN1,GNA12,GNAQ,SLCO3A1,ANG,ANGPT1,GPER1,RAPGEF1,HIPK2,ABR,UHRF1,PILRB,ANXA1,ANXA2,HCLS1,ANXA3,HTT,ANXA4,HFE,KCNIP2,NRG1,HIF1A,HIP1,HSF1,HSPD1,IFI16,RD3,IGF1R,TICAM2,IKBKB,IL4,IL6R,AQP1,IL18,INSR,ITGA6,IRAK2,ITGA4,ITGAM,ITGB2,ITGB3,TBC1D10C,KCNE1,STIMATE,LCP2,LIMK1,LRP1,LTF,LYN,MIR143,ARRB1,SMAD3,MBP,MEF2C,MEFV,MET,MAP3K10,ASPH,NEDD9,NF1,NGF,NOTCH1,ATP2A2,ATP2A3,ATP2B4,OPRM1,P2RY6,MINK1,PRKN,PARN,PAM16,UBXN1,PCNA,ZBTB7A,FZR1,TAOK3,PDE4B,PRKAG2,SNX9,PDE4D,LARS1,IL23A,CDK5RAP1,SUFU,PDPK1,CAB39,RAPGEF6,SERPINA1,PIK3CB,PIK3R1,BTBD1,PLCG2,FXYD3,PLXNA2,ERRFI1,TREM2,POR,PRMT7,NDFIP2,PPARG,PXK,TESC,PPP6R3,LGR4,ASAP3,AMBRA1,PRKACA,PRKAR1A,PRKCB,AXL,PRKCD,ADAP2,PRKCE,PRKCH,ARHGAP15,PRKCZ,RCC2,MAPK1,MAPK8,PDGFC,MAP2K1,MAP2K5,LGMN,DUSP22,CTNNBIP1,CASS4,CAMK1D,PTEN,JPH3,TMIGD3,PTK2,HECW2,RPTOR,PREX1,BEGAIN,STIM2,PTPN1,TRIB3,PTPRJ,PTPRO,NLRC4,ARHGAP22,RAF1,RALGDS,RAP1GDS1,RARA,RASGRF1,KDM5A,BCL2,RFC3,BCR,RPS6KA1,RSU1,RXRA,S100A1,SORT1,S100A8,S100A10,CEACAM1,CCL13,CCL18,CCL20,CCL21,CCL22,CCL25,BLK,VSIR,SGK1,CLEC7A,CRTC3,DEPTOR,NIBAN2,SKI,SLC8A1,SLC11A1,SLPI,PHACTR4,SUMO3,SOD1,SORL1,SRC,STAC,STIM1,STK3,STK4,SYK,TBX6,TCF7L2,TGFBR2,TIMP2,TIMP3,SERPING1,TNF,TPD52L1,TRAF3,TSG101,C5AR1,CCR2,UTRN,UVRAG,VAV2,VDR,WARS1,WFS1,XRCC4,XRCC5,YWHAG,TRIM26,CACNA1C,EVI5,CACNB1,CACNB4,SLMAP,USP7,KCNAB1,DBNDD1,AHNAK,CARD14,CCNJL,PRKRIP1,PSME3IP1,HMGA2,ACTN4,CAMK2D,DOCK8,MED25,USP9X,CAPN3,AXIN1,CASP1,APH1B,ARHGAP24,TBC1D10A,DTNBP1,BCAR3,ARID5B,GARNL3,NR0B2,CARD11,DOT1L,CASQ2,CRACR2A,HAVCR2,ORAI1,UBASH3B,PLPP3,AOC3,TNKS,URI1,CRADD,TNFSF10,ADAM15,RGS9,TNFRSF11A,IQGAP1,NRP1,KSR1,KAT2B,PER2,ARHGEF7,CCND2,BTRC,PPP1R3F,TRIM15,OTULIN,PKMYT1,ARRDC4,DLGAP1,GPR55,NHERF1,CD86,AIM2,MAP4K4,CD36,CD44,TCL1B,ARHGEF10,PPM1F,RALGPS1,RAPGEF2,NOS1AP,HDAC9,RIPOR2,HDAC4,TBC1D5,TBC1D4,TNFSF15,CASP8AP2","Sputum_Paucigranulocytic"
"BP","chemotaxis",464,104,2.35563222197705e-05,0.00704334034371137,"ADAM8,ADAM10,VAV3,GPNMB,SEMA4D,SEMA3C,CXCR6,PTGDR2,CMTM7,LYST,CCR6,CMKLR1,CRK,CMTM8,CXADR,CYP19A1,DOCK2,GPR183,EFNA5,EFNB2,ANO6,EPHB1,PTK2B,FCER1G,SWAP70,FLT1,PIP5K1C,FPR2,FPR3,DAPK2,ALOX5,STK39,ANGPT1,ANGPT2,ANXA1,NRG1,IL4,IL6R,IL16,ITGA9,ITGB2,ITGB3,LSP1,LYN,SMAD3,MET,ABCC1,NEDD9,NINJ1,NOTCH1,P2RX4,PDE4B,IL23A,CYRIB,ENPP2,PIK3CB,PIK3CD,PLD1,TREM2,TREM1,PPBP,PRKCD,PLGRKT,MAPK1,MAP2K1,LGMN,SUCNR1,CAMK1D,LRTM1,PTK2,SEMA6A,PREX1,PTPRJ,PTPRO,CXCL16,RAC1,LGR6,S100A8,CCL13,CCL18,CCL20,CCL21,CCL22,CCL25,ELMO2,SEMA4A,ST6GAL1,STX3,BSG,SYK,MSMP,C5,C5AR1,CCR2,WNT3,RIN3,SLC8B1,CALR,PLA2G6,TNFRSF11A,NRP1,CCRL2,MCU,PPM1F,DOCK4,RIPOR2","Sputum_Paucigranulocytic"
"BP","cellular response to biotic stimulus",265,59,2.45816464775132e-05,0.0072544588903248,"ZMPSTE24,CEBPE,TXNIP,LILRB1,MALT1,NLRP3,NLRP7,PPM1E,SBNO2,CDK19,SASH1,ABL1,GATA1,HSF1,IRF8,TICAM2,IRAK2,SCIMP,LTF,LYN,MEF2C,CARD17P,NOTCH1,NOTCH2,PDE4B,CYRIB,PLCG2,TREM2,PPBP,PRKCA,AXL,PRKCE,MAPK1,MAPK8,RARA,UPF1,BCR,CLEC7A,SRC,SYK,TSPO,TNF,WFS1,TNIP3,SLC7A5,CAMP,CAPN2,CASP1,CASP7,SLX4,HAVCR2,FBH1,CD6,CD80,CD86,LY86,CD36,NR1D1,CD68,CDA","Sputum_Paucigranulocytic"
"CC","vesicle lumen",324,70,2.5310554327879e-05,0.0073530584004935,"ADA,CAP1,CTSC,CHI3L1,CLU,OSCAR,CTSH,CTSZ,DYNC1H1,DOCK2,EEF1A1,EEF2,EGF,SERPINB1,F13A1,FGR,FAF2,COTL1,ARHGAP45,HEBP2,BACE1,ALOX5,ARMC8,GLB1,GM2A,GNS,GPI,OLA1,GUSB,GYG1,ANXA2,HEXB,LTF,ARSB,MNDA,DERA,CYRIB,CAB39,ADA2,SERPINA1,TOLLIP,PPBP,CPPED1,PRKCD,MAPK1,RETN,PSMB7,PSMD3,QSOX1,RAB27A,S100A8,S100A11,SLPI,SPARC,SPTAN1,TGFB3,TIMP2,TIMP3,SERPING1,VCL,VWF,XRCC5,ACTN4,CAMP,EPX,FERMT3,CRACR2A,PDXK,ACTN1,CREG1,PGLYRP1,CDA","Sputum_Paucigranulocytic"
"BP","taxis",466,104,2.5562912059452e-05,0.0073530584004935,"ADAM8,ADAM10,VAV3,GPNMB,SEMA4D,SEMA3C,CXCR6,PTGDR2,CMTM7,LYST,CCR6,CMKLR1,CRK,CMTM8,CXADR,CYP19A1,DOCK2,GPR183,EFNA5,EFNB2,ANO6,EPHB1,PTK2B,FCER1G,SWAP70,FLT1,PIP5K1C,FPR2,FPR3,DAPK2,ALOX5,STK39,ANGPT1,ANGPT2,ANXA1,NRG1,IL4,IL6R,IL16,ITGA9,ITGB2,ITGB3,LSP1,LYN,SMAD3,MET,ABCC1,NEDD9,NINJ1,NOTCH1,P2RX4,PDE4B,IL23A,CYRIB,ENPP2,PIK3CB,PIK3CD,PLD1,TREM2,TREM1,PPBP,PRKCD,PLGRKT,MAPK1,MAP2K1,LGMN,SUCNR1,CAMK1D,LRTM1,PTK2,SEMA6A,PREX1,PTPRJ,PTPRO,CXCL16,RAC1,LGR6,S100A8,CCL13,CCL18,CCL20,CCL21,CCL22,CCL25,ELMO2,SEMA4A,ST6GAL1,STX3,BSG,SYK,MSMP,C5,C5AR1,CCR2,WNT3,RIN3,SLC8B1,CALR,PLA2G6,TNFRSF11A,NRP1,CCRL2,MCU,PPM1F,DOCK4,RIPOR2","Sputum_Paucigranulocytic"
"BP","osteoclast differentiation",106,35,2.66895995448907e-05,0.0075811807507262,"PIAS3,LILRB1,LILRB4,OSCAR,CREB1,TMEM64,GPR183,FBN1,SBNO2,FOXP1,SIGLEC15,SNX10,ANXA2,IL4,INPP5D,LTF,MITF,NEDD9,NF1,NOTCH2,IL23A,PIK3R1,TREM2,PPP3CA,FAM20C,RPTOR,SRC,TNF,GPR68,DCSTAMP,UBASH3B,TNFRSF11A,GPR55,SH3PXD2A,CD81,GAB2,FARP2","Sputum_Paucigranulocytic"
"BP","leukocyte cell-cell adhesion",416,94,3.03834522041397e-05,0.00850811991505422,"ADA,ADAM8,RASGRP1,BTN2A2,GPNMB,SEMA4D,LILRB1,MALT1,LILRB4,NLRP3,PIK3R6,EFNB2,ETS1,EXT1,ZBTB1,FCHO1,ALOX5,ABL1,FYN,GATA3,TNFRSF21,CCDC88B,ANXA1,HFE,CD209,HLA-A,HLA-DMB,HLA-DQA2,HLA-DRA,HSPD1,IL4,IL18,IDO1,ITGA4,ITGA5,ITGAL,ITGB2,ITPKB,MIA3,RHOH,LYN,NCK1,IL23A,CYRIB,PDPK1,PPP3CA,AMBRA1,PRKAR1A,PAG1,PRKCZ,CRTAM,DUSP22,PELI1,ZMIZ1,ARID1B,PTPN11,RARA,BCL6,S100A8,CEACAM1,CCL21,CCL25,SELL,VSIR,MARCHF7,SLC7A1,SMARCA2,SMARCD2,SRC,SYK,TGFBR2,TNF,CCR2,TYK2,EZR,YES1,ZBTB16,DOCK8,ARID1A,FERMT3,MAD1L1,NCK2,CARD11,ADTRP,HAVCR2,RUNX1,CBFB,CD6,DLG5,CD80,CD86,CD44,CD81,RIPOR2,TESPA1","Sputum_Paucigranulocytic"
"BP","positive regulation of leukocyte cell-cell adhesion",272,70,3.07017177008645e-05,0.00850811991505422,"ADA,ADAM8,RASGRP1,BTN2A2,LILRB1,MALT1,LILRB4,NLRP3,PIK3R6,EFNB2,ETS1,ZBTB1,FCHO1,ALOX5,ABL1,FYN,GATA3,CCDC88B,ANXA1,CD209,HLA-A,HLA-DMB,HLA-DQA2,HLA-DRA,HSPD1,IL4,IL18,ITGA4,ITGB2,ITPKB,RHOH,LYN,NCK1,IL23A,CYRIB,PDPK1,PPP3CA,AMBRA1,PRKCZ,ZMIZ1,ARID1B,PTPN11,RARA,BCL6,CCL21,VSIR,SLC7A1,SMARCA2,SMARCD2,SRC,SYK,TGFBR2,TNF,CCR2,TYK2,YES1,ZBTB16,DOCK8,ARID1A,NCK2,CARD11,HAVCR2,RUNX1,CBFB,CD6,CD80,CD86,CD44,CD81,TESPA1","Sputum_Paucigranulocytic"
"BP","regulation of leukocyte differentiation",320,79,3.22824050224492e-05,0.00878896036476846,"ADA,ADAM8,RASGRP1,CDK6,BTN2A2,PIAS3,LILRB1,MALT1,LILRB4,NLRP3,CREB1,PIK3R6,NFAM1,ZFPM1,TMEM64,FBN1,ZBTB1,IL27,ABL1,FBXO7,GATA3,FOXP1,ANXA1,HCLS1,HLA-DRA,HSF1,IL4,IL18,INHBA,INPP5D,ITPKB,RHOH,LTF,LYN,MITF,NEDD9,NF1,NOTCH2,IL23A,PIK3R1,TREM2,TESC,PPP3CA,AMBRA1,PRKCA,AXL,PRKCZ,CRTAM,CTNNBIP1,ZMIZ1,ARID1B,RPTOR,RARA,BCL6,CEACAM1,PRDM1,VSIR,SMARCA2,SMARCD2,SOD1,BRAF,SYK,TGFBR2,TNF,C1QC,CCR2,ZBTB16,GPR68,DCSTAMP,ARID1A,CARD11,UBASH3B,RUNX1,CBFB,PGLYRP1,CD2,GPR55,CD80,CD86,TOX,TESPA1","Sputum_Paucigranulocytic"
"BP","regulation of catalytic activity",1477,293,3.24886758775106e-05,0.00878896036476846,"DNAJB6,ADAM8,HIPK3,RASGRP1,PLXNC1,ADAR,NOD1,DLC1,ADARB1,VAV3,TAB1,MERTK,CAP1,SEMA4D,RGS14,CAMKK2,GNB5,MALT1,LILRB4,ADAP1,PKIG,CHI3L1,CHN1,CHN2,SNX18,CHP1,PHB2,NLRP3,ARAP1,RFFL,CLU,FGD4,WDR81,ADORA2B,CRK,ADORA3,CRY2,CACUL1,PIK3R6,CCNYL1,CTSH,FGD5,RASGEF1B,DAP,DAPK1,DAXX,EEF1A1,EFNA5,EGF,SERPINB1,MARK2,ARHGAP27,EPHB3,ERN1,ESR1,EZH2,PTK2B,CCNY,FCER2,FDX1,FGR,FKBP1B,PPM1E,NLRP1,ATG14,MAPRE3,TBC1D9B,SIPA1L3,TBC1D2B,RAP1GAP2,TAB2,PLXND1,LRCH1,GRAMD4,TBC1D9,FLT1,TBC1D1,SMG6,SASH1,DOCK9,ARHGAP45,PIK3R5,RABGAP1,SH3BP4,ALK,ABL1,FYN,SERINC5,TBC1D22A,RASGRP3,NGEF,PARM1,WWTR1,TIAM2,GCH1,CYFIP2,LAMP3,SGSM3,BIN1,GNA12,GNAQ,ANG,ANGPT1,GPER1,RAPGEF1,ABR,UHRF1,PILRB,ANXA1,HTT,NRG1,HIF1A,HIP1,HSPD1,IFI16,RD3,IGF1R,IKBKB,IL4,IL6R,AQP1,IL18,INSR,ITGA6,ITGAM,ITGB2,ITGB3,TBC1D10C,LCP2,LIMK1,LRP1,LTF,LYN,MIR143,SMAD3,MBP,MEF2C,MEFV,MET,MAP3K10,ASPH,NEDD9,NF1,NOTCH1,ATP2A3,ATP2B4,P2RY6,PRKN,PARN,UBXN1,PCNA,FZR1,TAOK3,PRKAG2,SNX9,LARS1,IL23A,CDK5RAP1,PDPK1,CAB39,RAPGEF6,SERPINA1,PIK3CB,PIK3R1,PLXNA2,ERRFI1,TREM2,POR,PPARG,PPP6R3,LGR4,ASAP3,AMBRA1,PRKAR1A,AXL,PRKCD,ADAP2,ARHGAP15,RCC2,MAPK1,MAPK8,PDGFC,MAP2K1,MAP2K5,LGMN,DUSP22,CASS4,PTEN,TMIGD3,PTK2,RPTOR,PREX1,PTPN1,TRIB3,PTPRJ,PTPRO,NLRC4,ARHGAP22,RAF1,RALGDS,RAP1GDS1,RASGRF1,RFC3,BCR,RPS6KA1,RSU1,S100A1,SORT1,S100A8,S100A10,CEACAM1,CCL13,CCL18,CCL20,CCL21,CCL22,CCL25,VSIR,SGK1,CLEC7A,DEPTOR,SLC8A1,SLC11A1,PHACTR4,SOD1,SORL1,SRC,STIM1,SYK,TGFBR2,TIMP2,TIMP3,SERPING1,TNF,TPD52L1,TSG101,C5AR1,CCR2,UVRAG,VAV2,VDR,WARS1,XRCC4,XRCC5,YWHAG,CACNA1C,EVI5,DBNDD1,CARD14,CCNJL,PRKRIP1,HMGA2,DOCK8,CAPN3,AXIN1,CASP1,APH1B,ARHGAP24,TBC1D10A,DTNBP1,BCAR3,GARNL3,ORAI1,UBASH3B,AOC3,TNKS,URI1,CRADD,TNFSF10,RGS9,TNFRSF11A,IQGAP1,KSR1,KAT2B,ARHGEF7,CCND2,BTRC,PPP1R3F,PKMYT1,ARRDC4,GPR55,NHERF1,CD86,AIM2,MAP4K4,CD44,TCL1B,ARHGEF10,PPM1F,RALGPS1,RAPGEF2,NOS1AP,HDAC9,RIPOR2,TBC1D5,TBC1D4,TNFSF15,CASP8AP2","Sputum_Paucigranulocytic"
"BP","negative regulation of immune system process",515,105,3.47997774697588e-05,0.00930341344967999,"ADA,MICA,CDK6,ADAR,BTN2A2,PIAS3,GPNMB,MERTK,LILRB1,LILRB4,CLNK,ADORA1,CRK,DCST1,CYP19A1,ZFPM1,FBN1,FGR,SIRT2,LRCH1,GRAMD4,DTX4,PLCL2,FYN,FBXO7,SAMHD1,TNFRSF21,ANGPT1,GPER1,ANXA1,HFE,HLA-A,IFI16,IL4,IDO1,INHBA,INPP5D,TBC1D10C,MIA3,LTF,LYN,MEFV,MNDA,NF1,PCBP2,ENPP3,PDPK1,PIK3R1,ACP5,TREM2,PPARG,SUSD4,LGR4,PRG2,LYAR,NPLOC4,PRKAR1A,AXL,PAG1,CRTAM,DUSP22,PELI1,PTPRJ,PTPRS,RARA,BCL6,BCR,CEACAM1,CCL21,CCL25,SEC14L1,VSIR,MARCHF7,SRC,SYK,TGFB3,SERPING1,TNF,C1QC,C5,CCR2,EZR,YES1,YWHAZ,CUEDC2,RHBDF2,NLRX1,RIN3,CEP63,GPR68,EPX,MAD1L1,ZDHHC18,ADTRP,HAVCR2,UBASH3B,RUNX1,CBFB,PGLYRP1,DLG5,MFHAS1,GPR55,CD80,CD86,NR1D1,CD59,CD68,RIPOR2","Sputum_Paucigranulocytic"
"BP","regulation of hemopoiesis",413,96,3.56068100775852e-05,0.00939046843119109,"ADA,ADAM8,RASGRP1,CDK6,BTN2A2,PIAS3,FAXDC2,LILRB1,MALT1,LILRB4,NLRP3,CREB1,PIK3R6,NFAM1,ZFPM1,TMEM64,ETS1,PTK2B,FBN1,MTURN,ZBTB1,RCOR1,KAT6B,BRD1,IL27,ABL1,FBXO7,L3MBTL1,GATA1,GATA3,FOXP1,SIGLEC15,GPR171,ANXA1,HCLS1,HIF1A,HLA-DRA,HSF1,IL4,IL18,INHBA,INPP5D,ITPKB,RHOH,LTF,LYN,MEF2C,MITF,RHEX,NEDD9,NF1,NOTCH2,IL23A,PIK3R1,TREM2,TESC,PPP3CA,AMBRA1,PRKCA,AXL,PRKCZ,CRTAM,CTNNBIP1,ZMIZ1,ARID1B,RPTOR,RARA,BCL6,CEACAM1,PRDM1,VSIR,MEAF6,SMARCA2,SMARCD2,SOD1,BRAF,SYK,TGFBR2,TNF,C1QC,CCR2,ZBTB16,KAT6A,GPR68,DCSTAMP,ARID1A,CARD11,UBASH3B,RUNX1,CBFB,PGLYRP1,ACVR1B,CD2,GPR55,CD80,CD86,TOX,TESPA1","Sputum_Paucigranulocytic"
"BP","positive regulation of leukocyte differentiation",184,53,3.63651303443415e-05,0.00939046843119109,"ADA,ADAM8,RASGRP1,BTN2A2,MALT1,LILRB4,NLRP3,CREB1,PIK3R6,TMEM64,ZBTB1,GATA3,ANXA1,HCLS1,HLA-DRA,HSF1,IL4,IL18,INPP5D,ITPKB,RHOH,NEDD9,NOTCH2,IL23A,TREM2,TESC,PPP3CA,AMBRA1,PRKCA,AXL,PRKCZ,CTNNBIP1,ZMIZ1,ARID1B,RPTOR,RARA,BCL6,VSIR,SMARCA2,SMARCD2,SYK,TGFBR2,TNF,ZBTB16,GPR68,DCSTAMP,ARID1A,RUNX1,CBFB,CD80,CD86,TOX,TESPA1","Sputum_Paucigranulocytic"
"BP","positive regulation of hemopoiesis",184,53,3.63651303443415e-05,0.00939046843119109,"ADA,ADAM8,RASGRP1,BTN2A2,MALT1,LILRB4,NLRP3,CREB1,PIK3R6,TMEM64,ZBTB1,GATA3,ANXA1,HCLS1,HLA-DRA,HSF1,IL4,IL18,INPP5D,ITPKB,RHOH,NEDD9,NOTCH2,IL23A,TREM2,TESC,PPP3CA,AMBRA1,PRKCA,AXL,PRKCZ,CTNNBIP1,ZMIZ1,ARID1B,RPTOR,RARA,BCL6,VSIR,SMARCA2,SMARCD2,SYK,TGFBR2,TNF,ZBTB16,GPR68,DCSTAMP,ARID1A,RUNX1,CBFB,CD80,CD86,TOX,TESPA1","Sputum_Paucigranulocytic"
"BP","cell chemotaxis",321,71,3.68036895934858e-05,0.00939693305980194,"ADAM8,ADAM10,VAV3,CXCR6,LYST,CCR6,CMKLR1,CRK,CXADR,CYP19A1,GPR183,ANO6,EPHB1,PTK2B,FCER1G,SWAP70,FLT1,PIP5K1C,FPR2,DAPK2,ALOX5,STK39,ANXA1,IL4,IL6R,IL16,ITGA9,ITGB2,LYN,MET,ABCC1,NEDD9,NINJ1,NOTCH1,P2RX4,PDE4B,IL23A,PIK3CD,TREM1,PPBP,PRKCD,MAPK1,LGMN,CAMK1D,PTK2,PREX1,PTPRO,CXCL16,RAC1,S100A8,CCL13,CCL18,CCL20,CCL21,CCL22,CCL25,ELMO2,BSG,SYK,MSMP,C5,C5AR1,CCR2,RIN3,SLC8B1,CALR,TNFRSF11A,NRP1,CCRL2,MCU,DOCK4,RIPOR2","Sputum_Paucigranulocytic"
"BP","granulocyte chemotaxis",129,32,4.00157270951129e-05,0.0101035264723261,"VAV3,CMKLR1,CXADR,FCER1G,PIP5K1C,DAPK2,ANXA1,IL4,ITGA9,ITGB2,PDE4B,IL23A,PIK3CD,TREM1,PPBP,MAPK1,CAMK1D,PTK2,PREX1,RAC1,S100A8,CCL13,CCL18,CCL20,CCL21,CCL22,CCL25,BSG,SYK,C5AR1,MCU,RIPOR2","Sputum_Paucigranulocytic"
"BP","receptor-mediated endocytosis",257,71,4.44904250683377e-05,0.0111098947170649,"RAMP2,CACNG3,CAP1,LILRB1,LILRB4,RAB31,AP2M1,CLU,LDLRAD3,GSG1L,GRK3,AP2A2,AP2B1,DNM1,EFNB2,EGF,ARHGAP27,FCER1G,FCER2,AAK1,INPP5F,FCHO1,SYNE1,PIP5K1C,ANGPT1,GRK4,ANXA2,HFE,HIP1,HSPG2,IL4,INSR,ITGA4,ITGAM,ITGB2,ITGB3,ARF1,LRP1,ARRB1,MKLN1,ASGR1,ITSN2,SNX9,PIK3CB,PI4KB,PLCG2,AHI1,VAC14,LMBR1L,CXCL16,RAC1,SAG,CEACAM1,CCL21,ITSN1,SORL1,SYK,TFR2,EZR,RIN3,CUBN,DTNBP1,DGKD,STON2,MARCO,CCDC32,PDLIM7,CD9,CD36,CD81,TBC1D5,DNAJC6,FCHSD2","Sputum_Paucigranulocytic"
"CC","secretory granule lumen",320,68,4.72445549240376e-05,0.0115726076609605,"CAP1,CTSC,CHI3L1,CLU,OSCAR,CTSH,CTSZ,DYNC1H1,DOCK2,EEF1A1,EEF2,EGF,SERPINB1,F13A1,FGR,FAF2,COTL1,ARHGAP45,HEBP2,ALOX5,ARMC8,GLB1,GM2A,GNS,GPI,OLA1,GUSB,GYG1,ANXA2,HEXB,LTF,ARSB,MNDA,DERA,CYRIB,CAB39,ADA2,SERPINA1,TOLLIP,PPBP,CPPED1,PRKCD,MAPK1,RETN,PSMB7,PSMD3,QSOX1,RAB27A,S100A8,S100A11,SLPI,SPARC,SPTAN1,TGFB3,TIMP2,TIMP3,SERPING1,VCL,VWF,XRCC5,ACTN4,CAMP,EPX,FERMT3,CRACR2A,PDXK,ACTN1,CREG1,PGLYRP1,CDA","Sputum_Paucigranulocytic"
"BP","regulation of intracellular signal transduction",1785,355,4.73619306666664e-05,0.0115726076609605,"ADA,IQCJ-SCHIP1,ADAM8,HIPK3,RASGRP1,TRAP1,FAM13A,SORBS3,ZMPSTE24,BTN2A2,NOD1,DLC1,VAV3,TAB1,GPNMB,SEMA4D,RGS14,TRAF3IP2,USP20,MALT1,LILRB4,CHI3L1,MAP4K1,AKAP13,CHN1,CHN2,CHP1,PHB2,GABARAP,NLRP3,C1QTNF3,ARAP1,SSX2IP,RFFL,C10orf71,PIK3AP1,CLU,FGD4,SPPL3,SLC24A4,CMKLR1,ADORA1,ADORA2B,NACC2,CRK,PIK3R6,GPBAR1,GLIPR2,FGD5,SH3RF2,PRAG1,DAG1,DGKG,DHX15,DOCK2,DUSP5,DYRK1A,GPR183,EGF,SPRED2,ARHGAP27,EPHB1,ERN1,ESR1,EZH2,PTK2B,FBP1,SPATA13,MTURN,ADGRG3,FGR,RASA3,INPP5F,DENND3,TNIK,SWAP70,FOXO1,ARHGAP26,SIPA1L3,RAP1GAP2,TAB2,FLT1,CAMTA1,CLEC16A,MGRN1,SASH1,PSD3,ARHGEF18,SIK3,ZDHHC17,ARHGAP45,PIK3R5,PSD4,FPR2,DAPK2,PHLDA3,SH3BP4,ABL1,FYN,NGEF,FBXO7,ANAPC15,SGMS1,WWTR1,ZNF385A,PLEKHG3,TIAM2,GATA3,FBXO8,NUPR1,ATP2C1,CYTH4,SESN1,STK39,SGSM3,GNA12,ANGPT1,NKIRAS2,GPER1,HIPK2,ABR,ARHGAP35,RACGAP1,NENF,MDFIC,SCHIP1,LMCD1,HCLS1,HTT,NRG1,HIF1A,HIP1,FFAR4,SH3RF3,IGF1R,IGFBP6,TICAM2,IKBKB,IL18,INHBA,INSR,ITGB3,ITPKB,ITPR1,TBC1D10C,STIMATE,SCIMP,RHOH,LRP1,LTBR,LTF,BMAL1,LYN,MIR143,ARRB1,SMAD6,MEF2C,MET,MAP3K10,IQSEC3,MYO9A,MYO9B,NCK1,NF1,NFE2L2,NGF,NOTCH1,NOTCH2,NPC1,ATP2B4,OPA1,OPRM1,P2RX4,P2RX7,P2RY6,RRM2B,MINK1,ARHGEF3,PRKN,APIP,TAOK3,PDE4D,PDE6H,PDE8A,LARS1,CXXC5,IL23A,HDAC7,CYRIB,PDPK1,NLK,MAP3K20,PIK3CB,PIK3CD,PLCG2,TREM2,NDFIP2,PPARG,ADISSP,ARHGEF10L,PLEKHG6,PPP3CA,PRKACA,CDK5RAP2,INAVA,PRKCA,PRKCB,AXL,PRKCD,PRKCE,ARHGAP15,ASH1L,PRKCZ,MAPK1,PDGFC,MAP2K1,MAP2K5,MAP2K6,DUSP22,CASS4,PAK5,PELI2,PELI1,PTEN,NDRG2,PTK2,ARHGAP31,RPTOR,TAOK1,SEMA6A,PREX1,FNIP2,PTPN1,DENND1A,PTPN11,PTPRJ,ARHGAP22,RRAGD,RAC1,RAF1,RAP1GDS1,RASA2,RASGRF1,HRH4,BCL2,BCL2L1,RHEB,AVPI1,BCL6,RORA,BCR,RPS6KA1,S100A8,S100A13,CEACAM1,CCL13,CCL18,CCL20,CCL21,CCL22,CCL25,SECTM1,ARHGEF28,SGK1,ITSN1,CLEC7A,DEPTOR,MARCHF7,SLA,SOD1,SORL1,SPTBN1,SRC,BRAF,DENND2B,STK3,STK4,SYK,TCF7L2,TGFA,TGFB3,TGFBR2,TIMP3,TNF,TPD52L1,TRAF3,TRIO,C5AR1,USP4,VAV2,VDAC2,EZR,VWF,WFS1,LDLRAD4,YWHAG,YWHAZ,PTTG1IP,USP7,ARHGAP10,NLRX1,MOB3B,TNIP3,KAT6A,ACTN4,CALR,DOCK8,USP9X,CAPN3,AXIN1,CASP1,ARHGAP24,SESN2,MAD1L1,STK40,BCAR3,GARNL3,NCK2,CARD11,HAVCR2,FBH1,DGKD,YBX3,COPS3,MARCO,URI1,TNFSF10,TNFRSF11A,IQGAP1,NRP1,SYNGAP1,KSR1,BTRC,TRIM15,LIMD1,MAP3K14,STARD13,DLG5,MFHAS1,CYTH3,CYTH1,GPR55,NHERF1,CD86,AIM2,MAP4K4,CD36,NR1D1,BABAM2,AKAP12,CD44,ARHGEF10,RALGPS1,VGLL4,NUP93,RAPGEF2,NOS1AP,CD81,RIPOR2,KIAA0319,IQSEC1","Sputum_Paucigranulocytic"
"BP","granulocyte migration",154,36,4.82206076481151e-05,0.0116473167312136,"ADAM8,VAV3,CMKLR1,CXADR,FCER1G,PIP5K1C,DAPK2,ANXA1,IL4,ITGA9,ITGB2,PDE4B,IL23A,PIK3CD,TREM1,PPBP,MAPK1,CAMK1D,PTK2,PREX1,RAC1,S100A8,CCL13,CCL18,CCL20,CCL21,CCL22,CCL25,BSG,SYK,C5AR1,EPX,CD99L2,MCU,RIPOR2,WDR1","Sputum_Paucigranulocytic"
"BP","myeloid cell activation involved in immune response",97,29,4.86927956990536e-05,0.0116473167312136,"RASGRP1,SCN11A,CLNK,ADORA2B,DOCK2,FCER1G,FGR,SBNO2,GATA1,ANXA3,IL4,ITGAM,ITGB2,KARS1,LYN,ENPP3,PDPK1,PIK3CD,PLCG2,TREM2,PRKCE,SUCNR1,BCR,S100A13,SLC18A2,SYK,TNF,CCR2,HAVCR2,GAB2","Sputum_Paucigranulocytic"
"BP","regulation of cell activation",646,135,4.9755828572367e-05,0.011777619254984,"ADA,MICA,ADAM8,RASGRP1,BTN2A2,VAV3,GPNMB,MERTK,CTSC,LILRB1,MALT1,LILRB4,NLRP3,CYGB,CLNK,CLC,SLC15A4,ADORA2B,PIK3R6,NFAM1,GPR183,EFNB2,FCER1G,FGR,ZBTB1,FCHO1,IL27,ABL1,FYN,FBXO7,GATA1,GATA3,BLOC1S6,TNFRSF21,GNAQ,CCDC88B,GPER1,SH3KBP1,ANXA1,HFE,CD209,HLA-A,HLA-DMB,HLA-DQA2,HLA-DRA,HSPD1,TICAM2,IL4,TNFRSF9,IL18,IDO1,INHBA,INPP5D,ITGAM,ITGB2,ITPKB,KARS1,TBC1D10C,MFSD2B,RHOH,LYN,MEF2C,MNDA,NCK1,NEDD9,NFATC2,IL23A,CYRIB,ENPP3,PDPK1,PLA2G4A,TREM2,PPP3CA,AMBRA1,PRKAR1A,PRKCA,AXL,PRKCD,PAG1,PRKCZ,CRTAM,DUSP22,HMCES,PELI1,ZMIZ1,ARID1B,PTPN11,NECTIN2,RARA,BCL2,BCL6,RORA,BCR,RPS6KA1,CELA2A,CEACAM1,CCL21,PRDM1,VSIR,CLEC7A,MARCHF7,SLC7A1,SMARCA2,SMARCD2,SOD1,SRC,BRAF,SYK,TGFBR2,TNF,CCR2,TYK2,YES1,ZBTB16,DOCK8,CAPN3,ARID1A,MAD1L1,NCK2,CARD11,HAVCR2,UBASH3B,RUNX1,CBFB,PGLYRP1,CD2,CD6,DLG5,MFHAS1,CD9,CD80,CD86,NR1D1,CD81,RIPOR2,TOX,TESPA1,GAB2","Sputum_Paucigranulocytic"
"BP","adaptive immune response based on somatic recombination of immune receptors built from immunoglobulin superfamily domains",304,67,5.21419623674336e-05,0.0121692035002998,"ADA,MICA,BTN3A3,CTSC,TRAF3IP2,LILRB1,MALT1,LILRB4,NLRP3,CLC,CLU,SLC15A4,CCR6,CTSH,GAPT,FCER1G,FCER2,ZBTB1,SWAP70,RFTN1,IL27,GATA3,ANXA1,HFE,HLA-A,HLA-DRA,MR1,HSPD1,IL4,IL6R,IL18,INPP5D,JAK1,MEF2C,NOTCH1,P2RX7,IL23A,CYRIB,PLA2G4A,TREM2,SUSD4,PRKCD,PRKCZ,DUSP22,HMCES,NECTIN2,RAB27A,BCL6,RORA,CEACAM1,SEMA4A,CLEC7A,SLC11A1,SERPING1,C1QA,TNF,C1QB,C1QC,C1S,C5,CCR2,TYK2,C8A,C8B,HAVCR2,RSAD2,CD80,CD81","Sputum_Paucigranulocytic"
"BP","carboxylic acid metabolic process",940,175,5.27015641014724e-05,0.0121692035002998,"UST,SLC25A13,PRMT3,MTHFS,FARS2,ME3,ACOT2,LIAS,SLC2A6,MGAT4A,SLC46A1,ACOT7,MGLL,CYGB,OSBPL1A,OSBPL6,OSBPL9,EARS2,CPT1A,ADHFE1,GPAT4,ACSM6,CS,CYP27A1,DARS1,DDC,IDO2,DIO1,DLST,ABAT,ECH1,ACSF3,ETFB,ETFDH,FAH,FARSA,FBP1,FOXK1,ALDH3A2,SEPHS2,SEPHS1,SIRT2,LPIN1,FMO1,FMO4,UBR4,LARS2,QPRT,PLA2G15,ALOX5,SERINC5,ACOT11,OSBPL3,ABHD12,ZBTB20,NUPR1,GGTA1,GLDC,GOT2,GPD1,GPI,PTGR3,GPX4,GSTA1,DSE,ANXA1,HDC,HEXA,HEXB,HIF1A,HK1,HK2,ACACA,AOAH,HLCS,HNMT,IARS1,IDH2,FOXK2,IDO1,INSR,KARS1,PEDS1,LIPA,LIPC,LTA4H,MGST3,ABCC1,MTHFD1,ACO1,NPC1,ATP2B4,OAT,OGDH,P2RX7,PCCA,PCK2,APIP,CRYL1,MECR,HSD17B12,PIPOX,ZBTB7A,AIG1,PRKAG2,LARS1,ACSL5,ATP8B1,PGAM2,PGM1,PLA2G4A,PPARD,PPARG,AUH,ACSM5,ACOXL,CHST12,NAGK,PRKAB1,PRKACA,CSGALNACT1,PRKCE,PECR,ACSS2,LRRC47,RPTOR,TRIB3,PTS,NLRC4,BCAT1,SCPEP1,ELOVL5,CEACAM1,FN3K,ST6GAL1,ST3GAL1,SLC1A3,SLC2A1,AACS,BPHL,AKR1D1,SYK,TBXAS1,UCP3,WARS1,CARS2,ADIPOR2,NARS2,DGLUCY,ACSF2,PNPLA3,SLC38A1,CARS1,CASP1,SESN2,ACAD11,ACCS,ADTRP,MFSD2A,SLC45A3,DEGS1,SLC25A12,CBFA2T3,DCAF5,KYAT1,GMPS,KAT2B,PER2,VNN2,SGPL1,SLC7A7,MAPKAPK2,FADS2,CD36,NR1D1,HDAC4,XYLB,GFPT2,SLC23A2","Sputum_Paucigranulocytic"
"BP","regulation of response to stress",1484,275,5.30166848499242e-05,0.0121692035002998,"ADA,CDH5,DNAJB6,MICA,ADAM8,HIPK3,RASGRP1,LPCAT3,ZMPSTE24,ADAR,NOD1,AGR2,CELF1,CTSC,TRAF3IP2,LILRB1,KAT7,SGF29,PHB2,MGLL,NLRP3,C1QTNF3,RMI2,CLNK,SH2D1B,PIK3AP1,CLU,SLC15A4,ADORA1,NCOA7,ADORA2B,NACC2,CREBBP,CRK,PIK3R6,DCST1,SH3RF2,CYP19A1,DNMT3A,DYRK1A,ANO6,NLRP7,SPRED2,EPHB1,ERCC4,ERCC6,ERN1,ESR1,ETS1,EYA2,FABP4,PTK2B,MTURN,FGR,FKBP1B,NLRP1,INPP5F,ZNF365,SBNO2,ATF6,SIRT2,NT5C2,TNIK,FOXO1,GRAMD4,RFTN1,DTX4,SASH1,SPIDR,FPR2,ALOX5,IL27,ABL1,FYN,SAMHD1,SIN3A,ZNF385A,ABHD12,EPC2,GATA3,GCH1,NUPR1,AMFR,FOXP1,SESN1,STK39,METRNL,GPER1,HIPK2,SETD2,USP25,MDFIC,ANXA1,ANXA2,UBE2K,HLA-A,AOAH,HSF1,HSPD1,FFAR4,IFI16,SH3RF3,IGF1R,IGFBP6,TICAM2,IKBKB,IL4,IL16,IL18,IDO1,IRAK2,KARS1,SCIMP,LMNA,SIGLEC16,LRCH4,LTBR,LTF,LYN,SMAD3,MEF2C,MEFV,MGMT,MAP3K10,MNDA,ABCC1,NCK1,NFE2L2,NINJ1,NPAS2,ATP2B4,OPA1,OPRM1,MINK1,PRKN,PCBP2,UBXN1,PCNA,IER5,TAOK3,IL23A,ENPP3,PDPK1,RTEL1,MAP3K20,PIK3CB,PIK3R1,PLCG2,ACP5,TREM2,RNF216,RBM47,INO80,PPARD,PPARG,SUSD4,TMEM33,PPP3CA,LGR4,NAGK,FERMT1,LYAR,NPLOC4,INAVA,PRKCD,PRKCE,ASH1L,DMAP1,MAPK1,MAPK8,MAPK13,MAP2K1,MAP2K6,CRTAM,SUCNR1,SPIRE1,DUSP22,PELI1,PTEN,PTK2,ARID1B,TAOK1,WDFY1,PTPN1,MEAK7,PTPN11,PTPRS,NECTIN2,NLRC4,RAD52,BCL2,BCL2L1,BCL6,BCL7A,RORA,BCR,RREB1,S100A8,ATXN7,CEACAM1,CCL21,SEC14L1,SGTA,CLEC7A,MEAF6,MARCHF7,SMARCA2,SMARCD2,SOD1,SRC,BRAF,STK3,SYK,TAF6,SERPING1,TNF,TOP2B,TPD52L1,TRAF3,DNAJC7,CCR2,EZR,WFS1,XRCC5,YES1,YWHAZ,PTTG1IP,CYREN,MCPH1,RHBDF2,NLRX1,MCTP1,TNIP3,CEP63,EPC1,FXR1,HMGA2,CLPB,ARID1A,TRRAP,AXIN1,CASP1,SESN2,KREMEN1,ZDHHC18,STK24,RNF135,NCK2,SPIRE2,ADTRP,HAVCR2,AIFM2,FBH1,ZNRF1,UBASH3B,YBX3,COPS3,TNFRSF11A,KAT2B,TRIM15,PGLYRP1,PHLDB2,OTULIN,LRSAM1,RNF185,RSAD2,MFHAS1,MAPKAPK2,CD9,TADA2B,RECQL5,AIM2,MAP4K4,CD36,NR1D1,BABAM2,CD44,N4BP1,CD81,KIAA0319,AREL1","Sputum_Paucigranulocytic"
"BP","neutrophil chemotaxis",106,27,5.6531077067632e-05,0.0127419411626376,"VAV3,CXADR,FCER1G,PIP5K1C,DAPK2,ITGA9,ITGB2,PDE4B,IL23A,PIK3CD,TREM1,PPBP,CAMK1D,PREX1,RAC1,S100A8,CCL13,CCL18,CCL20,CCL21,CCL22,CCL25,BSG,SYK,C5AR1,MCU,RIPOR2","Sputum_Paucigranulocytic"
"BP","mononuclear cell migration",204,49,5.66333417279704e-05,0.0127419411626376,"ADAM8,ADAM10,CCR6,CMKLR1,CRK,GPR183,ANO6,EXT1,PTK2B,LRCH1,FLT1,FPR2,ALOX5,ABL1,GATA3,STK39,ANXA1,IL4,IL6R,ITGA4,ITGAL,ITGB3,MIA3,LYN,NEDD9,ASB2,PIK3CD,MAPK1,CRTAM,LGMN,PTK2,PTPRO,CXCL16,CCL13,CCL18,CCL20,CCL21,CCL22,CCL25,MSMP,TNF,C5AR1,CCR2,SLC8B1,CALR,DOCK8,CD99L2,ADTRP,TNFRSF11A,RIPOR2","Sputum_Paucigranulocytic"
"BP","response to organonitrogen compound",1056,222,5.80226579481845e-05,0.012879271206048,"ADA,NOD1,BAIAP2,NCOA2,TXNIP,KLF1,GNB5,AHCYL1,RAB31,KAT7,CHRM1,SLC24A4,ADORA1,CPT1A,CREB1,CRK,MTCL2,CRY2,DAG1,DHX15,DNMT3A,ABAT,AGRP,HTR3D,EXT1,EZH2,PTK2B,FBN1,FBP1,FCER1G,SDK1,FDX1,CPEB3,NLRP1,ATF6,SIRT2,TNIK,FOXO1,LPIN1,FAF2,LARP1,LEPROTL1,SPIDR,FPR2,BACE1,SH3BP4,ALK,PANX1,ALPL,ABL1,FYN,SIN3A,GATA1,AMFR,SESN1,GLDC,GNAO1,GNAQ,GPD1,GPR21,GPER1,GRB10,RAPGEF1,SETD2,USP25,EEF2K,SLC2A8,ANXA1,HLCS,HRH1,HSF1,HTR3A,UBAC2,IGF1R,AQP1,INHBA,INSR,AQP9,IRF5,ITGA4,ITGB2,ITGB3,ITPR1,ITPR2,JAK1,MIA3,KCNE1,KCNQ1,LIPA,LRP1,LTA4H,LYN,MIR143,MAN1A1,MAX,MEF2C,ABCC1,MYO1C,NCK1,NFE2L2,NNMT,NOTCH1,NPC1,ATP2B4,OPRM1,P2RX1,P2RX4,P2RX7,P2RY2,P2RY6,RRM2B,PRKN,UBXN1,PCK2,PCNA,KLF3,PDE4B,LARS1,PDPK1,PIK3R1,PIP4K2A,BCL11A,TREM2,GNG2,SSH1,PPARG,PPP3CA,NAGK,PRKACA,NPLOC4,PRKAR1A,EDEM2,UGGT2,INAVA,PRKCA,PRKCB,PRKCD,PRKCE,PRKCZ,MAPK1,MAPK13,PDGFC,LGMN,RETN,UGGT1,MAN1C1,AMIGO1,PTK2,ARID1B,RPTOR,PTPN1,MEAK7,TRIB3,PTPN11,PTPRE,PXN,RRAGD,RAF1,RAP1GDS1,HRH4,BCL2,BCL2L1,HCN2,SORT1,CELA2A,SCNN1A,CEACAM1,SGTA,SLC1A2,SLC1A3,SLC2A1,SLC8A1,SLC18A2,SORL1,SRC,SREBF2,BRAF,BSG,SYK,TCF12,TSPO,TNF,TOP2B,C5AR1,TYK2,UCP3,EZR,MYRF,WFS1,YWHAG,CACNB1,RNF103,EDEM3,PNPLA3,CALR,SLC7A5,CAMP,CAPN2,GUCD1,SESN2,CASP7,DTNBP1,BCAR3,SLC25A33,CASQ2,ADTRP,TNFSF10,TNFRSF11A,KAT2B,UMODL1,RNF185,CD9,NHERF1,RECQL5,CD36,NCOR2,ZNF592,CD68,RAPGEF2,HDAC9,CD81,CDA,TBC1D4,CDH1","Sputum_Paucigranulocytic"
"BP","positive regulation of endocytosis",154,45,5.90477796601587e-05,0.012879271206048,"MERTK,RAB31,AP2M1,CLU,DOCK2,EGF,ANO6,FCER1G,SYNE1,FPR2,BIN1,ANGPT1,EEF2K,ANXA2,HFE,HIP1,IL4,INSR,LRP1,ARRB1,ANKFY1,PLCG2,TREM2,AHI1,PPP3CA,LYAR,AXL,CAMK1D,PTPRJ,RAB27A,BCR,CCL21,CLEC7A,SLC11A1,SOD1,SYK,TFR2,TNF,TSG101,CALR,DTNBP1,DGKD,CD36,CD151,TBC1D5","Sputum_Paucigranulocytic"
"BP","regulation of response to stimulus",4037,729,5.90812629215138e-05,0.012879271206048,"ADA,CDH5,DNAJB6,IQCJ-SCHIP1,MICA,C8orf44-SGK3,ADAM8,HIPK3,RASGRP1,TRAP1,FAM13A,LPCAT3,SORBS3,ADAM10,RAMP2,ZMPSTE24,ADAR,CACNG3,BTN3A3,BTN2A2,NOD1,DLC1,VAV3,TAB1,GPNMB,BAIAP2,NCOA2,SEMA4D,SEMA3C,AGR2,RGS14,CELF1,CTSC,GIPC1,TRAF3IP2,LILRB1,USP20,MALT1,LILRB4,WWP2,KAT7,CHI3L1,MAP4K1,AKAP13,CHN1,CHN2,PTGDR2,CHP1,SGF29,PHB2,GABARAP,MGLL,NLRP3,ERMAP,C1QTNF3,FBXO32,ZNF653,RMI2,CLNK,ARAP1,SH2D1B,SSX2IP,RFFL,CLC,C10orf71,PIK3AP1,CLU,SLC15A4,FGD4,SPPL3,SLC24A4,CCR6,CMKLR1,PIGU,ADORA1,NCOA7,ADORA2B,NACC2,CREBBP,CRK,CRY2,PRICKLE1,GSG1L,PIK3R6,DCST1,CNIH3,CTNND1,NFAM1,CCNYL1,CTSH,GPBAR1,GLIPR2,FGD5,SH3RF2,GRK3,PRAG1,CYP19A1,DAB1,DAG1,DGKG,DAPK1,DHX15,ZNF366,TMEM64,DNMT3A,DOCK2,ABAT,DUSP5,DYRK1A,GPR183,EFNB2,EGF,ANO6,NLRP7,SPRED2,ARHGAP27,EPHB1,ERCC4,ERCC6,ERN1,ESR1,ETS1,EYA2,EZH2,FABP4,PTK2B,CCNY,FBN1,FBP1,FCER1G,FCER2,SPATA13,MTURN,ADGRG3,FGR,FKBP1B,RASA3,AAK1,CHSY1,NLRP1,INPP5F,ZBTB1,ZNF365,DENND3,SBNO2,EPN2,ATF6,SIRT2,NT5C2,TNIK,HECW1,SWAP70,FOXO1,KDM4C,ARHGAP26,SIPA1L3,MCF2L2,RAP1GAP2,TAB2,FCHO1,GRAMD4,RFTN1,FLT1,DTX4,PLCL2,CAMTA1,CLEC16A,MGRN1,CUX2,SASH1,SYNE1,PSD3,ARHGEF18,SIK3,ZDHHC17,GPR161,LEPROTL1,MACF1,SPIDR,ARHGAP45,PIK3R5,PSD4,FPR2,FPR3,DAPK2,PHLDA3,BACE1,SH3BP4,SGK3,ALK,ALOX5,IL27,ABL1,FYB1,FYN,NGEF,FBXO7,ANAPC15,SGMS1,WWTR1,SAMHD1,SIN3A,ZNF385A,C2CD3,PLEKHG3,CNTNAP2,ABHD12,EPC2,GATA1,TIAM2,GATA3,FBXO8,GCH1,PTPN18,NUPR1,AMFR,CYFIP2,ATP2C1,FOXP1,CYTH4,DISC1,TNFRSF21,SESN1,GLG1,STK39,SGSM3,GNA12,GNAQ,GNG7,ANGPT1,METRNL,GPR21,ANGPT2,NKIRAS2,GPER1,GRK4,GRB10,HIPK2,ABR,SETD2,ARHGAP35,RACGAP1,BLNK,USP25,NENF,STRN3,MDFIC,SCHIP1,LMCD1,ANXA1,ANXA2,HCLS1,HTT,HFE,NRG1,HIF1A,HIP1,UBE2K,HLA-A,HLA-DMB,HLA-DQA2,HLA-DRA,AOAH,MR1,HSF1,HSPD1,UBAC2,FFAR4,IFI16,SH3RF3,IGF1R,IGFBP6,TICAM2,IKBKB,IL4,IL6R,IL16,IL18,IDO1,INHBA,INPP5A,INPP5D,INSR,ITGA6,IRAK2,ITGA5,ITGAM,ITGB2,ITGB3,ITPKB,ITPR1,JARID2,KARS1,TBC1D10C,KIF7,STIMATE,KPNA1,SCIMP,LCP2,LIMK1,LIPA,RHOH,LMNA,SIGLEC16,LRCH4,LRP1,LTBP1,LTBR,LTF,BMAL1,LYN,MIR143,MIR199B,ARRB1,SMAD3,SMAD6,MEF2C,MEFV,MAP3K1,MET,MGMT,MAP3K10,MLLT3,MNDA,ABCC1,IQSEC3,MYO1C,MYO9A,MYO9B,NCK1,NEDD9,NF1,NFATC2,NFE2L2,NGF,NID1,NINJ1,NOTCH1,NOTCH2,NPAS2,NPC1,ATP2A2,ATP2B4,OPA1,OPRM1,P2RX4,P2RX7,P2RY6,PCSK6,RRM2B,MINK1,CHST11,ARHGEF3,PRKN,PCBP2,UBXN1,APIP,PCNA,TUBD1,IER5,ZBTB7A,TAOK3,UBR5,PDE4B,PDE4D,PDE6H,PDE8A,LARS1,CXXC5,ZC3HC1,IL23A,HDAC7,CYRIB,TRIM33,SUFU,ENPP3,PDPK1,NLK,WWOX,ARID4B,RTEL1,MAP3K20,CDK14,PIK3CB,PIK3CD,PIK3R1,PIP4K2A,PLA2G4A,PLCG2,ACP5,ERRFI1,TREM2,SSH1,RNF216,RBM47,NDFIP2,INO80,PPARD,PPARG,RNF43,MKS1,TMEM132A,ADISSP,SUSD4,ARHGEF10L,TMEM33,RIC8B,PLEKHG6,PPP3CA,LGR4,NAGK,FERMT1,LYAR,PRKACA,NPLOC4,LMBR1L,CDK5RAP2,INTS9,INAVA,PRKCA,DEPDC1B,PRKCB,AXL,PRKCD,PRKCE,PRKCH,ARHGAP15,ASH1L,PRKCZ,DMAP1,MAPK1,SULF2,MAPK8,MAPK13,PDGFC,MAP2K1,MAP2K5,MAP2K6,CRTAM,LGMN,HTRA1,SUCNR1,SPIRE1,SPPL2B,DUSP22,HMCES,FAM20C,CTNNBIP1,CASS4,CAMK1D,PAK5,SMURF1,PELI2,PELI1,ZMIZ1,PTEN,NDRG2,BIRC6,PTK2,ARID1B,ARHGAP31,RPTOR,KCTD16,TAOK1,SEMA6A,PREX1,WDFY1,BEGAIN,FNIP2,PTPN1,DENND1A,MEAK7,PTPN11,PTPRE,PTPRJ,PTPRO,PTPRS,NECTIN2,PXN,NLRC4,ARHGAP22,SINHCAF,RRAGD,RAC1,RAD52,RAF1,RAP1GDS1,RARA,RASA2,RASGRF1,ARID4A,HRH4,LGR6,BCL2,BCL2L1,RGS3,RGS12,RHEB,AVPI1,BCL6,BCL7A,RORA,BCR,RPS6KA1,RREB1,RXRA,S100A8,S100A13,SAG,ATXN7,CEACAM1,CCL13,CCL18,CCL20,CCL21,CCL22,CCL25,UBE2O,SEC14L1,SECTM1,BLK,VSIR,SEMA4A,ARHGEF28,SUDS3,SGK1,SGTA,ITSN1,CLEC7A,SMURF2,MEAF6,CRTC3,DEPTOR,ST6GAL1,MARCHF7,NIBAN2,SKI,SLA,SLC11A1,SMARCA2,PHACTR4,SMARCD2,SOD1,SORL1,SPTBN1,SRC,SREBF2,BRAF,DENND2B,STK3,STK4,STX3,SYK,TAF6,TCF7L2,TGFA,TGFB1I1,TGFB3,TGFBR2,THRA,TIMP3,TLE3,TLE4,SERPING1,C1QA,TNF,C1QB,C1QC,TOP2B,C1S,TPD52L1,TRAF3,TRIO,TSG101,DNAJC7,C5,C5AR1,CCR2,TYK2,C8A,C8B,UBE2D3,UGCG,USP4,VAV2,VDAC2,VDR,EZR,VWF,WFS1,WNT3,XRCC5,YES1,LDLRAD4,YWHAG,YWHAZ,PTTG1IP,CACNB4,USP7,CYREN,BCL2L14,SH3TC2,MCPH1,RHBDF2,ARHGAP10,DYNC2H1,NLRX1,TBL1XR1,MCTP1,MOB3B,CAMKMT,UBA5,RIN3,PRR5L,TNIP3,KAT6A,SLC8B1,BICC1,ARMC9,CEP63,SCUBE1,EPC1,FXR1,HMGA2,ACTN4,CALR,CLPB,ITM2C,TSPAN14,CAMK2D,DOCK8,CAMK2G,USP9X,CAPN3,ARID1A,TRRAP,AXIN1,CASP1,ARHGAP24,SESN2,MAD1L1,STK40,PLA2G6,KREMEN1,DTNBP1,BCAR3,ZDHHC18,GARNL3,STK24,RNF135,NCK2,CARD11,DOT1L,SPIRE2,ADTRP,HAVCR2,AIFM2,FBH1,ZNRF1,UBASH3B,DGKD,YBX3,COPS3,ITPRIP,RUNX2,PLPP3,CDK13,TNKS,PEA15,MARCO,URI1,CRADD,TNFSF12,TNFSF10,RGS9,TNFRSF11A,IQGAP1,NRP1,SYNGAP1,KSR1,KAT2B,BTRC,MVB12B,TRIM15,PGLYRP1,LIMD1,PHLDB2,MAP3K14,OTULIN,MCU,STARD13,LRSAM1,ACVR1B,RNF185,RSAD2,DLGAP1,DLG5,MFHAS1,MAPKAPK2,CYTH3,CYTH1,CD9,GPR55,NREP,TADA2B,NHERF1,ACVRL1,RECQL5,CD80,CD86,AIM2,MAP4K4,LY86,CD36,RPH3AL,GTF2IRD1,NR1D1,BABAM2,AKAP12,CD44,NCOR2,ARHGEF10,ZNF592,PPM1F,RALGPS1,CD59,SAFB2,FAM53B,N4BP1,VGLL4,NUP93,RAPGEF2,NOS1AP,CD81,RIPOR2,HDAC4,ZEB2,TESPA1,GAB2,KIAA0319,AREL1,IQSEC1","Sputum_Paucigranulocytic"
"BP","regulation of leukocyte cell-cell adhesion",379,86,5.95108025275059e-05,0.012879271206048,"ADA,ADAM8,RASGRP1,BTN2A2,GPNMB,LILRB1,MALT1,LILRB4,NLRP3,PIK3R6,EFNB2,ETS1,ZBTB1,FCHO1,ALOX5,ABL1,FYN,GATA3,TNFRSF21,CCDC88B,ANXA1,HFE,CD209,HLA-A,HLA-DMB,HLA-DQA2,HLA-DRA,HSPD1,IL4,IL18,IDO1,ITGA4,ITGB2,ITPKB,MIA3,RHOH,LYN,NCK1,IL23A,CYRIB,PDPK1,PPP3CA,AMBRA1,PRKAR1A,PAG1,PRKCZ,CRTAM,DUSP22,PELI1,ZMIZ1,ARID1B,PTPN11,RARA,BCL6,CEACAM1,CCL21,CCL25,VSIR,MARCHF7,SLC7A1,SMARCA2,SMARCD2,SRC,SYK,TGFBR2,TNF,CCR2,TYK2,YES1,ZBTB16,DOCK8,ARID1A,MAD1L1,NCK2,CARD11,ADTRP,HAVCR2,RUNX1,CBFB,CD6,DLG5,CD80,CD86,CD44,CD81,RIPOR2,TESPA1","Sputum_Paucigranulocytic"
"BP","positive regulation of cell adhesion",478,117,6.1001398231572e-05,0.0130773186171155,"ADA,ADAM8,RASGRP1,CDK6,BTN2A2,VAV3,AGR2,LILRB1,MALT1,LILRB4,NLRP3,COL26A1,CRK,PIK3R6,DAG1,DOCK1,EFNB2,ETS1,PTK2B,ZBTB1,FCHO1,ALOX5,ABL1,FYN,GATA3,DISC1,CCDC88B,ANGPT1,ANXA1,CD209,HLA-A,HLA-DMB,HLA-DQA2,HLA-DRA,HSPD1,IL4,IL18,ITGA6,ITGA4,ITGA5,ITGB2,ITGB3,ITPKB,JAK1,MFSD2B,RHOH,LYN,SMAD3,ZFHX3,MYO10,NCK1,NEDD9,NID1,HSD17B12,IL23A,CYRIB,PDPK1,RIN2,APBB1IP,PPP3CA,CARMIL1,FERMT1,AMBRA1,PRKCA,PRKCE,PRKCZ,CASS4,ZMIZ1,ARID1B,PREX1,PTPN11,PTPRJ,RAC1,RARA,BCL6,RREB1,RSU1,S100A10,CCL21,CCL25,VSIR,SLC7A1,SMARCA2,SMARCD2,SRC,BRAF,STK4,STX3,SYK,TGFBR2,TNF,CCR2,TYK2,UTRN,YES1,ZBTB16,DOCK5,CALR,DOCK8,ARID1A,NCK2,CARD11,HAVCR2,RUNX1,PLPP3,CBFB,NRP1,ARHGEF7,CD6,CYTH3,CD80,CD86,MAP4K4,CD36,CD44,PPM1F,CD81,TESPA1","Sputum_Paucigranulocytic"
"BP","defense response to bacterium",308,51,6.2900592582596e-05,0.0133584398677282,"MICA,NOD1,LYST,WFDC13,DHX15,FCER1G,FGR,NLRP1,TAB2,FPR2,FOXP1,WFDC10B,ANG,SLC9A9,ANXA3,HLA-A,MR1,IRF8,IL6R,AQP1,IL18,SIGLEC16,LTF,NOTCH2,P2RX7,MARCHF2,IL23A,ACP5,TREM2,TREM1,PPBP,PRG2,NAGK,PRKCD,NLRC4,RNASE4,S100A8,CCL20,SLC11A1,SLPI,SYK,TNF,C5AR1,CAMP,EPX,CASP1,PLA2G6,CASP7,RNASE7,HAVCR2,PGLYRP1,CD36","Sputum_Paucigranulocytic"
"BP","positive regulation of immune effector process",266,59,6.83211886119347e-05,0.0142546703515991,"MICA,RASGRP1,NOD1,LILRB1,MALT1,PHB2,NLRP3,CLNK,SH2D1B,ADORA2B,FCER2,FGR,ZBTB1,PANX1,GATA1,GATA3,GPI,ANXA1,HFE,HK1,HLA-A,HLA-DMB,HLA-DRA,MR1,HSPD1,TICAM2,IL4,IL18,IRF5,ITGAM,ITGB2,SCIMP,LYN,P2RX7,IL23A,CYRIB,ENPP3,PDPK1,PLCG2,TREM2,INAVA,PRKCZ,CRTAM,HMCES,PTPRJ,NECTIN2,RARA,RBP4,CLEC7A,SYK,TNF,CCR2,SLC7A5,RSAD2,MAPKAPK2,CD80,CD86,CD36,CD81,GAB2","Sputum_Paucigranulocytic"
"BP","regulation of leukocyte activation",593,124,6.83752450415551e-05,0.0142546703515991,"ADA,MICA,ADAM8,RASGRP1,BTN2A2,VAV3,GPNMB,MERTK,CTSC,LILRB1,MALT1,LILRB4,NLRP3,CLNK,CLC,SLC15A4,ADORA2B,PIK3R6,NFAM1,GPR183,EFNB2,FGR,ZBTB1,FCHO1,IL27,ABL1,FYN,FBXO7,GATA1,GATA3,BLOC1S6,TNFRSF21,CCDC88B,GPER1,SH3KBP1,ANXA1,HFE,CD209,HLA-A,HLA-DMB,HLA-DQA2,HLA-DRA,HSPD1,TICAM2,IL4,TNFRSF9,IL18,IDO1,INHBA,INPP5D,ITGAM,ITGB2,ITPKB,KARS1,TBC1D10C,RHOH,LYN,MEF2C,MNDA,NCK1,NEDD9,NFATC2,IL23A,CYRIB,ENPP3,PDPK1,PLA2G4A,TREM2,PPP3CA,AMBRA1,PRKAR1A,AXL,PAG1,PRKCZ,CRTAM,DUSP22,HMCES,PELI1,ZMIZ1,ARID1B,PTPN11,NECTIN2,RARA,BCL2,BCL6,RORA,BCR,CEACAM1,CCL21,PRDM1,VSIR,CLEC7A,MARCHF7,SLC7A1,SMARCA2,SMARCD2,SOD1,SRC,BRAF,SYK,TGFBR2,TNF,CCR2,TYK2,YES1,ZBTB16,DOCK8,ARID1A,MAD1L1,NCK2,CARD11,HAVCR2,RUNX1,CBFB,PGLYRP1,CD2,CD6,DLG5,MFHAS1,CD80,CD86,NR1D1,CD81,RIPOR2,TOX,TESPA1,GAB2","Sputum_Paucigranulocytic"
"BP","mononuclear cell differentiation",480,107,6.95921754584019e-05,0.0143764781374248,"ADA,ADAM8,RASGRP1,CDK6,IKZF1,BTN2A2,MERTK,TRAF3IP2,LILRB1,MALT1,LILRB4,KAT7,CMTM7,NLRP3,BATF2,CCR6,KLF6,PIK3R6,NFAM1,ZFPM1,DOCK2,GPR183,EZH2,PTK2B,FCER1G,ADGRG3,ZBTB1,PLCL2,IL27,ABL1,FBXO7,GATA1,GATA3,FOXP1,BLNK,ANXA1,HLA-DRA,MR1,IRF8,IFI16,IL4,IL6R,TNFRSF9,IL18,INHBA,INPP5D,ITGA4,ITPKB,JAK1,LIPA,RHOH,LTBR,LYN,NOTCH2,ZBTB7A,IL23A,PIK3CD,PIK3R1,PLCG2,TREM2,PPARG,AMBRA1,CHD7,LMBR1L,AXL,PRKCZ,CRTAM,LRRC8A,CTNNBIP1,ZMIZ1,ARID1B,PREX1,PTPRJ,RARA,BCL2,BCL6,RORA,RPS6,PRDM1,VSIR,SEMA4A,ST3GAL1,SMARCA2,SMARCD2,SOD1,BRAF,SYK,TGFBR2,TOP2B,TPD52,CCR2,ZBTB16,GPR68,DCSTAMP,ARID1A,CARD11,RUNX2,RUNX1,CBFB,PGLYRP1,CD2,RSAD2,CD80,CD86,HDAC9,HDAC4,TOX,TESPA1","Sputum_Paucigranulocytic"
"BP","response to molecule of bacterial origin",369,75,7.0369365845731e-05,0.0144060672925981,"CEBPE,GJB6,LILRB1,MALT1,LIAS,NLRP3,CNP,NLRP7,PPM1E,SBNO2,CDK19,TAB2,FMO1,SASH1,ALPL,ABL1,GATA1,GCH1,FOXP1,HSF1,IRF8,TICAM2,IDO1,IRAK2,IRF5,SCIMP,LOXL1,LTF,LYN,SMAD6,MEF2C,CARD17P,NOTCH1,P2RX7,PCK2,PDE4B,CYRIB,PLCG2,ACP5,TREM2,PPBP,INAVA,PRKCA,AXL,PRKCE,MAPK1,MAPK8,PELI1,PTGER2,RARA,UPF1,BCR,S100A8,SLC11A1,SLPI,SRC,TSPO,TNF,C5AR1,TNIP3,SLC7A5,CAMP,CAPN2,CASP1,CASP7,HAVCR2,TNFRSF11A,CD6,MAPKAPK2,CD80,CD86,LY86,CD36,NR1D1,AKAP12,CD68","Sputum_Paucigranulocytic"
"BP","positive regulation of T cell activation",248,64,7.14252127842064e-05,0.0144916654938242,"ADA,ADAM8,RASGRP1,BTN2A2,LILRB1,MALT1,LILRB4,NLRP3,PIK3R6,EFNB2,ZBTB1,FCHO1,ABL1,FYN,GATA3,CCDC88B,ANXA1,CD209,HLA-A,HLA-DMB,HLA-DQA2,HLA-DRA,HSPD1,IL4,IL18,ITPKB,RHOH,LYN,NCK1,IL23A,CYRIB,PDPK1,PPP3CA,AMBRA1,PRKCZ,ZMIZ1,ARID1B,PTPN11,RARA,BCL6,CCL21,VSIR,SLC7A1,SMARCA2,SMARCD2,SRC,SYK,TGFBR2,CCR2,TYK2,YES1,ZBTB16,DOCK8,ARID1A,NCK2,CARD11,HAVCR2,RUNX1,CBFB,CD6,CD80,CD86,CD81,TESPA1","Sputum_Paucigranulocytic"
"BP","intracellular signal transduction",2684,517,7.66737141948063e-05,0.0154188803660423,"ADA,SH2D3C,IQCJ-SCHIP1,C8orf44-SGK3,ADAM8,HIPK3,RASGRP1,TRAP1,FAM13A,WASF2,SORBS3,PATJ,RCAN2,ZMPSTE24,IRAG1,BTN2A2,NOD1,DLC1,NDRG1,CDC42EP2,VAV3,TAB1,GPNMB,MERTK,CAP1,SEMA4D,CDC42EP3,RGS14,CAMKK2,CXCR6,TRAF3IP2,USP20,MALT1,YWHAQ,LILRB4,TLK2,RBPMS,FOXN3,KAT7,CHI3L1,MAP4K1,NISCH,AKAP13,AKAP11,CHN1,CHN2,PTGDR2,CHP1,SCN11A,PHB2,GABARAP,NLRP3,C1QTNF3,CLNK,ARAP1,SSX2IP,RFFL,C10orf71,PIK3AP1,CLU,FGD4,SPPL3,SLC24A4,CCR6,CMKLR1,ADORA1,ADORA2B,NACC2,CREB1,CREBBP,CRK,ASB6,ASB8,PIK3R6,DCDC2B,NFAM1,CTSH,GPBAR1,PPM1L,GLIPR2,FGD5,RASGEF1B,SH3RF2,PRAG1,DAB1,DAG1,DGKG,DAPK1,DAXX,DHX15,DOCK1,DOCK2,DUSP5,DYRK1A,GPR183,EGF,EIF4EBP1,SPRED2,MARK2,ARHGAP27,EPHB1,ERCC6,ERN1,ESR1,EZH2,PTK2B,FBP1,SPATA13,MTURN,ADGRG3,FGR,FHIT,MRAS,FKBP1B,RASA3,NLRP1,ATG14,INPP5F,DENND3,STK38L,TNIK,SWAP70,FOXO1,ERC1,ARHGAP26,SIPA1L3,RAP1GAP2,TAB2,MAST2,FLT1,RHOBTB2,PLCL2,CAMTA1,CLEC16A,MGRN1,SASH1,DOCK9,PSD3,LARP1,ARHGEF18,SIK3,ZDHHC17,DICER1,ARHGAP45,PIK3R5,PSD4,FPR2,DAPK2,PHLDA3,SH3BP4,SGK3,PRKD3,ALK,ABL1,FYN,RASGRP3,NGEF,FBXO7,ANAPC15,SGMS1,WWTR1,ZNF385A,ACOT11,PLEKHG3,TIAM2,GATA3,FBXO8,NUPR1,AMFR,ATP2C1,CYTH4,DISC1,SESN1,STK39,SGSM3,GNA12,ANGPT1,NKIRAS2,GPER1,GRB10,RAPGEF1,HIPK2,ABR,ARHGAP35,RACGAP1,BLNK,NENF,MDFIC,SCHIP1,LMCD1,HCLS1,HTT,HEXA,CD209,NRG1,HIF1A,HIP1,APBB2,HSF1,FFAR4,IFI16,SH3RF3,IGF1R,IGFBP6,TICAM2,IKBKB,AQP1,IL18,INHBA,INPP5D,INSR,IRAK2,ITGB3,ITPKB,ITPR1,JAK1,KARS1,TBC1D10C,STIMATE,SCIMP,LCP1,LCP2,LIMK1,LIPA,RHOH,LRP1,LTBR,LTF,BMAL1,LYN,MIR143,ARRB1,SMAD1,SMAD3,SMAD6,MBP,MDM4,MEF2C,MAP3K1,MET,MAP3K10,IQSEC3,MYO9A,MYO9B,NCK1,NF1,NFATC2,NFATC3,NFE2L2,NGF,NOTCH1,NOTCH2,NPC1,ATP2A2,ATP2A3,ATP2B4,OPA1,OPRM1,P2RX4,P2RX7,P2RY6,RRM2B,MINK1,ARHGEF3,PRKN,APIP,FZR1,TAOK3,PRKAG2,PDE4D,PDE6H,PDE8A,LARS1,CXXC5,IL23A,HDAC7,CYRIB,ASB2,PDPK1,NLK,CAB39,RAPGEF6,WWOX,MAP3K20,PIK3C2B,PIK3CB,PIK3CD,PIK3R1,PI4KB,PLCB4,SHC3,PLCG2,PLD1,TREM2,TREM1,RIN2,NDFIP2,PPARG,ADISSP,ZWILCH,ARHGEF10L,PLEKHG6,PPP3CA,PRKACA,PRKAR1A,CDK5RAP2,INAVA,PRKCA,DEPDC1B,PRKCB,AXL,PRKCD,PRKCE,PAG1,PRKCH,ARHGAP15,ASH1L,WSB2,PRKCZ,MAPK1,MAPK8,MAPK13,PDGFC,MAP2K1,MAP2K5,MAP2K6,DUSP22,CASS4,PAK5,PELI2,PELI1,ZMIZ1,PTEN,NDRG2,PTK2,ARHGAP31,RPTOR,HACE1,TAOK1,NCEH1,SEMA6A,PREX1,FNIP2,SHTN1,PTPN1,DENND1A,MEAK7,TRIB3,PTPN7,PTPN11,PTPRJ,ARHGAP22,RRAGD,RAC1,RAF1,RALGDS,RAP1GDS1,RASA2,RASGRF1,HRH4,BCL2,BCL2A1,BCL2L1,RHEB,AVPI1,BCL6,RORA,BCR,RPS6,RPS6KA1,RPS6KA2,S100A1,S100A8,S100A13,CEACAM1,CCL13,CCL18,CCL20,CCL21,CCL22,CCL25,SECTM1,BLK,ARHGEF28,SGK1,ITSN1,CLEC7A,DEPTOR,MARCHF7,SKI,SLA,SLC8A1,PHACTR4,SOD1,SORL1,SPTBN1,SRC,BRAF,SRPK2,DENND2B,STK3,STK4,SYK,TCF7L2,TEAD1,TGFA,TGFB3,TGFBR2,TIMP3,TNF,TPD52L1,TRAF3,TRIO,TTK,C5AR1,CCR2,TYK2,USP4,VAV2,VDAC2,EZR,VWF,CORO2A,WFS1,XPC,LDLRAD4,YWHAG,YWHAZ,PTTG1IP,CACNA1C,USP7,NABP2,CARD14,ARHGAP10,NLRX1,MCTP1,MOB3B,PRR5L,TNIP3,KAT6A,DOCK5,RUFY1,CEP63,HMGA2,ACTN4,CALR,CAMK2D,DOCK8,USP9X,CAPN3,AXIN1,CASP1,ARHGAP24,SESN2,MAD1L1,STK40,BCAR3,GARNL3,STK24,NCK2,CARD11,DOT1L,CASQ2,ADTRP,HAVCR2,FBH1,DGKD,YBX3,LGALS12,COPS3,MKNK1,RUNX2,PEA15,MARCO,MBTPS1,URI1,MYOM1,CRADD,TNFSF10,RGS9,TNFRSF11A,IQGAP1,NRP1,SYNGAP1,KSR1,ARHGEF7,BTRC,PLCZ1,TRIM15,LIMD1,MAP3K14,CCRL2,MCU,STARD13,DGKI,DLG5,MFHAS1,MAPKAPK2,CYTH3,CYTH1,GPR55,NHERF1,CD80,CD86,AIM2,MAP4K4,CD36,NR1D1,BABAM2,AKAP12,CD44,ARHGEF10,PPM1F,RALGPS1,VGLL4,NUP93,RAPGEF2,NOS1AP,DOCK4,CD81,RIPOR2,ELMO1,GAB2,FARP2,KIAA0319,IQSEC1,TNFSF15","Sputum_Paucigranulocytic"
"BP","protein modification process",2978,548,7.80333616657675e-05,0.015554650092043,"CDH5,SH2D3C,C8orf44-SGK3,SAE1,UST,ADAM8,TRIM10,HIPK3,RASGRP1,FRY,PRMT3,ADAM10,USPL1,CDK6,CTDSPL,GPHN,ADAR,DLC1,ADARB1,PIAS3,ST3GAL6,TESK2,ARIH2,TAB1,GPNMB,MERTK,LRRC41,SEMA4D,RGS14,CAMKK2,TRAF3IP2,FAXDC2,USP20,MALT1,LILRB4,TLK2,WWP1,WWP2,ATE1,PKIG,KAT7,CHI3L1,MAP4K1,CHP1,SGF29,MGAT4A,PHB2,GABARAP,TRIM9,FBXO32,MARCHF3,WDFY2,NIBAN1,RFFL,CLU,ANAPC16,SPPL3,KLHDC1,MOB3A,RNF19B,PIGU,TRIM71,ADORA1,NCOA7,CPE,CREB1,CREBBP,ASB6,ASB8,MYO3B,UBE2F,CRY2,STK35,CACUL1,POGLUT3,PRICKLE1,PIK3R6,DPY19L3,B3GALNT2,DCST1,PDIK1L,CCNYL1,PPM1L,XXYLT1,SH3RF2,RNF217,VKORC1L1,GRK3,PRAG1,DAPK1,DAXX,UBXN2A,DLST,DUSP5,DYRK1A,EFNA5,EGF,NSMCE1,TET3,SPRED2,MARK2,EPAS1,EPHB1,EPHB3,ERCC6,ERG,ERN1,EZH2,F13A1,PTK2B,CCNY,MARCHF8,FGR,FKBP1B,PPM1E,AAK1,LMTK2,ATG14,INPP5F,FKBP5,MAPRE3,SEPHS1,SIRT2,STK38L,TNIK,HECW1,SWAP70,FOXO1,ERC1,TRIM35,TTLL5,CDK19,TAB2,MAST2,FLT1,DTX4,CAMTA1,MGRN1,SASH1,DPY19L1,UBR4,USP24,SIK3,ZDHHC17,SIRT5,FNTB,SF3B1,MORC3,PIK3R5,PIGN,FPR2,DAPK2,MKRN1,HSPBP1,SGK3,PRKD3,ALK,ABL1,FYN,ZDHHC20,RNF144B,SHPRH,FBXO7,RNF19A,GALNT2,WWTR1,SETBP1,TRPC4AP,GATA1,KLHL3,FBXW8,FBXO10,PTPN18,NUPR1,AMFR,B4GALT1,STK39,GMFB,GNA12,GNAQ,SLCO3A1,ANG,P4HA3,DPY19L2,ANGPT1,KANSL1,GPER1,SUMF1,PPIL6,NSMCE2,GRK4,HIPK2,SETD2,UHRF1,USP25,EEF2K,PILRB,ANXA1,HCLS1,HTT,NRG1,HIF1A,UBE2K,HLCS,HSF1,SH3RF3,IGF1R,IKBKB,IL4,IL6R,IL18,INHBA,INSR,IRAK2,ITGA5,ITGB2,ITGB3,ITPKB,JAK1,GALNT18,B3GNT8,LCP2,LIMK1,LIMK2,LIAT1,LMO7,LOXL1,LTF,BMAL1,LYN,MIR143,ARRB1,MAN1A1,MAN2A2,MDM4,MEFV,MAP3K1,MGAT3,MAP3K10,ASPH,NCK1,NEDD9,NEK3,NF1,NFE2L2,NFYC,NGF,NNMT,NPC1,ATP2B4,OGDH,P2RX7,MINK1,PRKN,DCAF8,RNF141,UBXN1,ABHD17B,A4GNT,PIGP,MARCHF2,CDK17,FZR1,TAOK3,UBR5,ANGPT4,PRKAG2,SNX9,ANAPC7,PDE4D,NAT8B,ANAPC11,ZC3HC1,IL23A,HDAC7,TRIM33,CDK5RAP1,ASB2,ENPP2,PDPK1,NLK,CAB39,MAP3K20,GALNT7,CDK14,PHKG2,PIK3CB,PIK3CD,BCL11A,BTBD1,PLCG2,ERRFI1,TREM2,SSH1,TOLLIP,RNF216,PRMT7,NDFIP2,PPARG,WBP1L,RNF43,WIPI1,DCUN1D2,P3H2,PPP2R3A,PPP6R3,PPP3CA,GALNT10,AMBRA1,PRKAB1,PIGV,PRKACA,PRKAR1A,HHAT,EDEM2,UGGT2,INAVA,PRKCA,PRKCB,PRKCD,PRKCE,RNF130,PRKCH,HDAC8,ASH1L,WSB2,PRKCZ,DMAP1,MAPK1,MAPK8,MAPK13,PDGFC,MAP2K1,MAP2K5,MAP2K6,UGGT1,C1GALT1,DUSP22,HMCES,FAM20C,CASS4,PARP11,CAMK1D,MAN1C1,PAK5,SMURF1,PELI2,PELI1,ZMIZ1,PTEN,SENP7,BIRC6,PPM1H,PTK2,HECW2,RPTOR,HACE1,TAOK1,MARCHF4,FNIP2,USP36,DIP2B,PHRF1,PTPN1,TRIB3,PTPN7,PTPN9,PTPN11,PTPRE,PTPRJ,PTPRN2,PTPRO,PTPRS,RAC1,RAF1,RARA,BCL2,BCR,RPN1,RPS6KA1,RPS6KA2,S100A8,CEACAM1,CCL21,RNF123,UBE2O,BLK,FN3K,GMCL2,SGK1,SMURF2,SMYD3,PARP12,DEPTOR,ST6GAL1,ST3GAL1,MARCHF7,ST3GAL3,SLC8A1,SLC11A1,SUMO3,SOD1,SORL1,SRC,BRAF,SRPK2,STK3,STK4,SYK,TGFA,TGFBR2,TSPO,TNF,TPD52L1,TRAF3,TSG101,EIPR1,TTC3,TTK,C5AR1,TYK2,UBE2D3,UBE2E1,UGCG,USP4,KDM6A,UVRAG,WARS1,WFS1,XRCC5,YES1,YWHAG,YWHAZ,PTTG1IP,ZBTB16,TRIM26,RNF103,USP7,DBNDD1,ASPSCR1,CARD14,NAA16,CCNJL,GALNT14,PRKRIP1,TTLL7,EHMT1,MOB3B,PEAK1,RNF122,UBA5,PRR5L,KAT6A,CEP63,EDEM3,FXR1,ILKAP,HMGA2,CAMK2D,RNF170,CAMP,USP9X,CAPN3,AXIN1,COG3,ZMIZ2,SESN2,ROPN1L,B3GNT5,DTNBP1,BCAR3,ZDHHC18,STK24,RNF135,NCK2,DOT1L,TPST2,TPST1,TRIM55,KDM2B,HINT2,ADTRP,AGBL4,FBH1,ZNRF1,UBASH3B,COPS3,MKNK1,STK16,PLPP3,CDK13,CBFB,TNKS,MARCO,TNFRSF11A,DCAF5,IQGAP1,NRP1,KSR1,KAT2B,PER2,ST3GAL5,TRIM4,HERC1,CCND2,BTRC,TRIM15,UBE3B,UBE3D,OTULIN,BAZ1B,LRSAM1,ASH2L,ZNF598,PKMYT1,ACVR1B,MTMR7,RNF185,PKDCC,MYLK3,ARRDC4,CD6,UBE2L6,MFHAS1,MAPKAPK2,DPH7,B4GALT5,TADA2B,NHERF1,ACVRL1,CD80,CD86,CDYL,MED17,MED27,MAP4K4,CD36,BABAM2,CD44,RNF7,TCL1B,AATK,ZNF592,PPM1F,TTLL4,DZIP3,N4BP1,RAPGEF2,NOS1AP,HDAC9,SETD1A,HDAC4,ATG13,MAML1,RNF40,AREL1,KLHL21,RNF10,GFPT2,TNFSF15","Sputum_Paucigranulocytic"
"BP","positive regulation of cytokine production",495,100,8.01629145292063e-05,0.0158401919109712,"ADAM8,RASGRP1,NOD1,LILRB1,MALT1,CHI3L1,NLRP3,C1QTNF3,CLNK,CLU,ADORA2B,NFAM1,ZFPM1,FCER1G,FGR,NLRP1,RFTN1,PANX1,IL27,ABL1,ZBTB20,GATA3,FOXP1,CCDC88B,SETD2,ANXA1,HIF1A,HK1,HLA-A,HSPD1,IRF8,IFI16,TICAM2,IL4,IL6R,IL16,IL18,IDO1,IRF5,SCIMP,SIGLEC16,SMAD3,MBP,MEFV,P2RX7,PDE4B,PDE4D,IL23A,CYRIB,PIK3CD,PIK3R1,PLCG2,TREM2,RBM47,PRG2,FERMT1,INAVA,PRKCZ,SULF2,MAPK13,CRTAM,ZC3HAV1,PELI1,PTPN11,PTPRJ,NLRC4,RARA,RORA,S100A13,CLEC7A,SLC11A1,SOD1,SORL1,SPTBN1,SRC,SYK,TNF,TRAF3,C5,C5AR1,CCR2,TYK2,NOX5,SLC7A5,EPX,CASP1,RNF135,CARD11,HAVCR2,RUNX1,TRIM15,CD2,RSAD2,ARRDC4,CD6,MAPKAPK2,CD80,CD86,AIM2,CD36,AKAP12,CD81","Sputum_Paucigranulocytic"
"BP","positive regulation of protein metabolic process",1301,258,8.31218658633006e-05,0.0162832868954969,"CDH5,SH2D3C,SAE1,ADAM8,RASGRP1,NOD1,DLC1,PIAS3,SPON1,ARIH2,TAB1,GPNMB,SEMA4D,CAMKK2,CTSC,FAXDC2,MALT1,TENT4A,CHI3L1,CHP1,PHB2,GABARAP,NLRP3,WDFY2,NIBAN1,CLU,SPPL3,MOB3A,RNF19B,ADORA1,CACUL1,PRICKLE1,PIK3R6,CTSH,SH3RF2,RNF217,DAP,DAPK1,DAXX,DYRK1A,EEF2,EFNA5,EGF,MARK2,ERCC6,ERN1,EZH2,PTK2B,CCNY,CPEB3,NLRP1,ATG14,MAPRE3,SIRT2,SAMD4A,TNIK,FOXO1,MRPS27,TAB2,GRAMD4,LARP4B,FLT1,CAMTA1,SASH1,LARP1,SF3B1,PIK3R5,FPR2,HSPBP1,ABL1,FYN,RNF144B,SNX33,RNF19A,GATA1,FBXW8,NUPR1,CYFIP2,AGO2,DISC1,SGSM3,GNA12,SLCO3A1,ANG,ANGPT1,KANSL1,GPER1,HIPK2,UHRF1,PILRB,ANXA2,HCLS1,NRG1,HIP1,UBE2K,HSF1,HSPD1,IFI16,SH3RF3,IL4,IL6R,IL18,INHBA,INSR,ITGA5,ITGB3,LCP2,LIMK2,LRP1,LTF,BMAL1,LYN,MIR143,ARRB1,SMAD3,MBP,MEFV,MAP3K10,ASTL,ASPH,NCK1,NEDD9,NFE2L2,NGF,NNMT,ATP2A3,ATP2B4,P2RX7,PRKN,MARCHF2,SLC25A37,FZR1,TAOK3,ANGPT4,PRKAG2,SNX9,IL23A,CDK5RAP1,ENPP2,PDPK1,CAB39,PLCG2,PLD1,GSAP,TREM2,TOLLIP,NDFIP2,PPARG,WBP1L,PIWIL2,DCUN1D2,AMBRA1,INAVA,PRKCD,PLGRKT,MAPK1,MAPK8,PDGFC,MAP2K1,MAP2K5,MAP2K6,LGMN,PSMC1,CASS4,SMURF1,PELI2,PELI1,PTEN,MIF4GD,PTK2,RPTOR,TAOK1,FNIP2,DIP2B,PTPN1,TRIB3,PTPN11,PTPRJ,NLRC4,RAC1,RAF1,BCL2,S100A8,S100A10,CCL21,PCIF1,VSIR,SGTA,CLEC7A,SMYD3,MARCHF7,SLC11A1,SORL1,SRC,BRAF,STK4,STX5,SYK,TCF7L2,TFR2,TGFA,TGFB1I1,TGFBR2,TNF,TPD52L1,EZR,WFS1,XRCC5,YES1,PTTG1IP,CSDE1,ASPSCR1,CARD14,MOB3B,LPCAT1,PRR5L,FXR1,HMGA2,CAMP,CAPN3,AXIN1,CASP1,APH1B,TBC1D10A,DTNBP1,BCAR3,NCK2,ADTRP,AGBL4,FBH1,YBX3,PLPP3,CBFA2T3,EIF4G3,MARCO,CRADD,TNFSF12,TNFSF10,TNFRSF11A,IQGAP1,NRP1,CCND2,BTRC,BAZ1B,RNF185,ARRDC4,CD6,CD80,CD86,AIM2,CD36,SEC22B,CD44,ABCG1,TCL1B,PPM1F,VGLL4,RAPGEF2,NOS1AP,CD81,HDAC4,CTIF,TNFSF15,CASP8AP2","Sputum_Paucigranulocytic"
"BP","granulocyte activation",48,16,8.73603896085741e-05,0.0169673290039764,"TRAF3IP2,FCER1G,ANXA1,ANXA3,IL18,ITGAM,ITGB2,KARS1,ENPP3,PRKCD,PREX1,BCR,SYK,TNF,CCR2,CAMP","Sputum_Paucigranulocytic"
"BP","myeloid leukocyte differentiation",235,62,9.21169169646366e-05,0.0176250764979564,"TSPAN2,CDK6,PIAS3,CEBPE,LILRB1,LILRB4,BATF2,OSCAR,CREB1,ZFPM1,TMEM64,GPR183,FBN1,SBNO2,DHRS7B,GATA1,GATA3,FOXP1,SIGLEC15,NR3C1,SNX10,ANXA2,HCLS1,HSF1,IFI16,IL4,INHBA,INPP5D,LBR,LTBR,LTF,LYN,MITF,NEDD9,NF1,NOTCH2,IL23A,PIK3CD,PIK3R1,TREM2,PPARG,TESC,PPP3CA,PRKCA,FAM20C,CTNNBIP1,RPTOR,RARA,CEACAM1,SRC,TGFBR2,TNF,C1QC,GPR68,DCSTAMP,CLPB,UBASH3B,RUNX1,CBFA2T3,TNFRSF11A,GPR55,SH3PXD2A,CD81,GAB2,FARP2","Sputum_Paucigranulocytic"
"BP","oxoacid metabolic process",963,177,9.22981914828732e-05,0.0176250764979564,"UST,SLC25A13,PRMT3,MTHFS,FARS2,ME3,ACOT2,LIAS,SLC2A6,MGAT4A,SLC46A1,ACOT7,MGLL,CYGB,OSBPL1A,OSBPL6,OSBPL9,EARS2,CPT1A,ADHFE1,GPAT4,ACSM6,CS,CYP27A1,DARS1,DDC,IDO2,DIO1,DLST,ABAT,ECH1,ACSF3,ETFB,ETFDH,FAH,FARSA,FBP1,FOXK1,ALDH3A2,SEPHS2,SEPHS1,SIRT2,LPIN1,FMO1,FMO4,UBR4,LARS2,QPRT,PLA2G15,ALOX5,SERINC5,ACOT11,OSBPL3,ABHD12,ZBTB20,NUPR1,GGTA1,GLDC,GOT2,GPD1,GPI,PTGR3,GPX4,GSTA1,DSE,ANXA1,HDC,HEXA,HEXB,HIF1A,HK1,HK2,ACACA,AOAH,HLCS,HNMT,IARS1,IDH2,FOXK2,IDO1,INSR,KARS1,PEDS1,LIPA,LIPC,LTA4H,MGST3,ABCC1,MTHFD1,ACO1,NPC1,ATP2B4,OAT,OGDH,P2RX7,PCCA,PCK2,APIP,CRYL1,MECR,HSD17B12,PIPOX,ZBTB7A,AIG1,PRKAG2,LARS1,ACSL5,ATP8B1,PGAM2,PGM1,PLA2G4A,PPARD,PPARG,AUH,ACSM5,ACOXL,CHST12,NAGK,PRKAB1,PRKACA,CSGALNACT1,PRKCE,PECR,ACSS2,LRRC47,RPTOR,TRIB3,PTS,NLRC4,BCAT1,SCPEP1,ELOVL5,CEACAM1,FN3K,ST6GAL1,ST3GAL1,SLC1A3,SLC2A1,AACS,BPHL,AKR1D1,SYK,TBXAS1,UCP3,WARS1,CARS2,ADIPOR2,NARS2,DGLUCY,ACSF2,PNPLA3,SLC38A1,CARS1,CASP1,SESN2,ACAD11,TPST2,TPST1,ACCS,ADTRP,MFSD2A,SLC45A3,DEGS1,SLC25A12,CBFA2T3,DCAF5,KYAT1,GMPS,KAT2B,PER2,VNN2,SGPL1,SLC7A7,MAPKAPK2,FADS2,CD36,NR1D1,HDAC4,XYLB,GFPT2,SLC23A2","Sputum_Paucigranulocytic"
"BP","regulation of lymphocyte activation",502,108,9.83190656350716e-05,0.0186183537290947,"ADA,MICA,ADAM8,RASGRP1,BTN2A2,VAV3,GPNMB,MERTK,LILRB1,MALT1,LILRB4,NLRP3,CLNK,CLC,SLC15A4,PIK3R6,NFAM1,GPR183,EFNB2,FGR,ZBTB1,FCHO1,IL27,ABL1,FYN,FBXO7,GATA3,BLOC1S6,TNFRSF21,CCDC88B,SH3KBP1,ANXA1,HFE,CD209,HLA-A,HLA-DMB,HLA-DQA2,HLA-DRA,HSPD1,TICAM2,IL4,TNFRSF9,IL18,IDO1,INHBA,INPP5D,ITPKB,TBC1D10C,RHOH,LYN,MEF2C,MNDA,NCK1,NEDD9,NFATC2,IL23A,CYRIB,PDPK1,PPP3CA,AMBRA1,PRKAR1A,AXL,PAG1,PRKCZ,CRTAM,DUSP22,HMCES,PELI1,ZMIZ1,ARID1B,PTPN11,RARA,BCL2,BCL6,CEACAM1,CCL21,PRDM1,VSIR,CLEC7A,MARCHF7,SLC7A1,SMARCA2,SMARCD2,SOD1,SRC,BRAF,SYK,TGFBR2,CCR2,TYK2,YES1,ZBTB16,DOCK8,ARID1A,MAD1L1,NCK2,CARD11,HAVCR2,RUNX1,CBFB,PGLYRP1,CD2,CD6,DLG5,CD80,CD86,CD81,RIPOR2,TOX,TESPA1","Sputum_Paucigranulocytic"
"BP","humoral immune response",241,42,0.000106263281731741,0.0199564199510089,"TRAF3IP2,CLU,CCR6,WFDC13,GPR183,FCER2,ALOX5,GATA3,TNFRSF21,WFDC10B,GPI,ANG,BLNK,HLA-A,LTF,MEF2C,NOTCH1,NOTCH2,TREM2,TREM1,PPBP,SUSD4,BCL2,RNASE4,CCL13,ST6GAL1,SLC11A1,SLPI,SERPING1,C1QA,TNF,C1QB,C1QC,C1S,C5,CCR2,C8A,C8B,CAMP,PLA2G6,RNASE7,PGLYRP1,CD59,CD81","Sputum_Paucigranulocytic"
"BP","phagocytosis",234,61,0.0001079481151079,0.0201066636697699,"VAV3,MERTK,CEBPE,RAB31,LYST,ADORA1,DOCK1,DOCK2,ANO6,FCER1G,FGR,CD93,PIP5K1C,FPR2,ABL1,FYN,ANXA1,ANXA3,ANXA11,IRF8,TICAM2,ITGAL,ITGAM,ITGB2,ITGB3,LIMK1,LRP1,LYN,MET,NCF2,P2RX7,P2RY6,PLCG2,TREM2,LYAR,RAB20,AXL,PRKCD,PRKCE,CAMK1D,PTK2,PTPRJ,RAB27A,RAC1,RARA,BCR,ELMO2,CLEC7A,SLC11A1,SOD1,SRC,SYK,TNF,CCR2,VAV2,YES1,CALR,PLA2G6,MARCO,CD36,TM9SF4,ELMO1","Sputum_Paucigranulocytic"
"BP","neutrophil migration",127,30,0.00011269105386587,0.020819443154862,"ADAM8,VAV3,CXADR,FCER1G,PIP5K1C,DAPK2,ITGA9,ITGB2,PDE4B,IL23A,PIK3CD,TREM1,PPBP,CAMK1D,PREX1,RAC1,S100A8,CCL13,CCL18,CCL20,CCL21,CCL22,CCL25,BSG,SYK,C5AR1,CD99L2,MCU,RIPOR2,WDR1","Sputum_Paucigranulocytic"
"BP","response to bacterium",694,117,0.00011607893144544,0.0212724003077917,"MICA,NOD1,CEBPE,GJB6,LILRB1,MALT1,LIAS,PLAAT3,LYST,NLRP3,CNP,TMEM229B,WFDC13,DHX15,NLRP7,FABP4,FCER1G,FGR,PPM1E,NLRP1,FKBP5,SBNO2,CDK19,TAB2,FMO1,SASH1,FPR2,IL27,ALPL,ABL1,GATA1,GCH1,FOXP1,WFDC10B,ANG,SLC9A9,ANXA3,HLA-A,MR1,HSF1,IRF8,TICAM2,IL6R,AQP1,IL18,IDO1,IRAK2,IRF5,SCIMP,SIGLEC16,LOXL1,LTF,LYN,SMAD6,MEF2C,CARD17P,NOTCH1,NOTCH2,P2RX7,PCK2,MARCHF2,PDE4B,IL23A,CYRIB,PLCG2,ACP5,TREM2,TREM1,PPBP,PRG2,NAGK,CHD7,INAVA,PRKCA,AXL,PRKCD,PRKCE,MAPK1,MAPK8,PELI1,PTGER2,NLRC4,RARA,UPF1,RNASE4,BCR,S100A8,CCL20,SLC11A1,SLC22A5,SLPI,SRC,SYK,TSPO,TNF,C5AR1,TNIP3,CUBN,SLC7A5,CAMP,CAPN2,EPX,CASP1,PLA2G6,CASP7,RNASE7,HAVCR2,TNFRSF11A,KYAT1,PGLYRP1,CD6,MAPKAPK2,CD80,CD86,LY86,CD36,NR1D1,AKAP12,CD68,CDH1","Sputum_Paucigranulocytic"
"BP","regulation of cell shape",140,48,0.000119541747180106,0.0217317333033659,"PLXNC1,ZMPSTE24,DLC1,CFDP1,CDC42EP2,BAIAP2,SEMA4D,CDC42EP3,FMNL2,ARAP1,FGD4,CRK,FGD5,PRAG1,DAG1,SYNE3,MARK2,PTK2B,FGR,PLXND1,EPB41L3,ARHGEF18,FYN,GNA12,ARHGAP35,PARVB,SH3KBP1,ANXA1,HEXB,ITGB2,MKLN1,PALM2AKAP2,MYH10,MYO10,PLXNA2,TBCCD1,ARHGAP15,ATP10A,PTK2,SHROOM3,RAC1,CCL13,SEMA4A,EZR,MYH14,LIMD1,NHERF1,WDR1","Sputum_Paucigranulocytic"
"BP","positive regulation of multicellular organismal process",1671,327,0.000121756925492826,0.0219587648801506,"ADA,CDH5,ADAM8,RASGRP1,PLXNC1,LPCAT3,RAMP2,BTN2A2,NOD1,VAV3,BAIAP2,NCOA2,SEMA4D,RGS14,CTSC,LILRB1,MALT1,LILRB4,CHI3L1,NLRP3,C1QTNF3,CLNK,CLU,CMKLR1,ADORA2B,CREB1,VCAN,PIK3R6,NFAM1,CTSH,GLIPR2,CUX1,CYP19A1,DAG1,ZFPM1,TMEM64,DYNC1H1,ABAT,AGRP,GPR183,EFNA5,EFNB2,EGF,ANO6,TAPT1,EPAS1,EPHB1,EPHB3,ETS1,ETV5,EZH2,FABP4,PTK2B,FCER1G,FGR,NLRP1,ZBTB1,ZNF365,PLXND1,FCHO1,LPIN1,RFTN1,FLT1,CUX2,SASH1,DICER1,ZFPM2,MACF1,ALOX5,PANX1,IL27,ALPL,ABL1,FYN,WWTR1,SIN3A,TENM4,ZBTB20,GATA1,TIAM2,GATA3,BLOC1S6,FBXW8,GCH1,FOXP1,AGO2,DISC1,BIN1,GOLGA4,CCDC88B,GPR21,ANGPT2,GPER1,GRB10,HIPK2,SETD2,EEF2K,SH3KBP1,ANXA1,ANXA2,HCLS1,ANXA3,CD209,HIF1A,HK1,HK2,HLA-A,HLA-DMB,HLA-DQA2,HLA-DRA,HRH1,HSF1,HSPD1,FFAR4,ENPP7,IRF8,IFI16,IGF1R,TICAM2,IL4,IL6R,AQP1,IL16,IL18,IDO1,INHBA,INPP5D,IRF5,ITGA5,ITGAM,ITGB2,ITGB3,ITPKB,JAK1,KARS1,KCNQ1,AMIGO3,SCIMP,LIMK1,RHOH,ASIC2,SIGLEC16,LRP1,LTF,LYN,MIR143,MIR199B,SMAD1,SMAD3,MAP6,MBP,MEF2C,MEFV,NCK1,NEDD9,NFATC2,NFE2L2,NGF,NINJ1,NOTCH1,NOTCH2,NPAS2,ATP2A2,OPRM1,P2RX7,P2RY2,NIN,ANGPT4,TRPV2,PDE4B,PDE4D,IL23A,CYRIB,SRRT,PDPK1,ARID4B,RAB8B,PIK3CD,PIK3R1,PLA2G4A,PLAG1,PLCG2,PLXNA2,TREM2,RBM47,PPARG,TESC,PPP3CA,LGR4,PRG2,SOX6,FERMT1,AMBRA1,CHD7,PRKAB1,INAVA,PRKCA,PRKCB,AXL,PRKCE,PRKCH,PRKCZ,SULF2,MAPK13,PDGFC,MAP2K1,CRTAM,RETN,ZC3HAV1,HMCES,FAM20C,CTNNBIP1,SMURF1,PELI1,ZMIZ1,AMIGO1,PTK2,ARID1B,MRTFB,RPTOR,SHTN1,PTPN11,PTPRJ,NECTIN2,NLRC4,SINHCAF,RARA,ARID4A,BCL2,RHEB,BCL6,BCL7A,RORA,RPS6KA1,RREB1,RXRA,S100A1,S100A13,CCL21,VSIR,SEMA4A,SUDS3,CLEC7A,SMURF2,NIBAN2,SLC7A1,SLC8A1,SLC11A1,SLC22A5,SMARCA2,SMARCD2,SOD1,SORL1,SPTBN1,SRC,BRAF,STIM1,SYK,TBXAS1,TCF7L2,TGFB1I1,TGFB3,TGFBR2,TSPO,THRA,TNF,NR2C2,TRAF3,C5,C5AR1,CCR2,TYK2,VDR,EZR,MYRF,WNT3,XRCC5,YES1,ZBTB16,CACNB1,ALMS1,PAX8,NOX5,ADIPOR2,EHMT1,SYNDIG1,HMGA2,GPR68,SLC7A5,DCSTAMP,CAMK2D,DOCK8,CAMP,CAPN3,EPX,ARID1A,CASP1,RNF135,NCK2,CARD11,KDM2B,HAVCR2,YBX3,RUNX2,RUNX1,CBFB,TNFSF12,TNFRSF11A,NRP1,PER2,TRIM15,ACVR1B,CD2,PKDCC,RSAD2,ARRDC4,CD6,DLG5,MAPKAPK2,B4GALT5,ACVRL1,CD80,CD86,AIM2,CD36,AKAP12,ZNF516,CD81,TOX,TESPA1,GAB2,RBM19,RNF10","Sputum_Paucigranulocytic"
"BP","lymphocyte differentiation",428,96,0.000123356237620196,0.0220720247533963,"ADA,ADAM8,RASGRP1,CDK6,IKZF1,BTN2A2,MERTK,TRAF3IP2,MALT1,LILRB4,KAT7,CMTM7,NLRP3,CCR6,KLF6,PIK3R6,NFAM1,ZFPM1,DOCK2,GPR183,EZH2,PTK2B,FCER1G,ADGRG3,ZBTB1,PLCL2,IL27,ABL1,FBXO7,GATA3,FOXP1,BLNK,ANXA1,HLA-DRA,MR1,IRF8,IL4,IL6R,TNFRSF9,IL18,INHBA,INPP5D,ITGA4,ITPKB,JAK1,LIPA,RHOH,NOTCH2,ZBTB7A,IL23A,PIK3CD,PIK3R1,PLCG2,AMBRA1,CHD7,LMBR1L,AXL,PRKCZ,CRTAM,LRRC8A,ZMIZ1,ARID1B,PREX1,PTPRJ,RARA,BCL2,BCL6,RORA,RPS6,PRDM1,VSIR,SEMA4A,ST3GAL1,SMARCA2,SMARCD2,SOD1,BRAF,SYK,TGFBR2,TOP2B,TPD52,CCR2,ZBTB16,ARID1A,CARD11,RUNX2,RUNX1,CBFB,PGLYRP1,CD2,RSAD2,CD80,CD86,HDAC9,HDAC4,TOX,TESPA1","Sputum_Paucigranulocytic"
"BP","cell killing",219,41,0.00012860085856346,0.0228306711718443,"MICA,RASGRP1,CTSC,LILRB1,LYST,RNF19B,CRK,PIK3R6,CTSH,FCER2,HFE,HLA-A,HLA-DRA,MR1,IL4,IL18,ITGAM,KIF5B,LTF,NINJ1,P2RX7,IL23A,CYRIB,TREM1,MAPK8,CRTAM,NECTIN2,RAB27A,BCL2L1,CEACAM1,CCL13,CLEC7A,SYK,C5,C8A,C8B,CAMP,RNASE7,HAVCR2,PGLYRP1,CD2,CD59","Sputum_Paucigranulocytic"
"BP","regulation of production of molecular mediator of immune response",189,44,0.000134950324937584,0.0236482690738547,"NOD1,LILRB1,MALT1,LILRB4,PHB2,NLRP3,CLNK,CLC,SLC15A4,PANX1,GATA3,GPI,ANGPT1,HFE,HK1,HLA-A,TICAM2,IL4,IL18,IRF5,SCIMP,P2RX7,PLCG2,ACP5,PRG2,INAVA,AXL,PRKCZ,HMCES,RBP4,BCL6,CLEC7A,SYK,TGFB3,TNF,CCR2,CUEDC2,NLRX1,SLC7A5,EPX,RSAD2,MAPKAPK2,CD86,CD36,CD81","Sputum_Paucigranulocytic"
"BP","organic acid metabolic process",969,177,0.000135287580514043,0.0236482690738547,"UST,SLC25A13,PRMT3,MTHFS,FARS2,ME3,ACOT2,LIAS,SLC2A6,MGAT4A,SLC46A1,ACOT7,MGLL,CYGB,OSBPL1A,OSBPL6,OSBPL9,EARS2,CPT1A,ADHFE1,GPAT4,ACSM6,CS,CYP27A1,DARS1,DDC,IDO2,DIO1,DLST,ABAT,ECH1,ACSF3,ETFB,ETFDH,FAH,FARSA,FBP1,FOXK1,ALDH3A2,SEPHS2,SEPHS1,SIRT2,LPIN1,FMO1,FMO4,UBR4,LARS2,QPRT,PLA2G15,ALOX5,SERINC5,ACOT11,OSBPL3,ABHD12,ZBTB20,NUPR1,GGTA1,GLDC,GOT2,GPD1,GPI,PTGR3,GPX4,GSTA1,DSE,ANXA1,HDC,HEXA,HEXB,HIF1A,HK1,HK2,ACACA,AOAH,HLCS,HNMT,IARS1,IDH2,FOXK2,IDO1,INSR,KARS1,PEDS1,LIPA,LIPC,LTA4H,MGST3,ABCC1,MTHFD1,ACO1,NPC1,ATP2B4,OAT,OGDH,P2RX7,PCCA,PCK2,APIP,CRYL1,MECR,HSD17B12,PIPOX,ZBTB7A,AIG1,PRKAG2,LARS1,ACSL5,ATP8B1,PGAM2,PGM1,PLA2G4A,PPARD,PPARG,AUH,ACSM5,ACOXL,CHST12,NAGK,PRKAB1,PRKACA,CSGALNACT1,PRKCE,PECR,ACSS2,LRRC47,RPTOR,TRIB3,PTS,NLRC4,BCAT1,SCPEP1,ELOVL5,CEACAM1,FN3K,ST6GAL1,ST3GAL1,SLC1A3,SLC2A1,AACS,BPHL,AKR1D1,SYK,TBXAS1,UCP3,WARS1,CARS2,ADIPOR2,NARS2,DGLUCY,ACSF2,PNPLA3,SLC38A1,CARS1,CASP1,SESN2,ACAD11,TPST2,TPST1,ACCS,ADTRP,MFSD2A,SLC45A3,DEGS1,SLC25A12,CBFA2T3,DCAF5,KYAT1,GMPS,KAT2B,PER2,VNN2,SGPL1,SLC7A7,MAPKAPK2,FADS2,CD36,NR1D1,HDAC4,XYLB,GFPT2,SLC23A2","Sputum_Paucigranulocytic"
"BP","response to lipopolysaccharide",348,71,0.000136523969750231,0.0236822189969791,"CEBPE,GJB6,LILRB1,MALT1,LIAS,NLRP3,CNP,NLRP7,PPM1E,SBNO2,CDK19,TAB2,FMO1,SASH1,ALPL,ABL1,GATA1,GCH1,FOXP1,HSF1,IRF8,TICAM2,IDO1,IRAK2,SCIMP,LOXL1,LTF,LYN,SMAD6,MEF2C,CARD17P,NOTCH1,P2RX7,PCK2,PDE4B,PLCG2,ACP5,TREM2,PPBP,PRKCA,AXL,PRKCE,MAPK1,MAPK8,PELI1,PTGER2,RARA,UPF1,BCR,S100A8,SLC11A1,SLPI,SRC,TSPO,TNF,TNIP3,SLC7A5,CAMP,CAPN2,CASP1,CASP7,HAVCR2,TNFRSF11A,CD6,MAPKAPK2,CD80,CD86,LY86,CD36,NR1D1,AKAP12,CD68","Sputum_Paucigranulocytic"
"CC","organelle membrane",3674,623,0.000140955831241948,0.0241970165077718,"CDH5,ABCC5,TIMM23B,CERT1,UST,ADAM8,RASGRP1,TRAP1,LPCAT3,SLC25A13,LHFPL2,MPHOSPH9,ADAM10,STX6,AP3S2,ABCC4,ZMPSTE24,RTN3,EMC8,IRAG1,CACNG3,NDRG1,CDS1,ST3GAL6,TAB1,GPNMB,MRPL28,TGOLN2,CTSC,GIPC1,AHCYL1,IQGAP2,FAXDC2,EHD1,CKAP4,IMMT,RAB31,TENT4A,PLAAT3,SLC2A6,RNF24,PACSIN2,SNX18,CHP1,MGAT4A,SLC46A1,PHB2,EXOC3,GABARAP,MGLL,NLRP3,SLC25A25,OSBPL5,OSBPL6,OSBPL9,OSBPL11,MARCHF3,MOGAT1,ARAP1,AP2M1,RFFL,BORCS5,CLCN6,PDZD8,CLU,SLC36A4,TMEM45B,SLC15A4,SPPL3,DEGS2,WDR81,CNP,RNF19B,PIGU,COPA,CPE,CPT1A,GPAT4,LETM2,VTI1A,PRICKLE1,TERB2,TMEM190,DPY19L3,B3GALNT2,DCST1,CNIH3,ENTHD1,NFAM1,PPM1L,XXYLT1,GLIPR2,CTSZ,RNF145,VKORC1L1,VPS13B,CYP19A1,CYP27A1,AP2A2,SYNE3,AP2B1,SGMS2,PKD1L1,CLEC4C,DIO1,DSC1,EEF1A1,EGF,ANO6,TMEM201,SPRED2,SMIM14,EPHB1,CLN8,ERN1,ALAS1,ETFDH,EXT1,SLC37A2,FCER1G,MARCHF8,FDFT1,ADGRG3,ALDH3A2,FGR,FKBP1B,COPG1,CHSY1,FKBP2,ATG14,INPP5F,MLXIP,ZBTB1,EPN2,SACM1L,CD93,ATF6,SEPHS1,SV2C,WDFY3,TMCC1,GGA2,EMC1,ERC1,KIF1B,MRPS27,RAP1GAP2,TAB2,ATP10B,GRAMD4,LPIN1,SEPTIN8,FAF2,RHOBTB2,ATP11A,FMO1,CLEC16A,IQCE,FMO4,DMXL2,DPY19L1,VPS39,SYNE1,UBR4,ZDHHC17,PIP5K1C,TMED3,GPR161,ABCB9,ABCA6,TRAM1,ZFYVE26,ATP6V0A2,PIGN,FPR2,BACE1,PLD3,ALOX5,PANX1,ALPL,ABL1,LCLAT1,CERS6,ZDHHC20,GAA,GABBR1,RNF144B,SNX33,PARM1,GALNT2,SGMS1,SEC31B,UNC50,DHRS7B,OSBPL3,GLCE,ABHD12,ARFGAP3,GCH1,MYOF,AMFR,GGTA1,B4GALT1,ATP2C1,LAMP3,TRAPPC3,CYTH4,SIGLEC9,GLG1,TOR1B,BIN1,GNAQ,GOLGA4,GPD2,GPI,B4GALNT3,DPY19L2,TMEM150B,SLC9A9,GPER1,SLC36A3,GRK4,MRPS28,SNX24,DNAJC15,SNX8,SNX10,DSE,SLC25A24,SLC2A8,PACSIN1,SH3KBP1,ANXA1,ANXA2,ANXA3,HTT,ANXA4,ANXA6,HIP1,HK1,HK2,HLA-A,HLA-DMB,HLA-DQA2,HLA-DRA,MR1,HSD11B1,HSPD1,APLP2,UBAC2,FFAR4,SYCN,IFNGR2,TICAM2,AQP1,INPP4A,INPP5B,AQP7,INSR,IRAK2,ITGAL,ITGAM,ITGB2,ITGB3,ITPR1,ITPR2,GALNT18,TBC1D10C,B3GNT8,ARF1,MIA3,STIMATE,KCNQ1,KIF5B,PEDS1,SERP2,DIPK1A,KTN1,LBR,LMNA,CHCHD10,LRP1,LYN,ARRB1,SMAD1,SMAD3,STS,MAN1A1,MAN2A2,MAP6,MGAT3,MGST3,MITF,MAP1LC3C,ASPH,MX1,MYO1C,NCK1,NDUFS2,NOTCH1,NOTCH2,NOTCH4,NPC1,ATP2A2,ATP2A3,OGDH,OPA1,P2RX1,P2RX4,CHST11,ATP6V0A4,PRKN,ASAP1,PAM16,UBXN1,SIDT2,ABHD17B,HSD17B12,A4GNT,PIGP,MARCHF2,PCYT1A,SLC25A37,GASK1B,FZR1,CHST15,SNX9,PDE6A,NAT8B,ANKFY1,PDE6H,RTCB,ZC3HC1,ATP6V1H,CHMP3,ACSL5,RTEL1,RAB8B,GALNT7,SLC25A3,SERPINA1,ATP6V1C1,PIK3R1,PI4KB,ACP2,PLA2G4A,TM6SF1,PLD1,TPCN1,FXYD3,SLC37A1,RETREG1,POR,NDFIP2,RNF43,SLC66A1,PXK,CDKAL1,CHCHD3,MRPL16,TMEM132A,STX17,WIPI1,TMEM33,UQCC1,VPS53,AGPAT5,GIMAP5,CHDH,PI4K2A,LRRC59,CHST12,GALNT10,AMBRA1,SLC39A4,FLVCR2,RAB20,PIGV,NPLOC4,VAC14,NECAP2,FAR2,LMBR1L,HHAT,COA1,PRKCA,CSGALNACT1,PECR,EMC3,RCC2,BCAP29,PDGFC,LRRC8A,SPIRE1,C1GALT1,SPPL2B,MFF,FAM20C,MAN1C1,ADCK1,PAK5,ATP10A,SNX14,JPH3,GRAMD1B,RPTOR,HACE1,SORCS2,NCEH1,MARCHF4,FNIP2,STIM2,QSOX1,PTPN1,DENND1A,MEAK7,PTPRJ,PTPRN2,PTPRS,SRPRB,RRAGD,RAB27A,RAC1,RAF1,PGAP6,LGR6,BCL2,BCL2A1,BCL2L1,RHEB,ELOVL5,SCOC,RPN1,BDH1,RRBP1,CLIP1,SORT1,SCNN1A,CEACAM1,RNF123,THADA,KIF13A,SELL,SLC28A3,XYLT1,ERAP2,ATL2,RAB17,MAP1LC3B2,MMP25,SGK1,SH3GL1,CREB3L2,DEPTOR,ST6GAL1,ST3GAL1,ST3GAL3,VPS33A,SLC2A1,SLC2A5,SLC11A1,SLC18A2,SNTB2,BNIP3L,SORL1,DST,SPARC,SPAST,BPHL,SRC,SREBF2,STIM1,STX3,STX5,BSG,SYN2,TBXAS1,MLX,TGFA,TSPO,TKT,TSG101,C5AR1,BORCS8,UBE2D3,UCP3,UGCG,UQCRH,UVRAG,VDAC2,MYRF,WFS1,WNT3,LDLRAD4,TMEM50B,PRCD,RNF103,CUEDC2,AHNAK,ASPSCR1,TMEM43,NOX5,TMEM231,ARMH3,GALNT14,RHBDF2,NLRX1,MCTP1,CLMN,TM4SF20,UBA5,LPCAT1,ATP8B4,KIAA0319L,SYNDIG1,SLC8B1,GPR157,BAIAP2L2,UXS1,RAB11FIP1,RUFY1,STAM,CUBN,EPC1,PNPLA3,COASY,CYB5B,CALR,SLC7A5,DCSTAMP,VOPP1,ITM2C,TSPAN14,AKAP1,CAMK2D,RNF170,CAMK2G,SBF2,SYN3,GSG1,APH1B,COG3,SESN2,SLC25A18,B3GNT5,DTNBP1,QRICH2,EEA1,ACAD11,ANTXR1,LRRC8C,ZDHHC18,SLC25A33,STK24,CCDC115,SOAT2,NCK2,CYSTM1,RAB11FIP4,CASQ2,SPIRE2,TPST2,TPST1,TNRC18,HINT2,CRACR2A,MFSD2A,AIFM2,ZNRF1,KCNAB2,STON2,ITPRIP,SELENOI,DEGS1,SLC25A12,PLPP3,CBFA2T3,HSD17B6,TNKS,MARCO,DGAT1,B4GALT4,MBTPS1,CDS2,IQGAP1,NRP1,TMEM11,KSR1,ASAP2,SYNJ1,ST3GAL5,SGPL1,CCND2,HPS4,NAV3,MVB12B,SEC16B,ATP6V0E1,SYS1,PKD2L1,MCFD2,MCU,STARD13,PKMYT1,RNF185,RSAD2,DGKI,CYTH3,CYTH1,CD9,CD163,B4GALT5,OTOF,FADS2,CHST3,CD36,SLC4A8,RPH3AL,SPTLC2,SEC22B,CD44,ABCG1,CD53,CD59,CD68,NUP93,NOS1AP,PHACTR2,ADGRE5,ATG13,TBC1D5,TESPA1,C2CD2L,KIAA0319,LRBA,FIG4,TMCC2,FAM20B,DOP1B","Sputum_Paucigranulocytic"
"BP","interleukin-1 production",128,29,0.000143042872101174,0.0241970165077718,"NOD1,MALT1,LILRB4,NLRP3,SERPINB1,NLRP7,NLRP1,PANX1,FOXP1,ANXA1,HK1,FFAR4,IFI16,IL16,SMAD3,MEFV,CARD17P,P2RX7,ACP5,TREM2,INAVA,NLRC4,S100A13,CEACAM1,CLEC7A,TNF,CASP1,HAVCR2,AIM2,CD36","Sputum_Paucigranulocytic"
"BP","regulation of interleukin-1 production",128,29,0.000143042872101174,0.0241970165077718,"NOD1,MALT1,LILRB4,NLRP3,SERPINB1,NLRP7,NLRP1,PANX1,FOXP1,ANXA1,HK1,FFAR4,IFI16,IL16,SMAD3,MEFV,CARD17P,P2RX7,ACP5,TREM2,INAVA,NLRC4,S100A13,CEACAM1,CLEC7A,TNF,CASP1,HAVCR2,AIM2,CD36","Sputum_Paucigranulocytic"
"BP","T cell proliferation",212,51,0.000143750978197025,0.0241970165077718,"RASGRP1,BTN2A2,GPNMB,LILRB1,MALT1,LILRB4,CLC,DOCK2,FKBP1B,IL27,ABL1,FYN,TNFRSF21,CCDC88B,ANXA1,CD209,HLA-A,HLA-DMB,IL4,TNFRSF9,IL18,IDO1,LIPA,NCK1,P2RX7,IL23A,PPP3CA,LMBR1L,PRKAR1A,CRTAM,PELI1,BCL6,RPS6,VSIR,MARCHF7,SLC7A1,SLC11A1,SYK,TGFBR2,CCR2,TYK2,DOCK8,MAD1L1,NCK2,CARD11,HAVCR2,CD6,DLG5,CD80,CD86,CD81,CD151","Sputum_Paucigranulocytic"
"BP","cellular response to chemical stimulus",2727,480,0.000145760520898413,0.0243548682124672,"ADA,ABCC5,ADAM8,TRAP1,ADAM10,ABCC4,RAMP2,ADAR,NOD1,NDRG1,PIAS3,ST3GAL6,CDC42EP2,VAV3,BAIAP2,NCOA2,CEBPE,AGR2,TXNRD2,CAMKK2,KLF1,CXCR6,GNB5,GIPC1,TRAF3IP2,AHCYL1,GJB6,LILRB1,MALT1,LILRB4,RAB31,PRDM5,CHI3L1,MAP4K1,CHRM1,VPS26B,LYST,SLCO2B1,PHB2,NLRP3,CYGB,FBXO32,RFFL,ADD1,CCR6,CMKLR1,ABCC2,TRIM71,NCOA7,CPT1A,PXDNL,CREB1,CRK,MTCL2,CRY2,DCST1,CTSB,CTSH,GPBAR1,CXADR,VKORC1L1,CYP19A1,DAG1,DAPK1,DAXX,UBXN2A,ZNF366,DLG2,DNMT3A,AGRP,GPR183,EFNA5,ANO6,NLRP7,HTR3D,SLC29A1,EPAS1,EPHB1,ERN1,ESR1,ETV5,EXT1,EZH2,FABP4,PTK2B,FBN1,FBP1,FCER1G,FDX1,MRAS,FKBP1B,PPM1E,CPEB3,SBNO2,ATF6,SIRT2,SWAP70,FOXO1,KDM4C,CDK19,LRCH1,FLNB,LPIN1,FLT1,FMO1,FMO4,CUX2,SASH1,LARP1,PIP5K1C,LEPROTL1,SPIDR,ATP6V0A2,FPR2,DAPK2,BACE1,SH3BP4,ALK,ALOX5,ALPL,ABL1,FYN,ABTB2,SAMHD1,SIN3A,IPCEF1,ZBTB20,GATA1,GATA3,GCH1,AMFR,PELP1,GJB3,FOXP1,CPNE7,TNFRSF21,SESN1,GLDC,STK39,GNAO1,GNAQ,GPD1,ANGPT1,GPR21,NKIRAS2,GPER1,ILDR1,GPX4,GRB10,RAPGEF1,HIPK2,NR3C1,GSTA1,SNX10,EEF2K,SLC25A24,STRN3,SLC2A8,ANXA1,HBG2,HCLS1,HFE,HIF1A,UBE2K,HK2,ACACA,AOC2,AOX1,HRH1,HSF1,HSPD1,HTR3A,FFAR4,IRF8,IFI16,IFNGR2,IGF1R,TICAM2,IKBKB,IL4,IL5RA,IL6R,AQP1,IL16,IL18,INHBA,INSR,ITGA6,IRAK2,AQP9,IRF5,ITGA4,ITGA9,ITGB2,ITGB3,ITPKB,ITPR1,ITPR2,JAK1,JARID2,KCNE1,KCNH2,KCNMB1,KCNQ1,KIF5B,KRT8,SERP2,SCIMP,ASIC2,LMNA,LRP1,LSP1,LTF,BMAL1,LYN,MIR143,SMAD1,MAX,MCM2,MDM4,MEF2C,MET,MGAT3,MGST3,MNDA,ABCC1,CARD17P,RHEX,MX1,MYO1C,NCK1,NDUFS2,NEDD9,NFATC2,NFE2L2,NINJ1,NOTCH1,NPC1,ATP2A2,ATP2B4,OPRM1,P2RX4,P2RX7,P2RY2,P2RY6,PRKN,PCK2,SIDT2,PCNA,KLF3,ZBTB7A,UBR5,ANGPT4,PDE4B,LARS1,IL23A,SUFU,PDPK1,NLK,CAB39,SYT17,KDM3B,PIK3CB,PIK3CD,PIK3R1,PIP4K2A,PLA2G4A,BCL11A,PLCG2,PLD1,P2RY13,TREM2,TREM1,GNG2,SSH1,POR,TOLLIP,RBM47,PPARD,PPARG,PPBP,WBP1L,TESC,TMEM33,PPP3CA,RAB20,PRKACA,PRKAR1A,UGGT2,PRKCA,PRKCB,AXL,PRKCD,TRERF1,PRKCE,PRKCZ,MAPK1,MAPK8,MAPK13,PDGFC,MAP2K6,LGMN,UGGT1,SPPL2B,CAMK1D,ZMIZ1,PTGER2,AMIGO1,PTK2,GRAMD1B,ARID1B,RPTOR,NCEH1,PREX1,CPNE5,PTPN1,MEAK7,TRIB3,PTPN11,PTPRE,PTPRJ,PTPRN2,PTPRO,CXCL16,PXN,RRAGD,RAC1,RAD23B,RAD52,RAF1,RAP1GDS1,RARA,HRH4,BCL2,UPF1,BCL2L1,TNFRSF17,RORA,HCN2,BCR,RPS6KA2,RXRA,S100A8,SCNN1A,CEACAM1,CCL13,CCL18,CCL20,CCL21,CCL22,CCL25,ELMO2,SLC28A3,NPFFR1,SGK1,CLEC7A,SMYD3,SLC1A2,SLC1A3,SLC2A1,SLC2A5,NADK,SLC8A1,SLC11A1,SOD1,BNIP3L,SORL1,BPHL,SRC,BRAF,BSG,SYK,KLF5,MSMP,TFF2,TFR2,TSPO,THRA,TIMP3,TLE4,TNF,TOP2B,TRAF3,C5,C5AR1,CCR2,TXNRD1,TYK2,UCP3,UGCG,VAV2,VDR,EZR,WFS1,WNT3,XRCC5,YES1,YWHAG,ZYX,CACNB1,PAX8,CACNB4,CARD14,ADIPOR2,UBA5,RIN3,PRR5L,TNIP3,SLC8B1,NCOA4,PNPLA3,CYB5B,ACTN4,CALR,GPR68,SLC7A5,DCSTAMP,CAMK2D,DOCK8,CAMP,NRIP1,CAPN2,CAPN3,EPX,ARID1A,CASP1,SESN2,PLA2G6,CASP7,DTNBP1,BCAR3,ARID5B,LRRC8C,SLC25A33,CCDC115,NCK2,CASQ2,ADTRP,HAVCR2,AIFM2,YBX3,RUNX2,ABCC3,MBTPS1,URI1,ADAM15,TNFRSF11A,IQGAP1,NRP1,KAT2B,NR1I2,BTRC,UMODL1,OTULIN,CCRL2,MCU,RNF185,MYLK3,RCSD1,CD6,MAPKAPK2,TRIP4,CPNE6,NHERF1,RECQL5,CD80,CD86,TP53INP1,AIM2,LY86,CD36,NR1D1,AKAP12,CD44,NCOR2,ZNF592,PPM1F,SAFB2,CD68,RAPGEF2,DOCK4,HDAC9,RIPOR2,HDAC4,C2CD2L,TBC1D4,GFPT2,SLC23A2,CDH1","Sputum_Paucigranulocytic"
"BP","regulation of T cell activation",378,85,0.000147179666962021,0.0244016644988428,"ADA,ADAM8,RASGRP1,BTN2A2,GPNMB,LILRB1,MALT1,LILRB4,NLRP3,CLC,PIK3R6,EFNB2,ZBTB1,FCHO1,IL27,ABL1,FYN,GATA3,TNFRSF21,CCDC88B,ANXA1,HFE,CD209,HLA-A,HLA-DMB,HLA-DQA2,HLA-DRA,HSPD1,IL4,TNFRSF9,IL18,IDO1,ITPKB,RHOH,LYN,NCK1,IL23A,CYRIB,PDPK1,PPP3CA,AMBRA1,PRKAR1A,PAG1,PRKCZ,CRTAM,DUSP22,PELI1,ZMIZ1,ARID1B,PTPN11,RARA,BCL6,CEACAM1,CCL21,PRDM1,VSIR,MARCHF7,SLC7A1,SMARCA2,SMARCD2,SOD1,SRC,BRAF,SYK,TGFBR2,CCR2,TYK2,YES1,ZBTB16,DOCK8,ARID1A,MAD1L1,NCK2,CARD11,HAVCR2,RUNX1,CBFB,CD2,CD6,DLG5,CD80,CD86,CD81,RIPOR2,TOX,TESPA1","Sputum_Paucigranulocytic"
"MF","chemokine receptor binding",72,14,0.000148188245944389,0.0244016644988428,"JAK1,PPBP,CXCL16,CCL13,CCL18,CCL20,CCL21,CCL22,CCL25,MSMP,TFF2,C5,CCR2,CCRL2","Sputum_Paucigranulocytic"
"MF","transferase activity",2225,417,0.000158949977539114,0.0257687965171891,"C8orf44-SGK3,CERT1,UST,TRIM10,HIPK3,LPCAT3,PRMT3,CDK6,GPHN,CDS1,PIAS3,ST3GAL6,TESK2,ARIH2,EMG1,MERTK,CAMKK2,TRAF3IP2,MALT1,PAPOLA,TLK2,LIAS,TENT4A,WWP1,WWP2,ATE1,PRDM5,KAT7,PLAAT3,NUDT5,MAP4K1,MGAT4A,TRIM9,MARCHF3,MOGAT1,RFFL,RNF19B,TRIM71,LRGUK,CPT1A,GPAT4,CREBBP,MYO3B,UBE2F,STK35,ACSM6,CS,POGLUT3,PIK3R6,DPY19L3,B3GALNT2,DCST1,PDIK1L,MB21D2,XXYLT1,SH3RF2,RNF145,RNF217,GRK3,PRAG1,AK8,DGKG,DAPK1,SGMS2,DLG2,DLST,DNMT3A,ABAT,DYRK1A,NSMCE1,MARK2,EPHB1,EPHB3,ERN1,ALAS1,EXT1,EZH2,F13A1,PTK2B,MARCHF8,FDFT1,FGR,FHIT,AAK1,LMTK2,CHSY1,SEPHS2,SEPHS1,SIRT2,NT5C2,STK38L,TNIK,HECW1,TRIM35,CDK19,COLGALT2,MAST2,FLT1,DTX4,MGRN1,DPY19L1,UBR4,SIK3,ZDHHC17,PIP5K1C,FNTB,QPRT,KAT6B,PIGN,DAPK2,MKRN1,PLA2G15,SGK3,PRKD3,BRD1,ALK,ABL1,FYN,LCLAT1,CERS6,ZDHHC20,RNF144B,RNF214,SHPRH,GSTT4,FBXO7,POLR1A,RNF19A,GALNT2,SGMS1,RPAP1,SETBP1,FBXW8,FBXO10,GBE1,AMFR,RPS6KC1,B4GALT1,TPK1,CRCP,STK39,POLM,GOT2,B4GALNT3,DPY19L2,PNPLA1,NSMCE2,GRK4,HIPK2,SETD2,UHRF1,GSTA1,EEF2K,GYG1,HEXA,HEXB,UBE2K,HK1,HK2,HMBS,HNMT,SH3RF3,IGF1R,IKBKB,INSR,IRAK2,ITPK1,ITPKB,JAK1,JARID2,KARS1,GALNT18,B3GNT8,SULT6B1,LIMK1,LIMK2,LMO7,LTBP1,LYN,ART3,MDM4,MEFV,MAP3K1,MET,MGAT3,MGMT,MGST3,CIITA,MAP3K10,NEK3,NNMT,OAT,MINK1,CHST11,PRKN,RNF141,METTL9,A4GNT,PIGP,MARCHF2,CDK17,PCYT1A,TAOK3,CHST15,UBR5,PRKAG2,NAT8B,ANAPC11,HDAC7,TRIM33,CDK5RAP1,ASB2,PDPK1,NLK,MAP3K20,GALNT7,PFKFB3,CDK14,PHKG2,PIK3C2B,PIK3CB,PIK3CD,PIK3R1,PI4KB,PIP4K2A,PLA2G4A,FGFRL1,NANS,POLR2F,RNF216,PRMT7,TENT5C,RNF43,CDKAL1,UCKL1,ACSM5,FGGY,AGPAT5,PI4K2A,CHST12,GALNT10,NAGK,PRKAB1,PIGV,PRKACA,HHAT,UGGT2,PRKCA,PRKCB,CSGALNACT1,AXL,PRKCD,PRKCE,RNF130,PRKCH,GLT8D1,ASH1L,PRKCZ,MAPK1,MAPK8,MAPK13,MAP2K1,MAP2K5,MAP2K6,PRPSAP1,UGGT1,KCMF1,C1GALT1,FAM20C,PRDM10,COQ8A,PARP11,PLAAT1,CAMK1D,ADCK1,PAK5,SMURF1,PELI2,PELI1,ZMIZ1,BIRC6,PTK2,HECW2,HACE1,ALPK3,TAOK1,MARCHF4,BCAT1,RAF1,REV3L,ELOVL5,BCR,RPN1,RPS6KA1,RPS6KA2,RNF123,UBE2O,PRDM1,PCIF1,BLK,FN3K,XYLT1,TFB2M,SGK1,SMURF2,SMYD3,PARP12,MEAF6,ST6GAL1,ST3GAL1,MARCHF7,TUT1,ST3GAL3,NADK,SRC,BRAF,SRPK2,STK3,STK4,SYK,TARBP1,TGFBR2,TK2,TKT,TRAF3,TRIO,TTC3,TTK,TYK2,UBE2D3,UBE2E1,UGCG,UGP2,UCK2,UPP1,YES1,TRIM26,PRDM2,RNF103,METTL16,FTO,NAA16,GALNT14,GTDC1,EHMT1,CAMKMT,PEAK1,RNF122,LPCAT1,KAT6A,PNPLA3,COASY,CAMK2D,RNF170,CAMK2G,ZMIZ2,RIOK1,STK40,PIP5K1B,B3GNT5,ZDHHC18,STK24,RNF135,SOAT2,CARD11,DOT1L,TPST2,TPST1,TRIM55,ACCS,ZNRF1,DGKD,SELENOI,PDXK,MKNK1,STK16,CDK13,TNKS,DGAT1,B4GALT4,RNGTT,CDS2,NRP1,KYAT1,KSR1,KAT2B,ST3GAL5,TRIM4,HERC1,BTRC,TRIM15,UBE3B,RSPRY1,UBE3D,MAP3K14,BAZ1B,LRSAM1,ZNF598,PKMYT1,ACVR1B,RNF185,PKDCC,DGKI,MYLK3,UBE2L6,MAPKAPK2,B4GALT5,ACVRL1,MED17,MED27,MAP4K4,CHST3,SPTLC2,RNF7,AATK,DZIP3,SETD1A,HDAC4,RNF40,AREL1,KLHL21,FAM20B,RNF10,XYLB,GFPT2","Sputum_Paucigranulocytic"
"BP","leukocyte proliferation",348,73,0.000159743063563525,0.0257687965171891,"ADA,RASGRP1,BTN2A2,VAV3,GPNMB,LILRB1,MALT1,LILRB4,CLC,CLU,DOCK2,GPR183,GAPT,FKBP1B,PLCL2,IL27,ABL1,FYN,TNFRSF21,CCDC88B,ANXA1,CD209,HLA-A,HLA-DMB,HSPD1,IL4,IL5RA,TNFRSF9,IL18,IDO1,INPP5D,LIPA,LYN,MEF2C,MNDA,NCK1,NF1,NFATC2,P2RX7,IL23A,ENPP3,TREM2,PPP3CA,LMBR1L,PRKAR1A,PRKCD,MAPK1,CRTAM,PELI1,PTK2,BCL2,BCL2L1,BCL6,RPS6,VSIR,ST6GAL1,MARCHF7,SLC7A1,SLC11A1,SYK,TGFBR2,CCR2,TYK2,DOCK8,MAD1L1,NCK2,CARD11,HAVCR2,CD6,DLG5,CD80,CD86,CD81,CD151","Sputum_Paucigranulocytic"
"BP","lymphocyte migration",121,31,0.000159892638132532,0.0257687965171891,"ADAM8,ADAM10,CCR6,CRK,GPR183,EXT1,PTK2B,LRCH1,ABL1,GATA3,STK39,ITGA4,ITGAL,ITGB3,MIA3,NEDD9,PIK3CD,CRTAM,CXCL16,CCL13,CCL18,CCL20,CCL21,CCL22,CCL25,MSMP,CCR2,SLC8B1,DOCK8,CD99L2,ADTRP,RIPOR2","Sputum_Paucigranulocytic"
"BP","positive regulation of proteolysis",350,81,0.000171467064180352,0.027332793323366,"ADAM8,NOD1,DLC1,SPON1,ARIH2,CTSC,MALT1,GABARAP,NLRP3,CLU,RNF19B,PRICKLE1,CTSH,SH3RF2,RNF217,DAP,DAPK1,EGF,PTK2B,NLRP1,SIRT2,GRAMD4,HSPBP1,FYN,RNF144B,SNX33,RNF19A,FBXW8,NUPR1,CYFIP2,DISC1,GPER1,ANXA2,HIP1,HSPD1,IFI16,SH3RF3,LYN,SMAD3,MBP,MEFV,ASTL,ASPH,NFE2L2,ATP2A3,PRKN,FZR1,SNX9,TREM2,PPARG,PLGRKT,LGMN,PSMC1,SMURF1,PTEN,PTK2,TRIB3,NLRC4,S100A8,S100A10,VSIR,SGTA,CLEC7A,SRC,SYK,TGFB1I1,TNF,WFS1,CAPN3,AXIN1,CASP1,APH1B,TBC1D10A,AGBL4,CBFA2T3,CRADD,TNFSF10,BTRC,RNF185,AIM2,PPM1F,TNFSF15,CASP8AP2","Sputum_Paucigranulocytic"
"BP","activation of innate immune response",272,61,0.000172002703979992,0.027332793323366,"NOD1,PHB2,NLRP3,PIK3AP1,SLC15A4,CREBBP,ESR1,NLRP1,SIRT2,GRAMD4,RFTN1,FYN,SIN3A,HSPD1,IFI16,TICAM2,IKBKB,IRAK2,SCIMP,LRCH4,LTF,LYN,MEFV,MNDA,NINJ1,PDPK1,PIK3R1,PLCG2,TREM2,LGR4,NAGK,NPLOC4,INAVA,PRKCE,MAPK8,MAP2K6,PELI1,WDFY1,PTPRS,NLRC4,SEC14L1,CLEC7A,SRC,SYK,TNF,TRAF3,XRCC5,NLRX1,TNIP3,CLPB,CASP1,RNF135,HAVCR2,ZNRF1,TRIM15,OTULIN,RSAD2,MFHAS1,MAPKAPK2,AIM2,CD36,NR1D1","Sputum_Paucigranulocytic"
"BP","response to virus",434,83,0.000180418636728253,0.0284710632014779,"MICA,CDK6,ZMPSTE24,ADAR,ADARB1,TRAF3IP2,LILRB1,USP20,LYST,PHB2,NLRP3,CLU,SLFN13,DHX15,EXT1,VWCE,FGR,NLRP1,SIRT2,NT5C2,TRIM35,GRAMD4,MORC3,IL27,SERINC5,SAMHD1,SIN3A,GATA3,CRCP,SETD2,HIF1A,IFI16,IFNGR2,IKBKB,IL4,IRF2,IRF5,JAK1,ARF1,LGALS8,SMAD3,MEFV,MX1,NCK1,PCBP2,MARCHF2,IL23A,CHMP3,TREM2,RNF216,DUS2,SHFL,NCBP3,NPLOC4,POLR3E,ZC3HAV1,SENP7,WDFY4,PTPRS,BCL2,BCL2L1,CCL22,SEC14L1,BNIP3L,TNF,TRAF3,TYK2,TRIM26,NLRX1,HMGA2,CALR,CLPB,AKAP1,CASP1,RNF135,AGBL4,URI1,TRIM15,MAP3K14,DDX60L,RNF185,RSAD2,XPR1,AIM2","Sputum_Paucigranulocytic"
"BP","immune response-regulating cell surface receptor signaling pathway involved in phagocytosis",26,15,0.000185045033449435,0.0288011187678422,"VAV3,FGR,ABL1,FYN,LIMK1,LYN,PRKCD,PRKCE,PTK2,PTPRJ,SRC,SYK,VAV2,YES1,PLA2G6","Sputum_Paucigranulocytic"
"BP","Fc-gamma receptor signaling pathway involved in phagocytosis",26,15,0.000185045033449435,0.0288011187678422,"VAV3,FGR,ABL1,FYN,LIMK1,LYN,PRKCD,PRKCE,PTK2,PTPRJ,SRC,SYK,VAV2,YES1,PLA2G6","Sputum_Paucigranulocytic"
"BP","positive regulation of response to biotic stimulus",364,76,0.000189317045234924,0.0290826280871734,"ADAM8,RASGRP1,NOD1,PHB2,NLRP3,CLNK,SH2D1B,PIK3AP1,SLC15A4,CREBBP,ESR1,NLRP1,SIRT2,GRAMD4,RFTN1,SASH1,FPR2,FYN,SIN3A,UBE2K,MR1,HSPD1,IFI16,TICAM2,IKBKB,IRAK2,SCIMP,SIGLEC16,LRCH4,LTF,LYN,MEFV,MNDA,NINJ1,PDPK1,PIK3R1,PLCG2,TREM2,RBM47,LGR4,NAGK,NPLOC4,INAVA,PRKCA,PRKCE,MAPK8,MAP2K6,CRTAM,PELI1,WDFY1,PTPRS,NECTIN2,NLRC4,SEC14L1,CLEC7A,SRC,SYK,TNF,TRAF3,XRCC5,NLRX1,TNIP3,CLPB,CASP1,RNF135,HAVCR2,ZNRF1,TRIM15,OTULIN,RNF185,RSAD2,MFHAS1,MAPKAPK2,AIM2,LY86,CD36,NR1D1","Sputum_Paucigranulocytic"
"BP","macromolecule modification",3206,574,0.000189413349626019,0.0290826280871734,"CDH5,SH2D3C,C8orf44-SGK3,SAE1,UST,ADAM8,TRIM10,HIPK3,RASGRP1,FRY,PRMT3,ADAM10,USPL1,CDK6,CTDSPL,GPHN,ZMPSTE24,ADAR,DLC1,ADARB1,PIAS3,ST3GAL6,TESK2,ARIH2,EMG1,TAB1,GPNMB,MERTK,LRRC41,SEMA4D,RGS14,CAMKK2,CTCF,TRAF3IP2,FAXDC2,USP20,MALT1,ASCC3,LILRB4,TLK2,WWP1,WWP2,ATE1,PKIG,KAT7,CHI3L1,MAP4K1,CHP1,SGF29,MGAT4A,PHB2,GABARAP,TRIM9,FBXO32,MARCHF3,WDFY2,NIBAN1,RFFL,CLU,ANAPC16,SPPL3,KLHDC1,MOB3A,RNF19B,PIGU,TRIM71,ADORA1,NCOA7,CPE,CREB1,CREBBP,ASB6,ASB8,MYO3B,UBE2F,CRY2,STK35,CACUL1,POGLUT3,PRICKLE1,PIK3R6,DPY19L3,B3GALNT2,DCST1,PDIK1L,CCNYL1,PPM1L,XXYLT1,SH3RF2,RNF217,VKORC1L1,GRK3,PRAG1,DAPK1,DAXX,UBXN2A,DLST,DNMT3A,DUSP5,DYRK1A,EFNA5,EGF,NSMCE1,TET3,SPRED2,MARK2,EPAS1,EPHB1,EPHB3,ERCC6,ERG,ERN1,EZH2,F13A1,PTK2B,CCNY,MARCHF8,FGR,FKBP1B,PPM1E,AAK1,LMTK2,ATG14,INPP5F,FKBP5,MAPRE3,SEPHS1,SIRT2,STK38L,TNIK,HECW1,SWAP70,FOXO1,ERC1,TRIM35,TTLL5,CDK19,TAB2,MAST2,FLT1,DTX4,CAMTA1,MGRN1,SASH1,DPY19L1,UBR4,USP24,SIK3,ZDHHC17,SIRT5,FNTB,SF3B1,MORC3,PIK3R5,PIGN,FPR2,DAPK2,MKRN1,HSPBP1,SGK3,PRKD3,ALK,ABL1,FYN,ZDHHC20,RNF144B,SHPRH,FBXO7,RNF19A,GALNT2,WWTR1,SETBP1,ABHD12,TRPC4AP,GATA1,KLHL3,GATA3,FBXW8,FBXO10,PTPN18,NUPR1,AMFR,B4GALT1,STK39,GMFB,GNA12,GNAQ,SLCO3A1,ANG,P4HA3,DPY19L2,ANGPT1,KANSL1,GPER1,SUMF1,PPIL6,NSMCE2,GRK4,HIPK2,SETD2,UHRF1,USP25,EEF2K,PILRB,ANXA1,HCLS1,HTT,NRG1,HIF1A,UBE2K,HLCS,HSF1,SH3RF3,IGF1R,IKBKB,IL4,IL6R,IL18,INHBA,INSR,IRAK2,ITGA5,ITGB2,ITGB3,ITPKB,JAK1,GALNT18,B3GNT8,LCP2,LIMK1,LIMK2,LIAT1,LMO7,LOXL1,LTF,BMAL1,LYN,MIR143,ARRB1,MAN1A1,MAN2A2,MDM4,MEFV,MAP3K1,MGAT3,MGMT,MAP3K10,TYW1B,ASPH,NCK1,NEDD9,NEK3,NF1,NFE2L2,NFYC,NGF,NNMT,NPC1,ATP2B4,OGDH,P2RX7,MINK1,PRKN,DCAF8,PARN,RNF141,ASCC1,UBXN1,ABHD17B,A4GNT,PIGP,MARCHF2,CDK17,FZR1,TAOK3,UBR5,ANGPT4,PRKAG2,SNX9,ANAPC7,PDE4D,NAT8B,ANAPC11,ZC3HC1,IL23A,HDAC7,TRIM33,CDK5RAP1,ASB2,ENPP2,PDPK1,NLK,CAB39,ARID4B,MAP3K20,GALNT7,CDK14,PHKG2,PIK3CB,PIK3CD,BCL11A,BTBD1,PLCG2,ERRFI1,TREM2,SSH1,TOLLIP,RNF216,PRMT7,RBM47,NDFIP2,PPARG,GATAD2A,WBP1L,RNF43,CDKAL1,DUS2,WIPI1,DCUN1D2,P3H2,PPP2R3A,TYW1,PPP6R3,PPP3CA,GALNT10,AMBRA1,PRKAB1,PIGV,PRKACA,PRKAR1A,HHAT,EDEM2,UGGT2,INAVA,PRKCA,PRKCB,PRKCD,PRKCE,RNF130,PRKCH,HDAC8,ASH1L,WSB2,PRKCZ,DMAP1,MAPK1,MAPK8,MAPK13,PDGFC,MAP2K1,MAP2K5,MAP2K6,UGGT1,C1GALT1,DUSP22,HMCES,FAM20C,CASS4,PARP11,CAMK1D,MAN1C1,PAK5,SMURF1,PELI2,PELI1,ZMIZ1,PTEN,SENP7,BIRC6,PPM1H,PTK2,HECW2,RPTOR,HACE1,TAOK1,MARCHF4,FNIP2,USP36,DIP2B,PHRF1,PTPN1,TRIB3,PTPN7,PTPN9,PTPN11,PTPRE,PTPRJ,PTPRN2,PTPRO,PTPRS,RAC1,RAF1,RARA,ARID4A,BCL2,BCR,RPN1,RPS6KA1,RPS6KA2,S100A8,CEACAM1,CCL21,RNF123,THADA,UBE2O,PCIF1,BLK,FN3K,TFB2M,GMCL2,SGK1,SMURF2,SMYD3,PARP12,DEPTOR,ST6GAL1,ST3GAL1,MARCHF7,ST3GAL3,SLC8A1,SLC11A1,SUMO3,SOD1,SORL1,SRC,BRAF,SRPK2,STK3,STK4,SYK,TARBP1,TGFA,TGFBR2,TSPO,TNF,TPD52L1,TRAF3,TSG101,EIPR1,TTC3,TTK,C5AR1,TYK2,UBE2D3,UBE2E1,UGCG,USP4,KDM6A,UVRAG,WARS1,WFS1,XRCC5,YES1,YWHAG,YWHAZ,PTTG1IP,ZBTB16,TRIM26,RNF103,USP7,DBNDD1,ASPSCR1,METTL16,FTO,CARD14,NAA16,CCNJL,GALNT14,PRKRIP1,TTLL7,EHMT1,MOB3B,PEAK1,RNF122,UBA5,PRR5L,KAT6A,CEP63,EDEM3,FXR1,ILKAP,HMGA2,CAMK2D,RNF170,CAMP,USP9X,CAPN3,AXIN1,COG3,ZMIZ2,SESN2,ROPN1L,B3GNT5,DTNBP1,BCAR3,ZDHHC18,STK24,RNF135,NCK2,DOT1L,TPST2,TPST1,TRIM55,KDM2B,HINT2,ADTRP,AGBL4,FBH1,ZNRF1,ABHD13,UBASH3B,COPS3,MKNK1,STK16,PLPP3,CDK13,CBFB,TNKS,MARCO,TNFRSF11A,DCAF5,IQGAP1,NRP1,KSR1,KAT2B,PER2,ST3GAL5,TRIM4,HERC1,CCND2,BTRC,TRIM15,UBE3B,UBE3D,OTULIN,BAZ1B,LRSAM1,ASH2L,ZNF598,SPOCD1,PKMYT1,ACVR1B,MTMR7,RNF185,PKDCC,MYLK3,ARRDC4,CD6,UBE2L6,MFHAS1,MAPKAPK2,DPH7,B4GALT5,TADA2B,NHERF1,ACVRL1,CD80,CD86,CDYL,MED17,MED27,MAP4K4,CD36,BABAM2,CD44,RNF7,TCL1B,AATK,ZNF592,PPM1F,TTLL4,DZIP3,N4BP1,RAPGEF2,NOS1AP,HDAC9,SETD1A,HDAC4,TOX,ATG13,MAML1,RNF40,AREL1,KLHL21,RNF10,GFPT2,TNFSF15","Sputum_Paucigranulocytic"
"BP","T cell activation involved in immune response",123,32,0.000191728993853037,0.0292406017202444,"LILRB1,MALT1,NLRP3,ZFPM1,GPR183,FCER1G,IL27,GATA3,FOXP1,ANXA1,HLA-DMB,HLA-DRA,IL4,IL6R,IL18,ITGAL,JAK1,LCP1,IL23A,APBB1IP,PRKCZ,RAB27A,RARA,BCL6,RORA,RPS6,CEACAM1,SEMA4A,SLC11A1,HAVCR2,CD80,CD86,CD81","Sputum_Paucigranulocytic"
"BP","positive regulation of lymphocyte activation",325,77,0.000198421634923212,0.0300595548799672,"ADA,ADAM8,RASGRP1,BTN2A2,VAV3,LILRB1,MALT1,LILRB4,NLRP3,PIK3R6,GPR183,EFNB2,ZBTB1,FCHO1,ABL1,FYN,GATA3,BLOC1S6,CCDC88B,SH3KBP1,ANXA1,CD209,HLA-A,HLA-DMB,HLA-DQA2,HLA-DRA,HSPD1,TICAM2,IL4,IL18,INPP5D,ITPKB,RHOH,LYN,MEF2C,NCK1,NFATC2,IL23A,CYRIB,PDPK1,PPP3CA,AMBRA1,AXL,PRKCZ,HMCES,PELI1,ZMIZ1,ARID1B,PTPN11,RARA,BCL2,BCL6,CCL21,VSIR,CLEC7A,SLC7A1,SMARCA2,SMARCD2,SRC,SYK,TGFBR2,CCR2,TYK2,YES1,ZBTB16,DOCK8,ARID1A,NCK2,CARD11,HAVCR2,RUNX1,CBFB,CD6,CD80,CD86,CD81,TOX,TESPA1","Sputum_Paucigranulocytic"
"BP","MAPK cascade",767,162,0.000201726622857175,0.0301763147401558,"SH2D3C,ADAM8,HIPK3,RASGRP1,SORBS3,BTN2A2,NOD1,TAB1,GPNMB,RGS14,CAMKK2,LILRB4,CHI3L1,MAP4K1,AKAP13,PHB2,ADORA1,CRK,PIK3R6,CTSH,GPBAR1,PPM1L,GLIPR2,SH3RF2,DAG1,DAXX,DUSP5,GPR183,EGF,SPRED2,EPHB1,ERCC6,ERN1,EZH2,PTK2B,MTURN,TNIK,FOXO1,FLT1,SASH1,ZDHHC17,PIK3R5,FPR2,ABL1,RASGRP3,STK39,ANGPT1,GPER1,GRB10,HIPK2,NENF,MDFIC,NRG1,HSF1,FFAR4,SH3RF3,IGF1R,IGFBP6,IKBKB,INHBA,INSR,ITGB3,ITPKB,KARS1,TBC1D10C,SCIMP,LTBR,LYN,ARRB1,SMAD1,SMAD3,MBP,MEF2C,MAP3K1,MAP3K10,NF1,NOTCH1,NOTCH2,OPRM1,P2RX7,P2RY6,MINK1,PRKN,APIP,TAOK3,PDE6H,PDE8A,NLK,MAP3K20,PIK3CB,PLCG2,TREM2,PPARG,INAVA,PRKCA,PRKCD,PRKCE,ASH1L,PRKCZ,MAPK1,MAPK8,MAPK13,PDGFC,MAP2K1,MAP2K5,MAP2K6,DUSP22,PAK5,PELI2,PTEN,NDRG2,TAOK1,SEMA6A,PTPN1,PTPN7,PTPN11,PTPRJ,RAF1,RAP1GDS1,HRH4,AVPI1,CEACAM1,CCL13,CCL18,CCL20,CCL21,CCL22,CCL25,SLA,SOD1,SORL1,SRC,BRAF,DENND2B,STK3,STK4,SYK,TGFA,TGFB3,TIMP3,TNF,TPD52L1,C5AR1,EZR,YWHAZ,AXIN1,STK40,BCAR3,HAVCR2,PEA15,MARCO,TNFRSF11A,IQGAP1,NRP1,SYNGAP1,KSR1,MAP3K14,MFHAS1,MAPKAPK2,GPR55,NHERF1,MAP4K4,CD36,AKAP12,CD44,RAPGEF2,CD81","Sputum_Paucigranulocytic"
"BP","positive regulation of response to stimulus",2287,419,0.000202203675916358,0.0301763147401558,"ADA,CDH5,IQCJ-SCHIP1,MICA,ADAM8,RASGRP1,SORBS3,ADAM10,BTN3A3,BTN2A2,NOD1,VAV3,TAB1,GPNMB,BAIAP2,SEMA4D,AGR2,CTSC,GIPC1,TRAF3IP2,LILRB1,MALT1,LILRB4,CHI3L1,MAP4K1,AKAP13,PTGDR2,PHB2,NLRP3,ERMAP,CLNK,SH2D1B,C10orf71,PIK3AP1,CLU,SLC15A4,SPPL3,CCR6,CMKLR1,ADORA1,ADORA2B,NACC2,CREBBP,CRK,PIK3R6,NFAM1,CTSH,GPBAR1,GLIPR2,SH3RF2,PRAG1,DHX15,DNMT3A,GPR183,EGF,ANO6,SPRED2,ERCC6,ERN1,ESR1,ETS1,EYA2,EZH2,FABP4,PTK2B,FCER1G,FCER2,MTURN,FGR,FKBP1B,AAK1,CHSY1,NLRP1,ZBTB1,EPN2,ATF6,SIRT2,TNIK,SWAP70,TAB2,FCHO1,GRAMD4,RFTN1,FLT1,PLCL2,CAMTA1,CLEC16A,CUX2,SASH1,SIK3,ZDHHC17,MACF1,SPIDR,PIK3R5,FPR2,FPR3,DAPK2,ABL1,FYB1,FYN,SIN3A,ZNF385A,EPC2,GATA1,GATA3,NUPR1,CYFIP2,ATP2C1,FOXP1,DISC1,TNFRSF21,STK39,ANGPT1,GPER1,GRB10,HIPK2,BLNK,NENF,SCHIP1,LMCD1,ANXA1,HCLS1,HTT,HFE,NRG1,HIF1A,HIP1,UBE2K,HLA-A,HLA-DMB,HLA-DQA2,HLA-DRA,MR1,HSPD1,FFAR4,IFI16,SH3RF3,IGF1R,IGFBP6,TICAM2,IKBKB,IL4,IL6R,IL16,IL18,IDO1,INHBA,INPP5D,INSR,IRAK2,ITGA5,ITGAM,ITGB2,ITGB3,ITPKB,KARS1,KIF7,STIMATE,SCIMP,LCP2,LIMK1,LIPA,SIGLEC16,LRCH4,LTBR,LTF,BMAL1,LYN,MIR143,ARRB1,SMAD3,MEF2C,MEFV,MET,MGMT,MAP3K10,MLLT3,MNDA,ABCC1,MYO1C,NCK1,NEDD9,NF1,NFATC2,NFE2L2,NGF,NID1,NINJ1,NOTCH1,NOTCH2,NPAS2,OPRM1,P2RX4,P2RX7,P2RY6,MINK1,ARHGEF3,PRKN,PCNA,TUBD1,IER5,TAOK3,UBR5,PDE4B,PDE4D,PDE6H,PDE8A,LARS1,CXXC5,IL23A,CYRIB,SUFU,PDPK1,WWOX,MAP3K20,PIK3CB,PIK3CD,PIK3R1,PLA2G4A,PLCG2,TREM2,SSH1,RBM47,NDFIP2,INO80,PPARG,TMEM132A,ADISSP,SUSD4,TMEM33,PPP3CA,LGR4,NAGK,FERMT1,NPLOC4,INAVA,PRKCA,DEPDC1B,PRKCB,AXL,PRKCD,PRKCE,PRKCH,PRKCZ,DMAP1,MAPK1,SULF2,MAPK8,MAPK13,PDGFC,MAP2K1,MAP2K5,MAP2K6,CRTAM,LGMN,SUCNR1,SPIRE1,DUSP22,HMCES,CASS4,CAMK1D,PELI2,PELI1,ZMIZ1,PTEN,PTK2,ARID1B,RPTOR,TAOK1,WDFY1,FNIP2,PTPN1,PTPN11,PTPRJ,PTPRS,NECTIN2,NLRC4,RRAGD,RAC1,RAF1,RARA,RASGRF1,LGR6,BCL2,RHEB,AVPI1,BCL7A,RREB1,RXRA,S100A8,S100A13,CEACAM1,CCL13,CCL18,CCL20,CCL21,CCL22,CCL25,UBE2O,SEC14L1,SECTM1,BLK,SGTA,CLEC7A,SMURF2,MEAF6,SKI,SLC11A1,SMARCA2,SMARCD2,SOD1,SORL1,SRC,BRAF,DENND2B,STK3,STK4,STX3,SYK,TCF7L2,TGFA,TGFB1I1,TGFB3,TGFBR2,TIMP3,SERPING1,C1QA,TNF,C1QB,C1QC,TOP2B,C1S,TPD52L1,TRAF3,C5,C5AR1,CCR2,TYK2,C8A,C8B,USP4,VAV2,VDR,EZR,VWF,WFS1,WNT3,XRCC5,YES1,CACNB4,DYNC2H1,NLRX1,TBL1XR1,TNIP3,ARMC9,SCUBE1,EPC1,ACTN4,CALR,CLPB,ITM2C,TSPAN14,USP9X,ARID1A,TRRAP,AXIN1,CASP1,SESN2,MAD1L1,PLA2G6,BCAR3,STK24,RNF135,NCK2,CARD11,SPIRE2,HAVCR2,FBH1,ZNRF1,DGKD,TNKS,PEA15,MARCO,CRADD,TNFSF12,TNFSF10,TNFRSF11A,IQGAP1,NRP1,KSR1,TRIM15,MAP3K14,OTULIN,MCU,LRSAM1,ACVR1B,RNF185,RSAD2,DLG5,MFHAS1,MAPKAPK2,GPR55,NHERF1,ACVRL1,CD80,CD86,AIM2,MAP4K4,LY86,CD36,NR1D1,BABAM2,AKAP12,CD44,PPM1F,CD59,FAM53B,NUP93,RAPGEF2,NOS1AP,CD81,RIPOR2,ZEB2,TESPA1,GAB2,KIAA0319","Sputum_Paucigranulocytic"
"BP","positive regulation of gene expression",1190,220,0.00020317620820471,0.0301763147401558,"CDH5,ADAM8,RASGRP1,CDK6,RAMP2,ZMPSTE24,ADAR,NOD1,SPON1,CEBPE,AGR2,IGF2BP2,CELF1,CTCF,TRAF3IP2,LILRB1,MALT1,TENT4A,KAT7,CHI3L1,SGF29,PHB2,NLRP3,C1QTNF3,CLNK,NIBAN1,CLU,SLC24A4,ADORA2B,NFAM1,CTSH,ZFPM1,DYRK1A,EEF2,EGF,ERN1,ETS1,PTK2B,FCER1G,FGR,CPEB3,NLRP1,SAMD4A,MRPS27,RFTN1,LARP4B,CUX2,LARP1,PANX1,IL27,ABL1,ZBTB20,GATA3,DAZAP1,LAMP3,FOXP1,AGO2,GPI,RBM20,CCDC88B,SLC39A5,ANGPT1,GPER1,SETD2,BLNK,ANXA1,ANXA2,HFE,HIF1A,HK1,HLA-A,HSF1,HSPD1,IRF8,IFI16,TICAM2,IL4,IL6R,IL16,IL18,IDO1,INHBA,IRF5,ITGB3,SCIMP,LMNA,SIGLEC16,SMAD1,SMAD3,MBP,MEF2C,MEFV,MITF,ASTL,NCK1,NFATC2,NFE2L2,NGF,NOTCH1,P2RX7,PRKN,UBR5,PDE4B,PDE4D,NAT8B,IL23A,CYRIB,CDK5RAP1,PIK3CB,PIK3CD,PIK3R1,PLAG1,BCL11A,PLCG2,PLD1,TREM2,RBM47,PPARD,PPARG,TENT5C,TESC,NRDE2,PIWIL2,PPP3CA,PRG2,FERMT1,PRKAB1,INAVA,PLGRKT,PRKCZ,SULF2,MAPK8,MAPK13,MAP2K1,CRTAM,ZC3HAV1,HMCES,PELI1,MIF4GD,SLC24A3,ARID1B,PTPN11,PTPRJ,NLRC4,RAB27A,RARA,RBP4,C14orf93,RORA,RPS6KA2,S100A10,S100A13,PRDM1,PCIF1,VSIR,CLEC7A,NIBAN2,SLC11A1,SOD1,SORL1,SPTBN1,SRC,BRAF,SRPK2,SYK,TCF12,TFR2,TNF,TRAF3,C5,RHOXF2B,C5AR1,CCR2,TYK2,VDR,EZR,WARS1,WNT3,CSDE1,METTL16,NOX5,KAT6A,FXR1,HMGA2,CALR,SLC7A5,TAF15,EPX,ARID1A,CASP1,DTNBP1,RNF135,NR0B2,NCK2,CARD11,RHOXF2,ADTRP,HAVCR2,YBX3,RUNX2,RUNX1,EIF4G3,MYOM1,KAT2B,NR1I2,SEC16B,TRIM15,ASH2L,ANGEL2,ACVR1B,CD2,RSAD2,ARRDC4,CD6,MAPKAPK2,CD80,CD86,TP53INP1,AIM2,CD36,AKAP12,PPM1F,NOS1AP,CD81,CTIF,THRAP3","Sputum_Paucigranulocytic"
"BP","regulation of endocytosis",290,73,0.000212854455384127,0.0314084717152526,"MERTK,LILRB1,RAB31,PACSIN2,BTBD9,AP2M1,CLU,GSG1L,DOCK2,EFNB2,EGF,ANO6,FCER1G,FGR,AAK1,SYNE1,FPR2,ABL1,SNX33,BIN1,ANGPT1,EEF2K,PACSIN1,ANXA2,HFE,HIP1,IL4,INSR,ITGB3,ARF1,LRP1,ARRB1,MKLN1,PRKN,SNX9,ANKFY1,PIK3CB,PLCG2,TREM2,AHI1,PPP3CA,LYAR,VAC14,AXL,CAMK1D,PTPN1,PTPRJ,RAB27A,RAC1,BCR,CCL21,RAB17,CLEC7A,SLC11A1,SOD1,SRC,SYK,TFR2,TNF,TSG101,MCTP1,RIN3,RUFY1,CALR,DTNBP1,DGKD,STON2,CCDC32,LRSAM1,CD36,CD151,TBC1D5,DNAJC6","Sputum_Paucigranulocytic"
"MF","CCR chemokine receptor binding",48,10,0.000216292167826456,0.0317098272366993,"JAK1,CCL13,CCL18,CCL20,CCL21,CCL22,CCL25,MSMP,CCR2,CCRL2","Sputum_Paucigranulocytic"
"BP","response to organic substance",2814,489,0.000231804749539712,0.0337662251829514,"ADA,SLC25A13,ADAM10,CDK6,RAMP2,ADAR,NOD1,PIAS3,ST3GAL6,CDC42EP2,BAIAP2,NCOA2,CEBPE,AGR2,TXNIP,KLF1,CXCR6,GNB5,CTSC,GIPC1,TRAF3IP2,AHCYL1,GJB6,LILRB1,MALT1,LILRB4,LIAS,RAB31,PRDM5,KAT7,CHI3L1,MAP4K1,CHRM1,SCN11A,VPS26B,PHB2,NLRP3,FBXO32,RFFL,ADD1,CLU,SLC24A4,CCR6,CMKLR1,CNP,TRIM71,ADORA1,CPT1A,CREB1,CRK,S100A16,MTCL2,CRY2,DCST1,CTSB,CTSH,GPBAR1,CYP19A1,DAG1,DAPK1,DAXX,UBXN2A,DHX15,ZNF366,DNMT3A,ABAT,AGRP,EFNA5,NLRP7,HTR3D,SLC29A1,ERN1,ESR1,ALAS1,EXT1,EZH2,FABP4,PTK2B,FBN1,FBP1,FCER1G,SDK1,FDX1,MRAS,FKBP1B,PPM1E,CPEB3,NLRP1,SBNO2,ATF6,SIRT2,TNIK,FOXO1,KDM4C,CDK19,TAB2,LRCH1,FLNB,LPIN1,RFTN1,FAF2,FMO1,CUX2,SASH1,LARP1,TRAM1,LEPROTL1,SPIDR,FPR2,BACE1,SH3BP4,ALK,PANX1,ALPL,ABL1,FYN,GABBR1,SAMHD1,SIN3A,ZBTB20,GATA1,GATA3,GCH1,AMFR,PELP1,GJB3,LAMP3,FOXP1,CPNE7,GLB1,TNFRSF21,SESN1,GLDC,STK39,TOR1B,GNAO1,GNAQ,GOT2,GPD1,GPI,ANG,ANGPT1,GPR21,ANGPT2,NKIRAS2,GPER1,ILDR1,GPX4,GRB10,RAPGEF1,SETD2,NR3C1,USP25,SNX10,EEF2K,SLC25A24,STRN3,SLC2A8,ANXA1,HCLS1,ANXA3,KCNIP2,HIF1A,UBE2K,HK2,ACACA,ANXA11,HLCS,HRH1,HSF1,HSPD1,HTR3A,UBAC2,FFAR4,IRF8,IFI16,IFNGR2,IGF1R,TICAM2,IKBKB,IL4,IL5RA,IL6R,AQP1,IL18,IDO1,INHBA,INSR,ITGA6,IRAK2,AQP9,IRF5,ITGA4,ITGB2,ITGB3,ITPKB,ITPR1,ITPR2,JAK1,JARID2,MIA3,KCNE1,KCNMB1,KCNQ1,KIF5B,KRT8,SERP2,SCIMP,LIPA,LOXL1,LRP1,LSP1,LTA4H,LTF,BMAL1,LYN,MIR143,SMAD1,SMAD6,ARSB,MAN1A1,MAX,MCM2,MEF2C,MEFV,CIITA,MNDA,ABCC1,CARD17P,RHEX,MX1,MYO1C,NCK1,NFATC2,NFE2L2,NNMT,NOTCH1,NPC1,ATP2B4,OPRM1,P2RX1,P2RX4,P2RX7,P2RY2,P2RY6,RRM2B,PRKN,UBXN1,PCK2,SIDT2,PCNA,KLF3,ZBTB7A,UBR5,PDE4B,LARS1,CYRIB,PDPK1,CAB39,SYT17,PIK3R1,PIP4K2A,BCL11A,PLCG2,P2RY13,ACP5,TREM2,GNG2,SSH1,POR,TOLLIP,RBM47,PPARD,PPARG,PPBP,WBP1L,TESC,TMEM33,PPP3CA,SHFL,NAGK,RAB20,PRKACA,NPLOC4,PRKAR1A,EDEM2,UGGT2,INAVA,PRKCA,PRKCB,AXL,PRKCD,TRERF1,PRKCE,PRKCZ,DMAP1,MAPK1,MAPK8,MAPK13,PDGFC,MAP2K5,MAP2K6,LGMN,SUCNR1,RETN,UGGT1,SPPL2B,MAN1C1,PELI1,ZMIZ1,PTGER2,AMIGO1,PTK2,GRAMD1B,ARID1B,RPTOR,CPNE5,PTPN1,MEAK7,TRIB3,PTPN11,PTPRE,PTPRJ,PTPRN2,CXCL16,PXN,RRAGD,RAD23B,RAF1,RAP1GDS1,RARA,HRH4,RBP4,BCL2,UPF1,BCL2L1,RFC3,TNFRSF17,RORA,HCN2,BCR,RPS6KA2,RXRA,SORT1,S100A8,CELA2A,SCNN1A,CEACAM1,CCL13,CCL18,CCL20,CCL21,CCL22,CCL25,SELL,NPFFR1,SGK1,SGTA,CLEC7A,SMYD3,CREB3L2,ST6GAL1,SLC1A2,SLC1A3,SLC2A1,SLC2A5,NADK,SLC8A1,SLC11A1,SLC18A2,SLC22A5,SLPI,SOD1,SORL1,SRC,SREBF2,BRAF,STIM1,BSG,SYK,KLF5,TBXAS1,TCF7L2,TCF12,TFF2,TGFB3,TGFBR2,TSPO,THRA,TIMP2,TIMP3,TLE4,TNF,TOP2B,TRAF3,C5AR1,CCR2,TYK2,UCP3,UGCG,VDR,EZR,MYRF,WFS1,WNT3,XRCC5,YES1,YWHAG,ZYX,CACNB1,RNF103,PAX8,CACNB4,CARD14,ADIPOR2,UBA5,ZNF212,TNIP3,EDEM3,NCOA4,PNPLA3,COL18A1,ACTN4,CALR,GPR68,SLC7A5,DCSTAMP,CAMK2D,DOCK8,CAMP,NRIP1,CAPN2,CAPN3,ARID1A,CASP1,GUCD1,SESN2,PLA2G6,CASP7,DTNBP1,BCAR3,ARID5B,SLC25A33,STK24,NR0B2,NCK2,CASQ2,ADTRP,HAVCR2,YBX3,RUNX2,SLC25A12,MBTPS1,URI1,TNFSF10,ADAM15,TNFRSF11A,IQGAP1,KAT2B,BTRC,UMODL1,OTULIN,PKD2L1,CCRL2,ASH2L,RNF185,MYLK3,CD6,MAPKAPK2,CD9,TRIP4,CPNE6,NHERF1,RECQL5,CD80,CD86,TP53INP1,AIM2,LY86,CD36,NR1D1,AKAP12,CD44,NCOR2,ABCG1,ZNF592,SAFB2,CD68,RAPGEF2,HDAC9,CD81,RIPOR2,HDAC4,CDA,C2CD2L,TBC1D4,GFPT2,SLC23A2,CDH1","Sputum_Paucigranulocytic"
"BP","response to nitrogen compound",1127,226,0.000234041351902161,0.0338748769466541,"ADA,NOD1,BAIAP2,NCOA2,TXNIP,KLF1,GNB5,AHCYL1,RAB31,KAT7,CHRM1,SCN11A,SLC24A4,ADORA1,CPT1A,CREB1,CRK,MTCL2,CRY2,DAG1,DAXX,DHX15,DNMT3A,ABAT,AGRP,HTR3D,EXT1,EZH2,PTK2B,FBN1,FBP1,FCER1G,SDK1,FDX1,CPEB3,NLRP1,ATF6,SIRT2,TNIK,FOXO1,LPIN1,RFTN1,FAF2,LARP1,LEPROTL1,SPIDR,FPR2,BACE1,SH3BP4,ALK,PANX1,ALPL,ABL1,FYN,SIN3A,GATA1,AMFR,SESN1,GLDC,GNAO1,GNAQ,GPD1,GPR21,GPER1,GRB10,RAPGEF1,SETD2,USP25,EEF2K,SLC2A8,ANXA1,HLCS,HRH1,HSF1,HTR3A,UBAC2,IGF1R,TICAM2,AQP1,INHBA,INSR,AQP9,IRF5,ITGA4,ITGB2,ITGB3,ITPR1,ITPR2,JAK1,MIA3,KCNE1,KCNQ1,LIPA,LRP1,LTA4H,LYN,MIR143,MAN1A1,MAX,MEF2C,ABCC1,MYO1C,NCK1,NFE2L2,NNMT,NOTCH1,NPC1,ATP2B4,OPRM1,P2RX1,P2RX4,P2RX7,P2RY2,P2RY6,RRM2B,PRKN,UBXN1,PCK2,PCNA,KLF3,PDE4B,LARS1,PDPK1,PIK3R1,PIP4K2A,BCL11A,TREM2,GNG2,SSH1,PPARG,PPP3CA,NAGK,PRKACA,NPLOC4,PRKAR1A,EDEM2,UGGT2,INAVA,PRKCA,PRKCB,PRKCD,PRKCE,PRKCZ,MAPK1,MAPK13,PDGFC,LGMN,RETN,UGGT1,MAN1C1,PELI1,AMIGO1,PTK2,ARID1B,RPTOR,PTPN1,MEAK7,TRIB3,PTPN11,PTPRE,PXN,RRAGD,RAF1,RAP1GDS1,HRH4,BCL2,BCL2L1,HCN2,SORT1,CELA2A,SCNN1A,CEACAM1,SGTA,SLC1A2,SLC1A3,SLC2A1,SLC8A1,SLC18A2,SORL1,SRC,SREBF2,BRAF,BSG,SYK,TCF12,TSPO,TNF,TOP2B,C5AR1,TYK2,UCP3,EZR,MYRF,WFS1,YWHAG,CACNB1,RNF103,EDEM3,PNPLA3,CALR,SLC7A5,CAMP,CAPN2,GUCD1,SESN2,CASP7,DTNBP1,BCAR3,SLC25A33,CASQ2,ADTRP,TNFSF10,TNFRSF11A,KAT2B,UMODL1,RNF185,CD9,NHERF1,RECQL5,CD36,NCOR2,ZNF592,CD68,RAPGEF2,HDAC9,CD81,CDA,TBC1D4,CDH1","Sputum_Paucigranulocytic"
"BP","regulation of hydrolase activity",770,159,0.000236107728219345,0.0339576709876987,"DNAJB6,RASGRP1,PLXNC1,NOD1,DLC1,VAV3,SEMA4D,GNB5,MALT1,ADAP1,CHN1,CHN2,SNX18,CHP1,PHB2,NLRP3,ARAP1,RFFL,FGD4,CRK,CRY2,CTSH,FGD5,RASGEF1B,DAP,DAPK1,EFNA5,SERPINB1,ARHGAP27,EPHB3,ESR1,EZH2,FKBP1B,NLRP1,TBC1D9B,SIPA1L3,TBC1D2B,RAP1GAP2,PLXND1,LRCH1,GRAMD4,TBC1D9,FLT1,TBC1D1,DOCK9,ARHGAP45,RABGAP1,SH3BP4,ABL1,FYN,TBC1D22A,RASGRP3,NGEF,TIAM2,CYFIP2,LAMP3,SGSM3,BIN1,GNA12,GNAQ,ANG,GPER1,RAPGEF1,ABR,ANXA1,HTT,HIP1,HSPD1,IFI16,IKBKB,AQP1,ITGA6,TBC1D10C,LRP1,LTF,LYN,SMAD3,MBP,MEF2C,MEFV,MET,ASPH,NF1,ATP2A3,P2RY6,UBXN1,PCNA,SNX9,LARS1,PDPK1,RAPGEF6,SERPINA1,PLXNA2,PPARG,PPP6R3,ASAP3,PRKCD,ADAP2,ARHGAP15,RCC2,MAP2K5,LGMN,PTK2,PREX1,NLRC4,ARHGAP22,RAF1,RALGDS,RAP1GDS1,RASGRF1,BCR,RPS6KA1,RSU1,SORT1,S100A8,S100A10,CCL13,CCL18,CCL20,CCL21,CCL22,CCL25,VSIR,CLEC7A,SOD1,SORL1,SRC,SYK,TIMP2,TIMP3,SERPING1,TNF,C5AR1,VAV2,EVI5,DOCK8,CASP1,APH1B,ARHGAP24,TBC1D10A,BCAR3,GARNL3,URI1,CRADD,TNFSF10,RGS9,ARHGEF7,GPR55,CD86,AIM2,MAP4K4,CD44,ARHGEF10,PPM1F,RALGPS1,RAPGEF2,HDAC9,RIPOR2,TBC1D5,TBC1D4,TNFSF15,CASP8AP2","Sputum_Paucigranulocytic"
"BP","positive regulation of type 2 immune response",18,10,0.000239404404406695,0.034215255885143,"NLRP3,GATA3,IL4,IL18,IDO1,PRKCZ,RARA,RSAD2,CD86,CD81","Sputum_Paucigranulocytic"
"CC","complement component C1 complex",3,3,0.000242865883375045,0.0342787846820778,"C1QA,C1QB,C1QC","Sputum_Paucigranulocytic"
"CC","complement component C1q complex",3,3,0.000242865883375045,0.0342787846820778,"C1QA,C1QB,C1QC","Sputum_Paucigranulocytic"
"BP","innate immune response-activating signaling pathway",251,57,0.000255989780756016,0.0359080973944426,"NOD1,PHB2,NLRP3,PIK3AP1,SLC15A4,CREBBP,ESR1,NLRP1,SIRT2,GRAMD4,RFTN1,FYN,HSPD1,TICAM2,IKBKB,IRAK2,SCIMP,LRCH4,LTF,LYN,MEFV,NINJ1,PDPK1,PIK3R1,PLCG2,TREM2,LGR4,NAGK,NPLOC4,INAVA,PRKCE,MAPK8,MAP2K6,PELI1,WDFY1,PTPRS,NLRC4,SEC14L1,CLEC7A,SRC,SYK,TNF,TRAF3,NLRX1,TNIP3,CLPB,CASP1,RNF135,HAVCR2,ZNRF1,TRIM15,OTULIN,RSAD2,MFHAS1,MAPKAPK2,AIM2,CD36,NR1D1","Sputum_Paucigranulocytic"
"MF","lipid binding",839,177,0.000261743874399869,0.0363659148566912,"C8orf44-SGK3,CERT1,RASGRP1,DLC1,IQGAP2,ADAP1,PLAAT3,NISCH,PACSIN2,SNX18,PHB2,ACOT7,GABARAP,NLRP3,OSBPL1A,OSBPL5,OSBPL6,OSBPL9,OSBPL10,OSBPL11,ARAP1,AP2M1,PARD3B,PDZD8,PIGU,TOM1L2,ENTHD1,VPS13B,DGKG,AP2A2,GPR183,MARK2,EPB41,CLN8,ESR1,FABP4,PHLDA1,EPN2,WDFY3,FNBP1,GGA2,ARHGAP26,ZFYVE26,PSD4,PHLDA3,PLA2G15,SGK3,FYB1,SNX33,RASGRP3,ACOT11,OSBPL3,PITPNC1,MYOF,RPS6KC1,CYTH4,CPNE7,BIN1,GPER1,SH3PXD2B,SNX24,NR3C1,ARHGAP35,RACGAP1,GSTA1,BLNK,SNX8,SNX10,PACSIN1,ANXA1,ANXA2,ANXA3,HDLBP,ANXA4,ANXA6,HIP1,ANXA11,HSD11B1,HSPD1,FFAR4,ITPR1,ITPR2,KCNQ1,GLTPD2,LTF,LYN,MAP1LC3C,MYO1E,MYO10,NF1,NGF,NINJ1,NPC1,OPA1,P2RX7,ASAP1,GLTP,PCYT1A,SNX9,ANKFY1,CHMP3,RAPGEF6,SYT17,ATP8B1,PIK3C2B,PITPNA,PLA2G4A,PLD1,TPCN1,TREM2,PLEKHA5,PPARD,PPARG,PAQR5,PXK,WIPI1,ACOXL,AXL,ADAP2,BIN3,SMURF1,SNX14,PTEN,GRAMD1B,PREX1,WDFY1,PHF12,CPNE5,DENND1A,RARA,RASA2,RBP4,RORA,RXRA,S100A8,S100A13,SELL,SH3GL1,DEPTOR,NCF1C,SPTBN1,SPTBN2,AKR1D1,STX3,TSPO,VDAC2,VDR,BAIAP2L2,RUFY1,STAM,PNPLA3,SBF2,CAMP,CAPG,PITPNM3,FERMT3,EEA1,SOAT2,RNASE7,DGKD,IQGAP1,MVB12B,PLCZ1,STARD13,SESTD1,SNX29,RCSD1,CD6,CYTH3,CYTH1,CPNE6,SYTL3,CD36,ABCG1,SH3PXD2A,RAPGEF2,CD81,GAB2,C2CD2L,FCHSD2,IQSEC1","Sputum_Paucigranulocytic"
"BP","mononuclear cell proliferation",313,66,0.000262689557580011,0.0363659148566912,"ADA,RASGRP1,BTN2A2,VAV3,GPNMB,LILRB1,MALT1,LILRB4,CLC,DOCK2,GPR183,GAPT,FKBP1B,PLCL2,IL27,ABL1,FYN,TNFRSF21,CCDC88B,ANXA1,CD209,HLA-A,HLA-DMB,HSPD1,IL4,TNFRSF9,IL18,IDO1,INPP5D,LIPA,LYN,MEF2C,MNDA,NCK1,NFATC2,P2RX7,IL23A,PPP3CA,LMBR1L,PRKAR1A,PRKCD,CRTAM,PELI1,BCL2,BCL2L1,BCL6,RPS6,VSIR,ST6GAL1,MARCHF7,SLC7A1,SLC11A1,SYK,TGFBR2,CCR2,TYK2,DOCK8,MAD1L1,NCK2,CARD11,HAVCR2,CD6,DLG5,CD80,CD86,CD81,CD151","Sputum_Paucigranulocytic"
"BP","monocyte chemotaxis",71,17,0.000266877163271124,0.0363659148566912,"ANO6,FLT1,FPR2,ANXA1,IL6R,LYN,LGMN,PTPRO,CCL13,CCL18,CCL20,CCL21,CCL22,CCL25,MSMP,CCR2,TNFRSF11A","Sputum_Paucigranulocytic"
"BP","cellular catabolic process",1584,281,0.000269420946057198,0.0363659148566912,"ADA,ADAM8,ZMPSTE24,NOD1,CPQ,MTHFS,IGF2BP2,CAMKK2,CELF1,TRAF3IP2,USP20,TLK2,TENT4A,NUDT5,NUDT3,SNX18,VPS26B,SLCO2B1,PHB2,ACOT7,GABARAP,MGLL,CLU,ABCC2,WDR81,CNP,DIS3L2,TRIM71,CPT1A,ADHFE1,PXDNL,MTCL2,STK35,VTI1A,SLFN13,CTSH,DAP,DAPK1,UBXN2A,IDO2,DLST,ABAT,ECH1,EEF1A1,ACSF3,TET3,MARK2,ERCC4,ERN1,ETFB,ETFDH,ALDH2,FAH,CCNY,PATL1,FOXK1,FHIT,CPEB3,ATG14,INPP5F,ZHX2,ATF6,SIRT2,NT5C2,WDFY3,STK38L,SAMD4A,FOXO1,TNRC6B,TAB2,LPIN1,LARP4B,ZC3H4,PACS2,MTCL1,FMO1,CLEC16A,FMO4,SMG6,VPS39,LARP1,DICER1,QPRT,ZFYVE26,ATP6V0A2,DAPK2,PLA2G15,SH3BP4,ABL1,GAA,SNX33,FBXO7,SAMHD1,ABHD12,ZBTB20,KLHL3,NUPR1,AGO1,SND1,LAMP3,AGO2,GLB1,SESN1,GLDC,CECR2,GM2A,GNS,GOT2,GPD1,ANG,TMEM150B,PNPLA1,DCPS,SETD2,GUSB,ANXA2,HBG2,HTT,HDC,HEXA,HEXB,HIF1A,HK2,HNMT,HSF1,ENPP7,IRF8,IFI16,IL4,FOXK2,IDO1,INSR,ITPR1,MTCL3,LGALS8,LIPC,RAB19,LRP1,LTA4H,ARSB,MEFV,MET,ABCC1,MAP1LC3C,NFE2L2,NPC1,ATP2A2,ATP2B4,OAT,P2RX7,PRKN,PARN,PCCA,PCK2,DERA,CRYL1,SIDT2,MRTO4,PIPOX,AIG1,PDE4B,SNX9,PDE4D,PDE8A,ATP6V1H,CHMP3,ENPP2,ENPP3,ADA2,PHKG2,ATP6V1C1,PIK3C2B,PIK3CB,PIP4K2A,PLA2G4A,PLCG2,PLD1,TPCN1,TREM2,RETREG1,TOLLIP,RBM47,PPARD,TENT5C,RNF43,AUH,STX17,NRDE2,WIPI1,VPS13D,ACOXL,NAGK,ZCCHC8,AMBRA1,PRKACA,PRKCA,PRKCD,MAPK8,LGMN,ZC3HAV1,SMURF1,SNX14,CNOT6,RPTOR,USP36,QSOX1,PTPN1,WDFY4,TRIB3,RRAGD,BCL2,UPF1,RHEB,SCOC,S100A8,ERAP2,MAP1LC3B2,BLVRA,DEPTOR,VPS33A,SLC11A1,BNIP3L,SORL1,SRC,AKR1D1,SREBF2,STK3,TSPO,TIMP2,TIMP3,TNF,TSG101,UPP1,UVRAG,CSDE1,METTL16,FTO,FYCO1,UBA5,PLBD1,PRR5L,STAM,PNPLA3,FXR1,CALR,SLC7A5,TAF15,SBF2,EPX,COLQ,SESN2,PLA2G6,ACAD11,RNASEH2C,ADTRP,MFSD2A,FBH1,YBX3,HSD17B6,CREG1,KYAT1,KAT2B,NR1I2,SGPL1,HERC1,SEC16B,ATP6V0E1,LRSAM1,ANGEL2,RNF185,MAPKAPK2,TGFBRAP1,TP53INP1,CD36,SPTLC2,ENTPD1,SEC22B,GTPBP1,FEZ2,ATG13,TBC1D5,CDA,CTIF,LRBA,XYLB,THRAP3","Sputum_Paucigranulocytic"
"BP","type II interferon production",118,29,0.000270441284764064,0.0363659148566912,"RASGRP1,LILRB1,LILRB4,ZFPM1,IL27,ABL1,GATA3,HLA-A,HSPD1,IRF8,IL18,INHBA,PDE4B,PDE4D,IL23A,CYRIB,AXL,CRTAM,RARA,VSIR,CLEC7A,SLC11A1,TNF,CCR2,TYK2,SLC7A5,HAVCR2,PGLYRP1,CD2","Sputum_Paucigranulocytic"
"BP","regulation of type II interferon production",118,29,0.000270441284764064,0.0363659148566912,"RASGRP1,LILRB1,LILRB4,ZFPM1,IL27,ABL1,GATA3,HLA-A,HSPD1,IRF8,IL18,INHBA,PDE4B,PDE4D,IL23A,CYRIB,AXL,CRTAM,RARA,VSIR,CLEC7A,SLC11A1,TNF,CCR2,TYK2,SLC7A5,HAVCR2,PGLYRP1,CD2","Sputum_Paucigranulocytic"
"BP","positive regulation of defense response",475,91,0.000270826966020833,0.0363659148566912,"ADAM8,RASGRP1,NOD1,CTSC,PHB2,NLRP3,CLNK,SH2D1B,PIK3AP1,SLC15A4,ADORA2B,CREBBP,ESR1,ETS1,FABP4,NLRP1,SIRT2,GRAMD4,RFTN1,FPR2,FYN,SIN3A,NUPR1,UBE2K,HSPD1,IFI16,TICAM2,IKBKB,IL16,IL18,IDO1,IRAK2,KARS1,SCIMP,SIGLEC16,LRCH4,LTF,LYN,MEF2C,MEFV,MNDA,ABCC1,NINJ1,NPAS2,IL23A,PDPK1,PIK3R1,PLCG2,TREM2,RBM47,LGR4,NAGK,NPLOC4,INAVA,PRKCE,MAPK8,MAPK13,MAP2K6,CRTAM,SUCNR1,PELI1,WDFY1,PTPRS,NECTIN2,NLRC4,S100A8,SEC14L1,CLEC7A,SRC,SYK,TNF,TRAF3,CCR2,XRCC5,NLRX1,TNIP3,CLPB,CASP1,RNF135,HAVCR2,ZNRF1,TNFRSF11A,TRIM15,OTULIN,LRSAM1,RNF185,RSAD2,MFHAS1,MAPKAPK2,AIM2,CD36,NR1D1,CD81","Sputum_Paucigranulocytic"
"CC","endosome",1043,215,0.000275574968629122,0.0363659148566912,"C8orf44-SGK3,ABCC5,WASF2,STX6,AP3S2,ZMPSTE24,NDRG1,TAB1,GPNMB,TGOLN2,EHD1,RAB31,NISCH,PACSIN2,SNX18,VPS26B,SLC46A1,OSBPL1A,OSBPL6,OSBPL9,OSBPL11,MARCHF3,WDFY2,AP2M1,RFFL,CLCN6,TMEM45B,SLC15A4,WDR81,VTI1A,TOM1L2,ENTHD1,CTSB,CTSH,FGD5,RASGEF1B,VPS13B,AP2A2,AP2B1,DYNC1LI2,SERPINB1,EPHB1,MARCHF8,LMTK2,INPP5F,EPN2,TNIK,GGA2,TBC1D2B,TAB2,ATP10B,RFTN1,FLT1,RHOBTB2,ATP11A,CLEC16A,MGRN1,VPS39,VPS8,PIP5K1C,GPR161,LEPROTL1,ZFYVE26,ATP6V0A2,BACE1,PLD3,SGK3,FYN,PARM1,CNTNAP2,GAPVD1,BLOC1S6,RPS6KC1,LAMP3,TRAPPC3,BIN1,TMEM150B,SLC9A9,GPER1,RAPGEF1,SNX8,SNX10,PACSIN1,ANXA1,ANXA2,HTT,HFE,ANXA6,HLA-A,HLA-DMB,HLA-DQA2,HLA-DRA,MR1,APBB2,HSPD1,FFAR4,RD3,TICAM2,INPP4A,INPP5B,INSR,IRAK2,JAK1,ATP9B,KCNQ1,LRP1,LTF,STS,NGF,NPC1,OPRM1,ATP6V0A4,ABHD17B,MARCHF2,ANKFY1,ATP6V1H,CHMP3,RAB8B,PI4KB,PLD1,TPCN1,TOLLIP,NDFIP2,PXK,WIPI1,TRAPPC14,VPS53,GIMAP5,PI4K2A,CARMIL1,SLC39A4,VAC14,PRKAR1A,PRKCD,PRKCZ,RCC2,MAPK1,MAP2K1,LGMN,SPPL2B,ANKRD50,SNX14,BIRC6,SORCS2,WDFY1,PTPN1,WDFY4,RAB27A,RAC1,SCOC,CLIP1,SORT1,KIF13A,TRAPPC2,RAB17,ITSN1,SH3GL1,SLA,VPS33A,SLC5A1,SLC11A1,TRAK2,SORL1,SPAST,SRC,DENND2B,BSG,TRAPPC10,TNF,TRAF3,TSG101,UBE2D3,UVRAG,EZR,LDLRAD4,FYCO1,MCTP1,RIN3,SYNDIG1,SLC66A2,RAB11FIP1,RUFY1,STAM,CUBN,DCSTAMP,VOPP1,SBF2,APH1B,TRAPPC9,DTNBP1,EEA1,ANTXR1,CCDC115,HPS3,RAB11FIP4,HAVCR2,ZNRF1,HSD17B6,AOC3,CREG1,NRP1,MVB12B,ATP6V0E1,ARRDC4,RCSD1,DNER,CPNE6,TGFBRAP1,CYTIP,ABCG1,CD68,RAPGEF2,TM9SF4,TBC1D5,KIAA0319,FCHSD2,FIG4,RABGAP1L,DOP1B,CDH1","Sputum_Paucigranulocytic"
"BP","autophagy",575,122,0.00027858855920826,0.0363659148566912,"ZMPSTE24,NOD1,CAMKK2,USP20,TLK2,SNX18,VPS26B,PHB2,GABARAP,CLU,WDR81,MTCL2,STK35,VTI1A,DAP,DAPK1,UBXN2A,EEF1A1,MARK2,ERCC4,ERN1,CCNY,FOXK1,ATG14,ATF6,SIRT2,WDFY3,STK38L,FOXO1,TAB2,PACS2,MTCL1,CLEC16A,VPS39,LARP1,ZFYVE26,ATP6V0A2,DAPK2,SH3BP4,ABL1,GAA,FBXO7,KLHL3,NUPR1,LAMP3,SESN1,TMEM150B,SETD2,HTT,HIF1A,HK2,IRF8,IFI16,IL4,FOXK2,ITPR1,MTCL3,LGALS8,RAB19,ARSB,MEFV,MET,MAP1LC3C,NPC1,ATP2A2,PRKN,ATP6V1H,CHMP3,ATP6V1C1,PIK3C2B,PIK3CB,PIP4K2A,TPCN1,TREM2,RETREG1,TOLLIP,STX17,WIPI1,VPS13D,AMBRA1,PRKACA,MAPK8,SMURF1,SNX14,RPTOR,USP36,QSOX1,WDFY4,TRIB3,RRAGD,BCL2,RHEB,SCOC,S100A8,MAP1LC3B2,DEPTOR,VPS33A,BNIP3L,SRC,SREBF2,STK3,TSPO,TSG101,UVRAG,FYCO1,UBA5,STAM,CALR,SLC7A5,SBF2,SESN2,CREG1,HERC1,SEC16B,ATP6V0E1,LRSAM1,RNF185,TGFBRAP1,TP53INP1,SPTLC2,SEC22B,FEZ2,ATG13,TBC1D5,LRBA","Sputum_Paucigranulocytic"
"BP","process utilizing autophagic mechanism",575,122,0.00027858855920826,0.0363659148566912,"ZMPSTE24,NOD1,CAMKK2,USP20,TLK2,SNX18,VPS26B,PHB2,GABARAP,CLU,WDR81,MTCL2,STK35,VTI1A,DAP,DAPK1,UBXN2A,EEF1A1,MARK2,ERCC4,ERN1,CCNY,FOXK1,ATG14,ATF6,SIRT2,WDFY3,STK38L,FOXO1,TAB2,PACS2,MTCL1,CLEC16A,VPS39,LARP1,ZFYVE26,ATP6V0A2,DAPK2,SH3BP4,ABL1,GAA,FBXO7,KLHL3,NUPR1,LAMP3,SESN1,TMEM150B,SETD2,HTT,HIF1A,HK2,IRF8,IFI16,IL4,FOXK2,ITPR1,MTCL3,LGALS8,RAB19,ARSB,MEFV,MET,MAP1LC3C,NPC1,ATP2A2,PRKN,ATP6V1H,CHMP3,ATP6V1C1,PIK3C2B,PIK3CB,PIP4K2A,TPCN1,TREM2,RETREG1,TOLLIP,STX17,WIPI1,VPS13D,AMBRA1,PRKACA,MAPK8,SMURF1,SNX14,RPTOR,USP36,QSOX1,WDFY4,TRIB3,RRAGD,BCL2,RHEB,SCOC,S100A8,MAP1LC3B2,DEPTOR,VPS33A,BNIP3L,SRC,SREBF2,STK3,TSPO,TSG101,UVRAG,FYCO1,UBA5,STAM,CALR,SLC7A5,SBF2,SESN2,CREG1,HERC1,SEC16B,ATP6V0E1,LRSAM1,RNF185,TGFBRAP1,TP53INP1,SPTLC2,SEC22B,FEZ2,ATG13,TBC1D5,LRBA","Sputum_Paucigranulocytic"
"MF","GTPase regulator activity",479,127,0.000279680597540772,0.0363659148566912,"SH2D3C,RASGRP1,FAM13A,DLC1,CDC42EP2,VAV3,RGS14,GNB5,IQGAP2,ADAP1,AKAP13,CHN1,CHN2,ARAP1,FGD4,FGD5,RASGEF1B,DOCK1,DOCK2,EGF,ARHGAP27,SPATA13,RASA3,DENND3,TBC1D9B,SWAP70,ARHGAP26,SIPA1L3,MCF2L2,TBC1D2B,RAP1GAP2,TBC1D9,TBC1D1,DOCK9,PSD3,ARHGEF18,ARHGAP45,PSD4,RABGAP1,SH3BP4,TBC1D22A,RASGRP3,NGEF,PLEKHG3,GAPVD1,TIAM2,FBXO8,ARFGAP3,CYTH4,SGSM3,GNAQ,RAPGEF1,ABR,ARHGAP35,RACGAP1,TBC1D10C,RHOH,ARRB1,IQSEC3,MYO9A,MYO9B,NF1,ITSN2,ARHGEF3,ASAP1,LARS1,RAPGEF6,ERRFI1,RIN2,ARHGEF10L,RIC8B,PLEKHG6,ASAP3,DEPDC1B,ADAP2,ARHGAP15,RCC2,DENND11,ARHGAP31,PREX1,DENND1A,ARHGAP22,RALGDS,RAP1GDS1,RASA2,RASGRF1,RGS3,RGS12,BCR,ARHGEF28,ITSN1,DENND2B,TBCD,TRIO,VAV2,EVI5,ARHGAP10,RIN3,DENND2D,DOCK5,DOCK8,SBF2,ARHGAP24,SESN2,TBC1D10A,BCAR3,GARNL3,RGS9,IQGAP1,NRP1,SYNGAP1,ASAP2,ARHGEF7,HERC1,HPS4,STARD13,CYTH3,CYTH1,ARHGEF10,RALGPS1,RAPGEF2,DOCK4,TBC1D5,ELMO1,FARP2,TBC1D4,RABGAP1L,IQSEC1","Sputum_Paucigranulocytic"
"MF","nucleoside-triphosphatase regulator activity",479,127,0.000279680597540772,0.0363659148566912,"SH2D3C,RASGRP1,FAM13A,DLC1,CDC42EP2,VAV3,RGS14,GNB5,IQGAP2,ADAP1,AKAP13,CHN1,CHN2,ARAP1,FGD4,FGD5,RASGEF1B,DOCK1,DOCK2,EGF,ARHGAP27,SPATA13,RASA3,DENND3,TBC1D9B,SWAP70,ARHGAP26,SIPA1L3,MCF2L2,TBC1D2B,RAP1GAP2,TBC1D9,TBC1D1,DOCK9,PSD3,ARHGEF18,ARHGAP45,PSD4,RABGAP1,SH3BP4,TBC1D22A,RASGRP3,NGEF,PLEKHG3,GAPVD1,TIAM2,FBXO8,ARFGAP3,CYTH4,SGSM3,GNAQ,RAPGEF1,ABR,ARHGAP35,RACGAP1,TBC1D10C,RHOH,ARRB1,IQSEC3,MYO9A,MYO9B,NF1,ITSN2,ARHGEF3,ASAP1,LARS1,RAPGEF6,ERRFI1,RIN2,ARHGEF10L,RIC8B,PLEKHG6,ASAP3,DEPDC1B,ADAP2,ARHGAP15,RCC2,DENND11,ARHGAP31,PREX1,DENND1A,ARHGAP22,RALGDS,RAP1GDS1,RASA2,RASGRF1,RGS3,RGS12,BCR,ARHGEF28,ITSN1,DENND2B,TBCD,TRIO,VAV2,EVI5,ARHGAP10,RIN3,DENND2D,DOCK5,DOCK8,SBF2,ARHGAP24,SESN2,TBC1D10A,BCAR3,GARNL3,RGS9,IQGAP1,NRP1,SYNGAP1,ASAP2,ARHGEF7,HERC1,HPS4,STARD13,CYTH3,CYTH1,ARHGEF10,RALGPS1,RAPGEF2,DOCK4,TBC1D5,ELMO1,FARP2,TBC1D4,RABGAP1L,IQSEC1","Sputum_Paucigranulocytic"
"BP","regulation of myeloid leukocyte differentiation",124,35,0.000280057872730196,0.0363659148566912,"CDK6,PIAS3,LILRB1,LILRB4,CREB1,ZFPM1,TMEM64,FBN1,FOXP1,HCLS1,HSF1,IL4,INHBA,INPP5D,LTF,LYN,MITF,NEDD9,NF1,NOTCH2,IL23A,PIK3R1,TREM2,TESC,PPP3CA,PRKCA,CTNNBIP1,RPTOR,RARA,CEACAM1,TNF,C1QC,GPR68,DCSTAMP,UBASH3B,RUNX1,GPR55","Sputum_Paucigranulocytic"
"BP","regulation of leukocyte migration",227,52,0.000283760306360178,0.0366373250098221,"ADA,ADAM8,ADAM10,CCR6,CMKLR1,ADORA1,CRK,CYP19A1,ANO6,PTK2B,SWAP70,LRCH1,FPR2,DAPK2,ABL1,STK39,ANXA1,IL4,IL6R,ITGA4,ITGB3,MIA3,LYN,NEDD9,NF1,P2RX4,IL23A,PIK3R1,TREM2,MAPK1,LGMN,CAMK1D,PTK2,RAC1,BCR,CCL20,CCL21,CCL25,TNF,C5,C5AR1,CCR2,RIN3,SLC8B1,CALR,DOCK8,CD99L2,ADTRP,MCU,CD9,CD81,RIPOR2","Sputum_Paucigranulocytic"
"CC","vesicle membrane",1224,247,0.000288675954096986,0.0369343690689326,"ABCC5,ADAM8,LHFPL2,ADAM10,STX6,AP3S2,ABCC4,ZMPSTE24,CACNG3,NDRG1,TAB1,GPNMB,TGOLN2,GIPC1,IQGAP2,EHD1,CKAP4,RAB31,PACSIN2,SNX18,SLC46A1,EXOC3,OSBPL6,OSBPL9,OSBPL11,MARCHF3,AP2M1,RFFL,BORCS5,CLCN6,TMEM45B,SLC15A4,SPPL3,WDR81,COPA,CPE,VTI1A,TMEM190,DCST1,CNIH3,ENTHD1,NFAM1,VPS13B,AP2A2,AP2B1,CLEC4C,DSC1,EGF,ANO6,SPRED2,EPHB1,FCER1G,MARCHF8,ADGRG3,COPG1,INPP5F,EPN2,CD93,SV2C,GGA2,KIF1B,TAB2,ATP10B,SEPTIN8,RHOBTB2,ATP11A,CLEC16A,DMXL2,VPS39,UBR4,ZDHHC17,PIP5K1C,TMED3,GPR161,ATP6V0A2,FPR2,BACE1,PLD3,GAA,SNX33,PARM1,SEC31B,MYOF,B4GALT1,LAMP3,SIGLEC9,BIN1,TMEM150B,SLC9A9,GPER1,SNX24,SNX8,SNX10,DSE,SLC2A8,PACSIN1,SH3KBP1,ANXA1,ANXA2,ANXA3,HTT,ANXA4,ANXA6,HIP1,HLA-A,HLA-DMB,HLA-DQA2,HLA-DRA,MR1,APLP2,FFAR4,SYCN,IFNGR2,TICAM2,INPP4A,INPP5B,AQP7,INSR,IRAK2,ITGAL,ITGAM,ITGB2,ITGB3,ITPR1,ITPR2,TBC1D10C,KCNQ1,LRP1,LYN,ARRB1,MAP6,MYO1C,NCK1,NPC1,P2RX1,ATP6V0A4,ABHD17B,MARCHF2,SNX9,ANKFY1,ATP6V1H,CHMP3,RAB8B,ATP6V1C1,PLD1,TPCN1,NDFIP2,PXK,STX17,WIPI1,VPS53,GIMAP5,PI4K2A,SLC39A4,RAB20,VAC14,NECAP2,RCC2,SPIRE1,SPPL2B,SNX14,SORCS2,DENND1A,PTPRJ,PTPRN2,PTPRS,RAB27A,RAC1,BCL2L1,CLIP1,SORT1,CEACAM1,KIF13A,SELL,RAB17,MMP25,SH3GL1,VPS33A,SLC2A5,SLC11A1,SLC18A2,SNTB2,SORL1,SPARC,SREBF2,STX3,STX5,BSG,SYN2,TGFA,TSG101,C5AR1,UBE2D3,WFS1,WNT3,LDLRAD4,ASPSCR1,MCTP1,LPCAT1,ATP8B4,SYNDIG1,BAIAP2L2,RAB11FIP1,RUFY1,STAM,CALR,DCSTAMP,VOPP1,TSPAN14,CAMK2D,CAMK2G,SBF2,SYN3,APH1B,DTNBP1,EEA1,ANTXR1,NCK2,CYSTM1,RAB11FIP4,SPIRE2,ZNRF1,KCNAB2,STON2,DEGS1,HSD17B6,MARCO,DGAT1,IQGAP1,SYNJ1,MVB12B,SEC16B,ATP6V0E1,MCFD2,DGKI,CD9,CD163,OTOF,CD36,SLC4A8,RPH3AL,SEC22B,CD44,CD53,CD59,CD68,PHACTR2,ADGRE5,TBC1D5,KIAA0319,FIG4,DOP1B","Sputum_Paucigranulocytic"
"CC","vacuole",838,166,0.000289311639423957,0.0369343690689326,"ADA,ADAM8,RAMP2,CPQ,CAP1,CTSC,CKAP4,PLAAT3,SLC2A6,GABARAP,MARCHF3,CLNK,AP2M1,BORCS5,CLCN6,SLC36A4,TMEM45B,SLC15A4,WDR81,RNF19B,VTI1A,VCAN,NFAM1,CTSB,CTSH,CTSZ,VPS13B,AP2A2,AP2B1,DYNC1H1,EEF1A1,EGF,SERPINB1,MARCHF8,ATG14,ARSG,WDFY3,FNBP1,TAB2,ATP10B,FAF2,ATP11A,CLEC16A,VPS39,ABCB9,ZFYVE26,ARHGAP45,ATP6V0A2,HEBP2,DAPK2,BACE1,PLD3,PLA2G15,GAA,RPS6KC1,B4GALT1,LAMP3,GLB1,GM2A,GNAQ,GNS,TMEM150B,SLC36A3,GUSB,GYG1,SLC2A8,ANXA2,HTT,HEXA,HEXB,ANXA6,HLA-DMB,ANXA11,HLA-DQA2,HLA-DRA,HSPG2,FFAR4,INSR,KCNE1,KCNQ1,KIF5B,LIPA,LRP1,LYN,ARRB1,ARSB,STS,MEFV,MITF,MNDA,MAP1LC3C,NCF2,NPC1,P2RX4,ATP6V0A4,SIDT2,MARCHF2,PDE1C,ANKFY1,LARS1,ATP6V1H,CHMP3,WWOX,ADA2,ATP6V1C1,ACP2,PIP4K2A,TM6SF1,PLD1,TPCN1,ACP5,TOLLIP,SLC66A1,STX17,WIPI1,CPPED1,GIMAP5,PI4K2A,AMBRA1,VAC14,PRKCD,MAPK1,LRRC8A,LGMN,RETN,SPPL2B,PLAAT1,SNX14,RPTOR,FNIP2,MEAK7,RRAGD,RAB27A,PGAP6,RHEB,SORT1,TINAGL1,MAP1LC3B2,DEPTOR,VPS33A,SLC11A1,SRC,STX3,BORCS8,USP4,UVRAG,AHNAK,FYCO1,PLBD1,LPCAT1,CUBN,NCOA4,CALR,SLC7A5,VOPP1,ITM2C,SBF2,CAPN2,SESN2,CCDC115,ZNRF1,CREG1,HPS4,ATP6V0E1,TP53INP1,SDC3,CD68,TBC1D5,LRBA","Sputum_Paucigranulocytic"
"BP","leukocyte apoptotic process",120,33,0.000296575797480616,0.037647393142842,"ADA,ADAM8,MERTK,TRAF3IP2,LILRB1,CLC,PTCRA,FOXP1,TNFRSF21,ANXA1,HCLS1,HIF1A,IDO1,ITPKB,LIPA,LYN,MEF2C,NF1,P2RX7,PIK3CB,PIK3CD,LMBR1L,AXL,BCL2,BCL2L1,BCL6,RPS6,CCL21,ST6GAL1,ST3GAL1,DOCK8,CASP7,RAPGEF2","Sputum_Paucigranulocytic"
"BP","positive regulation of innate immune response",339,71,0.000298210295973929,0.037647393142842,"ADAM8,RASGRP1,NOD1,PHB2,NLRP3,CLNK,SH2D1B,PIK3AP1,SLC15A4,CREBBP,ESR1,NLRP1,SIRT2,GRAMD4,RFTN1,FPR2,FYN,SIN3A,UBE2K,HSPD1,IFI16,TICAM2,IKBKB,IRAK2,SCIMP,LRCH4,LTF,LYN,MEFV,MNDA,NINJ1,PDPK1,PIK3R1,PLCG2,TREM2,RBM47,LGR4,NAGK,NPLOC4,INAVA,PRKCE,MAPK8,MAP2K6,CRTAM,PELI1,WDFY1,PTPRS,NECTIN2,NLRC4,SEC14L1,CLEC7A,SRC,SYK,TNF,TRAF3,XRCC5,NLRX1,TNIP3,CLPB,CASP1,RNF135,HAVCR2,ZNRF1,TRIM15,OTULIN,RNF185,RSAD2,MFHAS1,MAPKAPK2,AIM2,CD36,NR1D1","Sputum_Paucigranulocytic"
"BP","regulation of leukocyte mediated immunity",246,53,0.000323604381808855,0.0406275468078698,"MICA,RASGRP1,LILRB1,MALT1,LILRB4,NLRP3,CLNK,SH2D1B,CLC,SLC15A4,ADORA2B,CRK,PIK3R6,FCER2,FGR,ZBTB1,GATA1,GATA3,HFE,HLA-A,HLA-DRA,MR1,HSPD1,TICAM2,IL4,IL18,ITGAM,ITGB2,SCIMP,LYN,P2RX7,IL23A,CYRIB,PDPK1,PLCG2,TREM2,SUSD4,PRKCZ,CRTAM,DUSP22,HMCES,NECTIN2,BCL6,BCR,CEACAM1,CLEC7A,SYK,TNF,CCR2,HAVCR2,RSAD2,CD80,CD81,GAB2","Sputum_Paucigranulocytic"
"BP","intestinal absorption",41,15,0.000328266641400253,0.0409864349405459,"LPCAT3,SLC46A1,EPB41,ENPP7,KCNQ1,ACO1,NPC1,LIMA1,SLC2A5,SLC5A1,UGCG,VDR,EZR,SOAT2,CD36","Sputum_Paucigranulocytic"
"BP","membrane organization",807,168,0.000340745495767486,0.0421551804368614,"CERT1,LPCAT3,STX6,AP3S2,GPHN,ZMPSTE24,EMC8,NDRG1,VAV3,BAIAP2,EXOC5,IMMT,RAB31,PLAAT3,PACSIN2,SNX18,CHP1,EXOC3,OSBPL5,AP2M1,CLU,CNP,SCLT1,VTI1A,DCST1,PRELID2,UBXN2A,DNM1,DOCK1,DOCK2,ANO6,TSNARE1,CLN8,EYA2,AAK1,TRAPPC8,SIRT2,TMCC1,EMC1,ATP10B,EPB41L3,LPIN1,SEPTIN8,RFTN1,EXOC6B,ATP11A,VPS39,VPS8,PIP5K1C,TRAM1,SNX33,SEC31B,CNTNAP2,ERC2,PITPNC1,BLOC1S6,ARFGAP3,MYOF,ATP2C1,TRAPPC3,TOR1B,BIN1,GPER1,PACSIN1,ANXA1,ANXA2,KCNIP2,ANXA6,HK2,RTP2,ITGAM,ITGB2,ATP9B,ARF1,MIA3,GLTPD2,LMNA,CHCHD10,LRCH4,MBP,ABCC1,NPC1,ATP2A2,OPA1,P2RX7,PRKN,ASAP1,GLTP,SNX9,ANKFY1,CHMP3,RAB8B,ATP8B1,PIP4K2A,PITPNA,PLCG2,TREM2,SSH1,CHCHD3,STX17,TMEM33,RAB20,PRKCA,PRKCB,PRKCD,EMC3,BIN3,MAPK8,SPIRE1,PARP11,ADCK1,SMURF1,ATP10A,PTEN,GRAMD1B,HACE1,NECTIN2,RAC1,BCL2,BCL2L1,S100A10,TRAPPC2,ATL2,SGTA,VPS33A,SOD1,BNIP3L,SPAST,SPTBN1,STX3,STX5,TSPO,TRAPPC10,TSG101,UGCG,UVRAG,VDAC2,MYRF,AHNAK,TMEM43,NOX5,SH3TC2,ATP8B4,BAIAP2L2,SLC66A2,STAM,DCSTAMP,COLQ,PITPNM3,TRAPPC9,CASP7,EEA1,SPIRE2,MFSD2A,DEGS1,MARCO,NAPA,TMEM11,SYNJ1,SEC16B,CD2,CD9,NHERF1,OTOF,TGFBRAP1,CD36,SEC22B,ABCG1,NUP93,ELMO1,C2CD2L,FCHSD2,TBC1D4","Sputum_Paucigranulocytic"
"BP","positive regulation of T cell differentiation",116,35,0.000341337493415882,0.0421551804368614,"ADA,ADAM8,RASGRP1,BTN2A2,MALT1,LILRB4,NLRP3,PIK3R6,ZBTB1,GATA3,ANXA1,HLA-DRA,IL4,IL18,ITPKB,RHOH,IL23A,AMBRA1,PRKCZ,ZMIZ1,ARID1B,RARA,BCL6,VSIR,SMARCA2,SMARCD2,SYK,TGFBR2,ZBTB16,ARID1A,RUNX1,CBFB,CD80,CD86,TESPA1","Sputum_Paucigranulocytic"
"BP","regulation of cell-cell adhesion",490,108,0.00034840544180513,0.0427954878896205,"ADA,ADAM8,RASGRP1,BTN2A2,GPNMB,LILRB1,MALT1,LILRB4,NLRP3,PIK3R6,EFNA5,EFNB2,EPHB3,ETS1,ZBTB1,SWAP70,FCHO1,ALOX5,ABL1,FYN,GATA3,MDGA1,TNFRSF21,CCDC88B,ANXA1,HFE,CD209,HLA-A,HLA-DMB,HLA-DQA2,HLA-DRA,HSPD1,IL4,IL18,IDO1,ITGA4,ITGB2,ITPKB,JAK1,MIA3,MFSD2B,RHOH,LYN,MBP,MYO10,NCK1,NOTCH1,NOTCH4,MINK1,IL23A,CYRIB,PDPK1,PPP3CA,AMBRA1,PRKAR1A,PRKCA,PRKCD,PAG1,PRKCZ,MAP2K5,CRTAM,DUSP22,PELI1,ZMIZ1,PTK2,ARID1B,PTPN11,RARA,BCL6,CELA2A,CEACAM1,CCL21,CCL25,VSIR,MARCHF7,SLC7A1,SMARCA2,SMARCD2,SRC,SYK,TGFBR2,TNF,CCR2,TYK2,YES1,ZBTB16,DOCK8,ARID1A,FERMT3,MAD1L1,NCK2,CARD11,ADTRP,HAVCR2,UBASH3B,RUNX1,PLPP3,CBFB,CD6,DLG5,CD9,CD80,CD86,CD44,PPM1F,CD81,RIPOR2,TESPA1,CDH1","Sputum_Paucigranulocytic"
"BP","positive regulation of transport",890,184,0.000353821598321278,0.0430566577047608,"SAE1,ADAM8,LPCAT3,ARIH2,MERTK,AHCYL1,EHD1,RAB31,CHP1,CHRM1,C1QTNF3,AP2M1,BORCS5,CLU,ADORA1,ADORA2B,CREB1,CYP19A1,CNST,DYNC1H1,DOCK2,ABAT,EGF,ANO6,FCER1G,FGR,MTCL1,SYNE1,FPR2,ABL1,FYN,GABBR1,MYRIP,ERC2,GATA1,ATP2C1,STK39,BIN1,ANG,ANGPT1,GPER1,ILDR1,EEF2K,ANXA1,ANXA2,HCLS1,HTT,HFE,KCNIP2,HIF1A,HIP1,APBB1,FFAR4,ENPP7,IL4,AQP1,INHBA,INSR,ITGAM,ITGB2,ITPR1,KCNE1,STIMATE,KCNH2,KCNMB1,KCNQ1,KIF5B,CHCHD10,LRP1,MIR199B,ARRB1,SMAD3,MYH10,MYO1C,NFE2L2,P2RX1,P2RX4,P2RX7,P2RY2,P2RY6,PRKN,PCK2,UBR5,TRPV2,ANKFY1,PDPK1,ACSL5,RAB8B,PIK3R1,PLA2G4A,PLCG2,TREM2,PPARG,AHI1,TMEM132A,TESC,NRDE2,PPP3CA,LYAR,PRKACA,FRMD4A,PRKAR1A,EDEM2,PRKCB,AXL,PRKCD,PRKCE,PRKCZ,DMAP1,MAPK8,MAP2K6,LRRC8A,RETN,MFF,CAMK1D,AMIGO1,USP36,STIM2,PTPN11,PTPRJ,RAB27A,RBP4,BCR,RXRA,S100A8,S100A10,CCL21,BLK,SGK1,CLEC7A,SLC1A2,NADK,SLC11A1,AACS,SOD1,SORL1,SRC,SREBF2,BRAF,STAC,STIM1,SYK,TCF7L2,TFR2,TGFB3,TSPO,TNF,TSG101,EIPR1,CCR2,UBE2D3,EZR,WFS1,PRR5L,STAM,EEPD1,ACTN4,CALR,GPR68,SLC7A5,SLC38A1,CAPN3,PLA2G6,DTNBP1,NR0B2,CRACR2A,ORAI1,DGKD,MYOM1,TNFRSF11A,HPS4,SEC16B,MCU,NHERF1,CD36,SLC4A8,RPH3AL,ABCG1,NOS1AP,CD81,CD151,ATG13,TM9SF4,TBC1D5,GAB2,C2CD2L,CDH1","Sputum_Paucigranulocytic"
"CC","tertiary granule",164,38,0.000354321201847838,0.0430566577047608,"ADAM8,ADAM10,OSCAR,CTSH,AP2A2,CLEC4C,DSC1,ANO6,FCER1G,CD93,ATP11A,UBR4,FPR2,GAA,ARMC8,ITGAM,ITGB2,TBC1D10C,LTA4H,LTF,PGM1,PLD1,PPBP,QSOX1,PTPRN2,RAC1,CEACAM1,SLC11A1,SPTAN1,TIMP2,ATP8B4,TSPAN14,CAMP,CYSTM1,KCNAB2,PGLYRP1,CD53,CD59,CDA","Sputum_Paucigranulocytic"
"BP","regulation of cell adhesion",798,177,0.000361056350548349,0.0436417261162802,"ADA,ADAM8,RASGRP1,PLXNC1,ADAM10,CDK6,BTN2A2,DLC1,VAV3,GPNMB,SEMA4D,AGR2,LILRB1,MALT1,LILRB4,NLRP3,COL26A1,CRK,PIK3R6,DAB1,DAG1,DOCK1,EFNA5,EFNB2,EPHB3,ETS1,PTK2B,ZBTB1,SWAP70,PLXND1,FCHO1,MACF1,ALOX5,ABL1,FYN,GATA3,MDGA1,DISC1,TNFRSF21,CCDC88B,ANGPT1,ANGPT2,ANXA1,HFE,CD209,HLA-A,HLA-DMB,HLA-DQA2,HLA-DRA,HSPD1,HSPG2,IL4,IL18,IDO1,ITGA6,ITGA4,ITGA5,ITGB2,ITGB3,ITPKB,JAK1,MIA3,MFSD2B,RHOH,LMO7,LYN,SMAD3,MBP,ZFHX3,MYO10,NCK1,NEDD9,NF1,NID1,NOTCH1,NOTCH4,MINK1,HSD17B12,IL23A,CYRIB,PDPK1,PIK3CB,PIK3R1,PLXNA2,RIN2,APBB1IP,TESC,PPP3CA,CARMIL1,FERMT1,AMBRA1,PRKAR1A,PRKCA,PRKCD,PRKCE,PAG1,PRKCZ,RCC2,MAP2K5,CRTAM,DUSP22,CASS4,PELI1,ZMIZ1,PTEN,PTK2,ARID1B,SEMA6A,PREX1,PTPN11,PTPRJ,PTPRO,RAC1,RARA,BCL2,BCL6,RREB1,RSU1,S100A10,CELA2A,CEACAM1,CCL21,CCL25,VSIR,ST6GAL1,MARCHF7,SLC7A1,SMARCA2,SMARCD2,SRC,BRAF,STK4,STX3,SYK,TBCD,TGFBR2,TNF,CCR2,TYK2,UTRN,VCL,YES1,ZBTB16,PEAK1,DOCK5,ACTN4,CALR,DOCK8,ARID1A,FERMT3,MAD1L1,NCK2,CARD11,ADTRP,HAVCR2,UBASH3B,RUNX1,PLPP3,CBFB,ADAM15,NRP1,ARHGEF7,PHLDB2,CD6,DLG5,CYTH3,CYTH1,CD9,ACVRL1,CD80,CD86,MAP4K4,CD36,CYTIP,CD44,PPM1F,CD81,RIPOR2,TESPA1,CDH1","Sputum_Paucigranulocytic"
"BP","lymphocyte proliferation",306,64,0.000370670018330264,0.0445666957488726,"ADA,RASGRP1,BTN2A2,VAV3,GPNMB,LILRB1,MALT1,LILRB4,CLC,DOCK2,GPR183,GAPT,FKBP1B,PLCL2,IL27,ABL1,FYN,TNFRSF21,CCDC88B,ANXA1,CD209,HLA-A,HLA-DMB,HSPD1,IL4,TNFRSF9,IL18,IDO1,INPP5D,LIPA,LYN,MEF2C,MNDA,NCK1,NFATC2,P2RX7,IL23A,PPP3CA,LMBR1L,PRKAR1A,PRKCD,CRTAM,PELI1,BCL2,BCL6,RPS6,VSIR,MARCHF7,SLC7A1,SLC11A1,SYK,TGFBR2,CCR2,TYK2,DOCK8,MAD1L1,NCK2,CARD11,HAVCR2,CD6,DLG5,CD80,CD86,CD81,CD151","Sputum_Paucigranulocytic"
"BP","Fc-gamma receptor signaling pathway",33,16,0.000389335047190907,0.0465644716440325,"VAV3,FCER1G,FGR,ABL1,FYN,LIMK1,LYN,PRKCD,PRKCE,PTK2,PTPRJ,SRC,SYK,VAV2,YES1,PLA2G6","Sputum_Paucigranulocytic"
"BP","positive regulation of lymphocyte differentiation",129,38,0.000408988051588528,0.0484536310489945,"ADA,ADAM8,RASGRP1,BTN2A2,MALT1,LILRB4,NLRP3,PIK3R6,ZBTB1,GATA3,ANXA1,HLA-DRA,IL4,IL18,INPP5D,ITPKB,RHOH,IL23A,AMBRA1,AXL,PRKCZ,ZMIZ1,ARID1B,RARA,BCL6,VSIR,SMARCA2,SMARCD2,SYK,TGFBR2,ZBTB16,ARID1A,RUNX1,CBFB,CD80,CD86,TOX,TESPA1","Sputum_Paucigranulocytic"
"BP","positive regulation of leukocyte migration",146,36,0.000410060749294115,0.0484536310489945,"ADAM8,ADAM10,CCR6,CMKLR1,ANO6,PTK2B,SWAP70,FPR2,DAPK2,ABL1,STK39,IL4,IL6R,ITGA4,ITGB3,MIA3,NEDD9,P2RX4,IL23A,PIK3R1,TREM2,MAPK1,LGMN,CAMK1D,PTK2,RAC1,CCL20,CCL21,TNF,C5AR1,CCR2,CALR,DOCK8,CD99L2,MCU,RIPOR2","Sputum_Paucigranulocytic"
"BP","positive regulation of type II interferon production",77,22,0.000411527494827316,0.0484536310489945,"RASGRP1,LILRB1,ZFPM1,IL27,ABL1,HLA-A,HSPD1,IRF8,IL18,PDE4B,PDE4D,IL23A,CYRIB,CRTAM,CLEC7A,SLC11A1,TNF,CCR2,TYK2,SLC7A5,HAVCR2,CD2","Sputum_Paucigranulocytic"
"BP","pattern recognition receptor signaling pathway",233,53,0.000421639158895417,0.0490510034597301,"NOD1,PHB2,NLRP3,PIK3AP1,SLC15A4,ESR1,NLRP1,SIRT2,GRAMD4,RFTN1,HSPD1,TICAM2,IKBKB,IRAK2,SCIMP,LRCH4,LTF,LYN,MEFV,NINJ1,PDPK1,PIK3R1,PLCG2,TREM2,LGR4,NAGK,NPLOC4,INAVA,PRKCE,MAPK8,MAP2K6,PELI1,WDFY1,PTPRS,NLRC4,SEC14L1,SRC,TNF,TRAF3,NLRX1,TNIP3,CLPB,CASP1,RNF135,HAVCR2,ZNRF1,TRIM15,OTULIN,RSAD2,MFHAS1,MAPKAPK2,AIM2,CD36,NR1D1","Sputum_Paucigranulocytic"
"BP","regulation of osteoclast differentiation",69,21,0.000422376877881016,0.0490510034597301,"PIAS3,LILRB1,LILRB4,CREB1,TMEM64,FBN1,IL4,INPP5D,LTF,MITF,NEDD9,NF1,NOTCH2,IL23A,PIK3R1,TREM2,PPP3CA,RPTOR,TNF,GPR68,UBASH3B,GPR55","Sputum_Paucigranulocytic"
"BP","positive regulation of cytokine production involved in immune response",80,24,0.000423076776892585,0.0490510034597301,"NOD1,LILRB1,MALT1,NLRP3,CLNK,PANX1,GATA3,HK1,HLA-A,TICAM2,IL4,IL18,IRF5,SCIMP,P2RX7,PLCG2,INAVA,PRKCZ,CLEC7A,SYK,SLC7A5,RSAD2,MAPKAPK2,CD36,CD81","Sputum_Paucigranulocytic"
"BP","negative regulation of cytokine production involved in immune response",35,13,0.000435170643256647,0.0501970441490561,"LILRB1,LILRB4,ANGPT1,HFE,ACP5,PRG2,AXL,BCL6,TGFB3,TNF,CUEDC2,NLRX1,EPX","Sputum_Paucigranulocytic"
"BP","ERK1 and ERK2 cascade",335,74,0.000453937755779744,0.0520680545056958,"RASGRP1,BTN2A2,NOD1,GPNMB,RGS14,CHI3L1,PHB2,CTSH,GPBAR1,GLIPR2,DUSP5,GPR183,EGF,SPRED2,EPHB1,PTK2B,MTURN,ZDHHC17,FPR2,ABL1,ANGPT1,GPER1,GRB10,NRG1,FFAR4,INHBA,ITGB3,KARS1,TBC1D10C,SCIMP,LYN,ARRB1,NF1,NOTCH1,NOTCH2,OPRM1,P2RY6,APIP,PDE8A,TREM2,PRKCA,PRKCZ,MAPK1,PDGFC,MAP2K1,PTEN,NDRG2,SEMA6A,PTPN1,PTPN11,CEACAM1,CCL13,CCL18,CCL20,CCL21,CCL22,CCL25,SRC,BRAF,DENND2B,SYK,TIMP3,TNF,C5AR1,EZR,YWHAZ,HAVCR2,MARCO,TNFRSF11A,NRP1,MFHAS1,GPR55,NHERF1,CD36,AKAP12,CD44,RAPGEF2","Sputum_Paucigranulocytic"
"BP","phosphorylation",1580,318,0.000455973545442416,0.0520680545056958,"CDH5,SH2D3C,C8orf44-SGK3,ADAM8,HIPK3,RASGRP1,ADAM10,CDK6,CTDSPL,ADAR,ADARB1,TESK2,TAB1,GPNMB,MERTK,SEMA4D,RGS14,CAMKK2,FAXDC2,MALT1,LILRB4,TLK2,PKIG,CHI3L1,MAP4K1,CHP1,PHB2,WDFY2,NIBAN1,CLU,WDR81,MOB3A,LRGUK,CREB1,MYO3B,STK35,CACUL1,PIK3R6,PDIK1L,CCNYL1,GRK3,PRAG1,AK8,DGKG,DAPK1,DAXX,SGMS2,DYRK1A,EEF1A1,EFNA5,EGF,SPRED2,MARK2,EPHB1,EPHB3,ERG,ERN1,EZH2,PTK2B,CCNY,FGR,PPM1E,AAK1,LMTK2,ATG14,INPP5F,MAPRE3,SEPHS2,SEPHS1,SIRT2,STK38L,TNIK,ERC1,CDK19,TAB2,MAST2,FLT1,SASH1,SIK3,PIP5K1C,MORC3,PIK3R5,FPR2,DAPK2,SGK3,PRKD3,ALK,ABL1,FYN,SGMS1,WWTR1,GATA1,RPS6KC1,TPK1,STK39,GMFB,GNAQ,SLCO3A1,ANG,ANGPT1,GPER1,GRK4,GRB10,HIPK2,EEF2K,PILRB,HCLS1,HTT,NRG1,UBE2K,HK1,HK2,HSF1,IGF1R,IKBKB,IL4,IL6R,IL18,INHBA,INSR,ITGA6,IRAK2,ITGA5,ITGB2,ITGB3,ITPK1,ITPKB,JAK1,LCP2,LIMK1,LIMK2,LTF,LYN,MIR143,ARRB1,MAP3K1,MET,CIITA,MAP3K10,NCK1,NEDD9,NEK3,NF1,NGF,ATP2B4,P2RX7,MINK1,PRKN,CDK17,TAOK3,ANGPT4,PRKAG2,SNX9,PDE4D,IL23A,CDK5RAP1,ENPP2,PDPK1,NLK,CAB39,MAP3K20,PFKFB3,CDK14,PHKG2,PIK3C2B,PIK3CB,PIK3CD,PIK3R1,PI4KB,PIP4K2A,PLCG2,ERRFI1,TREM2,TOLLIP,PPARG,UCKL1,FGGY,PI4K2A,NAGK,AMBRA1,PRKAB1,PRKACA,PRKAR1A,PRKCA,PRKCB,AXL,PRKCD,PRKCE,PRKCH,PRKCZ,MAPK1,MAPK8,MAPK13,PDGFC,MAP2K1,MAP2K5,MAP2K6,DUSP22,FAM20C,COQ8A,CASS4,CAMK1D,ADCK1,PAK5,PELI2,PTEN,BIRC6,PTK2,RPTOR,ALPK3,TAOK1,FNIP2,PTPN1,TRIB3,PTPN11,PTPRJ,PTPRO,RAC1,RAF1,RARA,BCL2,BCR,RPS6KA1,RPS6KA2,CEACAM1,CCL21,BLK,FN3K,SGK1,SMYD3,DEPTOR,NADK,SLC8A1,SLC11A1,SOD1,SORL1,SRC,BRAF,SRPK2,STK3,STK4,SYK,TGFA,TGFBR2,TK2,TNF,TPD52L1,TRIO,TSG101,TTK,C5AR1,TYK2,UCK2,UVRAG,WARS1,XRCC5,YES1,YWHAG,YWHAZ,DBNDD1,CARD14,CCNJL,PRKRIP1,MOB3B,PEAK1,PRR5L,COASY,FXR1,HMGA2,CAMK2D,CAMK2G,CAMP,AXIN1,SESN2,RIOK1,ROPN1L,STK40,PIP5K1B,DTNBP1,BCAR3,STK24,NCK2,ADTRP,FBH1,UBASH3B,DGKD,PDXK,MKNK1,STK16,PLPP3,CDK13,TNKS,MARCO,TNFRSF11A,IQGAP1,NRP1,KSR1,CCND2,LIMD1,MAP3K14,BAZ1B,PKMYT1,ACVR1B,PKDCC,DGKI,MYLK3,CD6,MAPKAPK2,NHERF1,ACVRL1,CD80,CD86,MAP4K4,CD36,CD44,TCL1B,AATK,ZNF592,PPM1F,RAPGEF2,MAML1,FAM20B,XYLB,TNFSF15","Sputum_Paucigranulocytic"
"BP","interleukin-1 beta production",111,25,0.000480603329997535,0.0543344779644974,"NOD1,MALT1,LILRB4,NLRP3,SERPINB1,NLRP7,NLRP1,PANX1,FOXP1,HK1,FFAR4,IFI16,SMAD3,MEFV,CARD17P,P2RX7,ACP5,TREM2,INAVA,NLRC4,CLEC7A,TNF,CASP1,AIM2,CD36","Sputum_Paucigranulocytic"
"BP","regulation of interleukin-1 beta production",111,25,0.000480603329997535,0.0543344779644974,"NOD1,MALT1,LILRB4,NLRP3,SERPINB1,NLRP7,NLRP1,PANX1,FOXP1,HK1,FFAR4,IFI16,SMAD3,MEFV,CARD17P,P2RX7,ACP5,TREM2,INAVA,NLRC4,CLEC7A,TNF,CASP1,AIM2,CD36","Sputum_Paucigranulocytic"
"BP","lymphocyte chemotaxis",63,16,0.000486886479569835,0.0547723186224996,"ADAM8,ADAM10,GPR183,PTK2B,STK39,NEDD9,PIK3CD,CXCL16,CCL13,CCL18,CCL20,CCL21,CCL22,CCL25,MSMP,CCR2,SLC8B1","Sputum_Paucigranulocytic"
"BP","cellular response to molecule of bacterial origin",239,49,0.000540352281230641,0.0603427886497277,"CEBPE,LILRB1,MALT1,NLRP3,NLRP7,PPM1E,SBNO2,CDK19,SASH1,ABL1,GATA1,HSF1,IRF8,TICAM2,IRAK2,SCIMP,LTF,LYN,MEF2C,CARD17P,PDE4B,CYRIB,PLCG2,TREM2,PPBP,PRKCA,AXL,PRKCE,MAPK1,MAPK8,RARA,UPF1,BCR,SRC,TSPO,TNF,TNIP3,SLC7A5,CAMP,CAPN2,CASP1,CASP7,HAVCR2,CD6,CD80,CD86,LY86,CD36,NR1D1,CD68","Sputum_Paucigranulocytic"
"BP","Fc receptor mediated stimulatory signaling pathway",32,16,0.000544509380751271,0.0603427886497277,"VAV3,FCER1G,FGR,ABL1,FYN,LIMK1,LYN,PRKCD,PRKCE,PTK2,PTPRJ,SRC,SYK,VAV2,YES1,PLA2G6","Sputum_Paucigranulocytic"
"BP","digestive system process",103,28,0.000546659715399902,0.0603427886497277,"LPCAT3,CHRM1,SLC46A1,COPA,EPB41,STK39,SNX10,ENPP7,AQP1,KCNQ1,LIPA,ACO1,NPC1,LIMA1,PPP3CA,INAVA,MUC13,RBP4,SGK1,SLC2A5,SLC5A1,SLC22A5,TFF2,UGCG,VDR,EZR,SOAT2,CD36","Sputum_Paucigranulocytic"
"MF","GTPase activator activity",266,75,0.000547025808037489,0.0603427886497277,"FAM13A,DLC1,CDC42EP2,VAV3,RGS14,GNB5,IQGAP2,ADAP1,CHN1,CHN2,ARAP1,DOCK1,DOCK2,ARHGAP27,RASA3,TBC1D9B,ARHGAP26,SIPA1L3,TBC1D2B,RAP1GAP2,TBC1D9,TBC1D1,ARHGAP45,RABGAP1,TBC1D22A,RASGRP3,GAPVD1,TIAM2,ARFGAP3,SGSM3,GNAQ,ABR,ARHGAP35,RACGAP1,TBC1D10C,ARRB1,MYO9A,MYO9B,NF1,ASAP1,LARS1,ERRFI1,RIN2,ARHGEF10L,PLEKHG6,ASAP3,DEPDC1B,ADAP2,ARHGAP15,ARHGAP31,PREX1,ARHGAP22,RASA2,RGS3,RGS12,BCR,TBCD,EVI5,ARHGAP10,RIN3,DOCK5,ARHGAP24,TBC1D10A,GARNL3,RGS9,IQGAP1,NRP1,SYNGAP1,ASAP2,STARD13,RAPGEF2,DOCK4,TBC1D5,TBC1D4,RABGAP1L","Sputum_Paucigranulocytic"
"BP","lipid metabolic process",1397,246,0.000561488202717497,0.0609372923193086,"CERT1,LPCAT3,PRMT3,ZMPSTE24,CDS1,ST3GAL6,NCOA2,FAXDC2,ACOT2,LIAS,PLAAT3,CHP1,PHB2,ACOT7,MGLL,CYGB,OSBPL1A,OSBPL5,OSBPL6,OSBPL9,OSBPL10,MOGAT1,CLU,PNLIPRP3,DEGS2,PIGU,ADORA1,CPT1A,ADHFE1,GPAT4,CREB1,CRK,ACSM6,LIPJ,TTC7B,PPM1L,TTC39B,CYP19A1,CYP27A1,DGKG,SGMS2,ECH1,ACSF3,CLN8,ESR1,ETFB,ETFDH,FAH,FDFT1,FDX1,ALDH3A2,FGR,ATG14,INPP5F,SACM1L,SIRT2,EFR3B,EFR3A,LPIN1,FLT1,PLCL2,FMO1,FMO4,UBR4,PIP5K1C,FNTB,PIGN,PLA2G15,PRKD3,ALK,ALOX5,LCLAT1,CERS6,SERINC5,PLCXD2,SGMS1,DHRS7B,ACOT11,OSBPL3,ABHD12,ZBTB20,GGTA1,B4GALT1,CPNE7,GLB1,GM2A,GPD1,ANG,PTGR3,GPER1,SUMF1,PNPLA1,GPX4,NR3C1,DNAJC15,GSTA1,ANXA1,HDLBP,HEXA,HEXB,ACACA,AOAH,AOX1,HSD11B1,HSPG2,ENPP7,IGF1R,IL4,IMPA2,INPP4A,INPP5A,INPP5B,INPP5D,ITPKB,PEDS1,LBR,LIPA,LIPC,LRP1,LTA4H,STS,MGST3,NPC1,P2RX1,P2RX7,PCCA,FAM135B,PCK2,CRYL1,MECR,HSD17B12,PIGP,GLTP,PCYT1A,AIG1,PRKAG2,LIMA1,ENPP2,ACSL5,ATP8B1,PIK3C2B,PIK3CB,PIK3CD,PIK3R1,PI4KB,PIP4K2A,PITPNA,PLA2G4A,PLCB4,PLCG2,PLD1,TREM2,PPARD,PPARG,AUH,ACSM5,ACOXL,AGPAT5,PI4K2A,AMBRA1,PRKAB1,PIGV,VAC14,FAR2,PRKCD,PRKCE,PECR,ACSS2,LGMN,PLAAT1,TTC7A,PTEN,RPTOR,NCEH1,TRIB3,PTPN11,PTPRN2,BCAT1,PGAP6,SCPEP1,RBP4,ELOVL5,RORA,BDH1,CEACAM1,CCL21,CRTC3,ST3GAL1,ST3GAL3,AACS,SOD1,SORL1,AKR1D1,SREBF2,TBXAS1,TSPO,THRA,TNF,UCP3,UGCG,UVRAG,TMEM43,ADIPOR2,TBL1XR1,PLBD1,LPCAT1,OPA3,ACSF2,CUBN,PNPLA3,CAPN2,PITPNM3,SESN2,PIP5K1B,PLA2G6,B3GNT5,ACAD11,NR0B2,SOAT2,NSMAF,PLA2G12B,HINT2,ADTRP,MFSD2A,SERAC1,DGKD,SLC45A3,SELENOI,DEGS1,PLPP3,HSD17B6,DGAT1,B4GALT4,MBTPS1,CDS2,DCAF5,KAT2B,NR1I2,PER2,SYNJ1,ST3GAL5,SGPL1,PLCZ1,MTMR7,DGKI,B4GALT5,FADS2,CD36,SPTLC2,NR1D1,ABCG1,FIG4","Sputum_Paucigranulocytic"
"BP","cellular response to stimulus",7399,1194,0.000563990109357072,0.0609372923193086,"ADA,CDH5,SH2D3C,DNAJB6,IQCJ-SCHIP1,MICA,C8orf44-SGK3,ABCC5,CERT1,ADAM8,HIPK3,RASGRP1,TRAP1,FAM13A,PLXNC1,LPCAT3,WASF2,SORBS3,ADAM10,PATJ,CDK6,KLRG1,RCAN2,ABCC4,IGSF6,RAMP2,ZMPSTE24,ADAR,IRAG1,CACNG3,BTN3A3,BTN2A2,NOD1,DLC1,NDRG1,CDS1,PIAS3,ST3GAL6,CDC42EP2,VAV3,TAB1,GPNMB,BAIAP2,MERTK,CAP1,NCOA2,SEMA4D,SEMA3C,CEBPE,AGR2,TXNRD2,CDC42EP3,TXNIP,RGS14,CAMKK2,KLF1,CXCR6,GNB5,CTSC,GIPC1,TRAF3IP2,AHCYL1,IQGAP2,GJB6,LILRB1,USP20,MALT1,CBX1,YWHAQ,ASCC3,LILRB4,TLK2,RBPMS,RAB31,ADAP1,TENT4A,WWP1,WWP2,HSF2BP,DIDO1,PRDM5,FOXN3,KAT7,CHI3L1,WDHD1,MAP4K1,NISCH,AKAP13,AKAP11,AKAP10,RASSF8,CHN1,CHN2,GPR176,PTGDR2,CHP1,CMTM7,CHRM1,SCN11A,SGF29,VPS26B,LYST,SLCO2B1,PHB2,GABARAP,MGLL,NLRP3,ERMAP,CYGB,C1QTNF3,FBXO32,ZNF653,RMI2,BATF2,CLNK,NIBAN1,ARAP1,SSX2IP,RFFL,ADD1,C10orf71,CLCN6,PIK3AP1,CLU,SLC15A4,FGD4,SPPL3,SLC24A4,LRRC28,CCR6,CMKLR1,ABCC2,ZSWIM7,OSCAR,MOB3A,PIGU,COL15A1,COPA,TRIM71,DCBLD2,ADORA1,NCOA7,OR6B1,ADORA2B,CPE,CPT1A,PXDNL,NACC2,CREB1,CREBBP,CRK,ADORA3,ASB6,ASB8,MTCL2,CRY2,PRICKLE1,TERB2,GSG1L,TOM1L2,PIK3R6,DCDC2B,DCST1,CNIH3,CTNND1,NFAM1,CTSB,CCNYL1,CTSH,GPBAR1,PPM1L,GLIPR2,CMTM8,FGD5,CXADR,RASGEF1B,SH3RF2,VKORC1L1,GRK3,PRAG1,CYP19A1,DAB1,DAG1,DGKG,DAP,DAPK1,DAXX,UBXN2A,DHX15,ZNF366,TMEM64,DLG2,DNMT3A,DOCK1,DOCK2,ABAT,DPYSL2,AGRP,DUSP5,DYRK1A,GPR183,EFNA5,EFNB2,EGF,ANO6,NSMCE1,EIF4EBP1,NLRP7,ELK3,SPRED2,HTR3D,MARK2,ARHGAP27,TAPT1,SLC29A1,EPAS1,EPHB1,EPHB3,ERCC4,ERCC6,ERG,ERN1,ESR1,ETV5,EXT1,EYA2,EZH2,FABP4,PTK2B,CCNY,FBN1,FBP1,FCER1G,FCER2,SPATA13,MTURN,ADGRG3,FDX1,FGR,FHIT,MRAS,FKBP1B,RASA3,PPM1E,VASH1,AAK1,CPEB3,CHSY1,NLRP1,ATG14,INPP5F,ZBTB1,ZNF365,DENND3,SBNO2,EPN2,ATF6,SIRT2,DAAM1,STK38L,TNIK,FNBP1,CLUAP1,HECW1,SWAP70,FOXO1,KDM4C,ERC1,ARHGAP26,SIPA1L3,CDK19,RAP1GAP2,TAB2,PLXND1,MAST2,LRCH1,FCHO1,GRAMD4,FLNB,LPIN1,RFTN1,FAF2,FLT1,DTX4,RHOBTB2,PLCL2,FMO1,CAMTA1,CLEC16A,FMO4,ANKS1A,MGRN1,CUX2,SASH1,SYNE1,DOCK9,PSD3,LARP1,ARHGEF18,SIK3,ZDHHC17,PIP5K1C,DICER1,GPR161,CBX5,LEPROTL1,MACF1,ZFYVE26,SPIDR,MORC3,CABIN1,ARHGAP45,PIK3R5,ATP6V0A2,PSD4,FPR2,FPR3,DAPK2,PHLDA3,BACE1,SH3BP4,SGK3,PRKD3,ALK,ALOX5,IL27,ALPL,ABL1,FYB1,FYN,ZBTB38,GABBR1,PLCXD2,SHPRH,RASGRP3,NGEF,FBXO7,ABTB2,ANAPC15,SGMS1,WWTR1,SAMHD1,SIN3A,ZNF385A,C2CD3,TENM4,ACOT11,PLEKHG3,IPCEF1,EPC2,ZBTB20,PITPNC1,GATA1,TIAM2,GATA3,BLOC1S6,FBXO8,GCH1,PTPN18,NUPR1,OR11A1,AMFR,RPS6KC1,CYFIP2,ATP2C1,PELP1,GJB3,FOXP1,CYTH4,CPNE7,SIGLEC9,SIGLEC8,DISC1,TNFRSF21,SESN1,CRCP,GLDC,GLG1,STK39,SGSM3,POLM,GMDS,GMFB,GNA12,GNAO1,GNAQ,GNG7,GPD1,GPI,RASSF3,SLC39A5,ANGPT1,METRNL,GPR21,ANGPT2,NKIRAS2,GPER1,NSMCE2,ILDR1,GRK4,GPX4,GRB10,RAPGEF1,GRIK1,HIPK2,ABR,SETD2,NR3C1,ARHGAP35,DNAJC15,RACGAP1,UHRF1,GSTA1,BLNK,USP25,GUCA2A,SNX10,EEF2K,GPR171,GPR132,NENF,SLC25A24,STRN3,MDFIC,SCHIP1,SLC2A8,PILRB,LMCD1,ANXA1,HBG2,HCLS1,HTT,ANXA4,HEXA,HFE,KCNIP2,CD209,NRG1,ANXA6,HIF1A,HIP1,UBE2K,HK2,ACACA,HLA-A,AOC2,AOX1,APBB1,APBB2,HRH1,HSF1,HSPD1,HSPG2,APLP2,HTR3A,UBAC2,FFAR4,TAFA2,IRF8,IFI16,SH3RF3,IFNGR2,IGF1R,IGFBP6,TICAM2,IKBKB,IL4,IL5RA,IL6R,AQP1,IL16,IL18,IMPA2,INHBA,INPP4A,INPP5A,INPP5B,INPP5D,INSR,ITGA6,IRAK2,AQP9,IRF5,ITGA4,ITGA5,ITGA9,ITGAE,ITGAL,ITGAM,ITGB2,ITGB3,ITPK1,ITPKB,ITPR1,ITPR2,JAK1,JARID2,KARS1,TBC1D10C,KIF7,MIA3,KCNE1,STIMATE,KCNH2,KCNMB1,KCNQ1,KIF5B,KPNA1,KRT8,SERP2,SCIMP,MFSD2B,LCP1,LCP2,LIMK1,LIPA,RHOH,ASIC2,LMNA,CHCHD10,SAMD12,LRCH4,LRP1,LSP1,LTBP1,LTBP2,LTBR,LTF,BMAL1,LYN,MIR143,ARRB1,SMAD1,SMAD3,SMAD6,MAN1A1,MAX,MBP,MCM2,MDM4,MEF2C,MEFV,MAP3K1,MET,MFAP4,MGAT3,MGMT,MGST3,MITF,MKLN1,MAP3K10,MLLT3,ASGR1,ASGR2,MNDA,ABCC1,CARD17P,IQSEC3,RHEX,MAP1LC3C,MX1,MYO1C,MYO1E,MYO9A,MYO9B,MYO10,PPP1R12B,NCK1,NDUFS2,NEDD9,NF1,NFATC2,NFIA,NFATC3,NFE2,NFE2L2,TONSL,ATP1A4,NGF,NID1,NINJ1,NOTCH1,NOTCH2,NOTCH4,NPAS2,NPC1,ATP2A2,ATP2A3,ATP2B4,OPA1,OPRM1,P2RX1,P2RX4,P2RX7,P2RY2,P2RY6,PCSK6,RRM2B,MINK1,CHST11,ARHGEF3,PRKN,ASCC1,UBXN1,PCK2,APIP,SIDT2,PCNA,TUBD1,ABI3,KLF3,IER5,ZBTB7A,FZR1,TAOK3,UBR5,PDE1C,ANGPT4,PDE4B,PRKAG2,PDE4D,PDE6A,EVL,PDE6H,PDE8A,LARS1,CXXC5,ZC3HC1,IL23A,HDAC7,CYRIB,TRIM33,ASB2,SUFU,PDPK1,NLK,CAB39,RAPGEF6,WWOX,ARID4B,RTEL1,SYT17,MAP3K20,KDM3B,ADA2,CDK14,PGAM2,PIK3C2B,PIK3CB,PIK3CD,PIK3R1,PI4KB,PIP4K2A,PLA2G4A,PLCB4,BCL11A,SHC3,PLCG2,PLD1,PLXNA2,PMS1,P2RY13,FGFRL1,ERRFI1,TREM2,TREM1,GNG2,SSH1,RIN2,POR,TOLLIP,RBM47,APBB1IP,NDFIP2,INO80,PPARD,PPARG,PPBP,AHI1,WBP1L,RNF43,MKS1,TMEM132A,ADISSP,TESC,NRDE2,ZWILCH,WIPI1,ARHGEF10L,TMEM33,RIC8B,PLEKHG6,PPP3CA,TCP11L1,LGR4,LRRC59,MAML3,NAGK,FERMT1,AMBRA1,SLC39A4,PRKAB1,RAB20,PRKACA,NPLOC4,VAC14,LMBR1L,PRKAR1A,HHAT,EDEM2,CDK5RAP2,INTS9,UGGT2,INAVA,PRKCA,DEPDC1B,PRKCB,AXL,PRKCD,TRERF1,PRKCE,PAG1,PRKCH,ARHGAP15,ASH1L,WSB2,PRKCZ,RCC2,DMAP1,MAPK1,SULF2,GNG12,MAPK8,MAPK13,PDGFC,MAP2K1,MAP2K5,MAP2K6,TEX12,LRRC8A,LGMN,HTRA1,SUCNR1,RETN,UGGT1,SPIRE1,SPPL2B,DUSP22,HMCES,OLFML3,MFF,FAM20C,CTNNBIP1,CASS4,BACH1,CAMK1D,MAN1C1,PAK5,SMURF1,PELI2,PELI1,ZMIZ1,PTEN,PTGER2,TMIGD3,NDRG2,BIRC6,AMIGO1,PTK2,GRAMD1B,ARID1B,ARHGAP31,RPTOR,KCTD16,HACE1,SORCS2,TAOK1,NCEH1,SEMA6A,PREX1,WDFY1,BEGAIN,FNIP2,SHROOM3,SHTN1,CPNE5,PTPN1,DENND1A,MEAK7,TRIB3,PTPN7,PTPN11,PTPRE,PTPRJ,PTPRN2,PTPRO,PTPRS,NECTIN2,CXCL16,PXN,PLEKHB1,MS4A7,NLRC4,ARHGAP22,SINHCAF,RRAGD,RAC1,RAD23B,RAD51B,RAD52,RAF1,RALGDS,RAP1GDS1,RARA,RASA2,RASGRF1,ARID4A,HRH4,LGR6,BCL2,BCL2A1,UPF1,BCL2L1,REV3L,RFC3,RGS3,RGS12,RHEB,AVPI1,BCL6,BCL7A,TNFRSF17,RORA,HCN2,BCR,RPS6,RPS6KA1,RPS6KA2,RSU1,RXRA,S100A1,SORT1,S100A6,S100A8,S100A11,S100A13,SAG,ATXN7,SCNN1A,CEACAM1,CCL13,CCL18,CCL20,CCL21,CCL22,CCL25,UBE2O,ELMO2,SEC14L1,SECTM1,BLK,SLC28A3,NPFFR1,SEMA4A,MS4A6A,ARHGEF28,MAP1LC3B2,LMBR1,SUDS3,SGK1,SCG5,SGTA,SH3BP2,ITSN1,SH3GL1,CLEC7A,SMURF2,SMYD3,CREB3L2,MEAF6,CRTC3,DEPTOR,MARCHF7,NIBAN2,STIL,SKI,SLA,SLC1A2,SLC1A3,SLC2A1,SLC2A5,NADK,SLC8A1,SLC11A1,SMARCA2,PHACTR4,SMARCD2,SOD1,BNIP3L,SORL1,DST,BPHL,SPTBN1,SRC,SREBF2,BRAF,SRPK2,DENND2B,STAC,STK3,STK4,BSG,SYK,TAF6,KLF5,TBX6,MSMP,TCF7L2,TEAD1,TFF2,TFR2,TG,TGFA,TGFB1I1,TGFB3,TGFBR2,TSPO,THRA,TIMP3,TLE3,TLE4,TNF,TOP2B,TPD52L1,NR2C2,TRAF3,TRHR,TRIO,TSG101,DNAJC7,C5,TTK,C5AR1,ANKDD1B,CCR2,TXNRD1,TYK2,UBE2D3,UCP3,UGCG,USP4,UPP1,UVRAG,VAV2,VDAC2,VDR,EZR,VWF,CORO2A,WFS1,WNT3,XPC,XRCC4,XRCC5,YES1,LDLRAD4,YWHAG,YWHAZ,PTTG1IP,CACNA1C,ZYX,CACNB1,RNF103,PAX8,CACNB4,USP7,CYREN,NABP2,FTO,CARD14,BCL2L14,TMEM231,ADIPOR2,SH3TC2,RHBDF2,ARHGAP10,DYNC2H1,NLRX1,TBL1XR1,MCTP1,MOB3B,CAMKMT,UBA5,RIN3,PRR5L,TNIP3,KAT6A,DOCK5,SLC8B1,GPR157,BICC1,ARMC9,RUFY1,CEP63,EDEM3,STAM,SCUBE1,NCOA4,EPC1,PNPLA3,CYB5B,EEPD1,HMGA2,ACTN4,CALR,GPR68,SLC7A5,DCSTAMP,CLPB,ITM2C,TSPAN14,OR2B2,CAMK2D,DOCK8,VANGL1,CAMP,NRIP1,USP9X,CAPN2,CAPN3,EPX,ARID1A,TRRAP,AXIN1,CASP1,APH1B,ARHGAP24,SESN2,FERMT3,MAD1L1,STK40,RASSF4,PLA2G6,KREMEN1,CASP7,DTNBP1,EEA1,BCAR3,RNASEH2C,ARID5B,LRRC8C,GARNL3,SLC25A33,STK24,RNF135,NR0B2,CCDC115,NSMAF,NCK2,CARD11,MAML2,DOT1L,SLX4,FAM120B,CASQ2,SPIRE2,TRIM55,MS4A14,ADTRP,HAVCR2,ORAI1,MFSD2A,AIFM2,FBH1,ZNRF1,UBASH3B,DISP1,PPFIA1,DGKD,YBX3,LGALS12,COPS3,ITPRIP,MKNK1,RUNX2,PLPP3,CDK13,TNKS,PEA15,MARCO,ABCC3,MBTPS1,URI1,MYOM1,CRADD,TNFSF12,TNFSF10,ADAM15,RGS9,TNFRSF11A,TNFRSF10C,IQGAP1,NRP1,SYNGAP1,KSR1,KAT2B,NR1I2,ARHGEF7,SGPL1,CCND2,BTRC,UMODL1,MVB12B,PLCZ1,TRIM15,PGLYRP1,LIMD1,MAP3K14,OTULIN,BAZ1B,PKD2L1,CCRL2,PSTPIP1,MCU,STARD13,ASH2L,ACVR1B,CD2,RNF185,RSAD2,DGKI,MYLK3,XPR1,RCSD1,DLGAP1,CD6,DLG5,CD7,MFHAS1,MAPKAPK2,CYTH3,CYTH1,DNER,CD9,GPR55,NREP,TRIP4,CPNE6,TADA2B,NHERF1,TGFBRAP1,ACVRL1,RECQL5,CD80,CD86,TP53INP1,AIM2,MAP4K4,LY86,CD36,RPH3AL,GTPBP1,NR1D1,BABAM2,AKAP12,CD44,NCOR2,ABCG1,CD53,FEZ2,ARHGEF10,ZNF592,PPM1F,RALGPS1,CD59,SAFB2,FAM53B,CD68,N4BP1,VGLL4,NUP93,RAPGEF2,NOS1AP,DOCK4,HDAC9,SETD1A,CD81,RIPOR2,HDAC4,ADGRE5,SUSD6,ATG13,CDA,KIAA0586,MAML1,ZEB2,TESPA1,ELMO1,GAB2,C2CD2L,FARP2,KIAA0319,TBC1D4,RNF10,IQSEC1,ZBTB40,P2RY14,DCLRE1A,GFPT2,SLC23A2,TNFSF15,CDH1,CASP8AP2","Sputum_Paucigranulocytic"
"BP","organic substance catabolic process",2151,365,0.000565060937595498,0.0609372923193086,"ADA,ADAM8,ADAM10,ZMPSTE24,CPQ,ARIH2,MTHFS,IGF2BP2,CELF1,CTSC,GIPC1,TRAF3IP2,MALT1,ASCC3,TLK2,TENT4A,WWP1,WWP2,ATE1,PLAAT3,CHI3L1,NUDT5,NUDT3,CHI3L2,SLC2A6,SLCO2B1,ACOT7,GABARAP,MGLL,TRIM9,RFFL,CLU,ANAPC16,PNLIPRP3,KLHDC1,ABCC2,WDR81,CNP,RNF19B,DIS3L2,TRIM71,ADORA1,CPT1A,ADHFE1,PXDNL,LIPJ,CACUL1,PRICKLE1,SLFN13,DCST1,CTSB,CTSH,CTSZ,SH3RF2,RNF217,CYP19A1,CYP27A1,UBXN2A,IDO2,DLST,ABAT,ECH1,EEF1A1,EGF,PAOX,ACSF3,TET3,CLN8,ERN1,ETFB,ETFDH,EXT1,ALDH2,FAH,PTK2B,PATL1,FBP1,FOXK1,FHIT,CPEB3,INPP5F,ZHX2,DENND3,ATF6,SIRT2,NT5C2,SAMD4A,FOXO1,TNRC6B,LPIN1,LARP4B,FAF2,ZC3H4,DTX4,FMO1,SMG6,UBR4,LARP1,DICER1,RYBP,QPRT,HSPBP1,PLA2G15,CEMIP2,ALK,FYN,GAA,RNF144B,PLCXD2,SNX33,FBXO7,ARMC8,RNF19A,ANAPC15,WWTR1,SAMHD1,ABHD12,TRPC4AP,ZBTB20,KLHL3,FBXW8,FBXO10,FBXO8,NUPR1,AGO1,AMFR,SND1,LAMP3,AGO2,DISC1,GLB1,GLDC,SGSM3,CECR2,GM2A,GNA12,GNS,GOT2,GPD1,GPD2,GPI,ANG,PNPLA1,DCPS,HIPK2,UHRF1,USP25,GUSB,ANXA2,HBG2,HDC,HEXA,HEXB,HFE,HIF1A,UBE2K,HK1,HK2,AOAH,HNMT,HSD11B1,HSF1,UBAC2,ENPP7,SH3RF3,FOXK2,IDO1,INSR,LIPA,LIPC,LIAT1,LRP1,LTA4H,BMAL1,ARRB1,SMAD3,STS,MAN1A1,MDM4,MGAT3,ABCC1,NFE2L2,NOTCH1,ATP2B4,OAT,OGDH,P2RX7,PRKN,PARN,PCBP2,PCCA,UBXN1,PCK2,DERA,CRYL1,SIDT2,ABHD17B,MRTO4,MARCHF2,PIPOX,ZBTB7A,FZR1,AIG1,PDE4B,PRKAG2,SNX9,ANAPC7,PDE4D,PDE8A,ANAPC11,CHMP3,ASB2,ENPP2,SUFU,ENPP3,ADA2,PGAM2,PGM1,PHKG2,PLA2G4A,PLCB4,PLCG2,PLD1,TREM2,TOLLIP,RNF216,RBM47,NDFIP2,PPARD,TENT5C,RNF43,AUH,TMEM132A,NRDE2,ACOXL,CHDH,NAGK,ZCCHC8,AMBRA1,PRKACA,NPLOC4,EDEM2,UGGT2,PRKCA,PRKCD,PRKCE,RNF130,LGMN,ZC3HAV1,UGGT1,PSMB7,PSMC1,PSMD3,PLAAT1,MAN1C1,SMURF1,PELI1,PTEN,PTK2,CNOT6,RPTOR,HACE1,NCEH1,PTPN1,TRIB3,RAD23B,UPF1,CELA2A,CEACAM1,RNF123,ERAP2,BLVRA,SGTA,SMURF2,CRTC3,MARCHF7,SLC11A1,BNIP3L,SORL1,AKR1D1,STX5,TGFB1I1,THRA,TIMP2,TIMP3,TNF,TSG101,TTC3,UBE2D3,UBE2E1,UPP1,UVRAG,EZR,WFS1,CSDE1,RNF103,USP7,METTL16,FTO,TBL1XR1,RNF122,PLBD1,LPCAT1,PRR5L,PSME3IP1,EDEM3,STAM,PNPLA3,FXR1,CALR,TAF15,USP9X,CAPN2,CAPN3,EPX,COLQ,AXIN1,SESN2,PLA2G6,CASP7,QRICH2,ACAD11,RNASEH2C,CCDC115,PLA2G12B,HINT2,ADTRP,AGBL4,MFSD2A,FBH1,ZNRF1,YBX3,COPS3,CBFA2T3,HSD17B6,TNFSF12,KYAT1,KAT2B,SGPL1,BTRC,MVB12B,PLCZ1,UBE3B,PGLYRP1,RSPRY1,UBE3D,LRSAM1,ANGEL2,ZNF598,RNF185,UBXN11,UBE2L6,MAPKAPK2,TRIP4,ENTPD1,SEC22B,GTPBP1,NR1D1,CD44,RNF7,N4BP1,VGLL4,CD81,HDAC4,CDA,RNF40,CTIF,AREL1,RNF10,XYLB,THRAP3,CDH1","Sputum_Paucigranulocytic"
"BP","defense response to virus",332,63,0.000565998446549267,0.0609372923193086,"MICA,ZMPSTE24,ADAR,ADARB1,TRAF3IP2,LILRB1,USP20,LYST,PHB2,SLFN13,DHX15,NLRP1,SIRT2,NT5C2,TRIM35,GRAMD4,MORC3,IL27,SERINC5,SAMHD1,SIN3A,CRCP,SETD2,IFI16,IFNGR2,IL4,IRF2,IRF5,MEFV,MX1,NCK1,PCBP2,MARCHF2,IL23A,CHMP3,TREM2,RNF216,DUS2,SHFL,NCBP3,NPLOC4,POLR3E,ZC3HAV1,SENP7,PTPRS,BCL2,BCL2L1,SEC14L1,BNIP3L,TNF,TRAF3,TRIM26,NLRX1,CLPB,AKAP1,CASP1,RNF135,AGBL4,TRIM15,MAP3K14,DDX60L,RNF185,RSAD2,AIM2","Sputum_Paucigranulocytic"
"BP","monocarboxylic acid metabolic process",630,117,0.000577171495142559,0.0609372923193086,"UST,PRMT3,MTHFS,ME3,ACOT2,LIAS,SLC2A6,MGAT4A,ACOT7,MGLL,CYGB,OSBPL1A,OSBPL6,OSBPL9,CPT1A,GPAT4,ACSM6,CYP27A1,ABAT,ECH1,ACSF3,ETFB,ETFDH,FAH,FBP1,FOXK1,ALDH3A2,SIRT2,LPIN1,FMO1,FMO4,UBR4,PLA2G15,ALOX5,ACOT11,OSBPL3,ABHD12,ZBTB20,NUPR1,GPD1,GPI,PTGR3,GPX4,GSTA1,DSE,ANXA1,HEXA,HEXB,HIF1A,HK1,HK2,ACACA,AOAH,HLCS,IDH2,FOXK2,IDO1,INSR,PEDS1,LIPA,LIPC,MGST3,NPC1,OGDH,P2RX7,PCCA,PCK2,CRYL1,MECR,HSD17B12,ZBTB7A,AIG1,PRKAG2,ACSL5,ATP8B1,PGAM2,PGM1,PLA2G4A,PPARD,PPARG,AUH,ACSM5,ACOXL,CHST12,PRKAB1,PRKACA,PRKCE,PECR,ACSS2,RPTOR,TRIB3,SCPEP1,ELOVL5,CEACAM1,SLC1A3,AACS,AKR1D1,TBXAS1,UCP3,ADIPOR2,ACSF2,PNPLA3,SLC38A1,SESN2,ACAD11,ADTRP,MFSD2A,SLC45A3,DEGS1,CBFA2T3,DCAF5,KAT2B,PER2,VNN2,SGPL1,FADS2,CD36,NR1D1,HDAC4,XYLB","Sputum_Paucigranulocytic"
"CC","cytoplasmic vesicle membrane",1209,241,0.000580339738463567,0.0609372923193086,"ABCC5,ADAM8,LHFPL2,ADAM10,STX6,AP3S2,ABCC4,ZMPSTE24,CACNG3,NDRG1,TAB1,GPNMB,TGOLN2,IQGAP2,EHD1,CKAP4,RAB31,PACSIN2,SNX18,SLC46A1,EXOC3,OSBPL6,OSBPL9,OSBPL11,MARCHF3,AP2M1,RFFL,BORCS5,CLCN6,TMEM45B,SLC15A4,SPPL3,WDR81,COPA,CPE,VTI1A,TMEM190,DCST1,CNIH3,ENTHD1,NFAM1,VPS13B,AP2A2,AP2B1,CLEC4C,DSC1,EGF,ANO6,SPRED2,EPHB1,FCER1G,MARCHF8,ADGRG3,COPG1,INPP5F,EPN2,CD93,SV2C,GGA2,KIF1B,TAB2,ATP10B,SEPTIN8,RHOBTB2,ATP11A,CLEC16A,DMXL2,VPS39,UBR4,ZDHHC17,PIP5K1C,TMED3,GPR161,ATP6V0A2,FPR2,BACE1,PLD3,GAA,SNX33,PARM1,SEC31B,MYOF,B4GALT1,LAMP3,SIGLEC9,BIN1,TMEM150B,SLC9A9,GPER1,SNX24,SNX8,SNX10,DSE,SLC2A8,PACSIN1,SH3KBP1,ANXA1,ANXA2,ANXA3,HTT,ANXA6,HIP1,HLA-A,HLA-DMB,HLA-DQA2,HLA-DRA,MR1,APLP2,FFAR4,SYCN,IFNGR2,TICAM2,INPP4A,INPP5B,AQP7,INSR,IRAK2,ITGAL,ITGAM,ITGB2,ITGB3,ITPR1,ITPR2,TBC1D10C,KCNQ1,LRP1,LYN,ARRB1,MAP6,MYO1C,NPC1,P2RX1,ATP6V0A4,ABHD17B,MARCHF2,SNX9,ANKFY1,ATP6V1H,CHMP3,RAB8B,ATP6V1C1,PLD1,TPCN1,NDFIP2,PXK,STX17,WIPI1,VPS53,GIMAP5,PI4K2A,SLC39A4,RAB20,VAC14,NECAP2,RCC2,SPIRE1,SPPL2B,SNX14,SORCS2,DENND1A,PTPRJ,PTPRN2,PTPRS,RAB27A,RAC1,BCL2L1,CLIP1,SORT1,CEACAM1,KIF13A,SELL,RAB17,MMP25,SH3GL1,VPS33A,SLC2A5,SLC11A1,SLC18A2,SNTB2,SORL1,SPARC,SREBF2,STX3,STX5,BSG,SYN2,TGFA,TSG101,C5AR1,UBE2D3,WFS1,WNT3,LDLRAD4,MCTP1,LPCAT1,ATP8B4,SYNDIG1,BAIAP2L2,RAB11FIP1,RUFY1,STAM,CALR,DCSTAMP,VOPP1,TSPAN14,CAMK2D,CAMK2G,SBF2,SYN3,APH1B,DTNBP1,EEA1,ANTXR1,CYSTM1,RAB11FIP4,SPIRE2,ZNRF1,KCNAB2,STON2,DEGS1,HSD17B6,MARCO,DGAT1,IQGAP1,MVB12B,SEC16B,ATP6V0E1,MCFD2,DGKI,CD9,CD163,OTOF,CD36,SLC4A8,RPH3AL,SEC22B,CD44,CD53,CD59,CD68,PHACTR2,ADGRE5,TBC1D5,KIAA0319,FIG4,DOP1B","Sputum_Paucigranulocytic"
"BP","response to chemokine",99,22,0.000581385067945502,0.0609372923193086,"CXCR6,CCR6,CMKLR1,PTK2B,LRCH1,STK39,HIF1A,LYN,TREM2,PPBP,WBP1L,CCL13,CCL18,CCL20,CCL21,CCL22,CCL25,TFF2,CCR2,DOCK8,CCRL2,RIPOR2","Sputum_Paucigranulocytic"
"BP","cellular response to chemokine",99,22,0.000581385067945502,0.0609372923193086,"CXCR6,CCR6,CMKLR1,PTK2B,LRCH1,STK39,HIF1A,LYN,TREM2,PPBP,WBP1L,CCL13,CCL18,CCL20,CCL21,CCL22,CCL25,TFF2,CCR2,DOCK8,CCRL2,RIPOR2","Sputum_Paucigranulocytic"
"BP","defense response to symbiont",333,63,0.000581963195535669,0.0609372923193086,"MICA,ZMPSTE24,ADAR,ADARB1,TRAF3IP2,LILRB1,USP20,LYST,PHB2,SLFN13,DHX15,NLRP1,SIRT2,NT5C2,TRIM35,GRAMD4,MORC3,IL27,SERINC5,SAMHD1,SIN3A,CRCP,SETD2,IFI16,IFNGR2,IL4,IRF2,IRF5,MEFV,MX1,NCK1,PCBP2,MARCHF2,IL23A,CHMP3,TREM2,RNF216,DUS2,SHFL,NCBP3,NPLOC4,POLR3E,ZC3HAV1,SENP7,PTPRS,BCL2,BCL2L1,SEC14L1,BNIP3L,TNF,TRAF3,TRIM26,NLRX1,CLPB,AKAP1,CASP1,RNF135,AGBL4,TRIM15,MAP3K14,DDX60L,RNF185,RSAD2,AIM2","Sputum_Paucigranulocytic"
"BP","myeloid cell development",85,27,0.000583587535863133,0.0609372923193086,"TSPAN2,WASF2,LILRB1,ZFPM1,ALAS1,FBN1,FLI1,BRD1,ZNF385A,GATA1,FOXP1,SIGLEC15,TMOD3,ANXA2,LTF,RHEX,NOTCH2,ZBTB7A,PIP4K2A,LYAR,FAM20C,PTPN11,ARID4A,BCL6,RPS6,SRC,GPR68","Sputum_Paucigranulocytic"
"BP","dendritic cell apoptotic process",11,7,0.000584594689562105,0.0609372923193086,"LILRB1,LYN,AXL,BCL2,BCL2L1,CCL21,RAPGEF2","Sputum_Paucigranulocytic"
"BP","regulation of dendritic cell apoptotic process",11,7,0.000584594689562105,0.0609372923193086,"LILRB1,LYN,AXL,BCL2,BCL2L1,CCL21,RAPGEF2","Sputum_Paucigranulocytic"
"BP","regulation of type 2 immune response",34,13,0.000603168115404254,0.0623984510350842,"NLRP3,GATA3,ANXA1,IL4,IL18,IDO1,PRKCZ,RARA,BCL6,CCR2,RSAD2,CD86,CD81","Sputum_Paucigranulocytic"
"BP","regulation of protein metabolic process",2340,407,0.000604103996995182,0.0623984510350842,"CDH5,SH2D3C,DNAJB6,SAE1,ADAM8,HIPK3,RASGRP1,FRY,TRAP1,PRMT3,CTDSPL,ADAR,RTN3,NOD1,DLC1,ADARB1,PIAS3,SPON1,ARIH2,TAB1,GPNMB,SEMA4D,RGS14,IGF2BP2,CAMKK2,CELF1,CTSC,GIPC1,FAXDC2,MALT1,LILRB4,TLK2,TENT4A,PKIG,CHI3L1,CHP1,SGF29,PHB2,GABARAP,NLRP3,WDFY2,NIBAN1,RFFL,CLU,SPPL3,MSI2,MOB3A,RNF19B,DIS3L2,TRIM71,ADORA1,NCOA7,CRY2,CACUL1,LDLRAD3,PIWIL4,PRICKLE1,PIK3R6,CCNYL1,CTSH,CTSZ,SH3RF2,RNF217,DAP,DAPK1,DAXX,UBXN2A,DYRK1A,EEF1A1,EEF2,EFNA5,EGF,EIF4EBP1,SERPINB1,NLRP7,SPRED2,MARK2,EPAS1,CLN8,ERCC6,ERN1,EZH2,PTK2B,CCNY,PATL1,FGR,FHIT,FKBP1B,PPM1E,CPEB3,NLRP1,ATG14,INPP5F,MAPRE3,SIRT2,SAMD4A,TNIK,SWAP70,FOXO1,MRPS27,TNRC6B,TAB2,GRAMD4,LARP4B,FLT1,CAMTA1,SASH1,LARP1,RYBP,SF3B1,PIK3R5,FPR2,HSPBP1,ABL1,FYN,RNF144B,SNX33,RNF19A,WWTR1,ZNF385A,C2CD3,GATA1,FBXW8,NUPR1,AGO1,CYFIP2,LAMP3,AGO2,DISC1,GLG1,SGSM3,BIN1,GNA12,GNAQ,SLCO3A1,ANG,ANGPT1,KANSL1,GPER1,DCPS,HIPK2,UHRF1,USP25,EEF2K,PILRB,ANXA2,HCLS1,HTT,HFE,NRG1,HIF1A,HIP1,UBE2K,EIF4E3,HSF1,HSPD1,IFI16,SH3RF3,C6orf52,IKBKB,IL4,IL6R,AQP1,IL18,INHBA,INPP5B,INSR,ITGA5,ITGB2,ITGB3,ITPKB,LCP2,LIMK1,LIMK2,LRP1,LTF,BMAL1,LYN,MIR143,ARRB1,SMAD3,MBP,MDM4,MEFV,MGAT3,MAP3K10,ASTL,ASPH,NCK1,NEDD9,NEK3,NF1,NFE2L2,ACO1,NFYC,NGF,NNMT,ATP2A3,ATP2B4,P2RX7,PRKN,PARN,UBXN1,MARCHF2,SLC25A37,FZR1,TAOK3,ANGPT4,PRKAG2,SNX9,PDE4D,IL23A,CDK5RAP1,ENPP2,SUFU,PDPK1,CAB39,SERPINA1,PIK3CB,PLCG2,PLD1,GSAP,ERRFI1,TREM2,SSH1,TOLLIP,NDFIP2,PPARG,WBP1L,TRNAU1AP,TMEM132A,PIWIL2,DCUN1D2,PPP6R3,SHFL,AMBRA1,PRKACA,PRKAR1A,INAVA,PRKCD,PRKCE,PLGRKT,HDAC8,PRKCZ,MAPK1,MAPK8,PDGFC,MAP2K1,MAP2K5,MAP2K6,LGMN,SUCNR1,DUSP22,PSMC1,PSMD3,CASS4,SMURF1,PELI2,PELI1,PTEN,MIF4GD,PTK2,CNOT6,RPTOR,TAOK1,FNIP2,DIP2B,PTPN1,TRIB3,PTPN11,PTPRJ,PTPRO,NLRC4,RAC1,RAD23B,RAF1,RARA,BCL2,UPF1,RPS6KA1,RPS6KA2,S100A8,S100A10,CEACAM1,CCL21,PCIF1,VSIR,NECAB1,SGTA,CLEC7A,SMYD3,DEPTOR,MARCHF7,SLC8A1,SLC11A1,SOD1,SORL1,SRC,BRAF,STK4,STX5,SYK,TCF7L2,TFR2,TGFA,TGFB1I1,TGFBR2,TSPO,TIMP2,TIMP3,SERPING1,TNF,TPD52L1,TRAF3,TSG101,C5AR1,USP4,UVRAG,EZR,WARS1,WFS1,XRCC5,YES1,YWHAG,PTTG1IP,CSDE1,USP7,DBNDD1,ASPSCR1,METTL16,FTO,CARD14,CCNJL,PRKRIP1,EHMT1,MOB3B,TM4SF20,LPCAT1,PRR5L,PSME3IP1,CEP63,FXR1,HMGA2,CALR,ITM2C,CAMP,USP9X,CAPN3,AXIN1,CASP1,APH1B,SESN2,ROPN1L,TBC1D10A,DTNBP1,QRICH2,BCAR3,NCK2,HINT2,ADTRP,AGBL4,FBH1,UBASH3B,YBX3,COPS3,MKNK1,RUNX1,PLPP3,CBFA2T3,EIF4G3,MARCO,CRADD,TNFSF12,TNFSF10,TNFRSF11A,IQGAP1,NRP1,KSR1,KAT2B,PER2,CCND2,BTRC,LIMD1,BAZ1B,ZNF598,PKMYT1,RNF185,ARRDC4,NOLC1,CD6,MFHAS1,TADA2B,NHERF1,CD80,CD86,CDYL,AIM2,CD36,SEC22B,CD44,ABCG1,TCL1B,ZNF592,PPM1F,N4BP1,VGLL4,RAPGEF2,NOS1AP,CD81,HDAC4,ATG13,CTIF,TNFSF15,CDH1,CASP8AP2","Sputum_Paucigranulocytic"
"BP","positive regulation of ERK1 and ERK2 cascade",217,50,0.000610273021538652,0.062646733051719,"RASGRP1,NOD1,GPNMB,CHI3L1,PHB2,GPBAR1,GLIPR2,GPR183,PTK2B,MTURN,FPR2,ABL1,ANGPT1,GPER1,NRG1,FFAR4,INHBA,ITGB3,SCIMP,ARRB1,NOTCH1,NOTCH2,OPRM1,P2RY6,PDE8A,TREM2,PRKCA,PRKCZ,PDGFC,MAP2K1,PTPN11,CCL13,CCL18,CCL20,CCL21,CCL22,CCL25,SRC,BRAF,DENND2B,TNF,C5AR1,HAVCR2,MARCO,TNFRSF11A,NRP1,MFHAS1,GPR55,CD36,AKAP12,CD44,RAPGEF2","Sputum_Paucigranulocytic"
"BP","regulation of cell morphogenesis",247,73,0.000612021419533604,0.062646733051719,"PLXNC1,ZMPSTE24,DLC1,CFDP1,CDC42EP2,BAIAP2,SEMA4D,CDC42EP3,FMNL2,ARAP1,PDZD8,FGD4,CRK,FGD5,CUX1,PRAG1,CAMSAP1,DAG1,SYNE3,EFNA5,MARK2,PTK2B,FGR,PLXND1,EPB41L3,CUX2,ARHGEF18,MACF1,FYN,FBXW8,GNA12,ARHGAP35,PARVB,EEF2K,SH3KBP1,ANXA1,HEXB,ARPIN,ITGB2,MKLN1,PALM2AKAP2,MYH10,MYO9A,MYO10,ITSN2,PRKN,ENPP2,SYT17,BCL11A,PLXNA2,TBCCD1,ARHGAP15,SMURF1,ATP10A,PTK2,SHROOM3,CPNE5,RAC1,RREB1,CCL13,SEMA4A,SPARC,SRC,EZR,MYH14,CAPZB,MFSD2A,ARHGEF7,LIMD1,CPNE6,NHERF1,CD44,WDR1,SLC23A2","Sputum_Paucigranulocytic"
"BP","regulation of GTPase activity",302,80,0.000615642360040791,0.0627347847065782,"RASGRP1,PLXNC1,VAV3,SEMA4D,GNB5,ADAP1,CHN1,CHN2,SNX18,ARAP1,FGD4,CRK,FGD5,RASGEF1B,EFNA5,ARHGAP27,EPHB3,EZH2,TBC1D9B,SIPA1L3,TBC1D2B,RAP1GAP2,PLXND1,LRCH1,TBC1D9,TBC1D1,DOCK9,ARHGAP45,RABGAP1,SH3BP4,TBC1D22A,RASGRP3,NGEF,TIAM2,SGSM3,RAPGEF1,ABR,ITGA6,TBC1D10C,MET,NF1,SNX9,LARS1,RAPGEF6,PLXNA2,ASAP3,ADAP2,ARHGAP15,RCC2,PTK2,PREX1,ARHGAP22,RALGDS,RAP1GDS1,RASGRF1,BCR,RSU1,S100A10,CCL13,CCL18,CCL20,CCL21,CCL22,CCL25,SOD1,VAV2,EVI5,DOCK8,ARHGAP24,TBC1D10A,BCAR3,GARNL3,RGS9,ARHGEF7,MAP4K4,ARHGEF10,RALGPS1,RAPGEF2,RIPOR2,TBC1D5,TBC1D4","Sputum_Paucigranulocytic"
"BP","lymphocyte activation involved in immune response",211,47,0.000619347627014538,0.0628306048048141,"ADA,LILRB1,MALT1,NLRP3,SLC15A4,CCR6,ZFPM1,GPR183,GAPT,PTK2B,FCER1G,SWAP70,PLCL2,IL27,ABL1,GATA3,FOXP1,ANXA1,HLA-DMB,HLA-DRA,HSPD1,IRF8,IL4,IL6R,IL18,ITGAL,JAK1,LCP1,NOTCH2,IL23A,PLCG2,APBB1IP,PRKCZ,HMCES,RAB27A,RARA,BCL6,RORA,RPS6,CEACAM1,SEMA4A,ST3GAL1,SLC11A1,HAVCR2,PGLYRP1,CD80,CD86,CD81","Sputum_Paucigranulocytic"
"BP","protein phosphorylation",1312,267,0.000624587679700241,0.0630805797044812,"CDH5,SH2D3C,C8orf44-SGK3,ADAM8,HIPK3,RASGRP1,ADAM10,CDK6,CTDSPL,ADAR,ADARB1,TESK2,TAB1,GPNMB,MERTK,SEMA4D,RGS14,CAMKK2,FAXDC2,MALT1,LILRB4,TLK2,PKIG,CHI3L1,MAP4K1,CHP1,PHB2,WDFY2,NIBAN1,CLU,MOB3A,CREB1,MYO3B,STK35,CACUL1,PIK3R6,PDIK1L,CCNYL1,GRK3,PRAG1,DAPK1,DAXX,DYRK1A,EFNA5,EGF,SPRED2,MARK2,EPHB1,EPHB3,ERG,ERN1,EZH2,PTK2B,CCNY,FGR,PPM1E,AAK1,LMTK2,ATG14,INPP5F,MAPRE3,SIRT2,STK38L,TNIK,ERC1,CDK19,TAB2,MAST2,FLT1,SASH1,SIK3,MORC3,PIK3R5,FPR2,DAPK2,SGK3,PRKD3,ALK,ABL1,FYN,WWTR1,GATA1,STK39,GMFB,GNAQ,SLCO3A1,ANG,ANGPT1,GPER1,GRK4,HIPK2,EEF2K,PILRB,HCLS1,HTT,NRG1,UBE2K,HSF1,IGF1R,IKBKB,IL4,IL6R,IL18,INHBA,INSR,IRAK2,ITGA5,ITGB2,ITGB3,ITPKB,JAK1,LCP2,LIMK1,LIMK2,LTF,LYN,MIR143,ARRB1,MAP3K1,MAP3K10,NCK1,NEDD9,NEK3,NF1,NGF,ATP2B4,P2RX7,MINK1,PRKN,CDK17,TAOK3,ANGPT4,PRKAG2,SNX9,PDE4D,IL23A,CDK5RAP1,ENPP2,PDPK1,NLK,CAB39,MAP3K20,CDK14,PHKG2,PIK3CB,PIK3CD,PLCG2,ERRFI1,TREM2,PPARG,PRKAB1,PRKACA,PRKAR1A,PRKCA,PRKCB,PRKCD,PRKCE,PRKCH,PRKCZ,MAPK1,MAPK8,MAPK13,PDGFC,MAP2K1,MAP2K5,MAP2K6,DUSP22,FAM20C,CASS4,CAMK1D,PAK5,PELI2,PTEN,BIRC6,PTK2,RPTOR,TAOK1,FNIP2,PTPN1,TRIB3,PTPN11,PTPRJ,PTPRO,RAC1,RAF1,RARA,BCL2,BCR,RPS6KA1,RPS6KA2,CEACAM1,CCL21,BLK,SGK1,SMYD3,DEPTOR,SLC8A1,SLC11A1,SOD1,SORL1,SRC,BRAF,SRPK2,STK3,STK4,SYK,TGFA,TGFBR2,TNF,TPD52L1,TSG101,TTK,C5AR1,TYK2,UVRAG,WARS1,XRCC5,YES1,YWHAG,YWHAZ,DBNDD1,CARD14,CCNJL,PRKRIP1,MOB3B,PEAK1,PRR5L,FXR1,HMGA2,CAMK2D,CAMP,AXIN1,SESN2,ROPN1L,DTNBP1,BCAR3,STK24,NCK2,ADTRP,FBH1,UBASH3B,MKNK1,STK16,PLPP3,CDK13,TNKS,MARCO,TNFRSF11A,IQGAP1,NRP1,KSR1,CCND2,PKMYT1,ACVR1B,PKDCC,MYLK3,CD6,MAPKAPK2,NHERF1,ACVRL1,CD80,CD86,MAP4K4,CD36,CD44,TCL1B,AATK,ZNF592,PPM1F,RAPGEF2,MAML1,TNFSF15","Sputum_Paucigranulocytic"
"BP","positive regulation of cell-substrate adhesion",123,39,0.00063822802275941,0.0641729804831188,"CDK6,AGR2,COL26A1,CRK,DAG1,DOCK1,PTK2B,ABL1,DISC1,ITGA6,ITGA5,ITGB3,SMAD3,NEDD9,NID1,HSD17B12,RIN2,CARMIL1,FERMT1,PRKCE,PRKCZ,CASS4,PREX1,PTPRJ,RAC1,RREB1,RSU1,S100A10,CCL21,CCL25,BRAF,STK4,UTRN,DOCK5,CALR,NRP1,ARHGEF7,MAP4K4,CD36,PPM1F","Sputum_Paucigranulocytic"
"BP","myeloid cell homeostasis",173,46,0.000653741722788096,0.0654432903464172,"TRIM10,CDK6,ADAR,IKZF1,MERTK,KLF1,TRAF3IP2,SLC15A4,ZFPM1,EPAS1,ALAS1,ETS1,RCOR1,BRD1,GATA1,GATA3,GPI,HIPK2,RACGAP1,TMOD3,ANXA1,HCLS1,HIF1A,INHBA,INPP5D,ITPKB,KCNQ1,LIPA,LYN,RHEX,MTHFD1,NF1,ZBTB7A,PDE4B,PIK3CB,PIK3CD,LYAR,AXL,ARID4A,BCL6,RPS6,SOD1,THRA,CCR2,UBA5,ACVR1B,MFHAS1","Sputum_Paucigranulocytic"
"BP","locomotion",1324,255,0.000675643838081226,0.0673391691954289,"ADA,CDH5,C8orf44-SGK3,ADAM8,PLXNC1,ADAM10,CDK6,DLC1,ADARB1,VAV3,GPNMB,SEMA4D,SEMA3C,CXCR6,NISCH,PTGDR2,CMTM7,CHRM1,LYST,CYGB,SSX2IP,RFFL,CCR6,CMKLR1,ADORA1,CRK,ADORA3,CTSH,GLIPR2,CMTM8,CXADR,SH3RF2,PRAG1,CYP19A1,DACH1,DAG1,DOCK1,DOCK2,GPR183,EFNA5,EFNB2,EGF,ANO6,EPHB1,ETS1,PTK2B,FCER1G,SPATA13,PHACTR1,ADGRG3,FGR,VASH1,INPP5F,ZNF609,SWAP70,PLXND1,LRCH1,FLT1,SASH1,PIP5K1C,MACF1,FPR2,FPR3,DAPK2,SGK3,ALOX5,ABL1,FBXO7,SIN3A,PLEKHG3,GATA3,FOXP1,AGO2,STK39,GNA12,GPI,ANGPT1,ANGPT2,GPER1,ANXA1,ANXA3,NRG1,HIF1A,IGF1R,ARPIN,IL4,IL6R,AQP1,IL16,INSR,ITGA6,ITGA4,ITGA5,ITGA9,ITGB2,ITGB3,MIA3,KRT16,LMNA,LRP1,LSP1,LYN,MIR143,SMAD3,ARSB,MEF2C,MET,MGAT3,MITF,ABCC1,MYO1C,NCK1,NEDD9,NF1,NFE2L2,NINJ1,NOTCH1,ATP2B4,P2RX4,P2RY6,MINK1,ABI3,ANGPT4,PDE4B,EVL,IL23A,HDAC7,CYRIB,ENPP2,PDPK1,ARID4B,PIK3CB,PIK3CD,PIK3R1,PLCG2,PLD1,PLXNA2,TREM2,TREM1,SSH1,RIN2,PPARG,PPBP,TBCCD1,PPP3CA,CARMIL1,FERMT1,PRKCA,PRKCD,PRKCE,PLGRKT,RCC2,MAPK1,PDGFC,MAP2K1,MAP2K5,LGMN,SUCNR1,DUSP22,CASS4,CAMK1D,PTEN,JPH3,LRTM1,TMIGD3,MIR492,PTK2,HACE1,SEMA6A,PREX1,SHTN1,MEAK7,PTPRJ,PTPRO,CXCL16,SINHCAF,RAC1,RAF1,ARID4A,LGR6,BCL2,BCR,RREB1,S100A8,S100A11,CEACAM1,CCL13,CCL18,CCL20,CCL21,CCL22,CCL25,ELMO2,VSIR,KIF9,SEMA4A,SUDS3,SGK1,CLEC7A,SMURF2,ST6GAL1,SORL1,SPARC,SRC,BRAF,STK4,STX3,BSG,SYK,MSMP,TGFBR2,TNF,C5,C5AR1,CCR2,VCL,WNT3,LDLRAD4,MCTP1,RIN3,PRR5L,DOCK5,SLC8B1,ACTN4,CALR,DOCK8,CD99L2,FERMT3,PLA2G6,STK24,ADTRP,PLPP3,ADAM15,TNFRSF11A,NRP1,ARHGEF7,NAV3,BMERB1,PHLDB2,CCRL2,MCU,STARD13,ACVR1B,DLG5,CD9,NHERF1,ACVRL1,TP53INP1,MAP4K4,AKAP12,PPM1F,RAPGEF2,DOCK4,HDAC9,CD81,RIPOR2,CD151,ZEB2,IQSEC1,WDR1,CDH1","Sputum_Paucigranulocytic"
"BP","pyroptosis",37,12,0.000680499379202879,0.0675269340305949,"NLRP3,NLRP1,MEFV,NINJ1,APIP,MAP3K20,TREM2,NLRC4,CASP1,DPP9,AIM2,ZEB2","Sputum_Paucigranulocytic"
"BP","regulation of alpha-beta T cell activation",114,32,0.000701040327903472,0.0692254167154075,"ADA,LILRB1,MALT1,LILRB4,NLRP3,IL27,GATA3,ANXA1,HFE,HLA-A,HLA-DRA,IL4,IL18,ITPKB,IL23A,PRKCZ,CRTAM,RARA,BCL6,PRDM1,VSIR,SYK,TGFBR2,CCR2,TYK2,ZBTB16,CARD11,RUNX1,CBFB,CD80,CD86,CD81","Sputum_Paucigranulocytic"
"CC","lytic vacuole",749,149,0.000706754826525899,0.0692254167154075,"ADA,ADAM8,RAMP2,CPQ,CAP1,CTSC,CKAP4,PLAAT3,SLC2A6,GABARAP,MARCHF3,CLNK,AP2M1,BORCS5,CLCN6,SLC36A4,TMEM45B,SLC15A4,WDR81,RNF19B,VCAN,NFAM1,CTSB,CTSH,CTSZ,VPS13B,AP2A2,AP2B1,DYNC1H1,EEF1A1,EGF,SERPINB1,MARCHF8,ARSG,FNBP1,TAB2,ATP10B,FAF2,ATP11A,CLEC16A,VPS39,ABCB9,ZFYVE26,ARHGAP45,ATP6V0A2,HEBP2,BACE1,PLD3,PLA2G15,GAA,RPS6KC1,B4GALT1,LAMP3,GLB1,GM2A,GNAQ,GNS,GUSB,GYG1,SLC2A8,ANXA2,HEXA,HEXB,ANXA6,HLA-DMB,ANXA11,HLA-DQA2,HLA-DRA,HSPG2,FFAR4,INSR,KCNE1,KCNQ1,KIF5B,LIPA,LRP1,LYN,ARRB1,ARSB,STS,MITF,MNDA,NCF2,NPC1,P2RX4,ATP6V0A4,SIDT2,MARCHF2,PDE1C,ANKFY1,LARS1,ATP6V1H,CHMP3,WWOX,ADA2,ATP6V1C1,ACP2,PIP4K2A,TM6SF1,PLD1,TPCN1,ACP5,TOLLIP,SLC66A1,CPPED1,GIMAP5,PI4K2A,PRKCD,MAPK1,LRRC8A,LGMN,RETN,SPPL2B,PLAAT1,SNX14,RPTOR,FNIP2,MEAK7,RRAGD,RAB27A,PGAP6,RHEB,SORT1,TINAGL1,DEPTOR,VPS33A,SLC11A1,SRC,STX3,BORCS8,USP4,UVRAG,AHNAK,FYCO1,PLBD1,LPCAT1,CUBN,NCOA4,CALR,SLC7A5,VOPP1,ITM2C,CAPN2,SESN2,CCDC115,ZNRF1,CREG1,HPS4,ATP6V0E1,SDC3,CD68,LRBA","Sputum_Paucigranulocytic"
"CC","lysosome",749,149,0.000706754826525899,0.0692254167154075,"ADA,ADAM8,RAMP2,CPQ,CAP1,CTSC,CKAP4,PLAAT3,SLC2A6,GABARAP,MARCHF3,CLNK,AP2M1,BORCS5,CLCN6,SLC36A4,TMEM45B,SLC15A4,WDR81,RNF19B,VCAN,NFAM1,CTSB,CTSH,CTSZ,VPS13B,AP2A2,AP2B1,DYNC1H1,EEF1A1,EGF,SERPINB1,MARCHF8,ARSG,FNBP1,TAB2,ATP10B,FAF2,ATP11A,CLEC16A,VPS39,ABCB9,ZFYVE26,ARHGAP45,ATP6V0A2,HEBP2,BACE1,PLD3,PLA2G15,GAA,RPS6KC1,B4GALT1,LAMP3,GLB1,GM2A,GNAQ,GNS,GUSB,GYG1,SLC2A8,ANXA2,HEXA,HEXB,ANXA6,HLA-DMB,ANXA11,HLA-DQA2,HLA-DRA,HSPG2,FFAR4,INSR,KCNE1,KCNQ1,KIF5B,LIPA,LRP1,LYN,ARRB1,ARSB,STS,MITF,MNDA,NCF2,NPC1,P2RX4,ATP6V0A4,SIDT2,MARCHF2,PDE1C,ANKFY1,LARS1,ATP6V1H,CHMP3,WWOX,ADA2,ATP6V1C1,ACP2,PIP4K2A,TM6SF1,PLD1,TPCN1,ACP5,TOLLIP,SLC66A1,CPPED1,GIMAP5,PI4K2A,PRKCD,MAPK1,LRRC8A,LGMN,RETN,SPPL2B,PLAAT1,SNX14,RPTOR,FNIP2,MEAK7,RRAGD,RAB27A,PGAP6,RHEB,SORT1,TINAGL1,DEPTOR,VPS33A,SLC11A1,SRC,STX3,BORCS8,USP4,UVRAG,AHNAK,FYCO1,PLBD1,LPCAT1,CUBN,NCOA4,CALR,SLC7A5,VOPP1,ITM2C,CAPN2,SESN2,CCDC115,ZNRF1,CREG1,HPS4,ATP6V0E1,SDC3,CD68,LRBA","Sputum_Paucigranulocytic"
"CC","extracellular exosome",2145,365,0.000713022323933377,0.0695395677642148,"DDTL,WASF2,ADAM10,PATJ,CTDSPL,ZMPSTE24,NDRG1,ST3GAL6,CPQ,BAIAP2,CAP1,SEMA3C,DCTN2,CTSC,GIPC1,AHCYL1,IQGAP2,MTMR11,EHD1,CKAP4,YWHAQ,LILRB4,WWP1,WWP2,CHI3L1,NUDT5,PACSIN2,SNX18,CHP1,SCN11A,MGAT4A,ACOT7,OSBPL1A,C1QTNF3,NIBAN1,AP2M1,CLU,TMEM52B,OSCAR,CNP,FAM168B,COL15A1,COPA,CPE,CPM,CRK,S100A16,MTCL2,CS,PLEKHA7,TOM1L2,CTNND1,CTSB,CTSH,PPM1L,GLIPR2,CTSZ,DAG1,DARS1,LRRN4,DDC,DNM1,DYNC1H1,DOCK2,DPYSL2,DSC1,ECH1,EEF1A1,EEF2,EGF,ANO6,SERPINB1,EPHB1,FABP4,ALDH2,FAH,FAT2,SLC37A2,FBP1,FCER2,ALDH9A1,FGR,FKBP5,TNIK,FLNB,RFTN1,MGRN1,CUX2,ARHGEF18,DICER1,COTL1,QPRT,HEBP2,PLD3,PLA2G15,CEMIP2,SH3BP4,ALK,ALPL,GAA,TXNDC8,SERINC5,ACOT11,TIAM2,GBE1,MYOF,B4GALT1,CYFIP2,SND1,CPNE7,AGO2,GLB1,GLG1,TOR1B,MAT2B,GM2A,GMDS,GNAQ,GNG7,GNS,GOLGA4,GOT2,GPD1,GPI,SLC39A5,ANGPT1,VMO1,METRNL,GPX4,RACGAP1,GSTA1,OLA1,GUSB,ANXA1,ANXA2,ANXA3,ANXA4,HEXA,HEXB,ANXA6,HLA-A,ANXA11,HLA-DRA,AOX1,HNMT,HSPD1,HSPG2,APLP2,IARS1,IDH2,EYS,AQP1,INSR,ITGA4,ITGAL,ITGAM,ITGB2,ITGB3,CD82,B3GNT8,ARF1,TNPO1,KRT8,KRT16,LCP1,RAB19,LSP1,LTA4H,LTBP2,LTF,LYN,MIR143,ARSB,MAN1A1,ART3,MLLT3,MNDA,ABCC1,MTHFD1,MYH10,MYO1C,MYO1E,ACO1,NID1,NPC1,ATP2B2,P2RX4,MINK1,ATP6V0A4,ITSN2,PCBP2,CRYL1,PCNA,SNX9,ANKFY1,PDE8A,CYRIB,ATP6V1H,CHMP3,ENPP3,CAB39,RAB8B,GALNT7,PGAM2,PGM1,SLC25A3,SERPINA1,ATP6V1C1,ACP2,PITPNA,PLCG2,CLIC5,FXYD3,UBL3,NANS,GNG2,TOLLIP,CHCHD3,TMEM132A,TTC38,VPS13D,PRG2,NAGK,CARMIL1,PRKACA,CDK5RAP2,PRKCA,PRKCB,AXL,PRKCD,PRKCH,PRKCZ,GNG12,PDGFC,LGMN,HTRA1,SUCNR1,RETN,UGGT1,FAM20C,SLC12A9,PSMD3,MAN1C1,SMURF1,NDRG2,TAOK1,DIP2B,QSOX1,CPNE5,PTPRJ,PTPRO,PTPRS,NECTIN2,RAB27A,RAC1,PGAP6,RAP1GDS1,SCPEP1,RBP4,RHEB,BCR,RPS18,RREB1,RSU1,S100A6,S100A8,S100A10,S100A11,SCNN1A,CEACAM1,SECTM1,TINAGL1,TOR3A,RAB17,BLVRA,ST3GAL1,NIBAN2,SLC2A1,SLC2A5,SLC5A1,SLC22A5,SLPI,SOD1,SORL1,SPAST,SPTAN1,SPTBN1,SRC,STX3,BSG,MIR619,TSPO,TKT,SERPING1,TPM3,TPM4,TSG101,DNAJC7,C5,TXNRD1,TYK2,C8A,C8B,UBE2D3,UGP2,UTRN,VCL,EZR,VWF,WARS1,WNT3,YES1,YWHAG,YWHAZ,PTTG1IP,LUZP1,AHNAK,NAA16,DYNC2H1,PRKRIP1,MYH14,THSD4,UXS1,ARMC9,CUBN,COASY,TTYH3,COL18A1,ACTN4,CALR,SLC7A5,SLC38A1,ITM2C,CAMP,CAPG,CAPN2,EPX,CAPZB,FERMT3,TBC1D10A,EEA1,STK24,CYSTM1,CARD11,PDXK,ACTN1,TNFSF10,ADAM15,NAPA,CREG1,IQGAP1,PROZ,MVB12B,PGLYRP1,MAPKAPK2,CD9,CPNE6,NHERF1,KIF3B,CD86,ENTPD1,CREB5,CD44,CD53,CD59,SAFB2,CD81,ADGRE5,RUSC2,WDR1,THRAP3,DOP1B,CDH1","Sputum_Paucigranulocytic"
"BP","cellular response to lipopolysaccharide",226,47,0.00075295353015154,0.0731201539280495,"CEBPE,LILRB1,MALT1,NLRP3,NLRP7,PPM1E,SBNO2,CDK19,SASH1,ABL1,GATA1,HSF1,IRF8,TICAM2,IRAK2,SCIMP,LTF,LYN,MEF2C,CARD17P,PDE4B,PLCG2,PPBP,PRKCA,AXL,PRKCE,MAPK1,MAPK8,RARA,UPF1,BCR,SRC,TSPO,TNF,TNIP3,SLC7A5,CAMP,CAPN2,CASP1,CASP7,HAVCR2,CD6,CD80,CD86,LY86,CD36,NR1D1,CD68","Sputum_Paucigranulocytic"
"BP","negative regulation of macrophage cytokine production",12,7,0.000767698644322978,0.074234825504661,"ACP5,PRG2,AXL,TGFB3,CUEDC2,NLRX1,EPX","Sputum_Paucigranulocytic"
"CC","specific granule membrane",91,26,0.000797983156787769,0.0768363104018867,"ADAM8,ADAM10,CKAP4,SLC15A4,ANO6,ADGRG3,CD93,ATP11A,UBR4,FPR2,ITGAL,ITGAM,ITGB2,P2RX1,PLD1,PTPRJ,CEACAM1,MMP25,SLC2A5,ATP8B4,TSPAN14,KCNAB2,DEGS1,DGAT1,CD36,CD53,CD59","Sputum_Paucigranulocytic"
"BP","positive regulation of protein modification process",808,167,0.00080450352485924,0.0771372915565459,"CDH5,SH2D3C,SAE1,ADAM8,RASGRP1,DLC1,PIAS3,TAB1,GPNMB,SEMA4D,CAMKK2,FAXDC2,MALT1,CHI3L1,CHP1,PHB2,GABARAP,WDFY2,NIBAN1,CLU,SPPL3,MOB3A,ADORA1,CACUL1,PRICKLE1,PIK3R6,DAXX,DYRK1A,EFNA5,EGF,MARK2,ERCC6,ERN1,EZH2,PTK2B,CCNY,ATG14,MAPRE3,TNIK,TAB2,FLT1,CAMTA1,SASH1,SF3B1,PIK3R5,FPR2,HSPBP1,ABL1,FYN,GATA1,NUPR1,GNA12,SLCO3A1,ANG,ANGPT1,KANSL1,GPER1,HIPK2,PILRB,HCLS1,NRG1,UBE2K,HSF1,IL4,IL6R,IL18,INHBA,INSR,ITGA5,ITGB3,LCP2,LIMK2,LTF,BMAL1,LYN,MIR143,ARRB1,MAP3K10,NEDD9,NGF,NNMT,ATP2B4,P2RX7,PRKN,FZR1,TAOK3,ANGPT4,PRKAG2,SNX9,IL23A,ENPP2,PDPK1,CAB39,PLCG2,TREM2,TOLLIP,NDFIP2,WBP1L,DCUN1D2,AMBRA1,INAVA,PRKCD,MAPK1,PDGFC,MAP2K1,MAP2K5,MAP2K6,CASS4,PELI2,PELI1,PTEN,PTK2,RPTOR,TAOK1,FNIP2,DIP2B,PTPN1,TRIB3,PTPN11,PTPRJ,RAC1,RAF1,BCL2,CCL21,SMYD3,MARCHF7,SLC11A1,SRC,BRAF,STK4,SYK,TGFA,TGFBR2,TNF,TPD52L1,WFS1,XRCC5,YES1,PTTG1IP,ASPSCR1,CARD14,MOB3B,PRR5L,FXR1,HMGA2,CAMP,AXIN1,DTNBP1,BCAR3,ADTRP,FBH1,PLPP3,MARCO,TNFRSF11A,IQGAP1,NRP1,CCND2,BTRC,BAZ1B,ARRDC4,CD6,CD80,CD86,CD36,CD44,TCL1B,RAPGEF2,NOS1AP,HDAC4,TNFSF15","Sputum_Paucigranulocytic"
"BP","macrophage cytokine production",37,14,0.000819236311454734,0.0773894344872794,"NOD1,LILRB1,PANX1,P2RX7,PLCG2,ACP5,PRG2,AXL,TGFB3,CUEDC2,NLRX1,EPX,MAPKAPK2,CD36","Sputum_Paucigranulocytic"
"BP","regulation of macrophage cytokine production",37,14,0.000819236311454734,0.0773894344872794,"NOD1,LILRB1,PANX1,P2RX7,PLCG2,ACP5,PRG2,AXL,TGFB3,CUEDC2,NLRX1,EPX,MAPKAPK2,CD36","Sputum_Paucigranulocytic"
"BP","cellular response to organic substance",2029,360,0.000820815372999197,0.0773894344872794,"RAMP2,ADAR,NOD1,PIAS3,ST3GAL6,CDC42EP2,BAIAP2,NCOA2,CEBPE,AGR2,KLF1,CXCR6,GNB5,GIPC1,TRAF3IP2,AHCYL1,GJB6,LILRB1,MALT1,LILRB4,RAB31,PRDM5,CHI3L1,MAP4K1,CHRM1,VPS26B,PHB2,NLRP3,FBXO32,RFFL,CCR6,CMKLR1,TRIM71,CPT1A,CREB1,CRK,MTCL2,CRY2,DCST1,CTSB,CTSH,GPBAR1,DAG1,DAPK1,DAXX,UBXN2A,ZNF366,DNMT3A,AGRP,EFNA5,NLRP7,HTR3D,SLC29A1,ERN1,ESR1,EXT1,EZH2,FABP4,PTK2B,FBN1,FBP1,FCER1G,FDX1,MRAS,FKBP1B,PPM1E,CPEB3,SBNO2,ATF6,SIRT2,FOXO1,KDM4C,CDK19,LRCH1,FLNB,LPIN1,CUX2,SASH1,LARP1,LEPROTL1,SPIDR,FPR2,BACE1,SH3BP4,ALK,ALPL,ABL1,FYN,SAMHD1,SIN3A,ZBTB20,GATA1,GATA3,AMFR,PELP1,GJB3,FOXP1,TNFRSF21,SESN1,GLDC,STK39,GNAO1,GNAQ,GPD1,ANGPT1,GPR21,NKIRAS2,GPER1,ILDR1,GRB10,RAPGEF1,NR3C1,SNX10,EEF2K,STRN3,SLC2A8,ANXA1,HCLS1,HIF1A,UBE2K,HK2,ACACA,HRH1,HSF1,HSPD1,HTR3A,FFAR4,IRF8,IFI16,IFNGR2,IGF1R,TICAM2,IKBKB,IL4,IL5RA,IL6R,AQP1,IL18,INHBA,INSR,ITGA6,IRAK2,AQP9,IRF5,ITGA4,ITGB3,ITPR1,ITPR2,JAK1,JARID2,KCNE1,KCNMB1,KCNQ1,KIF5B,KRT8,SERP2,SCIMP,LRP1,LSP1,LTF,BMAL1,LYN,MIR143,SMAD1,MAX,MCM2,MEF2C,MNDA,ABCC1,CARD17P,RHEX,MX1,MYO1C,NCK1,NFE2L2,NOTCH1,NPC1,ATP2B4,OPRM1,P2RX4,P2RX7,P2RY2,P2RY6,PRKN,PCK2,SIDT2,KLF3,ZBTB7A,UBR5,PDE4B,LARS1,PDPK1,PIK3R1,PIP4K2A,BCL11A,PLCG2,P2RY13,TREM2,GNG2,SSH1,TOLLIP,RBM47,PPARD,PPARG,PPBP,WBP1L,TESC,TMEM33,PPP3CA,RAB20,PRKACA,PRKAR1A,UGGT2,PRKCA,PRKCB,AXL,PRKCD,TRERF1,PRKCE,PRKCZ,MAPK1,MAPK8,MAPK13,PDGFC,MAP2K6,LGMN,UGGT1,SPPL2B,ZMIZ1,PTGER2,AMIGO1,PTK2,GRAMD1B,ARID1B,RPTOR,PTPN1,TRIB3,PTPN11,PTPRE,PTPRJ,PTPRN2,PXN,RRAGD,RAD23B,RAF1,RAP1GDS1,RARA,HRH4,BCL2,UPF1,BCL2L1,TNFRSF17,RORA,HCN2,BCR,RPS6KA2,RXRA,SCNN1A,CEACAM1,CCL13,CCL18,CCL20,CCL21,CCL22,CCL25,NPFFR1,SGK1,CLEC7A,SMYD3,SLC1A2,SLC1A3,SLC2A5,NADK,SLC8A1,SORL1,SRC,SYK,KLF5,TFF2,TSPO,THRA,TIMP3,TLE4,TNF,TOP2B,TRAF3,CCR2,TYK2,UCP3,UGCG,VDR,EZR,WFS1,WNT3,XRCC5,YES1,YWHAG,ZYX,CACNB1,PAX8,CACNB4,CARD14,ADIPOR2,UBA5,TNIP3,NCOA4,PNPLA3,ACTN4,CALR,GPR68,SLC7A5,DCSTAMP,DOCK8,CAMP,NRIP1,CAPN2,ARID1A,CASP1,SESN2,PLA2G6,CASP7,DTNBP1,BCAR3,ARID5B,SLC25A33,NCK2,CASQ2,ADTRP,HAVCR2,YBX3,MBTPS1,URI1,ADAM15,TNFRSF11A,KAT2B,BTRC,UMODL1,OTULIN,CCRL2,RNF185,MYLK3,CD6,MAPKAPK2,TRIP4,NHERF1,RECQL5,CD80,CD86,TP53INP1,AIM2,LY86,CD36,NR1D1,AKAP12,CD44,NCOR2,ZNF592,SAFB2,CD68,RAPGEF2,HDAC9,RIPOR2,HDAC4,C2CD2L,TBC1D4,GFPT2,SLC23A2,CDH1","Sputum_Paucigranulocytic"
"BP","regulation of catabolic process",1079,203,0.000821888207588025,0.0773894344872794,"ADAM8,ZMPSTE24,NOD1,ARIH2,IGF2BP2,CAMKK2,CELF1,GIPC1,TRAF3IP2,USP20,TLK2,TENT4A,SLC2A6,SNX18,VPS26B,GABARAP,CLU,RNF19B,DIS3L2,TRIM71,ADORA1,CPT1A,MTCL2,PRICKLE1,SH3RF2,RNF217,DAP,DAPK1,UBXN2A,EEF1A1,EGF,ERCC4,ERN1,PTK2B,CCNY,PATL1,FBP1,FOXK1,FHIT,CPEB3,ATG14,ATF6,SIRT2,STK38L,SAMD4A,FOXO1,TNRC6B,TAB2,LARP4B,MTCL1,CLEC16A,LARP1,RYBP,ATP6V0A2,DAPK2,HSPBP1,SH3BP4,ALK,ABL1,FYN,RNF144B,SNX33,FBXO7,RNF19A,ZBTB20,FBXW8,NUPR1,LAMP3,AGO2,DISC1,SESN1,SGSM3,GNA12,GPD1,DCPS,HIPK2,SETD2,USP25,ANXA2,HTT,HFE,HIF1A,UBE2K,HSF1,ENPP7,IFI16,SH3RF3,IL4,FOXK2,INSR,ITPR1,MTCL3,LRP1,SMAD3,MDM4,MEFV,MET,MGAT3,NFE2L2,NPC1,ATP2B4,P2RX7,PRKN,PARN,UBXN1,MARCHF2,ZBTB7A,FZR1,PRKAG2,SNX9,ATP6V1H,SUFU,PHKG2,ATP6V1C1,PIK3CB,PIP4K2A,TPCN1,TREM2,RBM47,TENT5C,TMEM132A,NRDE2,WIPI1,VPS13D,AMBRA1,PRKACA,PRKCA,PRKCD,PRKCE,MAPK8,ZC3HAV1,PSMC1,PSMD3,SMURF1,PTEN,PTK2,CNOT6,RPTOR,USP36,QSOX1,PTPN1,TRIB3,RRAGD,RAD23B,BCL2,UPF1,RHEB,SCOC,VSIR,SGTA,CRTC3,DEPTOR,MARCHF7,SLC11A1,BNIP3L,SORL1,SREBF2,STX5,TGFB1I1,TSPO,THRA,TIMP2,TIMP3,TNF,UVRAG,EZR,WFS1,CSDE1,USP7,METTL16,FTO,FYCO1,LPCAT1,PRR5L,PSME3IP1,FXR1,SLC7A5,TAF15,USP9X,AXIN1,SESN2,QRICH2,AGBL4,MFSD2A,YBX3,CBFA2T3,TNFSF12,KAT2B,HERC1,BTRC,ATP6V0E1,LRSAM1,ANGEL2,RNF185,MAPKAPK2,TP53INP1,SPTLC2,SEC22B,GTPBP1,FEZ2,N4BP1,VGLL4,CD81,HDAC4,ATG13,THRAP3,CDH1","Sputum_Paucigranulocytic"
"BP","regulation of cell-substrate adhesion",220,63,0.000824161377658934,0.0773894344872794,"CDK6,DLC1,AGR2,COL26A1,CRK,DAG1,DOCK1,EFNA5,PTK2B,MACF1,ABL1,DISC1,ANGPT2,ITGA6,ITGA5,ITGB3,SMAD3,NEDD9,NF1,NID1,NOTCH1,MINK1,HSD17B12,PIK3CB,PIK3R1,RIN2,CARMIL1,FERMT1,PRKCE,PRKCZ,RCC2,DUSP22,CASS4,PTEN,PTK2,PREX1,PTPRJ,PTPRO,RAC1,BCL2,BCL6,RREB1,RSU1,S100A10,CCL21,CCL25,ST6GAL1,SRC,BRAF,STK4,TBCD,UTRN,VCL,PEAK1,DOCK5,ACTN4,CALR,ADAM15,NRP1,ARHGEF7,PHLDB2,ACVRL1,MAP4K4,CD36,PPM1F","Sputum_Paucigranulocytic"
"BP","immunological synapse formation",15,9,0.000831351180305124,0.0777433095524841,"DOCK2,EPHB1,NEDD9,CCL21,DOCK8,NCK2,HAVCR2,CD6,CD81","Sputum_Paucigranulocytic"
"BP","homeostatic process",1720,317,0.000836518508468263,0.0779059286329213,"ADA,CDH5,CERT1,ADAM8,TRIM10,LPCAT3,CDK6,ADAR,IKZF1,MERTK,TXNRD2,IGF2BP2,KLF1,TRAF3IP2,GJB6,EHD1,IMMT,AKAP11,CHP1,SLC46A1,BTBD9,SLC25A25,C1QTNF3,CLCN6,PDZD8,SLC15A4,SLC24A4,CMKLR1,ADORA1,CREBBP,CRY2,PIWIL4,PRICKLE1,CTSH,CXADR,VPS13B,TTC39B,ZFPM1,TMEM64,DYNC1H1,ABAT,GPR183,EFNA5,ANO6,GAPT,SLC29A1,EPAS1,CLN8,ERCC6,ERN1,ALAS1,ETS1,EXT1,EZH2,FABP4,PTK2B,FOXK1,FKBP1B,RASA3,FOXO1,LPIN1,RCOR1,PLCL2,PACS2,FMO1,FMO4,DMXL2,ATP6V0A2,BRD1,ALK,ALOX5,ALPL,ABL1,GAA,WWTR1,SIN3A,DHRS7B,ACOT11,ERC2,ZBTB20,GATA1,KLHL3,GATA3,CNNM3,ATP2C1,AMPD2,DISC1,STK39,GPI,POC1B,ANG,ANGPT1,METRNL,SIGLEC15,GPR21,NKIRAS2,SLC9A9,GPER1,PNPLA1,ILDR1,GRB10,HIPK2,RACGAP1,TMOD3,SNX10,ANXA1,HCLS1,HTT,HEXB,HFE,ANXA6,HIF1A,UBE2K,HK1,HK2,ACACA,APBB2,HSF1,FFAR4,ENPP7,IGF1R,IL4,AQP1,IL18,FOXK2,INHBA,INPP5D,INSR,ITGB3,ITPKB,ITPR1,ITPR2,ARF1,KCNH2,KCNQ1,LIPA,LIPC,LTF,BMAL1,LYN,SMAD1,MBP,MEF2C,RHEX,MTHFD1,NUBP1,ATOX1,NF1,NFE2L2,ACO1,ATP1A4,NOTCH1,NPC1,ATP2A2,ATP2A3,ATP2B2,ATP2B4,P2RX1,P2RX4,P2RX7,P2RY2,P2RY6,ATP6V0A4,PRKN,PCK2,SIDT2,ZBTB7A,TRPV2,PDE4B,PDE4D,LIMA1,ATP6V1H,ENPP3,PDPK1,ATP6V1C1,PIK3CB,PIK3CD,PIK3R1,PLCB4,PLCG2,TPCN1,ACP5,TREM2,PPARD,PPARG,CNNM2,SLC66A1,MKS1,ADISSP,FGGY,ACOXL,PPP3CA,LGR4,AMBRA1,SLC39A4,CHD7,PRKAB1,LYAR,RAB20,PRKACA,PACS1,INAVA,PRKCA,PRKCB,AXL,PRKCE,MAPK1,PDGFC,MAP2K6,LRRC8A,MUC13,SUCNR1,SLC12A9,ADCK1,TTC7A,JPH3,SLC24A3,GRAMD1B,TAOK1,STIM2,PTPN11,SLC4A5,PTPRN2,RAF1,RAP1GDS1,ARID4A,RBP4,BCL2,RHCE,RHEB,BCL6,TNFRSF17,RORA,BCR,RPS6,S100A8,SCNN1A,CCL13,CCL21,THADA,CDH23,CRTC3,SLC1A3,VPS33A,SLC2A1,NADK,SLC8A1,SLC11A1,SLC22A5,SOD1,SORL1,SRC,SREBF2,STIM1,SYK,TBXAS1,TCF7L2,TFF2,TFR2,TSPO,THRA,TLE3,TNF,CCR2,TXNRD1,VCL,VDR,WFS1,CACNA1C,ALMS1,CACNB4,ASPSCR1,FTO,ADIPOR2,TBL1XR1,EHMT1,UBA5,LPCAT1,SLC8B1,CUBN,NCOA4,PNPLA3,CALR,GPR68,DCSTAMP,CAMK2D,CAPN3,SESN2,PLA2G6,RNF135,CCDC115,SOAT2,CARD11,CASQ2,SLC12A8,PLA2G12B,MFSD2A,UBASH3B,DGAT1,TNFRSF11A,CREG1,PER2,ATP6V0E1,MCU,COX19,ACVR1B,SLC24A1,XPR1,MFHAS1,GPR55,NHERF1,AIM2,CHST3,CD36,SLC4A8,RPH3AL,NR1D1,ABCG1,ZNF516,HDAC9,TM9SF4,ZEB2,C2CD2L","Sputum_Paucigranulocytic"
"BP","response to chemical",4009,626,0.000863378415648693,0.0798609141229313,"ADA,ABCC5,ADAM8,TRAP1,SLC25A13,ADAM10,CDK6,GPHN,ABCC4,RAMP2,ADAR,NOD1,NDRG1,PIAS3,ST3GAL6,CDC42EP2,VAV3,GPNMB,BAIAP2,NCOA2,SEMA4D,SEMA3C,CEBPE,AGR2,TXNRD2,TXNIP,CAMKK2,KLF1,CXCR6,GNB5,CTSC,GIPC1,TRAF3IP2,AHCYL1,GJB6,LILRB1,MALT1,LILRB4,LIAS,RAB31,TENT4A,PRDM5,KAT7,CHI3L1,MAP4K1,PTGDR2,CMTM7,CHRM1,SCN11A,VPS26B,LYST,SLCO2B1,PHB2,NLRP3,CYGB,SLC25A25,FBXO32,RFFL,ADD1,CLU,SLC24A4,CCR6,CMKLR1,ABCC2,CNP,TRIM71,ADORA1,NCOA7,OR6B1,CPT1A,PXDNL,CREB1,CRK,S100A16,MTCL2,CRY2,PRICKLE1,DCST1,CTSB,CTSH,GPBAR1,CMTM8,CXADR,VKORC1L1,CYP19A1,DAG1,DAPK1,DAXX,DDC,UBXN2A,DHX15,ZNF366,DLG2,DNMT3A,DOCK2,ABAT,AGRP,GPR183,EFNA5,EFNB2,ANO6,NLRP7,HTR3D,SLC29A1,EPAS1,EPHB1,ERCC6,ERN1,ESR1,ALAS1,ETV5,EXT1,EZH2,FABP4,PTK2B,FBN1,FBP1,FCER1G,SDK1,FDX1,MRAS,FKBP1B,PPM1E,CPEB3,NLRP1,SBNO2,ATF6,SIRT2,TNIK,SWAP70,FOXO1,KDM4C,CDK19,TAB2,LRCH1,FLNB,LPIN1,RFTN1,FAF2,FLT1,FMO1,FMO4,CUX2,SASH1,LARP1,PIP5K1C,TRAM1,LEPROTL1,SPIDR,ATP6V0A2,FPR2,FPR3,DAPK2,BACE1,SH3BP4,ALK,ALOX5,PANX1,ALPL,ABL1,FYN,GABBR1,ABTB2,SAMHD1,SIN3A,IPCEF1,ZBTB20,GATA1,GATA3,GCH1,NUPR1,OR11A1,AMFR,PELP1,GJB3,LAMP3,FOXP1,CPNE7,GLB1,TNFRSF21,SESN1,GLDC,STK39,TOR1B,GNA12,GNAO1,GNAQ,GOT2,GPD1,GPI,ANG,ANGPT1,GPR21,ANGPT2,NKIRAS2,GPER1,ILDR1,GPX4,GRB10,RAPGEF1,HIPK2,SETD2,NR3C1,GSTA1,USP25,SNX10,EEF2K,NENF,SLC25A24,STRN3,SLC2A8,ANXA1,HBG2,HCLS1,ANXA3,HFE,KCNIP2,NRG1,HIF1A,UBE2K,HK2,ACACA,ANXA11,AOC2,HLCS,AOX1,HRH1,HSF1,HSPD1,HSPG2,HTR3A,UBAC2,FFAR4,IRF8,IFI16,RTP2,IFNGR2,IGF1R,TICAM2,IKBKB,IL4,IL5RA,IL6R,AQP1,IL16,IL18,IMPA2,IDO1,INHBA,INSR,ITGA6,IRAK2,AQP9,IRF5,ITGA4,ITGA9,ITGB2,ITGB3,ITPKB,ITPR1,ITPR2,JAK1,JARID2,MIA3,KCNE1,KCNH2,KCNMB1,KCNQ1,KIF5B,KRT8,SERP2,SCIMP,LIPA,ASIC2,LMNA,LOXL1,LRP1,LSP1,LTA4H,LTF,BMAL1,LYN,MIR143,SMAD1,SMAD3,SMAD6,ARSB,MAN1A1,MAX,MBP,MCM2,MDM4,MEF2C,MEFV,MET,MGAT3,MGST3,CIITA,MNDA,ABCC1,CARD17P,RHEX,MX1,MYO1C,NCK1,NDUFS2,NEDD9,NFATC2,NFE2L2,ACO1,NINJ1,NNMT,NOTCH1,NPAS2,NPC1,ATP2A2,ATP2B4,OPRM1,P2RX1,P2RX4,P2RX7,P2RY2,P2RY6,RRM2B,PRKN,UBXN1,PCK2,SIDT2,PCNA,KLF3,RSRC1,ZBTB7A,UBR5,ANGPT4,PDE4B,LARS1,IL23A,CYRIB,SRRT,ENPP2,SUFU,PDPK1,NLK,CAB39,SYT17,KDM3B,PGAM2,PIK3CB,PIK3CD,PIK3R1,PIP4K2A,PLA2G4A,BCL11A,PLCG2,PLD1,PMS1,P2RY13,ACP5,TREM2,TREM1,GNG2,SSH1,POR,TOLLIP,RBM47,PPARD,PPARG,PPBP,WBP1L,TESC,TMEM33,SLC47A1,PPP3CA,SHFL,NAGK,CHD7,RAB20,PRKACA,NPLOC4,PRKAR1A,EDEM2,UGGT2,INAVA,PRKCA,PRKCB,AXL,PRKCD,TRERF1,PRKCE,PLGRKT,PRKCZ,DMAP1,MAPK1,MAPK8,MAPK13,PDGFC,MAP2K1,MAP2K5,MAP2K6,LGMN,SUCNR1,RETN,UGGT1,SPPL2B,CAMK1D,MAN1C1,PELI1,ZMIZ1,PTGER2,LRTM1,AMIGO1,PTK2,GRAMD1B,ARID1B,RPTOR,NCEH1,SEMA6A,PREX1,CPNE5,PTPN1,MEAK7,TRIB3,PTPN11,PTPRE,PTPRJ,PTPRN2,PTPRO,CXCL16,PXN,RRAGD,RAC1,RAD23B,RAD52,RAF1,RAP1GDS1,RARA,HRH4,LGR6,RBP4,BCL2,UPF1,BCL2L1,RFC3,TNFRSF17,RORA,HCN2,BCR,RPS6KA2,RXRA,SORT1,S100A8,CELA2A,SCNN1A,CEACAM1,CCL13,CCL18,CCL20,CCL21,CCL22,CCL25,ELMO2,SELL,SLC28A3,NPFFR1,SEMA4A,DRGX,SGK1,SGTA,CLEC7A,SMYD3,CREB3L2,ST6GAL1,SLC1A2,SLC1A3,SLC2A1,SLC2A5,NADK,SLC5A1,SLC8A1,SLC11A1,SLC18A2,SLC22A5,SLPI,SOD1,BNIP3L,SORL1,BPHL,SRC,SREBF2,BRAF,SRP68,STIM1,STX3,BSG,SYK,KLF5,TBXAS1,MSMP,TCF7L2,TCF12,TFF2,TFR2,TGFB3,TGFBR2,TGIF1,TSPO,THRA,TIMP2,TIMP3,TLE4,TNF,TOP2B,TRAF3,C5,C5AR1,CCR2,TXNRD1,TYK2,UCP3,UGCG,VAV2,VDR,EZR,MYRF,WFS1,WNT3,XPC,XRCC5,YES1,YWHAG,ZYX,CACNB1,RNF103,PAX8,CACNB4,CARD14,ADIPOR2,EHMT1,UBA5,ZNF212,RIN3,PRR5L,TNIP3,SLC8B1,EDEM3,NCOA4,PNPLA3,CYB5B,COL18A1,ACTN4,CALR,GPR68,SLC7A5,DCSTAMP,OR2B2,CAMK2D,DOCK8,CAMP,NRIP1,CAPN2,CAPN3,EPX,ARID1A,CASP1,GUCD1,SESN2,PLA2G6,CASP7,DTNBP1,BCAR3,ARID5B,LRRC8C,SLC25A33,STK24,NR0B2,CCDC115,NCK2,CASQ2,ADTRP,HAVCR2,AIFM2,YBX3,RUNX2,SLC25A12,AOC3,ABCC3,MBTPS1,URI1,TNFSF10,ADAM15,TNFRSF11A,IQGAP1,NRP1,KAT2B,NR1I2,BTRC,UMODL1,OTULIN,PKD2L1,CCRL2,MCU,ASH2L,RNF185,MYLK3,RCSD1,CD6,MAPKAPK2,CD9,TRIP4,CPNE6,NHERF1,RECQL5,CD80,CD86,TP53INP1,AIM2,LY86,CD36,NR1D1,AKAP12,CD44,NCOR2,ABCG1,ZNF592,PPM1F,SAFB2,CD68,RAPGEF2,DOCK4,HDAC9,CD81,RIPOR2,HDAC4,CDA,C2CD2L,TBC1D4,GFPT2,SLC23A2,CDH1","Sputum_Paucigranulocytic"
"BP","killing of cells of another organism",92,16,0.000868053414379688,0.0798609141229313,"MICA,FCER2,LTF,NINJ1,P2RX7,TREM1,BCL2L1,CCL13,CLEC7A,SYK,C5,C8A,C8B,CAMP,RNASE7,PGLYRP1","Sputum_Paucigranulocytic"
"BP","disruption of cell in another organism",92,16,0.000868053414379688,0.0798609141229313,"MICA,FCER2,LTF,NINJ1,P2RX7,TREM1,BCL2L1,CCL13,CLEC7A,SYK,C5,C8A,C8B,CAMP,RNASE7,PGLYRP1","Sputum_Paucigranulocytic"
"BP","regulation of leukocyte apoptotic process",92,26,0.000879015480891173,0.0802399111406926,"ADA,ADAM8,MERTK,LILRB1,PTCRA,FOXP1,ANXA1,HCLS1,HIF1A,IDO1,ITPKB,LYN,MEF2C,NF1,P2RX7,PIK3CB,PIK3CD,AXL,BCL2,BCL2L1,BCL6,CCL21,ST6GAL1,ST3GAL1,DOCK8,RAPGEF2","Sputum_Paucigranulocytic"
"BP","positive regulation of alpha-beta T cell activation",71,23,0.000879235076308417,0.0802399111406926,"ADA,MALT1,LILRB4,NLRP3,ANXA1,HLA-A,HLA-DRA,IL18,ITPKB,IL23A,PRKCZ,RARA,SYK,TGFBR2,CCR2,TYK2,ZBTB16,CARD11,RUNX1,CBFB,CD80,CD86,CD81","Sputum_Paucigranulocytic"
"MF","carbohydrate transmembrane transporter activity",41,14,0.000964902411271988,0.087441253072555,"SLC2A6,SLC2A8,AQP1,AQP7,AQP9,PPBP,SLC2A9,SLC45A4,SLC2A1,SLC2A5,SLC5A1,SLC5A4,SLC45A3,SLC23A2","Sputum_Paucigranulocytic"
"BP","chemokine-mediated signaling pathway",91,19,0.000965840279933607,0.087441253072555,"CXCR6,CCR6,CMKLR1,PTK2B,STK39,HIF1A,LYN,TREM2,PPBP,WBP1L,CCL13,CCL18,CCL20,CCL21,CCL22,CCL25,TFF2,CCR2,CCRL2","Sputum_Paucigranulocytic"
"BP","positive regulation of MAPK cascade",473,103,0.000987021133144882,0.0890042390062869,"ADAM8,RASGRP1,SORBS3,NOD1,TAB1,GPNMB,CHI3L1,MAP4K1,AKAP13,PHB2,ADORA1,CRK,PIK3R6,GPBAR1,GLIPR2,SH3RF2,GPR183,EGF,ERN1,EZH2,PTK2B,MTURN,TNIK,FLT1,SASH1,PIK3R5,FPR2,ABL1,STK39,ANGPT1,GPER1,HIPK2,NENF,NRG1,FFAR4,SH3RF3,IGF1R,IGFBP6,INHBA,INSR,ITGB3,SCIMP,LTBR,ARRB1,MEF2C,MAP3K10,NOTCH1,NOTCH2,OPRM1,P2RX7,P2RY6,MINK1,TAOK3,PDE6H,PDE8A,PLCG2,TREM2,INAVA,PRKCA,PRKCE,PRKCZ,PDGFC,MAP2K1,MAP2K5,MAP2K6,DUSP22,PELI2,TAOK1,PTPN1,PTPN11,PTPRJ,RAF1,AVPI1,CCL13,CCL18,CCL20,CCL21,CCL22,CCL25,SOD1,SRC,BRAF,DENND2B,STK3,SYK,TGFA,TGFB3,TNF,TPD52L1,C5AR1,AXIN1,BCAR3,HAVCR2,MARCO,TNFRSF11A,IQGAP1,NRP1,KSR1,MFHAS1,GPR55,CD36,AKAP12,CD44,RAPGEF2,CD81","Sputum_Paucigranulocytic"
"BP","regulation of MAPK cascade",671,139,0.00100838080898506,0.0902349616974763,"ADAM8,HIPK3,RASGRP1,SORBS3,BTN2A2,NOD1,TAB1,GPNMB,RGS14,LILRB4,CHI3L1,MAP4K1,AKAP13,PHB2,ADORA1,CRK,PIK3R6,GPBAR1,GLIPR2,SH3RF2,DAG1,DUSP5,GPR183,EGF,SPRED2,EPHB1,ERN1,EZH2,PTK2B,MTURN,TNIK,FOXO1,FLT1,SASH1,ZDHHC17,PIK3R5,FPR2,ABL1,STK39,ANGPT1,GPER1,HIPK2,NENF,MDFIC,NRG1,FFAR4,SH3RF3,IGF1R,IGFBP6,INHBA,INSR,ITGB3,TBC1D10C,SCIMP,LTBR,LYN,ARRB1,MEF2C,MAP3K10,NF1,NOTCH1,NOTCH2,OPRM1,P2RX7,P2RY6,MINK1,PRKN,APIP,TAOK3,PDE6H,PDE8A,PIK3CB,PLCG2,TREM2,PPARG,INAVA,PRKCA,PRKCD,PRKCE,ASH1L,PRKCZ,MAPK1,PDGFC,MAP2K1,MAP2K5,MAP2K6,DUSP22,PAK5,PELI2,PTEN,NDRG2,TAOK1,SEMA6A,PTPN1,PTPN11,PTPRJ,RAF1,RAP1GDS1,HRH4,AVPI1,CEACAM1,CCL13,CCL18,CCL20,CCL21,CCL22,CCL25,SLA,SOD1,SORL1,SRC,BRAF,DENND2B,STK3,STK4,SYK,TGFA,TGFB3,TIMP3,TNF,TPD52L1,C5AR1,EZR,YWHAZ,AXIN1,STK40,BCAR3,HAVCR2,MARCO,TNFRSF11A,IQGAP1,NRP1,SYNGAP1,KSR1,MFHAS1,GPR55,NHERF1,MAP4K4,CD36,AKAP12,CD44,RAPGEF2,CD81","Sputum_Paucigranulocytic"
"BP","organonitrogen compound catabolic process",1320,240,0.00100861117193975,0.0902349616974763,"ADA,ADAM8,ADAM10,ZMPSTE24,CPQ,ARIH2,MTHFS,CTSC,GIPC1,MALT1,ASCC3,TLK2,WWP1,WWP2,ATE1,CHI3L1,NUDT3,CHI3L2,SLCO2B1,ACOT7,GABARAP,TRIM9,RFFL,CLU,ANAPC16,KLHDC1,ABCC2,WDR81,RNF19B,TRIM71,ADHFE1,CACUL1,PRICKLE1,DCST1,CTSB,CTSH,CTSZ,SH3RF2,RNF217,UBXN2A,IDO2,DLST,ABAT,EEF1A1,EGF,PAOX,TET3,CLN8,ETFB,EXT1,FAH,PTK2B,FHIT,DENND3,ATF6,SIRT2,NT5C2,FOXO1,FAF2,DTX4,FMO1,UBR4,RYBP,QPRT,HSPBP1,PLA2G15,CEMIP2,FYN,RNF144B,SNX33,FBXO7,ARMC8,RNF19A,ANAPC15,WWTR1,SAMHD1,ABHD12,TRPC4AP,KLHL3,FBXW8,FBXO10,FBXO8,NUPR1,AMFR,LAMP3,DISC1,GLB1,GLDC,SGSM3,GM2A,GNA12,GNS,GOT2,HIPK2,UHRF1,USP25,GUSB,ANXA2,HDC,HEXA,HEXB,HFE,UBE2K,HNMT,UBAC2,ENPP7,SH3RF3,IDO1,LIPA,LIPC,LIAT1,LRP1,LTA4H,BMAL1,ARRB1,SMAD3,MAN1A1,MDM4,MGAT3,ABCC1,NFE2L2,NOTCH1,ATP2B4,OAT,P2RX7,PRKN,PCBP2,UBXN1,DERA,ABHD17B,MARCHF2,PIPOX,FZR1,PDE4B,SNX9,ANAPC7,PDE4D,PDE8A,ANAPC11,CHMP3,ASB2,ENPP2,SUFU,ADA2,PLA2G4A,TREM2,TOLLIP,RNF216,NDFIP2,RNF43,AUH,TMEM132A,CHDH,NAGK,AMBRA1,PRKACA,NPLOC4,EDEM2,UGGT2,PRKCD,RNF130,LGMN,UGGT1,PSMB7,PSMC1,PSMD3,MAN1C1,SMURF1,PELI1,PTEN,PTK2,HACE1,TRIB3,RAD23B,CELA2A,CEACAM1,RNF123,ERAP2,BLVRA,SGTA,SMURF2,MARCHF7,BNIP3L,SORL1,STX5,TGFB1I1,TIMP2,TIMP3,TNF,TSG101,TTC3,UBE2D3,UBE2E1,UPP1,EZR,WFS1,RNF103,USP7,TBL1XR1,RNF122,LPCAT1,PSME3IP1,EDEM3,STAM,CALR,USP9X,CAPN2,CAPN3,COLQ,AXIN1,PLA2G6,CASP7,QRICH2,CCDC115,AGBL4,ZNRF1,COPS3,CBFA2T3,TNFSF12,KYAT1,SGPL1,BTRC,MVB12B,UBE3B,PGLYRP1,RSPRY1,UBE3D,LRSAM1,ZNF598,RNF185,UBXN11,UBE2L6,TRIP4,SEC22B,NR1D1,CD44,RNF7,N4BP1,VGLL4,CD81,CDA,RNF40,AREL1,RNF10,CDH1","Sputum_Paucigranulocytic"
"BP","positive regulation of leukocyte chemotaxis",95,24,0.00102289525355714,0.0911540068307158,"ADAM10,CCR6,CMKLR1,ANO6,PTK2B,SWAP70,FPR2,DAPK2,STK39,IL4,IL6R,NEDD9,IL23A,MAPK1,LGMN,CAMK1D,PTK2,RAC1,CCL21,C5AR1,CCR2,CALR,MCU,RIPOR2","Sputum_Paucigranulocytic"
"BP","regulation of ERK1 and ERK2 cascade",312,68,0.00103067181200631,0.0914882275626226,"RASGRP1,BTN2A2,NOD1,GPNMB,RGS14,CHI3L1,PHB2,GPBAR1,GLIPR2,GPR183,SPRED2,EPHB1,PTK2B,MTURN,ZDHHC17,FPR2,ABL1,ANGPT1,GPER1,NRG1,FFAR4,INHBA,ITGB3,TBC1D10C,SCIMP,LYN,ARRB1,NF1,NOTCH1,NOTCH2,OPRM1,P2RY6,APIP,PDE8A,TREM2,PRKCA,PRKCZ,PDGFC,MAP2K1,PTEN,NDRG2,SEMA6A,PTPN1,PTPN11,CEACAM1,CCL13,CCL18,CCL20,CCL21,CCL22,CCL25,SRC,BRAF,DENND2B,SYK,TIMP3,TNF,C5AR1,EZR,YWHAZ,HAVCR2,MARCO,TNFRSF11A,NRP1,MFHAS1,GPR55,NHERF1,CD36,AKAP12,CD44,RAPGEF2","Sputum_Paucigranulocytic"
"BP","eosinophil migration",32,8,0.00105477830155913,0.0932277055710719,"ADAM8,DAPK2,IL4,CCL13,CCL18,CCL22,CCL25,EPX","Sputum_Paucigranulocytic"
"BP","alpha-beta T cell activation",176,45,0.00105903552817042,0.0932277055710719,"ADA,LILRB1,MALT1,LILRB4,NLRP3,ZFPM1,DOCK2,GPR183,IL27,ABL1,GATA3,FOXP1,ANXA1,HFE,HLA-A,HLA-DRA,IL4,IL6R,IL18,ITPKB,JAK1,IL23A,PRKCZ,CRTAM,WDFY4,RARA,BCL2,BCL6,RORA,PRDM1,VSIR,SEMA4A,BRAF,SYK,TGFBR2,CCR2,TYK2,ZBTB16,CARD11,RUNX1,CBFB,RSAD2,CD80,CD86,CD81,TOX","Sputum_Paucigranulocytic"
"BP","positive regulation of cell-cell adhesion",319,74,0.00106455685180378,0.0932277055710719,"ADA,ADAM8,RASGRP1,BTN2A2,LILRB1,MALT1,LILRB4,NLRP3,PIK3R6,EFNB2,ETS1,ZBTB1,FCHO1,ALOX5,ABL1,FYN,GATA3,CCDC88B,ANXA1,CD209,HLA-A,HLA-DMB,HLA-DQA2,HLA-DRA,HSPD1,IL4,IL18,ITGA4,ITGB2,ITPKB,JAK1,MFSD2B,RHOH,LYN,MYO10,NCK1,IL23A,CYRIB,PDPK1,PPP3CA,AMBRA1,PRKCZ,ZMIZ1,ARID1B,PTPN11,RARA,BCL6,CCL21,VSIR,SLC7A1,SMARCA2,SMARCD2,SRC,SYK,TGFBR2,TNF,CCR2,TYK2,YES1,ZBTB16,DOCK8,ARID1A,NCK2,CARD11,HAVCR2,RUNX1,PLPP3,CBFB,CD6,CD80,CD86,CD44,CD81,TESPA1","Sputum_Paucigranulocytic"
"BP","regulation of small GTPase mediated signal transduction",293,84,0.00106667855344476,0.0932277055710719,"RASGRP1,FAM13A,DLC1,VAV3,AKAP13,CHN1,CHN2,GABARAP,ARAP1,SSX2IP,FGD4,CRK,FGD5,PRAG1,DOCK2,ARHGAP27,FBP1,SPATA13,RASA3,DENND3,SWAP70,ARHGAP26,SIPA1L3,RAP1GAP2,PSD3,ARHGEF18,ARHGAP45,PSD4,ABL1,NGEF,PLEKHG3,TIAM2,FBXO8,CYTH4,SGSM3,ABR,ARHGAP35,RACGAP1,ITPKB,ARRB1,MET,IQSEC3,MYO9A,MYO9B,NF1,NGF,NOTCH1,NOTCH2,ARHGEF3,CYRIB,PIK3CB,ARHGEF10L,PLEKHG6,ARHGAP15,ARHGAP31,PREX1,DENND1A,ARHGAP22,RAC1,RAF1,RASA2,RASGRF1,BCL6,BCR,ARHGEF28,ITSN1,SRC,TRIO,VAV2,ARHGAP10,DOCK8,ARHGAP24,GARNL3,NRP1,SYNGAP1,STARD13,CYTH3,CYTH1,GPR55,MAP4K4,ARHGEF10,RALGPS1,RIPOR2,IQSEC1","Sputum_Paucigranulocytic"
"BP","neutrophil activation",41,13,0.00108637184491936,0.0943948222214377,"TRAF3IP2,FCER1G,ANXA1,ANXA3,IL18,ITGAM,ITGB2,PRKCD,PREX1,BCR,SYK,TNF,CAMP","Sputum_Paucigranulocytic"
"BP","cellular response to low-density lipoprotein particle stimulus",37,14,0.00109038741302675,0.0943948222214377,"TXNIP,FCER1G,ITGB2,MIA3,NPC1,TREM2,PPARG,SREBF2,SYK,ADTRP,CD9,CD36,CD68,CD81","Sputum_Paucigranulocytic"
"BP","macrophage activation",110,28,0.00109481656017303,0.0943948222214377,"CTSC,CLU,TMEM229B,FCER2,SBNO2,CD93,FOXP1,STK39,HSPD1,IFNGR2,IL4,ITGAM,ITGB2,KARS1,PLA2G4A,PLCG2,TREM2,PRKCE,SUCNR1,RORA,CRTC3,SLC11A1,SYK,C1QA,TNF,C5AR1,HAVCR2,MFHAS1,NR1D1","Sputum_Paucigranulocytic"
"BP","positive regulation of mononuclear cell migration",71,20,0.00109664817226103,0.0943948222214377,"ADAM8,ADAM10,CCR6,ANO6,PTK2B,FPR2,ABL1,STK39,IL4,ITGA4,ITGB3,NEDD9,LGMN,CCL20,CCL21,TNF,CCR2,CALR,DOCK8,CD99L2","Sputum_Paucigranulocytic"
"MF","chemokine activity",49,9,0.00113227967257416,0.0970940501116043,"PPBP,CXCL16,CCL13,CCL18,CCL20,CCL21,CCL22,CCL25,C5","Sputum_Paucigranulocytic"
"BP","response to oxygen-containing compound",1798,332,0.00118412397740202,0.101158019783772,"TRAP1,SLC25A13,NOD1,BAIAP2,NCOA2,CEBPE,TXNRD2,TXNIP,CAMKK2,KLF1,GNB5,AHCYL1,GJB6,LILRB1,MALT1,LIAS,RAB31,KAT7,MAP4K1,CHRM1,SCN11A,PHB2,NLRP3,FBXO32,ADD1,SLC24A4,CNP,CPT1A,CREB1,CRK,S100A16,MTCL2,CRY2,CTSH,GPBAR1,CYP19A1,DAG1,DAPK1,DLG2,DNMT3A,ABAT,AGRP,EFNA5,NLRP7,HTR3D,SLC29A1,ERCC6,ERN1,ESR1,ALAS1,EXT1,EZH2,FABP4,PTK2B,FBN1,FBP1,SDK1,FDX1,FKBP1B,PPM1E,CPEB3,NLRP1,SBNO2,SIRT2,FOXO1,CDK19,TAB2,LPIN1,FMO1,SASH1,LARP1,LEPROTL1,SPIDR,FPR2,BACE1,SH3BP4,ALK,PANX1,ALPL,ABL1,FYN,GABBR1,SIN3A,ZBTB20,GATA1,GCH1,GJB3,FOXP1,CPNE7,GLB1,SESN1,GLDC,STK39,GNAO1,GNAQ,GOT2,GPD1,GPI,GPR21,ANGPT2,GPER1,ILDR1,GPX4,GRB10,RAPGEF1,NR3C1,EEF2K,SLC25A24,STRN3,SLC2A8,ANXA1,KCNIP2,HIF1A,ACACA,ANXA11,HLCS,HRH1,HSF1,HTR3A,IRF8,IGF1R,TICAM2,AQP1,IMPA2,IDO1,INHBA,INSR,IRAK2,AQP9,IRF5,ITGA4,ITGB3,ITPKB,ITPR1,ITPR2,JAK1,KCNE1,KCNMB1,KCNQ1,KRT8,SCIMP,LIPA,LOXL1,LRP1,LTA4H,LTF,LYN,MIR143,SMAD6,MAN1A1,MAX,MEF2C,MET,ABCC1,CARD17P,MYO1C,NCK1,NFATC2,NFE2L2,NOTCH1,ATP2B4,OPRM1,P2RX1,P2RX4,P2RX7,P2RY2,P2RY6,PRKN,PCK2,SIDT2,PCNA,KLF3,PDE4B,LARS1,PDPK1,SYT17,PIK3R1,PIP4K2A,BCL11A,PLCG2,ACP5,TREM2,GNG2,SSH1,PPARG,PPBP,TESC,PPP3CA,NAGK,PRKACA,PRKAR1A,EDEM2,INAVA,PRKCA,PRKCB,AXL,PRKCD,TRERF1,PRKCE,PRKCZ,DMAP1,MAPK1,MAPK8,MAPK13,PDGFC,MAP2K6,LGMN,SUCNR1,RETN,MAN1C1,PELI1,PTGER2,AMIGO1,PTK2,GRAMD1B,ARID1B,RPTOR,CPNE5,PTPN1,MEAK7,TRIB3,PTPN11,PTPRE,PTPRN2,PXN,RRAGD,RAF1,RAP1GDS1,RARA,HRH4,RBP4,BCL2,UPF1,BCL2L1,RORA,HCN2,BCR,RPS6KA2,RXRA,SORT1,S100A8,CELA2A,SCNN1A,CEACAM1,CCL21,SGK1,CLEC7A,SMYD3,ST6GAL1,SLC1A2,SLC1A3,SLC2A1,SLC2A5,NADK,SLC11A1,SLPI,SOD1,SORL1,SRC,BRAF,STIM1,BSG,TBXAS1,TCF7L2,TCF12,TGFB3,TGFBR2,TSPO,TNF,TOP2B,C5AR1,TYK2,UCP3,VDR,EZR,MYRF,WNT3,XRCC5,YES1,YWHAG,CACNB1,ZNF212,TNIP3,EDEM3,NCOA4,PNPLA3,COL18A1,CALR,GPR68,SLC7A5,CAMK2D,CAMP,NRIP1,CAPN2,CAPN3,CASP1,GUCD1,SESN2,PLA2G6,CASP7,DTNBP1,BCAR3,SLC25A33,STK24,NR0B2,CASQ2,HAVCR2,RUNX2,SLC25A12,TNFSF10,ADAM15,TNFRSF11A,IQGAP1,KAT2B,UMODL1,PKD2L1,CD6,MAPKAPK2,CPNE6,NHERF1,RECQL5,CD80,CD86,TP53INP1,LY86,CD36,NR1D1,AKAP12,NCOR2,ZNF592,CD68,RAPGEF2,HDAC9,CDA,C2CD2L,TBC1D4,SLC23A2,CDH1","Sputum_Paucigranulocytic"
"BP","organic substance transport",2809,491,0.00119305573547272,0.101230381698014,"SLC17A4,SAE1,ABCC5,TIMM23B,CERT1,ADAM8,LPCAT3,SLC25A13,STX6,AP3S2,ABCC4,RAMP2,ZMPSTE24,KATNB1,CACNG3,ARIH2,TXNIP,EXOC5,IGF2BP2,GNB5,GIPC1,TRAF3IP2,AHCYL1,LILRB1,EHD1,YWHAQ,RAB31,WWP2,PKIG,SLC2A6,SNX18,CHP1,CHRM1,SCN11A,VPS26B,LYST,SLCO2B1,SLC46A1,PHB2,EXOC3,GABARAP,PKD1L2,SLC25A25,OSBPL1A,OSBPL5,OSBPL6,OSBPL9,OSBPL10,OSBPL11,C1QTNF3,SLC16A10,AP2M1,TMC1,PDZD8,CLU,SLC36A4,SLC15A4,SLC24A4,ABCC2,SLC43A2,TANGO2,COPA,ADORA1,CPE,CPT1A,ADORA3,CRY2,VTI1A,PRICKLE1,TOM1L2,SLC38A11,PRELID2,VPS13B,TTC39B,CYP19A1,DAG1,AP2A2,AP2B1,CNST,PKD1L1,DLG2,ABAT,EFNA5,EGF,ANO6,SPNS3,SLC29A1,TSNARE1,EPB41,CLN8,FABP4,PTK2B,SLC37A2,FKBP1B,COPG1,RASA3,LMTK2,ATG14,XPO7,GGA2,FOXO1,ERC1,ATP10B,RFTN1,FAF2,EXOC6B,ATP11A,MTCL1,SMG6,BICD2,VPS39,VPS8,ZDHHC17,TMED3,ABCB9,ABCA6,TRAM1,MACF1,ALOX5,PANX1,ABL1,FYN,ZDHHC20,GABBR1,SERINC5,SNX33,FBXO7,MYRIP,SEC31B,OSBPL3,GAPVD1,TRPC4AP,PITPNC1,BLOC1S6,ARFGAP3,ATP2C1,PKD2L2,BIN1,GM2A,GOLGA4,GOT2,SLCO3A1,ANG,SLC39A5,ANGPT1,GPER1,SLC36A3,ILDR1,GRB10,SNX24,SETD2,DNAJC15,SNX8,SNX10,SLC25A24,MDFIC,SLC2A8,ANXA1,ANXA2,HBG2,HCLS1,HTT,HDLBP,HFE,CD209,ANXA6,HIF1A,HIP1,HK2,APBA1,APBB1,HSF1,HSPD1,UBAC2,FFAR4,ENPP7,RD3,RTP2,AQP1,IL16,INHBA,AQP7,INSR,AQP9,ITGAM,ITGB2,ITGB3,ITPR1,ITPR2,ATP9B,ARF1,MIA3,KCNE1,STIMATE,KCNQ1,KIF5B,KPNA1,TNPO1,SERP2,GLTPD2,MFSD2B,KTN1,LCP1,LIPA,LIPC,LMNA,RAB19,LRP1,LTBP2,BMAL1,LYN,MIR143,MIR199B,ARRB1,SMAD3,MAN1A1,MIPEP,ABCC1,MAP1LC3C,MYH10,MYO1C,NF1,NFE2L2,NOTCH1,NPC1,ATP2A2,ATP2A3,ATP2B2,ATP2B4,OPRM1,P2RX1,P2RX4,P2RX7,P2RY6,PRKN,PAM16,PCK2,SIDT2,GLTP,UBR5,TRPV2,PDE4B,PRKAG2,SNX9,PDE4D,LIMA1,CHMP3,SUFU,PDPK1,ACSL5,SYT17,RAB8B,ATP8B1,PIK3R1,PIP4K2A,PITPNA,PLA2G4A,PLCB4,PLCG2,TPCN1,SLC37A1,TREM2,NDFIP2,PPARD,PPARG,PPBP,SLC66A1,PXK,TMEM132A,TESC,STX17,NRDE2,VPS13D,SLC47A1,VPS53,PPP3CA,TMCO6,NCBP3,FERMT1,SLC39A4,CHD7,FLVCR2,RAB20,PRKACA,NPLOC4,FRMD4A,NECAP2,PRKAR1A,EDEM2,PRKCB,CACNA2D3,PRKCD,PRKCE,PRKCZ,DMAP1,BCAP29,MAPK8,MAP2K6,LRRC8A,SLC2A9,SUCNR1,RETN,SPIRE1,MFF,PARP11,SMURF1,ANKRD50,ATP10A,SLC45A4,SNX14,JPH3,SLC24A3,GRAMD1B,SORCS2,KIF17,USP36,STIM2,PTPN1,DENND1A,TRIB3,PTPN11,SLC4A5,PTPRN2,SRPRB,RAF1,RAP1GDS1,RBP4,BCL2,UPF1,BCR,RRBP1,RXRA,SORT1,S100A8,S100A13,CELA2A,SCN1A,SCN8A,CEACAM1,CCL21,SEC14L1,KIF13A,BLK,CDH23,SLC28A3,RAB17,SCG5,SGTA,ITSN1,SLC1A2,SLC1A3,VPS33A,SLC2A1,SLC2A5,NADK,SLC5A1,SLC5A4,SLC6A12,SLC7A1,SLC8A1,SLC11A1,SLC18A2,SLC22A5,AACS,TRAK2,BNIP3L,SORL1,SPTBN1,SRC,SREBF2,BRAF,SRP68,STAC,STIM1,STK3,STK4,STX3,STX5,SYK,TCF7L2,TFR2,TGFB3,TGFBR2,TSPO,TNF,TSG101,EIPR1,UBE2D3,UCP3,UGCG,VDR,EZR,WFS1,YES1,YWHAG,PTTG1IP,CACNA1C,TVP23A,CACNB1,PAX8,CACNB4,AHNAK,ASPSCR1,SH3TC2,RHBDF2,ATP8B4,PRR5L,SYNDIG1,SLC8B1,TRPM3,SLC66A2,RAB11FIP1,RUFY1,STAM,CUBN,NCOA4,SLC19A3,EEPD1,ACTN4,CALR,GPR68,SLC7A5,SLC38A1,CAMK2D,CAMK2G,USP9X,CAPN3,PITPNM3,COG3,SESN2,SLC25A18,PLA2G6,DTNBP1,FHIP1B,LRRC8C,ZDHHC18,SLC25A33,NR0B2,SOAT2,CASQ2,SPIRE2,PLA2G12B,CRACR2A,SFT2D3,ADTRP,ORAI1,MFSD2A,SERAC1,UBASH3B,DISP1,DGKD,SLC45A3,SLC25A12,TNKS,PEA15,ABCC3,MYOM1,NAPA,TNFRSF11A,PER2,HPS4,MVB12B,SEC16B,PLCZ1,SYS1,PKD2L1,MCFD2,MCU,SLC7A7,SLC7A6,LRSAM1,SESTD1,PKDCC,RSAD2,SLC24A1,ARRDC4,CACNA2D4,NHERF1,KIF3B,TGFBRAP1,SYTL3,CD36,SLC4A8,RPH3AL,SEC22B,NR1D1,PREPL,ABCG1,PPM1F,FAM53B,NUP93,NOS1AP,CD81,ATG13,TM9SF4,TBC1D5,C2CD2L,FCHSD2,RABGAP1L,SLC23A2,DOP1B,CDH1","Sputum_Paucigranulocytic"
"BP","regulation of myeloid cell differentiation",210,50,0.00119388057978648,0.101230381698014,"CDK6,PIAS3,FAXDC2,LILRB1,LILRB4,CREB1,ZFPM1,TMEM64,ETS1,PTK2B,FBN1,MTURN,RCOR1,BRD1,L3MBTL1,GATA1,FOXP1,GPR171,HCLS1,HIF1A,HSF1,IL4,INHBA,INPP5D,ITPKB,LTF,LYN,MEF2C,MITF,RHEX,NEDD9,NF1,NOTCH2,IL23A,PIK3R1,TREM2,TESC,PPP3CA,PRKCA,CTNNBIP1,RPTOR,RARA,CEACAM1,TNF,C1QC,ZBTB16,GPR68,DCSTAMP,UBASH3B,RUNX1,ACVR1B,GPR55","Sputum_Paucigranulocytic"
"MF","ubiquitin-like protein binding",119,33,0.00121239883305773,0.102260520660836,"USPL1,NOD1,RNF19B,TOM1L2,UBXN2A,SIRT2,GGA2,TAB2,FAF2,FBXO7,AMFR,PELP1,USP25,JARID2,CUEDC1,SMAD3,PRKN,UBXN1,UBR5,TOLLIP,SOBP,DCUN1D2,NPLOC4,RAD23B,MARCHF7,TSG101,CUEDC2,STAM,RNF185,UBXN11,UBE2L6,N4BP1,CASP8AP2","Sputum_Paucigranulocytic"
"BP","regulation of protein transport",506,108,0.00121502994976349,0.102260520660836,"SAE1,ADAM8,ARIH2,WWP2,PKIG,CHP1,CHRM1,C1QTNF3,CPT1A,CNST,ABAT,EFNA5,FKBP1B,FOXO1,MTCL1,ALOX5,FYN,MYRIP,GAPVD1,ATP2C1,ANG,ANGPT1,GPER1,MDFIC,HCLS1,HIF1A,APBB1,UBAC2,ITGAM,ITGB2,ITPR1,KCNE1,LCP1,BMAL1,MIR199B,SMAD3,MYH10,MYO1C,NF1,OPRM1,P2RX7,PRKN,PCK2,SIDT2,UBR5,SUFU,PIK3R1,TREM2,NDFIP2,PPARG,TMEM132A,PPP3CA,FERMT1,PRKACA,FRMD4A,PRKAR1A,EDEM2,PRKCB,PRKCD,PRKCE,PRKCZ,DMAP1,MAPK8,LRRC8A,MFF,USP36,PTPN1,PTPN11,RAP1GDS1,RBP4,CELA2A,BLK,NADK,AACS,BNIP3L,SORL1,SRC,SREBF2,TCF7L2,TGFB3,TNF,TSG101,EIPR1,UBE2D3,SH3TC2,RHBDF2,PRR5L,SLC8B1,RAB11FIP1,GPR68,PLA2G6,NR0B2,ADTRP,ORAI1,MYOM1,PER2,HPS4,SEC16B,MCU,PKDCC,RSAD2,CD36,RPH3AL,NR1D1,ABCG1,PPM1F,CD81,ATG13,TM9SF4,C2CD2L,CDH1","Sputum_Paucigranulocytic"
"MF","molecular function regulator activity",2024,350,0.00122708467399174,0.10289399310623,"SH2D3C,DNAJB6,C8orf44-SGK3,SAE1,RASGRP1,FRY,FAM13A,RCAN2,KATNB1,CACNG3,NOD1,DLC1,CDC42EP2,VAV3,TAB1,GPNMB,SEMA4D,SEMA3C,TXNIP,RGS14,GNB5,CTSC,AHCYL1,IQGAP2,MALT1,LILRB4,ADAP1,PKIG,AKAP13,CHN1,CHN2,CHP1,CMTM7,NLRP3,ARAP1,FGD4,WDR81,MOB3A,COPA,SCLT1,PIK3R6,CCNYL1,CTSH,CMTM8,FGD5,RASGEF1B,SH3RF2,DAXX,WFDC13,DOCK1,DOCK2,AGRP,EFNA5,EGF,SERPINB1,NLRP7,SPRED2,MARK2,ARHGAP27,ERCC6,ESR1,CCNY,FBN1,SPATA13,PHACTR1,MRAS,FKBP1B,RASA3,LMTK2,NLRP1,DENND3,TBC1D9B,SWAP70,ARHGAP26,SIPA1L3,MCF2L2,TBC1D2B,RAP1GAP2,TBC1D9,FAF2,TBC1D1,DOCK9,PSD3,ARHGEF18,CABIN1,ARHGAP45,PIK3R5,PSD4,RABGAP1,HSPBP1,SH3BP4,SGK3,ALK,IL27,FYN,TBC1D22A,RASGRP3,NGEF,TNFAIP8,SIN3A,PLEKHG3,GAPVD1,TIAM2,FBXO8,ARFGAP3,NUPR1,CYTH4,CPAMD8,SGSM3,BIN1,MAT2B,GM2A,GMFB,GNA12,GNAQ,WFDC10B,GPI,METRNL,PPP1R37,SH3PXD2B,RAPGEF1,ABR,ARHGAP35,DNAJC15,RACGAP1,GUCA2A,PSMC3IP,NENF,ANXA1,ANXA2,ANXA3,ANXA4,KCNIP2,KCNIP1,NRG1,HIF1A,APLP2,TAFA2,IL4,IL16,IL18,INHBA,ITPR1,TBC1D10C,KCNE1,STIMATE,KCNMB1,RHOH,LTF,ARRB1,SMAD6,MET,CARD17P,IQSEC3,MYO9A,MYO9B,PPP1R12B,NCF2,NCK1,NF1,NGF,NOTCH1,ATP2A3,ATP2B4,ITSN2,ARHGEF3,ASAP1,PCNA,PCYT1A,FZR1,TAOK3,ANGPT4,PRKAG2,PDE6H,PDE8A,LARS1,IL23A,ATP6V1H,CHMP3,PDPK1,CAB39,RAPGEF6,MAP3K20,ADA2,SERPINA1,PIK3R1,FXYD3,ERRFI1,TREM2,RIN2,PPBP,DUS2,TESC,ARHGEF10L,RIC8B,PLEKHG6,PPP2R3A,PPP6R3,ASAP3,LYAR,PRKAR1A,DEPDC1B,PRKCB,PRKCD,ADAP2,PRKCE,ARHGAP15,PRKCZ,RCC2,MAPK8,PDGFC,MAP2K1,PRPSAP1,HTRA1,RETN,PSMD3,DENND11,BIRC6,AMIGO1,PTK2,ARHGAP31,RPTOR,TAOK1,SEMA6A,PREX1,FNIP2,STIM2,DENND1A,TRIB3,CXCL16,NLRC4,ARHGAP22,RAB27A,RAC1,RALGDS,RAP1GDS1,RASA2,RASGRF1,KDM5A,BCL2,RGS3,RGS12,RHEB,BCR,RPS6KA1,SAG,CCL13,CCL18,CCL20,CCL21,CCL22,CCL25,THADA,SECTM1,VSIR,SEMA4A,ARHGEF28,SGK1,SCG5,ITSN1,DEPTOR,SKI,NCF1C,SLPI,PHACTR4,SRC,DENND2B,STIM1,STK3,STK4,TBCD,MSMP,TG,TGFA,TGFB3,TGFBR2,TIMP2,TIMP3,SERPING1,TNF,TRIO,DNAJC7,C5,VAV2,WARS1,WNT3,XRCC5,YWHAG,EVI5,KCNAB1,CCNJL,ARHGAP10,PRKRIP1,MOB3B,RIN3,DENND2D,DOCK5,CYB5B,CAMK2D,DOCK8,SBF2,CAPN3,CASP1,APH1B,ARHGAP24,SESN2,TBC1D10A,BCAR3,GARNL3,NR0B2,NSMAF,SLX4,KCNAB2,ITPRIP,URI1,TNFSF12,TNFSF10,RGS9,IQGAP1,NRP1,SYNGAP1,KAT2B,ASAP2,ARHGEF7,HERC1,CCND2,BTRC,UMODL1,HPS4,PGLYRP1,MAP3K14,STARD13,NOLC1,CYTH3,CYTH1,NHERF1,CD80,CD86,AIM2,TCL1B,ARHGEF10,SH3PXD2A,RALGPS1,RAPGEF2,DOCK4,PHACTR2,ATG13,TBC1D5,ZEB2,ELMO1,FARP2,TBC1D4,RABGAP1L,IQSEC1,TNFSF15,CASP8AP2","Sputum_Paucigranulocytic"
"BP","response to lipoprotein particle",38,14,0.00125751710117551,0.104757365400553,"TXNIP,FCER1G,ITGB2,MIA3,NPC1,TREM2,PPARG,SREBF2,SYK,ADTRP,CD9,CD36,CD68,CD81","Sputum_Paucigranulocytic"
"BP","regulation of protein kinase activity",500,110,0.00126382493736869,0.104757365400553,"ADAM8,HIPK3,RASGRP1,ADAR,ADARB1,TAB1,RGS14,CAMKK2,MALT1,LILRB4,PKIG,CHI3L1,CHP1,PHB2,CLU,CACUL1,PIK3R6,CCNYL1,DAXX,EGF,MARK2,ERN1,EZH2,PTK2B,CCNY,FGR,PPM1E,MAPRE3,TAB2,FLT1,SASH1,PIK3R5,ABL1,WWTR1,GNAQ,ANG,ANGPT1,PILRB,HTT,NRG1,IL4,IL6R,IL18,INSR,ITGB3,LCP2,LTF,LYN,MIR143,MAP3K10,NEDD9,NF1,ATP2B4,TAOK3,PRKAG2,SNX9,IL23A,CDK5RAP1,PDPK1,CAB39,PIK3CB,ERRFI1,PPARG,PRKAR1A,PRKCD,PDGFC,MAP2K1,MAP2K5,DUSP22,CASS4,PTEN,PTK2,RPTOR,PTPN1,TRIB3,PTPRJ,PTPRO,CEACAM1,CCL21,DEPTOR,SLC8A1,SLC11A1,SOD1,SORL1,SRC,TGFBR2,TNF,TPD52L1,TSG101,C5AR1,UVRAG,WARS1,XRCC5,YWHAG,DBNDD1,CARD14,CCNJL,PRKRIP1,HMGA2,AXIN1,DTNBP1,UBASH3B,TNFRSF11A,IQGAP1,KSR1,CCND2,PKMYT1,NHERF1,CD86,TCL1B,PPM1F,RAPGEF2,TNFSF15","Sputum_Paucigranulocytic"
"BP","Fc receptor signaling pathway",56,21,0.00126558506351277,0.104757365400553,"VAV3,FCER1G,FCER2,FGR,ABL1,FYN,IKBKB,LIMK1,LYN,MAP3K1,PLCG2,PRKCD,PRKCE,MAPK8,PTK2,PTPRJ,SRC,SYK,VAV2,YES1,PLA2G6","Sputum_Paucigranulocytic"
"BP","positive regulation of hydrolase activity",498,107,0.00126774667686816,0.104757365400553,"RASGRP1,NOD1,DLC1,SEMA4D,GNB5,MALT1,SNX18,PHB2,NLRP3,ARAP1,CTSH,RASGEF1B,DAP,DAPK1,ARHGAP27,ESR1,EZH2,NLRP1,TBC1D9B,SIPA1L3,TBC1D2B,RAP1GAP2,GRAMD4,TBC1D9,FLT1,TBC1D1,DOCK9,ARHGAP45,FYN,TBC1D22A,RASGRP3,NGEF,TIAM2,CYFIP2,SGSM3,GNA12,GNAQ,ANG,GPER1,RAPGEF1,ABR,HIP1,HSPD1,IFI16,ITGA6,TBC1D10C,LYN,SMAD3,MBP,MEF2C,MEFV,ASPH,NF1,ATP2A3,P2RY6,PCNA,SNX9,LARS1,PDPK1,RAPGEF6,PPARG,ASAP3,PRKCD,LGMN,PREX1,NLRC4,ARHGAP22,RALGDS,RAP1GDS1,RASGRF1,BCR,RSU1,S100A8,S100A10,CCL13,CCL18,CCL20,CCL21,CCL22,CCL25,VSIR,CLEC7A,SYK,TNF,C5AR1,EVI5,DOCK8,CASP1,APH1B,ARHGAP24,TBC1D10A,BCAR3,GARNL3,CRADD,TNFSF10,RGS9,ARHGEF7,GPR55,CD86,AIM2,MAP4K4,ARHGEF10,PPM1F,RALGPS1,RAPGEF2,TBC1D5,TBC1D4,TNFSF15,CASP8AP2","Sputum_Paucigranulocytic"
"BP","complement activation, classical pathway",34,11,0.00128924796745853,0.106148082654085,"CLU,TREM2,SUSD4,SERPING1,C1QA,C1QB,C1QC,C1S,C5,C8A,C8B","Sputum_Paucigranulocytic"
"BP","cellular response to lipoprotein particle stimulus",41,15,0.00131114643797938,0.107561341720735,"TXNIP,FCER1G,ITGB2,MIA3,NPC1,TREM2,PPARG,SREBF2,SYK,ADTRP,CD9,CD36,ABCG1,CD68,CD81","Sputum_Paucigranulocytic"
"BP","disruption of anatomical structure in another organism",99,17,0.00133497675648276,0.109122344655807,"MICA,FCER2,LTF,NINJ1,P2RX7,TREM1,BCL2L1,CCL13,CLEC7A,SYK,C5,C8A,C8B,USP7,CAMP,RNASE7,PGLYRP1","Sputum_Paucigranulocytic"
"BP","osteoclast development",18,10,0.00138708318623744,0.112317054749027,"LILRB1,FBN1,FOXP1,SIGLEC15,ANXA2,LTF,NOTCH2,FAM20C,SRC,GPR68","Sputum_Paucigranulocytic"
"BP","bone cell development",18,10,0.00138708318623744,0.112317054749027,"LILRB1,FBN1,FOXP1,SIGLEC15,ANXA2,LTF,NOTCH2,FAM20C,SRC,GPR68","Sputum_Paucigranulocytic"
"BP","actin cytoskeleton organization",713,172,0.0013888880647983,0.112317054749027,"DNAJB6,WASF2,SORBS3,DLC1,TESK2,CDC42EP2,BAIAP2,CAP1,CDC42EP3,IQGAP2,NISCH,AKAP13,AKAP11,PACSIN2,FMNL2,ARAP1,ADD1,FGD4,CRK,MYO3B,FGD5,CXADR,DOCK2,EFNA5,EPB41,EPB41L1,PTK2B,PHACTR1,THSD7A,MRAS,PPM1E,DAAM1,TNIK,SWAP70,ARHGAP26,EPB41L3,FLNB,RHOBTB2,ARHGEF18,SPECC1L,PIP5K1C,COTL1,ABL1,CYFIP2,ATP2C1,BIN1,GMFB,ANG,MYO1H,SIGLEC15,ARHGAP35,RACGAP1,TMOD3,PARVB,EEF2K,PACSIN1,SH3KBP1,ANXA1,HCLS1,HIP1,ESPNL,ARPIN,IKBKB,AQP1,ITGB3,ARF1,KRT8,LCP1,LIMK1,LIMK2,RHOH,LRP1,MIR143,ARRB1,SMAD3,MET,MKLN1,IQSEC3,MYH10,MYO1C,MYO1E,NCK1,NEDD9,NF1,MINK1,PRKN,ABI3,SNX9,EVL,LIMA1,CYRIB,ASB2,PDPK1,PGM5,PIK3R1,SSH1,ARHGEF10L,CARMIL1,ASAP3,PRKAR1A,TTC17,PRKCD,PRKCE,BIN3,SPIRE1,TAOK1,PREX1,MRTFA,SHROOM3,SHTN1,PTPN1,PXN,RAC1,RAP1GDS1,BCL2,BCL6,BCR,S100A10,CCL21,ELMO2,PHACTR4,SPTAN1,SPTBN1,SPTBN2,SRC,BRAF,TGFB3,TMOD1,TNF,TPM3,TPM4,EZR,WIPF1,ZYX,ALMS1,MYH14,CALD1,BAIAP2L2,THSD7B,ACTN4,CALR,CYRIA,CAPG,CAPN3,CAPZB,DTNBP1,ANTXR1,NCK2,SPIRE2,PPFIA1,GAS7,ACTN1,IQGAP1,NRP1,PHLDB2,PSTPIP2,PSTPIP1,STARD13,MYOM2,MYLK3,SPECC1,PDLIM7,CPNE6,NHERF1,ARHGEF10,MICAL2,PPM1F,NOS1AP,PHACTR2,ZEB2,ELMO1,FARP2,FCHSD2,IQSEC1,WDR1","Sputum_Paucigranulocytic"
"CC","membrane",9125,1430,0.00141213064361989,0.1137916905873,"ADA,TMEM221,SMIM6,CD300LD,CDH5,SH2D3C,DNAJB6,SLC17A4,IQCJ-SCHIP1,MICA,MUC22,SMIM35,ABCC5,TIMM23B,CERT1,UST,ADAM8,TSPAN2,HIPK3,RASGRP1,TRAP1,PLXNC1,LPCAT3,WASF2,SLC25A13,LHFPL2,MPHOSPH9,ADAM10,PATJ,KLRG1,STX6,AP3S2,GPHN,ABCC4,IGSF6,RAMP2,ZMPSTE24,ADAR,KATNB1,RTN3,EMC8,IRAG1,CACNG3,BTN3A3,BTN2A2,NOD1,DLC1,NDRG1,CDS1,ST3GAL6,CDC42EP2,VAV3,TAB1,GPNMB,BAIAP2,MERTK,CAP1,LRRC41,ENOX2,SEMA4D,CEBPE,DCTN2,MRPL28,CDC42EP3,TGOLN2,RGS14,CELF1,CXCR6,GNB5,CTSC,GIPC1,TRAF3IP2,AHCYL1,IQGAP2,GJB6,FAXDC2,TUBGCP2,LILRB1,EHD1,CKAP4,YWHAQ,ASCC3,IMMT,LILRB4,RAB31,ADAP1,TENT4A,WWP1,WWP2,CNTRL,PLAAT3,SLC2A6,MAP4K1,NISCH,AKAP13,AKAP11,AKAP10,RNF24,CHN2,GPR176,PTGDR2,PACSIN2,SNX18,FILIP1L,CHP1,CMTM7,CHRM1,SCN11A,VPS26B,LYST,SLCO2B1,MGAT4A,SLC46A1,PHB2,EXOC3,GABARAP,MGLL,NLRP3,ERMAP,PKD1L2,SLC25A25,OSBPL1A,OSBPL5,OSBPL6,OSBPL9,OSBPL10,OSBPL11,C1QTNF3,MARCHF3,TM4SF19,MOGAT1,NIBAN1,ARAP1,SLC16A10,AP2M1,TMC1,PARD3B,RFFL,ADD1,BORCS5,CLCN6,PIK3AP1,PDZD8,CLU,SLC36A4,TMEM45B,TMEM52B,SLC15A4,SPPL3,SLC24A4,DEGS2,CCR6,CMKLR1,ABCC2,SLC43A2,WDR81,OSCAR,CNP,RNF19B,PIGU,FAM168B,COL15A1,TMEM182,M1AP,COPA,DCBLD2,SCLT1,ADORA1,OR6B1,ADORA2B,COL26A1,CPE,CPM,CPT1A,PXDNL,GPAT4,LETM2,CRK,ADORA3,S100A16,MPP7,VTI1A,LDLRAD3,PLEKHA7,PRICKLE1,TTC7B,TERB2,VCAN,GSG1L,TOM1L2,PIK3R6,KRT10-AS1,TMEM190,DPY19L3,B3GALNT2,DCST1,CNIH3,CTNND1,ENTHD1,NFAM1,CTSB,CCNYL1,SLC38A11,GPBAR1,PPM1L,XXYLT1,GLIPR2,CMTM8,CTSZ,FGD5,CXADR,RASGEF1B,TMEM161B,RNF145,RNF217,VKORC1L1,GRK3,VPS13B,CYP19A1,CYP27A1,DAG1,DGKG,AP2A2,TMEM229B,SYNE3,DAPK1,DARS1,ITPRIPL2,TMEM92,RHBDL3,AP2B1,CNST,LRRN4,SGMS2,PKD1L1,TMEM64,CLEC4C,PTCRA,DIO1,DLG2,DLST,DNM1,DYNC1H1,DYNC1LI2,DOCK1,DOCK2,DPYSL2,ARID3A,DSC1,DTNB,GPR183,ECH1,EEF1A1,EEF2,EFNA5,EFNB2,EGF,ANTXRL,ANO6,SERPINB1,TMEM201,SPRED2,HTR3D,MARK2,ARHGAP27,SLC39A11,SPNS3,TMEM154,SMIM14,TAPT1,GAPT,SLC29A1,TSNARE1,SUSD3,EPB41,EPB41L1,EPHB1,EPHB3,CLN8,ERN1,ESR1,ALAS1,ETFDH,EXT1,PTK2B,FARSA,FAT2,CCNY,TMEM218,SLC37A2,FCER1G,FCER2,MARCHF8,SPATA13,SDK1,THSD7A,FDFT1,ADGRG3,ALDH3A2,FGR,FHIT,MRAS,FKBP1B,COPG1,RASA3,AAK1,CPEB3,LMTK2,CHSY1,FKBP2,ATG14,INPP5F,MLXIP,FKBP5,ZBTB1,EPN2,SACM1L,CD93,ATF6,SEPHS1,SIRT2,EFR3B,SV2C,PCNX1,WDFY3,DAAM1,STK38L,SNRNP200,TMCC1,PDZD2,TNIK,FNBP1,TBC1D9B,GGA2,EMC1,SWAP70,ERC1,TTLL5,SIPA1L3,KIF1B,MRPS27,RAP1GAP2,TAB2,ATP10B,PLXND1,EPB41L3,MAST2,FCHO1,GRAMD4,EFR3A,FLNB,LPIN1,SEPTIN8,RFTN1,LARP4B,FAF2,FLT1,RHOBTB2,ATP11A,MTCL1,FMO1,CLEC16A,IQCE,FMO4,MGRN1,BICD2,DMXL2,DPY19L1,SYNM,VPS39,SYNE1,DOCK9,UBR4,VPS8,PSD3,LARP1,ARHGEF18,ZDHHC17,PIP5K1C,TMED3,GPR161,ABCB9,ABCA6,TRAM1,LEPROTL1,MACF1,ZFYVE26,TMEM131,ARHGAP45,PIK3R5,ATP6V0A2,PSD4,PIGN,FPR2,FPR3,PHLDA3,BACE1,PLD3,PLA2G15,CEMIP2,SH3BP4,PRKD3,ALK,ALOX5,PANX1,ALPL,ABL1,FYB1,FYN,LCLAT1,CERS6,ZDHHC20,GAA,GABBR1,RNF144B,SERINC5,CATSPERE,SNX33,RASGRP3,NGEF,ATXN10,PARM1,RNF19A,GALNT2,SGMS1,WWTR1,SAMHD1,SEC31B,C2CD2,UNC50,DHRS7B,TENM4,LRIG1,OSBPL3,IPCEF1,GLCE,CNTNAP2,ERC2,ABHD12,GAPVD1,TRPC4AP,TES,TIAM2,SLC13A4,ARFGAP3,GCH1,CNNM3,MYOF,OR11A1,MDGA1,AMFR,RPS6KC1,GGTA1,B4GALT1,CYFIP2,ATP2C1,PKD2L2,SND1,GJB3,LAMP3,TRAPPC3,CYTH4,CPNE7,CPAMD8,AGO2,SIGLEC9,SIGLEC8,TNFRSF21,CRCP,GLDC,GLG1,STK39,TOR1B,BIN1,GM2A,GNA12,GNAO1,GNAQ,GNG7,GOLGA4,GOT2,GPD2,GPI,SLCO3A1,CCDC88B,RASSF3,B4GALNT3,SLC39A5,DPY19L2,MYO1H,ANGPT1,TMEM105,SIGLEC15,GPR21,TMEM150B,SLC9A9,GPER1,GPRIN3,SLC36A3,DCBLD1,PNPLA1,ILDR1,GRK4,GRB10,RAPGEF1,MRPS28,SNX24,GRIK1,ABR,NR3C1,ARHGAP35,DNAJC15,RACGAP1,GTF3C1,BLNK,PARVB,OLA1,SNX8,SNX10,GUSB,GPR171,GYG1,GPR132,NENF,DSE,SLC25A24,STRN3,MDFIC,SCHIP1,SLC2A8,PILRB,PACSIN1,SH3KBP1,ANXA1,ANXA2,HCLS1,ANXA3,HTT,HDLBP,ANXA4,HEXA,HEXB,HFE,KCNIP2,KCNIP1,CD209,NRG1,ANXA6,HIP1,HK1,HK2,HLA-A,HLA-DMB,ANXA11,HLA-DQA2,HLA-DRA,AOC2,MR1,APBA1,APBB1,APBB2,HRH1,HSD11B1,HSPD1,HSPG2,APLP2,HTR3A,IARS1,UBAC2,ICAM2,FFAR4,TMEM202,ENPP7,TMC3,CD300E,IFI16,SYCN,RTP2,IFNGR2,IGF1R,IGHMBP2,RGSL1,TICAM2,IKBKB,IL5RA,IL6R,AQP1,IL16,TNFRSF9,INPP4A,INPP5A,INPP5B,INPP5D,AQP7,INSR,ITGA6,IRAK2,AQP9,ITGA4,ITGA5,ITGA9,ITGAE,ITGAL,ITGAM,ITGB2,ITGB3,ITPK1,ITPKB,ITPR1,ITPR2,JAK1,CD82,KARS1,GALNT18,KCNA10,TBC1D10C,ATP9B,B3GNT8,ARF1,MIA3,KCNE1,STIMATE,KCNH2,KCNJ15,KCNMB1,KCNQ1,KIF5B,KRT8,AMIGO3,KRT16,MTCL3,PEDS1,SERP2,SCIMP,DIPK1A,COA6,MFSD2B,PLEKHM3,KTN1,LBR,LCP1,LCP2,LGALS8,LIMK1,RHOH,EEIG1,ASIC2,LMNA,SIGLEC16,LMO7,CHCHD10,RAB19,SAMD12,LPP,LRCH4,LRP1,LSAMP,LSP1,LTBR,LTF,LYN,TM4SF1,ARRB1,SMAD1,SMAD3,STS,MAN1A1,MAN2A2,MAP6,C10orf105,MBP,ART3,MET,MGAT3,MGMT,MGST3,MITF,ASTL,ASGR1,ASGR2,ABCC1,IQSEC3,RHEX,MAP1LC3C,ASPH,PALM2AKAP2,MTHFD1,MX1,MYH10,MYO1C,MYO1E,MYO9A,MYO9B,MYO10,NUBP1,NCAM2,NCF2,NCK1,NDUFS2,DRG1,NEDD9,NF1,NFE2L2,ATP1A4,NINJ1,NINJ2,NOTCH1,NOTCH2,NOTCH4,NPC1,ATP2A2,ATP2A3,ATP2B2,ATP2B4,OGDH,OPA1,OPRM1,P2RX1,P2RX4,P2RX7,P2RY2,P2RY6,PCSK6,CHST11,ATP6V0A4,ITSN2,PRKN,ASAP1,RNF141,NTM,PCBP2,PAM16,UBXN1,PLLP,SIDT2,ABHD17B,HSD17B12,A4GNT,NIN,ABI3,PIGP,MARCHF2,PCYT1A,SLC25A37,GASK1B,MS4A4A,FZR1,TAOK3,CHST15,UBR5,AIG1,TRPV2,PDE4B,SNX9,PDE4D,PDE6A,EVL,NAT8B,LIMA1,ANKFY1,PDE6H,RTCB,ZC3HC1,CYRIB,ATP6V1H,CHMP3,ENPP2,ENPP3,PDPK1,ACSL5,RAPGEF6,WWOX,RTEL1,SYT17,RAB8B,GALNT7,ATP8B1,CDK14,PGM5,SLC25A3,PHKB,SERPINA1,ATP6V1C1,PIK3C2B,PIK3CB,PIK3CD,PIK3R1,PI4KB,ACP2,PIP4K2A,PLA2G4A,TM6SF1,SHC3,PLCG2,PLD1,TPCN1,CLIC5,FXYD3,PLXNA2,PMP22,P2RY13,FGFRL1,ACP5,SLC37A1,PNN,UBL3,ERRFI1,TREM2,TREM1,GNG2,SSH1,RETREG1,POR,TOLLIP,PLEKHA5,APBB1IP,NDFIP2,CNNM2,DYM,WBP1L,PAQR5,RNF43,SLC66A1,PXK,CDKAL1,MKS1,CHCHD3,MRPL16,TMEM132A,TESC,STX17,SUSD4,WIPI1,ENOX1,TMEM51,ANO10,TMEM33,VPS13D,RIC8B,PLEKHG6,SLC47A1,UQCC1,TRAPPC14,VPS53,PPP6R3,PPP3CA,CPPED1,AGPAT5,GIMAP5,CHDH,PI4K2A,LGR4,TMCO6,LRRC59,CHST12,GALNT10,CARMIL1,FERMT1,AMBRA1,SLC39A4,FLVCR2,RAB20,PIGV,PRKACA,NPLOC4,VAC14,NECAP2,FAR2,LMBR1L,PRKAR1A,HHAT,EDEM2,COA1,TTC17,PRKCA,PRKCB,CSGALNACT1,CACNA2D3,AXL,PRKCD,ADAP2,PRKCE,RNF130,PAG1,PECR,PRKCH,GLT8D1,EMC3,ARHGAP15,PLGRKT,PRKCZ,RCC2,MAPK1,SULF2,GNG12,BCAP29,PDGFC,MAP2K1,CRTAM,CTNNBL1,LRRC8A,IRGC,KCNQ5,HTRA1,SLC2A9,MUC13,SUCNR1,KCMF1,SPIRE1,C1GALT1,SPPL2B,DUSP22,MFF,FAM20C,SLC12A9,COQ8A,PSMC1,PSMD3,CASS4,PLAAT1,MAN1C1,ADCK1,PAK5,SMURF1,NIPAL3,ATP10A,SLC45A4,TTC7A,SNX14,PTEN,PTGER2,JPH3,LRTM1,TMIGD3,SLC24A3,BIRC6,AMIGO1,PTK2,CNOT6,GRAMD1B,ARID1B,RPTOR,KCTD16,HACE1,SORCS2,NCEH1,SEMA6A,MARCHF4,KIF17,PREX1,TMEM181,BEGAIN,FNIP2,DIP2B,SHROOM3,STIM2,PHRF1,QSOX1,CPNE5,PTPN1,DENND1A,MEAK7,TRIB3,PTPN7,SLC4A5,PTPRE,PTPRJ,PTPRN2,PTPRO,PTPRS,NECTIN1,NECTIN2,CXCL16,PXN,PLEKHB1,MS4A7,SRPRB,NLRC4,EPS15L1,RRAGD,MPP4,RAB27A,RAC1,RAF1,PGAP6,RALGDS,RARA,RASGRF1,ARID4A,HRH4,LGR6,BCL2,BCL2A1,BCL2L1,RGS3,RGS12,RHCE,RHEB,ELOVL5,SCOC,TNFRSF17,HCN2,BCR,RPN1,RPS6,BDH1,RPS18,RRBP1,CLIP1,SORT1,S100A6,S100A8,S100A10,S100A13,SAG,BFSP1,SCN1A,SCN8A,SCNN1A,CEACAM1,RNF123,THADA,MANBAL,ELMO2,KIF13A,SECTM1,BLK,SELL,CDH23,SLC28A3,NPFFR1,VSIR,XYLT1,ERAP2,SEMA4A,ATL2,MS4A6A,ARHGEF28,RAB17,TMEM72,MAP1LC3B2,LMBR1,CCDC168,MMP25,SGK1,SGTA,CLRN2,ITSN1,SH3GL1,CLEC7A,SMURF2,CREB3L2,FNDC3B,DEPTOR,ST6GAL1,ST3GAL1,MARCHF7,NIBAN2,CDCP1,ST3GAL3,SLA,SLC1A2,SLC1A3,VPS33A,SLC2A1,SLC2A5,SLC5A1,CPLANE1,SLC5A4,SLC6A12,SLC7A1,SLC8A1,NCF1C,SLC11A1,SLC18A2,SLC22A5,TRAK2,SNTB1,SNTB2,SOD1,BNIP3L,SORL1,DST,SPARC,SPAST,BPHL,SPTAN1,SPTBN1,SPTBN2,SRC,SREBF2,BRAF,DENND2B,STAC,STIM1,STX3,STX5,BSG,SYK,SYN2,TACC1,TBCD,TBXAS1,MLX,TFR2,TGFA,TGFB3,TGFBR2,TSPO,TKT,TM4SF4,TMOD1,TNF,TPM4,TRAF3,TRHR,TRIO,TSG101,DNAJC7,C5,TTK,C5AR1,CCR2,TYK2,BORCS8,C8A,C8B,UBE2D3,UCP3,UGCG,USP4,UQCRH,UTRN,UVRAG,VAV2,VCL,VDAC2,EZR,MYRF,WFS1,WNT3,XPC,XRCC5,YES1,LDLRAD4,YWHAG,PTTG1IP,TMEM50B,PRCD,CACNA1C,ZYX,LUZP1,TVP23A,CSDE1,CACNB1,RNF103,CACNB4,SLMAP,KCNAB1,CUEDC2,AHNAK,ASPSCR1,FTO,CARD14,TMEM43,BCL2L14,NOX5,FYCO1,TMEM231,ARMH3,ADIPOR2,GALNT14,OGFRL1,SH3TC2,RHBDF2,ARHGAP10,DYNC2H1,NLRX1,MCTP1,MYH14,CLMN,ST7,CATSPERB,CLMP,RNF122,MFSD13A,TM4SF20,UBA5,LPCAT1,ATP8B4,KIAA0319L,SYNDIG1,CALD1,DOCK5,TMEM156,SLC8B1,TRPM3,GPR157,LRRTM4,BAIAP2L2,UXS1,SLC66A2,TMEM254,RAB11FIP1,RUFY1,EDEM3,STAM,SCUBE1,CUBN,EPC1,PNPLA3,COASY,SLC19A3,TTYH3,THSD7B,CYB5B,EEPD1,FXR1,ACTN4,CALR,GPR68,SLC7A5,DCSTAMP,SLC38A1,VOPP1,CYRIA,ITM2C,TSPAN14,AKAP1,OR2B2,CAMK2D,DOCK8,RNF170,CAMK2G,VANGL1,SBF2,SYN3,USP9X,CAPN2,CAPN3,COLQ,AXIN1,CAPZB,PITPNM3,CASP1,GSG1,APH1B,COG3,TLN2,SESN2,CD99L2,FERMT3,SLC25A18,TBC1D10A,PIP5K1B,PLA2G6,KREMEN1,B3GNT5,DTNBP1,QRICH2,EEA1,BCAR3,ACAD11,ANTXR1,LRRC8C,ZDHHC18,HSDL2,SLC25A33,STK24,CCDC115,SOAT2,NCK2,CYSTM1,CARD11,RAB11FIP4,CASQ2,SPIRE2,SLC12A8,TPST2,TPST1,TNRC18,HINT2,MS4A14,CRACR2A,SFT2D3,ADTRP,HAVCR2,ORAI1,MFSD2A,AIFM2,PLXDC2,ZNRF1,ABHD13,SERAC1,DISP1,REPS1,SMIM3,KCNAB2,GAS7,DGKD,SLC45A3,STON2,ITPRIP,SELENOI,DNAJC5B,DEGS1,STK16,SLC25A12,PLPP3,CBFA2T3,HSD17B6,AOC3,CBFB,TNKS,MARCO,DGAT1,ACTN1,B4GALT4,ABCC3,MBTPS1,TNFSF12,TNFSF10,ADAM15,CDS2,NAPA,RGS9,TNFRSF11A,TNFRSF10C,IQGAP1,NRP1,SYNGAP1,TMEM11,KSR1,ASAP2,SYNJ1,ST3GAL5,VNN2,SGPL1,TRIM4,HERC1,CCND2,UMODL1,HPS4,NAV3,PPP1R3F,MVB12B,SEC16B,SLAMF9,TMEM116,ATP6V0E1,LIMD1,PHLDB2,TSPAN18,SYS1,PKD2L1,CCRL2,MCFD2,CCDC32,PSTPIP2,PSTPIP1,MCU,SLC7A7,SLC7A6,STARD13,LRSAM1,CLDN10,PKMYT1,ACVR1B,MTMR7,NUP210L,CD2,RNF185,COL23A1,RSAD2,DGKI,SLC24A1,ARRDC4,XPR1,FCMR,DLGAP1,CD6,DLG5,CD7,SPECC1,CYTH3,CYTH1,DNER,CD9,GPR55,CD163,B4GALT5,CACNA2D4,CPNE6,NHERF1,NRXN3,KIF3B,OTOF,TGFBRAP1,ACVRL1,CD80,SYTL3,FADS2,CD86,MED17,CHST3,CD36,SLC4A8,RPH3AL,SPTLC2,ENTPD1,TP53I11,SEC22B,GTPBP1,AKAP12,CD44,NCOR2,ABCG1,AATK,SNCAIP,CD53,RALGPS1,CD59,SDC3,KIAA0040,CD68,NUP93,RAPGEF2,NOS1AP,DOCK4,PHACTR2,CD81,RIPOR2,ADGRE5,SUSD6,CD151,ATG13,TM9SF4,TBC1D5,RNF40,DNAJC6,TESPA1,ELMO1,GAB2,C2CD2L,KIAA0319,CEP350,LRBA,FCHSD2,FIG4,RBM19,TMCC2,FAM20B,NCAPD2,RNF10,IQSEC1,P2RY14,WDR1,SLC23A2,TNFSF15,DOP1B,CDH1","Sputum_Paucigranulocytic"
"BP","interleukin-10 production",65,17,0.00143154900546069,0.114544083098904,"LILRB1,LILRB4,TNFRSF21,HSPD1,IL4,IDO1,IL23A,PLCG2,TREM2,RBM47,PRG2,INAVA,PRKCZ,VSIR,CLEC7A,SYK,EPX","Sputum_Paucigranulocytic"
"BP","regulation of interleukin-10 production",65,17,0.00143154900546069,0.114544083098904,"LILRB1,LILRB4,TNFRSF21,HSPD1,IL4,IDO1,IL23A,PLCG2,TREM2,RBM47,PRG2,INAVA,PRKCZ,VSIR,CLEC7A,SYK,EPX","Sputum_Paucigranulocytic"
"BP","negative regulation of defense response",318,62,0.00145501809849484,0.115332464276494,"ADA,CDH5,MICA,LPCAT3,ADAR,LILRB1,NLRP3,C1QTNF3,ADORA1,CRK,DCST1,CYP19A1,FGR,SIRT2,NT5C2,GRAMD4,DTX4,FPR2,ALOX5,FYN,SAMHD1,GATA3,METRNL,GPER1,HLA-A,AOAH,FFAR4,IFI16,IL4,LYN,SMAD3,MEFV,PCBP2,ENPP3,ACP5,TREM2,PPARD,PPARG,SUSD4,LYAR,NPLOC4,PRKCD,ASH1L,PTPRS,RORA,BCR,CEACAM1,SEC14L1,SOD1,SRC,SYK,SERPING1,YES1,YWHAZ,RHBDF2,NLRX1,CEP63,FXR1,ZDHHC18,HAVCR2,PGLYRP1,OTULIN,MFHAS1,NR1D1","Sputum_Paucigranulocytic"
"BP","regeneration",188,48,0.00145684475746361,0.115332464276494,"CPQ,TMEM182,CPT1A,DAG1,EZH2,FKBP1B,INPP5F,LPIN1,GATA1,ANGPT2,ANXA1,ANXA3,HFE,HSPG2,EYS,IGF1R,KPNA1,LCP1,NINJ1,NINJ2,NNMT,NOTCH1,PCNA,PPARD,PPP3CA,AXL,BIN3,SULF2,MAP2K1,PTPRS,LGR6,BCL2,BRAF,KLF5,TSPO,TM4SF4,TNF,SLC7A5,CAPN3,GUCD1,KREMEN1,STK24,NR0B2,RUNX1,ADAM15,CD9,NREP,CD81,KIAA0319","Sputum_Paucigranulocytic"
"CC","secretory granule membrane",313,67,0.00146042482489455,0.115332464276494,"ADAM8,LHFPL2,ADAM10,ABCC4,IQGAP2,CKAP4,RAB31,EXOC3,SLC15A4,CPE,TMEM190,DCST1,NFAM1,VPS13B,AP2A2,CLEC4C,DSC1,ANO6,FCER1G,ADGRG3,CD93,ATP11A,UBR4,FPR2,GAA,B4GALT1,LAMP3,SIGLEC9,APLP2,SYCN,TICAM2,ITGAL,ITGAM,ITGB2,ITGB3,ITPR1,ITPR2,TBC1D10C,P2RX1,PLD1,PTPRJ,PTPRN2,RAC1,CEACAM1,SELL,MMP25,SLC2A5,SLC11A1,SLC18A2,SPARC,STX3,BSG,C5AR1,LPCAT1,ATP8B4,TSPAN14,CYSTM1,KCNAB2,DEGS1,DGAT1,IQGAP1,CD9,CD36,CD44,CD53,CD59,CD68,PHACTR2,ADGRE5","Sputum_Paucigranulocytic"
"BP","regulation of mononuclear cell migration",123,31,0.00146170347261179,0.115332464276494,"ADAM8,ADAM10,CCR6,CMKLR1,CRK,ANO6,PTK2B,LRCH1,FPR2,ABL1,STK39,IL4,ITGA4,ITGB3,MIA3,LYN,NEDD9,MAPK1,LGMN,PTK2,CCL20,CCL21,TNF,C5AR1,CCR2,SLC8B1,CALR,DOCK8,CD99L2,ADTRP,RIPOR2","Sputum_Paucigranulocytic"
"BP","protein modification by small protein conjugation",821,157,0.00147217533695925,0.115428503693562,"SAE1,TRIM10,PRMT3,PIAS3,ARIH2,LRRC41,TRAF3IP2,MALT1,WWP1,WWP2,CHP1,GABARAP,TRIM9,FBXO32,MARCHF3,RFFL,ANAPC16,KLHDC1,RNF19B,TRIM71,ASB6,ASB8,UBE2F,PRICKLE1,DCST1,SH3RF2,RNF217,DAXX,UBXN2A,NSMCE1,EPAS1,MARCHF8,HECW1,TRIM35,DTX4,MGRN1,SASH1,UBR4,MKRN1,HSPBP1,ABL1,FYN,RNF144B,SHPRH,FBXO7,RNF19A,WWTR1,TRPC4AP,KLHL3,FBXW8,FBXO10,AMFR,ANGPT1,NSMCE2,UHRF1,HIF1A,UBE2K,SH3RF3,LIMK1,LMO7,ARRB1,MDM4,MEFV,NFE2L2,PRKN,DCAF8,RNF141,UBXN1,MARCHF2,FZR1,UBR5,ANAPC7,ANAPC11,ZC3HC1,HDAC7,TRIM33,ASB2,BCL11A,BTBD1,TOLLIP,RNF216,NDFIP2,WBP1L,RNF43,DCUN1D2,AMBRA1,INAVA,PRKCE,RNF130,HDAC8,WSB2,SMURF1,PELI2,PELI1,ZMIZ1,PTEN,BIRC6,HECW2,HACE1,MARCHF4,PHRF1,TRIB3,BCL2,RNF123,UBE2O,GMCL2,SMURF2,MARCHF7,SUMO3,TSPO,TRAF3,EIPR1,TTC3,UBE2D3,UBE2E1,USP4,WFS1,PTTG1IP,ZBTB16,TRIM26,RNF103,USP7,RNF122,UBA5,CEP63,RNF170,USP9X,CAPN3,AXIN1,ZMIZ2,RNF135,TRIM55,FBH1,ZNRF1,COPS3,CBFB,TNKS,DCAF5,PER2,TRIM4,HERC1,BTRC,TRIM15,UBE3B,UBE3D,OTULIN,LRSAM1,ZNF598,RNF185,ARRDC4,UBE2L6,MED17,MED27,RNF7,DZIP3,N4BP1,HDAC4,RNF40,AREL1,KLHL21,RNF10","Sputum_Paucigranulocytic"
"BP","regulation of protein modification process",1300,250,0.0014750536382778,0.115428503693562,"CDH5,SH2D3C,SAE1,ADAM8,HIPK3,RASGRP1,FRY,PRMT3,CTDSPL,ADAR,DLC1,ADARB1,PIAS3,TAB1,GPNMB,SEMA4D,RGS14,CAMKK2,FAXDC2,MALT1,LILRB4,PKIG,CHI3L1,CHP1,SGF29,PHB2,GABARAP,WDFY2,NIBAN1,CLU,SPPL3,MOB3A,ADORA1,NCOA7,CRY2,CACUL1,PRICKLE1,PIK3R6,CCNYL1,SH3RF2,DAXX,UBXN2A,DYRK1A,EFNA5,EGF,SPRED2,MARK2,EPAS1,ERCC6,ERN1,EZH2,PTK2B,CCNY,FGR,FKBP1B,PPM1E,ATG14,INPP5F,MAPRE3,SIRT2,TNIK,SWAP70,TAB2,FLT1,CAMTA1,SASH1,SF3B1,PIK3R5,FPR2,HSPBP1,ABL1,FYN,WWTR1,GATA1,NUPR1,GNA12,GNAQ,SLCO3A1,ANG,ANGPT1,KANSL1,GPER1,HIPK2,EEF2K,PILRB,HCLS1,HTT,NRG1,HIF1A,UBE2K,HSF1,IKBKB,IL4,IL6R,IL18,INHBA,INSR,ITGA5,ITGB2,ITGB3,ITPKB,LCP2,LIMK1,LIMK2,LTF,BMAL1,LYN,MIR143,ARRB1,MAP3K10,NCK1,NEDD9,NEK3,NF1,NFYC,NGF,NNMT,ATP2B4,P2RX7,PRKN,UBXN1,FZR1,TAOK3,ANGPT4,PRKAG2,SNX9,PDE4D,IL23A,CDK5RAP1,ENPP2,PDPK1,CAB39,PIK3CB,PLCG2,ERRFI1,TREM2,TOLLIP,NDFIP2,PPARG,WBP1L,DCUN1D2,PPP6R3,AMBRA1,PRKAR1A,INAVA,PRKCD,PRKCE,HDAC8,PRKCZ,MAPK1,PDGFC,MAP2K1,MAP2K5,MAP2K6,DUSP22,CASS4,PELI2,PELI1,PTEN,PTK2,RPTOR,TAOK1,FNIP2,DIP2B,PTPN1,TRIB3,PTPN11,PTPRJ,PTPRO,RAC1,RAF1,BCL2,CEACAM1,CCL21,SMYD3,DEPTOR,MARCHF7,SLC8A1,SLC11A1,SOD1,SORL1,SRC,BRAF,STK4,SYK,TGFA,TGFBR2,TSPO,TNF,TPD52L1,TSG101,C5AR1,USP4,UVRAG,WARS1,WFS1,XRCC5,YES1,YWHAG,PTTG1IP,DBNDD1,ASPSCR1,CARD14,CCNJL,PRKRIP1,EHMT1,MOB3B,PRR5L,CEP63,FXR1,HMGA2,CAMP,CAPN3,AXIN1,SESN2,ROPN1L,DTNBP1,BCAR3,NCK2,HINT2,ADTRP,FBH1,UBASH3B,COPS3,PLPP3,MARCO,TNFRSF11A,IQGAP1,NRP1,KSR1,KAT2B,PER2,CCND2,BTRC,BAZ1B,PKMYT1,ARRDC4,CD6,MFHAS1,TADA2B,NHERF1,CD80,CD86,CDYL,CD36,CD44,TCL1B,ZNF592,PPM1F,N4BP1,RAPGEF2,NOS1AP,HDAC4,ATG13,TNFSF15","Sputum_Paucigranulocytic"
"BP","regulation of inflammatory response",422,76,0.00147815941624831,0.115428503693562,"ADA,CDH5,ADAM8,LPCAT3,CELF1,CTSC,MGLL,NLRP3,C1QTNF3,PIK3AP1,ADORA1,ADORA2B,CYP19A1,NLRP7,ESR1,ETS1,FABP4,FGR,NLRP1,SBNO2,FPR2,ALOX5,FYN,ABHD12,GATA3,NUPR1,FOXP1,STK39,METRNL,GPER1,ANXA1,AOAH,FFAR4,IL4,IL16,IL18,IDO1,KARS1,LYN,SMAD3,MEFV,ABCC1,NINJ1,IL23A,ENPP3,PLCG2,ACP5,TREM2,PPARD,PPARG,PRKCD,ASH1L,MAPK13,SUCNR1,NLRC4,BCL6,RORA,BCR,S100A8,SOD1,SRC,SYK,TNF,CCR2,YES1,MCPH1,RHBDF2,NLRX1,FXR1,CASP1,TNFRSF11A,PGLYRP1,OTULIN,MFHAS1,AIM2,NR1D1,CD81,AREL1","Sputum_Paucigranulocytic"
"BP","small molecule metabolic process",1842,307,0.00149934129196054,0.116681614789423,"ADA,UST,LPCAT3,SLC25A13,PRMT3,ZMPSTE24,NCOA2,MTHFS,FARS2,AHCYL1,ME3,ACOT2,LIAS,PLAAT3,NUDT5,NUDT3,SLC2A6,MGAT4A,SLC46A1,ACOT7,MGLL,CYGB,SLC25A25,OSBPL1A,OSBPL5,OSBPL6,OSBPL9,C1QTNF3,MOGAT1,DEGS2,EARS2,CNP,LRGUK,CPT1A,ADHFE1,GPAT4,CREB1,MTCL2,ACSM6,CS,VKORC1L1,AK8,TTC39B,CYP19A1,CYP27A1,DARS1,DDC,IDO2,DIO1,DLG2,DLST,ABAT,ECH1,ACSF3,CLN8,ETFB,ETFDH,ALDH2,FAH,PTK2B,FARSA,FBP1,FOXK1,FDFT1,FDX1,ALDH3A2,FHIT,SEPHS2,SEPHS1,SIRT2,RPIA,NT5C2,FOXO1,LPIN1,FMO1,FMO4,UBR4,LARS2,SIRT5,QPRT,PLA2G15,ALOX5,ALPL,GAA,SERINC5,SAMHD1,DHRS7B,ACOT11,OSBPL3,ABHD12,ZBTB20,GCH1,NUPR1,GGTA1,B4GALT1,TPK1,AMPD2,GLB1,GLDC,MAT2B,GMDS,GOT2,GPD1,GPD2,GPI,PTGR3,GPER1,GPX4,NR3C1,GSTA1,OLA1,DSE,ANXA1,HDC,HDLBP,HEXA,HEXB,HIF1A,HK1,HK2,ACACA,AOAH,HLCS,HNMT,HRH1,IARS1,IDH2,RD3,IL4,FOXK2,IMPA2,IDO1,INPP4A,INPP5A,INPP5B,INSR,ITPK1,ITPKB,KARS1,KCNQ1,PEDS1,LBR,LIPA,LIPC,LTA4H,MAN2A2,MGST3,ABCC1,MTHFD1,NDUFS2,ACO1,NNMT,NPC1,ATP2B4,OAT,OGDH,OPA1,P2RX7,P2RY6,RRM2B,PRKN,PCCA,PCK2,DERA,APIP,CRYL1,MECR,HSD17B12,PIPOX,GMPR2,ZBTB7A,CHST15,AIG1,PDE4B,PRKAG2,PDE4D,LIMA1,PDE8A,LARS1,ENPP3,ACSL5,ADA2,ATP8B1,PFKFB3,PGAM2,PGM1,PHKG2,PLA2G4A,PLCG2,NANS,TREM2,PPARD,PPARG,AUH,UCKL1,ACSM5,FGGY,ACOXL,CHST12,NAGK,CARMIL1,PRKAB1,PRKACA,FAR2,UGGT2,PRKCB,CSGALNACT1,PRKCE,PECR,ACSS2,MAPK1,PRPSAP1,LGMN,SLC2A9,UGGT1,COQ8A,LRRC47,RPTOR,NCEH1,TRIB3,PTS,NLRC4,BCAT1,SCPEP1,RBP4,ELOVL5,PPCDC,RORA,CEACAM1,FN3K,ST6GAL1,ST3GAL1,SLC1A3,SLC2A1,NADK,AACS,SOD1,BPHL,SRC,AKR1D1,SREBF2,SYK,TBXAS1,TCF7L2,TSPO,TK2,TKT,TNF,UCP3,UGP2,UCK2,UPP1,WARS1,CACNB4,USP7,CARS2,ADIPOR2,NARS2,DGLUCY,UXS1,ACSF2,CUBN,PNPLA3,COASY,SLC19A3,SLC38A1,PUDP,CARS1,CASP1,SESN2,PLA2G6,ACAD11,NR0B2,SOAT2,CARD11,TPST2,TPST1,ACCS,ADTRP,MFSD2A,AIFM2,KCNAB2,SLC45A3,DEGS1,PDXK,SLC25A12,PLPP3,CBFA2T3,HSD17B6,DGAT1,MBTPS1,DCAF5,KYAT1,GMPS,KAT2B,PER2,SYNJ1,VNN2,SGPL1,SLC7A7,MAPKAPK2,FADS2,CD36,SPTLC2,ENTPD1,GTPBP1,NR1D1,NCOR2,ABCG1,HDAC4,CDA,XYLB,GFPT2,SLC23A2","Sputum_Paucigranulocytic"
"BP","cholesterol storage",25,11,0.00151199635127022,0.117264863775647,"EHD1,TTC39B,LIPA,NPC1,TREM2,PPARD,PPARG,SREBF2,SOAT2,CD36,ABCG1","Sputum_Paucigranulocytic"
"BP","positive regulation of interleukin-1 production",72,19,0.00152943028128608,0.118213516027023,"NOD1,MALT1,NLRP3,NLRP1,PANX1,HK1,IFI16,IL16,SMAD3,MEFV,P2RX7,INAVA,NLRC4,S100A13,CLEC7A,TNF,CASP1,HAVCR2,AIM2,CD36","Sputum_Paucigranulocytic"
"BP","regulation of T cell mediated immunity",98,25,0.00157794024968418,0.121549539775672,"MICA,LILRB1,MALT1,LILRB4,NLRP3,CLC,ZBTB1,GATA3,HFE,HLA-A,HLA-DRA,MR1,HSPD1,IL4,IL18,P2RX7,IL23A,CYRIB,PRKCZ,DUSP22,NECTIN2,CEACAM1,CCR2,RSAD2,CD80,CD81","Sputum_Paucigranulocytic"
"MF","guanyl-nucleotide exchange factor activity",224,66,0.00158457998213398,0.121648633493286,"SH2D3C,RASGRP1,VAV3,AKAP13,FGD4,FGD5,RASGEF1B,DOCK1,DOCK2,EGF,SPATA13,DENND3,SWAP70,MCF2L2,DOCK9,PSD3,ARHGEF18,PSD4,RASGRP3,NGEF,PLEKHG3,GAPVD1,TIAM2,FBXO8,CYTH4,RAPGEF1,ABR,IQSEC3,ITSN2,ARHGEF3,RAPGEF6,RIN2,ARHGEF10L,RIC8B,PLEKHG6,RCC2,DENND11,PREX1,DENND1A,RALGDS,RAP1GDS1,RASGRF1,BCR,ARHGEF28,ITSN1,DENND2B,TRIO,VAV2,RIN3,DENND2D,DOCK5,DOCK8,SBF2,TBC1D10A,BCAR3,ARHGEF7,HERC1,HPS4,CYTH3,CYTH1,ARHGEF10,RALGPS1,RAPGEF2,DOCK4,ELMO1,FARP2,IQSEC1","Sputum_Paucigranulocytic"
"BP","negative regulation of myeloid leukocyte differentiation",53,17,0.00160899443071088,0.123107035163212,"CDK6,PIAS3,LILRB1,LILRB4,ZFPM1,FBN1,IL4,INHBA,INPP5D,LTF,LYN,NF1,PIK3R1,RARA,CEACAM1,C1QC,GPR68,UBASH3B,GPR55","Sputum_Paucigranulocytic"
"BP","positive regulation of alpha-beta T cell differentiation",52,18,0.00161744986741049,0.123338693916228,"ADA,MALT1,LILRB4,NLRP3,ANXA1,HLA-DRA,IL18,ITPKB,IL23A,PRKCZ,RARA,SYK,TGFBR2,ZBTB16,RUNX1,CBFB,CD80,CD86","Sputum_Paucigranulocytic"
"BP","regulation of proteolysis involved in protein catabolic process",235,54,0.00165547580783579,0.12581616139552,"ARIH2,CTSC,GIPC1,TLK2,GABARAP,CLU,RNF19B,PRICKLE1,SH3RF2,RNF217,EGF,PTK2B,FHIT,SIRT2,RYBP,HSPBP1,RNF144B,RNF19A,FBXW8,NUPR1,LAMP3,DISC1,GNA12,HIPK2,USP25,HFE,UBE2K,SH3RF3,NFE2L2,PRKN,UBXN1,FZR1,SUFU,TREM2,PRKACA,PSMC1,SMURF1,PTEN,PTK2,TRIB3,RAD23B,SGTA,MARCHF7,TGFB1I1,WFS1,USP7,PSME3IP1,USP9X,AXIN1,QRICH2,AGBL4,CBFA2T3,BTRC,RNF185,N4BP1","Sputum_Paucigranulocytic"
"BP","positive regulation of interleukin-1 beta production",62,17,0.00166271644139125,0.125945228047249,"NOD1,MALT1,NLRP3,NLRP1,PANX1,HK1,IFI16,SMAD3,MEFV,P2RX7,INAVA,NLRC4,CLEC7A,TNF,CASP1,AIM2,CD36","Sputum_Paucigranulocytic"
"BP","humoral immune response mediated by circulating immunoglobulin",47,14,0.00167507397507853,0.126459737573702,"CLU,FCER2,TREM2,SUSD4,SERPING1,C1QA,TNF,C1QB,C1QC,C1S,C5,C8A,C8B,CD81","Sputum_Paucigranulocytic"
"BP","T cell cytokine production",38,13,0.00169188977526278,0.12688614935007,"MALT1,LILRB4,NLRP3,CLC,GATA3,HFE,HLA-A,IL4,IL18,PRKCZ,CCR2,RSAD2,CD81","Sputum_Paucigranulocytic"
"BP","regulation of T cell cytokine production",38,13,0.00169188977526278,0.12688614935007,"MALT1,LILRB4,NLRP3,CLC,GATA3,HFE,HLA-A,IL4,IL18,PRKCZ,CCR2,RSAD2,CD81","Sputum_Paucigranulocytic"
"BP","regulation of lymphocyte differentiation",211,51,0.00176045227728474,0.131593807727034,"ADA,ADAM8,RASGRP1,BTN2A2,MALT1,LILRB4,NLRP3,PIK3R6,NFAM1,ZBTB1,IL27,ABL1,FBXO7,GATA3,ANXA1,HLA-DRA,IL4,IL18,INHBA,INPP5D,ITPKB,RHOH,IL23A,AMBRA1,AXL,PRKCZ,CRTAM,ZMIZ1,ARID1B,RARA,BCL6,PRDM1,VSIR,SMARCA2,SMARCD2,SOD1,BRAF,SYK,TGFBR2,CCR2,ZBTB16,ARID1A,CARD11,RUNX1,CBFB,PGLYRP1,CD2,CD80,CD86,TOX,TESPA1","Sputum_Paucigranulocytic"
"BP","antigen receptor-mediated signaling pathway",184,47,0.00177983587769149,0.132606526179218,"ADA,BTN3A3,BTN2A2,VAV3,MALT1,LILRB4,ERMAP,SPPL3,NFAM1,FCHO1,RFTN1,PLCL2,ABL1,FYB1,FYN,GATA3,FOXP1,TNFRSF21,BLNK,HLA-A,IKBKB,INPP5D,LCP2,LIPA,LYN,MEF2C,MNDA,NFATC2,PDE4B,PDE4D,PIK3CD,PLCG2,PRKCB,PRKCH,MAPK1,DUSP22,PTPRJ,NECTIN2,BCL2,CEACAM1,BLK,BRAF,SYK,EZR,CACNB4,CARD11,CD81,TESPA1","Sputum_Paucigranulocytic"
"BP","activation of protein kinase activity",87,25,0.00179249181134552,0.132634651019099,"CAMKK2,MALT1,CHI3L1,PHB2,MARK2,PTK2B,ABL1,ANG,ANGPT1,PILRB,NRG1,IL4,IL6R,IL18,INSR,ITGB3,MIR143,IL23A,PDPK1,PRKCD,SLC11A1,TGFBR2,CARD14,AXIN1,CD86,TNFSF15","Sputum_Paucigranulocytic"
"BP","purinergic nucleotide receptor signaling pathway",31,11,0.00179753609304658,0.132634651019099,"ADA,ADORA1,ADORA2B,ADORA3,ANO6,GPR171,P2RX1,P2RX4,P2RX7,P2RY2,P2RY6,P2RY13,P2RY14","Sputum_Paucigranulocytic"
"BP","positive regulation of protein phosphorylation",607,127,0.00179856371594589,0.132634651019099,"SH2D3C,ADAM8,RASGRP1,TAB1,GPNMB,SEMA4D,CAMKK2,FAXDC2,MALT1,CHI3L1,PHB2,WDFY2,NIBAN1,CLU,MOB3A,CACUL1,PIK3R6,DAXX,EFNA5,EGF,MARK2,ERN1,EZH2,PTK2B,CCNY,ATG14,MAPRE3,TNIK,TAB2,FLT1,SASH1,PIK3R5,FPR2,ABL1,FYN,GATA1,SLCO3A1,ANG,ANGPT1,GPER1,HIPK2,PILRB,HCLS1,NRG1,UBE2K,HSF1,IL4,IL6R,IL18,INHBA,INSR,ITGA5,ITGB3,LCP2,LIMK2,LTF,LYN,MIR143,ARRB1,MAP3K10,NEDD9,NGF,ATP2B4,P2RX7,TAOK3,ANGPT4,PRKAG2,SNX9,IL23A,ENPP2,PDPK1,CAB39,PLCG2,TREM2,PRKCD,MAPK1,PDGFC,MAP2K1,MAP2K5,MAP2K6,CASS4,PELI2,PTK2,RPTOR,FNIP2,PTPN1,PTPN11,PTPRJ,RAC1,RAF1,BCL2,CCL21,SMYD3,SLC11A1,SRC,BRAF,STK4,SYK,TGFA,TGFBR2,TNF,TPD52L1,XRCC5,YES1,CARD14,MOB3B,PRR5L,FXR1,HMGA2,CAMP,AXIN1,DTNBP1,BCAR3,ADTRP,FBH1,PLPP3,MARCO,TNFRSF11A,IQGAP1,NRP1,CCND2,CD6,CD80,CD86,CD36,CD44,TCL1B,RAPGEF2,TNFSF15","Sputum_Paucigranulocytic"
"CC","extracellular vesicle",2233,367,0.00180356042795729,0.132634651019099,"DDTL,WASF2,ADAM10,PATJ,CTDSPL,ZMPSTE24,NDRG1,ST3GAL6,CPQ,BAIAP2,CAP1,SEMA3C,DCTN2,CTSC,GIPC1,AHCYL1,IQGAP2,MTMR11,EHD1,CKAP4,YWHAQ,LILRB4,WWP1,WWP2,CHI3L1,NUDT5,PACSIN2,SNX18,CHP1,SCN11A,MGAT4A,ACOT7,OSBPL1A,C1QTNF3,NIBAN1,AP2M1,CLU,TMEM52B,OSCAR,CNP,FAM168B,COL15A1,COPA,CPE,CPM,CRK,S100A16,MTCL2,CS,PLEKHA7,TOM1L2,CTNND1,CTSB,CTSH,PPM1L,GLIPR2,CTSZ,DAG1,DARS1,LRRN4,DDC,DNM1,DYNC1H1,DOCK2,DPYSL2,DSC1,ECH1,EEF1A1,EEF2,EGF,ANO6,SERPINB1,EPHB1,FABP4,ALDH2,FAH,FAT2,SLC37A2,FBP1,FCER2,ALDH9A1,FGR,FKBP5,TNIK,FLNB,RFTN1,MGRN1,CUX2,ARHGEF18,DICER1,COTL1,QPRT,HEBP2,PLD3,PLA2G15,CEMIP2,SH3BP4,ALK,ALPL,GAA,TXNDC8,SERINC5,ACOT11,TIAM2,GBE1,MYOF,B4GALT1,CYFIP2,SND1,CPNE7,AGO2,GLB1,GLG1,TOR1B,MAT2B,GM2A,GMDS,GNAQ,GNG7,GNS,GOLGA4,GOT2,GPD1,GPI,SLC39A5,ANGPT1,VMO1,METRNL,GPX4,RACGAP1,GSTA1,OLA1,GUSB,ANXA1,ANXA2,ANXA3,ANXA4,HEXA,HEXB,ANXA6,HLA-A,ANXA11,HLA-DRA,AOX1,HNMT,HSPD1,HSPG2,APLP2,IARS1,IDH2,EYS,AQP1,INSR,ITGA4,ITGAL,ITGAM,ITGB2,ITGB3,CD82,B3GNT8,ARF1,TNPO1,KRT8,KRT16,LCP1,RAB19,LSP1,LTA4H,LTBP2,LTF,LYN,MIR143,ARSB,MAN1A1,ART3,MLLT3,MNDA,ABCC1,MTHFD1,MYH10,MYO1C,MYO1E,ACO1,NID1,NPC1,ATP2B2,P2RX4,MINK1,ATP6V0A4,ITSN2,PCBP2,CRYL1,PCNA,SNX9,ANKFY1,PDE8A,CYRIB,ATP6V1H,CHMP3,ENPP3,CAB39,RAB8B,GALNT7,PGAM2,PGM1,SLC25A3,SERPINA1,ATP6V1C1,ACP2,PITPNA,PLCG2,CLIC5,FXYD3,UBL3,NANS,GNG2,TOLLIP,CHCHD3,TMEM132A,TTC38,VPS13D,PRG2,NAGK,CARMIL1,PRKACA,CDK5RAP2,PRKCA,PRKCB,AXL,PRKCD,PRKCH,PRKCZ,GNG12,PDGFC,LGMN,HTRA1,SUCNR1,RETN,UGGT1,OLFML3,FAM20C,SLC12A9,PSMD3,MAN1C1,SMURF1,NDRG2,TAOK1,DIP2B,QSOX1,CPNE5,PTPRJ,PTPRO,PTPRS,NECTIN2,RAB27A,RAC1,PGAP6,RAP1GDS1,SCPEP1,RBP4,RHEB,BCR,RPS18,RREB1,RSU1,S100A6,S100A8,S100A10,S100A11,SCNN1A,CEACAM1,SECTM1,TINAGL1,TOR3A,RAB17,BLVRA,ST3GAL1,NIBAN2,SLC2A1,SLC2A5,SLC5A1,SLC22A5,SLPI,SOD1,SORL1,SPAST,SPTAN1,SPTBN1,SRC,STX3,BSG,MIR619,TSPO,TKT,SERPING1,TPM3,TPM4,TSG101,DNAJC7,C5,TXNRD1,TYK2,C8A,C8B,UBE2D3,UGP2,UTRN,VCL,EZR,VWF,WARS1,WNT3,YES1,YWHAG,YWHAZ,PTTG1IP,LUZP1,AHNAK,NAA16,DYNC2H1,PRKRIP1,MYH14,THSD4,UXS1,ARMC9,CUBN,COASY,TTYH3,COL18A1,ACTN4,CALR,SLC7A5,SLC38A1,ITM2C,CAMP,CAPG,CAPN2,EPX,CAPZB,FERMT3,TBC1D10A,EEA1,STK24,CYSTM1,CARD11,PDXK,ACTN1,TNFSF10,ADAM15,NAPA,CREG1,IQGAP1,PROZ,MVB12B,PGLYRP1,ARRDC4,MAPKAPK2,CD9,CPNE6,NHERF1,KIF3B,CD86,ENTPD1,CREB5,CD44,CD53,CD59,SAFB2,CD81,ADGRE5,RUSC2,WDR1,THRAP3,DOP1B,CDH1","Sputum_Paucigranulocytic"
"MF","ubiquitin binding",99,28,0.00181328982339719,0.132919993377025,"NOD1,RNF19B,TOM1L2,UBXN2A,SIRT2,GGA2,TAB2,FAF2,FBXO7,AMFR,USP25,JARID2,CUEDC1,SMAD3,PRKN,UBXN1,UBR5,TOLLIP,NPLOC4,RAD23B,MARCHF7,TSG101,CUEDC2,STAM,RNF185,UBXN11,UBE2L6,N4BP1","Sputum_Paucigranulocytic"
"MF","molecular function activator activity",1102,194,0.00184155350418777,0.134160374524792,"DNAJB6,SAE1,FAM13A,NOD1,DLC1,CDC42EP2,VAV3,TAB1,GPNMB,SEMA4D,SEMA3C,RGS14,GNB5,CTSC,IQGAP2,MALT1,ADAP1,CHN1,CHN2,CMTM7,NLRP3,ARAP1,MOB3A,COPA,CCNYL1,CTSH,CMTM8,DAXX,DOCK1,DOCK2,AGRP,EFNA5,EGF,MARK2,ARHGAP27,ERCC6,CCNY,FBN1,RASA3,NLRP1,TBC1D9B,ARHGAP26,SIPA1L3,TBC1D2B,RAP1GAP2,TBC1D9,TBC1D1,ARHGAP45,RABGAP1,ALK,IL27,FYN,TBC1D22A,RASGRP3,GAPVD1,TIAM2,ARFGAP3,NUPR1,SGSM3,GM2A,GMFB,GNAQ,GPI,METRNL,SH3PXD2B,ABR,ARHGAP35,DNAJC15,RACGAP1,GUCA2A,PSMC3IP,NENF,NRG1,HIF1A,TAFA2,IL4,IL16,IL18,INHBA,TBC1D10C,LTF,ARRB1,MET,MYO9A,MYO9B,PPP1R12B,NCF2,NF1,NGF,NOTCH1,ATP2A3,ASAP1,PCNA,FZR1,ANGPT4,PRKAG2,PDE8A,LARS1,IL23A,PDPK1,CAB39,MAP3K20,ADA2,PIK3R1,ERRFI1,TREM2,RIN2,PPBP,ARHGEF10L,PLEKHG6,ASAP3,DEPDC1B,PRKCD,ADAP2,PRKCE,ARHGAP15,PDGFC,MAP2K1,HTRA1,RETN,PTK2,ARHGAP31,RPTOR,TAOK1,SEMA6A,PREX1,CXCL16,NLRC4,ARHGAP22,RASA2,RGS3,RGS12,RHEB,BCR,CCL13,CCL18,CCL20,CCL21,CCL22,CCL25,SECTM1,VSIR,SEMA4A,NCF1C,PHACTR4,SRC,STK3,STK4,TBCD,MSMP,TG,TGFA,TGFB3,TGFBR2,TNF,DNAJC7,C5,WNT3,XRCC5,EVI5,ARHGAP10,MOB3B,RIN3,DOCK5,CYB5B,CASP1,APH1B,ARHGAP24,TBC1D10A,GARNL3,NSMAF,SLX4,TNFSF12,TNFSF10,RGS9,IQGAP1,NRP1,SYNGAP1,ASAP2,CCND2,BTRC,PGLYRP1,STARD13,NHERF1,CD80,CD86,AIM2,TCL1B,SH3PXD2A,RAPGEF2,DOCK4,ATG13,TBC1D5,TBC1D4,RABGAP1L,TNFSF15,CASP8AP2","Sputum_Paucigranulocytic"
"CC","extracellular organelle",2234,367,0.00184792277883559,0.134160374524792,"DDTL,WASF2,ADAM10,PATJ,CTDSPL,ZMPSTE24,NDRG1,ST3GAL6,CPQ,BAIAP2,CAP1,SEMA3C,DCTN2,CTSC,GIPC1,AHCYL1,IQGAP2,MTMR11,EHD1,CKAP4,YWHAQ,LILRB4,WWP1,WWP2,CHI3L1,NUDT5,PACSIN2,SNX18,CHP1,SCN11A,MGAT4A,ACOT7,OSBPL1A,C1QTNF3,NIBAN1,AP2M1,CLU,TMEM52B,OSCAR,CNP,FAM168B,COL15A1,COPA,CPE,CPM,CRK,S100A16,MTCL2,CS,PLEKHA7,TOM1L2,CTNND1,CTSB,CTSH,PPM1L,GLIPR2,CTSZ,DAG1,DARS1,LRRN4,DDC,DNM1,DYNC1H1,DOCK2,DPYSL2,DSC1,ECH1,EEF1A1,EEF2,EGF,ANO6,SERPINB1,EPHB1,FABP4,ALDH2,FAH,FAT2,SLC37A2,FBP1,FCER2,ALDH9A1,FGR,FKBP5,TNIK,FLNB,RFTN1,MGRN1,CUX2,ARHGEF18,DICER1,COTL1,QPRT,HEBP2,PLD3,PLA2G15,CEMIP2,SH3BP4,ALK,ALPL,GAA,TXNDC8,SERINC5,ACOT11,TIAM2,GBE1,MYOF,B4GALT1,CYFIP2,SND1,CPNE7,AGO2,GLB1,GLG1,TOR1B,MAT2B,GM2A,GMDS,GNAQ,GNG7,GNS,GOLGA4,GOT2,GPD1,GPI,SLC39A5,ANGPT1,VMO1,METRNL,GPX4,RACGAP1,GSTA1,OLA1,GUSB,ANXA1,ANXA2,ANXA3,ANXA4,HEXA,HEXB,ANXA6,HLA-A,ANXA11,HLA-DRA,AOX1,HNMT,HSPD1,HSPG2,APLP2,IARS1,IDH2,EYS,AQP1,INSR,ITGA4,ITGAL,ITGAM,ITGB2,ITGB3,CD82,B3GNT8,ARF1,TNPO1,KRT8,KRT16,LCP1,RAB19,LSP1,LTA4H,LTBP2,LTF,LYN,MIR143,ARSB,MAN1A1,ART3,MLLT3,MNDA,ABCC1,MTHFD1,MYH10,MYO1C,MYO1E,ACO1,NID1,NPC1,ATP2B2,P2RX4,MINK1,ATP6V0A4,ITSN2,PCBP2,CRYL1,PCNA,SNX9,ANKFY1,PDE8A,CYRIB,ATP6V1H,CHMP3,ENPP3,CAB39,RAB8B,GALNT7,PGAM2,PGM1,SLC25A3,SERPINA1,ATP6V1C1,ACP2,PITPNA,PLCG2,CLIC5,FXYD3,UBL3,NANS,GNG2,TOLLIP,CHCHD3,TMEM132A,TTC38,VPS13D,PRG2,NAGK,CARMIL1,PRKACA,CDK5RAP2,PRKCA,PRKCB,AXL,PRKCD,PRKCH,PRKCZ,GNG12,PDGFC,LGMN,HTRA1,SUCNR1,RETN,UGGT1,OLFML3,FAM20C,SLC12A9,PSMD3,MAN1C1,SMURF1,NDRG2,TAOK1,DIP2B,QSOX1,CPNE5,PTPRJ,PTPRO,PTPRS,NECTIN2,RAB27A,RAC1,PGAP6,RAP1GDS1,SCPEP1,RBP4,RHEB,BCR,RPS18,RREB1,RSU1,S100A6,S100A8,S100A10,S100A11,SCNN1A,CEACAM1,SECTM1,TINAGL1,TOR3A,RAB17,BLVRA,ST3GAL1,NIBAN2,SLC2A1,SLC2A5,SLC5A1,SLC22A5,SLPI,SOD1,SORL1,SPAST,SPTAN1,SPTBN1,SRC,STX3,BSG,MIR619,TSPO,TKT,SERPING1,TPM3,TPM4,TSG101,DNAJC7,C5,TXNRD1,TYK2,C8A,C8B,UBE2D3,UGP2,UTRN,VCL,EZR,VWF,WARS1,WNT3,YES1,YWHAG,YWHAZ,PTTG1IP,LUZP1,AHNAK,NAA16,DYNC2H1,PRKRIP1,MYH14,THSD4,UXS1,ARMC9,CUBN,COASY,TTYH3,COL18A1,ACTN4,CALR,SLC7A5,SLC38A1,ITM2C,CAMP,CAPG,CAPN2,EPX,CAPZB,FERMT3,TBC1D10A,EEA1,STK24,CYSTM1,CARD11,PDXK,ACTN1,TNFSF10,ADAM15,NAPA,CREG1,IQGAP1,PROZ,MVB12B,PGLYRP1,ARRDC4,MAPKAPK2,CD9,CPNE6,NHERF1,KIF3B,CD86,ENTPD1,CREB5,CD44,CD53,CD59,SAFB2,CD81,ADGRE5,RUSC2,WDR1,THRAP3,DOP1B,CDH1","Sputum_Paucigranulocytic"
"CC","extracellular membrane-bounded organelle",2234,367,0.00184792277883559,0.134160374524792,"DDTL,WASF2,ADAM10,PATJ,CTDSPL,ZMPSTE24,NDRG1,ST3GAL6,CPQ,BAIAP2,CAP1,SEMA3C,DCTN2,CTSC,GIPC1,AHCYL1,IQGAP2,MTMR11,EHD1,CKAP4,YWHAQ,LILRB4,WWP1,WWP2,CHI3L1,NUDT5,PACSIN2,SNX18,CHP1,SCN11A,MGAT4A,ACOT7,OSBPL1A,C1QTNF3,NIBAN1,AP2M1,CLU,TMEM52B,OSCAR,CNP,FAM168B,COL15A1,COPA,CPE,CPM,CRK,S100A16,MTCL2,CS,PLEKHA7,TOM1L2,CTNND1,CTSB,CTSH,PPM1L,GLIPR2,CTSZ,DAG1,DARS1,LRRN4,DDC,DNM1,DYNC1H1,DOCK2,DPYSL2,DSC1,ECH1,EEF1A1,EEF2,EGF,ANO6,SERPINB1,EPHB1,FABP4,ALDH2,FAH,FAT2,SLC37A2,FBP1,FCER2,ALDH9A1,FGR,FKBP5,TNIK,FLNB,RFTN1,MGRN1,CUX2,ARHGEF18,DICER1,COTL1,QPRT,HEBP2,PLD3,PLA2G15,CEMIP2,SH3BP4,ALK,ALPL,GAA,TXNDC8,SERINC5,ACOT11,TIAM2,GBE1,MYOF,B4GALT1,CYFIP2,SND1,CPNE7,AGO2,GLB1,GLG1,TOR1B,MAT2B,GM2A,GMDS,GNAQ,GNG7,GNS,GOLGA4,GOT2,GPD1,GPI,SLC39A5,ANGPT1,VMO1,METRNL,GPX4,RACGAP1,GSTA1,OLA1,GUSB,ANXA1,ANXA2,ANXA3,ANXA4,HEXA,HEXB,ANXA6,HLA-A,ANXA11,HLA-DRA,AOX1,HNMT,HSPD1,HSPG2,APLP2,IARS1,IDH2,EYS,AQP1,INSR,ITGA4,ITGAL,ITGAM,ITGB2,ITGB3,CD82,B3GNT8,ARF1,TNPO1,KRT8,KRT16,LCP1,RAB19,LSP1,LTA4H,LTBP2,LTF,LYN,MIR143,ARSB,MAN1A1,ART3,MLLT3,MNDA,ABCC1,MTHFD1,MYH10,MYO1C,MYO1E,ACO1,NID1,NPC1,ATP2B2,P2RX4,MINK1,ATP6V0A4,ITSN2,PCBP2,CRYL1,PCNA,SNX9,ANKFY1,PDE8A,CYRIB,ATP6V1H,CHMP3,ENPP3,CAB39,RAB8B,GALNT7,PGAM2,PGM1,SLC25A3,SERPINA1,ATP6V1C1,ACP2,PITPNA,PLCG2,CLIC5,FXYD3,UBL3,NANS,GNG2,TOLLIP,CHCHD3,TMEM132A,TTC38,VPS13D,PRG2,NAGK,CARMIL1,PRKACA,CDK5RAP2,PRKCA,PRKCB,AXL,PRKCD,PRKCH,PRKCZ,GNG12,PDGFC,LGMN,HTRA1,SUCNR1,RETN,UGGT1,OLFML3,FAM20C,SLC12A9,PSMD3,MAN1C1,SMURF1,NDRG2,TAOK1,DIP2B,QSOX1,CPNE5,PTPRJ,PTPRO,PTPRS,NECTIN2,RAB27A,RAC1,PGAP6,RAP1GDS1,SCPEP1,RBP4,RHEB,BCR,RPS18,RREB1,RSU1,S100A6,S100A8,S100A10,S100A11,SCNN1A,CEACAM1,SECTM1,TINAGL1,TOR3A,RAB17,BLVRA,ST3GAL1,NIBAN2,SLC2A1,SLC2A5,SLC5A1,SLC22A5,SLPI,SOD1,SORL1,SPAST,SPTAN1,SPTBN1,SRC,STX3,BSG,MIR619,TSPO,TKT,SERPING1,TPM3,TPM4,TSG101,DNAJC7,C5,TXNRD1,TYK2,C8A,C8B,UBE2D3,UGP2,UTRN,VCL,EZR,VWF,WARS1,WNT3,YES1,YWHAG,YWHAZ,PTTG1IP,LUZP1,AHNAK,NAA16,DYNC2H1,PRKRIP1,MYH14,THSD4,UXS1,ARMC9,CUBN,COASY,TTYH3,COL18A1,ACTN4,CALR,SLC7A5,SLC38A1,ITM2C,CAMP,CAPG,CAPN2,EPX,CAPZB,FERMT3,TBC1D10A,EEA1,STK24,CYSTM1,CARD11,PDXK,ACTN1,TNFSF10,ADAM15,NAPA,CREG1,IQGAP1,PROZ,MVB12B,PGLYRP1,ARRDC4,MAPKAPK2,CD9,CPNE6,NHERF1,KIF3B,CD86,ENTPD1,CREB5,CD44,CD53,CD59,SAFB2,CD81,ADGRE5,RUSC2,WDR1,THRAP3,DOP1B,CDH1","Sputum_Paucigranulocytic"
"BP","negative regulation of interleukin-10 production",24,8,0.00185834291352857,0.134487211359947,"LILRB1,LILRB4,TNFRSF21,IDO1,IL23A,PRG2,VSIR,EPX","Sputum_Paucigranulocytic"
"BP","negative regulation of protein import into nucleus",15,8,0.00189272826245683,0.136213603654123,"PKIG,CHP1,ANGPT1,MDFIC,NF1,SUFU,FERMT1,CD36","Sputum_Paucigranulocytic"
"BP","regulation of alpha-beta T cell differentiation",74,23,0.00189418670809289,0.136213603654123,"ADA,MALT1,LILRB4,NLRP3,IL27,GATA3,ANXA1,HLA-DRA,IL4,IL18,ITPKB,IL23A,PRKCZ,RARA,BCL6,PRDM1,SYK,TGFBR2,ZBTB16,RUNX1,CBFB,CD80,CD86","Sputum_Paucigranulocytic"
"CC","tertiary granule membrane",73,20,0.0019821063587696,0.142086387686689,"ADAM8,ADAM10,CLEC4C,ANO6,FCER1G,CD93,ATP11A,UBR4,FPR2,GAA,ITGAM,ITGB2,PLD1,CEACAM1,SLC11A1,ATP8B4,TSPAN14,CYSTM1,KCNAB2,CD53,CD59","Sputum_Paucigranulocytic"
"BP","regulation of natural killer cell activation",42,14,0.00203846523310145,0.145666930682381,"MICA,RASGRP1,CLNK,FGR,ZBTB1,BLOC1S6,TICAM2,IL18,IL23A,AXL,PRDM1,TYK2,HAVCR2,PGLYRP1,TOX","Sputum_Paucigranulocytic"
"BP","type 2 immune response",42,14,0.00205024603623506,0.146049501339829,"TRAF3IP2,NLRP3,GATA3,ANXA1,IL4,IL18,IDO1,PRKCZ,RARA,BCL6,CCR2,RSAD2,CD86,CD81","Sputum_Paucigranulocytic"
"BP","positive regulation of interleukin-4 production",27,11,0.00212521526817626,0.150892522260932,"NLRP3,FCER1G,GATA3,PRG2,PRKCZ,RARA,SYK,SLC7A5,EPX,HAVCR2,CD86","Sputum_Paucigranulocytic"
"CC","podosome",31,15,0.00213151292227421,0.150892522260932,"ADAM8,SH3PXD2B,LCP1,ASAP1,KIF9,SH3GL1,TNS3,SRC,TPM4,VCL,DOCK5,FERMT3,SH3PXD2A,NOS1AP,WDR1","Sputum_Paucigranulocytic"
"BP","T cell mediated immunity",126,30,0.00215282251943628,0.151863324876244,"MICA,BTN3A3,CTSC,LILRB1,MALT1,LILRB4,NLRP3,CLC,CTSH,ZBTB1,RFTN1,GATA3,HFE,HLA-A,HLA-DRA,MR1,HSPD1,IL4,IL18,P2RX7,IL23A,CYRIB,PRKCZ,DUSP22,NECTIN2,RAB27A,CEACAM1,CCR2,RSAD2,CD80,CD81","Sputum_Paucigranulocytic"
"BP","transport",4439,766,0.00216071702601361,0.151863324876244,"ADA,SLC17A4,SAE1,ABCC5,TIMM23B,CERT1,ADAM8,RASGRP1,LPCAT3,WASF2,SLC25A13,ADAM10,STX6,AP3S2,ABCC4,RAMP2,ZMPSTE24,KATNB1,RTN3,CACNG3,ARIH2,VAV3,MERTK,CAP1,CEBPE,DCTN2,AGR2,TXNIP,RGS14,EXOC5,IGF2BP2,GNB5,GIPC1,TRAF3IP2,AHCYL1,GJB6,LILRB1,USP20,MALT1,EHD1,YWHAQ,LILRB4,RAB31,WWP1,WWP2,PKIG,SLC2A6,PACSIN2,SNX18,CHP1,CHRM1,SCN11A,VPS26B,LYST,SLCO2B1,SLC46A1,PHB2,EXOC3,GABARAP,CYGB,PKD1L2,BTBD9,SLC25A25,OSBPL1A,OSBPL5,OSBPL6,OSBPL9,OSBPL10,OSBPL11,C1QTNF3,MARCHF3,CLNK,SSX2IP,SLC16A10,AP2M1,TMC1,BORCS5,CLCN6,PDZD8,CLU,SLC36A4,SLC15A4,SLC24A4,ABCC2,SLC43A2,WDR81,CNP,TANGO2,COPA,ADORA1,ADORA2B,CPE,CPT1A,GPAT4,CREB1,ADORA3,CRY2,VTI1A,LDLRAD3,PRICKLE1,GSG1L,TOM1L2,CNIH3,ENTHD1,SLC38A11,CXADR,PRELID2,GRK3,VPS13B,TTC39B,CYP19A1,DAG1,AP2A2,SYNE3,DAPK1,AP2B1,CNST,PKD1L1,DLG2,DNM1,DYNC1H1,DOCK1,DOCK2,ABAT,DPYSL2,EFNA5,EFNB2,EGF,ANO6,TMEM201,HTR3D,ARHGAP27,SLC39A11,SPNS3,SLC29A1,TSNARE1,EPB41,CLN8,EXT1,EYA2,FABP4,PTK2B,SLC37A2,FCER1G,FCER2,FGR,FKBP1B,COPG1,RASA3,AAK1,LMTK2,ATG14,INPP5F,TRAPPC8,DENND3,EPN2,CD93,SV2C,TMCC1,XPO7,FNBP1,CLUAP1,GGA2,HECW1,FOXO1,ERC1,KIF1B,TBC1D2B,ATP10B,FCHO1,SEPTIN8,RFTN1,FAF2,RHOBTB2,EXOC6B,ATP11A,MTCL1,CLEC16A,SMG6,MGRN1,BICD2,VPS39,SYNE1,VPS8,ZDHHC17,PIP5K1C,TMED3,ABCB9,ABCA6,TRAM1,LEPROTL1,MACF1,ATP6V0A2,FPR2,SH3BP4,ALOX5,PANX1,ABL1,FYN,ZDHHC20,GABBR1,SERINC5,SNX33,FBXO7,MYRIP,SEC31B,OSBPL3,IPCEF1,ERC2,TANC2,GAPVD1,TRPC4AP,PITPNC1,GATA1,KLHL3,GATA3,BLOC1S6,SLC13A4,ARFGAP3,CNNM3,MYOF,ATP2C1,PKD2L2,GJB3,TRAPPC3,STK39,SGSM3,BIN1,CECR2,GM2A,GOLGA4,GOT2,SLCO3A1,ANG,CCDC88B,SLC39A5,MYO1H,ANGPT1,SLC9A9,GPER1,SLC36A3,ILDR1,GRK4,GRB10,SNX24,GRIK1,SETD2,DNAJC15,RACGAP1,SNX8,SNX10,EEF2K,SLC25A24,MDFIC,SLC2A8,PACSIN1,SH3KBP1,ANXA1,ANXA2,HBG2,HCLS1,ANXA3,HTT,HDLBP,HFE,KCNIP2,KCNIP1,CD209,NRG1,ANXA6,HIF1A,HIP1,HK2,ANXA11,APBA1,APBB1,HSF1,HSPD1,HSPG2,HTR3A,UBAC2,FFAR4,ENPP7,IRF8,TMC3,SYCN,RD3,RTP2,IGF1R,TICAM2,IL4,AQP1,IL16,INHBA,AQP7,INSR,AQP9,ITGA4,ITGAL,ITGAM,ITGB2,ITGB3,ITPR1,ITPR2,KCNA10,TBC1D10C,ATP9B,ARF1,MIA3,KCNE1,STIMATE,KCNH2,KCNJ15,KCNMB1,KCNQ1,KIF5B,KPNA1,TNPO1,SERP2,GLTPD2,MFSD2B,KTN1,LASP1,LCP1,LIMK1,LIPA,LIPC,ASIC2,LMNA,CHCHD10,RAB19,LRP1,LTBP2,LTF,BMAL1,LYN,MIR143,MIR199B,ARRB1,SMAD3,ARSB,MAN1A1,MAP6,MEF2C,MET,MIPEP,MKLN1,ASGR1,ASGR2,ABCC1,MAP1LC3C,MYH10,MYO1C,MYO1E,MYO10,NCF2,ATOX1,NF1,NFE2L2,ACO1,ATP1A4,NOTCH1,NPC1,ATP2A2,ATP2A3,ATP2B2,ATP2B4,OPA1,OPRM1,P2RX1,P2RX4,P2RX7,P2RY2,P2RY6,PCSK6,MINK1,ATP6V0A4,ITSN2,PRKN,PAM16,PCK2,PLLP,SIDT2,GLTP,MARCHF2,SLC25A37,RSRC1,UBR5,TRPV2,PDE4B,PRKAG2,SNX9,PDE4D,LIMA1,ANKFY1,NCKIPSD,ATP6V1H,CHMP3,ENPP2,SUFU,PDPK1,ACSL5,CAB39,SYT17,RAB8B,ATP8B1,SLC25A3,ATP6V1C1,PIK3CB,PIK3CD,PIK3R1,PI4KB,PIP4K2A,PITPNA,PLA2G4A,PLCB4,PLCG2,PLD1,TPCN1,CLIC5,FXYD3,SLC37A1,TREM2,RIN2,NDFIP2,PPARD,PPARG,PPBP,CNNM2,AHI1,SLC66A1,PXK,TMEM132A,TESC,STX17,NRDE2,WIPI1,ANO10,VPS13D,SLC47A1,VPS53,PPP3CA,TMCO6,NCBP3,CARMIL1,FERMT1,SLC39A4,CHD7,FLVCR2,LYAR,RAB20,PRKACA,NPLOC4,FRMD4A,VAC14,NECAP2,LMBR1L,PRKAR1A,EDEM2,PRKCB,CACNA2D3,AXL,PRKCD,PRKCE,PRKCZ,BIN3,DMAP1,MAPK1,BCAP29,MAPK8,MAP2K1,MAP2K6,LRRC8A,KCNQ5,SLC2A9,SUCNR1,RETN,SPIRE1,MFF,SLC12A9,PARP11,CAMK1D,SMURF1,ANKRD50,NIPAL3,ATP10A,SLC45A4,SNX14,PTEN,JPH3,SLC24A3,AMIGO1,PTK2,GRAMD1B,HECW2,SORCS2,KIF17,USP36,STIM2,PTPN1,DENND1A,TRIB3,PTPN11,SLC4A5,PTPRJ,PTPRN2,NECTIN1,CXCL16,SRPRB,EPS15L1,RAB27A,RAC1,RAF1,RAP1GDS1,RARA,RBP4,BCL2,BCL2A1,UPF1,BCL2L1,RHCE,HCN2,BCR,RRBP1,RXRA,SORT1,S100A6,S100A8,S100A10,S100A13,SAG,CELA2A,ATXN1,SCN1A,SCN8A,SCNN1A,CEACAM1,CCL21,UBE2O,ELMO2,SEC14L1,KIF13A,TRAPPC2,BLK,CDH23,SLC28A3,TINAGL1,RAB17,SGK1,SCG5,SGTA,ITSN1,SH3GL1,CLEC7A,CREB3L2,NIBAN2,SLC1A2,SLC1A3,VPS33A,SLC2A1,SLC2A5,NADK,SLC5A1,SLC5A4,SLC6A12,SLC7A1,SLC8A1,SLC11A1,SLC18A2,SLC22A5,AACS,TRAK2,SOD1,BNIP3L,SORL1,DST,SPAST,SPTBN1,SPTBN2,SRC,SREBF2,BRAF,SRP68,STAC,STIM1,STK3,STK4,STX3,STX5,SYK,SYN2,TCF7L2,TFF2,TFR2,TG,TGFB3,TGFBR2,TSPO,TRAPPC10,TNF,TPD52,TSG101,EIPR1,CCR2,BORCS8,UBE2D3,UCP3,UGCG,UQCRH,UTRN,UVRAG,VAV2,VDAC2,VDR,EZR,WFS1,YES1,YWHAG,PTTG1IP,TMEM50B,CACNA1C,TVP23A,EVI5,CACNB1,ALMS1,PAX8,CACNB4,SLMAP,USP7,KCNAB1,AHNAK,ASPSCR1,NOX5,FYCO1,SH3TC2,RHBDF2,DYNC2H1,MCTP1,CLMN,RIN3,ATP8B4,PRR5L,MAP6D1,SYNDIG1,SLC8B1,TRPM3,SLC66A2,RAB11FIP1,RUFY1,STAM,CUBN,NCOA4,SLC19A3,TTYH3,EEPD1,ACTN4,CALR,GPR68,SLC7A5,SLC38A1,CAMK2D,CAMK2G,SYN3,USP9X,CAPN3,AXIN1,PITPNM3,COG3,SESN2,TRAPPC9,SLC25A18,ROPN1L,TBC1D10A,PLA2G6,DTNBP1,FHIP1B,EEA1,LRRC8C,ZDHHC18,SLC25A33,NR0B2,HPS3,SOAT2,RAB11FIP4,CASQ2,SPIRE2,SLC12A8,PLA2G12B,CRACR2A,SFT2D3,ADTRP,AGBL4,ORAI1,MFSD2A,SERAC1,UBASH3B,DISP1,REPS1,KCNAB2,DGKD,SLC45A3,STON2,SLC25A12,PLPP3,TNKS,PEA15,MARCO,ABCC3,MBTPS1,MYOM1,NAPA,TNFRSF11A,CREG1,NRP1,NR1I2,PER2,SYNJ1,HPS4,MVB12B,SEC16B,PLCZ1,ATP6V0E1,TSPAN18,SYS1,PKD2L1,MCFD2,CCDC32,PSTPIP1,MCU,SLC7A7,SLC7A6,LRSAM1,CLDN10,SESTD1,RNF185,PKDCC,RSAD2,SLC24A1,ARRDC4,XPR1,RCSD1,BICDL1,PDLIM7,MAPKAPK2,CYTH3,CYTH1,DNER,CD9,CD163,CACNA2D4,NHERF1,KIF3B,OTOF,TGFBRAP1,SYTL3,CD36,SLC4A8,RPH3AL,SEC22B,NR1D1,PREPL,NCOR2,ABCG1,SNCAIP,PPM1F,FAM53B,NUP93,NOS1AP,CD81,CD151,ATG13,TM9SF4,TBC1D5,DNAJC6,ELMO1,GAB2,C2CD2L,FCHSD2,TBC1D4,RABGAP1L,SLC23A2,DOP1B,CDH1","Sputum_Paucigranulocytic"
"BP","neutrophil clearance",6,4,0.00216527535908745,0.151863324876244,"MERTK,ANXA1,AXL,CCR2","Sputum_Paucigranulocytic"
"BP","positive regulation of granulocyte chemotaxis",28,9,0.00217840260714581,0.152313910291635,"DAPK2,IL4,IL23A,CAMK1D,RAC1,CCL21,C5AR1,MCU,RIPOR2","Sputum_Paucigranulocytic"
"BP","carbohydrate transport",157,38,0.00219108757325596,0.152730901885486,"SLC2A6,SLC37A2,GRB10,SLC2A8,HK2,FFAR4,AQP1,AQP7,INSR,AQP9,MFSD2B,MIR143,NFE2L2,PRKAG2,PIK3R1,SLC37A1,PPARD,PPBP,PRKCB,SLC2A9,SLC45A4,TRIB3,PTPN11,SORT1,SLC1A2,SLC2A1,SLC2A5,SLC5A1,SLC5A4,BRAF,TNF,EZR,YES1,ASPSCR1,SESN2,MFSD2A,SLC45A3,PEA15,SLC23A2","Sputum_Paucigranulocytic"
"BP","multicellular organismal-level homeostasis",809,163,0.00220355833159341,0.152834867767734,"ADA,CDH5,ADAM8,TRIM10,LPCAT3,CDK6,ADAR,IKZF1,MERTK,IGF2BP2,KLF1,TRAF3IP2,GJB6,AKAP11,BTBD9,SLC25A25,SLC15A4,CMKLR1,ADORA1,PIWIL4,PRICKLE1,CTSH,CXADR,VPS13B,ZFPM1,TMEM64,DYNC1H1,ABAT,GPR183,GAPT,EPAS1,CLN8,ERCC6,ALAS1,ETS1,EXT1,EZH2,FABP4,PTK2B,FOXO1,LPIN1,RCOR1,PLCL2,FMO1,FMO4,BRD1,ALK,ALPL,ABL1,WWTR1,DHRS7B,ACOT11,GATA1,GATA3,AMPD2,STK39,GPI,POC1B,ANGPT1,METRNL,SIGLEC15,NKIRAS2,ILDR1,GRB10,HIPK2,RACGAP1,TMOD3,SNX10,ANXA1,HCLS1,HFE,HIF1A,ACACA,APBB2,HSF1,FFAR4,IGF1R,IL4,AQP1,IL18,INHBA,INPP5D,ITGB3,ITPKB,KCNQ1,LIPA,LTF,BMAL1,LYN,MBP,MEF2C,RHEX,MTHFD1,NF1,NOTCH1,P2RX4,P2RX7,ZBTB7A,TRPV2,PDE4B,PIK3CB,PIK3CD,ACP5,PPARD,MKS1,LGR4,PRKAB1,LYAR,PRKACA,PACS1,INAVA,PRKCA,AXL,PDGFC,MAP2K6,MUC13,PTPN11,ARID4A,RBP4,BCL2,RHEB,BCL6,TNFRSF17,BCR,RPS6,SCNN1A,CDH23,CRTC3,SLC2A1,SLC11A1,SLC22A5,SOD1,SORL1,SRC,SYK,TFF2,TFR2,THRA,TLE3,TNF,CCR2,VCL,WFS1,ALMS1,FTO,ADIPOR2,TBL1XR1,EHMT1,UBA5,LPCAT1,CUBN,DCSTAMP,CARD11,MFSD2A,UBASH3B,TNFRSF11A,PER2,ACVR1B,MFHAS1,GPR55,AIM2,CHST3,CD36,NR1D1,ZNF516,ZEB2","Sputum_Paucigranulocytic"
"BP","positive regulation of adaptive immune response based on somatic recombination of immune receptors built from immunoglobulin superfamily domains",122,29,0.00220603048001306,0.152834867767734,"ADA,MICA,MALT1,NLRP3,FCER2,ZBTB1,GATA3,HFE,HLA-A,HLA-DRA,MR1,HSPD1,IL4,IL18,P2RX7,IL23A,CYRIB,PLA2G4A,TREM2,PRKCZ,HMCES,NECTIN2,CLEC7A,SLC11A1,TNF,CCR2,TYK2,RSAD2,CD81","Sputum_Paucigranulocytic"
"BP","substrate adhesion-dependent cell spreading",100,32,0.00221961527505022,0.153308624651189,"MERTK,CRK,DOCK1,EFNA5,EPHB3,ABL1,PARVB,ITGA4,ITGB3,NEDD9,PIK3R1,CARMIL1,AXL,RCC2,CASS4,PTK2,PREX1,PXN,RAC1,RREB1,S100A10,ST6GAL1,SRC,BRAF,PEAK1,DOCK5,ACTN4,CALR,FERMT3,ANTXR1,NRP1,ARHGEF7","Sputum_Paucigranulocytic"
"BP","lipid biosynthetic process",736,141,0.00223403158694952,0.153836769035882,"LPCAT3,PRMT3,CDS1,ST3GAL6,FAXDC2,LIAS,PLAAT3,CHP1,ACOT7,MGLL,OSBPL1A,OSBPL6,OSBPL9,MOGAT1,DEGS2,PIGU,GPAT4,CREB1,ACSM6,TTC7B,PPM1L,CYP19A1,CYP27A1,DGKG,SGMS2,ACSF3,CLN8,FDFT1,FDX1,ATG14,INPP5F,SACM1L,SIRT2,EFR3B,EFR3A,LPIN1,UBR4,PIP5K1C,PIGN,PLA2G15,PRKD3,ALOX5,LCLAT1,CERS6,SERINC5,SGMS1,DHRS7B,OSBPL3,ZBTB20,GGTA1,ANG,GPER1,PNPLA1,GPX4,NR3C1,ANXA1,HEXB,ACACA,ENPP7,IGF1R,IMPA2,INPP4A,INPP5D,ITPKB,PEDS1,LBR,LIPA,LIPC,P2RX1,P2RX7,PCK2,MECR,HSD17B12,PIGP,PCYT1A,PRKAG2,ACSL5,PIK3C2B,PIK3CB,PIK3CD,PIK3R1,PI4KB,PIP4K2A,PLA2G4A,PLCG2,PLD1,ACSM5,AGPAT5,PI4K2A,PRKAB1,PIGV,VAC14,FAR2,PRKCD,PECR,ACSS2,TTC7A,PTEN,RPTOR,TRIB3,ELOVL5,CEACAM1,ST3GAL1,ST3GAL3,AACS,SOD1,AKR1D1,SREBF2,TBXAS1,TSPO,TNF,UGCG,UVRAG,LPCAT1,PNPLA3,CAPN2,PITPNM3,PIP5K1B,PLA2G6,B3GNT5,HINT2,MFSD2A,SERAC1,DGKD,SLC45A3,SELENOI,DEGS1,PLPP3,HSD17B6,DGAT1,B4GALT4,MBTPS1,CDS2,DCAF5,KAT2B,SYNJ1,ST3GAL5,SGPL1,MTMR7,B4GALT5,FADS2,SPTLC2,NR1D1,ABCG1,FIG4","Sputum_Paucigranulocytic"
"BP","positive regulation of T-helper 2 cell cytokine production",9,6,0.00226098246065696,0.154884021051152,"NLRP3,GATA3,IL4,PRKCZ,RSAD2,CD81","Sputum_Paucigranulocytic"
"BP","myeloid leukocyte cytokine production",50,16,0.00226913116164061,0.154884021051152,"NOD1,LILRB1,PANX1,TICAM2,P2RX7,PLCG2,ACP5,PRG2,AXL,BCL6,SYK,TGFB3,CUEDC2,NLRX1,EPX,MAPKAPK2,CD36","Sputum_Paucigranulocytic"
"MF","non-membrane spanning protein tyrosine kinase activity",45,18,0.00226968751144313,0.154884021051152,"DYRK1A,PTK2B,FGR,ABL1,FYN,JAK1,LYN,PRKCD,PTK2,BLK,SRC,SYK,TYK2,YES1,PEAK1,STK16,BAZ1B,PKDCC","Sputum_Paucigranulocytic"
"BP","regulation of lymphocyte mediated immunity",186,39,0.00228006462681588,0.155047309767967,"MICA,RASGRP1,LILRB1,MALT1,LILRB4,NLRP3,CLNK,SH2D1B,CLC,SLC15A4,CRK,PIK3R6,FCER2,ZBTB1,GATA3,HFE,HLA-A,HLA-DRA,MR1,HSPD1,IL4,IL18,P2RX7,IL23A,CYRIB,TREM2,SUSD4,PRKCZ,CRTAM,DUSP22,HMCES,NECTIN2,BCL6,CEACAM1,TNF,CCR2,HAVCR2,RSAD2,CD80,CD81","Sputum_Paucigranulocytic"
"BP","alpha-beta T cell differentiation",124,34,0.00228572649059447,0.155047309767967,"ADA,MALT1,LILRB4,NLRP3,ZFPM1,GPR183,IL27,ABL1,GATA3,FOXP1,ANXA1,HLA-DRA,IL4,IL6R,IL18,ITPKB,JAK1,IL23A,PRKCZ,RARA,BCL2,BCL6,RORA,PRDM1,SEMA4A,BRAF,SYK,TGFBR2,ZBTB16,RUNX1,CBFB,RSAD2,CD80,CD86,TOX","Sputum_Paucigranulocytic"
"BP","cellular response to organonitrogen compound",651,141,0.00233851125052252,0.158145522236247,"NOD1,BAIAP2,NCOA2,KLF1,GNB5,AHCYL1,RAB31,CHRM1,CRK,MTCL2,DNMT3A,HTR3D,EZH2,FBN1,FBP1,FDX1,CPEB3,SIRT2,FOXO1,LPIN1,LARP1,LEPROTL1,SPIDR,FPR2,BACE1,SH3BP4,ALK,ABL1,FYN,SIN3A,GATA1,SESN1,GNAO1,GNAQ,GPD1,GPR21,GPER1,GRB10,RAPGEF1,EEF2K,SLC2A8,HRH1,HSF1,HTR3A,IGF1R,AQP1,INHBA,INSR,AQP9,ITGA4,ITGB3,ITPR1,ITPR2,JAK1,KCNE1,KCNQ1,LRP1,LYN,MIR143,MAX,MEF2C,ABCC1,MYO1C,NCK1,NFE2L2,ATP2B4,OPRM1,P2RX4,P2RX7,P2RY2,P2RY6,PRKN,PCK2,KLF3,PDE4B,LARS1,PDPK1,PIK3R1,PIP4K2A,BCL11A,TREM2,GNG2,SSH1,PPARG,PPP3CA,PRKACA,PRKAR1A,PRKCA,PRKCB,PRKCD,PRKCZ,MAPK1,MAPK13,PDGFC,LGMN,AMIGO1,PTK2,ARID1B,RPTOR,PTPN1,TRIB3,PTPN11,PTPRE,PXN,RRAGD,RAF1,RAP1GDS1,HRH4,BCL2L1,HCN2,SCNN1A,CEACAM1,SLC1A2,SLC1A3,SLC8A1,SORL1,SRC,TNF,TOP2B,TYK2,EZR,YWHAG,CACNB1,PNPLA3,SLC7A5,CAMP,CAPN2,SESN2,CASP7,DTNBP1,BCAR3,SLC25A33,CASQ2,KAT2B,UMODL1,NHERF1,RECQL5,CD36,ZNF592,RAPGEF2,HDAC9,TBC1D4,CDH1","Sputum_Paucigranulocytic"
"BP","regulation of T cell differentiation",181,45,0.00234531952973134,0.158145522236247,"ADA,ADAM8,RASGRP1,BTN2A2,MALT1,LILRB4,NLRP3,PIK3R6,ZBTB1,IL27,ABL1,GATA3,ANXA1,HLA-DRA,IL4,IL18,ITPKB,RHOH,IL23A,AMBRA1,PRKCZ,CRTAM,ZMIZ1,ARID1B,RARA,BCL6,PRDM1,VSIR,SMARCA2,SMARCD2,SOD1,BRAF,SYK,TGFBR2,CCR2,ZBTB16,ARID1A,CARD11,RUNX1,CBFB,CD2,CD80,CD86,TOX,TESPA1","Sputum_Paucigranulocytic"
"BP","positive regulation of substrate adhesion-dependent cell spreading",42,16,0.0023722822766854,0.159113087566127,"CRK,DOCK1,ABL1,ITGB3,NEDD9,CARMIL1,CASS4,PREX1,RAC1,RREB1,S100A10,BRAF,DOCK5,CALR,NRP1,ARHGEF7","Sputum_Paucigranulocytic"
"BP","regulation of adaptive immune response based on somatic recombination of immune receptors built from immunoglobulin superfamily domains",191,41,0.00237367262299406,0.159113087566127,"ADA,MICA,LILRB1,MALT1,LILRB4,NLRP3,CLC,SLC15A4,FCER2,ZBTB1,IL27,GATA3,ANXA1,HFE,HLA-A,HLA-DRA,MR1,HSPD1,IL4,IL18,MEF2C,P2RX7,IL23A,CYRIB,PLA2G4A,TREM2,SUSD4,PRKCZ,DUSP22,HMCES,NECTIN2,BCL6,CEACAM1,CLEC7A,SLC11A1,TNF,CCR2,TYK2,HAVCR2,RSAD2,CD80,CD81","Sputum_Paucigranulocytic"
"BP","positive regulation of epithelial cell migration",176,45,0.00241600870522362,0.161455170778417,"CTSH,GLIPR2,DOCK1,EGF,ETS1,PTK2B,SASH1,ABL1,GATA3,FOXP1,GPI,ANGPT1,ANXA1,ANXA3,HIF1A,ITGB3,MIR143,MET,NFE2L2,P2RX4,ANGPT4,HDAC7,ENPP2,PDPK1,PIK3CB,PIK3CD,PLCG2,RIN2,PRKCA,PRKCE,LGMN,PTK2,RAC1,RREB1,SPARC,SRC,TGFBR2,DOCK5,CALR,PLPP3,NRP1,MAP4K4,PPM1F,HDAC9,IQSEC1","Sputum_Paucigranulocytic"
"BP","T cell activation via T cell receptor contact with antigen bound to MHC molecule on antigen presenting cell",10,6,0.00242856601260562,0.161455170778417,"LILRB1,HLA-DMB,ITGAL,APBB1IP,HAVCR2,CD81","Sputum_Paucigranulocytic"
"BP","positive regulation of osteoclast differentiation",27,10,0.00242992731940761,0.161455170778417,"CREB1,TMEM64,NEDD9,NOTCH2,IL23A,TREM2,PPP3CA,RPTOR,TNF,GPR68","Sputum_Paucigranulocytic"
"BP","regulation of autophagy",354,77,0.00245864847940371,0.162468165572256,"ZMPSTE24,NOD1,CAMKK2,USP20,TLK2,SNX18,VPS26B,MTCL2,DAP,DAPK1,EEF1A1,ERCC4,ERN1,CCNY,FOXK1,ATG14,ATF6,SIRT2,STK38L,FOXO1,TAB2,MTCL1,CLEC16A,LARP1,ATP6V0A2,DAPK2,SH3BP4,ABL1,FBXO7,NUPR1,LAMP3,SESN1,SETD2,HTT,HIF1A,IFI16,IL4,FOXK2,ITPR1,MTCL3,MEFV,MET,NPC1,PRKN,ATP6V1H,ATP6V1C1,PIK3CB,PIP4K2A,TPCN1,TREM2,WIPI1,VPS13D,AMBRA1,PRKACA,MAPK8,RPTOR,USP36,QSOX1,TRIB3,RRAGD,BCL2,RHEB,SCOC,DEPTOR,BNIP3L,SREBF2,TSPO,UVRAG,FYCO1,SLC7A5,SESN2,HERC1,ATP6V0E1,LRSAM1,TP53INP1,SPTLC2,SEC22B,FEZ2,ATG13","Sputum_Paucigranulocytic"
"CC","early endosome",426,99,0.00245947231811547,0.162468165572256,"C8orf44-SGK3,WASF2,STX6,AP3S2,ZMPSTE24,GPNMB,EHD1,RAB31,NISCH,PACSIN2,VPS26B,OSBPL6,MARCHF3,WDFY2,SLC15A4,WDR81,FGD5,RASGEF1B,VPS13B,SERPINB1,EPHB1,MARCHF8,LMTK2,INPP5F,GGA2,TBC1D2B,RFTN1,ATP11A,MGRN1,VPS8,ZFYVE26,BACE1,PLD3,SGK3,PARM1,CNTNAP2,RPS6KC1,LAMP3,SLC9A9,GPER1,RAPGEF1,SNX8,ANXA1,ANXA2,HTT,HFE,HLA-A,HLA-DRA,MR1,APBB2,HSPD1,TICAM2,INPP4A,INPP5B,KCNQ1,LRP1,LTF,ANKFY1,CHMP3,TPCN1,TOLLIP,PXK,PI4K2A,VAC14,RCC2,MAPK1,MAP2K1,SORCS2,WDFY1,PTPN1,WDFY4,SORT1,RAB17,SH3GL1,VPS33A,SLC5A1,TRAK2,SORL1,TSG101,UVRAG,LDLRAD4,RIN3,SYNDIG1,RUFY1,STAM,EEA1,HPS3,HAVCR2,HSD17B6,AOC3,NRP1,MVB12B,ARRDC4,RCSD1,DNER,TGFBRAP1,CYTIP,TM9SF4,KIAA0319,FIG4,RABGAP1L,DOP1B","Sputum_Paucigranulocytic"
"BP","regulation of lymphocyte migration",68,20,0.00246772953128389,0.162541118460565,"ADAM8,ADAM10,CCR6,CRK,PTK2B,LRCH1,ABL1,STK39,ITGA4,ITGB3,MIA3,NEDD9,CCL20,CCL21,CCR2,SLC8B1,DOCK8,CD99L2,ADTRP,RIPOR2","Sputum_Paucigranulocytic"
"BP","positive regulation of secretion",309,69,0.00248648349985885,0.1627957194364,"ADAM8,C1QTNF3,ADORA1,ADORA2B,CREB1,CYP19A1,ABAT,FGR,GABBR1,MYRIP,GATA1,ANG,GPER1,ILDR1,ANXA2,HFE,HIF1A,APBB1,FFAR4,IL4,AQP1,INHBA,ITGAM,ITGB2,ITPR1,MIR199B,MYH10,P2RX4,P2RX7,P2RY2,PCK2,RAB8B,PLA2G4A,TREM2,PPARG,TMEM132A,PPP3CA,PRKACA,FRMD4A,PRKAR1A,PRKCB,PRKCE,MAP2K6,LRRC8A,RETN,PTPN11,RAB27A,RBP4,S100A8,S100A10,BLK,NADK,AACS,SYK,TCF7L2,TFR2,TGFB3,TSG101,STAM,GPR68,PLA2G6,DTNBP1,NR0B2,ORAI1,MYOM1,TNFRSF11A,MCU,SLC4A8,RPH3AL,ABCG1,GAB2,C2CD2L","Sputum_Paucigranulocytic"
"BP","positive regulation of biological process",6285,1055,0.00249279715991639,0.1627957194364,"ADA,CDH5,SH2D3C,IQCJ-SCHIP1,MICA,SAE1,ADAM8,RASGRP1,PLXNC1,LPCAT3,WASF2,SORBS3,LHFPL2,ADAM10,CDK6,RAMP2,ZMPSTE24,ADAR,KATNB1,CACNG3,BTN3A3,BTN2A2,NOD1,DLC1,ADARB1,CDS1,PIAS3,SPON1,ARIH2,CDC42EP2,VAV3,TAB1,GPNMB,BAIAP2,MERTK,ZBTB18,NCOA2,SEMA4D,SEMA3C,CEBPE,AGR2,CDC42EP3,TXNIP,RGS14,IGF2BP2,CAMKK2,CELF1,KLF1,CTCF,CTSC,GIPC1,TRAF3IP2,AHCYL1,SEPTIN9,FAXDC2,LILRB1,USP20,MALT1,EHD1,LILRB4,RBPMS,RAB31,TENT4A,WWP2,CHD3,PRDM5,KAT7,CHI3L1,MAP4K1,AKAP13,PTGDR2,SNX18,CHP1,CHRM1,SGF29,NACC1,PHB2,GABARAP,NLRP3,ERMAP,OSBPL11,C1QTNF3,WDFY2,CLNK,NIBAN1,MED12L,ARAP1,SH2D1B,AP2M1,ADD1,BORCS5,C10orf71,PIK3AP1,CLU,SLC15A4,SPPL3,SLC24A4,CCR6,CMKLR1,MOB3A,RNF19B,DIS3L2,TRIM71,KLF6,ADORA1,NCOA7,ADORA2B,COL26A1,CPT1A,NACC2,CREB1,CREBBP,CRK,MYO3B,MPP7,CACUL1,PRICKLE1,VCAN,PIK3R6,NFAM1,CTSH,GPBAR1,GLIPR2,CUX1,SH3RF2,RNF217,PRAG1,CYP19A1,DAB1,DAG1,DAP,DAPK1,DAXX,ZFPM1,CNST,DHX15,TMEM64,GLIS3,DYNC1H1,DNMT3A,DOCK1,DOCK2,ABAT,AGRP,ARID3A,DYRK1A,GPR183,EEF2,EFNA5,EFNB2,EGF,ANO6,PAOX,ZNF48,EIF4EBP1,ELK3,TET3,SPRED2,MARK2,TAPT1,EPAS1,EPB41,EPHB1,EPHB3,ERCC6,ERG,ERN1,ESR1,ETS1,ETV5,EYA2,EZH2,FABP4,PTK2B,CCNY,PATL1,FCER1G,FCER2,FOXK1,MTURN,FGR,FKBP1B,PHLDA1,PPM1E,ZNF507,AAK1,CPEB3,CHSY1,NLRP1,ATG14,INPP5F,MLXIP,FOXJ3,ZBTB1,ZNF365,SBNO2,EPN2,MAPRE3,ATF6,SIRT2,SAMD4A,TNIK,ZHX3,ZNF609,SWAP70,FOXO1,KDM4C,TRIM35,CDK19,MRPS27,TNRC6B,TAB2,CAMTA2,PLXND1,FLI1,FCHO1,GRAMD4,LPIN1,RFTN1,LARP4B,RCOR1,FLT1,PLCL2,ATP11A,MTCL1,CAMTA1,MGA,CLEC16A,CUX2,SASH1,SYNE1,LARP1,SIK3,ZDHHC17,DICER1,ZFPM2,RYBP,SF3B1,MACF1,SPIDR,MORC3,KAT6B,PIK3R5,FPR2,FPR3,DAPK2,PHLDA3,BACE1,SSBP2,HSPBP1,SSBP3,SH3BP4,MAFF,BRD1,ALK,ALOX5,PANX1,IL27,ALPL,ABL1,FYB1,FYN,ZBTB38,GABBR1,GABPB1,RNF144B,SNX33,FBXO7,TNFAIP8,PARM1,RNF19A,MYRIP,ZNF521,WWTR1,SIN3A,ZNF385A,TENM4,CNTNAP2,ERC2,EPC2,ZBTB20,GATA1,TIAM2,GATA3,BLOC1S6,FBXW8,EHF,GCH1,NUPR1,AGO1,DAZAP1,B4GALT1,CYFIP2,ATP2C1,PELP1,LAMP3,FOXP1,AGO2,DISC1,TNFRSF21,SESN1,STK39,SGSM3,BIN1,GNA12,GOLGA4,GPD1,GPI,SLCO3A1,RBM20,ANG,CCDC88B,SLC39A5,ANGPT1,CCDC57,KANSL1,METRNL,GPR21,ANGPT2,GPER1,NSMCE2,ILDR1,GRB10,RAPGEF1,DCPS,HIPK2,SETD2,NR3C1,ARHGAP35,RACGAP1,UHRF1,BLNK,TMOD3,PSMC3IP,EEF2K,NENF,MDFIC,SCHIP1,PILRB,PACSIN1,LMCD1,SH3KBP1,ANXA1,ANXA2,HCLS1,ANXA3,HTT,HEXB,HFE,KCNIP2,CD209,NRG1,HIF1A,HIP1,UBE2K,HK1,HK2,ZBTB48,HLA-A,HLA-DMB,HLA-DQA2,HLA-DRA,MR1,APBB1,APBB2,HRH1,HSF1,HSF2,HSPD1,HSPG2,FFAR4,ENPP7,IRF8,ATXN1L,IFI16,SH3RF3,IGF1R,IGFBP6,TICAM2,IKBKB,IL4,IL5RA,IL6R,AQP1,IL16,IL18,FOXK2,IDO1,INHBA,INPP5D,INSR,ITGA6,IRAK2,IRF2,IRF5,ITGA4,ITGA5,ITGAM,ITGB2,ITGB3,ITPKB,ITPR1,JAK1,KARS1,KIF7,MIA3,KCNE1,STIMATE,KCNH2,KCNMB1,KCNQ1,KIF5B,AMIGO3,SCIMP,MFSD2B,LCP1,LCP2,LIMK1,LIMK2,LIPA,RHOH,ASIC2,LMNA,SIGLEC16,LMO7,CHCHD10,LRCH4,LRP1,LTBR,LTF,BMAL1,LYN,MIR143,MIR199B,ARRB1,SMAD1,SMAD3,SMAD6,ARSB,MAP6,MAX,MBP,BORCS8-MEF2B,MEF2C,MEF2D,MEFV,MET,MGAT3,MGMT,CIITA,MITF,MAP3K10,MLLT1,MLLT3,ASTL,MNDA,ABCC1,RHEX,ASPH,MYH10,ZFHX3,MYO1C,MYO10,NCK1,RERE,DRG1,NEDD9,NF1,NFATC2,NFIA,NFATC3,NFE2,NFE2L2,NFYC,NGF,NID1,NINJ1,NNMT,NOTCH1,NOTCH2,NOTCH4,NPAS2,ATP2A2,ATP2A3,ATP2B4,WRAP73,OPRM1,P2RX1,P2RX4,P2RX7,P2RY2,P2RY6,RRM2B,MINK1,ITSN2,ARHGEF3,PRKN,PARN,ASAP1,PBX3,PCBP2,PCK2,ABHD17B,PCNA,HSD17B12,TUBD1,NIN,ABI3,MARCHF2,IER5,SLC25A37,FZR1,TAOK3,UBR5,ANGPT4,TRPV2,PDE4B,PRKAG2,SNX9,ANAPC7,PDE4D,EVL,NAT8B,ANKFY1,PDE6H,PDE8A,NCKIPSD,LARS1,CXXC5,ANAPC11,IL23A,HDAC7,CYRIB,SRRT,CHMP3,CDK5RAP1,ENPP2,SUFU,ENPP3,PDPK1,ACSL5,CAB39,WWOX,ARID4B,RTEL1,SYT17,RAB8B,MAP3K20,PHKG2,PIK3CB,PIK3CD,PIK3R1,PIP4K2A,PLA2G4A,PLAG1,BCL11A,PLCG2,PLD1,TPCN1,PLXNA2,GSAP,TREM2,SSH1,RIN2,TOLLIP,RBM47,ADAMTSL4,POU2F1,APBB1IP,NDFIP2,INO80,PPARD,PPARG,PPBP,AHI1,GATAD2A,WBP1L,TENT5C,TMEM132A,ADISSP,TESC,NRDE2,SUSD4,WIPI1,PIWIL2,ARHGEF10L,TMEM33,SHQ1,VPS13D,DCUN1D2,PPP3CA,LGR4,PRG2,MAML3,CDCA7L,SOX6,NAGK,CARMIL1,FERMT1,AMBRA1,ZNF407,CHD7,PRKAB1,LYAR,PRKACA,NPLOC4,FRMD4A,PRKAR1A,EDEM2,CDK5RAP2,INAVA,PRKCA,DEPDC1B,PRKCB,AXL,PRKCD,TRERF1,PRKCE,FOXJ2,PRKCH,EAF2,PLGRKT,ASH1L,PRKCZ,RCC2,DMAP1,MAPK1,SULF2,MAPK8,MAPK13,PDGFC,MAP2K1,MAP2K5,MAP2K6,CRTAM,CTNNBL1,LRRC8A,LGMN,HTRA1,SUCNR1,RETN,ZC3HAV1,SPIRE1,DUSP22,HMCES,MFF,FAM20C,PRDM10,CTNNBIP1,PSMC1,CASS4,BACH1,CAMK1D,ADCK1,SMURF1,PELI2,PELI1,ZMIZ1,ATP10A,PTEN,MIF4GD,SLC24A3,BIRC6,AMIGO1,PTK2,CNOT6,ARID1B,MRTFB,RPTOR,ZNF398,TAOK1,SEMA6A,PREX1,WDFY1,MRTFA,FNIP2,USP36,DIP2B,STIM2,SHTN1,CPNE5,PTPN1,MEAK7,TRIB3,PTPN9,PTPN11,PTPRJ,PTPRS,NECTIN2,CXCL16,PXN,NLRC4,SINHCAF,RRAGD,RAB27A,RAC1,RAD51B,RAF1,RARA,RASGRF1,ARID4A,HIVEP3,KDM5A,LGR6,RBP4,BCL2,BCL2A1,UPF1,BCL2L1,RFC3,RHEB,AVPI1,BCL6,ELOVL5,BCL7A,SCOC,C14orf93,RORA,BCR,RPS6,RPS6KA1,RPS6KA2,RREB1,CLIP1,RSU1,RXRA,S100A1,S100A6,S100A8,S100A10,S100A11,S100A13,ATXN7,CEACAM1,CCL13,CCL18,CCL20,CCL21,CCL22,CCL25,UBE2O,PRDM1,PCIF1,SEC14L1,SECTM1,BLK,VSIR,SEMA4A,SUDS3,SGK1,SGTA,CLEC7A,SMURF2,SMYD3,CREB3L2,MEAF6,CRTC3,DEPTOR,ST6GAL1,MARCHF7,NIBAN2,STIL,SKI,SLC1A2,SLC1A3,NADK,SLC7A1,SLC8A1,SLC11A1,SLC22A5,SMARCA2,AACS,SMARCD2,SOD1,BNIP3L,SORL1,SPARC,SPAST,SPTBN1,SRC,SREBF2,BRAF,SRPK2,DENND2B,STAC,STIM1,STK3,STK4,STX3,STX5,SYK,TACC1,TAF6,KLF5,TBX6,TBXAS1,TCF7L2,TCF12,MLX,TEAD1,TFR2,TGFA,TGFB1I1,TGFB3,TGFBR2,TSPO,THRA,TIMP3,SERPING1,C1QA,TNF,C1QB,C1QC,TOP2B,C1S,TPD52L1,NR2C2,TRAF3,TSG101,EIPR1,C5,TTK,RHOXF2B,C5AR1,CCR2,TYK2,C8A,C8B,UBE2D3,UBE2E1,USP4,UTRN,UVRAG,VAV2,VDR,EZR,MYRF,VWF,WARS1,WFS1,WNT3,XPC,XRCC5,YES1,PTTG1IP,ZBTB16,VEZF1,PRDM2,CSDE1,CACNB1,ALMS1,PAX8,CACNB4,USP7,AHNAK,NABP2,ASPSCR1,METTL16,FTO,CARD14,NOX5,FYCO1,ADIPOR2,NAA16,DYNC2H1,NLRX1,TBL1XR1,ZNF750,EHMT1,MOB3B,RNF122,ZNF212,LPCAT1,PRR5L,NANOG,TNIP3,KAT6A,SYNDIG1,DOCK5,BAIAP2L2,ARMC9,STAM,SCUBE1,MLLT10,NCOA4,EPC1,EEPD1,FXR1,HMGA2,ACTN4,CALR,GPR68,SLC7A5,TAF15,DCSTAMP,SLC38A1,CLPB,ITM2C,TSPAN14,CAMK2D,DOCK8,MED25,CAMP,NRIP1,USP9X,CAPN2,CAPN3,EPX,ARID1A,TRRAP,AXIN1,CASP1,APH1B,ZMIZ2,SESN2,CD99L2,FERMT3,RIOK1,MAD1L1,TBC1D10A,PLA2G6,CASP7,DTNBP1,BCAR3,ARID5B,SLC25A33,STK24,RNF135,NR0B2,NSMAF,NCK2,CARD11,MAML2,DOT1L,SLX4,CASQ2,SPIRE2,RHOXF2,KDM2B,CRACR2A,ADTRP,HAVCR2,AGBL4,ORAI1,MFSD2A,AIFM2,FBH1,ZNRF1,GCM1,DGKD,YBX3,SLC45A3,CDC14A,STK16,RUNX2,RUNX1,PLPP3,CDK13,CBFA2T3,CBFB,TNKS,EIF4G3,PEA15,MARCO,ACTN1,MYOM1,CRADD,TNFSF12,TNFSF10,TNFRSF11A,TNFRSF10C,IQGAP1,NRP1,KSR1,KAT2B,NR1I2,PER2,SYNJ1,ARHGEF7,CCND2,BTRC,HPS4,NAV3,SEC16B,TRIM15,LIMD1,PHLDB2,MAP3K14,OTULIN,BAZ1B,MCU,LRSAM1,ASH2L,ANGEL2,ACVR1B,CD2,RNF185,PKDCC,RSAD2,MYLK3,SLC24A1,ARRDC4,CD6,DLG5,MFHAS1,MAPKAPK2,CYTH3,GPR55,TRIP4,B4GALT5,CPNE6,TADA2B,NHERF1,KIF3B,ACVRL1,CD80,PAXBP1,CD86,TP53INP1,MED17,MED27,AIM2,MAP4K4,LY86,CD36,SLC4A8,RPH3AL,SPTLC2,SEC22B,GTPBP1,NR1D1,BABAM2,CREB5,AKAP12,CD44,ABCG1,TCL1B,CD53,ARHGEF10,MICAL2,PPM1F,ZNF516,CD59,FAM53B,VGLL4,NUP93,RAPGEF2,NOS1AP,DOCK4,HDAC9,CD81,RIPOR2,HDAC4,TOX,CD151,ATG13,TM9SF4,TBC1D5,MAML1,RNF40,CTIF,ZEB2,TESPA1,GAB2,C2CD2L,KIAA0319,FCHSD2,RBM19,NCAPD2,RNF10,IQSEC1,WDR1,SLC23A2,TNFSF15,THRAP3,CDH1,CASP8AP2","Sputum_Paucigranulocytic"
"MF","S100 protein binding",14,8,0.00249308706054688,0.1627957194364,"ANXA2,ANXA11,ATP2A2,S100A1,S100A6,S100A11,EZR,AHNAK,IQGAP1","Sputum_Paucigranulocytic"
"BP","lipid localization",502,99,0.00251743891713851,0.163914848003025,"CERT1,LPCAT3,ABCC4,CDS1,EHD1,SLCO2B1,OSBPL1A,OSBPL5,OSBPL6,OSBPL9,OSBPL10,OSBPL11,PDZD8,CLU,ABCC2,CPT1A,CRY2,PRELID2,VPS13B,TTC39B,CYP19A1,EGF,ANO6,SPNS3,CLN8,FABP4,ATP10B,ATP11A,ABCA6,OSBPL3,PITPNC1,GM2A,GOT2,SLCO3A1,ANXA1,ANXA2,HDLBP,HEXA,HEXB,ENPP7,INHBA,AQP9,ITGB3,ATP9B,KCNQ1,GLTPD2,MFSD2B,LIPA,LIPC,LRP1,ABCC1,NPC1,P2RX4,P2RX7,PRKN,GLTP,LIMA1,ACSL5,ATP8B1,PIP4K2A,PITPNA,PLA2G4A,TREM2,PPARD,PPARG,VPS13D,VPS53,PRKCD,MAP2K6,RETN,ATP10A,GRAMD1B,PTPN11,RBP4,RXRA,CEACAM1,SLC2A1,SREBF2,SYK,TSPO,TNF,UCP3,UGCG,FTO,ATP8B4,SLC66A2,EEPD1,NRIP1,PITPNM3,NR0B2,SOAT2,PLA2G12B,MFSD2A,SERAC1,DGAT1,ABCC3,CDS2,TNFRSF11A,CD36,ABCG1,C2CD2L","Sputum_Paucigranulocytic"
"BP","regulation of leukocyte chemotaxis",125,29,0.00254873781592421,0.165478623225891,"ADAM10,CCR6,CMKLR1,CYP19A1,ANO6,PTK2B,SWAP70,FPR2,DAPK2,STK39,IL4,IL6R,LYN,NEDD9,IL23A,MAPK1,LGMN,CAMK1D,PTK2,RAC1,CCL21,C5,C5AR1,CCR2,RIN3,SLC8B1,CALR,MCU,RIPOR2","Sputum_Paucigranulocytic"
"BP","localization",5264,900,0.00258278305771554,0.16721128832914,"ADA,CDH5,DNAJB6,SLC17A4,SAE1,ABCC5,TIMM23B,CERT1,ADAM8,RASGRP1,LPCAT3,WASF2,SLC25A13,ADAM10,STX6,AP3S2,GPHN,ABCC4,RAMP2,ZMPSTE24,KATNB1,RTN3,EMC8,CACNG3,CDS1,ARIH2,VAV3,BAIAP2,MERTK,CAP1,CEBPE,DCTN2,AGR2,TXNIP,RGS14,EXOC5,IGF2BP2,CTCF,GNB5,GIPC1,TRAF3IP2,AHCYL1,GJB6,LILRB1,USP20,MALT1,EHD1,YWHAQ,LILRB4,TLK2,RAB31,WWP1,WWP2,PKIG,KAT7,PLAAT3,SLC2A6,AKAP11,AKAP10,PACSIN2,SNX18,CHP1,CHRM1,SCN11A,SGF29,VPS26B,LYST,SLCO2B1,SLC46A1,PHB2,EXOC3,GABARAP,CYGB,PKD1L2,BTBD9,SLC25A25,OSBPL1A,OSBPL5,OSBPL6,OSBPL9,OSBPL10,OSBPL11,C1QTNF3,MARCHF3,CLNK,SSX2IP,SLC16A10,AP2M1,TMC1,PARD3B,BORCS5,CLCN6,PDZD8,CLU,SLC36A4,SLC15A4,SLC24A4,ABCC2,SLC43A2,WDR81,CNP,TANGO2,COPA,ADORA1,ADORA2B,CPE,CPT1A,GPAT4,NACC2,CREB1,CREBBP,CRK,ADORA3,CRY2,MPP7,VTI1A,LDLRAD3,PRICKLE1,TTC7B,TERB2,GSG1L,TOM1L2,CNIH3,CTNND1,ENTHD1,SLC38A11,SPICE1,CXADR,PRELID2,GRK3,VPS13B,TTC39B,CYP19A1,DAB1,DAG1,AP2A2,SYNE3,DAPK1,AP2B1,CNST,PKD1L1,DLG2,DNM1,DYNC1H1,DYNC1LI2,DOCK1,DOCK2,ABAT,DPYSL2,EFNA5,EFNB2,EGF,ANO6,TMEM201,HTR3D,MARK2,ARHGAP27,SLC39A11,SPNS3,SLC29A1,TSNARE1,EPB41,CLN8,ESR1,EXT1,EYA2,EZH2,FABP4,PTK2B,SLC37A2,FBN1,FCER1G,FCER2,FGR,FKBP1B,COPG1,RASA3,AAK1,LMTK2,ATG14,INPP5F,TRAPPC8,DENND3,EPN2,CD93,MAPRE3,SIRT2,EFR3B,SV2C,TMCC1,XPO7,TNIK,FNBP1,CLUAP1,GGA2,EMC1,HECW1,SWAP70,FOXO1,ERC1,KIF1B,TBC1D2B,ATP10B,EPB41L3,FCHO1,EFR3A,SEPTIN8,RFTN1,FAF2,RHOBTB2,EXOC6B,PACS2,ATP11A,MTCL1,CLEC16A,SMG6,MGRN1,BICD2,VPS39,SYNE1,VPS8,ARHGEF18,ZDHHC17,PIP5K1C,TMED3,ABCB9,ABCA6,TRAM1,LEPROTL1,MACF1,SPIDR,MORC3,ATP6V0A2,FPR2,SH3BP4,ALOX5,PANX1,ABL1,FYB1,FYN,ZDHHC20,GAA,GABBR1,SERINC5,SNX33,FBXO7,POLR1A,MYRIP,WWTR1,SIN3A,ZNF385A,SEC31B,UNC50,C2CD3,OSBPL3,IPCEF1,CNTNAP2,ERC2,TANC2,GAPVD1,TRPC4AP,PITPNC1,GATA1,KLHL3,GATA3,BLOC1S6,SLC13A4,ARFGAP3,CNNM3,MYOF,ATP2C1,PKD2L2,GJB3,LAMP3,TRAPPC3,DISC1,STK39,TOR1B,SGSM3,BIN1,CECR2,GM2A,GOLGA4,GOT2,SLCO3A1,ANG,CCDC88B,SLC39A5,MYO1H,ANGPT1,SLC9A9,GPER1,SH3PXD2B,SLC36A3,ILDR1,GRK4,GRB10,SNX24,GRIK1,SETD2,NR3C1,DNAJC15,RACGAP1,SNX8,SNX10,EEF2K,SLC25A24,MDFIC,SLC2A8,PACSIN1,SH3KBP1,ANXA1,ANXA2,HBG2,HCLS1,ANXA3,HTT,HDLBP,HEXA,HEXB,HFE,KCNIP2,KCNIP1,CD209,NRG1,ANXA6,HIF1A,HIP1,HK1,HK2,ANXA11,APBA1,APBB1,HSF1,HSPD1,HSPG2,HTR3A,UBAC2,FFAR4,ENPP7,IRF8,TMC3,SYCN,RD3,RTP2,IGF1R,TICAM2,IKBKB,IL4,AQP1,IL16,INHBA,AQP7,INSR,AQP9,ITGA4,ITGAL,ITGAM,ITGB2,ITGB3,ITPR1,ITPR2,JAK1,JARID2,KCNA10,TBC1D10C,ATP9B,ARF1,MIA3,KCNE1,STIMATE,KCNH2,KCNJ15,KCNMB1,KCNQ1,KIF5B,KPNA1,TNPO1,SERP2,GLTPD2,MFSD2B,PCARE,KTN1,LASP1,LCP1,LIMK1,LIMK2,LIPA,LIPC,ASIC2,LMNA,CHCHD10,RAB19,LRP1,LTBP1,LTBP2,LTF,BMAL1,LYN,MIR143,MIR199B,ARRB1,SMAD3,ARSB,MAN1A1,MAP6,MEF2C,MET,MGAT3,MIPEP,MKLN1,ASGR1,ASGR2,ABCC1,MAP1LC3C,MYH10,MYO1C,MYO1E,MYO10,NUBP1,NCF2,NEDD9,ATOX1,NF1,NFE2L2,TONSL,ACO1,ATP1A4,NOTCH1,NPC1,ATP2A2,ATP2A3,ATP2B2,ATP2B4,OPA1,OPRM1,P2RX1,P2RX4,P2RX7,P2RY2,P2RY6,PCSK6,MINK1,CHST11,ATP6V0A4,ITSN2,PRKN,PARN,ASAP1,PAM16,PCK2,PLLP,SIDT2,ABHD17B,RMDN1,NIN,ABI3,GLTP,MARCHF2,SLC25A37,RSRC1,ZBTB7A,UBR5,TRPV2,PDE4B,PRKAG2,SNX9,PDE4D,LIMA1,ANKFY1,NCKIPSD,ATP6V1H,CHMP3,ENPP2,SUFU,PDPK1,ACSL5,CAB39,RAPGEF6,SYT17,RAB8B,ATP8B1,SLC25A3,ATP6V1C1,PIK3CB,PIK3CD,PIK3R1,PI4KB,PIP4K2A,PITPNA,PLA2G4A,PLCB4,PLCG2,PLD1,TPCN1,CLIC5,FXYD3,PLXNA2,SLC37A1,TREM2,SSH1,RIN2,TOLLIP,LZTFL1,NDFIP2,PPARD,PPARG,PPBP,CNNM2,AHI1,SLC66A1,PXK,TMEM132A,TESC,STX17,NRDE2,ZWILCH,WIPI1,ANO10,SHQ1,TBCCD1,VPS13D,SLC47A1,VPS53,PPP3CA,TMCO6,NCBP3,CARMIL1,FERMT1,SLC39A4,CHD7,FLVCR2,LYAR,RAB20,PRKACA,NPLOC4,PACS1,FRMD4A,VAC14,NECAP2,LMBR1L,PRKAR1A,EDEM2,CDK5RAP2,PRKCB,CACNA2D3,AXL,PRKCD,PRKCE,PRKCH,EMC3,PRKCZ,BIN3,RCC2,DMAP1,MAPK1,BCAP29,MAPK8,MAP2K1,MAP2K6,LRRC8A,KCNQ5,SLC2A9,SUCNR1,RETN,SPIRE1,MFF,SLC12A9,PARP11,CAMK1D,SMURF1,ANKRD50,NIPAL3,ATP10A,SLC45A4,TTC7A,SNX14,PTEN,JPH3,SLC24A3,AMIGO1,PTK2,GRAMD1B,HECW2,SORCS2,KIF17,USP36,SHROOM3,STIM2,PTPN1,DENND1A,MEAK7,TRIB3,PTPN9,PTPN11,SLC4A5,PTPRJ,PTPRN2,NECTIN1,NECTIN2,CXCL16,SRPRB,EPS15L1,RRAGD,MPP4,RAB27A,RAC1,RAF1,RAP1GDS1,RARA,RBP4,BCL2,BCL2A1,UPF1,BCL2L1,RHCE,BCL6,HCN2,BCR,RRBP1,RXRA,SORT1,S100A6,S100A8,S100A10,S100A13,SAG,CELA2A,ATXN1,SCN1A,SCN8A,SCNN1A,CEACAM1,CCL21,UBE2O,ELMO2,SEC14L1,KIF13A,TRAPPC2,BLK,CDH23,SLC28A3,TINAGL1,RAB17,SGK1,SCG5,SGTA,ITSN1,SH3GL1,CLEC7A,SMYD3,CREB3L2,NIBAN2,STIL,SLC1A2,SLC1A3,VPS33A,SLC2A1,SLC2A5,NADK,SLC5A1,SLC5A4,SLC6A12,SLC7A1,SLC8A1,SLC11A1,SLC18A2,SLC22A5,AACS,TRAK2,SUMO3,SOD1,BNIP3L,SORL1,DST,SPAST,SPTBN1,SPTBN2,SRC,SREBF2,BRAF,SRP68,STAC,STIM1,STK3,STK4,STX3,STX5,BSG,SYK,SYN2,KLF5,TCF7L2,TFF2,TFR2,TG,TGFB3,TGFBR2,TSPO,TRAPPC10,TNF,TPD52,TSG101,EIPR1,TTK,CCR2,TYK2,BORCS8,UBE2D3,UCP3,UGCG,USP4,UQCRH,UTRN,UVRAG,VAV2,VCL,VDAC2,VDR,EZR,WFS1,XRCC4,XRCC5,YES1,YWHAG,YWHAZ,PTTG1IP,TMEM50B,ZBTB16,CACNA1C,TVP23A,EVI5,CACNB1,ALMS1,PAX8,CACNB4,SLMAP,USP7,KCNAB1,AHNAK,NABP2,ASPSCR1,FTO,NOX5,FYCO1,TMEM231,SH3TC2,MCPH1,RHBDF2,DYNC2H1,MCTP1,CLMN,UBA5,RIN3,ATP8B4,PRR5L,MAP6D1,SYNDIG1,SLC8B1,TRPM3,SLC66A2,RAB11FIP1,RUFY1,STAM,CUBN,NCOA4,SLC19A3,TTYH3,EEPD1,FXR1,ACTN4,CALR,GPR68,SLC7A5,SLC38A1,TSPAN14,CAMK2D,CAMK2G,NRIP1,SYN3,USP9X,CAPN3,COLQ,AXIN1,PITPNM3,COG3,SESN2,TRAPPC9,SLC25A18,MAD1L1,ROPN1L,TBC1D10A,PLA2G6,DTNBP1,FHIP1B,EEA1,LRRC8C,ZDHHC18,SLC25A33,NR0B2,HPS3,SOAT2,RAB11FIP4,CASQ2,SPIRE2,SLC12A8,PLA2G12B,CRACR2A,SFT2D3,ADTRP,AGBL4,ORAI1,MFSD2A,SERAC1,UBASH3B,DISP1,PPFIA1,REPS1,KCNAB2,DGKD,SLC45A3,STON2,SLC25A12,PLPP3,TNKS,PEA15,MARCO,DGAT1,ABCC3,MBTPS1,MYOM1,CDS2,NAPA,TNFRSF11A,CREG1,NRP1,SYNGAP1,KAT2B,NR1I2,PER2,SYNJ1,HPS4,MVB12B,SEC16B,PLCZ1,ATP6V0E1,PHLDB2,TSPAN18,SYS1,PKD2L1,MCFD2,CCDC32,PSTPIP1,MCU,SLC7A7,SLC7A6,LRSAM1,CLDN10,CD2,SESTD1,RNF185,PKDCC,RSAD2,SLC24A1,ARRDC4,XPR1,RCSD1,DLG5,BICDL1,MFHAS1,PDLIM7,MAPKAPK2,CYTH3,CYTH1,DNER,CD9,CD163,CACNA2D4,NHERF1,KIF3B,OTOF,TGFBRAP1,SYTL3,CD36,SLC4A8,RPH3AL,SEC22B,NR1D1,PREPL,NCOR2,ABCG1,SNCAIP,PPM1F,FAM53B,CD68,NUP93,RAPGEF2,NOS1AP,CD81,RIPOR2,CD151,ATG13,TM9SF4,TBC1D5,KIAA0586,DNAJC6,TESPA1,ELMO1,GAB2,C2CD2L,CEP350,LRBA,FCHSD2,TBC1D4,KLHL21,RABGAP1L,SLC23A2,DOP1B,CDH1","Sputum_Paucigranulocytic"
"BP","protein ubiquitination",737,141,0.00260491253312828,0.168164864780702,"SAE1,TRIM10,PRMT3,ARIH2,LRRC41,TRAF3IP2,MALT1,WWP1,WWP2,CHP1,GABARAP,TRIM9,FBXO32,MARCHF3,RFFL,ANAPC16,KLHDC1,RNF19B,TRIM71,ASB6,ASB8,PRICKLE1,DCST1,SH3RF2,RNF217,DAXX,UBXN2A,MARCHF8,HECW1,TRIM35,DTX4,MGRN1,SASH1,UBR4,MKRN1,HSPBP1,ABL1,FYN,RNF144B,SHPRH,FBXO7,RNF19A,WWTR1,TRPC4AP,KLHL3,FBXW8,FBXO10,AMFR,ANGPT1,UHRF1,UBE2K,SH3RF3,LIMK1,LMO7,ARRB1,MDM4,MEFV,NFE2L2,PRKN,DCAF8,RNF141,UBXN1,MARCHF2,FZR1,UBR5,ANAPC7,ANAPC11,ZC3HC1,TRIM33,ASB2,BTBD1,RNF216,NDFIP2,WBP1L,RNF43,AMBRA1,INAVA,PRKCE,RNF130,HDAC8,WSB2,SMURF1,PELI2,PELI1,PTEN,BIRC6,HECW2,HACE1,MARCHF4,PHRF1,TRIB3,BCL2,RNF123,UBE2O,GMCL2,SMURF2,MARCHF7,TSPO,TRAF3,EIPR1,TTC3,UBE2D3,UBE2E1,USP4,WFS1,PTTG1IP,ZBTB16,TRIM26,RNF103,USP7,RNF122,CEP63,RNF170,USP9X,AXIN1,RNF135,TRIM55,FBH1,ZNRF1,CBFB,TNKS,DCAF5,PER2,TRIM4,HERC1,BTRC,TRIM15,UBE3B,UBE3D,OTULIN,LRSAM1,ZNF598,RNF185,ARRDC4,UBE2L6,MED17,MED27,RNF7,DZIP3,N4BP1,RNF40,AREL1,KLHL21,RNF10","Sputum_Paucigranulocytic"
"BP","negative regulation of immune effector process",125,28,0.00262123015542875,0.168738906662784,"MICA,LILRB1,LILRB4,CRK,ANGPT1,ANXA1,HFE,HLA-A,IL4,ENPP3,ACP5,SUSD4,PRG2,AXL,DUSP22,BCL6,BCR,CEACAM1,TGFB3,SERPING1,TNF,CCR2,CUEDC2,NLRX1,EPX,HAVCR2,PGLYRP1,CD80,CD59","Sputum_Paucigranulocytic"
"BP","negative regulation of lymphocyte activation",168,37,0.00265081255351538,0.169505875103832,"MICA,BTN2A2,GPNMB,MERTK,LILRB1,LILRB4,CLNK,FGR,FBXO7,TNFRSF21,ANXA1,HFE,IL4,IDO1,INHBA,INPP5D,TBC1D10C,LYN,MNDA,PRKAR1A,AXL,PAG1,CRTAM,DUSP22,PELI1,BCL6,CEACAM1,VSIR,MARCHF7,MAD1L1,HAVCR2,RUNX1,CBFB,PGLYRP1,DLG5,CD80,CD86,RIPOR2","Sputum_Paucigranulocytic"
"MF","protein self-association",70,23,0.00265351976534006,0.169505875103832,"ADAM8,CTSC,MALT1,CRK,TMEM190,DYRK1A,PTK2B,NLRP1,ABL1,FOXP1,HSF1,RETREG1,PPARG,FAM20C,ATXN1,SGTA,SLC2A1,TMEM43,AXIN1,CARD11,CD2,RSAD2,NHERF1","Sputum_Paucigranulocytic"
"MF","phospholipid binding",482,111,0.00265552242285531,0.169505875103832,"C8orf44-SGK3,CERT1,RASGRP1,IQGAP2,ADAP1,NISCH,PACSIN2,SNX18,GABARAP,NLRP3,OSBPL1A,OSBPL5,OSBPL10,ARAP1,PARD3B,PIGU,TOM1L2,ENTHD1,VPS13B,EPB41,PHLDA1,EPN2,WDFY3,GGA2,ARHGAP26,ZFYVE26,PSD4,PHLDA3,PLA2G15,SGK3,SNX33,PITPNC1,MYOF,RPS6KC1,CPNE7,BIN1,SH3PXD2B,SNX24,ARHGAP35,RACGAP1,SNX8,SNX10,PACSIN1,ANXA1,ANXA2,ANXA3,ANXA4,ANXA6,HIP1,ANXA11,ITPR1,ITPR2,KCNQ1,GLTPD2,MAP1LC3C,MYO1E,MYO10,NF1,OPA1,ASAP1,GLTP,PCYT1A,SNX9,ANKFY1,CHMP3,RAPGEF6,SYT17,ATP8B1,PIK3C2B,PITPNA,PLA2G4A,PLD1,TPCN1,TREM2,PLEKHA5,PXK,WIPI1,AXL,ADAP2,SMURF1,SNX14,GRAMD1B,PREX1,WDFY1,PHF12,CPNE5,DENND1A,RASA2,DEPTOR,NCF1C,SPTBN1,SPTBN2,VDAC2,BAIAP2L2,STAM,PNPLA3,SBF2,CAPG,EEA1,IQGAP1,PLCZ1,SESTD1,SNX29,RCSD1,CYTH3,CPNE6,SYTL3,ABCG1,SH3PXD2A,RAPGEF2,GAB2,C2CD2L,FCHSD2","Sputum_Paucigranulocytic"
"BP","negative regulation of dendritic cell apoptotic process",8,5,0.00276341810039895,0.175898915723994,"LILRB1,AXL,BCL2,BCL2L1,CCL21","Sputum_Paucigranulocytic"
"BP","lipid transport",452,90,0.00289073223255874,0.183354944600271,"CERT1,LPCAT3,ABCC4,SLCO2B1,OSBPL1A,OSBPL5,OSBPL6,OSBPL9,OSBPL10,OSBPL11,PDZD8,CLU,ABCC2,CPT1A,CRY2,PRELID2,VPS13B,TTC39B,CYP19A1,EGF,ANO6,SPNS3,CLN8,FABP4,ATP10B,ATP11A,ABCA6,OSBPL3,PITPNC1,GM2A,GOT2,SLCO3A1,ANXA1,ANXA2,HDLBP,ENPP7,INHBA,AQP9,ITGB3,ATP9B,KCNQ1,GLTPD2,MFSD2B,LIPA,LIPC,LRP1,ABCC1,NPC1,P2RX4,P2RX7,PRKN,GLTP,LIMA1,ACSL5,ATP8B1,PIP4K2A,PITPNA,PLA2G4A,TREM2,PPARD,PPARG,VPS13D,VPS53,PRKCD,MAP2K6,RETN,ATP10A,GRAMD1B,PTPN11,RBP4,RXRA,CEACAM1,SLC2A1,SREBF2,SYK,TSPO,UCP3,UGCG,ATP8B4,SLC66A2,EEPD1,PITPNM3,NR0B2,SOAT2,PLA2G12B,MFSD2A,SERAC1,ABCC3,TNFRSF11A,CD36,ABCG1,C2CD2L","Sputum_Paucigranulocytic"
"BP","positive regulation of cell migration",570,119,0.00289669182852919,0.183354944600271,"CDH5,ADAM8,ADAM10,GPNMB,SEMA4D,SEMA3C,CCR6,CMKLR1,CRK,CTSH,GLIPR2,SH3RF2,DOCK1,EGF,ANO6,ETS1,PTK2B,FGR,ZNF609,SWAP70,FLT1,SASH1,FPR2,DAPK2,ABL1,GATA3,FOXP1,AGO2,STK39,GPI,ANGPT1,GPER1,ANXA1,ANXA3,HIF1A,IGF1R,IL4,IL6R,AQP1,INSR,ITGA6,ITGA4,ITGA5,ITGB3,MIA3,LYN,MIR143,SMAD3,MET,MYO1C,NEDD9,NFE2L2,NOTCH1,P2RX4,P2RY6,ANGPT4,IL23A,HDAC7,ENPP2,PDPK1,PIK3CB,PIK3CD,PIK3R1,PLCG2,TREM2,SSH1,RIN2,PPP3CA,CARMIL1,FERMT1,PRKCA,PRKCE,MAPK1,PDGFC,LGMN,CASS4,CAMK1D,PTK2,SEMA6A,PREX1,SHTN1,CXCL16,RAC1,LGR6,BCL2,RREB1,S100A11,CCL20,CCL21,VSIR,SEMA4A,CLEC7A,SMURF2,SPARC,SRC,STK4,TGFBR2,TNF,C5AR1,CCR2,DOCK5,ACTN4,CALR,DOCK8,CD99L2,FERMT3,PLPP3,NRP1,ARHGEF7,MCU,ACVR1B,MAP4K4,AKAP12,PPM1F,RAPGEF2,DOCK4,HDAC9,RIPOR2,CD151,IQSEC1","Sputum_Paucigranulocytic"
"BP","positive regulation of T-helper cell differentiation",22,9,0.00292307012878127,0.18438496564043,"MALT1,NLRP3,ANXA1,IL18,IL23A,PRKCZ,RARA,CD80,CD86","Sputum_Paucigranulocytic"
"BP","response to tumor cell",42,13,0.00292919259796671,0.18438496564043,"MICA,TXNIP,DAPK1,HLA-A,MR1,HSPD1,NOTCH1,NOTCH2,ABI3,CRTAM,NECTIN2,CEACAM1,HAVCR2,ADAM15","Sputum_Paucigranulocytic"
"CC","endoplasmic reticulum",2000,343,0.00298651718284108,0.187474078626743,"CERT1,RASGRP1,LPCAT3,ADAM10,ZMPSTE24,RTN3,EMC8,IRAG1,DLC1,CDS1,CPQ,SPON1,AGR2,TGOLN2,CNPY3,CTSC,AHCYL1,FAXDC2,USP20,CKAP4,PLAAT3,CHI3L1,CHP1,MGAT4A,GABARAP,MGLL,NLRP3,OSBPL1A,OSBPL5,OSBPL6,MOGAT1,PDZD8,CLU,SPPL3,DEGS2,RNF19B,PIGU,COL9A2,COL11A2,COL15A1,COPA,COL26A1,PXDNL,GPAT4,VTI1A,POGLUT3,VCAN,B3GALNT2,CNIH3,PPM1L,XXYLT1,CTSZ,FGD5,RNF145,VKORC1L1,CYP19A1,DAG1,SYNE3,UBXN2A,COL22A1,TMEM64,DIO1,CREG2,SMIM14,EPHB1,CLN8,ERN1,EXT1,SLC37A2,FBN1,MARCHF8,FDFT1,ALDH3A2,FKBP1B,COPG1,VASH1,FKBP2,ATG14,ARSG,SACM1L,ATF6,TMCC1,PDZD2,EMC1,ATP10B,COLGALT2,GRAMD4,LPIN1,FAF2,PACS2,ATP11A,FMO1,FMO4,MGRN1,TMED3,ABCB9,TRAM1,PIGN,BACE1,HSPBP1,PLD3,PANX1,IL27,FYN,LCLAT1,CERS6,ZDHHC20,GABBR1,GALNT2,SGMS1,SEC31B,DHRS7B,OSBPL3,ABHD12,AMFR,ATP2C1,TRAPPC3,TOR1B,P4HA3,CCDC88B,GPER1,SUMF1,USP25,SNX10,NENF,DSE,HTT,HK2,HLA-A,HLA-DQA2,HLA-DRA,MR1,APBB1,APBB2,HSD11B1,APLP2,UBAC2,IFNGR2,TICAM2,ITGA5,ITPKB,ITPR1,ITPR2,MIA3,STIMATE,KCNQ1,PEDS1,SERP2,DIPK1A,KTN1,LBR,LIPC,LTBP1,ARSB,STS,MAN1A1,MGST3,ASGR2,ASPH,MX1,NCK1,ACO1,NOTCH1,NOTCH2,NOTCH4,NPC1,ATP2A2,ATP2A3,OPRM1,PCSK6,PRKN,UBXN1,METTL9,HSD17B12,PIGP,MARCHF2,PCYT1A,MS4A4A,NAT8B,RTCB,LARS1,IL23A,ACSL5,ATP8B1,SERPINA1,PIK3C2B,PIK3R1,PI4KB,PLA2G4A,PLD1,FXYD3,P2RY13,SLC37A1,RETREG1,POR,ADAMTSL4,POU2F1,MTMR12,NDFIP2,RNF43,CDKAL1,DUS2,TMEM132A,STX17,TMEM33,P3H2,AGPAT5,LRRC59,AMBRA1,FLVCR2,PIGV,NPLOC4,VAC14,LMBR1L,HHAT,EDEM2,UGGT2,PRKCA,PRKCD,PRKCE,EMC3,MAPK1,SULF2,BCAP29,PDGFC,MAP2K1,UGGT1,SPPL2B,FAM20C,PLAAT1,MAN1C1,ATP10A,JPH3,GRAMD1B,HACE1,NCEH1,STIM2,COL20A1,QSOX1,PTPN1,WDFY4,SRPRB,RAC1,RAP1GDS1,BCL2,BCL2L1,RHEB,ELOVL5,RPN1,RPS6,RRBP1,S100A1,SORT1,THADA,TRAPPC2,SLC28A3,ERAP2,TOR3A,ATL2,SGK1,CREB3L2,SLC22A5,BNIP3L,SORL1,DST,SPAST,SREBF2,SRP68,STIM1,STX5,BSG,TBXAS1,TGFA,TSPO,TKT,SERPING1,TPD52,UVRAG,MYRF,VWF,WFS1,WNT3,TMEM50B,PRCD,RNF103,SLMAP,TMEM43,NOX5,ARSJ,RHBDF2,MCTP1,RNF122,TM4SF20,UBA5,LPCAT1,EDEM3,CUBN,PNPLA3,COL18A1,CALR,DCSTAMP,TSPAN14,CAMK2D,RNF170,CAMK2G,CAPN2,GSG1,APH1B,TRAPPC9,ARB2A,DTNBP1,LRRC8C,ZDHHC18,CCDC115,SOAT2,NCK2,CASQ2,TPST2,MFSD2A,SERAC1,SELENOI,DEGS1,PLPP3,HSD17B6,AOC3,DGAT1,MBTPS1,CDS2,KSR1,PROZ,SGPL1,SEC16B,PKD2L1,MCFD2,PKMYT1,RNF185,COL23A1,RSAD2,OTOF,FADS2,SPTLC2,SEC22B,ABCG1,CD59,NOS1AP,ATG13,TESPA1,C2CD2L,LRBA,TMCC2","Sputum_Paucigranulocytic"
"BP","positive regulation of interleukin-2 production",34,13,0.00299786865890654,0.187668229765819,"MALT1,ABL1,ANXA1,PDE4B,PDE4D,PLCG2,CLEC7A,SPTBN1,CCR2,CARD11,RUNX1,CD80,CD86","Sputum_Paucigranulocytic"
"BP","regulation of establishment of protein localization",531,110,0.00308881609921261,0.192830376479416,"SAE1,ADAM8,ARIH2,WWP2,PKIG,CHP1,CHRM1,C1QTNF3,CPT1A,CNST,ABAT,EFNA5,FKBP1B,FOXO1,MTCL1,SPIDR,ALOX5,FYN,MYRIP,GAPVD1,ATP2C1,ANG,ANGPT1,GPER1,MDFIC,HCLS1,HIF1A,APBB1,UBAC2,ITGAM,ITGB2,ITPR1,KCNE1,LCP1,BMAL1,MIR199B,SMAD3,MYH10,MYO1C,NF1,OPRM1,P2RX7,PRKN,PCK2,SIDT2,UBR5,SUFU,PIK3R1,TREM2,NDFIP2,PPARG,TMEM132A,PPP3CA,FERMT1,PRKACA,FRMD4A,PRKAR1A,EDEM2,PRKCB,PRKCD,PRKCE,PRKCZ,DMAP1,MAPK8,LRRC8A,MFF,USP36,PTPN1,PTPN11,RAP1GDS1,RBP4,CELA2A,BLK,NADK,AACS,BNIP3L,SORL1,SRC,SREBF2,TCF7L2,TGFB3,TNF,TSG101,EIPR1,UBE2D3,SH3TC2,RHBDF2,PRR5L,SLC8B1,RAB11FIP1,GPR68,PLA2G6,NR0B2,ADTRP,ORAI1,MYOM1,PER2,HPS4,SEC16B,MCU,PKDCC,RSAD2,CD36,RPH3AL,NR1D1,ABCG1,PPM1F,CD81,ATG13,TM9SF4,KIAA0586,C2CD2L,CDH1","Sputum_Paucigranulocytic"
"BP","positive regulation of cysteine-type endopeptidase activity",129,32,0.00316981927480871,0.196687654078692,"NOD1,DLC1,MALT1,NLRP3,DAP,DAPK1,NLRP1,GRAMD4,FYN,CYFIP2,GPER1,HIP1,HSPD1,IFI16,SMAD3,MEFV,ASPH,ATP2A3,PPARG,LGMN,NLRC4,S100A8,CLEC7A,SYK,TNF,CASP1,TBC1D10A,CRADD,TNFSF10,AIM2,PPM1F,TNFSF15,CASP8AP2","Sputum_Paucigranulocytic"
"BP","positive regulation of myeloid cell differentiation",102,28,0.00317580135094962,0.196687654078692,"FAXDC2,CREB1,TMEM64,ETS1,MTURN,RCOR1,BRD1,GATA1,HCLS1,HIF1A,HSF1,INHBA,INPP5D,RHEX,NEDD9,NOTCH2,IL23A,TREM2,TESC,PPP3CA,PRKCA,CTNNBIP1,RPTOR,TNF,GPR68,DCSTAMP,RUNX1,ACVR1B","Sputum_Paucigranulocytic"
"BP","positive regulation of protein kinase activity",281,68,0.00317656966409435,0.196687654078692,"ADAM8,RASGRP1,TAB1,CAMKK2,MALT1,CHI3L1,PHB2,CLU,CACUL1,PIK3R6,DAXX,EGF,MARK2,ERN1,EZH2,PTK2B,CCNY,MAPRE3,TAB2,FLT1,SASH1,PIK3R5,ABL1,ANG,ANGPT1,PILRB,NRG1,IL4,IL6R,IL18,INSR,ITGB3,LCP2,LTF,MIR143,MAP3K10,NEDD9,ATP2B4,TAOK3,PRKAG2,SNX9,IL23A,PDPK1,CAB39,PRKCD,PDGFC,MAP2K1,MAP2K5,CASS4,PTK2,RPTOR,PTPN1,CCL21,SLC11A1,SRC,TGFBR2,TNF,TPD52L1,XRCC5,CARD14,HMGA2,AXIN1,TNFRSF11A,IQGAP1,CCND2,CD86,TCL1B,RAPGEF2,TNFSF15","Sputum_Paucigranulocytic"
"BP","digestion",132,29,0.00322613242442819,0.199213677208441,"LPCAT3,CHRM1,SLC46A1,COPA,EPB41,STK39,SNX10,ENPP7,AQP1,KCNQ1,LIPA,ACO1,NPC1,LIMA1,PPP3CA,INAVA,MUC13,RBP4,SGK1,SLC2A5,SLC5A1,SLC22A5,AKR1D1,TFF2,UGCG,VDR,EZR,SOAT2,CD36","Sputum_Paucigranulocytic"
