probeID,best_comparison,min_fdr,min_p,n_comparisons_pass,beta_best,gene,chromosome,position
cg23414262,phenotype_signature_C2_vs_rest,8.124916573787863e-4,9.402184539048527e-10,1,-0.1520172981504105,CHSY3,5,129338100
cg19726630,phenotype_signature_C2_vs_rest,0.01658979805310408,3.8395555534452454e-8,1,0.3332627762445715,CMTM8,3,32400704
cg01635668,phenotype_signature_C1_vs_rest,0.01706160070070118,2.7977286637046586e-8,1,-0.05063404523010061,SLC24A3,20,19213673
cg19833642,phenotype_signature_C1_vs_rest,0.01706160070070118,8.853900632811816e-8,1,-0.02431061362628231,ZNF521,18,25329109
cg02741985,phenotype_signature_C1_vs_rest,0.01706160070070118,9.705857276414544e-8,1,-0.08968066325699298,CCDC57,17,82101532
cg24112090,phenotype_signature_C1_vs_rest,0.01706160070070118,1.710167328250891e-7,1,-0.02127277485351204,RIN3,14,92519603
cg04973399,phenotype_signature_C1_vs_rest,0.01706160070070118,1.952878425209912e-7,1,-0.09583438058982208,MIR5095,16,48394014
cg20337696,phenotype_signature_C1_vs_rest,0.01706160070070118,2.031475427918919e-7,1,-0.07448169725220298,SNX21,20,45836974
cg13859771,phenotype_signature_C1_vs_rest,0.01706160070070118,2.0367225176630998e-7,1,-0.0667727958213308,ENTPD7,10,99661385
cg10433549,phenotype_signature_C1_vs_rest,0.01706160070070118,2.174970186844983e-7,1,-0.0856956771165958,NA,17,43395380
cg17278724,phenotype_signature_C1_vs_rest,0.01706160070070118,2.221901428121322e-7,1,-0.09058672762597308,NA,1,229142381
cg10549984,phenotype_signature_C1_vs_rest,0.01706160070070118,2.292762209898173e-7,1,-0.08739729592838402,NA,1,207537034
cg20620049,phenotype_signature_C1_vs_rest,0.01706160070070118,2.3399420257540273e-7,1,-0.03573548803785927,NA,12,64534989
cg17624978,phenotype_signature_C1_vs_rest,0.01706160070070118,2.694178318127333e-7,1,-0.02197768603087557,SMYD3,1,246011807
cg03181212,phenotype_signature_C1_vs_rest,0.01706160070070118,2.820036353749856e-7,1,-0.10857223626538856,AKAP13,15,85477232
cg07410082,phenotype_signature_C1_vs_rest,0.01706160070070118,3.0446140592366616e-7,1,-0.05164553834682157,NA,10,134140238
cg13290417,phenotype_signature_C1_vs_rest,0.01706160070070118,3.147510682625427e-7,1,-0.08885225690267239,OGDH,7,44670945
cg10393540,phenotype_signature_C1_vs_rest,0.01706160070070118,3.746776826390008e-7,1,-0.01315958554128833,MRC2,17,62657233
cg03119748,phenotype_signature_C1_vs_rest,0.01706160070070118,3.799654355858578e-7,1,-0.0552495723935082,CAMK1D,10,12629812
cg19448292,phenotype_signature_C1_vs_rest,0.01706160070070118,3.892723946990007e-7,1,-0.1005153265193987,C20orf118,20,36875661
cg16730961,phenotype_signature_C1_vs_rest,0.01706160070070118,3.93338486776133e-7,1,-0.02863438046303393,SERINC5,5,80204430
cg26057482,phenotype_signature_C1_vs_rest,0.01706160070070118,4.226209627383162e-7,1,-0.08986352629004504,HMGXB3,5,150050361
cg22864884,phenotype_signature_C1_vs_rest,0.01706160070070118,4.650051145145394e-7,1,-0.06034113638093694,NA,3,194575080
cg24600621,phenotype_signature_C1_vs_rest,0.01706160070070118,4.792265130041957e-7,1,-0.03694434584031132,SLC16A12,10,89502991
cg15756055,phenotype_signature_C1_vs_rest,0.01706160070070118,5.190153278782976e-7,1,-0.04004549322651115,MAP4K3,2,39418814
cg21294295,phenotype_signature_C1_vs_rest,0.01706160070070118,5.335839790262935e-7,1,-0.02048362951631622,NA,10,131923210
cg12629001,phenotype_signature_C1_vs_rest,0.01706160070070118,5.408046060609232e-7,1,-0.05692411183165753,RUSC2,9,35537852
cg18367488,phenotype_signature_C1_vs_rest,0.01706160070070118,5.533381230841706e-7,1,-0.08897392483990581,NA,11,47916382
cg07415654,phenotype_signature_C1_vs_rest,0.01706160070070118,5.735591619409299e-7,1,-0.02416135374992175,ANKRD28,3,15756343
cg00361062,phenotype_signature_C1_vs_rest,0.01706160070070118,5.807428111642531e-7,1,-0.02757754357692733,EPHB6,7,142567520
cg08086385,phenotype_signature_C1_vs_rest,0.01706160070070118,5.910636567092469e-7,1,-0.10419535316515942,RYBP,3,72381060
cg26559621,phenotype_signature_C1_vs_rest,0.01706160070070118,5.923124878737021e-7,1,-0.03192691478878319,TKT,3,53241887
cg06845438,phenotype_signature_C1_vs_rest,0.01718348593053852,6.269396324665574e-7,1,-0.03764860232567738,ZNF662,3,42905280
cg00152942,phenotype_signature_C1_vs_rest,0.01718348593053852,6.363134607999897e-7,1,-0.05280625408846911,CPNE2,16,57091843
cg02633149,phenotype_signature_C1_vs_rest,0.01869457519853121,7.139033197302443e-7,1,-0.07009556018005725,METRNL,17,83084906
cg02564259,phenotype_signature_C1_vs_rest,0.02043619260813767,8.040605688312714e-7,1,-0.02650260481106273,SLC12A4,16,67944526
cg17248139,phenotype_signature_C1_vs_rest,0.02067165475118602,8.452697318204701e-7,1,-0.04353717344995222,FLJ34503,6,113920710
cg07337598,phenotype_signature_C1_vs_rest,0.02067165475118602,8.611674462857193e-7,1,-0.06454665411509833,ANXA9,1,150981467
cg04856858,phenotype_signature_C1_vs_rest,0.02093260726264066,8.962618482832933e-7,1,0.03199141919723145,AGAP1,2,235493371
cg05180182,phenotype_signature_C1_vs_rest,0.02115725159795562,9.51044471658633e-7,1,-0.07150730443804655,NA,10,3624563
cg13264822,phenotype_signature_C1_vs_rest,0.02115725159795562,9.651695898917902e-7,1,-0.07070291694042725,CREB3L2,7,137880544
cg18645861,phenotype_signature_C1_vs_rest,0.02115725159795562,9.928556362365893e-7,1,-0.06681927657339179,NA,1,160539778
cg18943946,phenotype_signature_C1_vs_rest,0.02115725159795562,1.0223605854212026e-6,1,-0.05738243153866034,ZZEF1,17,4008771
cg14898318,phenotype_signature_C1_vs_rest,0.02115725159795562,1.028296604201733e-6,1,-0.10950447528655106,OPA3,19,46045657
cg01881464,phenotype_signature_C1_vs_rest,0.02164461943841409,1.0982874030051094e-6,1,-0.02090405523350962,NA,21,32731768
cg13698578,phenotype_signature_C1_vs_rest,0.02164461943841409,1.1337579832211417e-6,1,-0.05639548940601161,PRKCH,14,61516085
cg26529864,phenotype_signature_C1_vs_rest,0.02164461943841409,1.142658888131452e-6,1,-0.04815942715877984,BOLA3,2,74148776
cg12337605,phenotype_signature_C1_vs_rest,0.02164461943841409,1.1521728748727635e-6,1,-0.03310423123206203,TRIO,5,14477064
cg19528703,phenotype_signature_C1_vs_rest,0.02373979674975172,1.3000262737160856e-6,1,-0.04196855675499228,FAM69A,1,92852007
cg04871139,phenotype_signature_C1_vs_rest,0.02373979674975172,1.3524458071172406e-6,1,-0.03027569396341518,AAK1,2,69560341
cg04968217,phenotype_signature_C1_vs_rest,0.02373979674975172,1.3758273745519364e-6,1,-0.06730901958569946,NA,15,58307339
cg03437605,phenotype_signature_C1_vs_rest,0.02373979674975172,1.3991451088035787e-6,1,-0.05726956236089581,RHOBTB2,8,22989696
cg21500092,phenotype_signature_C1_vs_rest,0.02373979674975172,1.4010609640865702e-6,1,-0.08068819780576016,UBE2G1,17,4341911
cg22823122,phenotype_signature_C1_vs_rest,0.02400561331956861,1.5465952273895156e-6,1,-0.02560420137201619,SH3RF1,4,169112925
cg21588347,phenotype_signature_C1_vs_rest,0.02400561331956861,1.581387010388669e-6,1,-0.0758158657383787,TOP1,20,39667871
cg19466875,phenotype_signature_C1_vs_rest,0.02400561331956861,1.5828248307029876e-6,1,-0.03303750457402784,AUTS2,7,69603082
cg12154164,phenotype_signature_C1_vs_rest,0.02400561331956861,1.6093160393112e-6,1,-0.08926197119164435,PTAFR,1,28158023
cg13212049,phenotype_signature_C1_vs_rest,0.02400561331956861,1.6121099771381857e-6,1,-0.05098292893666178,NA,6,13992800
cg23339014,phenotype_signature_C1_vs_rest,0.02400561331956861,1.6382751629840915e-6,1,-0.1164185649876856,PRKCH,14,61533773
cg26431230,phenotype_signature_C1_vs_rest,0.02400561331956861,1.6568197180227669e-6,1,-0.042163758546129,RNF103,2,86852158
cg01627992,phenotype_signature_C1_vs_rest,0.02400561331956861,1.6906800328831622e-6,1,-0.06973129955439936,URI1,19,29941253
cg15993159,phenotype_signature_C1_vs_rest,0.02400561331956861,1.6945249250335623e-6,1,-0.03577043180664577,PITPNC1,17,67467925
cg12842511,phenotype_signature_C1_vs_rest,0.02400561331956861,1.6945426412178474e-6,1,-0.06229996758255301,PTPRE,10,128052933
cg17179455,phenotype_signature_C1_vs_rest,0.02403531505950665,1.72445302873732e-6,1,-0.10748357514339266,ETS1,11,128476906
cg10158330,phenotype_signature_C1_vs_rest,0.02460188445271146,1.7935718722178765e-6,1,-0.02683114023351479,CDYL2,16,80615063
cg09083139,phenotype_signature_C1_vs_rest,0.02469351845987128,1.828827777325936e-6,1,-0.0335704850349143,SMURF2,17,64641631
cg04085699,phenotype_signature_C1_vs_rest,0.02489043330003185,1.8939752477407272e-6,1,-0.03395040222254748,PLCB3,11,64258552
cg11996592,phenotype_signature_C1_vs_rest,0.02489043330003185,1.901926028900608e-6,1,-0.05120932478643601,ZC3H3,8,143494924
cg00728848,phenotype_signature_C1_vs_rest,0.02489043330003185,1.9298214100090426e-6,1,-0.03893659938282577,C6orf114,6,13483600
cg18812843,phenotype_signature_C1_vs_rest,0.0262524116199903,2.0657985981162345e-6,1,-0.03297647265267241,ARID1B,6,157194992
cg01963353,phenotype_signature_C1_vs_rest,0.02643921235617033,2.1110934795912673e-6,1,-0.07827213304282578,FKBP1A,20,1378231
cg14617280,phenotype_signature_C1_vs_rest,0.02729441027445049,2.2235629306742287e-6,1,-0.10448645055991032,CREG1,1,167542869
cg02763183,phenotype_signature_C1_vs_rest,0.02729441027445049,2.2425489144108736e-6,1,-0.01375867132995771,MAPK8IP3,16,1728092
cg10447853,phenotype_signature_C1_vs_rest,0.02750542971380576,2.291715970563066e-6,1,-0.02121955921716234,ADIPOR1,1,202956243
cg01278651,phenotype_signature_C1_vs_rest,0.02752113711636601,2.3486653100401297e-6,1,-0.0307273903695151,NPRL3,16,120123
cg02179849,phenotype_signature_C1_vs_rest,0.02752113711636601,2.386965992699232e-6,1,-0.07919382959604254,KANSL1,17,46046255
cg01602526,phenotype_signature_C1_vs_rest,0.02752113711636601,2.3885673859777573e-6,1,-0.07488186241685171,NA,10,134140240
cg19682385,phenotype_signature_C1_vs_rest,0.02811990584526521,2.503066663614161e-6,1,-0.00751174898957517,P4HTM,3,48997249
cg02865193,phenotype_signature_C1_vs_rest,0.02811990584526521,2.5056156209618463e-6,1,-0.07708179761345102,AKAP1,17,57106584
cg20861649,phenotype_signature_C1_vs_rest,0.0287666274434506,2.6017327529547766e-6,1,-0.0377231628756639,SLC12A4,16,67944229
cg05490881,phenotype_signature_C1_vs_rest,0.0287666274434506,2.6298192540578477e-6,1,-0.05666415633933372,DLST,14,74888420
cg08368905,phenotype_signature_C1_vs_rest,0.02880548365310755,2.7065308412687502e-6,1,-0.06325650899146569,KIF1B,1,10381088
cg15710961,phenotype_signature_C1_vs_rest,0.02880548365310755,2.7452763442474615e-6,1,-0.05905840850677784,DST,6,56707793
cg14655553,phenotype_signature_C1_vs_rest,0.02880548365310755,2.7675914089381675e-6,1,-0.07844461880761,P2RY2,11,73221034
cg10704177,phenotype_signature_C1_vs_rest,0.02880548365310755,2.768096502507665e-6,1,-0.1126573049126991,INADL,1,62209607
cg22158603,phenotype_signature_C1_vs_rest,0.02880548365310755,2.8000405332175755e-6,1,-0.07524788372426339,AXIN1,16,337629
cg11134013,phenotype_signature_C1_vs_rest,0.02902619335009391,2.8853344895276107e-6,1,-0.05007929338796295,RALGDS,9,133136079
cg06894541,phenotype_signature_C1_vs_rest,0.02902619335009391,2.9043581998738366e-6,1,-0.10597371946421108,NA,2,102182371
cg14248318,phenotype_signature_C1_vs_rest,0.02902619335009391,2.922262312021693e-6,1,-0.05193360146298646,CKLF,16,66563464
cg03214468,phenotype_signature_C1_vs_rest,0.03006390179537247,3.0658755186318007e-6,1,-0.05839504322655713,MIR4633,5,129096796
cg05310072,phenotype_signature_C1_vs_rest,0.03006390179537247,3.09631553220747e-6,1,-0.04710804693538346,PAM16,16,4347894
cg21686287,phenotype_signature_C1_vs_rest,0.03031247695278366,3.1569942854388223e-6,1,-0.04398843263141825,EXOC6B,2,72794219
cg00709803,phenotype_signature_C1_vs_rest,0.03060180232052802,3.2225395661504574e-6,1,-0.01179019436058364,WDR73,15,84643257
cg04880269,phenotype_signature_C1_vs_rest,0.03073247029542603,3.271863361051291e-6,1,-0.02863987680301977,GEMIN5,5,154937203
cg00363153,phenotype_signature_C1_vs_rest,0.03174861700366722,3.4193821685806135e-6,1,-0.01967423637553884,BRD8,5,138170910
cg24440787,phenotype_signature_C1_vs_rest,0.03174861700366722,3.4749878257171764e-6,1,-0.01915396395028458,CTNND1,11,57583546
cg10730362,phenotype_signature_C1_vs_rest,0.03174861700366722,3.519673506076302e-6,1,-0.03929643065848744,RPS6KA4,11,64358127
cg21611669,phenotype_signature_C1_vs_rest,0.03174861700366722,3.5373014653171606e-6,1,-0.0269810457481599,NA,10,5305436
cg27402634,phenotype_signature_C1_vs_rest,0.03174861700366722,3.597406021122948e-6,1,-0.04174115112044391,NA,3,156819071
cg05411638,phenotype_signature_C1_vs_rest,0.03174861700366722,3.6093461713763937e-6,1,-0.02039976313810368,IARS,9,92266636
cg01258949,phenotype_signature_C1_vs_rest,0.03174861700366722,3.672177584110273e-6,1,-0.0445687183924582,C11orf49,11,47071441
cg18537383,phenotype_signature_C1_vs_rest,0.03174861700366722,3.7004996358746585e-6,1,-0.05908216046140686,MCPH1,8,6576254
cg19021988,phenotype_signature_C1_vs_rest,0.03174861700366722,3.7294690060833498e-6,1,-0.03847138150471151,NA,10,133246437
cg15634144,phenotype_signature_C1_vs_rest,0.03174861700366722,3.7949453327762582e-6,1,-0.09282285254140564,RREB1,6,7119709
cg24823912,phenotype_signature_C1_vs_rest,0.03174861700366722,3.8156040587457274e-6,1,0.14287231051659402,ALDH2,12,111777978
cg16660617,phenotype_signature_C1_vs_rest,0.03174861700366722,3.8219686036499095e-6,1,-0.05689546479456288,ZNRF1,16,75003686
cg04793634,phenotype_signature_C1_vs_rest,0.03174861700366722,3.891315590922243e-6,1,-0.04265976380968551,ERLIN2,8,37740476
cg03181373,phenotype_signature_C1_vs_rest,0.03174861700366722,3.894399830572313e-6,1,-0.03514973429418816,PDPR,16,70151549
cg02433893,phenotype_signature_C1_vs_rest,0.03199928231176831,3.975739868373521e-6,1,-0.1228687770881402,NA,6,121752366
cg07066120,phenotype_signature_C1_vs_rest,0.03199928231176831,4.0281259786661936e-6,1,-0.11875226698169404,NA,10,122544160
cg18792984,phenotype_signature_C1_vs_rest,0.03199928231176831,4.06980001560952e-6,1,-0.03551807008190823,NCR2,6,41334966
cg12511475,phenotype_signature_C1_vs_rest,0.03199928231176831,4.07326610861806e-6,1,-0.02452468859481022,NA,1,234981821
cg14331449,phenotype_signature_C1_vs_rest,0.03203603179213989,4.115016257472676e-6,1,-0.01320130962281709,COLGALT2,1,183982945
cg14963666,phenotype_signature_C1_vs_rest,0.03267718981016382,4.257332089002344e-6,1,-0.06779358466219687,PTH2R,2,208489856
cg08603125,phenotype_signature_C1_vs_rest,0.03267718981016382,4.2852034591440735e-6,1,-0.02018767433565052,SRPK1,6,35922420
cg13572592,phenotype_signature_C1_vs_rest,0.03267718981016382,4.3146133593822296e-6,1,-0.04786431903160633,NA,12,46776425
cg07730263,phenotype_signature_C1_vs_rest,0.03267718981016382,4.3510106486217535e-6,1,-0.06406327227597007,ITIH1,3,52776243
cg11522179,phenotype_signature_C1_vs_rest,0.03267718981016382,4.386443609433298e-6,1,-0.07666648201570808,NA,17,21273151
cg06592918,phenotype_signature_C1_vs_rest,0.03531077926091042,4.7808269535064654e-6,1,-0.10853738150930924,PQLC1,18,79943051
cg10093671,phenotype_signature_C1_vs_rest,0.03539033508039155,4.8717431874792245e-6,1,-0.01688122877300424,LOC101927539,17,57608742
cg24198896,phenotype_signature_C1_vs_rest,0.03539033508039155,4.890236203562638e-6,1,-0.02562337671728795,LSM2,6,31803067
cg08420885,phenotype_signature_C1_vs_rest,0.03539033508039155,4.920630153711188e-6,1,-0.0491187508447883,EP400,12,131959319
cg18492526,phenotype_signature_C1_vs_rest,0.03539033508039155,4.955413566973608e-6,1,-0.08500828800934049,BIN3,8,22651289
cg02223962,phenotype_signature_C1_vs_rest,0.03557041012629238,5.021790189003405e-6,1,-0.02386035484927098,LOC339524,1,87131137
cg00251121,phenotype_signature_C2_vs_rest,0.03567060489342355,1.6925645584331826e-7,1,-0.14139529793293576,UVRAG,11,75631360
cg14632071,phenotype_signature_C2_vs_rest,0.03567060489342355,1.7683448192697486e-7,1,-0.1494312233360083,TTLL11,9,124616283
cg02401524,phenotype_signature_C2_vs_rest,0.03567060489342355,2.063908021587843e-7,1,-0.1752633951202811,NA,10,134833335
cg06795981,phenotype_signature_C1_vs_rest,0.03571346151830719,5.083313776687185e-6,1,-0.06861582272913438,CLC,19,40228577
cg20844989,phenotype_signature_C1_vs_rest,0.03574147197301008,5.138480734792002e-6,1,-0.05189839472056848,ACSM6,10,95196126
cg06164953,phenotype_signature_C1_vs_rest,0.03574147197301008,5.170021010917362e-6,1,-0.05304191558807178,NA,1,26546574
cg04156383,phenotype_signature_C1_vs_rest,0.03592106978110859,5.256953752721398e-6,1,-0.04329128309133301,PDE4DIP,1,144995889
cg10891939,phenotype_signature_C1_vs_rest,0.03592106978110859,5.304571314462803e-6,1,-0.01489932162060985,MIER3,5,56942549
cg25975995,phenotype_signature_C1_vs_rest,0.03592106978110859,5.320703917808325e-6,1,-0.07638733365001205,GATB,4,151687259
cg04501943,phenotype_signature_C1_vs_rest,0.03655617630795316,5.45708017076389e-6,1,-0.07316386224164777,NA,12,110766395
cg12727576,phenotype_signature_C1_vs_rest,0.03692206213649732,5.554425700275707e-6,1,-0.03325368995813581,PDZD8,10,117322742
cg17285440,phenotype_signature_C1_vs_rest,0.03820967791340406,5.869912929057234e-6,1,-0.01530562607542909,CRTC3-AS1,15,90656303
cg17519037,phenotype_signature_C1_vs_rest,0.03820967791340406,5.907111570167855e-6,1,-0.05795700267521006,MRPL45,17,36452075
cg17489791,phenotype_signature_C1_vs_rest,0.03820967791340406,6.040537464616569e-6,1,-0.08308499932090847,TVP23B,17,18689481
cg17718238,phenotype_signature_C1_vs_rest,0.03820967791340406,6.0417262332020376e-6,1,-0.06529626992092309,ACSL1,4,184823177
cg09486450,phenotype_signature_C1_vs_rest,0.03820967791340406,6.122350137471435e-6,1,-0.0596038661683547,PDE6A,5,149915806
cg01378515,phenotype_signature_C1_vs_rest,0.03820967791340406,6.130840137854046e-6,1,-0.05597912562804986,HEG1,3,125054262
cg06499166,phenotype_signature_C1_vs_rest,0.03820967791340406,6.136469413290717e-6,1,-0.02416679591191245,MTERF3,8,96260340
cg19862344,phenotype_signature_C1_vs_rest,0.03820967791340406,6.242516686842556e-6,1,-0.01758396652750028,RHAG,6,49637468
cg26608667,phenotype_signature_C1_vs_rest,0.03820967791340406,6.268863535792842e-6,1,-0.07964986004464078,ZFAND2A,7,1156734
cg01321208,phenotype_signature_C1_vs_rest,0.03820967791340406,6.2805044933539754e-6,1,-0.04720379079006746,HECTD2,10,91423141
cg07490273,phenotype_signature_C1_vs_rest,0.03820967791340406,6.283942076857948e-6,1,-0.08423522970270522,NA,20,11432574
cg18356280,phenotype_signature_C1_vs_rest,0.03820967791340406,6.311168330004939e-6,1,-0.07608411783293759,JARID2,6,15341493
cg17518643,phenotype_signature_C1_vs_rest,0.03820967791340406,6.3893876956509975e-6,1,-0.04055625739301906,UBAC2,13,99317019
cg23642826,phenotype_signature_C1_vs_rest,0.03820967791340406,6.394425137077417e-6,1,-0.06017060337728383,ZBTB48,1,6585403
cg23471393,phenotype_signature_C1_vs_rest,0.03820967791340406,6.411375889245862e-6,1,-0.08464288817405322,NA,17,81839162
cg12401522,phenotype_signature_C1_vs_rest,0.0382148498678704,6.456466085490838e-6,1,-0.02575438342659344,SLMAP,3,57805695
cg01552966,phenotype_signature_C1_vs_rest,0.03839060580901008,6.530586116706878e-6,1,-0.08213101551777838,DNMT3A,2,25305461
cg21741284,phenotype_signature_C1_vs_rest,0.0386555007432871,6.620379412425697e-6,1,-0.08177242803827633,CDKN1C,11,2886806
cg25415966,phenotype_signature_C1_vs_rest,0.03869501315115763,6.671924568273275e-6,1,-0.05333404914513239,CABLES2,20,62389081
cg19876836,phenotype_signature_C1_vs_rest,0.03910750597236284,6.808269213856194e-6,1,-0.01491199579597502,TNIK,3,171445826
cg17218818,phenotype_signature_C1_vs_rest,0.03910750597236284,6.970618005754693e-6,1,-0.05958837650403881,NA,2,86157952
cg17597583,phenotype_signature_C1_vs_rest,0.03910750597236284,7.034069543629325e-6,1,-0.09427627297862227,NA,2,9831305
cg26729478,phenotype_signature_C1_vs_rest,0.03910750597236284,7.05780602327556e-6,1,-0.0245995307377601,NA,3,10136946
cg09406856,phenotype_signature_C1_vs_rest,0.03910750597236284,7.074222944285186e-6,1,-0.07989041902818575,LRIG1,3,66441439
cg26145152,phenotype_signature_C1_vs_rest,0.03910750597236284,7.0904578336188515e-6,1,-0.06615412900873592,NA,1,67697926
cg14667514,phenotype_signature_C1_vs_rest,0.03910750597236284,7.1471402751983135e-6,1,-0.04752240480113498,NA,17,34239214
cg11634289,phenotype_signature_C1_vs_rest,0.03910750597236284,7.165484950203799e-6,1,-0.01676859051016849,LAMA3,18,23914117
cg27215768,phenotype_signature_C1_vs_rest,0.03910750597236284,7.207046277617769e-6,1,-0.03214593368598878,PIK3AP1,10,98425148
cg05664105,phenotype_signature_C1_vs_rest,0.03910750597236284,7.253725244451349e-6,1,-0.02853780764120305,GRK5,10,119246705
cg13077580,phenotype_signature_C1_vs_rest,0.03910750597236284,7.37480269254393e-6,1,-0.02731890978736998,EXOG,3,38519192
cg09166450,phenotype_signature_C1_vs_rest,0.03910750597236284,7.398094432042118e-6,1,-0.10036371084992413,FBXW8,12,117000402
cg05642098,phenotype_signature_C1_vs_rest,0.03910750597236284,7.424323781536365e-6,1,-0.0825292359011364,BRE,2,28327890
cg17603188,phenotype_signature_C1_vs_rest,0.03910750597236284,7.442555967216667e-6,1,-0.04183161670726119,PLD5,1,242188827
cg08770935,phenotype_signature_C1_vs_rest,0.03910750597236284,7.452866231927318e-6,1,-0.038839118609862,NA,17,17352248
cg17040823,phenotype_signature_C1_vs_rest,0.03910750597236284,7.539470833084307e-6,1,-0.05426134383271283,TYW1B,7,72091677
cg20636743,phenotype_signature_C1_vs_rest,0.03910750597236284,7.560788644288796e-6,1,-0.064773391058977,NA,6,34277491
cg07161642,phenotype_signature_C1_vs_rest,0.03910750597236284,7.574877434091852e-6,1,-0.02172267334789242,LINC01307,1,101814534
cg13587621,phenotype_signature_C1_vs_rest,0.03910750597236284,7.602899725230004e-6,1,-0.06241265010151022,BICD2,9,92735702
cg10113951,phenotype_signature_C1_vs_rest,0.03938206711105002,7.740443649562351e-6,1,-0.04518043803774723,MAML1,5,179773572
cg09458420,phenotype_signature_C1_vs_rest,0.03938206711105002,7.948674201073095e-6,1,-0.0898822485216733,CAB39,2,230796602
cg17084751,phenotype_signature_C1_vs_rest,0.03938206711105002,7.953439796028981e-6,1,-0.0601187956827608,ZNF215,11,6932327
cg05295635,phenotype_signature_C1_vs_rest,0.03938206711105002,7.985349603480236e-6,1,-0.05092641819384178,INPP5D,2,233966797
cg12734151,phenotype_signature_C1_vs_rest,0.03938206711105002,8.011365986235636e-6,1,-0.09055632105790729,NA,18,35442016
cg14382708,phenotype_signature_C1_vs_rest,0.03938206711105002,8.037637759555246e-6,1,-0.03722945630481327,LPCAT3,12,6996518
cg18115488,phenotype_signature_C1_vs_rest,0.03938206711105002,8.061983077090695e-6,1,-0.05006802890894849,RNF144A,2,6927105
cg25602071,phenotype_signature_C1_vs_rest,0.03938206711105002,8.103668131760902e-6,1,-0.05126504116389189,NA,6,142693805
cg26150263,phenotype_signature_C1_vs_rest,0.03938206711105002,8.125436624792224e-6,1,-0.05461794968975273,NA,2,161067945
cg08969102,phenotype_signature_C1_vs_rest,0.03938206711105002,8.158550422299873e-6,1,-0.071758293593923,NA,5,134227841
cg07602847,phenotype_signature_C1_vs_rest,0.03938206711105002,8.1938627711441e-6,1,-0.05116782432497296,DKFZp761E198,11,65777766
cg04549076,phenotype_signature_C1_vs_rest,0.03938206711105002,8.20315416730969e-6,1,-0.0740666139313624,PRG2,11,57390035
cg17030628,phenotype_signature_C1_vs_rest,0.03947091237873292,8.363837759486978e-6,1,-0.03580695254622352,IL20,1,206865663
cg22259880,phenotype_signature_C1_vs_rest,0.03947091237873292,8.364063596886478e-6,1,-0.04813256568008708,NA,12,110098725
cg07345250,phenotype_signature_C1_vs_rest,0.03947091237873292,8.392047777003386e-6,1,-0.03751967541802333,ACOT7,1,6343219
cg02821988,phenotype_signature_C1_vs_rest,0.03947091237873292,8.480918237100798e-6,1,-0.06805237909822401,ZBTB48,1,6585264
cg07862235,phenotype_signature_C1_vs_rest,0.03947091237873292,8.50075770753031e-6,1,-0.04933455012722416,NA,8,122718465
cg18536308,phenotype_signature_C1_vs_rest,0.03947091237873292,8.533750997558724e-6,1,-0.06103807924268317,NA,17,45334716
cg16588712,phenotype_signature_C1_vs_rest,0.03947091237873292,8.541391577897242e-6,1,-0.037740378905865,DLG5,10,79619316
cg02640489,phenotype_signature_C1_vs_rest,0.0400242035222425,8.707438346704735e-6,1,-0.0682232469427648,PNKD,2,218289212
cg01201215,phenotype_signature_C1_vs_rest,0.0401810010657743,8.788047937667612e-6,1,-0.06444613803195878,ATOX1,5,151757869
cg06562292,phenotype_signature_C1_vs_rest,0.04048713266569991,8.901854310911718e-6,1,-0.03028429023590166,TMEM220,17,10628810
cg05271710,phenotype_signature_C1_vs_rest,0.04048957950899997,8.95853898306575e-6,1,-0.04969234449364341,NA,6,139611579
cg15862950,phenotype_signature_C1_vs_rest,0.04048957950899997,9.076571381618812e-6,1,-0.0259643027676334,NA,14,45256252
cg01399296,phenotype_signature_C1_vs_rest,0.04048957950899997,9.08853943967937e-6,1,-0.02030806753669343,MED13L,12,116144824
cg06875163,phenotype_signature_C1_vs_rest,0.04048957950899997,9.089811080395572e-6,1,-0.0122156893771992,RHOBTB3,5,95788436
cg24736010,phenotype_signature_C1_vs_rest,0.04117441930050567,9.29120312583736e-6,1,-0.01415059634110177,NA,11,110070539
cg18817654,phenotype_signature_C1_vs_rest,0.0415444990411629,9.4642696235175e-6,1,-0.03481825287231487,NA,15,39192937
cg14401395,phenotype_signature_C1_vs_rest,0.0415444990411629,9.47086428210441e-6,1,-0.08213841580796827,C7orf43,7,100156004
cg16209064,phenotype_signature_C1_vs_rest,0.04161274489203619,9.644645557420055e-6,1,-0.02136359359871943,NA,4,186845437
cg08005568,phenotype_signature_C1_vs_rest,0.04161274489203619,9.650403682297626e-6,1,-0.02823834026016771,GLT8D1,3,52703807
cg01116831,phenotype_signature_C1_vs_rest,0.04161274489203619,9.661916184712333e-6,1,-0.07036498570935365,NA,16,2140355
cg21334405,phenotype_signature_C1_vs_rest,0.04161274489203619,9.720423315930918e-6,1,-0.01378596287235315,NA,6,26437850
cg14080050,phenotype_signature_C1_vs_rest,0.04161274489203619,9.764922307054536e-6,1,0.07077153444018792,B4GALT1,9,33159027
cg13107734,phenotype_signature_C1_vs_rest,0.04161274489203619,9.787165619220317e-6,1,-0.04139884073377955,SPIDR,8,47440672
cg18200389,phenotype_signature_C1_vs_rest,0.04161274489203619,9.934778097771976e-6,1,-0.07492172916454942,TRIM26,6,30202563
cg18529857,phenotype_signature_C1_vs_rest,0.04161274489203619,9.9809926726675e-6,1,-0.0601682071950155,NA,1,120809607
cg15341243,phenotype_signature_C1_vs_rest,0.04161274489203619,9.98479950115408e-6,1,-0.07214014016217708,LINC01214,3,150324995
cg22494062,phenotype_signature_C1_vs_rest,0.04161274489203619,1.0062005610255464e-5,1,-0.02792836926945802,PARK7,1,8025379
cg02258019,phenotype_signature_C1_vs_rest,0.04161274489203619,1.0161557076856266e-5,1,-0.02646543462427896,ZBED4,22,49867452
cg22040039,phenotype_signature_C1_vs_rest,0.04161274489203619,1.018911656672715e-5,1,-0.07050590063301493,NA,12,111757285
cg03079679,phenotype_signature_C1_vs_rest,0.04161274489203619,1.0218813821220625e-05,1,-0.07024974016497369,NA,5,142530162
cg07531398,phenotype_signature_C1_vs_rest,0.04161274489203619,1.0263295336312716e-5,1,-0.01057290754935226,C17orf101,17,82392264
cg04180953,phenotype_signature_C1_vs_rest,0.04161274489203619,1.0268286678330408e-5,1,-0.06385221872806968,DSC1,18,31163111
cg26160660,phenotype_signature_C1_vs_rest,0.04161274489203619,1.0273121132423534e-5,1,-0.04957526096764533,FBXL17,5,108266441
cg23911543,phenotype_signature_C1_vs_rest,0.04161274489203619,1.030504749962477e-5,1,-0.09450246928693104,SLC45A4,8,141228695
cg15421034,phenotype_signature_C1_vs_rest,0.04180879110472977,1.0401977994053017e-5,1,-0.07488315100955202,EPB41,1,29033210
cg13791888,phenotype_signature_C1_vs_rest,0.04183481372611257,1.0456863798082183e-5,1,-0.03069607922795578,DNM3,1,172402097
cg02091562,phenotype_signature_C1_vs_rest,0.04254684810259109,1.0704287479124423e-5,1,-0.02926120103673214,BRD8,5,138171086
cg02856510,phenotype_signature_C1_vs_rest,0.04254684810259109,1.0744912715317885e-5,1,-0.0854628463903225,NA,2,191178885
cg26789365,phenotype_signature_C1_vs_rest,0.04254684810259109,1.078254720751378e-5,1,-0.06226463589291849,NA,10,131929544
cg01818561,phenotype_signature_C1_vs_rest,0.04256861916223908,1.0868001655867827e-5,1,-0.0935681762561683,NA,3,124951152
cg13816799,phenotype_signature_C1_vs_rest,0.04256861916223908,1.088658573359182e-5,1,-0.02956161118767592,DST,6,56939492
cg07174195,phenotype_signature_C1_vs_rest,0.0427923396084954,1.0993319917197417e-5,1,-0.02981390412330414,CLNK,4,10520578
cg05544793,phenotype_signature_C1_vs_rest,0.0429067155198621,1.1072354818283414e-5,1,-0.0361591260759208,PLCXD2,3,111712520
cg15197144,phenotype_signature_C1_vs_rest,0.04301768276993811,1.115077086029557e-5,1,-0.09588637364421264,FZR1,19,3521012
cg14947564,phenotype_signature_C1_vs_rest,0.0431859471563033,1.1272340825968229e-5,1,-0.09430206289492024,CAPG,2,85398015
cg27661078,phenotype_signature_C1_vs_rest,0.0431859471563033,1.1294337173696926e-5,1,-0.04573950592281144,NA,6,14724711
cg11048673,phenotype_signature_C1_vs_rest,0.04322062488044009,1.1353421444213405e-5,1,-0.05177500503190746,NA,10,88032840
cg16093957,phenotype_signature_C1_vs_rest,0.04379760443289829,1.15856137142281e-5,1,-0.03476251314216064,PEX11A,15,89691456
cg11495812,phenotype_signature_C1_vs_rest,0.04379760443289829,1.1620555480490412e-5,1,-0.05539480876679569,NA,22,32464453
cg24093028,phenotype_signature_C1_vs_rest,0.04379760443289829,1.1657033738933206e-5,1,-0.06113503223581483,CARD14,17,78161110
cg18003295,phenotype_signature_C1_vs_rest,0.04413392964095268,1.1825939122319237e-5,1,-0.03010534482963818,NA,12,32478753
cg09800745,phenotype_signature_C1_vs_rest,0.04413392964095268,1.192677671110532e-5,1,-0.06594931353907829,NA,12,104414797
cg12235672,phenotype_signature_C1_vs_rest,0.04413392964095268,1.195870535747349e-5,1,-0.0466587711599911,USP7,16,8956453
cg01014787,phenotype_signature_C1_vs_rest,0.04413392964095268,1.2126985808609949e-5,1,-0.06878545073258809,LOC100130264,20,19254575
cg12380988,phenotype_signature_C1_vs_rest,0.04413392964095268,1.2183583481577814e-5,1,-0.0775152007557577,ANAPC11,17,79851485
cg17328356,phenotype_signature_C1_vs_rest,0.04413392964095268,1.2226039720288097e-5,1,-0.05723906329505109,ZNRF2,7,30349423
cg22587211,phenotype_signature_C1_vs_rest,0.04413392964095268,1.2241822677562189e-5,1,0.06487744218144943,NA,6,32883945
cg06079621,phenotype_signature_C1_vs_rest,0.04413392964095268,1.2244631430093238e-5,1,-0.06036568466921017,GDA,9,72121765
cg04304048,phenotype_signature_C1_vs_rest,0.04413392964095268,1.2275931815103724e-5,1,-0.02061567096035286,NAV2,11,19682423
cg02176951,phenotype_signature_C1_vs_rest,0.04413392964095268,1.2280604528389329e-5,1,-0.01751379731764819,HMCN1,1,186121752
cg02648515,phenotype_signature_C1_vs_rest,0.04413392964095268,1.2308340481153311e-5,1,-0.00965490425203138,PRKCB,16,23978017
cg01082554,phenotype_signature_C1_vs_rest,0.04471589798192613,1.2541529283441244e-5,1,-0.01613932574391927,SMYD3,1,246451613
cg17964352,phenotype_signature_C1_vs_rest,0.04471589798192613,1.257413419121642e-5,1,-0.04586815606494505,NA,6,111276708
cg10479493,phenotype_signature_C2_vs_rest,0.04489406040007013,3.117094705565928e-7,1,-0.1610908863375416,MLN,6,33772694
cg23663201,phenotype_signature_C1_vs_rest,0.04504933563160873,1.2812095529865718e-5,1,-0.08568308964141462,CD9,12,6235541
cg22898082,phenotype_signature_C1_vs_rest,0.04504933563160873,1.2870240294904284e-5,1,-0.05594685560973155,SMARCA4,19,10963752
cg01119571,phenotype_signature_C1_vs_rest,0.04504933563160873,1.2930626191763816e-5,1,-0.0658820690017104,NA,7,135856819
cg17287013,phenotype_signature_C1_vs_rest,0.04504933563160873,1.2941833124983234e-5,1,-0.08001183523998782,BTRC,10,101380115
cg02243276,phenotype_signature_C1_vs_rest,0.04504933563160873,1.2971905305459084e-5,1,-0.03615666882890584,AZIN1,8,102860750
cg12425700,phenotype_signature_C1_vs_rest,0.04504933563160873,1.3030166180764844e-5,1,-0.06727481408850679,NA,4,74321062
cg15134174,phenotype_signature_C1_vs_rest,0.04504933563160873,1.3032815879500577e-5,1,-0.05496652546342495,SH3RF1,4,169100923
cg09505426,phenotype_signature_C1_vs_rest,0.04525957732207283,1.3170361921047305e-5,1,-0.08373122036784056,ZC3H7A,16,11792694
cg22865069,phenotype_signature_C1_vs_rest,0.04525957732207283,1.3213182260791829e-5,1,-0.06979926414293625,RPS6KA2,6,166750160
cg17492104,phenotype_signature_C1_vs_rest,0.04525957732207283,1.3301532667238595e-5,1,-0.01178846496399538,TUBA1C,12,49256218
cg24678767,phenotype_signature_C1_vs_rest,0.04525957732207283,1.3303137225634494e-5,1,-0.05992371087656942,CLK3,15,74610635
cg00601810,phenotype_signature_C1_vs_rest,0.04556761330435132,1.3446409187978026e-5,1,-0.06159961217596296,GULP1,2,188496177
cg17487617,phenotype_signature_C1_vs_rest,0.04558562193518361,1.3504475156462062e-5,1,-0.07703555093094488,METRNL,17,81041756
cg20378916,phenotype_signature_C1_vs_rest,0.04565659612775141,1.3666619622455567e-5,1,-0.05701760582062008,VPS39,15,42164773
cg24627621,phenotype_signature_C1_vs_rest,0.04565659612775141,1.3678740518200704e-5,1,-0.0943232699346212,C6orf132,6,42141438
cg16760840,phenotype_signature_C1_vs_rest,0.04565659612775141,1.368400281094948e-5,1,-0.07061502438952923,CHP1,15,41233637
cg10650353,phenotype_signature_C1_vs_rest,0.04578366051800225,1.3784709482784856e-5,1,-0.05795412321728922,EIF6,20,35280683
cg14702865,phenotype_signature_C1_vs_rest,0.04578366051800225,1.3828048069319504e-5,1,-0.09806333125807325,CTDSPL,3,37945564
cg04317648,phenotype_signature_C1_vs_rest,0.04616493337834681,1.4026471244093583e-5,1,-0.09104242083526876,LOC102724552,1,8425316
cg19430164,phenotype_signature_C1_vs_rest,0.04616493337834681,1.4090571976147932e-5,1,-0.03116368590260813,LSM12,17,44053409
cg02582023,phenotype_signature_C1_vs_rest,0.04616493337834681,1.4201772607186653e-5,1,-0.07052866951909126,MAPKAPK2,1,206717078
cg10936812,phenotype_signature_C1_vs_rest,0.04616493337834681,1.4208356663175609e-5,1,-0.04783714455368602,ST7-OT3,7,117184540
cg02575307,phenotype_signature_C1_vs_rest,0.04616493337834681,1.421031517446034e-5,1,-0.05136678032947968,CCDC74A,2,132291050
cg11568374,phenotype_signature_C1_vs_rest,0.04651831215665963,1.4372922062123473e-5,1,-0.06515569358397887,NA,2,63788204
cg06824199,phenotype_signature_C1_vs_rest,0.0469976195984274,1.4599870998584738e-5,1,-0.04929632843083954,KIAA0494,1,46692137
cg03724728,phenotype_signature_C1_vs_rest,0.0469976195984274,1.4629786972635568e-5,1,-0.04992852092824212,THRA,17,40074946
cg04308687,phenotype_signature_C1_vs_rest,0.04705475994483336,1.4702026015220711e-5,1,-0.08523361988719239,FRRS1,1,99766126
cg20805961,phenotype_signature_C1_vs_rest,0.0470624439691508,1.4758887690637609e-5,1,-0.03593598844436139,NA,1,90896084
cg00491149,phenotype_signature_C1_vs_rest,0.04720010171078775,1.4856677604558306e-5,1,-0.04793003129767487,TMEM117,12,43834441
cg18355997,phenotype_signature_C1_vs_rest,0.04730184443277493,1.4953278541538027e-5,1,-0.07595045159426497,TLDC2,20,36875932
cg18387316,phenotype_signature_C1_vs_rest,0.04730184443277493,1.5037431325484605e-5,1,-0.0940879407409558,NA,2,226137655
cg12929123,phenotype_signature_C1_vs_rest,0.04730184443277493,1.5052915712760143e-5,1,-0.03547331875965244,GBGT1,9,133159892
cg18630390,phenotype_signature_C1_vs_rest,0.04730490102869238,1.51535579564751e-5,1,-0.07881405516016979,MAP1LC3B2,12,116996479
cg19835792,phenotype_signature_C1_vs_rest,0.04730490102869238,1.517305570806898e-5,1,-0.02420065744929622,EPB41L2,6,130884588
cg18543521,phenotype_signature_C1_vs_rest,0.04730490102869238,1.5254867738163476e-5,1,-0.06067353913442745,MON2,12,62485160
cg11534339,phenotype_signature_C1_vs_rest,0.04730490102869238,1.527285406618879e-5,1,-0.03868019940014816,FARSA,19,12929658
cg02068052,phenotype_signature_C1_vs_rest,0.04733411571237651,1.542019686898119e-5,1,-0.06843887863515755,NA,19,15325286
cg09167779,phenotype_signature_C1_vs_rest,0.04733411571237651,1.566939207986296e-5,1,-0.04144915900141061,MCC,5,113230917
cg13054523,phenotype_signature_C1_vs_rest,0.04733411571237651,1.575195458004536e-5,1,-0.06774368316152538,NA,17,83097977
cg22494377,phenotype_signature_C1_vs_rest,0.04733411571237651,1.5753181236194678e-5,1,-0.03488247660154325,GAB2,11,78311965
cg23478569,phenotype_signature_C1_vs_rest,0.04733411571237651,1.575730047297606e-5,1,-0.02815801575939516,CHD7,8,60835163
cg23757056,phenotype_signature_C1_vs_rest,0.04733411571237651,1.5790611325760348e-5,1,-0.00940679665869963,TADA2B,4,7056100
cg24541864,phenotype_signature_C1_vs_rest,0.04733411571237651,1.5792587100749365e-5,1,-0.0692404179277777,AHDC1,1,27542963
cg01324489,phenotype_signature_C1_vs_rest,0.04733411571237651,1.5794132965360654e-5,1,-0.07841513118990753,LINC00114,21,38742129
cg09968549,phenotype_signature_C1_vs_rest,0.04733411571237651,1.582891029741668e-5,1,-0.06324156462676397,MEF2D,1,156483513
cg18718881,phenotype_signature_C1_vs_rest,0.04733411571237651,1.5830038512757954e-5,1,-0.05587794861924371,NDST2,10,75569012
cg14092802,phenotype_signature_C1_vs_rest,0.04755038454084937,1.6053040383326498e-5,1,-0.04867635654831299,PIK3IP1-AS1,22,31337218
cg00756464,phenotype_signature_C1_vs_rest,0.04755038454084937,1.6066010843833113e-5,1,-0.04661499285145287,NA,5,32123335
cg18282041,phenotype_signature_C1_vs_rest,0.04755038454084937,1.6092776815576245e-5,1,-0.01969015278731768,C2orf61,2,47089466
cg27604999,phenotype_signature_C1_vs_rest,0.04755038454084937,1.612246765669566e-5,1,-0.01564213079916942,NA,12,48160464
cg12498017,phenotype_signature_C1_vs_rest,0.04793535895972634,1.6308468341402373e-5,1,-0.06233583785688438,TRERF1,6,42230843
cg16737869,phenotype_signature_C1_vs_rest,0.04821847674792941,1.6460588693469638e-5,1,-0.03445818235026986,MPP1,23,154779310
cg09227119,phenotype_signature_C1_vs_rest,0.04855172706762958,1.6630536308448462e-5,1,-0.09233652452815924,C20orf118,20,36876000
cg03693099,phenotype_signature_C1_vs_rest,0.04867819444373229,1.6769449620841743e-5,1,-0.07661357556010286,CEL,9,133061514
cg19744478,phenotype_signature_C1_vs_rest,0.04867819444373229,1.6786516659374996e-5,1,-0.03675089018045758,HK1,10,69358201
cg01596854,phenotype_signature_C1_vs_rest,0.04871191650990043,1.6935860534258102e-5,1,-0.0284183825466201,EXD3,9,140310081
cg08559734,phenotype_signature_C1_vs_rest,0.04871191650990043,1.6987135770776165e-5,1,-0.07732785853099247,CD9,12,6222892
cg11382414,phenotype_signature_C1_vs_rest,0.04871191650990043,1.705981321415863e-5,1,-0.01060430462282352,ATAD1,10,87816075
cg15004902,phenotype_signature_C1_vs_rest,0.04871191650990043,1.710534754800533e-5,1,-0.07067260824236157,UBR4,1,19179079
cg10619731,phenotype_signature_C1_vs_rest,0.04871191650990043,1.7137084693646246e-5,1,-0.04235156521006405,NA,12,127765627
cg11770323,phenotype_signature_C1_vs_rest,0.04871191650990043,1.7166744715545644e-5,1,-0.09435776772632194,NDFIP2,13,79491897
cg21506963,phenotype_signature_C1_vs_rest,0.04871191650990043,1.7232599890351597e-5,1,-0.02371571474187972,NA,1,32406930
cg19511643,phenotype_signature_C1_vs_rest,0.04871191650990043,1.7387055396003934e-5,1,-0.07714116560379697,GATB,4,151687182
cg12914151,phenotype_signature_C1_vs_rest,0.04871191650990043,1.7395579984522067e-5,1,-0.021148865332421,TEX2,17,64231787
cg08750078,phenotype_signature_C1_vs_rest,0.04871191650990043,1.743164717071652e-5,1,-0.06262556910218203,NA,4,77083235
cg18025812,phenotype_signature_C1_vs_rest,0.04871191650990043,1.7483970214938268e-5,1,-0.02200069470244775,NA,6,87932516
cg07307804,phenotype_signature_C1_vs_rest,0.04871191650990043,1.7489865159589834e-5,1,-0.03005323508859068,NA,8,60885032
cg01367852,phenotype_signature_C1_vs_rest,0.04871191650990043,1.7530950613525207e-5,1,-0.07197293903276698,PLCXD2,3,111712576
cg08761605,phenotype_signature_C1_vs_rest,0.0494020993674331,1.7836509089418445e-5,1,-0.04231448119698504,PDE4D,5,59358367
cg19436514,phenotype_signature_C1_vs_rest,0.04946907934805462,1.7995761999471554e-5,1,-0.02290789736891791,IFT172,2,27454645
cg13677289,phenotype_signature_C1_vs_rest,0.04946907934805462,1.805744631030491e-5,1,-0.01465904684799093,NA,9,98805366
cg09626111,phenotype_signature_C1_vs_rest,0.04946907934805462,1.8078440869297116e-5,1,-0.0293894874298252,TRERF1,6,42322783
cg14415107,phenotype_signature_C1_vs_rest,0.04946907934805462,1.814162461191402e-5,1,-0.03979889647051874,ARL8B,3,5151787
cg00235289,phenotype_signature_C1_vs_rest,0.04946907934805462,1.8202284208284375e-5,1,-0.07373293930585827,NA,9,19155073
cg08589455,phenotype_signature_C1_vs_rest,0.04946907934805462,1.8204166897352977e-5,1,-0.06594665679092834,RNASEH2C,11,65489884
cg13207340,phenotype_signature_C1_vs_rest,0.04947477702682146,1.8279198550838784e-5,1,-0.08611828709141219,MTA2,11,62599969
cg04033464,phenotype_signature_C1_vs_rest,0.04947477702682146,1.836321387506871e-5,1,-0.04511100797769259,RUSC2,9,35515685
cg21672524,phenotype_signature_C1_vs_rest,0.04947477702682146,1.842497297817548e-5,1,-0.06350973923293149,ETFB,19,51858253
cg15901933,phenotype_signature_C1_vs_rest,0.04947477702682146,1.848846537520341e-5,1,0.05853916323918687,FCER2,19,7702680
cg16899419,phenotype_signature_C1_vs_rest,0.04947477702682146,1.858134276316104e-5,1,-0.06237009473488519,MTMR3,22,29946435
cg00204065,phenotype_signature_C1_vs_rest,0.04947477702682146,1.8600711927092085e-5,1,-0.01656049998748831,KCNQ1,11,2718990
cg04288063,phenotype_signature_C1_vs_rest,0.04947477702682146,1.8607030399416972e-5,1,-0.07180934087524685,ELDR,7,55255956
cg16813552,phenotype_signature_C1_vs_rest,0.04959211469020359,1.876579318514298e-5,1,-0.03580846111464204,NPM3,10,101784892
cg09970941,phenotype_signature_C1_vs_rest,0.04959211469020359,1.8863501960888713e-5,1,-0.02986831538563744,DCI,16,2252518
cg26352718,phenotype_signature_C1_vs_rest,0.04959211469020359,1.892814698661472e-5,1,-0.04554720123207462,NA,7,35984781
cg20037145,phenotype_signature_C1_vs_rest,0.04959211469020359,1.8949168101806263e-5,1,-0.064091361868856,ST3GAL4,11,126409807
cg14849907,phenotype_signature_C1_vs_rest,0.04959211469020359,1.9027559993078085e-5,1,-0.05709060432471252,NA,2,85503764
cg04340895,phenotype_signature_C1_vs_rest,0.04959211469020359,1.903454327339609e-5,1,-0.01819160901522601,COMMD8,4,47461151
cg17144361,phenotype_signature_C1_vs_rest,0.04959211469020359,1.905850799890868e-5,1,-0.05434690164214299,DENND5A,11,9251621
cg14613878,phenotype_signature_C1_vs_rest,0.04959211469020359,1.9129161731273088e-5,1,-0.08152423698515485,C20orf118,20,36875795
cg22235258,phenotype_signature_C1_vs_rest,0.04959211469020359,1.9167653730510373e-5,1,-0.09457462104898996,EHF,11,34653855
cg00453636,phenotype_signature_C1_vs_rest,0.04969225552658449,1.9263862840571803e-5,1,-0.05679180229657994,AXIN1,16,307298
cg14832684,phenotype_signature_C1_vs_rest,0.05010504037596677,1.9481866114207727e-5,1,-0.02856473649618921,CCDC57,17,82118041
cg11209521,phenotype_signature_C1_vs_rest,0.05038266835283295,1.9648116575445876e-5,1,-0.05438065909920268,GNG12,1,67743472
cg01043901,phenotype_signature_C1_vs_rest,0.05054936185121039,1.9781485815549243e-5,1,-0.02941161931739412,NA,13,42487542
cg10652386,phenotype_signature_C1_vs_rest,0.05054936185121039,1.9830115150529447e-5,1,-0.07236010123550651,NA,11,6250026
cg12285887,phenotype_signature_C1_vs_rest,0.05109038553167235,2.010147645410599e-5,1,-0.03369719979118531,NA,14,55121964
cg22736379,phenotype_signature_C1_vs_rest,0.05135415270824901,2.029242034234848e-5,1,-0.0267767083951219,EIF2S1,14,67364772
cg10635061,phenotype_signature_C1_vs_rest,0.05135415270824901,2.0324109909160848e-5,1,-0.05828577883412782,FHL2,2,105438549
cg15402009,phenotype_signature_C1_vs_rest,0.05151659224752496,2.044801278120176e-5,1,-0.06684802719759665,NA,6,139516582
cg08653021,phenotype_signature_C1_vs_rest,0.05153060152309462,2.0513204764838303e-5,1,-0.02252813764630277,F5,1,169556712
cg01576104,phenotype_signature_C1_vs_rest,0.05158311469387944,2.0593801286565797e-5,1,-0.02352704558146546,ACAT2,6,159775104
cg09728749,phenotype_signature_C1_vs_rest,0.05162888711839932,2.0737476552197035e-5,1,-0.01934780829731425,MTMR12,5,32281733
cg07496152,phenotype_signature_C1_vs_rest,0.05162888711839932,2.0799068823737127e-5,1,-0.06287055180189864,IGSF3,1,117160732
cg06207917,phenotype_signature_C1_vs_rest,0.05162888711839932,2.082657498878868e-5,1,-0.04445862952222594,TMCC2,1,205255831
cg11648274,phenotype_signature_C1_vs_rest,0.05162888711839932,2.091918343128349e-5,1,-0.00982862400873656,NA,9,111678382
cg23926497,phenotype_signature_C1_vs_rest,0.05162888711839932,2.0968108155538883e-5,1,-0.02535847656340906,DPPA3,12,7710290
cg23287243,phenotype_signature_C1_vs_rest,0.05162888711839932,2.097054612910479e-5,1,-0.02198689071730123,CNR2,1,23903894
cg11265882,phenotype_signature_C1_vs_rest,0.05178469968636395,2.1093759303456003e-5,1,-0.0639884474584782,LCORL,4,18012314
cg02543556,phenotype_signature_C1_vs_rest,0.0518663429516864,2.11870354543475e-5,1,-0.07897381168931498,PNN,14,39174241
cg02941852,phenotype_signature_C1_vs_rest,0.05281306612403949,2.1680070378529636e-5,1,-0.04027717741769855,SRPK2,7,105389721
cg01171954,phenotype_signature_C1_vs_rest,0.05281306612403949,2.1695996160437076e-5,1,-0.06714228102104845,RAD51B,14,68246652
cg24534006,phenotype_signature_C1_vs_rest,0.05309383914778437,2.2000896635561587e-5,1,-0.04045194545068568,PRKCB,16,23866286
cg15566508,phenotype_signature_C1_vs_rest,0.05309383914778437,2.206008439084017e-5,1,-0.06156647600279229,NA,10,30818845
cg20062300,phenotype_signature_C1_vs_rest,0.05309383914778437,2.2080706013760924e-5,1,-0.03263687953712578,NA,12,32000613
cg12247535,phenotype_signature_C1_vs_rest,0.05309383914778437,2.2089826238447148e-5,1,-0.03655259654943562,IKZF2,2,213019487
cg11740027,phenotype_signature_C1_vs_rest,0.05309383914778437,2.2118541753305405e-5,1,-0.02710540457598201,SELO,22,50651198
cg07500885,phenotype_signature_C1_vs_rest,0.05342990105260392,2.23203722030268e-5,1,-0.0478049147039678,TTC38,22,46279949
cg05802990,phenotype_signature_C1_vs_rest,0.05359094036919917,2.2449662112278976e-5,1,-0.03613327881028036,C6orf195,6,2636562
cg03753785,phenotype_signature_C1_vs_rest,0.0536631759654809,2.2564399649035324e-5,1,-0.0163935266283884,C1orf107,1,209827214
cg05868473,phenotype_signature_C1_vs_rest,0.0536631759654809,2.2604120630901795e-5,1,-0.05463140110975131,RASGRP1,15,38559258
cg24199220,phenotype_signature_C1_vs_rest,0.05366678146329806,2.266774275139535e-5,1,-0.08764799916526597,NA,1,181151962
cg13538079,phenotype_signature_C1_vs_rest,0.05378608821970353,2.278037693416377e-5,1,-0.06643505917031262,RALGPS1,9,127131086
cg20654602,phenotype_signature_C1_vs_rest,0.05405270609223171,2.295584935966015e-5,1,-0.08467464137563258,LINC01140,1,87130366
cg05159759,phenotype_signature_C1_vs_rest,0.05413586430604876,2.3053812367067303e-5,1,-0.0624037985287073,C8orf37-AS1,8,95408156
cg15205884,phenotype_signature_C1_vs_rest,0.05432177725542645,2.3195844952337502e-5,1,-0.04870665274035384,DEF6,6,35319067
cg07045119,phenotype_signature_C1_vs_rest,0.05437403906848667,2.3347255044810594e-5,1,-0.05800258543430221,SLC24A3,20,19213896
cg24884343,phenotype_signature_C1_vs_rest,0.05437403906848667,2.3401574655594365e-5,1,-0.09171525005025231,NA,1,143651192
cg07589211,phenotype_signature_C1_vs_rest,0.05437403906848667,2.340713988768325e-5,1,-0.07838483034950962,SOGA1,20,36847227
cg04616586,phenotype_signature_C1_vs_rest,0.05437403906848667,2.350754825307913e-5,1,-0.07960532062926172,NA,9,96683403
cg16288872,phenotype_signature_C1_vs_rest,0.05437403906848667,2.354038629764548e-5,1,-0.02239701023597838,RAB7L1,1,205776633
cg03424239,phenotype_signature_C1_vs_rest,0.05437403906848667,2.3683237006145947e-5,1,-0.05146270052943266,CACNA1F,23,49209730
cg18197277,phenotype_signature_C1_vs_rest,0.05437403906848667,2.3686784102808168e-5,1,-0.0390341791386755,KBTBD4,11,47577434
cg14776332,phenotype_signature_C1_vs_rest,0.05437403906848667,2.372153594369911e-5,1,-0.08182312090556383,SLCO3A1,15,91956210
cg05072179,phenotype_signature_C1_vs_rest,0.054478691937993,2.385306990824021e-5,1,-0.01520990651522192,GPBP1L1,1,45636030
cg13587880,phenotype_signature_C1_vs_rest,0.054478691937993,2.389327831735545e-5,1,-0.07093955046385976,GATAD2A,19,19488722
cg25165908,phenotype_signature_C1_vs_rest,0.05484189246432323,2.4170729898279496e-5,1,-0.02640122834975138,CUX2,12,111038407
cg13039199,phenotype_signature_C1_vs_rest,0.05484189246432323,2.4217489700653985e-5,1,-0.07315106916292599,SLCO3A1,15,92455658
cg05678953,phenotype_signature_C1_vs_rest,0.05484189246432323,2.4242960638141756e-5,1,-0.04201255369042776,POU1F1,3,87268925
cg02930556,phenotype_signature_C1_vs_rest,0.05485325956132847,2.4337826758197437e-5,1,-0.09702975787426014,SRPK2,7,105210944
cg13562011,phenotype_signature_C1_vs_rest,0.05485325956132847,2.442101171090328e-5,1,-0.06333491779727825,EXD3,9,137414208
cg12799576,phenotype_signature_C1_vs_rest,0.05485325956132847,2.443841468990578e-5,1,-0.02819477318764979,DYNC1H1,14,102030263
cg25500001,phenotype_signature_C1_vs_rest,0.05494708928333667,2.459185064289387e-5,1,-0.09534614356918042,NA,10,30828619
cg11007667,phenotype_signature_C1_vs_rest,0.05494708928333667,2.460738799730984e-5,1,-0.06423126985118083,ZNRF1,16,75062776
cg02790691,phenotype_signature_C1_vs_rest,0.05502371261607727,2.470537647895044e-5,1,-0.0822387899687455,DTNA,18,34709586
cg18783495,phenotype_signature_C1_vs_rest,0.05508085428343549,2.479477258197216e-5,1,-0.08189125034331853,IL1RN,2,113119227
cg27286609,phenotype_signature_C1_vs_rest,0.05544868559686688,2.5079221496270423e-5,1,-0.04384382348796111,MICAL2,11,12141744
cg11168204,phenotype_signature_C1_vs_rest,0.05544868559686688,2.5119106458023584e-5,1,-0.06687607527101193,ELF1,13,40970172
cg21591554,phenotype_signature_C1_vs_rest,0.05544868559686688,2.5152848982553783e-5,1,-0.04902135044205261,OXNAD1,3,16300975
cg20493175,phenotype_signature_C1_vs_rest,0.05557637379554988,2.542029494528576e-5,1,-0.06984689524726345,GATAD2A,19,19488738
cg26624628,phenotype_signature_C1_vs_rest,0.05557637379554988,2.545197157173894e-5,1,-0.07226590656655313,NA,16,67423760
cg06525525,phenotype_signature_C1_vs_rest,0.05557637379554988,2.5507531320615195e-5,1,-0.01062243746329253,NA,6,165858513
cg26252077,phenotype_signature_C1_vs_rest,0.05557637379554988,2.5527531757633143e-5,1,-0.08545260870703972,NFIA,1,61141383
cg23149707,phenotype_signature_C1_vs_rest,0.05557637379554988,2.5557591080895983e-5,1,-0.06842975270287625,TMEM11,17,21216068
cg13922757,phenotype_signature_C1_vs_rest,0.05557637379554988,2.563205427247248e-5,1,-0.01304605648283311,EHMT1,9,137719460
cg23579199,phenotype_signature_C1_vs_rest,0.05557637379554988,2.566096374760969e-5,1,-0.05873586935286743,FBXO41,2,73269949
cg16225800,phenotype_signature_C1_vs_rest,0.05559932828890597,2.5803475670732275e-5,1,-0.06802235763225162,NA,8,125579662
cg07818422,phenotype_signature_C1_vs_rest,0.05559932828890597,2.5858976320017144e-5,1,-0.02594908100035424,WDFY2,13,51727810
cg16394775,phenotype_signature_C1_vs_rest,0.05559932828890597,2.5864581661721784e-5,1,-0.02154008176827076,RALGPS2,1,178724479
cg22620111,phenotype_signature_C1_vs_rest,0.05565252367163823,2.5953729250953773e-5,1,-0.04683810446442534,NA,3,14807738
cg14546144,phenotype_signature_C1_vs_rest,0.05569191209299283,2.6036545058703913e-5,1,-0.0432550324279601,ITPR2,12,26696744
cg13403259,phenotype_signature_C1_vs_rest,0.05581748737799921,2.621541274632489e-5,1,-0.04204793324522692,NA,9,120383606
cg14014370,phenotype_signature_C1_vs_rest,0.05581748737799921,2.6224437223390883e-5,1,-0.0563143011423657,SLC12A6,15,34319527
cg19212823,phenotype_signature_C1_vs_rest,0.0559662332497435,2.6359086055052356e-5,1,-0.03745894763825407,NA,23,48083964
cg16234791,phenotype_signature_C1_vs_rest,0.05596792416455839,2.6509464109448297e-5,1,-0.02216586737494102,CDCA7L,7,21905735
cg08244199,phenotype_signature_C1_vs_rest,0.05596792416455839,2.6530775114887163e-5,1,-0.03720608280634927,AHI1,6,135299531
cg00582671,phenotype_signature_C1_vs_rest,0.05596792416455839,2.661681196399556e-5,1,-0.0750873046347859,SAMD11,1,936855
cg17832029,phenotype_signature_C1_vs_rest,0.05596792416455839,2.6618947629159565e-5,1,-0.00643818560275104,TRRAP,7,98976488
cg11043888,phenotype_signature_C1_vs_rest,0.05604465564286265,2.6720297036701196e-5,1,-0.08227049226413083,ZRANB1,10,124961533
cg15488596,phenotype_signature_C1_vs_rest,0.05607261090965887,2.684850806210219e-5,1,-0.04897814940646736,C1orf26,1,185284363
cg03162315,phenotype_signature_C1_vs_rest,0.05607261090965887,2.7012959865999057e-5,1,-0.07806180727726376,NA,2,111663724
cg18093278,phenotype_signature_C1_vs_rest,0.05607261090965887,2.7037709878935147e-5,1,-0.08917801351613425,NA,6,110813082
cg02445229,phenotype_signature_C1_vs_rest,0.05607261090965887,2.7087113384179297e-5,1,-0.04595082911888727,NA,19,4633994
cg27332633,phenotype_signature_C1_vs_rest,0.05607261090965887,2.711254667096379e-5,1,-0.0562721271527514,NA,20,53846136
cg14209284,phenotype_signature_C1_vs_rest,0.05607261090965887,2.7175185438070288e-5,1,-0.05276054261273071,NA,15,67854346
cg01619618,phenotype_signature_C1_vs_rest,0.05607261090965887,2.7187837291526333e-5,1,-0.04863974351541948,LINC01355,1,23284114
cg23544996,phenotype_signature_C1_vs_rest,0.05611551351244265,2.7351528160398317e-5,1,-0.03009112219008316,ATP11B,3,182514833
cg12513294,phenotype_signature_C1_vs_rest,0.05611551351244265,2.7524404476506575e-5,1,-0.08239548518298116,STIM1,11,3867988
cg11659652,phenotype_signature_C1_vs_rest,0.05611551351244265,2.756159248732675e-5,1,-0.10199178106385191,PTPRE,10,127999576
cg11262246,phenotype_signature_C1_vs_rest,0.05611551351244265,2.7604132951675363e-5,1,-0.05782523299958316,DNAJC3,13,95754048
cg13698574,phenotype_signature_C1_vs_rest,0.05611551351244265,2.760877190240271e-5,1,-0.08875250245329801,NCK2,2,105748257
cg14710654,phenotype_signature_C1_vs_rest,0.05611551351244265,2.766817549016812e-5,1,-0.03062441198516905,TTC7B,14,90798112
cg24797501,phenotype_signature_C1_vs_rest,0.05611551351244265,2.7755388622811328e-5,1,-0.02309562134702413,NA,2,8308181
cg11624439,phenotype_signature_C1_vs_rest,0.05611551351244265,2.779645343757252e-5,1,-0.01932265025602892,GFOD1,6,13408657
cg17249529,phenotype_signature_C1_vs_rest,0.05611551351244265,2.780695603138085e-5,1,-0.07020727039303068,BICD2,9,92735740
cg07574908,phenotype_signature_C1_vs_rest,0.05611551351244265,2.7858010276939584e-5,1,-0.04220807488530758,HECTD4,12,112327845
cg07834490,phenotype_signature_C1_vs_rest,0.05631091915156937,2.80201807496538e-5,1,-0.0907754701202197,DOPEY2,21,36164519
cg09700170,phenotype_signature_C1_vs_rest,0.05645559875576155,2.8414252453424908e-5,1,-0.03948103530847795,WDR7,18,56660775
cg26979537,phenotype_signature_C1_vs_rest,0.05645559875576155,2.8447194924379772e-5,1,-0.05094715026546428,NAPA,19,47513603
cg04895895,phenotype_signature_C1_vs_rest,0.05645559875576155,2.8480494216896233e-5,1,-0.04545278035583053,C1orf198,1,230870149
cg22080845,phenotype_signature_C1_vs_rest,0.05645559875576155,2.861106345704878e-5,1,-0.03797250068160292,NA,10,43415676
cg19069660,phenotype_signature_C1_vs_rest,0.05645559875576155,2.863560202769451e-5,1,-0.03341143314891386,SCGN,6,25671212
cg26323242,phenotype_signature_C1_vs_rest,0.05645559875576155,2.86403492849211e-5,1,-0.04796976841545562,USP19,3,49110787
cg15932350,phenotype_signature_C1_vs_rest,0.05645559875576155,2.8692955937508644e-5,1,-0.06589407745689009,TPST1,7,66353698
cg27223827,phenotype_signature_C1_vs_rest,0.05645559875576155,2.8718909611205712e-5,1,-0.11173459689578474,FHL2,2,106054920
cg22438847,phenotype_signature_C1_vs_rest,0.05645559875576155,2.8737847668779458e-5,1,-0.04492212906524378,CHD7,8,60719082
cg26508444,phenotype_signature_C1_vs_rest,0.05645559875576155,2.8745479328330062e-5,1,-0.06221096329520351,FAM53B,10,124642276
cg06411447,phenotype_signature_C1_vs_rest,0.05650873252068134,2.893977738392716e-5,1,-0.03612111013978606,ANKRD11,16,89355341
cg20728419,phenotype_signature_C1_vs_rest,0.05650873252068134,2.8940476281342023e-5,1,-0.02109167470544812,USP47,11,11887055
cg23178790,phenotype_signature_C1_vs_rest,0.05650873252068134,2.8968709794876176e-5,1,-0.04030447572107776,FNDC3B,3,172147399
cg26128392,phenotype_signature_C1_vs_rest,0.05657592050118183,2.9068622999801812e-5,1,-0.04654519744158628,NA,10,6962791
cg26821196,phenotype_signature_C1_vs_rest,0.05665816931412133,2.9176447366648453e-5,1,-0.03604509926968131,CRTC3,15,90551837
cg26922243,phenotype_signature_C1_vs_rest,0.05675733826265637,2.935094055303341e-5,1,-0.037663167658025,NA,12,106416232
cg25738218,phenotype_signature_C1_vs_rest,0.05675733826265637,2.937553914324052e-5,1,-0.07006957868190361,SLC29A1,6,44225676
cg16551883,phenotype_signature_C1_vs_rest,0.05675733826265637,2.9539786489994367e-5,1,-0.02049428702026612,KIF17,1,20712025
cg10046114,phenotype_signature_C1_vs_rest,0.05675733826265637,2.9605296489641393e-5,1,-0.07999913873836564,TTC7B,14,90805694
cg16917269,phenotype_signature_C1_vs_rest,0.05675733826265637,2.961482077074443e-5,1,-0.05829275403164921,NA,20,49307121
cg06315149,phenotype_signature_C1_vs_rest,0.05675733826265637,2.9621593835873812e-5,1,-0.08375764391665108,PRKCZ,1,2104959
cg01692574,phenotype_signature_C1_vs_rest,0.05676553779427494,2.974203444085724e-5,1,-0.04251574093011397,NAGLU,17,42535558
cg02173977,phenotype_signature_C1_vs_rest,0.05676553779427494,2.9758591792079173e-5,1,-0.03545228100845372,C14orf45,14,74065657
cg06633463,phenotype_signature_C1_vs_rest,0.05676553779427494,2.9836126603767367e-5,1,-0.05081341881310695,NA,11,123745703
cg06646098,phenotype_signature_C1_vs_rest,0.05676553779427494,2.98886303525249e-5,1,-0.01541625679397884,ZBTB33,23,119388798
cg01305866,phenotype_signature_C1_vs_rest,0.05678325412532968,2.9968111166635987e-5,1,-0.03562669325627499,RCBTB2,13,48534507
cg08230983,phenotype_signature_C1_vs_rest,0.05678325412532968,3.0029378090053216e-5,1,-0.03963683007826203,RPS6KA2,6,166752373
cg13070738,phenotype_signature_C1_vs_rest,0.0568181494589747,3.017008641858574e-5,1,-0.05166615812435168,ARHGEF5,7,144054288
cg17526357,phenotype_signature_C1_vs_rest,0.0568181494589747,3.017933257305357e-5,1,-0.05256987373384569,ANKFY1,17,4209203
cg16673149,phenotype_signature_C1_vs_rest,0.05723164064493299,3.0465189800716977e-5,1,-0.01007015504520434,COLEC12,18,362714
cg01964774,phenotype_signature_C1_vs_rest,0.05734548263341015,3.07065015113093e-5,1,-0.06731929141383593,KCNJ15,21,38292027
cg16908770,phenotype_signature_C1_vs_rest,0.05734548263341015,3.071552532723077e-5,1,-0.0328052216772863,NA,1,156460721
cg13789639,phenotype_signature_C1_vs_rest,0.05734548263341015,3.0724870693198536e-5,1,-0.06459652381010557,STIL,1,47280409
cg21859580,phenotype_signature_C1_vs_rest,0.05747935459591743,3.093184843627676e-5,1,-0.05266393321676154,CHST11,12,104588865
cg01237067,phenotype_signature_C1_vs_rest,0.05747935459591743,3.096487255812478e-5,1,-0.01966224042305478,STX2,12,130816562
cg19613505,phenotype_signature_C1_vs_rest,0.05747935459591743,3.099614331934373e-5,1,-0.03330199014476617,NA,10,45599190
cg22069559,phenotype_signature_C1_vs_rest,0.05769917085779274,3.118145047467252e-5,1,-0.07472519155308896,NA,6,36617216
cg04336593,phenotype_signature_C1_vs_rest,0.05778873264411099,3.12967242770299e-5,1,-0.03718447897971966,TRERF1,6,42411928
cg06763445,phenotype_signature_C1_vs_rest,0.05801441034748243,3.148607936215997e-5,1,-0.02555491800914955,EPB41L3,18,5510397
cg22221575,phenotype_signature_C1_vs_rest,0.05803744711806345,3.1583735509480787e-5,1,-0.06866817706146838,PCYT1A,3,196238498
cg06587187,phenotype_signature_C1_vs_rest,0.05803744711806345,3.163290438789459e-5,1,-0.06641834455866828,RIMBP2,12,130484069
cg14849880,phenotype_signature_C1_vs_rest,0.05838595119596061,3.193945804388696e-5,1,-0.07758262725958548,NA,22,46596309
cg05421366,phenotype_signature_C1_vs_rest,0.05838595119596061,3.195798298874431e-5,1,-0.05008788207159951,ZC3H7B,22,41311687
cg01172235,phenotype_signature_C1_vs_rest,0.05841818267866757,3.21393376751111e-5,1,-0.02279210475684723,NA,3,14616472
cg21821767,phenotype_signature_C1_vs_rest,0.05841818267866757,3.214212972504132e-5,1,0.06696471540718596,GLP2R,17,9865853
cg13408940,phenotype_signature_C1_vs_rest,0.05841818267866757,3.220597944065105e-5,1,-0.03160671087922296,BCL11A,2,60506053
cg08209849,phenotype_signature_C1_vs_rest,0.05841818267866757,3.225076273281147e-5,1,-0.06584960364672465,PGM1,1,63651654
cg22747501,phenotype_signature_C1_vs_rest,0.05841818267866757,3.231893785190881e-5,1,-0.10310011743844952,CHN2,7,29193860
cg21028473,phenotype_signature_C1_vs_rest,0.05841818267866757,3.238123559637861e-5,1,-0.08367644789131053,TMEM182,2,102803983
cg12460121,phenotype_signature_C1_vs_rest,0.05845894469014398,3.250974655301941e-5,1,-0.03929372432828838,OR2B2,6,27913776
cg08256839,phenotype_signature_C1_vs_rest,0.05845894469014398,3.256213409553452e-5,1,-0.08577895399954719,ZNF507,19,32373856
cg11276172,phenotype_signature_C1_vs_rest,0.05845894469014398,3.264299933258274e-5,1,-0.04859628972360524,ITPRIP,10,104333936
cg08539880,phenotype_signature_C1_vs_rest,0.05845894469014398,3.267442566277639e-5,1,-0.01151434590078639,AKAP2,9,110161706
cg21069258,phenotype_signature_C1_vs_rest,0.05870640532413673,3.29092133744366e-5,1,0.05966908647727359,TGFBR2,3,30614518
cg02887723,phenotype_signature_C1_vs_rest,0.05870640532413673,3.305866586427658e-5,1,-0.04054541647141514,SULF1,8,70527162
cg17568131,phenotype_signature_C1_vs_rest,0.05870640532413673,3.313783081580558e-5,1,-0.04078116223065663,MEMO1,2,31999070
cg26369382,phenotype_signature_C1_vs_rest,0.05870640532413673,3.3229733791634683e-5,1,-0.08336295501203894,TFR2,7,100642718
cg21472642,phenotype_signature_C1_vs_rest,0.05870640532413673,3.3261303696501736e-5,1,-0.08324917417380376,CHN2,7,29193852
cg14412164,phenotype_signature_C1_vs_rest,0.05870640532413673,3.334356797134643e-5,1,-0.07705464773305849,LARP1,5,154120729
cg21247590,phenotype_signature_C1_vs_rest,0.05870640532413673,3.337757195098875e-5,1,-0.02413884879210967,NA,2,197205632
cg01063615,phenotype_signature_C1_vs_rest,0.05870640532413673,3.3393502195657614e-5,1,-0.0772502304469407,TAF15,17,35811789
cg08022000,phenotype_signature_C1_vs_rest,0.05870640532413673,3.3424156189507485e-5,1,-0.05702180882480096,KIF13B,8,29100411
cg20417424,phenotype_signature_C1_vs_rest,0.05889217062841091,3.364347329037996e-5,1,-0.04570341811279788,ST6GALNAC5,1,76866255
cg06736148,phenotype_signature_C1_vs_rest,0.05889217062841091,3.372030528164001e-5,1,-0.06149045187238612,GNB5,15,52124636
cg06460944,phenotype_signature_C1_vs_rest,0.05889217062841091,3.3734371338680467e-5,1,-0.03385008736146646,SLC24A3,20,19213659
cg08786188,phenotype_signature_C1_vs_rest,0.05899711188078408,3.386275503947096e-5,1,-0.0318864018223243,NA,13,27347959
cg10081994,phenotype_signature_C1_vs_rest,0.05905808530038781,3.397431043748336e-5,1,-0.07501633562847856,LONRF2,2,100292175
cg06763032,phenotype_signature_C1_vs_rest,0.05905808530038781,3.40582907312553e-5,1,-0.05993168437972143,NRG2,5,139955657
cg07118326,phenotype_signature_C1_vs_rest,0.05905808530038781,3.410277886864061e-5,1,-0.10163864046139312,NA,6,33101209
cg20006581,phenotype_signature_C1_vs_rest,0.05922818293522181,3.4269539927710526e-5,1,-0.06415064878798378,TOM1,22,35316365
cg00987237,phenotype_signature_C1_vs_rest,0.05946762967603034,3.456544512363195e-5,1,-0.08594294909579987,MAML3,4,139849422
cg00226489,phenotype_signature_C1_vs_rest,0.05946762967603034,3.486090212480969e-5,1,-0.02936706685096003,TRDMT1,10,17170032
cg26543333,phenotype_signature_C1_vs_rest,0.05946762967603034,3.4887890827625994e-5,1,-0.05177567274606604,NFIC,19,3397720
cg10065736,phenotype_signature_C1_vs_rest,0.05946762967603034,3.492292745539303e-5,1,-0.07864400606396221,FBXW8,12,117002315
cg12087627,phenotype_signature_C1_vs_rest,0.05946762967603034,3.493486807730592e-5,1,-0.03532651463129066,ZZEF1,17,4008121
cg08538069,phenotype_signature_C1_vs_rest,0.05946762967603034,3.493758838937031e-5,1,-0.07963736964596597,IGF1R,15,98901501
cg16656041,phenotype_signature_C1_vs_rest,0.05946762967603034,3.503249492069228e-5,1,-0.03868647167395885,ZHX2,8,122810252
cg15568827,phenotype_signature_C1_vs_rest,0.05946762967603034,3.5037550506991565e-5,1,-0.0526108828923589,PLEKHM3,2,208013996
cg07731272,phenotype_signature_C1_vs_rest,0.05946762967603034,3.5044189014782747e-5,1,-0.05325708911684906,LINC00945,21,33058783
cg19640654,phenotype_signature_C1_vs_rest,0.05946762967603034,3.509624595531281e-5,1,-0.02841922717635686,TMEM181,6,158569205
cg21572128,phenotype_signature_C1_vs_rest,0.05968999301955684,3.5369255372409186e-5,1,-0.0524430648090115,NA,2,898610
cg00851361,phenotype_signature_C1_vs_rest,0.05968999301955684,3.5375381459936446e-5,1,-0.0651675640282687,NA,1,234699876
cg25580656,phenotype_signature_C1_vs_rest,0.05968999301955684,3.543469947304717e-5,1,-0.07886687935661836,ZFYVE21,14,103730823
cg08710349,phenotype_signature_C1_vs_rest,0.05981165782716073,3.557613952540828e-5,1,-0.02881164604917929,COLGALT2,1,183932365
cg24376793,phenotype_signature_C1_vs_rest,0.05986755127635847,3.574467041464616e-5,1,-0.0888369772511118,PPP1R12B,1,202576461
cg17725421,phenotype_signature_C1_vs_rest,0.05986755127635847,3.5747943022293495e-5,1,-0.01977273027490005,NA,12,26869855
cg19471343,phenotype_signature_C1_vs_rest,0.05987114288017715,3.595305107491782e-5,1,-0.07580577936816994,NA,3,183913383
cg11014921,phenotype_signature_C1_vs_rest,0.05987114288017715,3.5967027818044326e-5,1,-0.04788265491307111,TRANK1,3,36974725
cg27096404,phenotype_signature_C1_vs_rest,0.05987114288017715,3.6010235910200604e-5,1,-0.03692431218556781,PAG1,8,81028405
cg14823363,phenotype_signature_C1_vs_rest,0.05987114288017715,3.6027220092868056e-5,1,-0.0674271790600742,KLHL21,1,6599306
cg10711145,phenotype_signature_C1_vs_rest,0.06038698690358669,3.640750721721256e-5,1,-0.04730263009056212,PHACTR4,1,28416620
cg04751006,phenotype_signature_C1_vs_rest,0.06072984027618956,3.6700123026079705e-5,1,-0.02351459591450128,TEAD4,12,2974969
cg04447623,phenotype_signature_C1_vs_rest,0.06072984027618956,3.675476821722005e-5,1,-0.082511107413299,FZR1,19,3516911
cg14147213,phenotype_signature_C1_vs_rest,0.06075508151915403,3.684035067446087e-5,1,-0.03173269565974113,MTCL1,18,8797046
cg16530324,phenotype_signature_C1_vs_rest,0.06076980161086412,3.6958953499702135e-5,1,-0.06961634286307349,NA,17,3921305
cg17116500,phenotype_signature_C1_vs_rest,0.06076980161086412,3.704343401273095e-5,1,-0.03789880507830139,RNF41,12,56206438
cg00712342,phenotype_signature_C1_vs_rest,0.06076980161086412,3.706024570784467e-5,1,-0.05644795418711527,TPM3,1,154178748
cg23912698,phenotype_signature_C1_vs_rest,0.06078903887482712,3.714232279264379e-5,1,-0.02089800431039348,ITGAE,17,3753597
cg22445447,phenotype_signature_C1_vs_rest,0.06084507528478875,3.732001920401543e-5,1,-0.03170673937954527,RTF1,15,41712591
cg21746109,phenotype_signature_C1_vs_rest,0.06084507528478875,3.7492637323324e-5,1,-0.01222953316326968,LFNG,7,2518453
cg02670522,phenotype_signature_C1_vs_rest,0.06084507528478875,3.751364496255309e-5,1,-0.04881459880751925,NFIA,1,61398491
cg23889015,phenotype_signature_C1_vs_rest,0.06084507528478875,3.752564438421677e-5,1,-0.04231959695434732,MECR,1,29202570
cg01006898,phenotype_signature_C1_vs_rest,0.06084507528478875,3.755264102453271e-5,1,-0.11102059332705648,NA,7,131798514
cg19052193,phenotype_signature_C1_vs_rest,0.06084507528478875,3.7599022165171395e-5,1,-0.0728535127476076,TPCN1,12,113222636
cg01785893,phenotype_signature_C1_vs_rest,0.06100342662750148,3.776746827608255e-5,1,-0.06483331759806751,ABCB10,1,229555363
cg06710259,phenotype_signature_C1_vs_rest,0.06123619204387642,3.800163008234688e-5,1,-0.08496980075251864,NA,5,56480014
cg03042633,phenotype_signature_C1_vs_rest,0.06123619204387642,3.818130918376661e-5,1,-0.0623480546494129,SKI,1,2251926
cg25953310,phenotype_signature_C1_vs_rest,0.06123619204387642,3.819435116506179e-5,1,-0.0456173743898651,ACAD10,12,112194269
cg15492921,phenotype_signature_C1_vs_rest,0.06123619204387642,3.822801066157426e-5,1,-0.05180074413150337,IMPA2,18,11994977
cg10338112,phenotype_signature_C1_vs_rest,0.06123619204387642,3.826588806563344e-5,1,-0.0380884150979295,NA,16,30809032
cg13277298,phenotype_signature_C1_vs_rest,0.06135041251961776,3.840825823826504e-5,1,-0.04108511477552361,NMUR1,2,231531709
cg09012511,phenotype_signature_C1_vs_rest,0.06138144184063791,3.854952384992696e-5,1,-0.08114387814167491,LRIG1,3,66439056
cg11605972,phenotype_signature_C1_vs_rest,0.06138144184063791,3.856974573855802e-5,1,-0.06745827628433472,KIAA1958,9,112556707
cg24060744,phenotype_signature_C1_vs_rest,0.06153790412853186,3.8739272542239485e-5,1,0.09789231435356643,NA,7,41005931
cg19305527,phenotype_signature_C1_vs_rest,0.06175245872883391,3.894579889558143e-5,1,-0.04627021890524084,CUL3,2,224570121
cg22930140,phenotype_signature_C1_vs_rest,0.06175813641759917,3.910284817605561e-5,1,-0.01841486542356506,NA,1,211584630
cg24566538,phenotype_signature_C1_vs_rest,0.06175813641759917,3.915456110046995e-5,1,-0.03387174656225774,RCBTB2,13,48534491
cg05033557,phenotype_signature_C1_vs_rest,0.06175813641759917,3.916377993321122e-5,1,-0.03664967294729172,RNF43,17,58360439
cg20315954,phenotype_signature_C1_vs_rest,0.06220990238345959,3.952225581670738e-5,1,-0.07142696853191989,PMP22,17,15233987
cg07796826,phenotype_signature_C1_vs_rest,0.06228658525340787,3.964305109445367e-5,1,-0.05176245509350585,SMYD3,1,246005337
cg08394239,phenotype_signature_C1_vs_rest,0.06274674681016919,4.0148769624931984e-5,1,-0.07489482964421214,DSC1,18,31163168
cg08868330,phenotype_signature_C1_vs_rest,0.06274674681016919,4.026449864572342e-5,1,-0.03182611341012741,ZNF699,19,9306466
cg16673806,phenotype_signature_C1_vs_rest,0.06274674681016919,4.0339016581797616e-5,1,-0.03733548167686874,KDM3B,5,138436183
cg02654940,phenotype_signature_C1_vs_rest,0.06274674681016919,4.034583073914498e-5,1,-0.0521407368257191,HMGA1,6,34238623
cg05288253,phenotype_signature_C1_vs_rest,0.06274674681016919,4.0362650674454154e-5,1,-0.05678056257256366,ANKRD11,16,89485851
cg12350164,phenotype_signature_C1_vs_rest,0.06274674681016919,4.037159113958432e-5,1,-0.06863045653453688,NA,1,117655321
cg07332540,phenotype_signature_C1_vs_rest,0.06296284950302598,4.058349361360672e-5,1,-0.05498604662081521,TRPC4AP,20,35018312
cg10330847,phenotype_signature_C1_vs_rest,0.06302036003864621,4.0693490151691585e-5,1,-0.0183508238963103,NA,3,141312873
cg22194129,phenotype_signature_C1_vs_rest,0.06335889807661507,4.109183570393079e-5,1,-0.07486858923889816,CLEC4C,12,7749065
cg26205890,phenotype_signature_C1_vs_rest,0.06335889807661507,4.117191705005549e-5,1,-0.06405304010179197,ACOX1,17,75959758
cg14482889,phenotype_signature_C1_vs_rest,0.06335889807661507,4.131988326246006e-5,1,-0.01663883623929277,ZNF740,12,53186881
cg10714356,phenotype_signature_C1_vs_rest,0.06335889807661507,4.133064682230429e-5,1,-0.02160828336644523,CMC2,16,80993578
cg00232450,phenotype_signature_C1_vs_rest,0.06335889807661507,4.137790392913483e-5,1,-0.08481565959273234,SEMA3C,7,80791853
cg16374333,phenotype_signature_C1_vs_rest,0.06335889807661507,4.141560387369898e-5,1,-0.02911352920549574,ETV3,1,157133849
cg11958476,phenotype_signature_C1_vs_rest,0.06335889807661507,4.1445068125121416e-5,1,-0.03153776814882773,NA,17,73182764
cg25949669,phenotype_signature_C1_vs_rest,0.06335889807661507,4.1498644117428565e-5,1,-0.03422316010521374,NA,10,94611824
cg04909257,phenotype_signature_C1_vs_rest,0.06340095852883619,4.1599560593333255e-5,1,-0.02103066917410865,PGD,1,10402441
cg05473599,phenotype_signature_C1_vs_rest,0.06377630164116486,4.192767476600717e-5,1,-0.08572658921965431,GMCL1P1,5,177613806
cg24905077,phenotype_signature_C1_vs_rest,0.06377630164116486,4.199344054497682e-5,1,-0.03948386121024223,STRIP1,1,110040535
cg22949358,phenotype_signature_C1_vs_rest,0.06379979955206481,4.2248859715839e-5,1,-0.0419490936852642,EXD2,14,69190562
cg01139080,phenotype_signature_C1_vs_rest,0.06379979955206481,4.225615411279418e-5,1,-0.0881326032654658,PCYT1A,3,196247478
cg13353793,phenotype_signature_C1_vs_rest,0.06379979955206481,4.225654670596592e-5,1,-0.05305400915819342,NA,2,85717609
cg18161208,phenotype_signature_C1_vs_rest,0.06379979955206481,4.230423020872849e-5,1,-0.05533355190395046,BDH1,3,197512824
cg24366851,phenotype_signature_C1_vs_rest,0.06405477846212455,4.255508033939735e-5,1,-0.02027952152956326,YJEFN3,19,19528565
cg21419712,phenotype_signature_C1_vs_rest,0.06405477846212455,4.2621549930708506e-5,1,-0.03511915811794057,NA,17,77871443
cg21951113,phenotype_signature_C1_vs_rest,0.06463946442613316,4.308539644582516e-5,1,-0.05596318084494741,MFF,2,227326366
cg20673965,phenotype_signature_C1_vs_rest,0.06468544307343549,4.325410511545502e-5,1,-0.05852663950822436,IRGC,19,43715996
cg22905973,phenotype_signature_C1_vs_rest,0.06468544307343549,4.3393624830107965e-5,1,-0.04630157244604441,NA,5,138476631
cg16812352,phenotype_signature_C1_vs_rest,0.06468544307343549,4.3429555282744e-5,1,-0.02014059446880826,ADCY9,16,3999854
cg14117556,phenotype_signature_C1_vs_rest,0.06468544307343549,4.344727823969498e-5,1,-0.02432424920182405,MED13L,12,116197492
cg00336912,phenotype_signature_C1_vs_rest,0.06468544307343549,4.349031469656498e-5,1,-0.0679695807260218,NA,14,55116323
cg13829849,phenotype_signature_C1_vs_rest,0.06488980353335089,4.385708256175677e-5,1,-0.03211273710147212,MAMDC2,9,70120914
cg18844120,phenotype_signature_C1_vs_rest,0.06488980353335089,4.398523762442695e-5,1,-0.01156128446556929,CYP2R1,11,14893677
cg20838410,phenotype_signature_C1_vs_rest,0.06488980353335089,4.413993995754718e-5,1,-0.04022680183324494,NUBPL,14,31577971
cg24555639,phenotype_signature_C1_vs_rest,0.06488980353335089,4.415275271396308e-5,1,-0.03912512149247218,HEXDC,17,82439765
cg20334836,phenotype_signature_C1_vs_rest,0.06488980353335089,4.430423706881436e-5,1,-0.01103266856267904,GRK4,4,2966982
cg05977485,phenotype_signature_C1_vs_rest,0.06488980353335089,4.4343340278628895e-5,1,-0.05001156656374048,MICU1,10,72524611
cg07185592,phenotype_signature_C1_vs_rest,0.06488980353335089,4.438589288454991e-5,1,-0.04316528905981531,DENND1B,1,197763875
cg10177753,phenotype_signature_C1_vs_rest,0.06488980353335089,4.446735378474563e-5,1,-0.0609758670592504,AFF1,4,86972870
cg04992471,phenotype_signature_C1_vs_rest,0.06488980353335089,4.449938337485443e-5,1,-0.08310764408907047,NA,3,42900918
cg06420033,phenotype_signature_C1_vs_rest,0.06488980353335089,4.453386434340701e-5,1,-0.04980331745868411,ASH2L,8,38106402
cg19817757,phenotype_signature_C1_vs_rest,0.06488980353335089,4.4605098967529346e-5,1,-0.01047755541566284,HEBP1,12,12989379
cg22469804,phenotype_signature_C1_vs_rest,0.06488980353335089,4.46502423998253e-5,1,-0.02477554255749672,TNIK,3,171131904
cg23812660,phenotype_signature_C1_vs_rest,0.06488980353335089,4.473219274082911e-5,1,-0.01947944552104721,ZEB2,2,144489725
cg19269111,phenotype_signature_C1_vs_rest,0.06488980353335089,4.474258244056821e-5,1,-0.04535798260852371,STUB1,16,681417
cg13161726,phenotype_signature_C1_vs_rest,0.06488980353335089,4.4754074405749376e-5,1,-0.0405910587016186,CHST11,12,104982610
cg21271570,phenotype_signature_C1_vs_rest,0.06494376212145325,4.4954712934297213e-5,1,-0.0646748703907844,SERP2,13,44387131
cg10721256,phenotype_signature_C1_vs_rest,0.06494376212145325,4.5017520685939534e-5,1,-0.02732956958833366,LOC100505942,16,67526653
cg17050275,phenotype_signature_C1_vs_rest,0.06494376212145325,4.5158460366307355e-5,1,-0.01134300170617475,TNRC18,7,5387620
cg09427417,phenotype_signature_C1_vs_rest,0.06494376212145325,4.5158610302329565e-5,1,-0.01288700008670415,ACAD10,12,111756766
cg06016120,phenotype_signature_C1_vs_rest,0.06494376212145325,4.5410037869374954e-5,1,-0.08882829116720205,NA,3,5000043
cg17138920,phenotype_signature_C1_vs_rest,0.06494376212145325,4.5422586516318816e-5,1,-0.05860747530716408,GALNT10,5,154285185
cg23201841,phenotype_signature_C1_vs_rest,0.06494376212145325,4.5446988514004726e-5,1,-0.05428052507275113,ELK4,1,205632985
cg04911830,phenotype_signature_C1_vs_rest,0.06494376212145325,4.545133223518202e-5,1,-0.03830545066394761,FAR1,11,13687286
cg16071782,phenotype_signature_C1_vs_rest,0.06494376212145325,4.5467667821724905e-5,1,-0.06709943806197076,PAPOLA,14,96565623
cg09696599,phenotype_signature_C1_vs_rest,0.06499724570076067,4.5718594935506016e-5,1,-0.03941876713411035,PPP2R5E,14,63478850
cg09252873,phenotype_signature_C1_vs_rest,0.06499724570076067,4.5777546962805186e-5,1,-0.03323817573706175,GFOD1,6,13408678
cg10625544,phenotype_signature_C1_vs_rest,0.06499724570076067,4.5786971926357e-5,1,-0.02048726289571109,IKZF1,7,50422576
cg09945570,phenotype_signature_C1_vs_rest,0.06499724570076067,4.5805972365698674e-5,1,-0.07755012609711523,ATP1A4,1,160164183
cg03240019,phenotype_signature_C1_vs_rest,0.06549343011812779,4.6336090804747664e-5,1,-0.02499479125833844,NA,16,12611234
cg21498475,phenotype_signature_C1_vs_rest,0.06549343011812779,4.640755966842901e-5,1,-0.08430595665304685,SLC24A6,12,113299664
cg23202870,phenotype_signature_C1_vs_rest,0.06549343011812779,4.642084375936207e-5,1,-0.05715615270381217,NA,17,55167857
cg09485632,phenotype_signature_C1_vs_rest,0.06549343011812779,4.650777947699681e-5,1,-0.03074467646531736,PIK3R1,5,68264316
cg15772013,phenotype_signature_C1_vs_rest,0.06549343011812779,4.669626267636464e-5,1,-0.05523764356707803,GOLGA3,12,132780950
cg05960102,phenotype_signature_C1_vs_rest,0.06549343011812779,4.67107894707716e-5,1,-0.04639094637838777,LINC01146,14,88036144
cg27474641,phenotype_signature_C1_vs_rest,0.06549343011812779,4.6829681700409746e-5,1,-0.02339816718177979,SBSN,19,35526422
cg14007003,phenotype_signature_C1_vs_rest,0.06549343011812779,4.684455310900203e-5,1,-0.06689976582203112,NA,23,25107049
cg08316097,phenotype_signature_C1_vs_rest,0.06549343011812779,4.690731842316459e-5,1,-0.06628521673803042,MIEF1,22,39501660
cg00172340,phenotype_signature_C1_vs_rest,0.06549343011812779,4.691975448917398e-5,1,-0.00788347752383819,SIRT5,6,13582224
cg07925553,phenotype_signature_C1_vs_rest,0.06549343011812779,4.7014620251382096e-5,1,-0.03349881397791195,NA,19,46190065
cg00824566,phenotype_signature_C1_vs_rest,0.06549343011812779,4.726371972244398e-5,1,-0.05918131598626772,NA,8,132772905
cg16230982,phenotype_signature_C1_vs_rest,0.06549343011812779,4.727840992493657e-5,1,-0.02623274789915963,PDE7A,8,65789984
cg10580067,phenotype_signature_C1_vs_rest,0.06549343011812779,4.729152533081646e-5,1,-0.02585639070802296,MIR1302-4,2,207269914
cg22811930,phenotype_signature_C1_vs_rest,0.06549343011812779,4.7404389886621295e-5,1,0.05996496343083316,NA,18,10072798
cg26584983,phenotype_signature_C1_vs_rest,0.06549343011812779,4.741558843104246e-5,1,-0.03318703524431883,NA,12,93405199
cg18648125,phenotype_signature_C1_vs_rest,0.06549343011812779,4.7445227453230754e-5,1,-0.0430562010220917,NA,7,115933711
cg22786756,phenotype_signature_C1_vs_rest,0.06549343011812779,4.754908885354256e-5,1,-0.02955394286589487,PPM1A,14,60253998
cg14084609,phenotype_signature_C1_vs_rest,0.06549343011812779,4.76342030125431e-5,1,-0.06858865620230617,EVL,14,100144070
cg08810881,phenotype_signature_C1_vs_rest,0.06549343011812779,4.7699993297114867e-5,1,-0.01439646494260677,LINC00888,3,183450887
cg27626620,phenotype_signature_C1_vs_rest,0.06549343011812779,4.7751658107825143e-5,1,-0.08171844004384739,RPS6KA2,6,166758239
cg13765621,phenotype_signature_C1_vs_rest,0.06549343011812779,4.785014466646393e-5,1,0.07371792996050691,CD1D,1,158179438
cg14265474,phenotype_signature_C1_vs_rest,0.06549343011812779,4.8026986233525535e-5,1,-0.06335382132118869,TNIK,3,171231197
cg12263857,phenotype_signature_C1_vs_rest,0.06549343011812779,4.805109182708754e-5,1,-0.0090725018214199,RNF217,6,124969897
cg15697091,phenotype_signature_C1_vs_rest,0.06549343011812779,4.811501114017364e-5,1,-0.05595970466751574,DYRK1A,21,37413998
cg11891609,phenotype_signature_C1_vs_rest,0.06549343011812779,4.81938263243121e-5,1,-0.01738274690789133,SF3B1,2,197400416
cg04081257,phenotype_signature_C1_vs_rest,0.06549343011812779,4.820196163999999e-5,1,-0.02168701955888621,NA,3,148988538
cg11088051,phenotype_signature_C1_vs_rest,0.06556973826833284,4.833400058893345e-5,1,-0.04551468778250102,SLC25A3,12,98593014
cg26694136,phenotype_signature_C1_vs_rest,0.0655874650357979,4.842296574310892e-5,1,-0.09232897004029872,GCM1,6,53135015
cg14381040,phenotype_signature_C1_vs_rest,0.06559608534443866,4.8512257631206495e-5,1,-0.01638467786174146,NA,6,25733015
cg09263768,phenotype_signature_C1_vs_rest,0.06559608534443866,4.859290428613281e-5,1,-0.03803115004198229,NA,7,134284206
cg00622105,phenotype_signature_C1_vs_rest,0.06559608534443866,4.8657054205492984e-5,1,-0.02577180474274415,SPRED2,2,65367344
cg19705889,phenotype_signature_C1_vs_rest,0.06578752323730169,4.88751862153275e-5,1,-0.02299035522508061,UVSSA,4,1353212
cg11141044,phenotype_signature_C1_vs_rest,0.06583956758251963,4.9007977038705624e-5,1,-0.04915441643064593,ARID2,12,45762353
cg13416889,phenotype_signature_C1_vs_rest,0.06583956758251963,4.909907006422194e-5,1,-0.06500108849369396,ZNF609,15,64522196
cg14164397,phenotype_signature_C1_vs_rest,0.06583956758251963,4.922047450787119e-5,1,-0.09142350145003476,CPD,17,30380109
cg04825341,phenotype_signature_C1_vs_rest,0.06583956758251963,4.930017935692283e-5,1,-0.04738448415042778,NA,9,5587802
cg00776405,phenotype_signature_C1_vs_rest,0.06583956758251963,4.933741480830936e-5,1,-0.02146440448383017,TG,8,132955617
cg16482631,phenotype_signature_C1_vs_rest,0.06583956758251963,4.9413297837269776e-5,1,-0.01061338138778105,C3orf17,3,113009224
cg16500060,phenotype_signature_C1_vs_rest,0.06583956758251963,4.9482218085690726e-5,1,-0.04642616825940204,NA,7,128921213
cg26987281,phenotype_signature_C1_vs_rest,0.06583956758251963,4.952336964867033e-5,1,-0.06023051360554112,DAPK2,15,64013716
cg25794430,phenotype_signature_C1_vs_rest,0.0659400075212155,4.9675224840434656e-5,1,-0.08908785117932039,CMIP,16,81524485
cg12819536,phenotype_signature_C1_vs_rest,0.0661282757587412,4.98975576407733e-5,1,-0.05627607747386108,SEMA3B,3,50271644
cg19434937,phenotype_signature_C1_vs_rest,0.0661282757587412,5.012800827214754e-5,1,-0.0804571152681748,LPCAT3,12,6996092
cg01756799,phenotype_signature_C1_vs_rest,0.0661282757587412,5.016807374948863e-5,1,-0.0408396088625829,COASY,17,42563263
cg11960010,phenotype_signature_C1_vs_rest,0.0661282757587412,5.017277738988963e-5,1,-0.04710067328868575,ALMS1,2,73504233
cg03361973,phenotype_signature_C1_vs_rest,0.0661282757587412,5.0199674244501226e-5,1,-0.02108674476482535,SEMA6D,15,47736555
cg14710009,phenotype_signature_C1_vs_rest,0.06615871661579661,5.0374920201601254e-5,1,-0.0139748812706422,NA,10,11377583
cg04229315,phenotype_signature_C1_vs_rest,0.06615871661579661,5.058793189889654e-5,1,-0.07328329554560624,CREB3L2,7,137963122
cg16500637,phenotype_signature_C1_vs_rest,0.06615871661579661,5.06044718665636e-5,1,-0.05856859450710897,CS,12,56291886
cg00213281,phenotype_signature_C1_vs_rest,0.06615871661579661,5.062800564261951e-5,1,-0.05500634207175224,KIF5C,2,148882253
cg14326502,phenotype_signature_C1_vs_rest,0.06615871661579661,5.062813330193271e-5,1,-0.02184520750625124,ITPK1,14,93080117
cg01771590,phenotype_signature_C1_vs_rest,0.06615871661579661,5.0682137401356894e-5,1,-0.07241649358242488,EVADR,6,70397622
cg25322008,phenotype_signature_C1_vs_rest,0.06638171537348629,5.100035862914144e-5,1,-0.02558240183590363,OR51E2,11,4697908
cg07428892,phenotype_signature_C1_vs_rest,0.06638171537348629,5.1062802440051885e-5,1,-0.07254201125727602,CDYL2,16,80620069
cg03248459,phenotype_signature_C1_vs_rest,0.06638171537348629,5.1093856833732275e-5,1,-0.04591544303054883,NA,6,15107234
cg13323717,phenotype_signature_C1_vs_rest,0.06638171537348629,5.116023852139654e-5,1,-0.03069232069386851,ARHGAP23,17,36627649
cg16599817,phenotype_signature_C1_vs_rest,0.06687200982090667,5.161549189326038e-5,1,-0.07252185261780192,PRKCZ,1,2104844
cg10259277,phenotype_signature_C1_vs_rest,0.06687995016717001,5.176472411255929e-5,1,-0.05817357686088365,RNF157,17,76234447
cg26548834,phenotype_signature_C1_vs_rest,0.06687995016717001,5.1845662983115966e-5,1,0.08413839958637996,FOXK1,7,4713320
cg27093835,phenotype_signature_C1_vs_rest,0.06687995016717001,5.1853801891338446e-5,1,-0.06733834584435018,FZR1,19,3516819
cg18448246,phenotype_signature_C1_vs_rest,0.06691386070199735,5.196586484327807e-5,1,-0.0154908669336248,MCPH1,8,6575371
cg13319468,phenotype_signature_C1_vs_rest,0.06691386070199735,5.211549181288854e-5,1,-0.00936994551448424,NA,13,27023593
cg10485410,phenotype_signature_C1_vs_rest,0.06691386070199735,5.226641807129184e-5,1,-0.08335050231627777,EPT1,2,26363567
cg10202165,phenotype_signature_C1_vs_rest,0.06691386070199735,5.230656020036584e-5,1,-0.05789011352484722,ATP8B4,15,49877642
cg12314351,phenotype_signature_C1_vs_rest,0.06691386070199735,5.231722000087841e-5,1,-0.05199560861713227,RREB1,6,7172883
cg14362073,phenotype_signature_C1_vs_rest,0.06691386070199735,5.237740001758687e-5,1,-0.0645676788713183,TBC1D9B,5,179906851
cg08811177,phenotype_signature_C1_vs_rest,0.06691386070199735,5.247102407529501e-5,1,-0.05485187548311224,RNF40,16,30760808
cg15323433,phenotype_signature_C1_vs_rest,0.06691386070199735,5.260209507432535e-5,1,-0.03636095958107682,PPP2R5C,14,101878637
cg20893283,phenotype_signature_C1_vs_rest,0.06691386070199735,5.260314589854578e-5,1,-0.0641316741714044,CTNNBL1,20,37711986
cg27340001,phenotype_signature_C1_vs_rest,0.06691386070199735,5.265442338542085e-5,1,-0.04413464758196977,TP53BP1,15,43493812
cg19270512,phenotype_signature_C1_vs_rest,0.0670624108985584,5.2989671489902104e-5,1,-0.07248448453457307,LINC01184,5,128037149
cg07693617,phenotype_signature_C1_vs_rest,0.0670624108985584,5.2993946508974394e-05,1,-0.07134806158072038,PRKCZ,1,2150545
cg18778827,phenotype_signature_C1_vs_rest,0.0670624108985584,5.300413196256607e-5,1,-0.01374070903394892,SIGLEC10,19,51411068
cg07145229,phenotype_signature_C1_vs_rest,0.06710463694796903,5.314895320045345e-5,1,-0.00731219605545472,NA,8,98410300
cg14550227,phenotype_signature_C1_vs_rest,0.06710463694796903,5.329395674579193e-5,1,0.04399089885536671,NA,4,31360999
cg13793407,phenotype_signature_C1_vs_rest,0.06710463694796903,5.334237633228061e-5,1,-0.06409348319331107,DLGAP1,18,3721324
cg27442349,phenotype_signature_C1_vs_rest,0.06710463694796903,5.349223378090194e-5,1,-0.04459229272979067,SIRT2,19,38898579
cg23172995,phenotype_signature_C1_vs_rest,0.06710463694796903,5.3544290088421946e-05,1,-0.07257063597613293,ANXA6,5,151107240
cg01711761,phenotype_signature_C1_vs_rest,0.06710463694796903,5.3559289373395234e-5,1,-0.0460701421628497,COL15A1,9,98943096
cg17019396,phenotype_signature_C1_vs_rest,0.06710463694796903,5.358108237219683e-5,1,-0.04560896806134133,TKT,3,53243733
cg26312950,phenotype_signature_C1_vs_rest,0.06727707327174229,5.379662100044196e-5,1,-0.01242207053243594,TNRC18,7,5391498
cg18079500,phenotype_signature_C1_vs_rest,0.06775183754571565,5.4254658418467154e-5,1,-0.07408345478004151,NA,1,156760882
cg08529933,phenotype_signature_C1_vs_rest,0.06775935852415671,5.433909249442297e-5,1,-0.07194783758148587,NA,20,51374154
cg18954925,phenotype_signature_C1_vs_rest,0.06790870682100614,5.468486819775637e-5,1,-0.05430855703288594,UBE2D3,4,102815729
cg16721883,phenotype_signature_C1_vs_rest,0.06790870682100614,5.495784723692409e-5,1,-0.04759171685186763,NA,6,6818283
cg23414568,phenotype_signature_C1_vs_rest,0.06790870682100614,5.505094864476668e-5,1,-0.05275613509950382,CACUL1,10,118735538
cg18887742,phenotype_signature_C1_vs_rest,0.06790870682100614,5.5145171963741215e-5,1,-0.04636961399067207,NEK7,1,198188169
cg19930190,phenotype_signature_C1_vs_rest,0.06790870682100614,5.521485938032575e-5,1,-0.05054367512591938,CPD,17,30426540
cg01115938,phenotype_signature_C1_vs_rest,0.06790870682100614,5.528827932293573e-5,1,-0.0727174848923925,NA,8,86512666
cg17700352,phenotype_signature_C1_vs_rest,0.06790870682100614,5.530096887840445e-5,1,-0.05558821200356899,ERN1,17,64091377
cg12627897,phenotype_signature_C1_vs_rest,0.06790870682100614,5.5350715653769715e-5,1,-0.04545876649147021,KIAA0141,5,141934241
cg00916117,phenotype_signature_C1_vs_rest,0.06790870682100614,5.538281234436463e-5,1,-0.01827822784107799,ZNF451,6,57169795
cg13729479,phenotype_signature_C1_vs_rest,0.06790870682100614,5.538987032750523e-5,1,-0.01170852380703416,RGS20,8,54764658
cg26171815,phenotype_signature_C1_vs_rest,0.06790870682100614,5.539864948059208e-5,1,-0.01477172188171117,MIR580,5,36149416
cg15526318,phenotype_signature_C1_vs_rest,0.06790870682100614,5.5458052526159335e-5,1,-0.0138557793352627,NA,2,74345723
cg04277334,phenotype_signature_C1_vs_rest,0.06790870682100614,5.548045600268279e-5,1,-0.05215525857729676,RAD51B,14,68289864
cg02512505,phenotype_signature_C1_vs_rest,0.06796441246146404,5.5674393743345575e-5,1,0.01125168858150803,MT1E,16,56625640
cg05887469,phenotype_signature_C1_vs_rest,0.06796441246146404,5.5683264081685334e-5,1,-0.01710043608176748,TRAPPC11,4,183700663
cg15320416,phenotype_signature_C1_vs_rest,0.06801108556308806,5.58731207641135e-5,1,-0.03592160392159288,RTEL1,20,63657671
cg12580580,phenotype_signature_C1_vs_rest,0.06801108556308806,5.5912127477516806e-5,1,-0.0752257631756279,CCDC109A,10,72784301
cg23288535,phenotype_signature_C1_vs_rest,0.06801108556308806,5.599714900393823e-5,1,-0.01986392717221245,SPNS3,17,4433199
cg24655167,phenotype_signature_C1_vs_rest,0.06801108556308806,5.6036314121727073e-5,1,-0.03549182386792025,MYOM2,8,2085310
cg16622231,phenotype_signature_C1_vs_rest,0.06802538198993631,5.630409832271194e-5,1,-0.01913691856791938,AKAP2,9,110156073
cg17110052,phenotype_signature_C1_vs_rest,0.06802538198993631,5.630568124572324e-5,1,-0.07562109949515176,ETFB,19,51858208
cg21825059,phenotype_signature_C1_vs_rest,0.06802538198993631,5.632566968902711e-5,1,-0.03854638383452705,LRRC16A,6,25316301
cg10092774,phenotype_signature_C1_vs_rest,0.06802538198993631,5.640020324591048e-5,1,-0.0136866220981059,DNM1L,12,32880352
cg09049278,phenotype_signature_C1_vs_rest,0.06802538198993631,5.64483337807613e-5,1,-0.02399324983862461,NA,10,31698789
cg13333788,phenotype_signature_C1_vs_rest,0.06802538198993631,5.6520408757688776e-5,1,-0.03767842682808838,ZDHHC18,1,26849894
cg12227872,phenotype_signature_C1_vs_rest,0.06817574329281616,5.672423303716803e-5,1,-0.03696569615078982,ITGAM,16,31286902
cg26641425,phenotype_signature_C1_vs_rest,0.0682938242562035,5.690150976271133e-5,1,-0.01148661026456626,CMTR1,6,37456599
cg15408905,phenotype_signature_C1_vs_rest,0.06842680279695215,5.7091489479400045e-5,1,-0.05786709136889826,NA,2,234423079
cg06836909,phenotype_signature_C1_vs_rest,0.06868358977294917,5.7385219054135495e-5,1,-0.02922135865451418,IDO1,8,39925337
cg09899402,phenotype_signature_C1_vs_rest,0.06899066303598789,5.7721615381344066e-5,1,-0.04764374441635262,NA,6,105898336
cg01360936,phenotype_signature_C1_vs_rest,0.06922493366045149,5.799772721716421e-5,1,-0.04876704867092697,NA,3,133570966
cg20501911,phenotype_signature_C1_vs_rest,0.06942134629402792,5.824261942710338e-5,1,0.08543650118515518,RHBDF2,17,76483682
cg07406419,phenotype_signature_C1_vs_rest,0.06946424355019068,5.841211856486621e-5,1,-0.03909910954388988,RBKS,2,27825622
cg23452498,phenotype_signature_C1_vs_rest,0.06946424355019068,5.843937763378274e-5,1,-0.04726771677270101,NA,5,145510044
cg07474266,phenotype_signature_C1_vs_rest,0.06951127353454303,5.8559382068371454e-5,1,-0.03003907841102438,ZCCHC14,16,87448351
cg22882506,phenotype_signature_C1_vs_rest,0.06987893403164247,5.894997975942584e-5,1,-0.0450352436511852,ITPRIP,10,104333960
cg07133479,phenotype_signature_C1_vs_rest,0.07024841152916413,5.934296329383004e-5,1,-0.03876677098890264,IMMT,2,86420600
cg23475294,phenotype_signature_C1_vs_rest,0.07027377697979884,5.9445712064813774e-5,1,-0.05223093316519613,ADAR,1,154609182
cg04125811,phenotype_signature_C1_vs_rest,0.07028280562214408,5.9975753010468786e-5,1,-0.012609253558544,NA,10,130504174
cg08824724,phenotype_signature_C1_vs_rest,0.07028280562214408,6.007751136212238e-5,1,-0.07621821867394689,NA,19,51469117
cg08035836,phenotype_signature_C1_vs_rest,0.07028280562214408,6.014042348548913e-5,1,-0.06616294056522382,NA,18,11944947
cg06915574,phenotype_signature_C1_vs_rest,0.07028280562214408,6.025027441723252e-5,1,-0.04125433117796386,DTX2P1-UPK3BP1-PMS2P11,7,76639592
cg09413029,phenotype_signature_C1_vs_rest,0.07028280562214408,6.0325253525994485e-5,1,-0.01269847348611635,SORBS1,10,95392710
cg07732400,phenotype_signature_C1_vs_rest,0.07028280562214408,6.0405573869481146e-5,1,-0.07226627073193304,NA,12,122468231
cg23070487,phenotype_signature_C1_vs_rest,0.07028280562214408,6.0452400813595574e-5,1,-0.05162989922396594,TNFRSF10B,8,23050076
cg04701257,phenotype_signature_C1_vs_rest,0.07028280562214408,6.058530044802364e-5,1,-0.03204143974106586,CSRP2BP,20,18156972
cg08769918,phenotype_signature_C1_vs_rest,0.07028280562214408,6.060034371018558e-5,1,-0.02463789752326145,NAA30,14,57405693
cg01326932,phenotype_signature_C1_vs_rest,0.07028280562214408,6.06608780524102e-5,1,-0.020372999536719,PIP4K2A,10,22670828
cg24512544,phenotype_signature_C1_vs_rest,0.07028280562214408,6.0706354202375544e-5,1,-0.01687744127073113,EIF2C2,8,140578844
cg05040235,phenotype_signature_C1_vs_rest,0.07028280562214408,6.071279257263193e-5,1,-0.04557276431085941,NA,15,92869530
cg24737290,phenotype_signature_C1_vs_rest,0.07028280562214408,6.0719348511143615e-5,1,-0.04247200190332639,NA,7,128075483
cg15569123,phenotype_signature_C1_vs_rest,0.07028280562214408,6.083008816862793e-5,1,-0.06050818174754764,PXN,12,120254304
cg15229632,phenotype_signature_C1_vs_rest,0.07028280562214408,6.083363208291561e-5,1,-0.01659360763642447,ZBED3-AS1,5,77139104
cg03361157,phenotype_signature_C1_vs_rest,0.07028280562214408,6.084005427169441e-5,1,-0.05120542266501435,NA,7,5534279
cg25643363,phenotype_signature_C1_vs_rest,0.07028280562214408,6.093416898931104e-5,1,-0.04055434283049825,CHN2,7,29217438
cg06750474,phenotype_signature_C1_vs_rest,0.07028280562214408,6.096865361275185e-5,1,-0.02184229145048436,MAP2K5,15,67550376
cg04305653,phenotype_signature_C1_vs_rest,0.07028280562214408,6.105188976474728e-5,1,-0.05584542524172811,TBC1D22A,22,46876526
cg02970679,phenotype_signature_C1_vs_rest,0.07028280562214408,6.116703767846074e-5,1,-0.07415608360856293,EPX,17,58192457
cg04989619,phenotype_signature_C1_vs_rest,0.07028280562214408,6.130064540050638e-5,1,-0.04496953878039652,ANKRD28,3,15817211
cg26943037,phenotype_signature_C1_vs_rest,0.07028280562214408,6.145131488807028e-5,1,-0.07181705532569228,NA,4,139567579
cg00059879,phenotype_signature_C1_vs_rest,0.07028280562214408,6.152198323601384e-5,1,-0.04994201265803886,GALK2,15,49534692
cg03603593,phenotype_signature_C1_vs_rest,0.07028280562214408,6.159115306573011e-5,1,-0.03837867712773723,NA,8,29585318
cg14554716,phenotype_signature_C1_vs_rest,0.07028280562214408,6.162143616983678e-5,1,-0.01745861909937784,AP3S1,5,115849512
cg06392169,phenotype_signature_C1_vs_rest,0.07028280562214408,6.169740429436284e-5,1,0.00622363101489566,IRF4,6,391936
cg13159054,phenotype_signature_C1_vs_rest,0.07028280562214408,6.171230318019679e-5,1,-0.02969014088163623,NA,15,47429518
cg14609598,phenotype_signature_C1_vs_rest,0.07028280562214408,6.176542736991343e-5,1,-0.02387944037125637,NA,17,82489612
cg05581314,phenotype_signature_C1_vs_rest,0.07028280562214408,6.181196395174633e-5,1,-0.05736123264870643,TRIM26,6,30209039
cg15350322,phenotype_signature_C1_vs_rest,0.07051477308701824,6.231735423836727e-5,1,-0.01872049436983921,SHOC2,10,110963538
cg15767361,phenotype_signature_C1_vs_rest,0.07051477308701824,6.235385292383412e-5,1,-0.03800049232649013,NA,10,93078210
cg09189336,phenotype_signature_C1_vs_rest,0.07051477308701824,6.245260422785477e-5,1,-0.02273118638993312,NA,19,8635653
cg25795107,phenotype_signature_C1_vs_rest,0.07051477308701824,6.252557682468348e-5,1,-0.03915740848523022,NA,4,157012998
cg21664942,phenotype_signature_C1_vs_rest,0.07051477308701824,6.26001184977535e-5,1,-0.07459479650296214,C19orf47,19,40331377
cg21952448,phenotype_signature_C1_vs_rest,0.07051477308701824,6.260301054904843e-5,1,-0.01677832935500235,MED27,9,131864881
cg12525237,phenotype_signature_C1_vs_rest,0.07051477308701824,6.263193189907256e-5,1,-0.02494633417251,GID8,20,62946589
cg04662939,phenotype_signature_C1_vs_rest,0.07051477308701824,6.266877323761329e-5,1,0.00535319966495464,PPP1R15B,1,204411444
cg22603971,phenotype_signature_C1_vs_rest,0.07052563186189928,6.277211325086482e-5,1,-0.07480009775702552,RASGRP1,15,38557927
cg22034357,phenotype_signature_C1_vs_rest,0.07052563186189928,6.28416488461086e-5,1,-0.08241150068764834,ACSF2,17,50443623
cg12383160,phenotype_signature_C1_vs_rest,0.07059096733679754,6.298155395887634e-5,1,-0.0496313070030587,FBXW8,12,117025488
cg04907127,phenotype_signature_C1_vs_rest,0.07072207411019558,6.321955676711653e-5,1,-0.06056445755568165,EXOC4,7,133575943
cg06136459,phenotype_signature_C1_vs_rest,0.07072207411019558,6.326220767547976e-5,1,-0.05937130432276266,HMGXB3,5,150045590
cg23490695,phenotype_signature_C1_vs_rest,0.07075475811891042,6.33733218045398e-5,1,-0.02234661398754668,PREX1,20,48798605
cg16153652,phenotype_signature_C1_vs_rest,0.07075510837285601,6.350906000606008e-5,1,-0.04719659584657983,TMEM203,9,137206742
cg14206516,phenotype_signature_C1_vs_rest,0.07075510837285601,6.354950001636009e-5,1,-0.05157945429328397,TNN,1,175130336
cg15125053,phenotype_signature_C1_vs_rest,0.07075510837285601,6.361926976470472e-5,1,-0.01490157983322412,NA,8,143131758
cg27240652,phenotype_signature_C1_vs_rest,0.07082581443401316,6.37951924488005e-5,1,-0.06925627099159545,DHX8,17,43487089
cg12198633,phenotype_signature_C1_vs_rest,0.07082581443401316,6.384676474057371e-5,1,-0.04707975349448842,KLHL24,3,183640879
cg14380858,phenotype_signature_C1_vs_rest,0.07083147431685785,6.401449520213533e-5,1,-0.03928792618469989,ARHGEF7,13,111165479
cg02932233,phenotype_signature_C1_vs_rest,0.07083147431685785,6.403885520286024e-5,1,-0.04235669685412072,DISC1,1,231986811
cg22701846,phenotype_signature_C1_vs_rest,0.07083147431685785,6.410160138498179e-5,1,-0.05111016147632166,CEP85,1,26248082
cg12100242,phenotype_signature_C1_vs_rest,0.07083147431685785,6.419023224591657e-5,1,-0.03559121548154498,TTC3,21,37201869
cg08378976,phenotype_signature_C1_vs_rest,0.07083147431685785,6.437709918087756e-5,1,-0.02616756170025056,PTDSS1,8,97293820
cg05143360,phenotype_signature_C1_vs_rest,0.07083147431685785,6.450485796790202e-5,1,0.00673079862107642,NA,20,4760682
cg03177204,phenotype_signature_C1_vs_rest,0.07083147431685785,6.455636788114015e-5,1,-0.03792656991563718,FURIN,15,90878939
cg23701314,phenotype_signature_C1_vs_rest,0.07083147431685785,6.464741954539497e-5,1,-0.07533479077061131,UBR1,15,43095481
cg13461342,phenotype_signature_C1_vs_rest,0.07083147431685785,6.470382497337952e-5,1,-0.03249419636097837,DNM2,19,10760316
cg25148901,phenotype_signature_C1_vs_rest,0.07083147431685785,6.47358192205023e-5,1,-0.02138047048541034,OPLAH,8,144061621
cg19571408,phenotype_signature_C1_vs_rest,0.07083147431685785,6.481439547120805e-5,1,-0.07555055887696917,ADARB1,21,45096124
cg05042038,phenotype_signature_C1_vs_rest,0.07083147431685785,6.483546434497005e-5,1,-0.07969499159755118,QRICH2,17,74298896
cg15813528,phenotype_signature_C1_vs_rest,0.07087494456904442,6.513447132737289e-5,1,-0.07760955363102592,PTPRJ,11,48006747
cg00584174,phenotype_signature_C1_vs_rest,0.07087494456904442,6.526321695261835e-5,1,-0.06333569690722264,HRASLS5,11,63489931
cg02536712,phenotype_signature_C1_vs_rest,0.07087494456904442,6.529000355836509e-5,1,-0.01611554394783032,YLPM1,14,74834503
cg05711609,phenotype_signature_C1_vs_rest,0.07087494456904442,6.534147001701876e-5,1,-0.01121604179557413,BCL9,1,147558673
cg12419482,phenotype_signature_C1_vs_rest,0.07087494456904442,6.535855661174943e-5,1,-0.06895598928905539,P2RY2,11,73222237
cg14983540,phenotype_signature_C1_vs_rest,0.07087494456904442,6.536735530500237e-5,1,-0.03015892690577059,SERINC5,5,80211756
cg12864116,phenotype_signature_C1_vs_rest,0.07093859719719899,6.550815199567298e-5,1,-0.05523579237090837,NA,19,43686989
cg19702404,phenotype_signature_C1_vs_rest,0.07128515911745026,6.594576767915467e-5,1,-0.03005531360092495,NA,17,29388511
cg17006098,phenotype_signature_C1_vs_rest,0.07128515911745026,6.599316705158375e-5,1,-0.0502823549008819,RAB11FIP4,17,31495768
cg18031951,phenotype_signature_C1_vs_rest,0.07141664697819462,6.619753727299583e-5,1,-0.03880589658859215,NA,14,22699226
cg01362115,phenotype_signature_C1_vs_rest,0.07142805700478941,6.639399962985368e-5,1,-0.02692795363457131,MAP2K5,15,67782880
cg00359030,phenotype_signature_C1_vs_rest,0.07142805700478941,6.641752508496094e-5,1,-0.017803961842651,BCAS3,17,61218827
cg11235829,phenotype_signature_C1_vs_rest,0.07142805700478941,6.649185208964468e-5,1,-0.0286380685219252,ATP6V0B,1,43974105
cg07552087,phenotype_signature_C1_vs_rest,0.07142805700478941,6.662025579991294e-5,1,-0.05081147658085844,MLST8,16,2208456
cg20957316,phenotype_signature_C1_vs_rest,0.07142805700478941,6.670382184484709e-5,1,-0.03944403918585129,SFRS7,2,38749267
cg16214290,phenotype_signature_C1_vs_rest,0.07142805700478941,6.670405438263761e-5,1,-0.05977851787893323,DESI1,22,41598244
cg04141008,phenotype_signature_C1_vs_rest,0.07162687901331781,6.698545894745398e-5,1,-0.07230726174288592,CREBBP,16,3793231
cg21120951,phenotype_signature_C1_vs_rest,0.07162687901331781,6.705550079358042e-5,1,-0.06122316240701914,PET112L,4,152611527
cg22211440,phenotype_signature_C1_vs_rest,0.071821905364686,6.737277962377436e-5,1,-0.06423009311811831,NA,9,91178147
cg26425190,phenotype_signature_C1_vs_rest,0.071821905364686,6.754431722835905e-5,1,-0.03339918293978065,LOC100506639,5,43081709
cg03726490,phenotype_signature_C1_vs_rest,0.071821905364686,6.75542203194719e-5,1,-0.06458164918633429,PLK2,5,58456295
cg15558015,phenotype_signature_C1_vs_rest,0.071821905364686,6.757053048710146e-5,1,-0.04996847394768451,NA,2,26396900
cg27089146,phenotype_signature_C1_vs_rest,0.07213826732763368,6.795164462350814e-5,1,-0.04085559509059564,ZNF512,2,27586678
cg12115397,phenotype_signature_C1_vs_rest,0.07217985205470458,6.807434273667621e-5,1,-0.0377401808004859,NA,12,132081746
cg07788158,phenotype_signature_C1_vs_rest,0.07221337370297544,6.837812887893544e-5,1,-0.04560609054605549,RGS9,17,65174255
cg04117547,phenotype_signature_C1_vs_rest,0.07221337370297544,6.845183289690823e-5,1,-0.01942256079555237,NA,9,88988519
cg23473561,phenotype_signature_C1_vs_rest,0.07221337370297544,6.853954038723706e-5,1,-0.07051019705242376,AHNAK,11,62230113
cg03379664,phenotype_signature_C1_vs_rest,0.07221337370297544,6.868404858029028e-5,1,-0.05563114676613581,ANKRD44,2,197012790
cg15733114,phenotype_signature_C1_vs_rest,0.07221337370297544,6.874251951624742e-5,1,-0.02317497590455505,ART4,12,14843581
cg00270616,phenotype_signature_C1_vs_rest,0.07221337370297544,6.881663340120521e-5,1,-0.07301001638545411,NA,2,7848224
cg23876292,phenotype_signature_C1_vs_rest,0.07221337370297544,6.885957987396e-5,1,-0.05390511978532539,LMAN1,18,59357285
cg19869442,phenotype_signature_C1_vs_rest,0.07221337370297544,6.887257446449488e-5,1,-0.05046417109180311,FAM45A,10,119120853
cg15889057,phenotype_signature_C1_vs_rest,0.07221337370297544,6.895678665025655e-5,1,-0.03136373150520904,ITGB7,12,53208395
cg12154137,phenotype_signature_C1_vs_rest,0.07221337370297544,6.900774775330483e-5,1,-0.02024707692771495,SLC35C1,11,45807450
cg06424947,phenotype_signature_C1_vs_rest,0.07221337370297544,6.902905494221386e-5,1,-0.03756561586840489,CLTCL1,22,19191538
cg25371048,phenotype_signature_C1_vs_rest,0.07221337370297544,6.91716954284868e-5,1,-0.02450608646192374,TOP3A,17,18300482
cg07352016,phenotype_signature_C1_vs_rest,0.07221337370297544,6.920361292383276e-5,1,-0.02940754102073589,FECH,18,57583336
cg03391667,phenotype_signature_C1_vs_rest,0.07221337370297544,6.927587600302567e-5,1,-0.01304515746921159,RIMBP2,12,130456489
cg08304867,phenotype_signature_C1_vs_rest,0.07245712630125022,6.959356088979449e-5,1,-0.03031916127133582,C3orf20,3,14725261
cg05728440,phenotype_signature_C1_vs_rest,0.07265873255196405,6.990562477102153e-5,1,-0.04801168067114868,RHOH,4,40192585
cg27660807,phenotype_signature_C1_vs_rest,0.07265873255196405,7.00584460956433e-5,1,-0.01386652026183109,ZC3H12C,11,110130654
cg09495207,phenotype_signature_C1_vs_rest,0.07265873255196405,7.00811715413858e-5,1,-0.04856225183300146,SLC12A4,16,67944542
cg14176303,phenotype_signature_C1_vs_rest,0.07265873255196405,7.012352334813553e-5,1,-0.02275251534418424,SH3BP5-AS1,3,15261861
cg14701320,phenotype_signature_C1_vs_rest,0.07275740668159437,7.030294968840122e-5,1,-0.05127243452496007,NA,6,108716036
cg16583315,phenotype_signature_C1_vs_rest,0.07288637830216503,7.056604435001097e-5,1,-0.07195819113284105,MAX,14,65096947
cg26665729,phenotype_signature_C1_vs_rest,0.07288637830216503,7.059625926794376e-5,1,0.0950639168743156,UST,6,148779648
cg26607897,phenotype_signature_C1_vs_rest,0.07292727654893276,7.074887994028375e-5,1,-0.06463387057314118,CREG1,1,167541602
cg12006129,phenotype_signature_C1_vs_rest,0.07292727654893276,7.080465592228518e-5,1,-0.05029933586674219,NA,6,33513473
cg22870710,phenotype_signature_C1_vs_rest,0.07294545225790154,7.0906715365627e-5,1,-0.04840181693278741,NA,4,127778329
cg19965042,phenotype_signature_C1_vs_rest,0.07308462049686106,7.112656782355435e-5,1,-0.07517529582492383,CEP152,15,48809654
cg11422446,phenotype_signature_C1_vs_rest,0.07312246964048143,7.134931475558727e-5,1,-0.07934853976650408,ELMO1,7,37394413
cg14392652,phenotype_signature_C1_vs_rest,0.07312246964048143,7.135686349357032e-5,1,-0.06437381659510284,BCL6B,17,7024105
cg17922329,phenotype_signature_C1_vs_rest,0.07312246964048143,7.14172557334431e-5,1,0.00966944023197508,FXYD5,19,35155136
cg19234801,phenotype_signature_C1_vs_rest,0.07320466270504253,7.158224477379088e-5,1,-0.02286442510481729,NA,11,44555991
cg12674160,phenotype_signature_C1_vs_rest,0.07321722386680422,7.17018981803319e-5,1,-0.0132300375979264,SLC35A5,3,112568418
cg18828546,phenotype_signature_C1_vs_rest,0.07321722386680422,7.18848249933441e-5,1,-0.02968608362836905,NA,18,55858093
cg07825147,phenotype_signature_C1_vs_rest,0.07321722386680422,7.188569529475666e-5,1,-0.07510224989933058,ARHGEF18,19,7397927
cg09696385,phenotype_signature_C1_vs_rest,0.07321722386680422,7.193489440009878e-5,1,-0.04524152876522847,SND1,7,127887986
cg13557069,phenotype_signature_C1_vs_rest,0.07321722386680422,7.209694240714684e-5,1,-0.0649015043946085,THADA,2,43595507
cg18597415,phenotype_signature_C1_vs_rest,0.07321722386680422,7.210289105464131e-5,1,-0.05572204004870496,CLC,19,39738726
cg00664743,phenotype_signature_C1_vs_rest,0.07380125976912551,7.286494193744955e-5,1,-0.02167969122304468,OSBP2,22,30904266
cg23589474,phenotype_signature_C1_vs_rest,0.07380125976912551,7.296190605968755e-5,1,-0.02845885467298982,CAPZA1,1,112635181
cg08704124,phenotype_signature_C1_vs_rest,0.07380125976912551,7.304448531761429e-5,1,-0.05366904492003326,NA,11,68235450
cg04374959,phenotype_signature_C1_vs_rest,0.07380125976912551,7.305569523478955e-5,1,-0.03406915447974559,C17orf74,17,7425266
cg00057667,phenotype_signature_C1_vs_rest,0.07380125976912551,7.310505369700172e-5,1,-0.02492816258972065,NA,6,139748593
cg03837359,phenotype_signature_C1_vs_rest,0.0738428781809697,7.333050281350437e-5,1,-0.05464070787067145,IL34,16,70614474
cg16099169,phenotype_signature_C1_vs_rest,0.0738428781809697,7.334696183255192e-5,1,0.02318477646800484,NA,2,106270273
cg07711900,phenotype_signature_C1_vs_rest,0.0738428781809697,7.346522501280613e-5,1,-0.07997231142862513,GFOD1,6,13379052
cg02324789,phenotype_signature_C1_vs_rest,0.0738428781809697,7.351969303972673e-5,1,-0.02726233818934537,NIN,14,50796481
cg06528809,phenotype_signature_C1_vs_rest,0.0738428781809697,7.357353580598657e-5,1,-0.01978924021265747,IKZF2,2,213065448
cg06736444,phenotype_signature_C1_vs_rest,0.07423461202850913,7.407291933368296e-5,1,-0.07182119179523302,LOC100128788,16,2751792
cg00990977,phenotype_signature_C1_vs_rest,0.07423461202850913,7.417435218395427e-5,1,-0.03375340071275267,RRBP1,20,17678672
cg24362151,phenotype_signature_C1_vs_rest,0.07423461202850913,7.422155453280428e-5,1,-0.05607011035059134,GSTM3,1,109738164
cg11392833,phenotype_signature_C1_vs_rest,0.07446219846326829,7.455443835125379e-5,1,-0.08691778103045189,URI1,19,29941201
cg11495942,phenotype_signature_C1_vs_rest,0.07446219846326829,7.462143681804861e-5,1,-0.04757168462891446,CAPZB,1,19349087
cg05225651,phenotype_signature_C1_vs_rest,0.0745043802250476,7.475989711102649e-5,1,-0.00965257344744585,CYTL1,4,5020813
cg22685913,phenotype_signature_C1_vs_rest,0.0745043802250476,7.48488824395814e-5,1,-0.00948247170766737,PRKCB,16,24033810
cg09934309,phenotype_signature_C1_vs_rest,0.0745043802250476,7.492235904744347e-5,1,-0.01167910055135449,COG7,16,23450400
cg02039867,phenotype_signature_C1_vs_rest,0.07484113129564611,7.541754930816672e-5,1,-0.09540062793283512,ENTPD1,10,95758920
cg18231319,phenotype_signature_C1_vs_rest,0.07484113129564611,7.547781563125864e-5,1,-0.01048988520218196,YARS2,12,32752975
cg21575634,phenotype_signature_C1_vs_rest,0.07484113129564611,7.552081866361868e-5,1,-0.06025544412376124,STX2,12,130825872
cg18182820,phenotype_signature_C1_vs_rest,0.07485575941436373,7.562220300217964e-5,1,-0.04753068227635956,ACSL1,4,184791087
cg01295798,phenotype_signature_C1_vs_rest,0.07493701613884002,7.579100911106632e-5,1,-0.05287182654204261,LINC01146,14,88036161
cg13012015,phenotype_signature_C1_vs_rest,0.074978479617542,7.599366277825997e-5,1,-0.0695102261439254,NA,2,181118653
cg14318145,phenotype_signature_C1_vs_rest,0.074978479617542,7.608657796055407e-5,1,-0.05453977551446256,NA,1,58749581
cg12600182,phenotype_signature_C1_vs_rest,0.074978479617542,7.609324126378731e-5,1,-0.02933603754604406,MRPL32,7,42934604
cg00045025,phenotype_signature_C1_vs_rest,0.07499207372442632,7.619381859909634e-5,1,-0.01677188171087766,FOXP1,3,71246184
cg05112948,phenotype_signature_C1_vs_rest,0.07502308593127308,7.631214477729501e-5,1,-0.05085405712328195,GALNT7,4,173268285
cg15672653,phenotype_signature_C1_vs_rest,0.07508552956842611,7.646255059320001e-5,1,-0.07391329412116136,NA,11,108500973
cg05942111,phenotype_signature_C1_vs_rest,0.07550500377377099,7.711519454851011e-5,1,-0.06548981082625135,RASSF3,12,64650247
cg06792952,phenotype_signature_C1_vs_rest,0.07550500377377099,7.711893079984316e-5,1,-0.02962305225988897,WDFY4,10,48895506
cg11310939,phenotype_signature_C1_vs_rest,0.07550500377377099,7.715868510195674e-5,1,-0.07141694227616488,MARCH3,5,126921424
cg19071507,phenotype_signature_C1_vs_rest,0.07550500377377099,7.723921640638864e-5,1,-0.02963052602586989,NA,2,70005437
cg24742388,phenotype_signature_C1_vs_rest,0.07552500471495026,7.745669411239283e-5,1,-0.03111248254797268,NA,7,159159925
cg05755378,phenotype_signature_C1_vs_rest,0.07552500471495026,7.747495298771001e-5,1,-0.06340785624459314,NA,17,59419036
cg19266635,phenotype_signature_C1_vs_rest,0.07552500471495026,7.752864539796678e-5,1,-0.02564789273568515,NA,12,46382606
cg22612792,phenotype_signature_C1_vs_rest,0.07552500471495026,7.762120028283081e-5,1,-0.04141973805986269,IRS1,2,226767318
cg24829718,phenotype_signature_C1_vs_rest,0.07552500471495026,7.772186698428713e-5,1,-0.05231511365835952,TTLL5,14,75871549
cg25887788,phenotype_signature_C1_vs_rest,0.07552500471495026,7.77840636789659e-5,1,-0.03993319831560511,LINC01359,1,64983364
cg09817523,phenotype_signature_C1_vs_rest,0.07566186701833055,7.801257592799938e-5,1,-0.01525365084009621,PXN,12,120247742
cg25828758,phenotype_signature_C1_vs_rest,0.07602318115545759,7.847308990856721e-5,1,-0.05545878420891389,PPP2R3A,3,136134234
cg23206725,phenotype_signature_C1_vs_rest,0.07603814256925548,7.864332584921449e-5,1,-0.07404491575743351,KIAA1958,9,112629978
cg19027130,phenotype_signature_C1_vs_rest,0.07603814256925548,7.867887058956755e-5,1,-0.06809075668734055,SREBF2,22,41846378
cg23359651,phenotype_signature_C1_vs_rest,0.07603814256925548,7.87525083544141e-5,1,-0.03656251986728579,NA,15,82966686
cg04933530,phenotype_signature_C1_vs_rest,0.07636458517869145,7.91789735140433e-5,1,-0.08444671365590199,NA,14,76953411
cg08877322,phenotype_signature_C1_vs_rest,0.0767932853154564,7.980148887555106e-5,1,-0.04220974328411538,NA,3,157108024
cg00274203,phenotype_signature_C1_vs_rest,0.0767932853154564,8.008501827145683e-5,1,-0.03905390933849966,COQ10A,12,56267753
cg24952962,phenotype_signature_C1_vs_rest,0.0767932853154564,8.010812296872431e-5,1,-0.04461525614327037,NA,7,140975976
cg14219019,phenotype_signature_C1_vs_rest,0.0767932853154564,8.01091357475339e-5,1,0.04303931852183269,BTN2A3,6,26420759
cg16583917,phenotype_signature_C1_vs_rest,0.0767932853154564,8.021774120626968e-5,1,-0.04474965840071062,NA,2,234127214
cg07410597,phenotype_signature_C1_vs_rest,0.0767932853154564,8.03135960888998e-5,1,-0.051260148177612,SLC25A26,3,66353705
cg15438839,phenotype_signature_C1_vs_rest,0.0767932853154564,8.03304246321966e-5,1,-0.07578788618209546,TBC1D10A,22,30309956
cg02705647,phenotype_signature_C1_vs_rest,0.0767932853154564,8.033439710279278e-5,1,-0.01421997139114761,NA,7,156677963
cg14926805,phenotype_signature_C1_vs_rest,0.07695645175697448,8.059414181771482e-5,1,0.024702391085362,TMPRSS4-AS1,11,118061102
cg12483927,phenotype_signature_C1_vs_rest,0.07696007182405196,8.076613780555879e-5,1,-0.04744939189576332,RD3,1,211494340
cg04502317,phenotype_signature_C1_vs_rest,0.07696007182405196,8.077604998242801e-5,1,-0.02144978892306615,CEP57L1,6,109118587
cg26853442,phenotype_signature_C1_vs_rest,0.07699910689924495,8.090612422874033e-5,1,-0.02917068145807418,NA,5,161751525
cg14258745,phenotype_signature_C1_vs_rest,0.0770569828919217,8.10561075467705e-5,1,-0.04438223423030157,MIPEP,13,23739782
cg00414077,phenotype_signature_C1_vs_rest,0.07726792128193552,8.136740800988869e-5,1,-0.08790357255520602,C20orf118,20,36876108
cg03280548,phenotype_signature_C1_vs_rest,0.0773616190332016,8.155560010188793e-5,1,-0.01688072223357041,NA,4,6719367
cg08625794,phenotype_signature_C1_vs_rest,0.07740703671734618,8.17043613954578e-5,1,-0.04828999025417132,NA,15,89760415
cg19359526,phenotype_signature_C1_vs_rest,0.07740703671734618,8.18605397319471e-5,1,-0.02332592093274566,ITGAD,16,31402897
cg19210893,phenotype_signature_C1_vs_rest,0.07740703671734618,8.187220715760007e-5,1,-0.0701089027942393,PDCL,9,122826943
cg27469152,phenotype_signature_C1_vs_rest,0.07745629437177226,8.206961101580064e-5,1,-0.07317961970265625,EPX,17,58204952
cg18135530,phenotype_signature_C1_vs_rest,0.07745629437177226,8.216448457387569e-5,1,-0.04132695513511559,ADIPOR2,12,1781809
cg06556098,phenotype_signature_C1_vs_rest,0.07745629437177226,8.224457078824271e-5,1,-0.02695572234002526,SELL,1,169674982
cg15673896,phenotype_signature_C1_vs_rest,0.07745629437177226,8.228283708570591e-5,1,-0.07566790425217994,ADORA3,1,111503404
cg09147843,phenotype_signature_C1_vs_rest,0.07747911186494177,8.239673553250063e-5,1,-0.0764977897736329,RBL2,16,53433700
cg05497656,phenotype_signature_C1_vs_rest,0.07748149386662939,8.255028535049387e-5,1,-0.01858370576729208,NA,19,56187022
cg06437892,phenotype_signature_C1_vs_rest,0.07748149386662939,8.257859248276422e-5,1,-0.05502180538549491,UBR1,15,43094895
cg18955749,phenotype_signature_C1_vs_rest,0.07751413097218202,8.27030762601392e-5,1,-0.08947917196292111,NA,3,189944597
cg04289936,phenotype_signature_C1_vs_rest,0.07759968949680489,8.29545906018651e-5,1,-0.05104130616103013,LURAP1L-AS1,9,12718901
cg14750778,phenotype_signature_C1_vs_rest,0.07759968949680489,8.29739595523099e-5,1,-0.06506762153368832,PIGS,17,28572410
cg22134139,phenotype_signature_C1_vs_rest,0.07769243534300332,8.324129464985875e-5,1,-0.01799027743230203,NA,22,37216547
cg15044010,phenotype_signature_C1_vs_rest,0.07769243534300332,8.325294060260357e-5,1,-0.04641100117980949,SRPK2,7,105256758
cg12544411,phenotype_signature_C1_vs_rest,0.07786929627729904,8.381078771383025e-5,1,-0.00877993424294487,IGDCC3,15,65375141
cg20683207,phenotype_signature_C1_vs_rest,0.07786929627729904,8.382087205536288e-5,1,0.04516227048387851,KIAA1549,7,138898447
cg07054523,phenotype_signature_C1_vs_rest,0.07786929627729904,8.38829671701561e-5,1,-0.01504917443563843,NA,22,29474286
cg06863152,phenotype_signature_C1_vs_rest,0.07786929627729904,8.397359350489919e-5,1,-0.03444062831989426,SPATA5L1,15,45417646
cg11896104,phenotype_signature_C1_vs_rest,0.07786929627729904,8.406205650518226e-5,1,-0.03853179677962597,KLF1,19,12887621
cg08805459,phenotype_signature_C1_vs_rest,0.07786929627729904,8.411360656405514e-5,1,-0.051081924852179,AKAP1,17,55187039
cg17661261,phenotype_signature_C1_vs_rest,0.07786929627729904,8.415696344862303e-5,1,-0.0381112659066955,EPHA10,1,37721913
cg06723828,phenotype_signature_C1_vs_rest,0.07786929627729904,8.424290904419869e-5,1,-0.03691226520539898,PSMD13,11,251223
cg01822179,phenotype_signature_C1_vs_rest,0.07786929627729904,8.425345543292684e-5,1,-0.05701227890077202,LOC101060091,2,113848945
cg05397010,phenotype_signature_C1_vs_rest,0.07795703059711978,8.443859487555906e-5,1,-0.05160819056070218,PLA2G4F,15,42448259
cg15321231,phenotype_signature_C1_vs_rest,0.07805870225481003,8.464693561941804e-5,1,-0.0365659889066898,TPM3,1,154178936
cg09827740,phenotype_signature_C1_vs_rest,0.07805870225481003,8.483088171808954e-5,1,-0.07866557051736511,NA,3,183913457
cg13846114,phenotype_signature_C1_vs_rest,0.07805870225481003,8.487950313727114e-5,1,-0.01269865662170699,PEBP4,8,22721332
cg03686042,phenotype_signature_C1_vs_rest,0.07805870225481003,8.501550487032542e-5,1,-0.06860021511099858,LIN52,14,74144902
cg12964770,phenotype_signature_C1_vs_rest,0.07805870225481003,8.513427372329529e-5,1,-0.06352850097993637,NA,2,64483072
cg14324003,phenotype_signature_C1_vs_rest,0.07805870225481003,8.516379668302322e-5,1,-0.01017805751758637,FAM105A,5,14580454
cg11514604,phenotype_signature_C1_vs_rest,0.07805870225481003,8.518102859946613e-5,1,-0.01946548780520969,NA,11,123030339
cg02247765,phenotype_signature_C1_vs_rest,0.07807876200447107,8.529327170708474e-5,1,-0.0468113677632265,MARK3,14,103394368
cg16473184,phenotype_signature_C1_vs_rest,0.07827120875132047,8.55940763546203e-5,1,-0.0958400715863066,RNF43,17,58391600
cg02217206,phenotype_signature_C1_vs_rest,0.07850253275924628,8.593788591618949e-5,1,-0.02083649716930196,LINC00535,8,93496794
cg21038044,phenotype_signature_C1_vs_rest,0.07859810090488552,8.613345980444018e-5,1,-0.04266431271857721,GALNT7,4,173269579
cg15016750,phenotype_signature_C1_vs_rest,0.07860197121236213,8.643428079051847e-5,1,-0.07141148920002582,NA,1,21803890
cg22254413,phenotype_signature_C1_vs_rest,0.07860197121236213,8.648702393541172e-5,1,-0.07457017006994623,SLC24A3,20,19214005
cg00498869,phenotype_signature_C1_vs_rest,0.07860197121236213,8.657685083093547e-5,1,-0.05504553686133566,MAP3K8,10,30447366
cg01291780,phenotype_signature_C1_vs_rest,0.07860197121236213,8.658688184383125e-5,1,-0.05557224222145778,NA,3,183913388
cg10521603,phenotype_signature_C1_vs_rest,0.07860197121236213,8.666493511714008e-5,1,-0.05957698343474021,PDE6A,5,149913535
cg00797059,phenotype_signature_C1_vs_rest,0.07860197121236213,8.668345217667854e-5,1,-0.01045347172049825,AP1AR,4,112251442
cg09196186,phenotype_signature_C1_vs_rest,0.07887300756222981,8.714516052956289e-5,1,-0.07028006864852204,RALGDS,9,133134808
cg20555018,phenotype_signature_C1_vs_rest,0.07887300756222981,8.718564824102883e-5,1,-0.01508809748353022,TCF12,15,57143470
cg11708224,phenotype_signature_C1_vs_rest,0.07887300756222981,8.725617163356875e-5,1,-0.14294774316189354,NA,8,19983139
cg24188441,phenotype_signature_C1_vs_rest,0.07898320766594685,8.75243920899948e-5,1,-0.06088741476269501,PPP1R2,3,195538207
cg07098502,phenotype_signature_C1_vs_rest,0.07898320766594685,8.764306584121195e-5,1,-0.04311642944169775,KIAA0182,16,85620551
cg08825246,phenotype_signature_C1_vs_rest,0.07898320766594685,8.765228357006988e-5,1,-0.02568009385873269,NA,12,21759895
cg11650680,phenotype_signature_C1_vs_rest,0.07910892904699345,8.788334909265234e-5,1,-0.07408667252690547,TRERF1,6,42365166
cg24028828,phenotype_signature_C1_vs_rest,0.07917039888255592,8.804325318478258e-5,1,-0.04174230325090357,CS,12,56301148
cg07934591,phenotype_signature_C1_vs_rest,0.07920336468376109,8.822614307382642e-5,1,-0.06635925674367381,NA,9,19154871
cg20923498,phenotype_signature_C1_vs_rest,0.07920336468376109,8.832892805221373e-5,1,-0.07727190872802747,INPP4A,2,98480457
cg22393378,phenotype_signature_C1_vs_rest,0.07920336468376109,8.842150557755045e-5,1,-0.06582015836510673,SORD,15,45361788
cg14917706,phenotype_signature_C1_vs_rest,0.07920336468376109,8.844653130448051e-5,1,-0.08123635224422504,SCARA5,8,27894014
cg22326867,phenotype_signature_C1_vs_rest,0.07937494374493498,8.87299869208278e-5,1,-0.01138505475856367,NA,12,3771207
cg01973406,phenotype_signature_C1_vs_rest,0.07961297070758636,8.908819591256632e-5,1,-0.05688363253777986,ARIH2,3,48927056
cg02107801,phenotype_signature_C1_vs_rest,0.07993728616066098,8.954361385904313e-5,1,-0.07833987520375418,NA,20,32894745
cg12548264,phenotype_signature_C1_vs_rest,0.08035291087720982,9.01021702663609e-5,1,-0.0240099124292929,GRAMD1B,11,123558816
cg03766495,phenotype_signature_C1_vs_rest,0.08054583401038545,9.041170880825814e-5,1,-0.0430794719138512,KBTBD4,11,47577508
cg08306766,phenotype_signature_C1_vs_rest,0.08077997347333131,9.082101681713208e-5,1,-0.02194031318838709,FAM25G,10,49205543
cg13141812,phenotype_signature_C1_vs_rest,0.08077997347333131,9.08614852665712e-5,1,-0.04139337450730995,NAPA,19,47511742
cg15655655,phenotype_signature_C1_vs_rest,0.08082473395085453,9.100536263780152e-5,1,-0.0438035195090017,SRI,7,88214271
cg15579574,phenotype_signature_C1_vs_rest,0.0809463197510703,9.128902309547304e-5,1,-0.04222755781508316,MICAL2,11,12159062
cg04331199,phenotype_signature_C1_vs_rest,0.0809463197510703,9.158906418217025e-5,1,0.08256649089822776,TCTEX1D1,1,67227248
cg20713761,phenotype_signature_C1_vs_rest,0.0809463197510703,9.183221322010052e-5,1,-0.04308687759481605,HVCN1,12,110690200
cg23510807,phenotype_signature_C1_vs_rest,0.0809463197510703,9.188696219447284e-5,1,-0.06410598001750005,LFNG,7,2528259
cg17438457,phenotype_signature_C1_vs_rest,0.0809463197510703,9.215029032096184e-5,1,-0.04067198859804488,NA,1,52629221
cg02470179,phenotype_signature_C1_vs_rest,0.0809463197510703,9.222317015850452e-5,1,-0.03064895405410808,STT3B,3,31538984
cg02745091,phenotype_signature_C1_vs_rest,0.0809463197510703,9.2253581106427e-5,1,-0.06176058714807807,C22orf46,22,42086047
cg24292404,phenotype_signature_C1_vs_rest,0.0809463197510703,9.232156188846688e-5,1,-0.02472716492596835,TMEM131,2,97911087
cg04347414,phenotype_signature_C1_vs_rest,0.0809463197510703,9.232209451270376e-5,1,-0.08231952957333442,PRKCZ,1,2153080
cg12565635,phenotype_signature_C1_vs_rest,0.0809463197510703,9.232316766810304e-5,1,-0.06849713702576338,AGR2,7,16805707
cg07937803,phenotype_signature_C1_vs_rest,0.0809463197510703,9.240056197825936e-5,1,-0.05820909842901449,NA,19,3569038
cg09678326,phenotype_signature_C1_vs_rest,0.0809463197510703,9.244894792247328e-5,1,-0.0876213528046983,RAB27A,15,55249095
cg03635790,phenotype_signature_C1_vs_rest,0.0809463197510703,9.252241007617256e-5,1,-0.04784281649977393,GATA1,23,48785160
cg17787876,phenotype_signature_C1_vs_rest,0.0809463197510703,9.257448701500735e-5,1,-0.03840213932670691,MEF2D,1,156497265
cg13455829,phenotype_signature_C1_vs_rest,0.0809463197510703,9.267377734058011e-5,1,-0.02298525131590743,MED22,9,133346590
cg12060026,phenotype_signature_C1_vs_rest,0.0809463197510703,9.2768385051917e-5,1,-0.05954356095943067,TMEM11,17,21200415
cg17555715,phenotype_signature_C1_vs_rest,0.0809463197510703,9.280044544155326e-5,1,-0.05960501613031908,IL1RL1,2,102336496
cg03784654,phenotype_signature_C1_vs_rest,0.0809463197510703,9.282834833838338e-5,1,-0.02534589942013675,PTEN,10,87926341
cg26811065,phenotype_signature_C1_vs_rest,0.08105218703275034,9.30435496723821e-5,1,-0.02339779011143119,PSMB9,6,32857583
cg11238327,phenotype_signature_C1_vs_rest,0.08142886518137785,9.357018571398113e-5,1,-0.09217357010356252,RAB11FIP4,17,31510056
cg03727333,phenotype_signature_C1_vs_rest,0.08157463260420467,9.393020949519774e-5,1,-0.05282626166938482,SGMS1,10,50619707
cg24501073,phenotype_signature_C1_vs_rest,0.08157463260420467,9.393155939171929e-5,1,-0.07089443326230672,ABTB2,11,34188758
cg13789353,phenotype_signature_C1_vs_rest,0.08157463260420467,9.402894059963804e-5,1,-0.07594779323791764,UQCC1,20,33906531
cg05864261,phenotype_signature_C1_vs_rest,0.08157463260420467,9.43025666780818e-5,1,-0.0436742497936204,ABCG8,2,43838891
cg18906596,phenotype_signature_C1_vs_rest,0.08157463260420467,9.441867218515993e-5,1,-0.05925281627216154,ANKFY1,17,4248178
cg05302585,phenotype_signature_C1_vs_rest,0.08157463260420467,9.454074927625932e-5,1,-0.06451486311840038,UHRF2,9,6441357
cg00390941,phenotype_signature_C1_vs_rest,0.08157463260420467,9.457963079114516e-5,1,-0.03494484784793738,PDE6H,12,15124659
cg20423367,phenotype_signature_C1_vs_rest,0.08157463260420467,9.46344331756601e-5,1,-0.0224994409353962,LINC01412,2,144565916
cg25377923,phenotype_signature_C1_vs_rest,0.08157463260420467,9.470030568684732e-5,1,-0.04691074146444263,PFDN1,5,140302059
cg16246573,phenotype_signature_C1_vs_rest,0.08157463260420467,9.47710247890165e-5,1,-0.02201388839422774,CAPN10,2,240591974
cg11949606,phenotype_signature_C1_vs_rest,0.08157463260420467,9.477999194601222e-5,1,-0.03973387710606158,SYNJ1,21,34096277
cg13949334,phenotype_signature_C1_vs_rest,0.08157463260420467,9.50209701468714e-5,1,-0.05091798341877338,NA,8,23494312
cg20379007,phenotype_signature_C1_vs_rest,0.08157463260420467,9.516820372173524e-5,1,-0.05384152554351882,NA,12,52878034
cg07328369,phenotype_signature_C1_vs_rest,0.08157463260420467,9.51969349440795e-5,1,0.09894073199212935,NA,9,21413719
cg07914457,phenotype_signature_C1_vs_rest,0.08157463260420467,9.522208885288916e-5,1,-0.05061749607133004,NR0B2,1,26915362
cg03502211,phenotype_signature_C1_vs_rest,0.08157463260420467,9.524806318522956e-5,1,-0.06504814674770962,MAPK13,6,36140335
cg09566021,phenotype_signature_C1_vs_rest,0.08172806570479284,9.5521790566753035e-05,1,-0.09628571289003914,CREBBP,16,3793242
cg08815110,phenotype_signature_C1_vs_rest,0.08182802661677645,9.594116045073372e-5,1,-0.0334119035633327,ARSG,17,68295281
cg03021910,phenotype_signature_C1_vs_rest,0.08182802661677645,9.594486307728878e-5,1,-0.01978304324063454,NA,2,234479620
cg15301710,phenotype_signature_C1_vs_rest,0.08182802661677645,9.598664757252418e-5,1,-0.04233738269249947,PAXBP1,21,32752134
cg00555389,phenotype_signature_C1_vs_rest,0.08182802661677645,9.60173892896288e-5,1,-0.0584311093388544,AGPS,2,177396653
cg19928703,phenotype_signature_C1_vs_rest,0.0818569939336669,9.614610490130427e-5,1,-0.09309574463060909,SLC7A1,13,30143971
cg11249390,phenotype_signature_C1_vs_rest,0.08214375455035448,9.664546602982064e-5,1,-0.04858176829916492,REPS1,6,138985063
cg24113274,phenotype_signature_C1_vs_rest,0.08214375455035448,9.667303712507812e-5,1,-0.02144716248921598,RYBP,3,72437995
cg27550672,phenotype_signature_C1_vs_rest,0.08223361836017361,9.687395676993949e-5,1,-0.06595106357438231,MTCL1,18,8720397
cg22292738,phenotype_signature_C1_vs_rest,0.08230232110778046,9.705013146857068e-5,1,-0.05547807718047341,NA,9,91163792
cg08636638,phenotype_signature_C1_vs_rest,0.08232169348921012,9.7523177821622e-5,1,-0.06375016912914282,NA,5,112704677
cg07824155,phenotype_signature_C1_vs_rest,0.08232169348921012,9.762487141777682e-5,1,-0.05358623151549065,NAPA,19,48016822
cg12001021,phenotype_signature_C1_vs_rest,0.08232169348921012,9.765089689016695e-5,1,-0.0354442778534569,NINJ2,12,737700
cg10279452,phenotype_signature_C1_vs_rest,0.08232169348921012,9.770802970163894e-5,1,-0.07154528406775007,NA,3,72460071
cg15979123,phenotype_signature_C1_vs_rest,0.08232169348921012,9.770833812687832e-5,1,-0.04998409790047834,TFB1M,6,155311241
cg13914486,phenotype_signature_C1_vs_rest,0.08232169348921012,9.784531622527132e-5,1,-0.07762755410984168,NA,10,6075361
cg24716423,phenotype_signature_C1_vs_rest,0.08232169348921012,9.797848905399976e-5,1,-0.02475791840012075,RASSF3,12,64656734
cg01169396,phenotype_signature_C1_vs_rest,0.08232169348921012,9.802625920347743e-5,1,-0.01339485097774709,NA,5,179372900
cg14556243,phenotype_signature_C1_vs_rest,0.08232169348921012,9.807338908696132e-5,1,-0.08498686905284125,GAPVD1,9,125345705
cg01156920,phenotype_signature_C1_vs_rest,0.08232169348921012,9.8226557977784e-5,1,-0.0962131250050269,NA,8,67381196
cg13996650,phenotype_signature_C1_vs_rest,0.08232169348921012,9.8263982023198e-5,1,-0.0721771078422943,LOC440600,1,110336731
cg09339985,phenotype_signature_C1_vs_rest,0.08232169348921012,9.844301646712164e-5,1,-0.02033472927292826,GLB1,3,33067668
cg02075586,phenotype_signature_C1_vs_rest,0.08232169348921012,9.8483782496197e-5,1,-0.01958866495089627,NA,5,32653371
cg02694732,phenotype_signature_C1_vs_rest,0.08232169348921012,9.855702936335682e-5,1,-0.01164909570792106,NA,17,48009691
cg13470964,phenotype_signature_C1_vs_rest,0.08232169348921012,9.86201775893373e-5,1,-0.02317044053098798,NA,6,7268478
cg08711342,phenotype_signature_C1_vs_rest,0.08232169348921012,9.865742196018882e-5,1,-0.042682154963293,TRAF1,9,120920635
cg18460809,phenotype_signature_C1_vs_rest,0.08232169348921012,9.88090239466252e-5,1,-0.03985141067109953,BAG2,6,57183251
cg04377912,phenotype_signature_C1_vs_rest,0.08232169348921012,9.881208862215024e-5,1,-0.0601284597690287,ERMAP,1,42825170
cg22164921,phenotype_signature_C1_vs_rest,0.08232169348921012,9.888297179408264e-5,1,-0.06214281509365527,NA,5,103374699
cg13311020,phenotype_signature_C1_vs_rest,0.08239364768482485,9.906474780424394e-5,1,-0.05343208200430944,NA,14,65302662
cg18582216,phenotype_signature_C1_vs_rest,0.08245943514935382,9.923926873435228e-5,1,-0.08051987671971124,NA,18,20509595
cg16491647,phenotype_signature_C1_vs_rest,0.08267742889021824,9.96922594678618e-5,1,-0.05547107015788794,PARL,3,183871765
cg15639457,phenotype_signature_C1_vs_rest,0.08267742889021824,9.977858409780476e-5,1,-0.0417533650811541,RPS6,9,19377074
cg05043716,phenotype_signature_C1_vs_rest,0.08267742889021824,9.978864636371568e-5,1,-0.01351660657700747,DOCK5,8,25308827
cg07124958,phenotype_signature_C1_vs_rest,0.08268822579745794,1.0002480569098092e-4,1,-0.04563638447883247,TMED10,14,75162741
cg27377011,phenotype_signature_C1_vs_rest,0.08268822579745794,1.0019238762024338e-4,1,-0.0168851191939673,PWRN4,15,24220550
cg10055846,phenotype_signature_C1_vs_rest,0.08268822579745794,1.00206855851788e-4,1,-0.0783964935110735,NA,8,21670177
cg21306887,phenotype_signature_C1_vs_rest,0.08268822579745794,1.0022114099714164e-4,1,-0.03985284775372227,NA,22,36884246
cg07866762,phenotype_signature_C1_vs_rest,0.08268822579745794,1.0032574982532924e-4,1,-0.01421081312321289,AKAP8,19,15478826
cg19948936,phenotype_signature_C1_vs_rest,0.08268822579745794,1.0042636325074307e-4,1,-0.03678026313241562,TOMM34,20,44961459
cg26235490,phenotype_signature_C1_vs_rest,0.08268822579745794,1.0047148775600916e-4,1,-0.05716967496223815,ABR,17,1144431
cg08026836,phenotype_signature_C1_vs_rest,0.08277194292513537,1.0066899343439264e-4,1,-0.06363577919297936,SIAH2,3,150743692
cg21534578,phenotype_signature_C1_vs_rest,0.08284796766528801,1.0096345826416348e-4,1,-0.04483617049009586,DENND1B,1,197776029
cg01848374,phenotype_signature_C1_vs_rest,0.08284796766528801,1.013176802014357e-4,1,-0.00829342733054653,TBC1D22A,22,46806207
cg11051417,phenotype_signature_C1_vs_rest,0.08284796766528801,1.0135102879949888e-4,1,-0.03981665453723606,TAOK3,12,118188282
cg11410237,phenotype_signature_C1_vs_rest,0.08284796766528801,1.014214281402502e-4,1,-0.05063771486889762,STRN4,19,47236212
cg18413505,phenotype_signature_C1_vs_rest,0.08284796766528801,1.014740715441001e-4,1,-0.04059218314120168,SLC41A1,1,205804391
cg17338225,phenotype_signature_C1_vs_rest,0.08284796766528801,1.0148371877876884e-4,1,-0.06866165175185758,NA,3,14378709
cg24323626,phenotype_signature_C1_vs_rest,0.08284796766528801,1.0148821552006032e-4,1,-0.0696185380700303,LOC100506457,2,12413298
cg08228578,phenotype_signature_C1_vs_rest,0.08284796766528801,1.0152843221741084e-4,1,-0.03746880670025974,SHMT2,12,57230410
cg14856429,phenotype_signature_C1_vs_rest,0.08290877399395888,1.017718292779682e-4,1,-0.01553074008031173,NA,18,24402656
cg09469170,phenotype_signature_C1_vs_rest,0.08290877399395888,1.0179483378802617e-4,1,-0.07249551727518078,NA,3,52775926
cg04538585,phenotype_signature_C1_vs_rest,0.08305875801970018,1.0212841664870714e-4,1,-0.05984595265005464,LGR5,12,71441957
cg01475805,phenotype_signature_C1_vs_rest,0.08305875801970018,1.022231937106522e-4,1,-0.04094249684121525,TMEM116,12,111993059
cg11543304,phenotype_signature_C1_vs_rest,0.08305875801970018,1.023919062796074e-4,1,-0.04354716151208007,SMURF1,7,99131920
cg02756198,phenotype_signature_C1_vs_rest,0.08305875801970018,1.0245387037113988e-4,1,-0.04838021671173932,NA,12,43339680
cg06377585,phenotype_signature_C1_vs_rest,0.08305875801970018,1.024595627262338e-4,1,-0.02624349480154486,WDFY3,4,84699215
cg11427173,phenotype_signature_C1_vs_rest,0.08346774130160246,1.0314784739589746e-4,1,-0.05576470270997884,ITGB2,21,44910988
cg18261431,phenotype_signature_C1_vs_rest,0.08346774130160246,1.031743994480912e-4,1,-0.07269421606511407,TMEM244,6,129843880
cg21553305,phenotype_signature_C1_vs_rest,0.08346774130160246,1.0325384359628055e-4,1,-0.03306245007540361,CCAR1,10,68771406
cg14697334,phenotype_signature_C1_vs_rest,0.0834709135403453,1.0345060083217922e-4,1,-0.04576658742162222,PPP1R1B,17,39628446
cg10296301,phenotype_signature_C1_vs_rest,0.0834709135403453,1.0345095353793062e-4,1,-0.01370971249943626,PACRG,6,163193482
cg03353824,phenotype_signature_C1_vs_rest,0.08351453709210557,1.0371536958083476e-4,1,-0.0184455014986904,KRTAP29-1,17,41303306
cg03585110,phenotype_signature_C1_vs_rest,0.08351453709210557,1.0377672684713791e-4,1,-0.08214225167410633,SGMS1,10,50504012
cg26517376,phenotype_signature_C1_vs_rest,0.08351453709210557,1.0381540119088854e-4,1,-0.05761915162701299,FAM53B,10,124740249
cg17474790,phenotype_signature_C1_vs_rest,0.08351453709210557,1.0389159242125632e-4,1,-0.11025365407720024,MYOM2,8,2082244
cg15769653,phenotype_signature_C1_vs_rest,0.08361941137763759,1.0411882011768536e-4,1,-0.03241016697944954,MXRA7,17,76712134
cg19674091,phenotype_signature_C1_vs_rest,0.08365063304398637,1.0435088803597782e-4,1,-0.07967496172718666,IDH2,15,90100534
cg17822373,phenotype_signature_C1_vs_rest,0.08365063304398637,1.0435129748171304e-4,1,-0.06251307537911922,TMEM130,7,98867579
cg10023993,phenotype_signature_C1_vs_rest,0.08375645239136073,1.045802267775556e-4,1,-0.04555189863763381,CEACAM1,19,43028617
cg08820720,phenotype_signature_C1_vs_rest,0.08381389421360516,1.0474893971279772e-4,1,-0.02644760361859698,NA,6,88983993
cg05731560,phenotype_signature_C1_vs_rest,0.08384755609926337,1.0488803838133072e-4,1,-0.04738926787472288,NA,16,85534712
cg07177867,phenotype_signature_C1_vs_rest,0.08399420066503653,1.0517308849346596e-4,1,-0.0695207899725266,LYSMD2,15,51738549
cg15741159,phenotype_signature_C1_vs_rest,0.08399420066503653,1.0526587836426296e-4,1,-0.02372844919029724,NA,1,110073011
cg14490586,phenotype_signature_C1_vs_rest,0.08401215633306147,1.0538560052518382e-4,1,-0.02461783519129914,NA,5,109580394
cg20967622,phenotype_signature_C1_vs_rest,0.08405648405895304,1.055384761060138e-4,1,-0.05639648600493292,NFAM1,22,42391500
cg27383562,phenotype_signature_C1_vs_rest,0.08408671140406637,1.0575871612975155e-4,1,-0.03428101340222456,TFB1M,6,155263716
cg09241885,phenotype_signature_C1_vs_rest,0.08408671140406637,1.05771039465534e-4,1,-0.08013128346195719,C20orf118,20,36875968
cg04806741,phenotype_signature_C1_vs_rest,0.084400424234394,1.0636117517236582e-4,1,-0.04528489514824407,IQCD,12,113204994
cg11392940,phenotype_signature_C1_vs_rest,0.084400424234394,1.0644519273681364e-4,1,-0.01245220353395686,ACOT7,1,6268377
cg17413460,phenotype_signature_C1_vs_rest,0.084400424234394,1.0651381105591458e-4,1,-0.06565117813188559,HAL,12,95973524
cg08726887,phenotype_signature_C1_vs_rest,0.084400424234394,1.0655632671072202e-4,1,-0.01383747412826023,NFIA,1,61216227
cg09680794,phenotype_signature_C1_vs_rest,0.08460419889021402,1.0694855089246868e-4,1,-0.03202215066394906,NA,11,128628441
cg01070907,phenotype_signature_C1_vs_rest,0.08460419889021402,1.0708206556838792e-4,1,-0.02576448913331484,NA,14,100218096
cg14370715,phenotype_signature_C1_vs_rest,0.08460419889021402,1.0714090059709649e-4,1,-0.01614001361978983,IARS2,1,220122380
cg08922698,phenotype_signature_C1_vs_rest,0.08460419889021402,1.0724478621271038e-4,1,-0.06872085404255196,TGFB3,14,75981300
cg09722826,phenotype_signature_C1_vs_rest,0.08460419889021402,1.0736445369375888e-4,1,-0.0289606577502497,CYLD,16,50746337
cg22672697,phenotype_signature_C1_vs_rest,0.08460419889021402,1.0746869925869654e-4,1,-0.01202853917515991,NA,2,165813743
cg20625042,phenotype_signature_C1_vs_rest,0.08460419889021402,1.0754740260285438e-4,1,-0.06868578414506306,C1orf21,1,184463865
cg06500646,phenotype_signature_C1_vs_rest,0.08460419889021402,1.0759682854445192e-4,1,-0.04386891759748156,RANBP3,19,5966516
cg06211467,phenotype_signature_C1_vs_rest,0.08468838642395586,1.0780189719673326e-4,1,-0.01661543457923049,NA,11,65307469
cg24182798,phenotype_signature_C1_vs_rest,0.08470047170845164,1.0797731719760408e-4,1,-0.07674260547156718,NA,4,10065218
cg07769452,phenotype_signature_C1_vs_rest,0.08470047170845164,1.0803540617175212e-4,1,-0.07649275987740133,PPP2R2A,8,26298527
cg14599125,phenotype_signature_C1_vs_rest,0.08470047170845164,1.0812581254140884e-4,1,-0.0248405206888274,NA,7,35754058
cg24288804,phenotype_signature_C1_vs_rest,0.08470047170845164,1.082261250741303e-4,1,-0.02408815303188734,NAA16,13,41361403
cg17429587,phenotype_signature_C1_vs_rest,0.08470047170845164,1.083073593972346e-4,1,-0.04674960672892137,NCOR2,12,124420684
cg17078207,phenotype_signature_C1_vs_rest,0.08470759407015675,1.0841989147119844e-4,1,-0.05834424012348608,NENF,1,212439184
cg19881557,phenotype_signature_C1_vs_rest,0.08470759407015675,1.0851251473775855e-4,1,-0.09010673873024592,NA,14,20499267
cg09678340,phenotype_signature_C1_vs_rest,0.08484961728602053,1.0887423776186204e-4,1,-0.04183460303966874,CMIP,16,81472871
cg09261501,phenotype_signature_C1_vs_rest,0.08484961728602053,1.0889082657934804e-4,1,-0.01833101393091679,PHLDB1,11,118636582
cg09525751,phenotype_signature_C1_vs_rest,0.08487685300282886,1.0902399905704094e-4,1,-0.03224798980370581,NA,2,176663639
cg27341747,phenotype_signature_C1_vs_rest,0.08488955403827814,1.0914661155799714e-4,1,-0.06159476293323848,NA,6,126054670
cg07468316,phenotype_signature_C1_vs_rest,0.08488955403827814,1.0923678252271048e-4,1,-0.05946364118829635,NA,10,50627305
cg08833894,phenotype_signature_C1_vs_rest,0.08519655954208916,1.0985488405085602e-4,1,-0.01430051661865329,SEMA4F,2,74661890
cg10332597,phenotype_signature_C1_vs_rest,0.08519655954208916,1.0996789776490372e-4,1,-0.03075902824085294,PPP1R16B,20,38866451
cg15438481,phenotype_signature_C1_vs_rest,0.08519655954208916,1.1003764372849216e-4,1,-0.0320264056772219,PRKCA,17,66503378
cg08109336,phenotype_signature_C1_vs_rest,0.08519655954208916,1.1004534709026822e-4,1,-0.0688320845771073,PSMA2,7,42925227
cg08372315,phenotype_signature_C1_vs_rest,0.08519655954208916,1.1016493997627208e-4,1,0.09972457446857362,HTR3A,11,113844382
cg00477633,phenotype_signature_C1_vs_rest,0.08519655954208916,1.1022337918335628e-4,1,-0.05638447765133565,FZR1,19,3521502
cg26583412,phenotype_signature_C1_vs_rest,0.08578345389602059,1.1112793210217758e-4,1,-0.11235634654433564,TMEM232,5,110727079
cg15434896,phenotype_signature_C1_vs_rest,0.08578345389602059,1.1126226106525585e-4,1,-0.06492869088317468,FAM151B,5,79782956
cg25203627,phenotype_signature_C1_vs_rest,0.08578345389602059,1.1128048285190462e-4,1,-0.05415469537078282,TSNAX-DISC1,1,231750454
cg12626076,phenotype_signature_C1_vs_rest,0.08581656350550106,1.1142274073678264e-4,1,-0.061203142314988,SLCO3A1,15,91855965
cg05561462,phenotype_signature_C1_vs_rest,0.08586575980826154,1.1158598055050236e-4,1,-0.00659228903462052,MAEA,4,1299622
cg08104736,phenotype_signature_C1_vs_rest,0.08601621751658717,1.1188104464103998e-4,1,-0.04940732866367019,PAK2,3,196778915
cg03659382,phenotype_signature_C1_vs_rest,0.08602416676126215,1.1199093169537294e-4,1,-0.05281944436607947,AGO2,8,140581013
cg13612642,phenotype_signature_C1_vs_rest,0.08618724851382752,1.1231927931106972e-4,1,-0.0270083347092293,NA,10,80532130
cg12396412,phenotype_signature_C1_vs_rest,0.08618724851382752,1.1271099281907116e-4,1,-0.04874064756180425,ARHGAP10,4,147814416
cg14397394,phenotype_signature_C1_vs_rest,0.08618724851382752,1.1284128245110912e-4,1,-0.02222071337903968,LOC100131303,16,68016267
cg27244805,phenotype_signature_C1_vs_rest,0.08618724851382752,1.1288061269387888e-4,1,-0.06233849282517677,NA,13,91085277
cg16130523,phenotype_signature_C1_vs_rest,0.08618724851382752,1.1299319332929808e-4,1,-0.07040075365266267,ZSCAN25,7,99623197
cg18749651,phenotype_signature_C1_vs_rest,0.08618724851382752,1.1305377355766926e-4,1,-0.03463395897924656,BACH2,6,90274216
cg16664523,phenotype_signature_C1_vs_rest,0.08618724851382752,1.1312948374042691e-4,1,-0.05798789167609638,PIK3R1,5,68290342
cg14265429,phenotype_signature_C1_vs_rest,0.08618724851382752,1.131909972153054e-4,1,-0.0579576387977432,NA,6,81939670
cg27637730,phenotype_signature_C1_vs_rest,0.08618724851382752,1.1332404617935704e-4,1,-0.01852682706307965,RBM33,7,155646225
cg17193100,phenotype_signature_C1_vs_rest,0.08618724851382752,1.1344004791074677e-4,1,-0.04538165701249371,MECOM,3,169510718
cg12232336,phenotype_signature_C1_vs_rest,0.08618724851382752,1.1344954553748112e-4,1,-0.06177418106727277,NA,12,50935893
cg24834846,phenotype_signature_C1_vs_rest,0.08618724851382752,1.1345506837705272e-4,1,-0.02055629267912485,NA,9,83650066
cg05981721,phenotype_signature_C1_vs_rest,0.08618724851382752,1.1349981115444473e-4,1,-0.02432235791730305,NA,9,113772733
cg09176594,phenotype_signature_C1_vs_rest,0.08625864396744809,1.1376022774246506e-4,1,-0.043853144336938,YEATS2,3,183776239
cg18728527,phenotype_signature_C1_vs_rest,0.08625864396744809,1.1379346934670152e-4,1,-0.05215744022559365,PIEZO1,16,88765657
cg04362074,phenotype_signature_C1_vs_rest,0.08631671491007456,1.1407470775382818e-4,1,-0.05612189203964821,TEX37,2,88823193
cg10828236,phenotype_signature_C1_vs_rest,0.08631671491007456,1.1416252711179258e-4,1,-0.04395947602992058,NA,12,54679051
cg04374632,phenotype_signature_C1_vs_rest,0.08631671491007456,1.142176638593794e-4,1,-0.02557715757358365,COL15A1,9,98943058
cg07758547,phenotype_signature_C1_vs_rest,0.08631671491007456,1.1426962138272585e-4,1,-0.01266899810432115,COLQ,3,15479374
cg03795847,phenotype_signature_C1_vs_rest,0.08654462680231544,1.147570118398304e-4,1,-0.04003167186866473,ZNF167,3,44555020
cg08088566,phenotype_signature_C1_vs_rest,0.08654462680231544,1.1493202659031452e-4,1,-0.01919504300058177,ANO9,11,430123
cg09759390,phenotype_signature_C1_vs_rest,0.08654462680231544,1.1494299169812555e-4,1,-0.07990690969893317,NA,7,25028743
cg21885838,phenotype_signature_C1_vs_rest,0.08654462680231544,1.150979335201558e-4,1,-0.04201928364041099,PPCS,1,42457256
cg19052008,phenotype_signature_C1_vs_rest,0.08654462680231544,1.151684873970736e-4,1,0.09442143381795189,CASC8,8,127404905
cg24823679,phenotype_signature_C1_vs_rest,0.08654462680231544,1.1517223916933912e-4,1,-0.05371984846680543,KDM4B,19,5093480
cg16147002,phenotype_signature_C1_vs_rest,0.08668843037559186,1.1564694341402546e-4,1,-0.0696382033292383,TPCN1,12,113259613
cg19120053,phenotype_signature_C1_vs_rest,0.08668843037559186,1.1568683808017542e-4,1,-0.03877478905828607,C22orf34,22,49566942
cg08380127,phenotype_signature_C1_vs_rest,0.08668843037559186,1.1569003871152392e-4,1,-0.02214519003766549,CD82,11,44615658
cg16205375,phenotype_signature_C1_vs_rest,0.08668843037559186,1.1580539614903895e-4,1,-0.02789323244008848,TAPBP,6,33305683
cg19396390,phenotype_signature_C1_vs_rest,0.08668843037559186,1.1586519163736078e-4,1,-0.05217951662252686,FOXK1,7,4688111
cg09854717,phenotype_signature_C1_vs_rest,0.08675465519500758,1.1605409859079046e-4,1,-0.01622815450249282,NA,14,33862687
cg00419381,phenotype_signature_C1_vs_rest,0.08689430670018702,1.16341468690828e-4,1,-0.053114466504626943,FILIP1L,3,100083335
cg08106256,phenotype_signature_C1_vs_rest,0.08708033675098402,1.1681548607184452e-4,1,-0.04959937588300681,CALR3,19,16486830
cg23864154,phenotype_signature_C1_vs_rest,0.08708033675098402,1.1684338499923484e-4,1,-0.06562403184625966,NA,1,212118418
cg02390715,phenotype_signature_C1_vs_rest,0.08708033675098402,1.1699595010240466e-4,1,-0.01975054241776555,KCNH4,17,42178348
cg16081786,phenotype_signature_C1_vs_rest,0.08708033675098402,1.1712140779477792e-4,1,-0.0364117948733083,VCL,10,74026579
cg04197702,phenotype_signature_C1_vs_rest,0.08708033675098402,1.1730203040872924e-4,1,-0.04315117823438163,STX2,12,130825840
cg00956679,phenotype_signature_C1_vs_rest,0.08708033675098402,1.1742043194926598e-4,1,-0.01281396494226933,NA,14,76996263
cg19538203,phenotype_signature_C1_vs_rest,0.08708033675098402,1.1759460319639711e-4,1,-0.01183930538440453,PTPRE,10,127928675
cg27508623,phenotype_signature_C1_vs_rest,0.08708033675098402,1.1761921768692198e-4,1,-0.0702398014708215,AHDC1,1,27542104
cg05999592,phenotype_signature_C1_vs_rest,0.08708033675098402,1.1772826489501884e-4,1,-0.05653045250294171,NA,11,73213963
cg23969297,phenotype_signature_C1_vs_rest,0.08708033675098402,1.1783162735922475e-4,1,-0.03403356706091368,PKD2L1,10,100327694
cg22668931,phenotype_signature_C1_vs_rest,0.08708033675098402,1.1794030546363064e-4,1,-0.06654491605901007,ITGAE,17,3752481
cg25879360,phenotype_signature_C1_vs_rest,0.08708033675098402,1.1800163445948308e-4,1,-0.02486173945819455,FAT4,4,125319916
cg07081759,phenotype_signature_C1_vs_rest,0.08708033675098402,1.1804343682816084e-4,1,-0.06226787680068587,FAM53B,10,124642336
cg18456549,phenotype_signature_C1_vs_rest,0.08708033675098402,1.1808096960239488e-4,1,-0.06011762472294181,FAM70A,23,120259829
cg16496016,phenotype_signature_C1_vs_rest,0.08708033675098402,1.182231235828313e-4,1,-0.02940261280335168,HDAC4,2,239236700
cg09646173,phenotype_signature_C1_vs_rest,0.08708033675098402,1.1829254292611178e-4,1,-0.07745624291886515,PDE6A,5,149938106
cg21577213,phenotype_signature_C1_vs_rest,0.08708033675098402,1.1830393235277088e-4,1,-0.06448345501003037,NA,1,204388533
cg06320643,phenotype_signature_C1_vs_rest,0.08708033675098402,1.1868530939196522e-4,1,-0.02709754896410022,NDFIP2,13,79486094
cg00734053,phenotype_signature_C1_vs_rest,0.08708033675098402,1.1918459127545202e-4,1,-0.0580864937334697,PGAP1,2,196928129
cg03611711,phenotype_signature_C1_vs_rest,0.08708033675098402,1.1943998097008018e-4,1,-0.01647570694504572,LOC100129461,6,5157871
cg14390893,phenotype_signature_C1_vs_rest,0.08708033675098402,1.1945250661059476e-4,1,-0.07363838794675723,VPS33A,12,122244622
cg10051213,phenotype_signature_C1_vs_rest,0.08708033675098402,1.194533456313433e-4,1,-0.07196806039877429,DOCK8,9,456725
cg14928793,phenotype_signature_C1_vs_rest,0.08708033675098402,1.1948919076696584e-4,1,-0.05551571975935204,ARRDC2,19,17999751
cg14374996,phenotype_signature_C1_vs_rest,0.08708033675098402,1.1954334383204892e-4,1,-0.05892658063117846,NA,6,157747662
cg21466096,phenotype_signature_C1_vs_rest,0.08708033675098402,1.1961516640978471e-4,1,-0.03736014988181483,CLIP1,12,122341397
cg17832605,phenotype_signature_C1_vs_rest,0.08708033675098402,1.1964545808887672e-4,1,-0.04600096061795918,IFT80,3,160331192
cg02385125,phenotype_signature_C1_vs_rest,0.08708033675098402,1.1966905254735814e-4,1,-0.04107429772095055,PC,11,66876604
cg19178585,phenotype_signature_C1_vs_rest,0.08708033675098402,1.196818420610662e-4,1,-0.03767698042581786,UBE3B,12,109533340
cg06352317,phenotype_signature_C1_vs_rest,0.08708033675098402,1.196930570819196e-4,1,-0.00690690276312772,TDRD7,9,97468362
cg03747304,phenotype_signature_C1_vs_rest,0.08708033675098402,1.1983490678316324e-4,1,-0.01837106771463183,NCOR2,12,124424331
cg09332506,phenotype_signature_C1_vs_rest,0.08708033675098402,1.1985026768991128e-4,1,-0.04779573647614934,COPA,1,160339430
cg00815884,phenotype_signature_C1_vs_rest,0.08708033675098402,1.1995567113710604e-4,1,-0.0125723643427081,UBR4,1,19151761
cg09227882,phenotype_signature_C1_vs_rest,0.08708033675098402,1.2005477711052094e-4,1,-0.05145409233882538,ARHGDIB,12,14951114
cg19304346,phenotype_signature_C1_vs_rest,0.08708033675098402,1.2017344852167988e-4,1,-0.04288635557449763,LOC388692,1,149290837
cg18866183,phenotype_signature_C1_vs_rest,0.08708033675098402,1.2019982595729317e-4,1,-0.03926270187539946,ZFAND6,15,80397886
cg07416546,phenotype_signature_C1_vs_rest,0.08708033675098402,1.2021825065951816e-4,1,-0.03320857379842421,GALC,14,87994007
cg02245534,phenotype_signature_C1_vs_rest,0.08714134141097471,1.204033105804347e-4,1,-0.05951516237116337,METRNL,17,83085792
cg17794784,phenotype_signature_C1_vs_rest,0.0871473493076148,1.2051245894541664e-4,1,-0.03006445109002386,CEACAM5,19,42213763
cg24368962,phenotype_signature_C1_vs_rest,0.08731387232661242,1.2084377667658984e-4,1,-0.0485823130912523,SIK2,11,111700254
cg08481694,phenotype_signature_C1_vs_rest,0.08743868734596315,1.2111770701580034e-4,1,-0.06257723842103001,LOC101928710,17,78627336
cg02758852,phenotype_signature_C1_vs_rest,0.08759201022665171,1.2147367546472744e-4,1,-0.01958107025838003,ATG14,14,55385034
cg02979987,phenotype_signature_C1_vs_rest,0.08759201022665171,1.2169077912839924e-4,1,-0.0520581316679078,USP32,17,60382229
cg26215428,phenotype_signature_C1_vs_rest,0.08759201022665171,1.2174938930912343e-4,1,-0.00913738838278472,PKD2,4,88007099
cg07910043,phenotype_signature_C1_vs_rest,0.08759201022665171,1.218359027147679e-4,1,-0.05891850159404714,LRRC8C,1,89701849
cg09971940,phenotype_signature_C1_vs_rest,0.08759201022665171,1.2183689477364556e-4,1,-0.01041698355355723,GOLGA3,12,132796020
cg19017803,phenotype_signature_C1_vs_rest,0.08760549470772667,1.2208579760708907e-4,1,-0.01442421785845561,LOC285627,5,158893488
cg25554117,phenotype_signature_C1_vs_rest,0.08760549470772667,1.2225867675558238e-4,1,-0.05126921254205314,NA,4,152064246
cg18564075,phenotype_signature_C1_vs_rest,0.08760549470772667,1.2235005429635638e-4,1,-0.02697479972123937,MED13L,12,116267258
cg04915788,phenotype_signature_C1_vs_rest,0.08760549470772667,1.2235068583965966e-4,1,-0.01900432581026911,NA,12,25003954
cg01104306,phenotype_signature_C1_vs_rest,0.08760549470772667,1.224880576792226e-4,1,-0.08317075953660875,STIM1,11,4044975
cg12576213,phenotype_signature_C1_vs_rest,0.08760549470772667,1.2251481734302838e-4,1,-0.02518399945738242,ACOT7,1,6314175
cg17285703,phenotype_signature_C1_vs_rest,0.08760549470772667,1.2256529302905224e-4,1,-0.02111919359407841,STK11IP,2,219612371
cg15570901,phenotype_signature_C1_vs_rest,0.08761239064740267,1.227415471000022e-4,1,-0.08998438163989443,LOC101060091,2,113877007
cg05208050,phenotype_signature_C1_vs_rest,0.08761239064740267,1.2286629183975984e-4,1,-0.02574966508234239,MOGS,2,74463399
cg20955193,phenotype_signature_C1_vs_rest,0.08761239064740267,1.2299612470837936e-4,1,-0.0301323915927497,NA,16,88210325
cg13892721,phenotype_signature_C1_vs_rest,0.08761239064740267,1.230218225800057e-4,1,-0.03203416837449668,SEC31A,4,83813288
cg19339311,phenotype_signature_C1_vs_rest,0.08761239064740267,1.2308186782643198e-4,1,-0.03952942502933795,SGK2,20,43584652
cg25080753,phenotype_signature_C1_vs_rest,0.08778206048593007,1.2348154294465532e-4,1,-0.01165485867049364,GRK4,4,2999243
cg11489491,phenotype_signature_C1_vs_rest,0.08778206048593007,1.2352339119841297e-4,1,-0.04197123521763441,RNF10,12,120563236
cg13370977,phenotype_signature_C1_vs_rest,0.08778682451370122,1.2363168219615807e-4,1,-0.00793691719344574,NA,2,240245720
cg13544643,phenotype_signature_C1_vs_rest,0.08788525150463898,1.2394775259020745e-4,1,-0.08560975647777673,ATXN10,22,45688982
cg13223682,phenotype_signature_C1_vs_rest,0.08788525150463898,1.2403815515201874e-4,1,0.1005974778408775,NA,2,174025201
cg09072230,phenotype_signature_C1_vs_rest,0.08788525150463898,1.2410760837885924e-4,1,-0.03436404809479627,PLEKHA7,11,16918440
cg23722790,phenotype_signature_C1_vs_rest,0.08788525150463898,1.2417710320309876e-4,1,-0.04391218944917765,SLC35D1,1,67001919
cg17916766,phenotype_signature_C1_vs_rest,0.08798380429104587,1.2441816815057774e-4,1,0.09169507398495322,FARS2,6,5525488
cg10612617,phenotype_signature_C1_vs_rest,0.08806611424770858,1.2463647335763569e-4,1,-0.01303046950567904,WNT11,11,76203326
cg06592575,phenotype_signature_C1_vs_rest,0.08812698005449075,1.2482459519470726e-4,1,-0.05356494150914401,FECH,18,57583347
cg06421013,phenotype_signature_C1_vs_rest,0.08817067798431341,1.249885211522787e-4,1,-0.06868681352595246,SLC24A3,20,19213499
cg06893139,phenotype_signature_C2_vs_rest,0.08825725131635911,7.149214018072212e-7,1,-0.06790576137436188,ADAMTS12,5,33852528
cg06866816,phenotype_signature_C1_vs_rest,0.08840508062833867,1.2548259177460328e-4,1,0.07770819426153504,NA,17,78337624
cg09367993,phenotype_signature_C1_vs_rest,0.08840508062833867,1.2552540980171492e-4,1,-0.02398870813404769,CHCHD6,3,126886500
cg17859328,phenotype_signature_C1_vs_rest,0.08846726586574134,1.2579337479956285e-4,1,-0.01662237626041644,ASCC2,22,30223645
cg07162210,phenotype_signature_C1_vs_rest,0.08846726586574134,1.259362361531013e-4,1,-0.01223433155790755,JARID2,6,15391040
cg25348163,phenotype_signature_C1_vs_rest,0.08846726586574134,1.259601917129159e-4,1,-0.05848073258314702,GNAQ,9,77987611
cg14184646,phenotype_signature_C1_vs_rest,0.08846726586574134,1.2614729580828795e-4,1,-0.0362789929075322,NCK1,3,136899297
cg07161341,phenotype_signature_C1_vs_rest,0.08846726586574134,1.262094257819567e-4,1,-0.05449266001350032,TBC1D1,4,38109311
cg10533060,phenotype_signature_C1_vs_rest,0.08846726586574134,1.2645270134617595e-4,1,-0.00857036411370608,NA,16,30418827
cg07743551,phenotype_signature_C1_vs_rest,0.08846726586574134,1.2652767271941815e-4,1,-0.06158492399527257,NA,10,88086767
cg09678937,phenotype_signature_C1_vs_rest,0.08846726586574134,1.2672448739667864e-4,1,-0.00877118352306525,CASP9,1,15509282
cg25460341,phenotype_signature_C1_vs_rest,0.08846726586574134,1.2682259883375538e-4,1,-0.05735353347608694,CDH23,10,73556688
cg12667152,phenotype_signature_C1_vs_rest,0.08846726586574134,1.268229674903686e-4,1,-0.06228264062082817,NA,11,86173124
cg17977624,phenotype_signature_C1_vs_rest,0.08846726586574134,1.268466007832071e-4,1,-0.01677055852981611,NA,1,92446443
cg21491246,phenotype_signature_C1_vs_rest,0.08846726586574134,1.2701946123874115e-4,1,-0.04545374287289042,NA,6,15037087
cg26832165,phenotype_signature_C1_vs_rest,0.08846726586574134,1.2710262171319593e-4,1,-0.04261197123472905,OXR1,8,106736572
cg23049226,phenotype_signature_C1_vs_rest,0.08846726586574134,1.2710392231236715e-4,1,-0.02361230937577482,TM2D3,15,101642331
cg04557631,phenotype_signature_C1_vs_rest,0.08846726586574134,1.2714932581912758e-4,1,-0.03178013765393255,NA,3,101201526
cg00377239,phenotype_signature_C1_vs_rest,0.08846822769618908,1.272530839787017e-4,1,-0.03782879356078458,ANKRD11,16,89483252
cg27014783,phenotype_signature_C1_vs_rest,0.08855587274760586,1.2748163019702746e-4,1,-0.04661311608593884,NA,2,2709137
cg13068491,phenotype_signature_C1_vs_rest,0.0885657172143029,1.2782932504383333e-4,1,-0.00727314143341567,SLC39A11,17,73055785
cg19376906,phenotype_signature_C1_vs_rest,0.0885657172143029,1.280689638766172e-4,1,-0.0797392602544688,NA,2,30191969
cg10917426,phenotype_signature_C1_vs_rest,0.0885657172143029,1.281113017673021e-4,1,-0.03203383072509157,ZBTB12,6,31867698
cg20443345,phenotype_signature_C1_vs_rest,0.0885657172143029,1.2812204419776813e-4,1,-0.01430492091379853,PARK2,6,162199197
cg20345674,phenotype_signature_C1_vs_rest,0.0885657172143029,1.2818306250542873e-4,1,-0.05819235229853812,CACNA1D,3,53650511
cg23434083,phenotype_signature_C1_vs_rest,0.0885657172143029,1.2819031030487544e-4,1,-0.06631601598486862,NA,12,120532822
cg10469146,phenotype_signature_C1_vs_rest,0.0885657172143029,1.2821322202007625e-4,1,-0.02374536381060201,ETV5,3,186100592
cg25571973,phenotype_signature_C1_vs_rest,0.08864355439598519,1.2842848260927875e-4,1,-0.0594779617295042,ACVR1B,12,51953374
cg23207673,phenotype_signature_C1_vs_rest,0.08873760759141648,1.2866743618257536e-4,1,-0.00945765772779479,SFPQ,1,35183897
cg17194668,phenotype_signature_C1_vs_rest,0.08894210365448169,1.2906687478906492e-4,1,-0.03315104830591885,WDR73,15,84643286
cg18055765,phenotype_signature_C1_vs_rest,0.08896518194166607,1.2920331531581357e-4,1,-0.01904873876735785,SPATA25,20,45887813
cg07062743,phenotype_signature_C1_vs_rest,0.08915638281134472,1.2958416668716727e-4,1,-0.02049676437518811,NA,7,22680513
cg14823710,phenotype_signature_C1_vs_rest,0.08936707596078582,1.2999381414694147e-4,1,-0.05215741784615504,CTDSPL2,15,44458659
cg15249315,phenotype_signature_C1_vs_rest,0.08942693434927074,1.3023589716966015e-4,1,-0.08047631986754207,ATG14,14,55383992
cg23700649,phenotype_signature_C1_vs_rest,0.08942693434927074,1.3030003850652723e-4,1,-0.02812920779332612,RPTOR,17,80677638
cg15732078,phenotype_signature_C1_vs_rest,0.08942693434927074,1.3056030927765085e-4,1,-0.06794049946763124,CCSER2,10,84337305
cg05720226,phenotype_signature_C1_vs_rest,0.08942693434927074,1.3064104256960886e-4,1,-0.04272264759916645,ST7,7,117146543
cg03653158,phenotype_signature_C1_vs_rest,0.08942693434927074,1.3064241350092056e-4,1,-0.05864759551471869,GRB2,17,75335549
cg21336938,phenotype_signature_C1_vs_rest,0.08942693434927074,1.3070179561365235e-4,1,-0.01965174627316245,PLSCR5,3,146589370
cg24346519,phenotype_signature_C1_vs_rest,0.08948867425057636,1.3098587549703332e-4,1,-0.04127013103579387,GLE1,9,128505724
cg18439980,phenotype_signature_C1_vs_rest,0.08948867425057636,1.3099914474187308e-4,1,-0.06584841362297535,NA,2,42937061
cg06839111,phenotype_signature_C1_vs_rest,0.08968788438681922,1.3140032379073215e-4,1,-0.04668435369849905,SLC12A4,16,67944547
cg11581475,phenotype_signature_C1_vs_rest,0.08968788438681922,1.314983353832427e-4,1,-0.02036813592693122,ZNF428,19,43620572
cg10027934,phenotype_signature_C1_vs_rest,0.09013340674095272,1.322558528447866e-4,1,-0.03782616153028565,MAP3K7IP1,22,39403087
cg20014988,phenotype_signature_C1_vs_rest,0.09019938474480212,1.3245704371586697e-4,1,-0.06889317135100245,SGMS1,10,50603372
cg07633835,phenotype_signature_C1_vs_rest,0.09024132846278336,1.3265438330334702e-4,1,-0.04737492661877259,FBXO18,10,5896223
cg19114066,phenotype_signature_C1_vs_rest,0.09024132846278336,1.3291454398575074e-4,1,-0.0566838976706728,NA,22,23062834
cg10336193,phenotype_signature_C1_vs_rest,0.09024132846278336,1.3293518562326514e-4,1,-0.04787140679889899,NA,1,206675044
cg25648724,phenotype_signature_C1_vs_rest,0.09024132846278336,1.331291518786235e-4,1,-0.01365694686373165,NA,1,119656329
cg13240089,phenotype_signature_C1_vs_rest,0.09024132846278336,1.3313125953832536e-4,1,-0.04438564052897026,DLG1,3,196902029
cg08288503,phenotype_signature_C1_vs_rest,0.09024132846278336,1.3317247461010705e-4,1,-0.05737528027123028,NA,3,16848362
cg14966289,phenotype_signature_C1_vs_rest,0.09024132846278336,1.333790236938421e-4,1,-0.04039492852675101,CRAT37,15,91477021
cg23592590,phenotype_signature_C1_vs_rest,0.09024132846278336,1.3339094426267724e-4,1,-0.05338088611512222,MTMR7,8,17400737
cg17666401,phenotype_signature_C1_vs_rest,0.09024132846278336,1.3350913158635108e-4,1,-0.06652455484944529,NA,7,2860915
cg01494712,phenotype_signature_C1_vs_rest,0.09024132846278336,1.335629138206009e-4,1,-0.06746854828038067,NA,1,203558417
cg17016127,phenotype_signature_C1_vs_rest,0.0902950342460552,1.3376215366650717e-4,1,-0.05909396806436478,TMEM123,11,102430761
cg21128206,phenotype_signature_C1_vs_rest,0.0902950342460552,1.338513813185605e-4,1,-0.03969112536286463,PIP5K1B,9,68795029
cg12943080,phenotype_signature_C1_vs_rest,0.09030681487918071,1.3420937613629037e-4,1,-0.06138528938649142,NA,2,28887176
cg21564952,phenotype_signature_C1_vs_rest,0.09030681487918071,1.3428686970292657e-4,1,-0.03512913549340214,KLHL29,2,23447173
cg21571251,phenotype_signature_C1_vs_rest,0.09030681487918071,1.3430733255426805e-4,1,-0.03021128849297407,NA,5,10319500
cg12645785,phenotype_signature_C1_vs_rest,0.09030681487918071,1.3434912754935787e-4,1,-0.06894574304415114,EPB41,1,28902891
cg19901381,phenotype_signature_C1_vs_rest,0.09030681487918071,1.3448894754145604e-4,1,-0.05729676801075525,NA,4,1576244
cg04152037,phenotype_signature_C1_vs_rest,0.09030681487918071,1.3454610013602708e-4,1,-0.04353697632845662,INPP1,2,190359025
cg00133803,phenotype_signature_C1_vs_rest,0.09030681487918071,1.3466334329371153e-4,1,-0.01221539566606673,NA,1,232982505
cg22424532,phenotype_signature_C1_vs_rest,0.09030681487918071,1.3470487180410848e-4,1,-0.02856228555399887,ASZ1,7,117427673
cg12666827,phenotype_signature_C1_vs_rest,0.09043685930113714,1.350035045900107e-4,1,-0.0442750870828004,METRNL,17,81043176
cg00743102,phenotype_signature_C1_vs_rest,0.09062395622556556,1.3549215974666988e-4,1,-0.03884225200050273,NA,11,76756513
cg12561552,phenotype_signature_C1_vs_rest,0.09062395622556556,1.3549254233448594e-4,1,-0.05711769933271206,NA,1,17121855
cg04481650,phenotype_signature_C1_vs_rest,0.09064837147834973,1.3569799085989533e-4,1,0.095607185102538,RHBDF2,17,76483854
cg10405605,phenotype_signature_C1_vs_rest,0.09064837147834973,1.3573884304264128e-4,1,-0.05690072339160493,PFKFB3,10,6146186
cg10239802,phenotype_signature_C1_vs_rest,0.0906497009287264,1.3587939231767367e-4,1,-0.07266116467688881,AKAP1,17,57106769
cg17043247,phenotype_signature_C1_vs_rest,0.0906497009287264,1.359506341518962e-4,1,0.07139974727086408,HLA-DPB2,6,33116212
cg14511866,phenotype_signature_C1_vs_rest,0.09089082030602004,1.3662441683700598e-4,1,-0.03553017508548939,MAP4K4,2,101831593
cg00436420,phenotype_signature_C1_vs_rest,0.09089082030602004,1.3662477863018822e-4,1,-0.0112339611105192,NA,11,67683069
cg02416122,phenotype_signature_C1_vs_rest,0.09089082030602004,1.3664389198053586e-4,1,-0.03249536260348817,STK17A,7,43614192
cg00764582,phenotype_signature_C1_vs_rest,0.09089082030602004,1.367329664200581e-4,1,-0.05519415062076673,EP400,12,131980410
cg18444544,phenotype_signature_C1_vs_rest,0.09096241292676845,1.369459299032181e-4,1,0.08170901695617934,RHOBTB2,8,22995228
cg23548670,phenotype_signature_C1_vs_rest,0.09096633187472884,1.3716227134364948e-4,1,-0.02509087428488726,RNLS,10,88582202
cg25307104,phenotype_signature_C1_vs_rest,0.09096633187472884,1.3716236314071097e-4,1,-0.01800868912232154,NA,5,142170713
cg12094615,phenotype_signature_C1_vs_rest,0.09167391969717016,1.3848545707414236e-4,1,-0.03263898443035078,TMEM212-AS1,3,171883982
cg23822655,phenotype_signature_C1_vs_rest,0.09167391969717016,1.3854598240137014e-4,1,-0.06233773488968065,STEAP3,2,120022976
cg10667267,phenotype_signature_C1_vs_rest,0.09167391969717016,1.3854754617764493e-4,1,-0.03675563646865459,LOC441204,7,26410943
cg13242067,phenotype_signature_C1_vs_rest,0.09169031283316122,1.3878153491928095e-4,1,-0.01588451604105828,NA,4,78692964
cg03767027,phenotype_signature_C1_vs_rest,0.09169031283316122,1.3878453001992113e-4,1,-0.02667420041968297,IL17RA,22,17100411
cg25753026,phenotype_signature_C1_vs_rest,0.0917484391691635,1.3897868300071634e-4,1,-0.01058169651855627,METRNL,17,83085669
cg15867698,phenotype_signature_C1_vs_rest,0.0918886001832209,1.392973299142042e-4,1,-0.06785352542547184,ACTN1,14,68971550
cg16578938,phenotype_signature_C1_vs_rest,0.09188861555170735,1.3940368706927527e-4,1,-0.02242316415139211,MGAT4B,5,179798558
cg12004076,phenotype_signature_C1_vs_rest,0.09192326175639956,1.3956262257611648e-4,1,-0.06920925189717801,CD9,12,6235502
cg18778933,phenotype_signature_C1_vs_rest,0.09210925741909484,1.3995159993990814e-4,1,-0.01970360283759102,NA,5,53464374
cg23588204,phenotype_signature_C1_vs_rest,0.092282674884055,1.404214596393393e-4,1,-0.05352418316798089,LPGAT1,1,211829659
cg04171829,phenotype_signature_C1_vs_rest,0.092282674884055,1.4045973191555508e-4,1,-0.05250868932024057,CYP2B6,19,41497636
cg21348917,phenotype_signature_C1_vs_rest,0.092282674884055,1.4059636756873643e-4,1,-0.04031843450768062,NA,17,81966085
cg15221579,phenotype_signature_C1_vs_rest,0.092282674884055,1.4064225138899224e-4,1,-0.01262544401099136,NA,7,38298966
cg13929898,phenotype_signature_C1_vs_rest,0.09234146909515796,1.4103076648031777e-4,1,-0.05626706661680349,UCKL1,20,63954926
cg17907888,phenotype_signature_C1_vs_rest,0.09234146909515796,1.4115708632401607e-4,1,-0.06514640788972727,URI1,19,29941221
cg06468626,phenotype_signature_C1_vs_rest,0.09234146909515796,1.4120652108794135e-4,1,-0.06386873906758406,FAM196B,5,169982231
cg20003176,phenotype_signature_C1_vs_rest,0.09234146909515796,1.412404264937554e-4,1,-0.04314793805187112,IFRD1,7,112451866
cg24775940,phenotype_signature_C1_vs_rest,0.09234146909515796,1.4126614547417448e-4,1,-0.02933762532546947,PRMT10,4,147680935
cg19722706,phenotype_signature_C1_vs_rest,0.09237779066471652,1.414925886617981e-4,1,-0.06152946979145979,BTBD1,15,83064225
cg00986119,phenotype_signature_C1_vs_rest,0.09237779066471652,1.4153551092873094e-4,1,-0.0408227196545833,SERINC5,5,80219707
cg27300125,phenotype_signature_C1_vs_rest,0.09241646889888684,1.4170171600716663e-4,1,-0.08359250423328592,NA,2,64485866
cg03329576,phenotype_signature_C1_vs_rest,0.09258496150541531,1.4206720456144372e-4,1,0.02646387726964833,NA,11,114316323
cg13104786,phenotype_signature_C1_vs_rest,0.0925915231225922,1.4218962843067255e-4,1,-0.05965103323429319,NA,15,63207016
cg04979283,phenotype_signature_C1_vs_rest,0.0925915231225922,1.4236925361229535e-4,1,-0.05236931886695835,NA,15,58279941
cg00670032,phenotype_signature_C1_vs_rest,0.0925915231225922,1.4243927140169553e-4,1,-0.01811309777053722,CDC40,6,110201420
cg08745443,phenotype_signature_C1_vs_rest,0.0925915231225922,1.426790153704475e-4,1,-0.04452023146063016,DLGAP4-AS1,20,36529105
cg16436004,phenotype_signature_C1_vs_rest,0.0925915231225922,1.4270156943201932e-4,1,-0.04473176600162506,NA,8,134779760
cg09967994,phenotype_signature_C1_vs_rest,0.0925915231225922,1.42879344380204e-4,1,-0.05663888793624835,NA,21,14452392
cg16714237,phenotype_signature_C1_vs_rest,0.0925915231225922,1.4295543623167996e-4,1,-0.06629210073454789,NA,14,24275911
cg19848034,phenotype_signature_C1_vs_rest,0.0925915231225922,1.4299328055308142e-4,1,-0.02458116093348833,TPCN1,12,113276991
cg15331859,phenotype_signature_C1_vs_rest,0.0925915231225922,1.4325408799894135e-4,1,-0.01581702811245834,PPP2R5C,14,101833025
cg25877465,phenotype_signature_C1_vs_rest,0.0925915231225922,1.433072459325366e-4,1,-0.06756616928357205,ACSL1,4,184813181
cg19644750,phenotype_signature_C1_vs_rest,0.0925915231225922,1.433343758617434e-4,1,-0.08601622637396875,PLD1,3,171801951
cg08694835,phenotype_signature_C1_vs_rest,0.0925915231225922,1.4349719278921035e-4,1,-0.0819040129204768,MIPEP,13,23866476
cg16377886,phenotype_signature_C1_vs_rest,0.0925915231225922,1.435422412251263e-4,1,-0.03493723459845849,MIPEP,13,23871205
cg19086317,phenotype_signature_C1_vs_rest,0.0925915231225922,1.436792576890918e-4,1,-0.02472882464725198,C3orf67,3,59046846
cg12471790,phenotype_signature_C1_vs_rest,0.0925915231225922,1.4375251066207665e-4,1,-0.04078861290690101,LINC-PINT,7,131013443
cg19702771,phenotype_signature_C1_vs_rest,0.0925915231225922,1.4379162928572606e-4,1,-0.03632894941719834,PRKG2,4,81137731
cg11357374,phenotype_signature_C1_vs_rest,0.09265526702580404,1.43997842527304e-4,1,-0.04240702017905905,CDC14A,1,100423918
cg06608224,phenotype_signature_C1_vs_rest,0.09278818201463908,1.443449506478383e-4,1,-0.0456362923568897,KIAA0100,17,28646475
cg09096879,phenotype_signature_C1_vs_rest,0.09278818201463908,1.444191586777437e-4,1,-0.03096484228911177,NA,1,227009093
cg14329961,phenotype_signature_C1_vs_rest,0.09309638880723356,1.450549561710321e-4,1,-0.06620820248491917,GPR176,15,39801842
cg18091195,phenotype_signature_C1_vs_rest,0.09309638880723356,1.4518623762831018e-4,1,-0.00868795879100164,ATPBD4,15,35543822
cg04134096,phenotype_signature_C1_vs_rest,0.09309638880723356,1.4533301275758631e-4,1,-0.02677094671592701,NA,3,151925723
cg12233232,phenotype_signature_C1_vs_rest,0.09309638880723356,1.454720956460108e-4,1,-0.04624511768480371,TTC17,11,43358294
cg20163101,phenotype_signature_C1_vs_rest,0.09309638880723356,1.4550828426445592e-4,1,-0.04173625795023667,PIK3CB,3,138688912
cg02826233,phenotype_signature_C1_vs_rest,0.09309638880723356,1.4554525277795174e-4,1,-0.04128194218466168,CDK2,12,55972110
cg15482717,phenotype_signature_C1_vs_rest,0.09319218864223988,1.4590896787669604e-4,1,-0.06366491723636672,FADD,11,70207148
cg01839639,phenotype_signature_C1_vs_rest,0.09319218864223988,1.4591070926521093e-4,1,-0.03396524276447635,HBZ,16,202542
cg17475445,phenotype_signature_C1_vs_rest,0.09329859986876891,1.461852824761305e-4,1,-0.05470095903073162,MORC2,22,30948039
cg21416126,phenotype_signature_C1_vs_rest,0.0934060864312868,1.4654031267665864e-4,1,-0.01427144855060369,NA,12,26841401
cg16263722,phenotype_signature_C1_vs_rest,0.0934060864312868,1.466752736846209e-4,1,-0.06824026374453557,MECR,1,29197329
cg16779529,phenotype_signature_C1_vs_rest,0.0934060864312868,1.4670656629549897e-4,1,-0.04774496729196577,CEP83,12,94386690
cg06967316,phenotype_signature_C1_vs_rest,0.0934060864312868,1.4678605774642362e-4,1,-0.05492656410706763,IL13,5,132658161
cg19938277,phenotype_signature_C1_vs_rest,0.09348412184886276,1.470168692459249e-4,1,0.00790195357504091,ASAH1,8,18084937
cg06725287,phenotype_signature_C1_vs_rest,0.09352380431267296,1.4727971170795692e-4,1,-0.03163870481385658,FOXK2,17,80533762
cg02212173,phenotype_signature_C1_vs_rest,0.09352380431267296,1.472957276839583e-4,1,-0.05422030365563445,AKT3,1,243713533
cg02171825,phenotype_signature_C1_vs_rest,0.09367022294979982,1.4768873513378272e-4,1,-0.03568990554276033,CATSPER4,1,26191095
cg21897843,phenotype_signature_C1_vs_rest,0.09367022294979982,1.4777598269469984e-4,1,-0.02972305129603125,GAB2,11,78365167
cg00991496,phenotype_signature_C1_vs_rest,0.09367022294979982,1.4787218976523682e-4,1,-0.02126972145650911,NA,10,46772151
cg02881681,phenotype_signature_C1_vs_rest,0.09367022294979982,1.4795991252288573e-4,1,-0.08678187413767463,SMG6,17,2099187
cg00910279,phenotype_signature_C1_vs_rest,0.09373348933266962,1.483924122867367e-4,1,-0.04332096906046229,TET2,4,105149801
cg18558423,phenotype_signature_C1_vs_rest,0.09373348933266962,1.4857732399310852e-4,1,-0.04144536258190071,ITPR3,6,33685729
cg14117091,phenotype_signature_C1_vs_rest,0.09373348933266962,1.486785412760401e-4,1,-0.03689733622523403,NA,20,32342402
cg01131089,phenotype_signature_C1_vs_rest,0.09373348933266962,1.48793565173787e-4,1,-0.0321387116473559,NA,5,179780290
cg13077072,phenotype_signature_C1_vs_rest,0.09373348933266962,1.488531174075694e-4,1,-0.03940432871947654,PIAS1,15,68184567
cg10815420,phenotype_signature_C1_vs_rest,0.09373348933266962,1.4888173220153138e-4,1,-0.04657668843515478,LRP12,8,104587607
cg26099045,phenotype_signature_C1_vs_rest,0.09373348933266962,1.4889261121668685e-4,1,-0.07698570842385269,NA,2,64064666
cg02731193,phenotype_signature_C1_vs_rest,0.09373348933266962,1.489275970590306e-4,1,-0.02018746654793461,GCLC,6,53542388
cg23947647,phenotype_signature_C1_vs_rest,0.09375676352625482,1.491236369995034e-4,1,-0.01357648211650394,SUCO,1,172530994
cg14429436,phenotype_signature_C1_vs_rest,0.09375676352625482,1.4918156741938965e-4,1,-0.01778882741630706,RB1,13,48302467
cg05126171,phenotype_signature_C1_vs_rest,0.0938718956707282,1.496395252088606e-4,1,-0.07470085344017129,SLC18A2,10,117263042
cg23255123,phenotype_signature_C1_vs_rest,0.0938718956707282,1.496674980149975e-4,1,-0.03692737401181709,NA,4,2515936
cg12072340,phenotype_signature_C1_vs_rest,0.0938718956707282,1.4969064728689334e-4,1,-0.03441327677850435,GNB1,1,1863109
cg04695233,phenotype_signature_C1_vs_rest,0.0939538259758807,1.4993001927987148e-4,1,-0.00680598457240527,GMDS,6,1765895
cg06501470,phenotype_signature_C1_vs_rest,0.0940558886674512,1.502161628095693e-4,1,-0.03893060856645427,CPNE2,16,57135592
cg04549524,phenotype_signature_C1_vs_rest,0.0940558886674512,1.5034308796041233e-4,1,-0.04348377575708245,INPP5A,10,132698464
cg16529676,phenotype_signature_C1_vs_rest,0.0940558886674512,1.5041941480019435e-4,1,-0.03443509168831559,NA,3,169470001
cg13682096,phenotype_signature_C1_vs_rest,0.094071772193945,1.5055367683489238e-4,1,-0.02805355591550609,EPB42,15,43221108
cg25971015,phenotype_signature_C1_vs_rest,0.09415675545983726,1.5094892763591237e-4,1,-0.01922226929224731,DENND1B,1,197686944
cg13400109,phenotype_signature_C1_vs_rest,0.09415675545983726,1.510482990385012e-4,1,-0.03592075385455191,EYA3,1,28058379
cg12120741,phenotype_signature_C1_vs_rest,0.09415675545983726,1.511910148768669e-4,1,-0.04268966520845148,EDNRB,13,77918171
cg07473853,phenotype_signature_C1_vs_rest,0.09415675545983726,1.514303004745161e-4,1,-0.06110235118764847,FBXO32,8,123512518
cg16128068,phenotype_signature_C1_vs_rest,0.09415675545983726,1.5177333091845378e-4,1,-0.04209505479437668,NFATC2,20,51460852
cg24493060,phenotype_signature_C1_vs_rest,0.09415675545983726,1.519547790713768e-4,1,-0.03079013423226514,SRPK2,7,105153443
cg18333339,phenotype_signature_C1_vs_rest,0.09415675545983726,1.5234728885364198e-4,1,-0.04382946626718091,NA,3,113167009
cg11398517,phenotype_signature_C1_vs_rest,0.09415675545983726,1.5238211765330673e-4,1,-0.04640132120562099,GTSF1L,20,43726985
cg26328191,phenotype_signature_C1_vs_rest,0.09415675545983726,1.5246038754647244e-4,1,-0.01380947317734104,ZCCHC11,1,52526009
cg21592857,phenotype_signature_C1_vs_rest,0.09415675545983726,1.5247506768353207e-4,1,-0.05244611419230753,NA,10,30510954
cg05261121,phenotype_signature_C1_vs_rest,0.09415675545983726,1.5249675468634888e-4,1,-0.04802308960327165,EARS2,16,23552280
cg04217850,phenotype_signature_C1_vs_rest,0.09415675545983726,1.5251030185095326e-4,1,-0.04785420601753962,SLC25A26,3,66377870
cg26110331,phenotype_signature_C1_vs_rest,0.09415675545983726,1.526053693951736e-4,1,-0.04608429412008275,OAZ2,15,64703837
cg26070099,phenotype_signature_C1_vs_rest,0.09415675545983726,1.5260613156284009e-4,1,-0.02443701074526009,NA,1,33006336
cg12294213,phenotype_signature_C1_vs_rest,0.09415675545983726,1.526281766716565e-4,1,-0.05409572883329423,C16orf72,16,9103898
cg16170930,phenotype_signature_C1_vs_rest,0.09415675545983726,1.526452975838728e-4,1,-0.06179390338140484,HPS4,22,26877061
cg06566952,phenotype_signature_C1_vs_rest,0.09415675545983726,1.5271241474721655e-4,1,-0.07575963697566149,LOC101929337,3,194256242
cg25571805,phenotype_signature_C1_vs_rest,0.09415675545983726,1.529233914595006e-4,1,-0.05243629221642646,NA,12,63207022
cg07059636,phenotype_signature_C1_vs_rest,0.09415675545983726,1.529805444905523e-4,1,-0.00783124979246459,PIP5K1C,19,3692093
cg03651219,phenotype_signature_C1_vs_rest,0.09415675545983726,1.5309028216874368e-4,1,-0.06500181910267464,NA,10,5534517
cg22779717,phenotype_signature_C1_vs_rest,0.09415675545983726,1.5320355242554048e-4,1,-0.06831529446078435,URI1,19,29941195
cg01775558,phenotype_signature_C1_vs_rest,0.09415675545983726,1.5329120329368826e-4,1,-0.02460787606348273,NA,3,32036625
cg16330225,phenotype_signature_C1_vs_rest,0.09415675545983726,1.5335369378933678e-4,1,-0.05747895769136729,PTPRE,10,128062160
cg12305798,phenotype_signature_C1_vs_rest,0.09415675545983726,1.53385957866207e-4,1,-0.0268439889826594,C2orf84,2,24173681
cg18365534,phenotype_signature_C1_vs_rest,0.09415675545983726,1.535482558642704e-4,1,-0.03308321780932053,NA,3,48275884
cg01047262,phenotype_signature_C1_vs_rest,0.09415675545983726,1.5355016913602424e-4,1,-0.05787877798684462,STAR,8,38149507
cg15620646,phenotype_signature_C1_vs_rest,0.09415675545983726,1.536804335565782e-4,1,-0.02998059796607661,SLC4A5,2,74328657
cg12782656,phenotype_signature_C1_vs_rest,0.09415675545983726,1.5384408577755955e-4,1,-0.01600725038555014,NA,1,198533217
cg12289653,phenotype_signature_C1_vs_rest,0.09415675545983726,1.5419394569656325e-4,1,-0.05515746931738153,NA,3,177934186
cg19546700,phenotype_signature_C1_vs_rest,0.09415675545983726,1.5423742764855838e-4,1,-0.03657616913004011,ARID3A,19,939596
cg18821813,phenotype_signature_C1_vs_rest,0.09415675545983726,1.5427559766680268e-4,1,-0.01026863671156824,GNB1,1,1787424
cg14263289,phenotype_signature_C1_vs_rest,0.09415675545983726,1.5454073928693863e-4,1,-0.02609989167283493,NA,23,45781411
cg18464463,phenotype_signature_C1_vs_rest,0.09415675545983726,1.546590393790543e-4,1,-0.0575756998555033,DCAF17,2,171478477
cg06189670,phenotype_signature_C1_vs_rest,0.09415675545983726,1.5469704013387878e-4,1,-0.04781250172878766,STX2,12,130816238
cg04435807,phenotype_signature_C1_vs_rest,0.09415675545983726,1.549587159101321e-4,1,-0.06396310577249699,ANKRD22,10,88850765
cg09440493,phenotype_signature_C1_vs_rest,0.09415675545983726,1.5504900561302696e-4,1,-0.00842485851343999,NA,2,38078713
cg22343476,phenotype_signature_C1_vs_rest,0.09415675545983726,1.5506603804614868e-4,1,-0.08852984113885963,NA,1,225657861
cg27427752,phenotype_signature_C1_vs_rest,0.09415675545983726,1.5510325913664505e-4,1,-0.01858023111641846,NA,1,23872408
cg10239039,phenotype_signature_C1_vs_rest,0.09415675545983726,1.551158757198245e-4,1,-0.03953417164708867,KANSL1,17,46168285
cg27279839,phenotype_signature_C1_vs_rest,0.09415675545983726,1.5513254235187968e-4,1,-0.03383186424188903,TMEM181,6,158573477
cg10794399,phenotype_signature_C1_vs_rest,0.09415675545983726,1.5526820941409296e-4,1,-0.05180194877693613,AFF3,2,100056543
cg27258066,phenotype_signature_C1_vs_rest,0.09415675545983726,1.553745914781792e-4,1,-0.01355285606110644,VTCN1,1,117715136
cg13516090,phenotype_signature_C1_vs_rest,0.09415675545983726,1.553749031255241e-4,1,-0.03823010701539047,AFF1,4,87898468
cg27006922,phenotype_signature_C1_vs_rest,0.09429888981476008,1.557185723873377e-4,1,-0.02442338982368823,NA,5,140391815
cg16177739,phenotype_signature_C1_vs_rest,0.09433374613982036,1.5588529504955548e-4,1,-0.01970807340092592,PIGC,1,172441905
cg20387860,phenotype_signature_C1_vs_rest,0.09435271057782328,1.5620277903137333e-4,1,-0.01980434234045779,NA,11,34806039
cg09497945,phenotype_signature_C1_vs_rest,0.09435271057782328,1.5621620263680527e-4,1,-0.01300283119160681,NA,8,98423997
cg21214508,phenotype_signature_C1_vs_rest,0.09435271057782328,1.5624418949081309e-4,1,-0.03998765002106991,KIAA1267,17,46170867
cg16928878,phenotype_signature_C1_vs_rest,0.0944108267935692,1.5644968011228476e-4,1,0.00676861477120616,GBAS,7,55965274
cg26426228,phenotype_signature_C1_vs_rest,0.0944530889510716,1.566290148803516e-4,1,-0.05258556374545984,LIG3,17,34979372
cg05659220,phenotype_signature_C1_vs_rest,0.09449435172208932,1.5682201088193013e-4,1,-0.01522895766367606,TBC1D22A,22,46939338
cg00634698,phenotype_signature_C1_vs_rest,0.09449435172208932,1.569892757340227e-4,1,-0.02007745197883701,HK1,10,71123842
cg07752527,phenotype_signature_C1_vs_rest,0.09449435172208932,1.5712312516965796e-4,1,-0.01965477075994692,ZNF212,7,149249920
cg19373670,phenotype_signature_C1_vs_rest,0.09449435172208932,1.571348367239124e-4,1,-0.00741028676721042,NA,9,91158268
cg10905391,phenotype_signature_C1_vs_rest,0.09461964173275242,1.5745267593166249e-4,1,0.05501886027511164,CELSR1,22,46879471
cg12776886,phenotype_signature_C1_vs_rest,0.09472356299614725,1.5773522152521302e-4,1,-0.03862290842489092,NA,4,145420848
cg13064745,phenotype_signature_C1_vs_rest,0.09472442771255885,1.5784627693517426e-4,1,-0.05946415448049654,CAMKMT,2,44561249
cg27028800,phenotype_signature_C1_vs_rest,0.09493371771736356,1.5832533116583858e-4,1,-0.02027446820857841,CDC42BPB,14,102944993
cg10684486,phenotype_signature_C1_vs_rest,0.09493371771736356,1.5841474757732237e-4,1,-0.05721510119859208,NA,10,12875286
cg06208130,phenotype_signature_C1_vs_rest,0.09493874020626834,1.585329920171975e-4,1,-0.02712233392269597,DYM,18,49043932
cg13739510,phenotype_signature_C1_vs_rest,0.09501725353274088,1.5877405144150314e-4,1,-0.02495724472007953,NA,6,118776972
cg22087490,phenotype_signature_C1_vs_rest,0.09510658504118089,1.5903338230369932e-4,1,-0.03746423275704676,LGALS8,1,236551749
cg05554161,phenotype_signature_C1_vs_rest,0.0954156609010596,1.597653428433136e-4,1,-0.04111508909411459,OLFML2A,9,124777801
cg09983640,phenotype_signature_C1_vs_rest,0.0954156609010596,1.5994411234902654e-4,1,-0.01667729755257426,NA,12,26282767
cg01307200,phenotype_signature_C1_vs_rest,0.0954156609010596,1.6011379697426626e-4,1,-0.03918521204562179,MED27,9,131865994
cg00621366,phenotype_signature_C1_vs_rest,0.0954156609010596,1.6014036252243836e-4,1,-0.03440962443333644,NA,1,226135145
cg09945610,phenotype_signature_C1_vs_rest,0.0954156609010596,1.6020458600237995e-4,1,-0.02057515347437671,DAB1,1,58105456
cg00933603,phenotype_signature_C1_vs_rest,0.0954156609010596,1.603086260085698e-4,1,-0.04031074856005749,VARS2,6,30915224
cg22759096,phenotype_signature_C1_vs_rest,0.0954156609010596,1.6032311402199904e-4,1,-0.03503742300740065,C6orf134,6,30626519
cg04751885,phenotype_signature_C1_vs_rest,0.09548035678180834,1.6054231015373167e-4,1,0.08137875174093757,NA,21,39014763
cg04847043,phenotype_signature_C1_vs_rest,0.09558358853715086,1.6085153719250627e-4,1,-0.05051194016351366,KIAA0182,16,85620607
cg21011036,phenotype_signature_C1_vs_rest,0.09558358853715086,1.6093710518699778e-4,1,-0.10822722492768584,NA,8,130646123
cg16751519,phenotype_signature_C1_vs_rest,0.09562492290420402,1.6111735869212947e-4,1,-0.04145587177463083,NA,6,15059247
cg09192059,phenotype_signature_C2_vs_rest,0.0958378481324707,8.872313957032625e-7,1,0.0732841331631971,DMD,23,31266915
cg10696524,phenotype_signature_C1_vs_rest,0.09586457115089332,1.6163207418006504e-4,1,-0.04243008060547488,NA,16,79611098
cg16811525,phenotype_signature_C1_vs_rest,0.09605555820034264,1.6206524298514562e-4,1,-0.0505250687193934,POU6F2,7,39263002
cg25404570,phenotype_signature_C1_vs_rest,0.0961955857730226,1.6267740878133047e-4,1,-0.04898693878783149,MCU,10,72712992
cg00127591,phenotype_signature_C1_vs_rest,0.0961955857730226,1.6279397940252146e-4,1,0.01059639358286436,PRPSAP1,17,76354219
cg20910931,phenotype_signature_C1_vs_rest,0.0961955857730226,1.6281095160061988e-4,1,-0.07787937390432186,NA,2,104333186
cg15715852,phenotype_signature_C1_vs_rest,0.0961955857730226,1.629374495135348e-4,1,-0.08206969665647322,MSI2,17,57612922
cg07033790,phenotype_signature_C1_vs_rest,0.0961955857730226,1.629890678994863e-4,1,-0.03853888552304183,SMAD5,5,136143447
cg13417335,phenotype_signature_C1_vs_rest,0.0961955857730226,1.6300971617238158e-4,1,-0.0166511577889072,PRPF18,10,13632999
cg20935789,phenotype_signature_C1_vs_rest,0.0961955857730226,1.6318948197479785e-4,1,-0.01076496055626389,RNASE13,14,21035357
cg02290349,phenotype_signature_C1_vs_rest,0.0961955857730226,1.63409039194809e-4,1,-0.0694778068840481,FAM46C,1,117611322
cg23510407,phenotype_signature_C1_vs_rest,0.0961955857730226,1.634694991481314e-4,1,-0.05027977246570767,LOC100131303,16,68016287
cg13672080,phenotype_signature_C1_vs_rest,0.0961955857730226,1.635240391346459e-4,1,-0.0497552920189895,NA,1,206109139
cg11759485,phenotype_signature_C1_vs_rest,0.0961955857730226,1.635866276786929e-4,1,-0.06543711444114372,SPATA5L1,15,45709996
cg08159047,phenotype_signature_C1_vs_rest,0.0961955857730226,1.638270445810227e-4,1,-0.05094896133270991,NA,7,16963188
cg24245625,phenotype_signature_C1_vs_rest,0.0961955857730226,1.6395742012100412e-4,1,-0.03040836828054852,ARL6IP6,2,152720150
cg12591323,phenotype_signature_C1_vs_rest,0.0961955857730226,1.6397096651753145e-4,1,-0.00905127035424682,SMARCAL1,2,216413886
cg26929830,phenotype_signature_C1_vs_rest,0.0961955857730226,1.639712664481044e-4,1,-0.02456745612989945,BRE,2,28337136
cg15793887,phenotype_signature_C1_vs_rest,0.0962040054667142,1.64096945974709e-4,1,-0.01800026302734344,NA,6,170017895
cg03578005,phenotype_signature_C1_vs_rest,0.09629388688996976,1.6436169002988528e-4,1,-0.06702238005477498,NA,4,76249519
cg23332193,phenotype_signature_C1_vs_rest,0.0963020273709372,1.645469678425238e-4,1,-0.06836072719563796,RAF1,3,12614074
cg16133195,phenotype_signature_C1_vs_rest,0.0963020273709372,1.645984669674713e-4,1,-0.06979657382889004,DLG5,10,77887784
cg08716584,phenotype_signature_C1_vs_rest,0.09633065387420744,1.647588693031765e-4,1,0.11378449171572017,MS4A7,11,60389688
cg23082794,phenotype_signature_C1_vs_rest,0.09636497477058284,1.649335837617837e-4,1,-0.05788807907783688,NA,4,159332428
cg17960315,phenotype_signature_C1_vs_rest,0.09636497477058284,1.6505154281839192e-4,1,-0.02512928155620246,NA,1,116999934
cg05720822,phenotype_signature_C1_vs_rest,0.09636497477058284,1.651521117063123e-4,1,-0.01433739474735871,NA,4,120295580
cg11558387,phenotype_signature_C1_vs_rest,0.09638414926579904,1.6529650942416864e-4,1,-0.06783325765072279,NA,1,117596387
cg09480190,phenotype_signature_C1_vs_rest,0.09643226651603612,1.654906211445227e-4,1,-0.05596730764742802,KIAA0182,16,85638165
cg01967511,phenotype_signature_C1_vs_rest,0.09644687778780708,1.6564504082481452e-4,1,-0.043005645629832,PDE6B,4,665492
cg03401618,phenotype_signature_C1_vs_rest,0.09644687778780708,1.657678315824904e-4,1,-0.02352476869474672,DNMT3A,2,25259501
cg04047472,phenotype_signature_C1_vs_rest,0.09644687778780708,1.6585052212189674e-4,1,-0.03044412043883964,CRAMP1L,16,1629795
cg09696135,phenotype_signature_C2_vs_rest,0.09646659373147544,1.1611389861338185e-6,1,-0.11481336918089571,TECTA,11,121025856
cg07562742,phenotype_signature_C2_vs_rest,0.09646659373147544,1.1771681317481256e-6,1,-0.03773999608907871,FBXW7,4,152534811
cg18363564,phenotype_signature_C2_vs_rest,0.09646659373147544,1.2279466240270577e-6,1,-0.16698877438591042,IQCF3,3,51827889
cg18592964,phenotype_signature_C1_vs_rest,0.09649531830431876,1.6604548542215026e-4,1,-0.04128204212402411,CAST,5,96715772
cg26123466,phenotype_signature_C1_vs_rest,0.09655022276328006,1.662940193346768e-4,1,-0.07669269341427248,NA,3,122355441
cg20992317,phenotype_signature_C1_vs_rest,0.09655022276328006,1.663634195078227e-4,1,-0.07181737498875486,NA,12,64567709
cg06381864,phenotype_signature_C1_vs_rest,0.09668040830567616,1.6687352599861822e-4,1,-0.08967052225616934,RICH2,17,12805418
cg23789053,phenotype_signature_C1_vs_rest,0.09668040830567616,1.6690023270131288e-4,1,-0.06136941497411674,NA,10,78195113
cg01791392,phenotype_signature_C1_vs_rest,0.09668040830567616,1.6692337597097365e-4,1,-0.06994475128437047,VANGL1,1,115655530
cg06395700,phenotype_signature_C1_vs_rest,0.09704821605925527,1.6767071831861536e-4,1,-0.02807940991233699,NA,12,107145618
cg24475948,phenotype_signature_C1_vs_rest,0.09705546897112444,1.6785478403241893e-4,1,-0.02871687180045679,RALGPS2,1,178876343
cg03755957,phenotype_signature_C1_vs_rest,0.09705546897112444,1.6790787513288293e-4,1,-0.03848782167628382,TDG,12,103969497
cg26272088,phenotype_signature_C1_vs_rest,0.09706146818004768,1.6806181200134895e-4,1,-0.06734215601277878,IGF1R,15,98900110
cg08077807,phenotype_signature_C1_vs_rest,0.09706146818004768,1.6817586281768452e-4,1,-0.04918929292734671,PRKCH,14,61534354
cg10402854,phenotype_signature_C1_vs_rest,0.09706146818004768,1.6825521358940492e-4,1,-0.02995704668829767,LOC100507065,12,65643657
cg13713152,phenotype_signature_C1_vs_rest,0.09718077456206148,1.685744881323311e-4,1,-0.07173742191883088,MAPRE2,18,35085788
cg21867373,phenotype_signature_C1_vs_rest,0.0971928242360184,1.687414157322546e-4,1,-0.08091052987919299,SEC31B,10,100517373
cg06370542,phenotype_signature_C1_vs_rest,0.0971928242360184,1.6884246612902857e-4,1,-0.05641035518364453,CD4,12,6814021
cg27429745,phenotype_signature_C1_vs_rest,0.0971928242360184,1.6903243100803986e-4,1,-0.03166055282825044,EIF4E,4,98910235
cg16985652,phenotype_signature_C1_vs_rest,0.0971928242360184,1.6915315946763003e-4,1,-0.0692482752953561,NR0B2,1,27241897
cg14685975,phenotype_signature_C1_vs_rest,0.0971928242360184,1.6922543360713637e-4,1,-0.03460343980139845,NA,5,33240766
cg03448301,phenotype_signature_C1_vs_rest,0.0971928242360184,1.693515112013018e-4,1,-0.04655538383962199,CHRM1,11,62911306
cg06319505,phenotype_signature_C1_vs_rest,0.0971928242360184,1.694177544707234e-4,1,-0.07096545873386273,UBAP1,9,34222186
cg27533859,phenotype_signature_C1_vs_rest,0.0971928242360184,1.6964492335898188e-4,1,-0.1307943474315685,SSX1,23,48265534
cg02846436,phenotype_signature_C1_vs_rest,0.0971928242360184,1.6975567184238273e-4,1,-0.05041035284745112,PIK3R6,17,8869102
cg16118023,phenotype_signature_C1_vs_rest,0.0971928242360184,1.6985219601671028e-4,1,-0.03700024245824022,PMP22,17,15233653
cg22014983,phenotype_signature_C1_vs_rest,0.0971928242360184,1.69971585049474e-4,1,-0.01413325246856266,MAP4K3,2,39410324
cg12011874,phenotype_signature_C1_vs_rest,0.0971928242360184,1.699986591039026e-4,1,-0.03344339057416203,CMIP,16,81497541
cg07841757,phenotype_signature_C1_vs_rest,0.0971928242360184,1.7005752488550603e-4,1,-0.0139417550538057,SSR3,3,156542562
cg11683482,phenotype_signature_C1_vs_rest,0.09754831324515356,1.7079240450744467e-4,1,-0.06250935234317816,DMAP1,1,44212951
cg12090026,phenotype_signature_C1_vs_rest,0.09772455076712692,1.7121405708883408e-4,1,-0.0353538050096106,NA,6,119430856
cg08440987,phenotype_signature_C1_vs_rest,0.09773086052696642,1.713382063553103e-4,1,-0.04783656878185726,NA,11,128609889
cg00344307,phenotype_signature_C1_vs_rest,0.0978033901104038,1.7157854105223633e-4,1,-0.0650000704781089,FNDC3B,3,172324492
cg24832715,phenotype_signature_C1_vs_rest,0.097815326999089,1.717812490750681e-4,1,-0.02475376313330943,LINC01250,2,3002036
cg17973773,phenotype_signature_C1_vs_rest,0.097815326999089,1.7182586672786395e-4,1,-0.05102973544324319,PBK,8,27838353
cg13886600,phenotype_signature_C1_vs_rest,0.09782328326801164,1.7206742014130028e-4,1,-0.01996869470846687,FOXP2,7,113781748
cg05188716,phenotype_signature_C1_vs_rest,0.09782328326801164,1.7223739938838358e-4,1,-0.01487045961978151,NA,5,10519793
cg02668270,phenotype_signature_C1_vs_rest,0.09782328326801164,1.7225744172901704e-4,1,-0.07208424489015754,ZNF428,19,43620744
cg22079269,phenotype_signature_C1_vs_rest,0.09782328326801164,1.7229264890194517e-4,1,-0.07292137095166473,HDAC4,2,239360537
cg15942979,phenotype_signature_C1_vs_rest,0.09791601431021232,1.7289296927661642e-4,1,-0.07705571504863588,BIN3,8,22639548
cg22347679,phenotype_signature_C1_vs_rest,0.09791601431021232,1.7301159375519658e-4,1,-0.03966635006195419,FAM46C,1,117611252
cg07280192,phenotype_signature_C1_vs_rest,0.09791601431021232,1.7301625816986636e-4,1,-0.08057889299559086,MAML3,4,139849442
cg03174332,phenotype_signature_C1_vs_rest,0.09791601431021232,1.7302712062019663e-4,1,-0.04798413462611515,NA,10,30354060
cg20891917,phenotype_signature_C1_vs_rest,0.09791601431021232,1.7318994764469158e-4,1,-0.0409186602051201,IFRD1,7,112423976
cg14820848,phenotype_signature_C1_vs_rest,0.09791601431021232,1.732371997608141e-4,1,-0.00677244462577295,ARHGAP17,16,24944959
cg06918239,phenotype_signature_C1_vs_rest,0.09791601431021232,1.7324913427303835e-4,1,-0.02705450511371963,NA,6,30848208
cg07276367,phenotype_signature_C1_vs_rest,0.09795789556709349,1.7343659473987566e-4,1,-0.04879133152564693,PFKFB3,10,6146452
cg20178107,phenotype_signature_C1_vs_rest,0.098216733612827,1.741036867188097e-4,1,-0.08463677741565293,NA,7,41874547
cg27531843,phenotype_signature_C1_vs_rest,0.098216733612827,1.7426363422122452e-4,1,-0.04587664889130997,NA,4,169059456
cg10045321,phenotype_signature_C1_vs_rest,0.098216733612827,1.7450602957460606e-4,1,-0.01725237449603127,FAM53B,10,124642643
cg01157771,phenotype_signature_C1_vs_rest,0.098216733612827,1.7452668708498536e-4,1,-0.05214894496437729,ST5,11,8697619
cg00471162,phenotype_signature_C1_vs_rest,0.098216733612827,1.7456112429685384e-4,1,0.09501455681850432,NA,19,43444963
cg18966140,phenotype_signature_C1_vs_rest,0.098216733612827,1.745768138351844e-4,1,-0.05539319920257898,FAM188A,10,15898849
cg00753829,phenotype_signature_C1_vs_rest,0.09882015925927116,1.757934206798992e-4,1,-0.03270574258321347,RRBP1,20,17661249
cg08477109,phenotype_signature_C1_vs_rest,0.09882015925927116,1.7587809198006722e-4,1,-0.02400938632576048,NA,12,131217370
cg15046472,phenotype_signature_C1_vs_rest,0.09912672179106652,1.7687958182630717e-4,1,-0.03932709508770413,SLC38A1,12,46210996
cg11200845,phenotype_signature_C1_vs_rest,0.09912672179106652,1.7699471590053656e-4,1,0.0923720485144428,NA,2,160869730
cg18456722,phenotype_signature_C1_vs_rest,0.09912672179106652,1.771559426152395e-4,1,-0.06465041559374492,SMARCAD1,4,94262414
cg01899624,phenotype_signature_C1_vs_rest,0.09912672179106652,1.7721208407301696e-4,1,-0.05381051893783441,NA,5,81787127
cg05078091,phenotype_signature_C1_vs_rest,0.09912672179106652,1.7723196379030735e-4,1,-0.04698362652567602,APLP2,11,130114450
cg08040193,phenotype_signature_C1_vs_rest,0.09912672179106652,1.7730824677639968e-4,1,-0.03727137710360451,NA,12,49138712
cg08020552,phenotype_signature_C1_vs_rest,0.09912672179106652,1.773403125558746e-4,1,-0.0177882486583584,NA,2,38412913
cg07431994,phenotype_signature_C1_vs_rest,0.09912672179106652,1.7742898405808167e-4,1,-0.01883056240242023,NA,11,74507256
cg02480298,phenotype_signature_C1_vs_rest,0.09912672179106652,1.774560940792591e-4,1,-0.02213258591571978,PRR5L,11,36399680
cg10786474,phenotype_signature_C1_vs_rest,0.09912926885853585,1.7761214491276737e-4,1,-0.07894517210933838,NA,1,17475980
cg00689010,phenotype_signature_C1_vs_rest,0.09912926885853585,1.7769007936320466e-4,1,-0.00945217228697229,COPA,1,160342103
cg20904657,phenotype_signature_C1_vs_rest,0.09923847964070688,1.780058162414507e-4,1,0.08538740252552768,FAM179A,2,28986592
cg01955639,phenotype_signature_C1_vs_rest,0.09923847964070688,1.783409764395443e-4,1,-0.06554968190249397,EPX,17,58192406
cg00087273,phenotype_signature_C1_vs_rest,0.09923847964070688,1.783807394508938e-4,1,0.00287373598016326,NA,1,17059797
cg03124794,phenotype_signature_C1_vs_rest,0.09923847964070688,1.7844529402872815e-4,1,-0.04568825260618164,LINC00114,21,40114467
cg02307266,phenotype_signature_C1_vs_rest,0.09923847964070688,1.7846003638440747e-4,1,-0.0601621915326966,LINC01531,19,35405576
cg09814484,phenotype_signature_C1_vs_rest,0.0992893058944464,1.7866633493397475e-4,1,-0.01811340237067141,NA,1,26173856
cg08014106,phenotype_signature_C1_vs_rest,0.09945727595169966,1.7908368132093044e-4,1,-0.01232623377585012,FBLN2,3,13588112
cg21425037,phenotype_signature_C1_vs_rest,0.09954167839642988,1.7959495404635688e-4,1,-0.06147582219542465,CLSTN1,1,9766266
cg06773230,phenotype_signature_C1_vs_rest,0.09954167839642988,1.798577766302908e-4,1,-0.06360289814145732,NA,2,8332373
cg19131667,phenotype_signature_C1_vs_rest,0.09954167839642988,1.7986880159916345e-4,1,-0.07323548234897082,TBC1D5,3,17195448
cg13987192,phenotype_signature_C1_vs_rest,0.09954167839642988,1.80029685841186e-4,1,-0.03577377478522851,GPR162,12,6824156
cg18916307,phenotype_signature_C1_vs_rest,0.09954167839642988,1.8023981159386e-4,1,-0.01339094459160727,KDELC2,11,108492035
cg11990353,phenotype_signature_C1_vs_rest,0.09954167839642988,1.8026551570704584e-4,1,-0.04670354425448753,TBC1D1,4,38111825
cg06665913,phenotype_signature_C1_vs_rest,0.09954167839642988,1.8028472501311477e-4,1,-0.05284176803152647,ZBTB16,11,114076314
cg02304909,phenotype_signature_C1_vs_rest,0.09954167839642988,1.8065251828680313e-4,1,-0.01351814881619232,SIGLEC7,19,51141341
cg19396218,phenotype_signature_C1_vs_rest,0.09954167839642988,1.806967674953518e-4,1,-0.05596344403846368,LINC01264,10,42981547
cg17395885,phenotype_signature_C1_vs_rest,0.09954167839642988,1.807035715377922e-4,1,-0.07686448447099019,MED13L,12,116164535
cg23177822,phenotype_signature_C1_vs_rest,0.09954167839642988,1.808217833399606e-4,1,-0.02047512325379037,RNF141,11,10537162
cg17895188,phenotype_signature_C1_vs_rest,0.09954167839642988,1.8083910435367175e-4,1,-0.00757423627908488,AIG1,6,143164046
cg25170017,phenotype_signature_C1_vs_rest,0.09954167839642988,1.80956312319987e-4,1,-0.09755735769294616,EHD1,11,64877015
cg18290725,phenotype_signature_C1_vs_rest,0.09954167839642988,1.8096761580372675e-4,1,-0.05663949154094504,NA,1,101106025
cg15785456,phenotype_signature_C1_vs_rest,0.09954167839642988,1.809870324566939e-4,1,-0.02098596959034339,SYNJ2,6,158048101
cg16491923,phenotype_signature_C1_vs_rest,0.09954167839642988,1.812498419287168e-4,1,-0.01439452382816657,NA,10,49118687
cg19475030,phenotype_signature_C1_vs_rest,0.09954167839642988,1.812775943608004e-4,1,-0.02031161199021617,NA,3,75273912
cg04948529,phenotype_signature_C1_vs_rest,0.09954167839642988,1.8130907733359485e-4,1,-0.03631812738982529,NA,2,45259350
cg22906574,phenotype_signature_C1_vs_rest,0.09963068505992258,1.8158649053566744e-4,1,-0.00831869520933861,DACT1,14,58647287
cg01909621,phenotype_signature_C1_vs_rest,0.09969390751930184,1.818170857099442e-4,1,-0.01170115794342463,LMAN2,5,177352228
cg05083624,phenotype_signature_C1_vs_rest,0.0997333949749866,1.8205284196514768e-4,1,-0.03154982288101946,TNRC6B,22,40332493
cg01284182,phenotype_signature_C1_vs_rest,0.0997333949749866,1.8211992481707945e-4,1,-0.08094550797510223,NA,15,39530953
cg27519282,phenotype_signature_C1_vs_rest,0.09996797918903202,1.8289484610973315e-4,1,-0.04712253387800306,NA,15,89770360
cg10980900,phenotype_signature_C1_vs_rest,0.09996797918903202,1.8292936954796292e-4,1,-0.028822654369666,DHTKD1,10,12077757
cg14807945,phenotype_signature_C1_vs_rest,0.09996797918903202,1.829953500924124e-4,1,-0.06545549307423007,ZEB2,2,144431535
cg01968626,phenotype_signature_C1_vs_rest,0.09996797918903202,1.83099932752439e-4,1,-0.07241468655257573,TESC,12,117050984
cg07898974,phenotype_signature_C1_vs_rest,0.09996797918903202,1.8312670809792457e-4,1,-0.05988413398704354,NA,8,133825083
cg13321480,phenotype_signature_C1_vs_rest,0.10009035763252257,1.8346671244169512e-4,1,-0.04255588261621925,DYRK1A,21,37420373
cg16078124,phenotype_signature_C1_vs_rest,0.1001966011458172,1.8379965047028672e-4,1,-0.06930747922709077,NA,11,47204422
cg09645818,phenotype_signature_C1_vs_rest,0.1001966011458172,1.8404409777006972e-4,1,-0.05739383475479273,NA,11,10743045
cg10143911,phenotype_signature_C1_vs_rest,0.1001966011458172,1.841344358621287e-4,1,-0.05147447679944474,RAB7A,3,128787676
cg13720639,phenotype_signature_C1_vs_rest,0.1001966011458172,1.8429223940471964e-4,1,-0.07315788154745914,SIPA1L1,14,71595029
cg13246322,phenotype_signature_C1_vs_rest,0.1001966011458172,1.8432778028358e-4,1,-0.03328500933351996,GATAD2A,19,19489710
cg27144670,phenotype_signature_C1_vs_rest,0.1001966011458172,1.8435714529602351e-4,1,-0.07438433396228006,TMOD3,15,51869241
cg25221180,phenotype_signature_C1_vs_rest,0.10019990468487604,1.8463625225410908e-4,1,-0.03605994234294012,LRSAM1,9,127455238
cg03681754,phenotype_signature_C1_vs_rest,0.10019990468487604,1.84687853889199e-4,1,-0.01100015376944935,AGXT2,5,35010047
cg24565204,phenotype_signature_C1_vs_rest,0.10019990468487604,1.847110787951744e-4,1,-0.01021853097066135,GALNT7,4,173290888
cg13933685,phenotype_signature_C1_vs_rest,0.10020842603580854,1.848881809938533e-4,1,0.1074215925712218,NA,2,236872148
cg16270995,phenotype_signature_C1_vs_rest,0.10020842603580854,1.849587104202902e-4,1,-0.10018321110598571,NA,14,76959436
cg23364632,phenotype_signature_C1_vs_rest,0.10031413494925502,1.852699055015912e-4,1,-0.01047077838785293,PHACTR1,6,13203059
cg07298508,phenotype_signature_C1_vs_rest,0.10038487324005234,1.855167176195433e-4,1,-0.00818069819486122,LOC100129461,6,5125874
cg18666454,phenotype_signature_C1_vs_rest,0.1004646959251943,1.8578049242316225e-4,1,-0.06946670597527788,KCNH2,7,150954849
cg26711406,phenotype_signature_C1_vs_rest,0.1006268218844606,1.8619674338918676e-4,1,-0.03350018759619995,NA,16,85582724
cg08945443,phenotype_signature_C1_vs_rest,0.10075317094523165,1.8654712771870065e-4,1,-0.03455013425091817,ZMYND17,10,73433496
cg15698552,phenotype_signature_C1_vs_rest,0.10095362414567784,1.8750991013634084e-4,1,-0.06318681356267968,NA,1,114081449
cg19131465,phenotype_signature_C1_vs_rest,0.10095362414567784,1.8756815202305315e-4,1,-0.03302740011330078,NFIL3,9,91414770
cg21524461,phenotype_signature_C1_vs_rest,0.10095362414567784,1.8757492686641096e-4,1,-0.0710946045752869,PDE3A,12,20372544
cg24640609,phenotype_signature_C1_vs_rest,0.10095362414567784,1.8762662898478373e-4,1,-0.0150167452865186,NA,1,3916487
cg06866208,phenotype_signature_C1_vs_rest,0.10095362414567784,1.876596605269028e-4,1,-0.04937309340970457,NA,16,67526342
cg11825128,phenotype_signature_C1_vs_rest,0.10095362414567784,1.8773949765804357e-4,1,-0.04916762342907348,PIP4K2A,10,22662950
cg23029518,phenotype_signature_C1_vs_rest,0.10095362414567784,1.877696086918235e-4,1,-0.04576296218416324,ATG10,5,82111363
cg09335712,phenotype_signature_C1_vs_rest,0.10095362414567784,1.878528634155218e-4,1,-0.03949131147251155,TEX2,17,64177874
cg02467288,phenotype_signature_C1_vs_rest,0.10103276419323756,1.881864207620668e-4,1,-0.05629940386036741,RNF10,12,120538167
cg00006899,phenotype_signature_C1_vs_rest,0.10103276419323756,1.882339569324754e-4,1,-0.03306292219674831,CDC42BPB,14,103016684
cg02745605,phenotype_signature_C1_vs_rest,0.10107856940296,1.884362650415304e-4,1,-0.05071882650975738,LINC00548,13,40220691
cg11709588,phenotype_signature_C1_vs_rest,0.10115829889058515,1.8870196193681584e-4,1,-0.01360752000690601,RACGAP1,12,49992976
cg00333617,phenotype_signature_C1_vs_rest,0.10120861994643432,1.8891295046889736e-4,1,0.0586141447260447,LDLRAD4,18,13359485
cg11914761,phenotype_signature_C1_vs_rest,0.10124945399870793,1.891063363319353e-4,1,-0.03285558750291934,NA,11,110789859
cg16449219,phenotype_signature_C1_vs_rest,0.10125885336225926,1.8924106890922976e-4,1,-0.05840429148471633,NIN,14,50823451
cg15244958,phenotype_signature_C1_vs_rest,0.10130187519153216,1.894386986427341e-4,1,-0.02859360079514353,NA,1,39950107
cg03092343,phenotype_signature_C1_vs_rest,0.10136409597265349,1.8967235299782983e-4,1,-0.06400883586260862,KIAA1522,1,33221514
cg25071794,phenotype_signature_C1_vs_rest,0.10146967909181633,1.8998734108184533e-4,1,-0.01245962322909598,GAPT,5,58495657
cg04382783,phenotype_signature_C1_vs_rest,0.10149182706996931,1.9014625670747776e-4,1,-0.01284560249958173,MS4A5,11,60428256
cg24408573,phenotype_signature_C1_vs_rest,0.10167642719214484,1.906097677853834e-4,1,0.07743094690613578,NISCH,3,52476276
cg08900098,phenotype_signature_C1_vs_rest,0.10170278313042706,1.9098943187117668e-4,1,-0.05468570888125322,KCNH2,7,150956361
cg08846360,phenotype_signature_C1_vs_rest,0.10170278313042706,1.9101185793779724e-4,1,-0.0514827178409314,NA,5,68428251
cg05499338,phenotype_signature_C1_vs_rest,0.10170278313042706,1.910587878708067e-4,1,-0.05863665095802545,CMIP,16,81484060
cg01053259,phenotype_signature_C1_vs_rest,0.10170278313042706,1.912707244800609e-4,1,-0.01106624213255805,WNT5B,12,1645977
cg11491420,phenotype_signature_C1_vs_rest,0.10170278313042706,1.913198839765331e-4,1,-0.01793272668197609,THAP4,2,241603872
cg03892034,phenotype_signature_C1_vs_rest,0.10170278313042706,1.9144686485285425e-4,1,-0.06881545811733251,SLC38A2,12,46370093
cg06350257,phenotype_signature_C1_vs_rest,0.10170278313042706,1.917345680340916e-4,1,-0.02035755125547744,LOC339524,1,87131686
cg06203243,phenotype_signature_C1_vs_rest,0.10170278313042706,1.9174092671581664e-4,1,-0.07125268738829026,ARID1B,6,156816650
cg11029191,phenotype_signature_C1_vs_rest,0.10170278313042706,1.9184403901163107e-4,1,-0.04201410804556556,SIGLEC15,18,45838591
cg14849022,phenotype_signature_C1_vs_rest,0.10170278313042706,1.9187453528992824e-4,1,-0.08095859939804531,SCOC,4,140260409
cg15940546,phenotype_signature_C1_vs_rest,0.10170278313042706,1.9198704185223824e-4,1,-0.07383899404738417,ZSWIM3,20,45864248
cg13582959,phenotype_signature_C1_vs_rest,0.10170278313042706,1.920714666735215e-4,1,-0.01033812686624328,INPP5A,10,132649345
cg18718503,phenotype_signature_C1_vs_rest,0.10208699693142632,1.9313245293517723e-4,1,-0.06821517943420816,MAEA,4,1292777
cg10241684,phenotype_signature_C1_vs_rest,0.10208699693142632,1.9325817739486648e-4,1,-0.0236729531625118,NR2C2,3,14957040
cg26075339,phenotype_signature_C1_vs_rest,0.10208699693142632,1.9326206894780963e-4,1,-0.03882478770845577,PHF21A,11,46115582
cg05296773,phenotype_signature_C1_vs_rest,0.10208699693142632,1.9326961805308956e-4,1,-0.00990107864553002,NA,12,93055563
cg27625732,phenotype_signature_C1_vs_rest,0.10212255797927604,1.9364262522568785e-4,1,-0.03189991740195593,TBC1D13,9,128786796
cg08531949,phenotype_signature_C1_vs_rest,0.10212255797927604,1.9366787331276625e-4,1,-0.07073077710802902,DOCK8,9,366070
cg14585803,phenotype_signature_C1_vs_rest,0.10212255797927604,1.9372853994609256e-4,1,-0.04173047431002014,PRDM2,1,13759326
cg05152903,phenotype_signature_C1_vs_rest,0.10212255797927604,1.9393361114138904e-4,1,-0.04500062483594798,CSDA,12,10719619
cg25448062,phenotype_signature_C1_vs_rest,0.10212255797927604,1.9410187327403627e-4,1,-0.01331890224308328,FADS1,11,61812646
cg15738268,phenotype_signature_C1_vs_rest,0.10212255797927604,1.9411245155577544e-4,1,-0.07455958562726554,NA,1,60973438
cg10411910,phenotype_signature_C1_vs_rest,0.10212255797927604,1.941641780149216e-4,1,-0.04596724178423707,NA,22,36417311
cg10105512,phenotype_signature_C1_vs_rest,0.1022567114364332,1.945375739470558e-4,1,-0.06203383131871983,LIMK2,22,31247125
cg07565042,phenotype_signature_C1_vs_rest,0.10232187133137428,1.947972807328196e-4,1,-0.07505834951322066,RNF141,11,10521909
cg12081267,phenotype_signature_C1_vs_rest,0.10232187133137428,1.9489835146067135e-4,1,-0.06100251982116313,TMEM131,2,97869722
cg05736642,phenotype_signature_C1_vs_rest,0.10251871909063,1.9539193375964832e-4,1,-0.0490569465630899,HTT,4,3121405
cg24508633,phenotype_signature_C1_vs_rest,0.10258734270828408,1.9580764578598436e-4,1,-0.05934852714398051,ABHD2,15,89087444
cg14654849,phenotype_signature_C1_vs_rest,0.10258734270828408,1.958281236721539e-4,1,-0.03152972767497133,NA,21,17699689
cg13845211,phenotype_signature_C1_vs_rest,0.10258734270828408,1.958788679175292e-4,1,-0.05526882866803923,ERAP2,5,96874527
cg19714332,phenotype_signature_C1_vs_rest,0.10272913790146404,1.9626848826979185e-4,1,-0.04099579875109856,NDFIP2,13,79484763
cg07175100,phenotype_signature_C1_vs_rest,0.10274405146978297,1.9644296048226413e-4,1,-0.07204967966728605,NA,6,36116659
cg15995935,phenotype_signature_C1_vs_rest,0.10274405146978297,1.9656312324843625e-4,1,-0.02504590449089795,ACOXL,2,111114262
cg08934450,phenotype_signature_C1_vs_rest,0.10274405146978297,1.9666808337073612e-4,1,0.08223009870187534,NA,6,163355027
cg07155331,phenotype_signature_C1_vs_rest,0.10274405146978297,1.9677256452856767e-4,1,-0.02329667317642023,BRI3BP,12,125015965
cg07381371,phenotype_signature_C1_vs_rest,0.10276862786866683,1.969385568169862e-4,1,-0.01204754798298829,NA,5,50664576
cg21927292,phenotype_signature_C1_vs_rest,0.10300420164985954,1.975138519510699e-4,1,-0.02351215830532614,NA,4,174582929
cg21361083,phenotype_signature_C1_vs_rest,0.10300420164985954,1.978468884958828e-4,1,-0.02334629350720885,SERBP1,1,67426619
cg20598218,phenotype_signature_C1_vs_rest,0.10300420164985954,1.978508966659109e-4,1,-0.03175028178246603,WNK1,12,886718
cg00527937,phenotype_signature_C1_vs_rest,0.10300420164985954,1.9786678123613304e-4,1,-0.08047624388258776,TMED3,15,79317077
cg01297494,phenotype_signature_C1_vs_rest,0.10305496248649688,1.981326908453648e-4,1,-0.03023130268161182,NA,10,24975207
cg01750299,phenotype_signature_C1_vs_rest,0.10305496248649688,1.9825091764490185e-4,1,-0.05121930709599611,KIAA0020,9,2810737
cg18787802,phenotype_signature_C1_vs_rest,0.10305496248649688,1.9833588407162497e-4,1,-0.04452133640132504,ECT2L,6,138869563
cg19726536,phenotype_signature_C1_vs_rest,0.10305496248649688,1.985169937738646e-4,1,-0.03495594243836502,MIR1229,5,179225537
cg00180097,phenotype_signature_C1_vs_rest,0.10305496248649688,1.9856056867312383e-4,1,-0.01296916364352412,BAT2,6,31633380
cg06636203,phenotype_signature_C1_vs_rest,0.10305793071905134,1.986855467301349e-4,1,-0.05552466832057634,ZBTB12,6,31867788
cg10652637,phenotype_signature_C1_vs_rest,0.10331038746918086,1.9929180967135932e-4,1,-0.03705845548426329,NA,5,98963374
cg00124711,phenotype_signature_C1_vs_rest,0.10331695161939304,1.994978972037972e-4,1,-0.06349129552212593,RPRD1A,18,36029183
cg12225787,phenotype_signature_C1_vs_rest,0.10331695161939304,1.9954358984619256e-4,1,-0.02819763990306967,NA,17,8412385
cg25003907,phenotype_signature_C1_vs_rest,0.10331928076183962,1.9975994528812285e-4,1,-0.04139694397935997,OSTBETA,15,65049906
cg03812149,phenotype_signature_C1_vs_rest,0.10331928076183962,1.9978721122329636e-4,1,-0.06234596661354222,MANBAL,20,37315358
cg15903936,phenotype_signature_C1_vs_rest,0.10335097770121,1.999681013484006e-4,1,-0.03054271329529475,UCP3,11,74003733
cg26592446,phenotype_signature_C1_vs_rest,0.10339992125254112,2.0018245430838708e-4,1,-0.04961036253186923,NA,1,99768757
cg12387754,phenotype_signature_C1_vs_rest,0.1034326451244588,2.0047549596612655e-4,1,-0.06859687839872587,LDLRAD3,11,35969659
cg05486260,phenotype_signature_C1_vs_rest,0.1034326451244588,2.0048519309504405e-4,1,-0.06209222057875465,FAM135B,8,138194208
cg02985445,phenotype_signature_C1_vs_rest,0.10344237770482297,2.0062376183042248e-4,1,-0.07345766369975933,NA,7,98279193
cg06118338,phenotype_signature_C1_vs_rest,0.1035260250676458,2.0090579439547903e-4,1,-0.0302685168383267,TSG101,11,18523271
cg26791242,phenotype_signature_C1_vs_rest,0.1036591257977102,2.0128404851062976e-4,1,-0.07050904493738899,LOC339524,1,87131212
cg16144395,phenotype_signature_C1_vs_rest,0.1036746437569265,2.0143415379224907e-4,1,-0.08117250129006832,NA,18,57628686
cg20983042,phenotype_signature_C1_vs_rest,0.10392335521621349,2.020376470380658e-4,1,-0.04368194028668813,IL1B,2,112837386
cg11378067,phenotype_signature_C1_vs_rest,0.10395462013802918,2.0228247900389465e-4,1,-0.03943808401201745,POLR1C,6,43518423
cg02758183,phenotype_signature_C1_vs_rest,0.10395462013802918,2.023390226165826e-4,1,-0.03217821407567873,FIGF,23,15358018
cg17408013,phenotype_signature_C1_vs_rest,0.10402718181068636,2.0273096332732208e-4,1,-0.0319609213827954,NA,6,47047107
cg14937228,phenotype_signature_C1_vs_rest,0.10402718181068636,2.028330298333827e-4,1,-0.04292526763152376,FAM107B,10,14520036
cg14984210,phenotype_signature_C1_vs_rest,0.10402718181068636,2.0284139983591605e-4,1,-0.00752582031125575,NA,6,30592387
cg10579797,phenotype_signature_C1_vs_rest,0.10426731747841804,2.0343029613842568e-4,1,-0.0259591808108889,SERF2,15,44087326
cg21858187,phenotype_signature_C1_vs_rest,0.10434129759797615,2.036953788775421e-4,1,-0.07500840842217078,C6orf106,6,34681432
cg15660573,phenotype_signature_C1_vs_rest,0.10453175126685318,2.0419767364800287e-4,1,-0.06128798885515994,VPS53,17,646464
cg01567034,phenotype_signature_C1_vs_rest,0.10453175126685318,2.0430911215817935e-4,1,-0.05304331213802333,NA,10,3058053
cg13096626,phenotype_signature_C1_vs_rest,0.1046489481254772,2.048379048710629e-4,1,-0.01059896091800438,NREP,5,111752754
cg10484411,phenotype_signature_C1_vs_rest,0.1046489481254772,2.0491360248425816e-4,1,-0.02177352485959027,CRYM,16,21279148
cg13046608,phenotype_signature_C1_vs_rest,0.1046489481254772,2.0501789099691952e-4,1,-0.04382479720980835,SLC43A3,11,57427909
cg19390271,phenotype_signature_C1_vs_rest,0.1046489481254772,2.051101102456198e-4,1,-0.07248023184813683,CNOT2,12,70251580
cg20227944,phenotype_signature_C1_vs_rest,0.1046489481254772,2.0518748344069363e-4,1,0.07750157277712356,CUX2,12,111067334
cg08295410,phenotype_signature_C1_vs_rest,0.1046489481254772,2.053735172347194e-4,1,-0.01690483383924548,ADAM19,5,157563655
cg19699264,phenotype_signature_C1_vs_rest,0.1046489481254772,2.0546991701970549e-4,1,-0.00729832087789078,SDPR,2,191836293
cg25773447,phenotype_signature_C1_vs_rest,0.1046489481254772,2.0550697674591372e-4,1,-0.02131766382337319,TTC3,21,38574118
cg20763401,phenotype_signature_C1_vs_rest,0.10485293534548444,2.0602889794461225e-4,1,-0.07480657532164603,NA,18,23281942
cg03833465,phenotype_signature_C1_vs_rest,0.10491362362898518,2.063242475483988e-4,1,-0.04353974035028251,NA,3,133499141
cg17599582,phenotype_signature_C1_vs_rest,0.10491362362898518,2.0650385320590463e-4,1,-0.01217588531677403,NA,4,138564669
cg26024852,phenotype_signature_C1_vs_rest,0.10491362362898518,2.065123656404241e-4,1,-0.04523927036224947,ELL3,15,43778340
cg06788390,phenotype_signature_C1_vs_rest,0.10495897730046032,2.0672309890549747e-4,1,-0.07018344666658637,VTI1A,10,112678850
cg18162783,phenotype_signature_C1_vs_rest,0.10500841090960022,2.0694197754451667e-4,1,-0.01425690371659342,GNB1,1,1864452
cg10687936,phenotype_signature_C1_vs_rest,0.1050261064514792,2.073357742643788e-4,1,-0.05433288331964406,ZNF148,3,125366478
cg17560340,phenotype_signature_C1_vs_rest,0.1050261064514792,2.0734350641649625e-4,1,-0.04758139137878525,RNMTL1,17,781250
cg17722736,phenotype_signature_C1_vs_rest,0.1050261064514792,2.0741191081436017e-4,1,-0.03886852408934426,EXOSC7,3,44974864
cg03525433,phenotype_signature_C1_vs_rest,0.1050261064514792,2.0748014029394157e-4,1,-0.02645369362226584,CD96,3,111540970
cg05477582,phenotype_signature_C1_vs_rest,0.1050261064514792,2.078833686312696e-4,1,-0.2602344867407071,CMTM1,16,66600478
cg07345836,phenotype_signature_C1_vs_rest,0.1050261064514792,2.0794030097845463e-4,1,-0.05177665140861164,NA,1,202118131
cg10653297,phenotype_signature_C1_vs_rest,0.1050261064514792,2.0808770567247356e-4,1,-0.02815279318014945,LOC285033,2,96240094
cg08662413,phenotype_signature_C1_vs_rest,0.1050261064514792,2.0810842090476455e-4,1,-0.03296579707884598,UGT1A7,2,233680883
cg01003257,phenotype_signature_C1_vs_rest,0.1050261064514792,2.0829445403847788e-4,1,-0.04562087640550267,CHST11,12,104662433
cg20341582,phenotype_signature_C1_vs_rest,0.1050261064514792,2.083617393047503e-4,1,-0.02875888090027983,KRAS,12,25252346
cg25435273,phenotype_signature_C1_vs_rest,0.1050261064514792,2.0842184452750793e-4,1,-0.03326652088957833,ANKRD28,3,15756534
cg07598481,phenotype_signature_C1_vs_rest,0.1050261064514792,2.0843528981508673e-4,1,-0.04721893711278743,NA,13,72194681
cg00813264,phenotype_signature_C1_vs_rest,0.10527340571056082,2.0904790384020677e-4,1,-0.05547540341405157,NA,3,112021179
cg04350136,phenotype_signature_C1_vs_rest,0.10540762011539676,2.095153939779078e-4,1,-0.03020805669795382,C6orf136,6,30648328
cg13519184,phenotype_signature_C1_vs_rest,0.10540762011539676,2.098077162744408e-4,1,0.00877406945823716,NA,3,173396516
cg04981758,phenotype_signature_C1_vs_rest,0.10540762011539676,2.0981065730673056e-4,1,-0.03996924774290322,TESK2,1,45488355
cg16086945,phenotype_signature_C1_vs_rest,0.10540762011539676,2.0996466389456723e-4,1,-0.03858591444550248,NA,12,1689150
cg08722695,phenotype_signature_C1_vs_rest,0.10540762011539676,2.10209333915616e-4,1,-0.02933904923946101,NA,2,74151623
cg26819549,phenotype_signature_C1_vs_rest,0.10540762011539676,2.1023162241115545e-4,1,-0.05683230452356834,ZBTB48,1,6585105
cg19081224,phenotype_signature_C1_vs_rest,0.10540762011539676,2.1025612719779692e-4,1,-0.04690091843654506,GLTSCR1,19,47637039
cg00589311,phenotype_signature_C1_vs_rest,0.10540762011539676,2.1030700253655825e-4,1,-0.05634561889256194,NSMCE2,8,125335722
cg06118712,phenotype_signature_C1_vs_rest,0.10540762011539676,2.1072116174642412e-4,1,-0.0388275324717401,SAMSN1-AS1,21,14582118
cg11069395,phenotype_signature_C1_vs_rest,0.10540762011539676,2.107343899873758e-4,1,-0.05206710926567244,NA,12,52878218
cg18499083,phenotype_signature_C1_vs_rest,0.10540762011539676,2.107560236101964e-4,1,-0.10317597697496028,C14orf159,14,91637035
cg12703853,phenotype_signature_C1_vs_rest,0.10540762011539676,2.107781588880262e-4,1,-0.02315663186821539,ATXN1,6,16518766
cg26408927,phenotype_signature_C1_vs_rest,0.10555242917329768,2.1134525083827077e-4,1,-0.04089284502050147,CACNA1D,3,53725696
cg15760433,phenotype_signature_C1_vs_rest,0.10555242917329768,2.115879611250844e-4,1,-0.0547297454186991,EHBP1,2,62745663
cg13869641,phenotype_signature_C1_vs_rest,0.10555242917329768,2.120778931054431e-4,1,-0.02923862519240328,SMARCC1,3,47643256
cg25049766,phenotype_signature_C1_vs_rest,0.10555242917329768,2.1212444039074457e-4,1,-0.06951487018910087,NA,2,101185356
cg26774971,phenotype_signature_C1_vs_rest,0.10555242917329768,2.1214488429639465e-4,1,-0.07069570426819936,TMEM181,6,158573375
cg13875550,phenotype_signature_C1_vs_rest,0.10555242917329768,2.122340618698093e-4,1,-0.02656391639854507,NA,12,29898775
cg03119191,phenotype_signature_C1_vs_rest,0.10555242917329768,2.122490129339779e-4,1,-0.06922659496700401,NA,2,8676902
cg20207299,phenotype_signature_C1_vs_rest,0.10555242917329768,2.1239447486462215e-4,1,-0.05563851125281535,ARNT2,15,80589140
cg21792330,phenotype_signature_C1_vs_rest,0.10555242917329768,2.1246972712417496e-4,1,-0.05547219970052085,SLC25A38,3,39385978
cg05302480,phenotype_signature_C1_vs_rest,0.10555242917329768,2.124768986583796e-4,1,-0.03057237785309661,NA,12,96813953
cg10902324,phenotype_signature_C1_vs_rest,0.10555242917329768,2.1259757117437648e-4,1,-0.0300376011061116,FAM107B,10,14817070
cg00851028,phenotype_signature_C1_vs_rest,0.10555242917329768,2.126548070626665e-4,1,-0.06053537000941789,NA,1,234770025
cg13277027,phenotype_signature_C1_vs_rest,0.10555242917329768,2.1289004538375757e-4,1,-0.06013747322639704,MYO9B,19,17114530
cg03769939,phenotype_signature_C1_vs_rest,0.10555242917329768,2.1300829509304464e-4,1,-0.052569430319112,RUNX3,1,24927638
cg22834511,phenotype_signature_C1_vs_rest,0.10555242917329768,2.1307301826408757e-4,1,-0.02270022486877834,NA,2,8282992
cg14378743,phenotype_signature_C1_vs_rest,0.10555242917329768,2.1313945122254868e-4,1,-0.04696461670677996,OSBPL9,1,52130680
cg22890968,phenotype_signature_C1_vs_rest,0.10555242917329768,2.1314706608469448e-4,1,-0.02893931383077923,TG,8,133110104
cg02236679,phenotype_signature_C1_vs_rest,0.10555242917329768,2.1326634820792843e-4,1,-0.05856475628791604,WWOX,16,78748580
cg23192604,phenotype_signature_C1_vs_rest,0.1055715584438646,2.1342716628721737e-4,1,-0.05332560846489966,ARID2,12,45757752
cg04058931,phenotype_signature_C1_vs_rest,0.10561439825994484,2.137122031509893e-4,1,-0.03748943919448005,NA,22,36460112
cg04933135,phenotype_signature_C1_vs_rest,0.10561439825994484,2.1395283691296815e-4,1,-0.05171933471289217,AGER,6,32182286
cg13543576,phenotype_signature_C1_vs_rest,0.10561439825994484,2.1400157031315384e-4,1,-0.04095445119204678,LOC731275,1,243263770
cg04210796,phenotype_signature_C1_vs_rest,0.10561439825994484,2.140908320451565e-4,1,-0.04777681796140491,NA,17,83070173
cg19349588,phenotype_signature_C1_vs_rest,0.10561439825994484,2.141248596906833e-4,1,-0.01379249446321966,NTM,11,131913621
cg15515095,phenotype_signature_C1_vs_rest,0.10586710136488207,2.1486955956517693e-4,1,-0.03078087388777188,HS2ST1,1,87098027
cg03580247,phenotype_signature_C1_vs_rest,0.10586710136488207,2.149443561488215e-4,1,-0.03824874568935632,SLC4A1,17,44268120
cg03101058,phenotype_signature_C1_vs_rest,0.10586710136488207,2.15004724742138e-4,1,-0.07408549728909437,CPSF4L,17,73262797
cg14706607,phenotype_signature_C1_vs_rest,0.10592974365629368,2.1539269074066577e-4,1,-0.02455570386383804,WBP1L,10,102760767
cg06958964,phenotype_signature_C1_vs_rest,0.10592974365629368,2.1540327704704435e-4,1,-0.03711083932374814,C10orf25,10,44999358
cg19671311,phenotype_signature_C1_vs_rest,0.10592974365629368,2.1553966782886255e-4,1,-0.06550834120797706,MLXIP,12,122112216
cg00197649,phenotype_signature_C1_vs_rest,0.10592974365629368,2.158338721107601e-4,1,-0.06009699463880746,AAK1,2,69550096
cg08906451,phenotype_signature_C1_vs_rest,0.10592974365629368,2.15885648977264e-4,1,-0.01184388443952254,RBM19,12,113898286
cg16213842,phenotype_signature_C1_vs_rest,0.10592974365629368,2.159411442109315e-4,1,-0.03724034829139929,THADA,2,43293149
cg17384357,phenotype_signature_C1_vs_rest,0.10592974365629368,2.160405941972859e-4,1,-0.0271657235191263,NA,10,31698766
cg18752801,phenotype_signature_C1_vs_rest,0.10592974365629368,2.161126029518485e-4,1,-0.03108519767671088,NA,14,22508630
cg26228864,phenotype_signature_C1_vs_rest,0.10596527807575272,2.163077219350621e-4,1,-0.09150709026315589,IL5RA,3,3110056
cg04504060,phenotype_signature_C1_vs_rest,0.1059955452390109,2.167380641758348e-4,1,-0.01171890795890053,RBM25,14,73096944
cg11513812,phenotype_signature_C1_vs_rest,0.1059955452390109,2.168821156635013e-4,1,-0.01501952352646401,NA,15,31270783
cg27336113,phenotype_signature_C1_vs_rest,0.1059955452390109,2.169779524479154e-4,1,0.08006751440796304,NA,8,134023686
cg26677004,phenotype_signature_C1_vs_rest,0.1059955452390109,2.1704686523680525e-4,1,-0.0376867070374368,NA,1,179818833
cg14118054,phenotype_signature_C1_vs_rest,0.1059955452390109,2.1709228866907335e-4,1,-0.05330943817024271,WDFY2,13,51624587
cg24143196,phenotype_signature_C1_vs_rest,0.1059955452390109,2.171465485320162e-4,1,-0.01985826538151866,TECR,19,14533662
cg25381747,phenotype_signature_C1_vs_rest,0.1059955452390109,2.1722954607225717e-4,1,-0.06672306026494253,NA,10,113666140
cg16222326,phenotype_signature_C1_vs_rest,0.1059955452390109,2.174304824870947e-4,1,-0.06926135507158171,NA,8,1760272
cg20211448,phenotype_signature_C1_vs_rest,0.1059955452390109,2.175127451671474e-4,1,-0.01533768727856566,NA,18,54120657
cg26048493,phenotype_signature_C1_vs_rest,0.1059955452390109,2.1762567370317855e-4,1,-0.05507882085089583,ACOT7,1,6294212
cg02305412,phenotype_signature_C1_vs_rest,0.1059955452390109,2.17827467289413e-4,1,-0.03965532389001155,NA,1,114089050
cg06229641,phenotype_signature_C1_vs_rest,0.1059955452390109,2.179468280303304e-4,1,0.07596674041123529,NA,8,19705036
cg03278639,phenotype_signature_C1_vs_rest,0.1059955452390109,2.180612242011248e-4,1,-0.05577719763098767,NA,3,128416002
cg00419796,phenotype_signature_C1_vs_rest,0.1059955452390109,2.181436882778153e-4,1,-0.0472022857988217,DGKI,7,137668176
cg12833478,phenotype_signature_C1_vs_rest,0.1059955452390109,2.1823994510926768e-4,1,-0.02555705679050995,EPX,17,58191991
cg26600461,phenotype_signature_C1_vs_rest,0.1059955452390109,2.1833204173043563e-4,1,-0.04771971509449227,NA,16,89035349
cg25430713,phenotype_signature_C1_vs_rest,0.1060502246382879,2.185673933298664e-4,1,-0.02238819807838193,NA,2,20551204
cg19232164,phenotype_signature_C1_vs_rest,0.106079860173184,2.1875122759492996e-4,1,-0.03051530033980725,REXO2,11,114450002
cg19937578,phenotype_signature_C1_vs_rest,0.106197614840265,2.1911694616247196e-4,1,-0.04807268892636941,NA,13,22053498
cg13866190,phenotype_signature_C2_vs_rest,0.10647474086915996,1.4785557291193208e-6,1,-0.17429899151504227,FLJ14107,8,22642263
cg16005729,phenotype_signature_C1_vs_rest,0.10652747962245178,2.200002909280068e-4,1,-0.0148298616922702,CBY1,22,38669075
cg02410174,phenotype_signature_C1_vs_rest,0.10652747962245178,2.2004410234088031e-4,1,-0.05320439439506346,DUS2,16,68072847
cg16959075,phenotype_signature_C1_vs_rest,0.10671256286511777,2.205499001068103e-4,1,-0.05669668601292493,PDE8A,15,85567463
cg26321437,phenotype_signature_C1_vs_rest,0.10671381805745694,2.2078918959993736e-4,1,-0.02339043807661527,RAB27A,15,55271809
cg16472853,phenotype_signature_C1_vs_rest,0.10671381805745694,2.2079947357262728e-4,1,-0.02800745808513213,THADA,2,43371820
cg17161933,phenotype_signature_C1_vs_rest,0.106780370737573,2.211307961032989e-4,1,-0.04138705802562494,ANKS6,9,98790651
cg24988694,phenotype_signature_C1_vs_rest,0.106780370737573,2.2129558850778408e-4,1,-0.0116166942358408,KDM5B,1,202759131
cg02796279,phenotype_signature_C1_vs_rest,0.106780370737573,2.2130787638169355e-4,1,0.0978206164109914,NA,2,207236610
cg27288127,phenotype_signature_C1_vs_rest,0.10681019026502094,2.2149328006521713e-4,1,-0.03407317136686261,HVCN1,12,110690224
cg10611310,phenotype_signature_C1_vs_rest,0.10723973086116707,2.226000957356064e-4,1,-0.04675317424043013,NDST2,10,75569127
cg18935453,phenotype_signature_C1_vs_rest,0.10723973086116707,2.226322188283239e-4,1,-0.046524979121671,LRP5,11,68399562
cg26863988,phenotype_signature_C1_vs_rest,0.10728232969360608,2.2297226735792675e-4,1,-0.02175669017463616,PHF7,3,52446671
cg01541187,phenotype_signature_C1_vs_rest,0.10728232969360608,2.229739292941128e-4,1,-0.02710400639066155,FRY,13,32084580
cg26011752,phenotype_signature_C1_vs_rest,0.10728232969360608,2.2320862732902068e-4,1,-0.03616664100225275,PIK3R3,1,46084937
cg12787836,phenotype_signature_C1_vs_rest,0.10728232969360608,2.233093294848391e-4,1,-0.05153161670020977,DOPEY2,21,36164387
cg20938555,phenotype_signature_C1_vs_rest,0.10728232969360608,2.233623677281878e-4,1,-0.04064801534148398,GEMIN4,17,750368
cg23554907,phenotype_signature_C1_vs_rest,0.10728232969360608,2.2346554014628323e-4,1,-0.01743557447666994,SMG6,17,2082419
cg17395034,phenotype_signature_C1_vs_rest,0.1075122471065551,2.241175398341024e-4,1,-0.01435333699352365,ALMS1,2,73827956
cg19373489,phenotype_signature_C1_vs_rest,0.1075122471065551,2.2419327767107212e-4,1,-0.05642076920437074,ELOVL6,4,111116855
cg04505204,phenotype_signature_C1_vs_rest,0.10760911357647202,2.245197971865818e-4,1,-0.01078931266368233,NA,17,43417460
cg15399009,phenotype_signature_C1_vs_rest,0.10767712582206895,2.2478630493595156e-4,1,-0.0485870022210739,NA,1,22154427
cg09552289,phenotype_signature_C1_vs_rest,0.10784000117968864,2.252892678780484e-4,1,-0.03913217172340412,OSBPL5,11,3162641
cg16119505,phenotype_signature_C1_vs_rest,0.10784000117968864,2.253759085560384e-4,1,-0.06819280447288892,PTBP2,1,96720908
cg16386158,phenotype_signature_C1_vs_rest,0.10784940714393013,2.2562177834912773e-4,1,-0.05575505579426175,IL1RL1,2,102310937
cg11700959,phenotype_signature_C1_vs_rest,0.10784940714393013,2.2565829610551657e-4,1,-0.03868772014149738,PTPN6,12,6957501
cg03849286,phenotype_signature_C1_vs_rest,0.10784940714393013,2.2576997741528064e-4,1,-0.08191249836856244,CLNK,4,10657139
cg24636814,phenotype_signature_C1_vs_rest,0.10793875130469012,2.2622510528547696e-4,1,-0.04427162896893584,STAT4,2,191115515
cg07529339,phenotype_signature_C1_vs_rest,0.10793875130469012,2.2623691350189465e-4,1,-0.05713565338831462,LOC728175,4,184348532
cg02678221,phenotype_signature_C1_vs_rest,0.10793875130469012,2.263317302559023e-4,1,-0.0474855473347013,NA,8,127809848
cg23144852,phenotype_signature_C1_vs_rest,0.10795639787782632,2.2653427859797547e-4,1,-0.05182812384168495,OPA1,3,193688210
cg01978458,phenotype_signature_C1_vs_rest,0.10795639787782632,2.2663115514232336e-4,1,-0.06074782786812396,TTYH3,7,2683257
cg21649005,phenotype_signature_C1_vs_rest,0.10795639787782632,2.2674351520132424e-4,1,-0.02702369814034439,ZZEF1,17,4007745
cg20599295,phenotype_signature_C1_vs_rest,0.10805037265607736,2.2706592907663988e-4,1,-0.06871675198252537,RILPL1,12,123957410
cg00228931,phenotype_signature_C1_vs_rest,0.10812853214872188,2.2735951528898477e-4,1,-0.06523655871004054,CAPZB,1,19716911
cg16010948,phenotype_signature_C1_vs_rest,0.10812853214872188,2.274804333570672e-4,1,-0.00848533531464319,MYO1E,15,59278156
cg14646451,phenotype_signature_C1_vs_rest,0.10819746101423752,2.2775065218259987e-4,1,-0.07594459151025454,SNTB1,8,120780396
cg26423824,phenotype_signature_C1_vs_rest,0.10879600197346048,2.2913645237377e-4,1,-0.04827082598041155,KSR1,17,25898825
cg25493477,phenotype_signature_C1_vs_rest,0.10896042673959508,2.29629744864109e-4,1,-0.05248665422568188,RNF103-CHMP3,2,86603288
cg04128967,phenotype_signature_C1_vs_rest,0.10896042673959508,2.298780811297128e-4,1,-0.07549433177394116,NA,14,69580130
cg10156302,phenotype_signature_C1_vs_rest,0.10896042673959508,2.300089021741145e-4,1,-0.01764138875256084,DAPK2,15,63909885
cg13459764,phenotype_signature_C1_vs_rest,0.10896042673959508,2.3006497261747537e-4,1,-0.03299278459890135,C9orf37,9,137616028
cg22872766,phenotype_signature_C1_vs_rest,0.10896042673959508,2.3041178063898957e-4,1,-0.02030065898456056,CCL13,17,34357670
cg12417775,phenotype_signature_C1_vs_rest,0.10896042673959508,2.304354234874823e-4,1,-0.05988357972202612,PPP2R5A,1,212289896
cg17312004,phenotype_signature_C1_vs_rest,0.10896042673959508,2.3044747781282145e-4,1,-0.04996511967490004,NA,11,43547526
cg05973279,phenotype_signature_C1_vs_rest,0.10896042673959508,2.305693524571184e-4,1,-0.04859901770355485,NA,22,32464727
cg20802710,phenotype_signature_C1_vs_rest,0.10896042673959508,2.306852148761256e-4,1,-0.07515045934741339,NA,5,128198097
cg09701162,phenotype_signature_C1_vs_rest,0.10896042673959508,2.307436434023864e-4,1,0.05114741527103442,NA,8,85978722
cg05889768,phenotype_signature_C1_vs_rest,0.10911972315535848,2.312072564750893e-4,1,-0.02176500793364804,OPTN,10,13101286
cg17148261,phenotype_signature_C1_vs_rest,0.10924099064735544,2.315906170048269e-4,1,-0.03719234993333571,TTLL11,9,124705612
cg01305109,phenotype_signature_C1_vs_rest,0.10936345604452302,2.321029619260013e-4,1,0.07982538019101852,MERTK,2,112010842
cg09612920,phenotype_signature_C1_vs_rest,0.10936345604452302,2.3210335494873032e-4,1,-0.03288440242966471,GRAMD1B,11,123568922
cg15700636,phenotype_signature_C1_vs_rest,0.10976602721711338,2.3308475817148265e-4,1,-0.06884588961103107,PRG2,11,57388577
cg14260098,phenotype_signature_C1_vs_rest,0.10985197569958176,2.3339438823775463e-4,1,-0.04337971242081016,STON1-GTF2A1L,2,48607880
cg05446908,phenotype_signature_C1_vs_rest,0.11000842295543954,2.3385408234794625e-4,1,-0.06825644603169262,NA,1,24730553
cg14306023,phenotype_signature_C1_vs_rest,0.11007982393162095,2.3413325015312044e-4,1,-0.01995941938288744,C3orf20,3,14673711
cg05558046,phenotype_signature_C1_vs_rest,0.11010160636129902,2.3430699008788837e-4,1,-0.03535399854663881,GAS7,17,10026784
cg02702241,phenotype_signature_C1_vs_rest,0.1102643182228454,2.3498922600138748e-4,1,-0.0206604600829125,LINC00824,8,128524920
cg14501993,phenotype_signature_C1_vs_rest,0.1102643182228454,2.3502186000822116e-4,1,-0.03305893929261821,LOC100505736,2,28161742
cg20764098,phenotype_signature_C1_vs_rest,0.1102643182228454,2.350368312928935e-4,1,-0.0272826504339082,CLIP1,12,122341419
cg04533024,phenotype_signature_C1_vs_rest,0.1102643182228454,2.3516365001146104e-4,1,-0.0379085499161251,NA,10,91000664
cg04046848,phenotype_signature_C1_vs_rest,0.11029742835345714,2.3536190147540592e-4,1,-0.07298438740326785,NA,11,95344985
cg21086803,phenotype_signature_C1_vs_rest,0.11052490693387867,2.3609917411690533e-4,1,-0.04880663628583531,ADA,20,44636474
cg17096845,phenotype_signature_C1_vs_rest,0.11052490693387867,2.3610311403542437e-4,1,-0.13903443025020532,NA,17,41487428
cg16458417,phenotype_signature_C1_vs_rest,0.11055766779215924,2.3634161709176657e-4,1,-0.04327757078654799,GAPT,5,58490181
cg04418434,phenotype_signature_C1_vs_rest,0.11055766779215924,2.3642897323608605e-4,1,-0.03924723648559437,RREB1,6,7110540
cg19249157,phenotype_signature_C1_vs_rest,0.1105662413481876,2.3669248468101057e-4,1,-0.02705026659653702,PHLDB3,19,43506219
cg17672432,phenotype_signature_C1_vs_rest,0.1105662413481876,2.367032032491356e-4,1,-0.03900465074230815,NA,2,239503782
cg15701434,phenotype_signature_C1_vs_rest,0.11060896810872742,2.369226709760024e-4,1,-0.04131680729430021,SOCS5,2,46701376
cg16122287,phenotype_signature_C1_vs_rest,0.1106322200020206,2.3722365657918973e-4,1,-0.05602821309459659,PHF20,20,34364813
cg21219252,phenotype_signature_C1_vs_rest,0.1106322200020206,2.372285242222944e-4,1,-0.02418545805074853,NA,9,133026576
cg09287328,phenotype_signature_C1_vs_rest,0.11085096148487268,2.3782584845369092e-4,1,0.05852789605333906,NA,10,132417983
cg13911596,phenotype_signature_C1_vs_rest,0.1110652272273606,2.3884217774624688e-4,1,-0.01727071988161714,NIPSNAP3A,9,104752770
cg04001268,phenotype_signature_C1_vs_rest,0.1110652272273606,2.390035634495831e-4,1,-0.06888338162568225,CEP63,3,134496502
cg03748883,phenotype_signature_C1_vs_rest,0.1110652272273606,2.391429586775212e-4,1,-0.03544625390273076,NA,18,2326113
cg15218498,phenotype_signature_C1_vs_rest,0.1110652272273606,2.3914811510780928e-4,1,-0.02890195665528206,NA,14,38948281
cg03189469,phenotype_signature_C1_vs_rest,0.1110652272273606,2.391929014545218e-4,1,-0.07192261490022159,NA,13,109698190
cg08945642,phenotype_signature_C1_vs_rest,0.1110652272273606,2.392637696044169e-4,1,-0.03278700562024502,CCDC127,5,205748
cg21281732,phenotype_signature_C1_vs_rest,0.1110652272273606,2.3928152381414195e-4,1,-0.0189401987157721,MIR6854,9,98230368
cg23812680,phenotype_signature_C1_vs_rest,0.1110652272273606,2.393534797091181e-4,1,0.01266696709882135,NA,6,27593279
cg22294423,phenotype_signature_C1_vs_rest,0.1110652272273606,2.394422721055703e-4,1,-0.03642960208574725,KCNT2,1,196466403
cg00601200,phenotype_signature_C1_vs_rest,0.11114578086326014,2.3974455365389065e-4,1,-0.02688657787632412,PLAA,9,26943140
cg14442044,phenotype_signature_C1_vs_rest,0.11130849603623948,2.4022773152352717e-4,1,-0.03075054597195432,CEP250,20,35462747
cg01445399,phenotype_signature_C1_vs_rest,0.11130849603623948,2.4042842675022652e-4,1,-0.06448974325807832,LOC339524,1,87131251
cg05804736,phenotype_signature_C1_vs_rest,0.11130849603623948,2.4053345772848407e-4,1,-0.06509708329805611,NA,17,16877012
cg04738349,phenotype_signature_C1_vs_rest,0.11130849603623948,2.4061076129627124e-4,1,-0.02415970310200779,NA,3,50632952
cg13211024,phenotype_signature_C1_vs_rest,0.11134654415840926,2.408218589230447e-4,1,-0.03373879335579672,CACHD1,1,64481506
cg09242846,phenotype_signature_C1_vs_rest,0.11135595184530853,2.4097106753294203e-4,1,-0.04488805028365702,NA,11,97684260
cg25621420,phenotype_signature_C1_vs_rest,0.11156637889296923,2.416277949354828e-4,1,-0.09270260027802024,CHRM1,11,62922182
cg16881603,phenotype_signature_C1_vs_rest,0.11156637889296923,2.417314164112485e-4,1,-0.01982257717632171,NA,8,130544538
cg10271974,phenotype_signature_C1_vs_rest,0.11156637889296923,2.4181374071521143e-4,1,-0.07571369800727351,NA,1,64453953
cg09994537,phenotype_signature_C1_vs_rest,0.11196097082479764,2.4287200679324643e-4,1,-0.0481966152627338,ZHX3,20,41262325
cg02452102,phenotype_signature_C1_vs_rest,0.11196097082479764,2.4299148021827968e-4,1,-0.0567461869676312,TRIM62,1,33149791
cg11215612,phenotype_signature_C1_vs_rest,0.11196097082479764,2.4305768113401383e-4,1,-0.04448809821940788,KCNJ6,21,37828039
cg12398777,phenotype_signature_C1_vs_rest,0.11196289466491748,2.432327686915728e-4,1,0.05249456849121634,LINC00968,8,56559910
cg00637085,phenotype_signature_C1_vs_rest,0.11196289466491748,2.433209854061728e-4,1,-0.03897703803856511,NA,5,127616699
cg13657404,phenotype_signature_C1_vs_rest,0.1120452978432837,2.4362972561254277e-4,1,-0.03406567228011702,NA,16,15475561
cg15751789,phenotype_signature_C1_vs_rest,0.1122396197777264,2.4426682314263867e-4,1,-0.01850932428519917,NA,3,196237263
cg14529015,phenotype_signature_C1_vs_rest,0.1122396197777264,2.443916611284344e-4,1,-0.02148926255906575,SUSD3,9,93067889
cg09975865,phenotype_signature_C1_vs_rest,0.1122396197777264,2.4453672991807743e-4,1,-0.02964446328633507,TEC,4,48268104
cg22501143,phenotype_signature_C1_vs_rest,0.1122396197777264,2.4457718474544767e-4,1,-0.04032407418658372,HP1BP3,1,20783943
cg05840984,phenotype_signature_C1_vs_rest,0.1122396197777264,2.4483185719525487e-4,1,-0.05673157083772459,SNORD85,1,30969582
cg05365320,phenotype_signature_C1_vs_rest,0.1122396197777264,2.4498110697388333e-4,1,-0.02303687005762503,KIF21B,1,201002211
cg11775807,phenotype_signature_C1_vs_rest,0.1122396197777264,2.4513352896413825e-4,1,-0.00724642489594526,NA,11,116346199
cg17723759,phenotype_signature_C1_vs_rest,0.1122396197777264,2.452223112604471e-4,1,-0.01888787803559576,SLC20A1,2,112652208
cg19420497,phenotype_signature_C1_vs_rest,0.1122396197777264,2.4533275525159e-4,1,-0.03309178492935161,NA,13,48808927
cg11202380,phenotype_signature_C1_vs_rest,0.1122396197777264,2.453510976774053e-4,1,-0.04280184926106391,AK2,1,33008304
cg09975562,phenotype_signature_C1_vs_rest,0.1122731883908224,2.456159858051035e-4,1,-0.00724717174781032,HDAC4,2,239197338
cg06281325,phenotype_signature_C1_vs_rest,0.1122731883908224,2.456843231827794e-4,1,-0.03615011422465012,NA,6,106798128
cg14980016,phenotype_signature_C1_vs_rest,0.11235464235369252,2.4612442920863827e-4,1,-0.0616904048154626,FAM131B,7,143364064
cg02698198,phenotype_signature_C1_vs_rest,0.11235464235369252,2.461576220199485e-4,1,-0.0763016546919096,VTI1A,10,112677793
cg04565613,phenotype_signature_C1_vs_rest,0.11235464235369252,2.462526183100816e-4,1,-0.00879160867905548,USP34,2,61288767
cg14443219,phenotype_signature_C1_vs_rest,0.11269428095226652,2.4740321155692475e-4,1,-0.07164474332436467,NA,19,10260244
cg00536175,phenotype_signature_C1_vs_rest,0.11269428095226652,2.4746765982189354e-4,1,-0.02857868284685517,GATA1,23,48786616
cg12769172,phenotype_signature_C1_vs_rest,0.11269428095226652,2.476258996533051e-4,1,-0.01004631751458384,CD163L1,12,7379419
cg26443922,phenotype_signature_C1_vs_rest,0.11269428095226652,2.4771579452431317e-4,1,-0.0211952235201894,UNKL,16,1399478
cg08068963,phenotype_signature_C1_vs_rest,0.11269428095226652,2.4771811961638154e-4,1,-0.03333600736812822,NA,12,46386301
cg24085719,phenotype_signature_C1_vs_rest,0.11269428095226652,2.479670312814751e-4,1,0.01026958258988734,CXorf38,23,40647225
cg06410620,phenotype_signature_C1_vs_rest,0.11269428095226652,2.480422813948858e-4,1,-0.07900754515669926,STX3,11,59787049
cg13090941,phenotype_signature_C1_vs_rest,0.11269428095226652,2.4807527187748114e-4,1,-0.07182892775887634,GNAO1,16,56356112
cg21486973,phenotype_signature_C1_vs_rest,0.11269428095226652,2.483643936133072e-4,1,-0.07556196499229356,NA,3,151974354
cg19419519,phenotype_signature_C1_vs_rest,0.11269428095226652,2.4841998781146803e-4,1,-0.03113922267566889,LGALS4,19,38813058
cg05852625,phenotype_signature_C1_vs_rest,0.11269428095226652,2.4843153196899123e-4,1,-0.02452911032878092,NA,12,128748582
cg15327349,phenotype_signature_C1_vs_rest,0.1127533620756378,2.4877777503700354e-4,1,-0.01945433936366361,INPP4A,2,98509827
cg20836212,phenotype_signature_C1_vs_rest,0.1127533620756378,2.488227319710436e-4,1,-0.06752928589962282,VKORC1L1,7,65954198
cg00805874,phenotype_signature_C1_vs_rest,0.1128901695752761,2.492592923382402e-4,1,-0.01842751276337534,ZBTB12,6,31867847
cg21824343,phenotype_signature_C1_vs_rest,0.1128901695752761,2.493859109499279e-4,1,-0.052587056122833833,WDR81,17,1730420
cg25386133,phenotype_signature_C1_vs_rest,0.11296301142650952,2.4998121646496594e-4,1,-0.01577926328522318,FAM189B,1,155248039
cg26982636,phenotype_signature_C1_vs_rest,0.11296301142650952,2.5002876561216694e-4,1,-0.01502689289279117,CDPF1,22,46249289
cg25926955,phenotype_signature_C1_vs_rest,0.11296301142650952,2.504550714026044e-4,1,-0.05708715695016745,XXYLT1,3,195141504
cg15909737,phenotype_signature_C1_vs_rest,0.11296301142650952,2.5045992421863226e-4,1,-0.03823514728023767,MITF,3,69762494
cg08288523,phenotype_signature_C1_vs_rest,0.11296301142650952,2.5052138714654445e-4,1,-0.04427678279569561,CORO2A,9,98121990
cg13792581,phenotype_signature_C1_vs_rest,0.11296301142650952,2.5060635658177415e-4,1,-0.04502548958875893,TOMM34,20,44961474
cg27449041,phenotype_signature_C1_vs_rest,0.11296301142650952,2.50691400215172e-4,1,-0.05540503803041423,RERE,1,8790247
cg01157420,phenotype_signature_C1_vs_rest,0.11296301142650952,2.50928641773388e-4,1,-0.04185462169463475,C10orf88,10,122933459
cg27587032,phenotype_signature_C1_vs_rest,0.11296301142650952,2.5100333482789005e-4,1,-0.02125436764793658,NA,5,77955963
cg04438688,phenotype_signature_C1_vs_rest,0.11296301142650952,2.510140493904658e-4,1,-0.01248243873311682,GPR89B,1,147403451
cg00911364,phenotype_signature_C1_vs_rest,0.11296301142650952,2.511062509343791e-4,1,-0.00460397009369514,LOC100128977,17,45845434
cg02194711,phenotype_signature_C1_vs_rest,0.11296301142650952,2.5111548078384914e-4,1,-0.04313300394257394,NA,7,138350851
cg22466238,phenotype_signature_C1_vs_rest,0.1130652310359232,2.514986248941018e-4,1,-0.01803717960558866,DHX15,4,24564491
cg24287994,phenotype_signature_C1_vs_rest,0.1130652310359232,2.5180092460493184e-4,1,-0.05374373031816699,USP6NL,10,11601805
cg01063112,phenotype_signature_C1_vs_rest,0.1130652310359232,2.519838890778485e-4,1,-0.04418492919674505,PARN,16,14523397
cg04333123,phenotype_signature_C1_vs_rest,0.1130652310359232,2.5209197117563603e-4,1,-0.01911911406846752,SPATA13,13,24220113
cg08467103,phenotype_signature_C1_vs_rest,0.1130652310359232,2.523011823547197e-4,1,0.08486647900994146,SPRED2,2,65366799
cg08131626,phenotype_signature_C1_vs_rest,0.1130652310359232,2.5231390997836696e-4,1,-0.01291100822081777,GZF1,20,23372367
cg07778428,phenotype_signature_C1_vs_rest,0.1130652310359232,2.525001853218588e-4,1,-0.0705840597041688,PAXBP1,21,32757890
cg26450044,phenotype_signature_C1_vs_rest,0.1130652310359232,2.525299513897641e-4,1,-0.01362103667859331,NA,16,21927746
cg03104352,phenotype_signature_C1_vs_rest,0.1130652310359232,2.525812798892319e-4,1,-0.04384244350817841,PLA2G4A,1,186874007
cg19750992,phenotype_signature_C1_vs_rest,0.1130652310359232,2.5265110898356735e-4,1,-0.04244586526772255,PCCA,13,100162123
cg20852154,phenotype_signature_C1_vs_rest,0.11338727679220494,2.535019519280635e-4,1,-0.04524407886765991,KCNH2,7,150956127
cg06341464,phenotype_signature_C1_vs_rest,0.11352344674451836,2.5393775927979564e-4,1,-0.00986908280693795,PTPRG,3,62214615
cg15264676,phenotype_signature_C1_vs_rest,0.11370995585598748,2.544865424433199e-4,1,-0.02942386743637166,WDR43,2,28910317
cg24254621,phenotype_signature_C1_vs_rest,0.1138689103518494,2.5507143704633207e-4,1,-0.04808979984700647,PIK3R6,17,8864950
cg00772257,phenotype_signature_C1_vs_rest,0.1138689103518494,2.551218861212442e-4,1,0.08294907040913815,NA,7,115891
cg21954542,phenotype_signature_C1_vs_rest,0.1138689103518494,2.5533829340287814e-4,1,-0.01631261282124779,EIF4A3,17,80139347
cg15020980,phenotype_signature_C1_vs_rest,0.1138689103518494,2.553693658776282e-4,1,-0.00729169756349892,ZNF710,15,90038029
cg17365440,phenotype_signature_C1_vs_rest,0.11394646894053714,2.557763535831601e-4,1,-0.06089990079735888,MUC13,3,124927679
cg13595415,phenotype_signature_C1_vs_rest,0.11394646894053714,2.55807022080192e-4,1,-0.02363332418393267,NA,9,94018471
cg17860705,phenotype_signature_C1_vs_rest,0.1144046505494174,2.571441181510327e-4,1,-0.04437878919411354,NA,2,101197794
cg17518427,phenotype_signature_C1_vs_rest,0.1144046505494174,2.572111536111024e-4,1,-0.05271767274206623,RASSF3,12,64683077
cg15329179,phenotype_signature_C1_vs_rest,0.1144046505494174,2.572327970282057e-4,1,-0.01961701345437833,IL13,5,132658036
cg03424182,phenotype_signature_C1_vs_rest,0.11444532782371462,2.5745669429602804e-4,1,-0.02440476092103029,APBA1,9,69472413
cg14943837,phenotype_signature_C1_vs_rest,0.11466660663217312,2.5820607283504683e-4,1,-0.07379710570891974,TBC1D10A,22,30308829
cg07564598,phenotype_signature_C1_vs_rest,0.11466660663217312,2.583336644309215e-4,1,-0.03601742634946979,WSB1,17,25619946
cg16306670,phenotype_signature_C1_vs_rest,0.11466660663217312,2.5838385024063674e-4,1,-0.02802547747231939,NA,10,6603875
cg04558094,phenotype_signature_C1_vs_rest,0.11466660663217312,2.58506962074419e-4,1,-0.04848327452214476,IMPAD1,8,56982616
cg19861623,phenotype_signature_C1_vs_rest,0.11466660663217312,2.586179472200555e-4,1,-0.03301207715271774,TTC7B,14,90632679
cg03060158,phenotype_signature_C1_vs_rest,0.11473315194683692,2.589008025166082e-4,1,-0.04916099423931487,IP6K2,3,48718423
cg04004607,phenotype_signature_C1_vs_rest,0.11478806590051852,2.5921468011446574e-4,1,-0.05113167717503905,TMEM8A,16,372053
cg13661548,phenotype_signature_C1_vs_rest,0.11478806590051852,2.5929038483717235e-4,1,-0.0216268025017227,SRSF7,2,38747193
cg01495082,phenotype_signature_C1_vs_rest,0.1149111046850546,2.5970128802561544e-4,1,-0.03634048590063093,C1orf186,1,206101260
cg16154713,phenotype_signature_C1_vs_rest,0.1149761112484778,2.600836531537375e-4,1,-0.02534737346223688,ASAP1,8,130356187
cg25739760,phenotype_signature_C1_vs_rest,0.1149761112484778,2.6017332467760017e-4,1,-0.02531138107065605,PRICKLE2-AS3,3,64186832
cg05411579,phenotype_signature_C1_vs_rest,0.1149761112484778,2.603128124060935e-4,1,-0.07004337922692018,PVRL1,11,119565803
cg27093563,phenotype_signature_C1_vs_rest,0.1149761112484778,2.6052080501020816e-4,1,-0.0532606635754216,PHF21A,11,45997766
cg11907276,phenotype_signature_C1_vs_rest,0.1149761112484778,2.605631189168645e-4,1,-0.0466069587636088,NA,2,207261045
cg08698687,phenotype_signature_C1_vs_rest,0.1149761112484778,2.606465088731705e-4,1,-0.04830045989407539,GRAMD1B,11,123526582
cg03195969,phenotype_signature_C1_vs_rest,0.11509603642154956,2.6105156429220453e-4,1,-0.03391074334298734,NA,10,6001443
cg06383022,phenotype_signature_C1_vs_rest,0.1152434965843694,2.616809698271198e-4,1,-0.06886593197907177,TEKT4,2,95537049
cg25595500,phenotype_signature_C1_vs_rest,0.1152434965843694,2.6183102066619957e-4,1,-0.03931633749427169,NA,6,113039167
cg18067163,phenotype_signature_C1_vs_rest,0.1152434965843694,2.618703202726099e-4,1,-0.01708775046811136,NA,3,128584482
cg24830730,phenotype_signature_C1_vs_rest,0.1152434965843694,2.619194624229319e-4,1,-0.07534138655606028,KCNH2,7,150956107
cg00407815,phenotype_signature_C1_vs_rest,0.11527111740027092,2.62115629763667e-4,1,-0.05558234822421629,MIR548AZ,14,64442533
cg17357214,phenotype_signature_C1_vs_rest,0.1155750348133116,2.630706799879021e-4,1,-0.05935595869580863,FZR1,19,3517735
cg10454881,phenotype_signature_C1_vs_rest,0.1155750348133116,2.630988789061804e-4,1,-0.0424869258462294,CELF2,10,11098991
cg22856450,phenotype_signature_C1_vs_rest,0.1155750348133116,2.632607608879802e-4,1,-0.02953344048342766,GFOD1,6,13409503
cg14898111,phenotype_signature_C1_vs_rest,0.1155750348133116,2.635591181808357e-4,1,0.10761449367963676,NA,6,11463290
cg02453919,phenotype_signature_C1_vs_rest,0.1155750348133116,2.6361211126118075e-4,1,-0.04901072029611229,ITGAE,17,3748245
cg07386061,phenotype_signature_C1_vs_rest,0.1155750348133116,2.6378624901767536e-4,1,-0.07042123915886427,NISCH,3,52458858
cg08087541,phenotype_signature_C1_vs_rest,0.1155750348133116,2.6384355777878994e-4,1,-0.03271348207095154,CD151,11,837257
cg09654881,phenotype_signature_C1_vs_rest,0.1155750348133116,2.6394978945133745e-4,1,-0.03845064128537754,NFIA,1,61586157
cg02059080,phenotype_signature_C1_vs_rest,0.1155750348133116,2.6401040409728505e-4,1,-0.03048074565190803,ZNF428,19,43620514
cg13917481,phenotype_signature_C1_vs_rest,0.11568799578091372,2.644023177257064e-4,1,-0.01879508111174014,NA,6,2994920
cg22022320,phenotype_signature_C1_vs_rest,0.11578226261944236,2.6475689033499485e-4,1,-0.03933802980783145,ACO1,9,32426876
cg24747377,phenotype_signature_C1_vs_rest,0.11578226261944236,2.648857298237319e-4,1,-0.04651799554310919,MYRFL,12,69898308
cg23818739,phenotype_signature_C1_vs_rest,0.11589667656239226,2.652816012002656e-4,1,-0.04697688936213607,FARP2,2,241372949
cg13298538,phenotype_signature_C1_vs_rest,0.11595892646229589,2.6574204546381513e-4,1,-0.06425969168395136,NA,12,1650555
cg24460956,phenotype_signature_C1_vs_rest,0.11595892646229589,2.6585203195915674e-4,1,-0.05465227419680159,CEP128,14,80940981
cg17215325,phenotype_signature_C1_vs_rest,0.11595892646229589,2.6615507545069367e-4,1,-0.01421247116514857,CLASP2,3,33688784
cg07636225,phenotype_signature_C1_vs_rest,0.11595892646229589,2.662688107149873e-4,1,-0.07427875731353016,RTN3,11,63699515
cg27658938,phenotype_signature_C1_vs_rest,0.11595892646229589,2.662766939895131e-4,1,-0.07430315072071901,VWA2,10,114266625
cg18714358,phenotype_signature_C1_vs_rest,0.11595892646229589,2.6656396896299403e-4,1,-0.03566531012876668,NF1P1,15,21135675
cg09655341,phenotype_signature_C1_vs_rest,0.11595892646229589,2.666508562399632e-4,1,-0.029195813817136,PDE6G,17,81651070
cg17252233,phenotype_signature_C1_vs_rest,0.11595892646229589,2.6665173285407795e-4,1,-0.05455517641238115,CHCHD3,7,132882643
cg02207673,phenotype_signature_C1_vs_rest,0.11595892646229589,2.667060700398228e-4,1,-0.00841188244119796,EXOSC10,1,11077560
cg17393083,phenotype_signature_C1_vs_rest,0.11595892646229589,2.668004214048287e-4,1,-0.01479020709974458,NA,3,171956262
cg24438311,phenotype_signature_C1_vs_rest,0.11595892646229589,2.670134814866612e-4,1,-0.01762957985660815,MIR548AZ,14,64424053
cg06740995,phenotype_signature_C1_vs_rest,0.11595892646229589,2.672615542194785e-4,1,-0.02846663587937974,CAPN2,1,223705739
cg13931250,phenotype_signature_C1_vs_rest,0.11595892646229589,2.672847985925135e-4,1,-0.01327940130268902,FAM163A,1,179808237
cg12105623,phenotype_signature_C1_vs_rest,0.11595892646229589,2.673027216425969e-4,1,-0.02267818806351343,LUC7L,16,227864
cg09595384,phenotype_signature_C1_vs_rest,0.11619067359739176,2.680857667161699e-4,1,-0.04382817204033074,NA,11,134454703
cg23097139,phenotype_signature_C1_vs_rest,0.11619067359739176,2.681058461395671e-4,1,-0.04203451440472345,SNUPN,15,75626416
cg09489470,phenotype_signature_C1_vs_rest,0.11621949316858476,2.683605291875264e-4,1,-0.04173777584742372,NA,11,102288888
cg21652108,phenotype_signature_C1_vs_rest,0.11621949316858476,2.684413255590396e-4,1,-0.05541585597318779,NA,12,12792017
cg21211696,phenotype_signature_C1_vs_rest,0.11622585111106865,2.685905079995233e-4,1,-0.04453430472127739,GON4L,1,155771334
cg00640314,phenotype_signature_C1_vs_rest,0.11631586581021484,2.6903492898931893e-4,1,-0.0284842052164999,SNORD87,8,66923618
cg14145635,phenotype_signature_C1_vs_rest,0.11631586581021484,2.691354880256092e-4,1,-0.02627617387325604,MBOAT1,6,20201350
cg05247870,phenotype_signature_C1_vs_rest,0.11631586581021484,2.692025415645826e-4,1,-0.0566734552619356,LINC01014,3,178437083
cg12775021,phenotype_signature_C1_vs_rest,0.11631586581021484,2.693821710611477e-4,1,-0.02573979961313601,NA,15,92878592
cg23532980,phenotype_signature_C1_vs_rest,0.11631586581021484,2.696352656494965e-4,1,-0.03697482620598126,GJB3,1,34785134
cg03708153,phenotype_signature_C1_vs_rest,0.11631586581021484,2.696673309628945e-4,1,-0.02904757950783158,CCDC109B,4,109589842
cg22710238,phenotype_signature_C1_vs_rest,0.11631586581021484,2.6980649323030993e-4,1,-0.02506041773225309,NA,4,12224722
cg13791644,phenotype_signature_C1_vs_rest,0.11631586581021484,2.6987533553064823e-4,1,-0.0357999167341689,RAB11FIP2,10,118034855
cg15119324,phenotype_signature_C1_vs_rest,0.11645304429185556,2.7032837608367e-4,1,-0.06461249749350327,FNDC3B,3,172146626
cg18200585,phenotype_signature_C1_vs_rest,0.11654447068060464,2.7067547451834113e-4,1,-0.01226310833828212,NA,4,110298378
cg18189290,phenotype_signature_C1_vs_rest,0.11680021231112156,2.7140690230078235e-4,1,-0.01239741871197845,NA,14,72595145
cg14756780,phenotype_signature_C1_vs_rest,0.11680021231112156,2.715397598258677e-4,1,-0.0527054845075286,MYH11,16,15794549
cg11388488,phenotype_signature_C1_vs_rest,0.11681103401222472,2.7170009253530824e-4,1,-0.07161978660556045,FAM53B,10,124689006
cg26131735,phenotype_signature_C1_vs_rest,0.11681931694958218,2.7185454223980246e-4,1,-0.02594099207080724,NA,2,212911398
cg13924073,phenotype_signature_C1_vs_rest,0.11682548262860155,2.7213186495282995e-4,1,-0.04083602390106099,CD247,1,167434090
cg03512256,phenotype_signature_C1_vs_rest,0.11682548262860155,2.7213927240968597e-4,1,-0.04538309844772365,RPS6KA2,6,166721763
cg09918091,phenotype_signature_C1_vs_rest,0.1169824833326006,2.726403704809543e-4,1,-0.02863154742958676,NA,10,97780417
cg14876453,phenotype_signature_C1_vs_rest,0.1170330178507682,2.729491347022234e-4,1,-0.03469617635137798,NA,20,4050846
cg09597192,phenotype_signature_C1_vs_rest,0.1170330178507682,2.73382928113107e-4,1,-0.04754591836304374,AGPAT1,6,32173814
cg24194194,phenotype_signature_C1_vs_rest,0.1170330178507682,2.734924216312387e-4,1,-0.02292637979701723,EXOC3,5,445904
cg07789225,phenotype_signature_C1_vs_rest,0.1170330178507682,2.735610159703821e-4,1,-0.01016023543840808,CSNK2A1,20,487109
cg00014825,phenotype_signature_C1_vs_rest,0.1170330178507682,2.736422939066875e-4,1,-0.05245500842391966,PITPNC1,17,65602810
cg17918185,phenotype_signature_C1_vs_rest,0.1170330178507682,2.738558390551485e-4,1,-0.0477624795106665,NA,5,122154979
cg26793227,phenotype_signature_C1_vs_rest,0.1170330178507682,2.740701793531162e-4,1,0.06809413933655162,EPHA2,1,16157163
cg06595153,phenotype_signature_C1_vs_rest,0.1170330178507682,2.7431983478883655e-4,1,-0.03748002591052978,PLXNC1,12,94225860
cg26863842,phenotype_signature_C1_vs_rest,0.1170330178507682,2.7438725481995085e-4,1,-0.04121495523162132,BAT1,6,31538946
cg00430037,phenotype_signature_C1_vs_rest,0.1170330178507682,2.744817369072223e-4,1,-0.04940078368844274,ZSCAN25,7,99623352
cg15308037,phenotype_signature_C1_vs_rest,0.1170330178507682,2.744826340100511e-4,1,-0.03161411375336615,NPAS2,2,100924910
cg14563948,phenotype_signature_C1_vs_rest,0.1170330178507682,2.745031353894113e-4,1,-0.05163601984631783,HNRNPLL,2,38600322
cg01009225,phenotype_signature_C1_vs_rest,0.1170330178507682,2.745919063121705e-4,1,-0.04296327313944606,SND1,7,127887809
cg03353765,phenotype_signature_C1_vs_rest,0.1170330178507682,2.7465487290899204e-4,1,-0.03284903644508696,CBFA2T3,16,88901503
cg17660709,phenotype_signature_C1_vs_rest,0.1170330178507682,2.7484726422273613e-4,1,-0.0750944738767311,SLC4A5,2,74304488
cg08376577,phenotype_signature_C1_vs_rest,0.1170330178507682,2.7503229044061603e-4,1,-0.02519588280869426,NA,12,29121779
cg14453864,phenotype_signature_C1_vs_rest,0.1170330178507682,2.751902243212845e-4,1,-0.02977925394125347,SLC1A3,5,36648677
cg04476695,phenotype_signature_C1_vs_rest,0.1170330178507682,2.753161484695611e-4,1,-0.07065544049727672,HPX,11,6434236
cg19490082,phenotype_signature_C1_vs_rest,0.1170330178507682,2.754663871575692e-4,1,-0.05810638738769449,NA,2,47725216
cg00924612,phenotype_signature_C1_vs_rest,0.1170330178507682,2.7557167862720576e-4,1,-0.04725932477319697,MIB1,18,21754420
cg04188234,phenotype_signature_C1_vs_rest,0.1170330178507682,2.7560219883343817e-4,1,-0.06925990264977842,P2RY2,11,73219411
cg26316404,phenotype_signature_C1_vs_rest,0.1170394633839763,2.7575281599738906e-4,1,-0.03493734509874913,NA,17,7880920
cg15536446,phenotype_signature_C1_vs_rest,0.11709494382310771,2.7601903434542815e-4,1,-0.01529007834028992,INTS4,11,77990965
cg09237247,phenotype_signature_C1_vs_rest,0.11729124307510558,2.7713427267218996e-4,1,-0.05369530797188587,LINC00332,13,40181588
cg00869582,phenotype_signature_C1_vs_rest,0.11729124307510558,2.7713484356448254e-4,1,-0.05583926183622152,SNX29,16,12470888
cg26358659,phenotype_signature_C1_vs_rest,0.11729124307510558,2.7740560899827525e-4,1,-0.02063821274095652,FHIT,3,60754341
cg12157806,phenotype_signature_C1_vs_rest,0.11729124307510558,2.7746026089012644e-4,1,-0.02606200751694754,EPS15L1,19,16399390
cg03327816,phenotype_signature_C1_vs_rest,0.11729124307510558,2.776642806962514e-4,1,-0.03704659630073639,MAML3,4,139958690
cg07228139,phenotype_signature_C1_vs_rest,0.11729124307510558,2.778996854616768e-4,1,-0.02245434308893095,EFNB3,17,7707673
cg12807937,phenotype_signature_C1_vs_rest,0.11729124307510558,2.7805429961366506e-4,1,-0.05618525043306625,NDUFA10,2,240026503
cg20519597,phenotype_signature_C1_vs_rest,0.11729124307510558,2.780869638439642e-4,1,-0.02854229655826084,CSTF3,11,33135060
cg19513181,phenotype_signature_C1_vs_rest,0.11729124307510558,2.7851402394932006e-4,1,-0.06141147560376951,NA,1,209749787
cg06197356,phenotype_signature_C1_vs_rest,0.11729124307510558,2.786210165564377e-4,1,-0.06092087946289432,MAN1A1,6,119648085
cg11230866,phenotype_signature_C1_vs_rest,0.11729124307510558,2.787448780426827e-4,1,-0.079893333334724,NA,6,150400090
cg21626540,phenotype_signature_C1_vs_rest,0.11729124307510558,2.7878566285379955e-4,1,-0.07158427031325842,NOL10,2,10580072
cg18337287,phenotype_signature_C1_vs_rest,0.11729124307510558,2.788096293030889e-4,1,-0.05958694285300485,ARID3A,19,930871
cg14468280,phenotype_signature_C1_vs_rest,0.11729124307510558,2.7888605600119457e-4,1,-0.03378358364125347,ZNFX1,20,49246439
cg20433238,phenotype_signature_C1_vs_rest,0.11729124307510558,2.7895597982089743e-4,1,-0.04262788929852548,ERMN,2,157326822
cg24110648,phenotype_signature_C1_vs_rest,0.11729124307510558,2.790011588934363e-4,1,-0.02263364285420533,AXIN1,16,335053
cg01846692,phenotype_signature_C1_vs_rest,0.11729124307510558,2.791462696838464e-4,1,-0.04903549987165614,SLC25A3,12,98592955
cg08311920,phenotype_signature_C1_vs_rest,0.11729124307510558,2.7951245029140463e-4,1,-0.017216678090903,NA,1,208737759
cg21831937,phenotype_signature_C1_vs_rest,0.11729124307510558,2.795736969004378e-4,1,-0.02955845498761844,TCF12,15,57227604
cg18555733,phenotype_signature_C1_vs_rest,0.11729124307510558,2.7958650691580487e-4,1,-0.03878371439107644,SLC26A4,7,107356169
cg10379517,phenotype_signature_C1_vs_rest,0.11729124307510558,2.796361043442588e-4,1,-0.04722204468693662,USP20,9,129877133
cg02153286,phenotype_signature_C1_vs_rest,0.11729124307510558,2.7964472076717355e-4,1,-0.00727752551504488,NA,6,436928
cg22597978,phenotype_signature_C1_vs_rest,0.11729124307510558,2.7967059055308136e-4,1,-0.02509460897549298,NA,5,100791584
cg23987137,phenotype_signature_C1_vs_rest,0.11729124307510558,2.798651930080257e-4,1,-0.06269679158690922,PDE4D,5,59357798
cg00154587,phenotype_signature_C1_vs_rest,0.11729124307510558,2.800181489329892e-4,1,-0.04477703243378605,AFF1,4,86951281
cg18676615,phenotype_signature_C1_vs_rest,0.11729124307510558,2.8035922715171903e-4,1,-0.050404837261901,NA,22,39984987
cg17164630,phenotype_signature_C1_vs_rest,0.11729124307510558,2.803884585876761e-4,1,-0.05406983554986495,RASGRP1,15,38846707
cg01739354,phenotype_signature_C1_vs_rest,0.11729124307510558,2.8041780233274314e-4,1,-0.04821698746846536,NA,6,170166406
cg08044536,phenotype_signature_C1_vs_rest,0.11729124307510558,2.804179220706173e-4,1,-0.02226187835317702,NA,5,53256868
cg04175911,phenotype_signature_C1_vs_rest,0.11733573524036556,2.8066007454919463e-4,1,-0.04905871544635062,NA,10,97413136
cg06223015,phenotype_signature_C1_vs_rest,0.11748152040465625,2.811447340246034e-4,1,-0.07033178953802541,PIK3R6,17,8862594
cg10244694,phenotype_signature_C1_vs_rest,0.11750250489441462,2.813309263029465e-4,1,-0.02796942202005148,ATG13,11,46668211
cg22327816,phenotype_signature_C1_vs_rest,0.11758660156110128,2.816804900500503e-4,1,-0.02774936949887996,ZNF852,3,44511534
cg25689499,phenotype_signature_C1_vs_rest,0.11758660156110128,2.8180441847388047e-4,1,-0.06111336120386719,METRNL,17,83084678
cg00066708,phenotype_signature_C1_vs_rest,0.1176771383460181,2.8215757257166505e-4,1,-0.04595301276758185,MMAA,4,145618003
cg03044250,phenotype_signature_C1_vs_rest,0.1178218428089388,2.826408781590856e-4,1,-0.0333717539453392,NA,23,46443249
cg07974987,phenotype_signature_C1_vs_rest,0.11789896879362784,2.8311283610547486e-4,1,-0.0122312401579144,MTHFS,15,79845346
cg06259584,phenotype_signature_C1_vs_rest,0.11789896879362784,2.8319468815796666e-4,1,-0.06714035863224717,PCNA,20,5122947
cg17542165,phenotype_signature_C1_vs_rest,0.11789896879362784,2.8347694033188555e-4,1,-0.05074008474974934,NA,9,89304565
cg17641443,phenotype_signature_C1_vs_rest,0.11789896879362784,2.835669584741627e-4,1,-0.06961916556847532,CPSF4L,17,73261906
cg12708340,phenotype_signature_C1_vs_rest,0.11789896879362784,2.8357316869237736e-4,1,-0.03206132453520269,BAIAP3,16,1334970
cg01103684,phenotype_signature_C1_vs_rest,0.11789896879362784,2.837450077196798e-4,1,-0.04583279372448911,LRRFIP2,3,37139020
cg27515052,phenotype_signature_C1_vs_rest,0.11789896879362784,2.8378092637724143e-4,1,-0.02589540098442561,NA,8,8655594
cg26413708,phenotype_signature_C1_vs_rest,0.11815672303199672,2.845380681055939e-4,1,-0.04840895452884964,TRERF1,6,42339070
cg11932305,phenotype_signature_C1_vs_rest,0.11817715142743904,2.8472692171597027e-4,1,-0.02871570695704673,CLTB,5,176406692
cg15705342,phenotype_signature_C1_vs_rest,0.11817715142743904,2.84870747929668e-4,1,-0.04388141595858845,DNAJC13,3,132416765
cg10671836,phenotype_signature_C1_vs_rest,0.11817715142743904,2.8499752772056646e-4,1,-0.04843299502595272,NA,12,8886667
cg14284762,phenotype_signature_C1_vs_rest,0.11832162845677796,2.854828726108162e-4,1,-0.02900705111503721,PIK3R1,5,68226314
cg04059207,phenotype_signature_C2_vs_rest,0.11834992874667752,1.7966107058662158e-6,1,-0.03045477697982892,NA,14,52369353
cg16434774,phenotype_signature_C2_vs_rest,0.11834992874667752,2.1095394357995537e-6,1,-0.2364966516579121,PDE4B,1,66723453
cg14661148,phenotype_signature_C2_vs_rest,0.11834992874667752,2.3057623601198063e-6,1,0.03677401828534184,NA,5,72557035
cg05175762,phenotype_signature_C2_vs_rest,0.11834992874667752,2.4046223616913525e-6,1,-0.16025915609236038,PTPRN2,7,157987088
cg13338289,phenotype_signature_C2_vs_rest,0.11834992874667752,2.4330394688186813e-6,1,-0.02014440662293171,KIAA1462,10,30042751
cg15313339,phenotype_signature_C2_vs_rest,0.11834992874667752,2.5144200979007844e-6,1,-0.03158068810846148,PDLIM5,4,95457276
cg11398095,phenotype_signature_C2_vs_rest,0.11834992874667752,2.60214481501735e-6,1,-0.1774692325863272,GLI2,2,121717644
cg20658797,phenotype_signature_C1_vs_rest,0.11852874484884522,2.86129723636543e-4,1,-0.02536566247045214,TBC1D3H,17,34757624
cg10354730,phenotype_signature_C1_vs_rest,0.11852874484884522,2.862569206569446e-4,1,-0.02035523680313264,AXIN1,16,307249
cg08154524,phenotype_signature_C1_vs_rest,0.1185316302813595,2.8640105447592e-4,1,-0.05638941649970803,PC,11,66876597
cg26749306,phenotype_signature_C1_vs_rest,0.11857688341055654,2.866476145917068e-4,1,-0.04843001106080208,METRNL,17,83085906
cg23272088,phenotype_signature_C1_vs_rest,0.11878088357135427,2.874105115946977e-4,1,-0.03552640115263834,KCNQ1,11,2483583
cg17832704,phenotype_signature_C1_vs_rest,0.11878088357135427,2.8742084790167783e-4,1,-0.06839389724652836,SHBG,17,7613570
cg17356452,phenotype_signature_C1_vs_rest,0.11878088357135427,2.875531254122806e-4,1,-0.0267010441863462,ZBTB38,3,141387078
cg16335893,phenotype_signature_C1_vs_rest,0.11879399493105786,2.8772233518027397e-4,1,-0.06360219089344392,NA,12,123149612
cg13285893,phenotype_signature_C1_vs_rest,0.11888048079578332,2.8806937527931463e-4,1,0.09530614079849828,NA,7,55322933
cg22573236,phenotype_signature_C1_vs_rest,0.11888906243016242,2.882277490432126e-4,1,-0.01293149790139249,FH,1,241676979
cg04827805,phenotype_signature_C1_vs_rest,0.11889815406685608,2.883873796787259e-4,1,-0.04930309650623976,FARS2,6,5567418
cg19774732,phenotype_signature_C1_vs_rest,0.11893599062671424,2.888824027824457e-4,1,-0.0277138740036399,RNF123,3,49726594
cg03031103,phenotype_signature_C1_vs_rest,0.11893599062671424,2.888882912505908e-4,1,-0.04361350094525927,TIMP2,17,78915176
cg26306329,phenotype_signature_C1_vs_rest,0.11893599062671424,2.89124562465567e-4,1,0.07369835668745987,NA,4,123479041
cg02563600,phenotype_signature_C1_vs_rest,0.11893599062671424,2.891644832377698e-4,1,-0.03873548311079056,KIAA0182,16,85675028
cg04923375,phenotype_signature_C1_vs_rest,0.11893599062671424,2.891673181416309e-4,1,-0.04684390540077569,ZNF337,20,25686680
cg23435508,phenotype_signature_C1_vs_rest,0.11896092051421402,2.8936559184134024e-4,1,-0.00811111170252205,LRRK1,15,101055160
cg16339229,phenotype_signature_C1_vs_rest,0.11906465599865793,2.897791154320099e-4,1,-0.0264137965657243,ATG7,3,11278809
cg06074533,phenotype_signature_C1_vs_rest,0.11906465599865793,2.8989348658705445e-4,1,-0.01490812416053928,ROR1,1,64140164
cg20267283,phenotype_signature_C1_vs_rest,0.11919673128367628,2.9035299270514743e-4,1,-0.08238088322872199,ZBTB48,1,6585111
cg14189551,phenotype_signature_C1_vs_rest,0.11926642882433382,2.906607854914957e-4,1,-0.01203853062231713,NA,2,131910265
cg07420170,phenotype_signature_C1_vs_rest,0.11938214819368909,2.9108095131886855e-4,1,-0.03053660878627025,LINC00486,2,32837369
cg11665613,phenotype_signature_C1_vs_rest,0.11949933979188462,2.915049763019617e-4,1,-0.00864874240111847,TNFRSF1B,1,12208826
cg02184147,phenotype_signature_C1_vs_rest,0.1195125228983106,2.917332950798179e-4,1,-0.03894697892158229,AIFM1,23,130166990
cg21072150,phenotype_signature_C1_vs_rest,0.1195125228983106,2.920188986123613e-4,1,-0.05884194463178588,NA,20,48012752
cg26516974,phenotype_signature_C1_vs_rest,0.1195125228983106,2.920461151853988e-4,1,-0.05559466848240772,NA,6,52610267
cg07908654,phenotype_signature_C1_vs_rest,0.1195125228983106,2.9215973543931866e-4,1,-0.0721425809165729,NA,13,41056916
cg08236043,phenotype_signature_C1_vs_rest,0.1195125228983106,2.9222863672609715e-4,1,-0.00542526267086649,NA,9,136794729
cg08122065,phenotype_signature_C1_vs_rest,0.11956234117439964,2.9256606613785893e-4,1,-0.04321532821579254,FAM73B,9,129038154
cg15662844,phenotype_signature_C1_vs_rest,0.11956234117439964,2.926271669612004e-4,1,-0.01060513082467087,RASA3,13,114884182
cg25878131,phenotype_signature_C1_vs_rest,0.11962155528531931,2.930021658651978e-4,1,-0.05199810868161637,ELF1,13,41020373
cg19092396,phenotype_signature_C1_vs_rest,0.11962155528531931,2.9304894571675005e-4,1,-0.04297204817625236,NA,1,1143751
cg25904344,phenotype_signature_C1_vs_rest,0.11965601691112436,2.9327183622529534e-4,1,-0.18666731174518936,NA,7,120577
cg02111099,phenotype_signature_C1_vs_rest,0.1196792689267148,2.934673192397965e-4,1,-0.02138210681687253,ERI3,1,44316046
cg21830206,phenotype_signature_C1_vs_rest,0.1196993222351944,2.93655008769999e-4,1,-0.06397183446554386,ACTN4,19,38686277
cg19978788,phenotype_signature_C1_vs_rest,0.11981444543132386,2.940760870307977e-4,1,-0.03911885984190067,RNF123,3,49726581
cg11566009,phenotype_signature_C1_vs_rest,0.11987383148494617,2.9436056435795525e-4,1,-0.03091306072398314,MRPS27,5,72308848
cg17490189,phenotype_signature_C1_vs_rest,0.1199950390757524,2.9479705880194955e-4,1,-0.03719361470658544,SLC12A4,16,67944295
cg09338041,phenotype_signature_C1_vs_rest,0.12011175125034752,2.9522278448205656e-4,1,-0.02362990196506763,PRKCE,2,46066994
cg11814087,phenotype_signature_C1_vs_rest,0.12023519556950356,2.9566533501651916e-4,1,0.1014947641758844,ZFR,5,32391029
cg05076510,phenotype_signature_C1_vs_rest,0.1203157140890118,2.960025645410056e-4,1,-0.05602264602876768,UBE3B,12,109533712
cg11987455,phenotype_signature_C1_vs_rest,0.12039726103064406,2.963425117481414e-4,1,-0.07682731568121837,ERMAP,1,42825163
cg02224988,phenotype_signature_C1_vs_rest,0.12044338594607631,2.965954198951694e-4,1,-0.0610509681295348,TTC27,2,32947733
cg10309009,phenotype_signature_C1_vs_rest,0.12047037434630035,2.96801288411383e-4,1,0.04804774730348312,NA,7,2864221
cg06920263,phenotype_signature_C1_vs_rest,0.12054308706924322,2.9734597957131644e-4,1,-0.04086494787838615,PARN,16,14506110
cg06801957,phenotype_signature_C1_vs_rest,0.12054308706924322,2.9737374321628927e-4,1,-0.05533154323076886,N4BP2L2,13,33042799
cg10441044,phenotype_signature_C1_vs_rest,0.12054308706924322,2.973989085619504e-4,1,-0.01292633197405138,PPARGC1B,5,149835486
cg25529535,phenotype_signature_C1_vs_rest,0.12086147670669745,2.983242876431295e-4,1,-0.06303974005399679,NA,10,6083752
cg17285466,phenotype_signature_C1_vs_rest,0.12097627102866317,2.9884219406390943e-4,1,-0.02878399495150609,NA,15,92848768
cg04578084,phenotype_signature_C1_vs_rest,0.12097627102866317,2.9888762468431e-4,1,-0.04864074813785096,SH3GL1,19,4372237
cg13869274,phenotype_signature_C1_vs_rest,0.12132832176475576,2.99924485700353e-4,1,0.05570100929500699,LOC101928253,6,12001336
cg16048625,phenotype_signature_C1_vs_rest,0.12132832176475576,3.000713294430279e-4,1,-0.01111889044371233,NA,18,74233797
cg23734543,phenotype_signature_C1_vs_rest,0.12132832176475576,3.0017861664735813e-4,1,-0.04815139814202518,RAPGEF1,9,131722358
cg09372094,phenotype_signature_C1_vs_rest,0.12140206703883805,3.0053449846114896e-4,1,-0.05500388487872223,TMEM245,9,109117952
cg23464586,phenotype_signature_C1_vs_rest,0.12140206703883805,3.008033878048099e-4,1,-0.04132652681600336,NA,10,114687523
cg23699170,phenotype_signature_C1_vs_rest,0.12140206703883805,3.0090695710613614e-4,1,-0.05623697882777896,SUDS3,12,118394237
cg09565310,phenotype_signature_C1_vs_rest,0.12140206703883805,3.010852632707141e-4,1,-0.05645149824218639,MCC,5,113205856
cg27462081,phenotype_signature_C1_vs_rest,0.12140206703883805,3.0125906686464285e-4,1,-0.03894629548622063,MAPK13,6,36109728
cg15376125,phenotype_signature_C1_vs_rest,0.12140206703883805,3.0128684655864036e-4,1,-0.03381567744062225,PPP1R26,9,135478390
cg27380803,phenotype_signature_C1_vs_rest,0.12140206703883805,3.015369049304378e-4,1,-0.02270393867852782,SCN4A,17,63957441
cg16745930,phenotype_signature_C1_vs_rest,0.12140206703883805,3.0158267185932094e-4,1,-0.04658997905672405,HPSE2,10,98461052
cg19230850,phenotype_signature_C1_vs_rest,0.12140206703883805,3.0162545238845165e-4,1,-0.00728542549412783,MAP1LC3A,20,34545608
cg08830502,phenotype_signature_C1_vs_rest,0.12169007991912714,3.026230072311589e-4,1,0.06495483216791115,NA,16,87554953
cg21481321,phenotype_signature_C1_vs_rest,0.12169007991912714,3.0273697880544594e-4,1,-0.03370052667266373,NA,5,14662089
cg17062760,phenotype_signature_C1_vs_rest,0.12169007991912714,3.0290235554855525e-4,1,-0.06721505486465847,NA,19,35459897
cg06743973,phenotype_signature_C1_vs_rest,0.12169007991912714,3.030747446269923e-4,1,-0.05739439421344346,SPNS1,16,28973828
cg00658852,phenotype_signature_C1_vs_rest,0.12169007991912714,3.0310556444060436e-4,1,-0.03333654997495592,NA,14,75424171
cg10897344,phenotype_signature_C1_vs_rest,0.12169007991912714,3.0318594653010205e-4,1,-0.07345956458262173,TMEM180,10,102467356
cg18927901,phenotype_signature_C1_vs_rest,0.12170526755336213,3.0336462371196503e-4,1,-0.06662408248119873,PNPLA1,6,36238043
cg04657066,phenotype_signature_C1_vs_rest,0.12175835048263003,3.038457117957626e-4,1,-0.01606411873435134,NA,1,23198642
cg23460196,phenotype_signature_C1_vs_rest,0.12175835048263003,3.039044984499241e-4,1,-0.01580623583672114,TIMMDC1,3,119497406
cg06376771,phenotype_signature_C1_vs_rest,0.12175835048263003,3.0391963681277486e-4,1,-0.01789947631242609,DERA,12,15984534
cg16182457,phenotype_signature_C1_vs_rest,0.12177101282330616,3.040921570194766e-4,1,-0.04905835248099571,POR,7,75962816
cg07100454,phenotype_signature_C1_vs_rest,0.1217830812829848,3.042632227778958e-4,1,-0.02070318509172401,HCFC2,12,104090284
cg06961278,phenotype_signature_C1_vs_rest,0.12186812774206895,3.046167293750046e-4,1,-0.03552776883113482,NA,2,113156865
cg08522236,phenotype_signature_C1_vs_rest,0.12190799812874784,3.04857460210963e-4,1,-0.00895724107751593,HMGXB4,22,35266662
cg11747742,phenotype_signature_C1_vs_rest,0.12193053790733706,3.0505492431385074e-4,1,-0.01228492326440898,GLTSCR1,19,47682998
cg19255007,phenotype_signature_C1_vs_rest,0.12214346074621649,3.057289754511547e-4,1,-0.0339418071264236,JUP,17,41769234
cg05219896,phenotype_signature_C1_vs_rest,0.12218371387581178,3.062053414528346e-4,1,-0.05690425454478037,NA,15,70199939
cg08532140,phenotype_signature_C1_vs_rest,0.12218371387581178,3.0625610961458046e-4,1,-0.02444011723345761,FAM26F,6,116782179
cg14001426,phenotype_signature_C1_vs_rest,0.12218371387581178,3.063918936400797e-4,1,-0.06512305725250717,GAS2,11,22674897
cg15999467,phenotype_signature_C1_vs_rest,0.12218371387581178,3.0639529616188375e-4,1,-0.04665546758445793,OOSP1,11,59725988
cg10473157,phenotype_signature_C1_vs_rest,0.12229695743787113,3.071142172393875e-4,1,-0.00785192216938025,ERP29,12,112457551
cg17658118,phenotype_signature_C1_vs_rest,0.12229695743787113,3.071794316635448e-4,1,-0.01037718822001209,CREB3L2,7,137949306
cg07283415,phenotype_signature_C1_vs_rest,0.12229695743787113,3.0724365295352145e-4,1,-0.01218185701728282,TTLL12,22,43174056
cg18402973,phenotype_signature_C1_vs_rest,0.12229695743787113,3.0724536261863444e-4,1,-0.02919858911651141,NA,4,37716179
cg16170720,phenotype_signature_C1_vs_rest,0.12239130366568214,3.077154091978038e-4,1,-0.02034493005882679,C11orf71,11,114399169
cg16068104,phenotype_signature_C1_vs_rest,0.12239130366568214,3.0786088137731344e-4,1,-0.04235392320419754,CRYM,16,21261683
cg26314593,phenotype_signature_C1_vs_rest,0.12239130366568214,3.0790728271090385e-4,1,-0.01974234555476801,RPS3A,4,151102038
cg20073039,phenotype_signature_C1_vs_rest,0.1225491361868206,3.0844783478543647e-4,1,-0.07294263039884333,ABAT,16,8680723
cg07072405,phenotype_signature_C1_vs_rest,0.1225491361868206,3.086487554572364e-4,1,-0.06249093247937228,NA,12,105445465
cg02969453,phenotype_signature_C1_vs_rest,0.1225491361868206,3.087297946179705e-4,1,-0.04870005395776109,LRRN2,1,204653411
cg08680415,phenotype_signature_C1_vs_rest,0.1225813289077544,3.0907474752836517e-4,1,-0.02948963295592989,TUBB,6,30719145
cg19704902,phenotype_signature_C1_vs_rest,0.1225813289077544,3.0916853726758786e-4,1,-0.06151665652933164,NA,2,8305763
cg14611218,phenotype_signature_C1_vs_rest,0.1225813289077544,3.0934668675480705e-4,1,-0.03708684653162631,SGMS1,10,50503755
cg12260934,phenotype_signature_C1_vs_rest,0.1225813289077544,3.093783019050032e-4,1,-0.02887399134216371,SEPT9,17,77423331
cg17738684,phenotype_signature_C1_vs_rest,0.12260501344391016,3.098173352456069e-4,1,-0.04084153658732084,IL1RL1,2,102310818
cg24872571,phenotype_signature_C1_vs_rest,0.12260501344391016,3.098701350176887e-4,1,-0.05963406925840524,LTBP4,19,40623976
cg19818925,phenotype_signature_C1_vs_rest,0.12260501344391016,3.100051116311211e-4,1,-0.03675948625277806,ARMCX4,23,100677490
cg20127046,phenotype_signature_C1_vs_rest,0.12260501344391016,3.100055943571776e-4,1,-0.03409017207631521,NA,14,34364328
cg11784563,phenotype_signature_C1_vs_rest,0.12265052588599748,3.105069410864498e-4,1,-0.01251804876720161,ETV6,12,11757843
cg08164961,phenotype_signature_C1_vs_rest,0.12265052588599748,3.1074778653471393e-4,1,-0.02411470839119358,NA,17,62141067
cg18545655,phenotype_signature_C1_vs_rest,0.12265052588599748,3.109394932907754e-4,1,-0.00324477430560328,SPERT,13,45714030
cg00740089,phenotype_signature_C1_vs_rest,0.12265052588599748,3.110810408323621e-4,1,-0.04913340041298583,NA,7,29802505
cg05549404,phenotype_signature_C1_vs_rest,0.12265052588599748,3.1119939845566144e-4,1,-0.03040384648652918,PELI3,11,66473287
cg23196129,phenotype_signature_C1_vs_rest,0.12265052588599748,3.112482875236302e-4,1,-0.06694821128305163,NA,2,120179842
cg00729986,phenotype_signature_C1_vs_rest,0.12265052588599748,3.112852292655421e-4,1,-0.05952841255704381,CSDE1,1,114719585
cg02051878,phenotype_signature_C1_vs_rest,0.12265052588599748,3.113416307280633e-4,1,-0.05620059788362639,STRA6,15,74210374
cg08093493,phenotype_signature_C1_vs_rest,0.12265052588599748,3.115185016708156e-4,1,-0.03243974153946905,MCF2L2,3,183207977
cg09436650,phenotype_signature_C1_vs_rest,0.12265052588599748,3.1153998870541805e-4,1,-0.013107092692508,BIRC6-AS2,2,32575268
cg10631834,phenotype_signature_C1_vs_rest,0.12268502899091428,3.1176960032962693e-4,1,0.07019738662466472,B4GALT1,9,33157201
cg21900997,phenotype_signature_C1_vs_rest,0.12274816909911296,3.120720978609679e-4,1,-0.01875521172439383,SCMH1,1,41158646
cg11312681,phenotype_signature_C1_vs_rest,0.12287368129301517,3.126222489995199e-4,1,-0.02165974133889643,NA,15,63097568
cg03525023,phenotype_signature_C1_vs_rest,0.12287368129301517,3.128616437196371e-4,1,-0.0114713273172857,PRDM16,1,3087045
cg22286425,phenotype_signature_C1_vs_rest,0.12287368129301517,3.128640536047285e-4,1,-0.07573687421837828,NDRG1,8,134262129
cg03355757,phenotype_signature_C1_vs_rest,0.12287368129301517,3.1301726347959243e-4,1,0.02369112067886189,ZMYM6NB,1,34985589
cg19550294,phenotype_signature_C1_vs_rest,0.12287368129301517,3.1333587034822435e-4,1,-0.03609492277705095,NA,5,159128216
cg18974164,phenotype_signature_C1_vs_rest,0.12287368129301517,3.134943507697318e-4,1,-0.04978799776830618,PVRL1,11,119693437
cg02957515,phenotype_signature_C1_vs_rest,0.12287368129301517,3.135906936871099e-4,1,-0.02633736788686983,RFT1,3,53127062
cg16145720,phenotype_signature_C1_vs_rest,0.12287368129301517,3.1390407777748405e-4,1,-0.05468877230567765,COPS3,17,17253616
cg16463880,phenotype_signature_C1_vs_rest,0.12287368129301517,3.1401175719796064e-4,1,-0.05281518305488206,ZBTB12,6,31867707
cg17763566,phenotype_signature_C1_vs_rest,0.12287368129301517,3.140569784270423e-4,1,-0.16417770796584452,HLA-DPB2,6,33083457
cg13388253,phenotype_signature_C1_vs_rest,0.12287368129301517,3.1420221793529847e-4,1,-0.08040620691195328,KLK8,19,51002251
cg19780389,phenotype_signature_C1_vs_rest,0.12287368129301517,3.142068529076431e-4,1,-0.03916410107279347,OBSL1,2,219572134
cg27514107,phenotype_signature_C1_vs_rest,0.12287368129301517,3.1423966577357165e-4,1,-0.05995766410693162,LOC100505736,2,28151020
cg26882204,phenotype_signature_C1_vs_rest,0.1230279539065552,3.148750084218718e-4,1,-0.01677627940534604,CTBS,1,85040580
cg19881725,phenotype_signature_C1_vs_rest,0.1230279539065552,3.1491894254864896e-4,1,-0.02548512556679704,HTR4,5,148646747
cg13443800,phenotype_signature_C1_vs_rest,0.12309808828831022,3.1524091754926275e-4,1,-0.02158742687991834,NA,9,130369375
cg10555106,phenotype_signature_C1_vs_rest,0.1231228658815366,3.154468485425273e-4,1,-0.06157300541151685,LOC388588,1,3774823
cg19330871,phenotype_signature_C1_vs_rest,0.12320359780312966,3.1590002163830707e-4,1,-0.03832331166120809,LINC01069,13,77990667
cg25727952,phenotype_signature_C1_vs_rest,0.12320359780312966,3.160072141169594e-4,1,-0.0073195040628158,CRYL1,13,20425669
cg00153448,phenotype_signature_C1_vs_rest,0.12320359780312966,3.1608140272722674e-4,1,-0.03343730058573282,NA,20,1807602
cg05969360,phenotype_signature_C1_vs_rest,0.12322791552783902,3.16412390982406e-4,1,-0.037805530750874027,NA,13,79869300
cg24962381,phenotype_signature_C1_vs_rest,0.12322791552783902,3.167585148953015e-4,1,-0.04901085850925421,NA,8,125466830
cg00755791,phenotype_signature_C1_vs_rest,0.12322791552783902,3.16842288081721e-4,1,-0.02295580745637662,VCL,10,74008703
cg17163164,phenotype_signature_C1_vs_rest,0.12322791552783902,3.168510116300907e-4,1,-0.03187461808495442,FTCD,21,46157060
cg09762120,phenotype_signature_C1_vs_rest,0.12322791552783902,3.17166905369853e-4,1,-0.03416278538412835,PLEKHA8,7,30068685
cg09555673,phenotype_signature_C1_vs_rest,0.12322791552783902,3.1721887380111564e-4,1,0.05348088307009387,NA,11,64396049
cg13576859,phenotype_signature_C1_vs_rest,0.12322791552783902,3.1726523809731997e-4,1,-0.06311947872503584,FBP1,9,94640847
cg01011462,phenotype_signature_C1_vs_rest,0.12322791552783902,3.1728458887955106e-4,1,-0.05685824967749686,ARSG,17,68355227
cg24525607,phenotype_signature_C1_vs_rest,0.12331076340156172,3.177078481659598e-4,1,-0.01782889522732045,BFSP1,20,17514785
cg04524109,phenotype_signature_C1_vs_rest,0.12331076340156172,3.177832951787162e-4,1,-0.05851104679074043,TPCN1,12,113713802
cg16777199,phenotype_signature_C1_vs_rest,0.12352495630130007,3.1857023651090256e-4,1,-0.01641422239776846,NA,11,46743263
cg05035165,phenotype_signature_C1_vs_rest,0.12352495630130007,3.1873967881823265e-4,1,-0.00691079139793813,NA,6,113396550
cg16722118,phenotype_signature_C1_vs_rest,0.12352495630130007,3.189172513011199e-4,1,-0.01160810714281828,FAM115A,7,143902889
cg01357222,phenotype_signature_C1_vs_rest,0.12352495630130007,3.189846947868903e-4,1,0.08620689110408143,NA,6,137298006
cg27652393,phenotype_signature_C1_vs_rest,0.12352495630130007,3.190500079436277e-4,1,-0.0278921068772086,NA,9,2657194
cg05082204,phenotype_signature_C1_vs_rest,0.1235964755452327,3.1937775980672917e-4,1,-0.069045049823241,ACTN4,19,38680131
cg25725533,phenotype_signature_C1_vs_rest,0.123816128299895,3.2013655030996963e-4,1,-0.06856964243068436,ZNF516,18,76475349
cg03442778,phenotype_signature_C1_vs_rest,0.123816128299895,3.202319114580136e-4,1,-0.02290289684204514,NA,5,130387923
cg00965635,phenotype_signature_C1_vs_rest,0.12383565376058418,3.2042571423622956e-4,1,-0.03099048353360865,LINC00310,21,34186281
cg13265572,phenotype_signature_C1_vs_rest,0.12391812207930364,3.2078250017520326e-4,1,-0.01635812337121457,DCUN1D1,3,182976829
cg12726213,phenotype_signature_C1_vs_rest,0.12419431988439264,3.216412018965075e-4,1,-0.0785300057610924,WWP1,8,86355792
cg25287591,phenotype_signature_C1_vs_rest,0.12428296669681452,3.2201460210028757e-4,1,-0.00972195129080382,COL11A2,6,33182000
cg20257390,phenotype_signature_C1_vs_rest,0.12442392756384582,3.2252381264293164e-4,1,-0.0126924407579581,NA,8,9287634
cg24804622,phenotype_signature_C1_vs_rest,0.1244452964312453,3.2272321223861163e-4,1,-0.0520522922755523,TGFA,2,70514828
cg20020744,phenotype_signature_C1_vs_rest,0.12472944169296515,3.236044217633332e-4,1,-0.01128368481444995,NA,19,33531488
cg06830724,phenotype_signature_C1_vs_rest,0.1247744426280245,3.239893013612593e-4,1,-0.01695039854259617,MEG8,14,100893566
cg06346070,phenotype_signature_C1_vs_rest,0.1247744426280245,3.242615179023896e-4,1,-0.04446895693085118,NSDHL,23,152843967
cg24266825,phenotype_signature_C1_vs_rest,0.1247744426280245,3.242651235084337e-4,1,-0.08195346626748794,NA,3,187966823
cg15998761,phenotype_signature_C1_vs_rest,0.1247744426280245,3.242987323324404e-4,1,-0.05751098243340993,MFSD6,2,190436058
cg09267498,phenotype_signature_C2_vs_rest,0.12481938057931533,3.139556743288228e-6,1,-0.01200544934239324,SPRR2F,1,153086814
cg03529720,phenotype_signature_C2_vs_rest,0.12481938057931533,3.1813702683318098e-6,1,-0.24393449286000207,TBCD,17,80748264
cg04742780,phenotype_signature_C2_vs_rest,0.12481938057931533,3.282259918153751e-6,1,-0.07139932450432017,GATA5,20,61051915
cg09019526,phenotype_signature_C2_vs_rest,0.12481938057931533,3.4328291198901836e-6,1,0.02490477342315809,MYO10,5,16906263
cg02747151,phenotype_signature_C2_vs_rest,0.12481938057931533,3.4665951521301434e-6,1,-0.18231471326035265,ATP10A,15,25981177
cg24457337,phenotype_signature_C1_vs_rest,0.12492013845028165,3.2495620313325566e-4,1,-0.07196382981029945,WDR1,4,10093113
cg10363371,phenotype_signature_C1_vs_rest,0.12492013845028165,3.2496652352390917e-4,1,-0.05984732320624235,AXIN1,16,357654
cg04497992,phenotype_signature_C1_vs_rest,0.12498751111858192,3.2540923392184855e-4,1,-0.07180732932578637,NHLRC4,16,566212
cg02514840,phenotype_signature_C1_vs_rest,0.12498751111858192,3.254555527593769e-4,1,-0.01812723420027595,CYFIP2,5,157327855
cg18879772,phenotype_signature_C1_vs_rest,0.12498751111858192,3.2557844031964303e-4,1,-0.01830789874587579,LOC100130264,20,19265634
cg21623050,phenotype_signature_C1_vs_rest,0.12498751111858192,3.25849568429676e-4,1,-0.01946838752727577,KRT31,17,41398135
cg14431587,phenotype_signature_C1_vs_rest,0.12498751111858192,3.2590152418044576e-4,1,-0.01049420863573608,FUBP3,9,130609508
cg14255062,phenotype_signature_C1_vs_rest,0.12498751111858192,3.2600960254825965e-4,1,-0.04920420947945077,PSMD5,9,120844397
cg10003769,phenotype_signature_C1_vs_rest,0.12503039806953506,3.2629727690572266e-4,1,-0.01448973245647521,PHGR1,15,40349794
cg08526209,phenotype_signature_C1_vs_rest,0.12503039806953506,3.2641083749718923e-4,1,-0.02714722436448254,NA,3,139681477
cg00837308,phenotype_signature_C1_vs_rest,0.1250681448780462,3.267369192645908e-4,1,-0.04968613530906992,NA,16,88407080
cg12167751,phenotype_signature_C1_vs_rest,0.1250681448780462,3.268197457705773e-4,1,-0.03498241123150169,REPS1,6,138986276
cg04811932,phenotype_signature_C1_vs_rest,0.1250681448780462,3.271492738469016e-4,1,-0.02626217392451785,SMYD4,17,1734451
cg16953142,phenotype_signature_C1_vs_rest,0.1250681448780462,3.2719493949720665e-4,1,-0.03747495048862934,CYSTM1,5,140217618
cg02879798,phenotype_signature_C1_vs_rest,0.1250681448780462,3.272330279502477e-4,1,-0.02926152067753516,ADCY4,14,24331099
cg00287477,phenotype_signature_C1_vs_rest,0.12517735829877177,3.2774399911935124e-4,1,-0.06803969239638306,ACSL1,4,184800430
cg07477088,phenotype_signature_C1_vs_rest,0.12517735829877177,3.2799055826504553e-4,1,-0.0160386398114131,NA,9,134564899
cg16340177,phenotype_signature_C1_vs_rest,0.12517735829877177,3.281052689483253e-4,1,-0.02357580146939998,ABCB10,1,229549538
cg26219523,phenotype_signature_C1_vs_rest,0.12517735829877177,3.2827608122672425e-4,1,-0.05102884761235732,FAXDC2,5,154835227
cg06442372,phenotype_signature_C1_vs_rest,0.12517735829877177,3.2834079050908673e-4,1,-0.04700540523709643,RAB7L1,1,205776579
cg17879351,phenotype_signature_C1_vs_rest,0.12517735829877177,3.2844448878448554e-4,1,-0.05718452086788922,ACCS,11,44071437
cg16050349,phenotype_signature_C1_vs_rest,0.12517735829877177,3.2863078663610543e-4,1,-0.05568201259536411,PIK3CB,3,138759287
cg12377211,phenotype_signature_C1_vs_rest,0.12517735829877177,3.2867762382070883e-4,1,-0.04261209019782912,NA,9,4367191
cg16693243,phenotype_signature_C1_vs_rest,0.1252615427080099,3.290436195798685e-4,1,-0.03200904520054394,STIM1,11,4057582
cg10000813,phenotype_signature_C1_vs_rest,0.12534839852112564,3.294168306518718e-4,1,-0.02174327148938621,ODC1,2,10449947
cg06414816,phenotype_signature_C1_vs_rest,0.12540651558729454,3.2975583741322274e-4,1,-0.08778238721492335,TMEM232,5,110727136
cg14036745,phenotype_signature_C1_vs_rest,0.12540651558729454,3.302254272582817e-4,1,-0.0614984641442124,NA,11,9597005
cg13981229,phenotype_signature_C1_vs_rest,0.12540651558729454,3.302725744801205e-4,1,-0.00828105500057957,SEC24D,4,118767110
cg21261709,phenotype_signature_C1_vs_rest,0.12540651558729454,3.302902330934839e-4,1,-0.03915965046607231,SRPK2,7,105246595
cg00764217,phenotype_signature_C1_vs_rest,0.12540651558729454,3.302951673741221e-4,1,-0.05192057618654077,ST7,7,117020186
cg19138773,phenotype_signature_C1_vs_rest,0.12545730459838556,3.3057411493640456e-4,1,-0.03033301064019393,NA,8,42783962
cg12550490,phenotype_signature_C1_vs_rest,0.12550989926584055,3.3093875695753053e-4,1,-0.05678039266537976,NA,15,70171808
cg19807716,phenotype_signature_C1_vs_rest,0.12550989926584055,3.310822448389998e-4,1,-0.05668325076415215,ANGPTL1,1,178863624
cg20616301,phenotype_signature_C1_vs_rest,0.12550989926584055,3.312603667864207e-4,1,-0.01251612960366955,NA,5,130279239
cg14414338,phenotype_signature_C1_vs_rest,0.12550989926584055,3.313673302911164e-4,1,-0.04001748307326965,PHF12,17,28928336
cg05528916,phenotype_signature_C1_vs_rest,0.12550989926584055,3.314772929311063e-4,1,0.00483551902830481,NA,11,10934079
cg05988675,phenotype_signature_C1_vs_rest,0.12550989926584055,3.315841426322151e-4,1,-0.05584140803116749,GRAP2,22,39920802
cg19290984,phenotype_signature_C1_vs_rest,0.12554097418690544,3.318643396398186e-4,1,-0.01460547955445716,RIMS2,8,103740404
cg10331884,phenotype_signature_C1_vs_rest,0.12554097418690544,3.319567923433365e-4,1,-0.04249781244592567,MEGF6,1,3421598
cg10381520,phenotype_signature_C1_vs_rest,0.12575688589066647,3.3267323473886953e-4,1,-0.03648068418973616,NA,10,33108014
cg10354401,phenotype_signature_C1_vs_rest,0.1258775112426398,3.3313799911580046e-4,1,-0.03617078718623679,CHMP3,2,86561902
cg15741354,phenotype_signature_C1_vs_rest,0.1258847995536466,3.3330296218575365e-4,1,-0.09740476561394897,NA,8,8288607
cg20293044,phenotype_signature_C1_vs_rest,0.12589991573768883,3.335125162172267e-4,1,-0.05262482099904062,CDK6,7,92720694
cg07590905,phenotype_signature_C1_vs_rest,0.12589991573768883,3.336343687676559e-4,1,-0.0137006564731746,EXTL3,8,28737914
cg15863932,phenotype_signature_C1_vs_rest,0.1259045556616555,3.339537607451566e-4,1,-0.02073524595720216,POLK,5,75546958
cg20575173,phenotype_signature_C1_vs_rest,0.1259045556616555,3.342192617801064e-4,1,-0.0576685989071813,SENP7,3,101509464
cg25586083,phenotype_signature_C1_vs_rest,0.1259045556616555,3.3422270270145357e-4,1,-0.05247479858782879,NA,8,61825856
cg25383057,phenotype_signature_C1_vs_rest,0.1259045556616555,3.3437027811075113e-4,1,-0.04695829721556201,METRNL,17,83087905
cg25235094,phenotype_signature_C1_vs_rest,0.1259045556616555,3.3437515071827573e-4,1,-0.07968971187879262,EPHA10,1,38204968
cg17617535,phenotype_signature_C1_vs_rest,0.1260477867847221,3.3490140444935836e-4,1,-0.0104210608392972,DSCAML1,11,117521233
cg01613077,phenotype_signature_C1_vs_rest,0.12616833131452987,3.355361043294889e-4,1,-0.04546568071353805,RASSF2,20,4783631
cg10573254,phenotype_signature_C1_vs_rest,0.12616833131452987,3.3561995209514827e-4,1,-0.03213710117449717,ZC3H12C,11,110119794
cg17025698,phenotype_signature_C1_vs_rest,0.12616833131452987,3.3565969145717904e-4,1,-0.05149240588572956,PHF12,17,28906947
cg08223760,phenotype_signature_C1_vs_rest,0.12621846083210322,3.3595655057444177e-4,1,-0.04084851357390543,ERMAP,1,42825538
cg16347361,phenotype_signature_C1_vs_rest,0.12621846083210322,3.360851775783306e-4,1,-0.05951427313435231,TIMP2,17,78853970
cg09631059,phenotype_signature_C1_vs_rest,0.12626070794569053,3.36603171074713e-4,1,-0.0284921965348767,TSPAN4,11,856942
cg11267390,phenotype_signature_C1_vs_rest,0.12626070794569053,3.369762554373565e-4,1,-0.04660975946426537,TRPM2,21,44395381
cg05747076,phenotype_signature_C1_vs_rest,0.12626070794569053,3.369797160153988e-4,1,-0.02135642138622079,TPPP2,14,21031714
cg04936213,phenotype_signature_C1_vs_rest,0.12626070794569053,3.370427515207963e-4,1,0.1077425104162854,NA,9,121247311
cg26952381,phenotype_signature_C1_vs_rest,0.12626070794569053,3.3713126864091876e-4,1,-0.05010204887250184,PILRB,7,100357192
cg02952971,phenotype_signature_C1_vs_rest,0.12626070794569053,3.37441292702133e-4,1,-0.03177409738667194,CERK,22,46694802
cg24927974,phenotype_signature_C1_vs_rest,0.12626070794569053,3.375940688070373e-4,1,-0.06235686457972259,DPY19L1,7,35038657
cg18409302,phenotype_signature_C1_vs_rest,0.12626070794569053,3.3761984652088935e-4,1,-0.05605362005881592,CD81,11,2376073
cg19074669,phenotype_signature_C1_vs_rest,0.12626070794569053,3.3768125613370533e-4,1,-0.0780834113877311,LINC00299,2,8119938
cg11266618,phenotype_signature_C1_vs_rest,0.12626070794569053,3.3770907623559195e-4,1,-0.0075275250444372804,NA,9,2196089
cg00692151,phenotype_signature_C1_vs_rest,0.12626070794569053,3.378048731825379e-4,1,-0.02867315595290441,UBA5,3,132386753
cg11198674,phenotype_signature_C1_vs_rest,0.12627717716790685,3.3808687230314164e-4,1,-0.02297377255192025,NA,16,31238195
cg27018966,phenotype_signature_C1_vs_rest,0.12627717716790685,3.381411927144026e-4,1,-0.04912868451968384,NA,14,70885175
cg09779536,phenotype_signature_C1_vs_rest,0.126293716887011,3.384153534694267e-4,1,-0.03320359338415327,NA,1,28096488
cg15142312,phenotype_signature_C1_vs_rest,0.126293716887011,3.3875682555555676e-4,1,-0.06172247044892864,FAM69A,1,92859617
cg01294836,phenotype_signature_C1_vs_rest,0.126293716887011,3.3878805193474e-4,1,-0.06438058095390196,RPS6KA2,6,166721078
cg19618279,phenotype_signature_C1_vs_rest,0.126293716887011,3.389361412573547e-4,1,-0.048613689763247,COASY,17,42563210
cg08093568,phenotype_signature_C1_vs_rest,0.126293716887011,3.3916269352967456e-4,1,-0.01253500542313718,HIBADH,7,27586976
cg03670333,phenotype_signature_C1_vs_rest,0.126293716887011,3.393036710604564e-4,1,-0.05001472265090027,ATG14,14,55382671
cg06637168,phenotype_signature_C1_vs_rest,0.126293716887011,3.395807762923808e-4,1,-0.04696169071504863,PHF21A,11,46027112
cg14346532,phenotype_signature_C1_vs_rest,0.126293716887011,3.3958110461855653e-4,1,-0.02162444851221139,NGLY1,3,25754810
cg00093688,phenotype_signature_C1_vs_rest,0.126293716887011,3.397122547436123e-4,1,-0.05894369673769023,NDOR1,9,137218917
cg15042302,phenotype_signature_C1_vs_rest,0.126293716887011,3.3971638511174056e-4,1,0.08810116087908759,PKD1L1,7,47981215
cg04790775,phenotype_signature_C1_vs_rest,0.126293716887011,3.398978454245171e-4,1,0.0810046247222602,LOC101926913,2,171600940
cg00497086,phenotype_signature_C1_vs_rest,0.126293716887011,3.3993925313971106e-4,1,-0.05933751675872745,PRKCB,16,23858279
cg00246451,phenotype_signature_C1_vs_rest,0.12648298113938966,3.4059505400827606e-4,1,0.01273007589564977,ARHGEF2,1,155979221
cg17759562,phenotype_signature_C1_vs_rest,0.1265091855053257,3.408120143868188e-4,1,-0.02560719119728744,USP7,16,8994445
cg12450006,phenotype_signature_C1_vs_rest,0.12658896924612012,3.41173438670759e-4,1,-0.01525124264454293,NA,5,142534355
cg24640561,phenotype_signature_C1_vs_rest,0.1267903552050168,3.419501965185831e-4,1,-0.0231065497782177,NA,13,108326790
cg04943896,phenotype_signature_C1_vs_rest,0.1267903552050168,3.420896072147316e-4,1,-0.03684943695691661,KIAA1919,6,111585167
cg18254848,phenotype_signature_C1_vs_rest,0.1267903552050168,3.423376193127874e-4,1,-0.04520895816901769,CLC,19,39737309
cg23711867,phenotype_signature_C1_vs_rest,0.1267903552050168,3.423749279814947e-4,1,-0.01711988583062247,CYTSA,22,24305849
cg09369939,phenotype_signature_C1_vs_rest,0.1267903552050168,3.4250066232709294e-4,1,-0.03885831816268638,MSH2,2,47402023
cg27297010,phenotype_signature_C1_vs_rest,0.1267903552050168,3.425965332530784e-4,1,-0.04267000447748451,NA,1,101183542
cg04357789,phenotype_signature_C1_vs_rest,0.12696244162328718,3.4360225214135633e-4,1,-0.03012158198653118,NA,6,14933180
cg04141129,phenotype_signature_C1_vs_rest,0.12696244162328718,3.436356308990527e-4,1,-0.04300817710550063,BICD1,12,32377762
cg16962423,phenotype_signature_C1_vs_rest,0.12696244162328718,3.4368721776670264e-4,1,-0.12435519467205663,NA,6,31015936
cg24213414,phenotype_signature_C1_vs_rest,0.12696244162328718,3.4373557866172245e-4,1,-0.07182336014207172,NA,12,92161203
cg21550639,phenotype_signature_C1_vs_rest,0.12696244162328718,3.4395055795513347e-4,1,-0.05126847373878777,TM6SF1,15,83106941
cg23664512,phenotype_signature_C1_vs_rest,0.12696244162328718,3.4405270726232956e-4,1,-0.01202273854021523,GADL1,3,30752307
cg07307484,phenotype_signature_C1_vs_rest,0.12696244162328718,3.4408997292344234e-4,1,-0.02395795174474175,MINK1,17,4840029
cg16770549,phenotype_signature_C1_vs_rest,0.12710985786063822,3.4463658820146843e-4,1,-0.04416758396484754,VAMP1,12,6469357
cg21239418,phenotype_signature_C1_vs_rest,0.12740999098252936,3.459680769925627e-4,1,-0.03741391980645,C11orf42,11,6204390
cg23960125,phenotype_signature_C1_vs_rest,0.12740999098252936,3.4605172518325876e-4,1,-0.04224610181531815,MN1,22,27793316
cg01749347,phenotype_signature_C1_vs_rest,0.12740999098252936,3.4621287858302885e-4,1,0.02245290436291388,TFR2,7,100633362
cg04075184,phenotype_signature_C1_vs_rest,0.12740999098252936,3.462543582298547e-4,1,-0.04786046644748131,CLASP1,2,121533187
cg26076817,phenotype_signature_C1_vs_rest,0.12740999098252936,3.4625562668686035e-4,1,-0.03590149840469318,EPHA10,1,37720464
cg00569010,phenotype_signature_C1_vs_rest,0.12740999098252936,3.465489632744807e-4,1,-0.04162825154623726,PYROXD2,10,98391853
cg16348111,phenotype_signature_C1_vs_rest,0.12740999098252936,3.4663667866903806e-4,1,-0.02567009907979543,MAP3K7CL,21,29130785
cg10184255,phenotype_signature_C1_vs_rest,0.12740999098252936,3.466595779535665e-4,1,-0.0108282797729027,LAMA3,18,23927115
cg03686481,phenotype_signature_C1_vs_rest,0.12740999098252936,3.4677730166788836e-4,1,-0.01517176866592834,NA,3,194690688
cg19998289,phenotype_signature_C1_vs_rest,0.1274197376678061,3.4702388943789206e-4,1,-0.0589105316065782,RNF34,12,121861616
cg00782223,phenotype_signature_C1_vs_rest,0.1274197376678061,3.4728030560585784e-4,1,-0.03701347304285577,FER1L6,8,124017699
cg17738841,phenotype_signature_C1_vs_rest,0.1274197376678061,3.4729996258078133e-4,1,-0.06255468152905123,NA,2,30871497
cg07361747,phenotype_signature_C1_vs_rest,0.1274197376678061,3.474011761656308e-4,1,-0.05885752074320805,NA,1,10456198
cg19242112,phenotype_signature_C1_vs_rest,0.1274197376678061,3.4760037558431326e-4,1,-0.0360630234870008,SLC25A36,3,140945885
cg09385060,phenotype_signature_C1_vs_rest,0.1274197376678061,3.476885332912344e-4,1,-0.06387214829391957,SCLT1,4,128913971
cg09547024,phenotype_signature_C1_vs_rest,0.12764968824176426,3.484637130531688e-4,1,-0.02181981899950628,TJP2,9,69204646
cg01203934,phenotype_signature_C1_vs_rest,0.12783451809947632,3.4911620029203676e-4,1,-0.02999834715422692,NA,1,206105884
cg12744812,phenotype_signature_C1_vs_rest,0.12793410866387558,3.4953622806567627e-4,1,0.00328914516300917,NA,7,156810819
cg17758446,phenotype_signature_C1_vs_rest,0.1280509124683967,3.500963706715986e-4,1,-0.06520953247723545,DNAJC6,1,65277858
cg02402058,phenotype_signature_C1_vs_rest,0.1280509124683967,3.5015171655313116e-4,1,-0.02767681951839041,EYS,6,63911221
cg10955092,phenotype_signature_C1_vs_rest,0.12812453991802927,3.5050131500733806e-4,1,-0.02100260454310733,FHL2,2,105400550
cg01890090,phenotype_signature_C1_vs_rest,0.12820214895491297,3.5086198062189196e-4,1,-0.03048748468109233,HLF,17,55274564
cg22449918,phenotype_signature_C1_vs_rest,0.128258027472928,3.511633289061966e-4,1,-0.02428026024275282,C1orf220,1,178544765
cg18505004,phenotype_signature_C1_vs_rest,0.1282676492691757,3.513381046623035e-4,1,-0.03973734472393424,CDC42BPB,14,102970050
cg11186360,phenotype_signature_C1_vs_rest,0.12828563926329337,3.5159617249618983e-4,1,-0.00537352274222543,NA,2,239625429
cg08667065,phenotype_signature_C1_vs_rest,0.12828563926329337,3.516842863463164e-4,1,-0.07654420951065047,GFOD1,6,13414033
cg26776525,phenotype_signature_C1_vs_rest,0.12835012052406533,3.52093308634137e-4,1,-0.01669527053531464,NA,12,52353916
cg04727951,phenotype_signature_C1_vs_rest,0.12835012052406533,3.5215811079828416e-4,1,-0.03253340237013578,MSI2,17,57539038
cg06277957,phenotype_signature_C1_vs_rest,0.1284795102471095,3.526617982787099e-4,1,-0.06346706526235678,TINAGL1,1,31575091
cg10522641,phenotype_signature_C1_vs_rest,0.12852050891338887,3.5292305942874843e-4,1,-0.03413259253464365,NA,14,22890836
cg14436861,phenotype_signature_C1_vs_rest,0.1285276300835188,3.5352002405727854e-4,1,-0.05233209644259796,WEE1,11,9610239
cg09607047,phenotype_signature_C1_vs_rest,0.1285276300835188,3.5353708144702275e-4,1,-0.05471328362704442,MIR365-1,16,14308300
cg18197808,phenotype_signature_C1_vs_rest,0.1285276300835188,3.5355884243202536e-4,1,-0.02881770033962401,NA,12,46382573
cg04859929,phenotype_signature_C1_vs_rest,0.1285276300835188,3.5356237733618793e-4,1,-0.0189541453796534,GBA,1,155245367
cg17263719,phenotype_signature_C1_vs_rest,0.1285276300835188,3.5368627780599677e-4,1,-0.01540316303182315,MEAF6,1,37495889
cg10995397,phenotype_signature_C1_vs_rest,0.12854204539205308,3.5387469564115374e-4,1,-0.0486884821722774,NA,19,51468562
cg21761971,phenotype_signature_C1_vs_rest,0.12858143808992092,3.541319381937573e-4,1,-0.04851749621041586,NA,8,123760949
cg21935381,phenotype_signature_C1_vs_rest,0.1286440088532144,3.546385145667485e-4,1,-0.01963598937301728,ASAP2,2,9335405
cg08575408,phenotype_signature_C1_vs_rest,0.1286440088532144,3.54640839617474e-4,1,-0.0618993882698122,GLIS3-AS1,9,3898614
cg07195899,phenotype_signature_C1_vs_rest,0.1286440088532144,3.5475086917256446e-4,1,-0.04386859707375609,THRB,3,24471820
cg03698182,phenotype_signature_C1_vs_rest,0.12878640060615562,3.552925631660576e-4,1,-0.05447716459209013,FAM20B,1,179036844
cg11958668,phenotype_signature_C1_vs_rest,0.12879499176838177,3.5546530629749227e-4,1,-0.05272577715292525,RNF103,2,86603732
cg00121989,phenotype_signature_C1_vs_rest,0.1288906415732507,3.558784459143486e-4,1,-0.01757450735323967,RNU6-19P,12,11901630
cg23350385,phenotype_signature_C1_vs_rest,0.1289497574661906,3.563283681934205e-4,1,0.09709902721357493,CCRL2,3,46406643
cg20080878,phenotype_signature_C1_vs_rest,0.1289497574661906,3.5634011242149894e-4,1,-0.05221647239701672,NA,8,125466828
cg06620923,phenotype_signature_C1_vs_rest,0.129002833265511,3.566360648026109e-4,1,-0.01265328206379133,HIPK2,7,139600684
cg21561666,phenotype_signature_C1_vs_rest,0.1290985019070502,3.570744631237054e-4,1,-0.00860276004466215,FGD6,12,95101003
cg27040525,phenotype_signature_C1_vs_rest,0.1290985019070502,3.5736507009564045e-4,1,-0.05489640792999503,SIGLEC8,19,51962338
cg13192180,phenotype_signature_C1_vs_rest,0.1290985019070502,3.574130946751502e-4,1,-0.02920143915849169,NOL11,17,67721453
cg20772106,phenotype_signature_C1_vs_rest,0.1290985019070502,3.5754112347018054e-4,1,-0.04203379544224582,CCNY,10,35365155
cg05573855,phenotype_signature_C1_vs_rest,0.1290985019070502,3.57796155091255e-4,1,-0.04212119344716283,ZMYND8,20,47358302
cg08756885,phenotype_signature_C1_vs_rest,0.1290985019070502,3.578319186068034e-4,1,-0.0149527704603771,NA,6,14177961
cg22066978,phenotype_signature_C1_vs_rest,0.1290985019070502,3.579462994580725e-4,1,0.03043342462425423,NA,5,56054855
cg06335209,phenotype_signature_C1_vs_rest,0.12910155844909954,3.58104171028351e-4,1,-0.05515858396005753,WDFY2,13,51673395
cg21969887,phenotype_signature_C1_vs_rest,0.12921916624414742,3.58592121400594e-4,1,-0.02672961391713975,PKIG,20,44552220
cg15627771,phenotype_signature_C1_vs_rest,0.12921916624414742,3.5875906756121427e-4,1,-0.02192023855862943,MYO1B,2,191246358
cg11509096,phenotype_signature_C1_vs_rest,0.12921916624414742,3.5887899233694284e-4,1,-0.0506079292753152,NA,1,108016444
cg26508841,phenotype_signature_C1_vs_rest,0.12934281633761258,3.5971815334687423e-4,1,-0.04833490642251274,PITPNC1,17,67474645
cg14254530,phenotype_signature_C1_vs_rest,0.12934281633761258,3.597207940650614e-4,1,-0.04188993186857646,THG1L,5,157732908
cg25597805,phenotype_signature_C1_vs_rest,0.12934281633761258,3.597891227077108e-4,1,-0.06705599379203664,LINC00114,21,38742142
cg26105649,phenotype_signature_C1_vs_rest,0.12934281633761258,3.598538718087938e-4,1,-0.04341545927167317,C1orf57,1,232951963
cg09803743,phenotype_signature_C1_vs_rest,0.12934281633761258,3.5997078441287904e-4,1,-0.04333401670883499,NA,9,94666585
cg01325448,phenotype_signature_C1_vs_rest,0.12934382255427335,3.601232619557459e-4,1,-0.07429572206012836,PTPRE,10,128000902
cg03489416,phenotype_signature_C1_vs_rest,0.12942516719900604,3.604995156500332e-4,1,0.0034952478955833,NA,2,231612799
cg25456747,phenotype_signature_C1_vs_rest,0.12949279274547024,3.609516884887396e-4,1,0.00550547532195001,CSK,15,75074012
cg05791862,phenotype_signature_C1_vs_rest,0.12949279274547024,3.609899053224148e-4,1,-0.08096791056945335,RPS6KA2,6,167189213
cg17137015,phenotype_signature_C1_vs_rest,0.12949279274547024,3.611374278096715e-4,1,-0.03036650679681803,ULK4,3,41380339
cg18341600,phenotype_signature_C1_vs_rest,0.1295729959357569,3.61634473102139e-4,1,-0.0667295775435813,NA,6,138098613
cg21399992,phenotype_signature_C1_vs_rest,0.1295729959357569,3.6166098810978353e-4,1,0.03101749726824992,NA,7,19445377
cg05994652,phenotype_signature_C1_vs_rest,0.12960844825124487,3.6230872413592336e-4,1,-0.03101627113337992,ULK4,3,41855034
cg16396488,phenotype_signature_C1_vs_rest,0.12960844825124487,3.623969629535315e-4,1,-0.04790457640863598,PLA2G1B,12,120328420
cg13997453,phenotype_signature_C1_vs_rest,0.12960844825124487,3.626749675897111e-4,1,-0.04752557560171534,EPS15L1,19,16469575
cg00653339,phenotype_signature_C1_vs_rest,0.12960844825124487,3.628243734490208e-4,1,-0.07688788306308944,ANKH,5,14751396
cg19535004,phenotype_signature_C1_vs_rest,0.12960844825124487,3.6292708702198714e-4,1,-0.05377725236912492,NA,11,59618103
cg09797433,phenotype_signature_C1_vs_rest,0.12960844825124487,3.629297955425076e-4,1,-0.03312390685319054,AFF1,4,87017680
cg18650626,phenotype_signature_C1_vs_rest,0.12960844825124487,3.630455418931761e-4,1,-0.08443756912532455,MAD1L1,7,1874437
cg14562426,phenotype_signature_C1_vs_rest,0.12960844825124487,3.630853314427331e-4,1,-0.04293520595821952,ZBTB12,6,31867757
cg12284518,phenotype_signature_C1_vs_rest,0.12960844825124487,3.6326879278220905e-4,1,-0.04882346737326536,VEGFB,11,64238315
cg09125067,phenotype_signature_C1_vs_rest,0.12960844825124487,3.633366668321883e-4,1,-0.01641813754169456,TLE3,15,70077238
cg01191788,phenotype_signature_C1_vs_rest,0.12960844825124487,3.635911307062647e-4,1,-0.06941711489456456,SETD1A,16,30956172
cg17094127,phenotype_signature_C1_vs_rest,0.12960844825124487,3.636527894337857e-4,1,-0.01335396732228636,NA,15,63179367
cg06304167,phenotype_signature_C1_vs_rest,0.12960844825124487,3.637097258459956e-4,1,-0.02732438798907119,FNDC3B,3,172147467
cg16323641,phenotype_signature_C1_vs_rest,0.12967653504463778,3.641487457262087e-4,1,-0.04302127362431063,CASK,23,41684259
cg08353606,phenotype_signature_C1_vs_rest,0.12967653504463778,3.6423565907777e-4,1,-0.05317736308403165,GNA15,19,3135366
cg17317007,phenotype_signature_C1_vs_rest,0.12967653504463778,3.643509788652697e-4,1,-0.03691338168529088,NA,6,170022673
cg00108440,phenotype_signature_C1_vs_rest,0.1298593300580144,3.650148500621615e-4,1,-0.05021337282162641,IL18RAP,2,102418116
cg13854930,phenotype_signature_C1_vs_rest,0.12994953782847843,3.654187885038773e-4,1,-0.01831693368858179,NA,12,54658140
cg19077621,phenotype_signature_C1_vs_rest,0.1299559184857476,3.655871164318921e-4,1,-0.00843942418053333,NA,10,2658590
cg22019697,phenotype_signature_C1_vs_rest,0.13001202148812108,3.658953937028561e-4,1,-0.01311077380199584,BRDT,1,91975783
cg21198021,phenotype_signature_C1_vs_rest,0.13006919768402586,3.662068223706419e-4,1,-0.00711579495731568,PHC2,1,33375980
cg09026333,phenotype_signature_C1_vs_rest,0.13012099520676942,3.6650323361315693e-4,1,-0.03991684363037234,LINC00662,19,28283066
cg24255584,phenotype_signature_C1_vs_rest,0.1301708555917814,3.667943062863798e-4,1,-0.02154373821515548,NA,2,96377722
cg23986918,phenotype_signature_C1_vs_rest,0.13017291315390211,3.6697086068201334e-4,1,-0.07421990223216339,OSBPL6,2,178284865
cg02462015,phenotype_signature_C1_vs_rest,0.13017291315390211,3.671013772531447e-4,1,0.07122771238308807,GPRIN3,4,89283414
cg17971251,phenotype_signature_C1_vs_rest,0.13025319467304505,3.678236790977191e-4,1,-0.06571724294942999,SEC16B,1,177938162
cg16987229,phenotype_signature_C1_vs_rest,0.13025319467304505,3.6784702498203747e-4,1,-0.04548096339549837,NA,8,19694630
cg18270217,phenotype_signature_C1_vs_rest,0.13025319467304505,3.678921184597132e-4,1,0.07764293370565332,RHOBTB2,8,22995315
cg04997452,phenotype_signature_C1_vs_rest,0.13025319467304505,3.6793069760517e-4,1,-0.03323061815591204,NA,15,39405155
cg04100865,phenotype_signature_C1_vs_rest,0.13025907821180505,3.6811860806783937e-4,1,-0.05551087994041274,TET3,2,74083966
cg23472776,phenotype_signature_C1_vs_rest,0.13025907821180505,3.6833900773948817e-4,1,-0.04206161186831396,ALDH6A1,14,74532925
cg08315265,phenotype_signature_C1_vs_rest,0.13025907821180505,3.685007055125624e-4,1,-0.01599213125315722,CYP19A1,15,51243235
cg11006422,phenotype_signature_C1_vs_rest,0.13025907821180505,3.687992229027785e-4,1,0.07529966998888679,DPYS,8,104412198
cg10631174,phenotype_signature_C1_vs_rest,0.13025907821180505,3.688195278085078e-4,1,-0.01086501318151755,NA,3,44237210
cg08975528,phenotype_signature_C1_vs_rest,0.13025907821180505,3.688556274117353e-4,1,-0.05243633611389792,ZBTB12,6,31867700
cg10159006,phenotype_signature_C1_vs_rest,0.13025907821180505,3.6900247116537224e-4,1,-0.01683569816094128,NA,18,74225551
cg09581611,phenotype_signature_C1_vs_rest,0.13033089743537832,3.6942859284342446e-4,1,-0.0431430843212487,SLC12A4,16,67944255
cg24824295,phenotype_signature_C1_vs_rest,0.13033089743537832,3.69650990534136e-4,1,-0.04517709950034401,SASH1,6,148513918
cg21703413,phenotype_signature_C1_vs_rest,0.13033089743537832,3.6965838141219635e-4,1,-0.05226142249452537,NA,1,160447560
cg12218999,phenotype_signature_C2_vs_rest,0.13059674558990494,3.937554492593325e-6,1,0.0330923954540099,NA,6,33248472
cg10718697,phenotype_signature_C2_vs_rest,0.13059674558990494,4.1013404838713305e-6,1,-0.06851402767885467,MAD1L1,7,1938275
cg15709435,phenotype_signature_C2_vs_rest,0.13059674558990494,4.2268484178253266e-6,1,-0.09967111042914611,NA,5,181185719
cg24517323,phenotype_signature_C2_vs_rest,0.13059674558990494,4.32351504498086e-6,1,-0.11506479947247772,NEURL4,17,7324245
cg22455529,phenotype_signature_C2_vs_rest,0.13059674558990494,4.49587612391942e-6,1,-0.06079226340461196,KIAA0195,17,75499272
cg13750061,phenotype_signature_C2_vs_rest,0.13059674558990494,4.533811606866788e-6,1,-0.11729158188167232,CD3G,11,118344130
cg22744767,phenotype_signature_C1_vs_rest,0.1306419032181474,3.706916684690858e-4,1,-0.0433799335555858,OPA1-AS1,3,193623472
cg20891234,phenotype_signature_C1_vs_rest,0.1306748748467841,3.710604579649741e-4,1,-0.00604643907407326,TRPV2,17,16427331
cg20656182,phenotype_signature_C1_vs_rest,0.1306748748467841,3.710876592011685e-4,1,-0.01868662788476753,NA,13,111429746
cg15136398,phenotype_signature_C1_vs_rest,0.1309128425965398,3.719149276684023e-4,1,-0.04452295052983136,NA,2,201790380
cg18559987,phenotype_signature_C1_vs_rest,0.13097602326632848,3.723418865186155e-4,1,-0.05644727369369266,GALNT7,4,173289360
cg07200711,phenotype_signature_C1_vs_rest,0.13097602326632848,3.724215009255407e-4,1,-0.06042788599826164,SGPL1,10,70821654
cg07980004,phenotype_signature_C1_vs_rest,0.13097602326632848,3.725491177346525e-4,1,-0.08434364642914938,MBNL3,23,132376176
cg08449791,phenotype_signature_C1_vs_rest,0.1310037424647139,3.7277956044854554e-4,1,-0.05233300942622176,LINC00299,2,8325324
cg12228683,phenotype_signature_C1_vs_rest,0.13101441884431422,3.729615511588389e-4,1,-0.01642937388581403,RNF216,7,5634085
cg25263286,phenotype_signature_C1_vs_rest,0.13104171612044369,3.73190900874397e-4,1,-0.05654635963752438,PPP2CB,8,30651554
cg27647944,phenotype_signature_C1_vs_rest,0.13112820671770825,3.7358895765906663e-4,1,-0.02870292549178106,NA,2,217218007
cg03095087,phenotype_signature_C1_vs_rest,0.1311993534467833,3.739935396635899e-4,1,-0.02827296559462393,TAPBP,6,33306558
cg21752009,phenotype_signature_C1_vs_rest,0.1311993534467833,3.740953060258774e-4,1,-0.06805488400621919,MTMR3,22,29995150
cg24398923,phenotype_signature_C1_vs_rest,0.13134891549670558,3.748290922446988e-4,1,-0.04386342458406273,EPB41L2,6,130927510
cg06763561,phenotype_signature_C1_vs_rest,0.13134891549670558,3.7488501578280094e-4,1,-0.04255092564372197,NA,9,91693301
cg00061031,phenotype_signature_C1_vs_rest,0.13134891549670558,3.7497775221300496e-4,1,-0.04126874829157561,ANP32B,9,97981744
cg08350738,phenotype_signature_C1_vs_rest,0.13136064592950386,3.751632515506711e-4,1,-0.0272487425092427,ARL8B,3,5162058
cg19368946,phenotype_signature_C1_vs_rest,0.13143929032182014,3.755769946385049e-4,1,0.05378017589862515,NA,11,59289903
cg07453055,phenotype_signature_C1_vs_rest,0.13143929032182014,3.756920623858948e-4,1,-0.06268512111743407,NA,1,11786594
cg09272005,phenotype_signature_C1_vs_rest,0.13146905802914866,3.7612459366756496e-4,1,-0.0289249933958832,GLIS3,9,3904583
cg02402423,phenotype_signature_C1_vs_rest,0.13146905802914866,3.761408441068227e-4,1,-0.06270718109816711,C19orf54,19,40749539
cg18343693,phenotype_signature_C1_vs_rest,0.13146905802914866,3.762335567192862e-4,1,-0.03536108557728198,NA,9,33408315
cg07459967,phenotype_signature_C1_vs_rest,0.1314760956412443,3.764058413524917e-4,1,-0.07512279970830668,SLC25A25,9,130859191
cg06999195,phenotype_signature_C1_vs_rest,0.13161277561174792,3.7712584565459894e-4,1,-0.04435826642672315,ACAD10,12,111730579
cg05095821,phenotype_signature_C1_vs_rest,0.13161277561174792,3.771990002728045e-4,1,-0.01860918492543298,COMMD8,4,47464679
cg11200656,phenotype_signature_C1_vs_rest,0.13161277561174792,3.772540539052152e-4,1,-0.0968085937077784,NA,17,77960365
cg16128030,phenotype_signature_C1_vs_rest,0.1317155031270561,3.778423768882672e-4,1,-0.06493870108137616,CACNA1D,3,53630584
cg13795558,phenotype_signature_C1_vs_rest,0.1317155031270561,3.778533547940317e-4,1,-0.0260869408191517,IDO1,8,39921610
cg12282267,phenotype_signature_C1_vs_rest,0.13178517297655878,3.7820571957464174e-4,1,-0.03689537228555275,NEURL4,17,7315942
cg20161212,phenotype_signature_C1_vs_rest,0.13178716486308573,3.7844301537231216e-4,1,0.02893845775631848,NA,2,69273264
cg02207494,phenotype_signature_C1_vs_rest,0.13178716486308573,3.7851644524363625e-4,1,-0.03760614093412322,IL34,16,70631773
cg01896884,phenotype_signature_C1_vs_rest,0.13185694047949226,3.789218989067571e-4,1,-0.03901015771844023,PHC1,12,8913614
cg06271327,phenotype_signature_C1_vs_rest,0.13185694047949226,3.79022024078008e-4,1,-0.00851828519864247,VAMP2,17,8159194
cg14390322,phenotype_signature_C1_vs_rest,0.13195109377273567,3.7944536149340407e-4,1,-0.04834276398757914,NA,14,34131133
cg23886776,phenotype_signature_C1_vs_rest,0.13207783215698446,3.7996265789150914e-4,1,-0.01744661946180945,HEXDC,17,82439745
cg13953978,phenotype_signature_C1_vs_rest,0.1321461014864078,3.8036787439913903e-4,1,-0.05797950673247083,USP20,9,129838509
cg02195201,phenotype_signature_C1_vs_rest,0.1321461014864078,3.806023305464608e-4,1,-0.03823622514582931,NA,11,19114404
cg26724455,phenotype_signature_C1_vs_rest,0.1321461014864078,3.8061781561538825e-4,1,-0.06380119857534684,VTI1A,10,112677764
cg19857424,phenotype_signature_C1_vs_rest,0.1321789498513862,3.808653861010003e-4,1,-0.05023876373892834,RMND5A,2,86765534
cg03942390,phenotype_signature_C1_vs_rest,0.13222756753424683,3.8117471072880737e-4,1,-0.0273664740436784,LOC100132963,23,154834260
cg02403115,phenotype_signature_C1_vs_rest,0.13222756753424683,3.814059976864047e-4,1,-0.0306700158024798,WDR37,10,1067720
cg06866757,phenotype_signature_C1_vs_rest,0.13222756753424683,3.8146451765763126e-4,1,-0.06872766945083915,FBXO7,22,32477872
cg16178965,phenotype_signature_C1_vs_rest,0.1323131787683565,3.8212438921571274e-4,1,-0.04694519650163756,SERINC5,5,80210680
cg22578119,phenotype_signature_C1_vs_rest,0.1323131787683565,3.823085042561087e-4,1,-0.07937339189737397,NFIA,1,61170780
cg20454670,phenotype_signature_C1_vs_rest,0.1323131787683565,3.824095134690758e-4,1,-0.0278464399765506,COPS5,8,67054935
cg01367204,phenotype_signature_C1_vs_rest,0.1323131787683565,3.8251157555472246e-4,1,-0.04672308327891835,KLF1,19,12887600
cg04005840,phenotype_signature_C1_vs_rest,0.1323131787683565,3.825845128800184e-4,1,-0.01727176612088752,NA,21,14673562
cg01872971,phenotype_signature_C1_vs_rest,0.1323131787683565,3.8263017818870155e-4,1,-0.02195730885885266,NA,4,81404330
cg08424423,phenotype_signature_C1_vs_rest,0.13260052678169298,3.8361459205583335e-4,1,-0.01295213729150994,CDSN,6,31120411
cg14137282,phenotype_signature_C1_vs_rest,0.13264002751840473,3.838823596121171e-4,1,-0.04413476507203189,NA,19,1937110
cg25779884,phenotype_signature_C1_vs_rest,0.13264921230438784,3.840624440903664e-4,1,-0.03914464957352648,NA,10,7027663
cg21886807,phenotype_signature_C1_vs_rest,0.13347067098440585,3.865952858686526e-4,1,-0.01447022430701432,PDGFRL,8,17605582
cg02097253,phenotype_signature_C1_vs_rest,0.13357926106560153,3.870643934264646e-4,1,-0.01550754780216412,LOC100507373,19,14142604
cg13959726,phenotype_signature_C1_vs_rest,0.13362475136317273,3.873508389319792e-4,1,-0.05715649664239582,NA,12,1660165
cg00084864,phenotype_signature_C1_vs_rest,0.13373560145402816,3.8783383380960505e-4,1,-0.04334254683663303,NA,11,67104145
cg15873326,phenotype_signature_C1_vs_rest,0.13373560145402816,3.8798168938479407e-4,1,-0.06900618468112252,NA,7,36028345
cg10827767,phenotype_signature_C1_vs_rest,0.13377636604830312,3.882547584789993e-4,1,0.09475584299057256,DRG1,22,31398536
cg03665412,phenotype_signature_C1_vs_rest,0.1338100362621198,3.885073239217853e-4,1,-0.0462152191681861,FARP2,2,241489944
cg00638845,phenotype_signature_C1_vs_rest,0.13383949772207396,3.887477426221378e-4,1,-0.04245499960417525,NA,6,137223478
cg14465376,phenotype_signature_C1_vs_rest,0.13385574146740262,3.89108545699228e-4,1,0.07447879738486314,GBE1,3,81717289
cg05017322,phenotype_signature_C1_vs_rest,0.13385574146740262,3.891498011709477e-4,1,-0.02437103688836255,LPIN1,2,11787123
cg00361855,phenotype_signature_C1_vs_rest,0.13385574146740262,3.8938099977676207e-4,1,-0.04382206620660251,AGAP3,7,151112015
cg14241731,phenotype_signature_C1_vs_rest,0.13385574146740262,3.894145174101896e-4,1,-0.03150629420280779,FLT1,13,28386596
cg03129404,phenotype_signature_C1_vs_rest,0.13391745523475873,3.897490255365008e-4,1,-0.01283315791755854,TTC27,2,32772987
cg18368116,phenotype_signature_C1_vs_rest,0.13394868187837505,3.8999491247603614e-4,1,-0.04963241257188156,NA,14,20968112
cg04260591,phenotype_signature_C1_vs_rest,0.13407102150200065,3.905062548261598e-4,1,-0.06778013552029102,NA,9,31825872
cg20399975,phenotype_signature_C1_vs_rest,0.1340747326403086,3.908089329205568e-4,1,-0.04463025543785782,ELMO1,7,37191951
cg09611685,phenotype_signature_C1_vs_rest,0.1340747326403086,3.908273677789756e-4,1,-0.0095218684841937,NA,5,123636065
cg24428529,phenotype_signature_C2_vs_rest,0.13410696473108916,4.810861869976305e-6,1,-0.16114271456450713,NA,14,66537014
cg26410016,phenotype_signature_C1_vs_rest,0.1342042433389917,3.913601926677935e-4,1,-0.0343625478915382,CDH13,16,83574635
cg02720691,phenotype_signature_C1_vs_rest,0.13421373317303614,3.915431791273111e-4,1,-0.03182281553342333,RFC1,4,39364848
cg05317405,phenotype_signature_C1_vs_rest,0.13424898389222611,3.918013698703402e-4,1,-0.07137549247263815,THYN1,11,134249080
cg11454468,phenotype_signature_C1_vs_rest,0.13427925856821982,3.9204511401653714e-4,1,0.04646467407385107,PCOLCE2,3,142850379
cg07687479,phenotype_signature_C1_vs_rest,0.13435591346425133,3.924243947636184e-4,1,-0.02923613422857113,NA,8,38092397
cg12614529,phenotype_signature_C1_vs_rest,0.1344427006619058,3.928334588953241e-4,1,-0.07627028030729782,MND1,4,153348266
cg01058360,phenotype_signature_C1_vs_rest,0.13447920073309688,3.930957297463903e-4,1,0.09709624457537444,PRKAG2,7,151745285
cg18067103,phenotype_signature_C1_vs_rest,0.13477992025139277,3.9427138203436103e-4,1,-0.02699185552172203,UCHL3,13,75553945
cg21451591,phenotype_signature_C1_vs_rest,0.13477992025139277,3.942866977054047e-4,1,-0.00817950090077755,FAM175A,4,83486381
cg00837091,phenotype_signature_C1_vs_rest,0.1348319870280662,3.945950425318456e-4,1,0.00602527468089763,CDCA5,11,65084274
cg03125875,phenotype_signature_C1_vs_rest,0.13485382566952453,3.948150081743687e-4,1,-0.0567140403592923,KIAA1522,1,32761954
cg19103565,phenotype_signature_C1_vs_rest,0.13490930494456302,3.9523451766138e-4,1,0.03154868705898842,NA,11,115743073
cg15444997,phenotype_signature_C1_vs_rest,0.13490930494456302,3.957330531351827e-4,1,-0.07018778349324044,L3MBTL4,18,6211046
cg08758734,phenotype_signature_C1_vs_rest,0.13490930494456302,3.957658939426518e-4,1,-0.08019854177624743,SYNDIG1,20,24650311
cg15680717,phenotype_signature_C1_vs_rest,0.13490930494456302,3.9598479253382345e-4,1,-0.05237206097571592,CYP3A43,7,99433008
cg17532497,phenotype_signature_C1_vs_rest,0.13490930494456302,3.962343822824543e-4,1,-0.05456654136312954,NA,21,35236159
cg06975305,phenotype_signature_C1_vs_rest,0.13490930494456302,3.9623452553161825e-4,1,-0.01010626195551889,NA,1,240003652
cg01772149,phenotype_signature_C1_vs_rest,0.13490930494456302,3.9635228085737847e-4,1,-0.00783490049004362,PRDM16,1,3121652
cg01234757,phenotype_signature_C1_vs_rest,0.13490930494456302,3.964803164828167e-4,1,-0.02640688032738001,LOC400958,2,64909551
cg01016169,phenotype_signature_C1_vs_rest,0.13490930494456302,3.9650416947716434e-4,1,-0.02805969412977883,LETMD1,12,51047660
cg08559782,phenotype_signature_C1_vs_rest,0.13490930494456302,3.965386119099302e-4,1,-0.04886916252532981,ADIPOR2,12,1699148
cg06452993,phenotype_signature_C1_vs_rest,0.13500121892914418,3.969649984018499e-4,1,-0.03463649133102028,SOCS6,18,70304673
cg04134965,phenotype_signature_C1_vs_rest,0.13506954804376697,3.974772329669391e-4,1,0.05664700034752473,PARVB,22,44423205
cg11215870,phenotype_signature_C1_vs_rest,0.13506954804376697,3.974785230784623e-4,1,-0.05655887910180179,TGFB1I1,16,31473401
cg02267433,phenotype_signature_C1_vs_rest,0.13512953346707232,3.9781141875530233e-4,1,-0.02604400112326451,NA,6,6998098
cg23663627,phenotype_signature_C1_vs_rest,0.13514856326761138,3.98023835524388e-4,1,-0.05958071642221586,RNF40,16,30760762
cg18163144,phenotype_signature_C1_vs_rest,0.1351714392784798,3.9824762819852245e-4,1,0.00544369348396461,ALG5,13,37000482
cg15094703,phenotype_signature_C2_vs_rest,0.13521392109342165,5.007042134936322e-6,1,-0.18132488290764576,STK10,5,171560211
cg03369382,phenotype_signature_C1_vs_rest,0.13530376348621642,3.987940612292666e-4,1,-0.02753498903526929,HIPK2,7,139727836
cg11610004,phenotype_signature_C1_vs_rest,0.13530743350204277,3.9896145650673143e-4,1,-0.07174154086372901,PCBP1-AS1,2,69978474
cg12710228,phenotype_signature_C1_vs_rest,0.13537730799205056,3.994194304025989e-4,1,-0.01585079818577255,SORCS2,4,7393661
cg23586959,phenotype_signature_C1_vs_rest,0.13537730799205056,3.995486328620479e-4,1,-0.04520615249464422,NCRNA00028,20,31485406
cg09247486,phenotype_signature_C1_vs_rest,0.13537730799205056,3.9991418971120786e-4,1,-0.04863353049578681,NA,1,60971708
cg15964898,phenotype_signature_C1_vs_rest,0.13537730799205056,4.001278558620541e-4,1,-0.02750212306791919,NA,12,9333608
cg18618113,phenotype_signature_C1_vs_rest,0.13537730799205056,4.001535868707657e-4,1,-0.04752890080334295,MITF,3,69807026
cg12186063,phenotype_signature_C1_vs_rest,0.13537730799205056,4.003031320712885e-4,1,-0.01935227933079851,NA,12,21992745
cg11803258,phenotype_signature_C1_vs_rest,0.13537730799205056,4.00326734296421e-4,1,-0.02293224364319877,ZFYVE9,1,52264736
cg23133513,phenotype_signature_C1_vs_rest,0.13537730799205056,4.004207584171317e-4,1,-0.02296174242706979,NA,5,172722390
cg01239870,phenotype_signature_C1_vs_rest,0.13540147421927906,4.006946771266832e-4,1,-0.00873598187516168,GTF3C1,16,27470235
cg22839412,phenotype_signature_C1_vs_rest,0.13540147421927906,4.008056118054646e-4,1,-0.05220623378899963,KLF13,15,31339638
cg13731820,phenotype_signature_C1_vs_rest,0.1354076809927315,4.0098067893194707e-4,1,-0.02763308852511228,TBC1D1,4,38111816
cg13387613,phenotype_signature_C1_vs_rest,0.13557226569042297,4.017083067128989e-4,1,-0.01534397424620892,FRMPD1,9,37715308
cg08750944,phenotype_signature_C1_vs_rest,0.13557226569042297,4.019274097952326e-4,1,-0.08328415591696745,DAPK1,9,87551926
cg16484820,phenotype_signature_C1_vs_rest,0.13557226569042297,4.0193871529414234e-4,1,-0.05469467477578336,ASNSD1,2,189660198
cg20114528,phenotype_signature_C1_vs_rest,0.13565690279160278,4.023466263514728e-4,1,-0.04554140657423743,ASB8,12,48552006
cg14503079,phenotype_signature_C1_vs_rest,0.1356615411437663,4.025173713566789e-4,1,-0.05237221091579459,NA,22,36422728
cg09182835,phenotype_signature_C1_vs_rest,0.1357000416543542,4.0278863769732464e-4,1,-0.04586929868309829,NA,19,46195550
cg12391071,phenotype_signature_C1_vs_rest,0.13583311539518236,4.033872837256879e-4,1,-0.05584767696145779,NA,6,89122426
cg06748568,phenotype_signature_C1_vs_rest,0.13583311539518236,4.0349800407733023e-4,1,-0.04065042993122172,NA,20,50030776
cg03805456,phenotype_signature_C1_vs_rest,0.13583725774159133,4.036675004864961e-4,1,-0.04859981425158642,GEMIN8,23,14010772
cg26912870,phenotype_signature_C1_vs_rest,0.13588136240203794,4.0395580871286014e-4,1,-0.01531986374404115,NA,11,132357383
cg15542777,phenotype_signature_C1_vs_rest,0.13607516043769663,4.047497196120331e-4,1,-0.02970199958170038,RTEL1,20,63657617
cg19260922,phenotype_signature_C1_vs_rest,0.13607516043769663,4.049016922875387e-4,1,-0.05702746168334988,ERC1,12,1304515
cg08348441,phenotype_signature_C1_vs_rest,0.13607516043769663,4.050974072571141e-4,1,-0.04780554798345879,GLYR1,16,4834191
cg06833084,phenotype_signature_C1_vs_rest,0.13607516043769663,4.0524094516390826e-4,1,-0.02949535944498926,MTMR3,22,30314101
cg11233586,phenotype_signature_C1_vs_rest,0.13607516043769663,4.053239103795814e-4,1,-0.0543273533135816,RCOR1,14,102697273
cg22209584,phenotype_signature_C1_vs_rest,0.13607516043769663,4.056734399640293e-4,1,-0.0431717020056703,NA,11,60831457
cg05175496,phenotype_signature_C1_vs_rest,0.13607516043769663,4.057149341977105e-4,1,-0.04435382779571972,PREX1,20,48794880
cg16409452,phenotype_signature_C1_vs_rest,0.13607516043769663,4.057916760569254e-4,1,-0.05039093736389061,EVL,14,100143849
cg03519180,phenotype_signature_C1_vs_rest,0.1362052546902787,4.063372492241393e-4,1,-0.02751187310320681,PDZD8,10,117343013
cg19689587,phenotype_signature_C1_vs_rest,0.1363807054979588,4.070184868856818e-4,1,0.06564263874769903,NA,17,71130553
cg16978168,phenotype_signature_C1_vs_rest,0.13648753105979908,4.075115504980959e-4,1,-0.06229207444428493,EZR,6,158806752
cg27405946,phenotype_signature_C1_vs_rest,0.13648753105979908,4.076531879407111e-4,1,-0.03731734194005215,CHPT1,12,101702288
cg02868269,phenotype_signature_C1_vs_rest,0.13672768324958529,4.085286826280899e-4,1,-0.03150109130255095,MARCH6,5,10358367
cg24869851,phenotype_signature_C1_vs_rest,0.13673413167628828,4.089460611771416e-4,1,-0.04676620730307116,ZNF789,7,99081553
cg04482628,phenotype_signature_C1_vs_rest,0.13673413167628828,4.089966221657682e-4,1,0.06813443829980075,NA,1,36116150
cg10577511,phenotype_signature_C1_vs_rest,0.13673413167628828,4.0906173145288785e-4,1,-0.03623009830336583,CLASP1,2,121519664
cg22532234,phenotype_signature_C1_vs_rest,0.13673413167628828,4.092088374277387e-4,1,-0.06276452635656263,CLC,19,39738575
cg10795579,phenotype_signature_C1_vs_rest,0.13673413167628828,4.094821444136646e-4,1,0.00749065846059368,KDM1A,1,23019212
cg24855514,phenotype_signature_C1_vs_rest,0.13673413167628828,4.094973254453315e-4,1,-0.06897042147692946,LOC101927851,1,234964620
cg11142013,phenotype_signature_C1_vs_rest,0.13693794396991413,4.102661764806512e-4,1,-0.03352894864521513,MIPEP,13,23867337
cg11936700,phenotype_signature_C1_vs_rest,0.13711723259890926,4.110568435873861e-4,1,-0.02657935466321393,ITCH,20,34449972
cg15841533,phenotype_signature_C1_vs_rest,0.13711723259890926,4.1114880923367954e-4,1,-0.01840640229047978,SLCO3A1,15,92171959
cg22602141,phenotype_signature_C1_vs_rest,0.13711723259890926,4.112793430974792e-4,1,-0.04234111327423928,NA,10,73620942
cg24445167,phenotype_signature_C1_vs_rest,0.13713656560675552,4.1149602687758297e-4,1,-0.01696526780549304,CACNA1C,12,2274065
cg01900574,phenotype_signature_C1_vs_rest,0.1372035102164904,4.118556752765441e-4,1,-0.04010842868933478,GALM,2,38672107
cg11624060,phenotype_signature_C1_vs_rest,0.13721050517380354,4.120591189288938e-4,1,-0.04993578660877368,NA,5,1315923
cg14054781,phenotype_signature_C1_vs_rest,0.13721050517380354,4.1219423368943657e-4,1,-0.02041398136018911,SLC35E2,1,1732342
cg01756827,phenotype_signature_C1_vs_rest,0.13743160998971726,4.130573343009703e-4,1,-0.05524761604422491,NA,20,49307253
cg26648037,phenotype_signature_C1_vs_rest,0.13743160998971726,4.13348877141048e-4,1,-0.07225993605587518,IMMT,2,86416791
cg01544181,phenotype_signature_C1_vs_rest,0.13743160998971726,4.134699298411366e-4,1,-0.02346981389054323,UBE2H,7,129833063
cg04459751,phenotype_signature_C1_vs_rest,0.13743160998971726,4.1361263691016995e-4,1,-0.0641750497689044,NA,4,152578365
cg01865132,phenotype_signature_C1_vs_rest,0.13743160998971726,4.136536368408041e-4,1,-0.06844906383736572,XPC,3,14175444
cg03771547,phenotype_signature_C1_vs_rest,0.137575421658393,4.1424569653850086e-4,1,-0.02665412687815992,TBC1D22A,22,47066010
cg10186605,phenotype_signature_C1_vs_rest,0.13762432157275625,4.145521957408934e-4,1,-0.07894588686649094,NF1,17,31340308
cg26317409,phenotype_signature_C1_vs_rest,0.13772614739660696,4.150182928706577e-4,1,-0.02190029488947544,NA,4,100288282
cg02494549,phenotype_signature_C1_vs_rest,0.13774559312557827,4.152362895556932e-4,1,-0.04230294233681862,NA,2,160941853
cg05395957,phenotype_signature_C1_vs_rest,0.1378007669774582,4.155620755876929e-4,1,-0.05294354027648756,GLIS3-AS1,9,3898591
cg04223829,phenotype_signature_C1_vs_rest,0.13786006151431598,4.160187059966919e-4,1,-0.07029330687985819,NA,7,92032697
cg18248736,phenotype_signature_C1_vs_rest,0.13786006151431598,4.161306001544363e-4,1,-0.02503198997857853,FBF1,17,75928184
cg25987478,phenotype_signature_C1_vs_rest,0.13786006151431598,4.1621948510314207e-4,1,-0.02867936888649049,EFNA3,1,155077653
cg01106036,phenotype_signature_C1_vs_rest,0.13786664737909465,4.1663133043626374e-4,1,-0.00785488598369497,LOC100128554,12,126441262
cg24822402,phenotype_signature_C1_vs_rest,0.13786664737909465,4.167229194573091e-4,1,-0.00814929795323539,BFSP2,3,133175241
cg18847904,phenotype_signature_C1_vs_rest,0.13786664737909465,4.167766048892962e-4,1,-0.01762002321718125,NA,5,1779063
cg02142455,phenotype_signature_C1_vs_rest,0.13786664737909465,4.168858061507645e-4,1,-0.03380264099825893,C12orf79,12,92037748
cg17057812,phenotype_signature_C1_vs_rest,0.13786664737909465,4.1703706784102033e-4,1,-0.02539713449605779,DNAJC7,17,42015959
cg26718420,phenotype_signature_C1_vs_rest,0.13796455631373003,4.174936193828117e-4,1,-0.02384982809127529,C12orf59,12,10179067
cg05016806,phenotype_signature_C1_vs_rest,0.13796455631373003,4.180009416925104e-4,1,-0.035349556433592,UCKL1,20,63954367
cg22110888,phenotype_signature_C1_vs_rest,0.13796455631373003,4.1832205267625767e-4,1,-0.01491991458775383,CCDC57,17,82101664
cg06127160,phenotype_signature_C1_vs_rest,0.13796455631373003,4.183241670714284e-4,1,-0.09974034638689788,KSR1,17,27570221
cg11026129,phenotype_signature_C1_vs_rest,0.13796455631373003,4.1845626954967543e-4,1,-0.06286311166044843,AGAP1,2,235820729
cg13215995,phenotype_signature_C1_vs_rest,0.13796455631373003,4.186017625037364e-4,1,-0.02795754557859888,NA,17,45144891
cg11338336,phenotype_signature_C1_vs_rest,0.13796455631373003,4.186667478997151e-4,1,-0.05259678769907349,NA,11,9651756
cg01437709,phenotype_signature_C1_vs_rest,0.13796455631373003,4.187336671014809e-4,1,-0.04363018209087022,CHAC1,15,40954148
cg02233915,phenotype_signature_C1_vs_rest,0.13796455631373003,4.1877011360375705e-4,1,-0.05798791943234978,HSD17B12,11,43738802
cg13981001,phenotype_signature_C1_vs_rest,0.13796486910423297,4.1907606480207814e-4,1,-0.03069215636983117,RPL12,9,127449470
cg02803925,phenotype_signature_C1_vs_rest,0.13796486910423297,4.1991597590446535e-4,1,-0.08420316066908125,PCYT1A,3,196247429
cg08783050,phenotype_signature_C1_vs_rest,0.13796486910423297,4.19938201812093e-4,1,0.00866842617442864,LOC102724084,16,80201665
cg16622018,phenotype_signature_C1_vs_rest,0.13796486910423297,4.202871116970794e-4,1,-0.05250146169508928,EXOSC4,8,144080123
cg02025871,phenotype_signature_C1_vs_rest,0.13796486910423297,4.202885920394816e-4,1,-0.00855975973871015,LOC441204,7,26428105
cg14956176,phenotype_signature_C1_vs_rest,0.13796486910423297,4.203574578496323e-4,1,-0.02963809606712112,RIF1,2,151467737
cg09569409,phenotype_signature_C1_vs_rest,0.13796486910423297,4.2064755987725183e-4,1,-0.06595405041042866,NA,2,64483096
cg16492417,phenotype_signature_C1_vs_rest,0.13796486910423297,4.208155036701365e-4,1,-0.00798219685360344,FLRT2,14,85621391
cg13947871,phenotype_signature_C1_vs_rest,0.13796486910423297,4.2085628370949e-4,1,-0.07723912950607328,LOC102724601,1,174157408
cg07548388,phenotype_signature_C1_vs_rest,0.13796486910423297,4.2086583127971046e-4,1,-0.04017807140245415,URAHP,16,90111833
cg19475270,phenotype_signature_C1_vs_rest,0.13796486910423297,4.209061972397663e-4,1,-0.04432813106744619,NA,19,2059699
cg26887226,phenotype_signature_C1_vs_rest,0.13796486910423297,4.2094916449619894e-4,1,-0.05125775947013034,RPS6KA2,6,166590709
cg09717146,phenotype_signature_C1_vs_rest,0.13796486910423297,4.2142318373791326e-4,1,-0.04076310644095238,NA,12,131715773
cg06060795,phenotype_signature_C1_vs_rest,0.13796486910423297,4.2154170991734425e-4,1,-0.08706491058815544,NA,10,21407031
cg25488567,phenotype_signature_C1_vs_rest,0.13796486910423297,4.2159725097417174e-4,1,-0.05112409095962193,FAM26F,6,116460144
cg11125814,phenotype_signature_C1_vs_rest,0.13796486910423297,4.2159802325463663e-4,1,-0.03732823807456478,NA,1,234708797
cg23641108,phenotype_signature_C1_vs_rest,0.13796486910423297,4.216514478923473e-4,1,-0.05203831226731456,RPS6KA2,6,166770414
cg25973708,phenotype_signature_C1_vs_rest,0.13796486910423297,4.216736535434224e-4,1,-0.01495452230375522,NA,22,25956113
cg09459451,phenotype_signature_C1_vs_rest,0.13796486910423297,4.218693681587027e-4,1,0.11814314244465206,DHX57,2,38836117
cg17975763,phenotype_signature_C1_vs_rest,0.13796486910423297,4.219641325166e-4,1,-0.03824415259099783,ZNF296,19,45076922
cg11883358,phenotype_signature_C1_vs_rest,0.13797029285618778,4.2222564129347593e-4,1,-0.03322078127087428,ARHGAP23,17,36631561
cg15850172,phenotype_signature_C1_vs_rest,0.13797029285618778,4.223000405074763e-4,1,-0.01165299442761149,VWA3A,16,22091293
cg08105265,phenotype_signature_C1_vs_rest,0.1379858566560139,4.22675771010983e-4,1,-0.04093194796148205,EPX,17,56274480
cg09406896,phenotype_signature_C1_vs_rest,0.1379858566560139,4.227433823766361e-4,1,-0.03726697483113555,FSIP1,15,39719235
cg00355690,phenotype_signature_C1_vs_rest,0.1379858566560139,4.2282671153353213e-4,1,-0.01587092506572668,CHMP1A,16,89656009
cg13423638,phenotype_signature_C1_vs_rest,0.1380591380557662,4.2321102851086e-4,1,-0.01519504758519963,SETD3,14,99475901
cg15061954,phenotype_signature_C1_vs_rest,0.1381962925222986,4.240480859433306e-4,1,-0.03016877048474634,BICD1,12,32146151
cg09729166,phenotype_signature_C1_vs_rest,0.1381962925222986,4.240640926100655e-4,1,-0.02833674987858824,OSBPL5,11,3166359
cg15824017,phenotype_signature_C1_vs_rest,0.1381962925222986,4.241112301645264e-4,1,-0.02558686198465052,ITGB5,3,124809487
cg10161072,phenotype_signature_C1_vs_rest,0.1382128530010622,4.2432199313525634e-4,1,-0.04066079364899801,NELFCD,20,58987175
cg20558455,phenotype_signature_C1_vs_rest,0.1383842135765427,4.2500821942452753e-4,1,-0.05837665503828075,EPB41,1,29084057
cg02421202,phenotype_signature_C1_vs_rest,0.13846074007138903,4.254034763439046e-4,1,-0.01142156472149012,NA,1,185630936
cg04843362,phenotype_signature_C2_vs_rest,0.1385449279553298,5.290715779777034e-6,1,0.02841215103828074,NA,1,205488518
cg13792713,phenotype_signature_C1_vs_rest,0.1386323300132715,4.261263063716845e-4,1,0.08346229423079357,DYM,18,49055794
cg19056691,phenotype_signature_C1_vs_rest,0.1386323300132715,4.263421410636018e-4,1,-0.05007014863438906,CUX2,12,111777251
cg04904476,phenotype_signature_C1_vs_rest,0.1386323300132715,4.2643110957644325e-4,1,-0.0089362717299294,ADCK5,8,144384553
cg16135549,phenotype_signature_C1_vs_rest,0.1386323300132715,4.265723686403421e-4,1,-0.06152279055003523,PIK3R1,5,68225901
cg22896107,phenotype_signature_C2_vs_rest,0.1386582259794945,5.4649794152305375e-6,1,-0.07004196011324727,CACNA1S,1,201055754
cg08571639,phenotype_signature_C2_vs_rest,0.1386582259794945,5.7457272019193134e-6,1,-0.2414780210346388,LRRFIP1,2,238639895
cg16526319,phenotype_signature_C2_vs_rest,0.1386582259794945,5.776409862225398e-6,1,-0.11008577489464633,NA,9,138086599
cg17268130,phenotype_signature_C1_vs_rest,0.13878144415536833,4.27191792014923e-4,1,-0.01268819436497621,TEC,4,48143362
cg04162383,phenotype_signature_C1_vs_rest,0.13880010786249083,4.274692794255987e-4,1,-0.01273393352398841,GLIS1,1,53508000
cg09956430,phenotype_signature_C1_vs_rest,0.13880010786249083,4.27570481963764e-4,1,-0.00975662300778761,AMPD3,11,10498220
cg05025992,phenotype_signature_C1_vs_rest,0.138808314939918,4.2784939082161287e-4,1,-0.00629745591311591,NA,13,36447735
cg23040293,phenotype_signature_C1_vs_rest,0.138808314939918,4.2791850834150106e-4,1,-0.03176046219856647,PSMD1,2,231933442
cg04651602,phenotype_signature_C1_vs_rest,0.138808314939918,4.280776522126679e-4,1,-0.05331957084445925,LINC01232,13,99500284
cg02475695,phenotype_signature_C1_vs_rest,0.13880912317296087,4.28528834625055e-4,1,-0.06798512297730097,NHLRC4,16,566220
cg23508438,phenotype_signature_C1_vs_rest,0.13880912317296087,4.285733593311005e-4,1,0.04473124050743179,MEFV,16,3256608
cg20706746,phenotype_signature_C1_vs_rest,0.13880912317296087,4.287094522583379e-4,1,-0.0151223725745119,NA,12,75952773
cg09555920,phenotype_signature_C1_vs_rest,0.13880912317296087,4.2884483033606174e-4,1,-0.04132925895444127,NA,5,56502167
cg05161209,phenotype_signature_C1_vs_rest,0.13880912317296087,4.2902206123572346e-4,1,-0.0437135444348243,MMP28,17,34114304
cg05663037,phenotype_signature_C1_vs_rest,0.13880912317296087,4.290439274513958e-4,1,-0.03372744598275209,EXT1,8,119104975
cg04579314,phenotype_signature_C1_vs_rest,0.13881100119321038,4.2921036482963424e-4,1,-0.04294843240803645,NA,3,150734126
cg06436185,phenotype_signature_C1_vs_rest,0.13891489122395834,4.296923506994611e-4,1,0.05421517401212392,PRKAG2,7,151745265
cg12069540,phenotype_signature_C1_vs_rest,0.13912837100921116,4.305136874978368e-4,1,-0.03862457466090956,C10orf58,10,80413814
cg13174688,phenotype_signature_C1_vs_rest,0.1392198155061727,4.309577556714698e-4,1,-0.05663453792293482,MTCL1,18,8801437
cg07293152,phenotype_signature_C1_vs_rest,0.1392737522627278,4.3128588611154016e-4,1,-0.02813848094983357,NA,23,119613501
cg01517088,phenotype_signature_C1_vs_rest,0.13929029380282587,4.3153370744940033e-4,1,-0.01688944512467764,LOC339593,20,11268972
cg17148519,phenotype_signature_C1_vs_rest,0.13929029380282587,4.316594844471432e-4,1,-0.02512425287835078,USP7,16,8899961
cg16009085,phenotype_signature_C1_vs_rest,0.13931283302972905,4.320618194108841e-4,1,-0.05838829062206441,IFRD1,7,112421726
cg14304809,phenotype_signature_C1_vs_rest,0.13931283302972905,4.3215831016547705e-4,1,-0.0454562461345279,RTEL1,20,63657763
cg18852698,phenotype_signature_C1_vs_rest,0.13931283302972905,4.324419594621034e-4,1,-0.08832341817607939,GPR176,15,39801697
cg04019148,phenotype_signature_C1_vs_rest,0.13931283302972905,4.325116916196922e-4,1,-0.02315414905973654,NA,13,55652658
cg00685984,phenotype_signature_C1_vs_rest,0.13931283302972905,4.32535400043931e-4,1,-0.02391463525809711,WIPI1,17,68455424
cg24447108,phenotype_signature_C1_vs_rest,0.1393504362039907,4.328134064047888e-4,1,-0.03976640300739156,ACSM1,16,20692529
cg16882927,phenotype_signature_C1_vs_rest,0.13935943775777507,4.330026319208034e-4,1,-0.0495736278742634,NA,8,28389272
cg11038620,phenotype_signature_C1_vs_rest,0.13945656659672245,4.334657998578913e-4,1,-0.04276605509022488,NA,23,9439083
cg24809788,phenotype_signature_C1_vs_rest,0.13953365819309166,4.340649844706901e-4,1,-0.04019147087844472,NA,2,24467284
cg12149081,phenotype_signature_C1_vs_rest,0.13953365819309166,4.34168065210506e-4,1,0.08504625801473963,ACOXL,2,111033022
cg13727957,phenotype_signature_C1_vs_rest,0.13953365819309166,4.341911651487611e-4,1,-0.03694266941703716,NAA35,9,85964706
cg02427831,phenotype_signature_C1_vs_rest,0.13953365819309166,4.343512953038546e-4,1,-0.05042793139294967,SIGLEC8,19,51458683
cg00164847,phenotype_signature_C1_vs_rest,0.13956865838680418,4.346465028357309e-4,1,-0.0331251405975902,RNF122,8,33568386
cg00077264,phenotype_signature_C1_vs_rest,0.13956865838680418,4.349340205407861e-4,1,0.05260480821922882,NA,2,127176982
cg22708812,phenotype_signature_C1_vs_rest,0.13956865838680418,4.349447748031176e-4,1,-0.04974078954166421,AP5B1,11,65781970
cg02100722,phenotype_signature_C1_vs_rest,0.13975507969659842,4.3568745394633834e-4,1,-0.03132528436043291,REV1,2,99471724
cg00086186,phenotype_signature_C1_vs_rest,0.13977065209388934,4.358977441387994e-4,1,-0.02767683627458789,TRAPPC12,2,3442372
cg04214305,phenotype_signature_C1_vs_rest,0.13986221951376257,4.3634516127846013e-4,1,-0.0108237020341978,EPN2,17,19331737
cg11375112,phenotype_signature_C1_vs_rest,0.1399414289550382,4.369127137871074e-4,1,-0.02316894948210466,ETV6,12,11730072
cg17241404,phenotype_signature_C1_vs_rest,0.1399414289550382,4.369161621111714e-4,1,-0.05560852494446636,PELP1,17,4693185
cg11650552,phenotype_signature_C1_vs_rest,0.13997143289475902,4.3719034735109456e-4,1,-0.06663696861068952,LIG3,17,34979406
cg03227775,phenotype_signature_C1_vs_rest,0.13997143289475902,4.37565518433499e-4,1,-0.1456564397317718,CARD11,7,2972073
cg25461186,phenotype_signature_C1_vs_rest,0.13997143289475902,4.377963840688691e-4,1,-0.03610687224472012,MLXIP,12,122080183
cg01977090,phenotype_signature_C1_vs_rest,0.13997143289475902,4.378513178331461e-4,1,-0.04694312430363896,ADD1,4,2850110
cg26223797,phenotype_signature_C1_vs_rest,0.13997143289475902,4.382230335734824e-4,1,-0.04313671495308448,NA,5,54835866
cg00477226,phenotype_signature_C1_vs_rest,0.13997143289475902,4.382964896492066e-4,1,-0.01358710037962304,BTLA,3,112465424
cg22777962,phenotype_signature_C1_vs_rest,0.13997143289475902,4.386384110081683e-4,1,0.07592001605948105,UBASH3B,11,122742111
cg12672222,phenotype_signature_C1_vs_rest,0.13997143289475902,4.388359281359974e-4,1,-0.00945413463628941,PPARA,22,46166123
cg01324516,phenotype_signature_C1_vs_rest,0.13997143289475902,4.392130322531381e-4,1,-0.01169300474826656,NA,22,37816944
cg24114251,phenotype_signature_C1_vs_rest,0.13997143289475902,4.392529520666291e-4,1,-0.06213188770055963,MAML1,5,179768666
cg11908101,phenotype_signature_C1_vs_rest,0.13997143289475902,4.3933773116695834e-4,1,-0.00985803464232968,CDH4,20,61929549
cg13282068,phenotype_signature_C1_vs_rest,0.13997143289475902,4.393820283153055e-4,1,-0.00721399022795918,GRB2,17,75364171
cg03759239,phenotype_signature_C1_vs_rest,0.13997143289475902,4.397009250606281e-4,1,-0.0263799158560818,RGS13,1,192657541
cg15794584,phenotype_signature_C1_vs_rest,0.13997143289475902,4.399062227765626e-4,1,-0.06747980010629634,MFSD6,2,190467274
cg15874590,phenotype_signature_C1_vs_rest,0.13997143289475902,4.399318549307647e-4,1,-0.03053995760890114,NA,16,29020847
cg10844679,phenotype_signature_C1_vs_rest,0.13997143289475902,4.399354121286925e-4,1,-0.01482259890541311,TMEM131,2,97914509
cg09414006,phenotype_signature_C1_vs_rest,0.13997143289475902,4.4001603742829326e-4,1,-0.05342945434549694,RAB40C,16,593613
cg16071476,phenotype_signature_C1_vs_rest,0.13997143289475902,4.4013692706964185e-4,1,-0.08191242676448365,NA,1,24730924
cg03921357,phenotype_signature_C1_vs_rest,0.13997143289475902,4.403576334069294e-4,1,-0.02800536215730223,C1orf174,1,3892867
cg03024546,phenotype_signature_C1_vs_rest,0.13997143289475902,4.4044479280617175e-4,1,-0.01191495551441942,CLEC16A,16,11129659
cg07376561,phenotype_signature_C1_vs_rest,0.13997143289475902,4.405358874608061e-4,1,-0.0432223595975039,NA,7,36022276
cg00596686,phenotype_signature_C1_vs_rest,0.13997143289475902,4.405732989957143e-4,1,-0.01695544725681316,STS,23,7219291
cg00827939,phenotype_signature_C1_vs_rest,0.13998669731818306,4.4100934205223595e-4,1,-0.06608340723488203,NA,22,39452847
cg09299789,phenotype_signature_C1_vs_rest,0.13998669731818306,4.4122240892071913e-4,1,-0.04023620690385742,NA,3,11736693
cg02292985,phenotype_signature_C1_vs_rest,0.13998669731818306,4.4124636201794585e-4,1,-0.05687996364812333,NA,20,62867519
cg08751660,phenotype_signature_C1_vs_rest,0.13998669731818306,4.4126931777595913e-4,1,-0.04880451483929996,CFAP43,10,104233061
cg05959780,phenotype_signature_C1_vs_rest,0.14006295603806887,4.416717836720134e-4,1,-0.01128669953810071,NA,9,34051601
cg16946254,phenotype_signature_C1_vs_rest,0.14018981076774137,4.423093411535765e-4,1,-0.08012857545951818,YWHAZ,8,100949368
cg20371686,phenotype_signature_C1_vs_rest,0.14018981076774137,4.424414666090464e-4,1,-0.01967837727455575,MCF2L2,3,183288933
cg12534265,phenotype_signature_C1_vs_rest,0.14018981076774137,4.4262763554371506e-4,1,-0.06218652922539283,MAN1C1,1,25766482
cg12689506,phenotype_signature_C1_vs_rest,0.14018981076774137,4.428849290853904e-4,1,-0.02861695127692024,NA,7,100607835
cg05580415,phenotype_signature_C1_vs_rest,0.14018981076774137,4.431469354956549e-4,1,-0.05959004230917649,FOXK2,17,82596094
cg10414569,phenotype_signature_C1_vs_rest,0.14018981076774137,4.43229630993105e-4,1,-0.02224609004908818,NA,11,12051618
cg23059279,phenotype_signature_C1_vs_rest,0.14018981076774137,4.4334981191170746e-4,1,-0.04702667836180035,NA,3,53487422
cg09444226,phenotype_signature_C1_vs_rest,0.14018981076774137,4.434759745131101e-4,1,-0.03668444254605735,APOLD1,12,12734806
cg04514092,phenotype_signature_C1_vs_rest,0.14018981076774137,4.436642675338092e-4,1,0.09707158360387971,KCNAB1,3,156301407
cg14671498,phenotype_signature_C1_vs_rest,0.14018981076774137,4.436940867460501e-4,1,-0.01027398833686981,LINC00578,3,177744871
cg15705054,phenotype_signature_C1_vs_rest,0.1402115619021676,4.4392518140828305e-4,1,0.00706361077961491,PBXIP1,1,154927709
cg06386426,phenotype_signature_C1_vs_rest,0.14047596869427706,4.449296497217626e-4,1,0.05876544693488077,LINC01581,15,94099801
cg06288918,phenotype_signature_C1_vs_rest,0.14047596869427706,4.4508744096516655e-4,1,-0.02660829940566406,INPP5A,10,132564851
cg10805054,phenotype_signature_C1_vs_rest,0.14048655491166953,4.45283554169941e-4,1,-0.06634782135919824,CYTH1,17,78738958
cg17933493,phenotype_signature_C1_vs_rest,0.14053944565986273,4.456138284792767e-4,1,-0.01089174517161271,TKTL1,23,154304304
cg00539789,phenotype_signature_C1_vs_rest,0.14073935534549809,4.464105539326534e-4,1,-0.01128012142311031,NA,9,88380130
cg14684108,phenotype_signature_C1_vs_rest,0.1407797179721786,4.467014908022127e-4,1,-0.01074169103570757,CGREF1,2,27117529
cg25161908,phenotype_signature_C1_vs_rest,0.14082811340731458,4.4734892422118274e-4,1,-0.02735757021059968,INTS8,8,94853721
cg23338316,phenotype_signature_C1_vs_rest,0.14082811340731458,4.4742185842612216e-4,1,-0.03849354876398821,CEP295,11,93723168
cg05825371,phenotype_signature_C1_vs_rest,0.14082811340731458,4.474946773513213e-4,1,-0.03913180275382436,DLGAP1,18,3653961
cg05941525,phenotype_signature_C1_vs_rest,0.14082811340731458,4.4750691940363024e-4,1,-0.07013225131777369,NA,1,173997935
cg02002298,phenotype_signature_C1_vs_rest,0.14084151872489464,4.477124995802655e-4,1,-0.01131082057763303,C21orf70,21,44972261
cg19681352,phenotype_signature_C1_vs_rest,0.14090586300962496,4.4812277325981703e-4,1,-0.08265762280789551,C1orf172,1,27282675
cg08808795,phenotype_signature_C1_vs_rest,0.14090586300962496,4.4836428826451965e-4,1,-0.00801169813198629,FRMD4A,10,13698527
cg03016142,phenotype_signature_C1_vs_rest,0.14090586300962496,4.485635872045625e-4,1,-0.02122454555904163,NA,1,182338016
cg06080776,phenotype_signature_C1_vs_rest,0.14090586300962496,4.491908322764603e-4,1,-0.02413071316829004,NA,6,16858400
cg26495008,phenotype_signature_C1_vs_rest,0.14090586300962496,4.494127843183342e-4,1,-0.04055203973096145,FKBP5,6,35651462
cg04225605,phenotype_signature_C1_vs_rest,0.14090586300962496,4.494662149565535e-4,1,-0.03272929326967089,LGR4,11,27420444
cg17280398,phenotype_signature_C1_vs_rest,0.14090586300962496,4.49531375487593e-4,1,-0.04360405069072155,PIK3CB,3,138759353
cg14914795,phenotype_signature_C1_vs_rest,0.14090586300962496,4.497085530486485e-4,1,-0.01276201547516482,OR8G2,11,124224411
cg25505775,phenotype_signature_C1_vs_rest,0.14090586300962496,4.498841577536892e-4,1,-0.03951073764837817,MBOAT1,6,20204407
cg21672758,phenotype_signature_C1_vs_rest,0.14090586300962496,4.499942110478264e-4,1,-0.04367548259423613,NA,2,48112992
cg03249906,phenotype_signature_C1_vs_rest,0.14090586300962496,4.50000306640855e-4,1,-0.03967643023562916,CHRAC1,8,140509917
cg03850588,phenotype_signature_C1_vs_rest,0.14090586300962496,4.5030461848937734e-4,1,-0.05755436130455968,CBFB,16,67041270
cg24720967,phenotype_signature_C1_vs_rest,0.14090586300962496,4.503754658111808e-4,1,-0.03253513658907256,NA,17,30439689
cg02634327,phenotype_signature_C1_vs_rest,0.14090586300962496,4.5038327536149375e-4,1,-0.06154818628476628,NA,6,167409842
cg00215722,phenotype_signature_C1_vs_rest,0.14090586300962496,4.504337742503541e-4,1,-0.07056863444743229,NA,8,124830747
cg10687107,phenotype_signature_C1_vs_rest,0.14090586300962496,4.505259485548767e-4,1,-0.05490471246448577,NA,8,66542432
cg25318712,phenotype_signature_C1_vs_rest,0.1409744440001851,4.5101168926755343e-4,1,-0.01209578802598185,NA,7,157120441
cg02764523,phenotype_signature_C1_vs_rest,0.1409744440001851,4.513207985653576e-4,1,-0.01388904323632997,SPECC1,17,20189096
cg05477517,phenotype_signature_C1_vs_rest,0.1409744440001851,4.513749205245229e-4,1,-0.02700424005842992,NA,6,164110544
cg23779286,phenotype_signature_C1_vs_rest,0.1409744440001851,4.5139777093441e-4,1,-0.06294233604978747,TRIM33,1,114489963
cg05000339,phenotype_signature_C1_vs_rest,0.14099221014678845,4.516516492217005e-4,1,-0.03824148701416418,RAB11FIP4,17,31490110
cg14414903,phenotype_signature_C1_vs_rest,0.14099221014678845,4.518362044941664e-4,1,0.04580986421055997,HDAC4,2,239250016
cg17862837,phenotype_signature_C1_vs_rest,0.14099221014678845,4.519441280082717e-4,1,-0.03349339042424738,BRE,2,28327664
cg00851912,phenotype_signature_C1_vs_rest,0.14105779511470118,4.523175902651814e-4,1,-0.06353981717083501,NA,4,121794683
cg13695260,phenotype_signature_C1_vs_rest,0.14107209598132264,4.525266967619427e-4,1,-0.0136574412670189,HSF2BP,21,43598021
cg18790856,phenotype_signature_C1_vs_rest,0.141180956145597,4.530392701651336e-4,1,0.05782726022514554,NA,2,37524306
cg25982416,phenotype_signature_C1_vs_rest,0.14135296759355354,4.537548164032687e-4,1,-0.02254597710647945,AOAH,7,36677733
cg09641213,phenotype_signature_C1_vs_rest,0.14138032004748702,4.541214329240547e-4,1,0.0691998310460672,MIR1976,1,26554352
cg12553873,phenotype_signature_C1_vs_rest,0.14138032004748702,4.541698317562466e-4,1,-0.03752127050773843,ARHGAP26,5,142779821
cg03538650,phenotype_signature_C1_vs_rest,0.14138224086274034,4.5434852012781943e-4,1,-0.01366846134425186,NA,12,8887661
cg02249096,phenotype_signature_C1_vs_rest,0.14138224086274034,4.545032183188752e-4,1,-0.05639479780182499,RHCE,1,25740578
cg08553585,phenotype_signature_C1_vs_rest,0.1413866062185902,4.546808648032547e-4,1,-0.02777971103513717,LOC101927787,1,234655807
cg21419012,phenotype_signature_C1_vs_rest,0.1413906037681247,4.548756931349364e-4,1,-0.05689043453868033,NR2C2,3,15025101
cg15975598,phenotype_signature_C1_vs_rest,0.1413906037681247,4.550209558956698e-4,1,-0.02040901447975724,CREB3L2,7,137980372
cg12664056,phenotype_signature_C1_vs_rest,0.1414152102644022,4.5526379034656746e-4,1,-0.03390015525759611,ILDR2,1,166890924
cg18259620,phenotype_signature_C1_vs_rest,0.14145814243423932,4.5581249756063207e-4,1,-0.02456152737336849,NA,23,15343186
cg12141023,phenotype_signature_C1_vs_rest,0.14145814243423932,4.559510999704982e-4,1,-0.07987501862815821,NA,8,119502141
cg09137745,phenotype_signature_C1_vs_rest,0.14145814243423932,4.560928590546502e-4,1,-0.05107963917106562,LOC100132963,23,154834826
cg04436877,phenotype_signature_C1_vs_rest,0.14145814243423932,4.562209157384122e-4,1,-0.06456222595254844,NA,1,172497317
cg23489421,phenotype_signature_C1_vs_rest,0.14145814243423932,4.5624933674072926e-4,1,-0.03257522307164425,FAM71D,14,67192523
cg06893273,phenotype_signature_C1_vs_rest,0.14145814243423932,4.565402773100241e-4,1,-0.05598438875374261,NA,17,48527412
cg23827476,phenotype_signature_C1_vs_rest,0.14145814243423932,4.565478749677065e-4,1,-0.03175913284006115,ZHX3,20,41234632
cg01524194,phenotype_signature_C1_vs_rest,0.1414898593114322,4.568139719388439e-4,1,-0.00718676008320388,DISP2,15,40366326
cg16001699,phenotype_signature_C1_vs_rest,0.1414910483713306,4.569815449184677e-4,1,0.08779454755116604,ABCA13,7,48245990
cg26594488,phenotype_signature_C1_vs_rest,0.14165585255883595,4.5767774690594934e-4,1,-0.0985263641114506,PION,7,77035648
cg06431967,phenotype_signature_C1_vs_rest,0.1417354795609183,4.580990316676289e-4,1,-0.05194134821859261,NA,1,9847978
cg13372645,phenotype_signature_C1_vs_rest,0.14177018560010732,4.58375261026648e-4,1,-0.00707226585127051,NA,1,29864653
cg17254832,phenotype_signature_C1_vs_rest,0.1418289154736028,4.58801582053122e-4,1,-0.03569354529990778,NA,1,40014968
cg20758387,phenotype_signature_C1_vs_rest,0.1418289154736028,4.589305715166116e-4,1,-0.05891748606385694,DPH7,9,137575559
cg07613391,phenotype_signature_C1_vs_rest,0.1418289154736028,4.5905752295853864e-4,1,-0.03916164707658951,TGFBR2,3,30667254
cg13793211,phenotype_signature_C1_vs_rest,0.14184085275851793,4.5926029913526e-4,1,-0.04683477237829813,SAMSN1-AS1,21,14582188
cg08778580,phenotype_signature_C1_vs_rest,0.14193814788084358,4.598918352291579e-4,1,-0.05854911598865974,TMEM229B,14,67516646
cg01137366,phenotype_signature_C1_vs_rest,0.14193814788084358,4.601043291019262e-4,1,-0.07360218354379859,CHD9,16,53086208
cg23292767,phenotype_signature_C1_vs_rest,0.14193814788084358,4.6012931034784853e-4,1,-0.03739788144564716,NA,8,37601878
cg22338845,phenotype_signature_C1_vs_rest,0.14193814788084358,4.603600806996513e-4,1,-0.04580563239691773,GRAMD1B,11,123558834
cg25162456,phenotype_signature_C1_vs_rest,0.14193814788084358,4.60396583598724e-4,1,-0.01232914042876406,C9orf3,9,94757329
cg11699403,phenotype_signature_C1_vs_rest,0.14194883893127958,4.607696246082577e-4,1,-0.01782861307954637,NA,2,60384440
cg22551641,phenotype_signature_C1_vs_rest,0.14194883893127958,4.610216411802592e-4,1,-0.03165187618184309,NA,23,48084043
cg02176569,phenotype_signature_C1_vs_rest,0.14194883893127958,4.61133741777896e-4,1,0.06697642768800642,SP140,2,230227406
cg12338935,phenotype_signature_C1_vs_rest,0.14194883893127958,4.613436665882891e-4,1,-0.02988114231515197,MIR4655,7,1845241
cg14467794,phenotype_signature_C1_vs_rest,0.14194883893127958,4.613766923833726e-4,1,-0.05020990638629825,NA,3,32045368
cg26674800,phenotype_signature_C1_vs_rest,0.14194883893127958,4.614168439787958e-4,1,0.00767033539242557,DLG4,17,7205334
cg13503148,phenotype_signature_C1_vs_rest,0.14197169036692792,4.6165541470837007e-4,1,-0.0255490136355463,TMEM212,3,171843270
cg03100063,phenotype_signature_C1_vs_rest,0.1420228356369508,4.6207922282481953e-4,1,-0.04890820511461349,NA,4,104943324
cg02875645,phenotype_signature_C1_vs_rest,0.1420228356369508,4.622706568215056e-4,1,-0.05501939394092624,PAFAH2,1,25993734
cg25620989,phenotype_signature_C1_vs_rest,0.1420228356369508,4.6231477407532e-4,1,-0.04907303052379874,NA,5,163434760
cg14204877,phenotype_signature_C1_vs_rest,0.14223922669111946,4.631837731195555e-4,1,-0.02048940906287282,CLCN3,4,169626940
cg25019378,phenotype_signature_C1_vs_rest,0.14227953586043568,4.6365241649783313e-4,1,-0.03199003006969628,TULP4,6,158328335
cg00173498,phenotype_signature_C1_vs_rest,0.14227953586043568,4.63744433863631e-4,1,0.05437044410277585,NA,8,60999902
cg00794911,phenotype_signature_C1_vs_rest,0.14227953586043568,4.64440410243207e-4,1,-0.03520133306592422,NA,6,165847044
cg23043735,phenotype_signature_C1_vs_rest,0.14227953586043568,4.644871650786882e-4,1,-0.02076940130617424,MYH15,3,108421177
cg22457637,phenotype_signature_C1_vs_rest,0.14227953586043568,4.6453637253266784e-4,1,-0.0186544199833998,DENND3,8,141132773
cg08649376,phenotype_signature_C1_vs_rest,0.14227953586043568,4.645566429743562e-4,1,-0.05092894604309738,DENND1A,9,123557237
cg22717723,phenotype_signature_C1_vs_rest,0.14227953586043568,4.648405923295246e-4,1,-0.05665487232517064,SPAST,2,32299042
cg08397390,phenotype_signature_C1_vs_rest,0.14227953586043568,4.649516063033084e-4,1,-0.02538896239686375,UXS1,2,106178796
cg01877260,phenotype_signature_C1_vs_rest,0.14227953586043568,4.650209675090915e-4,1,-0.06332720467122933,RASGRP1,15,38553282
cg23111342,phenotype_signature_C1_vs_rest,0.14227953586043568,4.652047821816363e-4,1,0.06095084250846962,SIK3,11,116986764
cg19650953,phenotype_signature_C1_vs_rest,0.14227953586043568,4.6546089996366675e-4,1,-0.0269721145680371,NA,18,59960517
cg08310863,phenotype_signature_C1_vs_rest,0.14227953586043568,4.654801512136935e-4,1,-0.05513624818888265,NA,6,111390240
cg07467736,phenotype_signature_C1_vs_rest,0.14227953586043568,4.655409385603064e-4,1,-0.02999959089931359,NA,22,42335749
cg16597993,phenotype_signature_C1_vs_rest,0.14227953586043568,4.656200846764367e-4,1,-0.04893716230514677,EPS15L1,19,16578633
cg06998080,phenotype_signature_C1_vs_rest,0.14243102412345782,4.6629202799206097e-4,1,-0.00944106613271227,NA,8,27725809
cg03940525,phenotype_signature_C1_vs_rest,0.14243102412345782,4.664454844395264e-4,1,-0.01910283245929014,DIMT1L,5,62402262
cg07685034,phenotype_signature_C1_vs_rest,0.14245825992086142,4.668022981133271e-4,1,-0.02967716278812503,PCBP3,21,45849713
cg02209805,phenotype_signature_C1_vs_rest,0.14245825992086142,4.6686438508026314e-4,1,-0.04432851169375188,HSPA5,9,128004908
cg05825759,phenotype_signature_C1_vs_rest,0.14246497466738334,4.6713409548412063e-4,1,-0.0450816801933169,KMT2C,7,152162483
cg25627956,phenotype_signature_C1_vs_rest,0.14246497466738334,4.672161126831442e-4,1,-0.06249487603945185,ADIPOR2,12,1740770
cg02235049,phenotype_signature_C1_vs_rest,0.14246507884680848,4.6738131547540486e-4,1,-0.02403928134810407,ADIPOQ,3,186841397
cg26551146,phenotype_signature_C1_vs_rest,0.1425797316270688,4.680159199847776e-4,1,-0.00834082801342241,SMOC2,6,168613025
cg26173986,phenotype_signature_C1_vs_rest,0.1425797316270688,4.682586214928458e-4,1,-0.10591974438645756,VAMP2,17,8163698
cg19375767,phenotype_signature_C1_vs_rest,0.1425797316270688,4.683057148460293e-4,1,-0.07169002287361619,ARID1A,1,26722098
cg06564198,phenotype_signature_C1_vs_rest,0.1425797316270688,4.6862026201575506e-4,1,-0.04626956353083641,LHPP,10,126158005
cg26507027,phenotype_signature_C1_vs_rest,0.1425797316270688,4.6870456893486695e-4,1,-0.0124716337148877,GRID2,4,93320273
cg09094804,phenotype_signature_C1_vs_rest,0.1425797316270688,4.68786610621169e-4,1,-0.04332415441646699,NUDT21,16,56451526
cg21934772,phenotype_signature_C1_vs_rest,0.1425797316270688,4.691839668996271e-4,1,-0.03891171040310991,NA,13,109546602
cg17290000,phenotype_signature_C1_vs_rest,0.1425797316270688,4.693241274727775e-4,1,0.05750408902734996,NA,2,11945728
cg19551575,phenotype_signature_C1_vs_rest,0.1425797316270688,4.69347722991447e-4,1,-0.01544879523390174,TMEM87B,2,112089498
cg14099540,phenotype_signature_C1_vs_rest,0.1425797316270688,4.6940739184658575e-4,1,-0.04429865269582322,RALGDS,9,133143407
cg06999708,phenotype_signature_C1_vs_rest,0.1425893814849184,4.696041665194061e-4,1,-0.01317043363145773,LOC101928710,17,78627667
cg03945895,phenotype_signature_C1_vs_rest,0.14262976230380542,4.699022084991228e-4,1,-0.0230387680887231,PRDM2,1,13784857
cg03337349,phenotype_signature_C1_vs_rest,0.14272529375010748,4.705299215286563e-4,1,-0.04865313170750876,NA,21,20259713
cg18325315,phenotype_signature_C1_vs_rest,0.14272529375010748,4.706075625395329e-4,1,0.09357577185746165,GTF2IRD1,7,74482900
cg20426823,phenotype_signature_C1_vs_rest,0.14272529375010748,4.7081937838453527e-4,1,-0.03432355969182006,MNT,17,2384776
cg24099241,phenotype_signature_C1_vs_rest,0.14272529375010748,4.7087759153662375e-4,1,-0.027384596584727382,ITPKC,19,40735719
cg09636525,phenotype_signature_C1_vs_rest,0.1427841132223183,4.7133850323608656e-4,1,-0.04055850167849453,TADA2B,4,7050885
cg09086678,phenotype_signature_C1_vs_rest,0.1427841132223183,4.714021086837432e-4,1,-0.0209425922791125,BRAF,7,140922356
cg01417401,phenotype_signature_C1_vs_rest,0.14282570681728643,4.7194930985048375e-4,1,-0.04619563984494861,KRT71,12,52547015
cg11823159,phenotype_signature_C1_vs_rest,0.14282570681728643,4.7205691089374606e-4,1,-0.02477820241029514,POLR2D,2,127854285
cg12020338,phenotype_signature_C1_vs_rest,0.14282570681728643,4.7237883213526767e-4,1,-0.05083726936742142,KDELC2,11,108487027
cg01964045,phenotype_signature_C1_vs_rest,0.14282570681728643,4.7273889328564624e-4,1,-0.02816201111321125,NA,1,109814564
cg16116669,phenotype_signature_C1_vs_rest,0.14282570681728643,4.728322437982132e-4,1,-0.03718124914655391,SAMSN1-AS1,21,14582082
cg12986900,phenotype_signature_C1_vs_rest,0.14282570681728643,4.730006068864778e-4,1,-0.04609521417605874,FAM151B,5,79782552
cg08923349,phenotype_signature_C1_vs_rest,0.14282570681728643,4.730964326795527e-4,1,-0.04794375528860969,RRAS2,11,14355249
cg13221796,phenotype_signature_C1_vs_rest,0.14282570681728643,4.7317444043827286e-4,1,-0.05973518314908518,RB1,13,48302783
cg01668481,phenotype_signature_C1_vs_rest,0.14282570681728643,4.73182407950256e-4,1,-0.05853942181413601,VCL,10,74004343
cg11902362,phenotype_signature_C1_vs_rest,0.14282570681728643,4.73192214584808e-4,1,-0.02079432929741165,NA,12,89356045
cg15628834,phenotype_signature_C1_vs_rest,0.14284007994874404,4.734051289277846e-4,1,-0.03989179920449941,STOML1,15,73993036
cg10057033,phenotype_signature_C1_vs_rest,0.14296681223242955,4.740956625795837e-4,1,-0.02148204486351753,ANK1,8,41880375
cg18353747,phenotype_signature_C1_vs_rest,0.14296681223242955,4.742451656362898e-4,1,-0.07618929900018973,NA,13,30963558
cg10631361,phenotype_signature_C1_vs_rest,0.14296681223242955,4.74321474312824e-4,1,-0.02620518863419536,NA,18,46162265
cg11256548,phenotype_signature_C1_vs_rest,0.14314855617121214,4.7509009884723574e-4,1,-0.04634184003423421,CD151,11,837944
cg17205313,phenotype_signature_C1_vs_rest,0.14315477319621514,4.755431166876051e-4,1,-0.03314933298806692,TTC39C,18,23992784
cg16488174,phenotype_signature_C1_vs_rest,0.14315477319621514,4.755949467600798e-4,1,-0.02681406114045946,MST1P2,1,16971585
cg18292904,phenotype_signature_C1_vs_rest,0.14315477319621514,4.756077100398236e-4,1,-0.02815944849392042,MST1R,3,49939703
cg12368246,phenotype_signature_C1_vs_rest,0.14316203039185832,4.7579748850366273e-4,1,-0.04931995323742929,PLAGL1,6,143965620
cg15043421,phenotype_signature_C1_vs_rest,0.14322030582572068,4.761569013753315e-4,1,-0.03919310155684326,NA,20,37262601
cg18700007,phenotype_signature_C1_vs_rest,0.14327246565710353,4.7649610982618273e-4,1,-0.07831029701770993,NA,12,66291160
cg18749469,phenotype_signature_C1_vs_rest,0.14336823227179157,4.7727288283936226e-4,1,-0.02023625840075865,SERPINA6,14,94320966
cg05950291,phenotype_signature_C1_vs_rest,0.14336823227179157,4.772982682010707e-4,1,-0.00935196740610175,NA,15,100769005
cg05165580,phenotype_signature_C1_vs_rest,0.14336823227179157,4.7752444757712895e-4,1,0.00493107529883831,ADAT1,16,75623439
cg20835781,phenotype_signature_C1_vs_rest,0.14336823227179157,4.776404055705713e-4,1,0.04833310739013109,NA,7,75741148
cg07142886,phenotype_signature_C1_vs_rest,0.14336823227179157,4.776441421306528e-4,1,0.01182155125026267,NA,17,46841915
cg01282836,phenotype_signature_C1_vs_rest,0.143411563054293,4.780980281142784e-4,1,-0.05226082707953295,NA,9,7247008
cg13051367,phenotype_signature_C1_vs_rest,0.143411563054293,4.781204153429237e-4,1,-0.05888284240849937,DYRK1A,21,38751589
cg24076840,phenotype_signature_C1_vs_rest,0.14359766906431284,4.789070467271378e-4,1,-0.04718552031322382,SNAPC1,14,61768487
cg03516688,phenotype_signature_C1_vs_rest,0.1436730802164068,4.793248065894666e-4,1,-0.017071989507844,KIAA1671,22,25172209
cg19244790,phenotype_signature_C1_vs_rest,0.14413632920829922,4.811863770291381e-4,1,-0.02808029361499606,MYO1B,2,192111082
cg19184160,phenotype_signature_C1_vs_rest,0.14413632920829922,4.8120389672875053e-4,1,-0.02340143386621333,UTRN,6,144290749
cg16941643,phenotype_signature_C1_vs_rest,0.14421801752874827,4.816435055267679e-4,1,-0.00768859473129387,NA,9,124514927
cg22490249,phenotype_signature_C1_vs_rest,0.1442666383772244,4.819728300056551e-4,1,-0.05942901832611687,TCF12,15,57213852
cg26097157,phenotype_signature_C1_vs_rest,0.1443462303045484,4.824057725024484e-4,1,-0.01284281050863069,GRK5,10,119342653
cg12023239,phenotype_signature_C1_vs_rest,0.14436551046197757,4.8270427450969593e-4,1,-0.07286208362940169,OSBPL3,7,24908974
cg12658374,phenotype_signature_C1_vs_rest,0.14436551046197757,4.828043275200603e-4,1,0.05535069544268348,ARL5C,17,39167310
cg25511549,phenotype_signature_C1_vs_rest,0.1444390663464577,4.832174673062253e-4,1,-0.02825446984024803,URI1,19,29923979
cg03407052,phenotype_signature_C1_vs_rest,0.14460633718308344,4.8396319330628977e-4,1,-0.01177315168920509,MED13L,12,116140762
cg08304101,phenotype_signature_C1_vs_rest,0.14460633718308344,4.841117459320355e-4,1,0.04695777077299065,HLA-G,6,29797420
cg18197869,phenotype_signature_C1_vs_rest,0.14463745154932384,4.844867152270488e-4,1,-0.04783722520416957,VIT,2,36780036
cg17877920,phenotype_signature_C1_vs_rest,0.14463745154932384,4.845506603413433e-4,1,-0.0504582072855753,HLA-DPB2,6,33085800
cg24266106,phenotype_signature_C1_vs_rest,0.14477389828175913,4.8557252057061367e-4,1,-0.01505376248335312,RNF10,12,120557412
cg05026674,phenotype_signature_C1_vs_rest,0.14477389828175913,4.8566717675566047e-4,1,-0.0545672100202243,TOP1,20,41076084
cg07446572,phenotype_signature_C1_vs_rest,0.14477389828175913,4.856923733259214e-4,1,-0.01894873590973423,CDCA3,12,6850354
cg11698890,phenotype_signature_C1_vs_rest,0.14477389828175913,4.8583053834493344e-4,1,-0.05932392642682477,MGAT4A,2,98637847
cg01424189,phenotype_signature_C1_vs_rest,0.14477389828175913,4.8584543577646233e-4,1,0.02982278169536112,PTPN5,11,18754407
cg00507945,phenotype_signature_C2_vs_rest,0.14478311860384618,6.199112411175706e-6,1,0.02699759269433937,NA,5,181187561
cg07485754,phenotype_signature_C1_vs_rest,0.14483351158288812,4.862130934163879e-4,1,-0.02340830258605596,CAPZA2,7,116871285
cg05850565,phenotype_signature_C1_vs_rest,0.14491201296137304,4.867684767899737e-4,1,-0.03034464023164034,SMEK1,14,91483329
cg12944551,phenotype_signature_C1_vs_rest,0.14491201296137304,4.869563957131793e-4,1,-0.03452444532677427,STAT1,2,190975033
cg10661002,phenotype_signature_C1_vs_rest,0.14491201296137304,4.869797045425195e-4,1,-0.00924759607392246,OSBPL3,7,24978884
cg08616105,phenotype_signature_C1_vs_rest,0.144929792355382,4.875165447590383e-4,1,-0.0077620653688823,ZFYVE26,14,67762764
cg09638113,phenotype_signature_C1_vs_rest,0.144929792355382,4.876756959997315e-4,1,-0.0331229749139097,GALK1,17,75763528
cg11436025,phenotype_signature_C1_vs_rest,0.144929792355382,4.8775001202249114e-4,1,-0.00917001968155693,DSCAML1,11,117505523
cg10340602,phenotype_signature_C1_vs_rest,0.144929792355382,4.8778696602809615e-4,1,-0.02086255892731547,GPR160,3,170054560
cg18099556,phenotype_signature_C1_vs_rest,0.144929792355382,4.878780191005821e-4,1,-0.04278417501407039,NA,21,35317136
cg11751117,phenotype_signature_C1_vs_rest,0.14502509830061472,4.883666716674715e-4,1,-0.05225182166955162,PELI2,14,56196693
cg25566301,phenotype_signature_C1_vs_rest,0.1450391983391804,4.885819929426236e-4,1,-0.02947377350824987,NA,1,24491768
cg03252770,phenotype_signature_C1_vs_rest,0.1453346444035177,4.897454203693836e-4,1,0.05680901381581143,NA,4,153433202
cg14012059,phenotype_signature_C1_vs_rest,0.1454567155590071,4.903250960749819e-4,1,-0.06474160876692976,LRSAM1,9,127460690
cg16475811,phenotype_signature_C1_vs_rest,0.1454931272663792,4.906162027678337e-4,1,-0.04430731179678954,NA,11,69493958
cg21081039,phenotype_signature_C1_vs_rest,0.14549610651159126,4.907946177076354e-4,1,-0.06409441998604021,NA,20,46606504
cg07297063,phenotype_signature_C1_vs_rest,0.14562619890015294,4.915961037466812e-4,1,-0.04022148109614259,FIG4,6,109760253
cg02587074,phenotype_signature_C1_vs_rest,0.14562619890015294,4.918862235479692e-4,1,-0.03062337464250346,PCNXL2,1,233085060
cg10115987,phenotype_signature_C1_vs_rest,0.14562619890015294,4.920632814772012e-4,1,-0.0199472078474579,NA,2,219510826
cg10054083,phenotype_signature_C1_vs_rest,0.14562619890015294,4.921607680932745e-4,1,-0.05867444737846537,NA,16,4152450
cg06219337,phenotype_signature_C1_vs_rest,0.14562619890015294,4.922222435680475e-4,1,-0.0288579933919856,YWHAE,17,1375172
cg22449745,phenotype_signature_C1_vs_rest,0.14562619890015294,4.923537969956397e-4,1,-0.03654323906239097,CDCA8,1,37691267
cg00677574,phenotype_signature_C1_vs_rest,0.14562619890015294,4.924130861078223e-4,1,-0.02574552850210468,ACBD4,17,45143960
cg19846596,phenotype_signature_C1_vs_rest,0.14584585351787943,4.933534132811067e-4,1,-0.03549067000435703,MIR1229,5,179225479
cg17999099,phenotype_signature_C1_vs_rest,0.14584585351787943,4.934933619158197e-4,1,-0.03344868535123421,ZNF622,5,16457667
cg10809828,phenotype_signature_C1_vs_rest,0.14598558114821047,4.941350883392224e-4,1,-0.05250944836505345,LCK,1,32256677
cg04921335,phenotype_signature_C1_vs_rest,0.1461180516291402,4.947525655982562e-4,1,-0.00917659299764329,NSF,17,46713369
cg03774935,phenotype_signature_C1_vs_rest,0.14619920305486842,4.952834640156947e-4,1,-0.05468646387636203,CRBN,3,3178042
cg22780058,phenotype_signature_C1_vs_rest,0.14619920305486842,4.95365707126356e-4,1,-0.01691890478393925,MRPS25,3,15052866
cg12258670,phenotype_signature_C1_vs_rest,0.1462379750807388,4.956663052466279e-4,1,-0.06315528180921715,LTBP2,14,74602338
cg11725101,phenotype_signature_C1_vs_rest,0.14624240688008844,4.95984819376151e-4,1,-0.03549475803258929,NBPF16,1,148739457
cg01069468,phenotype_signature_C1_vs_rest,0.14624240688008844,4.963236444959338e-4,1,-0.0426813136698834,SYNGAP1,6,33421330
cg19473653,phenotype_signature_C1_vs_rest,0.14624240688008844,4.963517877940308e-4,1,-0.01490356028387511,RB1,13,48302730
cg16410508,phenotype_signature_C1_vs_rest,0.14624240688008844,4.967376228724417e-4,1,-0.04567658281997253,NA,7,64890873
cg04242898,phenotype_signature_C1_vs_rest,0.14624240688008844,4.968803642260066e-4,1,-0.04123659576902104,CYB5R3,22,42647125
cg26713832,phenotype_signature_C1_vs_rest,0.14624240688008844,4.968862163713862e-4,1,-0.05757942088319458,NA,4,140615437
cg20833542,phenotype_signature_C1_vs_rest,0.14624240688008844,4.968941051384138e-4,1,-0.01636609799024145,ZNF322,6,26657358
cg25033144,phenotype_signature_C1_vs_rest,0.14624240688008844,4.970351847901986e-4,1,-0.01365529957252531,KIR3DX1,19,54537071
cg16537174,phenotype_signature_C1_vs_rest,0.1463005322491737,4.974437086271952e-4,1,-0.01187007465366602,HUWE1,23,53550124
cg04900927,phenotype_signature_C1_vs_rest,0.1463005322491737,4.97571334996993e-4,1,-0.03228456670808914,MAN1A1,6,119324903
cg07583563,phenotype_signature_C1_vs_rest,0.14658263620997092,4.987813449409081e-4,1,-0.05172049829153919,CALM1,14,90401154
cg00823480,phenotype_signature_C1_vs_rest,0.14658263620997092,4.988700287605936e-4,1,-0.06740644586729726,NKIRAS2,17,42016313
cg03288347,phenotype_signature_C1_vs_rest,0.14691843980222616,5.002593488040757e-4,1,-0.03889142998617798,NA,9,89548391
cg19991780,phenotype_signature_C1_vs_rest,0.14691843980222616,5.003529105272586e-4,1,0.06870286442897192,RAB7A,3,128814529
cg10736528,phenotype_signature_C1_vs_rest,0.14718909172380523,5.018417996244213e-4,1,-0.01317916503722218,KRT84,12,52379177
cg25847090,phenotype_signature_C1_vs_rest,0.14718909172380523,5.01872751655089e-4,1,-0.04222598685809941,C10orf76,10,102009597
cg00650614,phenotype_signature_C1_vs_rest,0.14718909172380523,5.01918727645271e-4,1,-0.06129293033227755,NA,10,135059097
cg14765802,phenotype_signature_C1_vs_rest,0.14718909172380523,5.019559675960409e-4,1,-0.06779658452468675,INADL,1,61967848
cg07946965,phenotype_signature_C1_vs_rest,0.1472265339658262,5.022540272212014e-4,1,-0.03189541557198765,NA,3,30697161
cg14528835,phenotype_signature_C1_vs_rest,0.147336450905328,5.027995002265948e-4,1,-0.02636117405019572,ALG9,11,111742798
cg23744559,phenotype_signature_C1_vs_rest,0.1473779456411966,5.031116512390529e-4,1,-0.04209781603524516,ADAM12,10,126146876
cg05473131,phenotype_signature_C1_vs_rest,0.1475425046454533,5.039114899482892e-4,1,-0.01481607696592958,NA,10,8298087
cg15601079,phenotype_signature_C1_vs_rest,0.1475425046454533,5.040148882527358e-4,1,-0.01320438689995452,METAP1,4,99029885
cg08622048,phenotype_signature_C1_vs_rest,0.1476181140200892,5.044439990896549e-4,1,-0.01292144804550432,SND1,7,128044317
cg24319206,phenotype_signature_C1_vs_rest,0.1476402517045116,5.046904983557605e-4,1,-0.00777951924580398,LDLRAD4,18,13227115
cg12492850,phenotype_signature_C1_vs_rest,0.14764122709792235,5.049583948399975e-4,1,-0.0564922458120935,FAM160A2,11,6236032
cg11845767,phenotype_signature_C1_vs_rest,0.14764122709792235,5.050379072359929e-4,1,-0.04004070766072656,XPA,9,97676009
cg15335273,phenotype_signature_C1_vs_rest,0.14764122709792235,5.052063855994737e-4,1,-0.04728944720009193,NA,15,57311647
cg13135255,phenotype_signature_C1_vs_rest,0.14782261157710416,5.063503746704069e-4,1,-0.08593240604640445,CREBBP,16,3843133
cg04230700,phenotype_signature_C1_vs_rest,0.14782261157710416,5.063852663662671e-4,1,-0.03448494583230024,COL4A1,13,110816833
cg00972338,phenotype_signature_C1_vs_rest,0.14782261157710416,5.065476404198896e-4,1,-0.00827321746067746,THNSL2,2,88172155
cg18841796,phenotype_signature_C1_vs_rest,0.14782261157710416,5.070907879220132e-4,1,-0.06968695052758965,RAPGEF6,5,131630741
cg23890383,phenotype_signature_C1_vs_rest,0.14782261157710416,5.071532040728579e-4,1,-0.01893302740292798,LZTFL1,3,45872007
cg13890949,phenotype_signature_C1_vs_rest,0.14782261157710416,5.072369427685747e-4,1,-0.04002289666614659,NA,12,122827542
cg21050046,phenotype_signature_C1_vs_rest,0.14782261157710416,5.072646928256169e-4,1,-0.05047074037074976,NA,3,17749385
cg05888040,phenotype_signature_C1_vs_rest,0.14782261157710416,5.07320259615824e-4,1,-0.05580199695222912,TMOD1,9,97555512
cg26648031,phenotype_signature_C1_vs_rest,0.14782261157710416,5.073708994951543e-4,1,-0.02810964919477094,TGFBR3,1,91792699
cg13923780,phenotype_signature_C1_vs_rest,0.14782261157710416,5.079221510176363e-4,1,-0.05708818807401367,NA,2,89513455
cg24169546,phenotype_signature_C1_vs_rest,0.14782261157710416,5.081166226553989e-4,1,-0.04229630477559177,KIAA1549,7,138958826
cg09785904,phenotype_signature_C1_vs_rest,0.14782261157710416,5.083296737157745e-4,1,-0.01477819723004469,NA,17,36843884
cg10603070,phenotype_signature_C1_vs_rest,0.14782261157710416,5.083420828129473e-4,1,-0.01126818712720803,PARD6G-AS1,18,80161805
cg20189937,phenotype_signature_C1_vs_rest,0.14782261157710416,5.084018117341587e-4,1,-0.04954949812402894,ATP5S,14,50313406
cg20038717,phenotype_signature_C1_vs_rest,0.14782261157710416,5.084256015595755e-4,1,0.08065077618945292,SCN1A,2,166126160
cg02840645,phenotype_signature_C1_vs_rest,0.14782261157710416,5.085707207328024e-4,1,-0.0497435829134531,NA,1,117678641
cg26936223,phenotype_signature_C1_vs_rest,0.14782261157710416,5.089441602831472e-4,1,-0.03842692324643394,NA,10,27643013
cg10678253,phenotype_signature_C1_vs_rest,0.14782261157710416,5.090373993260331e-4,1,-0.00647740071355573,UQCRC1,3,48600977
cg04509293,phenotype_signature_C1_vs_rest,0.14782261157710416,5.090772133299026e-4,1,-0.06557807785103612,CTNND1,11,57816123
cg07219384,phenotype_signature_C1_vs_rest,0.1478317005251054,5.094607869121682e-4,1,-0.09063664809404004,MAN1A1,6,119644105
cg06068801,phenotype_signature_C1_vs_rest,0.1478317005251054,5.095482629799411e-4,1,-0.05191199588365656,PPP1R1B,17,39628458
cg02046836,phenotype_signature_C1_vs_rest,0.1478317005251054,5.096686720262923e-4,1,-0.05919958502291528,UVRAG,11,75839019
cg16499536,phenotype_signature_C1_vs_rest,0.1478317005251054,5.098576920952796e-4,1,-0.06480242150758014,NR2C2,3,15025106
cg24642022,phenotype_signature_C1_vs_rest,0.1478317005251054,5.099638712464233e-4,1,-0.06650443720236433,NA,1,172476239
cg01319709,phenotype_signature_C1_vs_rest,0.14783322932962992,5.102357218221244e-4,1,0.05450276649544553,NA,18,10130759
cg25173129,phenotype_signature_C1_vs_rest,0.14783322932962992,5.10385816655612e-4,1,-0.06584765788390146,EPX,17,58192049
cg00973118,phenotype_signature_C1_vs_rest,0.14783322932962992,5.104823645835636e-4,1,-0.04554343536892737,AXIN1,16,324570
cg14343337,phenotype_signature_C1_vs_rest,0.14786053664924076,5.107477641641559e-4,1,-0.08621117549620444,ANKRD27,19,33161082
cg22913471,phenotype_signature_C1_vs_rest,0.14786696411428504,5.110331696321134e-4,1,-0.07457748630407585,NA,10,6593364
cg09572268,phenotype_signature_C1_vs_rest,0.14786696411428504,5.111121906902598e-4,1,-0.03649912169676746,GALNT7,4,174189505
cg21952686,phenotype_signature_C1_vs_rest,0.14810976929204758,5.125054122131309e-4,1,-0.01414821580940525,ARHGEF5,7,144076774
cg13424137,phenotype_signature_C1_vs_rest,0.14810976929204758,5.125612768578918e-4,1,-0.07764352134925552,FOXN3,14,89852792
cg02383707,phenotype_signature_C1_vs_rest,0.14810976929204758,5.126803216236164e-4,1,-0.03985238073990145,NA,6,45697760
cg19456763,phenotype_signature_C1_vs_rest,0.14810976929204758,5.1282365034858e-4,1,-0.06451082331355472,RPH3AL,17,330156
cg04712001,phenotype_signature_C1_vs_rest,0.14810976929204758,5.130352927906064e-4,1,-0.01059699310248877,MAP1B,5,72173029
cg01450133,phenotype_signature_C1_vs_rest,0.14810976929204758,5.130844780213297e-4,1,-0.04339472067114214,MICAL2,11,12114920
cg15344640,phenotype_signature_C1_vs_rest,0.14810976929204758,5.132019669107078e-4,1,-0.04338456774315021,LMAN2,5,177347728
cg02134155,phenotype_signature_C1_vs_rest,0.14810976929204758,5.133226087883642e-4,1,-0.06661143887199451,CD99L2,23,150042643
cg24536162,phenotype_signature_C1_vs_rest,0.14811308323939276,5.135054913779297e-4,1,-0.0444658207640465,ZNF609,15,64564163
cg13789384,phenotype_signature_C1_vs_rest,0.1481324341747613,5.137440001547871e-4,1,-0.02201694239581341,ATP2A3,17,3958333
cg11909137,phenotype_signature_C1_vs_rest,0.14830891231334234,5.145276746630227e-4,1,0.01401497658677935,SMAD7,18,48934832
cg16169828,phenotype_signature_C1_vs_rest,0.148361381655132,5.150379286094142e-4,1,0.05655138015666615,SMAD3,15,67137136
cg10836059,phenotype_signature_C1_vs_rest,0.148361381655132,5.151258722459332e-4,1,-0.03592542656337378,PACSIN2,22,42926001
cg01323104,phenotype_signature_C1_vs_rest,0.148361381655132,5.152247594717724e-4,1,-0.03863240383540607,AFF1,4,87037751
cg21142419,phenotype_signature_C1_vs_rest,0.1485856920853382,5.163114663635951e-4,1,-0.01638513316099989,NA,3,193932289
cg08405910,phenotype_signature_C1_vs_rest,0.1485856920853382,5.163476255708147e-4,1,-0.02502929022912251,NCK2,2,105884619
cg12434908,phenotype_signature_C1_vs_rest,0.14862616442613094,5.166602610838109e-4,1,-0.1132146902561406,NBPF1,1,16930805
cg01974091,phenotype_signature_C1_vs_rest,0.1486616263289758,5.169784033746131e-4,1,-0.10537217186931254,DEGS2,14,100158690
cg03328984,phenotype_signature_C1_vs_rest,0.1486616263289758,5.171275987845903e-4,1,-0.01891015387987927,VIPR2,7,158929551
cg02336405,phenotype_signature_C1_vs_rest,0.14866363572981142,5.174770656967627e-4,1,-0.01304314255620555,NA,2,97685327
cg03517294,phenotype_signature_C1_vs_rest,0.14866363572981142,5.176290134973787e-4,1,-0.04160026981909177,NA,15,39788507
cg11151176,phenotype_signature_C1_vs_rest,0.14866363572981142,5.176506909791364e-4,1,-0.07004743429154421,NA,11,69151974
cg25884427,phenotype_signature_C1_vs_rest,0.14868007058201185,5.180336863803341e-4,1,-0.03494345047760582,SSBP3,1,54285362
cg20818756,phenotype_signature_C1_vs_rest,0.14868007058201185,5.182214516565953e-4,1,-0.05992362383855275,FOXJ2,12,8049379
cg05733203,phenotype_signature_C1_vs_rest,0.14868007058201185,5.182240770061513e-4,1,-0.03215623321682035,DNAJC3,13,95682452
cg00978517,phenotype_signature_C1_vs_rest,0.14869046978380693,5.184323885828075e-4,1,-0.05867402696098697,ATG14,14,55850801
cg21146801,phenotype_signature_C1_vs_rest,0.14871334051859195,5.186842225939837e-4,1,-0.06855151485331977,TMEM154,4,152634572
cg10135894,phenotype_signature_C2_vs_rest,0.14894187155752306,6.634841968156455e-6,1,0.17805310310564648,AFAP1,4,7860928
cg09321633,phenotype_signature_C2_vs_rest,0.14894187155752306,6.836838896237424e-6,1,-0.05622528497280806,NA,2,129358674
cg01745793,phenotype_signature_C2_vs_rest,0.14894187155752306,6.978648541614048e-6,1,-0.16887863217392685,NA,11,134248242
cg06883206,phenotype_signature_C2_vs_rest,0.14894187155752306,7.0666002437747585e-6,1,-0.07934293112016122,NA,4,151250950
cg22394014,phenotype_signature_C1_vs_rest,0.14895142978460402,5.197112051455728e-4,1,-0.0527310587431896,USP1,1,62450342
cg25803041,phenotype_signature_C1_vs_rest,0.14895142978460402,5.198875797654094e-4,1,-0.07313302162596173,ATP8A2,13,25510659
cg05072637,phenotype_signature_C1_vs_rest,0.14895142978460402,5.200317347644283e-4,1,-0.0516294546560228,MIR1268A,9,128593204
cg24276243,phenotype_signature_C1_vs_rest,0.14895900737883158,5.202946853388085e-4,1,-0.0165210658652202,NA,6,105978146
cg25027273,phenotype_signature_C1_vs_rest,0.14895900737883158,5.204029421637542e-4,1,-0.03844231443476648,CHSY1,15,101180709
cg14175823,phenotype_signature_C1_vs_rest,0.14902415793108598,5.20803003351123e-4,1,-0.05324325429441481,DNAJA2,16,46962740
cg01437816,phenotype_signature_C1_vs_rest,0.14913644739340717,5.214635954397397e-4,1,0.06948454623654199,NA,2,102041591
cg25667337,phenotype_signature_C1_vs_rest,0.14913644739340717,5.216305035960683e-4,1,-0.06583395724797202,NA,2,96147205
cg13375463,phenotype_signature_C1_vs_rest,0.14913644739340717,5.21822741333751e-4,1,-0.05196128000573023,AHDC1,1,27572514
cg13578859,phenotype_signature_C1_vs_rest,0.14913644739340717,5.218857526426638e-4,1,-0.02823319704572344,USP6NL,10,11579904
cg22505411,phenotype_signature_C1_vs_rest,0.14915549813591153,5.221738002433329e-4,1,-0.05762541463588421,NA,7,1029594
cg14914552,phenotype_signature_C1_vs_rest,0.14915549813591153,5.222976251391749e-4,1,-0.03905603904907426,PTDSS1,8,96327960
cg03176769,phenotype_signature_C1_vs_rest,0.1491979119567661,5.226270619147705e-4,1,-0.01791482135458485,M1AP,2,74575531
cg03708195,phenotype_signature_C1_vs_rest,0.1491979119567661,5.231629793980813e-4,1,-0.06695471023397392,GNS,12,64753029
cg19392375,phenotype_signature_C1_vs_rest,0.1491979119567661,5.231850873023274e-4,1,-0.02738610220347868,NA,9,134993788
cg00042419,phenotype_signature_C1_vs_rest,0.1491979119567661,5.232781477329428e-4,1,-0.06366753069086642,FBXO7,22,32483165
cg10866026,phenotype_signature_C1_vs_rest,0.1491979119567661,5.234130488108687e-4,1,-0.01248090319800774,NA,15,70802349
cg03721352,phenotype_signature_C1_vs_rest,0.1491979119567661,5.234820599303303e-4,1,-0.05003197975318971,MAN1C1,1,25761036
cg12670945,phenotype_signature_C1_vs_rest,0.14927640553616758,5.239302090271113e-4,1,-0.01708987917547082,NA,8,118767270
cg21701464,phenotype_signature_C1_vs_rest,0.14948981265745498,5.248786431241199e-4,1,-0.00654232802639299,NA,5,56494821
cg01919768,phenotype_signature_C1_vs_rest,0.14948981265745498,5.251143469627499e-4,1,-0.07287308324908817,TFR2,7,100642141
cg04259443,phenotype_signature_C1_vs_rest,0.14948981265745498,5.253583584759993e-4,1,-0.01913211687682825,PIGL,17,16289516
cg00946598,phenotype_signature_C1_vs_rest,0.14948981265745498,5.253711859032795e-4,1,-0.03998148384772058,KDM4A,1,43651422
cg22209377,phenotype_signature_C1_vs_rest,0.14951716580021546,5.25640338390763e-4,1,-0.03075765238462146,SAR1A,10,70162293
cg11703759,phenotype_signature_C1_vs_rest,0.14952973576498488,5.259983828615371e-4,1,-0.01077563238158422,NA,1,30930346
cg12730802,phenotype_signature_C1_vs_rest,0.14952973576498488,0.00052605949685216005,1,-0.04242837898791497,PVALB,22,36819925
cg13969581,phenotype_signature_C1_vs_rest,0.14952973576498488,5.262036383197852e-4,1,-0.05961163154474447,SAFB2,19,5620137
cg08254831,phenotype_signature_C1_vs_rest,0.14961480129324914,5.267569804263078e-4,1,-0.08619766749207118,NA,10,75421075
cg26245662,phenotype_signature_C1_vs_rest,0.14961480129324914,5.268492583889837e-4,1,-0.01219987419235509,MEF2D,1,156479900
cg18723763,phenotype_signature_C1_vs_rest,0.14964597092507967,5.271321891240691e-4,1,-0.06358775335809062,MGAT4A,2,98634809
cg18324862,phenotype_signature_C1_vs_rest,0.14970220269681372,5.276354077649039e-4,1,-0.02770739074131614,ACOT7,1,6268895
cg03285383,phenotype_signature_C1_vs_rest,0.14970220269681372,5.27763348719448e-4,1,-0.01898771024112519,PTK2B,8,27346863
cg26148774,phenotype_signature_C1_vs_rest,0.14970220269681372,5.278499750242914e-4,1,-0.01424360860350692,OR10P1,12,55636458
cg24213954,phenotype_signature_C1_vs_rest,0.14973726049827024,5.281468653648058e-4,1,-0.00859080965081051,CERS6,2,168704088
cg01840480,phenotype_signature_C1_vs_rest,0.14986019707969422,5.287539008137315e-4,1,-0.0235391701571377,FBXL21,5,135936704
cg00509949,phenotype_signature_C1_vs_rest,0.15000530926402014,5.29472458689656e-4,1,-0.05781827612740382,NA,21,26721446
cg15177103,phenotype_signature_C1_vs_rest,0.15000530926402014,5.296130756678517e-4,1,-0.07116830247758947,TMEM131,2,97869583
cg13161534,phenotype_signature_C1_vs_rest,0.15002423564678694,5.299523461551214e-4,1,-0.0372728969490058,ADGRG1,16,57642904
cg03151445,phenotype_signature_C1_vs_rest,0.15002423564678694,5.300271149400111e-4,1,-0.0572859124077891,MIR3646,20,44407641
cg10487955,phenotype_signature_C1_vs_rest,0.15003961442100985,5.30425170193579e-4,1,-0.06390766089512845,TCERG1,5,146449348
cg23853156,phenotype_signature_C1_vs_rest,0.15003961442100985,5.304287001085285e-4,1,-0.01182017794930519,NA,3,138595365
cg09925283,phenotype_signature_C1_vs_rest,0.15008724604538629,5.307707717099544e-4,1,-0.06192926018793061,APP,21,26124703
cg02464901,phenotype_signature_C1_vs_rest,0.15029039423278123,5.317919806995747e-4,1,-0.03541696288682414,NA,2,187986547
cg25815293,phenotype_signature_C1_vs_rest,0.15029039423278123,5.318370212229388e-4,1,-0.01484483461125914,NA,12,50752215
cg14140268,phenotype_signature_C1_vs_rest,0.1503238578600172,5.322230498649309e-4,1,-0.06628877895617669,URI1,19,29965321
cg07408633,phenotype_signature_C1_vs_rest,0.1503238578600172,5.323033506277283e-4,1,-0.04017756890230223,IKBKB,8,42306106
cg03213967,phenotype_signature_C1_vs_rest,0.1504501147014776,5.329592588526799e-4,1,-0.0203803719544504,NA,1,227541762
cg06514859,phenotype_signature_C1_vs_rest,0.1504501147014776,5.33098634517914e-4,1,-0.02122080943555595,YTHDF2,1,28750628
cg13816655,phenotype_signature_C1_vs_rest,0.15052548981755795,5.335399042196049e-4,1,-0.02859755541419501,CD320,19,8303773
cg26935005,phenotype_signature_C1_vs_rest,0.15053301938354074,5.337407902674169e-4,1,-0.00558384436045901,COG2,1,230689916
cg02420943,phenotype_signature_C1_vs_rest,0.15057818124180927,5.340751690745903e-4,1,-0.05521612678219407,INPP4A,2,98506446
cg00366934,phenotype_signature_C1_vs_rest,0.15058897727427287,5.342877229039805e-4,1,0.00237564855299632,MYB,6,135182699
cg25660135,phenotype_signature_C1_vs_rest,0.1507665577988977,5.35092243921462e-4,1,-0.05028848422635874,SYT1,12,79424227
cg24481177,phenotype_signature_C1_vs_rest,0.1508902978762277,5.358407524444491e-4,1,-0.05587223162392124,C11orf71,11,114398779
cg20584899,phenotype_signature_C1_vs_rest,0.1508902978762277,5.360306158259082e-4,1,-0.02806249931618798,SLC38A9,5,55665267
cg07273335,phenotype_signature_C1_vs_rest,0.1508902978762277,5.362801159252338e-4,1,-0.05799079932625857,NA,17,16378600
cg10220104,phenotype_signature_C1_vs_rest,0.1508902978762277,5.363476691468505e-4,1,-0.0613096382385416,NA,12,27027924
cg04710526,phenotype_signature_C1_vs_rest,0.1508902978762277,5.36404469440297e-4,1,-0.03443322348617875,NA,12,726627
cg16490925,phenotype_signature_C1_vs_rest,0.15089430157417588,5.367421850746799e-4,1,-0.01422038546028348,NA,18,78800017
cg16851138,phenotype_signature_C1_vs_rest,0.15089430157417588,5.368538812669247e-4,1,-0.02950347980740257,RAD21,8,116850347
cg09391799,phenotype_signature_C1_vs_rest,0.15089430157417588,5.370945425499113e-4,1,-0.06541481938074992,NA,14,22421479
cg07545786,phenotype_signature_C1_vs_rest,0.15089430157417588,5.371443091158725e-4,1,-0.01191645222734851,NA,1,229372857
cg22726500,phenotype_signature_C1_vs_rest,0.15089430157417588,5.375014523496437e-4,1,-0.04400455649965387,SMYD4,17,1791284
cg17314894,phenotype_signature_C1_vs_rest,0.15089430157417588,5.376235150522262e-4,1,-0.02929174632862354,NA,10,3054537
cg23109299,phenotype_signature_C1_vs_rest,0.15089430157417588,5.37805884410854e-4,1,-0.04621698713325695,CCBE1,18,59484976
cg02523824,phenotype_signature_C1_vs_rest,0.15089430157417588,5.380707800907438e-4,1,-0.01119712960888649,CUGBP2,10,11256823
cg14252486,phenotype_signature_C1_vs_rest,0.15089430157417588,5.381838395186501e-4,1,-0.02151913005541313,NA,1,60865355
cg15202169,phenotype_signature_C1_vs_rest,0.15089430157417588,5.384129376253361e-4,1,-0.05935289246654981,NA,6,135161327
cg15775060,phenotype_signature_C1_vs_rest,0.15089430157417588,5.384721321706304e-4,1,-0.04482313963973129,TBC1D5,3,17339419
cg17028453,phenotype_signature_C1_vs_rest,0.15089430157417588,5.391034186165844e-4,1,-0.05982501653740243,NA,1,182132314
cg23140746,phenotype_signature_C1_vs_rest,0.15089430157417588,5.391119245999564e-4,1,-0.05382736568534006,ANKRD52,12,56244750
cg25332717,phenotype_signature_C1_vs_rest,0.15089430157417588,5.391862877840381e-4,1,-0.06012782207342581,FHL2,2,105404212
cg15448631,phenotype_signature_C1_vs_rest,0.15089430157417588,5.391951140457752e-4,1,-0.0673716161537998,AMFR,16,56372245
cg21580371,phenotype_signature_C1_vs_rest,0.15089430157417588,5.392125497146973e-4,1,-0.01244744507147155,LOC105376360,10,3654588
cg02267261,phenotype_signature_C1_vs_rest,0.15090011402096726,5.394079423651949e-4,1,-0.04259657154555012,ABHD1,2,27351954
cg06967756,phenotype_signature_C1_vs_rest,0.1509010633632207,5.396861560015056e-4,1,-0.01505461339817958,TMC3-AS1,15,81719723
cg01140770,phenotype_signature_C1_vs_rest,0.1509010633632207,5.397605824620151e-4,1,-0.0127514972601124,MYRF,11,61773839
cg07739478,phenotype_signature_C1_vs_rest,0.15093722564927836,5.401029497173765e-4,1,-0.04686312710306387,C6orf25,6,31724457
cg17216830,phenotype_signature_C1_vs_rest,0.15093722564927836,5.402392622284251e-4,1,-0.03793481061921138,ATG2A,11,64917733
cg04572631,phenotype_signature_C1_vs_rest,0.1509852132295675,5.40650740604041e-4,1,-0.05392990473895696,NA,3,158847405
cg13895596,phenotype_signature_C1_vs_rest,0.1509852132295675,5.408925262151602e-4,1,-0.02750026124697301,ARHGAP26,5,142914281
cg01165928,phenotype_signature_C1_vs_rest,0.1509852132295675,5.409351828830357e-4,1,-0.02213693103472276,ORAI2,7,102082517
cg02860807,phenotype_signature_C1_vs_rest,0.15099478667539404,5.412743180399684e-4,1,-0.05283530663194773,NA,19,294042
cg27473215,phenotype_signature_C1_vs_rest,0.15099478667539404,5.413339340676125e-4,1,-0.02093067706490239,POU2F1,1,167328379
cg27068619,phenotype_signature_C1_vs_rest,0.15099478667539404,5.414936769307322e-4,1,0.00719241427243305,NA,7,149742447
cg00324592,phenotype_signature_C1_vs_rest,0.15105512241728913,5.418848530045597e-4,1,-0.0403587822582385,FNTA,8,43059398
cg11891377,phenotype_signature_C1_vs_rest,0.15113759179663278,5.423882237262012e-4,1,-0.03248091347676724,LRRC56,11,554714
cg14216879,phenotype_signature_C1_vs_rest,0.15113759179663278,5.425304920351453e-4,1,-0.02436122387289894,ERN1,17,64104904
cg11343641,phenotype_signature_C1_vs_rest,0.15122319503491613,5.43087320608831e-4,1,-0.03250196443326022,NA,2,70420170
cg21432693,phenotype_signature_C1_vs_rest,0.15122319503491613,5.431877694993238e-4,1,-0.02238253278376117,KLRF2,12,10041449
cg25475273,phenotype_signature_C1_vs_rest,0.15142614527944426,5.44091989710924e-4,1,-0.0681669686594191,NA,17,81866675
cg17537518,phenotype_signature_C1_vs_rest,0.151477009050641,5.444599178204786e-4,1,-0.06024254657428691,UGGT1,2,128092817
cg15298179,phenotype_signature_C1_vs_rest,0.151477009050641,5.44675816674422e-4,1,-0.04652592262910536,PELP1,17,4699482
cg01092230,phenotype_signature_C1_vs_rest,0.151477009050641,5.449892081546406e-4,1,-0.02819946270128006,PCGF5,10,91219843
cg23004527,phenotype_signature_C1_vs_rest,0.151477009050641,5.450314604052811e-4,1,-0.03723164644482252,NFIC,19,3390355
cg23324441,phenotype_signature_C1_vs_rest,0.151477009050641,5.453461737242945e-4,1,-0.0145626504930403,CDC73,1,193229568
cg09131332,phenotype_signature_C1_vs_rest,0.151477009050641,5.453855768826853e-4,1,-0.02190379047090764,TTLL8,22,50043616
cg16053306,phenotype_signature_C1_vs_rest,0.151477009050641,5.455542678846441e-4,1,-0.01294483599185383,FNDC3B,3,172224022
cg23567774,phenotype_signature_C1_vs_rest,0.151477009050641,5.458397892150091e-4,1,-0.04443098402008708,NA,1,33443334
cg01942646,phenotype_signature_C1_vs_rest,0.151477009050641,5.462386211605173e-4,1,-0.07218302431734115,NR0B2,1,26914203
cg24216785,phenotype_signature_C1_vs_rest,0.151477009050641,5.462860628993897e-4,1,-0.01379772658582169,HGS,17,81701076
cg14726968,phenotype_signature_C1_vs_rest,0.151477009050641,5.463711977947829e-4,1,-0.0389727672707147,ZCCHC7,9,37324382
cg13010214,phenotype_signature_C1_vs_rest,0.151477009050641,5.46378226528259e-4,1,-0.04344560863088718,CR2,1,207455132
cg19851810,phenotype_signature_C1_vs_rest,0.1516428277356025,5.47151816902129e-4,1,-0.0504087669709961,EPHB2,1,22745817
cg20290167,phenotype_signature_C1_vs_rest,0.15169778278151125,5.475256488390164e-4,1,-0.05453604985119681,METRNL,17,83082848
cg08165028,phenotype_signature_C1_vs_rest,0.1518081643572508,5.481712842732976e-4,1,0.02407563416586827,NA,17,78375566
cg26002687,phenotype_signature_C1_vs_rest,0.1518081643572508,5.484523173246719e-4,1,-0.03082524225270757,NA,9,83220827
cg20266436,phenotype_signature_C1_vs_rest,0.1518081643572508,5.486109319762382e-4,1,-0.01002510671648688,BTBD9,6,38565515
cg20330630,phenotype_signature_C1_vs_rest,0.1518081643572508,5.486267430818818e-4,1,-0.03219876480180912,CYP11A1,15,74368034
cg02387491,phenotype_signature_C1_vs_rest,0.15188542895021642,5.490817356674243e-4,1,-0.01771717576588493,LIN7A,12,80833897
cg11925560,phenotype_signature_C1_vs_rest,0.15189938805117614,5.493079778325173e-4,1,-0.07054386877784295,NA,11,82793157
cg22447778,phenotype_signature_C1_vs_rest,0.15209822125255867,5.502030194172997e-4,1,-0.05633742093017652,CGGBP1,3,88057408
cg15494704,phenotype_signature_C1_vs_rest,0.15209977895418095,5.503846647230161e-4,1,-0.04244754980948666,C15orf43,15,44976618
cg01544641,phenotype_signature_C1_vs_rest,0.15214993544362776,5.507422282974148e-4,1,-0.02641654373648513,SLC25A46,5,110740355
cg22594654,phenotype_signature_C1_vs_rest,0.15217407093245136,5.510056887534141e-4,1,-0.0259631483264376,NA,8,126300441
cg13599491,phenotype_signature_C1_vs_rest,0.1522813559494256,5.516380596011026e-4,1,-0.01978411552407194,ELMO1,7,37278215
cg04342500,phenotype_signature_C1_vs_rest,0.1522813559494256,5.517465972162902e-4,1,-0.04380350892281802,WT1,11,32400682
cg07718085,phenotype_signature_C1_vs_rest,0.15230539910110957,5.520099588783861e-4,1,-0.05279347511617037,NA,5,138875768
cg03897489,phenotype_signature_C1_vs_rest,0.15236147976786313,5.523895288244605e-4,1,-0.03321642911419653,NA,8,125500692
cg21945594,phenotype_signature_C1_vs_rest,0.1523756151442658,5.526171065531631e-4,1,-0.0591712474736264,NA,3,69724941
cg22469897,phenotype_signature_C1_vs_rest,0.15281404013499647,5.543855352008431e-4,1,-0.06130894427174801,ETFB,19,51355022
cg00170714,phenotype_signature_C1_vs_rest,0.15281404013499647,5.545608062740686e-4,1,-0.05977439118551388,MLX,17,42572544
cg25201255,phenotype_signature_C1_vs_rest,0.15288919634191375,5.551007168264559e-4,1,-0.03193641039923063,NTF3,12,5466954
cg11262757,phenotype_signature_C1_vs_rest,0.15288919634191375,5.551873954129891e-4,1,0.00254806341987242,POM121L2,6,27280423
cg01917980,phenotype_signature_C1_vs_rest,0.15290557301075916,5.55423807016327e-4,1,-0.05284612664312833,ZNF438,10,31031267
cg11157850,phenotype_signature_C1_vs_rest,0.1530237102151747,5.560300156403601e-4,1,-0.03609301151300261,NA,14,92891083
cg25584870,phenotype_signature_C1_vs_rest,0.15312128930202673,5.565961083969711e-4,1,-0.02095792411043913,NA,8,103345250
cg14786790,phenotype_signature_C1_vs_rest,0.15312128930202673,5.569438881473435e-4,1,0.08379025245322427,FAM13A,4,88845503
cg25710913,phenotype_signature_C1_vs_rest,0.15312128930202673,5.570467145932167e-4,1,-0.01613681952446538,PIAS1,15,68181120
cg07819010,phenotype_signature_C1_vs_rest,0.15312128930202673,5.570933511298614e-4,1,-0.0761511170568075,NA,11,46597825
cg22855021,phenotype_signature_C1_vs_rest,0.15323554778540333,5.577866094552891e-4,1,-0.03886611819764443,TSHR,14,81144468
cg05110389,phenotype_signature_C1_vs_rest,0.15323554778540333,5.578637014470589e-4,1,-0.04432844844828675,NA,15,91461958
cg00656959,phenotype_signature_C1_vs_rest,0.15331830058979293,5.58472006050228e-4,1,-0.03498116227219487,SMAD2,18,47888433
cg21831742,phenotype_signature_C1_vs_rest,0.15331830058979293,5.585198093120981e-4,1,-0.01001745196674695,NA,1,228080111
cg16264410,phenotype_signature_C1_vs_rest,0.15333211644164918,5.591068545881439e-4,1,-0.00930233000993034,SLCO3A1,15,92013808
cg09642690,phenotype_signature_C1_vs_rest,0.15333211644164918,5.592483863567241e-4,1,-0.02793985760622495,PDE4D,5,58386253
cg02654547,phenotype_signature_C1_vs_rest,0.15333211644164918,5.593037494491226e-4,1,-0.027428247504461208,AFAP1L2,10,114341290
cg05641051,phenotype_signature_C1_vs_rest,0.15333211644164918,5.59389283443503e-4,1,0.10756967725562716,TEX41,2,144825424
cg09007331,phenotype_signature_C1_vs_rest,0.15333211644164918,5.597391209417268e-4,1,-0.02828934642924672,PPM1L,3,160869171
cg04559605,phenotype_signature_C1_vs_rest,0.15333211644164918,5.598877236596712e-4,1,-0.01642457647825175,NA,19,10482535
cg06496803,phenotype_signature_C1_vs_rest,0.15333211644164918,5.598956919554084e-4,1,0.07416888926158156,TBC1D14,4,6939188
cg20269738,phenotype_signature_C1_vs_rest,0.15333211644164918,5.599896308633722e-4,1,-0.04687077752987725,TYSND1,10,70144924
cg11015434,phenotype_signature_C1_vs_rest,0.15342397525364476,5.605595154342752e-4,1,-0.0469643865321528,NA,4,1600531
cg11428823,phenotype_signature_C1_vs_rest,0.15342397525364476,5.606801972928492e-4,1,-0.02673218378021362,NA,13,27593013
cg17290127,phenotype_signature_C1_vs_rest,0.15344455499994475,5.609329715661428e-4,1,-0.00374176374197594,CLN8,8,1780611
cg13550230,phenotype_signature_C1_vs_rest,0.1535664689066739,5.615563485880834e-4,1,-0.02500664875965068,SRSF10,1,23978076
cg15106081,phenotype_signature_C1_vs_rest,0.1536543831392837,5.620556396366332e-4,1,-0.05650533910400281,CCDC174,3,14666637
cg13010209,phenotype_signature_C1_vs_rest,0.15366281147452057,5.622642890167865e-4,1,-0.06854219029024534,PVRL1,11,119697154
cg19916413,phenotype_signature_C1_vs_rest,0.15373658613692948,5.627121408630749e-4,1,-0.05245040865506285,NECAB1,8,90912932
cg01742369,phenotype_signature_C1_vs_rest,0.15385987814092528,5.635850242524042e-4,1,-0.04898404385669806,RIN3,14,92604052
cg21547859,phenotype_signature_C1_vs_rest,0.15385987814092528,5.635868693266098e-4,1,-0.01013616392743297,NA,14,51099762
cg12360270,phenotype_signature_C1_vs_rest,0.15385987814092528,5.637804789043351e-4,1,-0.05694873523993836,RBL2,16,53466185
cg18633711,phenotype_signature_C1_vs_rest,0.15385987814092528,5.638756076156861e-4,1,-0.04774443839098215,NA,6,37155495
cg15538274,phenotype_signature_C1_vs_rest,0.15390806765366394,5.646157066657016e-4,1,-0.05355029792004472,NA,6,139446479
cg19365877,phenotype_signature_C1_vs_rest,0.15390806765366394,5.647899306623317e-4,1,-0.01827122127892182,ACIN1,14,23072478
cg22169659,phenotype_signature_C1_vs_rest,0.15390806765366394,5.649047210953089e-4,1,-0.0666118589648896,PRMT3,11,20460081
cg08588453,phenotype_signature_C1_vs_rest,0.15390806765366394,5.650063168594786e-4,1,-0.06780694842042333,FCHSD2,11,72970937
cg15188631,phenotype_signature_C1_vs_rest,0.15390806765366394,5.650190645127954e-4,1,-0.0218591745146061,COTL1,16,84577848
cg10365743,phenotype_signature_C1_vs_rest,0.15390806765366394,5.65432746348098e-4,1,-0.03324524857079735,FOXK1,7,4730626
cg09251832,phenotype_signature_C1_vs_rest,0.15390806765366394,5.656723460594292e-4,1,-0.03791183333711466,PSMD14,2,161406514
cg12542061,phenotype_signature_C1_vs_rest,0.15390806765366394,5.656899007228006e-4,1,-0.01693941433590774,LCOR,10,96858978
cg07292259,phenotype_signature_C1_vs_rest,0.15390806765366394,5.657665513853977e-4,1,-0.0100722422984756,SEC14L2,22,30420244
cg10902548,phenotype_signature_C1_vs_rest,0.15390806765366394,5.658332456971579e-4,1,-0.0808323509176781,LOC729970,1,94951674
cg01923915,phenotype_signature_C1_vs_rest,0.15394154210015454,5.661669942784666e-4,1,-0.07236961009830807,SNRNP200,2,96299361
cg16494291,phenotype_signature_C1_vs_rest,0.15394154210015454,5.663125958585888e-4,1,-0.05070554289922038,AKT3,1,243713484
cg03247623,phenotype_signature_C1_vs_rest,0.15396366356329044,5.665721425527726e-4,1,-0.03648794306193236,WDFY2,13,51591673
cg06524502,phenotype_signature_C1_vs_rest,0.15401239815729031,5.671801238102558e-4,1,-0.07515831444591578,NA,11,383140
cg27479358,phenotype_signature_C1_vs_rest,0.15401239815729031,5.672485408214681e-4,1,0.0794374788622691,NA,8,20112025
cg16046667,phenotype_signature_C1_vs_rest,0.15401239815729031,5.673133154274054e-4,1,-0.05241565392245841,C20orf117,20,35422698
cg14566437,phenotype_signature_C1_vs_rest,0.15401239815729031,5.67508433602164e-4,1,-0.02076989023341919,VDAC1,5,133308250
cg05241923,phenotype_signature_C1_vs_rest,0.15401239815729031,5.67847303259754e-4,1,-0.05190728223643199,RALGDS,9,133135423
cg08410147,phenotype_signature_C1_vs_rest,0.15401239815729031,5.679622556691e-4,1,-0.01919484863903486,C11orf71,11,114399121
cg08577982,phenotype_signature_C1_vs_rest,0.15401239815729031,5.679990475371048e-4,1,-0.02317204137032826,CRTC3,15,90620961
cg15158069,phenotype_signature_C1_vs_rest,0.1541726718459302,5.687685474833426e-4,1,-0.06610633413928818,GRAMD1B,11,123558572
cg07532782,phenotype_signature_C1_vs_rest,0.15417293761464035,5.689479374613355e-4,1,-0.00660104921740186,JARID2,6,15280992
cg05276774,phenotype_signature_C1_vs_rest,0.1542104227792599,5.693365639305327e-4,1,-0.03195017228508756,MAML2,11,95977882
cg13825926,phenotype_signature_C1_vs_rest,0.1542104227792599,5.694921535851564e-4,1,-0.07682401999132533,HECW2,2,196234802
cg23371851,phenotype_signature_C1_vs_rest,0.1542104227792599,5.696216284998445e-4,1,0.0774111031386312,NA,7,118169362
cg10973967,phenotype_signature_C1_vs_rest,0.15422241193148123,5.698443807307273e-4,1,-0.06187545014825619,LINC01585,15,90659577
cg26299710,phenotype_signature_C1_vs_rest,0.15423197765742364,5.702800228863411e-4,1,-0.01085688257030417,NA,17,14886891
cg06567042,phenotype_signature_C1_vs_rest,0.15423197765742364,5.703787991881961e-4,1,-0.04157144547240659,LRCH3,3,197535273
cg01021374,phenotype_signature_C1_vs_rest,0.15423197765742364,5.705034387192253e-4,1,-0.06198435205393665,PTPRR,12,71033283
cg26623004,phenotype_signature_C1_vs_rest,0.15423197765742364,5.706814664616435e-4,1,-0.04000378107856305,NA,1,234943998
cg19869698,phenotype_signature_C1_vs_rest,0.15423197765742364,5.707721147997583e-4,1,-0.03801964943690994,NA,17,82100810
cg03208974,phenotype_signature_C1_vs_rest,0.15430488443259177,5.712204858634374e-4,1,-0.05492607714009605,TRIO,5,14190465
cg25650340,phenotype_signature_C1_vs_rest,0.1543188295300721,5.714506874904307e-4,1,-0.03804257575056908,ACR,22,50738306
cg13769718,phenotype_signature_C1_vs_rest,0.15433920314714536,5.719954173047017e-4,1,-0.01504315076221673,TLE1,9,81611006
cg05881847,phenotype_signature_C1_vs_rest,0.15433920314714536,5.720051551009491e-4,1,-0.04204698664515515,NA,5,153979187
cg26081812,phenotype_signature_C1_vs_rest,0.15433920314714536,5.720619378075924e-4,1,-0.00702954650221045,IL5,5,132544788
cg12338176,phenotype_signature_C1_vs_rest,0.15439283778420934,5.726116314600973e-4,1,-0.01090301883762679,RBX1,22,40955233
cg17616139,phenotype_signature_C1_vs_rest,0.15439283778420934,5.727366417982404e-4,1,-0.04367800547681654,ANKRD52,12,56244906
cg02022375,phenotype_signature_C1_vs_rest,0.15439283778420934,5.727993360978206e-4,1,-0.12835819018399344,KRTAP1-1,17,41041469
cg06400734,phenotype_signature_C1_vs_rest,0.15439283778420934,5.729753917990809e-4,1,-0.05447697030906395,MAP7D2,23,20015658
cg23462726,phenotype_signature_C1_vs_rest,0.1547046358250175,5.743115467263354e-4,1,-0.00992747765781543,C11orf83,11,62670164
cg14879797,phenotype_signature_C1_vs_rest,0.15474885447527517,5.74953558618446e-4,1,-0.02914663143155129,SAMD4B,19,39867347
cg20355381,phenotype_signature_C1_vs_rest,0.15474885447527517,5.75359217327962e-4,1,-0.05759461761184692,CABLES1,18,23180310
cg12198977,phenotype_signature_C1_vs_rest,0.15474885447527517,5.753914029220907e-4,1,-0.07601957268234731,NA,2,38396247
cg20350898,phenotype_signature_C1_vs_rest,0.15474885447527517,5.75410665216972e-4,1,-0.01837631579542979,SIKE1,1,114781754
cg12077460,phenotype_signature_C1_vs_rest,0.15474885447527517,5.755092367798982e-4,1,-0.07609375558808677,MFHAS1,8,8844543
cg03490567,phenotype_signature_C1_vs_rest,0.15474885447527517,5.755501558563013e-4,1,-0.05944080940489414,URGCP,7,43905218
cg07088285,phenotype_signature_C1_vs_rest,0.1547590781834617,5.759039066532902e-4,1,-0.02585345154851642,NA,1,172528974
cg26002001,phenotype_signature_C1_vs_rest,0.1547590781834617,5.763000079348918e-4,1,-0.03538478562263018,NA,1,182646063
cg13062960,phenotype_signature_C1_vs_rest,0.1547590781834617,5.763087970330671e-4,1,-0.05490519407634094,FAM170B-AS1,10,49137344
cg21626325,phenotype_signature_C1_vs_rest,0.1547590781834617,5.76384647996822e-4,1,-0.01447085264772573,MYLK,3,123780684
cg02906503,phenotype_signature_C1_vs_rest,0.1547590781834617,5.766179468645003e-4,1,-0.06024727603123729,DNAH17,17,78568890
cg23877033,phenotype_signature_C1_vs_rest,0.1547590781834617,5.766787783668645e-4,1,-0.07590106474624563,SNX9,6,157860485
cg14240597,phenotype_signature_C1_vs_rest,0.1547590781834617,5.768665465006425e-4,1,-0.07201675616025853,NA,10,13593004
cg15169428,phenotype_signature_C1_vs_rest,0.1547590781834617,5.770208827927421e-4,1,-0.05603030507735424,NA,3,16838802
cg19997278,phenotype_signature_C1_vs_rest,0.1547624043424155,5.772123760583846e-4,1,-0.02445229653570975,NRROS,3,196652067
cg09212118,phenotype_signature_C1_vs_rest,0.15487601938846154,5.778153455739269e-4,1,-0.06201853631860763,GUCA2A,1,42164855
cg22305706,phenotype_signature_C1_vs_rest,0.15495827183920277,5.783015333892984e-4,1,-0.0380207067545574,NA,19,33305456
cg14936846,phenotype_signature_C1_vs_rest,0.15498674434272328,5.786125713197651e-4,1,-0.01301314953354214,DSG2,18,31511174
cg23472764,phenotype_signature_C1_vs_rest,0.15498674434272328,5.78936901406573e-4,1,-0.04105576893058368,OOSP1,11,59957258
cg13115927,phenotype_signature_C1_vs_rest,0.15498674434272328,5.789458460297619e-4,1,-0.03945666003884777,LSR,19,35250251
cg20299559,phenotype_signature_C1_vs_rest,0.15513875678744396,5.799598221917769e-4,1,-0.01782528715353993,LOC100130331,1,237875434
cg04934326,phenotype_signature_C1_vs_rest,0.15513875678744396,5.800483084969916e-4,1,-0.06373241419452047,YWHAZ,8,100949614
cg08622041,phenotype_signature_C1_vs_rest,0.15513875678744396,5.804211450293585e-4,1,-0.03888058076198921,GATA1,23,48644252
cg07948085,phenotype_signature_C1_vs_rest,0.15513875678744396,5.805699824560461e-4,1,-0.05457024474387115,NA,10,9763377
cg00158128,phenotype_signature_C1_vs_rest,0.15513875678744396,5.807758836304817e-4,1,-0.07354650406063162,NA,1,25351284
cg03275084,phenotype_signature_C1_vs_rest,0.15513875678744396,5.808656927430145e-4,1,-0.02363611726895769,C10orf32,10,102857274
cg10437902,phenotype_signature_C1_vs_rest,0.15513875678744396,5.809592598863657e-4,1,-0.05116838497158418,EXOC5,14,57248911
cg00068153,phenotype_signature_C1_vs_rest,0.15513875678744396,5.809634256466526e-4,1,-0.0480599157403851,CACNA1S,1,201059474
cg24188163,phenotype_signature_C1_vs_rest,0.15513875678744396,5.811294259817209e-4,1,-0.07445515969854015,IDO1,8,39924499
cg24142633,phenotype_signature_C1_vs_rest,0.1551683661771588,5.814199002972165e-4,1,-0.0115474070898507,C17orf67,17,56815916
cg03904174,phenotype_signature_C1_vs_rest,0.15524509409272683,5.819324308827857e-4,1,-0.0804270492447949,PRUNE2,9,76667860
cg00971228,phenotype_signature_C1_vs_rest,0.15524509409272683,5.820667022241863e-4,1,-0.00885583598007853,SLC25A24,1,108196653
cg15021292,phenotype_signature_C1_vs_rest,0.15527233741543067,5.823485284572746e-4,1,-0.03225730582260956,PIK3R1,5,67521596
cg05102670,phenotype_signature_C1_vs_rest,0.15535640754500105,5.828436123053506e-4,1,-0.02348283066225793,CD81,11,2376093
cg13008881,phenotype_signature_C1_vs_rest,0.1554034493388767,5.832741964813128e-4,1,-0.05264219370466857,GGCX,2,85556943
cg09222033,phenotype_signature_C1_vs_rest,0.1554034493388767,5.833797638092789e-4,1,-0.05005823613443423,CRIM1,2,36433491
cg17732216,phenotype_signature_C1_vs_rest,0.15551710653701936,5.839863944220783e-4,1,-0.06059181270370031,RPS6KA2,6,166764792
cg20560376,phenotype_signature_C1_vs_rest,0.1556557392476196,5.847608064771366e-4,1,-0.05839806725026421,CD9,12,6342778
cg00674650,phenotype_signature_C1_vs_rest,0.1556557392476196,5.850704843555335e-4,1,-0.03055122812811745,NA,12,121203750
cg18398498,phenotype_signature_C1_vs_rest,0.1556557392476196,5.851201470810065e-4,1,-0.02971329430865301,NA,21,45617391
cg05938007,phenotype_signature_C1_vs_rest,0.1556557392476196,5.854337747978161e-4,1,-0.03970409055685268,MRPL33,2,27771151
cg13810114,phenotype_signature_C1_vs_rest,0.1556557392476196,5.855701837666747e-4,1,-0.05739520749120409,NA,12,26114957
cg26246398,phenotype_signature_C1_vs_rest,0.1556557392476196,5.856239494181748e-4,1,-0.04746803178420812,DEPDC5,22,31891577
cg14622604,phenotype_signature_C1_vs_rest,0.1556557392476196,5.858460164455504e-4,1,-0.04562215701484572,NA,15,91534970
cg14150115,phenotype_signature_C1_vs_rest,0.1556557392476196,5.85947981110391e-4,1,-0.06969134152400264,NA,13,30389242
cg18122153,phenotype_signature_C1_vs_rest,0.15566065392911466,5.861466129631583e-4,1,-0.02604982661681577,ABLIM1,10,114685669
cg26295272,phenotype_signature_C1_vs_rest,0.15566797700677346,5.863543278926017e-4,1,-0.05957926921898835,FLNB,3,58059613
cg04210225,phenotype_signature_C1_vs_rest,0.155861587183367,5.874277867988828e-4,1,-0.03490557029597801,MAP3K14,17,45273754
cg26054828,phenotype_signature_C1_vs_rest,0.155861587183367,5.874494917481188e-4,1,-0.06810621475702051,CAMK2G,10,73859742
cg10053779,phenotype_signature_C1_vs_rest,0.155861587183367,5.877771283108054e-4,1,-0.04581464690542478,INPP5F,10,119737832
cg08165794,phenotype_signature_C1_vs_rest,0.155861587183367,5.880543665374201e-4,1,-0.0387568675877674,PAK6,15,40275942
cg10065040,phenotype_signature_C1_vs_rest,0.155861587183367,5.880735816722695e-4,1,-0.0139774766727764,FNDC3B,3,172124905
cg21822382,phenotype_signature_C1_vs_rest,0.155861587183367,5.881657807943045e-4,1,-0.06772312447616129,NA,12,79560456
cg01976243,phenotype_signature_C1_vs_rest,0.15591439163497392,5.88545470603881e-4,1,-0.07376907036618233,FBXO7,22,32477939
cg15713581,phenotype_signature_C1_vs_rest,0.15603262629091358,5.891723442024679e-4,1,-0.05074164397784724,PIP5K1B,9,68946869
cg04082408,phenotype_signature_C1_vs_rest,0.15612869875440155,5.897157823326992e-4,1,-0.0458911020922337,NA,22,30252610
cg26136776,phenotype_signature_C1_vs_rest,0.15614909540695637,5.89973519130561e-4,1,-0.0525131581677531,KLF1,19,12887612
cg25966599,phenotype_signature_C1_vs_rest,0.1562078729901092,5.903763610865875e-4,1,-0.03331458044497697,TMPRSS9,19,2422174
cg24355835,phenotype_signature_C1_vs_rest,0.15638966207971988,5.912443945213861e-4,1,-0.01555709697058506,POGZ,1,151443421
cg17258440,phenotype_signature_C1_vs_rest,0.15640563394683943,5.915817364087519e-4,1,-0.0225392094638468,ZC3H14,14,88574705
cg14073716,phenotype_signature_C1_vs_rest,0.15640563394683943,5.917972063072594e-4,1,-0.03390062512865442,EEF1G,11,62575258
cg14785542,phenotype_signature_C1_vs_rest,0.15640563394683943,5.9184775711468e-4,1,-0.04604976855518813,PPM1A,14,60245605
cg11059254,phenotype_signature_C1_vs_rest,0.1564530764753713,5.92306044753513e-4,1,-0.01295410452994505,NA,7,47631764
cg17773047,phenotype_signature_C1_vs_rest,0.1564530764753713,5.925591403210489e-4,1,-0.03243490332269735,PPM1A,14,60250784
cg01499988,phenotype_signature_C1_vs_rest,0.1564530764753713,5.926605497220418e-4,1,-0.05744610494249219,MSMP,9,35755349
cg27550595,phenotype_signature_C1_vs_rest,0.1564530764753713,5.927514747178339e-4,1,-0.01927960700658362,NA,8,5119185
cg13798885,phenotype_signature_C1_vs_rest,0.15654678398540237,5.932876595230848e-4,1,-0.0158766293860163,NA,4,13966653
cg06778287,phenotype_signature_C1_vs_rest,0.15667430617773048,5.940202904986068e-4,1,-0.01502635823242817,NA,8,114281643
cg14786757,phenotype_signature_C1_vs_rest,0.15667430617773048,5.942677080285773e-4,1,-0.04866469471644796,SAFB2,19,5588784
cg08596772,phenotype_signature_C1_vs_rest,0.15667430617773048,5.94314860870079e-4,1,0.06399309322943406,WNT2B,1,113013807
cg04555053,phenotype_signature_C1_vs_rest,0.15678360829734722,5.94985350580605e-4,1,-0.0064900416502114,HECW1,7,43311501
cg24283106,phenotype_signature_C1_vs_rest,0.15678360829734722,5.950923393283808e-4,1,-0.04811291268367054,EHD1,11,64864833
cg05490489,phenotype_signature_C1_vs_rest,0.15682742852812573,5.954401459474497e-4,1,-0.03388926583238025,NA,16,86896730
cg05853552,phenotype_signature_C1_vs_rest,0.1569161058611839,5.959584186999574e-4,1,-0.05780606791721169,GNB5,15,52134978
cg02760167,phenotype_signature_C1_vs_rest,0.15702027668579624,5.965357580141792e-4,1,-0.0380311719348592,CYB5B,16,69423434
cg11112605,phenotype_signature_C1_vs_rest,0.1570471726850975,5.968196741983588e-4,1,-0.06592499639384217,MKS1,17,58206540
cg00352785,phenotype_signature_C1_vs_rest,0.15705067781392698,5.970147342351232e-4,1,-0.05519880999649693,PLXNA2,1,208037126
cg06737870,phenotype_signature_C1_vs_rest,0.15712937272896,5.974957169425779e-4,1,0.06095260906269097,PHACTR4,1,28437642
cg06086513,phenotype_signature_C1_vs_rest,0.15720777189458074,5.979757568315376e-4,1,-0.02344902224939823,NA,9,137123622
cg10403251,phenotype_signature_C1_vs_rest,0.15725580737246478,5.983404477923607e-4,1,-0.01647817957847025,C16orf72,16,9112441
cg19603594,phenotype_signature_C1_vs_rest,0.157264982094928,5.985573442059015e-4,1,-0.02891290158391443,GCFC2,2,75676680
cg24318076,phenotype_signature_C1_vs_rest,0.15744088408109494,5.99409025989412e-4,1,-0.04949026077395042,ALKBH5,17,18091662
cg13784018,phenotype_signature_C1_vs_rest,0.15749158213195047,5.998213442935598e-4,1,-0.05748053563021262,SSH1,12,108855802
cg26270776,phenotype_signature_C1_vs_rest,0.15749158213195047,5.999665433608682e-4,1,-0.03338308986278181,NAA30,14,57393995
cg09976662,phenotype_signature_C1_vs_rest,0.15754894562808933,6.003673867019902e-4,1,-0.03642326683099323,LOC102723729,8,41559431
cg26957356,phenotype_signature_C1_vs_rest,0.1575998741442275,6.008142132110473e-4,1,-0.05823825037652539,NA,17,40307103
cg01856536,phenotype_signature_C1_vs_rest,0.1575998741442275,6.011778685435056e-4,1,0.08064562161019155,GALNT18,11,11407471
cg04799948,phenotype_signature_C1_vs_rest,0.1575998741442275,6.012682022889298e-4,1,-0.0541864946522524,SMAD5-AS1,5,136135028
cg07660512,phenotype_signature_C1_vs_rest,0.1575998741442275,6.01290959291326e-4,1,-0.03803636345175978,NA,12,121649452
cg19138250,phenotype_signature_C1_vs_rest,0.15763733948269504,6.016433140316776e-4,1,0.00509242393087281,NA,10,67764368
cg04587103,phenotype_signature_C1_vs_rest,0.15763733948269504,6.020841756418129e-4,1,-0.06240454680205071,ENTPD1,10,95864738
cg08814569,phenotype_signature_C1_vs_rest,0.15763733948269504,6.020856330851929e-4,1,-0.06585135657870048,KDM6A,23,44885020
cg17754464,phenotype_signature_C1_vs_rest,0.15763733948269504,6.021635749640993e-4,1,0.09674513131135154,NA,6,140084136
cg25627789,phenotype_signature_C1_vs_rest,0.15764584300873108,6.025547434955989e-4,1,-0.02754099387713748,CHCHD3,7,132694521
cg24007477,phenotype_signature_C1_vs_rest,0.15764584300873108,6.025609145819703e-4,1,0.04082356531269038,NA,10,2893470
cg12839655,phenotype_signature_C1_vs_rest,0.15769064976833763,6.031404717536531e-4,1,-0.01877790090896512,NA,3,38032143
cg02773698,phenotype_signature_C1_vs_rest,0.15769064976833763,6.032551996133861e-4,1,-0.0698400680283158,FCHSD2,11,72971415
cg16658609,phenotype_signature_C1_vs_rest,0.15769064976833763,6.032796176299127e-4,1,-0.00751189686604896,C5orf42,5,37206413
cg00614901,phenotype_signature_C1_vs_rest,0.15771760620164688,6.035652567011894e-4,1,-0.03660681530991655,HIATL2,9,99735165
cg11301827,phenotype_signature_C1_vs_rest,0.1577346475396147,6.040276765003775e-4,1,-0.06802482687631822,NA,3,108117567
cg17583768,phenotype_signature_C1_vs_rest,0.1577346475396147,6.041229626829189e-4,1,-0.04084478461910241,NA,16,74863684
cg09046415,phenotype_signature_C1_vs_rest,0.1577346475396147,6.041780651507196e-4,1,-0.01368983003862142,WIPF2,17,38397977
cg19434681,phenotype_signature_C1_vs_rest,0.15775014149226876,6.050908526025025e-4,1,-0.07037497539145515,CNST,1,246577068
cg04259566,phenotype_signature_C1_vs_rest,0.15775014149226876,6.05127922835917e-4,1,-0.05002123388922761,LDB3,10,86718085
cg01511347,phenotype_signature_C1_vs_rest,0.15775014149226876,6.054981290284032e-4,1,-0.03963498855522709,ERCC6,10,49503336
cg08198075,phenotype_signature_C1_vs_rest,0.15775014149226876,6.057940933836613e-4,1,-0.04403218335368478,PKIB,6,122712391
cg17934955,phenotype_signature_C1_vs_rest,0.15775014149226876,6.060943486103979e-4,1,-0.02737263151450231,MTHFS,15,79849674
cg24693189,phenotype_signature_C1_vs_rest,0.15775014149226876,6.06174111395507e-4,1,-0.02568649304670829,SYNC,1,33165288
cg16421838,phenotype_signature_C1_vs_rest,0.15775014149226876,6.063852568919171e-4,1,-0.0237178829314835,ABCC4,13,95228266
cg12776287,phenotype_signature_C1_vs_rest,0.15775014149226876,6.070011547636245e-4,1,-0.05790960577632617,KCTD1,18,26545975
cg19831545,phenotype_signature_C1_vs_rest,0.15775014149226876,6.073032520610392e-4,1,-0.02989520685742475,NA,1,198107388
cg21316460,phenotype_signature_C1_vs_rest,0.15775014149226876,6.073337409437768e-4,1,-0.0720837569765766,POLM,7,44081443
cg02150868,phenotype_signature_C1_vs_rest,0.15775014149226876,6.074095562904443e-4,1,0.10202040180464284,GM2A,5,151258320
cg01132053,phenotype_signature_C1_vs_rest,0.15775014149226876,6.074958652877086e-4,1,-0.00764801792878286,FRMD4A,10,13727680
cg15126137,phenotype_signature_C1_vs_rest,0.15775014149226876,6.076319529063207e-4,1,-0.0266086077491008,TMEM212-AS1,3,171883932
cg18416503,phenotype_signature_C1_vs_rest,0.15775014149226876,6.076558632387509e-4,1,0.07529749292819642,ITPK1,14,93009629
cg03756660,phenotype_signature_C1_vs_rest,0.15775014149226876,6.080318061057122e-4,1,-0.04772218680251691,ADCY5,3,123298935
cg13827101,phenotype_signature_C1_vs_rest,0.15775014149226876,6.082228874175164e-4,1,-0.04368744163547786,MYOF,10,93440756
cg18195997,phenotype_signature_C1_vs_rest,0.15775014149226876,6.083568422345243e-4,1,-0.0330684837411425,NA,16,54426069
cg00259404,phenotype_signature_C1_vs_rest,0.15775014149226876,6.085050853802881e-4,1,0.07913392416261716,TRIM27,6,28917791
cg10463735,phenotype_signature_C1_vs_rest,0.15775014149226876,6.085516964055872e-4,1,-0.06554032742206495,C9orf152,9,110208653
cg00036710,phenotype_signature_C1_vs_rest,0.15775014149226876,6.086462501686351e-4,1,-0.05835754686411529,FBXO36,2,230012481
cg15664493,phenotype_signature_C1_vs_rest,0.15775014149226876,6.089393817657253e-4,1,-0.06448080352425206,PIK3R6,17,8857530
cg20379671,phenotype_signature_C1_vs_rest,0.15775014149226876,6.092328701177039e-4,1,-0.07166974076703152,NA,22,38924874
cg18114881,phenotype_signature_C1_vs_rest,0.15775014149226876,6.092479865070416e-4,1,-0.05941724331456325,NA,13,106475006
cg07631532,phenotype_signature_C1_vs_rest,0.15775014149226876,6.093087385592354e-4,1,-0.02406725909902882,HK2,2,74861806
cg14250336,phenotype_signature_C1_vs_rest,0.15775014149226876,6.094738932982651e-4,1,-0.01465866803800452,DAPK1,9,87580970
cg11411755,phenotype_signature_C1_vs_rest,0.15775014149226876,6.096524552213779e-4,1,-0.01866983752419851,ADRBK2,22,26012801
cg01556593,phenotype_signature_C1_vs_rest,0.15775014149226876,6.097181693635028e-4,1,-0.0692184916564883,FADS2,11,61841707
cg22946082,phenotype_signature_C1_vs_rest,0.15775014149226876,6.098208235060079e-4,1,-0.02436568276320161,SLC22A23,6,3443274
cg11211765,phenotype_signature_C1_vs_rest,0.15775014149226876,6.099689430797337e-4,1,-0.05113375388360038,KDM4C,9,7067315
cg06394964,phenotype_signature_C1_vs_rest,0.15775014149226876,6.10027829155036e-4,1,-0.05615494195818567,NA,6,6971516
cg21173328,phenotype_signature_C1_vs_rest,0.15775014149226876,6.101030327758303e-4,1,0.06252276164976217,NA,3,11077560
cg06972908,phenotype_signature_C1_vs_rest,0.15775014149226876,6.1045992585068e-4,1,-0.07129802759860947,ITGAL,16,30477000
cg13496793,phenotype_signature_C1_vs_rest,0.15775014149226876,6.105064091031922e-4,1,-0.0227003594343652,ZBTB34,9,126883690
cg11733691,phenotype_signature_C1_vs_rest,0.15775014149226876,6.10682434591414e-4,1,-0.05159859814425296,EPX,17,58191809
cg14611258,phenotype_signature_C1_vs_rest,0.15775014149226876,6.109707563198769e-4,1,-0.05117266384422285,C17orf39,17,18043154
cg02170785,phenotype_signature_C1_vs_rest,0.15775014149226876,6.11111591163752e-4,1,-0.04970213847746642,NA,14,69184113
cg18464515,phenotype_signature_C1_vs_rest,0.15775014149226876,6.11178530724451e-4,1,-0.00939293793143711,RALY,20,34075322
cg01679475,phenotype_signature_C1_vs_rest,0.15775014149226876,6.11197799961145e-4,1,-0.04659708908089963,BDH1,3,197512827
cg16085471,phenotype_signature_C1_vs_rest,0.15775014149226876,6.11456115474537e-4,1,-0.01018809742675014,GALNT18,11,11458982
cg02199826,phenotype_signature_C1_vs_rest,0.15775014149226876,6.115893825451488e-4,1,-0.02523944527931423,NA,4,73431009
cg27488674,phenotype_signature_C1_vs_rest,0.15775014149226876,6.119168962158493e-4,1,-0.04538638444435783,NA,17,35807861
cg14323395,phenotype_signature_C1_vs_rest,0.15775014149226876,6.120475461912478e-4,1,-0.03308376718693245,PHF8,23,54014528
cg17419299,phenotype_signature_C1_vs_rest,0.15775014149226876,6.120870222178241e-4,1,-0.0338815942574811,RB1,13,48302814
cg03419014,phenotype_signature_C1_vs_rest,0.15779071568621522,6.124270503471216e-4,1,-0.04744551952873377,HLCS,21,36990442
cg23409608,phenotype_signature_C1_vs_rest,0.15784485150137753,6.130216896096663e-4,1,-0.03282450316157136,PVT1,8,127865767
cg08112275,phenotype_signature_C1_vs_rest,0.15784485150137753,6.13200128613494e-4,1,-0.01158972745156065,GPN1,2,27641262
cg09806556,phenotype_signature_C1_vs_rest,0.15784485150137753,6.132383279973304e-4,1,-0.02322570960654818,PEAK1,15,77295718
cg02031614,phenotype_signature_C1_vs_rest,0.15784485150137753,6.134192492481087e-4,1,-0.01142769962151115,CADPS,3,62549887
cg24042502,phenotype_signature_C1_vs_rest,0.15784485150137753,6.136630792860743e-4,1,-0.0373289980017279,NA,17,77780299
cg26787239,phenotype_signature_C1_vs_rest,0.15784485150137753,6.138621881729827e-4,1,-0.05311318069784625,IL4,5,132672833
cg00092426,phenotype_signature_C1_vs_rest,0.15784485150137753,6.139157762709916e-4,1,-0.04651518648824734,UBR1,15,43017342
cg22151059,phenotype_signature_C1_vs_rest,0.15795886433439926,6.145468577177217e-4,1,-0.03016702484822398,ARMC10,7,103094194
cg12120947,phenotype_signature_C1_vs_rest,0.15795886433439926,6.147247946618011e-4,1,-0.0297617363693912,NOTCH4,6,32198875
cg21472198,phenotype_signature_C1_vs_rest,0.1579602502491657,6.149129803995055e-4,1,-0.01828124972502674,LOC400927,22,38792966
cg07965493,phenotype_signature_C1_vs_rest,0.15796719631858336,6.152635102493446e-4,1,-0.01815356603586562,KALRN,3,124601153
cg17962756,phenotype_signature_C1_vs_rest,0.15796719631858336,6.153056207800846e-4,1,0.08779319798750185,NA,5,173342196
cg24981989,phenotype_signature_C1_vs_rest,0.1580119663092125,6.158115696214488e-4,1,-0.05747191886255685,DLC1,8,13116835
cg17123639,phenotype_signature_C1_vs_rest,0.1580119663092125,6.158457106266347e-4,1,-0.01145874637636478,WNT5B,12,1632703
cg14927663,phenotype_signature_C1_vs_rest,0.1581761468066004,6.16668639997867e-4,1,-0.01175855313381523,DNAH17,17,78569398
cg16168081,phenotype_signature_C1_vs_rest,0.15818463012792824,6.168847651004894e-4,1,-0.04181545934639332,NA,3,194069679
cg13999304,phenotype_signature_C1_vs_rest,0.1581933131301252,6.174329392144762e-4,1,-0.06361988793834635,TMCC1,3,129888966
cg26005635,phenotype_signature_C1_vs_rest,0.1581933131301252,6.175650913450864e-4,1,-0.02636768106995252,HIRA,22,19408243
cg24867804,phenotype_signature_C1_vs_rest,0.1581933131301252,6.176182793188066e-4,1,-0.04048975448387883,LINC01264,10,42981537
cg17679620,phenotype_signature_C1_vs_rest,0.1581933131301252,6.17650874500137e-4,1,-0.03690194750632462,SLC7A5,16,87904462
cg13360526,phenotype_signature_C1_vs_rest,0.1582019448174202,6.181054854410662e-4,1,-0.04736505656944,NVL,1,224256817
cg26706956,phenotype_signature_C1_vs_rest,0.1582019448174202,6.183146110734785e-4,1,-0.02438664610613346,NA,16,53549384
cg20897301,phenotype_signature_C1_vs_rest,0.1582019448174202,6.183476447316625e-4,1,-0.03718401945476641,MYH9,22,36328978
cg07961282,phenotype_signature_C1_vs_rest,0.1582019448174202,6.185733848333459e-4,1,-0.0450670095632288,NA,16,3005635
cg15166583,phenotype_signature_C1_vs_rest,0.1582019448174202,6.185999355877934e-4,1,-0.01475360042194388,ME3,11,86497280
cg24251135,phenotype_signature_C1_vs_rest,0.15825120625541308,6.189756861562505e-4,1,-0.06237942683963751,USP38,4,143188504
cg07392590,phenotype_signature_C1_vs_rest,0.1582662436926067,6.193325480515024e-4,1,-0.05414892158418503,NA,11,61870071
cg00657706,phenotype_signature_C1_vs_rest,0.1582662436926067,6.19459270885345e-4,1,-0.00729731558465527,NA,1,153578298
cg18877006,phenotype_signature_C1_vs_rest,0.1582662436926067,6.197357085252095e-4,1,-0.02212699570658761,NA,3,167865973
cg25849876,phenotype_signature_C1_vs_rest,0.1582662436926067,6.198547637377126e-4,1,-0.00729799266970064,CROCC,1,17282643
cg00543751,phenotype_signature_C1_vs_rest,0.1582662436926067,6.201331013943222e-4,1,-0.02483367125663723,FHL2,2,105438533
cg07697177,phenotype_signature_C1_vs_rest,0.1582662436926067,6.20133380635775e-4,1,-0.03078960292125726,C1orf86,1,2193743
cg05543520,phenotype_signature_C1_vs_rest,0.15827154608745694,6.203761563343194e-4,1,-0.0522370364074593,LRIG1,3,66450279
cg08772528,phenotype_signature_C1_vs_rest,0.15827154608745694,6.205497760288658e-4,1,-0.04931445521198703,C9orf41-AS1,9,77571744
cg08404225,phenotype_signature_C1_vs_rest,0.15827154608745694,6.207590641334546e-4,1,-0.07006435190630046,IL5RA,3,3110215
cg20468314,phenotype_signature_C1_vs_rest,0.15827154608745694,6.208867667221496e-4,1,-0.02854302174829911,ZKSCAN5,7,99503577
cg26990414,phenotype_signature_C1_vs_rest,0.15835137681278066,6.219747479836092e-4,1,-0.02729184396339858,SLC7A8,14,23607551
cg19763168,phenotype_signature_C1_vs_rest,0.15835137681278066,6.221028958581787e-4,1,0.00650135515151458,HPSE,4,83335031
cg00006459,phenotype_signature_C1_vs_rest,0.15835137681278066,6.223095858138873e-4,1,-0.03969535145332887,NA,4,147714565
cg17269348,phenotype_signature_C1_vs_rest,0.15835137681278066,6.223879458110158e-4,1,-0.02006499078310947,NA,6,11486676
cg24478798,phenotype_signature_C1_vs_rest,0.15835137681278066,6.224003564396191e-4,1,-0.04800331171171721,LRRC37A5P,9,111605522
cg13037901,phenotype_signature_C1_vs_rest,0.15835137681278066,6.224199609754666e-4,1,-0.01340604412891693,ST20,15,79908137
cg05467845,phenotype_signature_C1_vs_rest,0.15835137681278066,6.224826500812542e-4,1,-0.03306191851659269,LRMP,12,25096106
cg09376613,phenotype_signature_C1_vs_rest,0.15854255628553574,6.234176467314204e-4,1,-0.05597089898746994,PKD2L1,10,100327577
cg11126904,phenotype_signature_C1_vs_rest,0.15862926932058688,6.240545909774904e-4,1,-0.0579986731567206,CYP7B1,8,64694954
cg24358891,phenotype_signature_C1_vs_rest,0.15862926932058688,6.242762661139647e-4,1,-0.04805556605379337,NRCAM,7,108235868
cg26019380,phenotype_signature_C1_vs_rest,0.15862926932058688,6.243093170637989e-4,1,-0.01406779053041827,SETD5,3,9428935
cg26534129,phenotype_signature_C1_vs_rest,0.1587028044114556,6.247823769519389e-4,1,-0.02432130833641335,NA,1,72634974
cg23041973,phenotype_signature_C1_vs_rest,0.15878602921414053,6.252937647725403e-4,1,-0.02575878785008276,NA,15,59696540
cg25225705,phenotype_signature_C1_vs_rest,0.15885307853291408,6.258347055347766e-4,1,-0.04685276205889509,MEF2D,1,156484398
cg15078985,phenotype_signature_C1_vs_rest,0.15885307853291408,6.259716638871586e-4,1,-0.0273885222708702,GTF3C5,9,135910234
cg13776039,phenotype_signature_C1_vs_rest,0.15885307853291408,6.261100587974957e-4,1,-0.01466574581367086,STK24,13,98466706
cg04138746,phenotype_signature_C1_vs_rest,0.15885307853291408,6.26293104178013e-4,1,-0.03006563110526027,NA,16,16940594
cg21748026,phenotype_signature_C1_vs_rest,0.15895104459275375,6.270388518919518e-4,1,-0.07470751608668803,MFAP4,17,19388455
cg09069203,phenotype_signature_C1_vs_rest,0.15895104459275375,6.270472220358196e-4,1,-0.01894902663496419,NA,1,214078493
cg10745637,phenotype_signature_C1_vs_rest,0.15900020990273284,6.274251703037417e-4,1,-0.06041378931732628,AFF1,4,86937345
cg07066019,phenotype_signature_C1_vs_rest,0.15907425413632267,6.279898190739961e-4,1,-0.03094613091660791,CHRNE,17,4902636
cg08549898,phenotype_signature_C1_vs_rest,0.15907425413632267,6.280855163364003e-4,1,0.06340507589944389,DOCK8,9,296755
cg14251414,phenotype_signature_C1_vs_rest,0.15919235428957593,6.287400701227184e-4,1,-0.00876987022836799,MAD1L1,7,2062908
cg27588605,phenotype_signature_C1_vs_rest,0.15919235428957593,6.289202565574253e-4,1,0.02511816034445485,NA,6,98824068
cg17272291,phenotype_signature_C1_vs_rest,0.15922927826144664,6.292503925962565e-4,1,-0.02119855518225938,WIPI2,7,5219663
cg02705708,phenotype_signature_C1_vs_rest,0.15927627582039983,6.296731732434432e-4,1,-0.02979375953512873,KIF1B,1,10381337
cg15981052,phenotype_signature_C1_vs_rest,0.15927627582039983,6.298914221177348e-4,1,-0.04265848232646035,SIGLEC8,19,51962158
cg13093989,phenotype_signature_C1_vs_rest,0.15927627582039983,6.299890652965296e-4,1,-0.02848888792728837,EFCAB2,1,245091089
cg23856600,phenotype_signature_C1_vs_rest,0.15930804161607864,6.3029906114361e-4,1,-0.06191853972508633,NA,5,10560028
cg12074090,phenotype_signature_C1_vs_rest,0.15937760733969605,6.307587289062116e-4,1,-0.06799174988314459,ANGPT2,8,6502915
cg08379019,phenotype_signature_C1_vs_rest,0.1595641600811316,6.317372192223747e-4,1,-0.00640891858568741,NA,17,15721325
cg13366801,phenotype_signature_C1_vs_rest,0.1595641600811316,6.318663334663722e-4,1,-0.00880925389883803,NA,11,58059666
cg25718438,phenotype_signature_C1_vs_rest,0.15958860939081818,6.322978232064252e-4,1,-0.04183235450842204,WFDC5,20,45115280
cg19025272,phenotype_signature_C1_vs_rest,0.15958860939081818,6.323432853226838e-4,1,-0.04037784357287258,SPATS2L,2,200313196
cg15984594,phenotype_signature_C1_vs_rest,0.15958860939081818,6.326086009257222e-4,1,-0.01544592797015165,COLGALT2,1,183909716
cg11973974,phenotype_signature_C1_vs_rest,0.15958860939081818,6.327018577437106e-4,1,-0.03569769861602778,NA,2,37689918
cg03504931,phenotype_signature_C1_vs_rest,0.15981516917418032,6.337850109239068e-4,1,-0.01430242500366167,NA,5,173669847
cg19764973,phenotype_signature_C1_vs_rest,0.1598241794357203,6.340056924078741e-4,1,-0.03704316725212829,STX3,11,59757960
cg26743692,phenotype_signature_C1_vs_rest,0.15983749651428963,6.342434844188281e-4,1,-0.04852200493583026,MS4A6E,11,60105953
cg20555854,phenotype_signature_C1_vs_rest,0.16015304958172832,6.356809450945299e-4,1,-0.03509213201048078,SLC45A4,8,141221034
cg08436654,phenotype_signature_C1_vs_rest,0.16033228124598184,6.367629314472455e-4,1,-0.01026794975002377,POMGNT2,3,43086705
cg26190209,phenotype_signature_C1_vs_rest,0.16033228124598184,6.367634273093272e-4,1,-0.03835017250597374,NA,18,33041390
cg20999247,phenotype_signature_C1_vs_rest,0.16039135790152856,6.371836571297034e-4,1,-0.02767951054372883,MCM2,3,127597388
cg15307260,phenotype_signature_C1_vs_rest,0.1604608212162865,6.376452985779443e-4,1,-0.02962445929203167,NA,6,36314235
cg05966753,phenotype_signature_C1_vs_rest,0.16060327583292863,6.384600236835812e-4,1,-0.0072433170159573,EIF2D,1,206773387
cg13831483,phenotype_signature_C1_vs_rest,0.16060327583292863,6.385830915879877e-4,1,-0.01969340710643044,RNF157,17,76161917
cg15115736,phenotype_signature_C1_vs_rest,0.16060691390617285,6.387834120565781e-4,1,-0.00989367335909707,KCNC1,11,17780080
cg07073139,phenotype_signature_C1_vs_rest,0.16068286873591356,6.393745132227969e-4,1,0.05658619148991142,NA,3,196164420
cg20672059,phenotype_signature_C1_vs_rest,0.16068286873591356,6.394573935867842e-4,1,-0.03038658501995662,KL,13,33020146
cg22108373,phenotype_signature_C1_vs_rest,0.16091951900042706,6.40585389331355e-4,1,-0.01295485980015697,CORO1C,12,108647722
cg19860704,phenotype_signature_C1_vs_rest,0.1609671767411468,6.409613762003515e-4,1,-0.04166906104412197,NAP1L4,11,2956305
cg21627181,phenotype_signature_C1_vs_rest,0.16097994223385814,6.414549605509409e-4,1,-0.05976861225854738,SLC17A4,6,25753962
cg11870505,phenotype_signature_C1_vs_rest,0.16097994223385814,6.414692538827799e-4,1,-0.03771914181981904,MORC1,3,109101120
cg10618553,phenotype_signature_C1_vs_rest,0.16097994223385814,6.417556728376444e-4,1,-0.04937614362901531,HPD,12,121862194
cg11841710,phenotype_signature_C1_vs_rest,0.16097994223385814,6.417573540252656e-4,1,-0.04511727304712806,SYNDIG1,20,24650346
cg10599438,phenotype_signature_C1_vs_rest,0.1610157145152493,6.420862906289045e-4,1,0.02430388922461625,PRTN3,19,844589
cg01707469,phenotype_signature_C1_vs_rest,0.16118674477932887,6.429548381006428e-4,1,-0.01344421031136753,SCG5,15,32643492
cg11396585,phenotype_signature_C1_vs_rest,0.16132837723579777,6.440639224444604e-4,1,-0.04264422656210658,TAPBP,6,33305700
cg23567690,phenotype_signature_C1_vs_rest,0.16132837723579777,6.443062536288173e-4,1,-0.04479006976802085,MSI2,17,57282057
cg04939326,phenotype_signature_C1_vs_rest,0.16132837723579777,6.444801005257234e-4,1,-0.02375447088332567,FAM168A,11,73567008
cg00873919,phenotype_signature_C1_vs_rest,0.16132837723579777,6.447678868033457e-4,1,-0.06134928487809262,SLMAP,3,57757872
cg04893386,phenotype_signature_C1_vs_rest,0.16132837723579777,6.450864621504218e-4,1,-0.06775794169263355,NA,7,131586343
cg02639390,phenotype_signature_C1_vs_rest,0.16132837723579777,6.45500820635156e-4,1,-0.01616610219037227,ZEB1,10,31527952
cg02330835,phenotype_signature_C1_vs_rest,0.16132837723579777,6.455745975468637e-4,1,-0.01315339008176454,EXTL2,1,100884437
cg05367497,phenotype_signature_C1_vs_rest,0.16132837723579777,6.455842844033134e-4,1,-0.04406991406724078,HDAC9,7,18177279
cg22136898,phenotype_signature_C1_vs_rest,0.16132837723579777,6.456451922217688e-4,1,-0.01917511676633193,ITSN1,21,33861072
cg03700457,phenotype_signature_C1_vs_rest,0.16132837723579777,6.457269726913669e-4,1,-0.00851917172782361,GBP2,1,89119592
cg19822142,phenotype_signature_C1_vs_rest,0.16132837723579777,6.457373796142761e-4,1,-0.01373704890492848,NHEJ1,2,219158494
cg24990379,phenotype_signature_C1_vs_rest,0.16132837723579777,6.459354352135588e-4,1,-0.01472302013466651,NA,6,139496799
cg27299712,phenotype_signature_C1_vs_rest,0.16132837723579777,6.46172521103927e-4,1,-0.06595550377077658,PLEKHG5,1,6550532
cg14998752,phenotype_signature_C1_vs_rest,0.16132837723579777,6.464290449846829e-4,1,-0.05445372013702297,PRDM2,1,13726164
cg10116675,phenotype_signature_C1_vs_rest,0.16132837723579777,6.465257313967433e-4,1,-0.07543470186662637,C17orf90,17,81667969
cg06035718,phenotype_signature_C1_vs_rest,0.16132837723579777,6.46527732834029e-4,1,-0.01099119192437236,PPFIBP1,12,27584266
cg02243624,phenotype_signature_C1_vs_rest,0.16132837723579777,6.470874875203315e-4,1,-0.03561082313995806,WIPI1,17,68446899
cg14263230,phenotype_signature_C1_vs_rest,0.16132837723579777,6.473869133979308e-4,1,-0.0559071478225051,PIGN,18,62066625
cg15057456,phenotype_signature_C1_vs_rest,0.16132837723579777,6.474374854162231e-4,1,-0.01709569454333723,SDC2,8,96532330
cg24019564,phenotype_signature_C1_vs_rest,0.16132837723579777,6.474436217940627e-4,1,-0.042053995718415,RUNX3,1,24931075
cg00573277,phenotype_signature_C1_vs_rest,0.16132837723579777,6.475801688963714e-4,1,-0.0226829078677676,NDFIP2,13,79517908
cg03946532,phenotype_signature_C1_vs_rest,0.16132837723579777,6.479320589538967e-4,1,-0.01066804156044734,NA,16,79310839
cg15368868,phenotype_signature_C1_vs_rest,0.16132837723579777,6.480093829809287e-4,1,-0.00684810085927066,NA,3,149700178
cg01180835,phenotype_signature_C1_vs_rest,0.16132837723579777,6.481945930444785e-4,1,-0.02523357408922485,MYLK4,6,2685788
cg11338714,phenotype_signature_C1_vs_rest,0.16132837723579777,6.484338513519521e-4,1,-0.01228089669914794,UBP1,3,33408736
cg02758938,phenotype_signature_C1_vs_rest,0.16132837723579777,6.485397888890094e-4,1,-0.02324414115285504,NA,1,205287867
cg26769850,phenotype_signature_C1_vs_rest,0.16132837723579777,6.486265737452796e-4,1,-0.03067932375977229,NA,12,21759977
cg04911335,phenotype_signature_C1_vs_rest,0.16132837723579777,6.487471080254368e-4,1,-0.03645355982845674,NA,2,163172397
cg21876145,phenotype_signature_C1_vs_rest,0.16147458092691014,6.495617942960452e-4,1,-0.03106468591513799,LAPTM4A,2,20043632
cg20370984,phenotype_signature_C1_vs_rest,0.16147458092691014,6.497087524913054e-4,1,-0.03081623371143622,LOC100131626,11,118410149
cg18451529,phenotype_signature_C1_vs_rest,0.16151281953427152,6.502069277608041e-4,1,-0.01312622735493575,NBAS,2,15557887
cg10377510,phenotype_signature_C1_vs_rest,0.16151281953427152,6.50353410427756e-4,1,0.05518986343120995,NA,1,9163944
cg15977738,phenotype_signature_C1_vs_rest,0.16151281953427152,6.504233190217286e-4,1,-0.03559095936852596,RHOH,4,40212340
cg06225131,phenotype_signature_C1_vs_rest,0.1616600468446092,6.513045522257511e-4,1,-0.03579160203263248,CHAF1A,19,4403596
cg15138339,phenotype_signature_C1_vs_rest,0.1616600468446092,6.514826716988563e-4,1,-0.04647957780570971,COASY,17,42563204
cg07142936,phenotype_signature_C1_vs_rest,0.1616600468446092,6.517995662861183e-4,1,-0.04178734557670433,RAB3B,1,51976996
cg04959516,phenotype_signature_C1_vs_rest,0.1616600468446092,6.521774612149071e-4,1,-0.01810598750978135,RRP1B,21,45088485
cg20904244,phenotype_signature_C1_vs_rest,0.1616600468446092,6.522135733882389e-4,1,-0.07943197432698007,UBAC2,13,99975048
cg13511777,phenotype_signature_C1_vs_rest,0.1616600468446092,6.525550687572532e-4,1,-0.07069342900662814,NAV2,11,20134160
cg10349197,phenotype_signature_C1_vs_rest,0.1616600468446092,6.527622984061325e-4,1,-0.01981160104838709,NEK4,3,52767058
cg05775542,phenotype_signature_C1_vs_rest,0.1616600468446092,6.527663213558419e-4,1,-0.04909976819028099,NAPG,18,10529739
cg19042848,phenotype_signature_C1_vs_rest,0.1616600468446092,6.532855897843111e-4,1,-0.00674678065521124,BNC1,15,83279600
cg10859442,phenotype_signature_C1_vs_rest,0.1616600468446092,6.532916721304077e-4,1,-0.05304327099129921,UCP3,11,74005322
cg23468453,phenotype_signature_C1_vs_rest,0.1616600468446092,6.533161552799146e-4,1,-0.02398804938935548,ASCC1,10,72146774
cg16746971,phenotype_signature_C1_vs_rest,0.1616600468446092,6.537960658501991e-4,1,-0.0311768568558928,PDE9A,21,42759280
cg04299274,phenotype_signature_C1_vs_rest,0.1616600468446092,6.538338063797333e-4,1,-0.04915576776594665,KSR1,17,25798741
cg04142890,phenotype_signature_C1_vs_rest,0.1616600468446092,6.53873131076183e-4,1,-0.01247773686732526,FAM53B-AS1,10,124703557
cg24084874,phenotype_signature_C1_vs_rest,0.1616600468446092,6.539983005687621e-4,1,-0.026657358379330882,IDO1,8,39770745
cg20370991,phenotype_signature_C1_vs_rest,0.1616600468446092,6.541589227346705e-4,1,-0.00735764117551088,TRIM27,6,28919364
cg04236871,phenotype_signature_C1_vs_rest,0.1616600468446092,6.541964652232459e-4,1,-0.06392149556215578,CLIP1,12,122341672
cg25605307,phenotype_signature_C1_vs_rest,0.16172082268601262,6.546295533143153e-4,1,-0.02150441489723562,GLT25D2,1,183996178
cg27094581,phenotype_signature_C1_vs_rest,0.16178445476608927,6.551327154444696e-4,1,-0.03812039085578801,C11orf24,11,68035071
cg24526103,phenotype_signature_C1_vs_rest,0.16178445476608927,6.552615647262432e-4,1,-0.04030456250580242,IRS2,13,109781437
cg16037106,phenotype_signature_C1_vs_rest,0.16183445554685302,6.556525865850939e-4,1,-0.03574774392304179,SNX29,16,12097746
cg04682969,phenotype_signature_C1_vs_rest,0.16183445554685302,6.558386294599554e-4,1,-0.04311534467574945,WNT5B,12,1642731
cg11371707,phenotype_signature_C1_vs_rest,0.1620903840712787,6.570633585314729e-4,1,-0.01629235467482269,NA,5,17345434
cg00758214,phenotype_signature_C1_vs_rest,0.16211135957058737,6.57335982483797e-4,1,-0.028935544071326,THADA,2,43516267
cg00079056,phenotype_signature_C1_vs_rest,0.16222594473707913,6.579883357366093e-4,1,-0.02980997957199516,SUGT1P1,9,33239643
cg25636075,phenotype_signature_C1_vs_rest,0.1623172275885678,6.586640423728366e-4,1,-0.03766031321694303,TMEM41A,3,185499973
cg15107918,phenotype_signature_C1_vs_rest,0.1623172275885678,6.587342471615031e-4,1,-0.05466914604673189,SLC7A14,3,170483972
cg11145914,phenotype_signature_C1_vs_rest,0.1623203208788073,6.589346384002537e-4,1,-0.00702904923590076,DNAJC5,20,63933094
cg07720905,phenotype_signature_C1_vs_rest,0.16241884805940798,6.595225583467522e-4,1,-0.02284855851004087,POLM,7,44083819
cg05215575,phenotype_signature_C1_vs_rest,0.16250911052737987,6.600771368360003e-4,1,-0.04993271637713491,SEPT12,16,4788721
cg00901635,phenotype_signature_C1_vs_rest,0.16258800041525304,6.605857180888934e-4,1,-0.00760556949391914,CEP19,3,196709579
cg01006587,phenotype_signature_C2_vs_rest,0.16269024068009022,8.079418588007682e-6,1,0.03586322528869273,ZNF574,19,42074914
cg27325096,phenotype_signature_C2_vs_rest,0.16269024068009022,8.095428060392013e-6,1,-0.1695305827444364,NA,6,10482947
cg05156120,phenotype_signature_C1_vs_rest,0.16290319265199876,6.620548382620414e-4,1,-0.05522066928794716,MEOX1,17,43645757
cg13465645,phenotype_signature_C1_vs_rest,0.16300758977930754,6.626677516162752e-4,1,-0.00669428572681357,HMG20B,19,3578713
cg02624857,phenotype_signature_C1_vs_rest,0.16300793003047484,6.629433407206868e-4,1,-0.06712825233487216,FBXW8,12,117005538
cg15552516,phenotype_signature_C1_vs_rest,0.16300793003047484,6.631782227154866e-4,1,-0.0393061022242358,GGA2,16,23492803
cg07421597,phenotype_signature_C1_vs_rest,0.16300793003047484,6.632350350252612e-4,1,-0.05791710360406516,NA,12,77163400
cg03060184,phenotype_signature_C1_vs_rest,0.16302728345329792,6.637390882799019e-4,1,0.08250105617347898,NA,19,51754393
cg01154527,phenotype_signature_C1_vs_rest,0.16302728345329792,6.640215236510366e-4,1,-0.02460523120624367,AKAP12,6,151340714
cg25945097,phenotype_signature_C1_vs_rest,0.16302728345329792,6.641282108433e-4,1,-0.02774377469939916,NA,11,104725803
cg27653134,phenotype_signature_C1_vs_rest,0.16302728345329792,6.642451827521515e-4,1,-0.05498153337572168,A2ML1,12,8822713
cg24836822,phenotype_signature_C1_vs_rest,0.16302728345329792,6.64361225600103e-4,1,-0.08147118622935935,KCNH2,7,150648840
cg04157345,phenotype_signature_C1_vs_rest,0.16302728345329792,6.645170165257896e-4,1,-0.01146462384532692,TGFBRAP1,2,105269658
cg19407392,phenotype_signature_C1_vs_rest,0.16302728345329792,6.647919995835422e-4,1,-0.05404675804188937,PRNP,20,4665569
cg26657279,phenotype_signature_C1_vs_rest,0.16302728345329792,6.648230252194312e-4,1,-0.05695956763443973,STK4-AS1,20,44965233
cg02246583,phenotype_signature_C1_vs_rest,0.16307498682387278,6.655564492300183e-4,1,-0.02888553612549563,NA,20,57925788
cg18076755,phenotype_signature_C1_vs_rest,0.16307498682387278,6.655963108668416e-4,1,-0.01256113088506883,NA,10,131929949
cg23641441,phenotype_signature_C1_vs_rest,0.16307498682387278,6.658345390243724e-4,1,-0.01591925144605915,ZNF641,12,48351911
cg04166335,phenotype_signature_C1_vs_rest,0.16307498682387278,6.661210934972725e-4,1,-0.01839438772340448,TAOK2,16,29984747
cg06238967,phenotype_signature_C1_vs_rest,0.16307498682387278,6.661240411221512e-4,1,0.01411161685434693,ITGB2,21,44908191
cg24727216,phenotype_signature_C1_vs_rest,0.16307498682387278,6.661498249014883e-4,1,-0.03840020335416371,ASXL1,20,32359921
cg14836034,phenotype_signature_C1_vs_rest,0.16310732120480892,6.664706569841652e-4,1,-0.022980679798663452,CHD9,16,53188703
cg13568858,phenotype_signature_C1_vs_rest,0.1631805904300085,6.673425347451642e-4,1,-0.03696799357295476,NA,6,144886417
cg03106413,phenotype_signature_C1_vs_rest,0.1631805904300085,6.673761357801721e-4,1,-0.04743760209582867,PHF13,1,6623468
cg04986899,phenotype_signature_C1_vs_rest,0.1631805904300085,6.675325518497169e-4,1,-0.03534456473619089,XYLT1,16,17459927
cg11725204,phenotype_signature_C1_vs_rest,0.1631805904300085,6.677273648883043e-4,1,-0.05764531854689565,NA,13,44351098
cg03687691,phenotype_signature_C1_vs_rest,0.1631805904300085,6.679837356295996e-4,1,-0.04778049209463665,NA,1,43525014
cg09662025,phenotype_signature_C1_vs_rest,0.1631805904300085,6.681329787034854e-4,1,-0.02248410195338128,MFSD2A,1,39953886
cg11960802,phenotype_signature_C1_vs_rest,0.1631805904300085,6.681863367883195e-4,1,-0.05061443699014515,TTC28,22,28351818
cg01654824,phenotype_signature_C1_vs_rest,0.1631805904300085,6.683140840801252e-4,1,-0.01536743032720049,ART3,4,76022793
cg10376398,phenotype_signature_C1_vs_rest,0.1631805904300085,6.684695402223567e-4,1,-0.03209790349975465,CTSK,1,150806893
cg16014085,phenotype_signature_C1_vs_rest,0.16323891447336236,6.688973654521151e-4,1,-0.05243798569005678,ZNF48,16,30394801
cg09535637,phenotype_signature_C1_vs_rest,0.16335438635223734,6.695595641271728e-4,1,-0.05711622080740448,NA,23,45780044
cg14468646,phenotype_signature_C1_vs_rest,0.16337718094228168,6.69842055655144e-4,1,-0.06772901273329923,TYW1B,7,72091441
cg24824686,phenotype_signature_C1_vs_rest,0.1633895677770582,6.700819163780149e-4,1,-0.08757245059039358,PTPRE,10,127999513
cg05056419,phenotype_signature_C1_vs_rest,0.16363243154700194,6.7131297025361e-4,1,-0.0558334569173248,UBE2O,17,76406106
cg06517521,phenotype_signature_C1_vs_rest,0.16363243154700194,6.714566445089161e-4,1,-0.05594099762451902,KDM1A,1,23363957
cg15725881,phenotype_signature_C1_vs_rest,0.1636898042465722,6.718814926802132e-4,1,-0.02544041438460945,PRG2,11,57391311
cg11991735,phenotype_signature_C1_vs_rest,0.16371798632052584,6.721866239564633e-4,1,0.03042470641733056,C7orf50,7,1113086
cg11448055,phenotype_signature_C1_vs_rest,0.16378373846532066,6.726461175966994e-4,1,-0.01438653109723332,UBE2F,2,238025152
cg05589027,phenotype_signature_C1_vs_rest,0.16387396653631986,6.732546356898371e-4,1,-0.02517342107616481,STPG1,1,24415112
cg08813944,phenotype_signature_C1_vs_rest,0.16387396653631986,6.733959479009153e-4,1,-0.07464902887921143,CPSF4L,17,73262450
cg12746496,phenotype_signature_C1_vs_rest,0.1639038972104267,6.737168888030612e-4,1,-0.05710973777291296,SAC3D1,11,65040654
cg02666246,phenotype_signature_C1_vs_rest,0.1639038972104267,6.738982803819769e-4,1,-0.01265625044507305,PTPRN2,7,157412195
cg07346751,phenotype_signature_C1_vs_rest,0.1639196520901696,6.742795821683284e-4,1,-0.04374928740431132,CDCA7,2,173358836
cg14940396,phenotype_signature_C1_vs_rest,0.1639196520901696,6.743424341788863e-4,1,-0.03640199046717271,NA,15,90104510
cg14862873,phenotype_signature_C1_vs_rest,0.16406230682240514,6.753073281157924e-4,1,-0.01411692827643834,UBE4B,1,10121936
cg10114537,phenotype_signature_C1_vs_rest,0.16406230682240514,6.753090027764734e-4,1,-0.04499719485024616,NA,2,136378036
cg14476984,phenotype_signature_C1_vs_rest,0.1641402037736138,6.75819583853903e-4,1,-0.07032925207289224,NA,5,58863645
cg09373102,phenotype_signature_C1_vs_rest,0.16415637382015535,6.76076123674924e-4,1,-0.03350475989856121,NA,16,30845279
cg06858034,phenotype_signature_C1_vs_rest,0.1641745244345552,6.764529436289651e-4,1,-0.03396270194245463,VEPH1,3,157355219
cg23120171,phenotype_signature_C1_vs_rest,0.1641745244345552,6.765308435454076e-4,1,-0.00667817515940207,NA,7,13863545
cg06780777,phenotype_signature_C1_vs_rest,0.16428151479113906,6.772658022429426e-4,1,-0.03908421958188662,NA,8,28388947
cg11324488,phenotype_signature_C1_vs_rest,0.16428151479113906,6.773615982240954e-4,1,-0.05342586988286354,NA,12,122679487
cg17134838,phenotype_signature_C1_vs_rest,0.16428151479113906,6.777014242282596e-4,1,-0.0549384788272222,NA,11,60821757
cg02228403,phenotype_signature_C1_vs_rest,0.16428151479113906,6.778886948622847e-4,1,-0.0409169974771426,ATG7,3,11481491
cg03611819,phenotype_signature_C1_vs_rest,0.16428151479113906,6.77922265695389e-4,1,-0.0601320655878592,RPRD1A,18,36009464
cg09447105,phenotype_signature_C1_vs_rest,0.16428440876597367,6.783576450089433e-4,1,-0.04284243555757956,PDE6H,12,14973086
cg22609785,phenotype_signature_C1_vs_rest,0.16428440876597367,6.784901741772896e-4,1,-0.05169475925702415,NA,10,78656915
cg16518077,phenotype_signature_C1_vs_rest,0.16428440876597367,6.785045395784076e-4,1,-0.03976269851356665,FAM207A,21,44955474
cg05847680,phenotype_signature_C1_vs_rest,0.164374729590035,6.790677851077413e-4,1,-0.01719046626936186,BDNF,11,27674720
cg12385833,phenotype_signature_C1_vs_rest,0.1644004596874524,6.793643265813104e-4,1,-0.06117567833675483,NA,8,141278171
cg13903162,phenotype_signature_C1_vs_rest,0.16463855983675843,6.805387660236869e-4,1,-0.02979904023212328,SLC7A11,4,138241865
cg18890249,phenotype_signature_C1_vs_rest,0.16469118144053288,6.809468603752858e-4,1,-0.02465964299017456,LOC728407,10,51361773
cg12382960,phenotype_signature_C1_vs_rest,0.1647782199500977,6.814974195530985e-4,1,-0.02070674764443462,GTF2A1,14,81205788
cg10916386,phenotype_signature_C1_vs_rest,0.1648801610787127,6.821098323632856e-4,1,-0.01067880288566544,NA,19,51243718
cg09736953,phenotype_signature_C1_vs_rest,0.16508577771253735,6.831515070265804e-4,1,-0.02337597099156626,CNN2,19,1030877
cg08238388,phenotype_signature_C1_vs_rest,0.16512813944614949,6.837469344643429e-4,1,-0.06761737682150082,ARSG,17,68305413
cg27178772,phenotype_signature_C1_vs_rest,0.16512813944614949,6.840649679765329e-4,1,-0.03823810040530511,PNRC1,6,89085037
cg26661180,phenotype_signature_C1_vs_rest,0.16512813944614949,6.842160512010434e-4,1,0.04723785082386297,CT45A10,23,135893561
cg22877024,phenotype_signature_C1_vs_rest,0.16512813944614949,6.842816439805692e-4,1,-0.01436437682594967,NA,5,143642104
cg13226996,phenotype_signature_C1_vs_rest,0.16512813944614949,6.845811485996665e-4,1,-0.05804518446225556,NA,22,24707817
cg20721467,phenotype_signature_C1_vs_rest,0.16512813944614949,6.847096366891097e-4,1,-0.02735103412904566,MYST4,10,74838169
cg23728471,phenotype_signature_C1_vs_rest,0.16512813944614949,6.851523214790394e-4,1,-0.04311652948088182,SLC4A1,17,44268321
cg12612796,phenotype_signature_C1_vs_rest,0.16512813944614949,6.852113647604067e-4,1,-0.01653073078173642,SIGLECL1,19,51760020
cg04913803,phenotype_signature_C1_vs_rest,0.16512813944614949,6.853230228631578e-4,1,-0.0512036466516002,NA,14,77044206
cg00478326,phenotype_signature_C1_vs_rest,0.16512813944614949,6.853487263038441e-4,1,-0.02897984163107193,NA,15,78685794
cg16118999,phenotype_signature_C1_vs_rest,0.16512813944614949,6.854287627562492e-4,1,0.10189886819237712,DENND1A,9,123863165
cg04827671,phenotype_signature_C1_vs_rest,0.16525140009724024,6.86661509763768e-4,1,-0.03660226392800615,DPF3,14,72686932
cg10726931,phenotype_signature_C1_vs_rest,0.16525140009724024,6.871484425900683e-4,1,-0.04293140038178614,PRICKLE2,3,64195412
cg01505713,phenotype_signature_C1_vs_rest,0.16525140009724024,6.873711420431772e-4,1,-0.05623219418781784,NA,7,23981502
cg18715410,phenotype_signature_C1_vs_rest,0.16525140009724024,6.873854427585256e-4,1,-0.04431314700176165,CAMK1D,10,12406960
cg02202133,phenotype_signature_C1_vs_rest,0.16525140009724024,6.874023100043973e-4,1,-0.098396013331742,DENND1A,9,123550043
cg27560714,phenotype_signature_C1_vs_rest,0.16525140009724024,6.875407308938577e-4,1,-0.03476671063088399,EIF4H,7,74182998
cg17558547,phenotype_signature_C1_vs_rest,0.16525140009724024,6.877280194328614e-4,1,-0.05398824449429262,SAP30L,5,154456620
cg20436376,phenotype_signature_C1_vs_rest,0.16525140009724024,6.877336899241242e-4,1,-0.00910200487665665,NA,1,54479763
cg02216463,phenotype_signature_C1_vs_rest,0.16525140009724024,6.878201762348895e-4,1,0.07812627544817811,CPAMD8,19,17132959
cg25178288,phenotype_signature_C1_vs_rest,0.16525140009724024,6.878526996984015e-4,1,-0.01208061992866724,FLYWCH2,16,2898622
cg02750391,phenotype_signature_C1_vs_rest,0.1654094467980763,6.887019755546229e-4,1,-0.01247027885236208,SPON1,11,14253432
cg07728212,phenotype_signature_C1_vs_rest,0.1654675287906693,6.894457628081309e-4,1,-0.02764826683210965,PISD,22,31626304
cg11404658,phenotype_signature_C1_vs_rest,0.1654675287906693,6.895468576742618e-4,1,-0.05698047744269318,MAP2K5,15,67785376
cg17879066,phenotype_signature_C1_vs_rest,0.1654675287906693,6.897938290611941e-4,1,-0.00657944628621559,PGM1,1,63616379
cg26176103,phenotype_signature_C1_vs_rest,0.1654675287906693,6.900282195272132e-4,1,-0.01841757199413401,ZNRF2,7,30367405
cg22174039,phenotype_signature_C1_vs_rest,0.1654675287906693,6.900419950327522e-4,1,-0.04366090530119385,C21orf58,21,46307788
cg26197665,phenotype_signature_C1_vs_rest,0.1654675287906693,6.902660307342595e-4,1,-0.06007637650644128,PCSK6,15,101920222
cg02134095,phenotype_signature_C1_vs_rest,0.1654675287906693,6.90284164464542e-4,1,-0.04740902555873215,ITGB1,10,32959859
cg11907278,phenotype_signature_C1_vs_rest,0.1656577388493329,6.912693672996122e-4,1,-0.02929498951121103,NA,9,133247975
cg21609507,phenotype_signature_C1_vs_rest,0.16574905291496606,6.921675215787829e-4,1,-0.04082907320231684,GFOD1,6,13445849
cg25872816,phenotype_signature_C1_vs_rest,0.16574905291496606,6.924045169264912e-4,1,-0.03389211901293998,ZNF516,18,76456958
cg00358161,phenotype_signature_C1_vs_rest,0.16574905291496606,6.924597872099929e-4,1,-0.05792279458515795,ANKRD11,16,89334217
cg17300669,phenotype_signature_C1_vs_rest,0.16574905291496606,6.925902673097853e-4,1,-0.02199665363432848,SLC7A6,16,68291250
cg11645532,phenotype_signature_C1_vs_rest,0.16574905291496606,6.92609436853635e-4,1,-0.01530863403306628,GLTSCR1,19,48110940
cg21840962,phenotype_signature_C1_vs_rest,0.16618020877456677,6.946033962702571e-4,1,-0.03611443184690223,IKBKAP,9,108933034
cg13776526,phenotype_signature_C1_vs_rest,0.16618483150982244,6.948150281952579e-4,1,-0.02176814517219726,IL1RL1,2,102337000
cg19743197,phenotype_signature_C1_vs_rest,0.1661972676701226,6.959154930654827e-4,1,-0.02755068621386245,NA,18,63443802
cg11210343,phenotype_signature_C1_vs_rest,0.1661972676701226,6.959256621967619e-4,1,-0.05461980536828532,METAP2,12,95475377
ch.4.69646068F,phenotype_signature_C1_vs_rest,0.1661972676701226,6.960414408774072e-4,1,0.00327524543448748,NA,4,68745761
cg27468610,phenotype_signature_C1_vs_rest,0.1661972676701226,6.960854283256747e-4,1,-0.04167289663351813,KMT2C,7,152143663
cg01740552,phenotype_signature_C1_vs_rest,0.1661972676701226,6.962286780068071e-4,1,-0.05090198108355061,PTEN,10,87954356
cg13121780,phenotype_signature_C1_vs_rest,0.1661972676701226,6.962927143468411e-4,1,-0.0269978221206448,MOCS1,6,39927684
cg21218548,phenotype_signature_C1_vs_rest,0.1661972676701226,6.963245478781011e-4,1,-0.03399203473473778,NA,2,458344
cg09880969,phenotype_signature_C1_vs_rest,0.1661972676701226,6.964705063066728e-4,1,0.07565098696493676,ASPH,8,61661300
cg09453525,phenotype_signature_C1_vs_rest,0.1661972676701226,6.965979405257224e-4,1,0.06694542985791728,NA,2,128752802
cg01692018,phenotype_signature_C1_vs_rest,0.16637135531879382,6.975201357168531e-4,1,-0.0494140348955325,NA,14,63547466
cg24284752,phenotype_signature_C1_vs_rest,0.166408703840101,6.979599349778386e-4,1,-0.0298888831012439,VPS28,8,144427346
cg24161618,phenotype_signature_C1_vs_rest,0.166408703840101,6.980618588169282e-4,1,-0.06530956846496733,NA,13,106797082
cg11804414,phenotype_signature_C1_vs_rest,0.1664095959189379,6.982581707871634e-4,1,-0.03904804934007368,DIABLO,12,122227590
cg19688761,phenotype_signature_C1_vs_rest,0.16643259218303835,6.985472600281896e-4,1,-0.03515256698633877,PTPRE,10,127987200
cg20281871,phenotype_signature_C1_vs_rest,0.16657068025862082,6.993195965273197e-4,1,-0.00723676360931273,NA,5,58936995
cg18767636,phenotype_signature_C1_vs_rest,0.16668252449839707,6.999820418221366e-4,1,-0.02573726800968761,NA,11,63444007
cg13020736,phenotype_signature_C2_vs_rest,0.16670149394611788,8.48793468467259e-6,1,-0.03868023809398657,COL23A1,5,177983110
cg01297834,phenotype_signature_C1_vs_rest,0.1667114747084373,7.006723775432763e-4,1,-0.06787522763821316,PDZD8,10,117358018
cg14745607,phenotype_signature_C1_vs_rest,0.1667114747084373,7.007291610381107e-4,1,-0.04546448563278805,CBFA2T2,20,33644637
cg00381391,phenotype_signature_C1_vs_rest,0.1667114747084373,7.008002528042602e-4,1,-0.05883997456338839,NA,3,33796202
cg13914857,phenotype_signature_C1_vs_rest,0.1667114747084373,7.008752946423231e-4,1,-0.05104578285558345,BCL7C,16,30895021
cg19787060,phenotype_signature_C1_vs_rest,0.16683458577498295,7.015859301445673e-4,1,-0.0688782566272603,NR0B2,1,26915422
cg16651877,phenotype_signature_C1_vs_rest,0.1672641415587727,7.035858906374559e-4,1,0.04863085088123044,BTBD19,1,44810666
cg04946003,phenotype_signature_C1_vs_rest,0.16728771273929163,7.038786272786088e-4,1,-0.03067212639449207,WDR7,18,56697221
cg16556575,phenotype_signature_C1_vs_rest,0.16740604178186974,7.046793486859797e-4,1,-0.03395945901192597,EPAS1,2,46365487
cg25238941,phenotype_signature_C1_vs_rest,0.16740604178186974,7.047639535665509e-4,1,-0.05291241514287,KARS,16,75629238
cg12921720,phenotype_signature_C1_vs_rest,0.1674231254404066,7.050296168702262e-4,1,-0.0343358057569197,NA,5,68405210
cg21932513,phenotype_signature_C1_vs_rest,0.16758596326092368,7.070010406943813e-4,1,-0.05512369991222463,RCC2,1,17425478
cg09232225,phenotype_signature_C1_vs_rest,0.16758596326092368,7.077922886482955e-4,1,-0.05729829079473598,CES8,16,67022472
cg02597924,phenotype_signature_C1_vs_rest,0.16758596326092368,7.078119769411212e-4,1,0.06613241588503249,PTPRK,6,128456021
cg03609937,phenotype_signature_C1_vs_rest,0.16758596326092368,7.079135135972308e-4,1,-0.01776386497366976,CLUAP1,16,3523565
cg22283451,phenotype_signature_C1_vs_rest,0.16758596326092368,7.080763497533352e-4,1,-0.06418851710372388,NA,8,125668577
cg08364283,phenotype_signature_C1_vs_rest,0.16758596326092368,7.08316228733165e-4,1,-0.0669120284832016,PXN,12,120248787
cg13938231,phenotype_signature_C1_vs_rest,0.16758596326092368,7.084342691625258e-4,1,-0.03778403588628135,NA,16,84691624
cg16349029,phenotype_signature_C1_vs_rest,0.16758596326092368,7.084734939604063e-4,1,-0.00952629363335737,SMS,23,22012693
cg24902842,phenotype_signature_C1_vs_rest,0.16758596326092368,7.086026168978588e-4,1,-0.03372738604288099,UBA7,3,49813074
cg13685330,phenotype_signature_C1_vs_rest,0.16758596326092368,7.086141733951265e-4,1,-0.04153354294038981,U2SURP,3,143000595
cg20452672,phenotype_signature_C1_vs_rest,0.16758596326092368,7.086318437734395e-4,1,-0.03889851627569982,FAM83A,8,123192814
cg22278433,phenotype_signature_C1_vs_rest,0.16758596326092368,7.08656127144013e-4,1,-0.03697186773961081,VGLL4,3,11691921
cg16362140,phenotype_signature_C1_vs_rest,0.16758596326092368,7.08721307715779e-4,1,-0.06167461229182849,DAP,5,10708605
cg15672644,phenotype_signature_C1_vs_rest,0.16758596326092368,7.087725700230411e-4,1,-0.01630471000196992,INADL,1,62437936
cg15550330,phenotype_signature_C1_vs_rest,0.16758596326092368,7.090589077821979e-4,1,-0.05931854118717838,NA,5,79181778
cg04689131,phenotype_signature_C1_vs_rest,0.16758596326092368,7.092641847061097e-4,1,-0.02277697855045151,ACP6,1,147650102
cg25000594,phenotype_signature_C1_vs_rest,0.16758596326092368,7.093891056640431e-4,1,-0.00865492621652376,NA,2,91878257
cg03249045,phenotype_signature_C1_vs_rest,0.16758596326092368,7.094058282928429e-4,1,-0.01514084811139103,RBMS1,2,160291593
cg16576811,phenotype_signature_C1_vs_rest,0.16758596326092368,7.095555119008865e-4,1,-0.05465009619752508,NEDD4L,18,58221408
cg12589595,phenotype_signature_C1_vs_rest,0.16758596326092368,7.097951661791286e-4,1,-0.05962358523223546,ANKRD28,3,15721235
cg09334230,phenotype_signature_C1_vs_rest,0.16758596326092368,7.098092096461732e-4,1,-0.04095184448812539,AP1M1,19,16197138
cg06500792,phenotype_signature_C1_vs_rest,0.16758596326092368,7.102650152640944e-4,1,-0.0928035122832333,NA,2,64779484
cg12807206,phenotype_signature_C1_vs_rest,0.16758596326092368,7.102791156681312e-4,1,-0.0323594982333061,GPD2,2,156467945
cg16618654,phenotype_signature_C1_vs_rest,0.16758596326092368,7.103696842971647e-4,1,-0.03401280602078729,NA,6,81893013
cg21562354,phenotype_signature_C1_vs_rest,0.1676192617695265,7.10850604383037e-4,1,0.0842384052122128,NA,3,125994135
cg03595672,phenotype_signature_C1_vs_rest,0.1676192617695265,7.108987705696621e-4,1,-0.00906861999567185,GLYATL1,11,58709394
cg16179732,phenotype_signature_C1_vs_rest,0.16778061028411612,7.119529149055208e-4,1,-0.0549753637717853,NA,6,138116905
cg03582574,phenotype_signature_C1_vs_rest,0.16778061028411612,7.119713868762137e-4,1,-0.04607257682638699,ARPP19,15,52569592
cg09185338,phenotype_signature_C1_vs_rest,0.16791600385452266,7.127402379886746e-4,1,-0.01348030081218319,DPH2,1,43970920
cg14791081,phenotype_signature_C1_vs_rest,0.1679161063065478,7.12934986019501e-4,1,-0.05952897585602138,ALS2CR4,2,201644049
cg00566320,phenotype_signature_C1_vs_rest,0.16797592060749264,7.133833268099802e-4,1,-0.04023105359820821,NA,1,31706603
cg06188834,phenotype_signature_C1_vs_rest,0.1679932052090366,7.13651135821445e-4,1,-0.02898440432228613,STON1-GTF2A1L,2,48610883
cg16263335,phenotype_signature_C1_vs_rest,0.1682022356866535,7.150112522685684e-4,1,-0.01509019645990288,NA,4,96347616
cg15264789,phenotype_signature_C1_vs_rest,0.1682022356866535,7.150984257622592e-4,1,0.00517158167154647,TPGS1,19,507475
cg15209998,phenotype_signature_C1_vs_rest,0.1682022356866535,7.151230500106057e-4,1,-0.06966627584973406,RAB11FIP4,17,29837057
cg13407857,phenotype_signature_C1_vs_rest,0.16838154322549678,7.162838490062575e-4,1,-0.04841669220378885,ARHGDIB,12,14963002
cg11042841,phenotype_signature_C1_vs_rest,0.16838154322549678,7.1649848707235e-4,1,-0.0345832554022631,NA,3,128533197
cg08359367,phenotype_signature_C1_vs_rest,0.16838154322549678,7.16582839475753e-4,1,-0.01544658831501603,NA,11,69421693
cg15686115,phenotype_signature_C1_vs_rest,0.16838154322549678,7.166647950631106e-4,1,-0.03712830785486069,MIR202,10,133247979
cg20317437,phenotype_signature_C1_vs_rest,0.16856925554221064,7.176588043999123e-4,1,-0.04590284283145064,FUCA1,1,23845630
cg19101566,phenotype_signature_C1_vs_rest,0.16862496914587416,7.182614893707494e-4,1,-0.01889248953885317,SLC25A27,6,46656030
cg22665696,phenotype_signature_C1_vs_rest,0.16862496914587416,7.182862637891977e-4,1,0.00462486563782815,NA,10,131768755
cg25466522,phenotype_signature_C1_vs_rest,0.16862779391617408,7.184934330989837e-4,1,-0.06033550296744841,TMC3-AS1,15,81330885
cg23317499,phenotype_signature_C1_vs_rest,0.16866711374774038,7.192020355820855e-4,1,-0.02757288158273394,NA,12,130591397
cg23869896,phenotype_signature_C1_vs_rest,0.16866711374774038,7.193244288504642e-4,1,-0.03849755550443723,NA,22,30258844
cg04204452,phenotype_signature_C1_vs_rest,0.16866711374774038,7.193512663290521e-4,1,0.05337465164599384,SLC43A2,17,1575919
cg27338511,phenotype_signature_C1_vs_rest,0.16866711374774038,7.195996607308634e-4,1,-0.03425458115181042,MAPK10,4,86357182
cg08889930,phenotype_signature_C1_vs_rest,0.16866711374774038,7.197194453343891e-4,1,-0.05199574621210369,MCM2,3,127598955
cg14224214,phenotype_signature_C1_vs_rest,0.16866711374774038,7.198320613753906e-4,1,-0.02920802862359696,TADA2A,17,37430995
cg27655671,phenotype_signature_C1_vs_rest,0.168683046120235,7.200952577064531e-4,1,-0.04131947454617334,BTBD9,6,38239965
cg26841483,phenotype_signature_C1_vs_rest,0.16871975130678388,7.204471925332957e-4,1,-0.03893608414444538,LIN7A,12,80938761
cg26593070,phenotype_signature_C1_vs_rest,0.1687647059807618,7.210298204160927e-4,1,-0.01273463029430814,CCDC64,12,120092825
cg17068138,phenotype_signature_C1_vs_rest,0.1687647059807618,7.210589650541365e-4,1,-0.01304077023569052,LOC651250,17,68106054
cg05313823,phenotype_signature_C1_vs_rest,0.1687647059807618,7.212250381726285e-4,1,-0.01186831139635503,UBE2D2,5,139612460
cg22858210,phenotype_signature_C1_vs_rest,0.16890732307606035,7.220299801921038e-4,1,-0.02801890204780567,DRAP1,11,65918316
cg16649001,phenotype_signature_C1_vs_rest,0.16902060176776565,7.227098051406397e-4,1,-0.02804208855982724,EFHA2,8,17031565
cg12359648,phenotype_signature_C1_vs_rest,0.1690262175632271,7.230986817045934e-4,1,-0.0396015191631998,NA,11,119637128
cg03231953,phenotype_signature_C1_vs_rest,0.1690262175632271,7.23196542184636e-4,1,-0.03673056417662965,NA,22,19716778
cg09194711,phenotype_signature_C1_vs_rest,0.1690262175632271,7.235494687894605e-4,1,-0.01269140786119425,NA,17,45190894
cg04741118,phenotype_signature_C1_vs_rest,0.1690262175632271,7.235765522441541e-4,1,-0.08360171717126579,CDK17,12,96327035
cg19331876,phenotype_signature_C1_vs_rest,0.1690262175632271,7.239534148596571e-4,1,-0.03584759913318739,TTC3,21,37202428
cg06943590,phenotype_signature_C1_vs_rest,0.1690262175632271,7.24169434133223e-4,1,0.05224584906092414,NA,12,15256938
cg00546403,phenotype_signature_C1_vs_rest,0.1690262175632271,7.242235371731574e-4,1,0.02278385946119115,LINC-PINT,7,131010973
cg06345569,phenotype_signature_C1_vs_rest,0.1690262175632271,7.243120434930768e-4,1,-0.01321485972356196,MTHFD1L,6,151058297
cg22060869,phenotype_signature_C1_vs_rest,0.1690262175632271,7.245548289091752e-4,1,-0.05588504402581839,KCNH2,7,150957322
cg06132505,phenotype_signature_C1_vs_rest,0.1690262175632271,7.247012712299827e-4,1,-0.028885712157661,NA,7,155592157
cg21505451,phenotype_signature_C1_vs_rest,0.1690262175632271,7.248853931823563e-4,1,-0.04150063857261821,CACNB2,10,18261694
cg03723646,phenotype_signature_C1_vs_rest,0.1690541029963023,7.252006126321442e-4,1,-0.00694551581275795,NA,15,62957054
cg06876685,phenotype_signature_C1_vs_rest,0.16918720592083702,7.259673755941822e-4,1,-0.03175667585666115,NA,9,16028763
cg18431100,phenotype_signature_C1_vs_rest,0.16922667502470526,7.263325637927492e-4,1,-0.02343688895972386,GPR160,3,170077213
cg05690260,phenotype_signature_C1_vs_rest,0.16937020235712733,7.271445888512002e-4,1,-0.0401694472018638,SEL1L3,4,25834650
cg17203290,phenotype_signature_C1_vs_rest,0.16940680033611352,7.278646529138569e-4,1,-0.05741551731329934,C8orf47,8,98093348
cg05213935,phenotype_signature_C1_vs_rest,0.16940680033611352,7.279489318867333e-4,1,-0.03662256764559279,NA,2,89161256
cg10193874,phenotype_signature_C1_vs_rest,0.16940680033611352,7.282686151690639e-4,1,-0.05025994352771468,NA,11,111309869
cg21871781,phenotype_signature_C1_vs_rest,0.16940680033611352,7.282772885968059e-4,1,-0.02323450134141845,TMEM186,16,8798956
cg23825347,phenotype_signature_C1_vs_rest,0.16940680033611352,7.282819032400108e-4,1,-0.04486921316961895,NA,14,76914816
cg26947034,phenotype_signature_C1_vs_rest,0.16960498152719009,7.29415229108721e-4,1,-0.06006981665047132,NA,7,33895826
cg21455127,phenotype_signature_C1_vs_rest,0.16960498152719009,7.295957987569823e-4,1,-0.02004042995401086,DIS3L,15,66332606
cg22535225,phenotype_signature_C1_vs_rest,0.16960498152719009,7.297226892006184e-4,1,-0.03793555612290152,GRIN3A,9,101569936
cg11337394,phenotype_signature_C1_vs_rest,0.16968851644824856,7.304155124488137e-4,1,-0.01676326932346797,SCARB1,12,124807751
cg13544813,phenotype_signature_C1_vs_rest,0.16968851644824856,7.307592993091126e-4,1,-0.06092249186398111,YES1,18,808630
cg06124056,phenotype_signature_C1_vs_rest,0.16968851644824856,7.30858758599067e-4,1,-0.06544799062453092,LOC101927851,1,234964353
cg12664173,phenotype_signature_C1_vs_rest,0.16968851644824856,7.308675536484104e-4,1,-0.05771041189044859,PFKFB3,10,6178947
cg17540143,phenotype_signature_C1_vs_rest,0.16971677510792377,7.311856637799834e-4,1,0.05494386303667237,ADORA2B,17,15954575
cg09016822,phenotype_signature_C1_vs_rest,0.16971945758098028,7.314620027868734e-4,1,0.00546954615523625,IER3,6,30744619
cg12819873,phenotype_signature_C1_vs_rest,0.16971945758098028,7.315900206088183e-4,1,-0.06131612089451184,PRG2,11,57390159
cg23090159,phenotype_signature_C1_vs_rest,0.16988173409763516,7.324861149980427e-4,1,-0.05694535501737648,VKORC1L1,7,65954207
cg07319181,phenotype_signature_C1_vs_rest,0.1700213251993703,7.33289210014128e-4,1,-0.05831433248476438,NA,2,203544269
cg02697140,phenotype_signature_C1_vs_rest,0.1700213251993703,7.33494677996511e-4,1,-0.06297060013829854,ZNF532,18,56570926
cg18574097,phenotype_signature_C1_vs_rest,0.1700213251993703,7.337171509371092e-4,1,-0.05364330413466853,NA,3,16587775
cg10330313,phenotype_signature_C1_vs_rest,0.1700213251993703,7.340200767276334e-4,1,-0.06992986230718623,PPTC7,12,110537786
cg01453551,phenotype_signature_C1_vs_rest,0.1700213251993703,7.340717423773255e-4,1,-0.03670813005367423,NA,8,143132127
cg14354244,phenotype_signature_C1_vs_rest,0.17016473993091177,7.348878547086191e-4,1,-0.05492895466504517,TRIM9,14,50979320
cg01254707,phenotype_signature_C1_vs_rest,0.17025396487445427,7.354702076444165e-4,1,-0.02787840308266648,IL1RL1,2,102336961
cg17418212,phenotype_signature_C1_vs_rest,0.1702871452856081,7.358105987100193e-4,1,-0.04171094917422171,NA,6,34002346
cg22597494,phenotype_signature_C1_vs_rest,0.17031657724092095,7.361348651566389e-4,1,-0.03195303799154704,XDH,2,31336219
cg04833819,phenotype_signature_C1_vs_rest,0.17033505769757878,7.364118529589173e-4,1,-0.02125834229600392,ABR,17,927551
cg02711899,phenotype_signature_C1_vs_rest,0.17042118497974407,7.369814202470209e-4,1,-0.03305168010925748,TRERF1,6,42443152
cg14567374,phenotype_signature_C1_vs_rest,0.17047898613718057,7.374286585933736e-4,1,-0.03297476815498938,ANAPC2,9,140084348
cg10893388,phenotype_signature_C1_vs_rest,0.1705320282191396,7.378554392182891e-4,1,-0.05489949160410621,UNC5B,10,71241656
cg01405334,phenotype_signature_C1_vs_rest,0.1705396414049515,7.380857289626346e-4,1,-0.0305510134943714,PTPN5,11,18743375
cg24571508,phenotype_signature_C1_vs_rest,0.17059063467640695,7.388641833361843e-4,1,-0.01939115596865934,NA,4,81094387
cg10459964,phenotype_signature_C1_vs_rest,0.17059063467640695,7.389843906221496e-4,1,-0.02298930903523237,XPO4,13,20825537
cg04152689,phenotype_signature_C1_vs_rest,0.17059063467640695,7.39222558584378e-4,1,-0.03481440839256899,NR6A1,9,124567442
cg04473487,phenotype_signature_C1_vs_rest,0.17059063467640695,7.392760390473448e-4,1,-0.01858607895263704,NA,7,80838279
cg02645272,phenotype_signature_C1_vs_rest,0.17059063467640695,7.392934655745101e-4,1,-0.06028353607289553,NA,22,30254482
cg01164417,phenotype_signature_C1_vs_rest,0.17060196732311445,7.39539999435732e-4,1,-0.02110919027483253,SLC2A9,4,9893914
cg24600366,phenotype_signature_C1_vs_rest,0.17062817863748117,7.399340632848377e-4,1,-0.06908475185645432,CYB5B,16,69448934
cg08237309,phenotype_signature_C1_vs_rest,0.17062817863748117,7.400774279682691e-4,1,-0.01369266524023733,PKD1,16,2096422
cg16868031,phenotype_signature_C1_vs_rest,0.17062817863748117,7.406583180690243e-4,1,-0.07707443519825516,NR0B2,1,26914321
cg21193744,phenotype_signature_C1_vs_rest,0.17062817863748117,7.406661674164552e-4,1,-0.04521348863378718,ANGPT2,8,6547584
cg18627764,phenotype_signature_C1_vs_rest,0.17062817863748117,7.408869037206193e-4,1,-0.05239300846676198,LINC01605,8,37454681
cg09285069,phenotype_signature_C1_vs_rest,0.17062817863748117,7.413603084149935e-4,1,-0.01147813716612656,SLC41A3,3,126026425
cg07942920,phenotype_signature_C1_vs_rest,0.17062817863748117,7.415536423649227e-4,1,-0.03728917720089227,TBC1D1,4,38011648
cg08290668,phenotype_signature_C1_vs_rest,0.17062817863748117,7.416941073804834e-4,1,-0.0136179798392531,NA,16,876164
cg07686528,phenotype_signature_C1_vs_rest,0.17062817863748117,7.417643616534853e-4,1,-0.03930629087417853,JMJD1C,10,65198176
cg02225893,phenotype_signature_C1_vs_rest,0.17062817863748117,7.418262328246635e-4,1,-0.0658210105607931,DCAF8,1,160256802
cg01560554,phenotype_signature_C1_vs_rest,0.17062817863748117,7.420086488068507e-4,1,-0.01709889044881378,NLRP7,19,54936046
cg18181035,phenotype_signature_C1_vs_rest,0.17062817863748117,7.420230414552697e-4,1,-0.04281840438637352,GATA2-AS1,3,128495617
cg21379388,phenotype_signature_C1_vs_rest,0.1706406962719405,7.424687283304935e-4,1,-0.06770589471218452,NA,3,196127404
cg10439765,phenotype_signature_C1_vs_rest,0.1706406962719405,7.42472409926143e-4,1,0.00510657138093966,SLC12A5,20,46029199
cg13513232,phenotype_signature_C1_vs_rest,0.17064110807217275,7.426716682475325e-4,1,-0.01518984525552005,NA,9,84435798
cg12811901,phenotype_signature_C1_vs_rest,0.17082580327903146,7.437882669894851e-4,1,-0.01096860227391159,NA,17,37803495
cg02628700,phenotype_signature_C1_vs_rest,0.17082580327903146,7.440242626309165e-4,1,-0.06394383583034167,PFKFB3,10,6179026
cg14025883,phenotype_signature_C1_vs_rest,0.17082580327903146,7.440685475961109e-4,1,-0.0701977693236815,C9orf46,9,5436224
cg20771622,phenotype_signature_C1_vs_rest,0.17122348840519971,7.461807101060869e-4,1,-0.01471816368772621,NA,1,205689125
cg24461063,phenotype_signature_C1_vs_rest,0.17122348840519971,7.461970316957921e-4,1,-0.01925829760875585,NCOR2,12,124487229
cg21053786,phenotype_signature_C1_vs_rest,0.1713222957468625,7.468258918320285e-4,1,-0.06600058557224235,NA,3,152019644
cg04687176,phenotype_signature_C1_vs_rest,0.171325385810443,7.472275779246892e-4,1,-0.01907224017649563,TGFBR3,1,91728097
cg03534375,phenotype_signature_C1_vs_rest,0.171325385810443,7.472358787800754e-4,1,-0.07599357081138466,SLMAP,3,57757436
cg22056276,phenotype_signature_C1_vs_rest,0.17139950779550472,7.478562184603395e-4,1,-0.04412667977121454,NA,7,77983116
cg08345526,phenotype_signature_C1_vs_rest,0.17139950779550472,7.479558502402914e-4,1,-0.05804337985129019,ITPKB,1,226728619
cg13097741,phenotype_signature_C1_vs_rest,0.17150447595469845,7.48809602469913e-4,1,-0.01391579017871703,ARFGAP1,20,63286065
cg14260998,phenotype_signature_C1_vs_rest,0.17150447595469845,7.48810843204757e-4,1,-0.01500219053506239,NPHP4,1,5880414
cg18367220,phenotype_signature_C1_vs_rest,0.17160242440459525,7.494370778554497e-4,1,-0.02475731497736109,KIAA0317,14,74698433
cg13720710,phenotype_signature_C1_vs_rest,0.17162403066937174,7.497300426046325e-4,1,-0.01033348791233573,ADARB2,10,1452970
cg06722277,phenotype_signature_C1_vs_rest,0.17169579631719037,7.506385660866546e-4,1,-0.00891643889652414,ZCCHC14,16,87442224
cg01809819,phenotype_signature_C1_vs_rest,0.17169579631719037,7.50960341259046e-4,1,0.00891044891626632,MATN1,1,30719318
cg10248614,phenotype_signature_C1_vs_rest,0.17169579631719037,7.510182224060317e-4,1,-0.02439972490849366,NA,3,128597619
cg23509861,phenotype_signature_C1_vs_rest,0.17169579631719037,7.513228851191092e-4,1,0.03703676928570956,SNX2,5,122773733
cg05465059,phenotype_signature_C1_vs_rest,0.17169579631719037,7.513599873749298e-4,1,-0.00782847080002355,CHST1,11,45651005
cg26997652,phenotype_signature_C1_vs_rest,0.17169579631719037,7.514296988282998e-4,1,-0.06131061661168778,TMOD3,15,52157096
cg04570551,phenotype_signature_C1_vs_rest,0.17169579631719037,7.514343560757992e-4,1,-0.03184170515972788,CUL4A,13,113917124
cg09255388,phenotype_signature_C1_vs_rest,0.17171316152153632,7.517090627991046e-4,1,-0.01054168698613132,CASZ1,1,10701005
cg04451541,phenotype_signature_C1_vs_rest,0.17186208024953398,7.525598640797413e-4,1,-0.04955871318450933,HDAC4,2,240030997
cg01505016,phenotype_signature_C1_vs_rest,0.17190480846964012,7.529458938445874e-4,1,-0.0352395890804985,ATP2B1,12,89619310
cg17223156,phenotype_signature_C1_vs_rest,0.17196255941490277,7.534911836709746e-4,1,-0.03256979622290305,NEDD4L,18,58069590
cg18203005,phenotype_signature_C1_vs_rest,0.17196255941490277,7.53596835399602e-4,1,-0.04869976265841083,SLC38A11,2,164898646
cg17459348,phenotype_signature_C1_vs_rest,0.17203257877612305,7.541876948081857e-4,1,-0.04724117730053038,FBXL13,7,102989653
cg09174601,phenotype_signature_C1_vs_rest,0.17203257877612305,7.543018369253676e-4,1,-0.01875626724967596,HS3ST3A1,17,13442632
cg16921772,phenotype_signature_C1_vs_rest,0.17208117444339857,7.547140446825102e-4,1,-0.01916698982240923,LOC100506457,2,12060398
cg07484450,phenotype_signature_C1_vs_rest,0.1722326427306156,7.557702190656508e-4,1,-0.0200719856383107,C11orf64,11,60615888
cg17859623,phenotype_signature_C1_vs_rest,0.1722326427306156,7.558548055050245e-4,1,-0.03419708145826586,NA,7,48664244
cg13193179,phenotype_signature_C1_vs_rest,0.1722326427306156,7.561189065523094e-4,1,-0.01224671802995212,C20orf200,20,62545430
cg10225781,phenotype_signature_C1_vs_rest,0.1722326427306156,7.561755877669156e-4,1,-0.00708395205114265,DIS3L2,2,232218657
cg13652075,phenotype_signature_C1_vs_rest,0.1722630014249556,7.565082189333665e-4,1,-0.03298688292987548,NA,6,14155976
cg17419937,phenotype_signature_C1_vs_rest,0.17230054231794267,7.568724699345837e-4,1,-0.02059383837523918,NA,5,71663274
cg03475216,phenotype_signature_C1_vs_rest,0.17234464506761038,7.573876163810622e-4,1,-0.06191451619559095,NA,8,21812671
cg20872115,phenotype_signature_C1_vs_rest,0.17234464506761038,7.577375483149869e-4,1,-0.05388150300489357,NA,9,108609970
cg02492770,phenotype_signature_C1_vs_rest,0.17234464506761038,7.579738621000374e-4,1,-0.03770877091515547,NA,1,101667223
cg02124524,phenotype_signature_C1_vs_rest,0.17234464506761038,7.580375121655393e-4,1,-0.02981944840264293,KIAA0182,16,85621401
cg17844602,phenotype_signature_C1_vs_rest,0.17234464506761038,7.584119682268808e-4,1,-0.04706760708132169,SLMO1,18,12411141
cg13882090,phenotype_signature_C1_vs_rest,0.17234464506761038,7.585814831330464e-4,1,-0.02320872566908383,B3GALT4,6,33278317
cg23334398,phenotype_signature_C1_vs_rest,0.17234464506761038,7.586916672929524e-4,1,-0.03784500377815603,NA,2,129061573
cg12279650,phenotype_signature_C1_vs_rest,0.17234464506761038,7.588495709338457e-4,1,-0.04363943322902326,DEPDC5,22,31774993
cg18451034,phenotype_signature_C1_vs_rest,0.17234464506761038,7.590834860572218e-4,1,-0.016672706462476,XIRP2-AS1,2,167127669
cg00489575,phenotype_signature_C1_vs_rest,0.17234464506761038,7.591066316722041e-4,1,-0.06104693882900194,FAM53B,10,126405807
cg23108291,phenotype_signature_C1_vs_rest,0.17234464506761038,7.593449650835499e-4,1,0.00585536576764773,COMMD10,5,116084885
cg05304616,phenotype_signature_C1_vs_rest,0.17234464506761038,7.594594566898652e-4,1,-0.01652985606632055,NA,1,37251511
cg03463948,phenotype_signature_C1_vs_rest,0.17254797408074568,7.606292071106501e-4,1,0.0934069014259052,UBASH3B,11,122742150
cg16982824,phenotype_signature_C1_vs_rest,0.17254797408074568,7.608368999716108e-4,1,-0.05454384934837505,FXR1,3,180914144
cg23517743,phenotype_signature_C1_vs_rest,0.17254797408074568,7.610078123815151e-4,1,-0.02088963134022958,LRRFIP1,2,237714942
cg08908145,phenotype_signature_C1_vs_rest,0.17254797408074568,7.611550692722217e-4,1,-0.03736208977468204,TIGD6,5,149999857
cg10190756,phenotype_signature_C1_vs_rest,0.17254797408074568,7.613538187377722e-4,1,-0.06757280601549243,NA,18,31197972
cg27370104,phenotype_signature_C1_vs_rest,0.17283150055944943,7.629477970578322e-4,1,-0.03878256342434018,TRERF1,6,42417938
cg20072505,phenotype_signature_C1_vs_rest,0.17283150055944943,7.63050298331532e-4,1,-0.04864415348479198,CAMK1D,10,12414490
cg25157604,phenotype_signature_C1_vs_rest,0.17283150055944943,7.632048599492439e-4,1,-0.01967625556096507,SLC43A3,11,57424130
cg23665034,phenotype_signature_C1_vs_rest,0.1730421664590429,7.647144407822034e-4,1,-0.0204805886206114,CCDC173,2,169695040
cg03823705,phenotype_signature_C1_vs_rest,0.1730421664590429,7.652813018923138e-4,1,-0.04089216865014727,DHX34,19,47381429
cg07763701,phenotype_signature_C1_vs_rest,0.1730421664590429,7.654372125862705e-4,1,-0.02675417526072327,CTCF,16,67595405
cg08257579,phenotype_signature_C1_vs_rest,0.1730421664590429,7.657181310336452e-4,1,0.07913455111375547,KCNJ15,21,38296552
cg13892977,phenotype_signature_C1_vs_rest,0.1730421664590429,7.661156611944672e-4,1,-0.0437837735251861,P4HTM,3,49004542
cg24277759,phenotype_signature_C1_vs_rest,0.1730421664590429,7.661672008105814e-4,1,-0.05896653512877133,MTUS2,13,30039971
cg04605696,phenotype_signature_C1_vs_rest,0.1730421664590429,7.662055613635245e-4,1,-0.0328671443752342,MIR4797,3,197294190
cg13385644,phenotype_signature_C1_vs_rest,0.1730421664590429,7.66446268502904e-4,1,-0.01054021768978058,NA,11,116742191
cg03746860,phenotype_signature_C1_vs_rest,0.1730421664590429,7.668560441990302e-4,1,-0.04259689289222142,NR3C1,5,143379810
cg26538377,phenotype_signature_C1_vs_rest,0.1730421664590429,7.668610672808331e-4,1,-0.03756921953016195,ABHD2,15,89112208
cg09797463,phenotype_signature_C1_vs_rest,0.1730421664590429,7.670428562687318e-4,1,0.05865136358485318,LIPA,10,89235540
cg27071152,phenotype_signature_C1_vs_rest,0.1730421664590429,7.671167591468336e-4,1,0.01590209235820084,LOC646999,7,39609844
cg00961940,phenotype_signature_C1_vs_rest,0.1730421664590429,7.671301502623561e-4,1,-0.04239750908846983,TIMP2,17,78880913
cg22672431,phenotype_signature_C1_vs_rest,0.1730421664590429,7.672699114871473e-4,1,-0.05382442280266072,KLF16,19,1854550
cg09192186,phenotype_signature_C1_vs_rest,0.1730421664590429,7.672786326659377e-4,1,-0.00937400769983251,NA,6,112362865
cg03919650,phenotype_signature_C1_vs_rest,0.1730421664590429,7.675154789940025e-4,1,0.05277030273795687,MEFV,16,3256855
cg10580335,phenotype_signature_C1_vs_rest,0.1730421664590429,7.678383059633946e-4,1,-0.02804572686399345,SLC41A3,3,126085016
cg06755692,phenotype_signature_C1_vs_rest,0.1730421664590429,7.679161977955789e-4,1,-0.05417567407367527,HNRNPLL,2,38585855
cg09937527,phenotype_signature_C1_vs_rest,0.1730421664590429,7.682671524205351e-4,1,-0.03765439312897018,NA,10,1154600
cg12968732,phenotype_signature_C1_vs_rest,0.1730421664590429,7.68430450485821e-4,1,-0.02185670395507561,NA,2,67561736
cg23590207,phenotype_signature_C1_vs_rest,0.1730421664590429,7.690483157974361e-4,1,-0.02833155427902168,ADIPOR2,12,1770278
cg08094347,phenotype_signature_C1_vs_rest,0.1730421664590429,7.691101948030476e-4,1,-0.03968005835764465,BACH1,21,29327047
cg15053244,phenotype_signature_C1_vs_rest,0.1730421664590429,7.694819495996912e-4,1,-0.06619894823177981,NA,3,150729900
cg04643620,phenotype_signature_C1_vs_rest,0.1730421664590429,7.69618719303428e-4,1,-0.04382924272752006,CCDC12,3,46947718
cg13649561,phenotype_signature_C1_vs_rest,0.1730421664590429,7.696839872579008e-4,1,-0.04741009863615717,LINC00899,22,46046223
cg19051802,phenotype_signature_C1_vs_rest,0.1730421664590429,7.698790927783342e-4,1,-0.03680116598772413,NA,17,36885499
cg15130252,phenotype_signature_C1_vs_rest,0.1730421664590429,7.700304945969172e-4,1,-0.06854846717767712,NA,4,38764502
cg02829152,phenotype_signature_C1_vs_rest,0.1730421664590429,7.70477366969075e-4,1,-0.00980646556062196,IL5RA,3,3105307
cg02332678,phenotype_signature_C1_vs_rest,0.1730421664590429,7.704871125388029e-4,1,-0.06896971964667489,OSBPL5,11,3149591
cg08447934,phenotype_signature_C1_vs_rest,0.1730421664590429,7.706275043290232e-4,1,-0.03218736557609299,ACVRL1,12,51917922
cg08266665,phenotype_signature_C1_vs_rest,0.1730421664590429,7.706581695917483e-4,1,-0.025650851372657,NA,16,86075260
cg13007824,phenotype_signature_C1_vs_rest,0.1730421664590429,7.706826194561959e-4,1,-0.01451450493843514,MGMT,10,129522498
cg08084103,phenotype_signature_C1_vs_rest,0.1730421664590429,7.707432242254328e-4,1,0.05987082810687926,NA,22,31296463
cg24710752,phenotype_signature_C1_vs_rest,0.17305974518914974,7.710217866512216e-4,1,-0.00831554911568738,MMP14,14,22841598
cg01584205,phenotype_signature_C1_vs_rest,0.17308050212438408,7.716133282391007e-4,1,-0.01778125337746259,RNF157,17,76166479
cg20270052,phenotype_signature_C1_vs_rest,0.17308050212438408,7.717350946316183e-4,1,-0.07379566561610576,ARID5B,10,61943303
cg01602040,phenotype_signature_C1_vs_rest,0.17308050212438408,7.718064221296097e-4,1,-0.01858329862666032,NA,5,150309998
cg21461856,phenotype_signature_C1_vs_rest,0.17308050212438408,7.719154213464486e-4,1,-0.06476767326446235,MGAT3,22,39456661
cg19742661,phenotype_signature_C1_vs_rest,0.17313172974918783,7.723442382626195e-4,1,-0.02855839656938681,IL3,5,132060632
cg20739037,phenotype_signature_C1_vs_rest,0.17315168151614763,7.72633615297153e-4,1,-0.0555556743870709,NA,6,12472962
cg04031158,phenotype_signature_C1_vs_rest,0.17323510116462315,7.732063169349275e-4,1,-0.04126619697175371,NA,1,175802999
cg16101213,phenotype_signature_C1_vs_rest,0.1732384423530569,7.736377787236304e-4,1,-0.06467731503900853,NA,7,127861992
cg16253235,phenotype_signature_C1_vs_rest,0.1732384423530569,7.737748949517436e-4,1,-0.02722021820839136,AGPAT3,21,43937836
cg03249782,phenotype_signature_C1_vs_rest,0.1732384423530569,7.73918462326302e-4,1,-0.02588945315568686,AMOTL2,3,134357225
cg12821702,phenotype_signature_C1_vs_rest,0.1732384423530569,7.741168842639045e-4,1,-0.04639103478044325,NA,2,41938364
cg03562952,phenotype_signature_C1_vs_rest,0.1732384423530569,7.742235907195791e-4,1,-0.01058278363318516,LPCAT1,5,1499089
cg23552192,phenotype_signature_C1_vs_rest,0.17339852722104684,7.751396868316036e-4,1,0.01266535933150765,UBXN2B,8,59323544
cg09676435,phenotype_signature_C1_vs_rest,0.1734150285688423,7.754141289842604e-4,1,-0.01728481113027896,LHFP,13,39604466
cg09351085,phenotype_signature_C1_vs_rest,0.17359607659459714,7.764245596123343e-4,1,-0.06063569221502694,NA,8,100461688
cg03536798,phenotype_signature_C1_vs_rest,0.17371550829904167,7.771597532425951e-4,1,-0.02443450477494328,CXXC5,5,139673036
cg07858412,phenotype_signature_C1_vs_rest,0.1737200122453454,7.774476623426667e-4,1,-0.01634873664921662,DDX11-AS1,12,31213491
cg05786622,phenotype_signature_C1_vs_rest,0.1737200122453454,7.776628556463411e-4,1,-0.05306889459969802,ATXN1,6,16651897
cg09411728,phenotype_signature_C1_vs_rest,0.1737200122453454,7.78078684619432e-4,1,-0.04058348827937703,NA,17,44241442
cg11833349,phenotype_signature_C1_vs_rest,0.1737200122453454,7.785718322648107e-4,1,0.0569003309658618,LMNA,1,156090144
cg01798813,phenotype_signature_C1_vs_rest,0.1737200122453454,7.785860241003327e-4,1,-0.03299287823198249,NA,17,4003380
cg07112997,phenotype_signature_C1_vs_rest,0.1737200122453454,7.787356300165993e-4,1,-0.06151582280016365,UQCC1,20,35342189
cg03011059,phenotype_signature_C1_vs_rest,0.1737200122453454,7.787361909202576e-4,1,-0.05772367510740404,DYNLL1,12,120497765
cg12415337,phenotype_signature_C1_vs_rest,0.1737200122453454,7.787881384738657e-4,1,-0.034421260688394,CLPTM1,19,44986942
cg17941143,phenotype_signature_C1_vs_rest,0.17372599891199983,7.790160131365771e-4,1,-0.05403763910830203,NA,3,53479283
cg00937359,phenotype_signature_C1_vs_rest,0.17378432556842444,7.794786633638679e-4,1,-0.05710113564255562,SYNCRIP,6,85640822
cg16087946,phenotype_signature_C1_vs_rest,0.1740362465454073,7.80810005481147e-4,1,-0.04245508147324367,NA,12,66694521
cg00363007,phenotype_signature_C1_vs_rest,0.1742127816324643,7.818083469721593e-4,1,-0.03604952990146877,ABI3BP,3,100870032
cg23379470,phenotype_signature_C1_vs_rest,0.1742127816324643,7.820052258773097e-4,1,-0.05518124252511412,LOC101928738,17,77892503
cg13531735,phenotype_signature_C1_vs_rest,0.17429046963706435,7.826212128907602e-4,1,-0.03334524492943724,NA,3,42881624
cg02316660,phenotype_signature_C1_vs_rest,0.17429046963706435,7.827573304944578e-4,1,-0.06711317200311838,NA,3,182389480
cg24601835,phenotype_signature_C1_vs_rest,0.17431038832260912,7.831195739304021e-4,1,-0.0115768802426556,NAP1L4,11,2993249
cg15338967,phenotype_signature_C1_vs_rest,0.17431038832260912,7.832502127596664e-4,1,-0.06180680388062086,NA,13,48601190
cg20331137,phenotype_signature_C1_vs_rest,0.1744130663620167,7.839134200349855e-4,1,-0.01260301417831189,COX17,3,119678098
cg01355027,phenotype_signature_C1_vs_rest,0.17447430893819388,7.846390209376374e-4,1,-0.04189468494144641,KHDRBS3,8,135647035
cg11789934,phenotype_signature_C1_vs_rest,0.17447430893819388,7.849208931037883e-4,1,-0.02563946824599829,NA,8,17707198
cg07456972,phenotype_signature_C1_vs_rest,0.17447430893819388,7.853487092169452e-4,1,-0.05551736290822306,TBC1D1,4,38109189
cg08836521,phenotype_signature_C1_vs_rest,0.17447430893819388,7.855231750328264e-4,1,0.00606576925458629,DUT,15,48332120
cg03782508,phenotype_signature_C1_vs_rest,0.17447430893819388,7.858352041088693e-4,1,-0.00819019299215707,MAPKAPK3,3,50646308
cg24335618,phenotype_signature_C1_vs_rest,0.17447430893819388,7.860895068747326e-4,1,-0.0271535554205652,GLTSCR1,19,47666028
cg26944492,phenotype_signature_C1_vs_rest,0.17447430893819388,7.86105956009326e-4,1,-0.03794240508960538,NA,10,88040008
cg08771353,phenotype_signature_C1_vs_rest,0.17447430893819388,7.862524818250934e-4,1,-0.01877402304168055,ATXN1,6,16713881
cg25602543,phenotype_signature_C1_vs_rest,0.17447430893819388,7.864560761131005e-4,1,-0.0135425337644698,ZSWIM3,20,45878894
cg19873117,phenotype_signature_C1_vs_rest,0.17447430893819388,7.865500375978949e-4,1,-0.04494062772455043,ADAM12,10,126146983
cg13752562,phenotype_signature_C1_vs_rest,0.17447430893819388,7.865939060024461e-4,1,-0.01865869675400658,NA,9,26668088
cg26277606,phenotype_signature_C1_vs_rest,0.17447430893819388,7.866115077245708e-4,1,-0.07329366227408622,ACVR1B,12,51953400
cg20805920,phenotype_signature_C1_vs_rest,0.17451342658357163,7.870242208640493e-4,1,-0.02537962854882881,DFFA,1,10473696
cg06566681,phenotype_signature_C1_vs_rest,0.17451342658357163,7.871917635123938e-4,1,-0.01577414639558914,ZBED5-AS1,11,10867312
cg16918625,phenotype_signature_C1_vs_rest,0.1746116728201346,7.878579513443393e-4,1,0.0620274458983901,TGFBR2,3,30614482
cg22162097,phenotype_signature_C1_vs_rest,0.1746116728201346,7.880390533129877e-4,1,-0.0242908710082033,NA,1,93965502
cg27237288,phenotype_signature_C2_vs_rest,0.17469361935895406,9.159267414230406e-6,1,-0.1348676807198161,LOC101927460,5,125560529
cg18742871,phenotype_signature_C2_vs_rest,0.17469361935895406,9.299181730195484e-6,1,0.05616705318627584,MGST1,12,16500266
cg01900115,phenotype_signature_C1_vs_rest,0.17470892769896124,7.890094895389955e-4,1,-0.0645388421962514,NA,2,64939468
cg07963705,phenotype_signature_C1_vs_rest,0.17470892769896124,7.890378594286882e-4,1,-0.03794726695860965,ITGB1,10,32923937
cg15532312,phenotype_signature_C1_vs_rest,0.17470892769896124,7.890844953307354e-4,1,-0.0470281489016658,NA,20,34018983
cg10441013,phenotype_signature_C1_vs_rest,0.17485032885261512,7.899254805180216e-4,1,0.00836362692055578,KCNJ10,1,160039990
cg07641323,phenotype_signature_C1_vs_rest,0.1748621910465438,7.901814218294392e-4,1,-0.01897268086792756,CHST11,12,104596777
cg05658730,phenotype_signature_C1_vs_rest,0.17497355687152463,7.910838579367654e-4,1,-0.0543940354518279,CAB39,2,230714842
cg16616599,phenotype_signature_C1_vs_rest,0.17497355687152463,7.910896308717062e-4,1,-0.04818063619578845,DERA,12,15914489
cg08229967,phenotype_signature_C1_vs_rest,0.1749836349259807,7.914172995179942e-4,1,-0.022637673561632,NA,2,68907484
cg07935966,phenotype_signature_C1_vs_rest,0.1749836349259807,7.915401791879884e-4,1,-0.01790775042272422,CRIM1,2,36512285
cg26941823,phenotype_signature_C1_vs_rest,0.17517800096740602,7.927498743965217e-4,1,-0.04944460531920461,STK10,5,172142239
cg17586685,phenotype_signature_C1_vs_rest,0.17517800096740602,7.928248291776504e-4,1,-0.04274120007911065,NA,1,87275012
cg13762977,phenotype_signature_C1_vs_rest,0.17519409767706098,7.931004153351061e-4,1,-0.00664251879645295,NA,6,3879920
cg01212384,phenotype_signature_C1_vs_rest,0.17523640172971994,7.935643329955817e-4,1,-0.02462762066119086,CARKD,13,110627596
cg09374015,phenotype_signature_C1_vs_rest,0.17523640172971994,7.938060459361472e-4,1,-0.07800257826091667,TNIK,3,171374957
cg01866707,phenotype_signature_C1_vs_rest,0.17523640172971994,7.939002776963469e-4,1,-0.01047956977119094,NA,18,48336357
cg12735333,phenotype_signature_C1_vs_rest,0.17530565556878322,7.944168933328339e-4,1,-0.02801963079763733,PIAS1,15,68058210
cg15863841,phenotype_signature_C1_vs_rest,0.17534312359248627,7.947895915438125e-4,1,-0.02937710768391756,PLD1,3,171712383
cg20633308,phenotype_signature_C1_vs_rest,0.17539405433176924,7.953415042368576e-4,1,-0.05525312930679434,C6orf222,6,36335238
cg00781495,phenotype_signature_C1_vs_rest,0.17539405433176924,7.954263820788514e-4,1,0.06609217468031682,NA,8,28269391
cg03246849,phenotype_signature_C1_vs_rest,0.17541029773296965,7.957099516890934e-4,1,-0.04905535101345703,NA,6,35520650
cg17552357,phenotype_signature_C1_vs_rest,0.17541029773296965,7.960263645054928e-4,1,-0.01196364239581582,NA,17,78936250
cg04692235,phenotype_signature_C1_vs_rest,0.17541029773296965,7.96228129154092e-4,1,-0.06645598631778146,THRA,17,40073280
cg23560891,phenotype_signature_C1_vs_rest,0.17541029773296965,7.96519026944217e-4,1,-0.03555059751214197,KCTD10,12,109459429
cg17918676,phenotype_signature_C1_vs_rest,0.17541029773296965,7.96966599868141e-4,1,-0.0061573835461659,NA,3,177470070
cg07117087,phenotype_signature_C1_vs_rest,0.17541029773296965,7.971474655625189e-4,1,-0.0080129666088693,NA,16,85503730
cg12491257,phenotype_signature_C1_vs_rest,0.17541029773296965,7.971792584303257e-4,1,-0.02259056068152283,PIP4K2A,10,22621085
cg19952163,phenotype_signature_C1_vs_rest,0.17541029773296965,7.972840716007102e-4,1,-0.05891934520644502,NA,7,113142385
cg06831408,phenotype_signature_C1_vs_rest,0.17541029773296965,7.974023842137244e-4,1,-0.01240990798742858,MGMT,10,129528674
cg05280715,phenotype_signature_C1_vs_rest,0.17541029773296965,7.976866590623951e-4,1,-0.01905921040005002,MRPL42,12,93500617
cg16984485,phenotype_signature_C1_vs_rest,0.17541029773296965,7.977328873746409e-4,1,-0.02609965170665267,CRBN,3,3176432
cg08456420,phenotype_signature_C1_vs_rest,0.17542616160455538,7.981588125094575e-4,1,0.06271947833469574,MACF1,1,39104503
cg19588863,phenotype_signature_C1_vs_rest,0.17542616160455538,7.984557497004526e-4,1,-0.02514204772987586,DEDD,1,161124269
cg04251731,phenotype_signature_C1_vs_rest,0.17542616160455538,7.987347223612353e-4,1,-0.0089435533578461,NA,15,45372001
cg08665249,phenotype_signature_C1_vs_rest,0.17542616160455538,7.987589518295201e-4,1,-0.01840904171394153,ZC3H18,16,88613511
cg10959498,phenotype_signature_C1_vs_rest,0.17542616160455538,7.988200523911597e-4,1,-0.02619633836426315,JMJD1C,10,63241049
cg16178832,phenotype_signature_C1_vs_rest,0.17543541322514128,7.990651950746582e-4,1,-0.00747641097798596,ADGRB1,8,142542300
cg01586609,phenotype_signature_C1_vs_rest,0.17543992066787523,7.99455764727753e-4,1,0.07500718865852242,HTR3A,11,113976215
cg14475859,phenotype_signature_C1_vs_rest,0.17543992066787523,7.99544457520093e-4,1,-0.01035310596495695,GFI1B,9,132988183
cg04366765,phenotype_signature_C1_vs_rest,0.17543992066787523,7.996947846105321e-4,1,-0.05749584914575158,NA,10,111176063
cg17207756,phenotype_signature_C1_vs_rest,0.17557417182799373,8.005343914378006e-4,1,-0.05659668225731136,PIK3R6,17,8865043
cg27096330,phenotype_signature_C1_vs_rest,0.17557417182799373,8.007130819278591e-4,1,-0.0129056051262301,DTX2,7,76107533
cg24106568,phenotype_signature_C1_vs_rest,0.1756633513523266,8.013400135414268e-4,1,-0.03625268123221226,STT3A,11,125594755
cg26391876,phenotype_signature_C1_vs_rest,0.1756633513523266,8.015263453445966e-4,1,-0.04226630863757034,NA,22,41968768
cg10835823,phenotype_signature_C1_vs_rest,0.17567539516230238,8.020338059532748e-4,1,-0.00930138010293145,C5orf58,5,170232759
cg08287334,phenotype_signature_C1_vs_rest,0.17567539516230238,8.02248716459669e-4,1,-0.0503523687523542,KLF16,19,1854634
cg01086527,phenotype_signature_C1_vs_rest,0.17567539516230238,8.026632201061449e-4,1,-0.04951822125952615,NA,10,117408284
cg26872224,phenotype_signature_C1_vs_rest,0.17567539516230238,8.029321105184793e-4,1,-0.04811782133343672,NA,12,109131375
cg09004584,phenotype_signature_C1_vs_rest,0.17567539516230238,8.029616054799365e-4,1,-0.00701828667725899,BTN2A3P,6,26423539
cg25554340,phenotype_signature_C1_vs_rest,0.17567539516230238,8.031560768231034e-4,1,-0.03238060854119198,BAHCC1,17,81433874
cg10364615,phenotype_signature_C1_vs_rest,0.17567539516230238,8.035890424942262e-4,1,-0.01216708415786348,GRK4,4,3034407
cg22128527,phenotype_signature_C1_vs_rest,0.17567539516230238,8.036916767374652e-4,1,-0.09795341409278328,NA,1,39045327
cg17662710,phenotype_signature_C1_vs_rest,0.17567539516230238,8.038839816399296e-4,1,-0.02827048992524038,ADAMDEC1,8,24404119
cg11012487,phenotype_signature_C1_vs_rest,0.17567539516230238,8.039136535512603e-4,1,-0.07007562895305404,SREBF2,22,41844671
cg12582330,phenotype_signature_C1_vs_rest,0.17567539516230238,8.039305991458992e-4,1,-0.0368810789781341,NA,1,2541785
cg09788778,phenotype_signature_C1_vs_rest,0.17567539516230238,8.04143303307112e-4,1,-0.04348266464923003,ZBTB12,6,31867822
cg21446782,phenotype_signature_C1_vs_rest,0.17567539516230238,8.042240986100458e-4,1,-0.06987194902036713,CPSF4L,17,73262007
cg02833108,phenotype_signature_C1_vs_rest,0.17572143358012407,8.046382033213498e-4,1,-0.01075501819992415,TAF4B,18,26225749
cg02468625,phenotype_signature_C1_vs_rest,0.17587809088123357,8.055590726028783e-4,1,-0.01581809156008791,PHTF2,7,77894598
cg16641029,phenotype_signature_C1_vs_rest,0.17602709034381298,8.06445221061984e-4,1,0.0837085137345213,TNS3,7,47520772
cg04834204,phenotype_signature_C1_vs_rest,0.1761494842948859,8.073467851239738e-4,1,0.06431967343798235,ANTXR1,2,69196421
cg23376012,phenotype_signature_C1_vs_rest,0.1761494842948859,8.074252873778376e-4,1,-0.05782152989610071,TINF2,14,24241876
cg14496081,phenotype_signature_C1_vs_rest,0.1761494842948859,8.076174756019055e-4,1,-0.05485919251817894,NA,22,50546393
cg10283551,phenotype_signature_C1_vs_rest,0.17624634886733573,8.082655372680402e-4,1,-0.03882913345636229,TCF12,15,57282511
cg07970948,phenotype_signature_C1_vs_rest,0.17631317886334483,8.08776049831857e-4,1,-0.09792603006452204,ZNF862,7,149846076
cg18096372,phenotype_signature_C1_vs_rest,0.17653003467775857,8.101785503050193e-4,1,0.03252862288582559,LOC101929596,2,38484559
cg14259466,phenotype_signature_C1_vs_rest,0.17653003467775857,8.101793637369241e-4,1,-0.03341538569584877,ADAM8,10,133277493
cg13569285,phenotype_signature_C1_vs_rest,0.17655518297656073,8.104990914422652e-4,1,-0.06138338476630483,NA,15,90840931
cg13836802,phenotype_signature_C1_vs_rest,0.17671585005333304,8.116120077991065e-4,1,-0.03425020010127212,NA,9,16337712
cg05676204,phenotype_signature_C1_vs_rest,0.17671585005333304,8.116456466705844e-4,1,-0.04398339551886546,MBNL2,13,97276247
cg08310519,phenotype_signature_C1_vs_rest,0.17674569591084557,8.119872577579602e-4,1,-0.04075750793923553,ME3,11,86594157
cg12699728,phenotype_signature_C1_vs_rest,0.17690234732118923,8.130752929707968e-4,1,-0.03440010540544961,SHF,15,45169438
cg19199616,phenotype_signature_C1_vs_rest,0.17690234732118923,8.131163540207783e-4,1,-0.03633763324346436,NA,14,93130757
cg02133716,phenotype_signature_C1_vs_rest,0.1769066053169747,8.133406425308747e-4,1,-0.03711226765462475,PVT1,8,127969376
cg02210147,phenotype_signature_C1_vs_rest,0.1772861455565491,8.152907618587078e-4,1,-0.05361544452890238,THUMPD1,16,20746306
cg06041067,phenotype_signature_C1_vs_rest,0.17731407339621866,8.156243829210246e-4,1,-0.00533534849456182,PTPRN2,7,158067671
cg26396815,phenotype_signature_C1_vs_rest,0.1773448003195932,8.159709473225805e-4,1,-0.04339828275416902,BANK1,4,101956975
cg07584087,phenotype_signature_C1_vs_rest,0.1774077064195292,8.164656778326816e-4,1,-0.00710357796968129,MGAT4B,5,179800268
cg08942527,phenotype_signature_C1_vs_rest,0.17742318176883712,8.167555924113586e-4,1,-0.047607745804679,EFNA5,5,107466244
cg15792125,phenotype_signature_C1_vs_rest,0.17742318176883712,8.172833258697701e-4,1,-0.02163863724976087,NA,14,22457875
cg24988814,phenotype_signature_C1_vs_rest,0.17742318176883712,8.17489150331127e-4,1,-0.01872059374861648,NA,16,4749884
cg27640064,phenotype_signature_C1_vs_rest,0.17742318176883712,8.175765534616847e-4,1,0.06867689118672353,FOXK1,7,4752983
cg20873036,phenotype_signature_C1_vs_rest,0.17742318176883712,8.176616586281409e-4,1,-0.02313225880582733,GEFT,12,57613307
cg10805265,phenotype_signature_C1_vs_rest,0.17742318176883712,8.177687871870669e-4,1,-0.0396440956332273,MAPKAP1,9,125647734
cg24210959,phenotype_signature_C1_vs_rest,0.17757859747528928,8.188479605113132e-4,1,-0.05276703686612045,TRAPPC3,1,36143482
cg18672759,phenotype_signature_C1_vs_rest,0.17757859747528928,8.18896109641623e-4,1,-0.02080276775279572,MIR4757,2,19346943
cg10123514,phenotype_signature_C1_vs_rest,0.17759213255692569,8.19164036387008e-4,1,0.0650707783765352,HLA-DMB,6,32904061
cg21422742,phenotype_signature_C1_vs_rest,0.17769161050263108,8.199166537725262e-4,1,-0.01632870638945616,OVOL2,20,18024370
cg25484418,phenotype_signature_C1_vs_rest,0.17769161050263108,8.200341406193502e-4,1,-0.02923995355999893,ARHGAP15,2,143141957
cg19968199,phenotype_signature_C1_vs_rest,0.17770309851472846,8.203069302808943e-4,1,-0.04050180968154272,DYRK2,12,67662388
cg08716217,phenotype_signature_C1_vs_rest,0.17770309851472846,8.206603129831885e-4,1,-0.00500032133919083,LOC115110,1,2552280
cg06438159,phenotype_signature_C1_vs_rest,0.17770309851472846,8.207040730939479e-4,1,-0.03341419181325458,NA,6,42554623
cg09967176,phenotype_signature_C1_vs_rest,0.17775754942996472,8.211612509424489e-4,1,0.06134622930637022,NA,15,77280925
cg24971998,phenotype_signature_C1_vs_rest,0.17788272604854904,8.219453581220159e-4,1,-0.01512546041574903,DNAJC30,7,73682243
cg05555563,phenotype_signature_C1_vs_rest,0.1779424622297496,8.225733856656024e-4,1,-0.04314903374439812,ELOVL6,4,110128696
cg11815910,phenotype_signature_C1_vs_rest,0.1779424622297496,8.226332133789537e-4,1,-0.02178063202922155,RNASET2,6,166953338
cg25111284,phenotype_signature_C1_vs_rest,0.17799561003911307,8.230848944587247e-4,1,-0.03114779803713945,LRIG1,3,66453946
cg02999224,phenotype_signature_C1_vs_rest,0.178006541530255,8.233414335631108e-4,1,0.07871086201957544,SLC7A7,14,22815350
cg02004365,phenotype_signature_C2_vs_rest,0.17808636983803044,9.685864734893205e-6,1,0.05003024471045494,LOC200772,2,240968635
cg10655575,phenotype_signature_C1_vs_rest,0.17817473242331783,8.243255587309e-4,1,-0.03417410036374387,NA,3,5021776
cg16177693,phenotype_signature_C1_vs_rest,0.1781789784751815,8.254034799739665e-4,1,-0.0681643034977968,NR0B2,1,26914178
cg10627436,phenotype_signature_C1_vs_rest,0.1781789784751815,8.254557599789499e-4,1,-0.05164562258501355,NA,14,101957817
cg06276459,phenotype_signature_C1_vs_rest,0.1781789784751815,8.255347368026402e-4,1,-0.01568537104970965,NA,1,224781027
cg21033943,phenotype_signature_C1_vs_rest,0.1781789784751815,8.255669166145458e-4,1,-0.04144487651554716,CMIP,16,81469397
cg00684915,phenotype_signature_C1_vs_rest,0.1781789784751815,8.256637071670334e-4,1,-0.01862736474542995,NA,14,51775537
cg02666660,phenotype_signature_C1_vs_rest,0.1781789784751815,8.25721493998562e-4,1,-0.04548178004875572,ESR1,6,151764992
cg05659395,phenotype_signature_C1_vs_rest,0.1781789784751815,8.258234211697625e-4,1,-0.01294398725285782,NA,4,8175500
cg19969040,phenotype_signature_C1_vs_rest,0.1781789784751815,8.261918902415569e-4,1,-0.01840980849633954,COQ10A,12,56270240
cg06976575,phenotype_signature_C1_vs_rest,0.1781789784751815,8.262387128099316e-4,1,-0.02051017421628489,NA,12,64534982
cg13795660,phenotype_signature_C1_vs_rest,0.1781789784751815,8.264070970483518e-4,1,-0.01879545948542243,ACTN4,19,38680589
cg18911972,phenotype_signature_C1_vs_rest,0.17836621817786807,8.274819345150773e-4,1,-0.04598165853440154,CPSF4L,17,73262897
cg12346637,phenotype_signature_C1_vs_rest,0.17845067822448316,8.28118405086164e-4,1,-0.00893688618873769,CHD2,15,93020883
cg06167953,phenotype_signature_C1_vs_rest,0.17845067822448316,8.284737349831648e-4,1,-0.01544489714728177,ME3,11,86459516
cg18767514,phenotype_signature_C1_vs_rest,0.17845067822448316,8.286757898743368e-4,1,-0.01574939619924982,CDKAL1,6,21163584
cg00570498,phenotype_signature_C1_vs_rest,0.17845067822448316,8.288066796744056e-4,1,-0.05457149438597655,CYFIP2,5,157267843
cg03212272,phenotype_signature_C1_vs_rest,0.17845067822448316,8.289062831458763e-4,1,0.00400066653384904,NA,17,39056879
cg21104363,phenotype_signature_C1_vs_rest,0.1784598929042358,8.291555999529097e-4,1,-0.06203046417512063,VKORC1L1,7,65954261
cg14750215,phenotype_signature_C1_vs_rest,0.17854588538228744,8.297617498950027e-4,1,-0.03298151496357516,ACBD4,17,43218792
cg20208394,phenotype_signature_C1_vs_rest,0.17862637166795794,8.303425033908237e-4,1,-0.00838390062771161,TADA2B,4,7050698
cg02763813,phenotype_signature_C1_vs_rest,0.1786554744415975,8.307357842793686e-4,1,-0.08918464413327833,CRTAM,11,122843423
cg08527307,phenotype_signature_C1_vs_rest,0.1786554744415975,8.312983106690637e-4,1,-0.00975748691607333,ADORA3,1,111503279
cg07787583,phenotype_signature_C1_vs_rest,0.1786554744415975,8.313314776976344e-4,1,-0.0117801798468749,RSRC1,3,158508741
cg19686029,phenotype_signature_C1_vs_rest,0.1786554744415975,8.315949217455998e-4,1,-0.03977328415830257,ADORA3,1,112045886
cg05068615,phenotype_signature_C1_vs_rest,0.1786554744415975,8.320554347687504e-4,1,-0.05539478272931909,NA,11,1503992
cg25547933,phenotype_signature_C1_vs_rest,0.1786554744415975,8.321750879444393e-4,1,-0.01834277967989748,AK7,14,96446529
cg07199562,phenotype_signature_C1_vs_rest,0.1786554744415975,8.322081034843967e-4,1,-0.06831530792137011,RAF1,3,12607289
cg08340042,phenotype_signature_C1_vs_rest,0.1786554744415975,8.322125767280404e-4,1,-0.00930684602235619,NA,5,33240686
cg06069019,phenotype_signature_C1_vs_rest,0.1786554744415975,8.323384544638807e-4,1,-0.02463260834615677,STAU2,8,73702812
cg25203361,phenotype_signature_C1_vs_rest,0.1787525207121951,8.331345214037194e-4,1,-0.07761962013221108,PPM1L,3,160869949
cg17386934,phenotype_signature_C1_vs_rest,0.1787525207121951,8.334001886969363e-4,1,-0.05132180658836959,NA,7,75719333
cg15470079,phenotype_signature_C1_vs_rest,0.1787525207121951,8.335955640218054e-4,1,-0.00590137624242739,CARS,11,3040852
cg18200075,phenotype_signature_C1_vs_rest,0.1787525207121951,8.33617995989301e-4,1,-0.01628374757878593,NA,1,161736503
cg17758888,phenotype_signature_C1_vs_rest,0.17877679560739476,8.339380839174222e-4,1,-0.04256814572482076,MAP3K7CL,21,29131154
cg15069289,phenotype_signature_C1_vs_rest,0.17891672108337775,8.349377099677377e-4,1,-0.05277213986209935,LINC00426,13,30365499
cg25526519,phenotype_signature_C1_vs_rest,0.17891672108337775,8.350048789209103e-4,1,-0.0367850635334617,RCCD1,15,90956139
cg00877683,phenotype_signature_C1_vs_rest,0.1789922640149373,8.355645685437945e-4,1,-0.04294986768951327,PAXBP1,21,32756969
cg22186488,phenotype_signature_C1_vs_rest,0.17907326662224657,8.363591409414747e-4,1,-0.02884272045677929,IP6K2,3,48714980
cg14963970,phenotype_signature_C1_vs_rest,0.17907326662224657,8.365942357581247e-4,1,-0.05855729555692549,DEPDC1B,5,60685075
cg11791710,phenotype_signature_C1_vs_rest,0.17907326662224657,8.366923573609371e-4,1,-0.04013374405869122,DOCK1,10,127374271
cg04775890,phenotype_signature_C1_vs_rest,0.17907326662224657,8.37266213604212e-4,1,-0.03128915123811233,GATAD2A,19,19475237
cg26190386,phenotype_signature_C1_vs_rest,0.17907326662224657,8.37388494220565e-4,1,-0.01527794499901298,NA,6,31027201
cg23847148,phenotype_signature_C1_vs_rest,0.17907326662224657,8.376990593983606e-4,1,-0.01749628006974973,NA,11,30741432
cg01177851,phenotype_signature_C1_vs_rest,0.17907326662224657,8.379006519758608e-4,1,-0.02897139029285949,DAAM1,14,59336882
cg11361442,phenotype_signature_C1_vs_rest,0.17907326662224657,8.383475937256369e-4,1,-0.0382507253308177,TPCN2,11,69073556
cg23215558,phenotype_signature_C1_vs_rest,0.17907326662224657,8.384511643489053e-4,1,-0.03792623733491956,SEC63,6,107952882
cg00591068,phenotype_signature_C1_vs_rest,0.17907326662224657,8.384751006320623e-4,1,-0.0215131082048543,NA,15,89080628
cg23584468,phenotype_signature_C1_vs_rest,0.17907326662224657,8.385620070464696e-4,1,-0.03206463795922681,NA,11,47396229
cg05888648,phenotype_signature_C1_vs_rest,0.17907326662224657,8.385989517467329e-4,1,-0.05594512014634471,ORAI1,12,121632686
cg04631994,phenotype_signature_C1_vs_rest,0.17907326662224657,8.387466725577219e-4,1,-0.03873324890314826,THSD4,15,71448494
cg01595413,phenotype_signature_C1_vs_rest,0.17907326662224657,8.388438414617498e-4,1,-0.03565377767617544,ADORA2A-AS1,22,24465812
cg04569594,phenotype_signature_C1_vs_rest,0.17908053267515023,8.390851109546507e-4,1,-0.0385577131517798,SNX4,3,125462862
cg00267142,phenotype_signature_C1_vs_rest,0.17912413375561184,8.395639322680168e-4,1,-0.04723679103896003,RPS6KA2,6,166691113
cg02489219,phenotype_signature_C1_vs_rest,0.17912413375561184,8.397723482517978e-4,1,-0.02324135611492075,C2orf66,2,196811548
cg24553597,phenotype_signature_C1_vs_rest,0.17912413375561184,8.401113582574398e-4,1,-0.01663545573416258,ARFGAP1,20,63287594
cg21135086,phenotype_signature_C1_vs_rest,0.17912413375561184,8.402371144941366e-4,1,-0.00672207420913232,SH3RF3,2,109161506
cg01499531,phenotype_signature_C1_vs_rest,0.17912413375561184,8.404993522053266e-4,1,-0.07634130832709453,CLNK,4,10657168
cg06045838,phenotype_signature_C1_vs_rest,0.17912413375561184,8.405331034112124e-4,1,-0.04076804778704005,TNFAIP1,17,28343969
cg12358068,phenotype_signature_C1_vs_rest,0.1791414817685349,8.410026006909194e-4,1,-0.0345833999232587,LOC101060091,2,113832332
cg02902955,phenotype_signature_C1_vs_rest,0.1791414817685349,8.41029114710081e-4,1,-0.01352268536069763,MS4A6A,11,60184633
cg21301505,phenotype_signature_C1_vs_rest,0.17916297813359366,8.413373634107461e-4,1,0.05627961287031394,SLAMF8,1,159796629
cg20282837,phenotype_signature_C1_vs_rest,0.17918382662179763,8.420384072942873e-4,1,-0.04257876156054877,NA,10,3466187
cg21848746,phenotype_signature_C1_vs_rest,0.17918382662179763,8.421131482405114e-4,1,0.07187042401213058,CD209,19,7747682
cg05717394,phenotype_signature_C1_vs_rest,0.17918382662179763,8.422299771046985e-4,1,-0.03321179604968659,HIF1AN,10,100551737
cg18460295,phenotype_signature_C1_vs_rest,0.17918382662179763,8.422719028735623e-4,1,-0.01965728962230336,NA,5,141941537
cg00084340,phenotype_signature_C1_vs_rest,0.17918382662179763,8.424720275650161e-4,1,-0.03374744578504038,NA,15,70378314
cg11423094,phenotype_signature_C1_vs_rest,0.179192583091329,8.427205603680382e-4,1,-0.02418956820984053,AAR2,20,36235169
cg13899534,phenotype_signature_C1_vs_rest,0.17927560763164394,8.436357170323141e-4,1,-0.06674249567855949,NA,14,76959487
cg26838560,phenotype_signature_C1_vs_rest,0.17927560763164394,8.436430749100424e-4,1,-0.06374536142253862,SLC29A1,6,44225875
cg11428515,phenotype_signature_C1_vs_rest,0.17927560763164394,8.438749310701087e-4,1,0.06431017606473241,NA,3,46301402
cg23541808,phenotype_signature_C1_vs_rest,0.17927560763164394,8.439408481905122e-4,1,-0.07410496884487039,DLGAP1,18,3541381
cg13443110,phenotype_signature_C1_vs_rest,0.17945081567057028,8.449733021083681e-4,1,-0.0386590586945111,NA,9,36424310
cg27638913,phenotype_signature_C1_vs_rest,0.1795636090165183,8.457121995866809e-4,1,-0.02498655358334161,OSBPL1A,18,24269448
cg14924866,phenotype_signature_C1_vs_rest,0.1795660509058899,8.459314949660219e-4,1,-0.06942436267367467,TNIK,3,171192808
cg02235429,phenotype_signature_C1_vs_rest,0.17962868173362476,8.464344143383571e-4,1,-0.02488159831548016,GCNT2,6,10618340
cg00142402,phenotype_signature_C1_vs_rest,0.17963526643260289,8.466733169396028e-4,1,-0.06853696358356336,NA,17,77960108
cg18748036,phenotype_signature_C1_vs_rest,0.1796490726484117,8.471066967403401e-4,1,-0.01826880307677994,CDC42SE2,5,131306310
cg03553964,phenotype_signature_C1_vs_rest,0.1796490726484117,8.471541708429508e-4,1,-0.0222856731286665,ADAM8,10,133268606
cg08243259,phenotype_signature_C1_vs_rest,0.1798066447451647,8.481052916400023e-4,1,0.1290978598513619,TLN2,15,62951029
cg23615201,phenotype_signature_C1_vs_rest,0.17981286488450016,8.483427106968533e-4,1,-0.02689756704440322,NA,6,41499505
cg15099667,phenotype_signature_C1_vs_rest,0.17988126299267282,8.488735667846858e-4,1,0.00404548906979084,PNKD,2,218269976
cg02992645,phenotype_signature_C1_vs_rest,0.17990543755247793,8.491958356591867e-4,1,-0.00851478088738449,OVGP1,1,111428303
cg09192412,phenotype_signature_C1_vs_rest,0.1799095537154927,8.494234569372172e-4,1,-0.03839780561467774,CASP6,4,110621006
cg11253148,phenotype_signature_C1_vs_rest,0.17998438599947508,8.500537452274497e-4,1,-0.07952619074512766,NA,11,104669419
cg26831409,phenotype_signature_C1_vs_rest,0.17998438599947508,8.502978522384033e-4,1,-0.05422927435622184,MIDN,19,1257078
cg15241708,phenotype_signature_C1_vs_rest,0.17998438599947508,8.5040160531464e-4,1,-0.01651239953458982,CNOT6,5,180493582
cg27322173,phenotype_signature_C1_vs_rest,0.18001473506733773,8.509722927559409e-4,1,-0.05014128795696929,NA,2,65640482
cg08505222,phenotype_signature_C1_vs_rest,0.18001473506733773,8.510993853226171e-4,1,-0.01036722252364409,SHANK3,22,50700849
cg25262464,phenotype_signature_C1_vs_rest,0.18001473506733773,8.512600142221356e-4,1,-0.037247236529362,GLRX5,14,95540617
cg11339907,phenotype_signature_C1_vs_rest,0.18001473506733773,8.515449089557639e-4,1,-0.02870856677991016,BCL11B,14,99213364
cg14080297,phenotype_signature_C1_vs_rest,0.18001473506733773,8.516622451852476e-4,1,-0.03471143086383522,PLEKHA5,12,19200467
cg26345312,phenotype_signature_C1_vs_rest,0.18001473506733773,8.518615090685605e-4,1,-0.04425491147960653,NA,12,54544637
cg04557294,phenotype_signature_C1_vs_rest,0.18001473506733773,8.520031966892529e-4,1,-0.03845614319670337,KIAA0247,14,69652537
cg24946791,phenotype_signature_C1_vs_rest,0.18025585524096527,8.536682843680099e-4,1,-0.03856893354339229,SHBG,17,7631619
cg13373935,phenotype_signature_C1_vs_rest,0.18025585524096527,8.539169425277337e-4,1,-0.04578329863316911,NA,15,45274624
cg21533216,phenotype_signature_C1_vs_rest,0.18025585524096527,8.539595182752092e-4,1,-0.02732536927541725,NA,4,88520981
cg24996440,phenotype_signature_C1_vs_rest,0.18025585524096527,8.539787807660132e-4,1,-0.04384795857835386,NA,2,3535980
cg22155349,phenotype_signature_C1_vs_rest,0.180390979364853,8.552279163183548e-4,1,-0.02732162375326091,SP110,2,230178359
cg04721651,phenotype_signature_C1_vs_rest,0.180390979364853,8.554413406849849e-4,1,-0.05408239782517285,MGLL,3,127824204
cg01200145,phenotype_signature_C1_vs_rest,0.180390979364853,8.55509302249212e-4,1,-0.05195795967689973,NA,1,151846124
cg10857004,phenotype_signature_C1_vs_rest,0.180390979364853,8.558021750130043e-4,1,-0.04487445887503773,NA,12,11609231
cg01272944,phenotype_signature_C1_vs_rest,0.180390979364853,8.558342114812788e-4,1,-0.03835282092364146,SYTL3,6,158664066
cg16386036,phenotype_signature_C1_vs_rest,0.180390979364853,8.563567996959253e-4,1,-0.03131114244816362,CEP19,3,196711071
cg20966270,phenotype_signature_C1_vs_rest,0.180390979364853,8.565400772329809e-4,1,-0.05843202536540821,NA,1,110209425
cg05133424,phenotype_signature_C1_vs_rest,0.180390979364853,8.565571974705814e-4,1,-0.0189802331937938,TAF3,10,7820833
cg09141713,phenotype_signature_C1_vs_rest,0.180390979364853,8.567104926211771e-4,1,-0.04943805370947583,NA,9,94666699
cg25595914,phenotype_signature_C1_vs_rest,0.180390979364853,8.567341815274076e-4,1,-0.01547617224785994,LRTOMT,11,72088316
cg00767429,phenotype_signature_C1_vs_rest,0.180390979364853,8.569438615438307e-4,1,-0.00816297917635093,PAQR3,4,78927788
cg09626634,phenotype_signature_C1_vs_rest,0.180390979364853,8.571239333729324e-4,1,-0.05925571449271842,GPR183,13,99960369
cg08445469,phenotype_signature_C1_vs_rest,0.1804396109613195,8.575638107857635e-4,1,0.0425971452561555,ATF7,12,53970794
cg13799263,phenotype_signature_C1_vs_rest,0.18049489216566164,8.580354116133943e-4,1,-0.02622087257791334,SGMS1,10,50502863
cg09127540,phenotype_signature_C1_vs_rest,0.18051027859264057,8.584777782575599e-4,1,0.03358504176019981,PTPRN2,7,157671453
cg24327127,phenotype_signature_C1_vs_rest,0.18051027859264057,8.588417550184939e-4,1,-0.05874735327561547,ZFAND3,6,37983933
cg15009750,phenotype_signature_C1_vs_rest,0.18051027859264057,8.588814278114558e-4,1,0.04906873989244483,NA,19,35317799
cg26503179,phenotype_signature_C1_vs_rest,0.18051027859264057,8.590105910787882e-4,1,0.07491789896933988,NA,11,59223724
cg14041256,phenotype_signature_C1_vs_rest,0.18051027859264057,8.594911947697203e-4,1,-0.03736227750826403,HNRNPM,19,8480983
cg06863289,phenotype_signature_C1_vs_rest,0.18051027859264057,8.595136932437505e-4,1,-0.03655058682977132,NA,14,75310428
cg19458452,phenotype_signature_C1_vs_rest,0.18051027859264057,8.595707658012894e-4,1,-0.00831411641831616,ARID1B,6,157109114
cg16452231,phenotype_signature_C1_vs_rest,0.18059318698211843,8.60174549869004e-4,1,-0.03940835255373116,RANBP1,22,20118722
cg22568153,phenotype_signature_C1_vs_rest,0.18059863027202447,8.604094659619196e-4,1,-0.05243365750340696,NPHP1,2,110206268
cg10933457,phenotype_signature_C1_vs_rest,0.18071768673201524,8.616188041582581e-4,1,-0.00989580231866346,NA,2,122745791
cg15819249,phenotype_signature_C1_vs_rest,0.18071768673201524,8.616517340084524e-4,1,-0.01544352117440318,NA,15,93128963
cg23153546,phenotype_signature_C1_vs_rest,0.18071768673201524,8.616811793228051e-4,1,-0.02981596900670412,EEFSEC,3,128167906
cg13420273,phenotype_signature_C1_vs_rest,0.18071768673201524,8.620861709472443e-4,1,-0.01835572632747921,HDAC9,7,18770589
cg23485066,phenotype_signature_C1_vs_rest,0.18071768673201524,8.624529944241554e-4,1,-0.16858048463351147,LOC646999,7,39649706
cg24054202,phenotype_signature_C1_vs_rest,0.18071768673201524,8.62763755355984e-4,1,0.07686865439325297,NA,5,173833126
cg03835123,phenotype_signature_C1_vs_rest,0.18071768673201524,8.628410511191505e-4,1,-0.01222502379965338,GATAD2A,19,19585737
cg17349845,phenotype_signature_C1_vs_rest,0.18071768673201524,8.629474066879833e-4,1,-0.03226123430631665,TPST1,7,66330919
cg08429605,phenotype_signature_C1_vs_rest,0.18071768673201524,8.632637884362833e-4,1,-0.04550383705930722,CPSF4L,17,73262474
cg24895142,phenotype_signature_C1_vs_rest,0.18071768673201524,8.633469746312552e-4,1,-0.03986683974918428,ST7,7,116660172
cg23612739,phenotype_signature_C1_vs_rest,0.18071768673201524,8.63352475112403e-4,1,-0.03551868812378752,NA,14,22417085
cg14458315,phenotype_signature_C1_vs_rest,0.18071768673201524,8.636850386747777e-4,1,-0.00774561647199004,GABBR2,9,98317025
cg02738338,phenotype_signature_C1_vs_rest,0.18071768673201524,8.636953292976502e-4,1,-0.01253458001218418,PRKCH,14,61342200
cg23943829,phenotype_signature_C1_vs_rest,0.18091118510127263,8.655918638230815e-4,1,-0.03421085838353219,IL4,5,132673419
cg07895206,phenotype_signature_C1_vs_rest,0.18091118510127263,8.662560556589121e-4,1,-0.03450047053417875,UBE2QL1,5,6492140
cg08600753,phenotype_signature_C1_vs_rest,0.18091118510127263,8.662878006209762e-4,1,-0.03299000964260699,NEK3,13,52161171
cg00695936,phenotype_signature_C1_vs_rest,0.18091118510127263,8.66426955099203e-4,1,-0.06366236440960324,TRAPPC3L,6,116532979
cg16788025,phenotype_signature_C1_vs_rest,0.18091118510127263,8.665373804072206e-4,1,0.0458118368373041,ZMIZ1,10,81005505
cg10402121,phenotype_signature_C1_vs_rest,0.18091118510127263,8.667005110245299e-4,1,-0.04356459812699788,NA,10,124798532
cg21108805,phenotype_signature_C1_vs_rest,0.18091118510127263,8.667203770845037e-4,1,-0.04260316286366989,WIF1,12,65084961
cg01095848,phenotype_signature_C1_vs_rest,0.18091118510127263,8.667914369073809e-4,1,-0.04236099647568223,ERGIC3,20,35555632
cg03073703,phenotype_signature_C1_vs_rest,0.18091118510127263,8.668212770461014e-4,1,-0.00645823047788058,NA,16,1438973
cg09115791,phenotype_signature_C1_vs_rest,0.18091118510127263,8.668398686854438e-4,1,-0.05354395768754691,NA,14,22996156
cg09241262,phenotype_signature_C1_vs_rest,0.18091118510127263,8.675992073117739e-4,1,-0.02733403914701655,ECM2,9,92537190
cg00337599,phenotype_signature_C1_vs_rest,0.18091118510127263,8.678296679149039e-4,1,-0.02458736100246456,NA,17,38416889
cg19982066,phenotype_signature_C1_vs_rest,0.18091118510127263,8.678744203474327e-4,1,-0.0539674331463157,SLMAP,3,57796487
cg12266647,phenotype_signature_C1_vs_rest,0.18091118510127263,8.681718566153983e-4,1,-0.01850272513880618,UGGT2,13,95896065
cg20510770,phenotype_signature_C1_vs_rest,0.18091118510127263,8.682811091201653e-4,1,0.06630347598290436,NA,4,138917004
cg22325294,phenotype_signature_C1_vs_rest,0.18091118510127263,8.685960469990281e-4,1,-0.03371319862844291,RNF39,6,30076052
cg10688481,phenotype_signature_C1_vs_rest,0.18091118510127263,8.686404577711538e-4,1,-0.0454170432656018,ETFB,19,51354975
cg06426027,phenotype_signature_C1_vs_rest,0.18091118510127263,8.687820697050056e-4,1,-0.02771908919242186,VPS52,6,33264867
cg04496592,phenotype_signature_C1_vs_rest,0.18091118510127263,8.688887897992014e-4,1,-0.01592924445564014,TMEM45A,3,100287585
cg09685472,phenotype_signature_C1_vs_rest,0.18091118510127263,8.690303185396401e-4,1,-0.03945122585363552,CMIP,16,81493822
cg25424525,phenotype_signature_C1_vs_rest,0.18091118510127263,8.690396415395682e-4,1,-0.01344524734111859,OTUD4,4,145174878
cg10287952,phenotype_signature_C1_vs_rest,0.18091118510127263,8.692336541742925e-4,1,-0.06910767955851946,PCBP2,12,53454132
cg25939505,phenotype_signature_C1_vs_rest,0.18091118510127263,8.695985174359665e-4,1,-0.08957510741828094,NA,15,74401013
cg08504062,phenotype_signature_C1_vs_rest,0.18091118510127263,8.696445334972164e-4,1,-0.017772375259289,LOC101929710,5,96048958
cg17031967,phenotype_signature_C1_vs_rest,0.1809331258257582,8.699593796068579e-4,1,-0.02555801813891762,LRRC16A,6,25297259
cg00873453,phenotype_signature_C1_vs_rest,0.18102738281065184,8.706220699148634e-4,1,0.0879193643397386,RGSL1,1,182453781
cg07768268,phenotype_signature_C1_vs_rest,0.18110695412173836,8.712845141802324e-4,1,-0.01203520800227627,RAB11FIP3,16,506039
cg13384409,phenotype_signature_C1_vs_rest,0.18110695412173836,8.714239106525103e-4,1,-0.01614038080636596,EIF3B,7,2374831
cg02346442,phenotype_signature_C1_vs_rest,0.18134754957828608,8.727914287024642e-4,1,-0.06348958537478962,NA,3,186476257
cg08659644,phenotype_signature_C1_vs_rest,0.1814299235656945,8.733978305127908e-4,1,-0.01005089823392864,LINC00202-2,10,26646485
cg11539561,phenotype_signature_C1_vs_rest,0.18150920090062825,8.739895122009947e-4,1,-0.05409536930401771,PRKAB1,12,119676798
cg17422445,phenotype_signature_C1_vs_rest,0.18152894732247107,8.742946596850144e-4,1,-0.00789164672113961,LOC613266,20,15895130
cg08206271,phenotype_signature_C1_vs_rest,0.18153408718068856,8.746715506842657e-4,1,-0.05199094546106316,SMARCC1,3,47605290
cg17045432,phenotype_signature_C1_vs_rest,0.18153408718068856,8.747395585734769e-4,1,-0.06268242296613899,PEX11G,19,7489473
cg02419901,phenotype_signature_C1_vs_rest,0.18163942147093673,8.755924645760467e-4,1,-0.0259841250939687,TADA2B,4,7049042
cg14378798,phenotype_signature_C1_vs_rest,0.18163942147093673,8.757363845066353e-4,1,-0.03757025897333376,LMX1B,9,126664022
cg06045761,phenotype_signature_C1_vs_rest,0.18163942147093673,8.758777035398788e-4,1,-0.05281245195423483,ABI1,10,26779518
cg18860399,phenotype_signature_C1_vs_rest,0.18163963480106096,8.760889263125262e-4,1,-0.05871054127956386,ZSWIM4,19,13913942
cg05518350,phenotype_signature_C1_vs_rest,0.1816568455369635,8.763821515700953e-4,1,-0.02646478903649275,NA,3,44456278
cg23709782,phenotype_signature_C1_vs_rest,0.18178744513783637,8.772225791582703e-4,1,-0.01969313165355457,IGF1R,15,98843710
cg23729997,phenotype_signature_C1_vs_rest,0.1818766284317433,8.778634050361525e-4,1,-0.04621358252456258,LHPP,10,124461554
cg22225179,phenotype_signature_C1_vs_rest,0.1819736995883671,8.785425187729328e-4,1,-0.01475783414564165,NA,17,57995002
cg03513146,phenotype_signature_C1_vs_rest,0.18202397275117965,8.789958691187114e-4,1,-0.07009715827232926,NA,18,3306100
cg17978548,phenotype_signature_C1_vs_rest,0.18211082251710575,8.796260069830303e-4,1,-0.05844740784827799,NA,8,102577032
cg23427255,phenotype_signature_C1_vs_rest,0.18234524455309525,8.809950544789436e-4,1,-0.03588783337004208,NA,20,4063767
cg15590989,phenotype_signature_C1_vs_rest,0.18234524455309525,8.813174164350817e-4,1,0.00500232248401956,MGC45800,4,182141307
cg27070808,phenotype_signature_C1_vs_rest,0.18234524455309525,8.815068174150201e-4,1,-0.0127722131060302,ACCN3,7,151048570
cg00081128,phenotype_signature_C1_vs_rest,0.18234524455309525,8.818497346864083e-4,1,-0.03770157313495333,NA,6,82016722
cg13491848,phenotype_signature_C1_vs_rest,0.18234524455309525,8.818641869907127e-4,1,-0.07048636298142753,NA,4,120070641
cg22864500,phenotype_signature_C1_vs_rest,0.18234524455309525,8.820243686665518e-4,1,-0.05874747881111742,BRE,2,28269079
cg16005631,phenotype_signature_C1_vs_rest,0.18237745579349335,8.827604435385646e-4,1,-0.05257077429191681,RSPO4,20,974172
cg01254282,phenotype_signature_C1_vs_rest,0.18237745579349335,8.829003438413035e-4,1,-0.02971683371617142,LINC01184,5,128055697
cg12479406,phenotype_signature_C1_vs_rest,0.18237745579349335,8.831432097949581e-4,1,-0.06059902116477975,IGF1R,15,98669482
cg27654598,phenotype_signature_C1_vs_rest,0.18237745579349335,8.831436875910514e-4,1,-0.02251403428066535,MAP4K5,14,50469612
cg11832662,phenotype_signature_C1_vs_rest,0.18237745579349335,8.832354174911008e-4,1,-0.01046348890824618,RIMBP2,12,130968391
cg23584308,phenotype_signature_C1_vs_rest,0.18237894761092804,8.836038719217897e-4,1,-0.04153299505747457,KIAA0284,14,104886654
cg00494183,phenotype_signature_C1_vs_rest,0.18237894761092804,8.836647414424265e-4,1,-0.06713756856886062,NA,13,21071211
cg22185327,phenotype_signature_C1_vs_rest,0.18252299204863773,8.848259009688348e-4,1,-0.04338961987321849,SDC3,1,30900329
cg06930067,phenotype_signature_C1_vs_rest,0.18252299204863773,8.850798999660043e-4,1,-0.01632865842452277,RAD51B,14,68494556
cg13357341,phenotype_signature_C1_vs_rest,0.18252299204863773,8.85108528484974e-4,1,-0.03740363394701584,ARNT,1,150877488
cg10287176,phenotype_signature_C1_vs_rest,0.18252299204863773,8.852075325589025e-4,1,-0.0406404515131854,TMEM154,4,152680386
cg17969579,phenotype_signature_C1_vs_rest,0.18256633909142464,8.85629025300239e-4,1,-0.04759579897469134,TNKS,8,9559226
cg10649356,phenotype_signature_C1_vs_rest,0.18261162478901316,8.861305253668679e-4,1,-0.00513298192439337,SSTR3,22,37210737
cg12938223,phenotype_signature_C1_vs_rest,0.18261162478901316,8.863636861610214e-4,1,-0.04967729913262873,NA,8,119933521
cg03661164,phenotype_signature_C1_vs_rest,0.18261162478901316,8.866120034754954e-4,1,-0.0630674370434611,EZH2,7,148863554
cg03491139,phenotype_signature_C1_vs_rest,0.18261162478901316,8.868556789868367e-4,1,-0.0424330480868343,CLMN,14,95315721
cg01031999,phenotype_signature_C1_vs_rest,0.18261162478901316,8.87163508070332e-4,1,-0.01513852601535806,STK19,6,31973584
cg10781610,phenotype_signature_C1_vs_rest,0.18261162478901316,8.872033668337747e-4,1,-0.00799025998125557,NA,3,33224600
cg19474196,phenotype_signature_C1_vs_rest,0.18261162478901316,8.877830504081156e-4,1,-0.05547257425419374,GGTA1P,9,121483592
cg16133419,phenotype_signature_C1_vs_rest,0.18261162478901316,8.878100021818031e-4,1,-0.01973341385038572,PSMB7,9,124410809
cg27107363,phenotype_signature_C1_vs_rest,0.18261162478901316,8.87944279509053e-4,1,-0.01498813248060428,INO80D,2,206947111
cg24290980,phenotype_signature_C1_vs_rest,0.18261162478901316,8.880238755257892e-4,1,-0.06286196910700902,NA,4,122716983
cg23038277,phenotype_signature_C1_vs_rest,0.18261162478901316,8.881732137265461e-4,1,-0.06218976778791824,ITPKB,1,226645433
cg24309459,phenotype_signature_C1_vs_rest,0.1826142537521131,8.883973222001263e-4,1,-0.0782926910444437,MUC20,3,195727720
cg22192454,phenotype_signature_C1_vs_rest,0.18261950587608372,8.886342011693916e-4,1,-0.02792701075562756,KIAA1267,17,46057641
cg10670914,phenotype_signature_C1_vs_rest,0.18263489407315847,8.889204265820186e-4,1,-0.06927267914072315,SPNS3,17,4438741
cg02869820,phenotype_signature_C1_vs_rest,0.18264161429388892,8.893049568506784e-4,1,-0.02447319859546621,NA,6,5950913
cg04459091,phenotype_signature_C1_vs_rest,0.18264161429388892,8.896324511021555e-4,1,-0.03748403428408877,GFPT2,5,180324794
cg14624264,phenotype_signature_C1_vs_rest,0.18264161429388892,8.89777924083615e-4,1,-0.0130531611020865,NA,18,13174571
cg03947233,phenotype_signature_C1_vs_rest,0.18264161429388892,8.897985495344248e-4,1,-0.01269091142379034,NDRG4,16,58511961
cg00381516,phenotype_signature_C1_vs_rest,0.1827632214120525,8.906024928093126e-4,1,-0.03107423902590113,NA,9,121207117
cg21789367,phenotype_signature_C1_vs_rest,0.1827732504747352,8.908628701890231e-4,1,-0.03817756788428682,CCM2,7,44998726
cg04371007,phenotype_signature_C1_vs_rest,0.1830196599157323,8.922756959712876e-4,1,-0.03886768753034421,NA,11,73183036
cg11081261,phenotype_signature_C1_vs_rest,0.18303653129967024,8.927252121391564e-4,1,-0.06421253654232609,WDR20,14,102190026
cg26196104,phenotype_signature_C1_vs_rest,0.18303653129967024,8.927815701729673e-4,1,0.03500961251756279,GLIS2-AS1,16,4329147
cg15577706,phenotype_signature_C1_vs_rest,0.18307943028839344,8.935802051094455e-4,1,-0.01879950600384131,SLFN13,17,33763575
cg02160807,phenotype_signature_C1_vs_rest,0.18307943028839344,8.942865803615958e-4,1,-0.02256832004779993,NA,7,71740707
cg01032589,phenotype_signature_C1_vs_rest,0.18307943028839344,8.943289961233752e-4,1,-0.01296226947221615,NA,5,124549604
cg01845076,phenotype_signature_C1_vs_rest,0.18307943028839344,8.94344942708968e-4,1,-0.06562367952294029,RAP1GAP2,17,2931251
cg23400742,phenotype_signature_C1_vs_rest,0.18307943028839344,8.94427552653952e-4,1,-0.03441364266293924,PHTF2,7,77944606
cg15071268,phenotype_signature_C1_vs_rest,0.18307943028839344,8.949539389950177e-4,1,-0.0303644757826096,NA,14,65282966
cg16064932,phenotype_signature_C1_vs_rest,0.18307943028839344,8.950793027770318e-4,1,-0.06184413123890225,MYLK3,16,46743020
cg24547910,phenotype_signature_C1_vs_rest,0.18307943028839344,8.951326988564386e-4,1,-0.03414347961425611,NA,4,99711794
cg11336061,phenotype_signature_C1_vs_rest,0.18307943028839344,8.954780896183215e-4,1,-0.02507536880471485,RUNX3,1,24927658
cg15750494,phenotype_signature_C1_vs_rest,0.18307943028839344,8.955457081443602e-4,1,-0.03012588735232682,MGLL,3,127732570
cg07921748,phenotype_signature_C1_vs_rest,0.18307943028839344,8.956258435732585e-4,1,-0.02586140336808384,SPECC1,17,20092834
cg10454864,phenotype_signature_C1_vs_rest,0.18307943028839344,8.956779488342664e-4,1,-0.04007580589245268,NA,2,111896440
cg22816343,phenotype_signature_C1_vs_rest,0.18307943028839344,8.957449977079583e-4,1,-0.05812898368416931,BNIP3L,8,26386085
cg02484345,phenotype_signature_C1_vs_rest,0.18309550576015635,8.960355283094886e-4,1,-0.04169815777720203,PCOTH,13,24462310
cg01616745,phenotype_signature_C1_vs_rest,0.1831959327538528,8.967389944694885e-4,1,-0.0410081985314532,OSBPL6,2,178284878
cg24082440,phenotype_signature_C1_vs_rest,0.18322410939795897,8.970889459988106e-4,1,-0.01438858328923168,MRAP,21,32299875
cg26296574,phenotype_signature_C1_vs_rest,0.183230357135794,8.973581405199088e-4,1,-0.04511412305358558,B3GNT8,19,41425848
cg01169075,phenotype_signature_C1_vs_rest,0.183230357135794,8.976186688965441e-4,1,-0.07333292070910774,C2orf34,2,44688288
cg21462097,phenotype_signature_C1_vs_rest,0.183230357135794,8.977556403421525e-4,1,-0.01531700454879375,ZNF672,1,248849091
cg16292132,phenotype_signature_C1_vs_rest,0.1833237265739754,8.984252562521243e-4,1,-0.06724361689135153,NHSL1,6,138893111
cg08057876,phenotype_signature_C1_vs_rest,0.18350202692285492,8.999872244585076e-4,1,-0.01936795324863383,ZKSCAN1,7,99623924
cg10422067,phenotype_signature_C1_vs_rest,0.18350202692285492,9.001179671739606e-4,1,-0.05459626043283671,TP53I11,11,44963330
cg20429093,phenotype_signature_C1_vs_rest,0.18350202692285492,9.002108461254309e-4,1,-0.01330258088591354,SCD5,4,82773820
cg14971026,phenotype_signature_C1_vs_rest,0.18350202692285492,9.003269226810728e-4,1,-0.04866037039188978,NCAM1,11,113246051
cg15912113,phenotype_signature_C1_vs_rest,0.18350202692285492,9.003608093864331e-4,1,-0.03848220973198627,OPLAH,8,145116546
cg03146161,phenotype_signature_C1_vs_rest,0.1835242588230438,9.00734430536376e-4,1,-0.02355114483353285,NA,17,3922800
cg20480259,phenotype_signature_C1_vs_rest,0.1835242588230438,9.008946411364572e-4,1,-0.0190057628827658,STK19,6,31937462
cg05028574,phenotype_signature_C1_vs_rest,0.1835347686292689,9.011636486987664e-4,1,-0.05448693798859942,NA,2,240427243
cg14080798,phenotype_signature_C1_vs_rest,0.1835347686292689,9.015367502287236e-4,1,-0.05050715484521847,F5,1,169535037
cg20503329,phenotype_signature_C1_vs_rest,0.1835347686292689,9.015833936983846e-4,1,-0.03151717181239462,COL15A1,9,98943510
cg01542143,phenotype_signature_C1_vs_rest,0.1836291484053816,9.028187302876903e-4,1,-0.05220387779303221,HTT,4,3239027
cg01745810,phenotype_signature_C1_vs_rest,0.1836291484053816,9.030824145593884e-4,1,-0.0757765675772525,DENND1A,9,123735318
cg10317591,phenotype_signature_C1_vs_rest,0.1836291484053816,9.03422527670878e-4,1,-0.02279127067842278,NA,16,149822
cg09911083,phenotype_signature_C1_vs_rest,0.1836291484053816,9.034641953257402e-4,1,-0.02592480005917713,KDM6B,17,7851638
cg00832703,phenotype_signature_C1_vs_rest,0.1836291484053816,9.035487095512252e-4,1,-0.02824580541844855,KLHL6,3,183536813
cg04588051,phenotype_signature_C1_vs_rest,0.1836291484053816,9.036675557982076e-4,1,-0.01578974666256576,SBF2,11,10029851
cg17976489,phenotype_signature_C1_vs_rest,0.1836291484053816,9.037131910847784e-4,1,-0.04558065127108684,TBC1D1,4,38110059
cg14514510,phenotype_signature_C1_vs_rest,0.1836291484053816,9.038102046263812e-4,1,-0.01054419046032454,EPHA1-AS1,7,143168833
cg04135846,phenotype_signature_C1_vs_rest,0.1836291484053816,9.039594855031212e-4,1,-0.02959125444318618,MYO18A,17,29151621
cg18129971,phenotype_signature_C1_vs_rest,0.18365391269966097,9.042939188210608e-4,1,-0.01825719647252978,TXNDC2,18,9884915
cg17501987,phenotype_signature_C1_vs_rest,0.18369551352464464,9.048540948039884e-4,1,-0.07153819280075367,KPNA1,3,122468083
cg19828863,phenotype_signature_C1_vs_rest,0.18369551352464464,9.049239035197654e-4,1,-0.01490623075273606,OBFC1,10,103919241
cg15210447,phenotype_signature_C1_vs_rest,0.1837466250777066,9.054421880791144e-4,1,-0.03175755504657454,RPRD1A,18,36035832
cg02316666,phenotype_signature_C1_vs_rest,0.1837466250777066,9.056009547000438e-4,1,-0.02666527531090495,CLTC,17,59628570
cg25069196,phenotype_signature_C1_vs_rest,0.18377666947428745,9.06323680444862e-4,1,-0.01226415660403025,STK38,6,36505663
cg26728427,phenotype_signature_C1_vs_rest,0.18377666947428745,9.064020782833204e-4,1,-0.01092365914982613,KCNQ1,11,2589511
cg22424444,phenotype_signature_C1_vs_rest,0.18377666947428745,9.06766143596919e-4,1,-0.0373309853583024,LOC255512,11,1310506
cg17894719,phenotype_signature_C1_vs_rest,0.18377666947428745,9.069620762153646e-4,1,-0.0353528052129118,NA,1,248891069
cg05083630,phenotype_signature_C1_vs_rest,0.18377666947428745,9.070892092740896e-4,1,-0.01727299500463749,APBA1,9,69554935
cg17849128,phenotype_signature_C1_vs_rest,0.18377666947428745,9.071107887845564e-4,1,-0.03094913503995376,NA,6,150041366
cg10956275,phenotype_signature_C1_vs_rest,0.18377666947428745,9.072376988970808e-4,1,-0.036418431553132,AREL1,14,74667888
cg23079735,phenotype_signature_C1_vs_rest,0.18398889984666592,9.086641193152802e-4,1,-0.06821212892293067,NA,16,145134
cg14285795,phenotype_signature_C1_vs_rest,0.18398889984666592,9.08711227359967e-4,1,-0.03748290538064621,NA,17,73183083
cg23906191,phenotype_signature_C1_vs_rest,0.18399920895500543,9.089750680770492e-4,1,-0.04870008792994775,C7orf50,7,1013993
cg25811375,phenotype_signature_C1_vs_rest,0.1841628138227364,9.10100340126563e-4,1,-0.0332336497437346,TINAGL1,1,31575714
cg05749408,phenotype_signature_C1_vs_rest,0.1841628138227364,9.102095208214608e-4,1,0.07748223773140847,ARHGAP31,3,119311604
cg10577578,phenotype_signature_C1_vs_rest,0.18419580013292727,9.106995496892184e-4,1,-0.03946150821746656,NAT9,17,74777520
cg11997246,phenotype_signature_C1_vs_rest,0.18419580013292727,9.107988571084696e-4,1,-0.01035863867566238,NA,20,3088728
cg25606639,phenotype_signature_C1_vs_rest,0.1842198403126113,9.112740756646674e-4,1,-0.01102425245432032,NA,15,35079439
cg23516680,phenotype_signature_C1_vs_rest,0.1842198403126113,9.113440891607184e-4,1,-0.06038583794083151,NOLC1,10,102163576
cg04765589,phenotype_signature_C1_vs_rest,0.1843515822001256,9.12597057419448e-4,1,-0.05619045262100145,NA,18,63882908
cg24366513,phenotype_signature_C1_vs_rest,0.1843515822001256,9.127645311310414e-4,1,-0.04954266083522938,NA,2,176121126
cg26326701,phenotype_signature_C1_vs_rest,0.1843515822001256,9.127816133379874e-4,1,-0.01237300726934722,C5orf42,5,37250140
cg10516359,phenotype_signature_C1_vs_rest,0.1843515822001256,9.128491518093316e-4,1,-0.03492341354777197,SLC35C1,11,45806212
cg02116255,phenotype_signature_C1_vs_rest,0.18439190949821196,9.134978843165522e-4,1,-0.03105409681012027,NA,9,70417834
cg26381730,phenotype_signature_C1_vs_rest,0.18439190949821196,9.136625303047868e-4,1,-0.00753974622168465,ERICH1-AS1,8,1023036
cg13299425,phenotype_signature_C1_vs_rest,0.18439190949821196,9.13828670465433e-4,1,-0.06136464388453279,CAMKMT,2,44741099
cg00736681,phenotype_signature_C1_vs_rest,0.18439190949821196,9.139023555819368e-4,1,-0.05931447340897611,ST3GAL1,8,133533809
cg14991022,phenotype_signature_C1_vs_rest,0.18439433046066683,9.1412773643236e-4,1,-0.02813682566168605,LINC01353,1,203285875
cg06136188,phenotype_signature_C1_vs_rest,0.1844949033770324,9.149848668069384e-4,1,-0.02722556767391304,NA,20,34350192
cg03535218,phenotype_signature_C1_vs_rest,0.1844949033770324,9.150533191775996e-4,1,-0.05923677554152768,SPTBN2,11,66709889
cg04623242,phenotype_signature_C1_vs_rest,0.18462614788009604,9.159179125454454e-4,1,-0.02450701467193954,RNF220,1,45053773
cg18506744,phenotype_signature_C1_vs_rest,0.18465254798287176,9.165653849616584e-4,1,0.01609175461112879,GPX4,19,1102628
cg13745129,phenotype_signature_C1_vs_rest,0.18465254798287176,9.16610022215394e-4,1,-0.02643718173821037,HIF1A,14,61715564
cg00931620,phenotype_signature_C1_vs_rest,0.18465254798287176,9.166899235858045e-4,1,-0.02022409406083271,NA,2,192037883
cg25493901,phenotype_signature_C1_vs_rest,0.18488805513501336,9.181215348793968e-4,1,-0.04233813936121638,SLC7A1,13,29514592
cg27183435,phenotype_signature_C1_vs_rest,0.18488805513501336,9.18286982659853e-4,1,-0.04751581193795283,TCEA3,1,23420184
cg24456632,phenotype_signature_C1_vs_rest,0.18496945821589555,9.18918549752831e-4,1,-0.03172239079329635,AQP11,11,77603912
cg26143884,phenotype_signature_C1_vs_rest,0.18496945821589555,9.19307168006756e-4,1,0.05966979452414647,NA,19,33267858
cg02489677,phenotype_signature_C1_vs_rest,0.18496945821589555,9.197072792278212e-4,1,-0.0479808524807493,AUTS2,7,69336657
cg18287711,phenotype_signature_C1_vs_rest,0.18496945821589555,9.197619092429468e-4,1,-0.04576010402520984,RTEL1,20,63657565
cg17890684,phenotype_signature_C1_vs_rest,0.18496945821589555,9.198609691806524e-4,1,-0.03466673541678282,GGNBP2,17,36575996
cg18340948,phenotype_signature_C1_vs_rest,0.18496945821589555,9.199755730611272e-4,1,0.03837889655459298,NA,20,19737237
cg16842042,phenotype_signature_C2_vs_rest,0.1851057651916324,1.0281844778694437e-5,1,-0.11728350280631236,LINC01599,14,50054244
cg11690983,phenotype_signature_C1_vs_rest,0.1851108816722358,9.210648828977108e-4,1,-0.04248029983626431,NA,1,28884607
cg22453284,phenotype_signature_C1_vs_rest,0.1851108816722358,9.211073875783588e-4,1,-0.04146385289243761,RPH3A,12,112816299
cg07707586,phenotype_signature_C1_vs_rest,0.1852322481274457,9.219294386557402e-4,1,-0.02289443677307659,RAB27A,15,55270501
cg19957310,phenotype_signature_C1_vs_rest,0.1852322481274457,9.221400071333184e-4,1,-0.05028632285934636,NEK1,4,169400613
cg24610790,phenotype_signature_C1_vs_rest,0.18524848094206248,9.224351890566646e-4,1,-0.00839772352209413,GNA12,7,2820007
cg14846874,phenotype_signature_C1_vs_rest,0.1853041872191531,9.230466233319032e-4,1,-0.00715225453421817,CLMN,14,95216548
cg21045547,phenotype_signature_C1_vs_rest,0.1853041872191531,9.231414449986276e-4,1,-0.03672739851315884,C20orf117,20,35422703
cg13846195,phenotype_signature_C1_vs_rest,0.18532591644371976,9.234714054437012e-4,1,0.04868895207088936,SESN1,6,109060814
cg10005427,phenotype_signature_C1_vs_rest,0.18532591644371976,9.236786145528808e-4,1,-0.01144287430834219,UPP2,2,157994993
cg03396108,phenotype_signature_C1_vs_rest,0.185385080116142,9.243979779998152e-4,1,-0.01301945753913023,SEMA6D,15,47411810
cg26038773,phenotype_signature_C1_vs_rest,0.185385080116142,9.244025474921724e-4,1,-0.02051768186779059,NA,18,74624722
cg23903609,phenotype_signature_C1_vs_rest,0.1853856063188913,9.247790336466928e-4,1,-0.01483839715379998,NMT1,17,45092283
cg04212063,phenotype_signature_C1_vs_rest,0.1853856063188913,9.248342292105329e-4,1,-0.00958755943805572,WBSCR17,7,71686953
cg24749001,phenotype_signature_C1_vs_rest,0.18556639139150208,9.259508508690104e-4,1,-0.00915578575206088,NA,20,50354933
cg24744210,phenotype_signature_C1_vs_rest,0.18558284794689495,9.263579914664528e-4,1,-0.00811522056923517,SEPT9,17,77396383
cg15951914,phenotype_signature_C1_vs_rest,0.18558284794689495,9.264624811872272e-4,1,-0.0177493797354831,SRPK2,7,105223179
cg03073487,phenotype_signature_C1_vs_rest,0.18566239624985215,9.27130084754768e-4,1,-0.04057463616785792,NA,4,155514969
cg06019050,phenotype_signature_C1_vs_rest,0.18566239624985215,9.27289298889966e-4,1,-0.0580660758315917,LIN54,4,83007613
cg04308301,phenotype_signature_C1_vs_rest,0.18568085976313012,9.275963853551606e-4,1,-0.0498373834264267,ASAP1,8,130442440
cg13701530,phenotype_signature_C1_vs_rest,0.1857248709739542,9.280311714438366e-4,1,-0.0164459975263186,C9orf3,9,95025265
cg15776446,phenotype_signature_C1_vs_rest,0.1857335655830936,9.282895483125436e-4,1,0.00231935716839127,OSBPL6,2,178194009
cg00027232,phenotype_signature_C1_vs_rest,0.18576844030349693,9.286788228356896e-4,1,0.07985415540894876,TGOLN2,2,85320108
cg05073010,phenotype_signature_C1_vs_rest,0.18579975508830657,9.290503774064896e-4,1,-0.03659220572802418,ZFYVE16,5,80454374
cg19763254,phenotype_signature_C1_vs_rest,0.18598144984089793,9.301741200765152e-4,1,-0.04098391545682853,NA,8,29459348
cg13908507,phenotype_signature_C1_vs_rest,0.18598590882323743,9.307035858728732e-4,1,-0.01853165666616093,AIFM2,10,70116633
cg06483820,phenotype_signature_C1_vs_rest,0.18598590882323743,9.311336211385304e-4,1,-0.05467001263244731,AKAP1,17,55167149
cg03261040,phenotype_signature_C1_vs_rest,0.18598590882323743,9.312082267065952e-4,1,-0.04029384783176656,DENND5B,12,31571248
cg00034300,phenotype_signature_C1_vs_rest,0.18598590882323743,9.314273440194264e-4,1,-0.0392896159660886,PLD1,3,171778627
cg00783544,phenotype_signature_C1_vs_rest,0.18598590882323743,9.315164097812932e-4,1,-0.0236871960804885,CROCC,1,17257264
cg03751967,phenotype_signature_C1_vs_rest,0.18598590882323743,9.315269011560624e-4,1,-0.05824123917654758,FCGBP,19,39915836
cg08776942,phenotype_signature_C1_vs_rest,0.18598590882323743,9.318843509442446e-4,1,-0.0649692331783716,NA,16,11635275
cg07170526,phenotype_signature_C1_vs_rest,0.18598590882323743,9.3191821022762e-4,1,-0.03474035439066321,WWC3,23,10023118
cg21833419,phenotype_signature_C1_vs_rest,0.18609233412050247,9.32723345250026e-4,1,-0.05495058219832536,ARHGAP15,2,143165522
cg22461622,phenotype_signature_C1_vs_rest,0.18609233412050247,9.330638849636292e-4,1,-0.05806545528003337,PRKX-AS1,23,3659383
cg19334657,phenotype_signature_C1_vs_rest,0.18609233412050247,9.33097514955861e-4,1,-0.02390964087499357,NA,6,89140036
cg18502483,phenotype_signature_C1_vs_rest,0.1862322855866646,9.340147632969716e-4,1,-0.01554753459383819,ANKRD26,10,27077478
cg21824297,phenotype_signature_C1_vs_rest,0.18631175210735632,9.346374753460462e-4,1,-0.01301940678210586,WDR76,15,43864513
cg02862885,phenotype_signature_C1_vs_rest,0.18631175210735632,9.348445147815395e-4,1,0.07910208036894327,NA,2,55100235
cg06516038,phenotype_signature_C1_vs_rest,0.18631209278740396,9.350618252564028e-4,1,0.00420346481978205,NA,17,56716048
cg10398116,phenotype_signature_C1_vs_rest,0.18632159223088215,9.353251130559982e-4,1,-0.01095748163346623,KCNJ14,19,48455535
cg26552621,phenotype_signature_C1_vs_rest,0.18635423897121425,9.357046479046494e-4,1,-0.0526623671493171,C19orf23,19,1271020
cg06353481,phenotype_signature_C1_vs_rest,0.1863603805916583,9.359511425857916e-4,1,-0.04632714624702111,NA,14,60195594
cg15861142,phenotype_signature_C1_vs_rest,0.18649101019341624,9.372032787776292e-4,1,-0.03984748420036538,PI4KA,22,20854657
cg22633570,phenotype_signature_C1_vs_rest,0.18649101019341624,9.375101689629034e-4,1,-0.01915758304820482,NPAS3,14,33679565
cg23975326,phenotype_signature_C1_vs_rest,0.18649101019341624,9.376729698526478e-4,1,-0.02784580105024092,NA,16,75625311
cg02339455,phenotype_signature_C1_vs_rest,0.18649101019341624,9.378809879855856e-4,1,-0.05687517813556864,NA,11,111571738
cg04424696,phenotype_signature_C1_vs_rest,0.18649101019341624,9.380969089093386e-4,1,-0.01267707227675404,WISP2,20,44722321
cg20076730,phenotype_signature_C1_vs_rest,0.18649101019341624,9.381957132372912e-4,1,-0.04204457952463558,CASP1,11,105027254
cg01343344,phenotype_signature_C1_vs_rest,0.18649101019341624,9.38276905240315e-4,1,0.01045372009244258,NA,1,116152044
cg03761216,phenotype_signature_C1_vs_rest,0.18649101019341624,9.384148357009064e-4,1,-0.05222143692232681,EPS15,1,51520458
cg13335869,phenotype_signature_C1_vs_rest,0.18649101019341624,9.389549104677728e-4,1,-0.02786534811289463,C2CD4B,15,62165499
cg18262830,phenotype_signature_C1_vs_rest,0.18649101019341624,9.389765362806e-4,1,-0.03662786508327732,MIR192,11,64891347
cg16782060,phenotype_signature_C1_vs_rest,0.18649101019341624,9.389810882247036e-4,1,-0.02846695582627536,NA,20,11455144
cg14451362,phenotype_signature_C1_vs_rest,0.18653363171984108,9.394115447800251e-4,1,0.0157481971782458,BATF2,11,64990391
cg26661623,phenotype_signature_C1_vs_rest,0.1866195512489006,9.401497427888612e-4,1,0.07398602706315471,ASGR2,17,7115943
cg12731284,phenotype_signature_C1_vs_rest,0.1866195512489006,9.402858557113062e-4,1,-0.00998949235316447,SUFU,10,102506088
cg01165909,phenotype_signature_C1_vs_rest,0.1866195512489006,9.404921190820158e-4,1,-0.03033635881597715,MIR2117,17,43444308
cg26186918,phenotype_signature_C1_vs_rest,0.18671363598559937,9.411823363867362e-4,1,-0.01086691346146307,SLC22A23,6,3272275
cg12349663,phenotype_signature_C1_vs_rest,0.18673298241970315,9.414959456237406e-4,1,-0.02097930546650316,NA,1,82261312
cg03184290,phenotype_signature_C1_vs_rest,0.1868178429359761,9.422900982786266e-4,1,0.00442281968043541,PITX2,4,110629510
cg00308936,phenotype_signature_C1_vs_rest,0.1868178429359761,9.424182855562836e-4,1,-0.03868387971541678,DDAH1,1,85417982
cg00156573,phenotype_signature_C1_vs_rest,0.1868178429359761,9.42759177694532e-4,1,-0.02288472817332853,NA,15,52098540
cg11197258,phenotype_signature_C1_vs_rest,0.1868178429359761,9.427885522961144e-4,1,-0.03959334903349442,NCOR2,12,124360455
cg02824251,phenotype_signature_C1_vs_rest,0.1870007795425222,9.439281519506776e-4,1,-0.02077305896533196,ARID3A,19,939810
cg07675811,phenotype_signature_C1_vs_rest,0.1870022336318232,9.441518914909004e-4,1,-0.01324025421016459,TNRC18,7,5387200
cg08635575,phenotype_signature_C1_vs_rest,0.18705668099485628,9.44643252415724e-4,1,-0.04419745508989604,GNA14,9,77574269
cg08865496,phenotype_signature_C1_vs_rest,0.18750627963952515,9.471307254123432e-4,1,-0.06363439534893833,AP2B1,17,35586782
cg03206044,phenotype_signature_C1_vs_rest,0.18750773951673927,9.477245968773668e-4,1,-0.02321141377160608,ARHGAP10,4,147736715
cg04562799,phenotype_signature_C1_vs_rest,0.18750773951673927,9.480510771778748e-4,1,-0.02108495910417964,NA,6,45655762
cg07187434,phenotype_signature_C1_vs_rest,0.18750773951673927,9.480851009042348e-4,1,-0.01211663558992721,UBXN7,3,196120877
cg10331234,phenotype_signature_C1_vs_rest,0.18750773951673927,9.481284148124936e-4,1,-0.01761357219922697,CMIP,16,81631970
cg24629258,phenotype_signature_C1_vs_rest,0.18750773951673927,9.482230229035524e-4,1,-0.03465311916641436,NA,18,35466036
cg09046419,phenotype_signature_C1_vs_rest,0.1875263797913385,9.485480907753624e-4,1,-0.01325498254923976,PIK3R6,17,8835293
cg24480540,phenotype_signature_C1_vs_rest,0.1875263797913385,9.48751298900809e-4,1,0.03901111077062502,NA,2,39129020
cg24517604,phenotype_signature_C1_vs_rest,0.18766167819260107,9.496529762544603e-4,1,-0.06140495832191568,NA,16,11615999
cg13732043,phenotype_signature_C1_vs_rest,0.1877409423707093,9.502713433857496e-4,1,0.04645338946948556,TFR2,7,100633147
cg26245101,phenotype_signature_C1_vs_rest,0.18777946164471437,9.506836120215256e-4,1,-0.02144698630103259,CANX,5,179704224
cg26296701,phenotype_signature_C1_vs_rest,0.18788375118605008,9.515141863297133e-4,1,-0.01852593568118096,GSE1,16,85671734
cg14884899,phenotype_signature_C1_vs_rest,0.18788375118605008,9.517577163203388e-4,1,-0.05559496639534894,DAZAP1,19,1406619
cg19582946,phenotype_signature_C1_vs_rest,0.18788375118605008,9.520835701687296e-4,1,-0.02152740391932425,NA,18,76806122
cg15806450,phenotype_signature_C1_vs_rest,0.18788375118605008,9.520841901539604e-4,1,-0.00706720577692881,DNAH3,16,21131960
cg13540225,phenotype_signature_C1_vs_rest,0.18788375118605008,9.52662131494429e-4,1,-0.06915084546195444,NA,6,6678989
cg04311403,phenotype_signature_C1_vs_rest,0.18788375118605008,9.526726771429444e-4,1,-0.04644112023087945,EDARADD,1,236396346
cg13741304,phenotype_signature_C1_vs_rest,0.18788375118605008,9.528981441856846e-4,1,-0.04314019594378737,ARRDC1,9,137606853
cg07335422,phenotype_signature_C1_vs_rest,0.18788375118605008,9.529509640068616e-4,1,-0.01152010412734882,CHN2,7,29197575
cg25213590,phenotype_signature_C1_vs_rest,0.18792922548075397,9.543467319041204e-4,1,-0.04802175863032329,NA,20,32855276
cg09748521,phenotype_signature_C1_vs_rest,0.18792922548075397,9.54392816833392e-4,1,-0.01621995385253242,M1AP,2,74603888
cg12843448,phenotype_signature_C1_vs_rest,0.18792922548075397,9.54469653385198e-4,1,-0.0933362699068443,NA,3,194071677
cg00124708,phenotype_signature_C1_vs_rest,0.18792922548075397,9.547487586442056e-4,1,-0.02847605836916215,ARMCX3,23,100877463
cg08235822,phenotype_signature_C1_vs_rest,0.18792922548075397,9.551274009750858e-4,1,-0.02552895573181515,PITPNB,22,27884371
cg15458222,phenotype_signature_C1_vs_rest,0.18792922548075397,9.551888822285884e-4,1,-0.05221611420124607,HCLS1,3,121661686
cg26725582,phenotype_signature_C1_vs_rest,0.18792922548075397,9.553407744790248e-4,1,-0.04801159643798067,FAXDC2,5,154220674
cg17893846,phenotype_signature_C1_vs_rest,0.18792922548075397,9.55413642732515e-4,1,-0.01612430885725082,NA,8,51961048
cg04007514,phenotype_signature_C1_vs_rest,0.18792922548075397,9.554417733259404e-4,1,-0.06071492154569222,AFF1,4,86950963
cg18617786,phenotype_signature_C1_vs_rest,0.18792922548075397,9.557348112596828e-4,1,-0.06979326271923644,IL4,5,132674255
cg09842906,phenotype_signature_C1_vs_rest,0.18792922548075397,9.560186571167784e-4,1,-0.07370476975387177,C9orf85,9,71929074
cg01566851,phenotype_signature_C1_vs_rest,0.18792922548075397,9.562388473320078e-4,1,-0.02323162398524441,AHCTF1,1,246932815
cg17775084,phenotype_signature_C1_vs_rest,0.18792922548075397,9.562689025933948e-4,1,-0.05298736243717791,UTRN,6,144351863
cg22098683,phenotype_signature_C1_vs_rest,0.18792922548075397,9.5635116064602e-4,1,-0.04860325904897053,HVCN1,12,110690132
cg25985437,phenotype_signature_C1_vs_rest,0.18792922548075397,9.564901323071544e-4,1,0.00414915595847327,FAM96A,15,64094122
cg07639982,phenotype_signature_C1_vs_rest,0.18792922548075397,9.566611694352808e-4,1,-0.04396770852024288,CAMK1D,10,12513080
cg13947504,phenotype_signature_C1_vs_rest,0.18801901532073895,9.574422363472172e-4,1,-0.02218605456098866,FTO,16,54059665
cg04033850,phenotype_signature_C1_vs_rest,0.18801901532073895,9.575674547103698e-4,1,-0.04245170361490184,NA,12,49301233
cg14460330,phenotype_signature_C1_vs_rest,0.18801901532073895,9.577709771451008e-4,1,-0.01866951110303325,NA,4,18252230
cg11740731,phenotype_signature_C1_vs_rest,0.18815947089679488,9.591778042750952e-4,1,-0.03374622852933098,NA,2,236517728
cg23148266,phenotype_signature_C1_vs_rest,0.18815947089679488,9.596261566736056e-4,1,-0.03743848918096396,MARCH3,5,126977081
cg19296400,phenotype_signature_C1_vs_rest,0.18815947089679488,9.59785892966236e-4,1,-0.059094611439951913,UBXN11,1,26298043
cg27324446,phenotype_signature_C1_vs_rest,0.18815947089679488,9.599120432199884e-4,1,-0.03065485734278228,HSF1,8,144312662
cg24377019,phenotype_signature_C1_vs_rest,0.18815947089679488,9.599308785901224e-4,1,-0.04981195587157644,NA,17,19723098
cg11872231,phenotype_signature_C1_vs_rest,0.18815947089679488,9.599508326563854e-4,1,-0.03865895599405217,GTDC1,2,144234785
cg22978474,phenotype_signature_C1_vs_rest,0.18815947089679488,9.600106314444318e-4,1,0.07670462522903282,TCF7L2,10,113058876
cg12526724,phenotype_signature_C1_vs_rest,0.18819688200393467,9.60419289242346e-4,1,-0.04810822286327686,PLCD4,2,218607138
cg15642638,phenotype_signature_C1_vs_rest,0.18823681088607672,9.611077390991224e-4,1,-0.05132732776716307,NA,10,5536576
cg15684727,phenotype_signature_C1_vs_rest,0.18823681088607672,9.612275294707776e-4,1,-0.04647543191930516,DNAJB5-AS1,9,34990401
cg15345896,phenotype_signature_C1_vs_rest,0.18823681088607672,9.612765421364028e-4,1,-0.04934828904519457,HBZ,16,152566
cg24207161,phenotype_signature_C1_vs_rest,0.1883381600904967,9.622141669794756e-4,1,-0.02264794968734932,TIAM2,6,155143578
cg22692013,phenotype_signature_C1_vs_rest,0.1883381600904967,9.622299974999108e-4,1,-0.00623994564553803,CACNA1C,12,2245452
cg13628444,phenotype_signature_C1_vs_rest,0.18834513734551755,9.625329398707772e-4,1,-0.05811419438199504,MED27,9,132008401
cg08800777,phenotype_signature_C1_vs_rest,0.18834513734551755,9.627015521055912e-4,1,-0.01900012826775668,MYEOV2,2,240137589
cg04666848,phenotype_signature_C1_vs_rest,0.1884005026705037,9.63348094399912e-4,1,-0.03825145146065835,ATP8B1,18,57659742
cg22045977,phenotype_signature_C1_vs_rest,0.1884005026705037,9.634205802925362e-4,1,-0.02204800878318331,DLC1,8,13297774
cg19860586,phenotype_signature_C1_vs_rest,0.1884423861620223,9.638683756086724e-4,1,-0.02050074174692507,NINL,20,25532633
cg16462594,phenotype_signature_C1_vs_rest,0.1884423861620223,9.64070891720786e-4,1,-0.02058006439546947,PCNT,21,46416362
cg09456254,phenotype_signature_C1_vs_rest,0.18848048866468156,9.644839343949002e-4,1,-0.05377745777056753,C21orf130,21,41148438
cg07424770,phenotype_signature_C1_vs_rest,0.1887616200658912,9.664288259301226e-4,1,-0.01628686336692305,NA,18,22552107
cg01371055,phenotype_signature_C1_vs_rest,0.1887616200658912,9.668912343971844e-4,1,-0.01862762185887305,IGF2BP3,7,23411000
cg06357685,phenotype_signature_C1_vs_rest,0.1887616200658912,9.670034941833071e-4,1,-0.0154522820163502,VAC14,16,70778911
cg00752713,phenotype_signature_C1_vs_rest,0.1887616200658912,9.675310413191271e-4,1,-0.04776113415630457,USP9X,23,41138767
cg21119678,phenotype_signature_C1_vs_rest,0.1887616200658912,9.675342399834668e-4,1,-0.06307705274103674,SLIT3,5,168826611
cg06559756,phenotype_signature_C1_vs_rest,0.1887616200658912,9.67536233385752e-4,1,-0.0644300855814589,PITPNC1,17,67468181
cg22495669,phenotype_signature_C1_vs_rest,0.1887616200658912,9.677857998791888e-4,1,-0.0198433957831808,IFRD2,3,50288644
cg21304769,phenotype_signature_C1_vs_rest,0.1887616200658912,9.678769727620054e-4,1,-0.04147038332384423,NXF1,11,62795582
cg27333099,phenotype_signature_C1_vs_rest,0.1887616200658912,9.680620336385632e-4,1,-0.0258909328397214,BTNL8,5,180898579
cg17602887,phenotype_signature_C1_vs_rest,0.1887616200658912,9.681068841269012e-4,1,-0.04899925914009084,HMGB1,13,30463445
cg12180959,phenotype_signature_C1_vs_rest,0.1890086198587299,9.695924002186532e-4,1,-0.0459570866170669,NA,23,58004538
cg04214828,phenotype_signature_C1_vs_rest,0.1891207588509345,9.70386511568617e-4,1,-0.04992319908947919,NA,5,68406779
cg15151184,phenotype_signature_C1_vs_rest,0.1891550990522962,9.70896077126388e-4,1,-0.01725743382328372,NA,2,87449462
cg03269636,phenotype_signature_C1_vs_rest,0.1891550990522962,9.7100049458427e-4,1,-0.02096255573842293,PVT1,8,128921750
cg17436506,phenotype_signature_C1_vs_rest,0.18924214855360583,9.717360597946636e-4,1,-0.02556831228392731,ARL6IP4,12,122978858
cg08318182,phenotype_signature_C1_vs_rest,0.18924214855360583,9.71942371389292e-4,1,-0.00795876502871616,NA,21,46452874
cg07031821,phenotype_signature_C1_vs_rest,0.18924214855360583,9.721959647665506e-4,1,-0.01436210752749549,NA,15,67011574
cg26966989,phenotype_signature_C1_vs_rest,0.18924214855360583,9.7235061499431e-4,1,-0.01823231990023592,ASAP1,8,130200931
cg09137729,phenotype_signature_C1_vs_rest,0.18924214855360583,9.726026084867264e-4,1,-0.02008508825286029,PLAGL1,6,143968966
cg08078496,phenotype_signature_C1_vs_rest,0.18924214855360583,9.727613011080424e-4,1,-0.0316261391080842,PPP5C,19,46356113
cg23145336,phenotype_signature_C1_vs_rest,0.1892851755018462,9.733745097055228e-4,1,-0.039650802822612,TNXB,6,32093039
cg02836769,phenotype_signature_C1_vs_rest,0.1892851755018462,9.740399843565034e-4,1,-0.00892135364680926,PAG1,8,80968219
cg26792948,phenotype_signature_C1_vs_rest,0.1892851755018462,9.741029807574504e-4,1,-0.01626186220564605,NA,16,25103771
cg27032075,phenotype_signature_C1_vs_rest,0.1892851755018462,9.741685757229476e-4,1,-0.03472558770235761,ITGBL1,13,101598019
cg01975706,phenotype_signature_C1_vs_rest,0.1892851755018462,9.745077825401372e-4,1,-0.0136332795346949,JAM2,21,25643422
cg14386943,phenotype_signature_C1_vs_rest,0.1892851755018462,9.745128332075822e-4,1,-0.04976909026567418,ATG10,5,82151458
cg11723340,phenotype_signature_C1_vs_rest,0.1892851755018462,9.747296678643756e-4,1,-0.01199804671780796,SNHG22,18,47368419
cg26572770,phenotype_signature_C1_vs_rest,0.1892851755018462,9.748144201106684e-4,1,-0.01557380452771351,SLC9A2,2,102622647
cg00092247,phenotype_signature_C1_vs_rest,0.1892851755018462,9.751107749687124e-4,1,-0.06640103047058465,NA,4,111639483
cg21120762,phenotype_signature_C1_vs_rest,0.1892851755018462,9.752965641366706e-4,1,-0.03707312978099469,NA,20,38198611
cg20488123,phenotype_signature_C1_vs_rest,0.1892851755018462,9.753919293246108e-4,1,-0.05275851705674819,CDKAL1,6,20688830
cg03673688,phenotype_signature_C1_vs_rest,0.1892915946198052,9.758764145161954e-4,1,-0.0095570737872012,SEC14L2,22,30422481
cg22144450,phenotype_signature_C1_vs_rest,0.1892915946198052,9.764232605072776e-4,1,-0.03548744263740047,ORMDL3,17,39924125
cg12692069,phenotype_signature_C1_vs_rest,0.1892915946198052,9.76478478091849e-4,1,-0.05034917443108508,NA,4,156975893
cg16120616,phenotype_signature_C1_vs_rest,0.1892915946198052,9.764833810360986e-4,1,-0.01453710555057666,GMDS,6,1726713
cg09700833,phenotype_signature_C1_vs_rest,0.1892915946198052,9.765202520101692e-4,1,-0.02377132675516954,ATE1,10,121845668
cg10084187,phenotype_signature_C1_vs_rest,0.18939128512157655,9.77381579296112e-4,1,-0.04805559264626026,BDKRB2,14,96244002
cg26808864,phenotype_signature_C1_vs_rest,0.18939128512157655,9.775325828078403e-4,1,-0.05812513108747624,NA,3,196666364
cg00494556,phenotype_signature_C1_vs_rest,0.18939128512157655,9.779865405417315e-4,1,-0.01034466297281966,PLSCR4,3,146252598
cg22674178,phenotype_signature_C1_vs_rest,0.18939128512157655,9.78060196174872e-4,1,-0.06148388046255258,NA,4,119507792
cg03879696,phenotype_signature_C1_vs_rest,0.18939128512157655,9.786050439168866e-4,1,-0.0666876364995339,MAPKAP1,9,128227702
cg20182202,phenotype_signature_C1_vs_rest,0.18939128512157655,9.78615436057902e-4,1,-0.06077076493742853,CABIN1,22,24154967
cg21283816,phenotype_signature_C1_vs_rest,0.18939128512157655,9.787339675159615e-4,1,-0.02315741169484497,SPRED3,19,38392741
cg25149643,phenotype_signature_C1_vs_rest,0.18939128512157655,9.78787851388368e-4,1,-0.03852535111294672,NA,2,24512851
cg04683265,phenotype_signature_C1_vs_rest,0.1894408926762697,9.79385631449613e-4,1,-0.00748422096502981,MRPS27,5,72236661
cg17811024,phenotype_signature_C1_vs_rest,0.1894408926762697,9.795581151096709e-4,1,-0.05114222127302655,NA,1,207838761
cg04942710,phenotype_signature_C1_vs_rest,0.1894408926762697,9.797018919938266e-4,1,-0.03756721625289534,MGAT4B,5,179803091
cg10409770,phenotype_signature_C1_vs_rest,0.18946105521608067,9.801591686553095e-4,1,-0.02567345567430861,BOC,3,112993292
cg27005185,phenotype_signature_C1_vs_rest,0.18946105521608067,9.80548984709617e-4,1,-0.02078104834608391,MED26,19,16599411
cg24520381,phenotype_signature_C1_vs_rest,0.18946105521608067,9.80656438558449e-4,1,-0.04907047836440909,PPP1R1B,17,39628441
cg18891604,phenotype_signature_C1_vs_rest,0.18946105521608067,9.806831436848249e-4,1,-0.03353713232777088,NA,6,36351278
cg10257332,phenotype_signature_C1_vs_rest,0.1895441763762509,9.813327344117082e-4,1,-0.05306883869664535,DHX30,3,47827647
cg08535906,phenotype_signature_C1_vs_rest,0.18964939934619737,9.820969714520516e-4,1,-0.01520550255888467,NA,3,13804560
cg17909019,phenotype_signature_C1_vs_rest,0.1896508645719415,9.825074766735345e-4,1,-0.05072846777053966,PRKCE,2,46227654
cg19502812,phenotype_signature_C1_vs_rest,0.1896508645719415,9.825434885165829e-4,1,-0.01829379736711325,NA,22,36407011
cg12905710,phenotype_signature_C1_vs_rest,0.1897733089486695,9.833974549293895e-4,1,-0.06531005013936765,NA,2,68121091
cg00231361,phenotype_signature_C1_vs_rest,0.18983227129857036,9.839226700236723e-4,1,-0.03777990122997216,NA,3,4975904
cg01510388,phenotype_signature_C1_vs_rest,0.1898968346349725,9.84477058624729e-4,1,-0.04106152315642478,CYP7B1,8,64799101
cg04880278,phenotype_signature_C1_vs_rest,0.18993915914619203,9.84916278772816e-4,1,-0.03255523673124134,GATA4,8,11739663
cg19848924,phenotype_signature_C2_vs_rest,0.18996636354919824,1.077166032585785e-5,1,-0.3770911418045159,NA,10,34344580
cg13188156,phenotype_signature_C1_vs_rest,0.1899851769254963,9.853859885860783e-4,1,-0.02314910007871694,GNG12-AS1,1,68144879
cg17569451,phenotype_signature_C1_vs_rest,0.1899851769254963,9.85594603908803e-4,1,-0.02330653361327303,DHRS7,14,60155005
cg08250181,phenotype_signature_C1_vs_rest,0.1900044356442572,9.860331403889653e-4,1,-0.01040244812682007,RARRES1,3,158441366
cg04546473,phenotype_signature_C1_vs_rest,0.1900044356442572,9.861342609454049e-4,1,-0.05142152614020621,CCSER2,10,84337033
cg15075897,phenotype_signature_C1_vs_rest,0.19013120916404191,9.871547450600877e-4,1,-0.04444878816713167,DPPA3,12,7710095
cg07120858,phenotype_signature_C1_vs_rest,0.19013120916404191,9.87232264137624e-4,1,0.09079340049725684,EPB41L3,18,5463619
cg14025976,phenotype_signature_C1_vs_rest,0.19018536403273437,9.877335396769457e-4,1,-0.02689780151713859,NA,7,105399239
cg17318854,phenotype_signature_C1_vs_rest,0.19030488391481828,9.88574491401535e-4,1,-0.05490100555775214,LIMCH1,4,41466546
cg18089907,phenotype_signature_C1_vs_rest,0.19031954888021385,9.89519795421543e-4,1,-0.01780945550561494,NA,4,79662754
cg19328051,phenotype_signature_C1_vs_rest,0.19031954888021385,9.895209158975054e-4,1,-0.0363700169177024,NA,18,12380945
cg05906295,phenotype_signature_C1_vs_rest,0.19031954888021385,9.896313282773048e-4,1,-0.00546844459845593,LETM2,8,38389115
cg00286717,phenotype_signature_C1_vs_rest,0.19031954888021385,9.897747444318746e-4,1,-0.03363004662733227,C11orf42,11,6204307
cg14390656,phenotype_signature_C1_vs_rest,0.19031954888021385,9.898739328357195e-4,1,-0.05949913813038812,NA,9,11618691
cg25487118,phenotype_signature_C1_vs_rest,0.19031954888021385,9.90121659310108e-4,1,-0.04663097859220238,SLC25A13,7,96304340
cg02235628,phenotype_signature_C1_vs_rest,0.19031954888021385,9.901923408907709e-4,1,-0.04092615546708084,NA,2,207286347
cg00292334,phenotype_signature_C1_vs_rest,0.19043826004002104,9.912262171379751e-4,1,0.0949393245047304,NA,5,100780125
cg12829183,phenotype_signature_C1_vs_rest,0.19043826004002104,9.91436084061888e-4,1,-0.04102238453620285,ATP11A,13,112763437
cg15987202,phenotype_signature_C1_vs_rest,0.19043826004002104,9.914710975847474e-4,1,-0.03840233241131333,SH3KBP1,23,19840511
cg24738849,phenotype_signature_C1_vs_rest,0.19043833733124965,9.916918759554146e-4,1,-0.00610976100983543,TMCC3,12,94590443
cg19589317,phenotype_signature_C1_vs_rest,0.1904446701335605,9.920587121646834e-4,1,-0.06022105400740962,CHSY1,15,101188969
cg15082526,phenotype_signature_C1_vs_rest,0.1904446701335605,9.92165620100734e-4,1,0.083667389470787,PECR,2,216071562
cg06113792,phenotype_signature_C1_vs_rest,0.19064715942391233,9.938003624525864e-4,1,-0.06008861985381992,NA,2,64485971
cg16412914,phenotype_signature_C1_vs_rest,0.19064715942391233,9.93819068127603e-4,1,-0.0403182123874244,AXIN1,16,308248
cg03392077,phenotype_signature_C1_vs_rest,0.19064715942391233,9.93882387826129e-4,1,-0.06692809556530097,ABCC1,16,16101762
cg21062267,phenotype_signature_C1_vs_rest,0.19067530660626217,9.943574095112409e-4,1,0.0526937510840485,NA,1,53454075
cg18032891,phenotype_signature_C1_vs_rest,0.19067530660626217,9.944704251965205e-4,1,0.1238811880121574,C8orf48,8,13424389
cg02745973,phenotype_signature_C1_vs_rest,0.1909009397825124,9.95868130305277e-4,1,-0.03226335336843292,NA,4,17274000
cg10531628,phenotype_signature_C1_vs_rest,0.1909076876767929,9.961242509820714e-4,1,-0.01825287842456344,NA,7,44126767
cg11577171,phenotype_signature_C1_vs_rest,0.1909212634515676,9.967374489262667e-4,1,-0.03839641559843326,KMT2D,12,49046300
cg09503194,phenotype_signature_C1_vs_rest,0.1909212634515676,9.96962585283226e-4,1,-0.01131940038111185,TOB2,22,41437275
cg25387677,phenotype_signature_C1_vs_rest,0.1909212634515676,9.96972223977382e-4,1,-0.05584547160298148,NA,1,207838773
cg22953445,phenotype_signature_C1_vs_rest,0.1909212634515676,9.970788263603215e-4,1,-0.01812575699012408,RFX6,6,117204749
cg10307802,phenotype_signature_C1_vs_rest,0.19096187725566915,9.97511912177592e-4,1,-0.02114703913594327,FLJ37453,1,16165243
cg14790600,phenotype_signature_C1_vs_rest,0.19101667598299885,9.983594872999223e-4,1,-0.05946130467405802,ATG5,6,106186429
cg07836225,phenotype_signature_C1_vs_rest,0.19101667598299885,9.98806691034435e-4,1,-0.07488013168113446,B3GALNT2,1,235665822
cg06744540,phenotype_signature_C1_vs_rest,0.19101667598299885,9.98829906134084e-4,1,0.0684759445726385,CLEC5A,7,141946925
cg16899501,phenotype_signature_C1_vs_rest,0.19101667598299885,9.9894779122081e-4,1,-0.07339643699370615,WFDC1,16,84309090
cg16474722,phenotype_signature_C1_vs_rest,0.19101667598299885,9.989608127563086e-4,1,-0.03002341836156084,LPCAT1,5,1477025
cg24765446,phenotype_signature_C1_vs_rest,0.19101667598299885,9.991244311685385e-4,1,-0.02707624319714864,WFDC6,20,45539335
cg16341466,phenotype_signature_C1_vs_rest,0.19104520924677068,9.994947544004415e-4,1,-0.03579731066599487,LPIN1,2,11726400
cg12861780,phenotype_signature_C1_vs_rest,0.19112816388808948,0.00100014992397395,1,-0.05070926501373293,GPR156,3,120192421
cg01953622,phenotype_signature_C1_vs_rest,0.19128448972202983,0.00100118931277453,1,-0.02526687911591746,ERP29,12,112018802
cg11559761,phenotype_signature_C1_vs_rest,0.1913620663211071,0.00100203772504733,1,-0.01829010444878972,NA,17,30544876
cg00906616,phenotype_signature_C1_vs_rest,0.1913620663211071,0.00100230555949153,1,-0.00719693059418753,PRKAG2,7,151612276
cg16362232,phenotype_signature_C1_vs_rest,0.1913620663211071,0.00100263921259332,1,-0.06995151914068014,ANO9,11,430036
cg10462803,phenotype_signature_C1_vs_rest,0.1913620663211071,0.00100292649343985,1,-0.03617298393406713,NA,16,85534614
cg25489113,phenotype_signature_C1_vs_rest,0.1913620663211071,0.00100301451915739,1,0.05582714624880821,NA,6,14596575
cg02864982,phenotype_signature_C1_vs_rest,0.1913620663211071,0.00100304627111411,1,-0.05444456410636773,MTUS2,13,29456089
cg23423412,phenotype_signature_C1_vs_rest,0.1913620663211071,0.00100322215072727,1,-0.02803885835955876,LOC101929710,5,96048742
cg07119912,phenotype_signature_C1_vs_rest,0.1913620663211071,0.00100336691056774,1,-0.0101013930343544,KIF5A,12,57583112
cg14394687,phenotype_signature_C1_vs_rest,0.19137975488706635,0.00100398388137735,1,-0.04738810587980034,PRKCA-AS1,17,66398308
cg23627448,phenotype_signature_C1_vs_rest,0.19137975488706635,0.00100400505154954,1,-0.05550421546521684,MCF2L2,3,183349555
cg05628702,phenotype_signature_C1_vs_rest,0.19137975488706635,0.00100412405301145,1,-0.027843585623281972,C20orf117,20,35491052
cg24843511,phenotype_signature_C1_vs_rest,0.19138548526001783,0.00100437559093097,1,-0.02194745152846061,S100A16,1,153579799
cg04236664,phenotype_signature_C1_vs_rest,0.19144684972118048,0.00100492124701368,1,-0.01966359555906739,NCEH1,3,172649401
cg00122488,phenotype_signature_C1_vs_rest,0.19144684972118048,0.00100514071272761,1,-0.0143581050319231,CAPZB,1,19392463
cg19901695,phenotype_signature_C1_vs_rest,0.19148310402203497,0.00100555264126217,1,-0.01085039355109236,MYO1E,15,59153777
cg20282237,phenotype_signature_C1_vs_rest,0.19152120664565475,0.00100597436210831,1,-0.0590023088790352,ITSN1,21,33844355
cg22510637,phenotype_signature_C1_vs_rest,0.19154343254165568,0.00100631275949036,1,-0.00489107803961591,R3HCC1,8,23289512
cg13806939,phenotype_signature_C2_vs_rest,0.19156903215948085,1.1268365249161827e-5,1,0.01384477152901608,NA,9,130266382
cg23441066,phenotype_signature_C2_vs_rest,0.19156903215948085,1.141515905857478e-5,1,-0.09364470617021486,CORIN,4,47625753
cg18384460,phenotype_signature_C2_vs_rest,0.19156903215948085,1.1527589674377893e-5,1,-0.0376468270475249,NA,1,63305757
cg23083776,phenotype_signature_C1_vs_rest,0.191619666243866,0.00100693501191155,1,0.01696903770155472,NA,6,32413708
cg07480301,phenotype_signature_C1_vs_rest,0.191665928483299,0.00100739991016759,1,-0.02177797106170147,VIL1,2,218422578
cg07110356,phenotype_signature_C1_vs_rest,0.19187445410227377,0.00100871796279662,1,0.05427065215942441,MPO,17,58278070
cg14908994,phenotype_signature_C1_vs_rest,0.1919113267034168,0.00100914884524989,1,-0.05270266654736433,NA,19,41189847
cg27205740,phenotype_signature_C1_vs_rest,0.1919113267034168,0.00100935596962921,1,-0.01495521657900466,MS4A2,11,60088170
cg08562592,phenotype_signature_C1_vs_rest,0.192039143105586,0.00101037207145279,1,-0.05039213202845383,PPP3R1,2,68233132
cg18130934,phenotype_signature_C1_vs_rest,0.192039143105586,0.00101067737603653,1,-0.0336050193336915,ASIC1,12,50059054
cg23241772,phenotype_signature_C1_vs_rest,0.192039143105586,0.00101069490418838,1,-0.00615117049917415,RASA3,13,114096400
cg20287234,phenotype_signature_C1_vs_rest,0.19204930007401144,0.00101097060012205,1,0.0859948760340344,GPR55,2,230924750
cg11668148,phenotype_signature_C1_vs_rest,0.19210830716156735,0.00101150352899157,1,-0.05261983191530776,HEXA,15,72344064
cg21029357,phenotype_signature_C1_vs_rest,0.1921635759503968,0.00101234477479711,1,-0.06740410396792795,FADS2,11,61601062
cg17245251,phenotype_signature_C1_vs_rest,0.1921635759503968,0.00101245134513062,1,-0.05397487243179223,NA,8,103603330
cg25026125,phenotype_signature_C1_vs_rest,0.1921635759503968,0.00101264473163632,1,-0.01288477593855003,NA,11,68847983
cg04920630,phenotype_signature_C1_vs_rest,0.1921635759503968,0.00101329906157246,1,-0.03341388001284917,SEC61A1,3,128053846
cg00198785,phenotype_signature_C1_vs_rest,0.1921635759503968,0.00101334154128357,1,0.1066745901605853,LINC01055,13,46269339
cg06648780,phenotype_signature_C1_vs_rest,0.1921635759503968,0.00101344457472494,1,-0.04137987006986117,ALCAM,3,105414973
cg06213419,phenotype_signature_C1_vs_rest,0.1921635759503968,0.00101345576844433,1,0.08892000488826657,KLF3,4,38696050
cg10601381,phenotype_signature_C1_vs_rest,0.1921635759503968,0.00101357351389791,1,-0.02366620576890613,FOXK1,7,4688367
cg13142359,phenotype_signature_C1_vs_rest,0.1922794927334069,0.00101440742759561,1,0.0612047025895116,NA,9,107548647
cg13798630,phenotype_signature_C1_vs_rest,0.19231925165527533,0.00101490972047275,1,-0.04972924030523883,HNRNPM,19,8471766
cg19268453,phenotype_signature_C1_vs_rest,0.19231925165527533,0.00101544498360798,1,0.07618860845756995,HLA-DMB,6,32937337
cg11562571,phenotype_signature_C1_vs_rest,0.19231925165527533,0.00101548949587411,1,-0.0465081329190436,PCED1B-AS1,12,47210059
cg18644049,phenotype_signature_C1_vs_rest,0.19231925165527533,0.00101561868703978,1,-0.02678200328130298,RASGRF2,5,81209138
cg04782470,phenotype_signature_C1_vs_rest,0.19231925165527533,0.00101572994629958,1,0.00737363917896938,MAST3,19,18097612
cg04996089,phenotype_signature_C1_vs_rest,0.1923851439786684,0.00101630058399751,1,-0.02344754003094126,NA,16,88870808
cg02424802,phenotype_signature_C1_vs_rest,0.192405935536186,0.00101663462616212,1,-0.04859706159827969,NA,1,184740522
cg10210448,phenotype_signature_C1_vs_rest,0.192405935536186,0.00101685572398578,1,-0.03778041048458142,ACOT7,1,6282375
cg07125870,phenotype_signature_C1_vs_rest,0.19247533652411972,0.00101778848924546,1,0.04521412344301529,NA,14,35352768
cg02403715,phenotype_signature_C1_vs_rest,0.19247533652411972,0.00101781038287112,1,-0.01793512347257339,PITPNC1,17,67438812
cg20774312,phenotype_signature_C1_vs_rest,0.19247533652411972,0.00101789070431501,1,-0.03926975556400667,RPS6KA2,6,166764125
cg18560936,phenotype_signature_C1_vs_rest,0.19254209689351548,0.00101859259654916,1,-0.02313782869886375,NA,7,1592984
cg26985528,phenotype_signature_C1_vs_rest,0.19254209689351548,0.00101868938218872,1,-0.07021590736616425,NA,17,10843981
cg03258805,phenotype_signature_C1_vs_rest,0.19254811668287017,0.00101894404872148,1,-0.03751225627981413,CEP128,14,81396669
cg05677314,phenotype_signature_C1_vs_rest,0.19254997189950956,0.00101930419312657,1,-0.0275252523121123,NA,18,72196887
cg09352282,phenotype_signature_C1_vs_rest,0.19254997189950956,0.00101939950545766,1,-0.02930122111234603,NA,2,230076385
cg19824059,phenotype_signature_C1_vs_rest,0.19286817459440456,0.00102130732434108,1,-0.02388391925449304,NRXN1,2,51028186
cg16972830,phenotype_signature_C1_vs_rest,0.19287035858033297,0.0010215420796598,1,-0.06927075223717492,NISCH,3,52458664
cg27609028,phenotype_signature_C1_vs_rest,0.19287321995254145,0.00102178042860831,1,-0.02540568218702339,NA,1,157069842
cg24528049,phenotype_signature_C1_vs_rest,0.19299350830091233,0.00102264101050495,1,-0.05044978650735091,NA,14,50090946
cg26336503,phenotype_signature_C1_vs_rest,0.1930755394289557,0.00102329910777804,1,0.00698885704015277,STX18,4,4541574
cg03418150,phenotype_signature_C1_vs_rest,0.19315983667771047,0.00102396940795206,1,-0.02501236827041796,NA,12,64527089
cg20590584,phenotype_signature_C1_vs_rest,0.19316576611755443,0.00102430850853079,1,-0.01653468517158272,CPSF1,8,144402975
cg23498922,phenotype_signature_C1_vs_rest,0.19316576611755443,0.00102448704748312,1,-0.04498002138051948,STAU1,20,49114594
cg13969327,phenotype_signature_C1_vs_rest,0.19316576611755443,0.00102488861513413,1,-0.0383048654932952,SND1,7,127886200
cg17268967,phenotype_signature_C1_vs_rest,0.19316576611755443,0.00102490277133538,1,-0.03405237423654366,MFHAS1,8,8861917
cg17717565,phenotype_signature_C1_vs_rest,0.19316576611755443,0.00102511850162367,1,-0.0644997507200245,TRIM4,7,99909638
cg24680681,phenotype_signature_C1_vs_rest,0.1933047062170779,0.00102607954088833,1,0.00374885545693575,NFIA,1,61077273
cg15881027,phenotype_signature_C1_vs_rest,0.19351208246738724,0.00102768015318651,1,-0.05568328177678908,CAP1,1,40067100
cg05330177,phenotype_signature_C1_vs_rest,0.19351208246738724,0.00102795466248154,1,-0.04185176171620489,NA,23,15882402
cg21067750,phenotype_signature_C1_vs_rest,0.19351208246738724,0.00102803264798589,1,-0.04513634916024166,PHGR1,15,40349577
cg17815886,phenotype_signature_C1_vs_rest,0.19351208246738724,0.00102807604519549,1,-0.01764146073438502,PDLIM5,4,94561188
cg04137019,phenotype_signature_C1_vs_rest,0.1935269094523683,0.00102847966571098,1,-0.01814487952563008,ITPR2,12,26714255
cg25709050,phenotype_signature_C1_vs_rest,0.1935269094523683,0.0010286027170159,1,-0.03967353329776982,RAB11FIP4,17,31490261
cg24220027,phenotype_signature_C1_vs_rest,0.19357320310614604,0.00102907277315754,1,-0.00875527037084691,RNASET2,6,166940143
cg12570134,phenotype_signature_C1_vs_rest,0.1935805951904614,0.00102933608311983,1,-0.02756856242866882,HOXB3,17,48562985
cg10438451,phenotype_signature_C1_vs_rest,0.19360318483965097,0.00102972146181863,1,-0.06872610505572467,NA,12,7799534
cg12149490,phenotype_signature_C1_vs_rest,0.19360318483965097,0.00103010982490344,1,-0.01907164328571919,PRDM16,1,3146416
cg17754362,phenotype_signature_C1_vs_rest,0.19360318483965097,0.0010301283152648,1,-0.03632451079531136,NA,2,20352355
cg15878604,phenotype_signature_C1_vs_rest,0.19374916702159503,0.00103112926792082,1,-0.06893588436710539,MGAT3,22,39456785
cg23525708,phenotype_signature_C1_vs_rest,0.1938158466594199,0.00103170842008504,1,-0.06680969726166322,KIAA0247,14,69685966
cg14866935,phenotype_signature_C1_vs_rest,0.19386219139915264,0.00103217945758095,1,-0.01057089285667985,NA,1,26174105
cg25436486,phenotype_signature_C1_vs_rest,0.19396143001377936,0.00103293228612953,1,-0.00678332964889637,NA,6,166140451
cg15623013,phenotype_signature_C1_vs_rest,0.1940216750829605,0.00103347764097851,1,-0.06162287769111366,PGLYRP4,1,153340134
cg22446725,phenotype_signature_C1_vs_rest,0.19402490689222351,0.00103371938192794,1,-0.01063011337152907,ABCC4,13,95270628
cg18991242,phenotype_signature_C1_vs_rest,0.194101200948865,0.00103435047349253,1,-0.01886687898201175,LOC100132707,7,154930432
cg10987503,phenotype_signature_C1_vs_rest,0.19415305236426597,0.00103492421361007,1,-0.03793333816443323,C7orf20,7,883188
cg07781938,phenotype_signature_C1_vs_rest,0.19415305236426597,0.00103507613503431,1,-0.04147543728700066,FAM151B,5,80489370
cg17582254,phenotype_signature_C1_vs_rest,0.1941714684704301,0.0010353990116458,1,0.04600184853213085,NA,7,88322351
cg09103311,phenotype_signature_C1_vs_rest,0.19418047489755672,0.00103567174386316,1,-0.02810199241362096,IQGAP2,5,76603292
cg12579820,phenotype_signature_C1_vs_rest,0.19419658014838265,0.00103598236708824,1,-0.06332750909880341,PHACTR2,6,143694866
cg19028751,phenotype_signature_C1_vs_rest,0.19422425987031733,0.00103654365601281,1,-0.00815073924126989,GALM,2,38733372
cg24578428,phenotype_signature_C1_vs_rest,0.19422425987031733,0.00103657954448048,1,-0.00663286672377705,CPZ,4,8619499
cg01335294,phenotype_signature_C1_vs_rest,0.19429502085646527,0.00103718203650616,1,0.03055111474265253,NA,9,91395392
cg21830341,phenotype_signature_C1_vs_rest,0.19435791875131225,0.00103774270859588,1,-0.01076490326872051,NA,2,134009795
cg25822388,phenotype_signature_C1_vs_rest,0.1944114940088064,0.00103847478457613,1,0.04610093200708546,PSD2,5,139794622
cg10306051,phenotype_signature_C1_vs_rest,0.1944114940088064,0.00103885236766104,1,-0.04053200204512215,GABBR2,9,98523489
cg09958830,phenotype_signature_C1_vs_rest,0.1944114940088064,0.00103887904032276,1,-0.01964842020335301,NA,17,60173487
cg25928986,phenotype_signature_C1_vs_rest,0.1944114940088064,0.00103892865992634,1,0.028122830560633,NA,7,97017767
cg03150082,phenotype_signature_C1_vs_rest,0.19452746167115165,0.00103977349524047,1,-0.04720887953834908,ENAH,1,225568019
cg08801866,phenotype_signature_C1_vs_rest,0.19465727552370388,0.00104069262458399,1,-0.01770612186291391,ITGB2,21,44903893
cg13968233,phenotype_signature_C1_vs_rest,0.19484244681372445,0.0010425196817838,1,-0.02277638204171245,DENND1B,1,197595328
cg18912470,phenotype_signature_C1_vs_rest,0.19484244681372445,0.00104287838590453,1,-0.03467351179887268,POLR2B,4,57848125
cg16605553,phenotype_signature_C1_vs_rest,0.19484244681372445,0.00104310708151119,1,0.00643663384077024,SLC3A2,11,62881685
cg20628042,phenotype_signature_C1_vs_rest,0.19484244681372445,0.0010431314567894,1,-0.01516659555811751,CASC5,15,40622935
cg23041762,phenotype_signature_C1_vs_rest,0.19484244681372445,0.00104321619943262,1,-0.00909059229867414,MED13L,12,116150284
cg19815110,phenotype_signature_C1_vs_rest,0.19484244681372445,0.00104324748873923,1,-0.05594080600070691,NA,4,38760011
cg12765755,phenotype_signature_C1_vs_rest,0.19484244681372445,0.00104346543036129,1,-0.00765807847456392,NRP2,2,205787223
cg08800183,phenotype_signature_C1_vs_rest,0.19484244681372445,0.00104366911405572,1,-0.00610350950278817,THADA,2,43292662
cg04341806,phenotype_signature_C1_vs_rest,0.19484244681372445,0.00104372005671074,1,-0.05804881812164823,LCP1,13,46183260
cg16982163,phenotype_signature_C1_vs_rest,0.19484244681372445,0.00104393732670588,1,-0.00538116201867351,NA,6,167162882
cg17695105,phenotype_signature_C1_vs_rest,0.19485049194152407,0.00104420591305834,1,-0.02248336088192445,CDK6,7,92731168
cg16465403,phenotype_signature_C1_vs_rest,0.1950273408587637,0.00104537933472096,1,-0.07157495802500863,HORMAD2,22,30153759
cg06605958,phenotype_signature_C1_vs_rest,0.19503058138740065,0.00104576678251893,1,-0.03787999610430048,SELO,22,50651256
cg03519593,phenotype_signature_C1_vs_rest,0.19503058138740065,0.00104591022912209,1,-0.03969472306967793,EPX,17,58197236
cg06181637,phenotype_signature_C1_vs_rest,0.19503058138740065,0.00104607377490372,1,-0.0631113979086596,PTK2B,8,27353747
cg17883142,phenotype_signature_C1_vs_rest,0.19515368760387916,0.00104695990489125,1,-0.03881186869297338,CLIP1,12,122341465
cg23964342,phenotype_signature_C1_vs_rest,0.19516736306754365,0.00104743530624412,1,-0.0129722577658809,NA,1,93039027
cg23785734,phenotype_signature_C1_vs_rest,0.19516736306754365,0.00104748496781499,1,-0.04361034016857441,ITSN2,2,24228718
cg08819223,phenotype_signature_C1_vs_rest,0.19517209266401991,0.00104800741425292,1,-0.01840188390441765,NA,3,150022993
cg27627006,phenotype_signature_C1_vs_rest,0.19517209266401991,0.00104821429790001,1,0.0460200375946728,MAML2,11,96339542
cg26041453,phenotype_signature_C1_vs_rest,0.19517209266401991,0.0010482611621579,1,-0.04163961734987771,ASRGL1,11,62338335
cg13682334,phenotype_signature_C1_vs_rest,0.19517209266401991,0.00104841376765474,1,-0.03947637345313348,ZNF638,2,71330786
cg21926038,phenotype_signature_C1_vs_rest,0.1952017811234055,0.00104914640610551,1,-0.00972500314478674,NA,19,44110909
cg20085812,phenotype_signature_C1_vs_rest,0.1952017811234055,0.00104938291699514,1,0.00172994925707931,GORASP1,3,39149038
cg20669159,phenotype_signature_C1_vs_rest,0.1952017811234055,0.00104951609241994,1,-0.00801613775146307,RPS6KA2,6,166765430
cg17261708,phenotype_signature_C1_vs_rest,0.1952017811234055,0.00104966610427488,1,-0.09377007691380496,RGS14,5,177367206
cg15139162,phenotype_signature_C1_vs_rest,0.1952017811234055,0.00104983821805127,1,-0.047872633311859,SSBP3,1,54358214
cg13794390,phenotype_signature_C1_vs_rest,0.1952017811234055,0.00104992857583109,1,-0.06646867169245356,FOXJ3,1,42259043
cg04257048,phenotype_signature_C1_vs_rest,0.1953964466380378,0.00105120173351474,1,-0.00860403899867273,FAM65B,6,25010904
cg09774567,phenotype_signature_C1_vs_rest,0.1955375726892243,0.00105218724599942,1,-0.00939021078619875,ENOX1,13,43213928
cg12954927,phenotype_signature_C1_vs_rest,0.19559833144591784,0.00105314215367171,1,-0.04907692449946357,FAR2,12,29320901
cg06647928,phenotype_signature_C1_vs_rest,0.19559833144591784,0.00105315708233544,1,-0.06061299772226102,NA,5,74316378
cg15720713,phenotype_signature_C1_vs_rest,0.19559833144591784,0.00105343564419902,1,0.08156111119155914,SNTB2,16,69299066
cg01211639,phenotype_signature_C1_vs_rest,0.19559833144591784,0.00105355663979249,1,-0.03749531118695805,NA,1,202075496
cg06389015,phenotype_signature_C1_vs_rest,0.19559833144591784,0.00105364592442156,1,-0.03889680096977693,NA,8,100477148
cg06635913,phenotype_signature_C1_vs_rest,0.19561326234078596,0.00105410748526105,1,-0.01832960445385572,TXNDC11,16,11680030
cg14010367,phenotype_signature_C1_vs_rest,0.19561326234078596,0.00105417908275516,1,-0.03137098338213093,UBA1,23,47203358
cg13607825,phenotype_signature_C1_vs_rest,0.19585716369553724,0.00105572013776952,1,-0.03945208673538234,NA,18,63458190
cg11126068,phenotype_signature_C1_vs_rest,0.1958728057110102,0.00105608195442675,1,0.00909089074245381,RPS6KB2,11,67428335
cg22889620,phenotype_signature_C1_vs_rest,0.1958728057110102,0.00105635036746127,1,-0.01964730612736726,TMED10,14,75172770
cg10997251,phenotype_signature_C1_vs_rest,0.1958728057110102,0.00105648444650827,1,0.00477779015481439,SAR1B,5,134633031
cg01132271,phenotype_signature_C1_vs_rest,0.19591600618627616,0.0010570994223358,1,-0.04154194693695144,MTFR1L,1,25821996
cg13117928,phenotype_signature_C1_vs_rest,0.19591600618627616,0.0010573438324559,1,-0.02839938902964672,NA,16,3179810
cg10314788,phenotype_signature_C1_vs_rest,0.19591600618627616,0.00105739760233476,1,-0.04641995613236843,NRCAM,7,108293532
cg10545854,phenotype_signature_C1_vs_rest,0.195989686293668,0.00105802206852493,1,0.02601055556638371,SPOP,17,49678437
cg07299810,phenotype_signature_C1_vs_rest,0.19617848664996185,0.00105933457927048,1,-0.03819462105406317,NOD1,7,30465653
cg05075921,phenotype_signature_C1_vs_rest,0.19617848664996185,0.0010594953170222,1,-0.0090440453323182,PRDM16,1,3145723
cg09565402,phenotype_signature_C1_vs_rest,0.1962284244364572,0.00105999209082358,1,-0.026309665614919,NA,2,173307106
cg15181363,phenotype_signature_C1_vs_rest,0.19628311166725448,0.00106079399707532,1,-0.02698002732345867,ARFGAP2,11,47178371
cg26019558,phenotype_signature_C1_vs_rest,0.19628311166725448,0.00106114803546839,1,-0.01386350984183198,NA,15,69477944
cg27176927,phenotype_signature_C1_vs_rest,0.19628311166725448,0.00106134004700148,1,-0.01744725214671088,GRIK4,11,120516256
cg03492136,phenotype_signature_C1_vs_rest,0.19628311166725448,0.00106142448968814,1,-0.01077913980162914,NA,12,110699249
cg13035715,phenotype_signature_C1_vs_rest,0.19628311166725448,0.00106155272623208,1,-0.02449407819339137,ERICH1-AS1,8,746143
cg18972349,phenotype_signature_C1_vs_rest,0.19628311166725448,0.00106165033921433,1,-0.03783746884520449,NA,1,28195327
cg11454328,phenotype_signature_C1_vs_rest,0.19636018992351173,0.0010623411836125,1,-0.00946649505351376,MYO7A,11,77199542
cg21805464,phenotype_signature_C1_vs_rest,0.19636018992351173,0.00106266467939411,1,-0.00637190627007901,NA,3,160696862
cg24463320,phenotype_signature_C1_vs_rest,0.19636018992351173,0.0010628343389815,1,-0.01185005522426489,RBBP4,1,32655635
cg15042440,phenotype_signature_C1_vs_rest,0.19636018992351173,0.00106297615287841,1,-0.01299581807114725,DLST,14,74891834
cg13475638,phenotype_signature_C1_vs_rest,0.1964658108393966,0.00106417887582044,1,-0.01385059181608395,NA,11,86678304
cg04481318,phenotype_signature_C1_vs_rest,0.1964658108393966,0.00106420350304973,1,-0.06909673472349476,NA,9,131406666
cg22986488,phenotype_signature_C1_vs_rest,0.1964658108393966,0.00106425023072717,1,0.00421396167197191,KIAA1429,8,94553573
cg06352398,phenotype_signature_C1_vs_rest,0.1964658108393966,0.00106445732504241,1,-0.0245890158285363,NA,9,5852289
cg15818948,phenotype_signature_C1_vs_rest,0.1965861623903716,0.00106550112566382,1,0.07068372715329821,SLC24A3,20,19658037
cg13490599,phenotype_signature_C1_vs_rest,0.1965861623903716,0.00106556437367095,1,-0.0125160402854608,PCAT29,15,69669937
cg04500084,phenotype_signature_C1_vs_rest,0.19670477559802624,0.00106643492542602,1,-0.04048764882049931,PTCHD3,10,27414618
cg08527358,phenotype_signature_C1_vs_rest,0.1967510940724783,0.0010669137221503,1,-0.00906758986357948,CUL9,6,43205115
cg04240456,phenotype_signature_C1_vs_rest,0.19679942907024808,0.00106740356332248,1,-0.00646323085699875,NA,1,89290989
cg14705893,phenotype_signature_C1_vs_rest,0.1969170017975155,0.00106826912907307,1,-0.02187708646322748,NDUFV3,21,42895744
cg15547159,phenotype_signature_C1_vs_rest,0.1969180279223378,0.00106882785097986,1,-0.0146760617979024,RBFOX1,16,7330929
cg23393786,phenotype_signature_C1_vs_rest,0.1969180279223378,0.00106887490885716,1,-0.02896584935113246,NA,4,77151353
cg18348757,phenotype_signature_C1_vs_rest,0.1969180279223378,0.00106906204830952,1,-0.00873347435142967,KIAA1671,22,25184313
cg25315400,phenotype_signature_C1_vs_rest,0.1969180279223378,0.00106918619295171,1,-0.04093782680497849,ADAMTS14,10,70673462
cg27187848,phenotype_signature_C1_vs_rest,0.1969212037794951,0.0010695305530979,1,0.05178422958805,PCDHGA8,5,141509267
cg06651549,phenotype_signature_C1_vs_rest,0.1969212037794951,0.00106965919252741,1,-0.06370450338567002,NA,5,134107538
cg15724229,phenotype_signature_C1_vs_rest,0.19693005810420344,0.00106993517668099,1,-0.01255384808363079,C12orf79,12,92071653
cg26947127,phenotype_signature_C1_vs_rest,0.1970373577215453,0.00107081683494238,1,-0.00815454842451172,APOLD1,12,12748813
cg25297070,phenotype_signature_C1_vs_rest,0.1970373577215453,0.00107097416799139,1,-0.03661813945942874,FAM212B,1,111749052
cg11224973,phenotype_signature_C1_vs_rest,0.1970423400412827,0.0010712292669738,1,-0.04745694688865984,NA,12,33547949
cg16676618,phenotype_signature_C1_vs_rest,0.1970434174824478,0.00107146314392609,1,-0.00994528635542039,NA,16,21338992
cg05124190,phenotype_signature_C1_vs_rest,0.19705632407060597,0.00107176136042252,1,-0.03706888579439284,NA,6,137631596
cg06296671,phenotype_signature_C1_vs_rest,0.19713121984318943,0.00107301609962575,1,-0.04504904464259247,NA,13,23519752
cg16224829,phenotype_signature_C1_vs_rest,0.19713121984318943,0.00107331019240502,1,-0.03780244716257085,NR3C1,5,143413133
cg04910082,phenotype_signature_C1_vs_rest,0.19713121984318943,0.00107331673722917,1,-0.05209771210835839,TTLL1,22,43067117
cg12783693,phenotype_signature_C1_vs_rest,0.19713121984318943,0.00107388523932119,1,-0.02108956675823311,NA,14,66065561
cg06607384,phenotype_signature_C1_vs_rest,0.19713121984318943,0.0010743315990345,1,-0.06831851946982472,C14orf159,14,91113515
cg15113118,phenotype_signature_C1_vs_rest,0.19713121984318943,0.00107463345541852,1,-0.03920109969810315,CYMP,1,110490417
cg26915173,phenotype_signature_C1_vs_rest,0.19713121984318943,0.00107465672971328,1,-0.02922935832708165,NA,13,46546557
cg06850491,phenotype_signature_C1_vs_rest,0.19713121984318943,0.0010746690575279,1,-0.05010819540147397,INSR,19,7211753
cg00469284,phenotype_signature_C1_vs_rest,0.19713121984318943,0.00107479253567033,1,-0.06265173032633442,LCLAT1,2,30480944
cg20936529,phenotype_signature_C1_vs_rest,0.19713121984318943,0.00107491396714327,1,-0.05985506861128364,ZADH2,18,75200805
cg11304291,phenotype_signature_C1_vs_rest,0.19713121984318943,0.00107499992800463,1,-0.01117164456593753,NA,15,84961181
cg15922553,phenotype_signature_C1_vs_rest,0.19713121984318943,0.00107515950805392,1,-0.00959357796148513,PACRG,6,163290846
cg02870476,phenotype_signature_C1_vs_rest,0.19713121984318943,0.0010756110605141,1,-0.01093120621098001,NA,20,45997361
cg09662330,phenotype_signature_C1_vs_rest,0.19713121984318943,0.00107573513084989,1,-0.01156477571029498,NA,11,34150106
cg18552981,phenotype_signature_C1_vs_rest,0.19713121984318943,0.00107581136860123,1,-0.02529007750622342,NA,17,65092404
cg00927699,phenotype_signature_C1_vs_rest,0.19713121984318943,0.00107581864391968,1,-0.03572398475568564,ADARB1,21,45073374
cg26517176,phenotype_signature_C1_vs_rest,0.19714456595877444,0.00107611961509958,1,-0.04320671587433454,SLC24A4,14,92451715
cg20820367,phenotype_signature_C1_vs_rest,0.19715359314818665,0.00107654049328603,1,-0.03527929544238169,NA,2,68889659
cg17084048,phenotype_signature_C1_vs_rest,0.19715359314818665,0.00107662518407212,1,0.00737698184121402,MPP5,14,67241125
cg06053407,phenotype_signature_C1_vs_rest,0.19724691767558172,0.0010773630697247,1,-0.05767704608234782,MYT1,20,64221399
cg03382306,phenotype_signature_C1_vs_rest,0.19727647800702447,0.00107775281741078,1,-0.05960845058420571,NA,15,65805621
cg07598171,phenotype_signature_C1_vs_rest,0.19735999742420549,0.00107851268931398,1,-0.01773819796545956,MYO7A,11,77138843
cg04221461,phenotype_signature_C1_vs_rest,0.19735999742420549,0.001078665868776,1,-0.04806390804931471,AKT3,1,243713722
cg00579531,phenotype_signature_C1_vs_rest,0.19746876875237623,0.0010795803000774,1,-0.01841607679980117,DLGAP2,8,1547166
cg02202664,phenotype_signature_C1_vs_rest,0.19746876875237623,0.00107971737883494,1,-0.04985171174677141,TIAM2,6,155224119
cg22621390,phenotype_signature_C1_vs_rest,0.1974927594464385,0.00108007709424252,1,-0.0409816321260834,NA,6,25191488
cg19198919,phenotype_signature_C1_vs_rest,0.19762277069441336,0.00108105282918919,1,-0.02684788980966108,ALKBH2,12,109089625
cg02552189,phenotype_signature_C1_vs_rest,0.19762277069441336,0.00108142814132366,1,-0.04800151291485442,NA,2,223026566
cg03968861,phenotype_signature_C1_vs_rest,0.19762277069441336,0.00108164907855012,1,-0.00648342326796098,CCPG1,15,55397358
cg02216247,phenotype_signature_C1_vs_rest,0.19762277069441336,0.00108170287794806,1,-0.01603542220497396,NTSR1,20,62710665
cg09676390,phenotype_signature_C1_vs_rest,0.1976844690688519,0.00108226934979579,1,-0.0605729609833291,ADARB1,21,45073430
cg07909967,phenotype_signature_C1_vs_rest,0.197688908728832,0.00108289206015714,1,-0.01418980101921137,LOC101928865,11,78431001
cg27278668,phenotype_signature_C1_vs_rest,0.197688908728832,0.00108291837861861,1,0.06479759904907145,NA,10,6410098
cg20022687,phenotype_signature_C1_vs_rest,0.197688908728832,0.00108307740874425,1,-0.02646796329879822,WDFY4,10,48872424
cg01244651,phenotype_signature_C1_vs_rest,0.197688908728832,0.00108383322106082,1,-0.01093697717093854,TMEM125,1,43269080
cg24943518,phenotype_signature_C1_vs_rest,0.197688908728832,0.00108390804167068,1,-0.00845318214750665,NA,14,101593293
cg03659897,phenotype_signature_C1_vs_rest,0.197688908728832,0.00108428986198386,1,-0.00812838402769479,USP4,3,49318449
cg19549763,phenotype_signature_C1_vs_rest,0.197688908728832,0.00108493841703757,1,-0.0132721629414835,ELP4,11,31767881
cg17933812,phenotype_signature_C1_vs_rest,0.197688908728832,0.00108495038146338,1,-0.04144400379123167,C1orf186,1,206081572
cg20606792,phenotype_signature_C1_vs_rest,0.197688908728832,0.00108497178675012,1,-0.02941121682445204,LIPE,19,42408476
cg05207644,phenotype_signature_C1_vs_rest,0.197688908728832,0.00108509735812364,1,-0.00804834129976954,ZNF530,19,57598429
cg03568859,phenotype_signature_C1_vs_rest,0.197688908728832,0.00108542433076841,1,-0.06754058348065743,LMAN2L,2,96739311
cg02869730,phenotype_signature_C1_vs_rest,0.197688908728832,0.00108563360336698,1,-0.03720419036253659,KAT8,16,31123944
cg19669978,phenotype_signature_C1_vs_rest,0.197688908728832,0.00108571770345665,1,-0.03092232678912639,OR51B5,11,5346052
cg07313820,phenotype_signature_C1_vs_rest,0.197688908728832,0.00108576362456018,1,-0.03244385376542919,UTP11L,1,38016413
cg00114012,phenotype_signature_C1_vs_rest,0.197688908728832,0.00108587480932581,1,-0.06222927373038586,SLC2A8,9,127395865
cg04910752,phenotype_signature_C1_vs_rest,0.197688908728832,0.00108610964055862,1,-0.03634186668331229,TAS1R3,1,1267117
cg05116119,phenotype_signature_C1_vs_rest,0.197688908728832,0.00108623154173806,1,-0.02881712369737758,NBPF8,1,148295112
cg05184016,phenotype_signature_C1_vs_rest,0.197688908728832,0.00108641145024627,1,-0.04271357778147674,ZNF862,7,149846047
cg22618716,phenotype_signature_C1_vs_rest,0.19770728746747945,0.00108674123935433,1,-0.0243854234922437,MTF1,1,38307110
cg14365848,phenotype_signature_C1_vs_rest,0.19770959228443527,0.00108698269858005,1,-0.01711212320735751,CLIP1,12,122826698
cg06176418,phenotype_signature_C1_vs_rest,0.1977507718430878,0.00108743793661109,1,-0.00935128783156888,LINC01554,5,95853546
cg14915131,phenotype_signature_C1_vs_rest,0.1977973089345401,0.00108792273739558,1,-0.01646185789067647,ST3GAL1,8,133488305
cg04701897,phenotype_signature_C1_vs_rest,0.19780487334317573,0.00108819324363475,1,-0.03612862231017112,PPIB,15,64161944
cg11763982,phenotype_signature_C1_vs_rest,0.19788276677382735,0.0010888507531193,1,-0.015406208527605,AHRR,5,333075
cg09186359,phenotype_signature_C1_vs_rest,0.19792324776488324,0.00108941351031284,1,-0.01985111879426545,MAP4K3,2,39394721
cg10821511,phenotype_signature_C1_vs_rest,0.19792324776488324,0.001089531575021,1,-0.03522258734659646,GNGT2,17,49209083
cg08842268,phenotype_signature_C1_vs_rest,0.19799458520683583,0.00109022170298684,1,-0.00683710833144877,AP2B1,17,35713290
cg25340906,phenotype_signature_C1_vs_rest,0.19799458520683583,0.00109063842725039,1,-0.00610869791816598,NA,8,650940
cg19664446,phenotype_signature_C1_vs_rest,0.19799458520683583,0.00109075713094421,1,-0.0091832249844879,NA,17,72270465
cg05296619,phenotype_signature_C1_vs_rest,0.19799458520683583,0.00109094385273909,1,0.07114925269537387,RASA3,13,114069208
cg10253639,phenotype_signature_C1_vs_rest,0.19799458520683583,0.00109106987515501,1,-0.01316244105403717,NA,17,13363029
cg21257831,phenotype_signature_C1_vs_rest,0.1979954956119888,0.00109167737736681,1,-0.03563109079689413,ADCY6,12,48774686
cg23242341,phenotype_signature_C1_vs_rest,0.1979954956119888,0.00109168682511348,1,-0.02777545810166836,BRMS1,11,66346195
cg11067407,phenotype_signature_C1_vs_rest,0.1979954956119888,0.0010918720529839,1,0.05117141024714237,NA,11,113729130
cg07387429,phenotype_signature_C1_vs_rest,0.1979954956119888,0.0010921453107767,1,-0.04305656881650932,NA,1,153262333
cg24170465,phenotype_signature_C1_vs_rest,0.1979954956119888,0.00109242925078103,1,-0.0623018419517284,FAM198B,4,158173125
cg21877464,phenotype_signature_C1_vs_rest,0.1979954956119888,0.00109278935307755,1,0.07538784916786098,SPARC,5,151676778
cg11864970,phenotype_signature_C1_vs_rest,0.1979954956119888,0.00109283350140553,1,-0.01235988947755602,MAP3K14,17,45287001
cg04314825,phenotype_signature_C1_vs_rest,0.1979954956119888,0.00109290786119708,1,-0.04384628378561119,NA,15,70798934
cg18705895,phenotype_signature_C1_vs_rest,0.19801823999621157,0.00109326255452967,1,-0.04662787797531861,NA,9,123305020
cg05910038,phenotype_signature_C1_vs_rest,0.1981464469572161,0.00109438372175624,1,-0.0673175353446171,NA,20,1708635
cg11529849,phenotype_signature_C1_vs_rest,0.1981464469572161,0.00109472761331178,1,-0.02202646124068199,PRR5L,11,36426367
cg20953277,phenotype_signature_C1_vs_rest,0.1981464469572161,0.0010948459437574,1,-0.00702113556857052,FAM196A,10,127150505
cg18005945,phenotype_signature_C1_vs_rest,0.1981464469572161,0.00109520112297456,1,-0.02628556945478881,BCRP2,22,21458402
cg00095878,phenotype_signature_C1_vs_rest,0.1981464469572161,0.00109540349406649,1,-0.01932224352022172,ASIC3,7,151048603
cg16761390,phenotype_signature_C1_vs_rest,0.1981464469572161,0.0010956209312929,1,0.0166453595690789,NA,7,27251105
cg02359181,phenotype_signature_C1_vs_rest,0.1981464469572161,0.00109582091981837,1,-0.04791664470392663,GPI,19,34369434
cg26710371,phenotype_signature_C1_vs_rest,0.1981464469572161,0.00109601239757334,1,-0.04333276001326799,LDLRAD3,11,36212665
cg16144331,phenotype_signature_C1_vs_rest,0.1981464469572161,0.00109603405009245,1,-0.04673328172707866,NA,8,141241276
cg25212667,phenotype_signature_C1_vs_rest,0.1981570461162315,0.00109632198673578,1,0.0123200587991734,NA,20,53926776
cg01633282,phenotype_signature_C1_vs_rest,0.19818675705248337,0.00109694024739513,1,-0.01731252380617647,SLC44A3,1,94893045
cg09671385,phenotype_signature_C1_vs_rest,0.19818675705248337,0.00109694505015556,1,-0.01447372296933176,MYT1,20,64238189
cg14064637,phenotype_signature_C1_vs_rest,0.19831065335445383,0.0010978602903745,1,-0.04624395073321771,SH3GL1,19,4377140
cg03325702,phenotype_signature_C1_vs_rest,0.19836788910025296,0.00109850273058496,1,-0.0114335109513124,HYDIN,16,70899995
cg10901421,phenotype_signature_C1_vs_rest,0.19836788910025296,0.00109863625523497,1,-0.03616973932647854,ARID5B,10,62016149
cg25235958,phenotype_signature_C1_vs_rest,0.19840554647738712,0.00109907441166282,1,-0.09197557587987425,NA,17,79797058
cg23029395,phenotype_signature_C1_vs_rest,0.19845428916363164,0.00109961141989245,1,-0.03328330441382072,NA,14,23033059
cg01536222,phenotype_signature_C1_vs_rest,0.19845428916363164,0.00109980372759032,1,-0.04696461537987718,XKR6,8,11013681
cg03240747,phenotype_signature_C1_vs_rest,0.1984642778699429,0.00110008874711512,1,-0.02029215621776616,ADAM17,2,9527875
cg10786200,phenotype_signature_C1_vs_rest,0.19847596119631455,0.0011004276851216,1,-0.02674047033947582,NA,1,221083102
cg10696302,phenotype_signature_C1_vs_rest,0.19847596119631455,0.0011006128621501,1,-0.00667292247987773,PLXNB2,22,50281057
cg11690122,phenotype_signature_C1_vs_rest,0.198524139024211,0.00110110975655098,1,-0.05931235759631102,NA,10,88065279
cg06069753,phenotype_signature_C1_vs_rest,0.19857128499430635,0.00110171550971733,1,-0.06332298823486394,MAPKBP1,15,42118802
cg16087666,phenotype_signature_C1_vs_rest,0.19857128499430635,0.00110183082553497,1,-0.02597177066052748,NA,17,76107817
cg22089701,phenotype_signature_C1_vs_rest,0.1986457387978715,0.00110259994895116,1,-0.01916352864114334,OR8B2,11,124253666
cg16592897,phenotype_signature_C1_vs_rest,0.1986457387978715,0.00110270370144765,1,-0.02559391467438909,CYMP,1,110480579
cg04964072,phenotype_signature_C1_vs_rest,0.19864606906635607,0.00110293540879425,1,-0.01306304514039578,NA,1,152071229
cg08881654,phenotype_signature_C1_vs_rest,0.1986470385201003,0.00110317066657018,1,-0.00447229060131615,LINC01291,2,74930629
cg12094965,phenotype_signature_C1_vs_rest,0.1986650384599178,0.00110372241848027,1,-0.01601391315945871,NA,12,109311838
cg24047187,phenotype_signature_C1_vs_rest,0.1986650384599178,0.0011037304197017,1,-0.04279013840020349,C2orf55,2,98794277
cg00513728,phenotype_signature_C1_vs_rest,0.1988057316249291,0.0011049767078032,1,-0.00877406931057535,EBAG9,8,109538489
cg03332387,phenotype_signature_C1_vs_rest,0.1988057316249291,0.00110503712996284,1,-0.01090657114497556,PPARA,22,46241857
cg04950965,phenotype_signature_C1_vs_rest,0.1988057316249291,0.00110520224998166,1,-0.03729989341930835,GNG12,1,67736837
cg14473228,phenotype_signature_C1_vs_rest,0.19884983479204832,0.00110567753841429,1,-0.02941843258313523,LETM1,4,1851102
cg26385286,phenotype_signature_C1_vs_rest,0.19889775836548348,0.00110620245212804,1,-0.04310588301723154,GCNT2,6,10527582
cg10426253,phenotype_signature_C1_vs_rest,0.19889775836548348,0.00110640434143863,1,-0.05517317090875828,RTN3,11,63513622
cg06553089,phenotype_signature_C1_vs_rest,0.19897863413547312,0.00110708448620538,1,-0.05017073171137962,LOC729970,1,94950093
cg25863223,phenotype_signature_C1_vs_rest,0.19897875270324347,0.00110755725094811,1,-0.04680697796012371,NCF4,22,36860314
cg12403973,phenotype_signature_C1_vs_rest,0.19897875270324347,0.00110758578340303,1,-0.0619832033332765,SREBF2,22,41834895
cg14802481,phenotype_signature_C1_vs_rest,0.19897875270324347,0.0011078245032572,1,-0.06256592124746159,MYO6,6,75853029
cg24187758,phenotype_signature_C1_vs_rest,0.19897875270324347,0.0011080061817921,1,-0.01507257072457118,RADIL,7,4839070
cg22475082,phenotype_signature_C1_vs_rest,0.1990317360236204,0.00110862955268425,1,-0.01065284879348362,NLRP2,19,54986313
cg26905545,phenotype_signature_C1_vs_rest,0.1990317360236204,0.00110897439764634,1,-0.05812695603666752,UBXN7,3,196431024
cg11296110,phenotype_signature_C1_vs_rest,0.1990317360236204,0.00110923074801655,1,-0.0610042048286993,NADK,1,1690811
cg17626395,phenotype_signature_C1_vs_rest,0.1990317360236204,0.00110976722754926,1,-0.03504639568302628,IL20RA,6,137002951
cg06846137,phenotype_signature_C1_vs_rest,0.1990317360236204,0.00110979294335487,1,-0.01740962653593976,EBF3,10,131682939
cg04905373,phenotype_signature_C1_vs_rest,0.1990317360236204,0.00110988589373155,1,-0.01458916197272392,TARBP1,1,234435869
cg11844053,phenotype_signature_C1_vs_rest,0.1990317360236204,0.00110991345955089,1,-0.06583458311763232,HHAT,1,210531428
cg14425271,phenotype_signature_C1_vs_rest,0.19912165471238585,0.00111067364364738,1,-0.04076404049393731,ENOX1,13,43388099
cg25039814,phenotype_signature_C1_vs_rest,0.19912165471238585,0.00111087574566559,1,-0.01950044273995064,EEFSEC,3,128337169
cg17374802,phenotype_signature_C1_vs_rest,0.1991682877845324,0.0011113663842669,1,-0.05867939327941683,EPX,17,58193467
cg07667327,phenotype_signature_C1_vs_rest,0.1992403003837651,0.0011119987788617,1,-0.01186607124329752,GPR156,3,120192610
cg15787985,phenotype_signature_C1_vs_rest,0.19925020765228552,0.00111228464635229,1,-0.06648217352333403,MAP6D1,3,183826261
cg11045198,phenotype_signature_C1_vs_rest,0.19945307959272604,0.00111364795664987,1,-0.04193143362371009,NA,6,105883007
cg11888085,phenotype_signature_C1_vs_rest,0.19953226636427732,0.00111454032706873,1,-0.00821643127367096,NIPAL4,5,157459139
cg13836323,phenotype_signature_C1_vs_rest,0.19953226636427732,0.00111455189566229,1,-0.03812309852529374,GNA15,19,3135191
cg13844455,phenotype_signature_C1_vs_rest,0.1995793613838213,0.0011150459140997,1,-0.02239272114837488,NA,17,43573514
cg12099921,phenotype_signature_C1_vs_rest,0.19965949458411164,0.00111572466342342,1,-0.05674055096154671,NA,6,143535111
cg08775153,phenotype_signature_C1_vs_rest,0.19968046261698152,0.00111651966570422,1,-0.0618130024058673,RUSC2,9,35537301
cg10878205,phenotype_signature_C1_vs_rest,0.19968046261698152,0.00111661967374786,1,-0.04053130986027135,AGXT,2,240868689
cg23065768,phenotype_signature_C1_vs_rest,0.19968046261698152,0.00111662704404712,1,-0.04788771774985342,KCNJ11,11,17390165
cg14040871,phenotype_signature_C1_vs_rest,0.19968046261698152,0.00111737709261888,1,-0.00940725318943341,COL27A1,9,114208565
cg00450560,phenotype_signature_C1_vs_rest,0.19968046261698152,0.00111738565127567,1,-0.03809103356899747,NA,2,37776078
cg01452452,phenotype_signature_C1_vs_rest,0.19968046261698152,0.00111779848835793,1,-0.00859843185378766,CD209,19,7743113
cg26699747,phenotype_signature_C1_vs_rest,0.19968046261698152,0.00111781392718436,1,-0.00692207452181543,TBC1D22A,22,47171977
cg04476877,phenotype_signature_C1_vs_rest,0.19968046261698152,0.00111785186344028,1,-0.06007231893652743,NA,5,43600675
cg13948883,phenotype_signature_C1_vs_rest,0.19968046261698152,0.00111792980357394,1,-0.04664907474097665,NA,9,134625551
cg23714019,phenotype_signature_C1_vs_rest,0.19968046261698152,0.00111815254562111,1,-0.01081091369790913,NA,14,59221389
cg01338148,phenotype_signature_C1_vs_rest,0.1997979594154365,0.00111904170050027,1,-0.01747605628667545,KCND2,7,120274724
cg20955024,phenotype_signature_C1_vs_rest,0.1998077834219869,0.00111948913490072,1,-0.02588643915667701,OTULIN,5,14673125
cg22250781,phenotype_signature_C1_vs_rest,0.1998077834219869,0.00111955916011218,1,-0.04532436480755975,NHLRC4,16,615887
cg23525051,phenotype_signature_C1_vs_rest,0.19981717113918243,0.00111988761808606,1,-0.019271988966279,RASGRP1,15,38560479
cg17633681,phenotype_signature_C1_vs_rest,0.19981717113918243,0.00112007421957965,1,-0.02135197671062298,BANP,16,88073381
cg06585645,phenotype_signature_C1_vs_rest,0.19982249942942207,0.00112049037106222,1,-0.02880213031919551,NA,1,83921990
cg00420212,phenotype_signature_C1_vs_rest,0.19982249942942207,0.00112071236830099,1,-0.04710848584104265,NA,1,87201243
cg15479589,phenotype_signature_C1_vs_rest,0.19982249942942207,0.00112083467756389,1,-0.04584079577189758,NA,8,8998450
cg16090904,phenotype_signature_C1_vs_rest,0.19982249942942207,0.00112105398893489,1,-0.01997195887717514,CLTC,17,59643182
cg02051267,phenotype_signature_C1_vs_rest,0.19982249942942207,0.00112126026408926,1,-0.03234981766635681,OLFML2A,9,124813302
cg04901576,phenotype_signature_C1_vs_rest,0.19988609766921095,0.00112184844066283,1,-0.06731191834361788,LINC00673,17,70585747
cg04016593,phenotype_signature_C1_vs_rest,0.19991095847055884,0.00112235417394394,1,-0.03899041666621135,NA,4,87241624
cg02932780,phenotype_signature_C1_vs_rest,0.19991095847055884,0.00112246397649964,1,-0.04354445789394528,VARS,6,31794576
cg09908050,phenotype_signature_C1_vs_rest,0.19991095847055884,0.00112274170917886,1,-0.049274502681375,TPCN1,12,113285199
cg01116491,phenotype_signature_C1_vs_rest,0.19991095847055884,0.00112291332128617,1,-0.01992130734946638,BANK1,4,101793982
cg03750903,phenotype_signature_C1_vs_rest,0.1999611101683074,0.0011235669401638,1,-0.010543490351180511,NA,1,193077840
cg00695187,phenotype_signature_C1_vs_rest,0.1999611101683074,0.00112365781827421,1,-0.02377998842748831,PTPRJ,11,48011152
