"ONTOLOGY","TERM","N","DE","P.DE","FDR","SigGenesInSet","comp_id"
"BP","immune response",1703,579,3.51819380383983e-14,7.99474359984562e-10,"ADA,TANK,C17orf99,KLRC4-KLRK1,CERT1,TRIM10,IFNL4,RASGRP1,CDH17,TRIM13,PRG4,CD96,IGSF6,ADAR,TNIP1,CCL26,BTN2A2,NOD1,ADARB1,WFDC2,RAPGEF3,VAV3,TRIM38,SEMA4D,SEMA3C,KAT5,IPO7,GNLY,POLR3C,CXCR6,TRAF3IP2,CCR9,CPLX2,LILRB1,ARID5A,USP20,CEACAM8,MALT1,BTNL3,SPINK5,LILRB4,LILRB3,RIPK3,RAPGEF4,BTN3A2,CORO1A,CHIT1,IRAK3,DUSP10,SCN11A,VPS26B,LYST,NLRP3,ERMAP,CHUK,PGLYRP2,SLAMF6,GBP5,RNF166,CLNK,CLU,TMEM45B,SLC15A4,SPPL3,CCR1,CCR4,CMKLR1,LTB4R,CNR2,RNF19B,COL3A1,IL31RA,ADORA2B,CRHR1,NEK7,SIRPA,PARP1,MAPK14,CSF1R,CSK,PIK3R6,RC3H1,CTLA4,SHLD1,NFAM1,CTSG,CTSH,CTSW,CX3CR1,BTNL9,CYLD,CD55,DAPK1,ZFPM1,DENND1B,DHX15,DEFA1,DEFA3,DEFA4,DEFA5,DEFB4A,SLC30A8,DHX36,DOCK2,DUSP3,GPR183,AHR,PLPP4,NLRC3,ELANE,ELF1,A2M,UNC13D,GAPT,TRIML2,AKT1,ESR1,ETS1,EXT1,F12,PTK2B,FCAR,FCER2,MARCHF8,FCGR1BP,FCGR3B,FCGRT,FER,FGL1,FGR,RAB11FIP2,NLRP1,CARD8,SBNO2,ENDOD1,SWAP70,TRIM35,RAP1GAP2,KDM6B,FCHO1,GRAMD4,FLNB,RFTN1,DTX4,PLCL2,ICOSLG,PUM2,PIK3R5,ATP6V0A2,PADI4,CDC42EP4,FPR3,IL17RA,ALOX5,MTOR,ABL1,FUT7,FYB1,FYN,YTHDF3,SERINC5,SAMHD1,ANKRD17,STAP1,GATA3,CLEC4E,GCH1,GFI1,LAT,LAMP3,FOXP1,C5AR2,TNFRSF21,CRCP,ADAMDEC1,GNL1,GPLD1,GPR17,FFAR3,GRN,RGCC,DBNL,SETD2,TBK1,CD274,GSN,BLNK,ZDHHC1,ANXA1,HCK,HK1,HLA-DOB,HLA-DPB1,HLA-DQA1,HLA-DQA2,HLA-DQB1,HLA-DQB2,HLA-DRA,HLA-DRB1,HLA-DRB5,HLX,HRH2,ICAM1,IRF8,STING1,IFNAR2,IFNG,IFNGR2,IGF1R,APP,RBPJ,TICAM2,FAS,IL1A,IL1R1,IL1RAP,IL6R,IL7R,IL10,IL15,IL16,INPP5D,IRAK2,IRF4,IRF7,ITGAL,ITGAM,ITGB2,JAK1,JAK3,TRIM23,KARS1,NRROS,KIF5B,ARG1,SCIMP,CCL4L1,LAG3,LAIR1,LAMP1,LCK,LCN2,LCP2,LFNG,LGALS1,LGALS3,LIG4,LIMK1,RAB44,PLPP6,DEFB133,LRP1,LTF,CD180,LYN,MIRLET7B,MIR140,MIR17,MIR18A,MIR19A,MIR19B1,MIR20A,MIR21,MIR302A,SMAD3,ARRB2,SMAD6,SMAD7,MBP,MEF2C,MEFV,MAP3K1,MAP3K5,CIITA,KMT2A,MPL,EIF2AK4,TARM1,MX1,MYB,MYO1C,NCF2,NCK1,NEDD4,NFIL3,NFKB1,NINJ1,NKG7,NOTCH1,NOTCH2,OSM,P2RX7,FURIN,PRDX1,IL21R,PAK2,REG3A,PAWR,ZBTB7B,LEF1,HERC5,MARCHF2,BPIFA1,PDCD1,PDE4B,PDE4D,ACKR4,CYRIB,NUB1,PDPK1,CD244,ERAP1,PHB1,PIK3CG,PIK3R1,PLA2G4A,UBASH3A,PLCG1,PLCG2,PLEC,PML,TRIM34,ACP5,TLR9,TREM1,SASH3,TOLLIP,RBM47,APBB1IP,SHLD2,PPARG,PPBP,LAX1,DUS2,MARCHF1,BANK1,TMEM33,APPL2,PSPC1,UBE2W,SHFL,LGR4,NAGK,DDX60,DOCK10,LYAR,RAB20,NPLOC4,POLR3E,INAVA,PRKCB,PRKCE,PAG1,PRKCH,PRKCZ,PRKDC,ERBIN,MAPK1,MAPK8,MAPK10,CRTAM,CTNNBL1,AZU1,PSMA1,SLAMF8,SPHK2,WRNIP1,SPIRE1,SPPL2B,DUSP22,C12orf4,CD177,RTN4,PELI1,ZNFX1,AICDA,PTK2,PTK6,WDFY1,PTPN1,EPG5,MARK4,PTPN11,PTPRC,PTPRD,PTPRJ,NECTIN1,NECTIN2,CXCL16,CACTIN,MAP4K2,RAB27A,RAC2,RAF1,RAP1GAP,RARA,BCL2,TRIM27,RFX1,BCL3,BCL6,BACH2,RORA,RORC,BCR,RPS3,S100A9,S100A13,CFB,CEACAM1,CCL3,CCL13,CCL18,CCL22,SEC14L1,SECTM1,MYO1G,SAMSN1,VSIR,NOD2,IFIH1,MAP2K4,ERAP2,SEMA4A,RAB17,SFTPD,DCLRE1C,CLEC7A,SHB,ILRUN,ST6GAL1,ST3GAL1,SIPA1,SKP2,WNK1,SLC11A1,SLC18A2,CHID1,SNCA,SOS1,SP100,SPI1,SPN,SRC,BRAF,SRPK1,STAT3,STAT5B,SYK,ADAM17,TCF7,TCF12,TEC,TGFB1,TGFBR3,THBS1,SERPING1,TLR5,TNFAIP3,C1QB,TNFRSF1B,C1QC,C1S,C2,TRAF2,TRAF3,TRAF6,C3AR1,DEFA1B,CCR2,TNFRSF4,TXK,ACOD1,UBA7,VAV2,VIM,NSD2,XRCC5,YWHAZ,TRIM26,ZP3,LAPTM5,PXDN,CACNB4,MAPKAPK3,PVRIG,LILRA6,BAG6,TMEM43,CYBC1,RHBDF2,NLRX1,GSDMD,BTNL8,ATAT1,SVEP1,CALM1,NR4A3,CCDC92,ALPK1,CD276,NDFIP1,ZBP1,COLEC12,SLC7A5,TRIM11,CLPB,AKAP1,DYSF,KLRC4,CASP1,FCRL4,ITCH,CASP6,NLRC5,STX7,SLA2,ZDHHC18,RNF135,CARD11,SANBR,IL1F10,CRACR2A,GPR65,SEMA7A,HAVCR2,ORAI1,ZNRF1,DGKZ,CST7,APOL1,CAV1,RNASET2,OASL,MARCO,S1PR4,GBF1,TNFSF12,TNFSF10,FADD,TNFRSF11A,IL18RAP,IL1RL2,IL18R1,CD84,VNN1,TRIM4,KYNU,KLHL6,TRIM15,SLAMF9,PGLYRP1,TNFSF18,OTULIN,CCRL2,PSTPIP1,CD1D,RNF185,RSAD2,CD3E,IL1RL1,DDX21,CD247,CD5L,CD6,UBE2L6,MFHAS1,MAPKAPK2,BPIFB1,CD83,NEURL3,CD22,CD27,CD80,CD86,AIM2,LY86,ATG5,CD36,STX8,CD38,GTPBP1,APOBEC3B,CD58,CD59,PHF14,CD68,N4BP1,PUM1,CD79B,CD81,HDAC4,ADGRE5,MATR3,TESPA1,GAB2,PJA2,USP15,TNFSF15,NR1H4","Sputum_Mixed granulocytic"
"BP","immune system process",2488,838,1.06595925349803e-13,1.21114290382446e-09,"ADA,TANK,C17orf99,BCL2L11,KLRC4-KLRK1,MICOS10-NBL1,DNM1L,TSPAN32,CERT1,TRIM10,IFNL4,RASGRP1,CDH17,ADAM10,TRIM13,CDK6,PRG4,CD96,LRRC17,IGSF6,ADAR,CDKN2B,TNIP1,IKZF1,CCL26,BTN2A2,NOD1,NDRG1,ADARB1,PIAS3,WFDC2,RAPGEF3,VAV3,GPNMB,MERTK,TRIM38,SEMA4D,SEMA3C,DDX17,KAT5,IPO7,GNLY,POLR3C,CXCR6,TRAF3IP2,CCR9,CPLX2,CEACAM3,LILRB1,ARID5A,USP20,CEACAM8,RAB10,MALT1,BTNL3,SPINK5,LILRB4,LILRB3,RIPK3,RAPGEF4,BTN3A2,CORO1A,CHIT1,IRAK3,DUSP10,PADI2,CMTM7,SCN11A,VPS26B,LYST,NLRP3,ERMAP,CHUK,PGLYRP2,SLAMF6,GBP5,RAB3C,RNF166,CLNK,CLU,TMEM45B,SLC15A4,SPPL3,CCR1,LEO1,CCR4,CMKLR1,LTB4R,CNR2,RNF19B,COL3A1,TMEM178A,KLF6,IL31RA,PPARGC1B,ADORA2A,ADORA2B,CREB1,CRHR1,NEK7,ZBTB46,SIRPA,PARP1,MAPK14,CSF1R,CSF3R,CSK,PIK3R6,RC3H1,CTLA4,SHLD1,HSCB,NFAM1,CTSE,CTSG,CTSH,CTSW,CX3CR1,CXADR,BTNL9,CYLD,CYP19A1,ADSS2,CD55,TMEM229B,DAPK1,ZFPM1,DENND1B,DHX15,DEFA1,DEFA3,DEFA4,DEFA5,DEFB4A,SLC30A8,TMEM64,DHX36,DLG1,DNM2,DOCK2,DPP4,DUSP3,GPR183,EFNB2,AHR,PLPP4,ANO6,NLRC3,ELANE,ELF1,A2M,UNC13D,GAPT,EPAS1,EPHB3,TRIML2,AKT1,ESR1,ALAS1,ETS1,EXT1,EZH2,F12,FANCA,FANCC,PTK2B,FCAR,FCER2,MARCHF8,FCGR1BP,FCGR3B,ZBTB12,FCGRT,MTURN,ADGRG3,FECH,FER,FGL1,FGR,RAB11FIP2,NLRP1,WDR37,CARD8,SBNO2,CD93,ENDOD1,SWAP70,TRIM35,RAP1GAP2,KDM6B,LRCH1,FCHO1,GRAMD4,FLNB,RFTN1,RCOR1,FLT1,DTX4,PLCL2,PLCB1,PHLPP1,TMEM131L,KIF13B,ICOSLG,PUM2,PIP5K1C,ABCB10,SCRIB,KAT6B,FOS,PIK3R5,ATP6V0A2,PADI4,CDC42EP4,FPR3,DAPK2,PLD3,IL17RA,ALOX5,MTOR,ABL1,FUT4,FUT7,FYB1,FYN,YTHDF3,SERINC5,HECTD1,SAMHD1,ANKRD17,ZBTB20,LRRC32,STAP1,GATA3,CLEC4E,GCH1,KAT2A,GCNT1,GFI1,GGT1,B4GALT1,ABL2,LAT,LAMP3,FOXP1,C5AR2,TNFRSF21,CRCP,ADAMDEC1,STK39,GLI2,GNL1,GPLD1,CCDC88B,GPR17,SIGLEC15,CXCL17,VSTM1,FFAR3,GRN,RGCC,DBNL,HIPK2,SETD2,TBK1,CD274,GSN,BLNK,ZDHHC1,GPR171,SH3KBP1,ANXA1,HCK,HCLS1,HIF1A,HK1,HLA-DOB,HLA-DPB1,HLA-DQA1,HLA-DQA2,HLA-DQB1,HLA-DQB2,HLA-DRA,HLA-DRB1,HLA-DRB5,HLX,HOXA3,HOXA9,HRH2,ICAM1,IRF8,STING1,IDE,CD300E,IFNAR2,IFNG,IFNGR2,IGF1R,APP,RBPJ,TICAM2,FAS,IL1A,IL1R1,IL1RAP,IL6R,IL7R,IL10,IL15,IL15RA,IL16,INHBA,INPP5D,ITGA6,IRAK2,IREB2,IRF2,IRF4,IRF7,ITGA1,ITGA2,ITGA9,ITGAL,ITGAM,ITGB1,ITGB2,ITPKB,JAK1,JAK3,JARID2,TRIM23,KARS1,TBC1D10C,MIA3,NRROS,KCNQ1,KIF5B,ARG1,SCIMP,CCL4L1,LAG3,LAIR1,LAMP1,LCK,LCN2,LCP2,LDLR,LEPR,LFNG,LGALS1,LGALS3,LIG4,LIMK1,RHOH,MYO18A,LNPEP,RAB44,PLPP6,DEFB133,LRP1,LRP5,LTF,CD180,LYL1,LYN,MIRLET7B,MIR140,MIR145,MIR17,MIR18A,MIR185,MIR19A,MIR19B1,MIR20A,MIR21,MIR302A,MIR17HG,SMAD3,ARRB2,SMAD6,SMAD7,MB,MBP,MEF2C,MEFV,MEIS1,MAP3K1,MAP3K5,CIITA,MITF,KMT2A,MMP2,MMP8,MPL,MPO,EIF2AK4,RHEX,TARM1,MSH3,MX1,MYB,MYO1C,NBL1,NCF2,NCK1,NEDD4,NEDD9,NF1,NFIL3,NFKB1,NINJ1,NKG7,NOTCH1,NOTCH2,OLR1,OSM,P2RX4,P2RX7,FURIN,PRDX1,IL21R,PAK2,REG3A,PAWR,PBX1,ZBTB7B,LEF1,HERC5,MARCHF2,CD320,BPIFA1,PDCD1,PDE4B,PDE4D,PDGFB,ACKR4,CYRIB,KLF13,NUB1,ASB2,PDPK1,CD244,ERAP1,RAB8B,PHB1,PIK3CB,PIK3CG,PIK3R1,PKNOX1,PLA2G4A,UBASH3A,PLCG1,PLCG2,PLEC,PML,TRIM34,ACP5,TLR9,TREM1,SASH3,TOLLIP,RBM47,APBB1IP,SHLD2,PPARG,PPBP,NCAPG2,LAX1,DUS2,TESC,MARCHF1,BANK1,TMEM33,PPP2R1A,PBRM1,APPL2,PSPC1,UBE2W,FBXW7,PPP3CA,SHFL,LGR4,SIRPG,NAGK,DDX60,DOCK10,AMBRA1,CHD7,LYAR,RAB20,NPLOC4,LMBR1L,POLR3E,PRKAR1A,INAVA,PRKCA,PRKCB,PRKCE,PAG1,PRKCH,PRKCZ,PRKDC,ERBIN,MAPK1,MAPK8,MAPK10,MAP2K1,MAP2K2,PRLR,CRTAM,CTNNBL1,LRRC8A,AZU1,PSMA1,SLAMF8,SPHK2,WRNIP1,SPIRE1,SPPL2B,DUSP22,PSMB8,PSMB9,CTNNBIP1,C12orf4,CAMK1D,CD177,RTN4,PELI1,ZNFX1,ZMIZ1,AICDA,PTK2,ARID1B,MTUS1,RPTOR,PTK6,PREX1,WDFY1,ZBTB2,SH3RF1,RNF213,GPAM,PTPN1,WDFY4,EPG5,MARK4,PTPN11,PTPRC,PTPRD,PTPRJ,PTPRO,NECTIN1,NECTIN2,CXCL16,CACTIN,RAB5B,MAP4K2,RAB27A,RAC2,RAF1,RAP1GAP,RARA,RARG,RB1,TRPV4,RBP4,BCL2,TRIM27,RFX1,BCL3,BCL6,CDH26,BACH2,RORA,RORC,BCR,RPS3,S100A9,S100A13,CFB,CEACAM1,CCL3,CCL13,CCL18,CCL22,BID,ZNF335,SEC14L1,SECTM1,MYO1G,SELE,SELL,GOLPH3,SAMSN1,VSIR,NOD2,IFIH1,MAP2K4,ERAP2,SEMA4A,RAB17,SFTPD,KLHL25,DCLRE1C,CLEC7A,SHB,MEAF6,ILRUN,CRTC3,ST6GAL1,ST3GAL1,MARCHF7,BCL11B,RASAL3,SIPA1,SKP2,WNK1,SLC7A1,LGALS9C,SLC11A1,SLC18A2,SMARCA2,SMARCA4,SMARCC1,CHID1,SMARCD1,SMARCD2,SNCA,SOD1,SOS1,SOX12,SP100,SPI1,SPN,SPTA1,SRC,BRAF,SRPK1,ZFP36L1,STAT3,STAT5B,STK10,BSG,SYK,ADAM17,TCF3,TCF7,TCF12,TEC,TMBIM6,TGFB1,TGFBR1,TGFBR2,TGFBR3,THBS1,THRA,SERPING1,TLR5,GPR137B,TNFAIP3,C1QB,TNFAIP6,TNFRSF1B,C1QC,TOP2B,C1S,TPD52,C2,TRAF2,TRAF3,TRAF6,C3AR1,TRPM2,DEFA1B,CCR2,TNFRSF4,TXK,ACOD1,UBA7,VAV2,VIM,NSD2,XRCC4,XRCC5,YWHAZ,ZFP36,ZNF3,ZNF131,ZBTB16,ZBTB17,TRIM26,CACNA1C,ZP3,LAPTM5,PXDN,CACNB4,MAPKAPK3,CYREN,PVRIG,LILRA6,BAG6,TMEM43,CYBC1,RHBDF2,NLRX1,GSDMD,NHEJ1,TREML2,UBA5,RIN3,BTNL8,KAT6A,ATAT1,SVEP1,SLC8B1,CALM1,NR4A3,CCDC92,ALPK1,HSD3B7,CDK5RAP3,PDGFD,CD276,MPIG6B,NDFIP1,ZBP1,COLEC12,CALR,SLC7A5,DCSTAMP,TRIM11,CLPB,SNX27,AKAP1,DYSF,KLRC4,CASP1,FCRL4,PLVAP,RASSF5,ITCH,MAD1L1,CASP6,NLRC5,STX7,SLA2,ZDHHC18,RNF135,PRXL2A,NCK2,CARD11,SYVN1,SANBR,TTBK1,IL1F10,CRACR2A,GPR65,SEMA7A,ADTRP,HAVCR2,ORAI1,ZNRF1,HSH2D,NUDCD1,UBASH3B,DGKZ,CST7,APOL1,CAV1,LY6D,RUNX2,RUNX1,RNASET2,OASL,RUNX3,CBFB,MARCO,S1PR4,GBF1,TNFSF12,TNFSF10,ADAM9,FADD,TNFRSF11A,IL18RAP,IL1RL2,IL18R1,CD84,CFLAR,TSC22D1,LDB1,VNN1,MCM3AP,TRIM4,SKAP2,KYNU,CCND3,KLHL6,TRIM15,SLAMF9,PGLYRP1,TNFSF18,OTULIN,CCRL2,PSTPIP1,MCU,CD1D,CCNB2,RNF185,RSAD2,CD3E,IL1RL1,DDX21,CD247,CD5,CD5L,CD6,UBE2L6,MFHAS1,MAPKAPK2,BPIFB1,CD9,SOCS6,CD83,NEURL3,CD22,CD27,SFXN1,CD80,CD86,AIM2,LY86,CHST3,CD34,ATG5,CD36,STX8,CD38,GTPBP1,APOBEC3B,CD44,FNIP1,CTR9,CD58,CD59,PHF14,CD68,N4BP1,PUM1,HDAC9,CD79B,CD81,RIPOR2,HDAC4,ADGRE5,TOX,CD151,MATR3,TESPA1,GAB2,PJA2,WDR1,USP15,TNFSF15,NR1H4,PTBP3","Sputum_Mixed granulocytic"
"BP","leukocyte activation",946,366,5.81551182130623e-12,4.40505635424543e-08,"ADA,C17orf99,KLRC4-KLRK1,TSPAN32,RASGRP1,CDH17,ADAM10,CDK6,IKZF1,BTN2A2,NDRG1,VAV3,GPNMB,MERTK,KAT5,TRAF3IP2,CCR9,CPLX2,LILRB1,MALT1,SPINK5,LILRB4,RIPK3,CORO1A,DUSP10,CMTM7,SCN11A,NLRP3,PGLYRP2,SLAMF6,CLNK,CLU,SLC15A4,CNR2,KLF6,IL31RA,ADORA2A,ADORA2B,ZBTB46,SIRPA,CSK,PIK3R6,RC3H1,CTLA4,SHLD1,NFAM1,CTSG,CX3CR1,CXADR,CD55,TMEM229B,ZFPM1,DLG1,DOCK2,DPP4,DUSP3,GPR183,EFNB2,AHR,NLRC3,UNC13D,GAPT,AKT1,EZH2,FANCA,PTK2B,FCER2,ADGRG3,FER,FGL1,FGR,SBNO2,CD93,SWAP70,FCHO1,PLCL2,TMEM131L,KIF13B,ICOSLG,SCRIB,MTOR,ABL1,FUT7,FYN,HECTD1,LRRC32,STAP1,GATA3,CLEC4E,KAT2A,ABL2,LAT,FOXP1,TNFRSF21,STK39,GLI2,CCDC88B,GRN,CD274,GSN,BLNK,SH3KBP1,ANXA1,HLA-DOB,HLA-DPB1,HLA-DQA1,HLA-DQA2,HLA-DQB1,HLA-DQB2,HLA-DRA,HLA-DRB1,HLA-DRB5,HLX,ICAM1,IRF8,IFNG,IFNGR2,APP,RBPJ,TICAM2,IL1A,IL6R,IL7R,IL10,IL15,IL15RA,INHBA,INPP5D,IRF4,ITGAL,ITGAM,ITGB1,ITGB2,ITPKB,JAK1,JAK3,KARS1,TBC1D10C,ARG1,LAG3,LAMP1,LCK,LCP2,LDLR,LEPR,LFNG,LGALS1,LGALS3,LIG4,RHOH,MYO18A,RAB44,PLPP6,CD180,LYL1,LYN,MIR145,MIR185,MIR19A,MIR21,MIR17HG,SMAD3,SMAD7,MEF2C,KMT2A,MMP8,MPL,EIF2AK4,TARM1,MYB,NCK1,NEDD9,NFIL3,NKG7,NOTCH2,P2RX7,PRDX1,IL21R,PAWR,PBX1,ZBTB7B,LEF1,CD320,CYRIB,PDPK1,CD244,PHB1,PIK3CG,PIK3R1,PKNOX1,PLA2G4A,PLCG2,TLR9,SASH3,TOLLIP,APBB1IP,SHLD2,LAX1,BANK1,PBRM1,PPP3CA,SIRPG,DOCK10,AMBRA1,CHD7,LMBR1L,PRKAR1A,PRKCB,PRKCE,PAG1,PRKCZ,PRKDC,PRLR,CRTAM,LRRC8A,AZU1,SLAMF8,SPHK2,DUSP22,C12orf4,CD177,PELI1,ZMIZ1,AICDA,ARID1B,PREX1,SH3RF1,GPAM,WDFY4,PTPN11,PTPRC,PTPRJ,NECTIN2,RAB27A,RAC2,RARA,BCL2,BCL3,BCL6,CDH26,RORA,RORC,BCR,RPS3,S100A13,CEACAM1,CCL3,BID,ZNF335,SAMSN1,VSIR,NOD2,SEMA4A,SFTPD,KLHL25,DCLRE1C,CLEC7A,SHB,CRTC3,ST3GAL1,MARCHF7,BCL11B,RASAL3,SLC7A1,LGALS9C,SLC11A1,SLC18A2,SMARCA2,SMARCA4,SMARCC1,SMARCD1,SMARCD2,SNCA,SOD1,SOS1,SOX12,SPI1,SPN,SPTA1,SRC,BRAF,ZFP36L1,STAT3,STAT5B,SYK,ADAM17,TCF3,TCF7,TGFB1,TGFBR2,THBS1,GPR137B,TNFAIP3,TNFRSF1B,TOP2B,TPD52,TRAF6,CCR2,TNFRSF4,NSD2,ZNF3,ZBTB16,ZP3,LAPTM5,BAG6,NHEJ1,TREML2,NR4A3,CD276,NDFIP1,DCSTAMP,SNX27,DYSF,RASSF5,ITCH,MAD1L1,SLA2,NCK2,CARD11,SYVN1,SANBR,TTBK1,HAVCR2,HSH2D,CST7,CAV1,LY6D,RUNX2,RUNX1,RUNX3,CBFB,ADAM9,FADD,IL18RAP,IL1RL2,IL18R1,CD84,VNN1,SKAP2,CCND3,SLAMF9,PGLYRP1,TNFSF18,CD1D,RSAD2,CD3E,IL1RL1,CD247,CD5,CD6,MFHAS1,SOCS6,CD83,CD22,CD27,CD80,CD86,ATG5,CD38,CD44,FNIP1,PHF14,HDAC9,CD79B,CD81,RIPOR2,HDAC4,TOX,CD151,TESPA1,GAB2,PJA2","Sputum_Mixed granulocytic"
"BP","cell activation",1091,413,1.39249163741592e-11,7.91074499215987e-08,"ADA,C17orf99,KLRC4-KLRK1,TSPAN32,RASGRP1,CDH17,ADAM10,CDK6,IKZF1,BTN2A2,NDRG1,PRMT5,VAV3,GPNMB,MERTK,KAT5,TRAF3IP2,CCR9,CPLX2,LILRB1,MALT1,SPINK5,LILRB4,RIPK3,CORO1A,DUSP10,CMTM7,SCN11A,NLRP3,PGLYRP2,SLAMF6,CLNK,CLU,SLC15A4,CNR2,COL3A1,COMP,KLF6,IL31RA,ADORA2A,ADORA2B,ZBTB46,SIRPA,MAPK14,CSK,PIK3R6,RC3H1,CTLA4,SHLD1,NFAM1,CTSG,CX3CR1,CXADR,CD55,DGKG,DGKH,DGKQ,TMEM229B,ZFPM1,DLG1,DOCK2,DPP4,DUSP3,GPR183,EFNB2,AHR,NLRC3,UNC13D,GAPT,AKT1,EZH2,F2RL2,FANCA,PTK2B,FCER2,ADGRG3,FER,FGL1,FGR,SBNO2,CD93,SWAP70,FCHO1,PLCL2,PLCB1,TMEM131L,KIF13B,ICOSLG,SCRIB,IL17RA,MTOR,ABL1,FUT7,FYN,HECTD1,LRRC32,STAP1,GATA3,CLEC4E,KAT2A,ABL2,LAT,FOXP1,TNFRSF21,GCLC,STK39,GLI2,GNAQ,GP1BB,GP9,CCDC88B,GRN,RGCC,CD274,GSN,BLNK,SH3KBP1,ANXA1,HLA-DOB,HLA-DPB1,HLA-DQA1,HLA-DQA2,HLA-DQB1,HLA-DQB2,HLA-DRA,HLA-DRB1,HLA-DRB5,HLX,HOXA9,ICAM1,IRF8,IFNG,IFNGR2,APP,RBPJ,TICAM2,IL1A,IL6R,IL7R,IL10,IL15,IL15RA,INHBA,INPP5D,IRF4,ITGAL,ITGAM,ITGB1,ITGB2,ITPKB,JAK1,JAK3,KARS1,TBC1D10C,ARG1,KPNA1,LAG3,LAMP1,LCK,LCP2,LDLR,LEPR,LFNG,LGALS1,LGALS3,LIG4,RHOH,MYO18A,RAB44,PLPP6,LRP1,CD180,LYL1,LYN,MIR145,MIR185,MIR19A,MIR21,MIR92A1,MIR17HG,SMAD3,SMAD7,MEF2C,KMT2A,MMP8,ASTL,MPL,EIF2AK4,TARM1,MYB,NCK1,NEDD9,NFIL3,NKG7,NOS3,NOTCH2,P2RX1,P2RX4,P2RX7,PRDX1,IL21R,PAWR,PBX1,ZBTB7B,LEF1,CD320,PDGFA,PDGFB,CYRIB,PDPK1,CD244,PHB1,PIK3CB,PIK3CG,PIK3R1,PKNOX1,PLA2G4A,PLAT,PLCG2,TLR9,SASH3,TOLLIP,APBB1IP,SHLD2,LAX1,BANK1,PBRM1,PPP3CA,SIRPG,DOCK10,AMBRA1,CHD7,LMBR1L,PRKAR1A,PRKCA,PRKCB,PRKCE,PAG1,PRKCZ,PRKDC,PRLR,CRTAM,LRRC8A,AZU1,SLAMF8,SPHK2,DUSP22,C12orf4,CD177,PELI1,ZMIZ1,AICDA,ARID1B,PREX1,SH3RF1,GPAM,WDFY4,PTPN11,PTPRC,PTPRJ,NECTIN2,RAB27A,RAC2,ACTA2,RARA,BCL2,BCL3,BCL6,CDH26,RORA,RORC,BCR,RPS3,RPS6KA1,S100A13,CELA2A,CEACAM1,CCL3,BID,ZNF335,SAMSN1,VSIR,NOD2,SEMA4A,SFTPD,KLHL25,DCLRE1C,CLEC7A,SHB,CRTC3,ST3GAL1,MARCHF7,BCL11B,RASAL3,SLC7A1,LGALS9C,SLC11A1,SLC18A2,SMARCA2,SMARCA4,SMARCC1,SMARCD1,SMARCD2,SNCA,SOD1,SOS1,SOX12,SPI1,SPN,SPTA1,SRC,BRAF,ZFP36L1,STAT3,STAT5B,SYK,ADAM17,TCF3,TCF7,TEC,TGFB1,TGFBR1,TGFBR2,THBS1,TLN1,GPR137B,TNFAIP3,TNFRSF1B,TOP2B,TPD52,TRAF6,CCR2,TNFRSF4,TXK,VAV2,VCL,VWF,NSD2,ZNF3,ZBTB16,ZP3,LAPTM5,BAG6,NHEJ1,TREML2,NR4A3,CD276,NDFIP1,DCSTAMP,SNX27,CAPN3,DYSF,RASSF5,FERMT3,ITCH,MAD1L1,SLA2,NCK2,CARD11,SYVN1,SANBR,TTBK1,HAVCR2,HSH2D,UBASH3B,DGKZ,DGKE,DGKD,CST7,CAV1,LY6D,RUNX2,RUNX1,RUNX3,CBFB,GBF1,ADAM9,FADD,IL18RAP,IL1RL2,IL18R1,CD84,VNN1,SKAP2,CCND3,PLCZ1,SLAMF9,PGLYRP1,TNFSF18,CD1D,RSAD2,FIBP,CD3E,IL1RL1,CD247,CD5,CD6,MFHAS1,CD9,SOCS6,CD83,CD22,CD27,CD80,CD86,ATG5,CD38,AKAP12,CD44,FNIP1,PHF14,HDAC9,CD79B,CD81,RIPOR2,HDAC4,TOX,CD151,ZEB2,TESPA1,GAB2,PJA2","Sputum_Mixed granulocytic"
"BP","positive regulation of immune system process",1044,389,3.6705647681803e-11,1.66819827584258e-07,"ADA,C17orf99,KLRC4-KLRK1,DNM1L,IFNL4,RASGRP1,ADAM10,TNIP1,BTN2A2,NOD1,VAV3,KAT5,POLR3C,LILRB1,ARID5A,MALT1,BTNL3,LILRB4,BTN3A2,CORO1A,IRAK3,DUSP10,NLRP3,ERMAP,CHUK,SLAMF6,GBP5,CLNK,CLU,SLC15A4,SPPL3,CCR1,CMKLR1,PPARGC1B,ADORA2B,CREB1,NEK7,ZBTB46,SIRPA,CSF1R,CSK,PIK3R6,RC3H1,CTLA4,SHLD1,NFAM1,CTSG,CX3CR1,BTNL9,CYLD,CD55,DENND1B,TMEM64,DHX36,DPP4,DUSP3,GPR183,EFNB2,PLPP4,ANO6,NLRC3,ELANE,ELF1,A2M,UNC13D,AKT1,ESR1,PTK2B,FCER2,FER,FGR,RAB11FIP2,NLRP1,CARD8,SWAP70,FCHO1,GRAMD4,RFTN1,PLCL2,ICOSLG,PUM2,FOS,FPR3,DAPK2,MTOR,ABL1,FUT4,FUT7,FYB1,FYN,ANKRD17,STAP1,GATA3,CLEC4E,GFI1,ABL2,LAT,FOXP1,C5AR2,TNFRSF21,STK39,GLI2,GPLD1,CCDC88B,CXCL17,FFAR3,RGCC,TBK1,CD274,BLNK,SH3KBP1,ANXA1,HCK,HCLS1,HK1,HLA-DOB,HLA-DPB1,HLA-DQA1,HLA-DQA2,HLA-DQB1,HLA-DQB2,HLA-DRA,HLA-DRB1,HLA-DRB5,HLX,ICAM1,STING1,IFNG,APP,TICAM2,IL1A,IL1R1,IL6R,IL7R,IL10,IL15,IL15RA,INPP5D,IRAK2,IRF4,IRF7,ITGA2,ITGAM,ITGB2,ITPKB,KARS1,MIA3,ARG1,SCIMP,LAG3,LAMP1,LCK,LCP2,LGALS1,LGALS3,LIMK1,RHOH,MYO18A,PLPP6,LTF,LYN,MIR140,MIR145,MIR17,MIR18A,MIR19A,MIR20A,MIR21,ARRB2,MEF2C,MEFV,MMP8,MPL,EIF2AK4,NCK1,NEDD9,NF1,NFKB1,NINJ1,NOTCH2,P2RX4,P2RX7,PAK2,PAWR,ZBTB7B,LEF1,CD320,PDE4B,PDE4D,CYRIB,PDPK1,CD244,PHB1,PIK3CB,PIK3R1,PLA2G4A,UBASH3A,PLCG1,PLCG2,TLR9,SASH3,RBM47,SHLD2,LAX1,TESC,BANK1,PBRM1,APPL2,PSPC1,PPP3CA,LGR4,SIRPG,NAGK,DDX60,AMBRA1,NPLOC4,INAVA,PRKCA,PRKCB,PRKCE,PRKCH,PRKCZ,PRKDC,ERBIN,MAPK1,MAPK8,PRLR,CRTAM,SPHK2,DUSP22,CTNNBIP1,C12orf4,CAMK1D,CD177,RTN4,PELI1,ZNFX1,ZMIZ1,PTK2,ARID1B,RPTOR,WDFY1,GPAM,EPG5,MARK4,PTPN11,PTPRC,PTPRJ,NECTIN2,CACTIN,RAC2,RARA,RB1,TRPV4,RBP4,BCL2,BCL6,RPS3,CFB,CEACAM1,CCL3,ZNF335,SEC14L1,MYO1G,SELE,VSIR,NOD2,IFIH1,KLHL25,CLEC7A,SHB,RASAL3,WNK1,SLC7A1,SLC11A1,SMARCA2,SMARCA4,SMARCC1,SMARCD1,SMARCD2,SOS1,SOX12,SPI1,SPN,SPTA1,SRC,BRAF,ZFP36L1,STAT5B,SYK,ADAM17,TEC,TGFB1,TGFBR2,THBS1,SERPING1,TLR5,TNFAIP3,C1QB,C1QC,C1S,C2,TRAF2,TRAF3,TRAF6,C3AR1,CCR2,TNFRSF4,TXK,ACOD1,VAV2,NSD2,XRCC5,ZBTB16,ZP3,LAPTM5,CACNB4,MAPKAPK3,PVRIG,BAG6,NLRX1,BTNL8,ATAT1,SVEP1,NR4A3,ALPK1,PDGFD,CD276,ZBP1,COLEC12,CALR,SLC7A5,DCSTAMP,TRIM11,CLPB,KLRC4,CASP1,PLVAP,ITCH,CASP6,NLRC5,STX7,SLA2,RNF135,NCK2,CARD11,TTBK1,SEMA7A,HAVCR2,ZNRF1,DGKZ,CAV1,RUNX1,OASL,RUNX3,CBFB,FADD,IL18RAP,IL1RL2,IL18R1,CD84,VNN1,KLHL6,TRIM15,TNFSF18,OTULIN,MCU,CD1D,RNF185,RSAD2,CD3E,IL1RL1,DDX21,CD247,CD5,CD5L,CD6,MFHAS1,MAPKAPK2,BPIFB1,CD83,CD22,CD27,CD80,CD86,AIM2,CD36,CD38,CD59,PUM1,CD79B,CD81,RIPOR2,TOX,MATR3,TESPA1,GAB2,PJA2,USP15,NR1H4","Sputum_Mixed granulocytic"
"BP","leukocyte cell-cell adhesion",416,180,9.03602829924121e-11,3.3659982671052e-07,"ADA,KLRC4-KLRK1,TSPAN32,RASGRP1,TNIP1,BTN2A2,GPNMB,SEMA4D,KAT5,LILRB1,MALT1,LILRB4,CORO1A,DUSP10,NLRP3,LRG1,ADORA2A,SIRPA,CSK,PIK3R6,RC3H1,CTLA4,CTSG,CX3CR1,CD55,DLG1,DPP4,DUSP3,EFNB2,ELANE,AKT1,ETS1,EXT1,FGL1,FCHO1,TMEM131L,ICOSLG,SCRIB,ALOX5,MTOR,ABL1,FUT4,FUT7,FYN,LRRC32,GATA3,GCNT1,ABL2,TNFRSF21,GLI2,CCDC88B,CD274,ANXA1,HLA-DOB,HLA-DPB1,HLA-DQA1,HLA-DQA2,HLA-DQB1,HLA-DQB2,HLA-DRA,HLA-DRB1,HLA-DRB5,HLX,ICAM1,IFNG,IL1A,IL7R,IL10,IL15,ITGA5,ITGAL,ITGB1,ITGB2,ITPKB,JAK3,MIA3,ARG1,LAG3,LCK,LGALS1,LGALS3,RHOH,LYN,MIR141,MIR21,MIR92A1,SMAD7,TARM1,NCK1,OLR1,PAWR,ZBTB7B,LEF1,CYRIB,PDPK1,SASH3,PPARA,LAX1,PBRM1,PPP3CA,SIRPG,AMBRA1,PRKAR1A,PAG1,PRKCZ,CRTAM,DUSP22,CD177,PELI1,ZMIZ1,ARID1B,GPAM,PTPN11,PTPRC,RAC2,RARA,BCL6,RPS3,S100A9,CEACAM1,SELE,SELL,GOLPH3,VSIR,NOD2,SFTPD,KLHL25,SHB,MARCHF7,RASAL3,WNK1,SLC7A1,LGALS9C,BMP7,SMARCA2,SMARCA4,SMARCC1,SMARCD1,SMARCD2,SOX12,SPN,SPTA1,SRC,STAT5B,STK10,SYK,TGFBR2,TRAF6,CCR2,ZBTB16,ZP3,LAPTM5,NR4A3,CD276,NDFIP1,FERMT3,ITCH,MAD1L1,NCK2,CARD11,ADTRP,HAVCR2,CAV1,RUNX1,RUNX3,CBFB,FADD,IL1RL2,VNN1,TNFSF18,CD1D,CD3E,CD5,CD6,SOCS6,CD83,CD27,CD80,CD86,CD44,CD81,RIPOR2,TESPA1","Sputum_Mixed granulocytic"
"BP","lymphocyte activation",781,308,1.03687677652422e-10,3.3659982671052e-07,"ADA,C17orf99,KLRC4-KLRK1,TSPAN32,RASGRP1,CDH17,CDK6,IKZF1,BTN2A2,VAV3,GPNMB,MERTK,KAT5,TRAF3IP2,CCR9,LILRB1,MALT1,SPINK5,LILRB4,RIPK3,CORO1A,DUSP10,CMTM7,NLRP3,PGLYRP2,SLAMF6,CLNK,SLC15A4,KLF6,ADORA2A,SIRPA,CSK,PIK3R6,RC3H1,CTLA4,SHLD1,NFAM1,CTSG,CXADR,CD55,ZFPM1,DLG1,DOCK2,DPP4,DUSP3,GPR183,EFNB2,AHR,NLRC3,UNC13D,GAPT,AKT1,EZH2,FANCA,PTK2B,ADGRG3,FGL1,FGR,SWAP70,FCHO1,PLCL2,TMEM131L,KIF13B,ICOSLG,SCRIB,MTOR,ABL1,FUT7,FYN,HECTD1,LRRC32,GATA3,CLEC4E,KAT2A,ABL2,LAT,FOXP1,TNFRSF21,GLI2,CCDC88B,CD274,GSN,BLNK,SH3KBP1,ANXA1,HLA-DOB,HLA-DPB1,HLA-DQA1,HLA-DQA2,HLA-DQB1,HLA-DQB2,HLA-DRA,HLA-DRB1,HLA-DRB5,HLX,ICAM1,IRF8,IFNG,RBPJ,TICAM2,IL1A,IL6R,IL7R,IL10,IL15,IL15RA,INHBA,INPP5D,IRF4,ITGAL,ITGB1,ITPKB,JAK1,JAK3,TBC1D10C,ARG1,LAG3,LAMP1,LCK,LEPR,LFNG,LGALS1,LGALS3,LIG4,RHOH,CD180,LYL1,LYN,MIR185,MIR19A,MIR21,MIR17HG,SMAD3,SMAD7,MEF2C,KMT2A,MPL,EIF2AK4,TARM1,MYB,NCK1,NEDD9,NFIL3,NKG7,NOTCH2,P2RX7,PRDX1,IL21R,PAWR,PBX1,ZBTB7B,LEF1,CD320,CYRIB,PDPK1,CD244,PHB1,PIK3CG,PIK3R1,PKNOX1,PLCG2,TLR9,SASH3,APBB1IP,SHLD2,LAX1,BANK1,PBRM1,PPP3CA,SIRPG,DOCK10,AMBRA1,CHD7,LMBR1L,PRKAR1A,PRKCB,PAG1,PRKCZ,PRKDC,PRLR,CRTAM,LRRC8A,SLAMF8,DUSP22,PELI1,ZMIZ1,AICDA,ARID1B,PREX1,SH3RF1,GPAM,WDFY4,PTPN11,PTPRC,PTPRJ,RAB27A,RAC2,RARA,BCL2,BCL3,BCL6,CDH26,RORA,RORC,RPS3,CEACAM1,BID,ZNF335,SAMSN1,VSIR,NOD2,SEMA4A,SFTPD,KLHL25,DCLRE1C,CLEC7A,SHB,ST3GAL1,MARCHF7,BCL11B,RASAL3,SLC7A1,LGALS9C,SLC11A1,SMARCA2,SMARCA4,SMARCC1,SMARCD1,SMARCD2,SOD1,SOS1,SOX12,SPI1,SPN,SPTA1,SRC,BRAF,ZFP36L1,STAT3,STAT5B,SYK,ADAM17,TCF3,TCF7,TGFB1,TGFBR2,TNFAIP3,TNFRSF1B,TOP2B,TPD52,TRAF6,CCR2,TNFRSF4,NSD2,ZBTB16,ZP3,LAPTM5,BAG6,NHEJ1,TREML2,CD276,NDFIP1,SNX27,RASSF5,ITCH,MAD1L1,SLA2,NCK2,CARD11,SYVN1,SANBR,HAVCR2,HSH2D,CAV1,LY6D,RUNX2,RUNX1,RUNX3,CBFB,FADD,IL1RL2,IL18R1,CD84,VNN1,SKAP2,CCND3,SLAMF9,PGLYRP1,TNFSF18,CD1D,RSAD2,CD3E,CD247,CD5,CD6,SOCS6,CD83,CD22,CD27,CD80,CD86,ATG5,CD38,CD44,FNIP1,PHF14,HDAC9,CD79B,CD81,RIPOR2,HDAC4,TOX,CD151,TESPA1","Sputum_Mixed granulocytic"
"BP","vesicle-mediated transport",1523,587,2.4185116870768e-10,6.86978244714164e-07,"TRAPPC3L,PDCD6,DNM1L,ATP9A,RASGRP1,WASF2,TNK2,CALCRL,PRG4,STX6,AP3S2,ABCC4,RAMP1,RAMP3,BET1,VPS26C,RACK1,VAV3,MERTK,COG5,UNC13B,CEBPE,ARFGEF1,CES1,KIF1C,CPLX2,LILRB1,USP20,RAB10,EHD1,AP3M2,TMED2,LMAN2,TMED10,COPS5,LILRB4,KDELR2,RAB31,RAPGEF4,CORO1A,PACSIN2,SCN11A,VPS26B,LYST,VPS45,EXOC3,BTBD9,SORCS1,OSBPL1A,OSBPL5,MARCHF3,FCHO2,RAB3C,CLNK,AGAP2,AP2S1,AP3S1,CLCN3,CLU,CLTC,CCR1,PLA2G4E,WDR81,RINL,TBC1D20,COPA,OCIAD2,STXBP5,ADORA2A,ADORA2B,VPS37A,CRHBP,SIRPA,VTI1A,LDLRAD3,CSK,CSNK1E,GSG1L,CTBP1,CTBP2,ENTHD1,COMMD1,SCFD2,ABCA13,GRK2,GRK3,VPS13B,FAM91A1,DAB2,TAMALIN,DGKQ,AP2A2,AP1B1,DENND1B,CNST,DCTN1,SLC30A8,DNM1,DNM2,DOCK1,DOCK2,DPP4,DRD4,ABCA1,LPAR1,EFNB2,EGF,PLPP4,ANO6,ELANE,ABCA2,TVP23C,ARHGAP27,UNC13D,RAB12,CTTN,TSNARE1,C9orf72,STX2,EPS15,AKT2,TPCN2,FCER2,ARL5B,FCGRT,FER,MAPK15,FGR,RHOBTB3,RAB11FIP2,AAK1,LMTK2,INPP5F,TRAPPC8,DENND3,EPN2,TRAK1,CD93,RAB3GAP1,SV2C,RIMS1,TMCC1,FNBP1,GGA2,ERC1,KIF1B,TBC1D2B,FCHO1,MAPK8IP3,STAB1,SEPTIN8,CYFIP1,MLC1,EXOC6B,DENND5A,EXOC7,CLEC16A,MGRN1,BICD2,EHBP1,FKBP15,NEDD4L,CLASP1,VPS39,SYNE1,VPS8,PIP5K1C,TMED3,GRIP1,AP4E1,RHOQ,LEPROTL1,MACF1,SCRIB,CORO1C,SH3BP4,PITPNB,ABL1,FYN,CNIH2,SNX33,HEATR5A,SEC31B,DNM3,ERC2,GGA1,LDLRAP1,GAPVD1,ABCA12,STEAP2,STAP1,ARFGAP3,GDI2,ABL2,ATP2C1,LAT,VPS41,TRAPPC3,SNX5,RAB30,SGSM3,BIN1,GNAI2,GOLGA4,CLEC9A,ANK1,XKR6,SCARA5,GRK4,ANK3,GIT1,DBNL,CNIH4,GSN,SNX8,SNX10,LRP12,SH3KBP1,ANXA1,ANXA2,HCK,HTT,EHD4,PIK3R4,HIP1,ANXA11,HNRNPK,HPS1,HSPG2,HTR2B,ICAM3,IRF8,IFNG,IGF1R,IGF2R,APP,TICAM2,IL15,IL15RA,ITGA2,ITGAL,ITGAM,ITGAV,ITGB1,ITGB2,TRIM23,TBC1D10C,KCNB1,ATP9B,MIA3,ARF5,XKR5,XKR9,LAMP1,LDLR,LEPR,LGALS3,LGALS3BP,LIMK1,MYO18A,RAB44,SNX30,LRP1,LRP2,LRP3,LRP6,LRP5,LYN,MIR17,MIR185,MIR20A,ARRB1,ARRB2,MIA2,MKLN1,UNC13C,MYO1B,MSR1,MYO1D,MYO1E,MYO5A,MYO6,NCF2,NCF4,NEDD4,SEPTIN2,NKG7,NOTCH1,NPC1,ATP2A2,OLR1,P2RX1,P2RX7,P2RY6,P4HB,ITSN2,PRKN,VPS28,MARCHF2,ERGIC2,CD320,ATP6V1D,TRAPPC4,BIN2,GULP1,ANKFY1,NCKIPSD,VTA1,VPS54,ACKR4,RAB6B,NBAS,ATP6V1H,PDPK1,RAB8B,ATP6V1B2,ATP6V1C1,PIK3C3,PIK3CB,PIK3CG,PI4KB,PIP4K2A,PLCG2,TPCN1,SEPTIN5,SEPTIN4,YIPF1,RIN2,HEATR5B,EXOC6,LEPROT,AHI1,SYTL2,FNBP1L,PXK,CMTM6,OCIAD1,EPN3,VPS37C,WIPI1,PLEKHJ1,ARHGAP17,APPL2,GOLPH3L,VPS53,CCDC91,PPP3CA,PPP3CC,LAPTM4B,PPT1,SIRPG,PIP4P2,STAB2,VPS50,LYAR,RAB20,SCYL2,VAC14,NECAP2,LMBR1L,PRKAR1B,EXOC2,PRKCB,PRKCE,PRKCI,BIN3,MAPK1,BCAP29,MAP2K1,MAP2K2,AZU1,FMN2,SPHK2,TMEM167B,SPIRE1,CDC42SE2,VPS35L,C12orf4,RAB25,CAMK1D,CD177,ERGIC1,PTEN,PTK2,TBC1D14,MIB1,MICAL3,KIF17,RIC1,VPS18,PTPN1,DENND1A,EPG5,PTPRC,PTPRJ,CXCL16,EPS15L1,RAB5B,MAP4K2,RAB27A,RAC2,RALB,RAP1B,RARA,BCL2L1,TRIM27,EXOC4,BCR,SORT1,S100A10,S100A13,SAG,CEACAM1,CCL3,BICD1,UBE2O,NAPB,KIF13A,TRAPPC2,MYO1G,SELE,GOLPH3,NOD2,RBSN,RAB17,SFTPD,WIPF3,ITSN1,SH3GL1,CLEC7A,CREB3L2,MICAL1,NDRG4,VPS33A,SLC2A4,MPPE1,SLC11A1,SLC18A2,MTMR9,SNCA,SNCG,SNX1,SNX2,SOD1,SORL1,SPI1,SPTBN1,SRC,BRAF,SURF4,VAMP1,SYK,SYN2,SYT1,TGM2,THBS1,TRAPPC10,C2,TSG101,EIPR1,TULP1,CCR2,UVRAG,VAV2,TMEM50B,ZP3,LAPTM5,TVP23A,EVI5,ALMS1,CACNB4,MAPKAPK3,USP7,RAB7A,TRAPPC6A,VPS37B,MCTP1,RABEP2,RIN3,DENND1C,NR4A3,RUBCNL,RAB11FIP1,PHAF1,STAM,CUBN,DNAJC5,COLEC12,CALR,SNX27,CANX,CLTCL1,SYN3,DYSF,PICALM,COG3,TRAPPC9,ITCH,TBC1D10A,STARD3NL,NCALD,DTNBP1,FHIP1B,MYCBPAP,ANKRD27,EEA1,STX7,SGIP1,YIPF4,VPS25,COG8,HOOK3,RAB11FIP4,SPIRE2,CUL3,SFT2D3,MFSD2A,TMEM87B,PPFIA2,DGKD,MICALL1,STON2,CAV1,CASK,SCARF1,PLPP3,CADPS,STX11,BECN1,MARCO,MBTPS1,GBF1,NAPA,NRP1,CD84,ANKRD13A,SYNJ2,MTMR2,CPNE1,AP1M1,HPS4,STBD1,KALRN,SYT8,TSPAN18,SYS1,SPAG9,PSTPIP1,SEC22C,SYNGR1,PKDCC,COG7,DCLK1,VAPB,VAPA,RCSD1,PDLIM7,MAPKAPK2,CYTH1,DNER,CD9,NEURL3,CD22,CD163,KIF3B,PLAA,OTOF,COG1,SYTL3,PICK1,ATG5,CD36,STX8,SLC4A8,SCARB2,RPH3AL,GOSR1,PREPL,VPS9D1,RAB36,SEC24C,GCC2,CLINT1,RIMS2,USP6NL,RAB11FIP3,CD81,CD151,TBC1D5,GIT2,DNAJC6,PLEKHM1,ELMO1,GAB2,C2CD5,MAGI2,FCHSD2,TBC1D4,MRC2,RABGAP1L,SEC16A,CD302,ARHGAP25,DOP1B","Sputum_Mixed granulocytic"
"BP","regulation of leukocyte activation",593,238,5.70639120853827e-10,1.32196769883987e-06,"ADA,KLRC4-KLRK1,TSPAN32,RASGRP1,BTN2A2,VAV3,GPNMB,MERTK,KAT5,LILRB1,MALT1,SPINK5,LILRB4,RIPK3,CORO1A,DUSP10,NLRP3,PGLYRP2,CLNK,SLC15A4,CNR2,IL31RA,ADORA2A,ADORA2B,ZBTB46,SIRPA,CSK,PIK3R6,RC3H1,CTLA4,SHLD1,NFAM1,CTSG,CD55,DLG1,DPP4,DUSP3,GPR183,EFNB2,AHR,UNC13D,AKT1,FANCA,FER,FGL1,FGR,FCHO1,TMEM131L,ICOSLG,SCRIB,MTOR,ABL1,FYN,LRRC32,STAP1,GATA3,KAT2A,ABL2,LAT,TNFRSF21,GLI2,CCDC88B,GRN,CD274,SH3KBP1,ANXA1,HLA-DOB,HLA-DPB1,HLA-DQA1,HLA-DQA2,HLA-DQB1,HLA-DQB2,HLA-DRA,HLA-DRB1,HLA-DRB5,HLX,IFNG,TICAM2,IL1A,IL7R,IL10,IL15,IL15RA,INHBA,INPP5D,IRF4,ITGAM,ITGB2,ITPKB,JAK3,KARS1,TBC1D10C,ARG1,LAG3,LAMP1,LCK,LDLR,LGALS1,LGALS3,RHOH,MYO18A,PLPP6,LYN,MIR145,MIR185,MIR21,MIR17HG,SMAD7,MEF2C,MMP8,MPL,TARM1,NCK1,NEDD9,PAWR,ZBTB7B,LEF1,CD320,CYRIB,PDPK1,PLA2G4A,TLR9,SASH3,SHLD2,LAX1,BANK1,PBRM1,PPP3CA,SIRPG,AMBRA1,PRKAR1A,PAG1,PRKCZ,PRKDC,PRLR,CRTAM,SLAMF8,SPHK2,DUSP22,C12orf4,CD177,PELI1,ZMIZ1,ARID1B,SH3RF1,GPAM,PTPN11,PTPRC,NECTIN2,RAC2,RARA,BCL2,BCL6,RORA,BCR,RPS3,CEACAM1,CCL3,BID,ZNF335,SAMSN1,VSIR,NOD2,SFTPD,KLHL25,CLEC7A,SHB,MARCHF7,RASAL3,SLC7A1,LGALS9C,SMARCA2,SMARCA4,SMARCC1,SMARCD1,SMARCD2,SNCA,SOD1,SOS1,SOX12,SPI1,SPN,SPTA1,SRC,BRAF,ZFP36L1,STAT5B,SYK,TCF7,TGFB1,TGFBR2,THBS1,GPR137B,TNFAIP3,TNFRSF1B,TRAF6,CCR2,TNFRSF4,NSD2,ZBTB16,ZP3,LAPTM5,NR4A3,CD276,NDFIP1,RASSF5,ITCH,MAD1L1,NCK2,CARD11,TTBK1,HAVCR2,CST7,CAV1,RUNX1,RUNX3,CBFB,FADD,IL1RL2,CD84,VNN1,PGLYRP1,TNFSF18,CD1D,CD3E,IL1RL1,CD5,CD6,MFHAS1,SOCS6,CD83,CD22,CD27,CD80,CD86,CD38,CD81,RIPOR2,TOX,TESPA1,GAB2,PJA2","Sputum_Mixed granulocytic"
"CC","cytosol",5435,1798,5.81749559426101e-10,1.32196769883987e-06,"ADA,ACOT8,ABI1,TANK,TRAPPC3L,PDCD6,BCL2L11,MEF2B,RANBP9,DNAJB6,C8orf44-SGK3,FARSB,ABCB6,DNM1L,DPP3,CERT1,SGK2,HIPK3,RASGRP1,YAF2,AKAP9,FAM13A,ABI2,AASS,FARP1,WASF2,SERF2,SORBS3,TNK2,NUTF2,PATJ,CDK6,STX6,DCAF7,GPHN,DENND4A,STAG1,NET1,PAK4,CDKN2B,TNIP1,IKZF1,NOD1,ANAPC10,DLC1,ATP8A1,NDRG1,RACK1,ADARB1,PEMT,PRMT5,TUBGCP3,VAV3,TAB1,BAIAP2,TACC3,COG5,TRIM38,UBE2E3,SLC25A17,LRRC41,ENOX2,UNC13B,FBXW10,DDX17,KAT5,IPO7,ATG7,DCTN2,OLFM4,ARFGEF1,SORBS1,TXNRD2,MTHFS,CDC42EP3,STAMBP,POLR3C,IVNS1ABP,TRIM16,IGF2BP2,PMVK,CES1,DCTN6,MAP3K2,GIPC1,KDM5B,HBS1L,NEK6,NCKAP1,IQGAP2,SDCCAG8,STARD10,CPLX2,FRS2,TUBGCP2,USP20,RAB10,MALT1,ACOT2,YWHAQ,ASCC3,COPS5,SPINK5,RBPMS,RAB31,ADAP1,RIPK3,WWP2,CNTRL,RAPGEF4,CIT,FAF1,CDC42EP1,PLAAT3,CORO1A,LSM6,NUDT3,NISCH,CHKA,AKAP13,DUSP10,HPS5,PDCD10,CHN2,PADI2,PACSIN2,KLHL2,KLF12,TP53RK,VPS26B,LYST,AHNAK2,LARP4,ACOT7,EXOC3,RNF13,MGLL,SYNPO,NLRP3,ERMAP,CHUK,FMNL2,OSBPL1A,OSBPL5,OSBPL8,OSBPL9,OSBPL10,CIDEA,FBXO32,ADCY9,FCHO2,IL22RA2,ARAP1,AGAP2,TADA1,THEM4,PLAAT5,IP6K3,TAGAP,AP2S1,RFFL,ADD1,CLU,GSTO2,IFTAP,ADD3,CLTC,FGD4,KLHDC1,TTC8,TMEM266,PLA2G4E,MSI2,WDR81,TBC1D16,RINL,RPTN,PRXL2B,RNF19B,EDARADD,IQGAP3,TANGO2,MTERF4,COMT,COPA,KLF6,UROC1,ADK,PPARGC1B,AFAP1L1,STXBP5,COX10,VPS37A,CARNMT1,ATF6B,ASB7,S100A16,CHODL,NOL4L,UBE2F,CRY2,PARP1,PARP4,VTI1A,MAPK14,HECTD2,PLEKHA7,GLT1D1,CSK,FBXL14,CSNK1E,TTC7B,CSNK2B,TTBK2,PIK3R6,ADRA1A,CTBP2,AANAT,CTNND1,AIFM3,HSCB,COMMD1,CTSG,METTL21A,CTSH,SGO2,UPP2,CCDC50,CUX1,SH3D19,PLEKHG4B,CYLD,RNF217,BMT2,KCTD7,ZNF746,GRK2,GRK3,PRAG1,TTLL11,PRUNE2,ADSS2,AARS1,DAB1,DAB2,C11orf65,DACH1,DGKG,DGKQ,AP2A2,DARS1,DAXX,AP1B1,DBN1,DENND1B,KANK4,DCTN1,UBXN2A,DFFB,SPIN3,DHX36,SYNPO2,DGUOK,DHFR,DHODH,DLG1,DLG2,DLST,DMD,DYNC1H1,AGL,DYNC1I2,DNM2,DOCK1,DOCK2,DOCK3,DXO,DPYS,ARID3A,DUSP3,ECT2,AHCY,AGO4,EEF2,EIF2D,AHR,EHHADH,EIF2S1,ANO6,METTL21C,UBR1,NLRC3,EIF4E,EIF4EBP1,EIF4G1,ELANE,ELF2,SPRED2,CENPV,ARHGAP27,UNC13D,FBXO15,RAB12,CTTN,ENO1,C9orf72,EPAS1,EPB41,EPB41L1,HIPK1,EPHB3,EPHB6,EPS15,AKT1,ERG,AKT2,ESR1,ALAD,ALAS1,ETV6,MECOM,EYA2,FABP4,FABP5,FANCC,FAH,PTK2B,FARSA,USP12,FASN,TBATA,TPCN2,ZNF438,SPATA13,PHACTR1,JAZF1,FBXL13,ALDH9A1,ZNRF2,ALDH3A2,FER,FGD1,FGR,FH,FHIT,TFEC,RASA3,HSPA4L,RHOBTB3,AAK1,LMTK2,CILK1,NLRP1,FNDC3A,TRAPPC8,MORC2,ZHX2,FKBP5,CEP164,DENND3,CARD8,EPN2,TRAK1,ATF6,HABP4,RAB3GAP1,TPX2,NT5C2,MYH15,CEP131,RIMS1,WDFY3,DAAM1,STK38L,CNOT1,PALLD,TMCC1,SAMD4A,TNIK,PDS5B,FNBP1,ENDOD1,HECW1,SWAP70,RRP1B,MYCBP2,FOXO1,ERC1,ARHGAP26,TTLL5,AKR1B1,TBC1D2B,RAP1GAP2,SPART,TNRC6B,TAB2,EPB41L3,FCHO1,NCDN,MPRIP,EFR3A,FLNB,LPIN1,CEP68,PASK,RGL1,LARP4B,CYFIP1,PSME4,MLC1,ZC3H4,XPO6,DTX4,RRP12,ARHGEF9,DNAJC9,PLCB1,PHLPP1,ANKRD28,ANKRD12,KAZN,DENND5A,CAMTA1,EXOC7,CLEC16A,NUP160,AGTPBP1,FBXW11,SMG6,ANKS1A,MGRN1,BICD2,EHBP1,TUT4,NEDD4L,SASH1,CLASP1,DOCK9,UBR4,LARP1,PPP1R13B,PUM2,AHCYL2,PIP5K1C,COTL1,SIRT5,MLYCD,FNTB,GRIP1,SLC44A1,QPRT,CABIN1,ARHGAP45,FOS,PIK3R5,TSPAN15,PIGN,DDAH2,PADI4,DDAH1,CDC42EP4,AMACR,MKRN1,RUSC1,RABGAP1,SGK3,PRKD3,PISD,ALOX5,ALOX12B,ATP6V1C2,CNOT6L,MTOR,ABL1,NR5A1,FYB1,FYN,MMS22L,MSRB3,YTHDF3,TTLL10,GAB1,RNF144B,PAN3,SERINC5,SNX33,SHC2,NGEF,GCA,LSM4,ATXN10,PRDX5,NIPBL,ARMC8,RNF19A,RCHY1,MTHFD1L,CLIC4,WWTR1,HEATR5A,ZNF385A,PNKD,C2CD2,C2CD3,SPATS2L,UPF2,ACOT11,PLEKHG3,OSBPL3,SETBP1,UBXN7,LTN1,SENP6,RAI14,GGA1,WIPI2,LDLRAP1,GAPVD1,TES,ABCA12,NOC2L,RGS22,GARS1,STEAP2,NPHP4,AMD1,GMEB2,PITPNC1,PHGDH,STAP1,TIAM2,FBXL5,KLHL3,FBXO22,ARFGAP3,AK5,SERGEF,GBE1,GCH1,SLC17A5,AGO1,LATS2,DAZAP1,GDI2,AMFR,NBEA,CYFIP2,ABL2,TPK1,SND1,VPS41,TRAPPC3,AMPD2,SDCBP2,PDE7B,CYTH4,SNX5,PALD1,FILIP1,NDOR1,AGO2,TUBG2,DISC1,AMPD3,BBS9,SESN1,NFU1,SULT1B1,GCLC,CRCP,RBMS3,TNRC6A,STK39,SGSM3,GLI2,BIN1,EML4,GM2A,GMDS,GNAI2,GNB1,GOLGA3,GOLGA4,SFN,GPD1,CCDC88B,RASSF3,ADGRD1,KSR2,PLA2G4D,FBXL22,NUDT7,GSDMA,CAVIN1,NKIRAS1,FBXW12,CCDC66,ANK1,GRK4,GRK5,GPX2,GPX4,ANK3,GRB10,RAPGEF1,DCPS,GIT1,RGCC,DBNL,ABR,NR3C1,ARHGAP35,TBK1,ANKRD11,GSK3B,GSN,GSTA3,GSTM1,GSTM4,GSTZ1,GTF2E2,BLNK,USP25,PARVB,OLA1,GUCY1A1,SNX8,HCFC2,GYG1,NME7,SH3KBP1,ANXA1,H2BC5,ANXA2,HAL,HCK,HCLS1,HTT,HDC,HEXA,PIK3R4,HIF1A,HIP1,HIVEP1,HK1,HK2,ACACA,ANXA11,HMBS,HMGCL,HMGCS1,HMGA1,AOX1,HNMT,EIF4E3,HNRNPD,HNRNPH1,HNRNPU,APBA1,HOXB5,HPD,HPS1,AGFG1,HRH1,HUS1,IARS1,ICA1,S100A7A,IRF8,GADL1,STING1,POU2AF2,IDE,IDH2,IDI1,KIF24,APP,CASTOR3P,RILPL1,FAS,IL1A,IL7R,IL15,IL16,INPP1,INPP4A,INPP5B,INPP5D,IRAK2,IREB2,IRF2,IRF4,IRF7,ITGAV,ITPK1,ITPKB,JAK1,JAK3,KARS1,NHLRC2,TBC1D10C,CA13,KIF5B,KIF5C,ARG1,KPNA1,KRT8,KRT10,KRT13,KRTAP12-4,KRT17,KRTAP5-1,GLTPD2,KRT33B,KRT82,BOLA3,AFF3,RHOG,SULT6B1,LAMP1,LCK,LCP2,LDHA,LGALS1,LGALS3,LGALS8,ARHGDIB,LIMK1,LIMS1,LMNA,LMO7,LNPEP,USP17L1,CENPP,LPP,LSAMP,LTA4H,LYN,TACSTD2,ARRB1,MXD1,SMAD1,SMAD2,SMAD3,ARRB2,SMAD6,SMAD7,MAN1A1,MAP2,MAP4,MARK3,MARS1,MB,MBNL1,MBP,MCC,MCL1,MEF2A,BORCS8-MEF2B,MEF2C,MEFV,MAP3K1,MAP3K5,CIITA,MID1,ATXN3,MKLN1,KMT2A,MLLT1,MLLT3,AFDN,MPG,IQSEC3,EIF2AK4,BCL2L15,MAP1LC3C,ASPA,MSRA,MTAP,NUDT1,MTRR,MX1,MYB,MYBPC1,MYBPC2,MYH10,MYH11,MYLK,MYO1C,MYO1D,MYO5A,MYO6,MYO9B,PPP1R12A,PPP1R12B,NUBP1,NCBP1,NCF2,NCF4,NCK1,NEB,NEDD4,NEDD9,NEK2,NF1,NFATC1,NFATC3,NFKB1,NFX1,ACO1,NGFR,NNMT,NOS3,CNOT2,NOTCH1,NOTCH3,NOTCH4,NRDC,NRF1,NUMA1,NUP88,OPA1,ORC5,ALDH7A1,P4HB,PEBP1,RRM2B,MINK1,PRDX1,ITSN2,PAK2,ANO7,ARHGEF3,PRKN,DCAF8,PARN,PAWR,ASAP1,PC,PCBD1,PDE11A,PCCA,ACOX1,AMDHD2,PLEKHA8P1,PCK2,DERA,CRYL1,KLHL5,TRNT1,SH3GLB1,ASB3,PCNT,VPS28,DCTN4,HERC5,IPO11,PLCE1,GLTP,MARCHF2,PIPOX,PCYT1A,FZR1,UBR5,TEX264,PDE2A,ATP6V1D,TRAPPC4,PDE3B,PDE4A,PDE4B,PRKAG2,ANAPC7,PDE4D,EVL,LIMA1,ANKFY1,RTCB,PDE7A,DTL,NCKIPSD,PDE9A,CXXC5,VTA1,SCLY,VPS54,PEX5L,NT5DC3,RAB6B,HDAC7,LARP7,NBAS,ATP6V1H,RTRAF,CDK5RAP1,ASB4,NUB1,ASB2,SUFU,PDPK1,NLK,CAB39,UPB1,RAPGEF6,WWOX,ERAP1,INPP5K,MAP3K20,PEX1,PEX7,PEX14,PFDN5,ATP8B1,PFKFB1,PFKFB2,PFKFB3,PFKFB4,PFKP,CDK14,PGAM2,PGM5,PHKA1,ATP6V1B2,PHKG2,SERPINB6,SERPINB13,ATP6V1C1,PIK3C2B,PIK3C2G,PIK3C3,PIK3CB,PIK3CG,PIK3R1,PI4KA,PI4KB,PIP4K2A,PITPNA,PKLR,PKM,PLA2G4A,PLAG1,PLCB2,PLCB4,BCL11A,BTBD1,UBASH3A,PLCG1,SHC3,PLCG2,PLEC,PLXNA1,PML,PMM2,TRIM34,EXOSC10,ACP5,PCBP3,SEPTIN4,DCUN1D1,ERRFI1,POLR2C,POLR2E,KCTD5,RIN2,MOV10L1,XRN1,MIOS,POR,TOLLIP,RNF216,PLEKHA5,PRMT7,HEATR5B,DHX29,RHOF,APBB1IP,CCHCR1,EXOC6,MTMR12,EGLN1,INO80,CROT,PPARG,ZRANB1,HAUS6,AHI1,AFTPH,NDE1,EPS8L1,FNBP1L,MTMR10,PXK,LAX1,MKS1,TASOR2,FOCAD,DUS2,KANSL2,PPM1A,PARP16,ODAM,PLAAT2,PPP1CA,TESC,USP47,ZWILCH,WIPI1,PLEKHJ1,ARHGAP17,CEP192,ARHGEF10L,SHQ1,PPP2R1A,NADSYN1,PLEKHG6,GOLPH3L,P3H2,LRRC1,USP40,ELP2,PPP2R5C,VPS53,PGM2,PPP2R5E,PPP6R3,FBXW7,CCDC91,PPP3CA,GIMAP4,CPPED1,PPP3CC,SHFL,TBC1D2,PI4K2A,PPT1,PREP,CDCA7L,RBM38,STAB2,NAGK,DDX60,KIF21A,PRR5,ASAP3,TASP1,DOCK10,AMBRA1,PRKAA2,BTBD2,PRKACA,NPLOC4,DENND4C,PEX26,PPP4R3A,LIMS2,VAC14,CCDC88A,IPO9,POLR3E,CEP72,PRKAR1A,ENAH,PARVA,PRKAR1B,INTS9,RCOR3,PRKAR2A,TTC17,PRKAR2B,EXOC2,PRKCA,TXLNG,PRKCB,MBNL3,DCP1A,TRERF1,PRKCE,DCAF6,PRKCH,CAND1,PRKCI,WWC3,ARHGAP15,PPP2R2D,WSB2,ZNF395,UNC45A,PRKCZ,ACSS2,PRKDC,RCC2,MAPK1,MAPK6,BAIAP2L1,MAPK8,SMG9,MAPK10,MAPK13,PDGFC,MAP2K1,MAP2K2,DNAJC3,DNAH7,CTNNBL1,WDR45B,PARD3,TRIM39,FMN2,PSMA1,SPHK2,DPYSL5,ANKS1B,SPIRE1,MCCC1,NCLN,DUSP22,PSMB7,SMYD2,PRTFDC1,PSMB8,PSMB9,PRDM11,PSMG2,TULP4,CTNNBIP1,PDXP,PLSCR3,PSMD1,KNL1,PSMD3,PARP11,PNPLA2,PDSS2,LYRM4,RGL3,SCYL3,SMURF1,PELI2,PELI1,ZMIZ1,RALGAPA2,ATP8B2,SNX14,PTEN,PBXIP1,AICDA,BIRC6,STRIP2,PTK2,CNOT6,PLEKHG1,NLN,ARID1B,RIMKLB,KIDINS220,ARHGAP31,RPTOR,SRGAP1,PTK6,TBC1D14,MIB1,SORCS2,KLHL42,MICAL3,USP35,STAMBPL1,ARHGAP20,KIF17,PREX1,ARHGAP21,RIC1,WDFY1,MRTFA,ZNF687,FNIP2,USP36,PITPNM2,SLAIN2,ZFAT,SH3RF1,GRAMD1A,RNF213,TNRC6C,PTPN1,DENND1A,SFMBT2,ZFYVE28,GBA3,PTPN3,PTPN4,PTPN7,MARK4,PTPN11,LSM2,PTPN13,PXMP2,PEX2,PXN,PEX5,PYGL,TP53INP2,PRUNE1,ARHGAP22,CACTIN,EPS15L1,RRAGD,BCAT1,RAB27A,RAC2,RAD21,RAD23B,RAF1,ACTA2,RALGDS,RAP1B,RAP1GAP,RAP1GDS1,RAPSN,RARA,RASA1,RASGRF1,RB1,RBL2,SCPEP1,ALOXE3,RBMS1,RBMS2,BCL2,UPF1,BCL2L1,TRIM27,RGS3,RGS10,RGS12,RGS13,RHEB,BCL3,AFAP1,EXOC4,BACH2,RPL3,BCR,RPL15,RPL21,RPL23A,RPL31,RPS3,RPS6KA1,RPS6KA2,CLIP1,RSU1,RXRA,S100A1,SORT1,S100A4,S100A6,S100A9,S100A13,SAG,CELA2A,ATXN1,ATXN7,SCNN1A,SCP2,CCL3,BICD1,BID,UBE2O,SH2D4A,SEC14L1,PRDM16,TRAPPC2,LHPP,RBKS,GOLPH3,SAMSN1,BLM,NOD2,IFIH1,RBSN,MAP2K4,ARHGEF28,COP1,ARHGAP9,NXN,ZNF106,BLVRA,KLHL25,WIPF3,SGK1,SGTA,ITSN1,SH3GL1,SHB,FABP12,UNKL,SMAP2,SMYD3,TNS3,SIAH1,ILRUN,SIAH2,MICAL1,CRTC3,MARCHF7,NIBAN2,RASAL3,SIPA1,NDRG4,SKP2,SLA,GPBP1,RAPH1,UPF3A,WNK1,SLC2A1,SLC2A4,NADK,LGALS9C,SLC12A3,SLC34A1,AACS,TRAK2,MTMR9,SNCA,SNX1,SNX2,SOD1,SOS1,DST,SP4,UAP1,SPTA1,SPTBN1,SRC,SREBF1,SREBF2,SRP9,BRAF,SRPK1,STAC,ZFP36L1,STAT3,STAT5B,STK3,STK4,STK10,STRN,SULT1A1,SULT2B1,SURF4,SVIL,VAMP1,SYK,TACC1,ADAM17,TAF6,TBXAS1,TDO2,TEC,TFCP2,TFDP1,TGFBR2,TGM2,TSPO,THRA,TIAM1,TLE1,TLN1,TRAPPC10,TNFAIP3,TNNI2,TNNI3,TOP2B,TP53BP2,TP73,TPM3,TPM4,TPT1,TRAF1,TRAF2,TRAF3,TRAF5,TRAF6,TRIO,TSG101,TSNAX,DNAJC7,TTN,TULP1,CCR2,PLIN4,TXK,TXNRD1,TYMS,CRPPA,UBA7,UBE2D3,UBE2E1,UBE2H,UBE2L3,UBE2V1,UCK2,UPP1,VAV2,VCL,VIM,WARS1,WIPF1,WT1,XPC,XPNPEP1,XRCC3,XRCC4,FMNL1,XRCC5,YWHAG,YWHAH,YWHAZ,ZFP36,ZBTB14,CA2,CA7,ZBTB16,TRIM26,ZMYM2,LAPTM5,CSDE1,EVI5,ALMS1,TUBA1A,CACNB4,MAPKAPK3,USP7,RAB7A,KCNAB1,AHNAK,NABP2,FTO,WDR77,TRAPPC6A,CARD14,MAPKAP1,FKRP,BAG6,ARMH3,TCTN1,HMBOX1,PANK3,ARHGAP10,ICE2,TUT7,NLRX1,LRRK1,AAGAB,NARS2,TTLL7,ASB13,MYH14,FBXO31,GSDMD,CAMKMT,NAA40,PEAK1,RABEP2,UBA5,PLBD1,RIN3,KAT6A,DENND1C,CEP76,DENND2D,ATAT1,WLS,CALD1,DOCK5,NAA25,FBXL18,DCAF17,CALM1,BAIAP2L2,EDC3,NAA15,SPSB1,CEP290,CHD9,NUP214,ALPK1,NAA50,RAB11FIP1,STAM,CDK5RAP3,CUBN,CCDC6,SP6,ABTB1,DNAJC5,CSRP3,AKNA,MPIG6B,ZNF34,CMIP,ZNF436,DDHD1,DUSP16,FXR1,NPL,CDK2AP1,ZBP1,CALR,SLC7A5,TRIM11,FIP1L1,SNX27,CAB39L,DIAPH3,AKAP1,CAMK2D,ELL,CAMK2G,SBF2,NRIP1,CLTCL1,CAPN1,CAPN3,PICALM,ACOX2,CAST,AXIN1,CAPZB,CARS1,PITPNM3,CASP1,CASP2,COG3,SESN2,TRAPPC9,ATG10,ITCH,RBP5,RBM4B,FRMD8,MAD1L1,TBC1D10A,KCTD10,CASP6,STARD3NL,STK40,PIP5K1B,NCALD,CASP7,DTNBP1,FHIP1B,ANKRD27,ULK1,EEA1,CEP78,PPP1R1B,NLRC5,SLA2,ZCCHC7,SGIP1,FLYWCH1,STK24,RNF135,CASP10,CHCHD6,VPS25,HPS3,RASAL1,HOOK3,NSMAF,NCK2,CARD11,LZTS2,SLX4,SPIRE2,CUL3,CUL1,KLF11,TNRC18,TTBK1,DGAT2,MYPN,USP32,CAT,PSRC1,CNDP1,UNC119B,CDC42BPA,KLHL22,RIOX2,AGBL4,AIFM2,AOPEP,TMEM87B,ZNRF1,HSH2D,PPFIBP2,NUDCD1,PPFIA2,PPFIA1,PARG,KCNAB2,ELP1,DGKZ,DGKE,DGKD,DDO,KRTAP4-1,KRTAP3-3,STRIP1,AGPS,STON2,CEP295,CDC14A,TCAP,YARS1,MADD,CASK,STK16,RUNX2,KLF7,CADPS,CDK13,RFXANK,OASL,RUNX3,AKR1C3,NCOA1,TNKS,ALDH4A1,EIF3A,EIF3J,EIF4G3,BECN1,PEA15,KRT38,KRT37,KRT36,ACTN1,CTNNAL1,GBF1,CRADD,CBS,PABPC4,FADD,NAPA,TNFRSF11A,TNFRSF10A,IQGAP1,NRP1,SYNGAP1,GMPS,SOCS2,CFLAR,CCN4,HDAC3,KSR1,TSC22D1,KAT2B,ASAP2,SYNJ2,ARHGEF7,CDC16,NAE1,MCM3AP,MTMR3,MTMR2,CCNA1,CPNE1,AP1M1,TRIM4,HERC2,HERC1,MBD2,SKAP2,KYNU,BTRC,CCND3,P4HA2,USP13,HPS4,FGD3,ATG16L2,MVB12B,RPS6KA4,PLCZ1,LIMD1,KALRN,PHLDB2,SYS1,OTULIN,FAM110B,UBA3,SPAG9,DOK2,AIP,PSTPIP1,MAP7,PAPSS2,PAPSS1,STARD13,ZNF598,USP10,USP8,FMNL3,MTMR7,MTA1,LATS1,CCNB2,ARHGEF1,RCCD1,UBXN11,ATPAF2,LONRF1,ACY3,IL1RL1,CABLES1,MYLK3,DDX21,LRRFIP1,VAPA,RCSD1,SPSB4,UBE2L6,SPECC1,TSPOAP1,MOB1B,PDLIM7,MAPKAPK2,CYTH1,FAM114A1,ITGB1BP1,HELB,SOCS6,COPS2,TRIP12,TRIP4,CD163,ARHGAP18,KIF3B,OTOF,NMT2,RECQL5,GRAP2,HSPB9,TJP2,MED27,GSTO1,AIM2,EIF2AK3,HOMER2,ARHGEF6,RASAL2,PICK1,AKAP7,ATG5,STX8,PSMF1,KIF23,MAGED1,EEF1E1,GOSR1,EI24,CHD1L,GTPBP1,CEP41,CLOCK,BABAM2,CDC42BPB,PREPL,AKAP12,CYTIP,CD44,VPS9D1,GDA,RNF7,NUP155,SEC24C,ARHGEF10,SH3PXD2A,FNIP1,PPM1F,GCC2,SKIC3,TTLL4,IQCB1,LPIN2,DEPDC5,N4BP1,CLINT1,NUP93,RAPGEF2,PUM1,USP6NL,NOS1AP,RAB11FIP3,USP34,ARHGAP32,HDAC4,CD151,ATG13,TBC1D5,CDA,SERTAD2,CTIF,RB1CC1,DNAJC6,ZEB2,TESPA1,ELMO1,GAB2,C2CD5,FARP2,CEP170,LRBA,TBC1D4,SRGAP3,KLHL21,SEC16A,RNF10,KIF14,JOSD1,HELZ,DLEC1,XYLB,GFPT2,WDR1,USP15,MVP,NUP153,DOP1B,DMTF1","Sputum_Mixed granulocytic"
"BP","defense response",1804,566,1.37649140812163e-09,2.61332152636104e-06,"ADA,TANK,KLRC4-KLRK1,ABCC9,TSPAN32,TRIM10,IFNL4,RASGRP1,TRIM13,CD96,ADAR,TNIP1,CCL26,MICU1,NOD1,ADARB1,WFDC2,TRIM38,DDX17,KAT5,IPO7,CEBPE,ATG7,AGR2,GNLY,POLR3C,CELF1,CXCR6,TRAF3IP2,ZMYND11,CCR9,LILRB1,ARID5A,USP20,MALT1,TMED2,SPINK5,LILRB4,LIAS,LILRB3,RIPK3,CORO1A,IRAK3,DUSP10,SCN11A,VPS26B,LYST,MGLL,NLRP3,CHUK,PGLYRP2,SLAMF6,C1QTNF3,GBP5,RNF166,IL22RA2,CLNK,CLU,TMEM45B,SLC15A4,RNASE11,CCR1,CCR4,CMKLR1,LTB4R,CNR2,RNF19B,IL17RE,IL31RA,ADORA2A,ADORA2B,CRHBP,NEK7,SIRPA,PARP1,PARP4,MAPK14,CSF1R,CSF3R,ARMH4,PIK3R6,NFAM1,CTSG,CX3CR1,CYLD,CYP19A1,CD55,DAPK1,DHX15,DEFA1,DEFA3,DEFA4,DEFA5,DEFB4A,SLC30A8,DHX36,DPP4,DRD4,AGTR1,AHR,ANO6,NLRC3,EIF4E,EIF4G1,ELANE,A2M,UNC13D,TRIML2,AKT1,ESR1,ETS1,EXT1,EZH2,F12,FABP4,FANCA,PTK2B,FASN,DAGLB,FGR,RAB11FIP2,NLRP1,CARD8,SBNO2,NT5C2,MAPKBP1,ENDOD1,TRIM35,TAB2,KDM6B,GRAMD4,STAB1,FLNB,RFTN1,DTX4,ICOSLG,PUM2,COTL1,FOLR2,FOS,PADI4,CDC42EP4,FPR3,PLD3,IL17RA,ALOX5,ALOX5AP,MTOR,FUT4,FUT7,ACKR1,FYN,CERS6,YTHDF3,LYG2,SERINC5,PRDX5,SAMHD1,DHRS7B,ANKRD17,ABHD12,WIPI2,TRAF3IP1,STAP1,GATA3,CLEC4E,GCH1,NUPR1,GFI1,GGT1,B4GALT1,LAT,FOXP1,C5AR2,CRCP,RBMS3,STK39,GNG7,CCDC88B,GPR17,GSDMA,METRNL,CXCL17,SLC9A9,FFAR3,GRN,GIT1,GRIK2,SETD2,NR3C1,TBK1,GRPR,GSN,BLNK,ZDHHC1,ANXA1,HCK,HIF1A,HK1,HLA-DRB1,AOAH,HRH1,HSPG2,NDST1,RNASE10,IRF8,STING1,IFNAR2,IFNG,IFNGR2,APP,RBPJ,TICAM2,IL1A,IL1R1,IL1RAP,IL6R,IL7R,IL10,IL15,IL16,INHBA,IRAK2,IRF2,IRF4,IRF7,ITGAL,ITGAM,ITGB1,ITGB2,JAK1,JAK3,TRIM23,KARS1,NRROS,KIF5B,ARG1,C2CD4B,SCIMP,CCL4L1,C1QTNF12,LAG3,LAMP1,LCK,LCN2,LDLR,LGALS1,LGALS3,LGALS3BP,LGALS8,RAB44,LPL,LPO,PLPP6,DEFB133,LRP1,LSP1,LTF,CD180,LYN,MIRLET7B,MIR140,MIR141,MIR145,MIR17,MIR195,MIR19A,MIR19B1,MIR20A,MIR21,MIR92A1,SMAD1,SMAD3,ARRB2,ASIC1,MEF2C,MEFV,MAP3K5,CIITA,MMP8,MPO,ABCC1,EIF2AK4,MIAT,TARM1,MX1,MYO1C,NCBP1,NCF2,NCK1,NEDD4,NFATC3,NFKB1,NFX1,NINJ1,NKG7,NOTCH1,NOTCH2,RNASE12,MIR378A,OLR1,OSM,P2RX1,P2RX7,FURIN,NOX3,PRDX1,PAK2,REG3A,HERC5,MARCHF2,BPIFA1,PLAC8,PDE2A,VPS54,NUB1,PDPK1,CD244,ERAP1,PHB1,SERPINA1,PIK3CG,PIK3R1,PLCG1,PLCG2,PML,TRIM34,ACP5,TLR9,TREM1,TOLLIP,RNF216,RBM47,PPARA,PPARD,PPARG,PPBP,PXK,DUS2,ODAM,TMEM33,APPL2,PSPC1,UBE2W,SHFL,LGR4,PRB3,PRCP,STAB2,NAGK,DDX60,LYAR,RAB20,NPLOC4,POLR3E,INAVA,PRKCE,ASH1L,PRKCZ,PRKDC,ERBIN,MAPK8,MAPK13,DNAJC3,CRTAM,AZU1,PSMA1,SLAMF8,WRNIP1,SPIRE1,CTNNBIP1,CAMK1D,CD177,RTN4,SCYL3,PELI1,ZNFX1,PTGER2,PBXIP1,PTGER3,AICDA,TMIGD3,PTGS2,PTK6,WDFY1,RNF213,GPAM,PTPN1,EPG5,MARK4,PTPN11,PTPRC,PTPRCAP,NECTIN2,CXCL16,CACTIN,MAP4K2,RAB27A,RAF1,RB1,HRH4,TRPV4,BCL2,BCL2L1,TRIM27,BCL3,BCL6,RORA,BCR,S100A9,CFB,CEACAM1,CCL3,CCL13,CCL18,CCL22,SEC14L1,SELE,NOD2,IFIH1,MMP25,SFTPD,CLEC7A,LYPD8,ILRUN,SKP2,SLC11A1,SLC18A2,BMPR1B,CHID1,SNCA,SOD1,SP100,SPI1,SPN,SRC,SRPK1,STAT3,STAT5B,SYK,ADAM17,TEK,TGFB1,THBS1,SERPING1,TLR5,TNFAIP3,C1QB,TNFAIP6,TNFRSF1A,TNFRSF1B,C1QC,C1S,C2,TRAF2,TRAF3,TRAF6,C3AR1,DEFA1B,CCR2,TNFRSF4,TXK,ACOD1,UBA7,VDAC1,VIM,DAGLA,XRCC5,YWHAZ,ZFP36,ZNF148,TRIM26,ZP3,LAPTM5,MAPKAPK3,TMEM43,NOX5,CYBC1,MCPH1,RHBDF2,NLRX1,GSDMD,MMRN2,ATAT1,CALM1,CCDC92,ALPK1,CSRP3,AKNA,NDFIP1,APOL3,FXR1,ZBP1,COLEC12,TRIM11,CLPB,AKAP1,ADAMTS12,KLRC4,CASP1,ITCH,CASP6,CASP7,NLRC5,ZDHHC18,RNF135,CUL3,ATRN,TPST1,TTBK1,IL1F10,SPINK7,SEMA7A,HAVCR2,AGBL4,ZNRF1,CST7,APOL1,CAV1,RNASET2,OASL,AOC3,BECN1,MARCO,FADD,TNFRSF11A,TNFRSF10B,IL18RAP,IL1RL2,IL18R1,CD84,CCN4,VNN1,TRIM4,KYNU,RPS6KA4,TRIM15,PGLYRP1,TNFSF18,ACVR1,TSPAN18,OTULIN,CCRL2,PSTPIP1,CD1D,DDX60L,RNF185,RSAD2,IL1RL1,MYLK3,DDX21,LARGE1,CD5L,CD6,UBE2L6,MFHAS1,MAPKAPK2,BPIFB1,SOCS6,CD83,NEURL3,CD163,PLAA,AIM2,LY86,ATG5,CD36,STX8,CLOCK,APOBEC3B,CD44,CD48,CD58,CD68,N4BP1,PUM1,HDAC9,CD81,HDAC4,ADGRE5,MATR3,ZEB2,PJA2,DLEC1,USP15,NR1H4","Sputum_Mixed granulocytic"
"CC","endomembrane system",4689,1542,1.38003249059727e-09,2.61332152636104e-06,"A1BG,ABI1,TRAPPC3L,PDCD6,BCL2L11,PIGK,C8orf44-SGK3,ABCC5,ABCB6,DNM1L,MUC12,ATP9A,GPC6,CERT1,UST,PYURF,KIF20A,ENAM,RASGRP1,AKAP9,WASF2,LHFPL2,TNK2,ADAM10,CALCRL,NUTF2,TRIM13,MFSD10,STX6,SLC35B1,AP3S2,ABCC4,BET1,PAK4,VPS26C,EMC8,IRAG1,DLC1,ATP8A1,NDRG1,CDS1,PEMT,CPQ,RAPGEF3,SPON1,PRMT5,TAB1,GPNMB,BAIAP2,COG5,CRTAP,VAT1,UNC13B,IPO7,ATG7,AGR2,OLFM4,ARFGEF1,CDC42EP3,ERLIN1,STAMBP,CES1,KIF1C,GIPC1,NUP50,SLC17A3,IQGAP2,FRS2,CEACAM3,SRCAP,HPSE,USP20,CEACAM8,RAB10,MMP24,EHD1,AP3M2,PDIA5,TMED2,LMAN2,CKAP4,TMED10,COPS5,ILVBL,SPINK5,KDELR2,RCBTB2,LILRB3,RAB31,TENT4A,ABHD2,ADAM30,SPACA9,FAF1,CDC42EP1,PLAAT3,CORO1A,FSTL1,CHIT1,NISCH,GALNT6,HPS5,PDCD10,PADI2,PACSIN2,MRAP2,MGAT4B,VPS26B,CHRM3,VPS45,MGAT4A,GOLM2,TMC6,SLC46A1,FKBP9,EXOC3,SCRG1,RNF13,MGLL,SYNPO,TRIM9,NLRP3,ERMAP,GALNT13,SORCS1,OSBPL1A,OSBPL5,OSBPL8,OSBPL9,MARCHF3,GBP5,FCHO2,WDFY2,RAB3C,MOGAT1,LRG1,ARAP1,AGAP2,GALNT15,AP2S1,RFFL,AP3S1,CLCN3,BORCS5,OLFM3,ANTXR2,CLCN6,PDZD8,CLU,TPP1,TMEM45B,SLC15A4,CLTC,ERP27,FGD4,SPPL3,CLBA1,DEGS2,PLA2G4E,SNX20,SLC38A10,WDR81,TBC1D16,OSCAR,CNR2,PRXL2B,RNF19B,COL3A1,COL4A1,DRAM2,TBC1D20,PIGU,TANGO2,PPP1R21,MBOAT2,COL9A2,COL10A1,ICA1L,COL11A2,COL12A1,ZFAND2B,COL16A1,TMEM178A,COL17A1,LYZL4,COPA,SLC31A2,OCIAD2,CLVS2,STXBP5,CP,COL26A1,VPS37A,TMEM68,PXDNL,GPAT4,HGSNAT,ATF6B,CRHBP,CRHR1,CHODL,GCNT7,SUN5,SIRPA,PARP1,VTI1A,MAPK14,TMEM120B,RDH12,ABHD12B,CEP128,CSNK2B,VCAN,MGAT5B,TOM1L2,TMC8,DPY19L3,ADRA1A,CREB3L4,CTLA4,CTNS,AIFM3,ENTHD1,NFAM1,COMMD1,CTSB,CTSE,CTSG,CTSH,XXYLT1,GLIPR2,CTSW,CTSZ,CUX1,CXADR,NIPAL1,PAQR3,SLC38A9,CYB561,RNF145,MBOAT1,CYP1B1,ABCA13,VKORC1L1,IQUB,CYP3A7,RDH10,VPS13B,FAM91A1,CLVS1,CYP19A1,AWAT2,DAB2,DACH1,TMTC2,CLEC12A,CD55,DGKH,DGKQ,AP2A2,SYNE3,AP1B1,DCN,CNST,DCTN1,UBXN2A,PRICKLE2,DEFA1,DEFA3,DEFA4,SGMS2,DEFA5,DEFB4A,SLC30A8,TMEM64,QSOX2,FUT11,KCNG3,DIO1,DLG1,DNASE1L1,DYNC1H1,AGL,DNM2,DOCK2,AGRP,ECE1,ABCA1,LPAR1,AHCY,EEF2,EGF,EGFR,MYRFL,ANO6,ELANE,SERPINB1,ALG14,TMEM201,A2M,ABCA2,CREG2,SPRED2,SLC51A,CENPV,SLC39A11,UNC13D,RAB12,HACD2,STT3B,CTTN,DNAJC18,ENO1,GAPT,TSNARE1,C9orf72,STOM,CERS3,STX2,DIPK2A,EPS15,SLC36A1,AKT2,ERN1,ESR1,ABCA3,ALAD,ALB,EXT1,EXT2,F12,FABP5,ACSL1,FASN,FAT2,SLC37A2,TPCN2,FCAR,MARCHF8,FCGR1BP,ARL5B,C6orf89,FCGR3B,FCGRT,FDFT1,ADGRG3,ZNRF2,ALDH3A2,FGD1,FGF7,MAPK15,GPC5,FGFR2,FGR,RHOBTB3,RAB11FIP2,AAK1,LMTK2,CHSY1,FKBP2,FNDC3A,INPP5F,TRAPPC8,ARSG,EPN2,TRAK1,SACM1L,CD93,ATF6,HABP4,SEPHS1,RAB3GAP1,SV2C,CEP131,WDFY3,FAIM2,TMCC1,XPO7,TNIK,FNBP1,GGA2,EMC1,AVL9,ERC1,SIPA1L3,KIF1B,TBC1D2B,FSTL4,RAP1GAP2,NFASC,TAB2,COLGALT2,ANKLE2,FCHO1,GRAMD4,NCDN,CLCC1,SEPTIN6,SNX13,MAPK8IP3,LPIN1,SEPTIN8,RFTN1,CYFIP1,FAF2,MLC1,FLT1,RRP12,SYNE2,NUP210,SIK2,PLCB1,TMEM131L,PACS2,ATP11A,DENND5A,CLEC16A,NUP160,FBXW11,MGRN1,BICD2,EHBP1,ACSL6,NEMP1,FKBP15,FMOD,DMXL2,NEDD4L,CLASP1,DPY19L1,VPS39,SYNE1,DOCK9,UBR4,SUN1,VPS8,PUM2,AHCYL2,PIP5K1C,COTL1,TMED3,GRIP1,AP4E1,ABCA6,CBX5,LEPROTL1,MACF1,ZFYVE26,ARHGAP45,FOS,ATP6V0A2,TSPAN15,PIGN,CDC42EP4,HEBP2,CORO1C,DAPK2,RUSC1,PLD3,SH3BP4,SGK3,PITPNB,PISD,ABCA4,ALOX5,ALOX5AP,MTOR,ABL1,FUT4,FUT7,FUT8,KDSR,ACKR1,FYN,CERS6,G6PC1,MSRB3,ZDHHC20,CNIH2,GAA,GABBR1,CALHM1,GABRA2,ST6GALNAC3,MAMDC2,WDR72,SERINC5,QPCT,GCA,ARMC8,GALNS,GALNT2,IFFO1,GALNT3,SGMS1,MYRIP,SEC31B,DHRS7B,GORASP2,OSBPL3,UBXN7,CNTNAP2,FAM169A,ANKRD17,GGA1,ABHD12,LDLRAP1,GAPVD1,ABCA12,GARS1,STEAP2,ARFGAP3,EHF,GCG,GCH1,GCNT1,SLC17A5,MYOF,GCNT2,CHIC2,GDI2,MDGA1,AMFR,GFRA1,GGCX,GGTA1,B4GALT1,NBEA,ATP2C1,LAT,STAU2,VPS41,LAMP3,TRAPPC3,SDCBP2,CYTH4,SNX5,SIGLEC9,DISC1,AMPD3,GLB1,CRCP,RAB30,TNRC6A,GLG1,TOR1B,BIN1,GM2A,GNAI2,GNAI3,GNAQ,GNS,GOLGA3,GOLGA4,P4HA3,CCDC88B,B4GALNT3,KCNRG,CAVIN1,GDPD1,RNF149,NKIRAS1,SLC9A9,SUMF1,ANK1,GPR37,SCAI,GRK5,GPX4,ANK3,RAPGEF1,GRN,DBNL,TMEM230,CNIH4,CLEC2D,CD274,GSN,USP25,OLA1,ZDHHC1,GUCY2C,SNX8,SNX10,GYG1,SEC61A1,DSE,LRP12,GZMK,ANXA1,ANXA2,HCK,HTT,ANXA4,HEXA,HEXB,ST6GALNAC6,EHD4,PIK3R4,ANXA6,HIP1,HK2,ANXA11,HLA-DOB,HLA-DPB1,HLA-DQA1,HLA-DQA2,HLA-DQB1,HLA-DQB2,HLA-DRA,HLA-DRB1,HLA-DRB5,HMGCR,APBA1,APBB2,HPD,RAB37,AGFG1,HSD11B1,HSPG2,NDST1,HTR7,UBAC2,ICA1,STING1,COL28A1,MALRD1,FMN1,LRIT3,IFNGR2,IGF2R,IGFBP7,APP,PADI6,TICAM2,IL15,IL15RA,INPP4A,INPP5B,IRAK2,IRF7,ITGA1,ITGA5,ITGAL,ITGAM,ITGAV,ITGB1,ITGB2,ITPKB,ITPR1,ITPR2,JAK1,JAK3,TRIM23,KCNA2,NHLRC2,TBC1D10C,ATP9B,B3GNT8,MIA3,STIMATE,NRROS,KCNQ1,KIFC3,ARF5,ARG1,KPNA1,HRNR,PLEKHM3,LAIR1,LAMA3,RHOG,LAMB1,LAMP1,LBR,LCN2,LDLR,LFNG,LGALS1,LGALS3,LGALS3BP,LIMK2,LIPC,MYO18A,LMNA,LMNB1,LMO7,LNPEP,RAB44,USP17L1,SNX30,LOXL2,PLPP6,LRP1,LRP2,LRP3,LRP6,LRP5,LTA4H,LTBP1,LTF,LUM,LYN,ARRB1,SMAD1,SMAD3,ARRB2,SMAD6,ASIC1,ARSB,MAN1A1,MAN2A2,MAN2A1,MAP6,MAP3K5,MGAT3,MGAT5,MIA2,MID1,ATXN3,TRPM1,MME,MMP8,ASTL,MMP16,MPL,MPO,UNC13C,MAP1LC3C,TARM1,GALNTL6,MYO1B,ASPH,NUDT1,MUC2,MUC4,MX1,MYO1D,MYO5A,MYO6,CEACAM6,NCF2,NCF4,NCK1,NEDD4,SEPTIN2,NEDD9,NEO1,NFKB1,ACO1,NGFR,NOS3,NOTCH1,NOTCH2,NOTCH3,NOTCH4,NPC1,ATP2A2,ATP2A3,NTS,NUCB1,NUP88,OLR1,OPRM1,SLC22A18,P2RX1,P4HB,FURIN,PCSK6,MINK1,COL5A3,CHST11,GALNT9,PAK2,ANO7,PNPLA8,PRKN,ASAP1,PCDH7,SLC35C2,ATL1,DERA,SCCPDH,SH3GLB1,METTL9,PHF11,HSD17B12,A4GNT,VPS28,IPO11,PLCE1,PCSK1,SHISA5,PCSK5,MARCHF2,ERGIC2,CD320,PCYT1A,ZDHHC3,GASK1B,PLAC8,MS4A4A,FZR1,MBTPS2,CHST15,TEX264,PDE2A,ATP6V1D,AIG1,TRAPPC4,PDE3B,BIN2,PDE4B,SUCO,NAT8B,ANKFY1,RTCB,DTL,PDE9A,ZC3HC1,VTA1,PDGFA,SCLY,VPS54,PDGFB,ACKR4,RAB6B,CYRIB,NBAS,PIGT,ATP6V1H,DHRS7,YPEL5,MRPS23,CAB39,WWOX,ERAP1,RAB8B,INPP5K,GALNT7,ATP8B1,PHB1,ATP6V1B2,SERPINA1,SERPINA4,SERPINB6,ATP6V1C1,PIGH,PIK3C2B,PIK3C3,PIK3R1,PI4KB,PKHD1,PKM,PLA2G4A,PLAGL1,PLAT,PLAUR,ATP6V0B,PLCB2,TPCN1,FXYD3,PLN,PLOD1,PLOD2,PLP2,PML,CDHR5,SLC37A1,TLR9,SEPTIN5,SEPTIN4,YIPF1,PON3,RETREG1,POR,TOLLIP,ADAMTSL4,RHOF,POU2F1,MTMR12,PPBP,LEPROT,CTSA,DYM,AFTPH,SYTL2,BLTP3A,RNF43,PXK,LAX1,CDKAL1,TMEM260,CMTM6,DUS2,OCIAD1,PARP16,CLN6,MARCHF1,EPN3,PLEKHB2,VPS37C,WIPI1,ATG2B,PLEKHJ1,LRRC8D,ZDHHC4,TMEM38B,TMEM33,APPL2,GOLPH3L,P3H2,PPP2R5C,VPS53,PGM2,FBXW7,CCDC91,RNF121,CPPED1,AGPAT5,LAPTM4B,PI4K2A,PPT1,PRCP,CHST12,PIP4P2,GALNT10,VPS50,ZDHHC7,AMBRA1,PRKAA2,SLC39A4,FLVCR2,RAB20,SLC48A1,PRKACA,NPLOC4,DENND4C,SCYL2,MREG,VAC14,CCDC88A,IPO9,NECAP2,LMBR1L,PRKAR1A,PRKAR1B,UGGT2,PRKCA,ERMARD,FGD6,TXLNG,CSGALNACT1,PRKCE,EMC3,CAND1,PRKCI,TEX2,ASH1L,UNC45A,PRKCZ,ERBIN,RCC2,MAPK1,SULF2,BCAP29,PDGFC,MAP2K1,MAP2K2,DNAJC3,PRL,PRLR,PARD3,KLK10,AZU1,PSAP,PSEN2,TMPRSS4,JPH1,RETN,FMN2,SPHK2,AGPAT3,AGPAT4,TMEM167B,NCLN,SPPL2B,PMEPA1,MFF,PSMB7,MEPE,RGMA,VPS35L,PSMD1,KNL1,AGTRAP,PSMD3,PARP11,PNPLA2,RAB25,CD177,MAN1C1,RTN4,LDAF1,SCYL3,SLC44A2,PHTF2,ATP10A,ATP8B2,ATP10D,ADGRG6,ERGIC1,SNX14,PTGER3,RHBDD2,PTGS2,BIRC6,TENM2,GALNT16,GRAMD1B,KIDINS220,MTUS1,SERINC1,TBC1D14,ELAPOR1,SORCS2,NCEH1,STAMBPL1,ARHGAP21,RIC1,WDFY1,PITPNM2,FAM234B,RELCH,VPS18,STIM2,SH3RF1,COL20A1,DHX37,GRAMD1A,QSOX1,PTPN1,WDFY4,ZFYVE28,RAB40C,G6PC2,PTPRC,PTPRJ,PTPRN2,PEX5,PYGL,MS4A7,EPS15L1,RAB5B,MAP4K2,RAB27A,RAC2,RAF1,RAP1B,RAP1GAP,RAP1GDS1,RAPSN,TRPV4,LGR6,BCL2,BCL2L1,TRIM27,RHEB,BCL6,ELOVL5,CYB5RL,RPE65,RPL21,RPS3,RRBP1,CLIP1,RYR1,RYR3,S100A1,SORT1,S100A6,S100A9,S100A11,S100P,SCNN1A,CEACAM1,SCP2,SRL,BICD1,BIK,SDC2,THADA,SLC17A9,NECAB3,SEC14L1,KIF13A,SECTM1,TRAPPC2,SELE,SELL,PERP,SLC28A3,GOLPH3,NOD2,XYLT1,RBSN,ERAP2,P3H1,DNAJC1,MS4A6A,RAB17,ARHGAP9,SIL1,MMP25,CBLN3,PALS1,SFTPD,WIPF3,DCLRE1C,SGK1,ITSN1,ARRDC5,SH3GL1,CREB3L2,SIAH2,AEN,LMF1,DDX31,ST6GAL1,ST3GAL1,ST3GAL2,YTHDC2,ST3GAL3,CASD1,SIPA1,NDRG4,SLA,VPS33A,SLC2A1,SLC2A4,SLC2A5,MPPE1,SLC6A9,SLC9A3,SLC11A1,SLC34A1,SLC18A2,BMPR2,CHID1,TRAK2,MTMR9,SNCA,SNX1,SNX2,SNTB2,SORL1,DST,SPARC,SPINK2,SRC,SRD5A2,SREBF1,SREBF2,SRP9,SRPK1,SSR2,DENND2B,STIM1,STK10,BSG,SULT2B1,SURF4,VAMP1,SYN2,SYPL1,SYT1,ADAM17,TBXAS1,TMBIM6,TFPI,TGFA,TGFB1,TGFBI,TGFBR1,TGM2,THBS1,TSPO,TIMP2,TIMP3,SEC62,SERPING1,TRAPPC10,TNFAIP6,TNFRSF1A,TNFRSF1B,TP73,TPD52,TPR,TPT1,TRAF2,TRAF3,TRAF6,C3AR1,TRPM2,TSG101,TSNAX,EIPR1,DEFA1B,MOSMO,TYRP1,UBE2D3,UGCG,CLRN1,UVRAG,VCL,VRK2,VWF,WFS1,DAGLA,XRCC5,LDLRAD4,TMEM50B,ZNF148,PRDM2,LAPTM5,CACNA2D1,CSDE1,PXDN,MOGS,RNF103,TUBA1A,RAB7A,ST8SIA4,ELOVL6,WDR77,TRAPPC6A,MAPKAP1,DERL1,MBOAT7,FKRP,GNPTAB,TMEM43,NOX5,CYBC1,FYCO1,ARMH3,GALNT14,ARSJ,RHBDF2,DYNC2H1,ZDHHC14,GALNT12,VPS37B,MCTP1,CLMN,GSDMD,ALG9,CAMKMT,TLCD3A,RABEP2,UBA5,LPCAT1,RIN3,ATP8B4,NAA60,SPEF2,DOK3,KIAA0319L,SLC35E1,ATAT1,WLS,ELOVL7,MINDY3,NAA25,SEMA6D,VCPIP1,CCDC170,UXS1,MOGAT2,CEP290,NUP214,RAB11FIP1,PHAF1,EDEM3,STAM,HSD3B7,CUBN,FER1L4,PDGFD,EPC1,CPEB4,DNAJC5,PNPLA3,TRAF3IP3,SEL1L2,MPIG6B,NDFIP1,COL18A1,FXR1,ACTN4,WNT5B,CALR,ANP32A,PTDSS2,DCSTAMP,HM13,GDPD5,ANKRD13C,SNX27,ITM2C,VMP1,CAMK2D,CAMK2G,SBF2,CANX,CLTCL1,SYN3,CAPN1,DYSF,TRRAP,PICALM,CAST,PITPNM3,ADPGK,GSG1,APH1B,CHST9,COG3,TEX101,CCDC3,TRAPPC9,FERMT3,CRISPLD2,ITCH,MAD1L1,ANGPTL6,ATAD3B,SPATA16,STARD3NL,PIP5K1B,NCALD,ARB2A,CTTNBP2,B3GNT5,DTNBP1,MYCBPAP,ANKRD27,ULK1,EEA1,STX7,SLA2,LRRC8C,ZDHHC18,SGIP1,YIPF4,STK24,VPS25,HVCN1,COG8,HPS3,SOAT2,HOOK3,NCK2,RAB11FIP4,SYVN1,CASQ2,CUL3,ATRN,COL25A1,TPST2,TPST1,TNRC18,DGAT2,EBPL,USP32,CAT,CRACR2A,PLPP7,LMNB2,ADTRP,HAVCR2,AGBL4,MFSD2A,TMTC4,TMEM87B,ALG10,ZNRF1,SERAC1,PPFIA2,PIGY,PPFIA1,SLC43A1,KCNAB2,ITGA8,DGKD,CST7,MICALL1,APOL1,STON2,ITPRIP,SSH2,DEGS1,CAV1,STK16,PLPP3,STC2,CADPS,CDK13,CBFA2T3,HSD17B6,RNASET2,AOC3,TNKS,STX11,BECN1,ACTN1,B4GALT4,B4GALT2,MBTPS1,GBF1,CDS2,SIGLEC5,TNFRSF10A,IQGAP1,NRP1,HDAC3,PROM1,KSR1,ANKRD13A,ASAP2,VNN1,MCM3AP,MTMR2,CPNE1,AP1M1,HERC1,P4HA2,HPS4,NAV3,FGD3,PLOD3,MVB12B,STBD1,ATP6V0E1,PGLYRP1,SYT8,SYS1,SNX21,NAT8,SPAG9,PIP4P1,CFAP119,USP10,USP8,FMNL3,MTMR7,MTA1,SEC22C,NUP210L,CD1D,SLC16A3,SLC39A13,RNF185,SYNGR1,PKDCC,COL23A1,RSAD2,FIBP,CD3E,RFT1,CD247,COG7,LGI1,LARGE1,VAPB,VAPA,RCSD1,PXYLP1,GCNT3,DHRS3,CYTH1,FAM114A1,DNER,CD9,B3GNT7,NEURL3,MS4A3,PGAP3,CD22,B4GALT6,B4GALT5,CPNE6,RAB28,NHERF1,TM9SF2,NRXN1,OTOF,COG1,NMT2,GRAP2,SELENOF,ORMDL3,SYTL3,FADS2,EIF2AK3,PICK1,CHST3,AKAP6,CD36,STX8,PIGL,PGS1,PSMF1,SLC4A8,SCARB2,RPH3AL,SPTLC2,TECR,GOSR1,TMEM59,EI24,H6PD,PREPL,CYTIP,CD44,RAB36,ABCG1,NUP155,SEC24C,GCC2,CD58,PDE4DIP,CD59,LPIN2,MARF1,SDC3,CD68,CLINT1,NUP93,RAPGEF2,EDEM1,USP6NL,NOS1AP,TMEM63A,RAB11FIP3,LAPTM4A,ARHGAP32,CLSTN3,PHACTR2,ADGRE5,ATG13,TBC1D5,CDA,PIEZO1,RNF144A,MATR3,PTDSS1,RB1CC1,TESPA1,PLEKHM1,MAGI2,PJA2,LRBA,FCHSD2,FIG4,RABGAP1L,TMCC2,ATP2C2,SEC16A,IQSEC1,HS3ST3B1,MVP,NUP153,DOP1B,CDH1","Sputum_Mixed granulocytic"
"BP","regulation of immune system process",1512,521,1.58803128131571e-09,2.77587867973987e-06,"ADA,C17orf99,KLRC4-KLRK1,MICOS10-NBL1,DNM1L,TSPAN32,IFNL4,RASGRP1,ADAM10,CDK6,CD96,LRRC17,ADAR,TNIP1,BTN2A2,NOD1,PIAS3,VAV3,GPNMB,MERTK,KAT5,POLR3C,CEACAM3,LILRB1,ARID5A,MALT1,BTNL3,SPINK5,LILRB4,LILRB3,RIPK3,BTN3A2,CORO1A,IRAK3,DUSP10,PADI2,NLRP3,ERMAP,CHUK,PGLYRP2,SLAMF6,GBP5,CLNK,CLU,SLC15A4,SPPL3,CCR1,LEO1,CMKLR1,CNR2,COL3A1,TMEM178A,IL31RA,PPARGC1B,ADORA2A,ADORA2B,CREB1,NEK7,ZBTB46,SIRPA,PARP1,MAPK14,CSF1R,CSF3R,CSK,PIK3R6,RC3H1,CTLA4,SHLD1,NFAM1,CTSG,CTSH,CX3CR1,BTNL9,CYLD,CYP19A1,CD55,ZFPM1,DENND1B,TMEM64,DHX36,DLG1,DPP4,DUSP3,GPR183,EFNB2,AHR,PLPP4,ANO6,NLRC3,ELANE,ELF1,A2M,UNC13D,AKT1,ESR1,ETS1,FANCA,PTK2B,FCER2,FCGR1BP,FCGR3B,ZBTB12,MTURN,FER,FGL1,FGR,RAB11FIP2,NLRP1,CARD8,SWAP70,LRCH1,FCHO1,GRAMD4,RFTN1,RCOR1,DTX4,PLCL2,PLCB1,PHLPP1,TMEM131L,ICOSLG,PUM2,ABCB10,SCRIB,KAT6B,FOS,FPR3,DAPK2,MTOR,ABL1,FUT4,FUT7,FYB1,FYN,YTHDF3,SAMHD1,ANKRD17,ZBTB20,LRRC32,STAP1,GATA3,CLEC4E,KAT2A,GCNT1,GFI1,GGT1,ABL2,LAT,FOXP1,C5AR2,TNFRSF21,STK39,GLI2,GPLD1,CCDC88B,GPR17,SIGLEC15,CXCL17,FFAR3,GRN,RGCC,TBK1,CD274,BLNK,GPR171,SH3KBP1,ANXA1,HCK,HCLS1,HIF1A,HK1,HLA-DOB,HLA-DPB1,HLA-DQA1,HLA-DQA2,HLA-DQB1,HLA-DQB2,HLA-DRA,HLA-DRB1,HLA-DRB5,HLX,HOXA9,ICAM1,STING1,IFNG,APP,TICAM2,IL1A,IL1R1,IL6R,IL7R,IL10,IL15,IL15RA,INHBA,INPP5D,IRAK2,IRF4,IRF7,ITGA2,ITGAM,ITGB2,ITPKB,JAK3,KARS1,TBC1D10C,MIA3,ARG1,SCIMP,LAG3,LAMP1,LCK,LCP2,LDLR,LGALS1,LGALS3,LIMK1,RHOH,MYO18A,PLPP6,LTF,LYN,MIR140,MIR145,MIR17,MIR18A,MIR185,MIR19A,MIR19B1,MIR20A,MIR21,MIR302A,MIR17HG,SMAD3,ARRB2,SMAD7,MEF2C,MEFV,MEIS1,MAP3K1,MITF,MMP8,MPL,EIF2AK4,RHEX,TARM1,MYB,NBL1,NCK1,NEDD9,NF1,NFKB1,NINJ1,NOTCH2,P2RX4,P2RX7,FURIN,PAK2,PAWR,ZBTB7B,LEF1,CD320,PDCD1,PDE4B,PDE4D,CYRIB,KLF13,PDPK1,CD244,ERAP1,PHB1,PIK3CB,PIK3R1,PLA2G4A,UBASH3A,PLCG1,PLCG2,ACP5,TLR9,SASH3,RBM47,SHLD2,PPARG,LAX1,TESC,BANK1,PBRM1,APPL2,PSPC1,FBXW7,PPP3CA,LGR4,SIRPG,NAGK,DDX60,AMBRA1,LYAR,NPLOC4,PRKAR1A,INAVA,PRKCA,PRKCB,PRKCE,PAG1,PRKCH,PRKCZ,PRKDC,ERBIN,MAPK1,MAPK8,MAPK10,PRLR,CRTAM,PSMA1,SLAMF8,SPHK2,SPPL2B,DUSP22,CTNNBIP1,C12orf4,CAMK1D,CD177,RTN4,PELI1,ZNFX1,ZMIZ1,PTK2,ARID1B,MTUS1,RPTOR,WDFY1,ZBTB2,SH3RF1,GPAM,PTPN1,EPG5,MARK4,PTPN11,PTPRC,PTPRD,PTPRJ,NECTIN2,CACTIN,RAC2,RARA,RARG,RB1,TRPV4,RBP4,BCL2,TRIM27,BCL6,RORA,BCR,RPS3,CFB,CEACAM1,CCL3,BID,ZNF335,SEC14L1,MYO1G,SELE,SAMSN1,VSIR,NOD2,IFIH1,MAP2K4,SFTPD,KLHL25,CLEC7A,SHB,MEAF6,MARCHF7,RASAL3,WNK1,SLC7A1,LGALS9C,SLC11A1,SMARCA2,SMARCA4,SMARCC1,SMARCD1,SMARCD2,SNCA,SOD1,SOS1,SOX12,SPI1,SPN,SPTA1,SRC,BRAF,ZFP36L1,STAT3,STAT5B,STK10,SYK,ADAM17,TCF7,TEC,TMBIM6,TGFB1,TGFBR2,THBS1,SERPING1,TLR5,GPR137B,TNFAIP3,C1QB,TNFAIP6,TNFRSF1B,C1QC,C1S,C2,TRAF2,TRAF3,TRAF6,C3AR1,CCR2,TNFRSF4,TXK,ACOD1,VAV2,NSD2,XRCC5,YWHAZ,ZFP36,ZNF131,ZBTB16,ZBTB17,ZP3,LAPTM5,CACNB4,MAPKAPK3,PVRIG,BAG6,RHBDF2,NLRX1,RIN3,BTNL8,KAT6A,ATAT1,SVEP1,SLC8B1,NR4A3,ALPK1,PDGFD,CD276,NDFIP1,ZBP1,COLEC12,CALR,SLC7A5,DCSTAMP,TRIM11,CLPB,KLRC4,CASP1,PLVAP,RASSF5,ITCH,MAD1L1,CASP6,NLRC5,STX7,SLA2,ZDHHC18,RNF135,PRXL2A,NCK2,CARD11,TTBK1,SEMA7A,ADTRP,HAVCR2,ZNRF1,UBASH3B,DGKZ,CST7,CAV1,RUNX1,OASL,RUNX3,CBFB,FADD,IL18RAP,IL1RL2,IL18R1,CD84,TSC22D1,LDB1,VNN1,KLHL6,TRIM15,PGLYRP1,TNFSF18,OTULIN,MCU,CD1D,RNF185,RSAD2,CD3E,IL1RL1,DDX21,CD247,CD5,CD5L,CD6,MFHAS1,MAPKAPK2,BPIFB1,CD9,SOCS6,CD83,CD22,CD27,CD80,CD86,AIM2,ATG5,CD36,CD38,CTR9,CD59,CD68,N4BP1,PUM1,CD79B,CD81,RIPOR2,TOX,MATR3,TESPA1,GAB2,PJA2,USP15,NR1H4","Sputum_Mixed granulocytic"
"CC","intracellular vesicle",2494,866,2.02035917804103e-09,3.1733034991767e-06,"A1BG,ADA,PDCD6,C8orf44-SGK3,ABCC5,ABCB6,DNM1L,ATP9A,WASF2,LHFPL2,TNK2,ADAM10,CALCRL,MFSD10,STX6,AP3S2,ABCC4,DENND4A,BET1,VPS26C,NOD1,ATP8A1,NDRG1,TAB1,GPNMB,BAIAP2,VAT1,UNC13B,ATG7,OLFM4,GNLY,STAMBP,GIPC1,TRAF3IP2,IQGAP2,CEACAM3,HPSE,CEACAM8,RAB10,EHD1,AP3M2,TMED2,LMAN2,CKAP4,TMED10,COPS5,SPINK5,KDELR2,RCBTB2,LILRB3,RAB31,ABHD2,ADAM30,SPACA9,CORO1A,CHIT1,NISCH,HPS5,PADI2,PACSIN2,CHRM2,VPS26B,VPS45,TMC6,SLC46A1,EXOC3,RNF13,TRIM9,OSBPL1A,OSBPL9,MARCHF3,GBP5,FCHO2,WDFY2,RAB3C,LRG1,AGAP2,GALNT15,AP2S1,RFFL,AP3S1,CLCN3,BORCS5,ANTXR2,CLCN6,CLU,TPP1,TMEM45B,LRIG3,SLC15A4,CLTC,SPPL3,CLBA1,PLA2G4E,SNX20,WDR81,TBC1D16,OSCAR,RINL,PPP1R21,LYZL4,COPA,SLC31A2,OCIAD2,CLVS2,STXBP5,VPS37A,HGSNAT,CRHBP,CRHR1,SIRPA,VTI1A,MAPK14,CSF3R,CSNK2B,TOM1L2,CTLA4,CTNS,COMMD7,ENTHD1,NFAM1,COMMD1,CTSB,CTSE,CTSG,CTSH,CTSW,CTSZ,CXADR,SLC38A9,CYB561,ABCA13,IQUB,VPS13B,FAM91A1,CLVS1,DAB2,CLEC12A,CD55,DGKH,DGKQ,AP2A2,AP1B1,DENND1B,CNST,DEFA1,DEFA3,DEFA4,DEFA5,SLC30A8,DNASE1L1,DYNC1H1,AGL,DNM2,DOCK2,DPP4,ECE1,ABCA1,LPAR1,AHCY,EEF2,EGF,EGFR,ANO6,ELANE,SERPINB1,A2M,ABCA2,SPRED2,UNC13D,RAB12,CTTN,C9orf72,STOM,STX2,DIPK2A,EPS15,AKT2,ABCA3,ALAD,ALB,FABP5,FASN,TPCN2,FCAR,MARCHF8,FCGR1BP,FCGR3B,FCGRT,ADGRG3,ZNRF2,MAPK15,FGFR2,FGR,RAB11FIP2,AAK1,LMTK2,FNDC3A,INPP5F,DENND3,EPN2,TRAK1,CD93,SV2C,CEP131,TNIK,KIF21B,FNBP1,GGA2,AVL9,KIF1B,TBC1D2B,FSTL4,NFASC,TAB2,NCDN,SEPTIN6,SNX13,MAPK8IP3,STAB1,FLNB,SEPTIN8,RFTN1,CYFIP1,FAF2,MLC1,FLT1,ATP11A,CLEC16A,MGRN1,BICD2,EHBP1,FKBP15,DMXL2,NEDD4L,VPS39,UBR4,VPS8,PIP5K1C,COTL1,TMED3,GRIP1,AP4E1,RHOQ,LEPROTL1,ZFYVE26,ARHGAP45,ATP6V0A2,TSPAN15,CDC42EP4,HEBP2,CORO1C,DAPK2,RUSC1,PLD3,SH3BP4,SGK3,ABCA4,ALOX5,MTOR,ACKR1,FYN,CNIH2,GAA,GABBR1,GABRA2,WDR72,SNX33,QPCT,GCA,PRDX5,ARMC8,GALNS,MYRIP,CLIC4,HEATR5A,SEC31B,CNTNAP2,GGA1,LDLRAP1,GAPVD1,ABCA12,IFT172,GARS1,STEAP2,CLEC4E,GCG,GCH1,SLC17A5,MYOF,CHIC2,GDI2,RGL4,GFRA1,B4GALT1,SND1,VPS41,LAMP3,TRAPPC3,SNX5,SIGLEC9,DISC1,AMPD3,GLB1,CRCP,BIN1,GM2A,GNAI2,GNS,RNF149,RUFY4,SLC9A9,RAPGEF1,GRN,SNX24,DBNL,TMEM230,CNIH4,CD274,GRM4,GSN,OLA1,ZDHHC1,SNX8,SNX10,GYG1,DSE,SH3KBP1,GZMK,ANXA1,ANXA2,HCK,HCLS1,HTT,ANXA4,HEXA,HEXB,EHD4,PIK3R4,ANXA6,HIP1,ANXA11,HLA-DOB,HLA-DPB1,HLA-DQA1,HLA-DQA2,HLA-DQB1,HLA-DQB2,HLA-DRA,HLA-DRB1,HLA-DRB5,AOAH,APBA1,APBB2,HPS1,RAB37,AGFG1,ICA1,STING1,MALRD1,IFNGR2,IGF2R,APP,PADI6,TICAM2,IL7R,IL15,IL15RA,INPP4A,INPP5B,AQP7,IRAK2,IRF7,ITGA1,ITGA5,ITGAL,ITGAM,ITGAV,ITGB1,ITGB2,ITGB5,ITPR1,ITPR2,JAK1,JAK3,NHLRC2,TBC1D10C,ATP9B,KCNQ1,KIF5B,KIFC3,ARG1,SCIMP,HRNR,LAIR1,RHOG,LAMP1,LCN2,LDLR,LGALS3,LGALS3BP,LGALS8,ARHGDIB,LNPEP,RAB44,SNX30,LRP1,LRP2,LRP6,LTA4H,LTF,LYN,ARRB1,ARRB2,ARSB,MAN1A1,MAP6,MEFV,MME,MMP8,ASTL,MPO,UNC13C,MAP1LC3C,TARM1,MYO1B,MSR1,NUDT1,MYH11,MYO1C,MYO1D,MYO1E,MYO5A,MYO6,CEACAM6,NCF2,NCF4,SEPTIN2,NEO1,NFKB1,NGFR,NOS3,NOTCH1,NPC1,NTS,OLR1,OPRM1,P2RX1,P4HB,FURIN,PRDX1,ITSN2,PAK2,PALM,PRKN,PCDH7,DERA,SCCPDH,SH3GLB1,VPS28,PCSK1,MARCHF2,ERGIC2,PLAC8,TEX264,ATP6V1D,TRAPPC4,BIN2,PDE4B,ANKFY1,VTA1,PDGFA,VPS54,PDGFB,ACKR4,RAB6B,CYRIB,PIGT,ATP6V1H,YPEL5,PDPK1,CAB39,RAPGEF6,RAB8B,PHB1,ATP6V1B2,SERPINA1,SERPINA4,SERPINB6,ATP6V1C1,PIK3C2B,PIK3C3,PI4KA,PI4KB,PKM,PLAT,PLAUR,ATP6V0B,PLCB2,PLCG2,TPCN1,PML,TLR9,SEPTIN5,SEPTIN4,YIPF1,RIN2,TOLLIP,HEATR5B,RHOF,PPBP,LEPROT,CTSA,AFTPH,SYTL2,FNBP1L,BLTP3A,PXK,CMTM6,OCIAD1,CLN6,MARCHF1,EPN3,PLEKHB2,VPS37C,WIPI1,PLEKHJ1,TMEM33,APPL2,UQCC1,VPS53,PGM2,CPPED1,LAPTM4B,TBC1D2,PI4K2A,PPT1,PRCP,PIP4P2,STAB2,VPS50,AMBRA1,SLC39A4,RAB20,SLC48A1,PRKACA,DENND4C,SCYL2,MREG,VAC14,CCDC88A,NECAP2,PRKAR1A,PRKAR1B,CAND1,PRKCI,GPRC5C,PRKCZ,RCC2,MAPK1,MAP2K1,MAP2K2,DNAJC3,PRL,PRLR,KLK10,AZU1,PSAP,PSEN2,TMPRSS4,RETN,FMN2,SPIRE1,SPPL2B,PMEPA1,MFF,PSMB7,VPS35L,PSMD1,KNL1,AGTRAP,PSMD3,RAB25,CD177,SLC44A2,ERGIC1,SNX14,BIRC6,KIDINS220,TBC1D14,MIB1,ELAPOR1,SORCS2,STAMBPL1,ARHGAP21,WDFY1,RELCH,VPS18,GRAMD1A,QSOX1,PTPN1,WDFY4,DENND1A,ZFYVE28,RAB40C,PTPRC,PTPRJ,PTPRN2,PYGL,TP53INP2,RAB5B,RAB27A,RAC2,RAP1B,RAP1GAP,BCL2L1,TRIM27,CLIP1,SORT1,S100A9,S100A11,S100P,SCN8A,SCNN1A,CEACAM1,BICD1,SLC17A9,KIF13A,TRAPPC2,SELL,GOLPH3,NOD2,RBSN,RAB17,ARHGAP9,MMP25,SFTPD,WIPF3,ITSN1,ARRDC5,SH3GL1,SIAH2,SLA,VPS33A,SLC2A1,SLC2A4,SLC2A5,SLC6A9,SLC9A3,SLC11A1,SLC34A1,SLC18A2,CHID1,TRAK2,SNCA,SNX1,SNX2,SNTB2,SOD1,SORL1,DST,SPARC,SPINK2,SRC,SREBF1,SREBF2,DENND2B,STK10,BSG,SURF4,VAMP1,SYK,SYN2,SYPL1,SYT1,TGFA,TGFB1,TGFBR1,THBS1,TIMP2,TIMP3,SERPING1,TRAPPC10,TNFAIP6,TNFRSF1B,TPT1,TRAF3,TRAF6,C3AR1,TRPM2,TSG101,DEFA1B,TYRP1,UBE2D3,CLRN1,UVRAG,VCL,VIM,VWF,WIPF1,WFS1,DAGLA,FMNL1,XRCC5,LDLRAD4,YWHAZ,LAPTM5,CACNA2D1,TUBA1A,RAB7A,MAPKAP1,DERL1,FYCO1,SH3TC2,VPS37B,MCTP1,GSDMD,RABEP2,LPCAT1,RIN3,ATP8B4,DOK3,KIAA0319L,DENND1C,WLS,BAIAP2L2,RUBCNL,CEP290,RAB11FIP1,PHAF1,STAM,CUBN,FER1L4,DNAJC5,NDFIP1,DUSP16,ACTN4,WNT5B,COLEC12,CALR,DCSTAMP,SNX27,CAMK2D,CAMK2G,SBF2,CANX,CLTCL1,CAPG,SYN3,CAPN1,DYSF,PICALM,AXIN1,APH1B,TEX101,TRAPPC9,FERMT3,CRISPLD2,ITCH,ANGPTL6,ATAD3B,SPATA16,STARD3NL,NCALD,CTTNBP2,DTNBP1,MYCBPAP,ANKRD27,ULK1,EEA1,STX7,SLA2,TRAF7,SGIP1,VPS25,HVCN1,HPS3,RAB11FIP4,SPIRE2,CAT,CRACR2A,HAVCR2,ZNRF1,PPFIA2,KCNAB2,CST7,ABCC11,MICALL1,STON2,SSH2,DEGS1,CAV1,STK16,SCARF1,CADPS,CDK13,HSD17B6,RNASET2,AOC3,STX11,BECN1,MARCO,ACTN1,SIGLEC5,IQGAP1,NRP1,ANKRD13A,VNN1,MTMR2,CPNE1,AP1M1,HERC3,HPS4,MVB12B,STBD1,ATP6V0E1,PGLYRP1,SYT8,SNX21,SPAG9,PIP4P1,CFAP119,USP10,USP8,CD1D,SLC39A13,SYNGR1,VAPA,RCSD1,DNER,CD9,NEURL3,MS4A3,CD22,CD163,CPNE6,TM9SF2,OTOF,GRAP2,ORMDL3,SYTL3,PICK1,SH3BP5,ATG5,CD36,STX8,SLC4A8,SCARB2,RPH3AL,GOSR1,TMEM59,CYTIP,CD44,VPS9D1,ABCG1,SEC24C,CD58,CD59,CD68,CLINT1,RAPGEF2,USP6NL,TMEM63A,RAB11FIP3,LAPTM4A,ARHGAP32,PHACTR2,ADGRE5,TBC1D5,CDA,RNF144A,MTSS1,PLEKHM1,C2CD5,MAGI2,FCHSD2,FIG4,RABGAP1L,ATP2C2,SEC16A,IQSEC1,MVP,DOP1B,CDH1","Sputum_Mixed granulocytic"
"BP","regulation of leukocyte cell-cell adhesion",379,162,2.11945508065183e-09,3.1733034991767e-06,"ADA,KLRC4-KLRK1,TSPAN32,RASGRP1,BTN2A2,GPNMB,KAT5,LILRB1,MALT1,LILRB4,CORO1A,DUSP10,NLRP3,ADORA2A,SIRPA,CSK,PIK3R6,RC3H1,CTLA4,CTSG,CD55,DLG1,DPP4,DUSP3,EFNB2,ELANE,AKT1,ETS1,FGL1,FCHO1,TMEM131L,ICOSLG,SCRIB,ALOX5,MTOR,ABL1,FUT4,FUT7,FYN,LRRC32,GATA3,GCNT1,ABL2,TNFRSF21,GLI2,CCDC88B,CD274,ANXA1,HLA-DOB,HLA-DPB1,HLA-DQA1,HLA-DQA2,HLA-DQB1,HLA-DQB2,HLA-DRA,HLA-DRB1,HLA-DRB5,HLX,IFNG,IL1A,IL7R,IL10,IL15,ITGB2,ITPKB,JAK3,MIA3,ARG1,LAG3,LCK,LGALS1,LGALS3,RHOH,LYN,MIR141,MIR21,MIR92A1,SMAD7,TARM1,NCK1,PAWR,ZBTB7B,LEF1,CYRIB,PDPK1,SASH3,PPARA,LAX1,PBRM1,PPP3CA,SIRPG,AMBRA1,PRKAR1A,PAG1,PRKCZ,CRTAM,DUSP22,PELI1,ZMIZ1,ARID1B,GPAM,PTPN11,PTPRC,RARA,BCL6,RPS3,CEACAM1,SELE,VSIR,NOD2,SFTPD,KLHL25,SHB,MARCHF7,RASAL3,WNK1,SLC7A1,LGALS9C,SMARCA2,SMARCA4,SMARCC1,SMARCD1,SMARCD2,SOX12,SPN,SPTA1,SRC,STAT5B,SYK,TGFBR2,TRAF6,CCR2,ZBTB16,ZP3,LAPTM5,NR4A3,CD276,NDFIP1,ITCH,MAD1L1,NCK2,CARD11,ADTRP,HAVCR2,CAV1,RUNX1,RUNX3,CBFB,FADD,IL1RL2,VNN1,TNFSF18,CD1D,CD3E,CD5,CD6,SOCS6,CD83,CD27,CD80,CD86,CD44,CD81,RIPOR2,TESPA1","Sputum_Mixed granulocytic"
"BP","T cell activation",558,226,2.23432740656694e-09,3.1733034991767e-06,"ADA,KLRC4-KLRK1,TSPAN32,RASGRP1,CDK6,BTN2A2,GPNMB,KAT5,TRAF3IP2,CCR9,LILRB1,MALT1,SPINK5,LILRB4,RIPK3,CORO1A,DUSP10,NLRP3,SLAMF6,ADORA2A,SIRPA,CSK,PIK3R6,RC3H1,CTLA4,CTSG,CXADR,CD55,ZFPM1,DLG1,DOCK2,DPP4,DUSP3,GPR183,EFNB2,NLRC3,AKT1,FANCA,FGL1,FCHO1,TMEM131L,KIF13B,ICOSLG,SCRIB,MTOR,ABL1,FUT7,FYN,LRRC32,GATA3,CLEC4E,KAT2A,ABL2,LAT,FOXP1,TNFRSF21,GLI2,CCDC88B,CD274,GSN,ANXA1,HLA-DOB,HLA-DPB1,HLA-DQA1,HLA-DQA2,HLA-DQB1,HLA-DQB2,HLA-DRA,HLA-DRB1,HLA-DRB5,HLX,ICAM1,IFNG,IL1A,IL6R,IL7R,IL10,IL15,IRF4,ITGAL,ITPKB,JAK1,JAK3,ARG1,LAG3,LCK,LEPR,LFNG,LGALS1,LGALS3,LIG4,RHOH,LYN,MIR21,SMAD3,SMAD7,KMT2A,EIF2AK4,TARM1,MYB,NCK1,NKG7,P2RX7,PAWR,ZBTB7B,LEF1,CYRIB,PDPK1,PIK3CG,PIK3R1,PKNOX1,SASH3,APBB1IP,LAX1,PBRM1,PPP3CA,SIRPG,AMBRA1,CHD7,LMBR1L,PRKAR1A,PAG1,PRKCZ,PRKDC,CRTAM,DUSP22,PELI1,ZMIZ1,ARID1B,PREX1,SH3RF1,GPAM,WDFY4,PTPN11,PTPRC,RAB27A,RAC2,RARA,BCL2,BCL3,BCL6,CDH26,RORA,RORC,RPS3,CEACAM1,BID,VSIR,NOD2,SEMA4A,SFTPD,KLHL25,CLEC7A,SHB,MARCHF7,BCL11B,RASAL3,SLC7A1,LGALS9C,SLC11A1,SMARCA2,SMARCA4,SMARCC1,SMARCD1,SMARCD2,SOD1,SOS1,SOX12,SPI1,SPN,SPTA1,SRC,BRAF,ZFP36L1,STAT3,STAT5B,SYK,ADAM17,TCF7,TGFB1,TGFBR2,TNFRSF1B,TRAF6,CCR2,TNFRSF4,ZBTB16,ZP3,LAPTM5,NHEJ1,TREML2,CD276,NDFIP1,ITCH,MAD1L1,SLA2,NCK2,CARD11,HAVCR2,HSH2D,CAV1,RUNX2,RUNX1,RUNX3,CBFB,FADD,IL1RL2,IL18R1,CD84,VNN1,CCND3,SLAMF9,TNFSF18,CD1D,RSAD2,CD3E,CD247,CD5,CD6,SOCS6,CD83,CD27,CD80,CD86,ATG5,CD44,CD81,RIPOR2,TOX,CD151,TESPA1","Sputum_Mixed granulocytic"
"BP","regulation of cell activation",646,254,2.60032413386487e-09,3.20618740453342e-06,"ADA,KLRC4-KLRK1,TSPAN32,RASGRP1,BTN2A2,VAV3,GPNMB,MERTK,KAT5,LILRB1,MALT1,SPINK5,LILRB4,RIPK3,CORO1A,DUSP10,NLRP3,PGLYRP2,CLNK,SLC15A4,CNR2,IL31RA,ADORA2A,ADORA2B,ZBTB46,SIRPA,CSK,PIK3R6,RC3H1,CTLA4,SHLD1,NFAM1,CTSG,CD55,DLG1,DPP4,DUSP3,GPR183,EFNB2,AHR,UNC13D,AKT1,FANCA,FER,FGL1,FGR,FCHO1,TMEM131L,ICOSLG,SCRIB,MTOR,ABL1,FYN,LRRC32,STAP1,GATA3,KAT2A,ABL2,LAT,TNFRSF21,GCLC,GLI2,GNAQ,GP1BB,GP9,CCDC88B,GRN,CD274,SH3KBP1,ANXA1,HLA-DOB,HLA-DPB1,HLA-DQA1,HLA-DQA2,HLA-DQB1,HLA-DQB2,HLA-DRA,HLA-DRB1,HLA-DRB5,HLX,IFNG,TICAM2,IL1A,IL7R,IL10,IL15,IL15RA,INHBA,INPP5D,IRF4,ITGAM,ITGB2,ITPKB,JAK3,KARS1,TBC1D10C,ARG1,LAG3,LAMP1,LCK,LDLR,LGALS1,LGALS3,RHOH,MYO18A,PLPP6,LYN,MIR145,MIR185,MIR21,MIR92A1,MIR17HG,SMAD7,MEF2C,MMP8,MPL,TARM1,MYB,NCK1,NEDD9,NOS3,PAWR,ZBTB7B,LEF1,CD320,PDGFA,PDGFB,CYRIB,PDPK1,PLA2G4A,TLR9,SASH3,SHLD2,LAX1,BANK1,PBRM1,PPP3CA,SIRPG,AMBRA1,PRKAR1A,PRKCA,PAG1,PRKCZ,PRKDC,PRLR,CRTAM,SLAMF8,SPHK2,DUSP22,C12orf4,CD177,PELI1,ZMIZ1,ARID1B,SH3RF1,GPAM,PTPN11,PTPRC,NECTIN2,RAC2,ACTA2,RARA,BCL2,BCL6,RORA,BCR,RPS3,RPS6KA1,CELA2A,CEACAM1,CCL3,BID,ZNF335,SAMSN1,VSIR,NOD2,SFTPD,KLHL25,CLEC7A,SHB,MARCHF7,RASAL3,SLC7A1,LGALS9C,SMARCA2,SMARCA4,SMARCC1,SMARCD1,SMARCD2,SNCA,SOD1,SOS1,SOX12,SPI1,SPN,SPTA1,SRC,BRAF,ZFP36L1,STAT5B,SYK,TCF7,TEC,TGFB1,TGFBR2,THBS1,GPR137B,TNFAIP3,TNFRSF1B,TRAF6,CCR2,TNFRSF4,TXK,NSD2,ZBTB16,ZP3,LAPTM5,NR4A3,CD276,NDFIP1,CAPN3,RASSF5,ITCH,MAD1L1,NCK2,CARD11,TTBK1,HAVCR2,UBASH3B,CST7,CAV1,RUNX1,RUNX3,CBFB,FADD,IL1RL2,CD84,VNN1,PGLYRP1,TNFSF18,CD1D,CD3E,IL1RL1,CD5,CD6,MFHAS1,CD9,SOCS6,CD83,CD22,CD27,CD80,CD86,CD38,CD81,RIPOR2,TOX,TESPA1,GAB2,PJA2","Sputum_Mixed granulocytic"
"CC","cytoplasmic vesicle",2489,863,2.63010345305845e-09,3.20618740453342e-06,"A1BG,ADA,PDCD6,C8orf44-SGK3,ABCC5,ABCB6,DNM1L,ATP9A,WASF2,LHFPL2,TNK2,ADAM10,CALCRL,MFSD10,STX6,AP3S2,ABCC4,DENND4A,BET1,VPS26C,NOD1,ATP8A1,NDRG1,TAB1,GPNMB,BAIAP2,VAT1,UNC13B,ATG7,OLFM4,GNLY,STAMBP,GIPC1,TRAF3IP2,IQGAP2,CEACAM3,HPSE,CEACAM8,RAB10,EHD1,AP3M2,TMED2,LMAN2,CKAP4,TMED10,COPS5,SPINK5,KDELR2,RCBTB2,LILRB3,RAB31,ABHD2,ADAM30,SPACA9,CORO1A,CHIT1,NISCH,HPS5,PADI2,PACSIN2,CHRM2,VPS26B,VPS45,TMC6,SLC46A1,EXOC3,RNF13,TRIM9,OSBPL1A,OSBPL9,MARCHF3,GBP5,FCHO2,WDFY2,RAB3C,LRG1,AGAP2,GALNT15,AP2S1,RFFL,AP3S1,CLCN3,BORCS5,ANTXR2,CLCN6,CLU,TPP1,TMEM45B,LRIG3,SLC15A4,CLTC,SPPL3,CLBA1,PLA2G4E,SNX20,WDR81,TBC1D16,OSCAR,RINL,PPP1R21,LYZL4,COPA,SLC31A2,OCIAD2,CLVS2,STXBP5,VPS37A,HGSNAT,CRHBP,CRHR1,SIRPA,VTI1A,MAPK14,CSF3R,CSNK2B,TOM1L2,CTLA4,CTNS,COMMD7,ENTHD1,NFAM1,COMMD1,CTSB,CTSE,CTSG,CTSH,CTSW,CTSZ,CXADR,SLC38A9,CYB561,ABCA13,IQUB,VPS13B,FAM91A1,CLVS1,DAB2,CLEC12A,CD55,DGKH,DGKQ,AP2A2,AP1B1,DENND1B,CNST,DEFA1,DEFA3,DEFA4,DEFA5,SLC30A8,DNASE1L1,DYNC1H1,AGL,DNM2,DOCK2,DPP4,ECE1,ABCA1,LPAR1,AHCY,EEF2,EGF,EGFR,ANO6,ELANE,SERPINB1,A2M,ABCA2,SPRED2,UNC13D,RAB12,CTTN,C9orf72,STOM,STX2,DIPK2A,EPS15,AKT2,ABCA3,ALAD,ALB,FABP5,FASN,TPCN2,FCAR,MARCHF8,FCGR1BP,FCGR3B,FCGRT,ADGRG3,ZNRF2,MAPK15,FGFR2,FGR,RAB11FIP2,AAK1,LMTK2,FNDC3A,INPP5F,DENND3,EPN2,TRAK1,CD93,SV2C,CEP131,TNIK,KIF21B,FNBP1,GGA2,AVL9,KIF1B,TBC1D2B,FSTL4,NFASC,TAB2,NCDN,SEPTIN6,SNX13,MAPK8IP3,STAB1,FLNB,SEPTIN8,RFTN1,CYFIP1,FAF2,MLC1,FLT1,ATP11A,CLEC16A,MGRN1,BICD2,EHBP1,FKBP15,DMXL2,NEDD4L,VPS39,UBR4,VPS8,PIP5K1C,COTL1,TMED3,GRIP1,AP4E1,RHOQ,LEPROTL1,ZFYVE26,ARHGAP45,ATP6V0A2,TSPAN15,CDC42EP4,HEBP2,CORO1C,DAPK2,RUSC1,PLD3,SH3BP4,SGK3,ABCA4,ALOX5,MTOR,ACKR1,FYN,CNIH2,GAA,GABBR1,GABRA2,WDR72,SNX33,QPCT,GCA,PRDX5,ARMC8,GALNS,MYRIP,CLIC4,HEATR5A,SEC31B,CNTNAP2,GGA1,LDLRAP1,GAPVD1,ABCA12,IFT172,GARS1,STEAP2,CLEC4E,GCG,GCH1,SLC17A5,MYOF,CHIC2,GDI2,RGL4,GFRA1,B4GALT1,SND1,VPS41,LAMP3,TRAPPC3,SNX5,SIGLEC9,DISC1,AMPD3,GLB1,CRCP,BIN1,GM2A,GNAI2,GNS,RNF149,RUFY4,SLC9A9,RAPGEF1,GRN,SNX24,DBNL,TMEM230,CNIH4,CD274,GRM4,GSN,OLA1,ZDHHC1,SNX8,SNX10,GYG1,DSE,SH3KBP1,GZMK,ANXA1,ANXA2,HCK,HCLS1,HTT,ANXA4,HEXA,HEXB,EHD4,PIK3R4,ANXA6,HIP1,ANXA11,HLA-DOB,HLA-DPB1,HLA-DQA1,HLA-DQA2,HLA-DQB1,HLA-DQB2,HLA-DRA,HLA-DRB1,HLA-DRB5,AOAH,APBA1,APBB2,HPS1,RAB37,AGFG1,ICA1,STING1,MALRD1,IFNGR2,IGF2R,APP,PADI6,TICAM2,IL7R,IL15,IL15RA,INPP4A,INPP5B,AQP7,IRAK2,IRF7,ITGA1,ITGA5,ITGAL,ITGAM,ITGAV,ITGB1,ITGB2,ITGB5,ITPR1,ITPR2,JAK1,JAK3,NHLRC2,TBC1D10C,ATP9B,KCNQ1,KIF5B,KIFC3,ARG1,SCIMP,HRNR,LAIR1,RHOG,LAMP1,LCN2,LDLR,LGALS3,LGALS3BP,LGALS8,ARHGDIB,LNPEP,RAB44,SNX30,LRP1,LRP2,LRP6,LTA4H,LTF,LYN,ARRB1,ARRB2,ARSB,MAN1A1,MAP6,MEFV,MME,MMP8,ASTL,MPO,UNC13C,MAP1LC3C,TARM1,MYO1B,MSR1,NUDT1,MYH11,MYO1C,MYO1D,MYO1E,MYO5A,MYO6,CEACAM6,NCF2,NCF4,SEPTIN2,NFKB1,NGFR,NOS3,NOTCH1,NPC1,NTS,OLR1,OPRM1,P2RX1,P4HB,FURIN,PRDX1,PAK2,PALM,PRKN,PCDH7,DERA,SCCPDH,SH3GLB1,VPS28,PCSK1,MARCHF2,ERGIC2,PLAC8,TEX264,ATP6V1D,TRAPPC4,BIN2,PDE4B,ANKFY1,VTA1,PDGFA,VPS54,PDGFB,ACKR4,RAB6B,CYRIB,PIGT,ATP6V1H,YPEL5,PDPK1,CAB39,RAPGEF6,RAB8B,PHB1,ATP6V1B2,SERPINA1,SERPINA4,SERPINB6,ATP6V1C1,PIK3C2B,PIK3C3,PI4KA,PI4KB,PKM,PLAT,PLAUR,ATP6V0B,PLCB2,TPCN1,PML,TLR9,SEPTIN5,SEPTIN4,YIPF1,RIN2,TOLLIP,HEATR5B,RHOF,PPBP,LEPROT,CTSA,AFTPH,SYTL2,FNBP1L,BLTP3A,PXK,CMTM6,OCIAD1,CLN6,MARCHF1,EPN3,PLEKHB2,VPS37C,WIPI1,PLEKHJ1,TMEM33,APPL2,UQCC1,VPS53,PGM2,CPPED1,LAPTM4B,TBC1D2,PI4K2A,PPT1,PRCP,PIP4P2,STAB2,VPS50,AMBRA1,SLC39A4,RAB20,SLC48A1,PRKACA,DENND4C,SCYL2,MREG,VAC14,CCDC88A,NECAP2,PRKAR1A,PRKAR1B,CAND1,PRKCI,GPRC5C,PRKCZ,RCC2,MAPK1,MAP2K1,MAP2K2,DNAJC3,PRL,PRLR,KLK10,AZU1,PSAP,PSEN2,TMPRSS4,RETN,FMN2,SPIRE1,SPPL2B,PMEPA1,MFF,PSMB7,VPS35L,PSMD1,KNL1,AGTRAP,PSMD3,RAB25,CD177,SLC44A2,ERGIC1,SNX14,BIRC6,KIDINS220,TBC1D14,MIB1,ELAPOR1,SORCS2,STAMBPL1,ARHGAP21,WDFY1,RELCH,VPS18,GRAMD1A,QSOX1,PTPN1,WDFY4,DENND1A,ZFYVE28,RAB40C,PTPRC,PTPRJ,PTPRN2,PYGL,TP53INP2,RAB5B,RAB27A,RAC2,RAP1B,RAP1GAP,BCL2L1,TRIM27,CLIP1,SORT1,S100A9,S100A11,S100P,SCN8A,SCNN1A,CEACAM1,BICD1,SLC17A9,KIF13A,TRAPPC2,SELL,GOLPH3,NOD2,RBSN,RAB17,ARHGAP9,MMP25,SFTPD,WIPF3,ITSN1,ARRDC5,SH3GL1,SIAH2,SLA,VPS33A,SLC2A1,SLC2A4,SLC2A5,SLC6A9,SLC9A3,SLC11A1,SLC34A1,SLC18A2,CHID1,TRAK2,SNCA,SNX1,SNX2,SNTB2,SOD1,SORL1,DST,SPARC,SPINK2,SRC,SREBF1,SREBF2,DENND2B,STK10,BSG,SURF4,VAMP1,SYK,SYN2,SYPL1,SYT1,TGFA,TGFB1,TGFBR1,THBS1,TIMP2,TIMP3,SERPING1,TRAPPC10,TNFAIP6,TNFRSF1B,TPT1,TRAF3,TRAF6,C3AR1,TRPM2,TSG101,DEFA1B,TYRP1,UBE2D3,CLRN1,UVRAG,VCL,VIM,VWF,WIPF1,WFS1,DAGLA,FMNL1,XRCC5,LDLRAD4,YWHAZ,LAPTM5,CACNA2D1,TUBA1A,RAB7A,MAPKAP1,DERL1,FYCO1,SH3TC2,VPS37B,MCTP1,GSDMD,RABEP2,LPCAT1,RIN3,ATP8B4,DOK3,KIAA0319L,DENND1C,WLS,BAIAP2L2,RUBCNL,CEP290,RAB11FIP1,PHAF1,STAM,CUBN,FER1L4,DNAJC5,NDFIP1,DUSP16,ACTN4,WNT5B,COLEC12,CALR,DCSTAMP,SNX27,CAMK2D,CAMK2G,SBF2,CANX,CLTCL1,CAPG,SYN3,CAPN1,DYSF,PICALM,AXIN1,APH1B,TEX101,TRAPPC9,FERMT3,CRISPLD2,ITCH,ANGPTL6,ATAD3B,SPATA16,STARD3NL,NCALD,CTTNBP2,DTNBP1,MYCBPAP,ANKRD27,ULK1,EEA1,STX7,SLA2,TRAF7,SGIP1,VPS25,HVCN1,HPS3,RAB11FIP4,SPIRE2,CAT,CRACR2A,HAVCR2,ZNRF1,PPFIA2,KCNAB2,CST7,ABCC11,MICALL1,STON2,SSH2,DEGS1,CAV1,STK16,SCARF1,CADPS,CDK13,HSD17B6,RNASET2,AOC3,STX11,BECN1,MARCO,ACTN1,SIGLEC5,IQGAP1,NRP1,ANKRD13A,VNN1,MTMR2,CPNE1,AP1M1,HERC3,HPS4,MVB12B,STBD1,ATP6V0E1,PGLYRP1,SYT8,SNX21,SPAG9,PIP4P1,CFAP119,USP10,USP8,CD1D,SLC39A13,SYNGR1,VAPA,RCSD1,DNER,CD9,NEURL3,MS4A3,CD22,CD163,CPNE6,TM9SF2,OTOF,GRAP2,ORMDL3,SYTL3,PICK1,SH3BP5,ATG5,CD36,STX8,SLC4A8,SCARB2,RPH3AL,GOSR1,TMEM59,CYTIP,CD44,VPS9D1,ABCG1,SEC24C,CD58,CD59,CD68,CLINT1,RAPGEF2,USP6NL,TMEM63A,RAB11FIP3,LAPTM4A,ARHGAP32,PHACTR2,ADGRE5,TBC1D5,CDA,RNF144A,MTSS1,PLEKHM1,C2CD5,MAGI2,FCHSD2,FIG4,RABGAP1L,ATP2C2,SEC16A,IQSEC1,MVP,DOP1B,CDH1","Sputum_Mixed granulocytic"
"BP","endocytosis",701,298,2.68075869944266e-09,3.20618740453342e-06,"DNM1L,ATP9A,WASF2,TNK2,CALCRL,PRG4,AP3S2,RAMP1,RAMP3,RACK1,VAV3,MERTK,CEBPE,LILRB1,USP20,EHD1,AP3M2,LMAN2,LILRB4,RAB31,CORO1A,PACSIN2,LYST,BTBD9,MARCHF3,FCHO2,AP2S1,AP3S1,CLCN3,CLU,CLTC,RINL,OCIAD2,ADORA2A,SIRPA,LDLRAD3,CSK,CSNK1E,GSG1L,CTBP1,ENTHD1,ABCA13,GRK2,GRK3,DAB2,DGKQ,AP2A2,DENND1B,DNM1,DNM2,DOCK1,DOCK2,DPP4,DRD4,ABCA1,LPAR1,EFNB2,EGF,PLPP4,ANO6,ELANE,ABCA2,ARHGAP27,UNC13D,CTTN,C9orf72,EPS15,TPCN2,FCER2,FGR,RAB11FIP2,AAK1,INPP5F,EPN2,CD93,FNBP1,TBC1D2B,FCHO1,STAB1,MLC1,EHBP1,FKBP15,NEDD4L,SYNE1,PIP5K1C,RHOQ,SCRIB,CORO1C,SH3BP4,ABL1,FYN,SNX33,HEATR5A,DNM3,LDLRAP1,GAPVD1,STEAP2,STAP1,ABL2,SNX5,BIN1,CLEC9A,XKR6,SCARA5,GRK4,DBNL,GSN,SNX10,LRP12,SH3KBP1,ANXA1,ANXA2,HCK,EHD4,HIP1,ANXA11,HNRNPK,HSPG2,HTR2B,ICAM3,IRF8,IFNG,IGF2R,APP,TICAM2,IL15,IL15RA,ITGA2,ITGAL,ITGAM,ITGAV,ITGB1,ITGB2,ATP9B,MIA3,XKR5,XKR9,LDLR,LEPR,LGALS3,LGALS3BP,LIMK1,MYO18A,LRP1,LRP2,LRP3,LRP6,LRP5,LYN,MIR17,MIR185,MIR20A,ARRB1,ARRB2,MKLN1,MSR1,MYO1E,MYO6,NCF2,NCF4,NEDD4,NPC1,OLR1,P2RX7,P2RY6,ITSN2,PRKN,VPS28,MARCHF2,CD320,BIN2,GULP1,ANKFY1,NCKIPSD,ACKR4,ATP6V1H,PIK3C3,PIK3CB,PIK3CG,PI4KB,PLCG2,TPCN1,RIN2,HEATR5B,AHI1,FNBP1L,OCIAD1,EPN3,APPL2,PPP3CA,PPP3CC,PPT1,SIRPG,PIP4P2,STAB2,LYAR,RAB20,SCYL2,VAC14,NECAP2,LMBR1L,PRKCE,BIN3,MAPK1,AZU1,CDC42SE2,CAMK1D,CD177,PTK2,MIB1,PTPN1,DENND1A,PTPRC,PTPRJ,CXCL16,EPS15L1,RAB5B,RAB27A,RALB,RARA,BCL2L1,BCR,SORT1,SAG,CEACAM1,BICD1,MYO1G,SELE,NOD2,RAB17,SFTPD,ITSN1,SH3GL1,CLEC7A,SLC2A4,SLC11A1,MTMR9,SNCA,SNCG,SNX1,SOD1,SORL1,SRC,SURF4,SYK,SYT1,TGM2,THBS1,C2,TSG101,TULP1,CCR2,VAV2,MAPKAPK3,RAB7A,MCTP1,RABEP2,RIN3,DENND1C,CUBN,COLEC12,CALR,CANX,CLTCL1,DYSF,PICALM,ITCH,DTNBP1,MYCBPAP,EEA1,SGIP1,DGKD,MICALL1,STON2,CAV1,SCARF1,BECN1,MARCO,ANKRD13A,SYNJ2,MTMR2,STBD1,SYT8,PSTPIP1,PDLIM7,MAPKAPK2,DNER,CD9,NEURL3,CD22,CD163,PICK1,ATG5,CD36,SCARB2,CLINT1,CD81,CD151,TBC1D5,DNAJC6,ELMO1,MAGI2,FCHSD2,MRC2,RABGAP1L,CD302,ARHGAP25","Sputum_Mixed granulocytic"
"BP","regulation of T cell activation",378,162,3.8028022193209e-09,4.32074388159241e-06,"ADA,KLRC4-KLRK1,TSPAN32,RASGRP1,BTN2A2,GPNMB,KAT5,LILRB1,MALT1,SPINK5,LILRB4,RIPK3,CORO1A,DUSP10,NLRP3,ADORA2A,SIRPA,CSK,PIK3R6,RC3H1,CTLA4,CTSG,CD55,DLG1,DPP4,DUSP3,EFNB2,AKT1,FANCA,FGL1,FCHO1,TMEM131L,ICOSLG,SCRIB,MTOR,ABL1,FYN,LRRC32,GATA3,KAT2A,ABL2,LAT,TNFRSF21,GLI2,CCDC88B,CD274,ANXA1,HLA-DOB,HLA-DPB1,HLA-DQA1,HLA-DQA2,HLA-DQB1,HLA-DQB2,HLA-DRA,HLA-DRB1,HLA-DRB5,HLX,IFNG,IL1A,IL7R,IL10,IL15,IRF4,ITPKB,JAK3,ARG1,LAG3,LCK,LGALS1,LGALS3,RHOH,LYN,MIR21,SMAD7,TARM1,NCK1,PAWR,ZBTB7B,LEF1,CYRIB,PDPK1,SASH3,LAX1,PBRM1,PPP3CA,SIRPG,AMBRA1,PRKAR1A,PAG1,PRKCZ,CRTAM,DUSP22,PELI1,ZMIZ1,ARID1B,SH3RF1,GPAM,PTPN11,PTPRC,RAC2,RARA,BCL6,RPS3,CEACAM1,BID,VSIR,NOD2,SFTPD,KLHL25,SHB,MARCHF7,RASAL3,SLC7A1,LGALS9C,SMARCA2,SMARCA4,SMARCC1,SMARCD1,SMARCD2,SOD1,SOS1,SOX12,SPN,SPTA1,SRC,BRAF,STAT5B,SYK,TCF7,TGFBR2,TNFRSF1B,TRAF6,CCR2,ZBTB16,ZP3,LAPTM5,CD276,NDFIP1,ITCH,MAD1L1,NCK2,CARD11,HAVCR2,CAV1,RUNX1,RUNX3,CBFB,FADD,IL1RL2,VNN1,TNFSF18,CD1D,CD3E,CD5,CD6,SOCS6,CD83,CD27,CD80,CD86,CD81,RIPOR2,TOX,TESPA1","Sputum_Mixed granulocytic"
"BP","immune effector process",630,231,5.23007343931282e-09,5.65943756356879e-06,"ADA,C17orf99,KLRC4-KLRK1,RASGRP1,CDH17,CD96,NOD1,VAV3,TRAF3IP2,CPLX2,LILRB1,ARID5A,MALT1,SPINK5,LILRB4,RIPK3,BTN3A2,CORO1A,IRAK3,DUSP10,SCN11A,LYST,NLRP3,PGLYRP2,SLAMF6,CLNK,CLU,SLC15A4,RNF19B,ADORA2B,PIK3R6,RC3H1,SHLD1,CTSG,CTSH,CX3CR1,CD55,ZFPM1,DENND1B,DHX36,DOCK2,GPR183,AHR,PLPP4,ELANE,A2M,UNC13D,GAPT,PTK2B,FCER2,FER,FGR,SBNO2,SWAP70,RFTN1,PLCL2,MTOR,ABL1,FUT7,FYN,ANKRD17,STAP1,GATA3,CLEC4E,LAT,FOXP1,GNL1,FFAR3,GRN,RGCC,ANXA1,HCK,HK1,HLA-DRA,HLA-DRB1,HLX,ICAM1,IRF8,IFNG,APP,TICAM2,IL1R1,IL6R,IL7R,IL10,INPP5D,IRF4,IRF7,ITGAL,ITGAM,ITGB2,JAK1,JAK3,KARS1,KIF5B,ARG1,SCIMP,LAG3,LAMP1,LFNG,LGALS1,LGALS3,LIG4,LIMK1,MYO18A,RAB44,LRP1,CD180,LYN,MIR21,MIR302A,ARRB2,SMAD7,KMT2A,MPL,MPO,EIF2AK4,MYB,NKG7,NOTCH2,P2RX7,PRDX1,IL21R,ZBTB7B,LEF1,CYRIB,PDPK1,CD244,PHB1,PIK3CG,PLCG2,PLEC,ACP5,TLR9,TREM1,SASH3,APBB1IP,SHLD2,APPL2,DDX60,DOCK10,INAVA,PRKCE,PRKCZ,CRTAM,AZU1,SLAMF8,SPHK2,DUSP22,C12orf4,CD177,AICDA,PTK2,PTPRC,PTPRJ,NECTIN2,RAB27A,RAC2,RARA,RBP4,BCL3,BCL6,RORA,RORC,BCR,S100A13,CFB,CEACAM1,CCL3,MYO1G,NOD2,SEMA4A,CLEC7A,SHB,ST3GAL1,SLC11A1,SLC18A2,SPI1,SPN,SRC,STAT3,STAT5B,SYK,ADAM17,TMBIM6,TGFB1,SERPING1,C1QB,TNFRSF1B,C1QC,C1S,C2,TRAF2,TRAF6,CCR2,TNFRSF4,VAV2,NSD2,ZP3,LAPTM5,CYBC1,NLRX1,SVEP1,NR4A3,NDFIP1,SLC7A5,DYSF,KLRC4,STX7,SLA2,SANBR,SEMA7A,HAVCR2,GBF1,FADD,IL18RAP,IL18R1,CD84,SLAMF9,PGLYRP1,TNFSF18,CD1D,RSAD2,DDX21,CD5L,MAPKAPK2,CD22,CD27,CD80,CD86,ATG5,CD36,CD59,PHF14,CD81,GAB2,WDR1","Sputum_Mixed granulocytic"
"CC","specific granule",160,80,6.02969920366247e-09,6.22813112291027e-06,"ADAM10,ATP8A1,OLFM4,CEACAM3,HPSE,CEACAM8,CKAP4,CHIT1,TMC6,LRG1,CLCN3,SLC15A4,OSCAR,HGSNAT,CTSZ,CLEC12A,DEFA4,DNASE1L1,DOCK2,ANO6,ELANE,STOM,FCAR,ADGRG3,CD93,CYFIP1,ATP11A,UBR4,QPCT,ARMC8,ANXA11,RAB37,ITGAL,ITGAM,ITGAV,ITGB2,ARG1,LAIR1,LCN2,RAB44,LTF,MMP8,TARM1,NFKB1,OLR1,P2RX1,ATP6V1D,PLAUR,TOLLIP,CMTM6,RETN,CD177,SLC44A2,QSOX1,PTPRJ,RAB27A,CEACAM1,MMP25,SLC2A5,STK10,VAMP1,TIMP2,TNFRSF1B,C3AR1,TRPM2,VCL,GSDMD,ATP8B4,CEP290,DNAJC5,HVCN1,CRACR2A,KCNAB2,DEGS1,AP1M1,PGLYRP1,MS4A3,ORMDL3,CD36,CD59,TMEM63A","Sputum_Mixed granulocytic"
"BP","regulation of lymphocyte activation",502,203,8.90770192125803e-09,8.80080949820293e-06,"ADA,KLRC4-KLRK1,TSPAN32,RASGRP1,BTN2A2,VAV3,GPNMB,MERTK,KAT5,LILRB1,MALT1,SPINK5,LILRB4,RIPK3,CORO1A,DUSP10,NLRP3,PGLYRP2,CLNK,SLC15A4,ADORA2A,SIRPA,CSK,PIK3R6,RC3H1,CTLA4,SHLD1,NFAM1,CTSG,CD55,DLG1,DPP4,DUSP3,GPR183,EFNB2,AHR,AKT1,FANCA,FGL1,FGR,FCHO1,TMEM131L,ICOSLG,SCRIB,MTOR,ABL1,FYN,LRRC32,GATA3,KAT2A,ABL2,LAT,TNFRSF21,GLI2,CCDC88B,CD274,SH3KBP1,ANXA1,HLA-DOB,HLA-DPB1,HLA-DQA1,HLA-DQA2,HLA-DQB1,HLA-DQB2,HLA-DRA,HLA-DRB1,HLA-DRB5,HLX,IFNG,TICAM2,IL1A,IL7R,IL10,IL15,IL15RA,INHBA,INPP5D,IRF4,ITPKB,JAK3,TBC1D10C,ARG1,LAG3,LAMP1,LCK,LGALS1,LGALS3,RHOH,LYN,MIR185,MIR21,MIR17HG,SMAD7,MEF2C,MPL,TARM1,NCK1,NEDD9,PAWR,ZBTB7B,LEF1,CD320,CYRIB,PDPK1,TLR9,SASH3,SHLD2,LAX1,BANK1,PBRM1,PPP3CA,SIRPG,AMBRA1,PRKAR1A,PAG1,PRKCZ,PRKDC,PRLR,CRTAM,SLAMF8,DUSP22,PELI1,ZMIZ1,ARID1B,SH3RF1,GPAM,PTPN11,PTPRC,RAC2,RARA,BCL2,BCL6,RPS3,CEACAM1,BID,ZNF335,SAMSN1,VSIR,NOD2,SFTPD,KLHL25,CLEC7A,SHB,MARCHF7,RASAL3,SLC7A1,LGALS9C,SMARCA2,SMARCA4,SMARCC1,SMARCD1,SMARCD2,SOD1,SOS1,SOX12,SPI1,SPN,SPTA1,SRC,BRAF,ZFP36L1,STAT5B,SYK,TCF7,TGFB1,TGFBR2,TNFAIP3,TNFRSF1B,TRAF6,CCR2,TNFRSF4,NSD2,ZBTB16,ZP3,LAPTM5,CD276,NDFIP1,RASSF5,ITCH,MAD1L1,NCK2,CARD11,HAVCR2,CAV1,RUNX1,RUNX3,CBFB,FADD,IL1RL2,VNN1,PGLYRP1,TNFSF18,CD1D,CD3E,CD5,CD6,SOCS6,CD83,CD22,CD27,CD80,CD86,CD38,CD81,RIPOR2,TOX,TESPA1","Sputum_Mixed granulocytic"
"BP","regulation of immune response",901,322,1.07119485325962e-08,1.01424299356132e-05,"ADA,C17orf99,KLRC4-KLRK1,IFNL4,RASGRP1,CD96,ADAR,TNIP1,BTN2A2,NOD1,VAV3,POLR3C,LILRB1,ARID5A,MALT1,BTNL3,SPINK5,LILRB4,RIPK3,BTN3A2,IRAK3,DUSP10,NLRP3,ERMAP,CHUK,PGLYRP2,SLAMF6,GBP5,CLNK,CLU,SLC15A4,SPPL3,CMKLR1,COL3A1,ADORA2B,NEK7,PARP1,MAPK14,CSK,PIK3R6,RC3H1,CTLA4,SHLD1,NFAM1,CTSG,CTSH,BTNL9,CYLD,CD55,DENND1B,DUSP3,AHR,PLPP4,NLRC3,ELANE,ELF1,A2M,UNC13D,AKT1,ESR1,FCER2,FCGR1BP,FCGR3B,FER,FGL1,FGR,RAB11FIP2,NLRP1,CARD8,FCHO1,GRAMD4,RFTN1,DTX4,PLCL2,ICOSLG,PUM2,FPR3,ABL1,FUT7,FYB1,FYN,YTHDF3,SAMHD1,ANKRD17,STAP1,GATA3,CLEC4E,GFI1,LAT,FOXP1,C5AR2,TNFRSF21,GPLD1,GPR17,GRN,RGCC,TBK1,CD274,BLNK,ANXA1,HCK,HLA-DOB,HLA-DPB1,HLA-DQA1,HLA-DQA2,HLA-DQB1,HLA-DQB2,HLA-DRA,HLA-DRB1,HLA-DRB5,HLX,STING1,IFNG,TICAM2,IL1R1,IL7R,IL10,IL15,INPP5D,IRAK2,IRF4,IRF7,ITGAM,ITGB2,JAK3,KARS1,ARG1,SCIMP,LAG3,LAMP1,LCK,LCP2,LGALS3,LIMK1,LTF,LYN,MIR140,MIR17,MIR18A,MIR19A,MIR19B1,MIR20A,MIR21,SMAD3,ARRB2,SMAD7,MEF2C,MEFV,MAP3K1,EIF2AK4,NFKB1,NINJ1,P2RX7,FURIN,PAK2,PAWR,ZBTB7B,PDCD1,PDE4B,PDE4D,CYRIB,PDPK1,ERAP1,PHB1,PIK3R1,PLA2G4A,UBASH3A,PLCG1,PLCG2,TLR9,SASH3,RBM47,SHLD2,PPARG,LAX1,BANK1,APPL2,PSPC1,LGR4,NAGK,DDX60,LYAR,NPLOC4,INAVA,PRKCB,PRKCE,PRKCH,PRKCZ,PRKDC,ERBIN,MAPK1,MAPK8,MAPK10,CRTAM,PSMA1,SLAMF8,SPHK2,SPPL2B,DUSP22,C12orf4,CD177,RTN4,PELI1,ZNFX1,PTK2,WDFY1,PTPN1,EPG5,MARK4,PTPN11,PTPRC,PTPRD,PTPRJ,NECTIN2,CACTIN,RAC2,RARA,BCL2,TRIM27,BCL6,BCR,RPS3,CFB,CEACAM1,SEC14L1,MYO1G,SAMSN1,VSIR,NOD2,IFIH1,MAP2K4,CLEC7A,SHB,WNK1,SLC11A1,SOS1,SPI1,SPN,SRC,BRAF,STAT5B,SYK,TEC,TGFB1,SERPING1,TLR5,TNFAIP3,C1QB,TNFRSF1B,C1QC,C1S,C2,TRAF2,TRAF3,TRAF6,C3AR1,CCR2,TXK,ACOD1,VAV2,NSD2,XRCC5,YWHAZ,ZP3,LAPTM5,CACNB4,MAPKAPK3,PVRIG,BAG6,RHBDF2,NLRX1,BTNL8,ATAT1,SVEP1,NR4A3,ALPK1,CD276,NDFIP1,ZBP1,COLEC12,TRIM11,CLPB,KLRC4,CASP1,ITCH,CASP6,NLRC5,STX7,SLA2,ZDHHC18,RNF135,CARD11,HAVCR2,ZNRF1,DGKZ,CAV1,OASL,FADD,IL18RAP,IL18R1,CD84,KLHL6,TRIM15,PGLYRP1,TNFSF18,OTULIN,CD1D,RNF185,RSAD2,CD3E,IL1RL1,CD247,CD5L,MFHAS1,MAPKAPK2,BPIFB1,CD22,CD80,CD86,AIM2,ATG5,CD36,CD38,CD59,N4BP1,PUM1,CD79B,CD81,MATR3,TESPA1,GAB2,PJA2,USP15,NR1H4","Sputum_Mixed granulocytic"
"BP","regulation of cell adhesion",798,325,4.54075168715661e-08,4.12736165355787e-05,"ADA,KLRC4-KLRK1,TSPAN32,EDIL3,RASGRP1,PLXNC1,ADAM10,CDK6,BTN2A2,DLC1,VAV3,GPNMB,SEMA4D,KAT5,AGR2,OLFM4,LILRB1,MALT1,SPINK5,LILRB4,FAF1,CORO1A,DUSP10,NLRP3,COL16A1,EGFLAM,ADORA2A,COL26A1,SIRPA,MAPK14,CSK,PIK3R6,RC3H1,CTLA4,CTSG,CCDC80,CYP1B1,DAB1,DAB2,CD55,DLG1,DOCK1,DPP4,DSCAM,DUSP3,EFNA5,EFNB2,ELANE,UNC13D,EPHA1,EPHB3,AKT1,ETS1,PTK2B,FBLN1,FGL1,LIMCH1,SWAP70,PLXND1,FCHO1,KANK1,TMEM131L,ICOSLG,CLASP1,MACF1,SCRIB,CORO1C,PLXNB2,ALOX5,MTOR,ABL1,FUT4,FUT7,FYN,LRRC32,ABCA12,GATA3,GCNT1,GCNT2,MDGA1,ABL2,DISC1,TNFRSF21,ADAMDEC1,GLI2,CCDC88B,LAMA1,ANGPT2,ANK3,RGCC,CD274,GSK3B,ANXA1,HLA-DOB,HLA-DPB1,HLA-DQA1,HLA-DQA2,HLA-DQB1,HLA-DQB2,HLA-DRA,HLA-DRB1,HLA-DRB5,HLX,HSPG2,RNASE10,FMN1,IFNG,IL1A,IL7R,IL10,IL15,ITGA6,ITGA2,ITGA5,ITGAV,ITGB2,ITPKB,JAK1,JAK3,MIA3,ARG1,C2CD4B,LAG3,LAMA2,LAMA3,LAMA4,LAMB1,LCK,LGALS1,LGALS3,LIMS1,RHOH,LMO7,LYN,MIR141,MIR192,MIR21,TACSTD2,MIR92A1,SMAD3,SMAD7,MBP,ATXN3,AFDN,MMP2,TARM1,ZFHX3,PPP1R12A,CEACAM6,NCK1,NEDD9,NF1,NOTCH1,NOTCH4,P4HB,MINK1,PAWR,ZBTB7B,HSD17B12,LEF1,PDE3B,PDGFB,CYRIB,PDPK1,PIK3CB,PIK3CG,PIK3R1,PKHD1,PKP2,PLAUR,PLXNA1,ADAM22,PLXNA2,PLXNB1,PML,SASH3,RIN2,APBB1IP,PPARA,LAX1,TESC,KIF26B,PPP2R1A,PBRM1,PPP3CA,SIRPG,AMBRA1,LIMS2,PRKAR1A,PRKCA,PRKCE,PAG1,PRKCZ,RCC2,MAP2K5,PRLR,CRTAM,AZU1,DUSP22,CASS4,PELI1,ZMIZ1,PTEN,PTK2,ARID1B,SEMA6A,PREX1,GPAM,PTPN11,PTPRA,PTPRC,PTPRJ,PTPRO,RAC2,RARA,RASA1,TRPV4,BCL2,BCL6,RPS3,RREB1,RSU1,S100A10,CELA2A,CEACAM1,SELE,VSIR,NOD2,SFTPD,KLHL25,SHB,ST6GAL1,MARCHF7,RASAL3,SIPA1,WNK1,SLC7A1,LGALS9C,BMP7,SMARCA2,SMARCA4,SMARCC1,SMARCD1,SMARCD2,SOX12,SPI1,SPN,SPTA1,SRC,BRAF,STAT5B,STK4,SYK,TBCD,TEK,TGFB1,TGFBI,TGFBR2,TGM2,THBS1,TLN1,TNXB,TRAF6,CCR2,UTRN,VCL,ZBTB16,ZP3,LAPTM5,NDNF,PEAK1,DOCK5,NR4A3,CD276,AKNA,NDFIP1,ACTN4,CALR,FERMT3,ITCH,MAD1L1,NCK2,CARD11,ADTRP,HAVCR2,UBASH3B,PKP4,CAV1,CASK,RUNX1,PLPP3,RUNX3,CBFB,ADAM19,ADAM9,FADD,IL1RL2,NRP1,LDB1,ARHGEF7,VNN1,TNFSF18,PHLDB2,SEMA5A,CD1D,CD3E,CD5,MAGI1,CD6,CYTH1,ITGB1BP1,CD9,SOCS6,CD83,CD27,ACVRL1,CD80,CD86,MAP4K4,CD36,CYTIP,CD44,PPM1F,CD81,RIPOR2,PIEZO1,TESPA1,KIF14,CDH1","Sputum_Mixed granulocytic"
"CC","vesicle",4084,1302,5.20981965754811e-08,4.55338238069705e-05,"A1BG,ADA,ABI1,KCNE3,PDCD6,MIR1304,C8orf44-SGK3,ABCC5,ABCB6,DNM1L,DPP3,ATP9A,EDIL3,WASF2,LHFPL2,TNK2,ADAM10,CALCRL,NUTF2,PATJ,CTDSPL,MFSD10,STX6,AP3S2,ABCC4,DENND4A,BET1,VPS26C,NOD1,ATP8A1,NDRG1,RACK1,CPQ,WFDC2,BASP1,RAPGEF3,TAB1,GPNMB,BAIAP2,VAT1,UNC13B,SEMA3C,NEBL,ATG7,DCTN2,ANP32B,OLFM4,GNLY,STAMBP,PMVK,CETP,GIPC1,TRAF3IP2,HBS1L,NCKAP1,IQGAP2,CEACAM3,HPSE,CEACAM8,RAB10,MMP24,MTMR11,EHD1,AP3M2,TMED2,LMAN2,CKAP4,YWHAQ,TMED10,COPS5,SPINK5,LILRB4,KDELR2,RCBTB2,LILRB3,RAB31,ABHD2,WWP2,ADAM30,SPACA9,CORO1A,FSTL1,CHIT1,NISCH,HPS5,PDCD10,PADI2,PACSIN2,SCN11A,CHRM2,VPS26B,VPS45,MGAT4A,TMC6,SLC46A1,ACOT7,EXOC3,RNF13,TRIM9,PGLYRP2,SLAMF6,OSBPL1A,OSBPL9,C1QTNF3,MARCHF3,GBP5,FCHO2,WDFY2,RAB3C,SLC22A12,LRG1,AGAP2,GALNT15,AP2S1,RFFL,AP3S1,CLCN3,BORCS5,ANTXR2,CLCN6,CLU,GSTO2,TPP1,TMEM45B,TMEM52B,LRIG3,SLC15A4,CLTC,SPPL3,CLBA1,SLC24A4,PLA2G4E,ZG16B,SNX20,GGT6,WDR81,TBC1D16,OSCAR,RINL,CNTN1,PRXL2B,PPP1R21,FAM168B,COL12A1,GALM,CPNE4,COMP,COMT,LYZL4,COPA,SLC31A2,H1-8,OCIAD2,TMPRSS11B,CLVS2,STXBP5,CP,CPB2,CPD,CPM,CPN2,VPS37A,HGSNAT,CRHBP,CRHR1,S100A16,SIRPA,PARP4,CS,VTI1A,MAPK14,CSF3R,PLEKHA7,CSK,CSNK2B,TOM1L2,TMC8,PM20D1,CTLA4,CTNS,COMMD7,CTNND1,ENTHD1,NFAM1,COMMD1,CTSB,CTSE,CTSG,CTSH,CPNE9,GLIPR2,CTSW,CTSZ,CXADR,SLC38A9,CYB561,ABCA13,IQUB,PEBP4,VPS13B,FAM91A1,CLVS1,ADSS2,AARS1,DAB2,CLEC12A,CD55,DGKH,DGKQ,AP2A2,EML5,DARS1,AP1B1,DENND1B,CNST,DEFA1,DEFA3,DEFA4,DEFA5,SLC30A8,DHX36,DLG1,DNM1,DNASE1L1,DYNC1H1,AGL,DYNC1I2,DNM2,DOCK2,DPP4,DPYS,SLC26A2,DUT,ECE1,ABCA1,LPAR1,AHCY,EEF2,EGF,EGFR,EIF2S1,ANO6,EIF4E,ELANE,SERPINB1,A2M,ABCA2,SPRED2,UNC13D,RAB12,CTTN,ENO1,C9orf72,AK2,STOM,STX2,DIPK2A,EPS15,AKT1,AKT2,ABCA3,ALAD,ALB,EXT2,F12,FABP4,FABP5,FAH,FBLN1,FASN,FAT2,ARMC3,SLC37A2,TPCN2,FCAR,FCER2,MARCHF8,FCGR1BP,SLC39A12,CPNE2,FCGR3B,FCGRT,ADGRG3,ALDH9A1,ZNRF2,MAPK15,FGFR2,FGR,FH,RHOBTB3,RAB11FIP2,AAK1,LMTK2,FNDC3A,INPP5F,FKBP5,DENND3,EPN2,TRAK1,CD93,RAB3GAP1,SV2C,CEP131,TNIK,KIF21B,FNBP1,ENDOD1,GGA2,AVL9,KIF1B,AKR1B1,TBC1D2B,FSTL4,NFASC,TAB2,NCDN,SEPTIN6,SNX13,MAPK8IP3,STAB1,FLNB,SEPTIN8,RFTN1,CYFIP1,FAF2,MLC1,FLT1,SYNE2,PLCB1,ATP11A,CLEC16A,MGRN1,BICD2,EHBP1,FKBP15,ICOSLG,DMXL2,CUX2,TUT4,NEDD4L,JADE2,VPS39,UBR4,VPS8,PIP5K1C,COTL1,TMED3,GRIP1,AP4E1,RHOQ,SLC44A1,QPRT,LEPROTL1,DAAM2,ZFYVE26,SCRIB,ARHGAP45,ATP6V0A2,TSPAN15,DDAH2,DDAH1,CDC42EP4,HEBP2,CORO1C,DAPK2,RUSC1,PLD3,PLXNB2,PLA2G15,SH3BP4,SGK3,ALK,ABCA4,ALOX5,ATP6V1C2,MTOR,ALPL,FUT8,ACKR1,FYN,CNIH2,GAA,GABBR1,GABRA2,WDR72,SERINC5,SNX33,QPCT,GCA,PRDX5,NIPBL,ARMC8,GALNS,GALNT3,MYRIP,CLIC4,HEATR5A,SEC31B,ACOT11,CNTNAP2,DNM3,GGA1,LDLRAP1,GAPVD1,ABCA12,IFT172,GARS1,STEAP2,PHGDH,TIAM2,CLEC4E,GBE1,GCG,GCH1,SLC17A5,MYOF,CHIC2,GDI2,RGL4,GFRA1,GGT1,B4GALT1,CYFIP2,SND1,VPS41,LAMP3,TRAPPC3,SDCBP2,SNX5,AGO2,SIGLEC9,DISC1,AMPD3,GLB1,CRCP,GLG1,TOR1B,BIN1,GM2A,GMDS,GNAI2,GNAI3,GNAQ,GNB1,GNG7,GNS,AMY2B,GOLGA4,GOT2,SFN,GPD1,GPLD1,GPM6A,SLC39A5,SLC46A3,HEXD,METRNL,RNF149,RUFY4,SLC9A9,GPX4,RAPGEF1,GRN,SNX24,DBNL,TMEM230,CNIH4,CD274,GRM4,GSN,GSTA3,OLA1,ZDHHC1,SNX8,SNX10,GYG1,DSE,PILRA,SH3KBP1,GZMK,ANXA1,H2BC5,ANXA2,HCK,HCLS1,HTT,ANXA4,HEXA,HEXB,EHD4,PIK3R4,ANXA6,HIP1,ANXA11,HLA-DOB,HLA-DPB1,HLA-DQA1,HLA-DQA2,HLA-DQB1,HLA-DQB2,HLA-DRA,HLA-DRB1,HLA-DRB5,AOAH,AOX1,HNMT,HNRNPK,APBA1,APBB2,HPD,HPS1,RAB37,AGFG1,HSPG2,IARS1,ICA1,ICAM1,ICAM3,STING1,MALRD1,IDE,IDH2,IFNGR2,EYS,IGF2R,IGFALS,IGFBP7,APP,PADI6,TICAM2,FAS,IL7R,IL15,IL15RA,INPP4A,INPP5B,AQP7,IRAK2,IRF7,ITGA1,ITGA5,ITGAL,ITGAM,ITGAV,ITGB1,ITGB2,ITGB5,ITPR1,ITPR2,JAK1,JAK3,CD82,NHLRC2,TBC1D10C,ATP9B,B3GNT8,KCNQ1,KIF5B,KIFC3,ARF5,ARG1,KRT8,KRT10,KRT13,SCIMP,KRT33B,HRNR,LAIR1,LAMA3,RHOG,LAMA4,LAMB1,LAMP1,LCK,LCN2,LDHA,LDLR,LFNG,LGALS1,LGALS3,LGALS3BP,LGALS8,ARHGDIB,LIM2,LNPEP,RAB44,SNX30,LPO,LRP1,LRP2,LRP6,LSP1,LTA4H,LTF,LUM,LYN,MIRLET7B,MIR143,MIR145,MIR17,MIR185,MIR192,MIR19A,MIR19B1,MIR20A,MIR21,MIR214,TACSTD2,MIR30A,MIR92A1,ARRB1,ARRB2,ARSB,MAN1A1,MAN2A1,MAP6,MARK3,MARS1,MB,ART3,MDH2,MEFV,MGAT5,MGP,MLLT3,MME,MMP8,ASTL,MPO,ABCC1,UNC13C,MAP1LC3C,TARM1,MYO1B,MSR1,MSRA,MTAP,NUDT1,MUC4,MYH10,MYH11,MYO1C,MYO1D,MYO1E,MYO5A,MYO6,MYO7B,HNRNPM,CEACAM6,NCF2,NCF4,NCK1,NEB,NEDD4,SEPTIN2,NEO1,NFKB1,ACO1,NGFR,NOS3,NOTCH1,FXYD2,NPC1,NRF1,ATP2B2,NTS,NUCB1,NUMA1,OLR1,OPRM1,ALDH7A1,P2RX1,P2RX4,P4HB,PEBP1,FURIN,MINK1,NOX3,PRDX1,ITSN2,PAK2,PALM,PRKN,HEBP1,PCBD1,PCDH7,LAP3,DERA,CRYL1,SCCPDH,SH3GLB1,VPS28,PCOLCE,PCSK1,MARCHF2,CEND1,ERGIC2,PLAC8,PDCD2,TEX264,ATP6V1D,TRAPPC4,BIN2,PDE4B,PCYOX1,ANKFY1,VTA1,PDGFA,VPS54,PDGFB,ACKR4,RAB6B,CYRIB,PIGT,ATP6V1H,YPEL5,PDPK1,CAB39,UPB1,RAPGEF6,ERAP1,RAB8B,TM7SF3,GALNT7,PEPD,PEX1,PFKP,PGAM2,PHB1,ATP6V1B2,SERPINA1,SERPINA4,SERPINB6,SERPINB13,ATP6V1C1,PIK3C2B,PIK3C3,PI4KA,PI4KB,ACP2,PITPNA,PKLR,PKHD1,PKM,PLAT,PLAUR,ATP6V0B,PLCB2,PLCD1,UBASH3A,PLCG2,TPCN1,PLEC,FXYD3,PLOD1,PLOD2,PLXNA1,PML,CDHR5,PCBP3,TLR9,SEPTIN5,SEPTIN4,GNG2,YIPF1,RIN2,PON3,TOLLIP,HEATR5B,CPVL,RHOF,ARL15,PPBP,LEPROT,CTSA,AFTPH,SYTL2,EPS8L1,FNBP1L,BLTP3A,NSUN2,PXK,CMTM6,CHCHD3,OCIAD1,CLN6,PPP1CA,MARCHF1,TTC38,EPN3,PLEKHB2,VPS37C,WIPI1,PLEKHJ1,TMEM33,PPP2R1A,VPS13D,PPP2R1B,APPL2,UQCC1,VPS53,PGM2,CPPED1,LAPTM4B,TBC1D2,PI4K2A,PPT1,PRCP,PIP4P2,STAB2,NAGK,ITLN1,VPS50,DOCK10,AMBRA1,SLC39A4,RAB20,SLC48A1,PRKACA,DENND4C,SCYL2,MREG,VAC14,CCDC88A,NECAP2,PRKAR1A,PRKAR1B,PRKAR2A,PRKAR2B,PRKCA,PRKCB,PRKCH,CAND1,PRKCI,GPRC5C,PRKCZ,RCC2,MYO5C,MAPK1,GNG12,BAIAP2L1,PDGFC,MAP2K1,MAP2K2,DNAJC3,TEX14,PRL,PRLR,PRSS8,KLK10,AZU1,PSAP,PSEN2,TMPRSS4,RETN,FMN2,PSMA1,SPIRE1,SPPL2B,PMEPA1,MFF,PSMB7,PSMB8,PSMB9,SLC12A9,VPS35L,PSMD1,KNL1,AGTRAP,PSMD3,RAB25,CD177,MAN1C1,SLC44A2,SMURF1,ERGIC1,SNX14,BIRC6,KIDINS220,TBC1D14,MIB1,ELAPOR1,SORCS2,STAMBPL1,ARHGAP21,WDFY1,DIP2B,RELCH,VPS18,GRAMD1A,QSOX1,CPNE5,PTPN1,WDFY4,DENND1A,ZFYVE28,RAB40C,PTPN13,PTPRA,PTPRC,PTPRD,PTPRG,PTPRJ,PTPRN2,PTPRO,NECTIN2,PYGL,TP53INP2,RAB5B,RAB27A,RAC2,RALB,ACTA2,RAP1B,RAP1GAP,RAP1GDS1,RARRES1,RBL2,SCPEP1,LGR6,RBP4,BCL2L1,TRIM27,RHEB,PAPPA2,RPL3,BCR,RPL23A,RPL31,RPS3,RREB1,CLIP1,RSU1,RYR1,SORT1,S100A4,S100A6,S100A9,S100A10,S100A11,S100P,CFB,SCN8A,SCNN1A,CEACAM1,BICD1,NAPB,SLC17A9,KIF13A,SECTM1,TRAPPC2,MYO1G,SELL,GOLPH3,NOD2,RBSN,KIF9,P3H1,RAB17,SRSF7,ARHGAP9,MMP25,PALS1,BLVRA,SFTPD,WIPF3,ITSN1,ARRDC5,SH3GL1,SHBG,SIAH2,ST3GAL1,NIBAN2,RASAL3,SLA,SLC1A2,VPS33A,SLC2A1,SLC2A4,SLC2A5,SLC5A2,SLC6A9,BMP7,SLC9A3,SLC11A1,SLC12A3,SLC34A1,SLC18A2,SLC20A2,CHID1,TRAK2,SNCA,SNCG,SNX1,SNX2,SNTB2,SOD1,SORL1,DST,SPARC,SPINK2,SPN,SPTBN1,SRC,SREBF1,SREBF2,DENND2B,STK10,BSG,SULT2B1,SURF4,VAMP1,SYK,SYN2,SYPL1,SYT1,BTD,MIR619,TECTA,TGFA,TGFB1,TGFBI,TGFBR1,TGFBR3,TGM2,THBS1,TSPO,TIMP2,TIMP3,TLN1,SERPING1,TRAPPC10,TNFAIP3,TNFAIP6,TNFRSF1B,TNXB,C2,TPM3,TPM4,TPT1,TRAF2,TRAF3,TRAF6,C3AR1,TRPM2,TSG101,CAPN5,DNAJC7,TTN,DEFA1B,HIRA,TXNRD1,TYRP1,UBE2D3,UBE2V1,CLRN1,UTRN,UVRAG,VCL,VDAC1,VIM,VWF,WARS1,WIPF1,WFS1,DAGLA,XPNPEP1,FMNL1,XRCC5,LDLRAD4,YWHAG,YWHAH,YWHAZ,PTTG1IP,CA2,LAPTM5,CACNA2D1,PXDN,MOGS,TUBA1A,RAB7A,AHNAK,MAPKAP1,DERL1,BAG6,FYCO1,SH3TC2,DYNC2H1,PRKRIP1,VPS37B,MCTP1,MYH14,GSDMD,MMRN2,RABEP2,THSD4,LPCAT1,RIN3,ATP8B4,CYBRD1,DOK3,KIAA0319L,DENND1C,WLS,CALM1,BAIAP2L2,UXS1,RUBCNL,CEP290,ARMC9,NAA50,RAB11FIP1,PHAF1,STAM,CUBN,FER1L4,DNAJC5,TTYH3,NDFIP1,COL18A1,DUSP16,ACTN4,WNT5B,COLEC12,CALR,SLC7A5,DCSTAMP,SLC38A1,NECTIN4,SNX27,ITM2C,CAMK2D,CAMK2G,SBF2,CANX,CLTCL1,CAPG,SYN3,CAPN1,DYSF,PICALM,AXIN1,CAPZB,APH1B,PLVAP,AIF1L,TEX101,CRISPLD1,TRAPPC9,FERMT3,CRISPLD2,ITCH,RBP5,ANGPTL6,ATAD3B,TBC1D10A,SPATA16,STARD3NL,SLC4A11,FAM234A,NCALD,CTTNBP2,ADGRV1,DTNBP1,HDHD2,MYCBPAP,ANKRD27,ULK1,EEA1,STX7,LOXL4,SLA2,TRAF7,SGIP1,STK24,VPS25,HVCN1,HPS3,NCK2,CARD11,RAB11FIP4,LZTS2,SPIRE2,CUL3,ATRN,CAT,CDC42BPA,CRACR2A,HAVCR2,ZNRF1,PPFIA2,KCNAB2,CST7,ABCC11,STRIP1,BCAS1,MICALL1,STON2,SSH2,DEGS1,CAV1,CASK,STK16,SCARF1,PLPP1,CADPS,CDK13,HSD17B6,RNASET2,AOC3,AKR1C3,SERPINA6,SLC4A4,STX11,BECN1,MARCO,KRT38,KRT37,KRT36,ACTN1,TNFSF10,ADAM9,NAPA,SIGLEC5,CDKL1,IQGAP1,NRP1,PROM1,ANKRD13A,VNN1,MTMR2,CPNE1,AP1M1,HERC3,HPS4,PLOD3,MVB12B,STBD1,ATP6V0E1,PGLYRP1,KALRN,SYT8,SNX21,SEMA5A,SPAG9,ANGPTL1,PIP4P1,CFAP119,USP10,USP8,CD1D,SLC39A13,SYNGR1,ACY3,VAPA,RCSD1,GCNT3,MOB1B,MAPKAPK2,DNER,BPIFB1,CD9,NEURL3,MS4A3,CD22,CD163,SLC22A6,CPNE6,NHERF1,KIF3B,PLAA,TM9SF2,NRXN1,OTOF,GRAP2,ORMDL3,SYTL3,CD86,GSTO1,PICK1,SH3BP5,ATG5,CD36,STX8,SLC4A8,SCARB2,RPH3AL,ADAMTS3,CD37,CD38,GOSR1,TMEM59,MACROH2A1,CDC42BPB,CREB5,CYTIP,CD44,VPS9D1,ABCG1,CD48,SEC24C,CD58,IQCB1,CD59,CD68,CLINT1,RAPGEF2,RIMS2,USP6NL,TMEM63A,RAB11FIP3,CD79B,LAPTM4A,ARHGAP32,PHACTR2,CD81,ADGRE5,TBC1D5,CDA,RNF144A,MTSS1,DNAJC6,PLEKHM1,C2CD5,MAGI2,FCHSD2,TBC1D4,FIG4,RABGAP1L,ATP2C2,SEC16A,IQSEC1,WDR1,MVP,THRAP3,DOP1B,CDH1","Sputum_Mixed granulocytic"
"BP","intracellular signal transduction",2684,947,8.19377460473071e-08,6.89612348584817e-05,"ADA,AKT3,TANK,PDCD6,BCL2L11,RANBP9,C8orf44-SGK3,DNM1L,SGK2,RAD50,HIPK3,RASGRP1,TRAP1,FAM13A,ABI2,LPAR6,WASF2,SORBS3,TNK2,TRIM13,PATJ,DENND4A,RAMP3,NET1,PAK4,TNIP1,IRAG1,CCL26,BTN2A2,NOD1,DLC1,NDRG1,RACK1,RAPGEF3,PRMT5,VAV3,TAB1,GPNMB,MERTK,ZNHIT1,TRIM38,CAP2,SEMA4D,KAT5,ARFGEF1,CDC42EP3,STAMBP,IVNS1ABP,RGS14,CXCR6,MAP3K2,TRAF3IP2,ZMYND11,NEK6,NCKAP1,ADCY2,CCR9,FRS2,PPP1R17,HPSE,USP20,MALT1,YWHAQ,MAPRE2,COPS5,LILRB4,TLK2,RBPMS,RIPK3,RAPGEF4,CIT,FOXN3,CDC42EP1,NISCH,IRAK3,AKAP13,DUSP10,PDCD10,CHN2,SCN11A,TP53RK,CHRM3,RNF13,NLRP3,CHUK,OSBPL8,C1QTNF3,C1QTNF4,ADCY9,CLNK,ARAP1,THEM4,TAGAP,RFFL,C10orf71,CLU,FGD4,SPPL3,FRMD6,CCR1,SLC24A4,CCR4,CMKLR1,COL3A1,IQGAP3,IL31RA,ADORA2B,NACC2,CREB1,ASB7,SIRPA,PARP1,MAPK14,CSF1R,SESN3,E2F7,CSK,ARMH4,PIK3R6,ADRA1A,RC3H1,DCDC2B,CTNS,NFAM1,ZNF385B,CTSH,GLIPR2,CX3CR1,PAQR3,SLC38A9,PLEKHG4B,CYLD,CNKSR3,CYP1B1,BMT2,PRAG1,DAB1,DAB2,DGKG,DGKH,DGKQ,DAPK1,DAXX,DEDD2,DCN,DHX15,DHX36,DLG1,DMD,DOCK1,DOCK2,DOCK3,DRD4,RCAN1,DUSP3,DUSP4,AGTR1,DYRK1A,GPR183,ECT2,ABCA1,LPAR1,EGF,EGFR,AHR,ADCY4,UBR1,NLRC3,EIF4EBP1,ELANE,SPRED2,MARK2,ARHGAP27,RAB12,CCDC125,ENO1,C9orf72,HIPK1,DIPK2A,AKT1,ERCC6,AKT2,ERN1,ESR1,MECOM,EZH2,F2RL2,PTK2B,FBLN1,UNC5B,RTKN2,TPCN2,UCMA,SPATA13,MTURN,ADGRG3,FER,FGD1,MAPK15,FGFR2,FGR,FHIT,RASA3,CILK1,NLRP1,INPP5F,DENND3,CARD8,MAPKBP1,PLCH1,STK38L,MYO16,MAST3,TNIK,SWAP70,FOXO1,ERC1,ARHGAP26,SIPA1L3,IQSEC2,RAP1GAP2,TAB2,MAST2,MAPK8IP3,PASK,RGL1,KANK1,CYFIP1,FLT1,PLCL2,ARHGEF9,SIK2,PLCB1,PHLPP1,CAMTA1,CLEC16A,FBXW11,MGRN1,SASH1,SZT2,DOCK9,PSD3,LARP1,PPP1R13B,SIK3,GRIP1,RHOQ,ARHGAP45,FOS,PIK3R5,PSD4,DDAH2,DDAH1,CDC42EP4,DAPK2,PHLDA3,SH3BP4,SGK3,PRKD3,ALK,ALOX12B,MTOR,NR5A2,ABL1,NR5A1,FYN,SHC2,DSTYK,NGEF,SGMS1,WWTR1,ZNF385A,KANK2,ACOT11,PLEKHG3,PPP1R16B,AUTS2,ANKRD17,NOC2L,TIAM2,GATA3,FBXO8,GCG,NUPR1,PLEK2,GCNT2,LATS2,GDI2,RGL4,AMFR,ABL2,ATP2C1,LAT,SDCBP2,PDE7B,CYTH4,DISC1,SESN1,BMP10,RAB30,P2RY10,STK39,SGSM3,GNA12,GNAI2,GNB1,SFN,STK32C,KSR2,GPR17,CXCL17,SH2D6,RNF149,NKIRAS1,C3orf33,GPR35,GPR37,SCAI,GRB10,RAPGEF1,GIT1,GRIK2,DBNL,HIPK2,ABR,ARHGAP35,TBK1,GRM4,GSK3B,BLNK,GUCY1A1,GUCY2C,MDFIC,SCHIP1,HCK,HCLS1,HTT,HEXA,NRG1,PIK3R4,HIC1,HIF1A,HIP1,HLA-DRB1,HMGCR,HNRNPK,APBB2,NDST1,HTR2B,HUS1,ICAM1,SH3RF3,IGF1R,GEN1,APP,CASTOR3P,RILPL1,TICAM2,FAS,IL1A,IL10,INHBA,INPP5D,IRAK2,ITGA1,ITGAV,ITGB1,ITPKB,ITPR1,JAK1,JAK3,KARS1,TBC1D10C,STIMATE,MAST4,SUMO4,SCIMP,CCL4L1,C1QTNF12,GFRAL,RHOG,LCK,LCP2,LGALS1,ARHGDIB,LIMK1,LIMS1,RHOH,LNPEP,LRP1,LRP2,LTF,LYN,MIRLET7B,MIR140,MIR143,MIR145,MIR17,MIR185,MIR195,MIR19A,MIR20A,MIR200C,MIR21,MIR92A1,ARRB1,SMAD1,SMAD2,SMAD3,ARRB2,SMAD6,SMAD7,MARK3,MBP,MCL1,MDM4,MEF2A,MEF2C,MAP3K1,MAP3K5,MID1,ATXN3,IQSEC3,PLEKHG7,CCDC88C,EIF2AK4,TRIM67,MYO6,MYO9B,ATF3,NCK1,NEDD4,NF1,NFATC1,NFATC3,NFKB1,NGFR,NOS3,NOTCH1,NOTCH2,NPC1,NPPA,ATP2A2,ATP2A3,ROR1,NTS,NUCB1,ATP2B4,TIFAB,OPA1,OPRM1,OSM,P2RX3,P2RX4,P2RX7,P2RY6,P4HB,PEBP1,RRM2B,MINK1,PRDX1,PAK2,PNPLA8,ARHGEF3,PRKN,PAX2,PDE11A,ASB3,PLCE1,SHISA5,WAC,FZR1,TAOK3,MBTPS2,PDE2A,PDE3B,PDE4A,PRKAG2,PDE4D,PDE7A,DTL,CXXC5,PDGFA,PDGFB,ACKR4,PEX5L,HDAC7,CYRIB,ASB4,ASB2,PDPK1,NLK,CAB39,UIMC1,RAPGEF6,WWOX,INPP5K,MAP3K20,PHB1,PIK3C2B,PIK3C2G,PIK3C3,PIK3CB,PIK3CG,PIK3R1,PI4KA,PI4KB,PKHD1,PLAUR,PLCB2,PLCB4,PLCD1,PLCL1,PLCG1,SHC3,PLCG2,PLN,PLXNB1,PML,TRIM34,TLR9,SEPTIN4,TREM1,RIN2,MIOS,RHOF,PPARA,PPARG,EPS8L1,NSUN2,LAX1,PPM1A,ADISSP,BANK1,USP47,ZWILCH,RALGPS2,ARHGAP17,PPP1R10,TMEM38B,ARHGEF10L,PPP2R1A,PLEKHG6,UBE2W,FBXW7,PPP3CA,PPP3CC,STK32B,IMPACT,SIRPG,PRR5,DOCK10,PRKAA2,PRKACA,DENND4C,CCDC88A,PRKAR1A,PRKAR2A,INAVA,PRKAR2B,PRKCA,PRKCB,PRKCE,PAG1,PRKCH,PRKCI,WWC3,ARHGAP15,ASH1L,WSB2,LMO3,PRKCZ,PRKDC,MAPK1,MAPK6,MAPK8,MAPK10,MAPK13,PDGFC,MAP2K1,MAP2K2,MAP2K5,TEX14,AZU1,PSEN2,TRIM39,FMN2,SPHK2,PMEPA1,DUSP22,SMYD2,PRDM11,PSMG2,CDC42SE2,KNL1,CASS4,RGL3,RTN4,RALGAPB,SLC44A2,PELI2,PELI1,ZMIZ1,RALGAPA2,ADGRG6,PTEN,PTGS2,MIR497,PTK2,PLEKHG1,ARHGAP31,RPTOR,NCEH1,SEMA6A,STAMBPL1,SIPA1L2,ARHGAP20,PREX1,ARHGAP21,ADGRB2,FNIP2,SH3RF1,SHTN1,PTPN1,DENND1A,PTPN3,PTPN7,MARK4,RAB40C,PTPN11,PTPN13,PTPRC,PTPRJ,ARHGAP22,CACTIN,RRAGD,MAP4K2,RAC2,MOK,RAF1,RALB,ACTA2,RALGDS,RAP1B,RAP1GAP,RAP1GDS1,RASA1,RASGRF1,RB1,HRH4,TRPV4,BCL2,BCL2L1,RHEB,BCL3,AVPI1,BCL6,ROBO1,RORA,BCR,RPS3,RPS6KA1,RPS6KA2,S100A1,S100A4,S100A9,S100A13,CEACAM1,CCL3,CCL13,CCL18,CCL22,BID,SECTM1,SELE,PERP,GOLPH3,BLM,NOD2,MAP2K4,ARHGEF28,ARHGAP9,SGK1,ITSN1,CLEC7A,SIAH1,SIAH2,AEN,DEPTOR,MARCHF7,RASAL3,SIPA1,SKI,NDRG4,SLA,WNK1,SLC8A1,BMP7,SLC20A1,BMPR2,PHACTR4,SOD1,SORL1,SOS1,SP100,SPI1,SPTBN1,SRC,BRAF,SRPK1,DENND2B,ZFP36L1,STAT3,STK3,STK4,SYK,TCF7L2,TEAD3,TEC,TMBIM6,TEK,TGFA,TGFB1,TGFBR1,TGFBR2,TGFBR3,TGM2,THBS1,TIAM1,TIMP3,TLE1,GPR137B,TNFAIP3,TNFRSF1A,TNFRSF1B,TNNI3,TP53BP2,TP73,TPD52L1,TPR,TPT1,TRAF1,TRAF2,TRAF3,TRAF5,TRAF6,TRIO,TRPM2,TTN,CCR2,UBE2V1,VAV2,VIM,VRK2,VWF,WFS1,XPC,XRCC3,LDLRAD4,YWHAG,YWHAZ,ZFP36,PTTG1IP,RELL1,CACNA1C,LAPTM5,MAPKAPK3,USP7,NABP2,CARD14,MAPKAP1,BAG6,EPS8L3,RNASEH2B,NDNF,ARHGAP10,NLRX1,LRRK1,ASB13,MCTP1,FBXO31,MOB3B,NEK11,PRR5L,DOK3,KAT6A,WLS,DOCK5,CALM1,NR4A3,ALPK1,CDK5RAP3,PDGFD,CSRP3,NDFIP1,DUSP16,APOL3,SH3BP5L,ACTN4,CALR,ANP32A,CAB39L,CAMK2D,CAPN3,AXIN1,CASP1,ARHGAP24,PLVAP,CASP2,CCM2,SESN2,ITCH,MAD1L1,KCTD10,CASP6,STK40,NCALD,ADGRV1,BCAR3,PPP1R1B,NLRC5,SLA2,TRAF7,GARNL3,STK24,CASP10,RASAL1,NCK2,CARD11,DOT1L,SYVN1,CASQ2,CUL3,CUL1,CASR,USP32,GPR65,SEMA7A,ADTRP,KLHL22,HAVCR2,MAP4K3,ZFYVE19,MAEL,CGNL1,DGKZ,DGKD,LGALS12,CDC14B,MADD,CAV1,RUNX2,RFXANK,DCHS1,AKR1C3,EIF3A,BECN1,PEA15,MARCO,MBTPS1,CTNNAL1,GBF1,MYOM1,CRADD,TNFSF10,CBS,ADAM9,FADD,TNFRSF11A,TNFRSF10B,TNFRSF10A,IL18R1,HESX1,IQGAP1,NRP1,SYNGAP1,SOCS2,CFLAR,HDAC3,KSR1,STK19,ARHGEF7,VNN1,NAE1,CPNE1,BTRC,FGD3,RPS6KA4,PLCZ1,TRIM15,LIMD1,KALRN,ACVR1,CCRL2,SEMA5A,SPAG9,DOK2,AIP,MCU,STARD13,DIRAS3,PIP4P1,USP10,USP8,LATS1,ARHGEF1,CD3E,DEPDC7,MAP3K13,DDX21,DCLK1,VAPA,STYXL2,SPSB4,MFHAS1,MOB1B,MAPKAPK2,STK17B,CYTH1,ITGB1BP1,SOCS6,TRIP13,CD22,ARHGAP18,NHERF1,CD27,GRAP2,CD80,RP1L1,CD86,GSTO1,AIM2,MAP4K4,EIF2AK3,HOMER2,ARHGEF6,AKAP7,SH3BP5,AKAP6,CD36,EEF1E1,CLOCK,BABAM2,AKAP12,CD44,ARHGEF10,FNIP1,PPM1F,RALGPS1,TTI1,DEPDC5,VGLL4,NUP93,RAPGEF2,NOS1AP,ARHGAP32,CD81,RIPOR2,RAPGEF5,BCLAF1,GIT2,RB1CC1,MELK,ELMO1,GAB2,FARP2,MAGI2,PJA2,TLK1,SRGAP3,IQSEC1,KIF14,ARHGAP25,USP15,TNFSF15,NR1H4","Sputum_Mixed granulocytic"
"BP","inflammatory response",879,294,9.07994778938793e-08,7.36902619878755e-05,"ADA,RASGRP1,CD96,TNIP1,CCL26,NOD1,AGR2,CELF1,CXCR6,TRAF3IP2,TMED2,LILRB4,LIAS,DUSP10,SCN11A,MGLL,NLRP3,CHUK,PGLYRP2,C1QTNF3,GBP5,IL22RA2,CLU,CCR1,CCR4,CMKLR1,LTB4R,CNR2,IL17RE,IL31RA,ADORA2A,ADORA2B,CRHBP,NEK7,SIRPA,PARP4,MAPK14,CSF1R,ARMH4,NFAM1,CX3CR1,CYLD,CYP19A1,AGTR1,AHR,ANO6,NLRC3,ELANE,A2M,UNC13D,AKT1,ESR1,ETS1,EXT1,EZH2,F12,FABP4,FANCA,FASN,DAGLB,FGR,NLRP1,CARD8,SBNO2,TAB2,KDM6B,STAB1,FOLR2,FOS,FPR3,PLD3,IL17RA,ALOX5,ALOX5AP,MTOR,FUT4,FUT7,ACKR1,FYN,CERS6,PRDX5,DHRS7B,ABHD12,STAP1,GATA3,NUPR1,GGT1,B4GALT1,LAT,FOXP1,C5AR2,STK39,GPR17,METRNL,CXCL17,FFAR3,GRN,GIT1,NR3C1,TBK1,BLNK,ANXA1,HCK,HIF1A,HK1,HLA-DRB1,AOAH,HRH1,HSPG2,NDST1,STING1,IFNG,IFNGR2,APP,RBPJ,TICAM2,IL1A,IL1R1,IL1RAP,IL6R,IL10,IL15,IL16,IRAK2,ITGAL,ITGAM,ITGB1,ITGB2,KARS1,NRROS,C2CD4B,CCL4L1,C1QTNF12,LDLR,LGALS1,RAB44,LPL,LRP1,CD180,LYN,MIR140,MIR141,MIR145,MIR17,MIR195,MIR19A,MIR19B1,MIR20A,MIR21,MIR92A1,SMAD1,SMAD3,MEFV,MMP8,ABCC1,NFATC3,NFKB1,NFX1,NINJ1,NKG7,NOTCH1,NOTCH2,MIR378A,OLR1,OSM,P2RX1,P2RX7,FURIN,REG3A,PDE2A,VPS54,SERPINA1,PIK3CG,PLCG1,PLCG2,ACP5,TLR9,TOLLIP,PPARA,PPARD,PPARG,PPBP,PXK,ODAM,APPL2,PRCP,ASH1L,PRKCZ,MAPK8,MAPK13,AZU1,PSMA1,SLAMF8,CTNNBIP1,CAMK1D,SCYL3,PTGER2,PBXIP1,PTGER3,TMIGD3,PTGS2,MARK4,PTPRC,RB1,HRH4,TRPV4,BCL6,RORA,BCR,S100A9,CCL3,CCL13,CCL18,CCL22,SELE,NOD2,MMP25,CLEC7A,SLC11A1,SLC18A2,BMPR1B,CHID1,SNCA,SOD1,SPN,SRC,STAT3,STAT5B,SYK,TEK,TGFB1,THBS1,TLR5,TNFAIP3,TNFAIP6,TNFRSF1A,TNFRSF1B,C3AR1,CCR2,TNFRSF4,ACOD1,DAGLA,ZFP36,ZP3,MCPH1,RHBDF2,NLRX1,GSDMD,ATAT1,CSRP3,AKNA,NDFIP1,APOL3,FXR1,ZBP1,TRIM11,ADAMTS12,CASP1,ITCH,CUL3,ATRN,TPST1,TTBK1,IL1F10,SPINK7,SEMA7A,HAVCR2,CST7,AOC3,TNFRSF11A,IL18RAP,IL1RL2,IL18R1,CCN4,VNN1,RPS6KA4,PGLYRP1,TNFSF18,ACVR1,TSPAN18,OTULIN,CCRL2,PSTPIP1,IL1RL1,MYLK3,LARGE1,CD5L,CD6,MFHAS1,MAPKAPK2,CD163,PLAA,AIM2,LY86,CD36,CLOCK,CD44,CD68,HDAC9,CD81,HDAC4,ADGRE5,ZEB2,PJA2,NR1H4","Sputum_Mixed granulocytic"
"BP","immune response-regulating signaling pathway",474,189,1.03567807783169e-07,8.11543056574047e-05,"ADA,KLRC4-KLRK1,TNIP1,BTN2A2,NOD1,VAV3,LILRB1,MALT1,BTNL3,LILRB4,BTN3A2,IRAK3,NLRP3,ERMAP,CHUK,GBP5,SLC15A4,SPPL3,CMKLR1,NEK7,CSK,RC3H1,CTLA4,NFAM1,CTSH,BTNL9,CYLD,DENND1B,DUSP3,PLPP4,NLRC3,ELF1,ESR1,FCER2,FCGR1BP,FER,FGR,RAB11FIP2,NLRP1,CARD8,FCHO1,GRAMD4,RFTN1,PLCL2,ICOSLG,PUM2,FPR3,ABL1,FYB1,FYN,ANKRD17,STAP1,GATA3,CLEC4E,GFI1,LAT,FOXP1,C5AR2,TNFRSF21,GPLD1,TBK1,BLNK,HCK,HLA-DPB1,HLA-DQB1,HLA-DRB1,STING1,TICAM2,INPP5D,IRAK2,IRF4,IRF7,SCIMP,LCK,LCP2,LGALS3,LIMK1,LTF,LYN,MIR140,MIR17,MIR18A,MIR19A,MIR20A,ARRB2,MEF2C,MEFV,MAP3K1,NFKB1,NINJ1,PAK2,PAWR,PDE4B,PDE4D,PDPK1,PHB1,PIK3R1,UBASH3A,PLCG1,PLCG2,TLR9,LAX1,BANK1,APPL2,LGR4,NAGK,DDX60,NPLOC4,INAVA,PRKCB,PRKCE,PRKCH,ERBIN,MAPK1,MAPK8,MAPK10,DUSP22,RTN4,PELI1,PTK2,WDFY1,EPG5,MARK4,PTPRC,PTPRJ,NECTIN2,CACTIN,BCL2,RPS3,CEACAM1,SEC14L1,MYO1G,NOD2,IFIH1,MAP2K4,CLEC7A,SHB,WNK1,SOS1,SRC,BRAF,SYK,TEC,TLR5,TNFAIP3,TRAF3,TRAF6,C3AR1,TXK,ACOD1,VAV2,LAPTM5,CACNB4,MAPKAPK3,PVRIG,BAG6,NLRX1,BTNL8,ATAT1,NR4A3,ALPK1,CD276,COLEC12,TRIM11,CLPB,KLRC4,CASP1,ITCH,SLA2,RNF135,CARD11,HAVCR2,ZNRF1,DGKZ,CAV1,OASL,KLHL6,TRIM15,OTULIN,RSAD2,CD3E,CD247,MFHAS1,MAPKAPK2,BPIFB1,CD22,AIM2,CD36,CD38,PUM1,CD79B,CD81,TESPA1,PJA2,USP15,NR1H4","Sputum_Mixed granulocytic"
"BP","immune response-activating signaling pathway",447,181,1.15635256315271e-07,8.75898521502741e-05,"ADA,KLRC4-KLRK1,TNIP1,BTN2A2,NOD1,VAV3,MALT1,BTNL3,LILRB4,BTN3A2,IRAK3,NLRP3,ERMAP,CHUK,GBP5,SLC15A4,SPPL3,CMKLR1,NEK7,CSK,RC3H1,CTLA4,NFAM1,BTNL9,CYLD,DENND1B,DUSP3,PLPP4,NLRC3,ELF1,ESR1,FGR,RAB11FIP2,NLRP1,CARD8,FCHO1,GRAMD4,RFTN1,PLCL2,ICOSLG,PUM2,FPR3,ABL1,FYB1,FYN,ANKRD17,STAP1,GATA3,CLEC4E,GFI1,LAT,FOXP1,C5AR2,TNFRSF21,GPLD1,TBK1,BLNK,HCK,HLA-DPB1,HLA-DQB1,HLA-DRB1,STING1,TICAM2,INPP5D,IRAK2,IRF4,IRF7,SCIMP,LCK,LCP2,LGALS3,LIMK1,LTF,LYN,MIR140,MIR17,MIR18A,MIR19A,MIR20A,ARRB2,MEF2C,MEFV,NFKB1,NINJ1,PAK2,PAWR,PDE4B,PDE4D,PDPK1,PHB1,PIK3R1,UBASH3A,PLCG1,PLCG2,TLR9,LAX1,BANK1,APPL2,LGR4,NAGK,DDX60,NPLOC4,INAVA,PRKCB,PRKCE,PRKCH,ERBIN,MAPK1,MAPK8,DUSP22,RTN4,PELI1,PTK2,WDFY1,EPG5,MARK4,PTPRC,PTPRJ,NECTIN2,CACTIN,BCL2,RPS3,CEACAM1,SEC14L1,MYO1G,NOD2,IFIH1,CLEC7A,SHB,WNK1,SOS1,SRC,BRAF,SYK,TEC,TLR5,TNFAIP3,TRAF3,TRAF6,C3AR1,TXK,ACOD1,VAV2,LAPTM5,CACNB4,MAPKAPK3,PVRIG,BAG6,NLRX1,BTNL8,ATAT1,NR4A3,ALPK1,CD276,COLEC12,TRIM11,CLPB,KLRC4,CASP1,ITCH,SLA2,RNF135,CARD11,HAVCR2,ZNRF1,DGKZ,CAV1,OASL,KLHL6,TRIM15,OTULIN,RSAD2,CD3E,CD247,MFHAS1,MAPKAPK2,BPIFB1,CD22,AIM2,CD36,CD38,PUM1,CD79B,CD81,TESPA1,PJA2,USP15,NR1H4","Sputum_Mixed granulocytic"
"BP","activation of immune response",517,200,1.26959817121474e-07,9.30656414280124e-05,"ADA,KLRC4-KLRK1,TNIP1,BTN2A2,NOD1,VAV3,MALT1,BTNL3,LILRB4,BTN3A2,IRAK3,NLRP3,ERMAP,CHUK,GBP5,CLU,SLC15A4,SPPL3,CMKLR1,NEK7,CSK,RC3H1,CTLA4,NFAM1,BTNL9,CYLD,CD55,DENND1B,DUSP3,PLPP4,NLRC3,ELF1,A2M,ESR1,FGR,RAB11FIP2,NLRP1,CARD8,FCHO1,GRAMD4,RFTN1,PLCL2,ICOSLG,PUM2,FPR3,ABL1,FYB1,FYN,ANKRD17,STAP1,GATA3,CLEC4E,GFI1,LAT,FOXP1,C5AR2,TNFRSF21,GPLD1,RGCC,TBK1,BLNK,HCK,HLA-DPB1,HLA-DQB1,HLA-DRB1,STING1,TICAM2,INPP5D,IRAK2,IRF4,IRF7,SCIMP,LCK,LCP2,LGALS3,LIMK1,LTF,LYN,MIR140,MIR17,MIR18A,MIR19A,MIR20A,ARRB2,MEF2C,MEFV,NFKB1,NINJ1,PAK2,PAWR,PDE4B,PDE4D,PDPK1,PHB1,PIK3R1,UBASH3A,PLCG1,PLCG2,TLR9,LAX1,BANK1,APPL2,PSPC1,LGR4,NAGK,DDX60,NPLOC4,INAVA,PRKCB,PRKCE,PRKCH,PRKDC,ERBIN,MAPK1,MAPK8,DUSP22,RTN4,PELI1,ZNFX1,PTK2,WDFY1,EPG5,MARK4,PTPRC,PTPRJ,NECTIN2,CACTIN,BCL2,RPS3,CFB,CEACAM1,SEC14L1,MYO1G,NOD2,IFIH1,CLEC7A,SHB,WNK1,SOS1,SRC,BRAF,SYK,TEC,SERPING1,TLR5,TNFAIP3,C1QB,C1QC,C1S,C2,TRAF3,TRAF6,C3AR1,TXK,ACOD1,VAV2,XRCC5,LAPTM5,CACNB4,MAPKAPK3,PVRIG,BAG6,NLRX1,BTNL8,ATAT1,SVEP1,NR4A3,ALPK1,CD276,ZBP1,COLEC12,TRIM11,CLPB,KLRC4,CASP1,ITCH,CASP6,SLA2,RNF135,CARD11,HAVCR2,ZNRF1,DGKZ,CAV1,OASL,KLHL6,TRIM15,OTULIN,RSAD2,CD3E,CD247,CD5L,MFHAS1,MAPKAPK2,BPIFB1,CD22,AIM2,CD36,CD38,CD59,PUM1,CD79B,CD81,MATR3,TESPA1,PJA2,USP15,NR1H4","Sputum_Mixed granulocytic"
"BP","regulation of response to stimulus",4037,1346,1.36553544542087e-07,9.31955351732098e-05,"ADA,AKT3,TANK,C17orf99,PDCD6,BCL2L11,RANBP9,DNAJB6,KLRC4-KLRK1,MICOS10-NBL1,C8orf44-SGK3,DNM1L,TSPAN32,GPC6,HIPK3,IFNL4,RASGRP1,TRAP1,FAM13A,LPAR6,SORBS3,ADAM10,TRIM13,CD96,DENND4A,RAMP1,RAMP3,NET1,PAK4,ADAR,CDKN2B,TNIP1,CCL26,MICU1,BTN2A2,NOD1,DLC1,RACK1,RAPGEF3,PRMT5,VAV3,TAB1,GPNMB,BAIAP2,ZNHIT1,TADA3,TRIM38,UNC13B,NCOA2,SEMA6B,SEMA4D,SEMA4B,SEMA3C,KAT5,AGR2,ARFGEF1,SORBS1,STAMBP,POLR3C,IVNS1ABP,TRIM16,RGS14,CELF1,GIPC1,TRAF3IP2,ZMYND11,NEK6,FRS2,HPSE,LILRB1,ARID5A,USP20,MALT1,BTNL3,TMED2,MAPRE2,KCNQ1OT1,COPS5,SPINK5,LILRB4,RIPK3,WWP2,ESM1,CIT,BTN3A2,FAF1,FSTL1,WIF1,IRAK3,AKAP13,DUSP10,PDCD10,CHN2,PADI2,MRAP2,TP53RK,RNF13,MGLL,NLRP3,ERMAP,CHUK,PGLYRP2,SLAMF6,OSBPL8,C1QTNF3,CIDEA,C1QTNF4,FBXO32,KCTD12,GBP5,IL22RA2,CLNK,LRG1,ARAP1,TADA1,TAGAP,RFFL,C10orf71,CLU,SLC15A4,FGD4,SPPL3,FRMD6,CCR1,SLC24A4,CCR4,CMKLR1,COL3A1,IQGAP3,PIGU,TRABD2A,ZFAND2B,OCIAD2,ADORA2A,NCOA7,ADORA2B,CPB2,NACC2,ATF6B,CRHBP,NEK7,CRY2,SIRPA,PARP1,MAPK14,CSF1R,SESN3,CSK,CSNK1E,ARMH4,CSNK2B,GSG1L,PIK3R6,TMC8,ADRA1A,CTBP2,RC3H1,CTLA4,CLDN19,CTNS,SHLD1,CTNND1,NFAM1,CTSG,CCNYL1,CTSH,PPP4R2,GLIPR2,CX3CR1,PAQR3,SLC38A9,PLEKHG4B,BTNL9,CYLD,CNKSR3,CYP1B1,BMT2,GRK2,GRK3,PRAG1,CYP19A1,DAB1,DAB2,CD55,DGKG,DGKQ,DAPK1,DEDD2,DCN,DENND1B,APCDD1L,DHX15,ZNF366,TMEM64,DHX36,DHFR,DLG1,DNMT3A,DOCK2,DOCK3,ABAT,DPP4,DRD4,DSCAM,RCAN1,DUSP3,DUSP4,AGTR1,DYRK1A,GPR183,ECT2,ABCA1,LPAR1,EFNB2,EGF,EGFR,AHR,PLPP4,ANO6,UBR1,NLRC3,EIF4G1,ELANE,ELF1,A2M,SPRED2,ARHGAP27,UNC13D,CTTN,CCDC125,ENO1,C9orf72,HIPK1,DIPK2A,AKT1,ERCC4,ERCC6,ERN1,ESR1,ETS1,MECOM,EYA1,EYA2,EYA3,EZH2,F2RL2,F12,FABP4,FABP5,FANCA,PTK2B,FBLN1,UNC5B,CCNY,RTKN2,FCER2,FCGR1BP,UCMA,SPATA13,PI16,FCGR3B,DAGLB,MTURN,ADGRG3,SCUBE3,SEMA3D,FECH,FER,FGD1,GPC5,FGFR2,FGL1,FGR,RASA3,DLGAP4,RAB11FIP2,AAK1,CHSY1,NLRP1,INPP5F,ZNF365,DENND3,CARD8,SBNO2,EPN2,ATF6,NT5C2,RIMS1,MAPKBP1,FAIM2,CNOT1,TNIK,HECW1,SWAP70,MYCBP2,FOXO1,KDM4C,ZNF423,ARHGAP26,SIPA1L3,IQSEC2,MCF2L2,FSTL4,RAP1GAP2,SPART,TAB2,ZC3H3,FCHO1,GRAMD4,SNX13,MAPK8IP3,RFTN1,KANK1,CYFIP1,FAM168A,MLC1,FLT1,DTX4,PLCL2,ARHGEF9,SIK2,PLCB1,PHLPP1,TMEM131L,CAMTA1,CLEC16A,FBXW11,MGRN1,ICOSLG,CUX2,SASH1,CLASP1,SZT2,SYNE1,SMCHD1,PSD3,PUM2,SIK3,SF3B3,LEPROTL1,MACF1,DAAM2,SPIDR,ARHGAP45,PIK3R5,PSD4,TSPAN15,DDAH1,FPR3,DAPK2,PHLDA3,SH3BP4,SGK3,IL17RA,ALK,ALOX5,ALOX5AP,ALOX12B,ATP6V1C2,MTOR,ABL1,FUT7,FUT8,FYB1,FYN,YTHDF3,CNIH2,DSTYK,NGEF,SGMS1,WWTR1,SAMHD1,ZNF385A,KANK2,C2CD3,PLEKHG3,CNTNAP2,PPP1R16B,AUTS2,ANKRD17,ABHD12,EPC2,TRAF3IP1,NOC2L,IFT172,RGS22,NPHP4,STAP1,TIAM2,GATA3,CLEC4E,FBXO8,GCG,GCH1,NUPR1,KAT2A,GCNT2,LATS2,RGS17,AMFR,GFI1,GGT1,CYFIP2,ABL2,NPTN,ATP2C1,LAT,FOXP1,CYTH4,SNX5,DISC1,C5AR2,TNFRSF21,SESN1,GCLC,BMP10,RBMS3,P2RY10,GLG1,STK39,SGSM3,GNA12,GNAI2,GNAQ,GNG7,GPLD1,GPR17,METRNL,LAMA1,CXCL17,GPR21,RNF149,ANGPT2,NKIRAS1,C3orf33,GPR35,GPR37,SCAI,FFAR3,GRK4,GRK5,GRK6,GRB10,GRID2,GRN,GIT1,GRIK2,IFT81,RGCC,HIPK2,ABR,SETD2,ARHGAP35,TBK1,CD274,GRM4,GRPR,GSK3B,BLNK,USP25,TMOD2,ZDHHC1,GUCY1A1,MDFIC,SCHIP1,ANXA1,ANXA2,HCK,HCLS1,HTT,NRG1,HIC1,HIF1A,HIP1,HLA-DOB,HLA-DPB1,HLA-DQA1,HLA-DQA2,HLA-DQB1,HLA-DQB2,HLA-DRA,HLA-DRB1,HLA-DRB5,AOAH,HLX,HMGCR,HNRNPK,NDST1,HTR2B,UBAC2,ICAM1,STING1,SH3RF3,LRIT3,IFNAR2,IFNG,TUBB2B,IGF1R,GEN1,IGFBP7,APP,RBPJ,CASTOR3P,TICAM2,FAS,IL1A,IL1R1,IL6R,IL7R,IL10,IL15,IL16,INHBA,INPP5A,INPP5D,ITGA6,IRAK2,IRF4,IRF7,ITGA1,ITGA2,ITGA5,ITGAM,ITGAV,ITGB1,ITGB2,ITPKB,ITPR1,JAK3,JARID2,KARS1,TBC1D10C,KIF7,STIMATE,NRROS,ARG1,KPNA1,SUMO4,C2CD4B,SCIMP,CCL4L1,C1QTNF12,NOTCH2NLA,GFRAL,LAG3,LAMA2,LAMB1,LAMP1,LCK,LCP2,LDLR,LETM1,LFNG,LGALS1,LGALS3,ARHGDIB,LIMK1,LIMS1,RHOH,LMNA,LPL,LRP1,LRP2,LTBP1,LTF,CD180,LYN,MIRLET7B,MIR140,MIR141,MIR143,MIR145,MIR17,MIR18A,MIR185,MIR195,MIR199B,MIR19A,MIR19B1,MIR20A,MIR200C,MIR21,MIR214,MIR92A1,MIR17HG,ARRB1,SMAD2,SMAD3,ARRB2,SMAD6,SMAD7,MARK3,MCC,MCL1,MEF2A,MEF2C,MEFV,MAP3K1,MAP3K5,MGAT5,MGMT,MID1,ATXN3,MLLT3,MMP8,ABCC1,IQSEC3,CCDC88C,EIF2AK4,TRIM67,MIR302C,MUC4,MYLK,MYO1C,MYO9B,ATF3,NBL1,NCK1,NEDD4,NEDD9,NEO1,NF1,NFKB1,NGFR,NINJ1,NKG7,NOS3,CNOT2,NOTCH1,NOTCH2,NPC1,NPPA,ATP2A2,ROR1,NTS,NUMA1,NR4A2,ATP2B4,TIFAB,OPA1,OPRM1,OSM,P2RX3,P2RX4,P2RX7,P2RY6,P4HB,PEBP1,FURIN,PCSK6,RRM2B,MINK1,CHST11,PRDX1,SERPINB2,PAK2,PALM,PNPLA8,ARHGEF3,REG3A,PRKN,PAWR,PDE11A,SLC35C2,ZBTB7B,CHCHD2,LEF1,HERC5,PLCE1,CRIM1,SHISA5,ZDHHC3,WAC,PDCD1,TAOK3,MBTPS2,UBR5,PDE2A,PDE3B,PDE4A,PDE4B,PDE4D,PDE9A,CXXC5,ZC3HC1,PDGFA,PDGFB,PEX5L,HDAC7,CYRIB,SUFU,PDPK1,NLK,UIMC1,WWOX,ERAP1,INPP5K,MAP3K20,PFDN5,CDK14,PHB1,PIK3CB,PIK3CG,PIK3R1,PIP4K2A,PKHD1,PLA2G4A,PLAT,PLAUR,UBASH3A,PLCG1,PLCG2,PLXNB1,PML,TRIM34,ACP5,TSPEAR,TLR9,SEPTIN4,ERRFI1,SSH1,SASH3,MIOS,RNF216,RBM47,RHOF,SHLD2,INO80,PPARA,PPARD,PPARG,LEPROT,ZRANB1,EPS8L1,RNF43,LAX1,MKS1,PPM1A,OCIAD1,ADISSP,PPP1CA,PID1,PHIP,BANK1,USP47,ARHGAP17,PPP1R10,ARHGEF10L,TMEM33,PPP2R1A,RNF220,PPP2R1B,PBRM1,APPL2,PLEKHG6,ELP2,ASXL2,PSPC1,UBE2W,FBXW7,PPP3CA,PPP3CC,LGR4,PRCP,NAGK,SUPT20H,DDX60,CDKN2AIP,ZDHHC7,PRKAA2,LYAR,PRKACA,NPLOC4,DENND4C,LIMS2,SCYL2,CCDC88A,LMBR1L,SLF2,PRKAR1B,INTS9,INAVA,PRKCA,PRKCB,PRKCE,PRKCH,PRKCI,WWC3,ARHGAP15,ASH1L,LMO3,PRKCZ,PRKDC,ERBIN,MAPK1,SULF2,MAPK8,MAPK10,MAPK13,PDGFC,MAP2K1,MAP2K2,MAP2K5,PRL,PRLR,CRTAM,AZU1,TRIM39,FMN2,PSMA1,SLAMF8,SPHK2,CELF4,SPIRE1,NCLN,SPPL2B,PMEPA1,DUSP22,SMYD2,RGMA,PRDM11,CDC42SE2,CTNNBIP1,KNL1,CASS4,C12orf4,CAMK1D,CD177,RTN4,RALGAPB,SLC44A2,SMURF1,PELI2,PELI1,ZNFX1,ZMIZ1,RALGAPA2,PPP4R3B,PTEN,PBXIP1,PTGER3,PTGS2,MIR497,MIR520C,BIRC6,PTK2,PLEKHG1,ARID1B,MTUS1,ARHGAP31,RPTOR,PTK6,SEMA6A,STAMBPL1,SIPA1L2,ARHGAP20,PREX1,ARHGAP21,WDFY1,BEGAIN,FNIP2,VPS18,SH3RF1,EP400,PLEKHA4,RNF213,CHD8,PTPN1,DENND1A,EPG5,ZFYVE28,PTPN3,MARK4,PTPN11,PTPN13,PTPRC,PTPRD,PTPRE,PTPRJ,PTPRO,NECTIN2,PXN,ARHGAP22,CACTIN,RRAGD,MAP4K2,RAC2,RAD52,RAF1,RALB,ACTA2,RAP1B,RAP1GAP,RAP1GDS1,RARA,RASGRF1,RB1,HRH4,TRPV4,LGR6,BCL2,BCL2L1,TRIM27,RGS3,RGS10,RGS12,RGS13,RHEB,BCL3,AVPI1,BCL6,BCL7A,ROBO1,RORA,BCR,RPS3,RPS6KA1,RREB1,RXRA,S100A4,S100A9,S100A13,CFB,SAG,ATXN7,CEACAM1,CCL3,CCL13,BICD1,CCL18,CCL22,BID,UBE2O,SEC14L1,PRDM16,SECTM1,MYO1G,SELE,GOLPH3,SAMSN1,VSIR,NOD2,IFIH1,MAP2K4,SEMA4A,ARHGEF28,ARHGAP9,NXN,PALS1,RGS18,SGK1,SGTA,ITSN1,CLEC7A,SHB,MEAF6,SIAH1,ILRUN,SIAH2,CRTC3,DEPTOR,ST6GAL1,MARCHF7,NIBAN2,RASAL3,SIPA1,SKI,NDRG4,SKP2,SLA,WNK1,SLC2A4,SLC6A9,BMP7,SLC11A1,SLC20A1,BMPR1B,SLIT1,SLIT3,BMPR2,SMARCA2,SMARCA4,PHACTR4,SMARCC1,SMARCD1,SMARCD2,SNCA,SOD1,SORL1,SOS1,SP100,SPI1,SPN,SPTBN1,SRC,SREBF2,BRAF,DENND2B,STAT3,STAT5B,STK3,STK4,SYK,ADAM17,TAF6,TAF10,TBL1X,TCF7L2,TEC,TMBIM6,TEK,TERF2,TFPI,TGFA,TGFB1,TGFBR1,TGFBR2,TGFBR3,TGM2,THBS1,THRA,THRB,TIAM1,TIMP3,TLE1,TLE2,TLE4,SERPING1,TLR5,GPR137B,TNFAIP3,C1QB,TNFAIP6,TNFRSF1A,TNFRSF1B,C1QC,TNXB,TOP2B,C1S,TP73,TPD52L1,C2,TPR,TPT1,TRAF1,TRAF2,TRAF3,TRAF5,TRAF6,C3AR1,TRIO,TSG101,DNAJC7,CCR2,TXK,MOSMO,ACOD1,RFX8,UBE2D3,UBE2V1,UGCG,VAV2,VDAC1,VRK2,VWF,WFS1,NSD2,DAGLA,XRCC3,XRCC5,LDLRAD4,YWHAG,YWHAZ,ZFP36,PTTG1IP,RELL1,ZP3,LAPTM5,PXDN,CACNB4,MAPKAPK3,USP7,RAB7A,OTUB2,CYREN,PVRIG,MAPKAP1,BAG6,EPS8L3,TCTN1,RNASEH2B,SH3TC2,MCPH1,RHBDF2,TMEM204,ARHGAP10,DYNC2H1,NLRX1,LRRK1,TBL1XR1,C1orf115,MCTP1,GSDMD,TTC21B,MMRN2,MOB3B,CAMKMT,UBA5,CAAP1,RIN3,PRR5L,BTNL8,ACTR5,DOK3,KAT6A,ATAT1,WLS,SVEP1,SLC8B1,SEMA6D,ADAMTS20,CALM1,BICC1,NR4A3,ARMC9,CCDC92,ALPK1,CDK5RAP3,PDGFD,EPC1,CD276,AKNA,MPIG6B,NDFIP1,DUSP16,APOL3,FXR1,ACTN4,WNT5B,ZBP1,COLEC12,CALR,DPF3,TRIM11,CLPB,ANKRD13C,ITM2C,KAZALD1,CAMK2D,ADAMTS12,CAMK2G,CAPN1,CAPN3,TRRAP,KLRC4,AXIN1,CASP1,ARHGAP24,CASP2,CCDC3,SESN2,ITCH,FRMD8,MAD1L1,KCTD10,CASP6,STK40,KREMEN1,ADGRV1,DTNBP1,ULK1,BCAR3,LRRIQ1,ZNRF3,NLRC5,STX7,SLA2,CMAHP,TRAF7,ZDHHC18,SLF1,GARNL3,STK24,RNF135,CASP10,BRMS1L,VPS25,RASAL1,NCK2,CARD11,DOT1L,LZTS2,SYVN1,SPIRE2,CUL3,HOPX,CUL1,CASR,TTBK1,SUPT3H,USP32,GPR65,SEMA7A,ADTRP,KLHL22,HAVCR2,AIFM2,ZNRF1,CGNL1,UBASH3B,PARG,ITGA8,DGKZ,DGKD,CST7,NKD1,ITPRIP,MADD,CAV1,CASK,SCARF1,RUNX2,KLF7,PLPP3,CDK13,OASL,PTCH2,AKR1C3,NCOA1,TNKS,EIF3A,BECN1,PEA15,MARCO,GBF1,CRADD,TNFSF12,TNFSF10,CBS,ADAM9,FADD,TNFRSF11A,TNFRSF10B,IL18RAP,IL1RL2,IL18R1,IQGAP1,NRP1,SYNGAP1,CD84,SOCS2,CFLAR,CCN4,HDAC3,KSR1,KAT2B,STK19,VNN1,MTMR2,CPNE1,MBD2,BTRC,USP13,FGD3,MVB12B,KLHL6,TRIM15,PGLYRP1,LIMD1,TNFSF18,KALRN,ACVR1,PHLDB2,OTULIN,SEMA5A,SPAG9,DOK2,AIP,MCU,STARD13,PIP4P1,USP10,USP8,LATS1,CD1D,ARHGEF1,CBFA2T2,RNF185,CTDP1,RSAD2,CD3E,IL1RL1,MAP3K13,DDX21,CD247,VAPA,CD5L,STYXL2,DLGAP1,DHRS3,MFHAS1,MAPKAPK2,CYTH1,ITGB1BP1,BPIFB1,HELB,SHKBP1,CD9,S1PR2,SOCS6,NREP,CD22,TADA2B,ARHGAP18,NHERF1,NRXN1,CD27,NMT2,ACVRL1,RECQL5,GRAP2,HTRA3,CD80,CD86,AIM2,MAP4K4,LY86,EIF2AK3,HOMER2,AKAP7,AKAP6,ATG5,CD36,MAGED1,RPH3AL,ADAMTS3,CD38,EEF1E1,MACROH2A1,CLOCK,BABAM2,AKAP12,CD44,NCOR2,ARHGEF10,ZNF592,MORF4L2,FNIP1,PPM1F,RALGPS1,CD59,TTI1,PHF14,FAM53B,DEPDC5,N4BP1,VGLL4,NUP93,RAPGEF2,PUM1,RIMS2,NOS1AP,USP34,CD79B,IFT140,ARHGAP32,CD81,RIPOR2,HDAC4,BCLAF1,MATR3,GIT2,RB1CC1,ZEB2,TESPA1,GAB2,MAGI2,PJA2,SRGAP3,IQSEC1,KIF14,ARHGAP25,USP15,MVP,NR1H4","Sputum_Mixed granulocytic"
"BP","regulation of cell-cell adhesion",490,200,1.39025206352606e-07,9.31955351732098e-05,"ADA,KLRC4-KLRK1,TSPAN32,RASGRP1,BTN2A2,GPNMB,KAT5,LILRB1,MALT1,LILRB4,CORO1A,DUSP10,NLRP3,ADORA2A,SIRPA,MAPK14,CSK,PIK3R6,RC3H1,CTLA4,CTSG,CD55,DLG1,DPP4,DUSP3,EFNA5,EFNB2,ELANE,EPHB3,AKT1,ETS1,FGL1,SWAP70,FCHO1,TMEM131L,ICOSLG,SCRIB,ALOX5,MTOR,ABL1,FUT4,FUT7,FYN,LRRC32,ABCA12,GATA3,GCNT1,GCNT2,MDGA1,ABL2,TNFRSF21,GLI2,CCDC88B,ANK3,RGCC,CD274,ANXA1,HLA-DOB,HLA-DPB1,HLA-DQA1,HLA-DQA2,HLA-DQB1,HLA-DQB2,HLA-DRA,HLA-DRB1,HLA-DRB5,HLX,RNASE10,IFNG,IL1A,IL7R,IL10,IL15,ITGB2,ITPKB,JAK1,JAK3,MIA3,ARG1,LAG3,LCK,LGALS1,LGALS3,RHOH,LYN,MIR141,MIR21,MIR92A1,SMAD7,MBP,AFDN,TARM1,CEACAM6,NCK1,NOTCH1,NOTCH4,MINK1,PAWR,ZBTB7B,LEF1,CYRIB,PDPK1,PKHD1,PLAUR,SASH3,PPARA,LAX1,KIF26B,PBRM1,PPP3CA,SIRPG,AMBRA1,PRKAR1A,PRKCA,PAG1,PRKCZ,MAP2K5,CRTAM,DUSP22,PELI1,ZMIZ1,PTK2,ARID1B,GPAM,PTPN11,PTPRC,RARA,TRPV4,BCL6,RPS3,CELA2A,CEACAM1,SELE,VSIR,NOD2,SFTPD,KLHL25,SHB,MARCHF7,RASAL3,WNK1,SLC7A1,LGALS9C,BMP7,SMARCA2,SMARCA4,SMARCC1,SMARCD1,SMARCD2,SOX12,SPI1,SPN,SPTA1,SRC,STAT5B,SYK,TGFB1,TGFBR2,TRAF6,CCR2,ZBTB16,ZP3,LAPTM5,NR4A3,CD276,AKNA,NDFIP1,FERMT3,ITCH,MAD1L1,NCK2,CARD11,ADTRP,HAVCR2,UBASH3B,CAV1,RUNX1,PLPP3,RUNX3,CBFB,ADAM19,FADD,IL1RL2,VNN1,TNFSF18,CD1D,CD3E,CD5,MAGI1,CD6,CD9,SOCS6,CD83,CD27,CD80,CD86,CD44,PPM1F,CD81,RIPOR2,PIEZO1,TESPA1,CDH1","Sputum_Mixed granulocytic"
"CC","Golgi apparatus",1611,589,1.39654483546545e-07,9.31955351732098e-05,"TRAPPC3L,ABCC5,ABCB6,DNM1L,MUC12,ATP9A,GPC6,CERT1,UST,KIF20A,RASGRP1,AKAP9,ADAM10,STX6,AP3S2,ABCC4,BET1,PAK4,EMC8,ATP8A1,CPQ,PRMT5,COG5,UNC13B,ARFGEF1,KIF1C,SRCAP,RAB10,MMP24,AP3M2,TMED2,LMAN2,TMED10,KDELR2,RAB31,TENT4A,GALNT6,PDCD10,MGAT4B,VPS45,MGAT4A,GOLM2,TMC6,EXOC3,SCRG1,NLRP3,ERMAP,GALNT13,SORCS1,OSBPL9,GBP5,ARAP1,GALNT15,AP3S1,CLCN3,OLFM3,CLU,TPP1,TMEM45B,CLTC,FGD4,SPPL3,CLBA1,SLC38A10,DRAM2,TBC1D20,TANGO2,ICA1L,COPA,OCIAD2,CLVS2,COL26A1,ATF6B,GCNT7,SUN5,VTI1A,CEP128,VCAN,MGAT5B,TMC8,CREB3L4,CTLA4,GLIPR2,CUX1,NIPAL1,PAQR3,VPS13B,FAM91A1,CLVS1,DACH1,CD55,AP1B1,DCN,CNST,UBXN2A,DEFA1,DEFA3,DEFA4,SGMS2,DEFA5,DEFB4A,SLC30A8,QSOX2,FUT11,DLG1,DNM2,AGRP,ABCA1,EGFR,CREG2,SLC39A11,RAB12,CTTN,GAPT,DIPK2A,ESR1,ALB,EXT1,EXT2,FASN,FAT2,MARCHF8,ARL5B,C6orf89,FGD1,FGF7,MAPK15,GPC5,FGFR2,RHOBTB3,LMTK2,CHSY1,FNDC3A,TRAPPC8,SACM1L,ATF6,RAB3GAP1,FAIM2,GGA2,ERC1,SIPA1L3,CLCC1,MAPK8IP3,ATP11A,DENND5A,CLEC16A,BICD2,FMOD,NEDD4L,CLASP1,SYNE1,TMED3,AP4E1,ABCA6,MACF1,ATP6V0A2,DAPK2,RUSC1,PLD3,PITPNB,PISD,MTOR,FUT4,FUT7,FUT8,ZDHHC20,ST6GALNAC3,SERINC5,GALNT2,GALNT3,SGMS1,GORASP2,CNTNAP2,GGA1,ABCA12,STEAP2,ARFGAP3,EHF,GCNT1,GCNT2,CHIC2,GDI2,MDGA1,AMFR,GFRA1,GGTA1,B4GALT1,NBEA,ATP2C1,LAT,VPS41,TRAPPC3,SDCBP2,CYTH4,GLB1,RAB30,TNRC6A,GLG1,GNAI3,GNAQ,GOLGA3,GOLGA4,CCDC88B,B4GALNT3,RNF149,ANK3,GRN,DBNL,TMEM230,ZDHHC1,DSE,HCK,HTT,ST6GALNAC6,HIP1,HLA-DPB1,HLA-DQA1,HLA-DQA2,HLA-DQB1,HLA-DQB2,HLA-DRA,HLA-DRB1,HLA-DRB5,APBA1,APBB2,HPD,RAB37,HSPG2,NDST1,HTR7,ICA1,STING1,MALRD1,IFNGR2,IGF2R,APP,TICAM2,IL15,IL15RA,INPP5B,ITGA5,TRIM23,ATP9B,B3GNT8,KIFC3,ARF5,PLEKHM3,LDLR,LFNG,LIMK2,MYO18A,LRP1,LRP2,LRP6,LUM,LYN,ARRB1,SMAD6,ASIC1,MAN1A1,MAN2A2,MAN2A1,MAP6,MGAT3,MGAT5,MID1,MME,MMP16,MPL,GALNTL6,MYO1B,MUC2,MUC4,MYO6,NEDD4,NEDD9,NEO1,ACO1,NOS3,NOTCH1,NOTCH2,NOTCH3,NOTCH4,NPC1,NUCB1,OPRM1,FURIN,PCSK6,MINK1,CHST11,GALNT9,PRKN,ASAP1,SLC35C2,ATL1,SH3GLB1,A4GNT,PLCE1,PCSK1,PCSK5,MARCHF2,ERGIC2,ZDHHC3,GASK1B,MS4A4A,MBTPS2,CHST15,PDE2A,ATP6V1D,TRAPPC4,PDE3B,PDE9A,PDGFA,SCLY,VPS54,PDGFB,RAB6B,ATP6V1H,WWOX,INPP5K,GALNT7,ATP8B1,SERPINA1,PIK3R1,PI4KB,PKHD1,PLA2G4A,PLAGL1,ATP6V0B,TLR9,YIPF1,RETREG1,LEPROT,DYM,AFTPH,LAX1,OCIAD1,MARCHF1,WIPI1,PLEKHJ1,ZDHHC4,GOLPH3L,P3H2,PPP2R5C,VPS53,FBXW7,CCDC91,RNF121,PI4K2A,PPT1,CHST12,GALNT10,ZDHHC7,PRKAA2,RAB20,DENND4C,SCYL2,VAC14,CCDC88A,FGD6,CSGALNACT1,PRKCE,CAND1,PRKCI,ASH1L,UNC45A,MAPK1,SULF2,PDGFC,MAP2K1,MAP2K2,PSEN2,AGPAT3,TMEM167B,SPPL2B,PMEPA1,AGTRAP,RAB25,MAN1C1,SCYL3,ATP8B2,ERGIC1,RHBDD2,BIRC6,TENM2,GALNT16,MTUS1,TBC1D14,ELAPOR1,ARHGAP21,RIC1,WDFY1,FAM234B,RELCH,SH3RF1,QSOX1,RAB40C,PEX5,MS4A7,MAP4K2,RAB27A,RAF1,RAP1GAP,RAPSN,LGR6,RHEB,BCL6,S100A1,SORT1,BICD1,SDC2,NECAB3,SEC14L1,KIF13A,SECTM1,TRAPPC2,PERP,GOLPH3,NOD2,XYLT1,MS4A6A,CBLN3,PALS1,DCLRE1C,DDX31,ST6GAL1,ST3GAL1,ST3GAL2,ST3GAL3,CASD1,SIPA1,SLC2A1,SLC2A4,MPPE1,CHID1,SNX1,SNTB2,SORL1,SREBF1,SREBF2,BSG,SURF4,SYT1,ADAM17,TGFB1,TGFBI,TRAPPC10,TNFRSF1A,TP73,TSNAX,EIPR1,DEFA1B,MOSMO,UGCG,LDLRAD4,TMEM50B,ZNF148,PRDM2,CSDE1,RAB7A,ST8SIA4,WDR77,TRAPPC6A,MAPKAP1,FKRP,GNPTAB,TMEM43,FYCO1,ARMH3,GALNT14,RHBDF2,DYNC2H1,ZDHHC14,GALNT12,CAMKMT,UBA5,LPCAT1,ATP8B4,NAA60,SPEF2,KIAA0319L,SLC35E1,ATAT1,WLS,NAA25,SEMA6D,VCPIP1,CCDC170,UXS1,PHAF1,CUBN,PDGFD,DNAJC5,TRAF3IP3,MPIG6B,NDFIP1,WNT5B,ITM2C,CLTCL1,TRRAP,PICALM,APH1B,CHST9,COG3,TRAPPC9,SPATA16,NCALD,B3GNT5,SLA2,ZDHHC18,YIPF4,STK24,COG8,HOOK3,CUL3,ATRN,TPST2,TPST1,USP32,CRACR2A,AGBL4,TMEM87B,CST7,CAV1,STK16,PLPP3,STC2,CDK13,CBFA2T3,AOC3,TNKS,STX11,BECN1,B4GALT4,B4GALT2,MBTPS1,GBF1,TNFRSF10A,HDAC3,ASAP2,AP1M1,HERC1,FGD3,PLOD3,SYS1,FMNL3,SLC39A13,PKDCC,RSAD2,CD3E,CD247,COG7,LGI1,LARGE1,VAPB,VAPA,PXYLP1,GCNT3,CYTH1,FAM114A1,B3GNT7,PGAP3,B4GALT6,B4GALT5,TM9SF2,OTOF,COG1,NMT2,PICK1,CHST3,CD36,STX8,SCARB2,GOSR1,TMEM59,EI24,PREPL,CD44,RAB36,ABCG1,GCC2,PDE4DIP,CD59,MARF1,SDC3,CLINT1,USP6NL,RAB11FIP3,LAPTM4A,ARHGAP32,CLSTN3,TBC1D5,RNF144A,PJA2,LRBA,FIG4,RABGAP1L,ATP2C2,SEC16A,HS3ST3B1,DOP1B,CDH1","Sputum_Mixed granulocytic"
"BP","interleukin-2 production",63,39,1.4764298830468e-07,9.31955351732098e-05,"KAT5,MALT1,LILRB4,ABL1,GATA3,ANXA1,IL1A,IRF4,LAG3,PDE4B,PDE4D,HDAC7,PLCG2,SASH3,PTPRC,TRIM27,RPS3,NOD2,SFTPD,CLEC7A,SPTBN1,STAT5B,TNFAIP3,TRAF2,TRAF6,CCR2,ZFP36,LAPTM5,CARD11,HAVCR2,RUNX1,NAV3,CD3E,CD83,CD80,CD86,HOMER2,CD34,NR1H4","Sputum_Mixed granulocytic"
"BP","regulation of interleukin-2 production",63,39,1.4764298830468e-07,9.31955351732098e-05,"KAT5,MALT1,LILRB4,ABL1,GATA3,ANXA1,IL1A,IRF4,LAG3,PDE4B,PDE4D,HDAC7,PLCG2,SASH3,PTPRC,TRIM27,RPS3,NOD2,SFTPD,CLEC7A,SPTBN1,STAT5B,TNFAIP3,TRAF2,TRAF6,CCR2,ZFP36,LAPTM5,CARD11,HAVCR2,RUNX1,NAV3,CD3E,CD83,CD80,CD86,HOMER2,CD34,NR1H4","Sputum_Mixed granulocytic"
"BP","positive regulation of immune response",719,261,1.58271388647559e-07,9.72042982601928e-05,"ADA,C17orf99,KLRC4-KLRK1,IFNL4,RASGRP1,TNIP1,BTN2A2,NOD1,VAV3,POLR3C,LILRB1,ARID5A,MALT1,BTNL3,LILRB4,BTN3A2,IRAK3,NLRP3,ERMAP,CHUK,SLAMF6,GBP5,CLNK,CLU,SLC15A4,SPPL3,CMKLR1,ADORA2B,NEK7,CSK,RC3H1,CTLA4,SHLD1,NFAM1,CTSG,BTNL9,CYLD,CD55,DENND1B,DUSP3,PLPP4,NLRC3,ELANE,ELF1,A2M,ESR1,FCER2,FGR,RAB11FIP2,NLRP1,CARD8,FCHO1,GRAMD4,RFTN1,PLCL2,ICOSLG,PUM2,FPR3,ABL1,FYB1,FYN,ANKRD17,STAP1,GATA3,CLEC4E,GFI1,LAT,FOXP1,C5AR2,TNFRSF21,GPLD1,RGCC,TBK1,CD274,BLNK,ANXA1,HCK,HLA-DOB,HLA-DPB1,HLA-DQA1,HLA-DQA2,HLA-DQB1,HLA-DQB2,HLA-DRA,HLA-DRB1,HLA-DRB5,HLX,STING1,IFNG,TICAM2,IL1R1,IL10,IL15,INPP5D,IRAK2,IRF4,IRF7,ITGAM,ITGB2,KARS1,SCIMP,LAG3,LAMP1,LCK,LCP2,LGALS3,LIMK1,LTF,LYN,MIR140,MIR17,MIR18A,MIR19A,MIR20A,MIR21,ARRB2,MEF2C,MEFV,EIF2AK4,NFKB1,NINJ1,P2RX7,PAK2,PAWR,PDE4B,PDE4D,CYRIB,PDPK1,PHB1,PIK3R1,PLA2G4A,UBASH3A,PLCG1,PLCG2,TLR9,SASH3,RBM47,SHLD2,LAX1,BANK1,APPL2,PSPC1,LGR4,NAGK,DDX60,NPLOC4,INAVA,PRKCB,PRKCE,PRKCH,PRKCZ,PRKDC,ERBIN,MAPK1,MAPK8,CRTAM,SPHK2,DUSP22,CD177,RTN4,PELI1,ZNFX1,PTK2,WDFY1,EPG5,MARK4,PTPRC,PTPRJ,NECTIN2,CACTIN,RARA,BCL2,RPS3,CFB,CEACAM1,SEC14L1,MYO1G,NOD2,IFIH1,CLEC7A,SHB,WNK1,SLC11A1,SOS1,SPI1,SRC,BRAF,STAT5B,SYK,TEC,TGFB1,SERPING1,TLR5,TNFAIP3,C1QB,C1QC,C1S,C2,TRAF2,TRAF3,TRAF6,C3AR1,CCR2,TXK,ACOD1,VAV2,NSD2,XRCC5,ZP3,LAPTM5,CACNB4,MAPKAPK3,PVRIG,BAG6,NLRX1,BTNL8,ATAT1,SVEP1,NR4A3,ALPK1,CD276,ZBP1,COLEC12,TRIM11,CLPB,KLRC4,CASP1,ITCH,CASP6,NLRC5,STX7,SLA2,RNF135,CARD11,HAVCR2,ZNRF1,DGKZ,CAV1,OASL,FADD,IL18RAP,IL18R1,KLHL6,TRIM15,OTULIN,CD1D,RNF185,RSAD2,CD3E,CD247,CD5L,MFHAS1,MAPKAPK2,BPIFB1,CD22,CD80,CD86,AIM2,CD36,CD38,CD59,PUM1,CD79B,CD81,MATR3,TESPA1,GAB2,PJA2,USP15,NR1H4","Sputum_Mixed granulocytic"
"CC","specific granule membrane",91,50,2.19705217845568e-07,0.00013138372027165,"ADAM10,ATP8A1,CEACAM3,CEACAM8,CKAP4,TMC6,SLC15A4,HGSNAT,CLEC12A,ANO6,STOM,FCAR,ADGRG3,CD93,ATP11A,UBR4,RAB37,ITGAL,ITGAM,ITGAV,ITGB2,LAIR1,RAB44,TARM1,OLR1,P2RX1,ATP6V1D,PLAUR,CMTM6,CD177,SLC44A2,PTPRJ,CEACAM1,MMP25,SLC2A5,STK10,VAMP1,TNFRSF1B,C3AR1,TRPM2,ATP8B4,DNAJC5,HVCN1,KCNAB2,DEGS1,AP1M1,MS4A3,ORMDL3,CD36,CD59,TMEM63A","Sputum_Mixed granulocytic"
"BP","positive regulation of cell activation",389,159,2.80339410247972e-07,0.000163344429704485,"ADA,KLRC4-KLRK1,RASGRP1,BTN2A2,VAV3,KAT5,LILRB1,MALT1,LILRB4,CORO1A,DUSP10,NLRP3,ADORA2B,SIRPA,CSK,PIK3R6,SHLD1,CD55,DPP4,GPR183,EFNB2,AKT1,FGR,FCHO1,ICOSLG,MTOR,ABL1,FYN,STAP1,GATA3,ABL2,GLI2,GP1BB,GP9,CCDC88B,CD274,SH3KBP1,ANXA1,HLA-DOB,HLA-DPB1,HLA-DQA1,HLA-DQA2,HLA-DQB1,HLA-DQB2,HLA-DRA,HLA-DRB1,HLA-DRB5,HLX,IFNG,TICAM2,IL1A,IL7R,IL10,IL15,IL15RA,INPP5D,ITGAM,ITGB2,ITPKB,KARS1,LAMP1,LCK,LGALS1,RHOH,PLPP6,LYN,MIR145,MIR21,MIR92A1,MEF2C,MMP8,MPL,MYB,NCK1,ZBTB7B,LEF1,CD320,CYRIB,PDPK1,PLA2G4A,TLR9,SASH3,SHLD2,PBRM1,PPP3CA,SIRPG,AMBRA1,PRKCZ,PRKDC,PRLR,SPHK2,CD177,PELI1,ZMIZ1,ARID1B,GPAM,PTPN11,PTPRC,NECTIN2,ACTA2,RARA,BCL2,BCL6,RPS3,RPS6KA1,CCL3,ZNF335,VSIR,NOD2,KLHL25,CLEC7A,SHB,RASAL3,SLC7A1,SMARCA2,SMARCA4,SMARCC1,SMARCD1,SMARCD2,SOX12,SPI1,SPN,SPTA1,SRC,STAT5B,SYK,TGFB1,TGFBR2,THBS1,TRAF6,CCR2,TNFRSF4,NSD2,ZBTB16,ZP3,NR4A3,CD276,CAPN3,NCK2,CARD11,TTBK1,HAVCR2,CAV1,RUNX1,RUNX3,CBFB,FADD,IL1RL2,VNN1,CD1D,CD3E,IL1RL1,CD5,CD6,CD83,CD27,CD80,CD86,CD38,CD81,TOX,TESPA1,GAB2","Sputum_Mixed granulocytic"
"CC","vacuole",838,311,2.8889932886419e-07,0.00016347876218378,"ADA,ABCB6,GPC6,CALCRL,RAMP3,ATP8A1,CPQ,VAT1,GNLY,HPSE,CEACAM8,CKAP4,PLAAT3,CHIT1,SLC2A6,PADI2,RNF13,MARCHF3,CLNK,AP2S1,CLCN3,BORCS5,CLCN6,CLCN7,TPP1,SLC36A4,TMEM45B,SLC15A4,CLTC,PLA2G4E,WDR81,RNF19B,DRAM2,SLC31A2,OCIAD2,CP,HGSNAT,CRHBP,VTI1A,CSF3R,VCAN,CTNS,NFAM1,CTSB,CTSG,CTSH,CTSW,CTSZ,SLC38A9,CYB561,ABCA13,VPS13B,DAB2,AP2A2,AP1B1,DCN,DEFA1,DEFA3,DEFA4,DYNC1H1,DPP4,ECE1,EGF,ELANE,SERPINB1,ABCA2,UNC13D,RAB12,C9orf72,STOM,SLC36A1,ABCA3,FABP5,TPCN2,MARCHF8,DAGLB,ZNRF2,MAPK15,GPC5,ARSG,WDFY3,FNBP1,TAB2,FAF2,MLC1,ATP11A,CLEC16A,FMOD,SZT2,VPS39,ZFYVE26,ARHGAP45,ATP6V0A2,HEBP2,DAPK2,PLD3,PLA2G15,ATP6V1C2,MTOR,GAA,GCA,GALC,GALNS,SLC17A5,GDI2,B4GALT1,VPS41,LAMP3,GLB1,GM2A,GNAI3,GNAQ,GNB1,GNS,GPLD1,SLC46A3,RUFY4,SLC36A3,ANK3,GRN,TMEM230,GYG1,ANXA2,HCK,HTT,HEXA,HEXB,PIK3R4,ANXA6,ANXA11,HLA-DOB,HLA-DPB1,HLA-DQA1,HLA-DQA2,HLA-DQB1,HLA-DQB2,HLA-DRA,HLA-DRB1,HLA-DRB5,HPS1,RAB37,HSPG2,STING1,TRIM23,KCNE1,KCNQ1,KIF5B,ARG1,HRNR,LAMP1,LDLR,LNPEP,RAB44,LRP1,LRP2,LUM,LYN,ARRB1,ARSB,MEFV,MITF,ATXN3,MPO,MAP1LC3C,MYO5A,MYO6,CEACAM6,NCF2,NCF4,NKG7,NPC1,P2RX4,SIDT2,SH3GLB1,MARCHF2,PLAC8,TEX264,ATP6V1D,PCYOX1,ANKFY1,ATP6V1H,WWOX,ATP6V1B2,SERPINB13,ATP6V1C1,PIK3C3,ACP2,PIP4K2A,ATP6V0B,TM6SF1,TPCN1,ACP5,TLR9,MIOS,TOLLIP,CTSA,SLC66A1,CMTM6,OCIAD1,MARCHF1,WIPI1,SLC38A7,CPPED1,DRAM1,LAPTM4B,PI4K2A,PPT1,PRCP,PIP4P2,AMBRA1,SLC48A1,MREG,VAC14,MAPK1,DNAJC3,LRRC8A,WDR45B,AZU1,PSAP,PSEN2,RETN,SPHK2,SPPL2B,PSMD1,SLC44A2,SNX14,RPTOR,TBC1D14,ELAPOR1,FNIP2,VPS18,GRAMD1A,EPG5,TP53INP2,DNASE2B,RRAGD,RAB27A,RAP1B,RHEB,SORT1,SDC2,SLC17A9,SFTPD,MFSD1,DEPTOR,VPS33A,SLC11A1,CHID1,SNCA,SNX1,SNX2,SRC,SURF4,GPR137B,TNFAIP3,C3AR1,TRPM2,DEFA1B,UVRAG,LAPTM5,RAB7A,AHNAK,FYCO1,PLBD1,LPCAT1,CYBRD1,RUBCNL,CUBN,NCOA4,DNAJC5,TRAF3IP3,CALR,SLC7A5,ITM2C,VMP1,SBF2,CAPN1,SESN2,STARD3NL,ANKRD27,ULK1,STX7,KLHL22,SLC49A4,ZNRF1,CST7,ABCC11,RNASET2,BECN1,VNN1,MTMR2,CPNE1,AP1M1,HPS4,ATG16L2,ATP6V0E1,SPAG9,PIP4P1,CD1D,SYNGR1,VAPA,SHKBP1,CD34,ATG5,SCARB2,TMEM59,FNIP1,SDC3,CD68,DEPDC5,TMEM63A,LAPTM4A,TBC1D5,RB1CC1,PLEKHM1,LRBA","Sputum_Mixed granulocytic"
"BP","positive regulation of leukocyte activation",373,154,2.94958160954716e-07,0.00016347876218378,"ADA,KLRC4-KLRK1,RASGRP1,BTN2A2,VAV3,KAT5,LILRB1,MALT1,LILRB4,CORO1A,DUSP10,NLRP3,ADORA2B,SIRPA,CSK,PIK3R6,SHLD1,CD55,DPP4,GPR183,EFNB2,AKT1,FGR,FCHO1,ICOSLG,MTOR,ABL1,FYN,STAP1,GATA3,ABL2,GLI2,CCDC88B,CD274,SH3KBP1,ANXA1,HLA-DOB,HLA-DPB1,HLA-DQA1,HLA-DQA2,HLA-DQB1,HLA-DQB2,HLA-DRA,HLA-DRB1,HLA-DRB5,HLX,IFNG,TICAM2,IL1A,IL7R,IL10,IL15,IL15RA,INPP5D,ITGAM,ITGB2,ITPKB,KARS1,LAMP1,LCK,LGALS1,RHOH,PLPP6,LYN,MIR145,MIR21,MEF2C,MMP8,MPL,NCK1,ZBTB7B,LEF1,CD320,CYRIB,PDPK1,PLA2G4A,TLR9,SASH3,SHLD2,PBRM1,PPP3CA,SIRPG,AMBRA1,PRKCZ,PRKDC,PRLR,SPHK2,CD177,PELI1,ZMIZ1,ARID1B,GPAM,PTPN11,PTPRC,NECTIN2,RARA,BCL2,BCL6,RPS3,CCL3,ZNF335,VSIR,NOD2,KLHL25,CLEC7A,SHB,RASAL3,SLC7A1,SMARCA2,SMARCA4,SMARCC1,SMARCD1,SMARCD2,SOX12,SPI1,SPN,SPTA1,SRC,STAT5B,SYK,TGFB1,TGFBR2,THBS1,TRAF6,CCR2,TNFRSF4,NSD2,ZBTB16,ZP3,NR4A3,CD276,NCK2,CARD11,TTBK1,HAVCR2,CAV1,RUNX1,RUNX3,CBFB,FADD,IL1RL2,VNN1,CD1D,CD3E,IL1RL1,CD5,CD6,CD83,CD27,CD80,CD86,CD38,CD81,TOX,TESPA1,GAB2","Sputum_Mixed granulocytic"
"CC","secretory granule",887,303,3.2060509539097e-07,0.000173462623515819,"A1BG,LHFPL2,ADAM10,ABCC4,ATP8A1,BAIAP2,VAT1,ATG7,OLFM4,IQGAP2,CEACAM3,HPSE,CEACAM8,RAB10,TMED2,CKAP4,TMED10,SPINK5,RCBTB2,LILRB3,RAB31,ABHD2,SPACA9,CHIT1,PADI2,TMC6,EXOC3,LRG1,CLCN3,CLU,SLC15A4,OSCAR,LYZL4,STXBP5,HGSNAT,CRHBP,SIRPA,MAPK14,CSNK2B,NFAM1,CTSB,CTSG,CTSH,CTSW,CTSZ,CXADR,CYB561,ABCA13,IQUB,VPS13B,CLEC12A,CD55,AP2A2,DEFA1,DEFA3,DEFA4,DEFA5,SLC30A8,DNASE1L1,DYNC1H1,AGL,DOCK2,ECE1,EEF2,EGF,ANO6,ELANE,SERPINB1,A2M,UNC13D,STOM,ABCA3,ALAD,ALB,FABP5,FCAR,FCGR3B,ADGRG3,FGR,FNDC3A,CD93,CEP131,FSTL4,NFASC,CYFIP1,FAF2,ATP11A,DMXL2,UBR4,COTL1,ARHGAP45,ATP6V0A2,HEBP2,ALOX5,GAA,QPCT,GCA,ARMC8,GALNS,MYRIP,ABCA12,GARS1,GCG,GDI2,B4GALT1,LAMP3,SIGLEC9,AMPD3,GLB1,CRCP,GM2A,GNAI2,GNS,GRN,DBNL,GSN,OLA1,SNX10,GYG1,GZMK,ANXA2,HEXA,HEXB,ANXA11,RAB37,ICA1,STING1,IGF2R,APP,PADI6,TICAM2,ITGA1,ITGAL,ITGAM,ITGAV,ITGB2,ITPR1,ITPR2,NHLRC2,TBC1D10C,ARG1,HRNR,LAIR1,RHOG,LAMP1,LCN2,LGALS3,LGALS3BP,RAB44,LTA4H,LTF,ARSB,MME,MMP8,ASTL,MPO,TARM1,NUDT1,MYO5A,CEACAM6,NCF2,NFKB1,NOTCH1,OLR1,P2RX1,PAK2,PCDH7,DERA,SCCPDH,PCSK1,PLAC8,TEX264,ATP6V1D,BIN2,PDGFA,PDGFB,CYRIB,YPEL5,CAB39,SERPINA1,SERPINA4,SERPINB6,PKM,PLAT,PLAUR,PLCB2,TOLLIP,RHOF,PPBP,CTSA,CMTM6,PGM2,CPPED1,PRCP,PRKACA,DENND4C,CAND1,MAPK1,DNAJC3,KLK10,AZU1,PSAP,TMPRSS4,RETN,PSMB7,VPS35L,PSMD1,KNL1,PSMD3,CD177,SLC44A2,QSOX1,PTPRC,PTPRJ,PTPRN2,PYGL,RAB5B,RAB27A,RAP1B,S100A9,S100A11,S100P,SCNN1A,CEACAM1,SLC17A9,SELL,ARHGAP9,MMP25,SLC2A4,SLC2A5,SLC6A9,SLC11A1,SLC18A2,SNCA,SPARC,SPINK2,STK10,BSG,SURF4,VAMP1,SYPL1,SYT1,TGFB1,THBS1,TIMP2,TIMP3,SERPING1,TNFAIP6,TNFRSF1B,C3AR1,TRPM2,DEFA1B,VCL,VWF,WFS1,XRCC5,CACNA2D1,RAB7A,GSDMD,LPCAT1,ATP8B4,DOK3,CEP290,DNAJC5,ACTN4,CALR,CAPN1,TEX101,FERMT3,CRISPLD2,ANGPTL6,ATAD3B,SPATA16,STX7,HVCN1,CAT,CRACR2A,KCNAB2,SSH2,DEGS1,CAV1,CADPS,CDK13,RNASET2,ACTN1,SIGLEC5,IQGAP1,VNN1,CPNE1,AP1M1,HPS4,STBD1,PGLYRP1,SYT8,SPAG9,CFAP119,SYNGR1,VAPA,CD9,MS4A3,ORMDL3,CD36,CD44,CD58,CD59,CD68,TMEM63A,PHACTR2,ADGRE5,CDA,MVP","Sputum_Mixed granulocytic"
"BP","cytokine production",875,290,4.05125206558651e-07,0.0002140945393916,"TANK,KLRC4-KLRK1,RASGRP1,CD96,BTN2A2,NOD1,GPNMB,MERTK,TRIM38,KAT5,POLR3C,TRIM16,IGF2BP2,HPSE,LILRB1,ARID5A,MALT1,BTNL3,TMED10,KCNQ1OT1,LILRB4,RIPK3,BTN3A2,IRAK3,NLRP3,ERMAP,CHUK,PGLYRP2,SLAMF6,C1QTNF3,CIDEA,C1QTNF4,GBP5,CLNK,CLU,CMKLR1,COL3A1,ADORA2B,SIRPA,MAPK14,CSF1R,CSK,NFAM1,CX3CR1,BTNL9,CYLD,CYP1B1,CD55,ZFPM1,DENND1B,DEFA5,DHX36,NLRC3,ELANE,SERPINB1,ELF1,EZH2,ZBTB12,FGR,NLRP1,CARD8,MAPKBP1,MAST2,RFTN1,DTX4,PLCB1,ICOSLG,SCRIB,PLD3,IL17RA,ALOX5,ABL1,ACKR1,ZBTB20,TRAF3IP1,LRRC32,GATA3,CLEC4E,KAT2A,NPTN,GJA8,FOXP1,C5AR2,TNFRSF21,CCDC88B,CLEC9A,CXCL17,FFAR3,TRIB2,GIT1,RGCC,SETD2,TBK1,CD274,ANXA1,ANXA4,HIF1A,HK1,HLA-DPB1,HLA-DRB1,HTR2B,IRF8,STING1,IFNG,APP,TICAM2,IL1A,IL1R1,IL1RAP,IL6R,IL10,IL15,IL16,INHBA,INPP5D,IRF4,IRF7,ITGAV,JAK3,NRROS,ARG1,SCIMP,LAG3,LPL,LTBP1,LTF,LUM,LYN,MIR140,MIR145,MIR155,MIR17,MIR185,MIR192,MIR195,MIR19A,MIR19B1,MIR20A,MIR200C,MIR21,MIR214,MIR302A,MIR92A1,ARRB1,SMAD3,ARRB2,SMAD7,MBP,MEFV,MMP8,CARD17P,MIR302C,MIR302D,MYB,NFATC1,NFATC3,NFKB1,MIR378A,OSM,P2RX7,FURIN,ZBTB7B,LEF1,PCSK5,PDE4B,PDE4D,HDAC7,CYRIB,CD244,PHB1,PIK3CG,PIK3R1,UBASH3A,PLCG2,PML,ACP5,TLR9,TREM1,SASH3,RNF216,RBM47,PPARA,BANK1,APPL2,LAPTM4B,LGR4,NPLOC4,INAVA,PRKCZ,ERBIN,SULF2,MAPK13,MAP2K5,CRTAM,AZU1,SPHK2,PELI1,PTGS2,MIR520C,ZBTB2,GPAM,PTPN11,PTPRC,PTPRJ,CACTIN,RAD21,RARA,TRPV4,TRIM27,BCL3,BCL6,RORA,RPS3,S100A13,CEACAM1,CCL3,VSIR,NOD2,IFIH1,SFTPD,CLEC7A,ILRUN,LGALS9C,SLC11A1,CHID1,SOD1,SORL1,SPN,SPTBN1,SRC,STAT3,STAT5B,SYK,ADAM17,TGFB1,THBS1,TSPO,TLR5,TNFAIP3,TNFRSF1B,TNXB,TRAF2,TRAF3,TRAF6,C3AR1,CCR2,TXK,ACOD1,ZFP36,ZNF131,ZBTB17,ZP3,LAPTM5,NOX5,NLRX1,GSDMD,BTNL8,NR4A3,TRAF3IP3,CD276,NDFIP1,FXR1,SLC7A5,CASP1,ITCH,FRMD8,RNF135,CARD11,CUL3,SPINK7,SEMA7A,KLHL22,HAVCR2,NFATC2IP,RUNX1,FADD,IL1RL2,IL18R1,IQGAP1,CD84,CCN4,NAV3,RPS6KA4,TRIM15,SLAMF9,PGLYRP1,RSAD2,CD3E,IL1RL1,DDX21,CD6,MAPKAPK2,CD83,CD80,CD86,AIM2,EIF2AK3,HOMER2,CD34,ATG5,CD36,ADAMTS3,AKAP12,CD58,N4BP1,HDAC9,CD81,NR1H4","Sputum_Mixed granulocytic"
"BP","positive regulation of leukocyte cell-cell adhesion",272,120,4.54356704700258e-07,0.000234654585400197,"ADA,KLRC4-KLRK1,RASGRP1,BTN2A2,KAT5,LILRB1,MALT1,LILRB4,CORO1A,DUSP10,NLRP3,SIRPA,CSK,PIK3R6,CD55,DPP4,EFNB2,ELANE,AKT1,ETS1,FCHO1,ICOSLG,ALOX5,MTOR,ABL1,FUT4,FUT7,FYN,GATA3,GCNT1,ABL2,GLI2,CCDC88B,CD274,ANXA1,HLA-DOB,HLA-DPB1,HLA-DQA1,HLA-DQA2,HLA-DQB1,HLA-DQB2,HLA-DRA,HLA-DRB1,HLA-DRB5,HLX,IFNG,IL1A,IL7R,IL15,ITGB2,ITPKB,LCK,LGALS1,RHOH,LYN,MIR21,MIR92A1,NCK1,ZBTB7B,LEF1,CYRIB,PDPK1,SASH3,PBRM1,PPP3CA,SIRPG,AMBRA1,PRKCZ,ZMIZ1,ARID1B,GPAM,PTPN11,PTPRC,RARA,BCL6,RPS3,SELE,VSIR,NOD2,KLHL25,SHB,RASAL3,SLC7A1,SMARCA2,SMARCA4,SMARCC1,SMARCD1,SMARCD2,SOX12,SPN,SPTA1,SRC,STAT5B,SYK,TGFBR2,TRAF6,CCR2,ZBTB16,ZP3,NR4A3,CD276,NCK2,CARD11,HAVCR2,CAV1,RUNX1,RUNX3,CBFB,FADD,IL1RL2,VNN1,CD1D,CD3E,CD5,CD6,CD83,CD27,CD80,CD86,CD44,CD81,TESPA1","Sputum_Mixed granulocytic"
"CC","bounding membrane of organelle",2160,755,4.73861668531678e-07,0.000238993674810164,"TRAPPC3L,PDCD6,BCL2L11,ABCC5,ABCB6,DNM1L,ATP9A,UST,RASGRP1,LHFPL2,ADAM10,NUTF2,STX6,ABCC4,BET1,IRAG1,ATP8A1,NDRG1,TAB1,GPNMB,COG5,SLC25A17,VAT1,UNC13B,ARFGEF1,MTX2,IQGAP2,CEACAM3,HPSE,CEACAM8,RAB10,EHD1,TMED2,LMAN2,CKAP4,TMED10,IMMT,KDELR2,LILRB3,RAB31,ADAM30,PLAAT3,CORO1A,SLC2A6,GALNT6,PDCD10,PACSIN2,MGAT4B,CHRM2,VPS45,MGAT4A,TMC6,SLC46A1,EXOC3,RNF13,NLRP3,GALNT13,OSBPL9,MARCHF3,GBP5,RAB3C,GALNT15,AP2S1,RFFL,CLCN3,BORCS5,ANTXR2,CLCN6,CLCN7,SFXN2,SLC36A4,TMEM45B,SLC15A4,CLTC,SPPL3,CLBA1,TTC8,PLA2G4E,SNX20,WDR81,MIEF2,CNGA1,DRAM2,TBC1D20,COPA,SLC31A2,CLVS2,STXBP5,CP,CPT1A,VPS37A,CPT1B,HGSNAT,ATF6B,GCNT7,BRI3BP,SIRPA,VTI1A,CSF3R,MGAT5B,CREB3L4,CTNS,ENTHD1,NFAM1,COMMD1,GLIPR2,CTSZ,PAQR3,SLC38A9,CYB561,ABCA13,VPS13B,CLVS1,DAB2,C11orf65,CLEC12A,CD55,AP2A2,SYNE3,AP1B1,SGMS2,PKD1L1,SLC30A8,FUT11,DNM2,DPP4,ECE1,EGF,EGFR,ANO6,ABCA2,SPRED2,RAB12,ENO1,STOM,DIPK2A,EPS15,SLC36A1,ABCA3,EXT1,EXT2,FABP5,ACSL1,TPCN2,FCAR,MARCHF8,FCGR1BP,C6orf89,FCGR3B,FCGRT,DAGLB,ADGRG3,ZNRF2,ALDH3A2,RAB11FIP2,CHSY1,FNDC3A,INPP5F,EPN2,SACM1L,CD93,ATF6,SV2C,WDFY3,GGA2,ERC1,SPART,NFASC,TAB2,NCDN,CLCC1,SNX13,MAPK8IP3,STAB1,LPIN1,SEPTIN8,SYNE2,ATP11A,DENND5A,CLEC16A,IQCE,ACSL6,DMXL2,SZT2,VPS39,SYNE1,UBR4,PIP5K1C,TMED3,RHOQ,SLC44A1,ABCA6,ZFYVE26,ATP6V0A2,TSPAN15,CORO1C,PLD3,PITPNB,ATP6V1C2,MTOR,FUT4,FUT7,FUT8,ZDHHC20,CNIH2,GAA,GABRA2,ST6GALNAC3,GALNT2,GALNT3,SGMS1,SEC31B,DHRS7B,GORASP2,GGA1,LDLRAP1,TCTN3,ABCA12,STEAP2,CLEC4E,ARFGAP3,GCNT1,SLC17A5,MYOF,GCNT2,B4GALT1,ATP2C1,VPS41,LAMP3,TRAPPC3,CYTH4,SNX5,SIGLEC9,BBS9,RAB30,GLG1,BIN1,GNAI3,GNAQ,GNB1,GOLGA3,GOLGA4,GPLD1,SLC46A3,SLC9A9,SLC36A3,GRN,DBNL,CD274,ZDHHC1,SNX8,SNX10,SEC61A1,DSE,ANXA1,ANXA2,ST6GALNAC6,EHD4,PIK3R4,ANXA6,HIP1,HK1,HK2,HLA-DOB,HLA-DPB1,HLA-DQA1,HLA-DQA2,HLA-DQB1,HLA-DQB2,HLA-DRA,HLA-DRB1,HLA-DRB5,HMGCR,HPD,RAB37,NDST1,ICA1,STING1,IFNGR2,IGF2R,TICAM2,IL7R,IL15RA,INPP4A,INPP5B,IRAK2,IRF7,ITGAL,ITGAM,ITGAV,ITGB1,ITGB2,ITPR1,ITPR2,TRIM23,TBC1D10C,B3GNT8,KIF5B,LAIR1,RHOG,LAMP1,LDLR,LFNG,LGALS3,MYO18A,LNPEP,RAB44,SNX30,LRP1,LRP2,LRP6,LYN,ARRB1,MAN1A1,MAN2A2,MAN2A1,MAP6,MCL1,MGAT3,MGAT5,MITF,ATXN3,MME,UNC13C,MAP1LC3C,TARM1,GALNTL6,MYO1B,ASPH,MSR1,MYO6,CEACAM6,NCF4,SEPTIN2,NKG7,NOS3,NOTCH1,NOTCH2,NOTCH3,NOTCH4,NPC1,ATP2A2,ATP2A3,OLR1,OPA1,P2RX1,P2RX4,FURIN,CHST11,GALNT9,PNPLA8,PRKN,ASAP1,PCDH7,ACOX1,SLC35C2,ATL1,SIDT2,SH3GLB1,A4GNT,VPS28,PLCE1,MARCHF2,ERGIC2,ZDHHC3,GASK1B,MBTPS2,CHST15,TEX264,PDE2A,ATP6V1D,TRAPPC4,SUCO,PDE6A,NAT8B,ANKFY1,VTA1,PDGFA,PDGFB,PEX5L,RAB6B,ATP6V1H,RAB8B,GALNT7,PEX1,PEX7,PEX14,ATP6V1B2,SERPINA1,SERPINB6,ATP6V1C1,PIK3C3,PI4KA,PI4KB,ACP2,PLA2G4A,PLAUR,ATP6V0B,TM6SF1,TPCN1,PLEC,PLN,PLOD1,PLOD2,PML,TSPEAR,TLR9,SEPTIN4,YIPF1,MIOS,RHOF,LEPROT,CTSA,AFTPH,SLC66A1,PXK,CMTM6,CHCHD3,MARCHF1,EPN3,PLEKHB2,VPS37C,WIPI1,ZDHHC4,TMEM38B,APPL2,GOLPH3L,EXD2,SLC38A7,VPS53,RNF121,AGPAT5,DRAM1,LAPTM4B,PI4K2A,PRCP,CHST12,PIP4P2,GALNT10,STAB2,ZDHHC7,AMBRA1,SLC39A4,RAB20,SLC48A1,MFN1,PEX26,SCYL2,MREG,VAC14,NECAP2,CSGALNACT1,PRKCI,RCC2,PDGFC,MAP2K2,LRRC8A,AZU1,PSAP,PSEN2,JPH1,SPHK2,AGPAT3,AGPAT4,TMEM167B,SPIRE1,SPPL2B,PMEPA1,MFF,VPS35L,AGTRAP,CD177,MAN1C1,SCYL3,SLC44A2,ZNFX1,ERGIC1,SNX14,RHBDD2,PTGS2,GALNT16,RPTOR,ELAPOR1,SORCS2,ARHGAP21,RIC1,FNIP2,VPS18,GPAM,QSOX1,DENND1A,ZFYVE28,PTPRC,PTPRJ,PTPRN2,PXMP2,PEX2,PEX5,RRAGD,RAB5B,MAP4K2,RAB27A,RAC2,RAF1,RAP1B,RAP1GAP,BCL2,BCL2L1,RHEB,ROBO1,RYR1,RYR3,SORT1,SCNN1A,CEACAM1,SRL,BID,SLC17A9,KIF13A,SELL,GOLPH3,XYLT1,RBSN,RAB17,MMP25,PALS1,SH3GL1,MFSD1,MTARC1,DEPTOR,ST6GAL1,ST3GAL1,ST3GAL2,ST3GAL3,CASD1,VPS33A,TMEM135,SLC2A1,SLC2A5,MPPE1,SLC6A9,SLC9A3,SLC11A1,SLC18A2,SNCA,SNX1,SNX2,SNTB2,SORL1,SPARC,SREBF1,SREBF2,SRP9,STIM1,STK10,BSG,SURF4,VAMP1,SYN2,SYPL1,SYT1,ADAM17,TAFAZZIN,TGFA,TSPO,GPR137B,TNFRSF1A,TNFRSF1B,TRAF6,C3AR1,TRPM2,TSG101,MOSMO,TYRP1,UBE2D3,UGCG,UVRAG,VDAC1,WFS1,DAGLA,LDLRAD4,TMEM50B,LAPTM5,RAB7A,AHNAK,ST8SIA4,PRRG4,FKRP,GNPTAB,TMEM231,ARMH3,GALNT14,NLRX1,GALNT12,VPS37B,MCTP1,CLMN,LPCAT1,ATP8B4,CYBRD1,NAA60,DOK3,KIAA0319L,WLS,RUBCNL,RAB11FIP1,PHAF1,STAM,CUBN,FER1L4,PDGFD,DNAJC5,TRAF3IP3,NDFIP1,WNT5B,COLEC12,CALR,SLC7A5,DCSTAMP,SNX27,ITM2C,AKAP1,VMP1,CAMK2D,CAMK2G,SBF2,CLTCL1,SYN3,DYSF,APH1B,CHST9,COG3,TEX101,SESN2,ITCH,ATAD3B,STARD3NL,NCALD,B3GNT5,DTNBP1,MYCBPAP,ULK1,EEA1,STX7,SLA2,ZDHHC18,SGIP1,STK24,CHCHD6,VPS25,HVCN1,COG8,RAB11FIP4,CASQ2,TPST2,TPST1,USP32,CAT,CRACR2A,RTN4IP1,AIFM2,MIGA2,TMEM87B,SLC49A4,ZNRF1,KCNAB2,ABCC11,MICALL1,AGPS,STON2,ITPRIP,DEGS1,CAV1,CASK,SCARF1,PLPP3,CADPS,CBFA2T3,HSD17B6,TNKS,BECN1,MARCO,B4GALT4,B4GALT2,MBTPS1,GBF1,SIGLEC5,IQGAP1,PROM1,VNN1,MTMR2,CPNE1,AP1M1,HPS4,NAV3,ATG16L2,MVB12B,STBD1,ATP6V0E1,SYT8,SYS1,SNX21,NAT8,SPAG9,PIP4P1,USP8,CD1D,SLC39A13,RNF185,SYNGR1,RSAD2,COG7,LARGE1,VAPA,PXYLP1,GCNT3,DHRS3,CYTH1,CD9,B3GNT7,MS4A3,PGAP3,B4GALT6,CD163,B4GALT5,TM9SF2,OTOF,COG1,ORMDL3,PICK1,CHST3,AKAP6,ATG5,CD36,SLC4A8,SCARB2,RPH3AL,GOSR1,TMEM59,CD44,RAB36,ABCG1,SEC24C,FNIP1,CD58,CD59,CD68,DEPDC5,CLINT1,NOS1AP,TMEM63A,RAB11FIP3,LAPTM4A,ARHGAP32,CLSTN3,PHACTR2,ADGRE5,TBC1D5,PIEZO1,RNF144A,RB1CC1,PLEKHM1,PJA2,LRBA,FIG4,ATP2C2,SEC16A,HS3ST3B1,DOP1B","Sputum_Mixed granulocytic"
"BP","adaptive immune response",463,170,4.83792863988186e-07,0.000238993674810164,"ADA,C17orf99,KLRC4-KLRK1,RAPGEF3,TRAF3IP2,LILRB1,ARID5A,MALT1,LILRB4,LILRB3,RIPK3,RAPGEF4,BTN3A2,DUSP10,NLRP3,SLAMF6,CLU,SLC15A4,RNF19B,CSK,RC3H1,CTLA4,SHLD1,CTSH,CX3CR1,CD55,DENND1B,GPR183,AHR,UNC13D,GAPT,PTK2B,FCER2,MARCHF8,FCGR1BP,FGL1,SWAP70,RAP1GAP2,RFTN1,ICOSLG,IL17RA,MTOR,FUT7,FYN,GATA3,LAT,LAMP3,TNFRSF21,GNL1,DBNL,CD274,ANXA1,HLA-DOB,HLA-DPB1,HLA-DQA1,HLA-DQA2,HLA-DQB1,HLA-DQB2,HLA-DRA,HLA-DRB1,HLA-DRB5,HLX,ICAM1,IFNG,IL1R1,IL6R,IL7R,IL10,INPP5D,IRF4,IRF7,JAK1,JAK3,ARG1,LAG3,LAIR1,LIG4,LYN,MIR21,SMAD7,MEF2C,MPL,EIF2AK4,TARM1,NOTCH1,P2RX7,IL21R,ZBTB7B,LEF1,PDCD1,CYRIB,CD244,ERAP1,PHB1,PIK3CG,PLA2G4A,TREM1,SASH3,SHLD2,LAX1,PRKCB,PAG1,PRKCZ,CTNNBL1,DUSP22,AICDA,PTPRC,NECTIN2,RAB27A,RAP1GAP,TRIM27,BCL3,BCL6,BACH2,RORA,RORC,CEACAM1,MYO1G,SAMSN1,NOD2,ERAP2,SEMA4A,DCLRE1C,CLEC7A,SIPA1,SLC11A1,SPN,STAT3,SYK,ADAM17,TEC,TGFB1,SERPING1,TNFAIP3,C1QB,TNFRSF1B,C1QC,C1S,C2,TRAF2,TRAF6,CCR2,TXK,NSD2,ZP3,LILRA6,BTNL8,SVEP1,NDFIP1,FCRL4,STX7,SLA2,SANBR,CRACR2A,HAVCR2,ORAI1,FADD,TNFRSF11A,IL18R1,CD84,KLHL6,TNFSF18,CD1D,RSAD2,CD3E,IL1RL1,CD247,CD6,CD27,CD80,CD86,CD79B,CD81","Sputum_Mixed granulocytic"
"BP","positive regulation of T cell activation",248,111,6.24710025325626e-07,0.000302040651393607,"ADA,KLRC4-KLRK1,RASGRP1,BTN2A2,KAT5,LILRB1,MALT1,LILRB4,CORO1A,DUSP10,NLRP3,SIRPA,CSK,PIK3R6,CD55,DPP4,EFNB2,AKT1,FCHO1,ICOSLG,MTOR,ABL1,FYN,GATA3,ABL2,GLI2,CCDC88B,CD274,ANXA1,HLA-DOB,HLA-DPB1,HLA-DQA1,HLA-DQA2,HLA-DQB1,HLA-DQB2,HLA-DRA,HLA-DRB1,HLA-DRB5,HLX,IFNG,IL1A,IL7R,IL15,ITPKB,LCK,LGALS1,RHOH,LYN,MIR21,NCK1,ZBTB7B,LEF1,CYRIB,PDPK1,SASH3,PBRM1,PPP3CA,SIRPG,AMBRA1,PRKCZ,ZMIZ1,ARID1B,GPAM,PTPN11,PTPRC,RARA,BCL6,RPS3,VSIR,NOD2,KLHL25,SHB,RASAL3,SLC7A1,SMARCA2,SMARCA4,SMARCC1,SMARCD1,SMARCD2,SOX12,SPN,SPTA1,SRC,STAT5B,SYK,TGFBR2,TRAF6,CCR2,ZBTB16,ZP3,CD276,NCK2,CARD11,HAVCR2,CAV1,RUNX1,RUNX3,CBFB,FADD,IL1RL2,VNN1,CD1D,CD3E,CD5,CD6,CD83,CD27,CD80,CD86,CD81,TESPA1","Sputum_Mixed granulocytic"
"BP","CD4-positive, alpha-beta T cell activation",118,61,6.49619306728452e-07,0.000307540606793694,"MALT1,NLRP3,SLAMF6,RC3H1,CD55,ZFPM1,GPR183,MTOR,FUT7,GATA3,FOXP1,CD274,ANXA1,HLA-DRA,HLA-DRB1,HLX,IFNG,IL6R,IRF4,JAK1,JAK3,MIR21,SMAD7,KMT2A,TARM1,MYB,NKG7,ZBTB7B,LEF1,SASH3,PRKCZ,SH3RF1,RARA,BCL3,BCL6,CDH26,RORA,RORC,VSIR,SEMA4A,KLHL25,SHB,LGALS9C,SPN,BRAF,STAT3,TGFBR2,NDFIP1,ITCH,CARD11,RUNX1,RUNX3,CBFB,IL18R1,TNFSF18,RSAD2,CD3E,CD83,CD80,CD86,CD81,TOX","Sputum_Mixed granulocytic"
"BP","cell activation involved in immune response",303,121,6.85729512130525e-07,0.000318010559870491,"ADA,C17orf99,RASGRP1,CDH17,CPLX2,LILRB1,MALT1,CORO1A,SCN11A,NLRP3,PGLYRP2,SLAMF6,CLNK,SLC15A4,ADORA2B,RC3H1,SHLD1,CX3CR1,ZFPM1,DOCK2,GPR183,UNC13D,GAPT,PTK2B,FER,FGR,SBNO2,SWAP70,PLCL2,MTOR,ABL1,GATA3,CLEC4E,LAT,FOXP1,GRN,ANXA1,HLA-DRA,HLA-DRB1,HLX,ICAM1,IRF8,IFNG,APP,IL6R,IL10,IRF4,ITGAL,ITGAM,ITGB2,JAK1,JAK3,KARS1,LAMP1,LFNG,LGALS1,LGALS3,LIG4,RAB44,LRP1,CD180,LYN,MIR21,SMAD7,KMT2A,EIF2AK4,MYB,NKG7,NOTCH2,ZBTB7B,LEF1,PDPK1,CD244,PIK3CG,PLCG2,APBB1IP,SHLD2,DOCK10,PRKCE,PRKCZ,SPHK2,C12orf4,CD177,AICDA,PTPRC,RAB27A,RAC2,RARA,BCL3,BCL6,RORA,RORC,BCR,S100A13,CEACAM1,CCL3,SEMA4A,SHB,ST3GAL1,SLC11A1,SLC18A2,SPI1,SPN,STAT3,SYK,TGFB1,CCR2,NSD2,NR4A3,NDFIP1,DYSF,SANBR,HAVCR2,GBF1,IL18R1,CD84,PGLYRP1,TNFSF18,CD80,CD86,PHF14,CD81,GAB2","Sputum_Mixed granulocytic"
"CC","lytic vacuole",749,281,1.07524178344977e-06,0.000479094005629659,"ADA,ABCB6,GPC6,CALCRL,RAMP3,ATP8A1,CPQ,VAT1,GNLY,HPSE,CEACAM8,CKAP4,PLAAT3,CHIT1,SLC2A6,PADI2,RNF13,MARCHF3,CLNK,AP2S1,CLCN3,BORCS5,CLCN6,CLCN7,TPP1,SLC36A4,TMEM45B,SLC15A4,CLTC,PLA2G4E,WDR81,RNF19B,DRAM2,SLC31A2,OCIAD2,CP,HGSNAT,CRHBP,CSF3R,VCAN,CTNS,NFAM1,CTSB,CTSG,CTSH,CTSW,CTSZ,SLC38A9,CYB561,ABCA13,VPS13B,DAB2,AP2A2,AP1B1,DCN,DEFA1,DEFA3,DEFA4,DYNC1H1,DPP4,ECE1,EGF,ELANE,SERPINB1,ABCA2,UNC13D,RAB12,C9orf72,STOM,SLC36A1,ABCA3,FABP5,TPCN2,MARCHF8,DAGLB,ZNRF2,GPC5,ARSG,FNBP1,TAB2,FAF2,MLC1,ATP11A,CLEC16A,FMOD,SZT2,VPS39,ZFYVE26,ARHGAP45,ATP6V0A2,HEBP2,PLD3,PLA2G15,ATP6V1C2,MTOR,GAA,GCA,GALC,GALNS,SLC17A5,GDI2,B4GALT1,VPS41,LAMP3,GLB1,GM2A,GNAI3,GNAQ,GNB1,GNS,GPLD1,SLC46A3,ANK3,GRN,GYG1,ANXA2,HCK,HEXA,HEXB,ANXA6,ANXA11,HLA-DOB,HLA-DPB1,HLA-DQA1,HLA-DQA2,HLA-DQB1,HLA-DQB2,HLA-DRA,HLA-DRB1,HLA-DRB5,HPS1,RAB37,HSPG2,TRIM23,KCNE1,KCNQ1,KIF5B,ARG1,HRNR,LAMP1,LDLR,LNPEP,RAB44,LRP1,LRP2,LUM,LYN,ARRB1,ARSB,MITF,ATXN3,MPO,MYO5A,MYO6,CEACAM6,NCF2,NCF4,NKG7,NPC1,P2RX4,SIDT2,MARCHF2,PLAC8,ATP6V1D,PCYOX1,ANKFY1,ATP6V1H,WWOX,ATP6V1B2,SERPINB13,ATP6V1C1,PIK3C3,ACP2,PIP4K2A,ATP6V0B,TM6SF1,TPCN1,ACP5,TLR9,MIOS,TOLLIP,CTSA,SLC66A1,CMTM6,OCIAD1,MARCHF1,SLC38A7,CPPED1,DRAM1,LAPTM4B,PI4K2A,PPT1,PRCP,PIP4P2,SLC48A1,MREG,MAPK1,DNAJC3,LRRC8A,WDR45B,AZU1,PSAP,PSEN2,RETN,SPHK2,SPPL2B,PSMD1,SLC44A2,SNX14,RPTOR,ELAPOR1,FNIP2,VPS18,EPG5,DNASE2B,RRAGD,RAB27A,RAP1B,RHEB,SORT1,SDC2,SLC17A9,SFTPD,MFSD1,DEPTOR,VPS33A,SLC11A1,CHID1,SNCA,SNX1,SNX2,SRC,SURF4,GPR137B,TNFAIP3,C3AR1,TRPM2,DEFA1B,UVRAG,LAPTM5,RAB7A,AHNAK,FYCO1,PLBD1,LPCAT1,CYBRD1,CUBN,NCOA4,DNAJC5,TRAF3IP3,CALR,SLC7A5,ITM2C,CAPN1,SESN2,STARD3NL,ANKRD27,STX7,KLHL22,SLC49A4,ZNRF1,CST7,RNASET2,VNN1,CPNE1,AP1M1,HPS4,ATP6V0E1,SPAG9,PIP4P1,CD1D,SYNGR1,VAPA,SHKBP1,CD34,SCARB2,TMEM59,FNIP1,SDC3,CD68,DEPDC5,TMEM63A,LAPTM4A,RB1CC1,PLEKHM1,LRBA","Sputum_Mixed granulocytic"
"CC","lysosome",749,281,1.07524178344977e-06,0.000479094005629659,"ADA,ABCB6,GPC6,CALCRL,RAMP3,ATP8A1,CPQ,VAT1,GNLY,HPSE,CEACAM8,CKAP4,PLAAT3,CHIT1,SLC2A6,PADI2,RNF13,MARCHF3,CLNK,AP2S1,CLCN3,BORCS5,CLCN6,CLCN7,TPP1,SLC36A4,TMEM45B,SLC15A4,CLTC,PLA2G4E,WDR81,RNF19B,DRAM2,SLC31A2,OCIAD2,CP,HGSNAT,CRHBP,CSF3R,VCAN,CTNS,NFAM1,CTSB,CTSG,CTSH,CTSW,CTSZ,SLC38A9,CYB561,ABCA13,VPS13B,DAB2,AP2A2,AP1B1,DCN,DEFA1,DEFA3,DEFA4,DYNC1H1,DPP4,ECE1,EGF,ELANE,SERPINB1,ABCA2,UNC13D,RAB12,C9orf72,STOM,SLC36A1,ABCA3,FABP5,TPCN2,MARCHF8,DAGLB,ZNRF2,GPC5,ARSG,FNBP1,TAB2,FAF2,MLC1,ATP11A,CLEC16A,FMOD,SZT2,VPS39,ZFYVE26,ARHGAP45,ATP6V0A2,HEBP2,PLD3,PLA2G15,ATP6V1C2,MTOR,GAA,GCA,GALC,GALNS,SLC17A5,GDI2,B4GALT1,VPS41,LAMP3,GLB1,GM2A,GNAI3,GNAQ,GNB1,GNS,GPLD1,SLC46A3,ANK3,GRN,GYG1,ANXA2,HCK,HEXA,HEXB,ANXA6,ANXA11,HLA-DOB,HLA-DPB1,HLA-DQA1,HLA-DQA2,HLA-DQB1,HLA-DQB2,HLA-DRA,HLA-DRB1,HLA-DRB5,HPS1,RAB37,HSPG2,TRIM23,KCNE1,KCNQ1,KIF5B,ARG1,HRNR,LAMP1,LDLR,LNPEP,RAB44,LRP1,LRP2,LUM,LYN,ARRB1,ARSB,MITF,ATXN3,MPO,MYO5A,MYO6,CEACAM6,NCF2,NCF4,NKG7,NPC1,P2RX4,SIDT2,MARCHF2,PLAC8,ATP6V1D,PCYOX1,ANKFY1,ATP6V1H,WWOX,ATP6V1B2,SERPINB13,ATP6V1C1,PIK3C3,ACP2,PIP4K2A,ATP6V0B,TM6SF1,TPCN1,ACP5,TLR9,MIOS,TOLLIP,CTSA,SLC66A1,CMTM6,OCIAD1,MARCHF1,SLC38A7,CPPED1,DRAM1,LAPTM4B,PI4K2A,PPT1,PRCP,PIP4P2,SLC48A1,MREG,MAPK1,DNAJC3,LRRC8A,WDR45B,AZU1,PSAP,PSEN2,RETN,SPHK2,SPPL2B,PSMD1,SLC44A2,SNX14,RPTOR,ELAPOR1,FNIP2,VPS18,EPG5,DNASE2B,RRAGD,RAB27A,RAP1B,RHEB,SORT1,SDC2,SLC17A9,SFTPD,MFSD1,DEPTOR,VPS33A,SLC11A1,CHID1,SNCA,SNX1,SNX2,SRC,SURF4,GPR137B,TNFAIP3,C3AR1,TRPM2,DEFA1B,UVRAG,LAPTM5,RAB7A,AHNAK,FYCO1,PLBD1,LPCAT1,CYBRD1,CUBN,NCOA4,DNAJC5,TRAF3IP3,CALR,SLC7A5,ITM2C,CAPN1,SESN2,STARD3NL,ANKRD27,STX7,KLHL22,SLC49A4,ZNRF1,CST7,RNASET2,VNN1,CPNE1,AP1M1,HPS4,ATP6V0E1,SPAG9,PIP4P1,CD1D,SYNGR1,VAPA,SHKBP1,CD34,SCARB2,TMEM59,FNIP1,SDC3,CD68,DEPDC5,TMEM63A,LAPTM4A,RB1CC1,PLEKHM1,LRBA","Sputum_Mixed granulocytic"
"BP","response to stress",3958,1228,1.85474819267875e-06,0.000810524960200613,"ADA,AKT3,TANK,PDCD6,BCL2L11,DNAJB6,KLRC4-KLRK1,ABCB6,ABCC9,TSPAN32,CERT1,TRIM10,SGK2,RAD50,HIPK3,IFNL4,RASGRP1,TRAP1,TRIM13,CDK6,CD96,NET1,ADAR,CDKN2B,TNIP1,CCL26,MICU1,NOD1,NDRG1,RACK1,ADARB1,WFDC2,VAV3,MERTK,ZNHIT1,TADA3,TRIM38,DDX17,KAT5,IPO7,CEBPE,ATG7,AGR2,ARFGEF1,GNLY,TXNRD2,ERLIN1,POLR3C,RGS14,CELF1,CXCR6,POLD3,TRAF3IP2,ZMYND11,NEK6,CCR9,HPSE,LILRB1,ARID5A,USP20,MALT1,TMED2,ASCC3,COPS5,SPINK5,LILRB4,TLK2,LIAS,LILRB3,RBPMS,RIPK3,TENT4A,ABHD2,CHD2,CHD4,FOXN3,FAF1,DMC1,CORO1A,IRAK3,DUSP10,HPS5,PDCD10,SCN11A,VPS26B,LYST,RNF13,MGLL,NLRP3,CHUK,PGLYRP2,SLAMF6,C1QTNF3,CIDEA,OMA1,CIRBP,GBP5,RNF166,IL22RA2,CLNK,LRG1,TADA1,CLU,TMEM45B,SLC15A4,ERP27,RNASE11,CCR1,CCR4,CMKLR1,LTB4R,ZSWIM7,CNR2,RNF19B,COL3A1,COMP,COMT,DCBLD2,IL17RE,IL31RA,PPARGC1B,ADORA2A,NCOA7,ADORA2B,CPB2,PXDNL,NACC2,ATF6B,CRHBP,CRHR1,NEK7,TLDC2,MACROD2,SIRPA,PARP1,PARP4,MAPK14,CSF1R,SESN3,CSF3R,E2F7,CSNK1E,ARMH4,PIK3R6,CREB3L4,CTLA4,CLDN19,SHLD1,NFAM1,COMMD1,CTSG,PPP4R2,CX3CR1,CYLD,CYP1B1,BMT2,VKORC1L1,CYP19A1,CD55,DGKG,DGKH,DGKQ,DAP,DAPK1,DAXX,DHX15,DEFA1,DEFA3,DEFA4,DEFA5,DEFB4A,SLC30A8,DHX36,DHFR,DLG1,DNMT3A,ABAT,DPP4,DRD4,RCAN1,DUSP3,AGTR1,DYRK1A,ECT2,ABCA1,EGFR,AHR,EIF2S1,ANO6,NLRC3,NSMCE1,EIF4E,EIF4G1,ELANE,A2M,ELK3,SPRED2,UNC13D,STT3B,PRIMPOL,DNAJC18,ENO1,EPAS1,HIPK1,STX2,TRIML2,AKT1,ERCC4,ERCC5,ERCC6,ERN1,ESR1,ALAD,ETFDH,ETS1,ETV5,MECOM,ALB,EXT1,EYA1,EYA2,EYA3,EZH2,F2RL2,F12,FABP4,FANCA,FANCC,PTK2B,FBLN1,FASN,JMJD1C,C6orf89,FOXK1,DAGLB,MTURN,FECH,FER,FGF7,MAPK15,FGFR2,FGL1,FGR,FH,TFEC,HSPA4L,RAB11FIP2,NLRP1,INPP5F,MORC2,ZNF365,CEP164,CARD8,SBNO2,ATF6,NT5C2,MAPKBP1,FAIM2,TNIK,PDS5B,ENDOD1,FOXO1,TRIM35,AKR1B1,TAB2,KDM6B,GRAMD4,MAPK8IP3,STAB1,FLNB,RFTN1,KANK1,FAF2,PSME4,FAM168A,MLC1,DTX4,PLCB1,PHLPP1,CLEC16A,ICOSLG,SASH1,CLASP1,SZT2,SMCHD1,LARP1,PUM2,COTL1,MLYCD,SF3B3,ABCB10,CBX5,MACF1,FOLR2,ZFYVE26,SCRIB,SPIDR,FOS,PADI4,DDAH1,CDC42EP4,FPR3,PHLDA3,PLD3,TMEFF2,IL17RA,ALOX5,ALOX5AP,MTOR,ABL1,FUT4,FUT7,FUT8,ACKR1,FYN,ZBTB38,MMS22L,CERS6,MSRB3,YTHDF3,LYG2,SERINC5,PRDX5,NIPBL,RCHY1,IFFO1,SAMHD1,ZNF385A,DHRS7B,GORASP2,ACOT11,IPCEF1,ANKRD17,ABHD12,WIPI2,EPC2,TRAF3IP1,STAP1,GATA3,CLEC4E,FBXO22,GCH1,NUPR1,KAT2A,MYOF,AMFR,GFI1,GGCX,GGT1,B4GALT1,LAT,STAU2,VPS41,FOXP1,AFF4,C5AR2,SESN1,GCLC,CRCP,BMP10,RBMS3,TNRC6A,STK39,TOR1B,GNA12,GNAQ,GNG7,GNL1,SFN,GP1BB,GP9,CCDC88B,SLC39A5,GPR17,GSDMA,METRNL,CXCL17,ANGPT2,SLC9A9,NSMCE2,GPR37,SCARA5,FFAR3,GPX2,GPX4,GPX5,GRN,GIT1,GRIK2,RGCC,MACROD1,HIPK2,SETD2,NR3C1,ARHGAP35,TBK1,UHRF1,GRPR,GSK3B,GSN,GSTM1,BLNK,USP25,ZDHHC1,PYCR2,SLC25A24,MDFIC,ANXA1,ANXA2,HCK,NRG1,PIK3R4,ANXA6,HIC1,HIF1A,HK1,HK2,HLA-DRB1,AOAH,HMGA1,HNRNPK,HRH1,DNAJC4,HSPG2,NDST1,HUS1,UBAC2,RNASE10,IRF8,ACADM,STING1,SH3RF3,IFNAR2,IFNG,IFNGR2,IGF1R,GEN1,APP,RBPJ,TICAM2,FAS,IL1A,IL1R1,IL1RAP,IL6R,IL7R,IL10,IL15,IL16,FOXK2,INHBA,IRAK2,AQP9,IRF2,IRF4,IRF7,ITGA2,ITGA5,ITGAL,ITGAM,ITGB1,ITGB2,ITPK1,ITPR1,ITPR2,JAK1,JAK3,TRIM23,KARS1,KCNB1,MIA3,NRROS,SLC26A5,ERCC6L2,KCNMA1,KIF5B,ARG1,KRT8,KRT13,SUMO4,C2CD4B,SCIMP,CCL4L1,C1QTNF12,GFRAL,LAG3,LAMP1,LCK,LCN2,LDLR,LETM1,LGALS1,LGALS3,LGALS3BP,LGALS8,LIG4,LMNA,RAB44,LOXL2,LPL,LPO,PLPP6,DEFB133,LRP1,LSP1,LTF,CD180,LYN,MIRLET7B,MIR140,MIR141,MIR145,MIR17,MIR195,MIR19A,MIR19B1,MIR20A,MIR200C,MIR21,MIR214,MIR92A1,SMAD1,SMAD3,ARRB2,SMAD6,SMAD7,ASIC1,MAN1A1,MAX,MB,MCL1,MCM2,MCM5,MDM4,MEF2C,MEFV,MAP3K5,MGAT3,MGMT,CIITA,MID1,ATXN3,MMP2,MMP8,MNAT1,MPG,MPL,MPO,ABCC1,CCDC88C,EIF2AK4,MAP1LC3C,MIAT,TARM1,MSH3,MSRA,NUDT1,MUC2,MUTYH,MX1,MYB,MYLK,MYO1C,MYO6,ATF3,NCBP1,NCF2,NCK1,NDUFS2,NDUFS8,NEDD4,NEO1,NF1,NFATC1,NFIA,NFATC3,NFE2,NFIB,NFKB1,NFX1,NINJ1,NKG7,NOS3,NOTCH1,NOTCH2,NOTCH4,NPPA,ATP2A2,ATP2A3,NTHL1,NR4A2,ATP2B4,RNASE12,MIR378A,TIFAB,OLR1,OPA1,OPRM1,OSM,P2RX1,P2RX3,P2RX4,P2RX7,P4HB,FURIN,RRM2B,MINK1,NOX3,PRDX1,SERPINB2,PAK2,PNPLA8,REG3A,PRKN,PAWR,PAX2,ZBTB7B,PCK2,SH3GLB1,ANGPTL4,CHCHD2,HERC5,PCSK1,GLTP,SHISA5,MARCHF2,TFDP3,BPIFA1,PLAC8,WAC,FZR1,TAOK3,MBTPS2,UBR5,TEX264,ANGPT4,PDE2A,DTL,PDGFA,VPS54,PDGFB,CINP,PDK4,NUB1,PDPK1,NLK,CAB39,UIMC1,CD244,ERAP1,TM7SF3,MAP3K20,PEX14,PFKFB1,PHB1,SERPINA1,SERPINB6,PIK3C2B,PIK3C3,PIK3CB,PIK3CG,PIK3R1,PKLR,PLA2G4A,PLAT,PLAUR,PLCG1,PLCG2,PLEC,PLOD1,PLOD2,PML,PMS1,TRIM34,ACP5,TLR9,POLE3,TREM1,POLE,MIOS,TOLLIP,RNF216,RBM47,SHLD2,EGLN1,INO80,PPARA,PPARD,PPARG,PPBP,BCAS3,APTX,PXK,DUS2,PARP16,ODAM,PPP1CA,USP47,NRDE2,WIPI1,PPP1R10,LRRC8D,ARHGEF10L,TMEM33,PBRM1,APPL2,EXD2,NEIL3,PSPC1,UBE2W,FBXW7,RNF121,PPP3CA,RNLS,SHFL,WDR33,ZGRF1,IMPACT,LGR4,PRB3,PRCP,STAB2,NAGK,SUPT20H,DDX60,CDKN2AIP,AMBRA1,PRKAA2,SLC39A4,LYAR,RAB20,PRKACA,NPLOC4,PPP4R3A,POLR3E,SLF2,PRKAR1B,UGGT2,INAVA,TDP1,PRKCA,PRKCE,ASH1L,PRKCZ,PRKDC,ERBIN,MAPK1,SULF2,MAPK8,MAPK10,MAPK13,MAP2K1,MAP2K2,MAP2K5,DNAJC3,CRTAM,LRRC8A,WDR45B,AZU1,PSEN2,TMPRSS4,TRIM39,FMN2,PSMA1,SLAMF8,WRNIP1,SPIRE1,DUSP22,SMYD2,RGMA,CTNNBIP1,AGTRAP,CAMK1D,LPAR5,CD177,MAN1C1,RTN4,SCYL3,PELI1,ZNFX1,ZMIZ1,PPP4R3B,PTEN,PTGER2,PBXIP1,PTGER3,AICDA,TMIGD3,RHBDD2,PTGS2,PTK2,ARID1B,RPTOR,NYNRIN,PTK6,ELAPOR1,WDFY1,MRTFA,FNIP2,SH3RF1,EP400,UVSSA,RNF213,GPAM,PTPN1,EPG5,MARK4,PTPN11,GRHL3,PTPRC,PTPRCAP,PTPRK,NECTIN2,CXCL16,PEX2,PXN,PEX5,CACTIN,RRAGD,MAP4K2,RAB27A,RAD21,RAD23B,RAD51B,RAD51D,RAD52,RAF1,RALB,RASGRF1,RB1,RBL1,HRH4,TRPV4,BCL2,UPF1,BCL2L1,TRIM27,BCL3,BCL6,BCL7A,PAPPA2,RORA,BCR,RPS3,RPS6KA1,RREB1,RYR1,S100A9,S100A10,CFB,CELA2A,ATXN7,SCN2B,CEACAM1,CCL3,CCL13,CCL18,CCL22,BID,SEC14L1,SELE,BLM,NOD2,IFIH1,MAP2K4,HERPUD2,MMP25,SFTPD,DCLRE1C,SGK1,SGTA,CLEC7A,LYPD8,MTARC1,CREB3L2,MEAF6,ILRUN,AEN,MARCHF7,SIPA1,SKP2,SLC1A2,TMEM135,WNK1,SLC2A1,SLC2A4,BMP7,SLC11A1,SLC34A1,SLC18A2,BMPR1B,BMPR2,SMARCA2,SMARCA4,SMARCC1,CHID1,SMARCD1,SMARCD2,SNCA,SOD1,SOS1,DST,SP100,SPI1,SPN,SRC,SREBF1,SREBF2,BRAF,SRPK1,SSRP1,STAC,ZFP36L1,STAT3,STAT5B,STK3,SYK,ADAM17,TAF6,TAF10,TDG,TEC,TMBIM6,TEK,TERF2,TFPI,TGFB1,TGFBR1,TGFBR3,THBS1,TSPO,THRA,TLN1,SERPING1,TLR5,TNFAIP3,C1QB,TNFAIP6,TNFRSF1A,TNFRSF1B,C1QC,TOP2B,C1S,TP73,TPD52L1,C2,TPO,TPR,TPT1,TRAF2,TRAF3,TRAF6,C3AR1,TRPM2,DNAJC7,DEFA1B,CCR2,TNFRSF4,TXK,ACOD1,UBA7,UBE2D3,UBE2V1,UCP3,UPP1,UVRAG,VAV2,VCL,VDAC1,VIM,VRK2,VWF,WFS1,NSD2,DAGLA,WRN,XPC,XRCC2,XRCC3,XRCC4,XRCC5,YWHAG,YWHAZ,ZFP36,PTTG1IP,RELL1,ZNF148,TRIM26,ZP3,LAPTM5,PXDN,RNF103,MAPKAPK3,USP7,OTUB2,CYREN,AHNAK,NABP2,FTO,MAPKAP1,DERL1,BAG6,TMEM43,NOX5,CYBC1,ADIPOR2,RNASEH2B,NDNF,MCPH1,RHBDF2,NLRX1,ZNF668,MCTP1,FBXO31,GSDMD,MMRN2,NHEJ1,NEK11,UBA5,PRR5L,ACTR5,KAT6A,ATAT1,CALM1,VCPIP1,CCDC92,ALPK1,EDEM3,CDK5RAP3,PDGFD,EPC1,CPEB4,ZKSCAN3,SEL1L2,CSRP3,AKNA,MPIG6B,NDFIP1,COL18A1,EEPD1,DUSP16,APOL3,FXR1,ZBP1,COLEC12,CALR,DPF3,SLC7A5,HM13,TRIM11,CLPB,AKAP1,ADAMTS12,CANX,CAPN3,TRRAP,KLRC4,AXIN1,CASP1,ARHGAP24,CASP2,CCM2,SESN2,FERMT3,ATG10,ITCH,CASP6,IMMP2L,SLC4A11,KREMEN1,CASP7,DTNBP1,ULK1,NLRC5,LRRC8C,ZDHHC18,SLF1,FLYWCH1,STK24,RNF135,CHCHD6,NCK2,ECRG4,DOT1L,SYVN1,SLX4,SPIRE2,CUL3,ATRN,CASR,TPST1,TTBK1,IL1F10,SUPT3H,SPINK7,SPATA22,CAT,GPT2,SEMA7A,ADTRP,HAVCR2,AGBL4,MFSD2A,AIFM2,TMTC4,MAP4K3,LRP11,ZNRF1,MAEL,UBASH3B,PARG,DGKZ,DGKE,DGKD,CST7,APOL1,CDC14B,TCAP,YARS1,CAV1,CASK,SCARF1,PLPP3,STC2,CBFA2T3,RNASET2,OASL,AOC3,AKR1C3,BECN1,MARCO,MBTPS1,CRADD,CBS,ADAM9,PABPC4,FADD,TNFRSF11A,TNFRSF10B,IL18RAP,IL1RL2,IL18R1,NRP1,CD84,CFLAR,CCN4,HDAC3,KAT2B,VNN1,NAE1,MTMR3,TRIM4,HERC2,KYNU,USP13,HPS4,RPS6KA4,TRIM15,PGLYRP1,LIMD1,TNFSF18,ACVR1,PHLDB2,TSPAN18,OTULIN,BAZ1B,CCRL2,PSTPIP1,MAP7,PAPSS2,ASH2L,PIP4P1,USP10,MTA1,CD1D,PDLIM1,DDX60L,FAAP24,RNF185,RSAD2,FIBP,IL1RL1,MAP3K13,MYLK3,DDX21,LARGE1,VAPB,CD5L,RCSD1,CD6,UBE2L6,MFHAS1,MAPKAPK2,BPIFB1,HELB,CD9,SOCS6,CD83,NEURL3,NREP,TRIP13,TRIP12,CD163,TADA2B,PLAA,CD27,ACVRL1,RECQL5,AIM2,MAP4K4,LY86,EIF2AK3,ARHGEF6,PICK1,CD34,ATG5,CD36,STX8,CD38,EEF1E1,MACROH2A1,CHD1L,CLOCK,BABAM2,APOBEC3B,CD44,CD48,MORF4L2,FNIP1,CD58,ZNF516,CD59,MARF1,TTI1,CD68,DEPDC5,N4BP1,EDEM1,PUM1,HDAC9,SETD1A,CD81,HDAC4,ADGRE5,SUSD6,CD151,BCLAF1,ATG13,TBC1D5,MATR3,MTSS1,RB1CC1,ZEB2,PJA2,TLK1,ARNT2,SEC16A,ZBTB40,DCLRE1A,DLEC1,USP15,USP3,SLC23A2,NR1H4,SLC12A6","Sputum_Mixed granulocytic"
"BP","leukocyte activation involved in immune response",299,118,2.01226417477436e-06,0.000862767756746651,"ADA,C17orf99,RASGRP1,CDH17,CPLX2,LILRB1,MALT1,CORO1A,SCN11A,NLRP3,PGLYRP2,SLAMF6,CLNK,SLC15A4,ADORA2B,RC3H1,SHLD1,CX3CR1,ZFPM1,DOCK2,GPR183,UNC13D,GAPT,PTK2B,FER,FGR,SBNO2,SWAP70,PLCL2,MTOR,ABL1,GATA3,CLEC4E,LAT,FOXP1,GRN,ANXA1,HLA-DRA,HLA-DRB1,HLX,ICAM1,IRF8,IFNG,IL6R,IL10,IRF4,ITGAL,ITGAM,ITGB2,JAK1,JAK3,KARS1,LAMP1,LFNG,LGALS1,LGALS3,LIG4,RAB44,CD180,LYN,MIR21,SMAD7,KMT2A,EIF2AK4,MYB,NKG7,NOTCH2,ZBTB7B,LEF1,PDPK1,CD244,PIK3CG,PLCG2,APBB1IP,SHLD2,DOCK10,PRKCE,PRKCZ,SPHK2,C12orf4,CD177,AICDA,PTPRC,RAB27A,RAC2,RARA,BCL3,BCL6,RORA,RORC,BCR,S100A13,CEACAM1,CCL3,SEMA4A,SHB,ST3GAL1,SLC11A1,SLC18A2,SPI1,SPN,STAT3,SYK,TGFB1,CCR2,NSD2,NR4A3,NDFIP1,DYSF,SANBR,HAVCR2,IL18R1,CD84,PGLYRP1,TNFSF18,CD80,CD86,PHF14,CD81,GAB2","Sputum_Mixed granulocytic"
"CC","cytoplasm",11943,3603,2.13346723339141e-06,0.000897794618733081,"A1BG,ADA,AKT3,ACOT8,ABI1,KCNE3,TANK,TRAPPC3L,TEKTIP1,FAM47E,SNAP25-AS1,NBPF10,PDCD6,BCL2L11,PIGK,MEF2B,TIMM23,NBPF20,RANBP9,DNAJB6,CEBPZOS,C8orf44-SGK3,FARSB,ABCC5,ABCB6,DNM1L,ABCC9,TIMM23B,MUC12,DPP3,ATP9A,GPC6,CERT1,UST,PYURF,TRIM10,SGK2,KIF20A,HIPK3,ENAM,IFNL4,RASGRP1,DNAL4,FRY,TRAP1,YAF2,AKAP9,FAM13A,MBNL2,ABI2,AASS,FARP1,WASF2,SLC25A13,SERF2,SORBS3,LHFPL2,TNK2,ADAM10,CALCRL,NUTF2,TRIM13,PATJ,CDK6,CD96,MFSD10,STX6,SLC35B1,DCAF7,AP3S2,GPHN,ABCC4,DENND4A,RAMP3,STAG1,NET1,BET1,PAK4,ADAR,CDKN2B,VPS26C,LANCL1,TNIP1,IKZF1,EMC8,IRAG1,MICU1,CDR2,NOD1,ANAPC10,DLC1,ATP8A1,NDRG1,RACK1,ADARB1,CDS1,PEMT,PIAS3,CPQ,BASP1,RAPGEF3,SPON1,PRMT5,TESK2,ARIH2,TUBGCP3,VAV3,TAB1,GPNMB,BAIAP2,TACC3,MERTK,COG5,TRIM38,UBE2E3,SLC25A17,CAP2,LRRC41,CRTAP,VAT1,ENOX2,UNC13B,NCOA2,ADARB2,FBXW10,DDX17,KAT5,IPO7,NEBL,ATG7,DCTN2,ANP32B,AGR2,OLFM4,ARFGEF1,GNLY,SORBS1,TXNRD2,MTHFS,CDC42EP3,ERLIN1,STAMBP,POLR3C,IVNS1ABP,TRIM16,RGS14,IGF2BP2,MTX2,PMVK,CELF1,CELF2,CES1,FARS2,DCTN6,POLD3,RAI1,MAP3K2,KIF1C,GIPC1,TRAF3IP2,KDM5B,HBS1L,ARPP21,NEK6,SLC17A3,NCKAP1,IQGAP2,ADCY2,SEPTIN9,SDCCAG8,STARD10,CPLX2,FRS2,CEACAM3,TUBGCP2,SRCAP,HPSE,LILRB1,USP20,ME3,CEACAM8,MRPS30,RAB10,MALT1,MMP24,MTMR11,PAPOLA,FASTK,EHD1,AP3M2,PDIA5,PNRC1,TMED2,LMAN2,ACOT2,CKAP4,YWHAQ,TMED10,ASCC3,MAPRE2,COPS5,IMMT,ILVBL,SPINK5,CCDC85B,TLK2,KDELR2,ATF7,LIAS,RCBTB2,LILRB3,RBPMS,RAB31,ADAP1,RIPK3,GTF2A1L,RCC1,TENT4A,CPSF6,ABHD2,WWP2,CNTRL,DEPP1,RAPGEF4,CHD3,CHD4,ADAM30,SPACA9,KATNA1,HIBADH,CIT,FAF1,CDC42EP1,PKIG,PLAAT3,CORO1A,LSM6,NUDT6,NUDT3,FSTL1,CHIT1,SLC2A6,PKP3,NISCH,CHKA,ABCB8,ANXA10,IRAK3,AKAP13,DUSP10,MRPL3,GALNT6,HPS5,PDCD10,CHN2,PADI2,PACSIN2,FILIP1L,MRAP2,KLHL2,KLF12,HOGA1,MGAT4B,TP53RK,CHRM2,VPS26B,NACC1,LYST,CHRM3,VPS45,AHNAK2,MGAT4A,GOLM2,TMC6,SLC46A1,LARP4,FKBP9,ACOT7,EXOC3,SCRG1,RNF13,MGLL,SYNPO,TOE1,TRIM9,NLRP3,ERMAP,CHUK,BTBD9,FMNL2,GALNT13,SORCS1,SMYD4,OSBPL1A,OSBPL5,OSBPL8,OSBPL9,OSBPL10,CIDEA,FBXO32,ADCY9,MARCHF3,OMA1,PCMTD1,CIRBP,GBP5,FCHO2,IQCD,WDFY2,RAB3C,RNF166,MOGAT1,IL22RA2,TOP1MT,CLNK,CNTROB,LRG1,ARAP2,ARAP1,AGAP2,AGAP1,TADA1,THEM4,PLAAT5,GALNT15,IP6K3,TAGAP,AP2S1,RFFL,AP3S1,ADD1,CLCN3,BORCS5,OLFM3,ANTXR2,C10orf71,CLCN6,CLCN7,SFXN2,PDZD8,CLU,GSTO2,IFTAP,ADD3,TPP1,SLC36A4,TMEM45B,LRIG3,SLC15A4,CLTC,ERP27,FGD4,SPPL3,SLAIN1,TDRD9,CLBA1,KLHDC1,FRMD6,CCR1,TTC8,SLC24A4,DEGS2,MTFMT,TMEM266,PLA2G4E,NTAN1,EARS2,SNX20,MSI2,SLC38A10,WDR81,TBC1D16,MIEF2,OSCAR,RINL,RPTN,AXDND1,CNR2,PRXL2B,RNF19B,DNAH14,OSCP1,COL3A1,EDARADD,COL4A1,IQGAP3,DRAM2,TBC1D20,PIGU,TANGO2,PPP1R21,XIRP2,DIS3L2,MBOAT2,COL9A2,COL10A1,ICA1L,FAM168B,COL11A2,COL12A1,UBR3,GALM,ZFAND2B,COL16A1,TMEM178A,COL17A1,MTERF4,M1AP,MIX23,COMT,LYZL4,COPA,KLF6,UROC1,SLC31A2,ADK,IL17RE,H1-8,OCIAD2,PPARGC1B,AFAP1L1,SHROOM1,CLVS2,STXBP5,COX10,CP,COL26A1,CPT1A,VPS37A,CPT1B,NDUFAF6,TMEM68,TMEM71,SGCZ,PXDNL,GPAT4,LETM2,HGSNAT,NACC2,CARNMT1,PTPDC1,ATF6B,CRHBP,CRHR1,ASB7,MYO3B,S100A16,CHODL,NEK7,GCNT7,NOL4L,BRI3BP,SUN5,UBE2F,CRY2,SIRPA,STK35,DCANP1,PARP1,ACSM6,PARP4,MPP7,CS,FRMPD2,VTI1A,MAPK14,HECTD2,XRRA1,SESN3,PIWIL4,CSF3R,PLEKHA7,GLT1D1,CSK,FBXL14,HNRNPA1L2,RDH12,CSNK1E,ABHD12B,CEP128,TTC7B,PIERCE2,CSNK2B,TTBK2,VCAN,PRSS36,MGAT5B,TOM1L2,RBFOX3,CFAP52,PIK3R6,TMC8,ADRA1A,CREB3L4,NBPF4,CTBP1,CTBP2,RC3H1,CTLA4,PDIK1L,CLDN19,CTNS,COMMD7,AANAT,CTNND1,AIFM3,HSCB,ENTHD1,NFAM1,COMMD1,CTSB,CTSE,CTSG,METTL21A,CTSH,SGO2,UPP2,PPP4R2,XXYLT1,GLIPR2,CTSW,CMC1,CCDC50,CTSZ,CUX1,CX3CR1,CXADR,SH3D19,NIPAL1,PAQR3,PPM1K,SLC38A9,CYB561,SRFBP1,PLEKHG4B,RNF145,CYLD,CNKSR3,MBOAT1,RNF217,CYP1B1,ABCA13,BMT2,VKORC1L1,IQUB,KCTD7,ZNF746,CYP3A7,GRK2,GRK3,PRAG1,TMEM65,RDH10,VPS13B,TDH,FAM91A1,CLVS1,TTLL11,PRUNE2,CYP19A1,AWAT2,ADSS2,CYP27A1,AARS1,DAB1,DAB2,C11orf65,DACH1,TMTC2,CLEC12A,CD55,TAMALIN,CCDC63,DGKG,DGKH,DGKQ,AP2A2,SYNE3,DAPK1,EML5,DARS1,DAXX,DAZL,ADAD2,AP1B1,DBN1,ECI1,DCN,DENND1B,KANK4,CNST,DCTN1,TOGARAM2,UBXN2A,PARP15,PRICKLE2,AFG2A,DEFA1,DEFA3,DEFA4,SGMS2,DEFA5,DEFB4A,DFFB,SLC30A8,TMEM64,QSOX2,SPIN3,FUT11,DHX36,COMMD6,KCNG3,SYNPO2,DGUOK,DHFR,DHODH,DIO1,DLAT,DLG1,DLG2,DLST,DMD,DNM1,DNASE1L1,DYNC1H1,AGL,DYNC1I2,DNM2,DNMT3A,DOCK1,DOCK2,DOCK3,DXO,ABAT,DPP4,DPYS,AGRP,ARID3A,RCAN1,DTNA,DTNB,DUSP3,DUSP4,DUT,DYRK1A,ECE1,ECT2,ABCA1,LPAR1,AHCY,AGO4,EEF2,EIF2D,EGF,MEGF9,EGFR,AHR,EHHADH,MYRFL,EIF2S1,ANO6,METTL21C,ADCY4,UBR1,ACSF3,NLRC3,EIF4E,EIF4EBP1,EIF4G1,ELANE,SERPINB1,U2AF1L4,ELF2,ALG14,TMEM201,A2M,ABCA2,IBA57,CFAP221,ELK3,CREG2,SPRED2,SLC51A,MARK2,CEP112,CENPV,ARHGAP27,SLC39A11,UNC13D,FBXO15,RAB12,HACD2,STT3B,EMX1,DNAH12,CTTN,PRIMPOL,DNAJC18,CCDC125,ENO1,GAPT,ENSA,TSNARE1,C9orf72,EPAS1,EPB41,EPB41L1,AK2,STOM,CERS3,HIPK1,EPHB3,EPHB6,STX2,DIPK2A,TRIML2,EPS15,SLC36A1,AKT1,ERG,AKT2,ERN1,ESR1,ABCA3,ALAD,ESRRA,ETFA,ALAS1,ETFDH,ETS1,ETV6,MECOM,ALB,EXT1,EXT2,EYA1,EYA2,EYA3,F12,FABP4,FABP5,FANCA,FANCC,ACSL1,FAH,PTK2B,FARSA,USP12,FASN,SMTNL1,FAT2,CABCOCO1,CCNY,RTKN2,TBATA,SLC37A2,TBCEL,TPCN2,FCAR,ZNF438,MARCHF8,FCGR1BP,UCMA,SLC39A12,ARL5B,MICU2,SPATA13,CPNE2,KIF6,C6orf89,FCGR3B,PHACTR1,FCGRT,PRPS1L1,JAZF1,FOXK1,DAGLB,MTURN,FDFT1,FBXL13,ADGRG3,PXT1,RSPH10B,ALDH9A1,FDX1,ZNRF2,FECH,ALDH3A2,FER,FGD1,FGF7,MAPK15,FGF14,GPC5,FGFR2,FGR,FH,FHIT,TFEC,RASA3,MTF2,HSPA4L,SCAF8,RHOBTB3,RAB11FIP2,PPM1E,AAK1,LMTK2,CHSY1,CILK1,FKBP2,NLRP1,FNDC3A,INPP5F,TRAPPC8,MORC2,ZHX2,WDR37,FKBP5,ZNF365,CEP164,DENND3,CARD8,ARSG,EPN2,TRAK1,SACM1L,CD93,ATF6,HABP4,SEPHS1,RAB3GAP1,TPX2,NT5C2,SV2C,MYH15,CEP131,LIMCH1,RIMS1,WDFY3,DAAM1,MAPKBP1,PLCH1,STK38L,FAIM2,CNOT1,PALLD,TMCC1,MYO16,MAST3,SAMD4A,XPO7,TNIK,KIF21B,PDS5B,FNBP1,ENDOD1,GGA2,EMC1,CMTR1,HECW1,SWAP70,RRP1B,MYCBP2,VWA8,FOXO1,AVL9,ERC1,TRIM35,ARHGAP26,TTLL5,SIPA1L3,KIF1B,IQSEC2,AKR1B1,MCF2L2,TBC1D2B,FSTL4,RAP1GAP2,SPART,TNRC6B,NFASC,TAB2,COLGALT2,EPB41L3,MAST2,ANKLE2,LRCH1,FCHO1,FRMD4B,GRAMD4,NCDN,CLCC1,SEPTIN6,SNX13,MAPK8IP3,MPRIP,STAB1,EFR3A,FLNB,LPIN1,SEPTIN8,CEP68,PASK,RGL1,RFTN1,DIP2A,LARP4B,KANK1,CYFIP1,FAF2,PSME4,MLC1,FLT1,ZC3H4,XPO6,DTX4,RRP12,SYNE2,NUP210,PLCL2,ARHGEF9,EXOC6B,DNAJC9,SIK2,PLCB1,PHLPP1,TMEM131L,PACS2,COBL,ANKRD28,KATNIP,ATP11A,ANKRD12,KAZN,DENND5A,CAMTA1,EXOC7,CLEC16A,NUP160,AGTPBP1,FBXW11,SMG6,ANKS1A,MGRN1,BICD2,EHBP1,KIF13B,ACSL6,FKBP15,FMOD,DMXL2,TUT4,NEDD4L,SASH1,TTC28,CLASP1,SZT2,VPS39,SYNE1,DOCK9,UBR4,SUN1,VPS8,LARP1,PPP1R13B,PUM2,AHCYL2,SPECC1L,SIK3,LARS2,PIP5K1C,COTL1,SIRT5,ZFPM2,MLYCD,FNTB,TMED3,TDRD7,GRIP1,RYBP,AP4E1,RHOQ,SLC44A1,ABCB10,ABCA6,QPRT,LEPROTL1,MACF1,ZFYVE26,SCRIB,CABIN1,ARHGAP45,FOS,NNT,PIK3R5,RBFOX2,ATP6V0A2,TSPAN15,PIGN,DDAH2,PADI4,DDAH1,CDC42EP4,PDSS1,HEBP2,OPN3,AMACR,CORO1C,DAPK2,MKRN1,PHLDA3,RUSC1,SSBP2,RABGAP1,PLD3,PLA2G15,SH3BP4,SGK3,PRKD3,PITPNB,PISD,MAFF,ABCA4,ALOX5,ALOX5AP,EML2,ALOX12B,ATP6V1C2,CNOT6L,AFG1L,MTOR,ALPL,NR5A2,ABL1,NR5A1,FUT4,FUT7,FUT8,KDSR,ACKR1,FYB1,FYN,MMS22L,CERS6,G6PC1,MSRB3,ZDHHC20,YTHDF3,METAP1D,TTLL10,CNIH2,GAA,GAB1,GABBR1,CALHM1,MYADML2,GABPB1,RNF144B,GABRA2,PAN3,ST6GALNAC3,MAMDC2,WDR72,SERINC5,SNX33,SHC2,DSTYK,NGEF,QPCT,GCA,LSM4,GALC,ATXN10,TNFAIP8,PRDX5,NIPBL,ARMC8,USP49,GALNS,POC1A,RNF19A,RCHY1,GALNT2,MTHFD1L,GALNT3,RTTN,NELFB,SGMS1,MYRIP,CLIC4,WWTR1,HEATR5A,ZNF385A,PNKD,SEC31B,KANK2,C2CD2,DHRS7B,IBTK,GORASP2,C2CD3,SPATS2L,TENM4,UPF2,ACOT11,PLEKHG3,OSBPL3,IPCEF1,SETBP1,UBXN7,LTN1,CNTNAP2,PPP1R16B,DNM3,AUTS2,SENP6,ANKRD17,ERC2,RAI14,CFAP61,GGA1,ABHD12,WIPI2,CCDC69,LDLRAP1,KIFBP,GAPVD1,TRPC4AP,TES,ZBTB20,TRAF3IP1,RIBC2,ABCA12,NOC2L,IFT172,MTG2,RGS22,GARS1,STEAP2,NPHP4,AMD1,GMEB2,PITPNC1,PHGDH,STAP1,TIAM2,FBXL5,KLHL3,CLEC4E,FBXO22,HIBCH,ARFGAP3,AK5,SERGEF,EHF,GBE1,GCG,GCH1,NUPR1,PLEK2,GCNT1,SLC17A5,MYOF,GCNT2,CHIC2,AGO1,LATS2,DAZAP1,RGS17,GDI2,MDGA1,RGL4,AMFR,GFRA1,GGCX,GGTA1,B4GALT1,NBEA,CYFIP2,ABL2,TPK1,ATP2C1,ACAD8,LAT,PELP1,SND1,STAU2,VPS41,LAMP3,TRAPPC3,AMPD2,SDCBP2,PDE7B,CYTH4,SNX5,PALD1,FILIP1,NDOR1,AGO2,TUBG2,SIGLEC9,DISC1,AMPD3,GLB1,COQ2,BBS9,SESN1,NFU1,SULT1B1,GCLC,CRCP,BMP10,RBMS3,RAB30,TNRC6A,ZNF638,GLG1,STK39,TOR1B,SGSM3,GLI2,BIN1,EML4,HDHD5,GM2A,GMDS,GNA12,GNAI2,GNAI3,GNAQ,GNB1,GNS,GOLGA3,GOLGA4,GOT2,SFN,GPD1,GPD2,GPLD1,RBM20,SLC25A45,P4HA3,CCDC88B,RASSF3,B4GALNT3,ADGRD1,KSR2,CHAMP1,SIAH3,KCNRG,SLC46A3,PLA2G4D,FBXL22,NUDT7,CCDC57,HEXD,GSDMA,CAVIN1,GDPD1,SLC25A42,SH2D6,RNF149,CCDC141,STPG4,NKIRAS1,RUFY4,SLC9A9,FBXW12,CCDC66,SUMF1,TPRG1,FRYL,SH3PXD2B,SLC36A3,CEP57L1,PPIL6,ANK1,GPR37,SCAI,GRK4,GRK5,GRK6,GPX2,GPX4,ANK3,GRB10,RAPGEF1,TRIB2,GRN,DCPS,GIT1,SNX24,BZW2,GRIK2,IFT81,RGCC,DBNL,HIPK2,ABR,TMEM230,SETD2,NR3C1,ARHGAP35,CNIH4,TBK1,CTNNA3,CLEC2D,ANKRD11,C11orf21,CD274,GRM4,GRM7,GRSF1,GSK3B,GSN,GSTA3,GSTM1,GSTM4,GSTZ1,GTF2E2,GTF2I,BLNK,USP25,TMOD2,PARVB,OLA1,ZDHHC1,GUCY1A1,GUCY2C,TFCP2L1,SNX8,SNX10,STRN4,HCFC2,GYG1,PYCR2,NME7,SEC61A1,DSE,SLC25A24,MDFIC,SCHIP1,SH3KBP1,GZMK,ANXA1,H2BC5,ANXA2,HADHA,HADH,HAL,HCK,HCLS1,HTT,HDC,HDLBP,ANXA4,HEXA,HEXB,ST6GALNAC6,KCNIP1,EHD4,PIK3R4,ANXA6,HIF1A,HIP1,HIVEP1,HK1,HK2,ACACA,ANXA11,HLA-DOB,HLA-DPB1,HLA-DQA1,HLA-DQA2,HLA-DQB1,HLA-DQB2,HLA-DRA,HLA-DRB1,HLA-DRB5,AOAH,HMBS,HMGCL,HMGCR,HMGCS1,HMGA1,AOX1,HNMT,EIF4E3,DHRS4L2,HNRNPAB,HNRNPD,HNRNPH1,HNRNPK,HNRNPU,APBA1,APBA2,HOXB5,APBB2,HPD,HPS1,RAB37,AGFG1,HRH1,HSD11B1,HSPG2,NDST1,HTR2B,HTR7,HUS1,IARS1,UBAC2,ICA1,S100A7A,TAFA2,IRF8,ANKRD45,BRINP3,ZBTB8OS,ESPNL,KY,GADL1,ID3,ACADM,STING1,COL28A1,MALRD1,POU2AF2,IDE,IDH2,IDH3B,FMN1,IDI1,LRIT3,RSPH4A,IFNGR2,EYS,MACC1,KIF24,TUBB2B,IGF2R,IGFBP7,APP,RBPJ,CASTOR3P,RILPL1,PADI6,TICAM2,FAS,IL1A,IL7R,IL15,IL15RA,IL16,FOXK2,INHBA,INPP1,INPP4A,INPP5B,INPP5D,AQP7,IRAK2,IREB2,IRF2,IRF4,IRF7,ITGA1,ITGA2,ITGA5,ITGAL,ITGAM,ITGAV,ITGB1,ITGB2,ITGB5,ITPK1,ITPKB,ITPR1,ITPR2,JAK1,JAK3,JARID2,TRIM23,KARS1,KCNA2,NHLRC2,TBC1D10C,KCNB1,KIF7,ATP9B,B3GNT8,MIA3,KCNE1,CATIP,STIMATE,NRROS,MAST4,SPATC1,PTAR1,ERCC6L2,CA13,KCNN2,KCNQ1,KIF5B,KIF5C,KIFC3,ARF5,ARG1,KPNA1,KRT8,KRT10,KRT13,KRTAP12-4,CEP85L,KRT17,KRTAP5-1,SH2D4B,SPDYC,GLTPD2,SCIMP,LRRC75A,KRT33B,NOTCH2NLA,HRNR,COA6,KRT82,BOLA3,PLEKHM3,GLYATL3,AFF3,LAIR1,LAMA3,RHOG,LAMB1,SULT6B1,LAMP1,LASP1,LBR,LCK,LCN2,LCP2,LDHA,LDLR,LETM1,LFNG,LGALS1,LGALS3,LGALS3BP,LGALS8,ARHGDIB,LIMK1,LIMK2,LIMS1,RHOH,LIPC,EEIG1,MYO18A,LMNA,LIAT1,LMO7,NBPF9,EML6,LNPEP,RAB44,USP17L1,CENPP,SNX30,LOXL2,LPO,LPP,PLPP6,LRP1,LRP2,LRP6,LRP5,LSAMP,LTA4H,LTBP1,LTF,LUM,LYN,MIR17,MIR18A,MIR19B1,MIR21,MIR214,TACSTD2,MIR92A1,ARRB1,MXD1,SMAD1,SMAD2,SMAD3,ARRB2,SMAD6,SMAD7,ASIC1,ARSB,MAN1A1,MAN2A2,MAN2A1,MAP2,MAP4,MAP6,MARK3,MARS1,MB,MBNL1,MBP,MCC,MCL1,MCM2,MDH2,MEF2A,BORCS8-MEF2B,MEF2C,MEF2D,MEFV,MAP3K1,MAP3K5,MGAT3,MGAT5,MIA2,CIITA,MID1,MITF,ATXN3,MKLN1,KMT2A,MLLT1,MLLT3,AFDN,TRPM1,MME,MMP2,MMP8,ASTL,MMP16,ALDH6A1,MPG,MPL,MPO,CARD17P,IQSEC3,CCDC88C,EIF2AK4,UNC13C,BCL2L15,TRIM67,MAP1LC3C,CAPN14,TARM1,GALNTL6,ASPA,MYO1B,ASPH,MSR1,MSRA,MTAP,NUDT1,MTIF2,MTRR,MUC2,MUC4,MMUT,MUTYH,MX1,MYB,MYBPC1,MYBPC2,MYH10,MYH11,ZFHX3,MYLK,MYO1C,MYO1D,MYO1E,MYO5A,MYO6,MYO7B,MYO9B,PPP1R12A,PPP1R12B,NACA,NAP1L4,NASP,CEACAM6,NUBP1,NCBP1,NCF2,NCF4,NCK1,NEB,NDUFA10,NDUFB9,NDUFS2,NDUFS8,NEDD4,SEPTIN2,NEDD9,NEK2,NEK3,NEO1,NF1,NFATC1,NFATC3,NFE2,NFKB1,NFX1,ACO1,NGFR,NKG7,NKTR,NNAT,NNMT,NOS3,CNOT2,NOTCH1,NOTCH2,NOTCH3,NOTCH4,NPAT,NPC1,NPPA,ATP2A2,ATP2A3,NRAP,NRDC,NRF1,ATP2B2,NTHL1,ROR1,NTS,NUCB1,NUMA1,NUP88,NR4A2,ATP2B4,OAT,OGDH,OLR1,OPA1,WRAP73,OPRM1,ORC5,SLC22A18,ALDH7A1,OXCT1,P2RX1,P2RX4,P2RX7,P4HB,PEBP1,FURIN,PCSK6,RRM2B,MINK1,NOX3,COL5A3,CHST11,PRDX1,SERPINB2,GALNT9,ITSN2,PAK2,ANO7,PALM,PNPLA8,ARHGEF3,REG3A,PRKN,DCAF8,PARN,PAWR,ASAP1,HEBP1,PBX1,PC,PCBD1,PDE11A,PCCA,PCDH7,ACOX1,AMDHD2,SLC35C2,PAM16,PLEKHA8P1,LAP3,PCK2,ATL1,DERA,CRYL1,TNNI3K,KLHL5,SIDT2,TRNT1,SCCPDH,SH3GLB1,METTL9,LACTB2,ASB3,CHCHD2,HSD17B12,A4GNT,MRTO4,PCNT,VPS28,DCTN4,LEF1,PLEKHO1,HERC5,IPO11,PLCE1,NIN,PCSK1,GLTP,SHISA5,PCSK5,MARCHF2,PIPOX,TFDP3,CDK17,CEND1,ERGIC2,CD320,PCYT1A,ZDHHC3,SLC25A37,GASK1B,PLAC8,MS4A4A,PDCD2,FZR1,TAOK3,MBTPS2,CHST15,UBR5,TEX264,PDE2A,ATP6V1D,TRAPPC4,PDE3B,PDE4A,BIN2,PDE4B,PRKAG2,SUCO,ANAPC7,PDE4D,PCYOX1,GULP1,EVL,NAT8B,LIMA1,ANKFY1,RTCB,PDE7A,DTL,NCKIPSD,PDE9A,CXXC5,VTA1,PDGFA,SCLY,VPS54,PDGFB,ACKR4,PEX5L,NT5DC3,RAB6B,HDAC7,CYRIB,LARP7,NBAS,PIGT,ATP6V1H,DHRS7,RTRAF,YPEL5,MRPS23,CDK5RAP1,PDK4,MPC1,ZFR,ASB4,NUB1,ASB2,SUFU,HECA,PDPK1,NLK,CAB39,UPB1,RAPGEF6,WWOX,ERAP1,RAB8B,INPP5K,MAP3K20,COQ3,GALNT7,PEX1,PEX7,PEX14,PFDN5,ATP8B1,PFKFB1,PFKFB2,PFKFB3,PFKFB4,PFKP,CDK14,PGAM2,PGM5,PHB1,PHKA1,ATP6V1B2,PHKG2,SERPINA1,SERPINA4,SERPINB6,SERPINB13,ATP6V1C1,PIGH,PIK3C2B,PIK3C2G,PIK3C3,PIK3CB,PIK3CG,PIK3R1,PI4KA,PI4KB,ACP2,PIP4K2A,PITPNA,PKLR,PKHD1,PKM,PKNOX1,PKP2,PLA2G4A,PLAG1,PLAGL1,PLAT,PLAUR,ATP6V0B,PLCB2,PLCB4,PLCD1,BCL11A,BTBD1,PLCL1,TM6SF1,UBASH3A,PLCG1,SHC3,PLCG2,TPCN1,PLEC,FXYD3,PLN,PLOD1,PLOD2,PLP2,PLXNA1,S1PR5,PML,PMM2,TRIM34,EXOSC10,ACP5,SLC37A1,PCBP3,TLR9,SEPTIN5,SEPTIN4,DCUN1D1,ERRFI1,POLR2C,POLR2E,YIPF1,SSH1,SASH3,KCTD5,RIN2,MOV10L1,PON3,MRPS21,CCSER2,RETREG1,XRN1,ANKIB1,MIOS,POR,TOLLIP,RNF216,PLEKHA5,PRMT7,HEATR5B,RBM47,DHX29,ADAMTSL4,RHOF,POU2F1,DDX4,APBB1IP,MIER2,CCHCR1,EXOC6,FAM193B,MTMR12,EGLN1,INO80,MAP10,CRLS1,CROT,PPARG,PPBP,LEPROT,CTSA,ZRANB1,BTG4,HYDIN,CFAP46,HAUS6,AHI1,DYM,AFTPH,NDE1,BCAS3,BSPRY,LRRC49,APTX,SYTL2,TENT5C,EPS8L1,FNBP1L,BLTP3A,NSUN2,MTMR10,RNF43,SLC66A1,PXK,AUH,LAX1,CDKAL1,TTC19,MKS1,TASOR2,FOCAD,TMEM260,CMTM6,DNAAF5,DUS2,CHCHD3,KANSL2,PPM1A,OCIAD1,MRPL16,PARP16,ODAM,TTC12,PLAAT2,CLN6,PINX1,ACSM5,PPP1CA,TESC,MCUB,MARCHF1,PID1,BANK1,USP47,CCDC40,EPN3,PLEKHB2,VPS37C,ZWILCH,WIPI1,KIF26B,ATG2B,RALGPS2,PLEKHJ1,DYNC2I1,ARHGAP17,CEP192,ODAD2,PPP1R10,LRRC8D,ZDHHC4,TMEM38B,ARHGEF10L,TMEM33,SHQ1,TBCCD1,MRM3,PPP2R1A,RNF220,PPP2R1B,NADSYN1,DNAJC17,APPL2,PLEKHG6,GOLPH3L,P3H2,EXD2,LRRC1,USP40,SMU1,SLC38A7,KIRREL1,UQCC1,YY1AP1,ELP2,DNAI7,PSPC1,PPP2R5C,VPS53,PGM2,FGGY,QRSL1,UBE2W,ACOXL,PPP2R5E,PPP6R3,FBXW7,CCDC91,RNF121,PPP3CA,GIMAP4,CPPED1,AGPAT5,PPP3CC,DRAM1,NIPSNAP3B,SHFL,LAPTM4B,TBC1D2,PI4K2A,IMPACT,PPT1,PRCP,PREP,CHST12,PIP4P2,CDCA7L,RBM38,SOX6,ENOSF1,DNAH3,GALNT10,STAB2,NAGK,DDX60,TENT5A,KIF21A,VPS50,PRR5,ASAP3,TASP1,DOCK10,ZDHHC7,AMBRA1,PRKAA2,SLC39A4,FLVCR2,BTBD2,LYAR,RAB20,SLC48A1,BCAS4,PRKACA,NPLOC4,DENND4C,MFN1,PEX26,PPP4R3A,LIMS2,SCYL2,MREG,PKIA,FRMD4A,VAC14,CCDC88A,IPO9,NECAP2,LMBR1L,POLR3E,CEP72,PRKAR1A,ENAH,PARVA,PRKAR1B,SEPTIN11,INTS9,UGGT2,RCOR3,PRKAR2A,TTC17,INAVA,PRKAR2B,EXOC2,TDP1,CFAP44,PRKCA,ERMARD,FGD6,TXLNG,PRKCB,CSGALNACT1,MBNL3,DCP1A,ADAP2,TRERF1,PRKCE,RNF130,DCAF6,PRKCH,EMC3,CAND1,PRKCI,WWC3,ARHGAP15,PPP2R2D,TEX2,KIZ,DBNDD2,ASH1L,WSB2,LMO3,GPRC5C,ZNF395,UNC45A,PRKCZ,ACSS2,BIN3,PRKDC,ERBIN,RCC2,MYO5C,MAPK1,SULF2,MAPK6,BAIAP2L1,BCAP29,MAPK8,SMG9,MAPK10,MAPK13,PDGFC,MAP2K1,MAP2K2,DNAJC3,TEX14,PRL,DNAH7,PRLR,MTFR1L,LMOD3,CTNNBL1,LRRC8A,WDR45B,PARD3,PRPSAP1,KCNQ5,KLK10,AZU1,PSAP,PSEN2,TMPRSS4,TRIM39,JPH1,RETN,FMN2,PSMA1,SPHK2,CELF4,AGPAT3,AGPAT4,DPYSL5,WRNIP1,ANKS1B,TMEM167B,SPIRE1,MCCC1,NCLN,SPPL2B,PMEPA1,BMAL2,DUSP22,MFF,PSMB7,SMYD2,PRTFDC1,MEPE,PSMB8,RGMA,STOX2,PSMB9,PRDM11,PSMG2,CDC42SE2,TULP4,CTNNBIP1,SDHAF3,YAE1,VPS35L,PDXP,PLSCR3,PSMD1,KNL1,AGTRAP,PSMD3,CASS4,PARP11,C12orf4,PNPLA2,PDSS2,RAB25,CAMK1D,CD177,LYRM4,MAN1C1,RGL3,RTN4,LDAF1,SCYL3,SLC44A2,SMURF1,PHTF2,PELI2,PELI1,ZNFX1,ZMIZ1,RALGAPA2,DENND11,ATP10A,ATP8B2,ATP10D,ADGRG6,TTC7A,ERGIC1,PPP4R3B,SNX14,PTEN,PBXIP1,AICDA,RHBDD2,PTGS2,BIRC6,TENM2,GALNT16,PPM1H,STRIP2,PTK2,CNOT6,GRAMD1B,PLEKHG1,RNF150,NLN,ODF2L,AHRR,ARID1B,RIMKLB,KIDINS220,MTUS1,ARHGAP31,SERINC1,STARD9,HECW2,RPTOR,SRGAP1,NYNRIN,PTK6,TBC1D14,MIB1,ELAPOR1,SORCS2,WDR35,KLHL42,PDP2,NCEH1,MICAL3,USP35,STAMBPL1,CEP126,SIPA1L2,ARHGAP20,KIF17,PREX1,ARHGAP21,RIC1,WDFY1,MRTFA,ZNF687,BEGAIN,FNIP2,USP36,TRMT9B,PITPNM2,SLAIN2,DIP2B,FAM234B,RELCH,VPS18,SHROOM3,STIM2,ZFAT,SH3RF1,COL20A1,DHX37,GRAMD1A,PLEKHA4,RNF213,GPAM,QSOX1,TNRC6C,SHTN1,PTPN1,NCKAP5L,WDFY4,DENND1A,SFMBT2,EPG5,ZFYVE28,GBA3,PTPN3,PTPN4,PTPN7,MARK4,RAB40C,PTPN9,PTPN11,G6PC2,LSM2,PTPN13,PTPN14,PTPRC,PTPRE,PTPRJ,PTPRM,PTPRN2,PXMP2,PEX2,PXN,PEX5,PYGL,MS4A7,TP53INP2,PRUNE1,ARHGAP22,CACTIN,DNASE2B,EPS15L1,RRAGD,BCAT1,RAB5B,MAP4K2,RAB27A,RAC2,RAD21,RAD23B,MOK,RAD51D,RAF1,ACTA2,RALGDS,RAP1B,RAP1GAP,RAP1GDS1,RAPSN,RARA,RARG,RASA1,RASGRF1,RB1,HIVEP3,BCKDHA,RBL2,TRPV4,SCPEP1,ALOXE3,LGR6,RBMS1,RBMS2,BCL2,UPF1,BCL2L1,TRIM27,RFX2,RGS3,RGS10,RGS12,RGS13,RHEB,BCL3,AFAP1,MYG1,BCL6,EXOC4,BACH2,ELOVL5,CCDC81,CYB5RL,CELF6,EEFSEC,ROBO1,RPE65,RPL3,BCR,RPL15,RPL21,RPL23A,RPL31,RPS3,RPS6KA1,RPS6KA2,BDH1,RRBP1,RREB1,CLIP1,RSU1,RXRA,RYR1,RYR3,S100A1,SORT1,S100A4,S100A6,S100A9,S100A10,S100A11,S100A13,S100P,SAG,CELA2A,BFSP1,ATXN1,ATXN7,SCN1A,SCN8A,SCNN1A,CEACAM1,SCP2,SRL,CCL3,BICD1,BID,BIK,SDC2,SDHA,THADA,UBE2O,SH2D4A,NAPB,SLC17A9,NECAB3,SEC14L1,KIF13A,PRDM16,SECTM1,TRAPPC2,MYO1G,SELE,SELL,PERP,LHPP,SLC28A3,RBKS,GOLPH3,SAMSN1,PARVG,BLM,NOD2,XYLT1,IFIH1,RBSN,PDF,KIF9,MAP2K4,ERAP2,P3H1,DNAJC1,MS4A6A,MROH6,ARHGEF28,RAB17,SRSF7,COP1,ARHGAP9,NXN,SIL1,MMP25,CBLN3,ZNF106,PALS1,BLVRA,RGS18,SFTPD,KLHL25,WIPF3,DCLRE1C,INF2,DNAI2,SGK1,SGTA,ITSN1,ARRDC5,SH3GL1,CLEC7A,SHB,FABP12,SH2D7,UNKL,SMAP2,MFSD1,SMYD3,MTARC1,TNS3,CREB3L2,SIAH1,ILRUN,SIAH2,MICAL1,CERK,CRTC3,LMF1,DDX31,DEPTOR,ST6GAL1,ST3GAL1,ST3GAL2,MARCHF7,YTHDC2,NIBAN2,ST3GAL3,CASD1,RASAL3,SIPA1,MRPS15,MRPS6,SKI,MRPL1,NDRG4,SKP2,SLA,GPBP1,RAPH1,VPS33A,TMEM135,UPF3A,WNK1,SLC2A1,SLC2A4,SLC2A5,NADK,MPPE1,SLC5A3,SLC6A9,LGALS9C,SLC8A1,NCF1C,SLC9A3,SLC11A1,SLC12A3,SLC34A1,SLC18A2,SLIT3,PHACTR4,GRAMD2B,AACS,SMARCC1,CHID1,TRAK2,MTMR9,SNCA,SNCG,SNTA1,SNTB1,SNX1,SNX2,SNTB2,SOD1,CAPN15,SORL1,SOS1,DST,SP4,SP100,UAP1,SPARC,SPG7,SPINK2,SPTA1,SPTBN1,SRC,SRD5A2,SREBF1,SREBF2,SRP9,BRAF,SRPK1,SSR2,DENND2B,STAC,ZFP36L1,STAT3,STAT5B,STIM1,STK3,STK4,CDKL5,STK10,STRN,SULT1A1,BSG,SULT2B1,SUOX,SURF4,SVIL,VAMP1,SYK,SYN2,SYPL1,SYT1,BTD,TACC1,ADAM17,TAGLN,TAF6,TAF10,TAFAZZIN,TBCA,TBCD,TBCE,TBXAS1,TCF3,TCF12,TDO2,TEC,TMBIM6,TEK,TERF2,TFCP2,TFDP1,TFPI,TGFA,TGFB1,TGFBI,TGFBR1,TGFBR2,TGM2,THBS1,TSPO,THRA,TIAM1,TIMP2,TIMP3,TK2,TLE1,TLN1,SEC62,SERPING1,GPR137B,TRAPPC10,TNFAIP3,TNFAIP6,TNFRSF1A,TNFRSF1B,TNNI2,TNNI3,TNS1,TOP1,TOP2B,TP53BP2,TP73,TPD52,TPD52L1,TPD52L2,TPM3,TPM4,TPR,TPT1,TRAF1,TRAF2,TRAF3,TRAF5,TRAF6,C3AR1,TRIO,TRPM2,TSG101,TSNAX,CAPN5,EIPR1,DNAJC7,TTN,MROH1,RSPH10B2,D2HGDH,DEFA1B,TSPY4,CDK11A,TULP1,TULP2,NBPF8,CCR2,PLIN4,TXK,TXNRD1,TYMS,CRPPA,MOSMO,CIMIP2B,ACOD1,TYRP1,UBA7,UBE2D3,UBE2E1,UBE2H,UBE2L3,UBE2V1,UCP3,UGCG,UCK2,UPP1,UQCRFS1,CLRN1,UTRN,UVRAG,VAV2,VCL,VDAC1,VIM,VRK2,VWF,WARS1,WIPF1,CLIP2,WFS1,NSD2,DAGLA,WRN,WT1,XPC,XPNPEP1,XRCC2,XRCC3,XRCC4,FMNL1,XRCC5,LDLRAD4,YWHAG,YWHAH,YWHAZ,ZFP36,PTTG1IP,ZBTB14,TMEM50B,CA2,CA7,ZBTB16,ZNF148,TRIM26,CACNA1A,CACNA1C,ZMYM2,CACNA1D,PRDM2,LAPTM5,CACNA2D1,CSDE1,EVI5,PXDN,ALMS1,MOGS,RNF103,TUBA1A,CACNB4,MAPKAPK3,USP7,RAB7A,KCNAB1,CYREN,DBNDD1,AHNAK,ZNF655,AFG2B,ST8SIA4,NABP2,SECISBP2,PRRG4,METTL16,FTO,ELOVL6,C2orf49,WDR77,TRAPPC6A,CARD14,CSTPP1,MAPKAP1,DERL1,MBOAT7,FKRP,GNPTAB,BAG6,TMEM43,NOX5,CYBC1,FYCO1,EPS8L3,ARMH3,TCTN1,CCNJL,HMBOX1,GALNT14,SH3TC2,FAM184A,ARSJ,CLXN,PANK3,MCPH1,RHBDF2,ARHGAP10,DYNC2H1,PPP1R3B,HSPBAP1,ICE2,TUT7,NLRX1,ZDHHC14,GALNT12,LRRK1,NPEPL1,AAGAB,VPS37B,NARS2,TTLL7,CLIP4,SLC25A22,ASB13,KATNBL1,MCTP1,IQCA1,SUGCT,MYH14,CLMN,FBXO31,GSDMD,ALG9,TTC21B,PTCD2,MOB3B,CAMKMT,CLMP,METTL8,NAA40,PEAK1,CSPP1,TLCD3A,RABEP2,UBA5,PLBD1,LPCAT1,RIN3,ATP8B4,CYBRD1,NAA60,ACTR5,SPEF2,DOK3,KIAA0319L,SLC35E1,KAT6A,DENND1C,CEP76,DENND2D,ATAT1,WLS,SVEP1,ELOVL7,CALD1,DOCK5,NAA25,SLC8B1,FBXL18,SEMA6D,DCAF17,CALM1,BICC1,BAIAP2L2,VCPIP1,BBOF1,CCDC170,UXS1,EDC3,NAA15,MOGAT2,DBF4B,SPSB1,RUBCNL,CEP290,CHD9,OPA3,NUP214,ARMC9,CCDC92,ALPK1,NAA50,ACSF2,RAB11FIP1,NUBPL,PHAF1,EDEM3,STAM,HSD3B7,CDK5RAP3,CUBN,CCDC6,FER1L4,NCOA4,PDGFD,LRRC27,EPC1,CPEB4,ZKSCAN3,SP6,ABTB1,DNAJC5,PNPLA3,TRAF3IP3,SEL1L2,RNF39,CSRP3,AKNA,ACAD10,IQCN,MPIG6B,NDFIP1,ZNF34,COL18A1,CMIP,ZNF436,DDHD1,DUSP16,APOL6,APOL3,SH3BP5L,FXR1,NPL,CDK2AP1,ACTN4,WNT5B,ZBP1,SLC25A32,COLEC12,CALR,ANP32A,SLC7A5,PTDSS2,DCSTAMP,HM13,GDPD5,TRIM11,CLPB,ANKRD13C,FIP1L1,SNX27,CAB39L,ITM2C,DIAPH3,AKAP1,VMP1,ISCA1,CAMK2D,ELL,CAMK2G,SBF2,CLPP,NRIP1,CANX,CLTCL1,CAPG,SYN3,CAPN1,CAPN3,DYSF,TRRAP,PICALM,ACOX2,CAST,AXIN1,CAPZB,CARS1,PITPNM3,CASP1,ADPGK,GSG1,PMFBP1,APH1B,ARHGAP24,DDX59,PLVAP,CASP2,ODAD4,CHST9,AIF1L,COG3,RASSF5,CCM2,ZMIZ2,TEX101,SELENOO,CCDC3,DYNLRB1,SESN2,TRAPPC9,FERMT3,CRISPLD2,ATG10,ITCH,RBP5,RBM4B,FRMD8,MAD1L1,ANGPTL6,ATAD3B,RSPH3,TBC1D10A,BCO2,KCTD10,SPATA16,CASP6,STARD3NL,STK40,IMMP2L,PIP5K1B,NCALD,ARB2A,CTTNBP2,CASP7,TMPRSS13,B3GNT5,KATNAL1,ADGRV1,DTNBP1,FHIP1B,MYCBPAP,C3orf20,ANKRD27,ULK1,EEA1,BCAR3,ACAD11,CEP78,SLC7A6OS,PPP1R1B,NLRC5,STX7,ELMOD3,SLA2,CMAHP,ZCCHC7,SETD3,ZMYND15,LRRC8C,TRAF7,ZDHHC18,SLF1,SGIP1,GARNL3,FLYWCH1,CHCHD5,YIPF4,SLC25A33,STK24,RNF135,EFCAB2,PRXL2A,CASP10,CHCHD6,VPS25,HVCN1,COG8,HPS3,SOAT2,RASAL1,HOOK3,NSMAF,NCK2,ECRG4,CARD11,RAB11FIP4,DOT1L,LZTS2,SYVN1,PHYHIPL,SLX4,CASQ2,SPIRE2,CUL3,HOPX,ACSS1,CUL1,ATRN,COL25A1,TPST2,TPST1,KLF11,TNRC18,TTBK1,IL1F10,DGAT2,EBPL,MYPN,USP32,CAT,GPT2,LNX1,PSRC1,CNDP1,UNC119B,CDC42BPA,CRACR2A,PLPP7,RTN4IP1,KLHL22,RIOX2,HAVCR2,CBR4,AGBL4,MFSD2A,AIFM2,MIGA2,TMTC4,NFATC2IP,AOPEP,MAP4K3,TMEM87B,ALG10,SLC49A4,ZFYVE19,ZNRF1,HSH2D,MAEL,ABHD13,SERAC1,PPFIBP2,NUDCD1,UBASH3B,PPFIA2,PIGY,PPFIA1,PHYKPL,SLC43A1,PKP4,PARG,ENC1,KCNAB2,ITGA8,ELP1,GAS7,DGKZ,DGKE,DGKD,DDO,KRTAP4-1,KRTAP3-3,CST7,ABCC11,LGALS12,MYLK2,STRIP1,BCAS1,MICALL1,AGPS,NKD1,APOL1,STON2,CFAP74,CEP295,SSH2,GFM1,BHLHE40,CDC14B,CDC14A,TCAP,DEGS1,YARS1,MADD,CAV1,CASK,STK16,SCARF1,RUNX2,SLC25A12,KLF7,PLPP3,STC2,CADPS,CDK13,RFXANK,CBFA2T3,HSD17B6,DNAH17,RNASET2,EIF4EBP3,OASL,AOC3,RUNX3,AKR1C3,NCOA1,TNKS,ALDH4A1,EIF3A,EIF3J,EIF4G3,STX11,BECN1,PEA15,MARCO,KRT38,KRT37,KRT36,S1PR4,ACTN1,B4GALT4,B4GALT2,MBTPS1,CTNNAL1,GBF1,MYOM1,CRADD,TNFSF12,CBS,CDS2,PABPC4,FADD,NAPA,SIGLEC5,TNFRSF11A,TNFRSF10A,DYRK4,SUCLG2,CCIN,CDKL1,DCAF5,IQGAP1,NRP1,SYNGAP1,GMPS,SOCS2,CFLAR,CCN4,HDAC3,PROM1,KSR1,ANKRD13A,TSC22D1,KAT2B,ASAP2,STK19,SYNJ2,CDC123,ARHGEF7,VNN1,FUBP1,CDC16,NAE1,MCM3AP,MTMR3,MTMR2,CCNA1,CPNE1,AP1M1,TRIM4,HERC3,HERC2,HERC1,MBD2,SKAP2,FUBP3,KYNU,BTRC,CCND3,P4HA2,USP13,UMODL1,HPS4,NAV1,FGD3,ATG16L2,PLOD3,MVB12B,RPS6KA4,PLCZ1,STBD1,TRIM15,SLC25A21,TPD52L3,ATP6V0E1,PGLYRP1,LIMD1,KALRN,RSPRY1,SYT8,PHLDB2,SYS1,SNX21,OTULIN,NAT8,CCRL2,FAM110B,UBA3,SPAG9,ERI1,DOK2,AIP,PSTPIP1,MAP7,MCU,PAPSS2,PAPSS1,STARD13,CARMIL3,PPP1R3E,CLDN10,ANGEL2,PIP4P1,CFAP119,ZNF598,USP10,USP8,FMNL3,MTMR7,MTA1,LATS1,SEC22C,CD1D,PDLIM1,SLC39A13,CCNB2,DDX60L,ARHGEF1,RCCD1,RNF185,SYNGR1,PKDCC,CTDP1,COL23A1,RSAD2,UBXN11,FIBP,CD3E,ATPAF2,LONRF1,ACY3,MYOM2,IL1RL1,MAP3K13,ZNF804A,CABLES1,MYLK3,RFT1,DDX21,CD247,COG7,LRRFIP1,LGI1,LARGE1,VAPB,VAPA,UBTD2,CD5L,MAGI1,STYXL2,RCSD1,SPSB4,PXYLP1,GCNT3,UBE2L6,DHRS3,SPECC1,NUMBL,TSPOAP1,MFHAS1,MOB1B,PDLIM7,MAPKAPK2,STK17B,CYTH1,DTD1,FAM114A1,ITGB1BP1,PIWIL1,DNER,HELB,SHKBP1,CD9,S1PR2,B3GNT7,SOCS6,NEURL3,NREP,COPS2,MS4A3,TRIP12,PGAP3,TRIP4,CD22,B4GALT6,CD163,TGM5,B4GALT5,CPNE6,RAB28,ARHGAP18,NHERF1,KIF3B,PLAA,TM9SF2,NRXN1,OTOF,COG1,NMT2,RECQL5,GRAP2,SELENOF,SFXN1,HSPB9,SFXN5,ORMDL3,SYTL3,RP1L1,TJP2,FADS2,CDYL,MED27,GSTO1,AIM2,MAP4K4,EIF2AK3,HOMER2,ARHGEF6,RASAL2,PICK1,AKAP7,SH3BP5,CHST3,CD34,AKAP6,ATG5,CD36,STX8,PIGL,PGS1,PSMF1,KIF23,SLC4A8,SCARB2,MAGED1,RPH3AL,SPTLC2,TBPL1,EEF1E1,TECR,GOSR1,TMEM59,EI24,CHD1L,H6PD,GTPBP1,CEP41,CLOCK,BABAM2,CDC42BPB,PREPL,APOBEC3B,AKAP12,CYTIP,CD44,VPS9D1,RAB36,GDA,RNF7,MTRF1,ABCG1,AATK,NUP155,SEC24C,FEZ2,ARHGEF10,SH3PXD2A,MICAL2,FNIP1,PPM1F,GCC2,RALGPS1,CD58,SKIC3,TTLL4,IQCB1,PDE4DIP,CD59,LPIN2,MARF1,IPO13,SDC3,TTI1,PHF14,CD68,DEPDC5,N4BP1,CLINT1,NUP93,PRORP,RAPGEF2,EDEM1,PUM1,RIMS2,USP6NL,NOS1AP,TMEM63A,RAB11FIP3,HDAC9,USP34,LAPTM4A,IFT140,ARHGAP32,CLSTN3,PHACTR2,RIPOR2,HDAC4,ADGRE5,KIAA0513,CD151,BCLAF1,ATG13,TBC1D5,CDA,PIEZO1,RNF144A,KIAA0586,MTSS1,PTDSS1,SERTAD2,CTIF,RB1CC1,DNAJC6,MELK,ZEB2,CDK11B,TESPA1,PLEKHM1,ELMO1,GAB2,C2CD5,FARP2,CEP170,MAGI2,PJA2,LRBA,FCHSD2,TBC1D4,FIG4,UBAP2L,SRGAP3,KLHL21,RBM19,RABGAP1L,TMCC2,ATP2C2,ARNT2,SEC16A,RNF10,IQSEC1,KIF14,JOSD1,HELZ,CD302,DLEC1,EXOG,XYLB,GFPT2,WDR1,HS3ST3B1,USP15,USP3,MVP,SLC23A2,NUP153,DOP1B,DMTF1,CDH1,CASP8AP2","Sputum_Mixed granulocytic"
"CC","secretory granule membrane",313,128,2.42054160477251e-06,0.00100007977139728,"LHFPL2,ADAM10,ABCC4,ATP8A1,IQGAP2,CEACAM3,CEACAM8,RAB10,TMED2,CKAP4,TMED10,LILRB3,RAB31,TMC6,EXOC3,SLC15A4,STXBP5,HGSNAT,SIRPA,NFAM1,CYB561,ABCA13,VPS13B,CLEC12A,CD55,AP2A2,SLC30A8,ANO6,STOM,ABCA3,FABP5,FCAR,FCGR3B,ADGRG3,CD93,NFASC,ATP11A,UBR4,GAA,ABCA12,B4GALT1,LAMP3,SIGLEC9,RAB37,ICA1,STING1,IGF2R,TICAM2,ITGAL,ITGAM,ITGAV,ITGB2,ITPR1,ITPR2,TBC1D10C,LAIR1,RHOG,LAMP1,LGALS3,RAB44,MME,TARM1,CEACAM6,OLR1,P2RX1,PCDH7,ATP6V1D,SERPINB6,PLAUR,RHOF,CMTM6,PRCP,AZU1,PSAP,VPS35L,CD177,SLC44A2,PTPRC,PTPRJ,PTPRN2,RAB5B,RAP1B,CEACAM1,SLC17A9,SELL,MMP25,SLC2A5,SLC11A1,SLC18A2,SNCA,SPARC,STK10,BSG,SURF4,VAMP1,SYT1,TNFRSF1B,C3AR1,TRPM2,RAB7A,LPCAT1,ATP8B4,DOK3,DNAJC5,TEX101,ATAD3B,HVCN1,KCNAB2,DEGS1,CAV1,CADPS,SIGLEC5,IQGAP1,VNN1,CPNE1,AP1M1,STBD1,SYNGR1,VAPA,CD9,MS4A3,ORMDL3,CD36,CD44,CD58,CD59,CD68,TMEM63A,PHACTR2,ADGRE5","Sputum_Mixed granulocytic"
"CC","vacuolar membrane",478,192,2.87737547560759e-06,0.00116759786263762,"ABCB6,ATP8A1,HPSE,CEACAM8,CKAP4,PLAAT3,SLC2A6,RNF13,AP2S1,CLCN3,BORCS5,CLCN6,CLCN7,SLC36A4,TMEM45B,SLC15A4,CLTC,PLA2G4E,WDR81,DRAM2,SLC31A2,CP,HGSNAT,CSF3R,CTNS,NFAM1,SLC38A9,CYB561,ABCA13,VPS13B,DAB2,AP2A2,AP1B1,DPP4,ECE1,EGF,ABCA2,RAB12,STOM,SLC36A1,ABCA3,TPCN2,MARCHF8,DAGLB,ZNRF2,WDFY3,TAB2,ATP11A,CLEC16A,SZT2,VPS39,ZFYVE26,ATP6V0A2,PLD3,ATP6V1C2,MTOR,GAA,SLC17A5,B4GALT1,VPS41,LAMP3,GNAI3,GNAQ,GNB1,GPLD1,SLC46A3,SLC36A3,GRN,ANXA2,ANXA6,HLA-DOB,HLA-DPB1,HLA-DQA1,HLA-DQA2,HLA-DQB1,HLA-DQB2,HLA-DRA,HLA-DRB1,HLA-DRB5,RAB37,STING1,TRIM23,KIF5B,LAMP1,LDLR,LNPEP,RAB44,LRP1,LRP2,LYN,ARRB1,MITF,ATXN3,MAP1LC3C,MYO6,CEACAM6,NKG7,NPC1,P2RX4,SIDT2,SH3GLB1,MARCHF2,TEX264,ATP6V1D,ANKFY1,ATP6V1H,ATP6V1B2,ATP6V1C1,ACP2,ATP6V0B,TM6SF1,TPCN1,TLR9,MIOS,CTSA,SLC66A1,CMTM6,MARCHF1,WIPI1,SLC38A7,DRAM1,LAPTM4B,PI4K2A,PRCP,PIP4P2,SLC48A1,MREG,VAC14,LRRC8A,AZU1,PSAP,PSEN2,SPHK2,SPPL2B,SLC44A2,SNX14,RPTOR,ELAPOR1,FNIP2,VPS18,RRAGD,RAP1B,RHEB,SORT1,SLC17A9,MFSD1,DEPTOR,VPS33A,SLC11A1,SURF4,GPR137B,C3AR1,TRPM2,UVRAG,LAPTM5,RAB7A,AHNAK,LPCAT1,CYBRD1,RUBCNL,CUBN,DNAJC5,TRAF3IP3,SLC7A5,ITM2C,VMP1,SBF2,SESN2,STARD3NL,ULK1,STX7,SLC49A4,ABCC11,VNN1,MTMR2,CPNE1,AP1M1,HPS4,ATG16L2,ATP6V0E1,SPAG9,PIP4P1,CD1D,SYNGR1,VAPA,SCARB2,TMEM59,FNIP1,CD68,DEPDC5,TMEM63A,LAPTM4A,RB1CC1,PLEKHM1,LRBA","Sputum_Mixed granulocytic"
"BP","regulation of molecular function",2118,727,3.32076502866225e-06,0.00130106342139845,"ABI1,KCNE3,TANK,PDCD6,DNAJB6,KLRC4-KLRK1,C8orf44-SGK3,SGK2,RAD50,HIPK3,RASGRP1,AKAP9,PLXNC1,TRIM13,RAMP3,NET1,ADAR,CDKN2B,CCL26,NOD1,DLC1,RACK1,ADARB1,RAPGEF3,VAV3,TAB1,MERTK,TRIM38,CAP2,SEMA4D,IPO7,ANP32B,ARFGEF1,RGS14,PPP1R17,MALT1,TMED2,MAPRE2,COPS5,SPINK5,LILRB4,ADAP1,RIPK3,WWP2,RAPGEF4,FAF1,TBC1D8,PKIG,IRAK3,DUSP10,PDCD10,CHN2,CHRM3,NLRP3,CHUK,OSBPL8,ZNF618,ARAP1,AGAP2,AGAP1,RFFL,ADD1,CLU,AGAP11,FGD4,SPPL3,SLC24A4,CMKLR1,WDR81,TBC1D16,TBC1D20,PPARGC1B,ADORA2B,CRHBP,CRHR1,NEK7,CRY2,PARP1,PARP4,MAPK14,CSF1R,CSNK1E,CSNK2B,TTBK2,GSG1L,PIK3R6,TMC8,ADRA1A,COMMD7,NFAM1,COMMD1,CCNYL1,CTSH,CX3CR1,PAQR3,CYLD,CYP1B1,KCTD7,DAB2,DAP,DAPK1,DAXX,ZFPM1,COMMD6,DHFR,DLG1,DMD,DRD4,DUSP3,AGTR1,ECT2,LPAR1,EFNA5,EGF,EGFR,NLRC3,EIF4G1,ELANE,SERPINB1,ABCA2,MARK2,ARHGAP27,CCDC125,C9orf72,EPB41,EPHA1,EPHB3,DIPK2A,AKT1,ERCC4,ERCC5,ERN1,ESR1,EZH2,PTK2B,CCNY,RTKN2,FCER2,MTURN,ADGRG3,FDX1,FER,FGD1,MAPK15,FGF14,FGFR2,FGR,DLGAP4,RAB11FIP2,PPM1E,NLRP1,CARD8,HABP4,RAB3GAP1,TPX2,TBC1D9B,HECW1,RRP1B,ERC1,SIPA1L3,TBC1D2B,RAP1GAP2,TAB2,PLXND1,ANKLE2,LRCH1,GRAMD4,TBC1D9,SNX13,RGL1,FLT1,DNAJC9,SMG6,NEDD4L,SASH1,SZT2,DOCK9,SCRIB,ARHGAP45,PIK3R5,CORO1C,RABGAP1,PLXNB2,SH3BP4,SGK3,ALK,MTOR,ABL1,FYN,CNIH2,SERINC5,TBC1D22A,DSTYK,NGEF,WWTR1,LDLRAP1,TIAM2,GATA3,GCH1,NUPR1,LATS2,RGL4,AMFR,GFI1,CYFIP2,ABL2,LAT,LAMP3,DISC1,STK39,SGSM3,BIN1,GNA12,GNA15,GNAI2,GNAI3,GNAQ,SFN,GPLD1,SLCO3A1,KCNRG,C3orf33,GPR35,ANK3,RAPGEF1,TRIB2,GRN,RGCC,HIPK2,ABR,UHRF1,GSK3B,GSN,PILRB,ANXA1,ANXA2,HCK,HCLS1,HTT,ANXA4,NRG1,HIF1A,HIP1,HLA-DRB1,HNRNPD,HNRNPK,HNRNPU,HTR2B,ID3,STING1,IDE,IFNG,IGF1R,APP,TICAM2,FAS,IL1A,IL1RAP,IL6R,IL10,ITGA6,IRAK2,ITGA1,ITGAM,ITGAV,ITGB1,ITGB2,TBC1D10C,KCNE1,STIMATE,SUMO4,CCL4L1,RHOG,LCK,LCP2,LGALS3,LIMK1,LIMS1,LRP1,LRP6,LRP5,LTF,LYN,MIRLET7B,MIR140,MIR143,MIR17,MIR185,MIR192,MIR195,MIR19B1,MIR20A,MIR200C,MIR21,MIR92A1,ARRB1,SMAD2,SMAD3,ARRB2,SMAD7,MAP2,MARK3,MBP,MEF2C,MEFV,MAP3K5,MGAT5,MNAT1,EIF2AK4,MSH3,ASPH,MTRR,MUC4,MMUT,PPP1R12A,NCBP1,NEDD4,NEDD9,NEK2,NEUROG1,NF1,NFKB1,NGFR,NOS3,NOTCH1,FXYD2,NPPA,ATP2A2,ATP2A3,NRDC,ROR1,NTS,ATP2B4,NVL,MIR378A,OPRM1,P2RY6,FURIN,MINK1,SERPINB2,PAK2,PALM,PRKN,PARN,PAX2,SPOCK3,PAM16,ANGPTL4,LEF1,HERC5,PLCE1,TFDP3,PDCD2,FZR1,TAOK3,MBTPS2,PDE4B,PRKAG2,PDE4D,PDGFA,PDGFB,RTRAF,CDK5RAP1,SUFU,PDPK1,CAB39,RAPGEF6,INPP5K,RSF1,PEX14,PHB1,SERPINA1,SERPINA4,SERPINB6,SERPINB13,PIK3CB,PIK3CG,PIK3R1,PKHD1,PLAUR,PLCB2,BTBD1,PLCG2,FXYD1,FXYD3,PLN,PLXNA1,PLXNA2,PLXNB1,FXYD4,TRIM34,TLR9,ERRFI1,POR,PRMT7,EGLN1,PPARA,PPARG,BCAS3,PXK,LAX1,ODAM,PINX1,PPP1CA,TESC,USP47,RALGPS2,RNF220,PPP6R3,FBXW7,TBC1D2,LGR4,PRIM2,ASAP3,DOCK10,AMBRA1,TBC1D22B,PRKACA,PKIA,CCDC88A,PRKAR1A,PRKAR1B,PRKAR2A,PRKAR2B,FGD6,PRKCB,ADAP2,PRKCE,PRKCH,CAND1,PRKCI,ARHGAP15,DBNDD2,PRKCZ,ERBIN,RCC2,MAPK1,MAPK8,PDGFC,MAP2K1,MAP2K2,MAP2K5,PRLR,AZU1,PSAP,PSEN2,JPH1,SLAMF8,SPHK2,DUSP22,PSMB8,PSMB9,CTNNBIP1,CASS4,CAMK1D,LPAR5,RGL3,RALGAPB,RALGAPA2,PTEN,PBXIP1,TMIGD3,PTK2,SERINC1,HECW2,RPTOR,PTK6,TBC1D14,SIPA1L2,PREX1,RIC1,BEGAIN,STIM2,SH3RF1,PTPN1,ZFYVE28,GBA3,PTPN3,PTPRC,PTPRJ,PTPRO,ARHGAP22,CACTIN,MAP4K2,RAF1,RALB,RALGDS,RAP1GAP,RAP1GDS1,RARA,RASGRF1,RB1,KDM5A,RBL1,RBL2,RXFP1,BCL2,TRIM27,RGS10,BCL3,ROBO1,BCR,RPS3,RPS6KA1,RSU1,RXRA,S100A1,SORT1,S100A9,S100A10,SCN2B,CEACAM1,CCL3,CCL13,BICD1,CCL18,CCL22,BID,SELE,PERP,BLM,VSIR,NOD2,ARHGAP9,SGK1,CLEC7A,ILRUN,SIAH2,CRTC3,DEPTOR,NIBAN2,SIPA1,SKI,WNK1,SLC5A3,AGAP7P,SLC6A9,SLC8A1,BMP7,SLC11A1,SMARCA4,PHACTR4,MTMR9,SNCA,SOD1,SORL1,SOS1,SP100,SPI1,SPINK2,SRC,STAC,STAT3,STIM1,STK3,STK4,CDKL5,SYK,TBXT,ADAM17,TBX6,TCF3,MIR613,TCF7L2,TMBIM6,TEK,TERF2,TFDP1,TGFB1,TGFBR2,TGM2,THBS1,TIAM1,TIE1,TIMP2,TIMP3,SERPING1,GPR137B,TNFAIP3,TNNI3,TPD52L1,TRAF1,TRAF2,TRAF3,TRAF5,TRAF6,TSG101,TSHR,TTN,CCR2,TNFRSF4,TXK,ACOD1,UBE2L3,UBE2V1,UTRN,UVRAG,VAV2,WARS1,WFS1,WRN,XRCC4,XRCC5,YWHAG,YWHAH,ZFP36,TRIM26,CACNA1C,CACNA1D,LAPTM5,CACNA2D1,EVI5,CACNB1,CACNB2,CACNB4,USP7,KCNAB1,DBNDD1,AHNAK,CARD14,DERL1,CCNJL,HMBOX1,PRKRIP1,NHEJ1,CAAP1,GRHL2,PSME3IP1,CALM1,CDK5RAP3,PDGFD,NDFIP1,DUSP16,SH3BP5L,ACTN4,ANKRD13C,VMP1,CAMK2D,MED25,CAPN1,CAPN3,PICALM,CAST,AXIN1,CASP1,APH1B,ARHGAP24,CASP2,ITCH,TBC1D10A,ADGRV1,DTNBP1,BCAR3,PPP1R1B,ARID5B,NLRC5,GARNL3,CASP10,VPS25,CARD11,DOT1L,CASQ2,TTBK1,PSRC1,CRACR2A,GPR65,HAVCR2,ORAI1,UBASH3B,PKP4,DGKZ,CST7,BHLHE40,CDC14B,CAV1,PLPP3,OASL,AOC3,TNKS,SERPINA6,S1PR4,CRADD,TNFSF10,ADAM9,FADD,TNFRSF11A,TNFRSF10B,TNFRSF10A,IL18RAP,IL18R1,IQGAP1,NRP1,CFLAR,KSR1,KAT2B,LDB1,ARHGEF7,CCNA1,CPNE1,BTRC,CCND3,FGD3,RPS6KA4,TRIM15,TNFSF18,OTULIN,BTAF1,DIRAS3,LATS1,CCNB2,MAP3K13,DLGAP1,CCPG1,ITGB1BP1,NHERF1,PLAA,CD86,GSTO1,AIM2,MAP4K4,EIF2AK3,SH3BP5,AKAP6,CD36,SCARB2,MACROH2A1,CLOCK,CD44,ARHGEF10,FNIP1,PPM1F,RALGPS1,RAPGEF2,ST18,USP6NL,NOS1AP,HDAC9,RIPOR2,HDAC4,RAPGEF5,TBC1D5,MAGI2,TBC1D4,KIF14,ARHGAP25,MVP,TNFSF15,CASP8AP2","Sputum_Mixed granulocytic"
"BP","positive regulation of cell-cell adhesion",319,136,3.3207920454634e-06,0.00130106342139845,"ADA,KLRC4-KLRK1,RASGRP1,BTN2A2,KAT5,LILRB1,MALT1,LILRB4,CORO1A,DUSP10,NLRP3,SIRPA,CSK,PIK3R6,CTSG,CD55,DPP4,EFNB2,ELANE,AKT1,ETS1,FCHO1,ICOSLG,ALOX5,MTOR,ABL1,FUT4,FUT7,FYN,GATA3,GCNT1,GCNT2,ABL2,GLI2,CCDC88B,ANK3,CD274,ANXA1,HLA-DOB,HLA-DPB1,HLA-DQA1,HLA-DQA2,HLA-DQB1,HLA-DQB2,HLA-DRA,HLA-DRB1,HLA-DRB5,HLX,RNASE10,IFNG,IL1A,IL7R,IL10,IL15,ITGB2,ITPKB,JAK1,LCK,LGALS1,RHOH,LYN,MIR21,MIR92A1,SMAD7,AFDN,CEACAM6,NCK1,ZBTB7B,LEF1,CYRIB,PDPK1,PLAUR,SASH3,KIF26B,PBRM1,PPP3CA,SIRPG,AMBRA1,PRKCZ,ZMIZ1,ARID1B,GPAM,PTPN11,PTPRC,RARA,BCL6,RPS3,SELE,VSIR,NOD2,KLHL25,SHB,RASAL3,SLC7A1,BMP7,SMARCA2,SMARCA4,SMARCC1,SMARCD1,SMARCD2,SOX12,SPN,SPTA1,SRC,STAT5B,SYK,TGFBR2,TRAF6,CCR2,ZBTB16,ZP3,NR4A3,CD276,NCK2,CARD11,HAVCR2,CAV1,RUNX1,PLPP3,RUNX3,CBFB,ADAM19,FADD,IL1RL2,VNN1,CD1D,CD3E,CD5,MAGI1,CD6,CD83,CD27,CD80,CD86,CD44,CD81,PIEZO1,TESPA1","Sputum_Mixed granulocytic"
"BP","positive regulation of lymphocyte activation",325,136,3.92834325433167e-06,0.0015130113917192,"ADA,KLRC4-KLRK1,RASGRP1,BTN2A2,VAV3,KAT5,LILRB1,MALT1,LILRB4,CORO1A,DUSP10,NLRP3,SIRPA,CSK,PIK3R6,SHLD1,CD55,DPP4,GPR183,EFNB2,AKT1,FCHO1,ICOSLG,MTOR,ABL1,FYN,GATA3,ABL2,GLI2,CCDC88B,CD274,SH3KBP1,ANXA1,HLA-DOB,HLA-DPB1,HLA-DQA1,HLA-DQA2,HLA-DQB1,HLA-DQB2,HLA-DRA,HLA-DRB1,HLA-DRB5,HLX,IFNG,TICAM2,IL1A,IL7R,IL10,IL15,IL15RA,INPP5D,ITPKB,LAMP1,LCK,LGALS1,RHOH,LYN,MIR21,MEF2C,MPL,NCK1,ZBTB7B,LEF1,CD320,CYRIB,PDPK1,TLR9,SASH3,SHLD2,PBRM1,PPP3CA,SIRPG,AMBRA1,PRKCZ,PRKDC,PRLR,PELI1,ZMIZ1,ARID1B,GPAM,PTPN11,PTPRC,RARA,BCL2,BCL6,RPS3,ZNF335,VSIR,NOD2,KLHL25,CLEC7A,SHB,RASAL3,SLC7A1,SMARCA2,SMARCA4,SMARCC1,SMARCD1,SMARCD2,SOX12,SPI1,SPN,SPTA1,SRC,STAT5B,SYK,TGFB1,TGFBR2,TRAF6,CCR2,TNFRSF4,NSD2,ZBTB16,ZP3,CD276,NCK2,CARD11,HAVCR2,CAV1,RUNX1,RUNX3,CBFB,FADD,IL1RL2,VNN1,CD1D,CD3E,CD5,CD6,CD83,CD27,CD80,CD86,CD38,CD81,TOX,TESPA1","Sputum_Mixed granulocytic"
"BP","cellular response to organic substance",2029,679,4.26582292273393e-06,0.00161560933493676,"TANK,BCL2L11,KLRC4-KLRK1,IFNL4,AKAP9,CALCRL,RAMP1,RAMP3,PAK4,ADAR,TNIP1,CCL26,NOD1,RACK1,PIAS3,RAPGEF3,PRMT5,BAIAP2,TADA3,UNC13B,NCOA2,DDX17,KAT5,CEBPE,AGR2,SORBS1,CES1,CXCR6,SLC12A7,GIPC1,TRAF3IP2,KDM5B,ADCY2,CCR9,LILRB1,ARID5A,RAB10,MALT1,TMED2,COPS5,LILRB4,RAB31,ABHD2,PRDM5,CORO1A,IRAK3,PDCD10,PADI2,CHRM2,VPS26B,CHRM3,NLRP3,CHUK,OSBPL8,C1QTNF4,FBXO32,GBP5,SLC22A12,IL22RA2,RFFL,AP3S1,CCR1,CCR4,CMKLR1,CNTFR,COL3A1,COL4A1,IQGAP3,COL16A1,IL17RE,IL31RA,PPARGC1B,CPB2,CPT1A,CREB1,ATF6B,CRHBP,CRHR1,CRY2,SIRPA,PARP1,MAPK14,CSF1R,SESN3,CSF3R,CSK,CSNK2B,CTBP2,RC3H1,COMMD7,AANAT,CTSB,CTSG,CTSH,CX3CR1,SLC38A9,CYLD,CYP1B1,BMT2,GRK2,DAB2,CD55,DAPK1,DAXX,UBXN2A,DEFA1,DEFA3,DEFA4,DEFA5,ZNF366,DNMT3A,AGRP,DRD4,AGTR1,ABCA1,LPAR1,EFNA5,EGFR,AHR,EIF2S1,METTL21C,UBR1,EIF4E,DNAJC18,HIPK1,AKT1,AKT2,ERN1,ESR1,ALAD,ESRRA,EXT1,EZH2,FABP4,ACSL1,PTK2B,FASN,FDX1,FECH,FER,FGFR2,MTF2,RAB11FIP2,PPM1E,CARD8,SBNO2,ATF6,CNOT1,FOXO1,KDM4C,LRCH1,FLNB,LPIN1,KANK1,CYFIP1,MLC1,SIK2,PLCB1,SATB2,CUX2,SASH1,LARP1,RHOQ,ABCB10,LEPROTL1,FOLR2,SPIDR,FOS,RBFOX2,CDC42EP4,SH3BP4,IL17RA,ALK,MTOR,ALPL,NR5A2,ABL1,NR5A1,FUT7,ACKR1,FYN,YTHDF3,GAB1,SAMHD1,KANK2,TIPARP,LDLRAP1,ZBTB20,ABCA12,STAP1,GATA3,GCG,KAT2A,LATS2,PCOLCE2,AMFR,GFI1,ABL2,PELP1,FOXP1,SNX5,TNFRSF21,SESN1,GCLC,STK39,GNA15,GNAI2,GNAI3,GNAQ,GNB1,GNRHR,GPD1,GPLD1,SLC46A3,GPR17,GPR21,NKIRAS1,RUFY4,GPR35,FFAR3,GRB10,RAPGEF1,GIT1,NR3C1,TBK1,CD274,GSK3B,GSN,SNX10,ANXA1,HCK,HCLS1,HCRTR2,HIF1A,HK2,ACACA,HLA-DRB1,HNRNPD,HNRNPU,HRH1,HRH2,HTR2B,HTR3A,HTR7,ICAM1,IRF8,BRINP3,ID3,STING1,IDE,IFNAR2,IFNG,IFNGR2,IGF1R,IGFBP7,APP,CASTOR3P,TICAM2,FAS,IL1A,IL1R1,IL1RAP,IL6R,IL7R,IL10,IL15,IL15RA,INHBA,ITGA6,IRAK2,AQP9,IRF7,ITGA2,ITPR1,ITPR2,JAK1,JAK3,JARID2,KCNB1,KCNE1,KCNQ1,KIF5B,ARG1,KRT8,SCIMP,CCL4L1,C1QTNF12,LDLR,LEPR,LIMS1,LMO2,LPL,LRP1,LRP6,LRP5,LSP1,LTF,CD180,LYN,MIR140,MIR143,MIR145,MIR17,MIR185,MIR195,MIR20A,MIR21,MIR92A1,SMAD1,ARRB2,SMAD7,MAX,MCM2,MEF2C,MAP3K5,ATXN3,MME,MMP2,MMP8,MPL,ABCC1,CARD17P,RHEX,MSR1,MX1,MYB,MYO1C,MYO5A,ATF3,NCK1,NEDD4,NFATC1,NFIL3,NFKB1,NGFR,NOS3,CNOT2,NOTCH1,NPC1,NR4A2,ATP2B4,TIFAB,OPRM1,OSM,P2RX3,P2RX4,P2RX7,P2RY6,P4HB,IL21R,PAK2,PALM,PRKN,PAX2,ZBTB7B,PCK2,SIDT2,LEF1,MBTPS2,UBR5,PDE2A,PDE3B,PDE4B,VPS54,PDGFB,ACKR4,PDK4,PDPK1,INPP5K,TM7SF3,PFKP,PHB1,PIK3CG,PIK3R1,PIP4K2A,PKLR,PKM,BCL11A,PLCG2,PLP2,PML,TLR9,GPR173,GNG2,SSH1,XRN1,TOLLIP,RBM47,PPARA,PPARD,PPARG,PPBP,LEPROT,BCAS3,BSPRY,WBP1L,PARP16,TESC,PID1,PHIP,TMEM38B,TMEM33,APPL2,UBE2W,PPP3CA,PRCP,ZDHHC7,PRKAA2,RAB20,PRKACA,DENND4C,PRKAR1A,UGGT2,PRKCA,PRKCB,TRERF1,PRKCE,PRKCI,LMO3,MYNN,PRKCZ,PRKDC,ERBIN,MAPK1,MAPK8,MAPK13,PDGFC,TEX14,PRLR,SPHK2,SPPL2B,PMEPA1,PDXP,PLSCR3,AGTRAP,ZMIZ1,PTGER2,AICDA,RHBDD2,PTGS2,MIR520C,PTK2,GRAMD1B,ARID1B,RPTOR,PTK6,WDR35,STAMBPL1,VPS18,GRAMD1A,PTPN1,EPG5,PTPN11,PTPRA,PTPRC,PTPRE,PTPRJ,PTPRN2,PXN,CACTIN,RRAGD,LY6G6D,RAD23B,RAF1,RALB,RAP1B,RAP1GDS1,RARA,RARG,RB1,HRH4,RXFP1,BCL2,UPF1,BCL2L1,RFX2,RGS10,ROBO1,RORA,RORC,RPE65,RPL3,BCR,RPS3,RPS6KA2,RXRA,RYR1,RYR3,SCNN1A,CEACAM1,CCL3,CCL13,CCL18,CCL22,GOLPH3,BLM,NPFFR1,NOD2,IFIH1,MAP2K4,HERPUD2,SRSF7,ZNF106,SGK1,CLEC7A,SMYD3,SKP2,SLC1A2,WNK1,SLC2A4,SLC2A5,NADK,SLC8A1,SLC34A1,SLIT3,SMARCA4,SMARCC1,SMARCD1,SNCA,SORL1,SOS1,SP100,SPI1,SRC,SREBF1,ZFP36L1,STAT3,STAT5B,SYK,ADAM17,TCF7,TMBIM6,TFPI,TGM2,THBS1,TSPO,THRA,THRB,TIAM1,TIMP3,TLE4,TNFAIP3,TNFRSF1A,TNFRSF1B,TOP2B,TPR,TRAF1,TRAF2,TRAF3,TRAF5,TRAF6,TRPM2,TSHR,DEFA1B,CCR2,TNFRSF4,TXK,ACOD1,UBE2L3,UCP3,UGCG,VIM,VRK2,WFS1,WNT8B,WT1,XRCC5,YWHAG,YWHAH,ZFP36,CA2,CACNA1A,ZNF236,LAPTM5,CACNA2D1,CACNB1,PXDN,PAX8,CACNB4,CARD14,DERL1,BAG6,ADIPOR2,UBA5,CALM1,NR4A3,CDK5RAP3,NCOA4,PDGFD,CPEB4,PNPLA3,CSRP3,ACTN4,WNT5B,ZBP1,COLEC12,CALR,SLC7A5,DCSTAMP,ADAMTS12,NRIP1,CASP1,PLVAP,CCDC3,SESN2,CASP6,CASP7,DTNBP1,ULK1,BCAR3,PPP1R1B,ARID5B,NLRC5,SLC25A33,NCK2,LCOR,CASQ2,CUL3,CASR,KLF11,IL1F10,DGAT2,GPT2,ADTRP,KLHL22,HAVCR2,TMTC4,CAV1,KLF7,PLPP1,STC2,OASL,AKR1C3,NCOA1,MBTPS1,ADAM9,FADD,TNFRSF11A,IL18RAP,IL1RL2,IL18R1,NRP2,SOCS2,CFLAR,KAT2B,CPNE1,MBD2,BTRC,UMODL1,RPS6KA4,TNFSF18,OTULIN,CCRL2,USP10,USP8,LATS1,RNF185,SYNGR1,IL1RL1,MYLK3,LARGE1,VAPB,CD6,NUMBL,MAPKAPK2,TRIP4,NHERF1,PLAA,RECQL5,CD80,CD86,AIM2,LY86,EIF2AK3,AKAP6,CD36,STX8,EEF1E1,CLOCK,AKAP12,CD44,NCOR2,ZNF592,CTR9,CD58,LPIN2,CD68,RAPGEF2,ST18,HDAC9,RIPOR2,HDAC4,BCLAF1,C2CD5,TBC1D4,GFPT2,SLC23A2,NR1H4,CDH1,SLC12A6","Sputum_Mixed granulocytic"
"MF","phospholipid binding",482,205,4.61708235585228e-06,0.001719976712367,"PIGK,C8orf44-SGK3,CERT1,RASGRP1,UNC13B,CETP,IQGAP2,ADAP1,NISCH,ANXA10,PACSIN2,NLRP3,OSBPL1A,OSBPL5,OSBPL8,OSBPL10,CIDEA,FCHO2,ARAP2,ARAP1,AGAP1,TPP1,PLA2G4E,SNX20,PIGU,CPNE4,CLVS2,FRMPD2,TOM1L2,ENTHD1,COMMD1,CPNE9,VPS13B,CLVS1,DENND1B,DEFB4A,ABCA1,LPAR1,EPB41,AKT1,TPCN2,CPNE2,FCGR3B,EPN2,WDFY3,GGA2,ARHGAP26,SNX13,ZCCHC14,PASK,PLCB1,EXOC7,ZFYVE26,PSD4,PHLDA3,PLA2G15,SGK3,PITPNB,NR5A2,NR5A1,SYT14,SNX33,GGA1,WIPI2,LDLRAP1,PITPNC1,STAP1,PLEK2,MYOF,SDCBP2,SNX5,BIN1,PLA2G4D,GSDMA,RUFY4,SH3PXD2B,GRK5,SNX24,ARHGAP35,GSN,SNX8,SNX10,ANXA1,ANXA2,ANXA4,ANXA6,HIP1,ANXA11,ITPR1,ITPR2,KCNQ1,GLTPD2,SNX30,MME,UNC13C,MAP1LC3C,MYO1B,MYO1E,NCF4,NF1,NUMA1,OPA1,PEBP1,ASAP1,PLEKHA8P1,GLTP,PCYT1A,BIN2,ANKFY1,RAPGEF6,ATP8B1,PIK3C2B,PIK3C2G,PITPNA,PLA2G4A,PLCB2,PLCD1,TPCN1,PLEKHA5,BCAS3,SYTL2,PXK,CLN6,EPN3,PLEKHB2,WIPI1,ATG2B,APPL2,GOLPH3L,LAPTM4B,PPT1,MREG,CCDC88A,ADAP2,PRKCI,WDR45B,PARD3,PSAP,SMURF1,SNX14,GRAMD1B,PREX1,WDFY1,PITPNM2,PHF12,PLEKHA4,CPNE5,DENND1A,ZFYVE28,RPE65,MYO1G,GOLPH3,ARHGAP9,DEPTOR,MPPE1,NCF1C,SLC9A3,SNCA,SNX1,SNX2,SPTBN1,SVIL,SYT1,TEC,THBS1,TLN1,TULP1,VDAC1,MAPKAP1,GSDMD,DENND1C,BAIAP2L2,RUBCNL,STAM,PNPLA3,SNX27,SBF2,CAPG,DYSF,PICALM,MYCBPAP,EEA1,SGIP1,RASAL1,ZFYVE19,MICALL1,GBF1,IQGAP1,CPNE1,PLCZ1,SYT8,SNX21,SNX29,RCSD1,CPNE6,SYTL3,PICK1,SCARB2,ABCG1,SH3PXD2A,CLINT1,RAPGEF2,ARHGAP32,MTSS1,GAB2,C2CD5,FCHSD2","Sputum_Mixed granulocytic"
"BP","leukocyte differentiation",618,235,4.77939756652538e-06,0.00174353407302482,"ADA,C17orf99,RASGRP1,CDH17,CDK6,LRRC17,IKZF1,BTN2A2,PIAS3,MERTK,KAT5,CEBPE,TRAF3IP2,CCR9,LILRB1,MALT1,SPINK5,LILRB4,LILRB3,RIPK3,DUSP10,CMTM7,NLRP3,PGLYRP2,SLAMF6,CCR1,OSCAR,TMEM178A,KLF6,IL31RA,PPARGC1B,CREB1,ZBTB46,PARP1,MAPK14,CSF1R,PIK3R6,RC3H1,CTLA4,NFAM1,ZFPM1,TMEM64,DOCK2,GPR183,EZH2,FANCA,PTK2B,FASN,ADGRG3,SBNO2,PLCL2,TMEM131L,FOS,MTOR,ABL1,FUT7,HECTD1,DHRS7B,GATA3,CLEC4E,KAT2A,FOXP1,GLI2,SIGLEC15,NR3C1,BLNK,SNX10,ANXA1,ANXA2,HCLS1,HLA-DRA,HLA-DRB1,HLX,IRF8,IFNG,APP,RBPJ,IL1A,IL6R,IL7R,IL10,IL15,IL15RA,INHBA,INPP5D,IREB2,IRF4,IRF7,ITGB1,ITPKB,JAK1,JAK3,NRROS,LAG3,LBR,LCK,LEPR,LFNG,LGALS1,LIG4,RHOH,LTF,LYL1,LYN,MIR145,MIR21,MIR17HG,SMAD7,MITF,KMT2A,MYB,NEDD9,NF1,NFATC1,NFIL3,NOTCH2,PBX1,ZBTB7B,LEF1,VPS54,PIK3R1,PKNOX1,PLCG2,TLR9,SASH3,PPARG,TET2,TESC,PBRM1,FBXW7,PPP3CA,DOCK10,AMBRA1,CHD7,LMBR1L,PRKCA,PRKCZ,PRKDC,CRTAM,LRRC8A,SLAMF8,CTNNBIP1,ZMIZ1,AICDA,ARID1B,RPTOR,PREX1,SH3RF1,PTPRC,PTPRJ,RARA,RB1,BCL2,BCL3,BCL6,RORA,RORC,CEACAM1,CCL3,VSIR,SEMA4A,KLHL25,DCLRE1C,SHB,ST3GAL1,BCL11B,SMARCA2,SMARCA4,SMARCC1,SMARCD1,SMARCD2,SOD1,SOS1,SOX12,SPI1,SPN,SRC,BRAF,ZFP36L1,STAT3,STAT5B,SYK,ADAM17,TCF3,TCF7,TGFB1,TGFBR2,GPR137B,TNFAIP6,C1QC,TOP2B,TPD52,TRAF6,TRPM2,CCR2,ZBTB16,LRRK1,NHEJ1,NDFIP1,DCSTAMP,CLPB,PRXL2A,CASP10,CARD11,SYVN1,UBASH3B,LY6D,RUNX2,RUNX1,CBFA2T3,RUNX3,CBFB,FADD,TNFRSF11A,IL1RL2,IL18R1,CCN4,VNN1,PGLYRP1,TNFSF18,CD1D,RSAD2,CD3E,IL1RL1,LARGE1,CD83,CD27,CD80,CD86,ATG5,SH3PXD2A,FNIP1,PHF14,HDAC9,CD79B,CD81,HDAC4,TOX,TESPA1,GAB2,FARP2","Sputum_Mixed granulocytic"
"BP","regulation of cytokine production",862,281,4.83377251366677e-06,0.00174353407302482,"TANK,KLRC4-KLRK1,RASGRP1,CD96,BTN2A2,NOD1,GPNMB,MERTK,TRIM38,KAT5,POLR3C,TRIM16,IGF2BP2,HPSE,LILRB1,ARID5A,MALT1,BTNL3,TMED10,KCNQ1OT1,LILRB4,RIPK3,BTN3A2,IRAK3,NLRP3,ERMAP,CHUK,PGLYRP2,SLAMF6,C1QTNF3,CIDEA,C1QTNF4,GBP5,CLNK,CLU,CMKLR1,ADORA2B,SIRPA,MAPK14,CSF1R,CSK,NFAM1,CX3CR1,BTNL9,CYLD,CYP1B1,CD55,ZFPM1,DENND1B,DEFA5,DHX36,NLRC3,ELANE,SERPINB1,ELF1,EZH2,ZBTB12,FGR,NLRP1,CARD8,MAPKBP1,MAST2,RFTN1,DTX4,PLCB1,ICOSLG,SCRIB,PLD3,IL17RA,ALOX5,ABL1,ACKR1,ZBTB20,TRAF3IP1,LRRC32,GATA3,CLEC4E,KAT2A,NPTN,GJA8,FOXP1,C5AR2,TNFRSF21,CCDC88B,CLEC9A,CXCL17,FFAR3,TRIB2,GIT1,RGCC,SETD2,TBK1,CD274,ANXA1,ANXA4,HIF1A,HK1,HLA-DPB1,HLA-DRB1,HTR2B,IRF8,STING1,IFNG,APP,TICAM2,IL1A,IL1R1,IL1RAP,IL6R,IL10,IL15,IL16,INHBA,INPP5D,IRF4,IRF7,ITGAV,JAK3,ARG1,SCIMP,LAG3,LPL,LTBP1,LTF,LUM,LYN,MIR140,MIR145,MIR155,MIR17,MIR185,MIR192,MIR195,MIR19A,MIR19B1,MIR20A,MIR200C,MIR21,MIR214,MIR302A,MIR92A1,ARRB1,SMAD3,ARRB2,SMAD7,MBP,MEFV,MMP8,CARD17P,MIR302C,MIR302D,MYB,NFKB1,MIR378A,OSM,P2RX7,FURIN,ZBTB7B,LEF1,PDE4B,PDE4D,HDAC7,CYRIB,CD244,PHB1,PIK3CG,PIK3R1,UBASH3A,PLCG2,PML,ACP5,TLR9,SASH3,RNF216,RBM47,PPARA,BANK1,APPL2,LAPTM4B,LGR4,NPLOC4,INAVA,PRKCZ,ERBIN,SULF2,MAPK13,MAP2K5,CRTAM,AZU1,SPHK2,PELI1,PTGS2,MIR520C,ZBTB2,GPAM,PTPN11,PTPRC,PTPRJ,CACTIN,RAD21,RARA,TRPV4,TRIM27,BCL3,BCL6,RORA,RPS3,S100A13,CEACAM1,CCL3,VSIR,NOD2,IFIH1,SFTPD,CLEC7A,ILRUN,LGALS9C,SLC11A1,CHID1,SOD1,SORL1,SPN,SPTBN1,SRC,STAT3,STAT5B,SYK,ADAM17,TGFB1,THBS1,TSPO,TLR5,TNFAIP3,TNFRSF1B,TNXB,TRAF2,TRAF3,TRAF6,C3AR1,CCR2,TXK,ACOD1,ZFP36,ZNF131,ZBTB17,ZP3,LAPTM5,NOX5,NLRX1,GSDMD,BTNL8,NR4A3,TRAF3IP3,CD276,NDFIP1,FXR1,SLC7A5,CASP1,ITCH,FRMD8,RNF135,CARD11,CUL3,SPINK7,SEMA7A,KLHL22,HAVCR2,RUNX1,FADD,IL1RL2,IL18R1,IQGAP1,CD84,CCN4,NAV3,RPS6KA4,TRIM15,PGLYRP1,RSAD2,CD3E,IL1RL1,DDX21,CD6,MAPKAPK2,CD83,CD80,CD86,AIM2,EIF2AK3,HOMER2,CD34,ATG5,CD36,AKAP12,CD58,N4BP1,HDAC9,CD81,NR1H4","Sputum_Mixed granulocytic"
"MF","GTPase regulator activity",479,216,6.61963532176508e-06,0.00227420200259327,"DNM1L,RASGRP1,FAM13A,FARP1,TNK2,DENND4A,NET1,DLC1,RAPGEF3,VAV3,IPO7,ARFGEF1,RGS14,IQGAP2,RCBTB2,ADAP1,RCC1,RAPGEF4,TBC1D8,AKAP13,CHN2,ARAP2,ARAP1,AGAP2,AGAP1,TAGAP,AGAP11,FGD4,TBC1D16,RINL,IQGAP3,TBC1D20,STXBP5,SIRPA,SLC38A9,PLEKHG4B,DENND1B,DOCK1,DOCK2,DOCK3,ECT2,EGF,ARHGAP27,C9orf72,SPATA13,FGD1,RASA3,DENND3,RAB3GAP1,RIMS1,TBC1D9B,SWAP70,MYCBP2,ARHGAP26,SIPA1L3,IQSEC2,MCF2L2,TBC1D2B,RAP1GAP2,TBC1D9,RGL1,ARHGEF9,PLCB1,DENND5A,DOCK9,PSD3,ARHGAP45,PSD4,RABGAP1,SH3BP4,TBC1D22A,NGEF,PLEKHG3,GAPVD1,TIAM2,FBXO8,ARFGAP3,SERGEF,RGS17,GDI2,RGL4,CYTH4,SGSM3,GNAQ,RAPGEF1,GIT1,ABR,ARHGAP35,HMGCR,HPS1,AGFG1,HTR2B,TBC1D10C,ARHGDIB,RHOH,ARRB1,IQSEC3,PLEKHG7,CCDC88C,MYO9B,NF1,NUCB1,ITSN2,ARHGEF3,ASAP1,PLCE1,RAPGEF6,PLXNB1,ERRFI1,RIN2,RHOF,EPS8L1,RALGPS2,ARHGAP17,ARHGEF10L,PLEKHG6,TBC1D19,TBC1D2,ASAP3,DOCK10,TBC1D22B,DENND4C,CCDC88A,FGD6,ADAP2,ARHGAP15,RCC2,RGL3,RALGAPB,RALGAPA2,DENND11,PLEKHG1,ARHGAP31,SRGAP1,TBC1D14,SIPA1L2,ARHGAP20,PREX1,ARHGAP21,RIC1,ADGRB3,DENND1A,ARHGAP22,RALGDS,RAP1GAP,RAP1GDS1,RASA1,RASGRF1,RGS3,RGS10,RGS12,BCR,ARHGEF28,ARHGAP9,RGS18,ITSN1,SMAP2,RASAL3,SIPA1,AGAP7P,SOS1,DENND2B,TBCD,TIAM1,TRIO,VAV2,EVI5,ARHGAP10,RABEP2,RIN3,DENND1C,DENND2D,DOCK5,SH3BP5L,SBF2,ARHGAP24,SESN2,TBC1D10A,ANKRD27,BCAR3,GARNL3,RASAL1,MADD,GBF1,IQGAP1,NRP1,SYNGAP1,ASAP2,ARHGEF7,HERC2,HERC1,HPS4,FGD3,KALRN,STARD13,ARHGEF1,CYTH1,ITGB1BP1,ARHGAP18,ARHGEF6,RASAL2,SH3BP5,VPS9D1,ARHGEF10,RALGPS1,DEPDC5,RAPGEF2,USP6NL,ARHGAP32,RAPGEF5,TBC1D5,GIT2,ELMO1,FARP2,TBC1D4,SRGAP3,RABGAP1L,IQSEC1,ARHGAP25","Sputum_Mixed granulocytic"
"MF","nucleoside-triphosphatase regulator activity",479,216,6.61963532176508e-06,0.00227420200259327,"DNM1L,RASGRP1,FAM13A,FARP1,TNK2,DENND4A,NET1,DLC1,RAPGEF3,VAV3,IPO7,ARFGEF1,RGS14,IQGAP2,RCBTB2,ADAP1,RCC1,RAPGEF4,TBC1D8,AKAP13,CHN2,ARAP2,ARAP1,AGAP2,AGAP1,TAGAP,AGAP11,FGD4,TBC1D16,RINL,IQGAP3,TBC1D20,STXBP5,SIRPA,SLC38A9,PLEKHG4B,DENND1B,DOCK1,DOCK2,DOCK3,ECT2,EGF,ARHGAP27,C9orf72,SPATA13,FGD1,RASA3,DENND3,RAB3GAP1,RIMS1,TBC1D9B,SWAP70,MYCBP2,ARHGAP26,SIPA1L3,IQSEC2,MCF2L2,TBC1D2B,RAP1GAP2,TBC1D9,RGL1,ARHGEF9,PLCB1,DENND5A,DOCK9,PSD3,ARHGAP45,PSD4,RABGAP1,SH3BP4,TBC1D22A,NGEF,PLEKHG3,GAPVD1,TIAM2,FBXO8,ARFGAP3,SERGEF,RGS17,GDI2,RGL4,CYTH4,SGSM3,GNAQ,RAPGEF1,GIT1,ABR,ARHGAP35,HMGCR,HPS1,AGFG1,HTR2B,TBC1D10C,ARHGDIB,RHOH,ARRB1,IQSEC3,PLEKHG7,CCDC88C,MYO9B,NF1,NUCB1,ITSN2,ARHGEF3,ASAP1,PLCE1,RAPGEF6,PLXNB1,ERRFI1,RIN2,RHOF,EPS8L1,RALGPS2,ARHGAP17,ARHGEF10L,PLEKHG6,TBC1D19,TBC1D2,ASAP3,DOCK10,TBC1D22B,DENND4C,CCDC88A,FGD6,ADAP2,ARHGAP15,RCC2,RGL3,RALGAPB,RALGAPA2,DENND11,PLEKHG1,ARHGAP31,SRGAP1,TBC1D14,SIPA1L2,ARHGAP20,PREX1,ARHGAP21,RIC1,ADGRB3,DENND1A,ARHGAP22,RALGDS,RAP1GAP,RAP1GDS1,RASA1,RASGRF1,RGS3,RGS10,RGS12,BCR,ARHGEF28,ARHGAP9,RGS18,ITSN1,SMAP2,RASAL3,SIPA1,AGAP7P,SOS1,DENND2B,TBCD,TIAM1,TRIO,VAV2,EVI5,ARHGAP10,RABEP2,RIN3,DENND1C,DENND2D,DOCK5,SH3BP5L,SBF2,ARHGAP24,SESN2,TBC1D10A,ANKRD27,BCAR3,GARNL3,RASAL1,MADD,GBF1,IQGAP1,NRP1,SYNGAP1,ASAP2,ARHGEF7,HERC2,HERC1,HPS4,FGD3,KALRN,STARD13,ARHGEF1,CYTH1,ITGB1BP1,ARHGAP18,ARHGEF6,RASAL2,SH3BP5,VPS9D1,ARHGEF10,RALGPS1,DEPDC5,RAPGEF2,USP6NL,ARHGAP32,RAPGEF5,TBC1D5,GIT2,ELMO1,FARP2,TBC1D4,SRGAP3,RABGAP1L,IQSEC1,ARHGAP25","Sputum_Mixed granulocytic"
"CC","lysosomal membrane",435,176,6.70531306872686e-06,0.00227420200259327,"ABCB6,ATP8A1,HPSE,CEACAM8,CKAP4,PLAAT3,SLC2A6,RNF13,AP2S1,CLCN3,BORCS5,CLCN6,CLCN7,SLC36A4,TMEM45B,SLC15A4,CLTC,PLA2G4E,WDR81,DRAM2,SLC31A2,CP,HGSNAT,CSF3R,CTNS,NFAM1,SLC38A9,CYB561,ABCA13,VPS13B,DAB2,AP2A2,AP1B1,DPP4,ECE1,EGF,ABCA2,RAB12,STOM,SLC36A1,ABCA3,TPCN2,MARCHF8,DAGLB,ZNRF2,TAB2,ATP11A,CLEC16A,SZT2,VPS39,ZFYVE26,ATP6V0A2,PLD3,ATP6V1C2,MTOR,GAA,SLC17A5,B4GALT1,VPS41,LAMP3,GNAI3,GNAQ,GNB1,GPLD1,SLC46A3,GRN,ANXA2,ANXA6,HLA-DOB,HLA-DPB1,HLA-DQA1,HLA-DQA2,HLA-DQB1,HLA-DQB2,HLA-DRA,HLA-DRB1,HLA-DRB5,RAB37,TRIM23,KIF5B,LAMP1,LDLR,LNPEP,RAB44,LRP1,LRP2,LYN,ARRB1,MITF,ATXN3,MYO6,CEACAM6,NKG7,NPC1,P2RX4,SIDT2,MARCHF2,ATP6V1D,ANKFY1,ATP6V1H,ATP6V1B2,ATP6V1C1,ACP2,ATP6V0B,TM6SF1,TPCN1,TLR9,MIOS,CTSA,SLC66A1,CMTM6,MARCHF1,SLC38A7,DRAM1,LAPTM4B,PI4K2A,PRCP,PIP4P2,SLC48A1,MREG,LRRC8A,AZU1,PSAP,PSEN2,SPHK2,SPPL2B,SLC44A2,SNX14,RPTOR,ELAPOR1,FNIP2,VPS18,RRAGD,RAP1B,RHEB,SORT1,SLC17A9,MFSD1,DEPTOR,VPS33A,SLC11A1,SURF4,GPR137B,C3AR1,TRPM2,LAPTM5,RAB7A,AHNAK,LPCAT1,CYBRD1,CUBN,DNAJC5,TRAF3IP3,SLC7A5,ITM2C,SESN2,STARD3NL,STX7,SLC49A4,VNN1,CPNE1,AP1M1,HPS4,ATP6V0E1,SPAG9,PIP4P1,CD1D,SYNGR1,VAPA,SCARB2,TMEM59,FNIP1,CD68,DEPDC5,TMEM63A,LAPTM4A,PLEKHM1,LRBA","Sputum_Mixed granulocytic"
"CC","lytic vacuole membrane",435,176,6.70531306872686e-06,0.00227420200259327,"ABCB6,ATP8A1,HPSE,CEACAM8,CKAP4,PLAAT3,SLC2A6,RNF13,AP2S1,CLCN3,BORCS5,CLCN6,CLCN7,SLC36A4,TMEM45B,SLC15A4,CLTC,PLA2G4E,WDR81,DRAM2,SLC31A2,CP,HGSNAT,CSF3R,CTNS,NFAM1,SLC38A9,CYB561,ABCA13,VPS13B,DAB2,AP2A2,AP1B1,DPP4,ECE1,EGF,ABCA2,RAB12,STOM,SLC36A1,ABCA3,TPCN2,MARCHF8,DAGLB,ZNRF2,TAB2,ATP11A,CLEC16A,SZT2,VPS39,ZFYVE26,ATP6V0A2,PLD3,ATP6V1C2,MTOR,GAA,SLC17A5,B4GALT1,VPS41,LAMP3,GNAI3,GNAQ,GNB1,GPLD1,SLC46A3,GRN,ANXA2,ANXA6,HLA-DOB,HLA-DPB1,HLA-DQA1,HLA-DQA2,HLA-DQB1,HLA-DQB2,HLA-DRA,HLA-DRB1,HLA-DRB5,RAB37,TRIM23,KIF5B,LAMP1,LDLR,LNPEP,RAB44,LRP1,LRP2,LYN,ARRB1,MITF,ATXN3,MYO6,CEACAM6,NKG7,NPC1,P2RX4,SIDT2,MARCHF2,ATP6V1D,ANKFY1,ATP6V1H,ATP6V1B2,ATP6V1C1,ACP2,ATP6V0B,TM6SF1,TPCN1,TLR9,MIOS,CTSA,SLC66A1,CMTM6,MARCHF1,SLC38A7,DRAM1,LAPTM4B,PI4K2A,PRCP,PIP4P2,SLC48A1,MREG,LRRC8A,AZU1,PSAP,PSEN2,SPHK2,SPPL2B,SLC44A2,SNX14,RPTOR,ELAPOR1,FNIP2,VPS18,RRAGD,RAP1B,RHEB,SORT1,SLC17A9,MFSD1,DEPTOR,VPS33A,SLC11A1,SURF4,GPR137B,C3AR1,TRPM2,LAPTM5,RAB7A,AHNAK,LPCAT1,CYBRD1,CUBN,DNAJC5,TRAF3IP3,SLC7A5,ITM2C,SESN2,STARD3NL,STX7,SLC49A4,VNN1,CPNE1,AP1M1,HPS4,ATP6V0E1,SPAG9,PIP4P1,CD1D,SYNGR1,VAPA,SCARB2,TMEM59,FNIP1,CD68,DEPDC5,TMEM63A,LAPTM4A,PLEKHM1,LRBA","Sputum_Mixed granulocytic"
"BP","regulation of intracellular signal transduction",1785,633,6.80785216722063e-06,0.00227502400952826,"ADA,AKT3,TANK,PDCD6,BCL2L11,RANBP9,DNM1L,HIPK3,RASGRP1,TRAP1,FAM13A,LPAR6,SORBS3,TRIM13,DENND4A,RAMP3,NET1,PAK4,TNIP1,CCL26,BTN2A2,NOD1,DLC1,RACK1,RAPGEF3,PRMT5,VAV3,TAB1,GPNMB,ZNHIT1,TRIM38,SEMA4D,ARFGEF1,STAMBP,IVNS1ABP,RGS14,TRAF3IP2,ZMYND11,NEK6,FRS2,HPSE,USP20,MALT1,MAPRE2,COPS5,LILRB4,RIPK3,CIT,IRAK3,AKAP13,DUSP10,PDCD10,CHN2,TP53RK,RNF13,NLRP3,CHUK,OSBPL8,C1QTNF3,C1QTNF4,ARAP1,TAGAP,RFFL,C10orf71,CLU,FGD4,SPPL3,FRMD6,CCR1,SLC24A4,CMKLR1,COL3A1,IQGAP3,ADORA2B,NACC2,SIRPA,PARP1,MAPK14,CSF1R,SESN3,CSK,ARMH4,PIK3R6,ADRA1A,RC3H1,CTNS,GLIPR2,CX3CR1,PAQR3,SLC38A9,PLEKHG4B,CYLD,CNKSR3,BMT2,PRAG1,DAB2,DGKG,DGKQ,DCN,DHX15,DHX36,DLG1,DOCK2,DOCK3,DRD4,RCAN1,DUSP3,DUSP4,DYRK1A,GPR183,ECT2,ABCA1,LPAR1,EGF,EGFR,UBR1,NLRC3,ELANE,SPRED2,ARHGAP27,CCDC125,ENO1,C9orf72,DIPK2A,AKT1,ERN1,ESR1,MECOM,EZH2,F2RL2,PTK2B,FBLN1,UNC5B,RTKN2,UCMA,SPATA13,MTURN,ADGRG3,FGD1,FGFR2,FGR,RASA3,INPP5F,DENND3,CARD8,MAPKBP1,TNIK,SWAP70,FOXO1,ARHGAP26,SIPA1L3,IQSEC2,RAP1GAP2,TAB2,MAPK8IP3,KANK1,FLT1,ARHGEF9,PLCB1,PHLPP1,CAMTA1,CLEC16A,FBXW11,MGRN1,SASH1,SZT2,PSD3,SIK3,ARHGAP45,PIK3R5,PSD4,DAPK2,PHLDA3,SH3BP4,ALOX12B,MTOR,ABL1,FYN,DSTYK,NGEF,SGMS1,WWTR1,ZNF385A,KANK2,PLEKHG3,PPP1R16B,AUTS2,ANKRD17,NOC2L,TIAM2,GATA3,FBXO8,GCG,NUPR1,GCNT2,ABL2,ATP2C1,CYTH4,SESN1,BMP10,P2RY10,STK39,SGSM3,GNA12,GNAI2,GPR17,CXCL17,RNF149,C3orf33,GPR35,GPR37,SCAI,GIT1,GRIK2,HIPK2,ABR,ARHGAP35,TBK1,GRM4,GSK3B,GUCY1A1,MDFIC,SCHIP1,HCLS1,HTT,NRG1,HIC1,HIF1A,HIP1,HLA-DRB1,HMGCR,HNRNPK,NDST1,HTR2B,ICAM1,SH3RF3,IGF1R,GEN1,APP,CASTOR3P,TICAM2,FAS,IL1A,IL10,INHBA,ITGA1,ITGAV,ITGB1,ITPKB,ITPR1,TBC1D10C,STIMATE,SUMO4,SCIMP,CCL4L1,C1QTNF12,GFRAL,LCK,LGALS1,ARHGDIB,LIMS1,RHOH,LRP1,LRP2,LTF,LYN,MIRLET7B,MIR140,MIR143,MIR145,MIR17,MIR185,MIR195,MIR19A,MIR20A,MIR200C,MIR21,MIR92A1,ARRB1,ARRB2,SMAD6,SMAD7,MARK3,MCL1,MEF2C,MAP3K5,MID1,ATXN3,IQSEC3,TRIM67,MYO9B,ATF3,NCK1,NEDD4,NF1,NOTCH1,NOTCH2,NPC1,NPPA,ROR1,NTS,ATP2B4,TIFAB,OPA1,OPRM1,OSM,P2RX3,P2RX4,P2RX7,P2RY6,P4HB,PEBP1,RRM2B,MINK1,PRDX1,PAK2,ARHGEF3,PRKN,PDE11A,PLCE1,SHISA5,WAC,TAOK3,PDE2A,PDE3B,PDE4A,PDE4D,CXXC5,PDGFA,PDGFB,PEX5L,HDAC7,CYRIB,PDPK1,NLK,INPP5K,MAP3K20,PHB1,PIK3CB,PIK3CG,PKHD1,PLAUR,PLCG2,PLXNB1,PML,TRIM34,TLR9,SEPTIN4,MIOS,RHOF,PPARA,PPARG,EPS8L1,LAX1,PPM1A,ADISSP,BANK1,USP47,ARHGAP17,PPP1R10,ARHGEF10L,PPP2R1A,PLEKHG6,UBE2W,FBXW7,PPP3CA,PPP3CC,PRKAA2,PRKACA,DENND4C,INAVA,PRKCA,PRKCB,PRKCE,WWC3,ARHGAP15,ASH1L,LMO3,PRKCZ,MAPK1,PDGFC,MAP2K1,MAP2K2,MAP2K5,TRIM39,SPHK2,PMEPA1,DUSP22,SMYD2,PRDM11,CDC42SE2,KNL1,CASS4,RTN4,RALGAPB,SLC44A2,PELI2,PELI1,RALGAPA2,PTEN,PTGS2,MIR497,PTK2,PLEKHG1,ARHGAP31,RPTOR,SEMA6A,STAMBPL1,SIPA1L2,ARHGAP20,PREX1,ARHGAP21,FNIP2,SH3RF1,PTPN1,DENND1A,PTPN11,PTPN13,PTPRC,PTPRJ,ARHGAP22,CACTIN,RRAGD,MAP4K2,RAF1,ACTA2,RAP1B,RAP1GAP,RAP1GDS1,RASGRF1,HRH4,TRPV4,BCL2,BCL2L1,RHEB,BCL3,AVPI1,BCL6,ROBO1,RORA,BCR,RPS3,RPS6KA1,S100A4,S100A9,S100A13,CEACAM1,CCL3,CCL13,CCL18,CCL22,BID,SECTM1,GOLPH3,NOD2,MAP2K4,ARHGEF28,ARHGAP9,SGK1,ITSN1,CLEC7A,SIAH1,DEPTOR,MARCHF7,RASAL3,SIPA1,NDRG4,SLA,BMP7,SLC20A1,BMPR2,SOD1,SORL1,SOS1,SPI1,SPTBN1,SRC,BRAF,DENND2B,STK3,STK4,SYK,TCF7L2,TMBIM6,TEK,TGFA,TGFB1,TGFBR1,TGFBR2,TGM2,THBS1,TIAM1,TIMP3,TLE1,GPR137B,TNFAIP3,TNFRSF1A,TP73,TPD52L1,TPR,TPT1,TRAF1,TRAF2,TRAF3,TRAF5,TRAF6,TRIO,UBE2V1,VAV2,VRK2,VWF,WFS1,XRCC3,LDLRAD4,YWHAG,YWHAZ,PTTG1IP,RELL1,LAPTM5,USP7,MAPKAP1,EPS8L3,RNASEH2B,ARHGAP10,NLRX1,LRRK1,MOB3B,DOK3,KAT6A,WLS,CALM1,ALPK1,CDK5RAP3,PDGFD,NDFIP1,DUSP16,APOL3,ACTN4,CALR,CAPN3,AXIN1,CASP1,ARHGAP24,SESN2,ITCH,MAD1L1,KCTD10,STK40,ADGRV1,BCAR3,SLA2,TRAF7,GARNL3,CASP10,RASAL1,NCK2,CARD11,SYVN1,CUL3,CUL1,CASR,USP32,GPR65,SEMA7A,KLHL22,HAVCR2,CGNL1,DGKD,MADD,CAV1,AKR1C3,EIF3A,BECN1,MARCO,GBF1,TNFSF10,CBS,ADAM9,FADD,TNFRSF11A,TNFRSF10B,IL18R1,IQGAP1,NRP1,SYNGAP1,CFLAR,HDAC3,KSR1,STK19,VNN1,CPNE1,BTRC,FGD3,TRIM15,LIMD1,KALRN,ACVR1,SEMA5A,SPAG9,DOK2,AIP,STARD13,PIP4P1,USP10,ARHGEF1,CD3E,MAP3K13,DDX21,VAPA,STYXL2,MFHAS1,CYTH1,ITGB1BP1,CD22,ARHGAP18,NHERF1,CD27,GRAP2,CD86,AIM2,MAP4K4,EIF2AK3,HOMER2,AKAP7,AKAP6,CD36,EEF1E1,BABAM2,AKAP12,CD44,ARHGEF10,FNIP1,RALGPS1,TTI1,DEPDC5,VGLL4,NUP93,RAPGEF2,NOS1AP,ARHGAP32,CD81,RIPOR2,BCLAF1,GIT2,RB1CC1,MAGI2,PJA2,SRGAP3,IQSEC1,KIF14,ARHGAP25,USP15,NR1H4","Sputum_Mixed granulocytic"
"BP","regulation of hydrolase activity",770,285,6.99215115050519e-06,0.00230274844556637,"TANK,PDCD6,DNAJB6,KLRC4-KLRK1,RASGRP1,PLXNC1,NET1,CCL26,NOD1,DLC1,RACK1,RAPGEF3,VAV3,SEMA4D,ANP32B,ARFGEF1,PPP1R17,MALT1,TMED2,MAPRE2,SPINK5,ADAP1,RIPK3,RAPGEF4,TBC1D8,CHN2,NLRP3,ARAP1,AGAP2,AGAP1,RFFL,AGAP11,FGD4,TBC1D16,TBC1D20,CRY2,ADRA1A,CTSH,DAP,DAPK1,AGTR1,ECT2,LPAR1,EFNA5,EGFR,SERPINB1,ARHGAP27,CCDC125,C9orf72,EPHA1,EPHB3,AKT1,ESR1,EZH2,FGD1,FGFR2,RAB11FIP2,NLRP1,CARD8,RAB3GAP1,TBC1D9B,RRP1B,SIPA1L3,TBC1D2B,RAP1GAP2,PLXND1,LRCH1,GRAMD4,TBC1D9,SNX13,RGL1,FLT1,DOCK9,SCRIB,ARHGAP45,CORO1C,RABGAP1,PLXNB2,SH3BP4,MTOR,ABL1,FYN,TBC1D22A,NGEF,TIAM2,RGL4,CYFIP2,ABL2,LAMP3,SGSM3,BIN1,GNA12,GNA15,GNAQ,SFN,GPLD1,RAPGEF1,GRN,ABR,GSK3B,GSN,ANXA1,HTT,HIP1,HTR2B,IFNG,FAS,ITGA6,ITGA1,ITGB1,TBC1D10C,CCL4L1,RHOG,LCK,LGALS3,LIMS1,LRP1,LTF,LYN,MIRLET7B,MIR17,MIR195,MIR19B1,MIR21,MIR92A1,SMAD3,MBP,MEF2C,MEFV,MAP3K5,MGAT5,ASPH,MMUT,PPP1R12A,NF1,NGFR,ATP2A3,NRDC,P2RY6,FURIN,SERPINB2,PAK2,PAX2,SPOCK3,ANGPTL4,PDCD2,PDPK1,RAPGEF6,PHB1,SERPINA1,SERPINA4,SERPINB6,SERPINB13,PLAUR,PLCB2,PLXNA1,PLXNA2,PLXNB1,EGLN1,PPARG,ODAM,USP47,RALGPS2,PPP6R3,TBC1D2,ASAP3,DOCK10,TBC1D22B,FGD6,ADAP2,ARHGAP15,RCC2,MAP2K5,PSAP,PSMB8,PSMB9,RGL3,RALGAPB,RALGAPA2,PBXIP1,PTK2,TBC1D14,SIPA1L2,PREX1,RIC1,SH3RF1,GBA3,PTPRC,ARHGAP22,RAF1,RALGDS,RAP1GAP,RAP1GDS1,RASGRF1,RGS10,ROBO1,BCR,RPS3,RPS6KA1,RSU1,SORT1,S100A9,S100A10,CCL3,CCL13,BICD1,CCL18,CCL22,BID,SELE,PERP,VSIR,ARHGAP9,CLEC7A,SIAH2,SIPA1,WNK1,AGAP7P,MTMR9,SNCA,SOD1,SORL1,SOS1,SPINK2,SRC,STAT3,CDKL5,SYK,TMBIM6,TERF2,TGM2,THBS1,TIAM1,TIMP2,TIMP3,SERPING1,GPR137B,TXK,VAV2,WRN,LAPTM5,EVI5,CAAP1,CALM1,CDK5RAP3,PICALM,CAST,CASP1,APH1B,ARHGAP24,CASP2,TBC1D10A,BCAR3,PPP1R1B,GARNL3,CASP10,TTBK1,GPR65,PKP4,CST7,CAV1,OASL,SERPINA6,S1PR4,CRADD,TNFSF10,FADD,ARHGEF7,FGD3,CCPG1,ITGB1BP1,PLAA,CD86,AIM2,MAP4K4,EIF2AK3,SCARB2,CD44,ARHGEF10,FNIP1,PPM1F,RALGPS1,RAPGEF2,ST18,USP6NL,HDAC9,RIPOR2,RAPGEF5,TBC1D5,MAGI2,TBC1D4,ARHGAP25,TNFSF15,CASP8AP2","Sputum_Mixed granulocytic"
"BP","biological process involved in interspecies interaction between organisms",1686,514,8.35035848100227e-06,0.00267824798011091,"TANK,KLRC4-KLRK1,ABCC9,TSPAN32,TRIM10,IFNL4,RASGRP1,TRIM13,CDK6,CD96,ADAR,TNIP1,CCL26,NOD1,ADARB1,WFDC2,TRIM38,DDX17,KAT5,IPO7,CEBPE,ATG7,GNLY,POLR3C,IVNS1ABP,TRAF3IP2,ZMYND11,LILRB1,ARID5A,USP20,MALT1,SPINK5,LIAS,RIPK3,WWP2,HNRNPUL1,PLAAT3,CORO1A,CHIT1,IRAK3,DUSP10,CHRM2,VPS26B,LYST,NLRP3,CHUK,PGLYRP2,SLAMF6,GBP5,RNF166,CLNK,LRG1,CLU,TMEM45B,SLC15A4,RNASE11,CCR4,CNR2,RNF19B,TBC1D20,OCIAD2,IL31RA,NEK7,MACROD2,SIRPA,PARP1,MAPK14,CSF1R,CSNK2B,PIK3R6,CTSB,CTSG,CCDC80,CX3CR1,CXADR,CYLD,GRK2,CD55,TMEM229B,DAPK1,DHX15,DEFA1,DEFA3,DEFA4,DEFA5,DEFB4A,SLC30A8,DHX36,DIO2,DPP4,AGTR1,ABCA1,EFNB2,EGFR,AHR,NLRC3,ELANE,A2M,UNC13D,ENO1,STOM,TRIML2,EPS15,AKT1,ESR1,ALAD,EXT1,F12,FABP4,FASN,TPCN2,FCER2,FER,FGFR2,FGR,RAB11FIP2,PPM1E,NLRP1,FKBP5,CARD8,SBNO2,NT5C2,MAPKBP1,ENDOD1,RRP1B,TRIM35,TAB2,GRAMD4,STAB1,FLNB,RFTN1,DTX4,EXOC7,SASH1,PUM2,COTL1,FOS,PADI4,CDC42EP4,IL17RA,ALPL,ABL1,FYN,ZDHHC20,YTHDF3,LYG2,NAALADL2,SERINC5,SAMHD1,ANKRD17,WIPI2,TRAF3IP1,STAP1,GATA3,CLEC4E,GCH1,SLC17A5,GFI1,FOXP1,CRCP,GPM6A,CCDC88B,GSDMA,SLC9A9,GRN,GIT1,SETD2,TBK1,SAP30BP,CD274,GSN,ZDHHC1,ANXA1,HCK,HIF1A,HK1,HLA-DRB1,ICAM1,RNASE10,IRF8,STING1,IDE,IFNAR2,IFNG,IFNGR2,IGF2R,RBPJ,TICAM2,IL1A,IL1RAP,IL6R,IL7R,IL10,IL15,IRAK2,IRF2,IRF4,IRF7,ITGA2,ITGA5,ITGAM,ITGAV,ITGB1,ITGB5,JAK1,JAK3,TRIM23,KIF5B,ARG1,KRT8,SCIMP,CCL4L1,CLEC17A,LAG3,LAMP1,LCK,LCN2,LDLR,LGALS1,LGALS3,LGALS8,LPL,LPO,PLPP6,DEFB133,LTF,CD180,LYN,MIRLET7B,MIR140,MIR141,MIR17,MIR19A,MIR19B1,MIR20A,MIR21,MIR302A,SMAD3,ARRB2,SMAD6,MEF2C,MEFV,MAP3K5,CIITA,MMP8,MPO,CARD17P,EIF2AK4,MIAT,TARM1,MUC2,MX1,MYO1C,NCBP1,NCF2,NCK1,NEDD4,NFIB,NFKB1,NINJ1,NKG7,NOS3,NOTCH1,NOTCH2,NPC1,RNASE12,TIFAB,P2RX7,P4HB,FURIN,PRDX1,PAK2,REG3A,PRKN,PC,PCK2,LEF1,HERC5,PCSK1,MARCHF2,BPIFA1,PLAC8,PDE4B,CYRIB,NUB1,PDPK1,CD244,ERAP1,INPP5K,PHB1,PIK3C2G,PIK3C3,PIK3CG,PIK3R1,PI4KA,PLCG2,TPCN1,PML,TRIM34,ACP5,TLR9,TREM1,TOLLIP,RNF216,RBM47,PPARA,PPARG,PPBP,DUS2,BANK1,CEP192,TMEM33,APPL2,PSPC1,UBE2W,SHFL,LGR4,PRB3,STAB2,NAGK,ITLN1,DDX60,TENT5A,CHD7,LYAR,RAB20,NPLOC4,POLR3E,INAVA,EXOC2,PRKCA,PRKCE,PRKDC,ERBIN,MAPK1,MAPK8,DNAJC3,PRLR,CRTAM,AZU1,TMPRSS4,SLAMF8,WRNIP1,SPIRE1,PLSCR3,CD177,RTN4,PELI1,ZNFX1,PTGER2,AICDA,PTGS2,PTK6,WDFY1,VPS18,RNF213,GPAM,PTPN1,WDFY4,EPG5,MARK4,PTPN11,PTPRC,NECTIN1,NECTIN2,CXCL16,PYGL,CACTIN,MAP4K2,RAB27A,RAF1,ACTA2,RARA,BCL2,UPF1,BCL2L1,TRIM27,BCL3,BCR,S100A9,CFB,CEACAM1,CCL3,CCL13,CCL18,CCL22,SEC14L1,SELE,NOD2,IFIH1,SFTPD,CLEC7A,LYPD8,ILRUN,YTHDC2,SKP2,SLC7A1,FER1L6,SLC11A1,SLC20A2,SMARCA4,CHID1,SNCA,SP100,SPI1,SPN,SRC,SRPK1,STAT5B,BSG,SYK,ADAM17,TGFB1,TSPO,SERPING1,TLR5,TNFAIP3,C1QB,TNFRSF1A,TNFRSF1B,C1QC,C1S,C2,TPT1,TRAF2,TRAF3,TRAF6,TSG101,DEFA1B,TNFRSF4,TXK,ACOD1,UBA7,UVRAG,VIM,WIPF1,XRCC5,YWHAZ,ZFP36,TRIM26,MAPKAPK3,USP7,RAB7A,TMEM43,CYBC1,NLRX1,VPS37B,GSDMD,MMRN2,ATAT1,CALM1,CCDC92,ALPK1,CUBN,ZBP1,COLEC12,CALR,SLC7A5,TRIM11,CLPB,NECTIN4,AKAP1,KLRC4,CASP1,ITCH,CASP6,CASP7,EEA1,NLRC5,ZDHHC18,RNF135,IL1F10,HAVCR2,AGBL4,ZNRF1,APOL1,CAV1,RNASET2,OASL,BECN1,MARCO,GBF1,ADAM9,FADD,TNFRSF11A,IL18RAP,IL1RL2,NRP1,CD84,VNN1,TRIM4,KYNU,KLHL6,TRIM15,PGLYRP1,OTULIN,PSTPIP1,CD1D,DDX60L,RNF185,CTDP1,RSAD2,DDX21,DCLK1,VAPA,CD6,UBE2L6,MFHAS1,MAPKAPK2,BPIFB1,NEURL3,PLAA,CD80,CD86,AIM2,LY86,ATG5,CD36,STX8,SCARB2,APOBEC3B,AKAP12,CTR9,CD58,CD68,N4BP1,PUM1,CD81,HDAC4,MATR3,PJA2,USP15,NR1H4,NUP153,CDH1","Sputum_Mixed granulocytic"
"BP","positive regulation of response to stimulus",2287,770,8.36805168930974e-06,0.00267824798011091,"ADA,AKT3,C17orf99,BCL2L11,KLRC4-KLRK1,DNM1L,IFNL4,RASGRP1,LPAR6,SORBS3,ADAM10,TRIM13,RAMP3,NET1,CDKN2B,TNIP1,CCL26,BTN2A2,NOD1,RACK1,PRMT5,VAV3,TAB1,GPNMB,BAIAP2,ZNHIT1,TRIM38,SEMA4D,KAT5,AGR2,ARFGEF1,SORBS1,POLR3C,TRIM16,GIPC1,TRAF3IP2,NEK6,FRS2,HPSE,LILRB1,ARID5A,MALT1,BTNL3,MAPRE2,KCNQ1OT1,LILRB4,RIPK3,ESM1,BTN3A2,FAF1,IRAK3,AKAP13,PDCD10,MRAP2,RNF13,NLRP3,ERMAP,CHUK,SLAMF6,OSBPL8,C1QTNF4,GBP5,CLNK,LRG1,C10orf71,CLU,SLC15A4,SPPL3,FRMD6,CCR1,CCR4,CMKLR1,COL3A1,IQGAP3,OCIAD2,ADORA2A,ADORA2B,CPB2,NACC2,NEK7,PARP1,CSF1R,CSK,CSNK1E,CSNK2B,PIK3R6,ADRA1A,CTBP2,RC3H1,CTLA4,CTNS,SHLD1,NFAM1,CTSG,CTSH,GLIPR2,CX3CR1,SLC38A9,BTNL9,CYLD,CYP1B1,BMT2,PRAG1,DAB2,CD55,DEDD2,DCN,DENND1B,DHX15,DHX36,DNMT3A,DRD4,DSCAM,DUSP3,AGTR1,GPR183,ECT2,LPAR1,EGF,EGFR,PLPP4,ANO6,NLRC3,ELANE,ELF1,A2M,SPRED2,AKT1,ERCC6,ERN1,ESR1,ETS1,EYA1,EYA2,EYA3,EZH2,F2RL2,F12,FABP4,FABP5,PTK2B,UNC5B,RTKN2,FCER2,MTURN,SCUBE3,GPC5,FGFR2,FGR,RAB11FIP2,AAK1,CHSY1,NLRP1,CARD8,EPN2,ATF6,RIMS1,MAPKBP1,TNIK,SWAP70,ZNF423,TAB2,ZC3H3,FCHO1,GRAMD4,MAPK8IP3,RFTN1,KANK1,CYFIP1,FAM168A,FLT1,PLCL2,PLCB1,CAMTA1,CLEC16A,FBXW11,ICOSLG,CUX2,SASH1,SMCHD1,PUM2,SIK3,MACF1,DAAM2,SPIDR,PIK3R5,FPR3,DAPK2,IL17RA,ALOX5AP,ALOX12B,ATP6V1C2,MTOR,ABL1,FYB1,FYN,DSTYK,ZNF385A,AUTS2,ANKRD17,EPC2,IFT172,STAP1,GATA3,CLEC4E,GCG,NUPR1,GCNT2,GFI1,CYFIP2,NPTN,ATP2C1,LAT,FOXP1,SNX5,DISC1,C5AR2,TNFRSF21,BMP10,P2RY10,STK39,GNAI2,GPLD1,GPR17,LAMA1,CXCL17,GPR35,GPR37,FFAR3,GRB10,GRN,RGCC,HIPK2,TBK1,CD274,GRM4,GRPR,BLNK,TMOD2,GUCY1A1,SCHIP1,ANXA1,HCK,HCLS1,HTT,NRG1,HIC1,HIF1A,HIP1,HLA-DOB,HLA-DPB1,HLA-DQA1,HLA-DQA2,HLA-DQB1,HLA-DQB2,HLA-DRA,HLA-DRB1,HLA-DRB5,HLX,NDST1,HTR2B,ICAM1,STING1,SH3RF3,IFNG,IGF1R,GEN1,APP,RBPJ,TICAM2,FAS,IL1A,IL1R1,IL6R,IL7R,IL10,IL15,IL16,INHBA,INPP5D,IRAK2,IRF4,IRF7,ITGA1,ITGA2,ITGA5,ITGAM,ITGAV,ITGB1,ITGB2,ITPKB,KARS1,KIF7,STIMATE,ARG1,C2CD4B,SCIMP,CCL4L1,C1QTNF12,NOTCH2NLA,GFRAL,LAG3,LAMA2,LAMB1,LAMP1,LCK,LCP2,LDLR,LFNG,LGALS1,LGALS3,LIMK1,LIMS1,LPL,LRP2,LTF,CD180,LYN,MIRLET7B,MIR140,MIR143,MIR145,MIR17,MIR18A,MIR19A,MIR20A,MIR21,MIR214,MIR92A1,MIR17HG,ARRB1,SMAD2,SMAD3,ARRB2,MCL1,MEF2C,MEFV,MAP3K5,MGAT5,MGMT,MID1,ATXN3,MLLT3,MMP8,ABCC1,EIF2AK4,MYLK,MYO1C,ATF3,NCK1,NEDD4,NEDD9,NEO1,NF1,NFKB1,NGFR,NINJ1,NKG7,NOS3,NOTCH1,NOTCH2,ROR1,NTS,NUMA1,OPRM1,OSM,P2RX3,P2RX4,P2RX7,P2RY6,MINK1,PAK2,ARHGEF3,REG3A,PRKN,PAWR,SLC35C2,ZBTB7B,LEF1,PLCE1,SHISA5,WAC,TAOK3,UBR5,PDE2A,PDE4B,PDE4D,CXXC5,PDGFA,PDGFB,CYRIB,SUFU,PDPK1,UIMC1,WWOX,MAP3K20,PHB1,PIK3CB,PIK3CG,PIK3R1,PLA2G4A,PLAT,PLAUR,UBASH3A,PLCG1,PLCG2,PLXNB1,PML,TRIM34,TLR9,SEPTIN4,SSH1,SASH3,MIOS,RBM47,SHLD2,INO80,PPARG,ZRANB1,LAX1,PPM1A,OCIAD1,ADISSP,PPP1CA,PHIP,BANK1,USP47,TMEM33,PPP2R1A,RNF220,PPP2R1B,PBRM1,APPL2,ASXL2,PSPC1,FBXW7,PPP3CA,PPP3CC,LGR4,NAGK,DDX60,CDKN2AIP,NPLOC4,LIMS2,CCDC88A,SLF2,PRKAR1B,INAVA,PRKCA,PRKCB,PRKCE,PRKCH,PRKCI,LMO3,PRKCZ,PRKDC,ERBIN,MAPK1,SULF2,MAPK8,MAPK13,PDGFC,MAP2K1,MAP2K2,MAP2K5,PRL,PRLR,CRTAM,AZU1,TRIM39,FMN2,SPHK2,SPIRE1,DUSP22,CASS4,CAMK1D,CD177,RTN4,SLC44A2,PELI2,PELI1,ZNFX1,ZMIZ1,PTEN,PBXIP1,PTGER3,PTGS2,PTK2,ARID1B,RPTOR,PTK6,STAMBPL1,WDFY1,FNIP2,SH3RF1,EP400,PLEKHA4,PTPN1,EPG5,MARK4,PTPN11,PTPRC,PTPRJ,NECTIN2,CACTIN,RRAGD,MAP4K2,RAC2,RAF1,RALB,ACTA2,RAP1B,RARA,RASGRF1,TRPV4,LGR6,BCL2,RHEB,AVPI1,BCL7A,ROBO1,RPS3,RREB1,RXRA,S100A4,S100A9,S100A13,CFB,CEACAM1,CCL3,CCL13,CCL18,CCL22,BID,UBE2O,SEC14L1,SECTM1,MYO1G,GOLPH3,NOD2,IFIH1,MAP2K4,SGTA,CLEC7A,SHB,MEAF6,SIAH1,SKI,NDRG4,SKP2,WNK1,SLC2A4,BMP7,SLC11A1,SLC20A1,BMPR1B,BMPR2,SMARCA2,SMARCA4,SMARCC1,SMARCD1,SMARCD2,SNCA,SOD1,SORL1,SOS1,SPI1,SRC,BRAF,DENND2B,STAT3,STAT5B,STK3,STK4,SYK,ADAM17,TBL1X,TCF7L2,TEC,TEK,TGFA,TGFB1,TGFBR1,TGFBR2,TGFBR3,TGM2,THBS1,THRB,TIAM1,TIMP3,SERPING1,TLR5,GPR137B,TNFAIP3,C1QB,TNFRSF1A,C1QC,TNXB,TOP2B,C1S,TP73,TPD52L1,C2,TPR,TRAF2,TRAF3,TRAF5,TRAF6,C3AR1,CCR2,TXK,ACOD1,UBE2V1,VAV2,VDAC1,VWF,WFS1,NSD2,XRCC3,XRCC5,RELL1,ZP3,LAPTM5,CACNB4,MAPKAPK3,PVRIG,BAG6,DYNC2H1,NLRX1,LRRK1,TBL1XR1,GSDMD,TTC21B,MMRN2,BTNL8,ACTR5,DOK3,ATAT1,WLS,SVEP1,ADAMTS20,CALM1,NR4A3,ARMC9,ALPK1,CDK5RAP3,PDGFD,EPC1,CD276,NDFIP1,APOL3,ACTN4,WNT5B,ZBP1,COLEC12,CALR,DPF3,TRIM11,CLPB,ITM2C,TRRAP,KLRC4,AXIN1,CASP1,CASP2,SESN2,ITCH,MAD1L1,CASP6,ADGRV1,BCAR3,NLRC5,STX7,SLA2,TRAF7,SLF1,STK24,RNF135,CASP10,NCK2,CARD11,SPIRE2,CUL3,CUL1,CASR,TTBK1,USP32,GPR65,SEMA7A,KLHL22,HAVCR2,ZNRF1,ITGA8,DGKZ,DGKD,NKD1,MADD,CAV1,SCARF1,OASL,AKR1C3,TNKS,BECN1,PEA15,MARCO,CRADD,TNFSF12,TNFSF10,ADAM9,FADD,TNFRSF11A,TNFRSF10B,IL18RAP,IL18R1,IQGAP1,NRP1,CFLAR,CCN4,HDAC3,KSR1,STK19,VNN1,CPNE1,MBD2,USP13,KLHL6,TRIM15,TNFSF18,ACVR1,OTULIN,SEMA5A,SPAG9,DOK2,MCU,PIP4P1,USP8,CD1D,RNF185,RSAD2,CD3E,IL1RL1,MAP3K13,DDX21,CD247,VAPA,CD5L,MFHAS1,MAPKAPK2,ITGB1BP1,BPIFB1,SHKBP1,CD22,NHERF1,NRXN1,CD27,ACVRL1,CD80,CD86,AIM2,MAP4K4,LY86,AKAP6,CD36,MAGED1,ADAMTS3,CD38,EEF1E1,CLOCK,BABAM2,AKAP12,CD44,MORF4L2,FNIP1,PPM1F,CD59,TTI1,FAM53B,NUP93,RAPGEF2,PUM1,RIMS2,NOS1AP,USP34,CD79B,CD81,RIPOR2,BCLAF1,MATR3,RB1CC1,ZEB2,TESPA1,GAB2,PJA2,USP15,NR1H4","Sputum_Mixed granulocytic"
"BP","regulation of defense response",810,270,9.54723455384557e-06,0.00301321330557759,"ADA,KLRC4-KLRK1,TSPAN32,RASGRP1,CD96,ADAR,TNIP1,NOD1,TRIM38,POLR3C,CELF1,TRAF3IP2,LILRB1,SPINK5,IRAK3,DUSP10,MGLL,NLRP3,CHUK,PGLYRP2,SLAMF6,C1QTNF3,GBP5,IL22RA2,CLNK,SLC15A4,ADORA2A,ADORA2B,NEK7,SIRPA,PARP1,MAPK14,ARMH4,PIK3R6,CYLD,CYP19A1,AGTR1,AHR,NLRC3,ELANE,A2M,AKT1,ESR1,ETS1,F12,FABP4,FANCA,DAGLB,FGR,RAB11FIP2,NLRP1,CARD8,SBNO2,NT5C2,MAPKBP1,GRAMD4,RFTN1,DTX4,PUM2,IL17RA,ALOX5,ALOX5AP,FUT7,FYN,YTHDF3,SAMHD1,ANKRD17,ABHD12,TRAF3IP1,STAP1,GATA3,CLEC4E,NUPR1,GFI1,GGT1,FOXP1,STK39,GPR17,METRNL,CXCL17,FFAR3,GRN,GIT1,TBK1,GRPR,ZDHHC1,ANXA1,HCK,HLA-DRB1,AOAH,STING1,IFNG,APP,TICAM2,IL1R1,IL10,IL15,IL16,IRAK2,IRF4,IRF7,KARS1,ARG1,C2CD4B,SCIMP,C1QTNF12,LAG3,LAMP1,LDLR,LGALS1,LPL,LTF,LYN,MIR140,MIR141,MIR145,MIR17,MIR195,MIR19A,MIR19B1,MIR20A,MIR21,MIR92A1,SMAD3,ARRB2,MEF2C,MEFV,MMP8,ABCC1,EIF2AK4,NFKB1,NINJ1,NKG7,OSM,FURIN,PAK2,REG3A,HERC5,PDE2A,PDPK1,ERAP1,PHB1,PIK3CG,PIK3R1,PLCG1,PLCG2,ACP5,TLR9,RNF216,RBM47,PPARA,PPARD,PPARG,APPL2,PSPC1,LGR4,NAGK,DDX60,LYAR,NPLOC4,INAVA,PRKCE,ASH1L,PRKDC,ERBIN,MAPK8,MAPK13,CRTAM,PSMA1,SLAMF8,RTN4,PELI1,ZNFX1,PTGER3,PTGS2,WDFY1,PTPN1,EPG5,MARK4,PTPN11,PTPRC,NECTIN2,CACTIN,RB1,TRPV4,BCL6,RORA,BCR,S100A9,CEACAM1,CCL3,SEC14L1,SELE,NOD2,IFIH1,CLEC7A,ILRUN,SNCA,SOD1,SPI1,SPN,SRC,STAT3,STAT5B,SYK,TEK,TGFB1,SERPING1,TLR5,TNFAIP3,TNFAIP6,TNFRSF1A,TNFRSF1B,TRAF3,TRAF6,CCR2,TXK,ACOD1,DAGLA,XRCC5,YWHAZ,ZFP36,ZP3,MAPKAPK3,MCPH1,RHBDF2,NLRX1,GSDMD,MMRN2,ATAT1,CCDC92,ALPK1,AKNA,NDFIP1,FXR1,ZBP1,COLEC12,TRIM11,CLPB,ADAMTS12,KLRC4,CASP1,ITCH,CASP6,NLRC5,ZDHHC18,RNF135,TTBK1,SEMA7A,HAVCR2,ZNRF1,CST7,CAV1,OASL,FADD,TNFRSF11A,IL18RAP,IL1RL2,CCN4,TRIM15,PGLYRP1,TNFSF18,OTULIN,CD1D,RNF185,RSAD2,IL1RL1,MFHAS1,MAPKAPK2,BPIFB1,AIM2,ATG5,CD36,CLOCK,N4BP1,PUM1,CD81,MATR3,PJA2,USP15,NR1H4","Sputum_Mixed granulocytic"
"BP","response to stimulus",8757,2624,1.01148795615453e-05,0.00314863730351446,"ADA,AKT3,ABI1,TANK,LRRC69,INSYN2B,C17orf99,PDCD6,BCL2L11,RANBP9,DNAJB6,KLRC4-KLRK1,MICOS10-NBL1,C8orf44-SGK3,ABCC5,ABCB6,DNM1L,ABCC9,DNM3OS,TSPAN32,GPC6,CERT1,TRIM10,SGK2,RAD50,HIPK3,IFNL4,RASGRP1,TRAP1,AKAP9,FAM13A,CDH17,ABI2,PLXNC1,LPAR6,WASF2,SLC25A13,SORBS3,TNK2,ADAM10,CALCRL,TRIM13,PATJ,CDK6,PRG4,CD96,KCNMB2,GPHN,ABCC4,DENND4A,IGSF6,RAMP1,RAMP3,NET1,PAK4,ADAR,CDKN2B,LANCL1,TNIP1,IRAG1,CCL26,MICU1,BTN2A2,NOD1,DLC1,NDRG1,RACK1,ADARB1,CDS1,PIAS3,WFDC2,RAPGEF3,PRMT5,VAV3,TAB1,GPNMB,BAIAP2,MERTK,ZNHIT1,TADA3,TRIM38,CAP2,UNC13B,NCOA2,SEMA6B,SEMA4D,SEMA4B,SEMA3C,DDX17,KAT5,IPO7,CEBPE,ATG7,AGR2,OLFM4,ARFGEF1,GNLY,SORBS1,TXNRD2,CDC42EP3,ERLIN1,STAMBP,POLR3C,IVNS1ABP,TRIM16,RGS14,PMVK,CELF1,CES1,CXCR6,POLD3,SLC12A7,MAP3K2,GIPC1,TRAF3IP2,KDM5B,HBS1L,ZMYND11,NEK6,SLC17A3,NCKAP1,IQGAP2,ADCY2,CCR9,CPLX2,FRS2,CEACAM3,PPP1R17,HPSE,LILRB1,ARID5A,USP20,NMU,CEACAM8,GPR83,RAB10,MALT1,MMP24,BTNL3,FASTK,EHD1,TMED2,YWHAQ,ASCC3,MAPRE2,KCNQ1OT1,COPS5,SPINK5,LILRB4,TLK2,LIAS,LILRB3,RBPMS,RAB31,ADAP1,RIPK3,TENT4A,ABHD2,CHD2,WWP2,RAPGEF4,CHD4,ESM1,HNRNPUL1,PRDM5,CIT,BTN3A2,FOXN3,FAF1,CDC42EP1,DMC1,PLAAT3,CORO1A,FSTL1,CHIT1,NISCH,WIF1,IRAK3,AKAP13,DUSP10,HPS5,PDCD10,CHN2,PADI2,GPR176,NXPH3,MRAP2,CMTM7,SCN11A,TP53RK,CHRM2,VPS26B,LYST,SLCO2B1,CHRM3,GPR182,RNF13,MGLL,CMTM1,CHRNA5,NLRP3,ERMAP,CHUK,PGLYRP2,PKD1L2,SORCS1,SLAMF6,OSBPL8,C1QTNF3,CIDEA,C1QTNF4,FBXO32,ADCY9,KCTD12,OMA1,CIRBP,GBP5,RNF166,SLC22A12,IL22RA2,CLNK,LRG1,ARAP2,ARAP1,TADA1,THEM4,TAGAP,TMC1,RFFL,AP3S1,ADD1,OLFM3,C10orf71,CLCN6,CLU,GSTO2,CALHM3,ADD3,TMEM45B,OR10P1,SLC15A4,OR10A7,ERP27,FGD4,SPPL3,RNASE11,OR4K14,FRMD6,CCR1,SLC24A4,LEO1,CCR4,LRRC28,CMKLR1,LTB4R,ABCC2,ZSWIM7,CNGA1,OSCAR,CNR2,OR2M5,OR14C36,CNTFR,CNTN1,RNF19B,OSCP1,COL3A1,EDARADD,COL4A1,IQGAP3,PIGU,TRABD2A,RFTN2,ZFAND2B,COL16A1,CPNE4,COMP,COMT,COPA,DCBLD2,TPRA1,IL17RE,OCIAD2,IL31RA,PPARGC1B,WDR36,ADORA2A,NCOA7,CPA1,OR9A2,ADORA2B,CPB2,CPT1A,CPT1B,PXDNL,NACC2,CREB1,ATF6B,CREBL2,CRHBP,CRHR1,ASB7,MYO3B,S100A16,NEK7,TLDC2,MACROD2,CRY2,TRPM6,SIRPA,DCANP1,PARP1,PARP4,MAPK14,OR52B4,XRRA1,CSF1R,SESN3,CSF3R,E2F7,CSK,RDH12,CSNK1E,ARMH4,CSNK2B,TTBK2,CMTM2,GSG1L,TOM1L2,PIK3R6,TMC8,DSG4,ADRA1A,CREB3L4,CTBP2,RC3H1,DCDC2B,CTLA4,CLDN19,CTNS,SHLD1,COMMD7,AANAT,CTNND1,NFAM1,COMMD1,CTSB,CTSG,ZNF385B,CCNYL1,CTSH,CPNE9,CCDC80,PPP4R2,GLIPR2,CTSW,CX3CR1,CXADR,PAQR3,SLC38A9,PLEKHG4B,BTNL9,CYLD,CNKSR3,CYP1B1,BMT2,VKORC1L1,IQUB,CYP3A7,GRK2,GRK3,PRAG1,CYP19A1,ADSS2,DAB1,DAB2,DACH1,CLEC12A,CD55,TAMALIN,DGKG,DGKH,GPR180,DGKQ,DAP,TMEM229B,DAPK1,DAXX,ZFPM1,DEDD2,DCN,DENND1B,APCDD1L,UBXN2A,PRICKLE2,DHX15,ADGRA3,DEFA1,DEFA3,RASSF6,DEFA4,DEFA5,DEFB4A,ZNF366,PKD1L1,SLC30A8,TMEM64,OLFML2A,DHX36,DHFR,DIO2,DLG1,DLG2,DMD,AGL,DNM2,DNMT3A,DOCK1,DOCK2,DOCK3,ABAT,DPP4,AGRP,DRD4,DSCAM,RCAN1,DTNA,DUSP3,DUSP4,AGTR1,DUT,DYRK1A,GPR183,ECE1,ECT2,ABCA1,LPAR1,EFNA5,EFNB2,EGF,EGFR,AHR,PLPP4,EIF2S1,ANO6,METTL21C,ADCY4,UBR1,NLRC3,NSMCE1,EIF4E,EIF4EBP1,EIF4G1,ELANE,ELF1,A2M,ABCA2,ELK3,SPRED2,GABRR3,MARK2,ARHGAP27,UNC13D,RAB12,STT3B,EMX1,CTTN,PRIMPOL,DNAJC18,CCDC125,ENO1,GAPT,ENSA,C9orf72,EPAS1,EPHA1,HIPK1,EPHB3,EPHB6,STX2,DIPK2A,TRIML2,AKT1,ERCC4,ERCC5,ERCC6,ERG,AKT2,ERN1,ESR1,ABCA3,ALAD,ESRRA,ALAS1,ETFDH,ETS1,ETV5,MECOM,ALB,EXT1,EXT2,EYA1,EYA2,EYA3,EZH2,F2RL2,F12,FABP4,FABP5,FANCA,FANCC,ACSL1,PTK2B,FBLN1,FASN,OR8H1,SMTNL1,UNC5B,CCNY,RTKN2,TPCN2,OR9I1,OR9Q1,FCAR,FCER2,MARCHF8,FCGR1BP,JMJD1C,UCMA,SLC39A12,SPATA13,CPNE2,PI16,C6orf89,FCGR3B,FCGRT,SDK1,FOXK1,DAGLB,MTURN,ADGRG3,ADGRF2,LHFPL5,SCUBE3,FDX1,SEMA3D,FECH,FER,FGD1,FGF7,MAPK15,FGF14,GPC5,FGFR2,FGL1,FGR,FH,FHIT,TFEC,RASA3,MTF2,HSPA4L,DLGAP4,RAB11FIP2,PPM1E,AAK1,CHSY1,CILK1,NLRP1,INPP5F,MORC2,FKBP5,ZNF365,CEP164,DENND3,CARD8,SBNO2,EPN2,ATF6,HABP4,RAB3GAP1,NT5C2,SORCS3,RIMS1,DAAM1,MAPKBP1,PLCH1,STK38L,FAIM2,CNOT1,MYO16,MAST3,TNIK,PDS5B,FNBP1,ENDOD1,CLUAP1,HECW1,SWAP70,RRP1B,MYCBP2,FOXO1,KDM4C,ERC1,TRIM35,ZNF423,ARHGAP26,SIPA1L3,IQSEC2,AKR1B1,MCF2L2,FSTL4,RAP1GAP2,SPART,TAB2,PLXND1,KDM6B,MAST2,LRCH1,ZC3H3,FCHO1,GRAMD4,SNX13,MAPK8IP3,STAB1,FLNB,LPIN1,PASK,RGL1,RFTN1,KANK1,CYFIP1,FAF2,PSME4,FAM168A,MLC1,FLT1,DTX4,PLCL2,ARHGEF9,SIK2,PLCB1,PHLPP1,TMEM131L,CAMTA1,CLEC16A,ADGRL3,FBXW11,ANKS1A,MGRN1,KIF13B,ICOSLG,FMOD,SATB2,CUX2,SASH1,CLASP1,SZT2,SYNE1,SMCHD1,DOCK9,SUN1,PSD3,LARP1,PPP1R13B,PUM2,SIK3,PIP5K1C,COTL1,SIRT5,MLYCD,GRIP1,RHOQ,SF3B3,ABCB10,CBX5,LEPROTL1,MACF1,FOLR2,DAAM2,ZFYVE26,SCRIB,SPIDR,CABIN1,ARHGAP45,FOS,NNT,PIK3R5,RBFOX2,ATP6V0A2,PSD4,TSPAN12,TSPAN15,DDAH2,PADI4,DDAH1,CDC42EP4,FPR3,OPN3,CORO1C,DAPK2,PHLDA3,PLD3,PLXNB2,TMEFF2,SH3BP4,SGK3,PRKD3,IL17RA,ALK,ABCA4,ALOX5,ALOX5AP,ALOX12B,ATP6V1C2,MTOR,ALPL,NR5A2,ABL1,NR5A1,FUT4,FUT7,FUT8,ACKR1,FYB1,FYN,ZBTB38,MMS22L,CERS6,MSRB3,YTHDF3,CNIH2,LYG2,OR6C3,NAALADL2,GAB1,OR1L4,GABBR1,CALHM1,GABRA2,GABRR1,SERINC5,PLCXD2,UTS2B,SHC2,DSTYK,NGEF,PRDX5,NIPBL,ABTB2,RCHY1,IFFO1,GALNT3,SGMS1,TAS2R50,CLIC4,WWTR1,SAMHD1,ZNF385A,KBTBD2,KANK2,TIPARP,DHRS7B,GORASP2,C2CD3,TENM4,ACOT11,PLEKHG3,IPCEF1,CNTNAP2,PPP1R16B,AUTS2,ANKRD17,ABHD12,WIPI2,LDLRAP1,EPC2,TCTN3,ZBTB20,TRAF3IP1,LRRC32,ABCA12,NOC2L,IFT172,RGS22,STEAP2,NPHP4,OR1F2P,PITPNC1,STAP1,TIAM2,GATA3,CLEC4E,FBXO22,FBXO8,SERGEF,OR5L2,GCG,GCH1,NUPR1,KAT2A,NR6A1,PLEK2,GCNT1,SLC17A5,CNNM4,MYOF,GCNT2,LATS2,GDF1,RGS17,PCOLCE2,GDF10,GDI2,RGL4,AMFR,GFI1,GFRA1,GGCX,GGT1,B4GALT1,HBP1,CYFIP2,ABL2,NPTN,ATP2C1,LAT,PELP1,STAU2,VPS41,LAMP3,FOXP1,SDCBP2,PDE7B,AFF4,CYTH4,SNX5,SIGLEC9,DISC1,GLB1,C5AR2,BBS9,TNFRSF21,SESN1,SULT1B1,GCLC,CRCP,ADAMDEC1,BMP10,RBMS3,RAB30,TNRC6A,P2RY10,GLG1,STK39,TOR1B,SGSM3,GLI2,GMDS,GNA12,GNA15,GNAI2,GNAI3,GNAQ,GNB1,GNG7,GNL1,GNRHR,GOT2,SFN,GP1BB,GP9,GPD1,GPLD1,GPM6A,OR51B5,STK32C,CCDC88B,RASSF3,SLC39A5,ADGRD1,KSR2,SLC46A3,GPR17,GSDMA,METRNL,LAMA1,CXCL17,GPR21,VSTM1,SH2D6,RNF149,ANGPT2,NKIRAS1,RUFY4,SLC9A9,EPHA6,C3orf33,CCDC66,GPR35,ANK1,NSMCE2,GPR37,SCARA5,SCAI,FFAR3,GRK4,GRK5,GRK6,GPX2,GPX4,ANK3,GPX5,GRB10,RAPGEF1,GRID2,GRN,GIT1,GRIK1,GRIK2,IFT81,RGCC,DBNL,MACROD1,HIPK2,ABR,GRIK4,SETD2,NR3C1,ARHGAP35,TBK1,SAP30BP,CLEC2D,CD274,UHRF1,GRM4,GRM7,GRM8,GRPR,GSK3B,GSN,GSTA3,GSTM1,GSTM4,GSTZ1,BLNK,USP25,TMOD2,ZDHHC1,GUCY1A1,GUCY2C,SNX10,GPR171,PYCR2,GPR132,OSGIN1,SLC25A24,LRP12,MDFIC,SCHIP1,PILRB,PILRA,ANXA1,ANXA2,HADHA,HADH,HCK,HCLS1,HCRTR2,HTT,ANXA4,HEXA,VSX1,NRG1,EHD4,PIK3R4,ANXA6,HIC1,HIF1A,HIP1,HIVEP1,HK1,HK2,ACACA,ANXA11,HLA-DOB,HLA-DPB1,HLA-DQA1,HLA-DQA2,HLA-DQB1,HLA-DQB2,HLA-DRA,HLA-DRB1,HLA-DRB5,AOAH,HLX,HMGCR,HMGA1,AOX1,HNRNPD,HNRNPK,HNRNPU,HOXA9,APBB2,HPS1,HRH1,HRH2,DNAJC4,HSPG2,NDST1,HTR2B,HTR3A,HTR7,HUS1,UBAC2,ICAM1,TAFA2,RNASE10,VSX2,IRF8,BRINP3,ID3,ACADM,STING1,IDE,GLDN,FCRL6,SH3RF3,LRIT3,IFNAR2,IFNG,IFNGR2,EYS,MACC1,TUBB2B,IGF1R,ANKDD1A,IGF2R,IGFALS,GEN1,IGFBP7,APP,RBPJ,CASTOR3P,RILPL1,TICAM2,FAS,IL1A,IL1R1,IL1RAP,IL6R,IL7R,IL10,IL15,IL15RA,IL16,FOXK2,INHBA,INHBC,INPP1,INPP4A,INPP5A,INPP5B,INPP5D,ITGA6,IRAK2,AQP9,IRF2,IRF4,IRF7,ITGA1,ITGA2,ITGA5,ITGA9,ITGAE,ITGAL,ITGAM,ITGAV,ITGB1,ITGB2,ITGB5,ITPK1,ITPKB,ITPR1,ITPR2,JAK1,JAK3,JARID2,TRIM23,KARS1,TBC1D10C,KCNB1,KIF7,MIA3,KCNE1,STIMATE,NRROS,MAST4,SLC26A5,ERCC6L2,KCNJ3,KCNJ10,KCNMA1,KCNQ1,KIF5B,ARG1,KPNA1,KRT8,KRT13,SUMO4,C2CD4B,SCIMP,CCL4L1,C1QTNF12,NOTCH2NLA,GFRAL,AFF3,OR51I1,OR8K1,LAG3,LAIR1,OR4F15,LAMA2,RHOG,OR10K1,LAMB1,LAMP1,OR13C2,LCK,LCN2,LCP2,LDLR,LEPR,LETM1,LFNG,LGALS1,LGALS3,LGALS3BP,LGALS8,ARHGDIB,LIG4,LIMK1,LIMS1,RHOH,ASIC2,LMNA,LMO2,LNPEP,RAB44,LOXL2,LPL,LPO,OR2T27,OR5K4,PLPP6,DEFB133,LRP1,LRP2,LRP6,LRP5,LSP1,LTA4H,LTBP1,LTF,CD180,LYN,MIRLET7B,MIR140,MIR141,MIR143,MIR145,MIR17,MIR18A,MIR185,MIR195,MIR199B,MIR19A,MIR19B1,MIR20A,MIR200C,MIR21,MIR214,TACSTD2,MIR302A,MIR30A,MIR92A1,MIR17HG,ARRB1,SMAD1,SMAD2,SMAD3,ARRB2,SMAD6,SMAD7,ASIC1,ARSB,MAN1A1,MARK3,MARS1,MAX,MB,MBP,MCC,MCL1,MCM2,MCM5,MDM4,MEF2A,MEF2C,MEFV,MAP3K1,MAP3K5,MFAP4,MGAT3,MGAT5,MGMT,CIITA,MID1,MITF,ATXN3,MKLN1,KMT2A,MLLT3,AFDN,TRPM1,MME,MMP2,MMP8,MNAT1,MPG,MPL,MPO,ABCC1,CARD17P,IQSEC3,PLEKHG7,CCDC88C,EIF2AK4,RHEX,TRIM67,MAP1LC3C,MIAT,TARM1,MIR302C,MSH3,MSR1,MSRA,MTAP,NUDT1,MUC2,MUC4,MUTYH,MX1,MYB,ZFHX3,MYLK,MYO1C,MYO1E,MYO5A,MYO6,MYO9B,PPP1R12A,PPP1R12B,ATF3,NASP,CEACAM6,NBL1,NCBP1,NCF2,NCK1,NDUFS2,NDUFS8,NEDD4,SEPTIN2,NEDD9,NEO1,NEUROG1,NF1,NFATC1,NFIA,NFATC3,NFE2,NFIB,NFIL3,NFKB1,NFX1,ACO1,NGFR,NINJ1,NKG7,NNMT,NOS3,CNOT2,NOTCH1,NOTCH2,NOTCH3,NOTCH4,NPC1,NPPA,ATP2A2,ATP2A3,NTHL1,ROR1,NTS,NUCB1,NUMA1,NR4A2,ATP2B4,RNASE12,MIR378A,TIFAB,OLR1,OPA1,OPRM1,OR3A2,SLC22A18,OSM,P2RX1,P2RX3,P2RX4,P2RX7,P2RY6,P4HB,PEBP1,FURIN,PCSK6,RRM2B,MINK1,NOX3,CHST11,PRDX1,SERPINB2,IL21R,PAK2,PALM,PNPLA8,ARHGEF3,REG3A,PRKN,PAWR,PAX2,PDE11A,SLC35C2,ZBTB7B,PCK2,SIDT2,SH3GLB1,ANGPTL4,ASB3,CHCHD2,PCNT,LEF1,HERC5,PLCE1,PCSK1,ZNF219,GLTP,CRIM1,SHISA5,MARCHF2,CLEC1A,TFDP3,CD320,BPIFA1,ZDHHC3,PLAC8,WAC,PDCD1,FZR1,TAOK3,MBTPS2,UBR5,TEX264,ANGPT4,PDE2A,PDE3B,PDE4A,BIN2,PDE4B,PRKAG2,PDE4D,PDE6A,EVL,PDE7A,DTL,PDE9A,CXXC5,ZC3HC1,PDGFA,VPS54,PDGFB,CINP,ACKR4,PEX5L,HDAC7,CYRIB,PDK4,ASB4,NUB1,ASB2,SUFU,PDPK1,NLK,CAB39,UIMC1,RAPGEF6,WWOX,CD244,ERAP1,INPP5K,TM7SF3,MAP3K20,PEX14,PFDN5,PFKFB1,PFKFB2,PFKP,CDK14,PGAM2,PHB1,SERPINA1,SERPINB6,SERPINB13,PIK3C2B,PIK3C2G,PIK3C3,PIK3CB,PIK3CG,PIK3R1,PI4KA,PI4KB,PIP4K2A,PKLR,PKHD1,PKM,PLA2G4A,PLAT,PLAUR,PLCB2,PLCB4,PLCD1,BCL11A,PLCL1,UBASH3A,PLCG1,SHC3,PLCG2,PLEC,PLN,PLOD1,PLOD2,PLP2,PLXNA1,PLXNA2,S1PR5,PLXNB1,PNOC,PML,PMS1,TRIM34,ACP5,TSPEAR,TLR9,POLE3,SEPTIN4,ERRFI1,KCNK10,TREM1,POLE,GPR173,GNG2,SSH1,SASH3,RIN2,PON3,XRN1,MIOS,POR,TOLLIP,RNF216,RBM47,RHOF,APBB1IP,SHLD2,EGLN1,INO80,PPARA,PPARD,CRLS1,PPARG,PPBP,LEPROT,ZRANB1,TET2,AHI1,BCAS3,BSPRY,WBP1L,APTX,EPS8L1,FNBP1L,PLPPR1,NSUN2,RNF43,PXK,LAX1,MKS1,DUS2,PPM1A,OCIAD1,PARP16,ODAM,ADISSP,PPP1CA,TESC,MARCHF1,PID1,PHIP,BANK1,USP47,NRDE2,ZWILCH,WIPI1,RALGPS2,ARHGAP17,CEP192,PPP1R10,LRRC8D,TMEM38B,ARHGEF10L,TMEM33,PPP2R1A,RNF220,PPP2R1B,PBRM1,APPL2,PLEKHG6,EXD2,NEIL3,ELP2,ASXL2,THNSL2,PSPC1,PPP2R5C,UBE2W,PPP2R5E,FBXW7,RNF121,PPP3CA,RNLS,PPP3CC,SHFL,WDR33,ZGRF1,TCP11L1,STK32B,IMPACT,LGR4,PPT1,SIRPG,PRB3,PRCP,MAML3,SOX6,STAB2,NAGK,SUPT20H,ITLN1,DDX60,CDKN2AIP,TENT5A,PRR5,DOCK10,ZDHHC7,AMBRA1,PRKAA2,SLC39A4,LRRC40,CHD7,LYAR,RAB20,PRKACA,NPLOC4,DENND4C,PPP4R3A,LIMS2,SCYL2,VAC14,RADIL,CCDC88A,LMBR1L,POLR3E,SLF2,PRKAR1A,PARVA,PRKAR1B,INTS9,UGGT2,PRKAR2A,INAVA,PRKAR2B,TDP1,PRKCA,PRKCB,TRERF1,PRKCE,PAG1,PRKCH,PRKCI,WWC3,ARHGAP15,TEX2,ASH1L,WSB2,LMO3,GPRC5C,MYNN,PRKCZ,PRKDC,ERBIN,RCC2,MAPK1,SULF2,MAPK6,GNG12,MAPK8,MAPK10,MAPK13,PDGFC,MAP2K1,MAP2K2,MAP2K5,DNAJC3,TEX14,PRL,ANKH,PRLR,CRTAM,CTNNBL1,LRRC8A,WDR45B,PARD3,AZU1,PSAP,PSEN2,TMPRSS4,TRIM39,RETN,FMN2,PSMA1,SLAMF8,SPHK2,CELF4,DPYSL5,WRNIP1,ANKS1B,SPIRE1,NCLN,SPPL2B,PMEPA1,BMAL2,DUSP22,MFF,SMYD2,RGMA,PRDM11,PSMG2,CDC42SE2,CTNNBIP1,PDXP,PLSCR3,KNL1,AGTRAP,CASS4,C12orf4,CAMK1D,LPAR5,CD177,MAN1C1,RGL3,RTN4,SCYL3,RALGAPB,SLC44A2,SMURF1,PELI2,PELI1,ZNFX1,ZMIZ1,RALGAPA2,ADGRG6,PPP4R3B,PTEN,SLC4A10,PTGER2,PBXIP1,PTGER3,AICDA,TMIGD3,RHBDD2,PTGS2,MIR497,MIR520C,BIRC6,TENM2,PTH2R,PTK2,GRAMD1B,PLEKHG1,NLN,AHRR,ARID1B,KIDINS220,MTUS1,ARHGAP31,RPTOR,SRGAP1,NYNRIN,PTK6,MIB1,ELAPOR1,SORCS2,WDR35,NCEH1,SEMA6A,STAMBPL1,SIPA1L2,ARHGAP20,PREX1,ARHGAP21,WDFY1,MRTFA,BEGAIN,ADGRB2,FNIP2,VPS18,SHROOM3,SH3RF1,EP400,UVSSA,GRAMD1A,PLEKHA4,RNF213,GPAM,CHD8,SHTN1,CPNE5,ADGRB3,PTPN1,WDFY4,DENND1A,EPG5,ZFYVE28,PTPN3,SCUBE2,PTPN7,MARK4,RAB40C,PTPN11,GRHL3,PTPN13,PTPRA,PTPRC,PTPRD,PTPRCAP,PTPRE,PTPRG,PTPRJ,PTPRK,PTPRM,PTPRN2,PTPRO,NECTIN1,NECTIN2,CXCL16,PEX2,PXN,PEX5,PYGL,MS4A7,ARHGAP22,CACTIN,RRAGD,LY6G6D,MAP4K2,RAB27A,RAC2,RAD21,RAD23B,RAD51B,MOK,RAD51D,RAD52,RAF1,RALB,ACTA2,RALGDS,RAP1B,RAP1GAP,RAP1GDS1,RARA,RARG,RASA1,RASGRF1,RB1,RBL1,HRH4,TRPV4,ALOXE3,RXFP1,LGR6,RBP4,RCVRN,BCL2,UPF1,BCL2L1,TRIM27,RFX1,RFX2,RGS3,RGS10,RGS12,RGS13,RHEB,BCL3,AVPI1,BCL6,BACH2,BCL7A,NYX,PAPPA2,ROBO1,RORA,RORC,RPE65,RPL3,BCR,RPS3,RPS6KA1,RPS6KA2,RREB1,RSU1,RXRA,RYR1,RYR3,S100A1,SORT1,S100A4,S100A6,S100A9,S100A10,S100A11,S100A13,S100P,CFB,SAG,CELA2A,ATXN7,SCN1A,SCN2B,SCNN1A,CEACAM1,CCL3,CCL13,BICD1,CCL18,CCL22,BID,BIK,UBE2O,PIEZO2,SEC14L1,PRDM16,SECTM1,MYO1G,SELE,SELL,PERP,CDH23,SLC28A3,GOLPH3,SAMSN1,BLM,NPFFR1,VSIR,NOD2,IFIH1,MAP2K4,ERAP2,SEMA4A,HERPUD2,MS4A6A,ARHGEF28,RAB17,SRSF7,COP1,LMBR1,ARHGAP9,NXN,MMP25,ZNF106,PALS1,RGS18,SFTPD,DCLRE1C,SGK1,CSMD1,SGTA,ITSN1,SH3GL1,CLEC7A,SHB,LYPD8,SMYD3,MTARC1,CREB3L2,MEAF6,SIAH1,ILRUN,SIAH2,MICAL1,AEN,CRTC3,DEPTOR,ST6GAL1,ST3GAL1,MARCHF7,YTHDC2,NIBAN2,RASAL3,SIPA1,SKI,NDRG4,SKP2,SLA,RAPH1,SLC1A2,TMEM135,SLC1A7,WNK1,SLC2A1,SLC2A4,SLC2A5,NADK,SLC6A9,FER1L6,SLC8A1,BMP7,SLC11A1,SLC12A3,SLC34A1,SLC18A2,SLC20A1,BMPR1B,SLIT1,SLIT3,BMPR2,SMARCA2,SMARCA4,PHACTR4,SMARCC1,CHID1,SMARCD1,SMARCD2,SNCA,SOD1,SORL1,SOS1,SOX5,DST,SP100,SPI1,SPN,SPTBN1,SRC,SRD5A2,SREBF1,SREBF2,BRAF,SRPK1,SSRP1,DENND2B,STAC,ZFP36L1,STAT3,STAT5B,STIM1,STK3,STK4,STRN,SULT1A1,BSG,SYK,SYT1,TBXT,ADAM17,TAF6,TAF10,TBCE,TBL1X,TBX6,TBXAS1,TCF7,TCF7L2,TCF12,TDG,TDO2,TEAD3,TEC,TMBIM6,TEK,TERF2,TFPI,TG,TGFA,TGFB1,TGFBI,TGFBR1,TGFBR2,TGFBR3,TGM2,THBS1,TSPO,THRA,THRB,TIAM1,TIE1,TIMP2,TIMP3,TLE1,TLE2,TLE4,TLN1,SERPING1,TLR5,GPR137B,TNFAIP3,C1QB,TNFAIP6,TNFRSF1A,TNFRSF1B,TNNI3,C1QC,TNXB,TOP1,TOP2B,TP53BP2,C1S,TP73,TPD52L1,C2,TPO,TPR,TPT1,NR2C2,TRAF1,TRAF2,TRAF3,TRAF5,TRAF6,C3AR1,TRIO,TRPM2,TSG101,TSHR,CAPN5,DNAJC7,TTN,D2HGDH,DEFA1B,TULP1,CCR2,TNFRSF4,TXK,TXNRD1,TYMS,MOSMO,ACOD1,RFX8,UBA7,UBE2D3,UBE2L3,UBE2V1,UCP3,UGCG,UPP1,CLRN1,UVRAG,VAV2,VCL,VDAC1,VIM,VRK2,VWF,WIPF1,WFS1,NSD2,DAGLA,WNT8B,WRN,WT1,XPC,XRCC2,XRCC3,XRCC4,XRCC5,LDLRAD4,YWHAG,YWHAH,YWHAZ,ZFP36,PTTG1IP,CA2,RELL1,ZNF148,TRIM26,CACNA1A,CACNA1C,CACNA1D,ZNF236,ZP3,LAPTM5,CACNA2D1,CACNB1,PXDN,RNF103,TUBA1A,PAX8,CACNB4,MAPKAPK3,USP7,RAB7A,OTUB2,CYREN,AHNAK,NABP2,PVRIG,FTO,CARD14,MAPKAP1,DERL1,LILRA6,BAG6,TMEM43,OR13A1,FCRL2,NOX5,CYBC1,EPS8L3,TMEM231,TCTN1,ADIPOR2,RNASEH2B,NDNF,SH3TC2,MCPH1,RHBDF2,TMEM204,ARHGAP10,DYNC2H1,NLRX1,LRRK1,TBL1XR1,ASB13,ZNF668,C1orf115,MCTP1,FBXO31,GSDMD,TTC21B,MMRN2,EHMT1,MOB3B,CAMKMT,NHEJ1,NEK11,RABEP2,UBA5,CAAP1,RIN3,PRR5L,CYBRD1,BTNL8,ACTR5,DOK3,KAT6A,ATAT1,WLS,SVEP1,DOCK5,SLC8B1,SEMA6D,ADAMTS20,CALM1,BICC1,VCPIP1,NR4A3,OPA3,ARMC9,CCDC92,ALPK1,EDEM3,STAM,HSD3B7,CDK5RAP3,CUBN,NCOA4,PDGFD,EPC1,CPEB4,ZKSCAN3,PNPLA3,SEL1L2,CD276,CSRP3,AKNA,MPIG6B,NDFIP1,COL18A1,EEPD1,DUSP16,APOL3,SH3BP5L,FXR1,ACTN4,WNT5B,ZBP1,COLEC12,CALR,DPF3,ANP32A,SLC7A5,DCSTAMP,HM13,TRIM11,CLPB,ANKRD13C,SNX27,CAB39L,ITM2C,KAZALD1,AKAP1,CAMK2D,ADAMTS12,CAMK2G,NRIP1,CANX,CAPN1,CAPN3,DYSF,TRRAP,KLRC4,AXIN1,CASP1,FCRL4,APH1B,ARHGAP24,PLVAP,CASP2,RASSF5,CCM2,GUCD1,CCDC3,DYNLRB1,SESN2,FERMT3,ATG10,ITCH,RBM4B,FRMD8,MAD1L1,KCTD10,CASP6,STK40,RASSF4,IMMP2L,SLC4A11,NCALD,KREMEN1,CASP7,ADGRV1,DTNBP1,ANKRD27,ULK1,EEA1,BCAR3,LRRIQ1,ZNRF3,PPP1R1B,ARID5B,NLRC5,STX7,SLA2,CMAHP,LRRC8C,TRAF7,ZDHHC18,SLF1,SGIP1,GARNL3,FLYWCH1,SLC25A33,STK24,RNF135,PRXL2A,CASP10,CHCHD6,BRMS1L,VPS25,HVCN1,RASAL1,NSMAF,NCK2,ECRG4,CARD11,ADGRA1,MAML2,DOT1L,LZTS2,SYVN1,LCOR,SLX4,FAM120B,CASQ2,SPIRE2,CUL3,HOPX,CUL1,SANBR,ATRN,CASR,TPST1,KLF11,TTBK1,IL1F10,SUPT3H,DGAT2,SPINK7,USP32,MS4A14,SPATA22,CAT,GPT2,CRACR2A,GPR65,SEMA7A,ADTRP,KLHL22,HAVCR2,AGBL4,ORAI1,MFSD2A,AIFM2,TMTC4,MAP4K3,LRP11,ZFYVE19,ZNRF1,HSH2D,MAEL,CGNL1,UBASH3B,DISP1,PPFIA1,PARG,CNTNAP1,ITGA8,DGKZ,DGKE,DGKD,CST7,LGALS12,NKD1,APOL1,ITPRIP,TANC1,BHLHE40,CDC14B,TCAP,YARS1,MADD,CAV1,CASK,STK16,SCARF1,LY6D,RUNX2,SLC25A12,KLF7,PLPP1,PLPP3,STC2,NPFF,CDK13,RFXANK,CBFA2T3,UNC5C,RNASET2,OASL,AOC3,RUNX3,DCHS1,PTCH2,AKR1C3,NCOA1,TNKS,EIF3A,BECN1,PEA15,MARCO,S1PR4,B4GALT2,ABCC3,MBTPS1,CTNNAL1,GBF1,MYOM1,CRADD,TNFSF12,TNFSF10,CBS,ADAM9,PABPC4,FADD,TNFRSF11A,TNFRSF10C,TNFRSF10B,TNFRSF10A,IL18RAP,IL1RL2,IL18R1,HESX1,IQGAP1,NRP2,NRP1,SYNGAP1,CD84,SOCS2,CFLAR,CCN4,HDAC3,KSR1,KAT2B,NR1I2,STK19,LDB1,CCKBR,ARHGEF7,VNN1,NAE1,MTMR3,MTMR2,CPNE1,AP1M1,TRIM4,HERC2,MBD2,SKAP2,KYNU,BTRC,CCND3,USP13,UMODL1,HPS4,FGD3,MVB12B,KLHL6,RPS6KA4,PLCZ1,TRIM15,SLAMF9,PGLYRP1,LIMD1,TNFSF18,KALRN,ACVR1,SYT8,PHLDB2,TSPAN18,MPZL1,OTULIN,BAZ1B,CCRL2,SEMA5A,SPAG9,DOK2,AIP,PSTPIP1,MAP7,MCU,PAPSS2,STARD13,ANGPTL1,ASH2L,DIRAS3,PIP4P1,USP10,USP8,MTA1,LATS1,CD1D,PDLIM1,DDX60L,ARHGEF1,CBFA2T2,FAAP24,RNF185,SYNGR1,CTDP1,RSAD2,FIBP,CD3E,CHURC1,DEPDC7,IL1RL1,MAP3K13,MYLK3,SLC24A1,DDX21,CD247,DCLK1,CD5,LARGE1,VAPB,VAPA,CD5L,MAGI1,STYXL2,RCSD1,DLGAP1,CD6,SPSB4,UBE2L6,DHRS3,NUMBL,MFHAS1,MOB1B,MAPKAPK2,STK17B,CYTH1,ITGB1BP1,DNER,BPIFB1,HELB,SHKBP1,CD9,TAAR3P,S1PR2,SOCS6,CD83,NEURL3,NREP,COPS2,TRIP13,TRIP12,TRIP4,CD22,CD163,SLC22A6,ITGBL1,CACNA2D4,CPNE6,TADA2B,ARHGAP18,NHERF1,PLAA,NRXN1,NRXN2,CD27,NMT2,ACVRL1,RECQL5,GRAP2,SELENOF,HTRA3,CD80,RP1L1,TJP2,CD86,GSTO1,AIM2,MAP4K4,LY86,EIF2AK3,HOMER2,ARHGEF6,RASAL2,PICK1,AKAP7,SH3BP5,CD34,AKAP6,ATG5,CD36,STX8,MAGED1,RPH3AL,ADAMTS3,CD38,EEF1E1,MACROH2A1,CHD1L,H6PD,GTPBP1,CLOCK,BABAM2,CDC42BPB,APOBEC3B,AKAP12,CD44,NCOR2,RNF7,ABCG1,CD48,FEZ2,ARHGEF10,ZNF592,MORF4L2,FNIP1,CTR9,PPM1F,RALGPS1,CD58,ZNF516,CD59,LPIN2,MARF1,TTI1,PHF14,FAM53B,CD68,DEPDC5,N4BP1,VGLL4,NUP93,RAPGEF2,EDEM1,PUM1,RIMS2,ST18,NOS1AP,HDAC9,USP34,SETD1A,CD79B,IFT140,ARHGAP32,CD81,RIPOR2,HDAC4,ADGRE5,SUSD6,CD151,RAPGEF5,BCLAF1,ATG13,TBC1D5,CDA,PIEZO1,MATR3,KIAA0586,MTSS1,MAML1,GIT2,RB1CC1,MELK,ZEB2,TESPA1,ELMO1,GAB2,C2CD5,FARP2,MAGI2,PJA2,TLK1,TBC1D4,SRGAP3,ARNT2,SEC16A,RNF10,IQSEC1,ZBTB40,KIF14,P2RY14,DCLRE1A,ARHGAP25,DLEC1,GFPT2,USP15,USP3,MVP,SLC23A2,TNFSF15,NR1H4,CDH1,SLC12A6,CASP8AP2","Sputum_Mixed granulocytic"
"BP","negative regulation of immune system process",515,184,1.04230334479256e-05,0.00320071637933327,"ADA,KLRC4-KLRK1,MICOS10-NBL1,TSPAN32,CDK6,CD96,LRRC17,ADAR,BTN2A2,PIAS3,GPNMB,MERTK,LILRB1,SPINK5,LILRB4,LILRB3,IRAK3,DUSP10,PADI2,PGLYRP2,CLNK,CNR2,COL3A1,TMEM178A,IL31RA,ADORA2A,ZBTB46,PARP1,MAPK14,RC3H1,CTLA4,CTSG,CX3CR1,CYP19A1,CD55,ZFPM1,DLG1,DPP4,DUSP3,AHR,NLRC3,ELF1,A2M,AKT1,FER,FGL1,FGR,CARD8,LRCH1,GRAMD4,DTX4,PLCL2,PLCB1,TMEM131L,SCRIB,FYN,YTHDF3,SAMHD1,LRRC32,STAP1,C5AR2,TNFRSF21,GPR17,GRN,CD274,ANXA1,HCK,HLA-DOB,HLA-DRB1,HLX,IL7R,IL10,INHBA,INPP5D,IRF4,JAK3,TBC1D10C,MIA3,ARG1,LAG3,LDLR,LGALS3,LTF,LYN,MIR140,MIR17,MIR185,MIR19A,MIR19B1,MIR20A,MIR21,MIR302A,ARRB2,SMAD7,MEFV,TARM1,NBL1,NF1,FURIN,PAWR,ZBTB7B,PDCD1,PDPK1,PIK3R1,UBASH3A,PLCG1,ACP5,PPARG,LAX1,BANK1,FBXW7,LGR4,LYAR,NPLOC4,PRKAR1A,PAG1,PRKDC,ERBIN,CRTAM,PSMA1,SLAMF8,DUSP22,PELI1,GPAM,PTPRC,PTPRJ,CACTIN,RARA,TRIM27,BCL6,BCR,CEACAM1,CCL3,SEC14L1,SAMSN1,VSIR,NOD2,SFTPD,MARCHF7,LGALS9C,SPI1,SPN,SRC,SYK,TMBIM6,TGFB1,THBS1,SERPING1,GPR137B,TNFAIP3,TNFAIP6,C1QC,CCR2,ACOD1,YWHAZ,LAPTM5,PVRIG,RHBDF2,NLRX1,RIN3,SVEP1,NDFIP1,TRIM11,RASSF5,ITCH,MAD1L1,NLRC5,SLA2,ZDHHC18,ADTRP,HAVCR2,UBASH3B,DGKZ,CST7,RUNX1,RUNX3,CBFB,FADD,CD84,TSC22D1,PGLYRP1,TNFSF18,IL1RL1,MFHAS1,BPIFB1,SOCS6,CD22,CD80,CD86,ATG5,CD59,CD68,RIPOR2,USP15","Sputum_Mixed granulocytic"
"BP","regulation of catalytic activity",1477,518,1.21454583624124e-05,0.00367991194436612,"ABI1,TANK,PDCD6,DNAJB6,KLRC4-KLRK1,RAD50,HIPK3,RASGRP1,PLXNC1,NET1,ADAR,CDKN2B,CCL26,NOD1,DLC1,RACK1,ADARB1,RAPGEF3,VAV3,TAB1,MERTK,CAP2,SEMA4D,IPO7,ANP32B,ARFGEF1,RGS14,PPP1R17,MALT1,TMED2,MAPRE2,SPINK5,LILRB4,ADAP1,RIPK3,RAPGEF4,TBC1D8,PKIG,IRAK3,DUSP10,PDCD10,CHN2,NLRP3,OSBPL8,ARAP1,AGAP2,AGAP1,RFFL,CLU,AGAP11,FGD4,WDR81,TBC1D16,TBC1D20,ADORA2B,CRHR1,NEK7,CRY2,PARP1,PARP4,MAPK14,CSF1R,PIK3R6,ADRA1A,CCNYL1,CTSH,PAQR3,DAP,DAPK1,DAXX,DHFR,DRD4,DUSP3,AGTR1,ECT2,LPAR1,EFNA5,EGF,EGFR,ELANE,SERPINB1,MARK2,ARHGAP27,CCDC125,C9orf72,EPHA1,EPHB3,DIPK2A,AKT1,ERCC5,ERN1,ESR1,EZH2,PTK2B,CCNY,FCER2,FDX1,FGD1,MAPK15,FGFR2,FGR,RAB11FIP2,PPM1E,NLRP1,CARD8,RAB3GAP1,TPX2,TBC1D9B,RRP1B,SIPA1L3,TBC1D2B,RAP1GAP2,TAB2,PLXND1,ANKLE2,LRCH1,GRAMD4,TBC1D9,SNX13,RGL1,FLT1,SMG6,SASH1,SZT2,DOCK9,SCRIB,ARHGAP45,PIK3R5,CORO1C,RABGAP1,PLXNB2,SH3BP4,ALK,MTOR,ABL1,FYN,SERINC5,TBC1D22A,DSTYK,NGEF,WWTR1,TIAM2,GCH1,LATS2,RGL4,GFI1,CYFIP2,ABL2,LAT,LAMP3,SGSM3,BIN1,GNA12,GNA15,GNAI2,GNAI3,GNAQ,SFN,GPLD1,RAPGEF1,TRIB2,GRN,RGCC,ABR,UHRF1,GSK3B,GSN,PILRB,ANXA1,HTT,NRG1,HIF1A,HIP1,HLA-DRB1,HNRNPD,HNRNPU,HTR2B,IFNG,IGF1R,APP,FAS,IL1A,IL6R,ITGA6,ITGA1,ITGAM,ITGB1,ITGB2,TBC1D10C,CCL4L1,RHOG,LCK,LCP2,LGALS3,LIMK1,LIMS1,LRP1,LRP6,LRP5,LTF,LYN,MIRLET7B,MIR143,MIR17,MIR195,MIR19B1,MIR20A,MIR21,MIR92A1,SMAD3,SMAD7,MBP,MEF2C,MEFV,MAP3K5,MGAT5,MNAT1,MSH3,ASPH,MTRR,MMUT,PPP1R12A,NEDD9,NEK2,NF1,NFKB1,NGFR,NOS3,NOTCH1,NPPA,ATP2A3,NRDC,ROR1,ATP2B4,NVL,MIR378A,P2RY6,FURIN,SERPINB2,PAK2,PALM,PRKN,PARN,PAX2,SPOCK3,ANGPTL4,HERC5,PLCE1,PDCD2,FZR1,TAOK3,PRKAG2,PDGFA,PDGFB,RTRAF,CDK5RAP1,PDPK1,CAB39,RAPGEF6,INPP5K,PHB1,SERPINA1,SERPINA4,SERPINB6,SERPINB13,PIK3CB,PIK3CG,PIK3R1,PLAUR,PLCB2,PLN,PLXNA1,PLXNA2,PLXNB1,ERRFI1,POR,EGLN1,PPARG,BCAS3,LAX1,ODAM,PINX1,USP47,RALGPS2,PPP6R3,FBXW7,TBC1D2,LGR4,PRIM2,ASAP3,DOCK10,AMBRA1,TBC1D22B,PKIA,CCDC88A,PRKAR1A,PRKAR1B,PRKAR2A,PRKAR2B,FGD6,ADAP2,CAND1,ARHGAP15,DBNDD2,RCC2,MAPK1,MAPK8,PDGFC,MAP2K1,MAP2K2,MAP2K5,PRLR,AZU1,PSAP,PSEN2,SLAMF8,SPHK2,DUSP22,PSMB8,PSMB9,CASS4,RGL3,RALGAPB,RALGAPA2,PTEN,PBXIP1,TMIGD3,PTK2,SERINC1,RPTOR,PTK6,TBC1D14,SIPA1L2,PREX1,RIC1,SH3RF1,PTPN1,ZFYVE28,GBA3,PTPRC,PTPRJ,PTPRO,ARHGAP22,MAP4K2,RAF1,RALB,RALGDS,RAP1GAP,RAP1GDS1,RASGRF1,RB1,RBL1,RBL2,RXFP1,TRIM27,RGS10,ROBO1,BCR,RPS3,RPS6KA1,RSU1,S100A1,SORT1,S100A9,S100A10,CEACAM1,CCL3,CCL13,BICD1,CCL18,CCL22,BID,SELE,PERP,BLM,VSIR,NOD2,ARHGAP9,SGK1,CLEC7A,SIAH2,DEPTOR,SIPA1,WNK1,SLC5A3,AGAP7P,SLC8A1,SLC11A1,PHACTR4,MTMR9,SNCA,SOD1,SORL1,SOS1,SPINK2,SRC,STAT3,STIM1,CDKL5,SYK,ADAM17,TMBIM6,TEK,TERF2,TGFB1,TGFBR2,TGM2,THBS1,TIAM1,TIE1,TIMP2,TIMP3,SERPING1,GPR137B,TPD52L1,TRAF2,TRAF6,TSG101,TSHR,TTN,CCR2,TXK,UBE2L3,UVRAG,VAV2,WARS1,WRN,XRCC4,XRCC5,YWHAG,ZFP36,CACNA1C,CACNA1D,LAPTM5,EVI5,DBNDD1,CARD14,CCNJL,HMBOX1,PRKRIP1,NHEJ1,CAAP1,GRHL2,CALM1,CDK5RAP3,PDGFD,DUSP16,SH3BP5L,CAPN1,CAPN3,PICALM,CAST,AXIN1,CASP1,APH1B,ARHGAP24,CASP2,TBC1D10A,ADGRV1,DTNBP1,BCAR3,PPP1R1B,NLRC5,GARNL3,CASP10,VPS25,TTBK1,PSRC1,GPR65,ORAI1,UBASH3B,PKP4,DGKZ,CST7,CDC14B,CAV1,OASL,AOC3,TNKS,SERPINA6,S1PR4,CRADD,TNFSF10,ADAM9,FADD,TNFRSF11A,TNFRSF10B,TNFRSF10A,IQGAP1,KSR1,KAT2B,LDB1,ARHGEF7,CCNA1,BTRC,CCND3,FGD3,DIRAS3,LATS1,CCNB2,MAP3K13,CCPG1,ITGB1BP1,NHERF1,PLAA,CD86,AIM2,MAP4K4,EIF2AK3,SH3BP5,SCARB2,MACROH2A1,CD44,ARHGEF10,FNIP1,PPM1F,RALGPS1,RAPGEF2,ST18,USP6NL,NOS1AP,HDAC9,RIPOR2,RAPGEF5,TBC1D5,MAGI2,TBC1D4,KIF14,ARHGAP25,MVP,TNFSF15,CASP8AP2","Sputum_Mixed granulocytic"
"CC","secretory vesicle",1061,361,1.31998499269934e-05,0.00387989420011896,"A1BG,DNM1L,LHFPL2,ADAM10,STX6,ABCC4,ATP8A1,BAIAP2,VAT1,UNC13B,ATG7,OLFM4,GIPC1,IQGAP2,CEACAM3,HPSE,CEACAM8,RAB10,TMED2,CKAP4,TMED10,COPS5,SPINK5,RCBTB2,LILRB3,RAB31,ABHD2,SPACA9,CHIT1,PADI2,VPS45,TMC6,EXOC3,TRIM9,RAB3C,LRG1,CLCN3,BORCS5,CLU,SLC15A4,OSCAR,LYZL4,STXBP5,HGSNAT,CRHBP,SIRPA,VTI1A,MAPK14,CSNK2B,NFAM1,CTSB,CTSG,CTSH,CTSW,CTSZ,CXADR,CYB561,ABCA13,IQUB,VPS13B,CLEC12A,CD55,AP2A2,DEFA1,DEFA3,DEFA4,DEFA5,SLC30A8,DNASE1L1,DYNC1H1,AGL,DOCK2,ECE1,EEF2,EGF,ANO6,ELANE,SERPINB1,A2M,UNC13D,RAB12,STOM,STX2,ABCA3,ALAD,ALB,FABP5,FCAR,FCGR3B,ADGRG3,FGR,FNDC3A,CD93,SV2C,CEP131,KIF1B,FSTL4,NFASC,SEPTIN6,SEPTIN8,CYFIP1,FAF2,ATP11A,DMXL2,UBR4,COTL1,ARHGAP45,ATP6V0A2,HEBP2,ALOX5,GAA,GABBR1,GABRA2,QPCT,GCA,ARMC8,GALNS,MYRIP,ABCA12,GARS1,GCG,SLC17A5,MYOF,GDI2,B4GALT1,LAMP3,SIGLEC9,DISC1,AMPD3,GLB1,CRCP,BIN1,GM2A,GNAI2,GNS,GRN,DBNL,TMEM230,GSN,OLA1,SNX10,GYG1,GZMK,ANXA2,HEXA,HEXB,ANXA11,APBA1,RAB37,ICA1,STING1,IGF2R,APP,PADI6,TICAM2,ITGA1,ITGAL,ITGAM,ITGAV,ITGB2,ITPR1,ITPR2,NHLRC2,TBC1D10C,ARG1,HRNR,LAIR1,RHOG,LAMP1,LCN2,LGALS3,LGALS3BP,RAB44,LTA4H,LTF,ARSB,MME,MMP8,ASTL,MPO,UNC13C,TARM1,NUDT1,MYO5A,CEACAM6,NCF2,SEPTIN2,NFKB1,NOTCH1,OLR1,P2RX1,PAK2,PCDH7,DERA,SCCPDH,PCSK1,PLAC8,TEX264,ATP6V1D,TRAPPC4,BIN2,PDE4B,PDGFA,PDGFB,CYRIB,ATP6V1H,YPEL5,CAB39,RAB8B,ATP6V1B2,SERPINA1,SERPINA4,SERPINB6,ATP6V1C1,PKM,PLAT,PLAUR,PLCB2,SEPTIN5,SEPTIN4,TOLLIP,RHOF,PPBP,CTSA,SYTL2,CMTM6,PGM2,CPPED1,PPT1,PRCP,PRKACA,DENND4C,CAND1,MAPK1,DNAJC3,KLK10,AZU1,PSAP,PSEN2,TMPRSS4,RETN,MFF,PSMB7,VPS35L,PSMD1,KNL1,PSMD3,CD177,SLC44A2,QSOX1,RAB40C,PTPRC,PTPRJ,PTPRN2,PYGL,RAB5B,RAB27A,RAP1B,BCL2L1,S100A9,S100A11,S100P,SCNN1A,CEACAM1,BICD1,SLC17A9,SELL,ARHGAP9,MMP25,SLC2A4,SLC2A5,SLC6A9,SLC11A1,SLC18A2,SNCA,SPARC,SPINK2,STK10,BSG,SURF4,VAMP1,SYN2,SYPL1,SYT1,TGFB1,THBS1,TIMP2,TIMP3,SERPING1,TNFAIP6,TNFRSF1B,C3AR1,TRPM2,DEFA1B,VCL,VWF,WFS1,XRCC5,CACNA2D1,RAB7A,MCTP1,GSDMD,LPCAT1,ATP8B4,DOK3,CEP290,PHAF1,FER1L4,DNAJC5,ACTN4,CALR,SYN3,CAPN1,DYSF,PICALM,TEX101,FERMT3,CRISPLD2,ANGPTL6,ATAD3B,SPATA16,CTTNBP2,DTNBP1,STX7,HVCN1,CAT,CRACR2A,ZNRF1,PPFIA2,KCNAB2,STON2,SSH2,DEGS1,CAV1,CADPS,CDK13,RNASET2,STX11,ACTN1,SIGLEC5,IQGAP1,VNN1,MTMR2,CPNE1,AP1M1,HPS4,STBD1,PGLYRP1,SYT8,SPAG9,CFAP119,SYNGR1,VAPA,CD9,MS4A3,OTOF,ORMDL3,SYTL3,PICK1,CD36,SLC4A8,CD44,CD58,CD59,CD68,TMEM63A,PHACTR2,ADGRE5,CDA,IQSEC1,MVP","Sputum_Mixed granulocytic"
"MF","enzyme regulator activity",1265,459,1.32050974217269e-05,0.00387989420011896,"ABI1,TANK,FAM47E,TEN1,DNM1L,RASGRP1,FRY,FAM13A,FARP1,TNK2,DENND4A,NET1,CDKN2B,NOD1,DLC1,RACK1,WFDC2,RAPGEF3,VAV3,TAB1,IPO7,ARFGEF1,RGS14,IQGAP2,FRS2,PPP1R17,MALT1,MMP24,SPINK5,LILRB4,RCBTB2,ADAP1,RIPK3,RCC1,RAPGEF4,CIT,FAF1,TBC1D8,PKIG,AKAP13,CHN2,NLRP3,GBP5,PHACTR3,CKS2,ARAP2,ARAP1,AGAP2,AGAP1,TAGAP,AGAP11,FGD4,WDR81,TBC1D16,RINL,IQGAP3,TBC1D20,STXBP5,CPN2,SIRPA,CSNK2B,PIK3R6,CCNYL1,CTSH,PPP4R2,SLC38A9,PLEKHG4B,DGKQ,DAXX,DENND1B,DOCK1,DOCK2,DOCK3,RCAN1,ECT2,EFNA5,EGF,EGFR,SERPINB1,A2M,ABCA2,SPRED2,MARK2,ARHGAP27,ENSA,C9orf72,AKT1,ERCC5,ERCC6,ESR1,ACSL1,FBLN1,CCNY,SPATA13,PI16,PHACTR1,FGD1,RASA3,LMTK2,NLRP1,DENND3,CARD8,RAB3GAP1,RIMS1,TBC1D9B,SWAP70,MYCBP2,ARHGAP26,SIPA1L3,IQSEC2,MCF2L2,TBC1D2B,RAP1GAP2,ANKLE2,TBC1D9,RGL1,FAF2,PSME4,ARHGEF9,PLCB1,DENND5A,DOCK9,PSD3,CABIN1,ARHGAP45,PIK3R5,PSD4,RABGAP1,SH3BP4,ALK,ALOX5AP,FYN,TBC1D22A,NGEF,TNFAIP8,PRDX5,IBTK,PLEKHG3,PPP1R16B,GAPVD1,STAP1,TIAM2,FBXO8,ARFGAP3,SERGEF,NUPR1,RGS17,PCOLCE2,GDI2,RGL4,CYTH4,SGSM3,BIN1,GM2A,GNA12,GNAQ,SFN,PPP1R37,SH3PXD2B,RAPGEF1,TRIB2,GIT1,RGCC,DBNL,ABR,ARHGAP35,GRM7,ANXA1,ANXA2,ANXA4,NRG1,HMGCR,HPS1,AGFG1,HTR2B,SLCO1B7,COL28A1,APP,TRIM23,TBC1D10C,LCK,LGALS3,ARHGDIB,RHOH,LRP6,SPINK6,LTF,ARRB1,MGAT5,MMP16,MNAT1,CARD17P,IQSEC3,PLEKHG7,CCDC88C,MYO9B,PPP1R12A,PPP1R12B,NCF2,NCF4,NCK1,NF1,NOTCH1,ATP2A3,NUCB1,ATP2B4,TIFAB,PEBP1,FURIN,SERPINB2,ITSN2,PAK2,ARHGEF3,ASAP1,SPOCK3,ANGPTL4,PCOLCE,PLCE1,CRIM1,FZR1,TAOK3,ANGPT4,PRKAG2,PDGFB,ATP6V1H,PDPK1,CAB39,RAPGEF6,MAP3K20,SERPINA1,SERPINA4,SERPINB6,SERPINB13,PIK3R1,PLN,PLXNB1,ERRFI1,RIN2,RHOF,CTSA,BCAS3,EPS8L1,DUS2,PARP16,PINX1,TESC,RALGPS2,ARHGAP17,PPP1R10,ARHGEF10L,PPP2R1A,PPP2R1B,PLEKHG6,PPP2R3A,PPP2R5C,CWF19L1,PPP2R5E,PPP6R3,FBXW7,TBC1D19,TBC1D2,ASAP3,DOCK10,TBC1D22B,DENND4C,PPP4R3A,PKIA,CCDC88A,PRKAR1A,PARVA,PRKAR1B,PRKAR2A,PRKAR2B,FGD6,DCP1A,ADAP2,PRKCE,ARHGAP15,PPP2R2D,GPRC5C,RCC2,MAPK8,MAP2K1,MAP2K2,DNAJC3,PRPSAP1,PSAP,WRNIP1,CCNL1,PSMD1,PSMD3,RGL3,RALGAPB,RALGAPA2,DENND11,PPP4R3B,BIRC6,PLEKHG1,KIDINS220,ARHGAP31,RPTOR,SRGAP1,TBC1D14,PDP2,SIPA1L2,ARHGAP20,PREX1,ARHGAP21,RIC1,ADGRB3,DENND1A,OPRPN,ARHGAP22,RAC2,RALGDS,RAP1GAP,RAP1GDS1,RARRES1,RASA1,RASGRF1,KDM5A,RCVRN,RGS3,RGS10,RGS12,RHEB,BCR,RPS6KA1,SAG,CCL3,THADA,VSIR,ARHGEF28,ARHGAP9,RGS18,ITSN1,SMAP2,DEPTOR,RASAL3,SIPA1,SKI,WNK1,AGAP7P,NCF1C,PHACTR4,MTMR9,SNCA,SOS1,SPINK2,SRC,DENND2B,STK3,STK4,TBCD,TMBIM6,TFPI,TGFA,TGFB1,TGFBR2,THBS1,TIAM1,TIMP2,TIMP3,SERPING1,TRIO,UBE2L3,VAV2,WARS1,XRCC5,YWHAG,EVI5,CCNJL,ARHGAP10,PPP1R3B,PRKRIP1,MOB3B,RABEP2,RIN3,DENND1C,DENND2D,DOCK5,CALM1,DBF4B,SH3BP5L,CAB39L,SBF2,CAPN3,CAST,CASP1,APH1B,ARHGAP24,SESN2,TBC1D10A,ADGRV1,ANKRD27,BCAR3,PPP1R1B,SLA2,GARNL3,RASAL1,NSMAF,SLX4,HOPX,SPINK7,CST7,ITPRIP,MADD,CAV1,SERPINA6,GBF1,IQGAP1,NRP1,SYNGAP1,SOCS2,CFLAR,KAT2B,ASAP2,CCKBR,ARHGEF7,CCNA1,HERC2,HERC1,BTRC,CCND3,UMODL1,HPS4,FGD3,KALRN,STARD13,CCNB2,ARHGEF1,MAP3K13,DDX21,MOB1B,CYTH1,ITGB1BP1,SOCS6,ARHGAP18,PLAA,CD27,AIM2,ARHGEF6,RASAL2,SH3BP5,PSMF1,MACROH2A1,VPS9D1,ARHGEF10,SH3PXD2A,FNIP1,RALGPS1,DEPDC5,RAPGEF2,USP6NL,ARHGAP32,PHACTR2,RAPGEF5,ATG13,TBC1D5,GIT2,ZEB2,ELMO1,FARP2,TBC1D4,SRGAP3,RABGAP1L,IQSEC1,ARHGAP25,CASP8AP2","Sputum_Mixed granulocytic"
"BP","cellular response to chemical stimulus",2727,886,1.33177146457173e-05,0.00387989420011896,"ADA,TANK,BCL2L11,KLRC4-KLRK1,MICOS10-NBL1,ABCC5,ABCB6,DNM1L,IFNL4,TRAP1,AKAP9,ADAM10,CALCRL,ABCC4,RAMP1,RAMP3,NET1,PAK4,ADAR,CDKN2B,LANCL1,TNIP1,CCL26,MICU1,NOD1,NDRG1,RACK1,PIAS3,RAPGEF3,PRMT5,VAV3,BAIAP2,TADA3,UNC13B,NCOA2,DDX17,KAT5,CEBPE,ATG7,AGR2,SORBS1,TXNRD2,CES1,CXCR6,SLC12A7,GIPC1,TRAF3IP2,KDM5B,ADCY2,CCR9,LILRB1,ARID5A,RAB10,MALT1,TMED2,COPS5,LILRB4,RAB31,RIPK3,ABHD2,PRDM5,CORO1A,IRAK3,PDCD10,PADI2,CHRM2,VPS26B,LYST,SLCO2B1,CHRM3,NLRP3,CHUK,OSBPL8,C1QTNF4,FBXO32,GBP5,SLC22A12,IL22RA2,RFFL,AP3S1,ADD1,GSTO2,CCR1,CCR4,CMKLR1,ABCC2,CNR2,CNTFR,COL3A1,COL4A1,IQGAP3,COL16A1,CPNE4,IL17RE,IL31RA,PPARGC1B,NCOA7,CPB2,CPT1A,PXDNL,CREB1,ATF6B,CRHBP,CRHR1,NEK7,CRY2,SIRPA,PARP1,MAPK14,CSF1R,SESN3,CSF3R,CSK,RDH12,CSNK2B,CTBP2,RC3H1,COMMD7,AANAT,CTSB,CTSG,CTSH,CPNE9,CX3CR1,CXADR,SLC38A9,CYLD,CYP1B1,BMT2,VKORC1L1,CYP3A7,GRK2,CYP19A1,DAB2,CD55,DAPK1,DAXX,UBXN2A,DEFA1,DEFA3,DEFA4,DEFA5,DEFB4A,ZNF366,DHX36,DHFR,DLG2,DNMT3A,DPP4,AGRP,DRD4,AGTR1,GPR183,ECT2,ABCA1,LPAR1,EFNA5,EGFR,AHR,EIF2S1,ANO6,METTL21C,UBR1,EIF4E,DNAJC18,ENO1,EPAS1,HIPK1,STX2,AKT1,AKT2,ERN1,ESR1,ALAD,ESRRA,ETV5,ALB,EXT1,EZH2,FABP4,FANCC,ACSL1,PTK2B,FASN,CPNE2,FDX1,FECH,FER,FGFR2,MTF2,RAB11FIP2,PPM1E,CARD8,SBNO2,ATF6,CNOT1,SWAP70,FOXO1,KDM4C,AKR1B1,KDM6B,LRCH1,FLNB,LPIN1,KANK1,CYFIP1,MLC1,FLT1,SIK2,PLCB1,SATB2,CUX2,SASH1,LARP1,PIP5K1C,RHOQ,ABCB10,LEPROTL1,FOLR2,SPIDR,FOS,NNT,RBFOX2,ATP6V0A2,DDAH1,CDC42EP4,DAPK2,SH3BP4,IL17RA,ALK,ALOX5,ALOX5AP,MTOR,ALPL,NR5A2,ABL1,NR5A1,FUT7,FUT8,ACKR1,FYN,YTHDF3,GAB1,PRDX5,ABTB2,CLIC4,SAMHD1,KANK2,TIPARP,IPCEF1,LDLRAP1,ZBTB20,ABCA12,STAP1,GATA3,GCG,GCH1,KAT2A,LATS2,PCOLCE2,AMFR,GFI1,ABL2,PELP1,STAU2,FOXP1,SNX5,C5AR2,TNFRSF21,SESN1,SULT1B1,GCLC,STK39,GNA15,GNAI2,GNAI3,GNAQ,GNB1,GNRHR,GPD1,GPLD1,SLC46A3,GPR17,CXCL17,GPR21,RNF149,NKIRAS1,RUFY4,GPR35,GPR37,FFAR3,GPX2,GPX4,ANK3,GPX5,GRB10,RAPGEF1,GIT1,RGCC,HIPK2,NR3C1,TBK1,CD274,GSK3B,GSN,GSTA3,GSTM1,GSTM4,GSTZ1,SNX10,PYCR2,SLC25A24,ANXA1,HCK,HCLS1,HCRTR2,HIF1A,HK2,ACACA,HLA-DRB1,AOX1,HNRNPD,HNRNPU,HRH1,HRH2,HTR2B,HTR3A,HTR7,ICAM1,IRF8,BRINP3,ID3,STING1,IDE,IFNAR2,IFNG,IFNGR2,IGF1R,IGFBP7,APP,RBPJ,CASTOR3P,TICAM2,FAS,IL1A,IL1R1,IL1RAP,IL6R,IL7R,IL10,IL15,IL15RA,IL16,INHBA,ITGA6,IRAK2,AQP9,IRF7,ITGA1,ITGA2,ITGA9,ITGB2,ITPKB,ITPR1,ITPR2,JAK1,JAK3,JARID2,KCNB1,KCNE1,ERCC6L2,KCNJ10,KCNQ1,KIF5B,ARG1,KRT8,SUMO4,SCIMP,CCL4L1,C1QTNF12,RHOG,LDLR,LEPR,LETM1,LGALS3,LIG4,LIMS1,ASIC2,LMNA,LMO2,LPL,LPO,DEFB133,LRP1,LRP6,LRP5,LSP1,LTF,CD180,LYN,MIRLET7B,MIR140,MIR143,MIR145,MIR17,MIR185,MIR195,MIR20A,MIR21,MIR214,MIR92A1,SMAD1,ARRB2,SMAD7,MAX,MCM2,MDM4,MEF2A,MEF2C,MAP3K5,MGAT3,ATXN3,MME,MMP2,MMP8,MPL,MPO,ABCC1,CARD17P,RHEX,MSR1,MSRA,MX1,MYB,MYLK,MYO1C,MYO5A,PPP1R12A,ATF3,NBL1,NCK1,NDUFS2,NEDD4,NEDD9,NFATC1,NFIL3,NFKB1,NGFR,NINJ1,NOS3,CNOT2,NOTCH1,NPC1,ATP2A2,NR4A2,ATP2B4,TIFAB,OPRM1,OSM,P2RX3,P2RX4,P2RX7,P2RY6,P4HB,PRDX1,IL21R,PAK2,PALM,PNPLA8,PRKN,PAWR,PAX2,ZBTB7B,PCK2,SIDT2,CHCHD2,LEF1,MBTPS2,UBR5,ANGPT4,PDE2A,PDE3B,PDE4A,BIN2,PDE4B,VPS54,PDGFB,ACKR4,PDK4,SUFU,PDPK1,NLK,CAB39,INPP5K,TM7SF3,PEX14,PFKP,PHB1,SERPINB6,PIK3CB,PIK3CG,PIK3R1,PIP4K2A,PKLR,PKM,PLA2G4A,BCL11A,PLCG2,PLEC,PLP2,PML,TLR9,TREM1,GPR173,GNG2,SSH1,XRN1,POR,TOLLIP,RBM47,EGLN1,PPARA,PPARD,PPARG,PPBP,LEPROT,BCAS3,BSPRY,WBP1L,PARP16,TESC,PID1,PHIP,LRRC8D,TMEM38B,TMEM33,APPL2,UBE2W,PPP3CA,PRCP,ZDHHC7,PRKAA2,RAB20,PRKACA,DENND4C,PRKAR1A,PARVA,UGGT2,PRKCA,PRKCB,TRERF1,PRKCE,PRKCI,LMO3,MYNN,PRKCZ,PRKDC,ERBIN,MAPK1,MAPK8,MAPK13,PDGFC,TEX14,PRLR,AZU1,FMN2,SLAMF8,SPHK2,SPPL2B,PMEPA1,PDXP,PLSCR3,AGTRAP,CAMK1D,ZMIZ1,PTGER2,AICDA,RHBDD2,PTGS2,MIR520C,PTK2,GRAMD1B,ARID1B,MTUS1,RPTOR,PTK6,WDR35,NCEH1,STAMBPL1,PREX1,VPS18,GRAMD1A,CPNE5,PTPN1,EPG5,PTPN11,PTPN13,PTPRA,PTPRC,PTPRE,PTPRJ,PTPRK,PTPRN2,PTPRO,CXCL16,PEX2,PXN,PEX5,CACTIN,RRAGD,LY6G6D,RAC2,RAD23B,RAD52,RAF1,RALB,RAP1B,RAP1GDS1,RARA,RARG,RB1,HRH4,TRPV4,RXFP1,BCL2,UPF1,BCL2L1,RFX2,RGS10,ROBO1,RORA,RORC,RPE65,RPL3,BCR,RPS3,RPS6KA2,RXRA,RYR1,RYR3,S100A9,SCNN1A,CEACAM1,CCL3,CCL13,CCL18,CCL22,SLC28A3,GOLPH3,BLM,NPFFR1,NOD2,IFIH1,MAP2K4,HERPUD2,SRSF7,NXN,ZNF106,SFTPD,SGK1,CLEC7A,SMYD3,MTARC1,SIPA1,SKP2,SLC1A2,WNK1,SLC2A1,SLC2A4,SLC2A5,NADK,SLC8A1,BMP7,SLC11A1,SLC12A3,SLC34A1,SLIT3,SMARCA4,SMARCC1,SMARCD1,SNCA,SOD1,SORL1,SOS1,SP100,SPI1,SRC,SREBF1,BRAF,ZFP36L1,STAT3,STAT5B,SULT1A1,BSG,SYK,SYT1,ADAM17,TCF7,TMBIM6,TFPI,TGFB1,TGM2,THBS1,TSPO,THRA,THRB,TIAM1,TIMP3,TLE4,TNFAIP3,TNFAIP6,TNFRSF1A,TNFRSF1B,TOP2B,TPO,TPR,TRAF1,TRAF2,TRAF3,TRAF5,TRAF6,C3AR1,TRPM2,TSHR,DEFA1B,CCR2,TNFRSF4,TXK,TXNRD1,ACOD1,UBE2L3,UCP3,UGCG,VAV2,VIM,VRK2,WFS1,WNT8B,WT1,XRCC5,YWHAG,YWHAH,ZFP36,CA2,CACNA1A,ZNF236,LAPTM5,CACNA2D1,CACNB1,PXDN,TUBA1A,PAX8,CACNB4,CARD14,MAPKAP1,DERL1,BAG6,ADIPOR2,NDNF,UBA5,RIN3,PRR5L,SLC8B1,CALM1,NR4A3,HSD3B7,CDK5RAP3,NCOA4,PDGFD,CPEB4,PNPLA3,CSRP3,ACTN4,WNT5B,ZBP1,COLEC12,CALR,SLC7A5,DCSTAMP,HM13,CAMK2D,ADAMTS12,NRIP1,CAPN3,CASP1,PLVAP,CCDC3,SESN2,CASP6,SLC4A11,CASP7,ADGRV1,DTNBP1,ULK1,BCAR3,PPP1R1B,ARID5B,NLRC5,LRRC8C,SLC25A33,PRXL2A,HVCN1,RASAL1,NCK2,LCOR,CASQ2,CUL3,CASR,KLF11,IL1F10,DGAT2,CAT,GPT2,ADTRP,KLHL22,HAVCR2,AIFM2,TMTC4,CAV1,RUNX2,KLF7,PLPP1,STC2,UNC5C,OASL,AKR1C3,NCOA1,BECN1,ABCC3,MBTPS1,GBF1,CBS,ADAM9,FADD,TNFRSF11A,IL18RAP,IL1RL2,IL18R1,HESX1,IQGAP1,NRP2,NRP1,SOCS2,CFLAR,KAT2B,NR1I2,CPNE1,MBD2,BTRC,UMODL1,RPS6KA4,TNFSF18,SYT8,OTULIN,CCRL2,SEMA5A,AIP,MCU,USP10,USP8,LATS1,RNF185,SYNGR1,IL1RL1,MYLK3,LARGE1,VAPB,RCSD1,CD6,NUMBL,MAPKAPK2,TRIP4,CPNE6,NHERF1,PLAA,RECQL5,SELENOF,CD80,CD86,GSTO1,AIM2,LY86,EIF2AK3,PICK1,AKAP6,ATG5,CD36,STX8,EEF1E1,CLOCK,AKAP12,CD44,NCOR2,ZNF592,CTR9,PPM1F,CD58,LPIN2,CD68,RAPGEF2,ST18,HDAC9,RIPOR2,HDAC4,BCLAF1,C2CD5,TBC1D4,GFPT2,USP15,SLC23A2,NR1H4,CDH1,SLC12A6","Sputum_Mixed granulocytic"
"BP","CD4-positive, alpha-beta T cell differentiation",93,48,1.52225143965603e-05,0.00437868882465109,"MALT1,NLRP3,SLAMF6,RC3H1,ZFPM1,GPR183,MTOR,FUT7,GATA3,FOXP1,ANXA1,HLA-DRA,HLA-DRB1,HLX,IFNG,IL6R,IRF4,JAK1,JAK3,MIR21,SMAD7,KMT2A,MYB,ZBTB7B,LEF1,SASH3,PRKCZ,SH3RF1,RARA,BCL3,BCL6,RORA,RORC,SEMA4A,KLHL25,SHB,SPN,BRAF,STAT3,RUNX1,RUNX3,CBFB,IL18R1,TNFSF18,RSAD2,CD83,CD80,CD86,TOX","Sputum_Mixed granulocytic"
"BP","lymphocyte differentiation",428,167,1.56836277287796e-05,0.00441920412444612,"ADA,C17orf99,RASGRP1,CDH17,CDK6,IKZF1,BTN2A2,MERTK,KAT5,TRAF3IP2,CCR9,MALT1,SPINK5,LILRB4,RIPK3,DUSP10,CMTM7,NLRP3,PGLYRP2,SLAMF6,KLF6,PIK3R6,RC3H1,CTLA4,NFAM1,ZFPM1,DOCK2,GPR183,EZH2,FANCA,PTK2B,ADGRG3,PLCL2,TMEM131L,MTOR,ABL1,FUT7,HECTD1,GATA3,CLEC4E,KAT2A,FOXP1,GLI2,BLNK,ANXA1,HLA-DRA,HLA-DRB1,HLX,IRF8,IFNG,RBPJ,IL1A,IL6R,IL7R,IL10,IL15,IL15RA,INHBA,INPP5D,IRF4,ITGB1,ITPKB,JAK1,JAK3,LAG3,LCK,LEPR,LFNG,LGALS1,LIG4,RHOH,LYL1,MIR21,MIR17HG,SMAD7,KMT2A,MYB,NFIL3,NOTCH2,PBX1,ZBTB7B,LEF1,PIK3R1,PKNOX1,PLCG2,TLR9,SASH3,PBRM1,DOCK10,AMBRA1,CHD7,LMBR1L,PRKCZ,PRKDC,CRTAM,LRRC8A,SLAMF8,ZMIZ1,AICDA,ARID1B,PREX1,SH3RF1,PTPRC,PTPRJ,RARA,BCL2,BCL3,BCL6,RORA,RORC,VSIR,SEMA4A,KLHL25,DCLRE1C,SHB,ST3GAL1,BCL11B,SMARCA2,SMARCA4,SMARCC1,SMARCD1,SMARCD2,SOD1,SOS1,SOX12,SPI1,SPN,BRAF,ZFP36L1,STAT3,STAT5B,SYK,ADAM17,TCF3,TCF7,TGFB1,TGFBR2,TOP2B,TPD52,CCR2,ZBTB16,NHEJ1,NDFIP1,CARD11,SYVN1,LY6D,RUNX2,RUNX1,RUNX3,CBFB,FADD,IL1RL2,IL18R1,VNN1,PGLYRP1,TNFSF18,CD1D,RSAD2,CD3E,CD83,CD27,CD80,CD86,ATG5,FNIP1,PHF14,HDAC9,CD79B,HDAC4,TOX,TESPA1","Sputum_Mixed granulocytic"
"BP","positive regulation of interleukin-2 production",34,23,1.57523118324299e-05,0.00441920412444612,"MALT1,ABL1,ANXA1,IL1A,IRF4,PDE4B,PDE4D,PLCG2,SASH3,PTPRC,RPS3,CLEC7A,SPTBN1,STAT5B,TRAF2,TRAF6,CCR2,CARD11,RUNX1,CD3E,CD83,CD80,CD86","Sputum_Mixed granulocytic"
"MF","lipid binding",839,315,1.6150082297899e-05,0.00447554231874948,"PIGK,C8orf44-SGK3,DNM1L,CERT1,RASGRP1,DLC1,UNC13B,ERLIN1,CETP,IQGAP2,STARD10,ADAP1,PLAAT3,NISCH,ANXA10,PACSIN2,ACOT7,NLRP3,OSBPL1A,OSBPL5,OSBPL8,OSBPL9,OSBPL10,CIDEA,OMA1,FCHO2,ARAP2,ARAP1,AGAP1,PDZD8,TPP1,PLA2G4E,SNX20,PIGU,CPNE4,CLVS2,ADORA2A,FRMPD2,TOM1L2,STARD6,ENTHD1,COMMD1,CPNE9,SLC38A9,VPS13B,CLVS1,CD55,DGKG,AP2A2,DENND1B,DEFB4A,GPR183,ABCA1,LPAR1,MARK2,EPB41,AKT1,ESR1,ESRRA,ALB,FABP4,FABP5,TPCN2,CPNE2,FCGR3B,FER,EPN2,WDFY3,FNBP1,GGA2,ARHGAP26,SNX13,ZCCHC14,PASK,PLCB1,EXOC7,ZFYVE26,PSD4,OPN3,PHLDA3,PLA2G15,SGK3,PITPNB,ABCA4,ALOX5AP,NR5A2,NR5A1,FYB1,SYT14,SNX33,ACOT11,OSBPL3,GGA1,WIPI2,LDLRAP1,PITPNC1,STAP1,CLEC4E,PLEK2,MYOF,SDCBP2,CYTH4,SNX5,BIN1,PLA2G4D,GSDMA,LAMA1,RUFY4,SH3PXD2B,FFAR3,GRK5,SNX24,NR3C1,ARHGAP35,GSN,BLNK,SNX8,SNX10,ANXA1,ANXA2,HADHA,HCK,HDLBP,ANXA4,ANXA6,HIP1,ANXA11,HSD11B1,ICA1,ID3,IGF2R,ITPR1,ITPR2,KCNQ1,GLTPD2,SNX30,LTF,LYN,MME,UNC13C,MAP1LC3C,MYO1B,MYO1E,NCF4,NF1,NINJ1,NPC1,NUMA1,OPA1,P2RX7,PEBP1,ASAP1,ACOX1,PLEKHA8P1,SH3GLB1,GLTP,BPIFA1,PCYT1A,BIN2,ANKFY1,RAPGEF6,ATP8B1,PIK3C2B,PIK3C2G,PITPNA,PLA2G4A,PLCB2,PLCD1,TPCN1,PLEKHA5,PPARA,PPARD,PPARG,BCAS3,SYTL2,PAQR5,FNBP1L,PXK,CLN6,EPN3,PLEKHB2,WIPI1,ATG2B,APPL2,GOLPH3L,ACOXL,LAPTM4B,PPT1,MREG,CCDC88A,ADAP2,PRKCI,TEX2,BIN3,PRLR,WDR45B,PARD3,PSAP,PSMA1,SMURF1,SNX14,PTEN,GRAMD1B,STARD9,PREX1,WDFY1,PITPNM2,PHF12,GRAMD1A,PLEKHA4,CPNE5,DENND1A,ZFYVE28,SCUBE2,RARA,TRPV4,RBP4,RORA,RORC,RPE65,RXRA,S100A9,S100A13,SCP2,MYO1G,SELL,GOLPH3,ARHGAP9,SH3GL1,SHBG,FABP12,DEPTOR,MPPE1,NCF1C,SLC9A3,SNCA,SNX1,SNX2,SPTBN1,SULT2B1,SVIL,SYT1,TEC,THBS1,TSPO,TIAM1,TLN1,TRAF2,TULP1,VDAC1,MAPKAP1,GSDMD,DENND1C,BAIAP2L2,RUBCNL,STAM,PNPLA3,APOL6,APOL3,APOLD1,SNX27,SBF2,CAPG,DYSF,PICALM,ACOX2,PITPNM3,FERMT3,RBP5,STARD3NL,MYCBPAP,EEA1,SGIP1,SOAT2,RASAL1,UNC119B,ZFYVE19,DGKD,MICALL1,APOL1,CAV1,CADPS,SERPINA6,S1PR4,GBF1,IQGAP1,PROM1,CPNE1,MVB12B,PLCZ1,SYT8,SNX21,STARD13,CD1D,SNX29,RCSD1,CD6,CYTH1,BPIFB1,S1PR2,CPNE6,SYTL3,PICK1,CD36,SCARB2,ABCG1,SH3PXD2A,CLINT1,RAPGEF2,ARHGAP32,CD81,MTSS1,MELK,GAB2,C2CD5,FCHSD2,IQSEC1,NR1H4","Sputum_Mixed granulocytic"
"BP","immune response-regulating cell surface receptor signaling pathway",322,129,1.85582920752322e-05,0.00508094733876599,"ADA,KLRC4-KLRK1,BTN2A2,VAV3,LILRB1,MALT1,BTNL3,LILRB4,BTN3A2,ERMAP,CHUK,SPPL3,CMKLR1,CSK,RC3H1,CTLA4,NFAM1,BTNL9,DENND1B,DUSP3,PLPP4,ELF1,FCER2,FCGR1BP,FER,FGR,RAB11FIP2,FCHO1,RFTN1,PLCL2,ICOSLG,FPR3,ABL1,FYB1,FYN,STAP1,GATA3,CLEC4E,LAT,FOXP1,C5AR2,TNFRSF21,GPLD1,BLNK,HCK,HLA-DPB1,HLA-DQB1,HLA-DRB1,TICAM2,INPP5D,IRAK2,SCIMP,LCK,LCP2,LGALS3,LIMK1,LTF,LYN,MIR140,MIR18A,MIR19A,MIR20A,MEF2C,MAP3K1,NFKB1,NINJ1,PAK2,PAWR,PDE4B,PDE4D,PIK3R1,UBASH3A,PLCG1,PLCG2,LAX1,BANK1,APPL2,PRKCB,PRKCE,PRKCH,MAPK1,MAPK8,MAPK10,DUSP22,PELI1,PTK2,WDFY1,PTPRC,PTPRJ,NECTIN2,BCL2,RPS3,CEACAM1,MYO1G,NOD2,MAP2K4,CLEC7A,SHB,WNK1,SOS1,SRC,BRAF,SYK,TEC,TLR5,TNFAIP3,TRAF6,C3AR1,TXK,ACOD1,VAV2,LAPTM5,CACNB4,PVRIG,BAG6,BTNL8,NR4A3,CD276,KLRC4,SLA2,CARD11,ZNRF1,DGKZ,KLHL6,CD3E,CD247,MFHAS1,BPIFB1,CD22,CD38,CD79B,CD81,TESPA1,PJA2","Sputum_Mixed granulocytic"
"BP","positive regulation of response to external stimulus",614,213,1.95626149470439e-05,0.00529215311972174,"KLRC4-KLRK1,DNM1L,RASGRP1,ADAM10,TNIP1,CCL26,NOD1,POLR3C,IRAK3,NLRP3,CHUK,SLAMF6,GBP5,CLNK,SLC15A4,CCR1,CCR4,CMKLR1,ADORA2B,CPB2,NEK7,CSF1R,CX3CR1,CYLD,DSCAM,AGTR1,LPAR1,ANO6,NLRC3,ESR1,ETS1,FABP4,PTK2B,RAB11FIP2,NLRP1,CARD8,SWAP70,GRAMD4,RFTN1,SASH1,PUM2,DAPK2,IL17RA,ALOX5AP,FYN,ANKRD17,STAP1,CLEC4E,NUPR1,GFI1,STK39,CXCL17,FFAR3,GRN,TBK1,HCK,STING1,IFNG,IGF1R,APP,TICAM2,IL6R,IL15,IL16,IRAK2,IRF4,IRF7,ITGA2,KARS1,ARG1,C2CD4B,SCIMP,LAG3,LAMP1,LDLR,LGALS1,LPL,LTF,CD180,LYN,MIR140,MIR17,MIR19A,MIR20A,MIR21,MIR92A1,SMAD3,ARRB2,MEFV,MMP8,ABCC1,NEDD9,NINJ1,NKG7,OSM,P2RX4,PAK2,PDE2A,PDGFB,PDPK1,PHB1,PIK3CG,PIK3R1,PLAT,PLCG2,TLR9,RBM47,APPL2,PSPC1,LGR4,NAGK,DDX60,NPLOC4,INAVA,PRKCA,PRKCE,PRKDC,ERBIN,MAPK1,MAPK8,MAPK13,CRTAM,AZU1,CAMK1D,RTN4,PELI1,ZNFX1,PTGER3,PTGS2,PTK2,WDFY1,EPG5,MARK4,NECTIN2,CACTIN,RAC2,TRPV4,S100A9,CCL3,SEC14L1,NOD2,IFIH1,CLEC7A,WNK1,BMPR2,SNCA,SPI1,SRC,BRAF,STAT5B,SYK,ADAM17,TGFB1,THBS1,TIAM1,TLR5,TNFAIP3,TNFRSF1A,TRAF3,TRAF6,C3AR1,CCR2,TXK,ACOD1,XRCC5,ZP3,MAPKAPK3,NLRX1,GSDMD,MMRN2,ATAT1,ALPK1,PDGFD,ZBP1,COLEC12,CALR,TRIM11,CLPB,KLRC4,CASP1,ITCH,CASP6,NLRC5,STK24,RNF135,CASR,TTBK1,HAVCR2,ZNRF1,CAV1,SCARF1,OASL,FADD,TNFRSF11A,IL18RAP,NRP1,CCN4,TRIM15,TNFSF18,OTULIN,SEMA5A,MCU,CD1D,RNF185,RSAD2,IL1RL1,MFHAS1,MAPKAPK2,BPIFB1,AIM2,LY86,CD36,CLOCK,PPM1F,PUM1,CD81,RIPOR2,MATR3,PJA2,USP15,NR1H4","Sputum_Mixed granulocytic"
"BP","response to external biotic stimulus",1511,453,2.16277729796836e-05,0.00574634901435866,"TANK,KLRC4-KLRK1,ABCC9,TSPAN32,TRIM10,IFNL4,RASGRP1,TRIM13,CDK6,CD96,ADAR,TNIP1,CCL26,NOD1,ADARB1,WFDC2,TRIM38,DDX17,KAT5,IPO7,CEBPE,ATG7,GNLY,POLR3C,IVNS1ABP,TRAF3IP2,ZMYND11,LILRB1,ARID5A,USP20,MALT1,SPINK5,LIAS,RIPK3,HNRNPUL1,PLAAT3,CORO1A,CHIT1,IRAK3,DUSP10,CHRM2,VPS26B,LYST,NLRP3,CHUK,PGLYRP2,SLAMF6,GBP5,RNF166,CLNK,LRG1,CLU,TMEM45B,SLC15A4,RNASE11,CCR4,CNR2,RNF19B,OCIAD2,IL31RA,NEK7,MACROD2,SIRPA,PARP1,MAPK14,CSF1R,PIK3R6,CTSG,CCDC80,CX3CR1,CYLD,CD55,TMEM229B,DAPK1,DHX15,DEFA1,DEFA3,DEFA4,DEFA5,DEFB4A,SLC30A8,DHX36,DIO2,ABCA1,AHR,NLRC3,ELANE,A2M,UNC13D,ENO1,TRIML2,AKT1,ESR1,ALAD,EXT1,F12,FABP4,FER,FGFR2,FGR,RAB11FIP2,PPM1E,NLRP1,FKBP5,CARD8,SBNO2,NT5C2,MAPKBP1,ENDOD1,RRP1B,TRIM35,TAB2,GRAMD4,STAB1,FLNB,RFTN1,DTX4,SASH1,PUM2,COTL1,FOS,PADI4,CDC42EP4,IL17RA,ALPL,ABL1,FYN,YTHDF3,LYG2,NAALADL2,SERINC5,SAMHD1,ANKRD17,WIPI2,TRAF3IP1,STAP1,GATA3,CLEC4E,GCH1,SLC17A5,GFI1,FOXP1,CRCP,GPM6A,CCDC88B,GSDMA,SLC9A9,GRN,GIT1,SETD2,TBK1,SAP30BP,CD274,GRPR,GSN,ZDHHC1,ANXA1,HCK,HIF1A,HK1,HLA-DRB1,RNASE10,IRF8,STING1,IFNAR2,IFNG,IFNGR2,RBPJ,TICAM2,IL1A,IL1RAP,IL6R,IL7R,IL10,IL15,IRAK2,IRF2,IRF4,IRF7,ITGAM,JAK1,JAK3,TRIM23,KIF5B,ARG1,KRT8,SCIMP,CCL4L1,LAG3,LAMP1,LCK,LCN2,LGALS3,LGALS8,LPL,LPO,PLPP6,DEFB133,LTF,CD180,LYN,MIRLET7B,MIR140,MIR17,MIR19A,MIR19B1,MIR20A,MIR21,MIR302A,SMAD3,ARRB2,SMAD6,MEF2C,MEFV,MAP3K5,CIITA,MMP8,MPO,CARD17P,EIF2AK4,MIAT,TARM1,MX1,MYO1C,NCBP1,NCF2,NCK1,NEDD4,NFIB,NFKB1,NINJ1,NKG7,NOS3,NOTCH1,NOTCH2,RNASE12,TIFAB,P2RX7,PRDX1,PAK2,REG3A,PCK2,HERC5,PCSK1,MARCHF2,BPIFA1,PLAC8,PDE4B,CYRIB,NUB1,PDPK1,CD244,ERAP1,PHB1,PIK3CG,PIK3R1,PLCG2,PML,TRIM34,ACP5,TLR9,TREM1,TOLLIP,RNF216,RBM47,PPARG,PPBP,DUS2,BANK1,CEP192,TMEM33,APPL2,PSPC1,UBE2W,SHFL,LGR4,PRB3,STAB2,NAGK,ITLN1,DDX60,TENT5A,CHD7,LYAR,RAB20,NPLOC4,POLR3E,INAVA,PRKCA,PRKCE,PRKDC,ERBIN,MAPK1,MAPK8,DNAJC3,PRLR,CRTAM,AZU1,SLAMF8,WRNIP1,SPIRE1,PLSCR3,CD177,RTN4,PELI1,ZNFX1,PTGER2,AICDA,PTGS2,PTK6,WDFY1,RNF213,GPAM,PTPN1,WDFY4,EPG5,MARK4,PTPN11,PTPRC,NECTIN2,CXCL16,PYGL,CACTIN,MAP4K2,RAB27A,RAF1,ACTA2,RARA,BCL2,UPF1,BCL2L1,TRIM27,BCL3,BCR,S100A9,CFB,CEACAM1,CCL3,CCL13,CCL18,CCL22,SEC14L1,SELE,NOD2,IFIH1,SFTPD,CLEC7A,LYPD8,ILRUN,SKP2,FER1L6,SLC11A1,CHID1,SNCA,SP100,SPI1,SPN,SRC,SRPK1,STAT5B,SYK,ADAM17,TGFB1,TSPO,SERPING1,TLR5,TNFAIP3,C1QB,TNFRSF1A,TNFRSF1B,C1QC,C1S,C2,TPT1,TRAF2,TRAF3,TRAF6,DEFA1B,TXK,ACOD1,UBA7,VIM,WIPF1,XRCC5,YWHAZ,ZFP36,TRIM26,MAPKAPK3,RAB7A,TMEM43,CYBC1,NLRX1,GSDMD,MMRN2,ATAT1,CALM1,CCDC92,ALPK1,CUBN,ZBP1,COLEC12,CALR,SLC7A5,TRIM11,CLPB,AKAP1,KLRC4,CASP1,ITCH,CASP6,CASP7,NLRC5,ZDHHC18,RNF135,IL1F10,HAVCR2,AGBL4,ZNRF1,APOL1,CAV1,RNASET2,OASL,BECN1,MARCO,GBF1,ADAM9,FADD,TNFRSF11A,IL18RAP,IL1RL2,CD84,VNN1,TRIM4,KYNU,KLHL6,TRIM15,PGLYRP1,OTULIN,PSTPIP1,CD1D,DDX60L,RNF185,RSAD2,DDX21,DCLK1,CD6,UBE2L6,MFHAS1,MAPKAPK2,BPIFB1,NEURL3,PLAA,CD80,CD86,AIM2,LY86,ATG5,CD36,STX8,APOBEC3B,AKAP12,CTR9,CD58,CD68,N4BP1,PUM1,HDAC4,CDA,MATR3,PJA2,USP15,NR1H4,CDH1","Sputum_Mixed granulocytic"
"MF","enzyme binding",2073,738,2.1747316283878e-05,0.00574634901435866,"TANK,BCL2L11,MEF2B,RANBP9,DNM1L,ATP9A,KIF20A,TRAP1,ABI2,FARP1,TNK2,ADAM10,NUTF2,CDKN2B,TNIP1,NDRG1,RACK1,ARIH2,TAB1,TRIM38,CAP2,UNC13B,IPO7,DCTN2,ANP32B,CDC42EP3,ERLIN1,RGS14,SLC12A7,MAP3K2,NEK6,NCKAP1,IQGAP2,ADCY2,FRS2,CEACAM3,LILRB1,MALT1,EHD1,MAPRE2,COPS5,LILRB4,ATF7,RCC1,RAPGEF4,CHD4,HNRNPUL1,CIT,FAF1,CDC42EP1,PKP3,IRAK3,AKAP13,DUSP10,PDCD10,NACC1,LYST,RNF13,SIGLEC11,FMNL2,SMYD4,CKS2,AGAP2,RFFL,CLU,ADD3,CLTC,FGD4,JDP2,LEO1,RINL,RNF19B,COL3A1,IQGAP3,TBC1D20,COMP,IL31RA,ADORA2A,NACC2,CREB1,CRY2,SIRPA,PARP1,PARP4,MAPK14,CSF1R,CSK,TOM1L2,CTBP2,CTNND1,KANSL1L,CTSG,METTL21A,CCNYL1,CCDC50,CYLD,RNF217,TAMALIN,DGKQ,AP2A2,DAXX,AP1B1,DENND1B,CNST,DCTN1,MIER3,DFFB,DHX36,DIO2,DLG1,DLG2,DMD,DNM1,DNM2,DOCK1,DOCK2,DOCK3,ABAT,DPP4,DSCAM,DUSP3,ECT2,ABCA1,EEF2,MEGF9,EGFR,EHHADH,ADCY4,EIF4E,ELANE,A2M,SPRED2,UNC13D,HACD2,ENO1,ENSA,C9orf72,STOM,EPHA1,AKT1,ERCC5,ERN1,ESR1,PTK2B,SMTNL1,CCNY,TPCN2,FER,FGD1,FGR,FHIT,SCAF8,RHOBTB3,RAB11FIP2,NLRP1,RAB3GAP1,TPX2,RIMS1,DAAM1,MYO16,XPO7,GGA2,MYCBP2,FOXO1,KDM4C,ERC1,SPART,MAST2,ANKLE2,WDR43,MAPK8IP3,CEP68,RCOR1,CYFIP1,FAF2,XPO6,PLCB1,DENND5A,SMG6,BICD2,KIF13B,DMXL2,SATB2,SASH1,TTC28,SYNE1,COTL1,RHOQ,CBX5,DAAM2,ZFYVE26,ATP6V0A2,TSPAN15,CDC42EP4,CORO1C,RABGAP1,SH3BP4,ALOX5AP,ABL1,NR5A1,FYN,RNF144B,SHC2,NIPBL,RNF19A,MYRIP,IBTK,PLEKHG3,UBXN7,CNTNAP2,DNM3,GGA1,GAPVD1,TRPC4AP,STAP1,GCH1,KAT2A,AGO1,GDI2,AMFR,NUFIP1,NBEA,CYFIP2,LAT,STAU2,AGO2,SGSM3,BIN1,GNA12,GNB1,GOLGA4,SFN,SIAH3,KANSL1,ANGPT2,ANK1,GPR37,GRK5,TRIB2,GIT1,GRIK2,RGCC,NR3C1,TBK1,GSK3B,GSN,GSTM1,GSTM4,BLNK,USP25,SNX10,STRN4,SH3KBP1,ANXA2,HCLS1,HTT,NRG1,HIC1,HIF1A,HMGA1,HNRNPD,HNRNPU,HOXA9,IARS1,STING1,FCRL6,IFNAR2,IGF2R,APP,RILPL1,TICAM2,FAS,IL1R1,IL6R,IL15RA,ITGA1,ITGAV,ITGB1,ITGB2,JAK1,JAK3,ERCC6L2,KCNQ1,SUMO4,SPDYC,GFRAL,RHOG,SUMO1P1,LAMP1,LCK,LDLR,LGALS3,ARHGDIB,LIMS1,RHOH,LMNB1,LYN,ARRB1,SMAD1,SMAD2,SMAD3,ARRB2,SMAD6,SMAD7,MBP,MCM2,MDM4,MEF2A,BORCS8-MEF2B,MEF2C,MEF2D,MAP3K1,MAP3K5,MID1,ATXN3,AFDN,CARD17P,MAP1LC3C,MSH3,ZFHX3,MYO1C,MYO5A,MYO9B,PPP1R12A,PPP1R12B,NCF2,NCK1,NDUFS2,NEDD4,NEDD9,NEK2,NFATC1,NGFR,NOTCH1,NOTCH2,NOTCH3,ATP2A2,ATP2B4,SLC22A18,P4HB,PEBP1,FURIN,PAK2,PRKN,PARN,PAWR,PCCA,ZBTB7B,LEF1,IPO11,PLCE1,NIN,WAC,PDCD2,ANGPT4,PDE3B,PRKAG2,ANAPC7,PDE4D,ANKFY1,ZC3HC1,PEX5L,HDAC7,CYRIB,LUC7L2,RTRAF,CDK5RAP1,ASB4,SUFU,PDPK1,NLK,CAB39,RAPGEF6,WWOX,PEX7,PFKFB1,PFKFB2,PHB1,PHKG2,SERPINA1,SERPINB6,SERPINB13,PIK3R1,PKP2,PLAUR,BCL11A,PLCG1,SHC3,PLCG2,FXYD3,PLN,PML,PMS1,TRIM34,DCUN1D1,ERRFI1,YIPF1,RIN2,ANKIB1,TOLLIP,RBM47,ADAMTSL4,RHOF,MIER2,EGLN1,PPARA,PPARG,DYM,BCAS3,WBP1L,SYTL2,FNBP1L,BCOR,BLTP3A,LAX1,CHCHD3,PARP16,ADISSP,PPP1CA,BANK1,CEP192,PPP1R10,NAT10,ELP2,UBE2W,PPP6R3,FBXW7,PPP3CA,LAPTM4B,DOCK10,AMBRA1,PRKACA,NPLOC4,PEX26,PKIA,RADIL,CCDC88A,IPO9,SLF2,PRKAR1A,PRKAR1B,PRKAR2A,PRKAR2B,EXOC2,PRKCA,FGD6,PRKCB,PRKCE,PRKCH,WWC3,KIZ,PRKCZ,PRKDC,RCC2,MAPK1,MAPK6,MAPK8,DNAJC3,TEX14,PRLR,CTNNBL1,PSAP,SPHK2,DUSP22,SMYD2,CDC42SE2,PSMD1,CASS4,CD177,RTN4,PTEN,AICDA,RHBDD2,PTGS2,PTK2,PLEKHG1,RPTOR,TBC1D14,PREX1,RIC1,PITPNM2,UVSSA,PHRF1,PTPN1,PTPN3,PTPN11,LSM2,PTPN14,PTPRC,PTPRJ,PTPRK,PXN,PEX5,RPRD1B,RRAGD,MAP4K2,RAF1,RALB,ACTA2,RAP1GAP,RARA,RASA1,RB1,TRPV4,BCL2,BCL2L1,RHEB,BCL3,RPS3,RXRA,S100A1,SORT1,CEACAM1,BICD1,BID,SH2D4A,ZNF335,PCIF1,SELE,SELL,GOLPH3,VSIR,NOD2,RBSN,INF2,SMYD3,SIAH1,SIAH2,MICAL1,MARCHF7,YTHDC2,SKI,WNK1,SLC2A1,BMPR2,SMARCA4,PHACTR4,MTMR9,SNTA1,SOD1,SORL1,SP100,SPI1,SPTBN1,SRC,SREBF1,BRAF,STAT3,STIM1,CDKL5,STRN,SYK,TAF10,TCF3,TCF7L2,TDG,TMBIM6,TERF2,TGFB1,TGFBR1,THBS1,THRB,TIAM1,TIMP2,TIMP3,TNFAIP3,TNFRSF1B,TNNI3,TP73,TPR,TRAF1,TRAF2,TRAF3,TRAF5,TRAF6,TSG101,TTN,UBE2D3,UBE2L3,UTRN,VCL,VDAC1,VRK2,VWF,WARS1,WFS1,FMNL1,XRCC5,YWHAG,YWHAH,YWHAZ,ZFP36,ZMYM2,ZP3,LAPTM5,EVI5,CACNB4,MAPKAPK3,RAB7A,NABP2,PVRIG,MAPKAP1,DERL1,BAG6,BHLHE41,FCRL2,PPP1R3B,PRKRIP1,NHEJ1,RIN3,PRR5L,DOCK5,CALM1,NR4A3,DBF4B,RAB11FIP1,STAM,CDK5RAP3,DUSP16,CDK2AP1,CALR,HM13,CYRIA,DIAPH3,ELL,SBF2,CLPP,NRIP1,PICALM,AXIN1,PITPNM3,CASP1,CASP2,ITCH,HDHD2,ANKRD27,ULK1,BCAR3,KAT8,ZMYND15,SLF1,CASP10,BRMS1L,NCK2,RAB11FIP4,SYVN1,LCOR,CUL3,CUL1,CASR,CAT,TMTC4,UBASH3B,DGKD,STRIP1,MICALL1,CAV1,NOP14,STC2,CADPS,CDK13,RFXANK,UNC5C,EIF3A,BECN1,MYOM1,CRADD,CBS,ADAM9,FADD,TNFRSF10A,IQGAP1,NRP1,CFLAR,HDAC3,KAT2B,LDB1,ARHGEF7,NAE1,MTMR3,HERC2,CCND3,USP13,HPS4,FGD3,STBD1,ACVR1,SPAG9,DOK2,PPP1R3E,FMNL3,MTA1,LATS1,RNF185,CD3E,MYOM2,MAP3K13,CD247,VAPB,CD6,UBE2L6,MFHAS1,MOB1B,MAPKAPK2,ITGB1BP1,PIWIL1,TRIP4,CD22,NHERF1,KIF3B,ACVRL1,RECQL5,SYTL3,TJP2,EIF2AK3,PICK1,AKAP7,AKAP6,STX8,SCARB2,RPH3AL,ADAMTS4,MACROH2A1,CDC42BPB,AKAP12,VPS9D1,NCOR2,SH3PXD2A,MICAL2,FNIP1,CTR9,GCC2,IQCB1,PDE4DIP,IPO13,DEPDC5,RIMS2,USP6NL,NOS1AP,RAB11FIP3,HDAC9,HDAC4,ATG13,RNF144A,MAML1,RNF40,GIT2,RB1CC1,TESPA1,GAB2,MAGI2,PJA2,LRBA,RABGAP1L,KIF14,MVP,CDH1,SLC12A6","Sputum_Mixed granulocytic"
"BP","defense response to other organism",1189,356,2.34068325275541e-05,0.00611375703857632,"TANK,KLRC4-KLRK1,ABCC9,TSPAN32,TRIM10,IFNL4,RASGRP1,TRIM13,CD96,ADAR,TNIP1,CCL26,NOD1,ADARB1,WFDC2,TRIM38,DDX17,KAT5,IPO7,ATG7,GNLY,POLR3C,TRAF3IP2,ZMYND11,LILRB1,ARID5A,USP20,MALT1,SPINK5,RIPK3,CORO1A,IRAK3,DUSP10,VPS26B,LYST,NLRP3,CHUK,PGLYRP2,SLAMF6,GBP5,RNF166,CLNK,CLU,TMEM45B,SLC15A4,RNASE11,RNF19B,IL31RA,NEK7,SIRPA,PARP1,CSF1R,PIK3R6,CTSG,CX3CR1,CYLD,CD55,DAPK1,DHX15,DEFA1,DEFA3,DEFA4,DEFA5,DEFB4A,SLC30A8,DHX36,NLRC3,ELANE,A2M,UNC13D,TRIML2,AKT1,ESR1,F12,FGR,RAB11FIP2,NLRP1,CARD8,NT5C2,MAPKBP1,ENDOD1,TRIM35,TAB2,GRAMD4,STAB1,FLNB,RFTN1,DTX4,PUM2,COTL1,PADI4,CDC42EP4,IL17RA,FYN,YTHDF3,LYG2,SERINC5,SAMHD1,ANKRD17,WIPI2,TRAF3IP1,GATA3,CLEC4E,GCH1,GFI1,FOXP1,CRCP,CCDC88B,GSDMA,SLC9A9,GRN,SETD2,TBK1,GSN,ZDHHC1,ANXA1,HCK,HK1,RNASE10,IRF8,STING1,IFNAR2,IFNG,IFNGR2,RBPJ,TICAM2,IL1RAP,IL6R,IL7R,IL10,IL15,IRAK2,IRF2,IRF4,IRF7,ITGAM,JAK1,JAK3,TRIM23,KIF5B,ARG1,SCIMP,CCL4L1,LAG3,LAMP1,LCK,LCN2,LGALS3,LGALS8,LPO,PLPP6,DEFB133,LTF,CD180,LYN,MIRLET7B,MIR140,MIR17,MIR19A,MIR20A,MIR21,ARRB2,MEFV,MAP3K5,CIITA,MPO,EIF2AK4,MIAT,TARM1,MX1,MYO1C,NCBP1,NCF2,NCK1,NEDD4,NFKB1,NINJ1,NKG7,NOTCH2,RNASE12,P2RX7,PRDX1,PAK2,REG3A,HERC5,MARCHF2,BPIFA1,PLAC8,NUB1,PDPK1,CD244,ERAP1,PHB1,PIK3CG,PIK3R1,PLCG2,PML,TRIM34,ACP5,TLR9,TREM1,TOLLIP,RNF216,RBM47,PPARG,PPBP,DUS2,TMEM33,APPL2,PSPC1,UBE2W,SHFL,LGR4,PRB3,STAB2,NAGK,DDX60,LYAR,RAB20,NPLOC4,POLR3E,INAVA,PRKCE,PRKDC,ERBIN,MAPK8,DNAJC3,CRTAM,AZU1,SLAMF8,WRNIP1,SPIRE1,CD177,RTN4,PELI1,ZNFX1,AICDA,PTK6,WDFY1,RNF213,GPAM,PTPN1,EPG5,MARK4,PTPN11,PTPRC,NECTIN2,CXCL16,CACTIN,MAP4K2,RAB27A,RAF1,BCL2,BCL2L1,TRIM27,BCL3,S100A9,CFB,CEACAM1,CCL3,CCL13,CCL18,CCL22,SEC14L1,NOD2,IFIH1,SFTPD,CLEC7A,LYPD8,ILRUN,SKP2,SLC11A1,CHID1,SNCA,SP100,SPI1,SPN,SRC,SRPK1,STAT5B,SYK,ADAM17,TGFB1,SERPING1,TLR5,TNFAIP3,C1QB,TNFRSF1A,C1QC,C1S,C2,TRAF2,TRAF3,TRAF6,DEFA1B,TXK,ACOD1,UBA7,VIM,XRCC5,YWHAZ,TRIM26,MAPKAPK3,TMEM43,CYBC1,NLRX1,GSDMD,MMRN2,ATAT1,CALM1,CCDC92,ALPK1,ZBP1,COLEC12,TRIM11,CLPB,AKAP1,KLRC4,CASP1,ITCH,CASP6,CASP7,NLRC5,ZDHHC18,RNF135,HAVCR2,AGBL4,ZNRF1,APOL1,CAV1,RNASET2,OASL,BECN1,MARCO,FADD,IL18RAP,IL1RL2,CD84,VNN1,TRIM4,KYNU,TRIM15,PGLYRP1,OTULIN,PSTPIP1,CD1D,DDX60L,RNF185,RSAD2,DDX21,CD6,UBE2L6,MFHAS1,MAPKAPK2,BPIFB1,NEURL3,AIM2,LY86,ATG5,CD36,STX8,APOBEC3B,CD58,N4BP1,PUM1,HDAC4,MATR3,PJA2,USP15,NR1H4","Sputum_Mixed granulocytic"
"BP","positive regulation of cell adhesion",478,196,2.45601854305751e-05,0.00634210970141349,"ADA,KLRC4-KLRK1,EDIL3,RASGRP1,CDK6,BTN2A2,VAV3,KAT5,AGR2,OLFM4,LILRB1,MALT1,LILRB4,CORO1A,DUSP10,NLRP3,COL16A1,EGFLAM,COL26A1,SIRPA,CSK,PIK3R6,CTSG,CCDC80,DAB2,CD55,DOCK1,DPP4,EFNB2,ELANE,UNC13D,EPHA1,AKT1,ETS1,PTK2B,FCHO1,ICOSLG,ALOX5,MTOR,ABL1,FUT4,FUT7,FYN,GATA3,GCNT1,GCNT2,ABL2,DISC1,GLI2,CCDC88B,LAMA1,ANK3,CD274,GSK3B,ANXA1,HLA-DOB,HLA-DPB1,HLA-DQA1,HLA-DQA2,HLA-DQB1,HLA-DQB2,HLA-DRA,HLA-DRB1,HLA-DRB5,HLX,RNASE10,FMN1,IFNG,IL1A,IL7R,IL10,IL15,ITGA6,ITGA2,ITGA5,ITGAV,ITGB2,ITPKB,JAK1,LAMA2,LAMB1,LCK,LGALS1,LIMS1,RHOH,LYN,MIR21,MIR92A1,SMAD3,SMAD7,AFDN,ZFHX3,CEACAM6,NCK1,NEDD9,P4HB,ZBTB7B,HSD17B12,LEF1,PDGFB,CYRIB,PDPK1,PLAUR,SASH3,RIN2,APBB1IP,KIF26B,PBRM1,PPP3CA,SIRPG,AMBRA1,LIMS2,PRKCA,PRKCE,PRKCZ,AZU1,CASS4,ZMIZ1,ARID1B,PREX1,GPAM,PTPN11,PTPRC,PTPRJ,RARA,BCL6,RPS3,RREB1,RSU1,S100A10,SELE,VSIR,NOD2,KLHL25,SHB,RASAL3,SLC7A1,BMP7,SMARCA2,SMARCA4,SMARCC1,SMARCD1,SMARCD2,SOX12,SPN,SPTA1,SRC,BRAF,STAT5B,STK4,SYK,TEK,TGFBR2,TGM2,TRAF6,CCR2,UTRN,ZBTB16,ZP3,NDNF,DOCK5,NR4A3,CD276,CALR,NCK2,CARD11,HAVCR2,CAV1,RUNX1,PLPP3,RUNX3,CBFB,ADAM19,ADAM9,FADD,IL1RL2,NRP1,LDB1,ARHGEF7,VNN1,TNFSF18,CD1D,CD3E,CD5,MAGI1,CD6,ITGB1BP1,CD83,CD27,CD80,CD86,MAP4K4,CD36,CD44,PPM1F,CD81,PIEZO1,TESPA1","Sputum_Mixed granulocytic"
"BP","response to biotic stimulus",1547,464,2.81117660049047e-05,0.00717766034489276,"TANK,KLRC4-KLRK1,ABCC9,TSPAN32,TRIM10,IFNL4,RASGRP1,TRIM13,CDK6,CD96,ADAR,TNIP1,CCL26,NOD1,ADARB1,WFDC2,TRIM38,DDX17,KAT5,IPO7,CEBPE,ATG7,GNLY,POLR3C,IVNS1ABP,TRAF3IP2,ZMYND11,LILRB1,ARID5A,USP20,MALT1,SPINK5,LIAS,RIPK3,HNRNPUL1,PLAAT3,CORO1A,CHIT1,IRAK3,DUSP10,CHRM2,VPS26B,LYST,NLRP3,CHUK,PGLYRP2,SLAMF6,GBP5,RNF166,CLNK,LRG1,CLU,TMEM45B,SLC15A4,RNASE11,CCR4,CNR2,RNF19B,OCIAD2,IL31RA,NEK7,MACROD2,SIRPA,PARP1,MAPK14,CSF1R,PIK3R6,CTSG,CCDC80,CX3CR1,CYLD,DACH1,CD55,TMEM229B,DAPK1,DHX15,DEFA1,DEFA3,DEFA4,DEFA5,DEFB4A,SLC30A8,DHX36,DIO2,ABCA1,AHR,NLRC3,ELANE,A2M,UNC13D,ENO1,TRIML2,AKT1,ESR1,ALAD,EXT1,F12,FABP4,FER,FGFR2,FGR,RAB11FIP2,PPM1E,NLRP1,FKBP5,CARD8,SBNO2,NT5C2,MAPKBP1,ENDOD1,RRP1B,TRIM35,TAB2,GRAMD4,STAB1,FLNB,RFTN1,DTX4,SASH1,PUM2,COTL1,FOS,PADI4,CDC42EP4,IL17RA,ALPL,ABL1,FYN,YTHDF3,LYG2,NAALADL2,SERINC5,SAMHD1,ANKRD17,WIPI2,TRAF3IP1,STAP1,GATA3,CLEC4E,GCH1,SLC17A5,GFI1,FOXP1,CRCP,RBMS3,GPM6A,CCDC88B,GSDMA,SLC9A9,GRN,GIT1,SETD2,TBK1,SAP30BP,CD274,GRPR,GSK3B,GSN,ZDHHC1,ANXA1,HCK,HIF1A,HK1,HLA-DRB1,RNASE10,IRF8,STING1,IFNAR2,IFNG,IFNGR2,RBPJ,TICAM2,IL1A,IL1RAP,IL6R,IL7R,IL10,IL15,IRAK2,IRF2,IRF4,IRF7,ITGAM,JAK1,JAK3,TRIM23,KIF5B,ARG1,KRT8,SCIMP,CCL4L1,LAG3,LAMP1,LCK,LCN2,LGALS3,LGALS8,LPL,LPO,PLPP6,DEFB133,LTF,CD180,LYN,MIRLET7B,MIR140,MIR17,MIR19A,MIR19B1,MIR20A,MIR21,MIR302A,SMAD3,ARRB2,SMAD6,MEF2C,MEFV,MAP3K5,CIITA,MMP8,MPO,CARD17P,EIF2AK4,MIAT,TARM1,MX1,MYO1C,NCBP1,NCF2,NCK1,NEDD4,NFIB,NFKB1,NINJ1,NKG7,NOS3,NOTCH1,NOTCH2,RNASE12,TIFAB,P2RX7,PRDX1,PAK2,REG3A,PCK2,HERC5,PCSK1,MARCHF2,BPIFA1,PLAC8,PDE4B,CYRIB,NUB1,PDPK1,CD244,ERAP1,PHB1,PIK3CG,PIK3R1,PLCG2,PML,TRIM34,ACP5,TLR9,TREM1,TOLLIP,RNF216,RBM47,PPARG,PPBP,DUS2,BANK1,CEP192,TMEM33,APPL2,PSPC1,UBE2W,SHFL,LGR4,PRB3,STAB2,NAGK,ITLN1,DDX60,TENT5A,CHD7,LYAR,RAB20,NPLOC4,POLR3E,INAVA,PRKCA,PRKCE,PRKDC,ERBIN,MAPK1,MAPK8,DNAJC3,PRLR,CRTAM,AZU1,SLAMF8,WRNIP1,SPIRE1,PLSCR3,CD177,RTN4,PELI1,ZNFX1,PTGER2,AICDA,PTGS2,PTK6,WDFY1,RNF213,GPAM,PTPN1,WDFY4,EPG5,MARK4,PTPN11,PTPRC,PTPRJ,NECTIN2,CXCL16,PYGL,CACTIN,MAP4K2,RAB27A,RAF1,ACTA2,RARA,BCL2,UPF1,BCL2L1,TRIM27,BCL3,BCR,S100A9,CFB,CEACAM1,CCL3,CCL13,CCL18,CCL22,SEC14L1,SELE,NOD2,IFIH1,SFTPD,CLEC7A,LYPD8,ILRUN,SKP2,FER1L6,SLC11A1,CHID1,SNCA,SP100,SPI1,SPN,SRC,SRPK1,STAT5B,SYK,ADAM17,TGFB1,TSPO,SERPING1,TLR5,TNFAIP3,C1QB,TNFRSF1A,TNFRSF1B,C1QC,C1S,C2,TPT1,TRAF2,TRAF3,TRAF6,DEFA1B,TXK,ACOD1,UBA7,VIM,WIPF1,WFS1,XRCC5,YWHAZ,ZFP36,TRIM26,LAPTM5,MAPKAPK3,RAB7A,TMEM43,CYBC1,NLRX1,GSDMD,MMRN2,ATAT1,CALM1,CCDC92,ALPK1,CUBN,ZBP1,COLEC12,CALR,SLC7A5,TRIM11,CLPB,AKAP1,KLRC4,CASP1,ATG10,ITCH,CASP6,CASP7,NLRC5,ZDHHC18,RNF135,SLX4,IL1F10,HAVCR2,AGBL4,ZNRF1,APOL1,CAV1,RNASET2,OASL,BECN1,MARCO,GBF1,ADAM9,FADD,TNFRSF11A,TNFRSF10B,IL18RAP,IL1RL2,CD84,VNN1,TRIM4,KYNU,KLHL6,TRIM15,PGLYRP1,OTULIN,PSTPIP1,CD1D,DDX60L,RNF185,RSAD2,DDX21,DCLK1,CD6,UBE2L6,MFHAS1,MAPKAPK2,BPIFB1,NEURL3,PLAA,CD80,CD86,AIM2,LY86,EIF2AK3,ATG5,CD36,STX8,APOBEC3B,AKAP12,CTR9,CD58,CD68,N4BP1,PUM1,HDAC4,CDA,MATR3,PJA2,DLEC1,USP15,NR1H4,CDH1","Sputum_Mixed granulocytic"
"BP","catabolic process",2597,831,3.05570030240218e-05,0.00763725093320014,"ADA,ACOT8,DNM1L,DNM3OS,DPP3,AASS,ADAM10,TRIM13,NOD1,ANAPC10,RACK1,CPQ,ARIH2,TRIM38,SLC25A17,KAT5,ATG7,MTHFS,ERLIN1,IGF2BP2,CELF1,CES1,GIPC1,TRAF3IP2,HBS1L,HPSE,USP20,MALT1,MMP24,FASTK,PNRC1,ASCC3,KCNQ1OT1,ILVBL,TLK2,TENT4A,ABHD2,WWP2,DEPP1,HIBADH,FAF1,PLAAT3,LSM6,NUDT3,CHI3L2,CHIT1,SLC2A6,PKP3,IRAK3,HOGA1,VPS26B,SLCO2B1,ACOT7,RNF13,MGLL,TRIM9,PGLYRP2,CIDEA,OMA1,CIRBP,RNF166,ABHD15,AGAP2,RFFL,CLU,TPP1,CLTC,KLHDC1,PLA2G4E,NTAN1,ZC3H18,ABCC2,WDR81,RNF19B,DRAM2,DIS3L2,UBR3,GALM,ZFAND2B,COMT,UROC1,CPA1,CPB2,CPT1A,VPS37A,CPT1B,PXDNL,HGSNAT,CARNMT1,ABHD16B,ADAMTS14,STK35,VTI1A,MAPK14,SESN3,FBXL14,CSNK1E,ABHD12B,ADRA1A,PM20D1,RC3H1,COMMD1,CTSB,CTSH,UPP2,CTSW,CTSZ,SH3D19,RNF217,CYP1B1,CYP19A1,CYP27A1,DAB2,DAP,DAPK1,DAZL,DEDD2,ECI1,DCN,UBXN2A,DFFB,DHX36,DLST,DNASE1L1,AGL,DXO,ABAT,DPYS,DUT,ECE1,AGO4,EGF,EGFR,EHHADH,UBR1,ACSF3,EIF4G1,ELANE,ABCA2,LIPH,MARK2,RAB12,STT3B,CTTN,ENO1,C9orf72,AKT1,ERCC4,AKT2,ERN1,ALAD,ETFA,ETFDH,EXT1,ACSL1,FAH,PTK2B,CCNY,TPCN2,FOXK1,DAGLB,FBXL13,ZNRF2,MAPK15,FHIT,RHOBTB3,INPP5F,ZHX2,DENND3,ATF6,RAB3GAP1,NT5C2,WDFY3,PLCH1,STK38L,CNOT1,SAMD4A,MYCBP2,FOXO1,TNRC6B,TAB2,LPIN1,LARP4B,FAF2,PSME4,ZC3H4,DTX4,PLCB1,PACS2,EXOC7,CLEC16A,AGTPBP1,FBXW11,SMG6,TUT4,NEDD4L,VPS39,UBR4,LARP1,PUM2,MLYCD,RYBP,SLC44A1,SF3B3,QPRT,ZFYVE26,NNT,ATP6V0A2,DDAH2,DDAH1,AMACR,DAPK2,PLA2G15,SH3BP4,PISD,IL17RA,ALK,ATP6V1C2,CNOT6L,AFG1L,MTOR,ABL1,FUT4,FUT7,FUT8,FYN,G6PC1,YTHDF3,LYG2,GAA,RNF144B,PAN3,PLCXD2,SNX33,LSM4,GALC,PRDX5,HECTD1,ARMC8,RNF19A,RCHY1,WWTR1,SAMHD1,PNKD,TIPARP,UPF2,UBXN7,LTN1,GGA1,ABHD12,WIPI2,TRPC4AP,ZBTB20,FBXL6,FBXL5,KLHL3,FBXO22,FBXO8,HIBCH,NUPR1,AGO1,AMFR,GGT1,ABL2,ACAD8,UTP25,SND1,VPS41,LAMP3,PDE7B,SNX5,AGO2,DISC1,AMPD3,GLB1,SESN1,SULT1B1,GCLC,TNRC6A,SGSM3,GM2A,GNA12,GNAI3,GNS,GOT2,GPD1,GPD2,GPLD1,SIAH3,PLA2G4D,FBXL22,NUDT7,GDPD1,RNF149,RUFY4,TRIB2,DCPS,GIT1,HIPK2,SETD2,TBK1,UHRF1,GRSF1,GSK3B,GSTM1,GSTM4,GSTZ1,USP25,ANXA2,HADHA,HADH,HAL,HTT,HDC,HEXA,HEXB,PIK3R4,HIF1A,HK1,HK2,AOAH,HMGCL,HMGCR,HNMT,HNRNPAB,HNRNPD,HNRNPU,HPD,HSD11B1,UBAC2,IRF8,ACADM,STING1,IDE,SH3RF3,IFNG,APP,IL10,FOXK2,IREB2,ITGB1,ITPR1,TRIM23,ARG1,MTCL3,LDHA,LDLR,LEPR,LGALS8,LIPC,LIAT1,LNPEP,SNX30,LPL,LPO,PLPP6,LRP1,LRP2,LRP5,LTA4H,MIRLET7B,MIR140,MIR145,MIR18A,MIR185,MIR192,MIR195,MIR20A,MIR21,MIR214,MIR302A,ARRB1,SMAD3,ARRB2,SMAD7,ARSB,MAN1A1,MCL1,MDM4,MEFV,MGAT3,ATXN3,MME,MMP2,MMP8,MMP16,ALDH6A1,MPO,ABCC1,TRIM67,MAP1LC3C,MIR302C,ASPA,NUDT1,MTRR,NCBP1,NEDD4,NOS3,CNOT2,NOTCH1,NPC1,ATP2A2,NRDC,NTHL1,ATP2B4,OAT,OGDH,ALDH7A1,OXCT1,P2RX7,FURIN,PRDX1,PNPLA8,PRKN,PARN,PCCA,ACOX1,AMDHD2,PCK2,DERA,CRYL1,SIDT2,TRNT1,SH3GLB1,PHF20L1,MRTO4,VPS28,HERC5,PLCE1,MARCHF2,PIPOX,WAC,FZR1,TEX264,PDE2A,ATP6V1D,AIG1,TRAPPC4,PDE3B,PDE4A,PDE4B,PRKAG2,ANAPC7,PDE4D,PCYOX1,PDE7A,DTL,PDE9A,VTA1,SCLY,VPS54,NBAS,ATP6V1H,NUB1,ASB2,SUFU,UPB1,ERAP1,PEPD,PEX7,PFKFB1,PFKFB2,PFKP,PGAM2,PHB1,ATP6V1B2,PHKG2,ATP6V1C1,PIK3C2B,PIK3C3,PIK3CB,PIK3CG,PIP4K2A,PKLR,PKM,PLA2G4A,ATP6V0B,PLCB2,PLCB4,PLCD1,PLCG1,PLCG2,TPCN1,PML,TRIM34,EXOSC10,TLR9,KCTD5,PON3,RETREG1,XRN1,ANKIB1,TOLLIP,RNF216,RBM47,EGLN1,PPARA,PPARD,CROT,CTSA,ZRANB1,TET2,BCAS3,TENT5C,FNBP1L,NSUN2,RNF43,AUH,BANP,PLAAT2,CLN6,PPP1CA,VPS37C,NRDE2,WIPI1,ATG2B,VPS13D,THNSL2,PPP2R5C,PGM2,UBE2W,ACOXL,FBXW7,RNF121,DRAM1,LAPTM4B,PPT1,ENOSF1,STAB2,NAGK,SUPT20H,ZCCHC8,TENT5A,ZDHHC7,AMBRA1,PRKAA2,PRKACA,NPLOC4,UGGT2,PRKCA,DCP1A,PRKCE,RNF130,MAPK8,SMG9,DNAJC3,WDR45B,PSAP,TRIM39,FMN2,PSMA1,MCCC1,PSMB7,PSMB8,RGMA,PSMB9,PDXP,PSMD1,PSMD3,PNPLA2,MAN1C1,SMURF1,PELI1,SNX14,PTEN,AICDA,RHBDD2,MIR497,MIR520C,PTK2,CNOT6,RNF150,RPTOR,TBC1D14,MIB1,ELAPOR1,KLHL42,NCEH1,RIC1,USP36,VPS18,SH3RF1,GRAMD1A,RNF213,QSOX1,TNRC6C,PTPN1,WDFY4,EPG5,GBA3,PTPN3,LSM2,PEX2,PEX5,PYGL,TP53INP2,DNASE2B,RRAGD,RAD23B,RALB,BCKDHA,BCL2,UPF1,TRIM27,RHEB,EXOC4,S100A9,CELA2A,CEACAM1,SCP2,SLC17A9,RBKS,VSIR,NOD2,ERAP2,COP1,LIPN,MMP25,BLVRA,KLHL25,SGTA,SIAH1,ILRUN,SIAH2,CRTC3,DEPTOR,MARCHF7,SKP2,VPS33A,UPF3A,WNK1,SLC11A1,SMARCC1,MTMR9,SNCA,SORL1,SRC,SRD5A2,SREBF1,SREBF2,ST14,ZFP36L1,STAT3,STK3,SULT1A1,TAFAZZIN,TBL1X,TDG,TDO2,TMBIM6,TGFB1,TSPO,THRA,TIMP2,TIMP3,GPR137B,TNFAIP3,TNFRSF1B,TPO,TRAF2,TRAF5,TRAF6,TSG101,UBA7,UBE2D3,UBE2E1,UBE2H,UBE2L3,UPP1,UVRAG,VDAC1,VIM,WFS1,DAGLA,XPNPEP1,YWHAH,ZFP36,LAPTM5,CSDE1,PXDN,RNF103,USP7,RAB7A,SECISBP2,METTL16,FTO,WDR77,DERL1,BAG6,FYCO1,RNASEH2B,PPP1R3B,TUT7,TBL1XR1,VPS37B,FBXO31,UBA5,PLBD1,LPCAT1,PRR5L,PSME3IP1,FBXL18,CALM1,EDC3,SPSB1,RUBCNL,EDEM3,STAM,CDK5RAP3,ZKSCAN3,PNPLA3,SEL1L2,ACAD10,NDFIP1,FXR1,NPL,CALR,SLC7A5,HM13,VMP1,ADAMTS12,SBF2,CLPP,CANX,CAPN1,CAPN3,COLQ,ACOX2,AXIN1,ADPGK,SESN2,ATG10,ITCH,BCO2,KCTD10,CASP7,ULK1,ACAD11,ZNRF3,KAT8,ZCCHC7,TRAF7,VPS25,ECRG4,SYVN1,CUL3,CUL1,CAT,GPT2,LNX1,ADTRP,KLHL22,AGBL4,MFSD2A,ZNRF1,ENC1,DDO,NKD1,CAV1,SCARF1,CBFA2T3,HSD17B6,RNASET2,AKR1C3,ALDH4A1,SLC4A4,BECN1,TNFSF12,CBS,ADAM9,PABPC4,SUCLG2,CD84,KAT2B,NR1I2,VNN1,CDC16,NAE1,MTMR3,MTMR2,HERC3,HERC2,HERC1,KYNU,BTRC,USP13,ATG16L2,MVB12B,PLCZ1,STBD1,SLC25A21,ATP6V0E1,PGLYRP1,RSPRY1,ANGEL2,ZNF598,USP10,USP8,MTA1,LATS1,SLC16A3,RNF185,UBXN11,SPSB4,UBE2L6,MAPKAPK2,SOCS6,TRIP12,TRIP4,PLAA,ORMDL3,GSTO1,ATG5,CD36,PSMF1,SCARB2,ADAMTS3,ADAMTS2,SPTLC2,TMEM59,EI24,GTPBP1,CLOCK,APOBEC3B,CD44,GDA,RNF7,FEZ2,SKIC3,LPIN2,DEPDC5,N4BP1,VGLL4,UBE3C,EDEM1,PUM1,CD81,HDAC4,ATG13,TBC1D5,CDA,RNF144A,RNF40,CTIF,RB1CC1,PLEKHM1,PJA2,LRBA,MRC2,SEC16A,RNF10,KIF14,EXOG,XYLB,THRAP3,CDH1","Sputum_Mixed granulocytic"
"BP","immune response-activating cell surface receptor signaling pathway",294,120,3.05839568263164e-05,0.00763725093320014,"ADA,KLRC4-KLRK1,BTN2A2,VAV3,MALT1,BTNL3,LILRB4,BTN3A2,ERMAP,CHUK,SPPL3,CMKLR1,CSK,RC3H1,CTLA4,NFAM1,BTNL9,DENND1B,DUSP3,PLPP4,ELF1,FGR,RAB11FIP2,FCHO1,RFTN1,PLCL2,ICOSLG,FPR3,ABL1,FYB1,FYN,STAP1,GATA3,LAT,FOXP1,C5AR2,TNFRSF21,GPLD1,BLNK,HCK,HLA-DPB1,HLA-DQB1,HLA-DRB1,TICAM2,INPP5D,IRAK2,SCIMP,LCK,LCP2,LGALS3,LIMK1,LTF,LYN,MIR140,MIR18A,MIR19A,MIR20A,MEF2C,NFKB1,NINJ1,PAK2,PAWR,PDE4B,PDE4D,PIK3R1,UBASH3A,PLCG1,PLCG2,LAX1,BANK1,APPL2,PRKCB,PRKCE,PRKCH,MAPK1,DUSP22,PELI1,PTK2,WDFY1,PTPRC,PTPRJ,NECTIN2,BCL2,RPS3,CEACAM1,MYO1G,NOD2,CLEC7A,SHB,WNK1,SOS1,SRC,BRAF,SYK,TEC,TLR5,TNFAIP3,TRAF6,C3AR1,TXK,ACOD1,VAV2,LAPTM5,CACNB4,PVRIG,BAG6,BTNL8,NR4A3,CD276,KLRC4,SLA2,CARD11,ZNRF1,DGKZ,KLHL6,CD3E,CD247,MFHAS1,BPIFB1,CD22,CD38,CD79B,CD81,TESPA1,PJA2","Sputum_Mixed granulocytic"
"BP","response to other organism",1508,451,3.14567804133411e-05,0.00776982476209524,"TANK,KLRC4-KLRK1,ABCC9,TSPAN32,TRIM10,IFNL4,RASGRP1,TRIM13,CDK6,CD96,ADAR,TNIP1,CCL26,NOD1,ADARB1,WFDC2,TRIM38,DDX17,KAT5,IPO7,CEBPE,ATG7,GNLY,POLR3C,IVNS1ABP,TRAF3IP2,ZMYND11,LILRB1,ARID5A,USP20,MALT1,SPINK5,LIAS,RIPK3,HNRNPUL1,PLAAT3,CORO1A,CHIT1,IRAK3,DUSP10,CHRM2,VPS26B,LYST,NLRP3,CHUK,PGLYRP2,SLAMF6,GBP5,RNF166,CLNK,LRG1,CLU,TMEM45B,SLC15A4,RNASE11,CCR4,CNR2,RNF19B,OCIAD2,IL31RA,NEK7,MACROD2,SIRPA,PARP1,MAPK14,CSF1R,PIK3R6,CTSG,CCDC80,CX3CR1,CYLD,CD55,TMEM229B,DAPK1,DHX15,DEFA1,DEFA3,DEFA4,DEFA5,DEFB4A,SLC30A8,DHX36,DIO2,ABCA1,AHR,NLRC3,ELANE,A2M,UNC13D,ENO1,TRIML2,AKT1,ESR1,ALAD,EXT1,F12,FABP4,FER,FGFR2,FGR,RAB11FIP2,PPM1E,NLRP1,FKBP5,CARD8,SBNO2,NT5C2,MAPKBP1,ENDOD1,RRP1B,TRIM35,TAB2,GRAMD4,STAB1,FLNB,RFTN1,DTX4,SASH1,PUM2,COTL1,FOS,PADI4,CDC42EP4,IL17RA,ALPL,ABL1,FYN,YTHDF3,LYG2,NAALADL2,SERINC5,SAMHD1,ANKRD17,WIPI2,TRAF3IP1,STAP1,GATA3,CLEC4E,GCH1,SLC17A5,GFI1,FOXP1,CRCP,GPM6A,CCDC88B,GSDMA,SLC9A9,GRN,GIT1,SETD2,TBK1,SAP30BP,CD274,GSN,ZDHHC1,ANXA1,HCK,HIF1A,HK1,HLA-DRB1,RNASE10,IRF8,STING1,IFNAR2,IFNG,IFNGR2,RBPJ,TICAM2,IL1A,IL1RAP,IL6R,IL7R,IL10,IL15,IRAK2,IRF2,IRF4,IRF7,ITGAM,JAK1,JAK3,TRIM23,KIF5B,ARG1,KRT8,SCIMP,CCL4L1,LAG3,LAMP1,LCK,LCN2,LGALS3,LGALS8,LPL,LPO,PLPP6,DEFB133,LTF,CD180,LYN,MIRLET7B,MIR140,MIR17,MIR19A,MIR19B1,MIR20A,MIR21,MIR302A,SMAD3,ARRB2,SMAD6,MEF2C,MEFV,MAP3K5,CIITA,MMP8,MPO,CARD17P,EIF2AK4,MIAT,TARM1,MX1,MYO1C,NCBP1,NCF2,NCK1,NEDD4,NFIB,NFKB1,NINJ1,NKG7,NOS3,NOTCH1,NOTCH2,RNASE12,TIFAB,P2RX7,PRDX1,PAK2,REG3A,PCK2,HERC5,PCSK1,MARCHF2,BPIFA1,PLAC8,PDE4B,CYRIB,NUB1,PDPK1,CD244,ERAP1,PHB1,PIK3CG,PIK3R1,PLCG2,PML,TRIM34,ACP5,TLR9,TREM1,TOLLIP,RNF216,RBM47,PPARG,PPBP,DUS2,BANK1,CEP192,TMEM33,APPL2,PSPC1,UBE2W,SHFL,LGR4,PRB3,STAB2,NAGK,ITLN1,DDX60,TENT5A,CHD7,LYAR,RAB20,NPLOC4,POLR3E,INAVA,PRKCA,PRKCE,PRKDC,ERBIN,MAPK1,MAPK8,DNAJC3,PRLR,CRTAM,AZU1,SLAMF8,WRNIP1,SPIRE1,PLSCR3,CD177,RTN4,PELI1,ZNFX1,PTGER2,AICDA,PTGS2,PTK6,WDFY1,RNF213,GPAM,PTPN1,WDFY4,EPG5,MARK4,PTPN11,PTPRC,NECTIN2,CXCL16,PYGL,CACTIN,MAP4K2,RAB27A,RAF1,ACTA2,RARA,BCL2,UPF1,BCL2L1,TRIM27,BCL3,BCR,S100A9,CFB,CEACAM1,CCL3,CCL13,CCL18,CCL22,SEC14L1,SELE,NOD2,IFIH1,SFTPD,CLEC7A,LYPD8,ILRUN,SKP2,FER1L6,SLC11A1,CHID1,SNCA,SP100,SPI1,SPN,SRC,SRPK1,STAT5B,SYK,ADAM17,TGFB1,TSPO,SERPING1,TLR5,TNFAIP3,C1QB,TNFRSF1A,TNFRSF1B,C1QC,C1S,C2,TPT1,TRAF2,TRAF3,TRAF6,DEFA1B,TXK,ACOD1,UBA7,VIM,WIPF1,XRCC5,YWHAZ,ZFP36,TRIM26,MAPKAPK3,RAB7A,TMEM43,CYBC1,NLRX1,GSDMD,MMRN2,ATAT1,CALM1,CCDC92,ALPK1,CUBN,ZBP1,COLEC12,CALR,SLC7A5,TRIM11,CLPB,AKAP1,KLRC4,CASP1,ITCH,CASP6,CASP7,NLRC5,ZDHHC18,RNF135,IL1F10,HAVCR2,AGBL4,ZNRF1,APOL1,CAV1,RNASET2,OASL,BECN1,MARCO,GBF1,ADAM9,FADD,TNFRSF11A,IL18RAP,IL1RL2,CD84,VNN1,TRIM4,KYNU,KLHL6,TRIM15,PGLYRP1,OTULIN,PSTPIP1,CD1D,DDX60L,RNF185,RSAD2,DDX21,DCLK1,CD6,UBE2L6,MFHAS1,MAPKAPK2,BPIFB1,NEURL3,PLAA,CD80,CD86,AIM2,LY86,ATG5,CD36,STX8,APOBEC3B,AKAP12,CTR9,CD58,CD68,N4BP1,PUM1,HDAC4,MATR3,PJA2,USP15,NR1H4,CDH1","Sputum_Mixed granulocytic"
"BP","regulation of immune effector process",385,136,3.19404847745726e-05,0.00780446855932674,"C17orf99,KLRC4-KLRK1,RASGRP1,CD96,NOD1,LILRB1,ARID5A,MALT1,SPINK5,LILRB4,RIPK3,IRAK3,DUSP10,NLRP3,PGLYRP2,SLAMF6,CLNK,SLC15A4,ADORA2B,PIK3R6,RC3H1,SHLD1,CX3CR1,CD55,DENND1B,DHX36,AHR,A2M,UNC13D,FCER2,FER,FGR,FUT7,ANKRD17,STAP1,GATA3,FFAR3,GRN,ANXA1,HK1,HLA-DRA,HLA-DRB1,HLX,ICAM1,IFNG,TICAM2,IL1R1,IL7R,IL10,IRF4,ITGAM,ITGB2,JAK3,ARG1,SCIMP,LAG3,LAMP1,LGALS3,MYO18A,LYN,MIR21,MIR302A,ARRB2,SMAD7,P2RX7,ZBTB7B,CYRIB,PDPK1,CD244,PHB1,PLCG2,ACP5,TLR9,SASH3,SHLD2,APPL2,DDX60,INAVA,PRKCZ,CRTAM,SLAMF8,SPHK2,DUSP22,C12orf4,CD177,PTPRC,PTPRJ,NECTIN2,RAC2,RARA,RBP4,BCL6,BCR,CEACAM1,NOD2,CLEC7A,SHB,SPI1,SPN,STAT5B,SYK,TMBIM6,TGFB1,SERPING1,TNFRSF1B,TRAF2,TRAF6,CCR2,TNFRSF4,NSD2,ZP3,LAPTM5,NLRX1,SVEP1,NR4A3,NDFIP1,SLC7A5,KLRC4,STX7,SEMA7A,HAVCR2,FADD,IL18RAP,IL18R1,CD84,PGLYRP1,TNFSF18,CD1D,RSAD2,DDX21,CD5L,MAPKAPK2,CD22,CD80,CD86,ATG5,CD36,CD59,CD81,GAB2","Sputum_Mixed granulocytic"
"MF","guanyl-nucleotide exchange factor activity",224,112,3.28718066178045e-05,0.00794658439981904,"RASGRP1,FARP1,DENND4A,NET1,RAPGEF3,VAV3,ARFGEF1,RCBTB2,RCC1,RAPGEF4,AKAP13,TAGAP,FGD4,RINL,SLC38A9,PLEKHG4B,DENND1B,DOCK1,DOCK2,DOCK3,ECT2,EGF,C9orf72,SPATA13,FGD1,DENND3,RAB3GAP1,SWAP70,MYCBP2,IQSEC2,MCF2L2,RGL1,ARHGEF9,DENND5A,DOCK9,PSD3,PSD4,NGEF,PLEKHG3,GAPVD1,TIAM2,FBXO8,SERGEF,RGL4,CYTH4,RAPGEF1,ABR,HPS1,IQSEC3,PLEKHG7,CCDC88C,NUCB1,ITSN2,ARHGEF3,PLCE1,RAPGEF6,RIN2,RHOF,EPS8L1,RALGPS2,ARHGEF10L,PLEKHG6,DOCK10,DENND4C,CCDC88A,FGD6,RCC2,RGL3,DENND11,PLEKHG1,PREX1,RIC1,DENND1A,RALGDS,RAP1GDS1,RASGRF1,BCR,ARHGEF28,ITSN1,SOS1,DENND2B,TIAM1,TRIO,VAV2,RIN3,DENND1C,DENND2D,DOCK5,SH3BP5L,SBF2,TBC1D10A,ANKRD27,BCAR3,MADD,GBF1,ARHGEF7,HERC2,HERC1,HPS4,FGD3,KALRN,ARHGEF1,CYTH1,ARHGEF6,SH3BP5,VPS9D1,ARHGEF10,RALGPS1,RAPGEF2,RAPGEF5,ELMO1,FARP2,IQSEC1","Sputum_Mixed granulocytic"
"BP","positive regulation of defense response",475,165,3.41358659749094e-05,0.00816529914119834,"KLRC4-KLRK1,RASGRP1,TNIP1,NOD1,POLR3C,IRAK3,NLRP3,CHUK,SLAMF6,GBP5,CLNK,SLC15A4,ADORA2B,NEK7,CYLD,AGTR1,NLRC3,ESR1,ETS1,FABP4,RAB11FIP2,NLRP1,CARD8,GRAMD4,RFTN1,PUM2,IL17RA,ALOX5AP,FYN,ANKRD17,STAP1,CLEC4E,NUPR1,GFI1,FFAR3,GRN,TBK1,GRPR,HCK,STING1,IFNG,APP,TICAM2,IL15,IL16,IRAK2,IRF4,IRF7,KARS1,ARG1,C2CD4B,SCIMP,LAG3,LAMP1,LDLR,LGALS1,LPL,LTF,LYN,MIR140,MIR17,MIR19A,MIR20A,MIR21,MIR92A1,ARRB2,MEF2C,MEFV,MMP8,ABCC1,NINJ1,NKG7,OSM,PAK2,PDE2A,PDPK1,PHB1,PIK3CG,PIK3R1,PLCG2,TLR9,RBM47,APPL2,PSPC1,LGR4,NAGK,DDX60,NPLOC4,INAVA,PRKCE,PRKDC,ERBIN,MAPK8,MAPK13,CRTAM,RTN4,PELI1,ZNFX1,PTGER3,PTGS2,WDFY1,EPG5,MARK4,NECTIN2,CACTIN,TRPV4,S100A9,CCL3,SEC14L1,NOD2,IFIH1,CLEC7A,SNCA,SPI1,SRC,STAT5B,SYK,TGFB1,TLR5,TNFAIP3,TNFRSF1A,TRAF3,TRAF6,CCR2,TXK,ACOD1,XRCC5,ZP3,MAPKAPK3,NLRX1,GSDMD,MMRN2,ATAT1,ALPK1,ZBP1,COLEC12,TRIM11,CLPB,KLRC4,CASP1,ITCH,CASP6,NLRC5,RNF135,TTBK1,HAVCR2,ZNRF1,CAV1,OASL,FADD,TNFRSF11A,IL18RAP,CCN4,TRIM15,TNFSF18,OTULIN,CD1D,RNF185,RSAD2,IL1RL1,MFHAS1,MAPKAPK2,BPIFB1,AIM2,CD36,CLOCK,PUM1,CD81,MATR3,PJA2,USP15,NR1H4","Sputum_Mixed granulocytic"
"BP","alpha-beta T cell activation",176,79,3.46024445825177e-05,0.00818399879019898,"ADA,LILRB1,MALT1,LILRB4,NLRP3,SLAMF6,ADORA2A,RC3H1,CD55,ZFPM1,DOCK2,GPR183,MTOR,ABL1,FUT7,GATA3,FOXP1,CD274,ANXA1,HLA-DRA,HLA-DRB1,HLX,IFNG,IL6R,IL15,IRF4,ITPKB,JAK1,JAK3,MIR21,SMAD7,KMT2A,TARM1,MYB,NKG7,ZBTB7B,LEF1,SASH3,PRKCZ,CRTAM,SH3RF1,WDFY4,PTPRC,RARA,BCL2,BCL3,BCL6,CDH26,RORA,RORC,VSIR,SEMA4A,KLHL25,SHB,BCL11B,RASAL3,LGALS9C,SPN,BRAF,STAT3,SYK,TGFBR2,CCR2,ZBTB16,NDFIP1,ITCH,CARD11,RUNX1,RUNX3,CBFB,IL18R1,TNFSF18,RSAD2,CD3E,CD247,CD83,CD80,CD86,CD81,TOX","Sputum_Mixed granulocytic"
"BP","import into cell",928,361,3.49343373811521e-05,0.00818399879019898,"DNM1L,ABCC9,ATP9A,WASF2,TNK2,CALCRL,PRG4,AP3S2,RAMP1,RAMP3,RACK1,VAV3,MERTK,CEBPE,SLC12A7,LILRB1,USP20,EHD1,AP3M2,LMAN2,LILRB4,RAB31,CORO1A,PACSIN2,SCN11A,LYST,SLC46A1,BTBD9,MARCHF3,FCHO2,AP2S1,AP3S1,CLCN3,CLU,SLC36A4,SLC15A4,CLTC,SLC24A4,SLC43A2,RINL,OCIAD2,ADORA2A,SIRPA,LDLRAD3,CSK,CSNK1E,GSG1L,CTBP1,ENTHD1,ABCA13,GRK2,GRK3,DAB2,DGKQ,AP2A2,DENND1B,DLG1,DNM1,DNM2,DOCK1,DOCK2,DPP4,DRD4,ABCA1,LPAR1,EFNB2,EGF,PLPP4,ANO6,ELANE,ABCA2,ARHGAP27,SLC39A11,UNC13D,CTTN,C9orf72,EPS15,SLC36A1,AKT1,AKT2,ACSL1,TPCN2,FCER2,SLC39A12,FGR,RAB11FIP2,AAK1,INPP5F,EPN2,CD93,FNBP1,TBC1D2B,FCHO1,STAB1,MLC1,EHBP1,FKBP15,NEDD4L,SYNE1,PIP5K1C,SLC7A8,RHOQ,SCRIB,CORO1C,SH3BP4,ABL1,FYN,SNX33,SLC24A2,HEATR5A,DNM3,LDLRAP1,GAPVD1,STEAP2,STAP1,ABL2,SNX5,BIN1,SLC39A5,CLEC9A,SLC9C2,SLC9A9,XKR6,SCARA5,GRK4,DBNL,GSN,SNX10,LRP12,SH3KBP1,ANXA1,ANXA2,HCK,EHD4,HIP1,ANXA11,HNRNPK,HSPG2,HTR2B,ICAM3,IRF8,IFNG,IGF2R,APP,TICAM2,IL15,IL15RA,ITGA2,ITGAL,ITGAM,ITGAV,ITGB1,ITGB2,ATP9B,MIA3,KCNJ3,KCNJ10,KCNJ15,KCNQ1,XKR5,XKR9,LDLR,LEPR,LGALS3,LGALS3BP,LIMK1,MYO18A,LRP1,LRP2,LRP3,LRP6,LRP5,LYN,MIR17,MIR185,MIR20A,MIR200C,ARRB1,ARRB2,MKLN1,TRPM1,MSR1,MYO1E,MYO6,NCF2,NCF4,NEDD4,FXYD2,NPC1,ATP2B4,OLR1,P2RX1,P2RX7,P2RY6,ITSN2,PRKN,VPS28,MARCHF2,CD320,BIN2,GULP1,ANKFY1,NCKIPSD,ACKR4,ATP6V1H,PIK3C3,PIK3CB,PIK3CG,PI4KB,PLCG2,TPCN1,RIN2,HEATR5B,AHI1,FNBP1L,OCIAD1,EPN3,APPL2,PPP3CA,PPP3CC,PPT1,SIRPG,PIP4P2,STAB2,SLC39A4,LYAR,RAB20,SCYL2,VAC14,NECAP2,LMBR1L,PRKCE,BIN3,MAPK1,LRRC8A,AZU1,CDC42SE2,CAMK1D,CD177,PTK2,MIB1,PTPN1,DENND1A,PTPRC,PTPRJ,CXCL16,EPS15L1,RAB5B,RAB27A,RALB,RARA,TRPV4,BCL2L1,BCR,SORT1,SAG,SCN1A,SCN8A,SCNN1A,CEACAM1,BICD1,MYO1G,SELE,NOD2,RAB17,SFTPD,ITSN1,SH3GL1,CLEC7A,SLC1A2,SLC1A7,SLC2A1,SLC2A4,SLC2A5,SLC5A2,SLC5A3,SLC6A6,SLC6A9,SLC7A1,SLC8A1,SLC9A2,SLC9A3,SLC11A1,SLC12A3,SLC34A1,SLC18A2,MTMR9,SNCA,SNCG,SNX1,SOD1,SORL1,SRC,SURF4,SYK,SYT1,TGM2,THBS1,C2,TRPM2,TSG101,TULP1,CCR2,VAV2,CACNA1A,CACNA1C,CACNA1D,CACNA2D1,MAPKAPK3,RAB7A,MCTP1,RABEP2,RIN3,DENND1C,CUBN,COLEC12,CALR,SLC7A5,SLC38A1,CANX,CLTCL1,DYSF,PICALM,ITCH,DTNBP1,MYCBPAP,EEA1,LRRC8C,SGIP1,SLC12A8,SLC43A1,DGKD,MICALL1,STON2,CAV1,SCARF1,KCNK5,BECN1,MARCO,ANKRD13A,SYNJ2,SLC5A6,MTMR2,STBD1,SYT8,PSTPIP1,SLC24A1,PDLIM7,MAPKAPK2,DNER,CD9,NEURL3,CD22,CD163,PICK1,ATG5,CD36,SCARB2,CLINT1,CD81,CD151,TBC1D5,DNAJC6,ELMO1,MAGI2,FCHSD2,MRC2,RABGAP1L,CD302,ARHGAP25,SLC12A6","Sputum_Mixed granulocytic"
"MF","small GTPase binding",280,131,3.5897428122175e-05,0.00832380772090108,"RANBP9,DNM1L,ABI2,FARP1,NUTF2,NDRG1,UNC13B,IPO7,CDC42EP3,NCKAP1,IQGAP2,EHD1,RCC1,RAPGEF4,CDC42EP1,AKAP13,FMNL2,FGD4,RINL,IQGAP3,TBC1D20,TAMALIN,DENND1B,DOCK1,DOCK2,DOCK3,ECT2,ABCA1,MEGF9,UNC13D,C9orf72,FGD1,RHOBTB3,RAB11FIP2,RAB3GAP1,RIMS1,DAAM1,XPO7,GGA2,MYCBP2,ERC1,CYFIP1,XPO6,DENND5A,BICD2,DMXL2,DAAM2,CDC42EP4,CORO1C,RABGAP1,SH3BP4,MYRIP,PLEKHG3,GGA1,GAPVD1,GDI2,CYFIP2,SGSM3,GOLGA4,GIT1,RILPL1,ARHGDIB,RHOH,AFDN,MYO1C,MYO5A,MYO9B,NCF2,NGFR,PAK2,IPO11,PLCE1,ANKFY1,PEX5L,CYRIB,RAPGEF6,YIPF1,RIN2,SYTL2,DOCK10,IPO9,EXOC2,FGD6,PRKCH,RCC2,SPHK2,CDC42SE2,PLEKHG1,RPTOR,RIC1,LSM2,PEX5,RAP1GAP,BICD1,RBSN,INF2,MICAL1,SOD1,SORL1,CDKL5,FMNL1,EVI5,RAB7A,MAPKAP1,RIN3,DOCK5,RAB11FIP1,CYRIA,DIAPH3,PICALM,ANKRD27,ULK1,RAB11FIP4,STRIP1,MICALL1,CAV1,IQGAP1,HPS4,FGD3,FMNL3,KIF3B,SYTL3,RPH3AL,CDC42BPB,VPS9D1,GCC2,IPO13,DEPDC5,RIMS2,USP6NL,RAB11FIP3,GIT2,RABGAP1L","Sputum_Mixed granulocytic"
"BP","lymphocyte activation involved in immune response",211,84,3.89070571467645e-05,0.00885178688430985,"ADA,C17orf99,CDH17,LILRB1,MALT1,CORO1A,NLRP3,PGLYRP2,SLAMF6,SLC15A4,RC3H1,SHLD1,ZFPM1,GPR183,UNC13D,GAPT,PTK2B,SWAP70,PLCL2,MTOR,ABL1,GATA3,CLEC4E,FOXP1,ANXA1,HLA-DRA,HLA-DRB1,HLX,ICAM1,IRF8,IFNG,IL6R,IL10,IRF4,ITGAL,JAK1,JAK3,LAMP1,LFNG,LGALS1,LGALS3,LIG4,CD180,MIR21,SMAD7,KMT2A,EIF2AK4,MYB,NKG7,NOTCH2,ZBTB7B,LEF1,CD244,PLCG2,APBB1IP,SHLD2,DOCK10,PRKCZ,AICDA,PTPRC,RAB27A,RARA,BCL3,BCL6,RORA,RORC,CEACAM1,SEMA4A,SHB,ST3GAL1,SLC11A1,SPI1,SPN,STAT3,TGFB1,NSD2,NDFIP1,SANBR,HAVCR2,IL18R1,PGLYRP1,TNFSF18,CD80,CD86,PHF14,CD81","Sputum_Mixed granulocytic"
"BP","response to organic substance",2814,905,3.89534715908724e-05,0.00885178688430985,"ADA,TANK,PDCD6,BCL2L11,KLRC4-KLRK1,ABCC9,IFNL4,AKAP9,SLC25A13,ADAM10,CALCRL,TRIM13,CDK6,CD96,KCNMB2,RAMP1,RAMP3,NET1,PAK4,ADAR,CDKN2B,TNIP1,CCL26,NOD1,RACK1,PIAS3,RAPGEF3,PRMT5,BAIAP2,TADA3,UNC13B,NCOA2,DDX17,KAT5,CEBPE,AGR2,SORBS1,ERLIN1,TRIM16,PMVK,CES1,CXCR6,SLC12A7,GIPC1,TRAF3IP2,KDM5B,ADCY2,CCR9,HPSE,LILRB1,ARID5A,GPR83,RAB10,MALT1,TMED2,COPS5,LILRB4,LIAS,RAB31,RIPK3,ABHD2,PRDM5,FAF1,CORO1A,IRAK3,DUSP10,PDCD10,PADI2,SCN11A,CHRM2,VPS26B,CHRM3,NLRP3,CHUK,OSBPL8,CIDEA,C1QTNF4,FBXO32,GBP5,SLC22A12,IL22RA2,RFFL,AP3S1,ADD1,CLU,ERP27,CCR1,SLC24A4,CCR4,CMKLR1,CNR2,CNTFR,COL3A1,COL4A1,IQGAP3,RFTN2,COL16A1,CPNE4,COMP,IL17RE,IL31RA,PPARGC1B,ADORA2A,CPB2,CPT1A,CREB1,ATF6B,CRHBP,CRHR1,S100A16,CRY2,SIRPA,PARP1,MAPK14,CSF1R,SESN3,CSF3R,CSK,RDH12,CSNK2B,ADRA1A,CREB3L4,CTBP2,RC3H1,COMMD7,AANAT,CTSB,CTSG,CTSH,CPNE9,CX3CR1,SLC38A9,CYLD,CYP1B1,BMT2,GRK2,CYP19A1,ADSS2,DAB2,CD55,GPR180,DGKQ,DAPK1,DAXX,UBXN2A,DHX15,DEFA1,DEFA3,DEFA4,DEFA5,ZNF366,SLC30A8,DHX36,DHFR,DIO2,AGL,DNMT3A,ABAT,AGRP,DRD4,AGTR1,DUT,ECT2,ABCA1,LPAR1,EFNA5,EGFR,AHR,EIF2S1,METTL21C,UBR1,EIF4E,EIF4G1,ELANE,A2M,ABCA2,STT3B,DNAJC18,HIPK1,TRIML2,AKT1,AKT2,ERN1,ESR1,ABCA3,ALAD,ESRRA,ALAS1,EXT1,EZH2,F12,FABP4,ACSL1,PTK2B,FASN,TPCN2,CPNE2,SDK1,FDX1,FECH,FER,FGFR2,MTF2,HSPA4L,RAB11FIP2,PPM1E,NLRP1,CARD8,SBNO2,ATF6,CNOT1,TNIK,FOXO1,KDM4C,TAB2,KDM6B,LRCH1,FLNB,LPIN1,RFTN1,KANK1,CYFIP1,FAF2,MLC1,SIK2,PLCB1,SATB2,CUX2,SASH1,LARP1,RHOQ,ABCB10,LEPROTL1,FOLR2,SPIDR,FOS,RBFOX2,CDC42EP4,SH3BP4,IL17RA,ALK,ALOX5AP,MTOR,ALPL,NR5A2,ABL1,NR5A1,FUT7,ACKR1,FYN,YTHDF3,GAB1,GABBR1,CLIC4,SAMHD1,KBTBD2,KANK2,TIPARP,LDLRAP1,ZBTB20,ABCA12,STEAP2,STAP1,GATA3,GCG,GCH1,KAT2A,GCNT1,LATS2,RGS17,PCOLCE2,GDF10,AMFR,GFI1,ABL2,PELP1,LAMP3,FOXP1,SNX5,GLB1,TNFRSF21,SESN1,GCLC,STK39,TOR1B,GNA15,GNAI2,GNAI3,GNAQ,GNB1,GNRHR,GOT2,GPD1,GPLD1,SLC46A3,GPR17,GPR21,ANGPT2,NKIRAS1,RUFY4,GPR35,FFAR3,GPX4,GRB10,RAPGEF1,GIT1,SETD2,NR3C1,TBK1,CD274,GSK3B,GSN,USP25,SNX10,SLC25A24,ANXA1,HADHA,HADH,HCK,HCLS1,HCRTR2,HIF1A,HK2,ACACA,ANXA11,HLA-DRB1,HNRNPD,HNRNPU,HOXA9,HRH1,HRH2,DNAJC4,HTR2B,HTR3A,HTR7,UBAC2,ICAM1,IRF8,BRINP3,ID3,STING1,IDE,IFNAR2,IFNG,IFNGR2,IGF1R,IGF2R,IGFBP7,APP,CASTOR3P,TICAM2,FAS,IL1A,IL1R1,IL1RAP,IL6R,IL7R,IL10,IL15,IL15RA,INHBA,ITGA6,IRAK2,AQP9,IRF7,ITGA2,ITGB1,ITGB2,ITPKB,ITPR1,ITPR2,JAK1,JAK3,JARID2,KCNB1,MIA3,KCNE1,SLC26A5,KCNMA1,KCNQ1,KIF5B,ARG1,KRT8,SCIMP,CCL4L1,C1QTNF12,AFF3,LDLR,LEPR,LIMS1,LMO2,RAB44,LPL,LRP1,LRP2,LRP6,LRP5,LSP1,LTA4H,LTF,CD180,LYN,MIR140,MIR143,MIR145,MIR17,MIR185,MIR195,MIR19A,MIR19B1,MIR20A,MIR200C,MIR21,MIR302A,MIR92A1,SMAD1,SMAD2,ARRB2,SMAD6,SMAD7,ASIC1,ARSB,MAN1A1,MAX,MCL1,MCM2,MEF2A,MEF2C,MEFV,MAP3K5,CIITA,ATXN3,MME,MMP2,MMP8,MNAT1,MPL,MPO,ABCC1,CARD17P,RHEX,MSR1,MTAP,MX1,MYB,MYO1C,MYO5A,ATF3,NASP,NCK1,NEDD4,NFATC1,NFIL3,NFKB1,NGFR,NNMT,NOS3,CNOT2,NOTCH1,NPC1,NR4A2,ATP2B4,TIFAB,OPRM1,OSM,P2RX1,P2RX3,P2RX4,P2RX7,P2RY6,P4HB,RRM2B,IL21R,PAK2,PALM,REG3A,PRKN,PAX2,ZBTB7B,PCK2,SIDT2,LEF1,PCSK1,MBTPS2,UBR5,PDE2A,PDE3B,PDE4B,VPS54,PDGFB,ACKR4,CYRIB,PDK4,NUB1,PDPK1,CAB39,INPP5K,TM7SF3,PFKFB1,PFKFB2,PFKP,PHB1,PIK3CG,PIK3R1,PIP4K2A,PKLR,PKM,BCL11A,PLCG2,PLEC,PLP2,PML,ACP5,TLR9,GPR173,GNG2,SSH1,XRN1,POR,TOLLIP,RBM47,PPARA,PPARD,CRLS1,PPARG,PPBP,LEPROT,TET2,BCAS3,BSPRY,WBP1L,PARP16,TESC,PID1,PHIP,TMEM38B,TMEM33,PPP2R1A,APPL2,UBE2W,RNF121,PPP3CA,RNLS,SHFL,PRCP,NAGK,ZDHHC7,PRKAA2,RAB20,PRKACA,NPLOC4,DENND4C,PRKAR1A,UGGT2,INAVA,PRKCA,PRKCB,TRERF1,PRKCE,PRKCI,LMO3,MYNN,PRKCZ,PRKDC,ERBIN,MAPK1,MAPK8,MAPK13,PDGFC,MAP2K5,DNAJC3,TEX14,PRLR,RETN,SPHK2,SPPL2B,PMEPA1,PDXP,PLSCR3,AGTRAP,MAN1C1,PELI1,ZMIZ1,PTGER2,AICDA,RHBDD2,PTGS2,MIR520C,PTK2,GRAMD1B,ARID1B,RPTOR,PTK6,WDR35,STAMBPL1,VPS18,SH3RF1,GRAMD1A,GPAM,CPNE5,PTPN1,EPG5,PTPN11,PTPRA,PTPRC,PTPRE,PTPRJ,PTPRN2,CXCL16,PXN,CACTIN,RRAGD,LY6G6D,RAD23B,RAF1,RALB,RAP1B,RAP1GDS1,RARA,RARG,RB1,HRH4,TRPV4,RXFP1,RBP4,BCL2,UPF1,BCL2L1,RFX2,RGS10,ROBO1,RORA,RORC,RPE65,RPL3,BCR,RPS3,RPS6KA2,RXRA,RYR1,RYR3,SORT1,S100A9,S100P,CELA2A,SCNN1A,CEACAM1,CCL3,CCL13,CCL18,CCL22,SELE,SELL,GOLPH3,BLM,NPFFR1,NOD2,IFIH1,MAP2K4,HERPUD2,SRSF7,ZNF106,SGK1,SGTA,CLEC7A,SMYD3,CREB3L2,ST6GAL1,YTHDC2,SIPA1,SKP2,SLC1A2,WNK1,SLC2A1,SLC2A4,SLC2A5,NADK,SLC8A1,BMP7,SLC11A1,SLC12A3,SLC34A1,SLC18A2,SLIT3,SMARCA4,SMARCC1,SMARCD1,SNCA,SOD1,SORL1,SOS1,SP100,SPI1,SRC,SRD5A2,SREBF1,SREBF2,BRAF,ZFP36L1,STAT3,STAT5B,STIM1,BSG,SYK,SYT1,ADAM17,TBXAS1,TCF7,TCF7L2,TCF12,TDO2,TMBIM6,TEK,TFPI,TGFB1,TGFBR1,TGFBR2,TGFBR3,TGM2,THBS1,TSPO,THRA,THRB,TIAM1,TIE1,TIMP2,TIMP3,TLE4,TNFAIP3,TNFRSF1A,TNFRSF1B,TOP2B,TP73,C2,TPR,TRAF1,TRAF2,TRAF3,TRAF5,TRAF6,TRPM2,TSHR,TTN,DEFA1B,CCR2,TNFRSF4,TXK,TYMS,ACOD1,UBE2L3,UCP3,UGCG,VIM,VRK2,WFS1,WNT8B,WT1,XRCC3,XRCC5,YWHAG,YWHAH,ZFP36,CA2,CACNA1A,ZNF236,LAPTM5,CACNA2D1,CACNB1,PXDN,RNF103,TUBA1A,PAX8,CACNB4,MAPKAPK3,CARD14,DERL1,BAG6,ADIPOR2,UBA5,CALM1,NR4A3,EDEM3,CDK5RAP3,NCOA4,PDGFD,CPEB4,PNPLA3,SEL1L2,CSRP3,COL18A1,ACTN4,WNT5B,ZBP1,COLEC12,CALR,SLC7A5,DCSTAMP,HM13,CAMK2D,ADAMTS12,NRIP1,CANX,CAPN3,CASP1,PLVAP,GUCD1,CCDC3,SESN2,CASP6,CASP7,ADGRV1,DTNBP1,ULK1,BCAR3,PPP1R1B,ARID5B,NLRC5,SLC25A33,STK24,RASAL1,NCK2,SYVN1,LCOR,CASQ2,CUL3,CASR,KLF11,IL1F10,DGAT2,CAT,GPT2,ADTRP,KLHL22,HAVCR2,TMTC4,MAP4K3,LRP11,CAV1,LY6D,RUNX2,SLC25A12,KLF7,PLPP1,STC2,OASL,AKR1C3,NCOA1,BECN1,MBTPS1,TNFSF10,CBS,ADAM9,FADD,TNFRSF11A,IL18RAP,IL1RL2,IL18R1,IQGAP1,NRP2,SOCS2,CFLAR,KAT2B,CPNE1,MBD2,KYNU,BTRC,USP13,UMODL1,RPS6KA4,TNFSF18,SYT8,OTULIN,CCRL2,ASH2L,USP10,USP8,LATS1,RNF185,SYNGR1,IL1RL1,MYLK3,DDX21,LARGE1,VAPB,CD6,NUMBL,MAPKAPK2,CD9,CD83,TRIP4,SLC22A6,CPNE6,NHERF1,PLAA,CD27,RECQL5,CD80,TJP2,CD86,AIM2,LY86,EIF2AK3,HOMER2,RASAL2,AKAP6,CD36,STX8,CD38,EEF1E1,H6PD,CLOCK,AKAP12,CD44,NCOR2,ABCG1,ZNF592,CTR9,CD58,LPIN2,CD68,RAPGEF2,EDEM1,ST18,HDAC9,CD81,RIPOR2,HDAC4,BCLAF1,CDA,C2CD5,TBC1D4,GFPT2,SLC23A2,NR1H4,CDH1,SLC12A6","Sputum_Mixed granulocytic"
"BP","negative regulation of leukocyte activation",201,81,4.00866389909849e-05,0.00896488696395798,"TSPAN32,BTN2A2,GPNMB,MERTK,LILRB1,LILRB4,PGLYRP2,CLNK,CNR2,IL31RA,ADORA2A,ZBTB46,RC3H1,CTLA4,CTSG,DLG1,DUSP3,FER,FGL1,FGR,TMEM131L,SCRIB,LRRC32,TNFRSF21,GRN,CD274,ANXA1,HLA-DRB1,HLX,IL10,INHBA,INPP5D,JAK3,TBC1D10C,ARG1,LAG3,LDLR,LGALS3,LYN,MIR185,MIR21,SMAD7,TARM1,PAWR,ZBTB7B,LAX1,BANK1,PRKAR1A,PAG1,CRTAM,DUSP22,PELI1,PTPRC,BCL6,BCR,CEACAM1,SAMSN1,VSIR,SFTPD,MARCHF7,LGALS9C,SPI1,SPN,TNFAIP3,CCR2,LAPTM5,NDFIP1,RASSF5,ITCH,MAD1L1,HAVCR2,CST7,RUNX1,RUNX3,CBFB,CD84,PGLYRP1,TNFSF18,SOCS6,CD80,CD86,RIPOR2","Sputum_Mixed granulocytic"
"BP","regulation of inflammatory response",422,144,4.02402072840923e-05,0.00896488696395798,"ADA,TNIP1,CELF1,DUSP10,MGLL,NLRP3,PGLYRP2,C1QTNF3,IL22RA2,ADORA2A,ADORA2B,SIRPA,MAPK14,ARMH4,CYLD,CYP19A1,AGTR1,AHR,NLRC3,ELANE,ESR1,ETS1,F12,FABP4,FANCA,DAGLB,FGR,NLRP1,SBNO2,IL17RA,ALOX5,ALOX5AP,FUT7,FYN,ABHD12,STAP1,GATA3,NUPR1,GGT1,FOXP1,STK39,GPR17,METRNL,CXCL17,FFAR3,GRN,GIT1,ANXA1,HCK,HLA-DRB1,AOAH,STING1,IFNG,APP,IL1R1,IL10,IL15,IL16,KARS1,C2CD4B,C1QTNF12,LDLR,LGALS1,LPL,LYN,MIR141,MIR145,MIR195,MIR19A,MIR19B1,MIR20A,MIR21,MIR92A1,SMAD3,MEFV,MMP8,ABCC1,NFKB1,NINJ1,NKG7,OSM,FURIN,REG3A,PDE2A,PIK3CG,PLCG1,PLCG2,ACP5,TLR9,PPARA,PPARD,PPARG,ASH1L,MAPK13,PSMA1,SLAMF8,PTGER3,PTGS2,PTPRC,RB1,TRPV4,BCL6,RORA,BCR,S100A9,CCL3,SELE,NOD2,SNCA,SOD1,SPN,SRC,STAT3,STAT5B,SYK,TEK,TGFB1,TNFAIP3,TNFAIP6,TNFRSF1A,TNFRSF1B,CCR2,ACOD1,DAGLA,ZFP36,ZP3,MCPH1,RHBDF2,NLRX1,GSDMD,AKNA,NDFIP1,FXR1,ZBP1,ADAMTS12,CASP1,TTBK1,SEMA7A,CST7,TNFRSF11A,IL1RL2,CCN4,PGLYRP1,TNFSF18,OTULIN,IL1RL1,MFHAS1,AIM2,CLOCK,CD81,NR1H4","Sputum_Mixed granulocytic"
"BP","regulation of leukocyte differentiation",320,129,4.3650602616086e-05,0.00961247738615628,"ADA,RASGRP1,CDK6,LRRC17,BTN2A2,PIAS3,KAT5,LILRB1,MALT1,SPINK5,LILRB4,LILRB3,DUSP10,NLRP3,PGLYRP2,CCR1,TMEM178A,PPARGC1B,CREB1,ZBTB46,PIK3R6,RC3H1,CTLA4,NFAM1,ZFPM1,TMEM64,FANCA,TMEM131L,FOS,MTOR,ABL1,GATA3,KAT2A,FOXP1,GLI2,ANXA1,HCLS1,HLA-DRA,HLA-DRB1,HLX,IFNG,IL7R,IL10,IL15,IL15RA,INHBA,INPP5D,IRF4,IRF7,ITPKB,JAK3,LAG3,RHOH,LTF,LYN,MIR145,MIR21,MIR17HG,SMAD7,MITF,NEDD9,NF1,NOTCH2,ZBTB7B,LEF1,PIK3R1,TLR9,SASH3,TESC,PBRM1,FBXW7,PPP3CA,AMBRA1,PRKCA,PRKCZ,PRKDC,CRTAM,SLAMF8,CTNNBIP1,ZMIZ1,ARID1B,RPTOR,SH3RF1,PTPRC,RARA,RB1,BCL6,CEACAM1,CCL3,VSIR,KLHL25,SHB,SMARCA2,SMARCA4,SMARCC1,SMARCD1,SMARCD2,SOD1,SOS1,SOX12,SPI1,BRAF,ZFP36L1,STAT5B,SYK,TCF7,TGFB1,TGFBR2,GPR137B,TNFAIP6,C1QC,TRAF6,CCR2,ZBTB16,NDFIP1,DCSTAMP,PRXL2A,CARD11,UBASH3B,RUNX1,RUNX3,CBFB,FADD,IL1RL2,VNN1,PGLYRP1,TNFSF18,CD83,CD27,CD80,CD86,TOX,TESPA1","Sputum_Mixed granulocytic"
"BP","regulation of GTPase activity",302,135,4.39930315155894e-05,0.00961247738615628,"KLRC4-KLRK1,RASGRP1,PLXNC1,NET1,CCL26,RACK1,RAPGEF3,VAV3,SEMA4D,ARFGEF1,TMED2,MAPRE2,ADAP1,RAPGEF4,TBC1D8,CHN2,ARAP1,AGAP2,AGAP1,AGAP11,FGD4,TBC1D16,TBC1D20,ECT2,EFNA5,ARHGAP27,CCDC125,C9orf72,EPHA1,EPHB3,EZH2,FGD1,RAB11FIP2,RAB3GAP1,TBC1D9B,RRP1B,SIPA1L3,TBC1D2B,RAP1GAP2,PLXND1,LRCH1,TBC1D9,SNX13,RGL1,DOCK9,SCRIB,ARHGAP45,CORO1C,RABGAP1,PLXNB2,SH3BP4,TBC1D22A,NGEF,TIAM2,RGL4,SGSM3,RAPGEF1,ABR,GSK3B,ITGA6,ITGB1,TBC1D10C,CCL4L1,RHOG,LIMS1,MIR21,MMUT,NF1,RAPGEF6,PLXNA1,PLXNA2,PLXNB1,ODAM,RALGPS2,TBC1D2,ASAP3,DOCK10,TBC1D22B,FGD6,ADAP2,ARHGAP15,RCC2,RGL3,RALGAPB,RALGAPA2,PBXIP1,PTK2,TBC1D14,SIPA1L2,PREX1,RIC1,ARHGAP22,RALGDS,RAP1GAP,RAP1GDS1,RASGRF1,RGS10,BCR,RSU1,S100A10,CCL3,CCL13,CCL18,CCL22,ARHGAP9,SIPA1,WNK1,AGAP7P,SOD1,SOS1,CDKL5,TGM2,TIAM1,GPR137B,VAV2,EVI5,PICALM,ARHGAP24,TBC1D10A,BCAR3,GARNL3,GPR65,PKP4,ARHGEF7,FGD3,CCPG1,ITGB1BP1,MAP4K4,ARHGEF10,RALGPS1,RAPGEF2,USP6NL,RIPOR2,RAPGEF5,TBC1D5,TBC1D4,ARHGAP25","Sputum_Mixed granulocytic"
"CC","vesicle membrane",1224,443,4.46958180640755e-05,0.00967302637798144,"PDCD6,ABCC5,ABCB6,DNM1L,ATP9A,LHFPL2,TNK2,ADAM10,MFSD10,STX6,AP3S2,ABCC4,ATP8A1,NDRG1,TAB1,GPNMB,UNC13B,GIPC1,IQGAP2,CEACAM3,CEACAM8,RAB10,EHD1,AP3M2,TMED2,CKAP4,TMED10,KDELR2,LILRB3,RAB31,ADAM30,CORO1A,PACSIN2,CHRM2,VPS45,TMC6,SLC46A1,EXOC3,RNF13,OSBPL9,MARCHF3,GBP5,RAB3C,AP2S1,RFFL,AP3S1,CLCN3,BORCS5,ANTXR2,CLCN6,TMEM45B,LRIG3,SLC15A4,CLTC,SPPL3,CLBA1,PLA2G4E,SNX20,WDR81,COPA,SLC31A2,CLVS2,STXBP5,VPS37A,HGSNAT,SIRPA,VTI1A,CSF3R,CTNS,ENTHD1,NFAM1,COMMD1,SLC38A9,CYB561,ABCA13,VPS13B,CLVS1,DAB2,CLEC12A,CD55,DGKQ,AP2A2,AP1B1,SLC30A8,DNM2,ECE1,EGF,EGFR,ANO6,ABCA2,SPRED2,RAB12,STOM,DIPK2A,EPS15,ABCA3,FABP5,TPCN2,FCAR,MARCHF8,FCGR1BP,FCGR3B,FCGRT,ADGRG3,ZNRF2,RAB11FIP2,FNDC3A,INPP5F,EPN2,CD93,SV2C,GGA2,KIF1B,NFASC,TAB2,NCDN,SNX13,STAB1,SEPTIN8,ATP11A,CLEC16A,DMXL2,VPS39,UBR4,PIP5K1C,TMED3,RHOQ,ATP6V0A2,TSPAN15,CORO1C,PLD3,ABCA4,CNIH2,GAA,GABRA2,SNX33,CLIC4,SEC31B,GGA1,LDLRAP1,ABCA12,STEAP2,CLEC4E,SLC17A5,MYOF,B4GALT1,VPS41,LAMP3,SNX5,SIGLEC9,BIN1,SLC9A9,SNX24,DBNL,CD274,ZDHHC1,SNX8,SNX10,DSE,SH3KBP1,ANXA1,ANXA2,HTT,ANXA4,EHD4,PIK3R4,ANXA6,HIP1,HLA-DOB,HLA-DPB1,HLA-DQA1,HLA-DQA2,HLA-DQB1,HLA-DQB2,HLA-DRA,HLA-DRB1,HLA-DRB5,RAB37,ICA1,STING1,MALRD1,IFNGR2,IGF2R,TICAM2,IL7R,IL15RA,INPP4A,INPP5B,AQP7,IRAK2,IRF7,ITGAL,ITGAM,ITGAV,ITGB1,ITGB2,ITPR1,ITPR2,TBC1D10C,KCNQ1,KIFC3,LAIR1,RHOG,LAMP1,LDLR,LGALS3,LNPEP,RAB44,SNX30,LRP1,LRP2,LRP6,LYN,ARRB1,MAP6,MME,UNC13C,TARM1,MYO1B,MSR1,MYO1C,MYO6,CEACAM6,NCF4,NCK1,NOS3,NPC1,OLR1,P2RX1,FURIN,PCDH7,VPS28,MARCHF2,ATP6V1D,ANKFY1,VTA1,ATP6V1H,RAB8B,ATP6V1B2,SERPINB6,ATP6V1C1,PIK3C3,PI4KA,PLAUR,ATP6V0B,TPCN1,PML,TLR9,YIPF1,RHOF,LEPROT,AFTPH,PXK,CMTM6,MARCHF1,EPN3,PLEKHB2,VPS37C,WIPI1,APPL2,VPS53,LAPTM4B,PI4K2A,PRCP,PIP4P2,STAB2,SLC39A4,RAB20,SLC48A1,DENND4C,SCYL2,MREG,VAC14,NECAP2,GPRC5C,RCC2,AZU1,PSAP,FMN2,SPIRE1,SPPL2B,PMEPA1,VPS35L,AGTRAP,CD177,SLC44A2,SNX14,ELAPOR1,SORCS2,ARHGAP21,VPS18,DENND1A,ZFYVE28,PTPRC,PTPRJ,PTPRN2,RAB5B,RAB27A,RAC2,RAP1B,BCL2L1,CLIP1,SORT1,CEACAM1,SLC17A9,KIF13A,SELL,RBSN,RAB17,MMP25,SH3GL1,VPS33A,SLC2A4,SLC2A5,SLC6A9,SLC9A3,SLC11A1,SLC18A2,SNCA,SNX1,SNX2,SNTB2,SORL1,SPARC,SREBF1,SREBF2,STK10,BSG,SURF4,VAMP1,SYN2,SYPL1,SYT1,TGFA,TNFRSF1B,TRAF2,TRAF6,C3AR1,TRPM2,TSG101,TYRP1,UBE2D3,WFS1,DAGLA,LDLRAD4,RAB7A,VPS37B,MCTP1,LPCAT1,ATP8B4,DOK3,WLS,BAIAP2L2,RAB11FIP1,PHAF1,STAM,FER1L4,DNAJC5,NDFIP1,WNT5B,COLEC12,CALR,DCSTAMP,SNX27,CAMK2D,CAMK2G,SBF2,CLTCL1,SYN3,DYSF,APH1B,TEX101,ITCH,ATAD3B,STARD3NL,SLC4A11,NCALD,DTNBP1,MYCBPAP,ANKRD27,EEA1,STX7,SLA2,SGIP1,VPS25,HVCN1,NCK2,RAB11FIP4,SPIRE2,ZNRF1,KCNAB2,ABCC11,MICALL1,STON2,DEGS1,CAV1,SCARF1,CADPS,HSD17B6,BECN1,MARCO,SIGLEC5,IQGAP1,VNN1,MTMR2,CPNE1,AP1M1,MVB12B,STBD1,ATP6V0E1,SYT8,SNX21,PIP4P1,USP8,CD1D,SLC39A13,SYNGR1,VAPA,CD9,MS4A3,CD163,TM9SF2,OTOF,ORMDL3,PICK1,SH3BP5,ATG5,CD36,SLC4A8,SCARB2,RPH3AL,TMEM59,CD44,SEC24C,CD58,CD59,CD68,CLINT1,TMEM63A,RAB11FIP3,LAPTM4A,ARHGAP32,PHACTR2,ADGRE5,TBC1D5,RNF144A,PLEKHM1,C2CD5,FIG4,SEC16A,DOP1B","Sputum_Mixed granulocytic"
"CC","vesicle lumen",324,118,4.56441313635796e-05,0.00978506831232059,"A1BG,ADA,VAT1,ATG7,OLFM4,HPSE,CHIT1,PADI2,LRG1,CLU,OSCAR,MAPK14,CSNK2B,CTSG,CTSH,CTSW,CTSZ,DEFA1,DEFA3,DEFA4,DEFA5,DNASE1L1,DYNC1H1,AGL,DOCK2,EEF2,EGF,EGFR,ELANE,SERPINB1,A2M,UNC13D,ALAD,ALB,FABP5,FGR,CYFIP1,FAF2,COTL1,ARHGAP45,HEBP2,ALOX5,QPCT,GCA,ARMC8,GALNS,GCG,GDI2,AMPD3,GLB1,GM2A,GNS,GRN,DBNL,GSN,OLA1,GYG1,ANXA2,HEXB,APP,NHLRC2,ARG1,HRNR,LCN2,LGALS3BP,LTF,ARSB,MMP8,MPO,NFKB1,DERA,SCCPDH,PCSK1,PLAC8,TEX264,BIN2,PDGFA,PDGFB,CYRIB,CAB39,SERPINA1,SERPINA4,PKM,TOLLIP,PPBP,CTSA,PGM2,CPPED1,CAND1,MAPK1,DNAJC3,AZU1,RETN,PSMB7,PSMD1,PSMD3,QSOX1,PYGL,RAB27A,S100A9,S100A11,S100P,ARHGAP9,SPARC,TGFB1,THBS1,TIMP2,TIMP3,SERPING1,DEFA1B,VCL,VWF,XRCC5,GSDMD,CEP290,ACTN4,FERMT3,CRISPLD2,CAT,CRACR2A,RNASET2,ACTN1,PGLYRP1,CDA,MVP","Sputum_Mixed granulocytic"
"BP","regulation of response to stress",1484,492,4.96478499136584e-05,0.0105070882793434,"ADA,BCL2L11,DNAJB6,KLRC4-KLRK1,TSPAN32,HIPK3,RASGRP1,CD96,ADAR,TNIP1,MICU1,NOD1,RACK1,ZNHIT1,TADA3,TRIM38,KAT5,AGR2,ARFGEF1,POLR3C,CELF1,TRAF3IP2,ZMYND11,HPSE,LILRB1,TMED2,COPS5,SPINK5,IRAK3,DUSP10,PDCD10,RNF13,MGLL,NLRP3,CHUK,PGLYRP2,SLAMF6,C1QTNF3,GBP5,IL22RA2,CLNK,TADA1,CLU,SLC15A4,ADORA2A,NCOA7,ADORA2B,CPB2,NACC2,ATF6B,CRHBP,NEK7,SIRPA,PARP1,MAPK14,SESN3,ARMH4,PIK3R6,CLDN19,SHLD1,PPP4R2,CYLD,CYP19A1,DHFR,DLG1,DNMT3A,DUSP3,AGTR1,DYRK1A,EGFR,AHR,ANO6,NLRC3,EIF4G1,ELANE,A2M,SPRED2,ENO1,AKT1,ERCC4,ERCC6,ERN1,ESR1,ETS1,MECOM,EYA1,EYA2,EYA3,F12,FABP4,FANCA,PTK2B,DAGLB,MTURN,FECH,FGR,RAB11FIP2,NLRP1,INPP5F,ZNF365,CARD8,SBNO2,ATF6,NT5C2,MAPKBP1,TNIK,FOXO1,GRAMD4,MAPK8IP3,RFTN1,KANK1,FAM168A,MLC1,DTX4,PLCB1,PHLPP1,SASH1,CLASP1,SMCHD1,PUM2,SF3B3,SPIDR,DDAH1,IL17RA,ALOX5,ALOX5AP,MTOR,ABL1,FUT7,FUT8,FYN,YTHDF3,SAMHD1,ZNF385A,ANKRD17,ABHD12,EPC2,TRAF3IP1,STAP1,GATA3,CLEC4E,GCH1,NUPR1,KAT2A,AMFR,GFI1,GGT1,FOXP1,SESN1,BMP10,STK39,GPR17,METRNL,CXCL17,FFAR3,GRN,GIT1,GRIK2,HIPK2,SETD2,TBK1,GRPR,GSK3B,USP25,ZDHHC1,MDFIC,ANXA1,ANXA2,HCK,HIC1,HLA-DRB1,AOAH,HNRNPK,STING1,SH3RF3,IFNG,IGF1R,APP,TICAM2,FAS,IL1A,IL1R1,IL10,IL15,IL16,IRAK2,IRF4,IRF7,ITGB1,KARS1,ARG1,C2CD4B,SCIMP,C1QTNF12,LAG3,LAMP1,LDLR,LETM1,LGALS1,LMNA,LPL,LTF,LYN,MIR140,MIR141,MIR145,MIR17,MIR195,MIR19A,MIR19B1,MIR20A,MIR21,MIR214,MIR92A1,SMAD3,ARRB2,MEF2C,MEFV,MAP3K5,MGMT,MID1,ATXN3,MMP8,ABCC1,EIF2AK4,MYLK,NCK1,NEO1,NFKB1,NINJ1,NKG7,NOS3,NPPA,ATP2B4,TIFAB,OPA1,OPRM1,OSM,FURIN,MINK1,PRDX1,SERPINB2,PAK2,PNPLA8,REG3A,PRKN,ZBTB7B,CHCHD2,HERC5,TAOK3,MBTPS2,PDE2A,PDGFA,PDGFB,PDPK1,UIMC1,ERAP1,MAP3K20,PHB1,PIK3CB,PIK3CG,PIK3R1,PLAT,PLAUR,PLCG1,PLCG2,PML,ACP5,TLR9,RNF216,RBM47,SHLD2,INO80,PPARA,PPARD,PPARG,USP47,PPP1R10,TMEM33,PBRM1,APPL2,PSPC1,FBXW7,PPP3CA,LGR4,NAGK,SUPT20H,DDX60,LYAR,NPLOC4,SLF2,PRKAR1B,INAVA,PRKCE,ASH1L,PRKDC,ERBIN,MAPK1,MAPK8,MAPK13,MAP2K1,MAP2K2,CRTAM,FMN2,PSMA1,SLAMF8,SPIRE1,DUSP22,SMYD2,RGMA,RTN4,PELI1,ZNFX1,PPP4R3B,PTEN,PTGER3,PTGS2,PTK2,ARID1B,WDFY1,SH3RF1,EP400,PTPN1,EPG5,MARK4,PTPN11,PTPRC,NECTIN2,CACTIN,MAP4K2,RAD52,RB1,TRPV4,BCL2,BCL2L1,BCL6,BCL7A,RORA,BCR,RPS3,RREB1,S100A9,ATXN7,CEACAM1,CCL3,BID,SEC14L1,SELE,NOD2,IFIH1,MAP2K4,SGTA,CLEC7A,MEAF6,ILRUN,MARCHF7,BMP7,SMARCA2,SMARCA4,SMARCC1,SMARCD1,SMARCD2,SNCA,SOD1,SPI1,SPN,SRC,BRAF,STAT3,STAT5B,STK3,SYK,TAF6,TAF10,TMBIM6,TEK,TERF2,TFPI,TGFB1,THBS1,SERPING1,TLR5,TNFAIP3,TNFAIP6,TNFRSF1A,TNFRSF1B,TOP2B,TPD52L1,TPT1,TRAF2,TRAF3,TRAF6,DNAJC7,CCR2,TXK,ACOD1,UBE2V1,VDAC1,WFS1,NSD2,DAGLA,XRCC5,YWHAZ,ZFP36,PTTG1IP,RELL1,ZP3,MAPKAPK3,OTUB2,CYREN,MAPKAP1,BAG6,RNASEH2B,MCPH1,RHBDF2,NLRX1,MCTP1,GSDMD,MMRN2,ACTR5,ATAT1,CCDC92,ALPK1,EPC1,AKNA,NDFIP1,DUSP16,FXR1,ZBP1,COLEC12,DPF3,TRIM11,CLPB,ADAMTS12,TRRAP,KLRC4,AXIN1,CASP1,SESN2,ITCH,CASP6,KREMEN1,NLRC5,ZDHHC18,SLF1,STK24,RNF135,NCK2,SYVN1,SPIRE2,TTBK1,SUPT3H,SEMA7A,ADTRP,HAVCR2,AIFM2,ZNRF1,UBASH3B,PARG,CST7,CAV1,CASK,SCARF1,OASL,FADD,TNFRSF11A,IL18RAP,IL1RL2,CCN4,HDAC3,KAT2B,USP13,TRIM15,PGLYRP1,TNFSF18,PHLDB2,OTULIN,CD1D,RNF185,RSAD2,IL1RL1,MFHAS1,MAPKAPK2,BPIFB1,HELB,CD9,TADA2B,CD27,RECQL5,AIM2,MAP4K4,EIF2AK3,ATG5,CD36,EEF1E1,MACROH2A1,CLOCK,BABAM2,CD44,MORF4L2,TTI1,N4BP1,PUM1,CD81,MATR3,RB1CC1,PJA2,USP15,NR1H4","Sputum_Mixed granulocytic"
"BP","innate immune response",945,290,4.99368744133552e-05,0.0105070882793434,"TANK,KLRC4-KLRK1,TRIM10,IFNL4,RASGRP1,TRIM13,CD96,ADAR,TNIP1,CCL26,NOD1,ADARB1,WFDC2,TRIM38,KAT5,IPO7,POLR3C,LILRB1,ARID5A,USP20,MALT1,CORO1A,IRAK3,DUSP10,VPS26B,LYST,NLRP3,CHUK,PGLYRP2,SLAMF6,GBP5,RNF166,CLNK,CLU,TMEM45B,SLC15A4,RNF19B,NEK7,SIRPA,PARP1,CSF1R,PIK3R6,CX3CR1,CYLD,CD55,DAPK1,DHX15,DEFA1,DEFA3,DEFA4,DEFA5,DEFB4A,SLC30A8,DHX36,NLRC3,A2M,UNC13D,TRIML2,AKT1,ESR1,F12,FGR,RAB11FIP2,NLRP1,CARD8,ENDOD1,TRIM35,GRAMD4,FLNB,RFTN1,DTX4,PUM2,PADI4,CDC42EP4,IL17RA,FYN,YTHDF3,SERINC5,SAMHD1,ANKRD17,GATA3,CLEC4E,GCH1,GFI1,CRCP,GRN,SETD2,TBK1,GSN,ZDHHC1,ANXA1,HCK,HK1,IRF8,STING1,IFNAR2,IFNG,IFNGR2,TICAM2,IL1RAP,IRAK2,IRF4,IRF7,ITGAM,JAK1,JAK3,TRIM23,KIF5B,ARG1,SCIMP,CCL4L1,LAG3,LAMP1,LCK,LCN2,LGALS3,PLPP6,DEFB133,LTF,CD180,LYN,MIRLET7B,MIR140,MIR17,MIR19A,MIR20A,MIR21,ARRB2,MEFV,MAP3K5,CIITA,TARM1,MX1,MYO1C,NCF2,NCK1,NEDD4,NFKB1,NINJ1,NKG7,PRDX1,PAK2,HERC5,MARCHF2,BPIFA1,NUB1,PDPK1,CD244,ERAP1,PHB1,PIK3CG,PIK3R1,PLCG2,PML,TRIM34,TLR9,TREM1,TOLLIP,RBM47,PPARG,DUS2,TMEM33,APPL2,PSPC1,UBE2W,SHFL,LGR4,NAGK,DDX60,LYAR,RAB20,NPLOC4,POLR3E,INAVA,PRKCE,PRKDC,ERBIN,MAPK8,CRTAM,SLAMF8,WRNIP1,SPIRE1,CD177,RTN4,PELI1,ZNFX1,PTK6,WDFY1,PTPN1,EPG5,MARK4,PTPN11,NECTIN2,CXCL16,CACTIN,MAP4K2,RAB27A,RAF1,TRIM27,S100A9,CFB,CEACAM1,CCL3,CCL13,CCL18,CCL22,SEC14L1,NOD2,IFIH1,SFTPD,CLEC7A,ILRUN,SKP2,SLC11A1,CHID1,SNCA,SP100,SPI1,SRC,SRPK1,STAT5B,SYK,TGFB1,SERPING1,TLR5,TNFAIP3,C1QB,C1QC,C1S,C2,TRAF2,TRAF3,TRAF6,DEFA1B,TXK,ACOD1,UBA7,VIM,XRCC5,YWHAZ,TRIM26,MAPKAPK3,TMEM43,CYBC1,NLRX1,GSDMD,ATAT1,CALM1,CCDC92,ALPK1,ZBP1,COLEC12,TRIM11,CLPB,AKAP1,KLRC4,CASP1,ITCH,CASP6,NLRC5,ZDHHC18,RNF135,HAVCR2,ZNRF1,APOL1,CAV1,RNASET2,OASL,MARCO,FADD,IL18RAP,IL1RL2,CD84,VNN1,TRIM4,KYNU,TRIM15,PGLYRP1,OTULIN,PSTPIP1,CD1D,RNF185,RSAD2,DDX21,CD6,UBE2L6,MFHAS1,MAPKAPK2,BPIFB1,NEURL3,AIM2,LY86,ATG5,CD36,STX8,APOBEC3B,CD58,N4BP1,PUM1,HDAC4,MATR3,PJA2,USP15,NR1H4","Sputum_Mixed granulocytic"
"BP","cellular catabolic process",1584,519,5.07747188716863e-05,0.0105764381963549,"ADA,ACOT8,DNM1L,DNM3OS,AASS,TRIM13,NOD1,CPQ,TRIM38,SLC25A17,KAT5,ATG7,MTHFS,IGF2BP2,CELF1,TRAF3IP2,HBS1L,HPSE,USP20,FASTK,PNRC1,KCNQ1OT1,ILVBL,TLK2,TENT4A,ABHD2,DEPP1,HIBADH,LSM6,NUDT3,PKP3,HOGA1,VPS26B,SLCO2B1,ACOT7,MGLL,CIDEA,CIRBP,RNF166,CLU,TPP1,CLTC,PLA2G4E,ZC3H18,ABCC2,WDR81,DRAM2,DIS3L2,COMT,UROC1,CPT1A,VPS37A,CPT1B,PXDNL,HGSNAT,CARNMT1,ABHD16B,STK35,VTI1A,MAPK14,SESN3,ABHD12B,ADRA1A,RC3H1,CTSH,UPP2,SH3D19,CYP1B1,DAP,DAPK1,DAZL,DEDD2,ECI1,DCN,UBXN2A,DFFB,DHX36,DLST,DNASE1L1,DXO,ABAT,DPYS,DUT,ECE1,AGO4,EHHADH,ACSF3,EIF4G1,ABCA2,MARK2,RAB12,CTTN,C9orf72,AKT1,ERCC4,AKT2,ERN1,ETFA,ETFDH,ACSL1,FAH,CCNY,TPCN2,FOXK1,DAGLB,MAPK15,FHIT,INPP5F,ZHX2,ATF6,RAB3GAP1,NT5C2,WDFY3,STK38L,CNOT1,SAMD4A,FOXO1,TNRC6B,TAB2,LPIN1,LARP4B,ZC3H4,PLCB1,PACS2,EXOC7,CLEC16A,SMG6,TUT4,VPS39,LARP1,PUM2,MLYCD,QPRT,ZFYVE26,NNT,ATP6V0A2,DDAH2,DDAH1,AMACR,DAPK2,PLA2G15,SH3BP4,ATP6V1C2,CNOT6L,MTOR,ABL1,YTHDF3,GAA,PAN3,SNX33,LSM4,GALC,PRDX5,SAMHD1,PNKD,UPF2,ABHD12,WIPI2,ZBTB20,KLHL3,HIBCH,NUPR1,AGO1,ABL2,ACAD8,SND1,VPS41,LAMP3,PDE7B,SNX5,AGO2,AMPD3,GLB1,SESN1,TNRC6A,GM2A,GNAI3,GNS,GOT2,GPD1,GPLD1,PLA2G4D,NUDT7,GDPD1,RUFY4,DCPS,SETD2,TBK1,GRSF1,GSK3B,GSTM1,GSTM4,GSTZ1,ANXA2,HADHA,HADH,HAL,HTT,HDC,HEXA,HEXB,PIK3R4,HIF1A,HK2,HMGCL,HNMT,HNRNPAB,HNRNPD,HNRNPU,HPD,IRF8,ACADM,STING1,IDE,IFNG,APP,IL10,FOXK2,IREB2,ITPR1,TRIM23,ARG1,MTCL3,LDLR,LEPR,LGALS8,LIPC,LNPEP,SNX30,LPL,LPO,PLPP6,LRP1,LTA4H,MIRLET7B,MIR140,MIR145,MIR18A,MIR185,MIR192,MIR195,MIR20A,MIR21,MIR214,MIR302A,ARSB,MCL1,MEFV,MME,ALDH6A1,MPO,ABCC1,MAP1LC3C,MIR302C,ASPA,NUDT1,MTRR,NCBP1,NEDD4,NOS3,CNOT2,NPC1,ATP2A2,NRDC,NTHL1,ATP2B4,OAT,OXCT1,P2RX7,FURIN,PRDX1,PNPLA8,PRKN,PARN,PCCA,ACOX1,AMDHD2,PCK2,DERA,CRYL1,SIDT2,TRNT1,SH3GLB1,MRTO4,VPS28,PIPOX,WAC,TEX264,PDE2A,ATP6V1D,AIG1,TRAPPC4,PDE4A,PDE4B,PDE4D,PDE7A,PDE9A,VTA1,SCLY,VPS54,NBAS,ATP6V1H,UPB1,ERAP1,PEX7,ATP6V1B2,PHKG2,ATP6V1C1,PIK3C2B,PIK3C3,PIK3CB,PIK3CG,PIP4K2A,PLA2G4A,ATP6V0B,PLCG1,PLCG2,TPCN1,TRIM34,EXOSC10,TLR9,PON3,RETREG1,XRN1,TOLLIP,RBM47,PPARA,PPARD,CROT,CTSA,TET2,BCAS3,TENT5C,FNBP1L,NSUN2,RNF43,AUH,VPS37C,NRDE2,WIPI1,ATG2B,VPS13D,THNSL2,ACOXL,FBXW7,DRAM1,PPT1,ENOSF1,NAGK,SUPT20H,ZCCHC8,TENT5A,AMBRA1,PRKAA2,PRKACA,PRKCA,DCP1A,MAPK8,SMG9,WDR45B,PSAP,MCCC1,RGMA,PDXP,PNPLA2,SMURF1,SNX14,AICDA,MIR497,MIR520C,CNOT6,RPTOR,TBC1D14,ELAPOR1,USP36,VPS18,GRAMD1A,RNF213,QSOX1,TNRC6C,PTPN1,WDFY4,EPG5,GBA3,PTPN3,LSM2,PEX2,PEX5,TP53INP2,DNASE2B,RRAGD,RALB,BCKDHA,BCL2,UPF1,TRIM27,RHEB,EXOC4,S100A9,SCP2,NOD2,ERAP2,BLVRA,ILRUN,DEPTOR,VPS33A,UPF3A,WNK1,SLC11A1,MTMR9,SNCA,SORL1,SRC,SREBF1,SREBF2,ZFP36L1,STAT3,STK3,TAFAZZIN,TDG,TDO2,TMBIM6,TGFB1,TSPO,TIMP2,TIMP3,GPR137B,TNFRSF1B,TPO,TRAF2,TRAF5,TRAF6,TSG101,UPP1,UVRAG,VDAC1,VIM,DAGLA,XPNPEP1,ZFP36,LAPTM5,CSDE1,PXDN,RAB7A,SECISBP2,METTL16,FTO,FYCO1,RNASEH2B,TUT7,VPS37B,UBA5,PLBD1,PRR5L,CALM1,EDC3,RUBCNL,STAM,ZKSCAN3,PNPLA3,ACAD10,FXR1,NPL,CALR,SLC7A5,VMP1,SBF2,CAPN1,COLQ,ACOX2,SESN2,ATG10,ITCH,BCO2,ULK1,ACAD11,ZNRF3,KAT8,ZCCHC7,VPS25,CAT,GPT2,ADTRP,KLHL22,MFSD2A,DDO,HSD17B6,RNASET2,AKR1C3,ALDH4A1,SLC4A4,BECN1,CBS,ADAM9,PABPC4,SUCLG2,CD84,KAT2B,NR1I2,VNN1,MTMR3,MTMR2,HERC1,KYNU,USP13,ATG16L2,STBD1,SLC25A21,ATP6V0E1,ANGEL2,USP10,SLC16A3,RNF185,MAPKAPK2,PLAA,ORMDL3,GSTO1,ATG5,CD36,SPTLC2,TMEM59,EI24,GTPBP1,APOBEC3B,GDA,FEZ2,SKIC3,LPIN2,DEPDC5,PUM1,ATG13,TBC1D5,CDA,CTIF,RB1CC1,PLEKHM1,LRBA,SEC16A,EXOG,XYLB,THRAP3","Sputum_Mixed granulocytic"
"BP","response to external stimulus",2709,840,5.11973332863512e-05,0.0105764381963549,"ADA,TANK,KLRC4-KLRK1,MICOS10-NBL1,DNM1L,ABCC9,TSPAN32,TRIM10,IFNL4,RASGRP1,ADAM10,TRIM13,CDK6,CD96,ADAR,CDKN2B,TNIP1,CCL26,NOD1,ADARB1,CDS1,WFDC2,VAV3,GPNMB,TRIM38,SEMA6B,SEMA4D,SEMA4B,SEMA3C,DDX17,KAT5,IPO7,CEBPE,ATG7,GNLY,POLR3C,IVNS1ABP,CELF1,CXCR6,MAP3K2,TRAF3IP2,ZMYND11,CCR9,HPSE,LILRB1,ARID5A,USP20,MALT1,MMP24,SPINK5,LIAS,RIPK3,HNRNPUL1,PLAAT3,CORO1A,CHIT1,IRAK3,DUSP10,PADI2,CMTM7,SCN11A,CHRM2,VPS26B,LYST,MGLL,CMTM1,NLRP3,CHUK,PGLYRP2,PKD1L2,SLAMF6,C1QTNF3,OMA1,GBP5,RNF166,IL22RA2,CLNK,LRG1,TMC1,CLCN6,CLU,TMEM45B,SLC15A4,RNASE11,CCR1,SLC24A4,CCR4,CMKLR1,CNR2,RNF19B,COMT,OCIAD2,IL31RA,ADORA2A,ADORA2B,CPB2,CPT1A,NEK7,MACROD2,CRY2,SIRPA,DCANP1,PARP1,MAPK14,CSF1R,SESN3,CSF3R,ARMH4,CMTM2,PIK3R6,ADRA1A,CLDN19,CTSG,CCDC80,CX3CR1,CXADR,CYLD,CYP1B1,BMT2,CYP19A1,CD55,DAP,TMEM229B,DAPK1,DHX15,DEFA1,DEFA3,DEFA4,DEFA5,DEFB4A,PKD1L1,SLC30A8,DHX36,DIO2,DMD,AGL,DNMT3A,DOCK2,DPP4,DSCAM,DUSP3,AGTR1,GPR183,ABCA1,LPAR1,EFNA5,EFNB2,AHR,EIF2S1,ANO6,NLRC3,EIF4G1,ELANE,A2M,UNC13D,ENO1,ENSA,TRIML2,AKT1,ERCC6,ESR1,ALAD,ETS1,ALB,EXT1,F12,FABP4,FANCA,ACSL1,PTK2B,TPCN2,FOXK1,DAGLB,LHFPL5,SEMA3D,FECH,FER,FGF7,FGFR2,FGR,RAB11FIP2,PPM1E,CHSY1,NLRP1,INPP5F,FKBP5,CARD8,SBNO2,HABP4,NT5C2,MAPKBP1,ENDOD1,SWAP70,RRP1B,MYCBP2,FOXO1,TRIM35,TAB2,GRAMD4,STAB1,FLNB,RFTN1,FLT1,DTX4,PHLPP1,CLEC16A,SASH1,CLASP1,SZT2,SUN1,LARP1,PUM2,PIP5K1C,COTL1,SIRT5,FOLR2,SCRIB,FOS,NNT,PADI4,CDC42EP4,FPR3,OPN3,DAPK2,IL17RA,ALK,ABCA4,ALOX5,ALOX5AP,MTOR,ALPL,ABL1,FUT7,FYN,YTHDF3,LYG2,NAALADL2,GAB1,SERINC5,SAMHD1,KANK2,CNTNAP2,ANKRD17,ABHD12,WIPI2,TRAF3IP1,STAP1,GATA3,CLEC4E,FBXO22,GCH1,NUPR1,KAT2A,SLC17A5,GFI1,GGT1,VPS41,FOXP1,C5AR2,SESN1,GCLC,CRCP,TNRC6A,STK39,GNAI2,GNAQ,GPM6A,CCDC88B,SLC39A5,GPR17,GSDMA,METRNL,CXCL17,ANGPT2,SLC9A9,CCDC66,FFAR3,GRK4,GRID2,GRN,GIT1,GRIK2,SETD2,ARHGAP35,TBK1,SAP30BP,CD274,GRPR,GSN,ZDHHC1,ANXA1,ANXA2,HCK,HTT,NRG1,PIK3R4,HIF1A,HK1,HLA-DRB1,AOAH,RNASE10,IRF8,ACADM,STING1,IFNAR2,IFNG,IFNGR2,EYS,TUBB2B,IGF1R,APP,RBPJ,TICAM2,FAS,IL1A,IL1R1,IL1RAP,IL6R,IL7R,IL10,IL15,IL15RA,IL16,FOXK2,IRAK2,IRF2,IRF4,IRF7,ITGA1,ITGA2,ITGA9,ITGAM,ITGAV,ITGB2,JAK1,JAK3,TRIM23,KARS1,KCNB1,SLC26A5,KCNQ1,KIF5B,ARG1,KRT8,C2CD4B,SCIMP,CCL4L1,C1QTNF12,GFRAL,LAG3,RHOG,LAMP1,LCK,LCN2,LDLR,LGALS1,LGALS3,LGALS8,ASIC2,LPL,LPO,PLPP6,DEFB133,LSP1,LTF,CD180,LYN,MIRLET7B,MIR140,MIR141,MIR145,MIR17,MIR195,MIR19A,MIR19B1,MIR20A,MIR21,MIR302A,MIR92A1,SMAD3,ARRB2,SMAD6,ARSB,MAX,MEF2C,MEFV,MAP3K1,MAP3K5,CIITA,ATXN3,MMP2,MMP8,MPO,ABCC1,CARD17P,EIF2AK4,MAP1LC3C,MIAT,TARM1,NUDT1,MX1,MYO1C,ATF3,NBL1,NCBP1,NCF2,NCK1,NEDD4,NEDD9,NEO1,NEUROG1,NFIB,NFKB1,NGFR,NINJ1,NKG7,NOS3,NOTCH1,NOTCH2,NPPA,NR4A2,RNASE12,TIFAB,OSM,P2RX3,P2RX4,P2RX7,FURIN,NOX3,PRDX1,SERPINB2,PAK2,REG3A,PRKN,PAX2,PCK2,SH3GLB1,LEF1,HERC5,PCSK1,MARCHF2,BPIFA1,PLAC8,PDE2A,BIN2,PDE4B,PRKAG2,PDGFA,PDGFB,ACKR4,CYRIB,PDK4,NUB1,PDPK1,CD244,ERAP1,PFKFB1,PHB1,PIK3C2B,PIK3C2G,PIK3C3,PIK3CB,PIK3CG,PIK3R1,PKLR,PLAT,PLAUR,PLCG1,PLCG2,PLEC,PLP2,PML,TRIM34,ACP5,TLR9,TREM1,MIOS,TOLLIP,RNF216,RBM47,PPARA,PPARD,PPARG,PPBP,BCAS3,DUS2,PPP1CA,BANK1,WIPI1,CEP192,TMEM33,APPL2,PSPC1,UBE2W,SHFL,IMPACT,LGR4,PRB3,STAB2,NAGK,ITLN1,DDX60,TENT5A,PRR5,AMBRA1,PRKAA2,SLC39A4,CHD7,LYAR,RAB20,NPLOC4,POLR3E,PARVA,INAVA,PRKCA,PRKCB,PRKCE,ASH1L,PRKDC,ERBIN,MAPK1,MAPK8,MAPK13,MAP2K1,MAP2K2,DNAJC3,PRL,PRLR,CRTAM,WDR45B,AZU1,RETN,PSMA1,SLAMF8,WRNIP1,SPIRE1,BMAL2,RGMA,PLSCR3,CAMK1D,CD177,RTN4,PELI1,ZNFX1,PTEN,PTGER2,PTGER3,AICDA,PTGS2,PTK2,MTUS1,RPTOR,PTK6,ELAPOR1,SEMA6A,PREX1,WDFY1,SHROOM3,RNF213,GPAM,CHD8,PTPN1,WDFY4,EPG5,MARK4,PTPN11,PTPRC,PTPRJ,PTPRO,NECTIN2,CXCL16,PEX2,PYGL,CACTIN,RRAGD,MAP4K2,RAB27A,RAC2,RAF1,RALB,ACTA2,RARA,RB1,TRPV4,LGR6,RCVRN,BCL2,UPF1,BCL2L1,TRIM27,RHEB,BCL3,BCL6,ROBO1,RORA,RPE65,BCR,RXRA,S100A4,S100A9,CFB,SAG,SCN1A,CEACAM1,CCL3,CCL13,CCL18,CCL22,PIEZO2,SEC14L1,SELE,NOD2,IFIH1,MAP2K4,SEMA4A,SFTPD,CSMD1,CLEC7A,LYPD8,ILRUN,ST6GAL1,SIPA1,SKP2,SLC1A2,TMEM135,WNK1,SLC2A1,FER1L6,SLC8A1,BMP7,SLC11A1,SLC12A3,SLC34A1,SLIT1,SLIT3,BMPR2,CHID1,SNCA,SOD1,SORL1,SP100,SPI1,SPN,SRC,SRD5A2,SREBF1,SREBF2,BRAF,SRPK1,STAT3,STAT5B,BSG,SYK,ADAM17,TEK,TFPI,TGFB1,THBS1,TSPO,TIAM1,SERPING1,TLR5,TNFAIP3,C1QB,TNFAIP6,TNFRSF1A,TNFRSF1B,C1QC,C1S,C2,TPT1,TRAF2,TRAF3,TRAF6,C3AR1,TRPM2,TTN,DEFA1B,TULP1,CCR2,TXK,TYMS,ACOD1,UBA7,UCP3,UPP1,VIM,WIPF1,DAGLA,WRN,XPC,XRCC5,YWHAG,YWHAZ,ZFP36,TRIM26,ZP3,TUBA1A,CACNB4,MAPKAPK3,RAB7A,MAPKAP1,TMEM43,CYBC1,MCPH1,RHBDF2,NLRX1,TBL1XR1,GSDMD,MMRN2,CAMKMT,RIN3,ATAT1,SLC8B1,SEMA6D,CALM1,CCDC92,ALPK1,HSD3B7,CUBN,PDGFD,CPEB4,CSRP3,AKNA,NDFIP1,FXR1,ZBP1,COLEC12,CALR,SLC7A5,TRIM11,CLPB,AKAP1,ADAMTS12,CAPN3,KLRC4,CASP1,CASP2,SESN2,ITCH,RBM4B,CASP6,KREMEN1,CASP7,ADGRV1,ANKRD27,ULK1,NLRC5,ZDHHC18,SGIP1,STK24,RNF135,HOPX,CASR,TTBK1,IL1F10,CAT,GPT2,SEMA7A,ADTRP,HAVCR2,AGBL4,MFSD2A,LRP11,ZNRF1,UBASH3B,CST7,APOL1,BHLHE40,TCAP,YARS1,CAV1,CASK,SCARF1,RUNX2,STC2,UNC5C,RNASET2,OASL,AKR1C3,NCOA1,BECN1,MARCO,GBF1,CRADD,CBS,ADAM9,FADD,TNFRSF11A,TNFRSF10B,TNFRSF10A,IL18RAP,IL1RL2,NRP2,NRP1,CD84,CCN4,KAT2B,VNN1,MTMR3,AP1M1,TRIM4,MBD2,KYNU,KLHL6,TRIM15,PGLYRP1,TNFSF18,PHLDB2,OTULIN,CCRL2,SEMA5A,PSTPIP1,MCU,MTA1,CD1D,DDX60L,RNF185,RSAD2,IL1RL1,DDX21,DCLK1,LARGE1,CD6,UBE2L6,MFHAS1,MAPKAPK2,BPIFB1,CD9,NEURL3,CACNA2D4,PLAA,NRXN1,NRXN2,NMT2,CD80,CD86,AIM2,LY86,EIF2AK3,RASAL2,PICK1,ATG5,CD36,STX8,H6PD,CLOCK,APOBEC3B,AKAP12,FNIP1,CTR9,PPM1F,CD58,CD68,DEPDC5,N4BP1,PUM1,CD81,RIPOR2,HDAC4,TBC1D5,CDA,PIEZO1,MATR3,ZEB2,PJA2,USP15,NR1H4,CDH1,CASP8AP2","Sputum_Mixed granulocytic"
"BP","regulation of response to external stimulus",1122,375,5.17182227797363e-05,0.0105877918418624,"ADA,KLRC4-KLRK1,MICOS10-NBL1,DNM1L,TSPAN32,RASGRP1,ADAM10,CD96,ADAR,TNIP1,CCL26,NOD1,TRIM38,SEMA6B,SEMA4D,SEMA4B,SEMA3C,POLR3C,CELF1,TRAF3IP2,HPSE,LILRB1,SPINK5,IRAK3,DUSP10,PADI2,MGLL,NLRP3,CHUK,PGLYRP2,SLAMF6,C1QTNF3,GBP5,IL22RA2,CLNK,SLC15A4,CCR1,CCR4,CMKLR1,ADORA2A,ADORA2B,CPB2,NEK7,SIRPA,PARP1,MAPK14,CSF1R,ARMH4,PIK3R6,CLDN19,CX3CR1,CYLD,CYP19A1,CD55,DPP4,DSCAM,DUSP3,AGTR1,GPR183,LPAR1,EFNB2,AHR,ANO6,NLRC3,ELANE,A2M,AKT1,ESR1,ETS1,F12,FABP4,FANCA,PTK2B,DAGLB,SEMA3D,FGR,RAB11FIP2,NLRP1,INPP5F,CARD8,SBNO2,NT5C2,MAPKBP1,SWAP70,MYCBP2,GRAMD4,RFTN1,DTX4,SASH1,CLASP1,PUM2,DAPK2,IL17RA,ALOX5,ALOX5AP,FUT7,FYN,YTHDF3,SAMHD1,KANK2,CNTNAP2,ANKRD17,ABHD12,TRAF3IP1,STAP1,GATA3,CLEC4E,NUPR1,GFI1,GGT1,FOXP1,C5AR2,STK39,GPR17,METRNL,CXCL17,ANGPT2,FFAR3,GRK4,GRID2,GRN,GIT1,TBK1,ZDHHC1,ANXA1,ANXA2,HCK,HLA-DRB1,AOAH,STING1,IFNG,TUBB2B,IGF1R,APP,TICAM2,IL1R1,IL6R,IL10,IL15,IL16,IRAK2,IRF4,IRF7,ITGA2,KARS1,ARG1,C2CD4B,SCIMP,C1QTNF12,LAG3,LAMP1,LDLR,LGALS1,LPL,LTF,CD180,LYN,MIR140,MIR141,MIR145,MIR17,MIR195,MIR19A,MIR19B1,MIR20A,MIR21,MIR92A1,SMAD3,ARRB2,MEFV,MMP8,ABCC1,EIF2AK4,NBL1,NEDD9,NEO1,NFKB1,NINJ1,NKG7,NOS3,NOTCH1,OSM,P2RX4,FURIN,SERPINB2,PAK2,REG3A,HERC5,PDE2A,PDGFA,PDGFB,CYRIB,PDPK1,ERAP1,PHB1,PIK3CG,PIK3R1,PLAT,PLAUR,PLCG1,PLCG2,ACP5,TLR9,RNF216,RBM47,PPARA,PPARD,PPARG,APPL2,PSPC1,LGR4,NAGK,DDX60,LYAR,NPLOC4,INAVA,PRKCA,PRKCE,ASH1L,PRKDC,ERBIN,MAPK1,MAPK8,MAPK13,MAP2K1,MAP2K2,CRTAM,AZU1,PSMA1,SLAMF8,RGMA,CAMK1D,RTN4,PELI1,ZNFX1,PTEN,PTGER3,PTGS2,PTK2,MTUS1,SEMA6A,WDFY1,CHD8,PTPN1,EPG5,MARK4,PTPN11,PTPRC,PTPRO,NECTIN2,CACTIN,RAC2,RB1,TRPV4,BCL2,BCL6,ROBO1,RORA,BCR,RXRA,S100A9,CEACAM1,CCL3,SEC14L1,SELE,NOD2,IFIH1,SEMA4A,CLEC7A,ILRUN,ST6GAL1,WNK1,SLIT1,BMPR2,SNCA,SOD1,SPI1,SPN,SRC,BRAF,STAT3,STAT5B,SYK,ADAM17,TEK,TFPI,TGFB1,THBS1,TIAM1,SERPING1,TLR5,TNFAIP3,TNFAIP6,TNFRSF1A,TNFRSF1B,TRAF3,TRAF6,C3AR1,CCR2,TXK,ACOD1,DAGLA,XRCC5,YWHAZ,ZFP36,ZP3,MAPKAPK3,MCPH1,RHBDF2,NLRX1,GSDMD,MMRN2,CAMKMT,RIN3,ATAT1,SLC8B1,SEMA6D,CCDC92,ALPK1,PDGFD,AKNA,NDFIP1,FXR1,ZBP1,COLEC12,CALR,TRIM11,CLPB,ADAMTS12,CAPN3,KLRC4,CASP1,ITCH,CASP6,KREMEN1,NLRC5,ZDHHC18,STK24,RNF135,HOPX,CASR,TTBK1,SEMA7A,ADTRP,HAVCR2,ZNRF1,UBASH3B,CST7,CAV1,CASK,SCARF1,OASL,FADD,TNFRSF11A,IL18RAP,IL1RL2,NRP1,CCN4,TRIM15,PGLYRP1,TNFSF18,PHLDB2,OTULIN,SEMA5A,MCU,CD1D,RNF185,RSAD2,IL1RL1,MFHAS1,MAPKAPK2,BPIFB1,CD9,NMT2,AIM2,LY86,ATG5,CD36,CLOCK,PPM1F,N4BP1,PUM1,CD81,RIPOR2,MATR3,PJA2,USP15,NR1H4","Sputum_Mixed granulocytic"
"BP","negative regulation of lymphocyte activation",168,69,5.27238199102758e-05,0.0106972864610813,"TSPAN32,BTN2A2,GPNMB,MERTK,LILRB1,LILRB4,PGLYRP2,CLNK,ADORA2A,RC3H1,CTLA4,CTSG,DLG1,DUSP3,FGL1,FGR,TMEM131L,SCRIB,LRRC32,TNFRSF21,CD274,ANXA1,HLA-DRB1,HLX,IL10,INHBA,INPP5D,JAK3,TBC1D10C,ARG1,LAG3,LGALS3,LYN,MIR185,MIR21,SMAD7,TARM1,PAWR,ZBTB7B,LAX1,BANK1,PRKAR1A,PAG1,CRTAM,DUSP22,PELI1,BCL6,CEACAM1,SAMSN1,VSIR,SFTPD,MARCHF7,LGALS9C,SPN,TNFAIP3,LAPTM5,NDFIP1,RASSF5,ITCH,MAD1L1,HAVCR2,RUNX1,RUNX3,CBFB,PGLYRP1,TNFSF18,SOCS6,CD80,CD86,RIPOR2","Sputum_Mixed granulocytic"
"BP","response to cytokine",940,307,5.32762462038146e-05,0.0107137116702255,"TANK,IFNL4,ADAM10,ADAR,CDKN2B,CCL26,PIAS3,CXCR6,GIPC1,TRAF3IP2,KDM5B,CCR9,LILRB1,LILRB4,PRDM5,CORO1A,IRAK3,PDCD10,PADI2,VPS26B,CHUK,C1QTNF4,GBP5,IL22RA2,RFFL,CCR1,CCR4,CMKLR1,CNTFR,COL3A1,IL17RE,IL31RA,CREB1,CRHBP,SIRPA,MAPK14,CSF1R,CSF3R,CSNK2B,CTBP2,RC3H1,COMMD7,AANAT,CTSG,CX3CR1,CYLD,CYP1B1,DAPK1,UBXN2A,SLC30A8,ABCA1,HIPK1,AKT1,ALAD,EXT1,FABP4,ACSL1,PTK2B,FASN,FER,MTF2,CARD8,SBNO2,LRCH1,FLNB,PLCB1,FOS,CDC42EP4,IL17RA,ALPL,NR5A2,ACKR1,YTHDF3,SAMHD1,LDLRAP1,STAP1,GATA3,GCH1,KAT2A,PCOLCE2,GFI1,LAMP3,FOXP1,TNFRSF21,GCLC,STK39,GPD1,GPR17,NKIRAS1,RUFY4,GPR35,SETD2,TBK1,CD274,GSK3B,GSN,SNX10,ANXA1,HCK,HCLS1,HIF1A,HK2,HNRNPU,ICAM1,IRF8,STING1,IFNAR2,IFNG,IFNGR2,APP,TICAM2,FAS,IL1A,IL1R1,IL1RAP,IL6R,IL7R,IL15,IL15RA,INHBA,IRAK2,IRF7,JAK1,JAK3,JARID2,KIF5B,ARG1,KRT8,CCL4L1,AFF3,LEPR,LIMS1,LSP1,LYN,MIR21,SMAD7,MCL1,MCM2,MEFV,MAP3K5,CIITA,MME,MMP2,MMP8,MPL,RHEX,MX1,MYO1C,NFATC1,NFIL3,NFKB1,NOTCH1,OSM,P4HB,IL21R,PRKN,PCK2,LEF1,PCSK1,PDE2A,PDGFB,ACKR4,NUB1,INPP5K,PFKP,PHB1,PLP2,PML,ACP5,TOLLIP,RBM47,PPARG,PPBP,BSPRY,WBP1L,PARP16,PID1,APPL2,SHFL,RAB20,PRKACA,PRKCA,PRKCI,MYNN,ERBIN,MAPK1,MAPK13,MAP2K5,TEX14,PRLR,SPPL2B,PTGS2,MIR520C,WDR35,PTPN1,PTPN11,PTPRC,PTPRJ,CXCL16,CACTIN,RAD23B,RAF1,RARA,RARG,BCL2,UPF1,BCL2L1,RFX2,ROBO1,RORA,RPL3,RPS3,CEACAM1,CCL3,CCL13,CCL18,CCL22,SELE,SELL,IFIH1,SRSF7,YTHDC2,WNK1,SLC2A4,SLC11A1,SLIT3,SNCA,SOS1,SP100,SPI1,SRC,ZFP36L1,STAT3,STAT5B,SYK,ADAM17,TCF7,THBS1,TIMP2,TIMP3,TLE4,TNFAIP3,TNFRSF1A,TNFRSF1B,TPR,TRAF1,TRAF2,TRAF3,TRAF5,TRAF6,CCR2,TNFRSF4,TXK,TYMS,ACOD1,UGCG,VIM,VRK2,XRCC5,ZFP36,LAPTM5,PXDN,TUBA1A,CACNB4,MAPKAPK3,CARD14,ADIPOR2,CALM1,ACTN4,ZBP1,DCSTAMP,ADAMTS12,CASP1,PLVAP,CCDC3,ULK1,ARID5B,NLRC5,IL1F10,MAP4K3,CAV1,OASL,ADAM9,FADD,TNFRSF11A,IL18RAP,IL1RL2,IL18R1,NRP2,CPNE1,KYNU,RPS6KA4,TNFSF18,OTULIN,CCRL2,USP10,RNF185,SYNGR1,IL1RL1,MYLK3,NUMBL,MAPKAPK2,AIM2,AKAP6,STX8,CD38,EEF1E1,AKAP12,CD44,CTR9,CD58,ST18,RIPOR2,HDAC4,BCLAF1,GFPT2,NR1H4","Sputum_Mixed granulocytic"
"MF","GTPase binding",312,142,5.45470127805096e-05,0.0107545289689127,"RANBP9,DNM1L,ABI2,FARP1,NUTF2,NDRG1,UNC13B,IPO7,CDC42EP3,NCKAP1,IQGAP2,EHD1,RCC1,RAPGEF4,CDC42EP1,AKAP13,FMNL2,FGD4,RINL,IQGAP3,TBC1D20,TAMALIN,DENND1B,DOCK1,DOCK2,DOCK3,ECT2,ABCA1,MEGF9,UNC13D,ENO1,C9orf72,FGD1,RHOBTB3,RAB11FIP2,RAB3GAP1,RIMS1,DAAM1,XPO7,GGA2,MYCBP2,ERC1,CYFIP1,XPO6,DENND5A,BICD2,DMXL2,DAAM2,CDC42EP4,CORO1C,RABGAP1,SH3BP4,MYRIP,PLEKHG3,GGA1,GAPVD1,GDI2,CYFIP2,SGSM3,BIN1,GNB1,GOLGA4,GIT1,IARS1,RILPL1,ARHGDIB,RHOH,AFDN,MYO1C,MYO5A,MYO9B,NCF2,NGFR,PAK2,IPO11,PLCE1,ANKFY1,PEX5L,CYRIB,RAPGEF6,YIPF1,RIN2,SYTL2,FNBP1L,DOCK10,AMBRA1,RADIL,IPO9,EXOC2,FGD6,PRKCH,RCC2,SPHK2,CDC42SE2,PLEKHG1,RPTOR,RIC1,LSM2,PEX5,RRAGD,RAP1GAP,RASA1,BICD1,RBSN,INF2,MICAL1,SOD1,SORL1,SPTBN1,CDKL5,FMNL1,EVI5,RAB7A,MAPKAP1,RIN3,DOCK5,RAB11FIP1,CYRIA,DIAPH3,PICALM,ANKRD27,ULK1,RAB11FIP4,STRIP1,MICALL1,CAV1,BECN1,IQGAP1,HPS4,FGD3,FMNL3,KIF3B,SYTL3,RPH3AL,CDC42BPB,VPS9D1,GCC2,IPO13,DEPDC5,RIMS2,USP6NL,RAB11FIP3,GIT2,RABGAP1L","Sputum_Mixed granulocytic"
"CC","secretory granule lumen",320,116,5.46013842849872e-05,0.0107545289689127,"A1BG,VAT1,ATG7,OLFM4,HPSE,CHIT1,PADI2,LRG1,CLU,OSCAR,MAPK14,CSNK2B,CTSG,CTSH,CTSW,CTSZ,DEFA1,DEFA3,DEFA4,DEFA5,DNASE1L1,DYNC1H1,AGL,DOCK2,EEF2,EGF,ELANE,SERPINB1,A2M,UNC13D,ALAD,ALB,FABP5,FGR,CYFIP1,FAF2,COTL1,ARHGAP45,HEBP2,ALOX5,QPCT,GCA,ARMC8,GALNS,GCG,GDI2,AMPD3,GLB1,GM2A,GNS,GRN,DBNL,GSN,OLA1,GYG1,ANXA2,HEXB,APP,NHLRC2,ARG1,HRNR,LCN2,LGALS3BP,LTF,ARSB,MMP8,MPO,NFKB1,DERA,SCCPDH,PCSK1,PLAC8,TEX264,BIN2,PDGFA,PDGFB,CYRIB,CAB39,SERPINA1,SERPINA4,PKM,TOLLIP,PPBP,CTSA,PGM2,CPPED1,CAND1,MAPK1,DNAJC3,AZU1,RETN,PSMB7,PSMD1,PSMD3,QSOX1,PYGL,RAB27A,S100A9,S100A11,S100P,ARHGAP9,SPARC,TGFB1,THBS1,TIMP2,TIMP3,SERPING1,DEFA1B,VCL,VWF,XRCC5,GSDMD,CEP290,ACTN4,FERMT3,CRISPLD2,CAT,CRACR2A,RNASET2,ACTN1,PGLYRP1,CDA,MVP","Sputum_Mixed granulocytic"
"CC","cytoplasmic vesicle lumen",323,117,5.48990213164001e-05,0.0107545289689127,"A1BG,ADA,VAT1,ATG7,OLFM4,HPSE,CHIT1,PADI2,LRG1,CLU,OSCAR,MAPK14,CSNK2B,CTSG,CTSH,CTSW,CTSZ,DEFA1,DEFA3,DEFA4,DEFA5,DNASE1L1,DYNC1H1,AGL,DOCK2,EEF2,EGF,ELANE,SERPINB1,A2M,UNC13D,ALAD,ALB,FABP5,FGR,CYFIP1,FAF2,COTL1,ARHGAP45,HEBP2,ALOX5,QPCT,GCA,ARMC8,GALNS,GCG,GDI2,AMPD3,GLB1,GM2A,GNS,GRN,DBNL,GSN,OLA1,GYG1,ANXA2,HEXB,APP,NHLRC2,ARG1,HRNR,LCN2,LGALS3BP,LTF,ARSB,MMP8,MPO,NFKB1,DERA,SCCPDH,PCSK1,PLAC8,TEX264,BIN2,PDGFA,PDGFB,CYRIB,CAB39,SERPINA1,SERPINA4,PKM,TOLLIP,PPBP,CTSA,PGM2,CPPED1,CAND1,MAPK1,DNAJC3,AZU1,RETN,PSMB7,PSMD1,PSMD3,QSOX1,PYGL,RAB27A,S100A9,S100A11,S100P,ARHGAP9,SPARC,TGFB1,THBS1,TIMP2,TIMP3,SERPING1,DEFA1B,VCL,VWF,XRCC5,GSDMD,CEP290,ACTN4,FERMT3,CRISPLD2,CAT,CRACR2A,RNASET2,ACTN1,PGLYRP1,CDA,MVP","Sputum_Mixed granulocytic"
"BP","leukocyte mediated immunity",389,135,5.5723622282024e-05,0.0108227657498864,"C17orf99,KLRC4-KLRK1,RASGRP1,CD96,TRAF3IP2,CPLX2,LILRB1,ARID5A,MALT1,LILRB4,RIPK3,BTN3A2,CORO1A,SCN11A,LYST,NLRP3,SLAMF6,CLNK,CLU,SLC15A4,RNF19B,ADORA2B,PIK3R6,SHLD1,CTSG,CTSH,CX3CR1,CD55,DENND1B,DHX36,AHR,ELANE,UNC13D,GAPT,FCER2,FER,FGR,SWAP70,RFTN1,FUT7,STAP1,GATA3,LAT,GNL1,HLA-DRA,HLA-DRB1,ICAM1,TICAM2,IL1R1,IL7R,IL10,INPP5D,IRF7,ITGAM,ITGB2,JAK3,KIF5B,ARG1,SCIMP,LAG3,LAMP1,LIG4,RAB44,LYN,ARRB2,SMAD7,MPL,NKG7,P2RX7,PRDX1,IL21R,CYRIB,PDPK1,PIK3CG,PLCG2,TLR9,TREM1,SASH3,SHLD2,PRKCZ,CRTAM,AZU1,SPHK2,DUSP22,C12orf4,CD177,AICDA,PTPRC,NECTIN2,RAB27A,RAC2,BCL3,BCL6,BCR,S100A13,CEACAM1,CCL3,MYO1G,NOD2,CLEC7A,SLC18A2,SPI1,SPN,STAT5B,SYK,ADAM17,TGFB1,SERPING1,C1QB,TNFRSF1B,C1QC,C1S,C2,TRAF2,TRAF6,CCR2,NSD2,ZP3,SVEP1,NR4A3,NDFIP1,KLRC4,STX7,SLA2,SANBR,HAVCR2,FADD,IL18RAP,IL18R1,CD84,SLAMF9,CD1D,RSAD2,DDX21,CD27,CD80,CD81,GAB2,WDR1","Sputum_Mixed granulocytic"
"BP","regulation of CD4-positive, alpha-beta T cell activation",77,39,6.08088667067919e-05,0.0117103448054673,"MALT1,NLRP3,RC3H1,CD55,GATA3,CD274,ANXA1,HLA-DRA,HLA-DRB1,HLX,IFNG,IRF4,JAK3,MIR21,SMAD7,TARM1,ZBTB7B,SASH3,PRKCZ,SH3RF1,RARA,BCL6,VSIR,KLHL25,SHB,LGALS9C,TGFBR2,NDFIP1,ITCH,CARD11,RUNX1,RUNX3,CBFB,TNFSF18,CD3E,CD83,CD80,CD86,CD81","Sputum_Mixed granulocytic"
"MF","enzyme activator activity",576,229,6.2325867025921e-05,0.0119016218680423,"ABI1,TANK,FAM47E,DNM1L,FAM13A,NOD1,DLC1,RACK1,VAV3,TAB1,RGS14,IQGAP2,FRS2,MALT1,MMP24,ADAP1,TBC1D8,CHN2,NLRP3,CKS2,ARAP2,ARAP1,AGAP2,AGAP1,TAGAP,AGAP11,TBC1D16,RINL,IQGAP3,TBC1D20,STXBP5,CCNYL1,CTSH,DGKQ,DAXX,DOCK1,DOCK2,DOCK3,ECT2,EFNA5,EGF,EGFR,MARK2,ARHGAP27,ERCC5,ERCC6,ACSL1,FBLN1,CCNY,RASA3,NLRP1,CARD8,RAB3GAP1,TBC1D9B,ARHGAP26,SIPA1L3,TBC1D2B,RAP1GAP2,TBC1D9,PSME4,PLCB1,ARHGAP45,RABGAP1,ALK,ALOX5AP,FYN,TBC1D22A,GAPVD1,STAP1,TIAM2,ARFGAP3,NUPR1,RGS17,PCOLCE2,GDI2,SGSM3,GM2A,GNAQ,SH3PXD2B,GIT1,RGCC,DBNL,ABR,ARHGAP35,NRG1,AGFG1,HTR2B,TRIM23,TBC1D10C,LCK,ARHGDIB,LTF,ARRB1,MMP16,MNAT1,MYO9B,PPP1R12B,NCF2,NCF4,NF1,ATP2A3,TIFAB,PAK2,ASAP1,PCOLCE,FZR1,ANGPT4,PRKAG2,PDGFB,PDPK1,CAB39,MAP3K20,PIK3R1,PLXNB1,ERRFI1,RIN2,CTSA,BCAS3,PARP16,ARHGAP17,ARHGEF10L,PLEKHG6,PPP2R5C,CWF19L1,PPP2R5E,FBXW7,TBC1D19,TBC1D2,ASAP3,TBC1D22B,PPP4R3A,DCP1A,ADAP2,PRKCE,ARHGAP15,GPRC5C,MAP2K1,MAP2K2,PSAP,WRNIP1,RALGAPB,RALGAPA2,PPP4R3B,ARHGAP31,RPTOR,SRGAP1,TBC1D14,SIPA1L2,ARHGAP20,PREX1,ARHGAP21,ADGRB3,ARHGAP22,RAP1GAP,RASA1,RCVRN,RGS3,RGS10,RGS12,RHEB,BCR,CCL3,VSIR,ARHGAP9,RGS18,SMAP2,RASAL3,SIPA1,WNK1,AGAP7P,NCF1C,PHACTR4,SOS1,SRC,STK3,STK4,TBCD,TGFA,TGFB1,TGFBR2,UBE2L3,XRCC5,EVI5,ARHGAP10,MOB3B,RABEP2,RIN3,DOCK5,CALM1,DBF4B,CAB39L,CASP1,APH1B,ARHGAP24,TBC1D10A,ANKRD27,GARNL3,RASAL1,NSMAF,SLX4,MADD,CAV1,IQGAP1,NRP1,SYNGAP1,CFLAR,ASAP2,BTRC,CCND3,STARD13,ARHGEF1,MAP3K13,MOB1B,ARHGAP18,PLAA,AIM2,ARHGEF6,RASAL2,VPS9D1,SH3PXD2A,FNIP1,DEPDC5,RAPGEF2,USP6NL,ARHGAP32,ATG13,TBC1D5,GIT2,TBC1D4,SRGAP3,RABGAP1L,ARHGAP25,CASP8AP2","Sputum_Mixed granulocytic"
"BP","type II interferon production",118,49,6.48807167748522e-05,0.0121847058511714,"KLRC4-KLRK1,RASGRP1,CD96,LILRB1,ARID5A,LILRB4,RIPK3,BTN3A2,PGLYRP2,SLAMF6,SIRPA,ZFPM1,SCRIB,ABL1,GATA3,CD274,HLA-DPB1,HLA-DRB1,IRF8,IL1R1,IL10,INHBA,PDE4B,PDE4D,CYRIB,CD244,TLR9,SASH3,CRTAM,RARA,TRIM27,BCL3,VSIR,NOD2,CLEC7A,LGALS9C,SLC11A1,CCR2,TXK,ZP3,LAPTM5,CD276,SLC7A5,HAVCR2,FADD,IL18R1,PGLYRP1,CD3E,IL1RL1,NR1H4","Sputum_Mixed granulocytic"
"BP","regulation of type II interferon production",118,49,6.48807167748522e-05,0.0121847058511714,"KLRC4-KLRK1,RASGRP1,CD96,LILRB1,ARID5A,LILRB4,RIPK3,BTN3A2,PGLYRP2,SLAMF6,SIRPA,ZFPM1,SCRIB,ABL1,GATA3,CD274,HLA-DPB1,HLA-DRB1,IRF8,IL1R1,IL10,INHBA,PDE4B,PDE4D,CYRIB,CD244,TLR9,SASH3,CRTAM,RARA,TRIM27,BCL3,VSIR,NOD2,CLEC7A,LGALS9C,SLC11A1,CCR2,TXK,ZP3,LAPTM5,CD276,SLC7A5,HAVCR2,FADD,IL18R1,PGLYRP1,CD3E,IL1RL1,NR1H4","Sputum_Mixed granulocytic"
"BP","negative regulation of leukocyte cell-cell adhesion",151,61,6.63966450695967e-05,0.0123671914964059,"TSPAN32,BTN2A2,GPNMB,LILRB1,LILRB4,ADORA2A,RC3H1,CTLA4,CTSG,DLG1,DUSP3,AKT1,FGL1,TMEM131L,SCRIB,LRRC32,TNFRSF21,CD274,ANXA1,HLA-DRB1,HLX,IL10,JAK3,MIA3,ARG1,LAG3,LGALS3,MIR141,MIR21,SMAD7,TARM1,PAWR,ZBTB7B,PPARA,LAX1,PRKAR1A,PAG1,CRTAM,DUSP22,PELI1,BCL6,CEACAM1,VSIR,SFTPD,MARCHF7,WNK1,LGALS9C,SPN,LAPTM5,NDFIP1,ITCH,MAD1L1,ADTRP,HAVCR2,RUNX1,RUNX3,CBFB,TNFSF18,SOCS6,CD80,CD86,RIPOR2","Sputum_Mixed granulocytic"
"BP","transport",4439,1438,6.69415851836543e-05,0.0123673218025476,"ADA,KCNE3,TRAPPC3L,SNAP25-AS1,PDCD6,BCL2L11,TIMM23,SLC17A4,ABCC5,ABCB6,DNM1L,ABCC9,TIMM23B,ATP9A,CERT1,SGK2,KIF20A,RASGRP1,AKAP9,CDH17,WASF2,SLC25A13,TNK2,ADAM10,CALCRL,NUTF2,PRG4,MFSD10,STX6,SLC35B1,AP3S2,KCNMB2,ABCC4,RAMP1,RAMP3,BET1,VPS26C,ABCA10,ABCA9,MICU1,ATP8A1,RACK1,RAPGEF3,ARIH2,VAV3,MERTK,COG5,SLC25A17,UNC13B,IPO7,CEBPE,ATG7,DCTN2,ANP32B,AGR2,ARFGEF1,SORBS1,RGS14,IGF2BP2,MTX2,CES1,CLDN16,CETP,SLC12A7,KIF1C,GIPC1,TRAF3IP2,NUP50,KDM5B,SLC17A3,STARD10,CPLX2,HPSE,LILRB1,USP20,RAB10,MALT1,EHD1,AP3M2,TMED2,LMAN2,YWHAQ,TMED10,COPS5,LILRB4,KDELR2,RAB31,CPSF6,WWP2,RAPGEF4,PKIG,CORO1A,SLC2A6,CHKA,ABCB8,HPS5,PDCD10,PACSIN2,SCN11A,VPS26B,LYST,SLCO2B1,CHRM3,VPS45,TMC6,SLC46A1,EXOC3,CHRNA5,PKD1L2,BTBD9,SORCS1,OSBPL1A,OSBPL5,OSBPL8,OSBPL9,OSBPL10,C1QTNF3,CIDEA,MARCHF3,GBP5,FCHO2,RAB3C,SLC22A12,SLC26A8,CLNK,AGAP2,AGAP1,THEM4,SLC16A10,AP2S1,TMC1,AP3S1,CLCN3,BORCS5,CLCN6,CLCN7,SFXN2,PDZD8,CLU,CALHM3,SLC36A4,SLC15A4,CLTC,CLBA1,CCR1,TTC8,SLC24A4,PLA2G4E,ABCC2,SNX20,SLC38A10,SLC43A2,WDR81,MIEF2,CNGA1,RINL,CNTN1,OSCP1,TBC1D20,TANGO2,ICA1L,RFTN2,UBR3,ZFAND2B,MTERF4,COMP,COPA,SLC31A2,OCIAD2,STXBP5,ADORA2A,CP,ADORA2B,CPB2,CPT1A,VPS37A,CPT1B,GPAT4,HGSNAT,CREB1,CREBL2,CRHBP,CRHR1,TMEM37,CRY2,TRPM6,SIRPA,DCANP1,VTI1A,MAPK14,LDLRAD3,CSK,HNRNPA1L2,CSNK1E,GSG1L,TOM1L2,TMC8,STARD6,ADRA1A,SLC35F3,CTBP1,CTBP2,MFSD4A,CLDN19,CTNS,ENTHD1,COMMD1,SLC38A11,CXADR,NIPAL1,SCFD2,FAM53A,SLC38A9,CNKSR3,NKAIN2,ABCA13,KCTD7,SLC2A7,GRK2,GRK3,VPS13B,FAM91A1,TTC39B,CYP19A1,DAB2,C11orf65,C12orf50,TAMALIN,DGKQ,AP2A2,SYNE3,DAPK1,AP1B1,DENND1B,CNST,DCTN1,PKD1L1,SLC30A8,KCNG3,DLG1,DLG2,DMD,DNM1,DYNC1H1,DYNC1I2,DNM2,DOCK1,DOCK2,ABAT,DPP4,DRD4,SLC26A2,AGTR1,E2F3,ECT2,ABCA1,LPAR1,EIF2D,EFNA5,EFNB2,EGF,PLPP4,ANO6,METTL21C,EIF4E,ELANE,TTC21A,TMEM201,ABCA2,CFAP221,SLC51A,GABRR3,TVP23C,ARHGAP27,SLC39A11,UNC13D,SPNS3,RAB12,CTTN,ENSA,TSNARE1,C9orf72,EPB41,STOM,STX2,EPS15,SLC36A1,AKT1,AKT2,ABCA3,ALB,EXT1,EXT2,EYA2,F2RL2,FABP4,FABP5,ACSL1,PTK2B,SLC37A2,TPCN2,FCER2,SLC16A9,SLC39A12,ARL5B,MICU2,CALHM4,FCGRT,LHFPL5,FER,FGF7,MAPK15,FGF14,FGR,RASA3,RHOBTB3,RAB11FIP2,AAK1,LMTK2,CILK1,INPP5F,TRAPPC8,DENND3,EPN2,TRAK1,CD93,RAB3GAP1,SV2C,CEP131,RIMS1,PLCH1,TMCC1,XPO7,FNBP1,CLUAP1,GGA2,HECW1,FOXO1,ERC1,KIF1B,TBC1D2B,ZC3H3,FCHO1,CLCC1,SNX13,MAPK8IP3,STAB1,SEPTIN8,PASK,RFTN1,CYFIP1,FAF2,MLC1,XPO6,SYNE2,NUP210,EXOC6B,PLCB1,KATNIP,ATP11A,DENND5A,EXOC7,CLEC16A,NUP160,AGTPBP1,FBXW11,SMG6,MGRN1,BICD2,EHBP1,KIF13B,FKBP15,NEDD4L,CLASP1,VPS39,SYNE1,SUN1,VPS8,PIP5K1C,TMED3,GRIP1,SLC7A8,AP4E1,RHOQ,SLC44A1,ABCB10,ABCA6,LEPROTL1,MACF1,FOLR2,SCRIB,NNT,SLC16A8,ATP6V0A2,OPN3,CORO1C,SH3BP4,PITPNB,ABCA4,ALOX5,CLDN15,ALOX12B,ATP6V1C2,ABL1,FYN,G6PC1,ZDHHC20,CNIH2,GABBR1,CALHM1,GABRA2,GABRR1,SERINC5,SNX33,SLC24A2,TMEM184B,MYRIP,CLIC4,HEATR5A,PNKD,SEC31B,IBTK,UPF2,OSBPL3,IPCEF1,DNM3,ERC2,GGA1,TANC2,LDLRAP1,KIFBP,GAPVD1,TRPC4AP,TRAF3IP1,ABCA12,IFT172,STEAP2,PITPNC1,STAP1,KLHL3,GATA3,FBXO22,SLC13A4,ARFGAP3,SERGEF,GCG,SLC17A5,CNNM4,CNNM3,MYOF,GDI2,ABL2,GJA8,ATP2C1,LAT,STAU2,VPS41,TRAPPC3,SDCBP2,SNX5,BBS9,GCLC,RAB30,STK39,SGSM3,BIN1,GM2A,GNAI2,GNRHR,GOLGA4,GOT2,SFN,GP1BB,GP9,GPLD1,GPM6A,SLCO4A1,SLCO3A1,SLC25A45,CCDC88B,SLC39A5,CLEC9A,SIAH3,KCNRG,SLC46A3,GSDMA,CAVIN1,SLC25A42,SLC9C2,UNC80,SLC9A9,SLC36A3,GPR35,ANK1,XKR6,SCARA5,FFAR3,GRK4,ANK3,GRB10,GRID2,GRN,GIT1,SNX24,GRIK1,GRIK2,IFT81,RGCC,DBNL,GRIK4,TMEM230,SETD2,CNIH4,GRM4,GRM7,GSK3B,GSN,ZDHHC1,SNX8,SNX10,SEC61A1,SLC25A24,LRP12,MDFIC,SH3KBP1,ANXA1,ANXA2,HADH,HCK,HCLS1,HTT,HDLBP,KCNIP1,NRG1,EHD4,PIK3R4,ANXA6,HIF1A,HIP1,HK2,ANXA11,HLA-DRB1,HMGCR,HNRNPK,HNRNPU,APBA1,APBA2,HPS1,RAB37,AGFG1,HRH2,HSPG2,HTR2B,HTR3A,UBAC2,ICA1,ICAM3,SLCO1B7,IRF8,KCNT2,SLC10A6,IFNG,RSPH4A,IGF1R,IGF2R,APP,RILPL1,TICAM2,IL1A,IL15,IL15RA,IL16,INHBA,AQP7,IREB2,AQP9,ITGA2,ITGAL,ITGAM,ITGAV,ITGB1,ITGB2,ITPR1,ITPR2,TRIM23,KCNA2,TBC1D10C,KCNB1,ATP9B,KCNC4,MIA3,KCNE1,STIMATE,GJB7,SLC26A5,KCNJ3,KCNJ10,KCNJ15,KCNMA1,KCNN2,KCNQ1,KIF5B,KIF5C,ARF5,KPNA1,GLTPD2,C1QTNF12,XKR5,XKR9,LAMP1,LASP1,LCK,LCN2,LDLR,LEPR,LETM1,LGALS3,LGALS3BP,LIMK1,LIPC,MYO18A,ASIC2,LMNA,LMNB1,RAB44,SNX30,LRP1,LRP2,LRP3,LRP6,LRP5,LTF,LYN,MIR143,MIR145,MIR17,MIR185,MIR192,MIR199B,MIR19A,MIR19B1,MIR20A,MIR200C,MIR21,MIR302A,ARRB1,SMAD2,SMAD3,ARRB2,ASIC1,ARSB,MAN1A1,MAP2,MAP6,MB,MCL1,MEF2A,MEF2C,MIA2,MKLN1,TRPM1,ABCC1,SLC22A20P,CCDC88C,UNC13C,MAP1LC3C,CALHM6,MYO1B,MSR1,MUC2,MYB,MYH10,MYLK,MYO1C,MYO1D,MYO1E,MYO5A,MYO6,MYO7B,PPP1R12A,NACA,NASP,NCBP1,NCF2,NCF4,NEDD4,SEPTIN2,NEO1,NEUROG1,NF1,NFKB1,ACO1,NGFR,NKG7,NNAT,NOS3,NOTCH1,FXYD2,NPC1,NPPA,ATP2A2,ATP2A3,ATP2B2,NUMA1,NUP88,ATP2B4,TIFAB,OLR1,OPA1,OPRM1,SLC22A18,OSM,P2RX1,P2RX3,P2RX4,P2RX7,P2RY6,P4HB,FURIN,PCSK6,MINK1,ITSN2,ANO7,PNPLA8,PRKN,SLC35C2,PAM16,ZBTB7B,PLEKHA8P1,PCK2,PLLP,SIDT2,SH3GLB1,PCNT,VPS28,IPO11,PLCE1,PCSK1,GLTP,PCSK5,MARCHF2,ERGIC2,CD320,BPIFA1,ZDHHC3,SLC25A37,UBR5,ATP6V1D,TRAPPC4,BIN2,PDE4B,PRKAG2,PDE4D,GULP1,LIMA1,ANKFY1,NCKIPSD,VTA1,VPS54,PDGFB,ACKR4,PEX5L,RAB6B,NBAS,ATP6V1H,RTRAF,MPC1,SUFU,PDPK1,CAB39,RAB8B,INPP5K,TM7SF3,PEX1,PEX7,PEX14,ATP8B1,PFKFB2,ATP6V1B2,ATP6V1C1,PIK3C3,PIK3CB,PIK3CG,PIK3R1,PI4KB,PIP4K2A,PITPNA,PKP2,PLA2G4A,ATP6V0B,PLCB2,PLCB4,PLCD1,PLCG1,PLCG2,TPCN1,FXYD1,FXYD3,PLN,PLP2,PML,FXYD4,SLC37A1,TLR9,SEPTIN5,SEPTIN4,KCNK10,YIPF1,RIN2,PON3,HEATR5B,CCHCR1,EXOC6,PPARA,PPARD,CROT,PPARG,PPBP,LEPROT,CTSA,CNNM2,AHI1,AFTPH,NDE1,BSPRY,SYTL2,FNBP1L,NSUN2,SLC66A1,PXK,CMTM6,PPM1A,OCIAD1,TESC,TMCO3,MCUB,PID1,CCDC40,EPN3,VPS37C,NRDE2,WIPI1,ATG2B,PLEKHJ1,DYNC2I1,ARHGAP17,SLC6A15,ANO10,PPP1R10,LRRC8D,ZDHHC4,TMEM38B,VPS13D,APPL2,GOLPH3L,SLC38A7,PACC1,VPS53,FBXW7,CCDC91,PPP3CA,PPP3CC,LAPTM4B,PPT1,SIRPG,PIP4P2,STAB2,ITLN1,VPS50,ZDHHC7,SLC39A4,CHD7,FLVCR2,LYAR,RAB20,SLC48A1,PRKACA,NPLOC4,DENND4C,PEX26,IWS1,SCYL2,MREG,PKIA,FRMD4A,VAC14,CCDC88A,IPO9,NECAP2,LMBR1L,PRKAR1A,PRKAR1B,EXOC2,PRKCB,CACNA2D3,PRKCE,PRKCI,TEX2,PRKCZ,BIN3,ERBIN,MYO5C,MAPK1,BCAP29,MAPK8,MAP2K1,MAP2K2,PRL,ANKH,PRLR,LRRC8A,PARD3,KCNQ5,PRSS8,AZU1,PSAP,SLC2A9,PSEN2,JPH1,RETN,FMN2,SPHK2,TMEM167B,SPIRE1,MFF,CDC42SE2,SLC12A9,VPS35L,PLSCR3,PARP11,ANO2,C12orf4,RAB25,CAMK1D,CD177,RHBG,SLC44A2,SMURF1,TMEM63C,NIPAL3,ATP10A,ATP8B2,ATP10D,SLC45A4,ERGIC1,SNX14,PTEN,SLC4A10,PTGER3,SLC24A3,PTGS2,PTK2,GRAMD1B,HECW2,TBC1D14,MIB1,SORCS2,WDR35,MICAL3,KIF17,ARHGAP21,RIC1,USP36,PITPNM2,RELCH,VPS18,STIM2,GRAMD1A,PTPN1,DENND1A,EPG5,PTPN3,PTPN11,G6PC2,SLC4A5,PTPN14,PTPRC,PTPRJ,PTPRN2,NECTIN1,CXCL16,PEX2,PEX5,EPS15L1,RAB5B,MAP4K2,RAB27A,RAC2,RAF1,RALB,RAP1B,RAP1GDS1,RARA,TRPV4,RBP4,RCVRN,BCL2,UPF1,BCL2L1,TRIM27,RFX3,BCL3,EXOC4,BACH2,CYB5RL,BCR,RRBP1,RXRA,RYR1,RYR3,SORT1,S100A6,S100A10,S100A13,SAG,CELA2A,ATXN1,SCN1A,SCN2B,SCN8A,SCNN1A,CEACAM1,SCP2,CCL3,BICD1,BID,UBE2O,PIEZO2,NAPB,SLC17A9,NECAB3,SEC14L1,KIF13A,TRAPPC2,MYO1G,SELE,CDH23,SLC28A3,GOLPH3,NOD2,RBSN,P3H1,DNAJC1,RAB17,SRSF7,SIL1,SFTPD,WIPF3,SGK1,SGTA,ITSN1,ARRDC5,SH3GL1,CLEC7A,FABP12,MFSD1,CREB3L2,MICAL1,NIBAN2,NDRG4,SLC1A2,VPS33A,UPF3A,SLC1A7,WNK1,SLC2A1,SLC2A4,SLC2A5,NADK,SLC5A2,MPPE1,SLC5A3,SLC6A6,SLC6A9,SLC7A1,SLC8A1,SLC9A2,SLC9A3,SLC11A1,SLC12A3,SLC34A1,SLC18A2,SLC20A1,SLC20A2,SLIT1,AACS,TRAK2,MTMR9,SNCA,SNCG,SNTA1,SNX1,SNX2,SOD1,SORL1,DST,SP100,SPG7,SPI1,SPTBN1,SRC,SREBF1,SREBF2,SRP9,BRAF,SSR2,STAC,ZFP36L1,STAT3,STAT5B,STIM1,STK3,STK4,SURF4,VAMP1,SYK,SYN2,SYT1,MIR613,TCF7L2,TMBIM6,TERF2,TG,TGFB1,TGFBR2,TGM2,THBS1,TSPO,TIAM1,SEC62,TRAPPC10,TNFRSF1A,TNFRSF1B,TPD52,C2,TPR,TPT1,TRPM2,TSG101,EIPR1,TTN,TULP1,CCR2,UBE2D3,UBE2L3,UCP3,UGCG,UQCRFS1,UTRN,UVRAG,VAV2,VDAC1,WFS1,YWHAG,YWHAH,ZFP36,PTTG1IP,TMEM50B,CA2,CA7,CACNA1A,CACNA1C,CACNA1D,ZP3,LAPTM5,TVP23A,CACNA2D1,EVI5,CACNB1,CACNB2,ALMS1,TUBA1A,PAX8,CACNB4,MAPKAPK3,USP7,RAB7A,KCNAB1,AHNAK,TRAPPC6A,DERL1,GNPTAB,BAG6,NOX5,FYCO1,TANGO6,SH3TC2,RHBDF2,DYNC2H1,ZDHHC14,AAGAB,VPS37B,SLC25A22,MCTP1,CLMN,GSDMD,TTC21B,RABEP2,RIN3,ATP8B4,PRR5L,CYBRD1,SPEF2,SLC35E1,DENND1C,WLS,SLC8B1,TRPM3,CALM1,NR4A3,MOGAT2,RUBCNL,CEP290,NUP214,RAB11FIP1,ORAI2,PHAF1,STAM,CUBN,FER1L4,NCOA4,DNAJC5,SLC19A3,TTYH3,NDFIP1,EEPD1,DUSP16,APOL6,APOL3,ACTN4,SLC25A32,COLEC12,CALR,ANP32A,SLC7A5,HM13,SLC38A1,APOLD1,SNX27,VMP1,CAMK2D,SLCO5A1,CAMK2G,CANX,CLTCL1,SYN3,CAPN1,CAPN3,DYSF,PICALM,AXIN1,PITPNM3,ODAD4,COG3,SESN2,TRAPPC9,ATG10,ITCH,RBP5,TBC1D10A,STARD3NL,IMMP2L,SLC4A11,NCALD,DTNBP1,FHIP1B,MYCBPAP,ANKRD27,SLC41A2,EEA1,SLC7A6OS,STX7,LRRC8C,ZDHHC18,SGIP1,YIPF4,SLC25A33,VPS25,HVCN1,COG8,HPS3,SOAT2,HOOK3,RAB11FIP4,LZTS2,SYVN1,CASQ2,SPIRE2,CUL3,SLC12A8,CASR,UNC119B,CRACR2A,LMNB2,SFT2D3,ADTRP,AGBL4,ORAI1,MFSD2A,TMEM87B,SLC49A4,SERAC1,UBASH3B,MFSD5,DISP1,PPFIA2,SLC43A1,KCNAB2,DGKD,ABCC11,MYLK2,MICALL1,SLC45A3,APOL1,STON2,CAV1,CASK,SCARF1,SLC25A12,KLF7,PLPP3,STC2,CADPS,KCNK5,NCOA1,TNKS,SLC4A4,STX11,BECN1,PEA15,MARCO,ABCC3,MBTPS1,GBF1,MYOM1,ADAM9,NAPA,TNFRSF11A,NRP1,CD84,SOCS2,HDAC3,ANKRD13A,NR1I2,CCKBR,SYNJ2,SLC5A6,MCM3AP,MTMR2,CPNE1,AP1M1,HERC2,HPS4,ATG16L2,MVB12B,PLCZ1,STBD1,SLC25A21,ATP6V0E1,KALRN,SYT8,TSPAN18,SYS1,SNX21,SPAG9,AIP,PSTPIP1,MCU,SLC7A7,SLC7A6,CLDN10,SEC22C,SLC16A5,SLC16A3,SLC39A13,RNF185,SYNGR1,PKDCC,RSAD2,YTHDC1,RFT1,SLC24A1,COG7,DCLK1,LARGE1,VAPB,VAPA,RCSD1,GCNT3,PDLIM7,MAPKAPK2,CYTH1,ITGB1BP1,DNER,CD9,NEURL3,CD22,CD163,SLC22A6,CACNA2D4,RAB28,NHERF1,KIF3B,PLAA,NRXN1,NRXN2,OTOF,COG1,SFXN1,SFXN5,SYTL3,TJP2,KCNK6,GSTO1,HOMER2,PICK1,AKAP6,ATG5,CD36,STX8,SLC4A8,SCARB2,RPH3AL,CD38,GOSR1,CEP41,CLOCK,PREPL,VPS9D1,RAB36,NCOR2,ABCG1,NUP155,SEC24C,PPM1F,GCC2,IPO13,FAM53B,CLINT1,NUP93,EDEM1,TRAM2,RIMS2,USP6NL,NOS1AP,TMEM63A,RAB11FIP3,IFT140,CD81,CD151,ATG13,TBC1D5,PIEZO1,GIT2,DNAJC6,PLEKHM1,ELMO1,GAB2,C2CD5,MAGI2,FCHSD2,TLK1,TBC1D4,MRC2,RABGAP1L,ATP2C2,SEC16A,CD302,ARHGAP25,MVP,SLC23A2,NR1H4,NUP153,DOP1B,CDH1,SLC12A6","Sputum_Mixed granulocytic"
"BP","negative regulation of T cell activation",132,55,7.467143772623e-05,0.0136117576628536,"TSPAN32,BTN2A2,GPNMB,LILRB1,LILRB4,ADORA2A,RC3H1,CTLA4,CTSG,DLG1,DUSP3,FGL1,TMEM131L,SCRIB,LRRC32,TNFRSF21,CD274,ANXA1,HLA-DRB1,HLX,IL10,JAK3,ARG1,LAG3,LGALS3,MIR21,SMAD7,TARM1,PAWR,ZBTB7B,LAX1,PRKAR1A,PAG1,CRTAM,DUSP22,PELI1,BCL6,CEACAM1,VSIR,SFTPD,MARCHF7,LGALS9C,SPN,LAPTM5,NDFIP1,ITCH,MAD1L1,HAVCR2,RUNX1,RUNX3,CBFB,TNFSF18,SOCS6,CD80,CD86,RIPOR2","Sputum_Mixed granulocytic"
"CC","cytoplasmic vesicle membrane",1209,435,7.48754492103811e-05,0.0136117576628536,"PDCD6,ABCC5,ABCB6,DNM1L,ATP9A,LHFPL2,TNK2,ADAM10,MFSD10,STX6,AP3S2,ABCC4,ATP8A1,NDRG1,TAB1,GPNMB,UNC13B,IQGAP2,CEACAM3,CEACAM8,RAB10,EHD1,AP3M2,TMED2,CKAP4,TMED10,KDELR2,LILRB3,RAB31,ADAM30,CORO1A,PACSIN2,CHRM2,VPS45,TMC6,SLC46A1,EXOC3,RNF13,OSBPL9,MARCHF3,GBP5,RAB3C,AP2S1,RFFL,AP3S1,CLCN3,BORCS5,ANTXR2,CLCN6,TMEM45B,LRIG3,SLC15A4,CLTC,SPPL3,CLBA1,PLA2G4E,SNX20,WDR81,COPA,SLC31A2,CLVS2,STXBP5,VPS37A,HGSNAT,SIRPA,VTI1A,CSF3R,CTNS,ENTHD1,NFAM1,COMMD1,SLC38A9,CYB561,ABCA13,VPS13B,CLVS1,DAB2,CLEC12A,CD55,AP2A2,AP1B1,SLC30A8,DNM2,ECE1,EGF,EGFR,ANO6,ABCA2,SPRED2,RAB12,STOM,DIPK2A,EPS15,ABCA3,FABP5,TPCN2,FCAR,MARCHF8,FCGR1BP,FCGR3B,FCGRT,ADGRG3,ZNRF2,RAB11FIP2,INPP5F,EPN2,CD93,SV2C,GGA2,KIF1B,NFASC,TAB2,NCDN,SNX13,STAB1,SEPTIN8,ATP11A,CLEC16A,DMXL2,VPS39,UBR4,PIP5K1C,TMED3,RHOQ,ATP6V0A2,TSPAN15,CORO1C,PLD3,ABCA4,CNIH2,GAA,GABRA2,SNX33,CLIC4,SEC31B,GGA1,LDLRAP1,ABCA12,STEAP2,CLEC4E,SLC17A5,MYOF,B4GALT1,VPS41,LAMP3,SNX5,SIGLEC9,BIN1,SLC9A9,SNX24,DBNL,CD274,ZDHHC1,SNX8,SNX10,DSE,SH3KBP1,ANXA1,ANXA2,HTT,EHD4,PIK3R4,ANXA6,HIP1,HLA-DOB,HLA-DPB1,HLA-DQA1,HLA-DQA2,HLA-DQB1,HLA-DQB2,HLA-DRA,HLA-DRB1,HLA-DRB5,RAB37,ICA1,STING1,MALRD1,IFNGR2,IGF2R,TICAM2,IL7R,IL15RA,INPP4A,INPP5B,AQP7,IRAK2,IRF7,ITGAL,ITGAM,ITGAV,ITGB1,ITGB2,ITPR1,ITPR2,TBC1D10C,KCNQ1,KIFC3,LAIR1,RHOG,LAMP1,LDLR,LGALS3,LNPEP,RAB44,SNX30,LRP1,LRP2,LRP6,LYN,ARRB1,MAP6,MME,UNC13C,TARM1,MYO1B,MSR1,MYO1C,MYO6,CEACAM6,NCF4,NOS3,NPC1,OLR1,P2RX1,FURIN,PCDH7,VPS28,MARCHF2,ATP6V1D,ANKFY1,VTA1,ATP6V1H,RAB8B,ATP6V1B2,SERPINB6,ATP6V1C1,PIK3C3,PI4KA,PLAUR,ATP6V0B,TPCN1,PML,TLR9,YIPF1,RHOF,LEPROT,AFTPH,PXK,CMTM6,MARCHF1,EPN3,PLEKHB2,VPS37C,WIPI1,APPL2,VPS53,LAPTM4B,PI4K2A,PRCP,PIP4P2,STAB2,SLC39A4,RAB20,SLC48A1,DENND4C,SCYL2,MREG,VAC14,NECAP2,GPRC5C,RCC2,AZU1,PSAP,FMN2,SPIRE1,SPPL2B,PMEPA1,VPS35L,AGTRAP,CD177,SLC44A2,SNX14,ELAPOR1,SORCS2,ARHGAP21,VPS18,DENND1A,ZFYVE28,PTPRC,PTPRJ,PTPRN2,RAB5B,RAB27A,RAC2,RAP1B,BCL2L1,CLIP1,SORT1,CEACAM1,SLC17A9,KIF13A,SELL,RBSN,RAB17,MMP25,SH3GL1,VPS33A,SLC2A4,SLC2A5,SLC6A9,SLC9A3,SLC11A1,SLC18A2,SNCA,SNX1,SNX2,SNTB2,SORL1,SPARC,SREBF1,SREBF2,STK10,BSG,SURF4,VAMP1,SYN2,SYPL1,SYT1,TGFA,TNFRSF1B,TRAF6,C3AR1,TRPM2,TSG101,TYRP1,UBE2D3,WFS1,DAGLA,LDLRAD4,RAB7A,VPS37B,MCTP1,LPCAT1,ATP8B4,DOK3,WLS,BAIAP2L2,RAB11FIP1,PHAF1,STAM,FER1L4,DNAJC5,NDFIP1,WNT5B,COLEC12,CALR,DCSTAMP,SNX27,CAMK2D,CAMK2G,SBF2,CLTCL1,SYN3,DYSF,APH1B,TEX101,ITCH,ATAD3B,STARD3NL,NCALD,DTNBP1,MYCBPAP,ANKRD27,EEA1,STX7,SLA2,SGIP1,VPS25,HVCN1,RAB11FIP4,SPIRE2,ZNRF1,KCNAB2,ABCC11,MICALL1,STON2,DEGS1,CAV1,SCARF1,CADPS,HSD17B6,BECN1,MARCO,SIGLEC5,IQGAP1,VNN1,MTMR2,CPNE1,AP1M1,MVB12B,STBD1,ATP6V0E1,SYT8,SNX21,PIP4P1,USP8,CD1D,SLC39A13,SYNGR1,VAPA,CD9,MS4A3,CD163,TM9SF2,OTOF,ORMDL3,PICK1,SH3BP5,ATG5,CD36,SLC4A8,SCARB2,RPH3AL,TMEM59,CD44,SEC24C,CD58,CD59,CD68,CLINT1,TMEM63A,RAB11FIP3,LAPTM4A,ARHGAP32,PHACTR2,ADGRE5,TBC1D5,RNF144A,PLEKHM1,C2CD5,FIG4,SEC16A,DOP1B","Sputum_Mixed granulocytic"
"BP","mononuclear cell differentiation",480,181,7.82237781777587e-05,0.0140697694407738,"ADA,C17orf99,RASGRP1,CDH17,CDK6,IKZF1,BTN2A2,MERTK,KAT5,TRAF3IP2,CCR9,LILRB1,MALT1,SPINK5,LILRB4,RIPK3,DUSP10,CMTM7,NLRP3,PGLYRP2,SLAMF6,KLF6,IL31RA,ZBTB46,CSF1R,PIK3R6,RC3H1,CTLA4,NFAM1,ZFPM1,DOCK2,GPR183,EZH2,FANCA,PTK2B,FASN,ADGRG3,PLCL2,TMEM131L,FOS,MTOR,ABL1,FUT7,HECTD1,GATA3,CLEC4E,KAT2A,FOXP1,GLI2,BLNK,ANXA1,HLA-DRA,HLA-DRB1,HLX,IRF8,IFNG,RBPJ,IL1A,IL6R,IL7R,IL10,IL15,IL15RA,INHBA,INPP5D,IRF4,IRF7,ITGB1,ITPKB,JAK1,JAK3,LAG3,LCK,LEPR,LFNG,LGALS1,LIG4,RHOH,LYL1,LYN,MIR21,MIR17HG,SMAD7,KMT2A,MYB,NFATC1,NFIL3,NOTCH2,PBX1,ZBTB7B,LEF1,PIK3R1,PKNOX1,PLCG2,TLR9,SASH3,PPARG,PBRM1,DOCK10,AMBRA1,CHD7,LMBR1L,PRKCZ,PRKDC,CRTAM,LRRC8A,SLAMF8,CTNNBIP1,ZMIZ1,AICDA,ARID1B,PREX1,SH3RF1,PTPRC,PTPRJ,RARA,BCL2,BCL3,BCL6,RORA,RORC,VSIR,SEMA4A,KLHL25,DCLRE1C,SHB,ST3GAL1,BCL11B,SMARCA2,SMARCA4,SMARCC1,SMARCD1,SMARCD2,SOD1,SOS1,SOX12,SPI1,SPN,BRAF,ZFP36L1,STAT3,STAT5B,SYK,ADAM17,TCF3,TCF7,TGFB1,TGFBR2,TOP2B,TPD52,TRAF6,TRPM2,CCR2,ZBTB16,NHEJ1,NDFIP1,DCSTAMP,CARD11,SYVN1,LY6D,RUNX2,RUNX1,RUNX3,CBFB,FADD,IL1RL2,IL18R1,VNN1,PGLYRP1,TNFSF18,CD1D,RSAD2,CD3E,CD83,CD27,CD80,CD86,ATG5,FNIP1,PHF14,HDAC9,CD79B,HDAC4,TOX,TESPA1","Sputum_Mixed granulocytic"
"CC","organelle membrane",3674,1156,7.86331948150972e-05,0.0140697694407738,"TRAPPC3L,PDCD6,BCL2L11,PIGK,TIMM23,CEBPZOS,ABCC5,ABCB6,DNM1L,TIMM23B,ATP9A,CERT1,UST,PYURF,RASGRP1,TRAP1,SLC25A13,LHFPL2,TNK2,ADAM10,NUTF2,TRIM13,MFSD10,STX6,SLC35B1,AP3S2,ABCC4,BET1,EMC8,IRAG1,MICU1,ATP8A1,NDRG1,CDS1,PEMT,TAB1,GPNMB,COG5,SLC25A17,VAT1,UNC13B,ARFGEF1,ERLIN1,MTX2,GIPC1,NUP50,SLC17A3,IQGAP2,CEACAM3,HPSE,CEACAM8,MRPS30,RAB10,MMP24,EHD1,AP3M2,PDIA5,TMED2,LMAN2,CKAP4,TMED10,IMMT,ILVBL,SPINK5,KDELR2,LILRB3,RAB31,TENT4A,ADAM30,FAF1,PLAAT3,CORO1A,SLC2A6,ABCB8,MRPL3,GALNT6,PDCD10,PACSIN2,MRAP2,MGAT4B,CHRM2,CHRM3,VPS45,MGAT4A,TMC6,SLC46A1,EXOC3,RNF13,MGLL,NLRP3,GALNT13,OSBPL5,OSBPL8,OSBPL9,MARCHF3,OMA1,GBP5,RAB3C,MOGAT1,ARAP1,THEM4,GALNT15,AP2S1,RFFL,AP3S1,CLCN3,BORCS5,ANTXR2,CLCN6,CLCN7,SFXN2,PDZD8,CLU,SLC36A4,TMEM45B,LRIG3,SLC15A4,CLTC,SPPL3,CLBA1,TTC8,DEGS2,PLA2G4E,SNX20,WDR81,MIEF2,CNGA1,RNF19B,DRAM2,TBC1D20,PIGU,TRABD2A,MBOAT2,ZFAND2B,TMEM178A,COPA,SLC31A2,CLVS2,STXBP5,COX10,CP,CPT1A,VPS37A,CPT1B,NDUFAF6,TMEM68,GPAT4,LETM2,HGSNAT,ATF6B,CHODL,GCNT7,BRI3BP,SUN5,SIRPA,VTI1A,CSF3R,TMEM120B,RDH12,ABHD12B,CEP128,MGAT5B,TMC8,DPY19L3,ADRA1A,CREB3L4,CTNS,AIFM3,ENTHD1,NFAM1,COMMD1,XXYLT1,GLIPR2,CTSZ,PAQR3,SLC38A9,CYB561,RNF145,MBOAT1,CYP1B1,ABCA13,VKORC1L1,CYP3A7,TMEM65,RDH10,VPS13B,TDH,CLVS1,CYP19A1,AWAT2,CYP27A1,DAB2,C11orf65,TMTC2,CLEC12A,CD55,DGKQ,AP2A2,SYNE3,AP1B1,PRICKLE2,SGMS2,PKD1L1,SLC30A8,QSOX2,FUT11,DHODH,DIO1,DLG1,DNM2,DPP4,ECE1,ABCA1,EGF,EGFR,MYRFL,ANO6,ALG14,TMEM201,ABCA2,SPRED2,SLC51A,CENPV,RAB12,HACD2,STT3B,DNAJC18,ENO1,C9orf72,STOM,CERS3,DIPK2A,EPS15,SLC36A1,ERN1,ABCA3,ALAS1,ETFDH,EXT1,EXT2,FABP5,ACSL1,SLC37A2,TPCN2,FCAR,MARCHF8,FCGR1BP,MICU2,C6orf89,FCGR3B,FCGRT,DAGLB,FDFT1,ADGRG3,ZNRF2,FECH,ALDH3A2,FGR,RHOBTB3,RAB11FIP2,CHSY1,FKBP2,FNDC3A,INPP5F,EPN2,TRAK1,SACM1L,CD93,ATF6,HABP4,SEPHS1,RAB3GAP1,SV2C,CEP131,WDFY3,TMCC1,GGA2,EMC1,ERC1,KIF1B,RAP1GAP2,SPART,NFASC,TAB2,ANKLE2,GRAMD4,NCDN,CLCC1,SNX13,MAPK8IP3,STAB1,LPIN1,SEPTIN8,FAF2,RRP12,SYNE2,NUP210,SIK2,PLCB1,ATP11A,DENND5A,CLEC16A,IQCE,ACSL6,NEMP1,DMXL2,DPY19L1,SZT2,VPS39,SYNE1,UBR4,SUN1,PUM2,PIP5K1C,TMED3,GRIP1,AP4E1,RHOQ,SLC44A1,ABCB10,ABCA6,ZFYVE26,NNT,ATP6V0A2,TSPAN15,PIGN,CORO1C,PLD3,PITPNB,PISD,ABCA4,ALOX5,ALOX5AP,ATP6V1C2,AFG1L,MTOR,ALPL,ABL1,FUT4,FUT7,FUT8,KDSR,CERS6,G6PC1,ZDHHC20,CNIH2,GAA,GABBR1,CALHM1,RNF144B,GABRA2,ST6GALNAC3,SNX33,GALNT2,IFFO1,GALNT3,SGMS1,CLIC4,SEC31B,DHRS7B,GORASP2,OSBPL3,UBXN7,FAM169A,ANKRD17,GGA1,ABHD12,LDLRAP1,TCTN3,ABCA12,MTG2,STEAP2,CLEC4E,ARFGAP3,GCH1,GCNT1,SLC17A5,MYOF,GCNT2,AMFR,GGCX,GGTA1,B4GALT1,ATP2C1,STAU2,VPS41,LAMP3,TRAPPC3,CYTH4,SNX5,SIGLEC9,COQ2,BBS9,RAB30,GLG1,TOR1B,BIN1,GNAI3,GNAQ,GNB1,GOLGA3,GOLGA4,GPD2,GPLD1,SLC25A45,B4GALNT3,SLC46A3,GDPD1,SLC25A42,SLC9A9,SLC36A3,GPR37,SCAI,GRK4,GRK5,GRN,SNX24,DBNL,CNIH4,CD274,ZDHHC1,GUCY2C,SNX8,SNX10,SEC61A1,DSE,SLC25A24,SH3KBP1,ANXA1,ANXA2,HADHA,HTT,ANXA4,ST6GALNAC6,EHD4,PIK3R4,ANXA6,HIP1,HK1,HK2,HLA-DOB,HLA-DPB1,HLA-DQA1,HLA-DQA2,HLA-DQB1,HLA-DQB2,HLA-DRA,HLA-DRB1,HLA-DRB5,HMGCR,HPD,RAB37,HSD11B1,NDST1,HTR7,UBAC2,ICA1,ACADM,STING1,MALRD1,FMN1,LRIT3,IFNGR2,IGF2R,APP,TICAM2,IL7R,IL15RA,INPP4A,INPP5B,AQP7,IRAK2,IRF7,ITGAL,ITGAM,ITGAV,ITGB1,ITGB2,ITPR1,ITPR2,TRIM23,KCNA2,TBC1D10C,B3GNT8,MIA3,STIMATE,NRROS,KCNQ1,KIF5B,KIFC3,LAIR1,RHOG,LAMP1,LBR,LDLR,LETM1,LFNG,LGALS3,MYO18A,LMNA,LMNB1,LNPEP,RAB44,SNX30,PLPP6,LRP1,LRP2,LRP6,LYN,ARRB1,SMAD1,SMAD3,MAN1A1,MAN2A2,MAN2A1,MAP6,MCL1,MAP3K5,MGAT3,MGAT5,MIA2,MITF,ATXN3,TRPM1,MME,MPL,UNC13C,MAP1LC3C,TARM1,GALNTL6,MYO1B,ASPH,MSR1,NUDT1,MX1,MYO1C,MYO6,CEACAM6,NCF4,NCK1,NDUFA10,NDUFB9,NDUFS2,NDUFS8,SEPTIN2,NKG7,NOS3,NOTCH1,NOTCH2,NOTCH3,NOTCH4,NPC1,ATP2A2,ATP2A3,OGDH,OLR1,OPA1,P2RX1,P2RX4,FURIN,CHST11,GALNT9,PNPLA8,PRKN,ASAP1,PCDH7,ACOX1,SLC35C2,PAM16,ATL1,SIDT2,SH3GLB1,PHF11,HSD17B12,A4GNT,VPS28,PLCE1,SHISA5,MARCHF2,ERGIC2,PCYT1A,ZDHHC3,SLC25A37,GASK1B,FZR1,MBTPS2,CHST15,TEX264,PDE2A,ATP6V1D,TRAPPC4,SUCO,PDE6A,NAT8B,ANKFY1,RTCB,DTL,ZC3HC1,VTA1,PDGFA,VPS54,PDGFB,PEX5L,RAB6B,NBAS,PIGT,ATP6V1H,DHRS7,MRPS23,MPC1,ERAP1,RAB8B,COQ3,GALNT7,PEX1,PEX7,PEX14,PHB1,ATP6V1B2,SERPINA1,SERPINB6,ATP6V1C1,PIGH,PIK3C3,PIK3R1,PI4KA,PI4KB,ACP2,PLA2G4A,PLAUR,ATP6V0B,TM6SF1,TPCN1,PLEC,FXYD3,PLN,PLOD1,PLOD2,PLP2,PML,SLC37A1,TSPEAR,TLR9,SEPTIN4,YIPF1,PON3,MRPS21,RETREG1,MIOS,POR,RHOF,CRLS1,LEPROT,CTSA,AFTPH,RNF43,SLC66A1,PXK,CDKAL1,TTC19,TMEM260,CMTM6,CHCHD3,MRPL16,PARP16,CLN6,MCUB,MARCHF1,EPN3,PLEKHB2,VPS37C,WIPI1,ATG2B,LRRC8D,ZDHHC4,TMEM38B,TMEM33,APPL2,GOLPH3L,EXD2,SLC38A7,UQCC1,VPS53,RNF121,AGPAT5,DRAM1,LAPTM4B,PI4K2A,PRCP,CHST12,PIP4P2,GALNT10,STAB2,ZDHHC7,AMBRA1,SLC39A4,FLVCR2,RAB20,SLC48A1,NPLOC4,DENND4C,MFN1,PEX26,SCYL2,MREG,VAC14,NECAP2,LMBR1L,PRKCA,ERMARD,TXLNG,CSGALNACT1,EMC3,PRKCI,TEX2,GPRC5C,ERBIN,RCC2,BCAP29,PDGFC,MAP2K2,LRRC8A,AZU1,PSAP,PSEN2,JPH1,FMN2,SPHK2,AGPAT3,AGPAT4,TMEM167B,SPIRE1,NCLN,SPPL2B,PMEPA1,MFF,VPS35L,PLSCR3,AGTRAP,PNPLA2,CD177,MAN1C1,RTN4,LDAF1,SCYL3,SLC44A2,ZNFX1,ATP10A,ATP8B2,ATP10D,ADGRG6,ERGIC1,SNX14,RHBDD2,PTGS2,GALNT16,GRAMD1B,SERINC1,RPTOR,ELAPOR1,SORCS2,NCEH1,ARHGAP21,RIC1,FNIP2,VPS18,STIM2,DHX37,GRAMD1A,GPAM,QSOX1,PTPN1,DENND1A,ZFYVE28,G6PC2,PTPRC,PTPRJ,PTPRN2,PXMP2,PEX2,PEX5,RRAGD,RAB5B,MAP4K2,RAB27A,RAC2,RAF1,RAP1B,RAP1GAP,LGR6,BCL2,BCL2L1,TRIM27,RHEB,ELOVL5,CYB5RL,ROBO1,RPE65,RPS3,BDH1,RRBP1,CLIP1,RYR1,RYR3,SORT1,SCNN1A,CEACAM1,SRL,BID,BIK,SDHA,THADA,SLC17A9,NECAB3,KIF13A,SELL,SLC28A3,GOLPH3,XYLT1,RBSN,ERAP2,DNAJC1,RAB17,MMP25,PALS1,SFTPD,SGK1,SH3GL1,MFSD1,MTARC1,CREB3L2,AEN,LMF1,DEPTOR,ST6GAL1,ST3GAL1,ST3GAL2,ST3GAL3,CASD1,MRPS15,MRPS6,MRPL1,NDRG4,VPS33A,TMEM135,SLC2A1,SLC2A4,SLC2A5,MPPE1,SLC6A9,SLC9A3,SLC11A1,SLC18A2,SNCA,SNX1,SNX2,SNTB2,SORL1,DST,SPARC,SPG7,SRC,SRD5A2,SREBF1,SREBF2,SRP9,SSR2,STIM1,STK10,BSG,SURF4,VAMP1,SYN2,SYPL1,SYT1,ADAM17,TAFAZZIN,TBXAS1,TMBIM6,TGFA,TSPO,SEC62,GPR137B,TNFRSF1A,TNFRSF1B,TPR,TRAF2,TRAF6,C3AR1,TRPM2,TSG101,TYMS,MOSMO,TYRP1,UBE2D3,UCP3,UGCG,UQCRFS1,UVRAG,VDAC1,VRK2,WFS1,DAGLA,LDLRAD4,TMEM50B,LAPTM5,MOGS,RNF103,RAB7A,AHNAK,ST8SIA4,PRRG4,ELOVL6,DERL1,MBOAT7,FKRP,GNPTAB,TMEM43,NOX5,CYBC1,TMEM231,ARMH3,GALNT14,RHBDF2,NLRX1,ZDHHC14,GALNT12,VPS37B,SLC25A22,MCTP1,CLMN,GSDMD,ALG9,UBA5,LPCAT1,ATP8B4,CYBRD1,NAA60,DOK3,KIAA0319L,WLS,ELOVL7,MINDY3,SLC8B1,BAIAP2L2,UXS1,MOGAT2,RUBCNL,RAB11FIP1,PHAF1,STAM,HSD3B7,CUBN,FER1L4,PDGFD,EPC1,DNAJC5,PNPLA3,TRAF3IP3,SEL1L2,NDFIP1,WNT5B,SLC25A32,COLEC12,CALR,SLC7A5,PTDSS2,DCSTAMP,HM13,ANKRD13C,SNX27,ITM2C,AKAP1,VMP1,CAMK2D,CAMK2G,SBF2,CANX,CLTCL1,SYN3,DYSF,ADPGK,GSG1,APH1B,CHST9,COG3,TEX101,SESN2,ITCH,ATAD3B,STARD3NL,IMMP2L,SLC4A11,NCALD,B3GNT5,DTNBP1,MYCBPAP,ANKRD27,ULK1,EEA1,ACAD11,STX7,SLA2,LRRC8C,ZDHHC18,SGIP1,SLC25A33,STK24,CHCHD6,VPS25,HVCN1,COG8,SOAT2,NCK2,RAB11FIP4,SYVN1,CASQ2,SPIRE2,TPST2,TPST1,TNRC18,DGAT2,EBPL,USP32,CAT,CRACR2A,PLPP7,RTN4IP1,LMNB2,MFSD2A,AIFM2,MIGA2,TMEM87B,ALG10,SLC49A4,ZNRF1,PIGY,SLC43A1,KCNAB2,ABCC11,MICALL1,AGPS,STON2,ITPRIP,DEGS1,CAV1,CASK,SCARF1,SLC25A12,PLPP3,CADPS,CBFA2T3,HSD17B6,TNKS,BECN1,MARCO,B4GALT4,B4GALT2,MBTPS1,GBF1,CDS2,SIGLEC5,IQGAP1,NRP1,PROM1,KSR1,ASAP2,VNN1,MCM3AP,MTMR2,CPNE1,AP1M1,HPS4,NAV3,ATG16L2,PLOD3,MVB12B,STBD1,SLC25A21,ATP6V0E1,SYT8,SYS1,SNX21,NAT8,SPAG9,MCU,STARD13,PIP4P1,USP8,SEC22C,CD1D,SLC16A3,SLC39A13,RNF185,SYNGR1,RSAD2,RFT1,COG7,LARGE1,VAPB,VAPA,PXYLP1,GCNT3,DHRS3,CYTH1,CD9,B3GNT7,MS4A3,PGAP3,B4GALT6,CD163,B4GALT5,TM9SF2,NRXN1,OTOF,COG1,SFXN1,SFXN5,ORMDL3,FADS2,EIF2AK3,PICK1,SH3BP5,CHST3,AKAP6,ATG5,CD36,PIGL,PGS1,SLC4A8,SCARB2,RPH3AL,SPTLC2,TECR,GOSR1,TMEM59,EI24,CD44,RAB36,ABCG1,NUP155,SEC24C,FNIP1,CD58,CD59,LPIN2,CD68,DEPDC5,CLINT1,NUP93,EDEM1,USP6NL,NOS1AP,TMEM63A,RAB11FIP3,LAPTM4A,ARHGAP32,CLSTN3,PHACTR2,ADGRE5,ATG13,TBC1D5,PIEZO1,RNF144A,MATR3,PTDSS1,RB1CC1,TESPA1,PLEKHM1,C2CD5,PJA2,LRBA,FIG4,TMCC2,ATP2C2,SEC16A,EXOG,HS3ST3B1,NUP153,DOP1B","Sputum_Mixed granulocytic"
"BP","positive regulation of cytokine production",495,173,8.00762158631838e-05,0.0142160306974608,"TANK,KLRC4-KLRK1,RASGRP1,NOD1,POLR3C,TRIM16,HPSE,LILRB1,ARID5A,MALT1,TMED10,KCNQ1OT1,BTN3A2,IRAK3,NLRP3,CHUK,SLAMF6,C1QTNF3,C1QTNF4,GBP5,CLNK,CLU,ADORA2B,MAPK14,CSF1R,NFAM1,CYP1B1,CD55,ZFPM1,DENND1B,DEFA5,DHX36,ELANE,FGR,NLRP1,CARD8,RFTN1,PLCB1,SCRIB,IL17RA,ABL1,ZBTB20,GATA3,CLEC4E,KAT2A,FOXP1,CCDC88B,CLEC9A,CXCL17,FFAR3,RGCC,SETD2,TBK1,CD274,ANXA1,HIF1A,HK1,HLA-DPB1,HTR2B,IRF8,STING1,IFNG,APP,TICAM2,IL1A,IL1R1,IL1RAP,IL6R,IL10,IL15,IL16,IRF4,IRF7,SCIMP,LPL,LUM,MIR145,MIR17,MIR21,MIR92A1,SMAD3,MBP,MEFV,MMP8,MYB,OSM,P2RX7,ZBTB7B,PDE4B,PDE4D,CYRIB,CD244,PHB1,PIK3CG,PIK3R1,PLCG2,TLR9,SASH3,RBM47,INAVA,PRKCZ,SULF2,MAPK13,CRTAM,AZU1,SPHK2,PELI1,PTGS2,PTPN11,PTPRC,PTPRJ,RAD21,RARA,TRPV4,TRIM27,BCL3,RORA,RPS3,S100A13,CCL3,NOD2,IFIH1,CLEC7A,SLC11A1,SOD1,SORL1,SPN,SPTBN1,SRC,STAT3,STAT5B,SYK,ADAM17,TGFB1,THBS1,TLR5,TNXB,TRAF2,TRAF3,TRAF6,C3AR1,CCR2,TXK,ZP3,LAPTM5,NOX5,GSDMD,NR4A3,TRAF3IP3,CD276,SLC7A5,CASP1,FRMD8,RNF135,CARD11,SEMA7A,HAVCR2,RUNX1,FADD,IL1RL2,IL18R1,CD84,TRIM15,RSAD2,CD3E,IL1RL1,DDX21,CD6,MAPKAPK2,CD83,CD80,CD86,AIM2,EIF2AK3,CD34,CD36,AKAP12,CD58,CD81,NR1H4","Sputum_Mixed granulocytic"
"BP","cellular response to stimulus",7399,2246,8.25181671051618e-05,0.0145359909247883,"ADA,AKT3,ABI1,TANK,LRRC69,INSYN2B,C17orf99,PDCD6,BCL2L11,RANBP9,DNAJB6,KLRC4-KLRK1,MICOS10-NBL1,C8orf44-SGK3,ABCC5,ABCB6,DNM1L,TSPAN32,GPC6,CERT1,SGK2,RAD50,HIPK3,IFNL4,RASGRP1,TRAP1,AKAP9,FAM13A,CDH17,ABI2,PLXNC1,LPAR6,WASF2,SORBS3,TNK2,ADAM10,CALCRL,TRIM13,PATJ,CDK6,ABCC4,DENND4A,IGSF6,RAMP1,RAMP3,NET1,PAK4,ADAR,CDKN2B,LANCL1,TNIP1,IRAG1,CCL26,MICU1,BTN2A2,NOD1,DLC1,NDRG1,RACK1,CDS1,PIAS3,RAPGEF3,PRMT5,VAV3,TAB1,GPNMB,BAIAP2,MERTK,ZNHIT1,TADA3,TRIM38,CAP2,UNC13B,NCOA2,SEMA6B,SEMA4D,SEMA4B,SEMA3C,DDX17,KAT5,CEBPE,ATG7,AGR2,OLFM4,ARFGEF1,SORBS1,TXNRD2,CDC42EP3,ERLIN1,STAMBP,IVNS1ABP,TRIM16,RGS14,CES1,CXCR6,POLD3,SLC12A7,MAP3K2,GIPC1,TRAF3IP2,KDM5B,HBS1L,ZMYND11,NEK6,NCKAP1,IQGAP2,ADCY2,CCR9,FRS2,CEACAM3,PPP1R17,HPSE,LILRB1,ARID5A,USP20,NMU,GPR83,RAB10,MALT1,BTNL3,FASTK,TMED2,YWHAQ,ASCC3,MAPRE2,KCNQ1OT1,COPS5,LILRB4,TLK2,LILRB3,RBPMS,RAB31,ADAP1,RIPK3,TENT4A,ABHD2,CHD2,WWP2,RAPGEF4,CHD4,ESM1,PRDM5,CIT,BTN3A2,FOXN3,FAF1,CDC42EP1,DMC1,CORO1A,FSTL1,NISCH,WIF1,IRAK3,AKAP13,DUSP10,PDCD10,CHN2,PADI2,GPR176,NXPH3,MRAP2,CMTM7,SCN11A,TP53RK,CHRM2,VPS26B,LYST,SLCO2B1,CHRM3,GPR182,RNF13,MGLL,CMTM1,CHRNA5,NLRP3,ERMAP,CHUK,SORCS1,OSBPL8,C1QTNF3,CIDEA,C1QTNF4,FBXO32,ADCY9,KCTD12,OMA1,GBP5,SLC22A12,IL22RA2,CLNK,LRG1,ARAP2,ARAP1,TADA1,THEM4,TAGAP,RFFL,AP3S1,ADD1,OLFM3,C10orf71,CLCN6,CLU,GSTO2,OR10P1,SLC15A4,OR10A7,ERP27,FGD4,SPPL3,OR4K14,FRMD6,CCR1,SLC24A4,LEO1,CCR4,LRRC28,CMKLR1,LTB4R,ABCC2,ZSWIM7,OSCAR,CNR2,OR2M5,OR14C36,CNTFR,CNTN1,COL3A1,EDARADD,COL4A1,IQGAP3,PIGU,TRABD2A,ZFAND2B,COL16A1,CPNE4,COMP,COMT,COPA,DCBLD2,TPRA1,IL17RE,OCIAD2,IL31RA,PPARGC1B,ADORA2A,NCOA7,OR9A2,ADORA2B,CPB2,CPT1A,PXDNL,NACC2,CREB1,ATF6B,CREBL2,CRHBP,CRHR1,ASB7,NEK7,MACROD2,CRY2,SIRPA,PARP1,PARP4,MAPK14,OR52B4,CSF1R,SESN3,CSF3R,E2F7,CSK,RDH12,CSNK1E,ARMH4,CSNK2B,TTBK2,CMTM2,GSG1L,TOM1L2,PIK3R6,TMC8,DSG4,ADRA1A,CTBP2,RC3H1,DCDC2B,CTLA4,CTNS,SHLD1,COMMD7,AANAT,CTNND1,NFAM1,COMMD1,CTSB,CTSG,ZNF385B,CCNYL1,CTSH,CPNE9,PPP4R2,GLIPR2,CX3CR1,CXADR,PAQR3,SLC38A9,PLEKHG4B,BTNL9,CYLD,CNKSR3,CYP1B1,BMT2,VKORC1L1,IQUB,CYP3A7,GRK2,GRK3,PRAG1,CYP19A1,ADSS2,DAB1,DAB2,CLEC12A,CD55,TAMALIN,DGKG,DGKH,GPR180,DGKQ,DAP,DAPK1,DAXX,DEDD2,DCN,DENND1B,APCDD1L,UBXN2A,PRICKLE2,DHX15,ADGRA3,DEFA1,DEFA3,RASSF6,DEFA4,DEFA5,DEFB4A,ZNF366,TMEM64,OLFML2A,DHX36,DHFR,DLG1,DLG2,DMD,DNM2,DNMT3A,DOCK1,DOCK2,DOCK3,ABAT,DPP4,AGRP,DRD4,DSCAM,RCAN1,DTNA,DUSP3,DUSP4,AGTR1,DYRK1A,GPR183,ECE1,ECT2,ABCA1,LPAR1,EFNA5,EFNB2,EGF,EGFR,AHR,PLPP4,EIF2S1,ANO6,METTL21C,ADCY4,UBR1,NLRC3,NSMCE1,EIF4E,EIF4EBP1,EIF4G1,ELANE,ELF1,ELK3,SPRED2,GABRR3,MARK2,ARHGAP27,RAB12,STT3B,CTTN,PRIMPOL,DNAJC18,CCDC125,ENO1,C9orf72,EPAS1,EPHA1,HIPK1,EPHB3,EPHB6,STX2,DIPK2A,AKT1,ERCC4,ERCC5,ERCC6,ERG,AKT2,ERN1,ESR1,ALAD,ESRRA,ETV5,MECOM,ALB,EXT1,EXT2,EYA1,EYA2,EYA3,EZH2,F2RL2,FABP4,FABP5,FANCA,FANCC,ACSL1,PTK2B,FBLN1,FASN,OR8H1,UNC5B,CCNY,RTKN2,TPCN2,OR9I1,OR9Q1,FCER2,FCGR1BP,UCMA,SLC39A12,SPATA13,CPNE2,FCGR3B,MTURN,ADGRG3,ADGRF2,SCUBE3,FDX1,SEMA3D,FECH,FER,FGD1,FGF7,MAPK15,FGF14,GPC5,FGFR2,FGR,FH,FHIT,TFEC,RASA3,MTF2,DLGAP4,RAB11FIP2,PPM1E,AAK1,CHSY1,CILK1,NLRP1,INPP5F,MORC2,ZNF365,CEP164,DENND3,CARD8,SBNO2,EPN2,ATF6,HABP4,RAB3GAP1,SORCS3,RIMS1,DAAM1,MAPKBP1,PLCH1,STK38L,FAIM2,CNOT1,MYO16,MAST3,TNIK,PDS5B,FNBP1,CLUAP1,HECW1,SWAP70,FOXO1,KDM4C,ERC1,ZNF423,ARHGAP26,SIPA1L3,IQSEC2,AKR1B1,FSTL4,RAP1GAP2,SPART,TAB2,PLXND1,KDM6B,MAST2,LRCH1,ZC3H3,FCHO1,GRAMD4,SNX13,MAPK8IP3,FLNB,LPIN1,PASK,RGL1,RFTN1,KANK1,CYFIP1,FAF2,PSME4,FAM168A,MLC1,FLT1,DTX4,PLCL2,ARHGEF9,SIK2,PLCB1,PHLPP1,TMEM131L,CAMTA1,CLEC16A,ADGRL3,FBXW11,ANKS1A,MGRN1,KIF13B,ICOSLG,FMOD,SATB2,CUX2,SASH1,SZT2,SYNE1,SMCHD1,DOCK9,PSD3,LARP1,PPP1R13B,PUM2,SIK3,PIP5K1C,GRIP1,RHOQ,SF3B3,ABCB10,CBX5,LEPROTL1,MACF1,FOLR2,DAAM2,ZFYVE26,SPIDR,CABIN1,ARHGAP45,FOS,NNT,PIK3R5,RBFOX2,ATP6V0A2,PSD4,TSPAN12,TSPAN15,DDAH2,DDAH1,CDC42EP4,FPR3,OPN3,CORO1C,DAPK2,PHLDA3,PLXNB2,SH3BP4,SGK3,PRKD3,IL17RA,ALK,ABCA4,ALOX5,ALOX5AP,ALOX12B,ATP6V1C2,MTOR,ALPL,NR5A2,ABL1,NR5A1,FUT7,FUT8,ACKR1,FYB1,FYN,ZBTB38,MMS22L,YTHDF3,CNIH2,OR6C3,GAB1,OR1L4,GABBR1,GABRA2,GABRR1,PLCXD2,UTS2B,SHC2,DSTYK,NGEF,PRDX5,NIPBL,ABTB2,RCHY1,IFFO1,GALNT3,SGMS1,TAS2R50,CLIC4,WWTR1,SAMHD1,ZNF385A,KANK2,TIPARP,GORASP2,C2CD3,TENM4,ACOT11,PLEKHG3,IPCEF1,PPP1R16B,AUTS2,ANKRD17,WIPI2,LDLRAP1,EPC2,TCTN3,ZBTB20,LRRC32,ABCA12,NOC2L,IFT172,RGS22,NPHP4,OR1F2P,PITPNC1,STAP1,TIAM2,GATA3,CLEC4E,FBXO22,FBXO8,SERGEF,OR5L2,GCG,GCH1,NUPR1,KAT2A,NR6A1,PLEK2,GCNT2,LATS2,GDF1,RGS17,PCOLCE2,GDF10,GDI2,RGL4,AMFR,GFI1,GFRA1,HBP1,CYFIP2,ABL2,NPTN,ATP2C1,LAT,PELP1,STAU2,VPS41,FOXP1,SDCBP2,PDE7B,AFF4,CYTH4,SNX5,SIGLEC9,DISC1,C5AR2,TNFRSF21,SESN1,SULT1B1,GCLC,CRCP,BMP10,RBMS3,RAB30,TNRC6A,P2RY10,GLG1,STK39,SGSM3,GLI2,GMDS,GNA12,GNA15,GNAI2,GNAI3,GNAQ,GNB1,GNG7,GNL1,GNRHR,SFN,GP1BB,GPD1,GPLD1,OR51B5,STK32C,RASSF3,SLC39A5,ADGRD1,KSR2,SLC46A3,GPR17,METRNL,LAMA1,CXCL17,GPR21,VSTM1,SH2D6,RNF149,ANGPT2,NKIRAS1,RUFY4,EPHA6,C3orf33,GPR35,ANK1,NSMCE2,GPR37,SCARA5,SCAI,FFAR3,GRK4,GRK5,GRK6,GPX2,GPX4,ANK3,GPX5,GRB10,RAPGEF1,GRID2,GRN,GIT1,GRIK1,GRIK2,IFT81,RGCC,DBNL,MACROD1,HIPK2,ABR,GRIK4,SETD2,NR3C1,ARHGAP35,TBK1,CLEC2D,CD274,UHRF1,GRM4,GRM7,GRM8,GRPR,GSK3B,GSN,GSTA3,GSTM1,GSTM4,GSTZ1,BLNK,USP25,TMOD2,GUCY1A1,GUCY2C,SNX10,GPR171,PYCR2,GPR132,OSGIN1,SLC25A24,LRP12,MDFIC,SCHIP1,PILRB,PILRA,ANXA1,HCK,HCLS1,HCRTR2,HTT,ANXA4,HEXA,NRG1,PIK3R4,ANXA6,HIC1,HIF1A,HIP1,HIVEP1,HK2,ACACA,HLA-DPB1,HLA-DQB1,HLA-DRB1,HLX,HMGCR,HMGA1,AOX1,HNRNPD,HNRNPK,HNRNPU,APBB2,HRH1,HRH2,HSPG2,NDST1,HTR2B,HTR3A,HTR7,HUS1,UBAC2,ICAM1,TAFA2,IRF8,BRINP3,ID3,STING1,IDE,GLDN,FCRL6,SH3RF3,LRIT3,IFNAR2,IFNG,IFNGR2,MACC1,IGF1R,ANKDD1A,IGF2R,IGFALS,GEN1,IGFBP7,APP,RBPJ,CASTOR3P,RILPL1,TICAM2,FAS,IL1A,IL1R1,IL1RAP,IL6R,IL7R,IL10,IL15,IL15RA,IL16,INHBA,INHBC,INPP1,INPP4A,INPP5A,INPP5B,INPP5D,ITGA6,IRAK2,AQP9,IRF4,IRF7,ITGA1,ITGA2,ITGA5,ITGA9,ITGAE,ITGAL,ITGAM,ITGAV,ITGB1,ITGB2,ITGB5,ITPK1,ITPKB,ITPR1,ITPR2,JAK1,JAK3,JARID2,KARS1,TBC1D10C,KCNB1,KIF7,MIA3,KCNE1,STIMATE,NRROS,MAST4,ERCC6L2,KCNJ10,KCNQ1,KIF5B,ARG1,KPNA1,KRT8,KRT13,SUMO4,SCIMP,CCL4L1,C1QTNF12,NOTCH2NLA,GFRAL,OR51I1,OR8K1,LAG3,OR4F15,LAMA2,RHOG,OR10K1,LAMB1,LAMP1,OR13C2,LCK,LCP2,LDLR,LEPR,LETM1,LFNG,LGALS1,LGALS3,LGALS3BP,ARHGDIB,LIG4,LIMK1,LIMS1,RHOH,ASIC2,LMNA,LMO2,LNPEP,LPL,LPO,OR2T27,OR5K4,DEFB133,LRP1,LRP2,LRP6,LRP5,LSP1,LTBP1,LTF,CD180,LYN,MIRLET7B,MIR140,MIR143,MIR145,MIR17,MIR18A,MIR185,MIR195,MIR19A,MIR19B1,MIR20A,MIR200C,MIR21,MIR214,MIR302A,MIR30A,MIR92A1,ARRB1,SMAD1,SMAD2,SMAD3,ARRB2,SMAD6,SMAD7,ASIC1,MAN1A1,MARK3,MAX,MB,MBP,MCC,MCL1,MCM2,MCM5,MDM4,MEF2A,MEF2C,MEFV,MAP3K1,MAP3K5,MFAP4,MGAT3,MGAT5,MGMT,MID1,MITF,ATXN3,MKLN1,MLLT3,AFDN,TRPM1,MME,MMP2,MMP8,MNAT1,MPG,MPL,MPO,ABCC1,CARD17P,IQSEC3,PLEKHG7,CCDC88C,EIF2AK4,RHEX,TRIM67,MAP1LC3C,MIR302C,MSH3,MSR1,MSRA,NUDT1,MUC4,MUTYH,MX1,MYB,MYLK,MYO1C,MYO1E,MYO5A,MYO6,MYO9B,PPP1R12A,PPP1R12B,ATF3,CEACAM6,NBL1,NCK1,NDUFS2,NEDD4,SEPTIN2,NEDD9,NEO1,NF1,NFATC1,NFIA,NFATC3,NFE2,NFIL3,NFKB1,NGFR,NINJ1,NKG7,NOS3,CNOT2,NOTCH1,NOTCH2,NOTCH3,NOTCH4,NPC1,NPPA,ATP2A2,ATP2A3,NTHL1,ROR1,NTS,NUCB1,NUMA1,NR4A2,ATP2B4,TIFAB,OPA1,OPRM1,OR3A2,OSM,P2RX1,P2RX3,P2RX4,P2RX7,P2RY6,P4HB,PEBP1,FURIN,PCSK6,RRM2B,MINK1,CHST11,PRDX1,IL21R,PAK2,PALM,PNPLA8,ARHGEF3,REG3A,PRKN,PAWR,PAX2,PDE11A,SLC35C2,ZBTB7B,PCK2,SIDT2,SH3GLB1,ASB3,CHCHD2,PCNT,LEF1,PLCE1,ZNF219,CRIM1,SHISA5,CLEC1A,TFDP3,CD320,ZDHHC3,WAC,FZR1,TAOK3,MBTPS2,UBR5,TEX264,ANGPT4,PDE2A,PDE3B,PDE4A,BIN2,PDE4B,PRKAG2,PDE4D,PDE6A,EVL,PDE7A,DTL,PDE9A,CXXC5,ZC3HC1,PDGFA,VPS54,PDGFB,CINP,ACKR4,PEX5L,HDAC7,CYRIB,PDK4,ASB4,ASB2,SUFU,PDPK1,NLK,CAB39,UIMC1,RAPGEF6,WWOX,CD244,INPP5K,TM7SF3,MAP3K20,PEX14,PFDN5,PFKP,CDK14,PGAM2,PHB1,SERPINB6,PIK3C2B,PIK3C2G,PIK3C3,PIK3CB,PIK3CG,PIK3R1,PI4KA,PI4KB,PIP4K2A,PKLR,PKHD1,PKM,PLA2G4A,PLAT,PLAUR,PLCB2,PLCB4,PLCD1,BCL11A,PLCL1,UBASH3A,PLCG1,SHC3,PLCG2,PLEC,PLN,PLP2,PLXNA1,PLXNA2,S1PR5,PLXNB1,PNOC,PML,PMS1,TRIM34,TSPEAR,TLR9,POLE3,SEPTIN4,ERRFI1,KCNK10,TREM1,POLE,GPR173,GNG2,SSH1,RIN2,XRN1,MIOS,POR,TOLLIP,RBM47,RHOF,APBB1IP,SHLD2,EGLN1,INO80,PPARA,PPARD,PPARG,PPBP,LEPROT,ZRANB1,AHI1,BCAS3,BSPRY,WBP1L,APTX,EPS8L1,FNBP1L,PLPPR1,NSUN2,RNF43,LAX1,MKS1,PPM1A,OCIAD1,PARP16,ADISSP,PPP1CA,TESC,PID1,PHIP,BANK1,USP47,NRDE2,ZWILCH,WIPI1,RALGPS2,ARHGAP17,PPP1R10,LRRC8D,TMEM38B,ARHGEF10L,TMEM33,PPP2R1A,RNF220,PPP2R1B,PBRM1,APPL2,PLEKHG6,EXD2,NEIL3,ELP2,ASXL2,THNSL2,PPP2R5C,UBE2W,PPP2R5E,FBXW7,RNF121,PPP3CA,PPP3CC,WDR33,ZGRF1,TCP11L1,STK32B,IMPACT,LGR4,SIRPG,PRCP,MAML3,NAGK,SUPT20H,DDX60,CDKN2AIP,PRR5,DOCK10,ZDHHC7,AMBRA1,PRKAA2,SLC39A4,LRRC40,RAB20,PRKACA,NPLOC4,DENND4C,PPP4R3A,LIMS2,SCYL2,VAC14,RADIL,CCDC88A,LMBR1L,SLF2,PRKAR1A,PARVA,PRKAR1B,INTS9,UGGT2,PRKAR2A,INAVA,PRKAR2B,TDP1,PRKCA,PRKCB,TRERF1,PRKCE,PAG1,PRKCH,PRKCI,WWC3,ARHGAP15,TEX2,ASH1L,WSB2,LMO3,GPRC5C,MYNN,PRKCZ,PRKDC,ERBIN,RCC2,MAPK1,SULF2,MAPK6,GNG12,MAPK8,MAPK10,MAPK13,PDGFC,MAP2K1,MAP2K2,MAP2K5,DNAJC3,TEX14,PRL,PRLR,LRRC8A,WDR45B,PARD3,AZU1,PSAP,PSEN2,TRIM39,RETN,FMN2,SLAMF8,SPHK2,CELF4,DPYSL5,WRNIP1,ANKS1B,SPIRE1,NCLN,SPPL2B,PMEPA1,DUSP22,MFF,SMYD2,RGMA,PRDM11,PSMG2,CDC42SE2,CTNNBIP1,PDXP,PLSCR3,KNL1,AGTRAP,CASS4,CAMK1D,LPAR5,CD177,MAN1C1,RGL3,RTN4,RALGAPB,SLC44A2,SMURF1,PELI2,PELI1,ZMIZ1,RALGAPA2,ADGRG6,PPP4R3B,PTEN,PTGER2,PBXIP1,PTGER3,AICDA,TMIGD3,RHBDD2,PTGS2,MIR497,MIR520C,BIRC6,TENM2,PTH2R,PTK2,GRAMD1B,PLEKHG1,NLN,AHRR,ARID1B,KIDINS220,MTUS1,ARHGAP31,RPTOR,SRGAP1,NYNRIN,PTK6,MIB1,ELAPOR1,SORCS2,WDR35,NCEH1,SEMA6A,STAMBPL1,SIPA1L2,ARHGAP20,PREX1,ARHGAP21,WDFY1,BEGAIN,ADGRB2,FNIP2,VPS18,SHROOM3,SH3RF1,EP400,UVSSA,GRAMD1A,PLEKHA4,RNF213,CHD8,SHTN1,CPNE5,ADGRB3,PTPN1,DENND1A,EPG5,ZFYVE28,PTPN3,SCUBE2,PTPN7,MARK4,RAB40C,PTPN11,GRHL3,PTPN13,PTPRA,PTPRC,PTPRD,PTPRE,PTPRG,PTPRJ,PTPRK,PTPRM,PTPRN2,PTPRO,NECTIN2,CXCL16,PEX2,PXN,PEX5,MS4A7,ARHGAP22,CACTIN,RRAGD,LY6G6D,MAP4K2,RAC2,RAD21,RAD23B,RAD51B,MOK,RAD51D,RAD52,RAF1,RALB,ACTA2,RALGDS,RAP1B,RAP1GAP,RAP1GDS1,RARA,RARG,RASA1,RASGRF1,RB1,RBL1,HRH4,TRPV4,ALOXE3,RXFP1,LGR6,RCVRN,BCL2,UPF1,BCL2L1,RFX2,RGS3,RGS10,RGS12,RGS13,RHEB,BCL3,AVPI1,BCL6,BCL7A,PAPPA2,ROBO1,RORA,RORC,RPE65,RPL3,BCR,RPS3,RPS6KA1,RPS6KA2,RSU1,RXRA,RYR1,RYR3,S100A1,SORT1,S100A4,S100A6,S100A9,S100A11,S100A13,SAG,ATXN7,SCNN1A,CEACAM1,CCL3,CCL13,BICD1,CCL18,CCL22,BID,BIK,UBE2O,PIEZO2,SEC14L1,PRDM16,SECTM1,MYO1G,SELE,PERP,SLC28A3,GOLPH3,BLM,NPFFR1,NOD2,IFIH1,MAP2K4,SEMA4A,HERPUD2,MS4A6A,ARHGEF28,SRSF7,LMBR1,ARHGAP9,NXN,ZNF106,PALS1,RGS18,SFTPD,DCLRE1C,SGK1,SGTA,ITSN1,SH3GL1,CLEC7A,SHB,SMYD3,MTARC1,CREB3L2,MEAF6,SIAH1,SIAH2,MICAL1,AEN,CRTC3,DEPTOR,MARCHF7,NIBAN2,RASAL3,SIPA1,SKI,NDRG4,SKP2,SLA,RAPH1,SLC1A2,SLC1A7,WNK1,SLC2A1,SLC2A4,SLC2A5,NADK,SLC6A9,SLC8A1,BMP7,SLC11A1,SLC12A3,SLC34A1,SLC20A1,BMPR1B,SLIT3,BMPR2,SMARCA2,SMARCA4,PHACTR4,SMARCC1,SMARCD1,SMARCD2,SNCA,SOD1,SORL1,SOS1,DST,SP100,SPI1,SPN,SPTBN1,SRC,SREBF1,SREBF2,BRAF,SRPK1,SSRP1,DENND2B,STAC,ZFP36L1,STAT3,STAT5B,STK3,STK4,STRN,SULT1A1,BSG,SYK,SYT1,TBXT,ADAM17,TAF6,TAF10,TBL1X,TBX6,TCF7,TCF7L2,TDG,TEAD3,TEC,TMBIM6,TEK,TERF2,TFPI,TG,TGFA,TGFB1,TGFBR1,TGFBR2,TGFBR3,TGM2,THBS1,TSPO,THRA,THRB,TIAM1,TIE1,TIMP3,TLE1,TLE2,TLE4,TLN1,TLR5,GPR137B,TNFAIP3,TNFAIP6,TNFRSF1A,TNFRSF1B,TNNI3,TNXB,TOP2B,TP53BP2,TP73,TPD52L1,TPO,TPR,TPT1,NR2C2,TRAF1,TRAF2,TRAF3,TRAF5,TRAF6,C3AR1,TRIO,TRPM2,TSG101,TSHR,CAPN5,DNAJC7,TTN,DEFA1B,CCR2,TNFRSF4,TXK,TXNRD1,MOSMO,ACOD1,RFX8,UBA7,UBE2D3,UBE2L3,UBE2V1,UCP3,UGCG,UPP1,UVRAG,VAV2,VDAC1,VIM,VRK2,VWF,WFS1,NSD2,DAGLA,WNT8B,WRN,WT1,XPC,XRCC2,XRCC3,XRCC4,XRCC5,LDLRAD4,YWHAG,YWHAH,YWHAZ,ZFP36,PTTG1IP,CA2,RELL1,CACNA1A,CACNA1C,CACNA1D,ZNF236,ZP3,LAPTM5,CACNA2D1,CACNB1,PXDN,RNF103,TUBA1A,PAX8,CACNB4,MAPKAPK3,USP7,RAB7A,OTUB2,CYREN,NABP2,PVRIG,FTO,CARD14,MAPKAP1,DERL1,BAG6,OR13A1,FCRL2,EPS8L3,TMEM231,TCTN1,ADIPOR2,RNASEH2B,NDNF,SH3TC2,RHBDF2,TMEM204,ARHGAP10,DYNC2H1,NLRX1,LRRK1,TBL1XR1,ASB13,ZNF668,MCTP1,FBXO31,GSDMD,TTC21B,MMRN2,MOB3B,CAMKMT,NHEJ1,NEK11,RABEP2,UBA5,CAAP1,RIN3,PRR5L,BTNL8,ACTR5,DOK3,KAT6A,ATAT1,WLS,SVEP1,DOCK5,SLC8B1,SEMA6D,ADAMTS20,CALM1,BICC1,VCPIP1,NR4A3,ARMC9,ALPK1,EDEM3,STAM,HSD3B7,CDK5RAP3,NCOA4,PDGFD,EPC1,CPEB4,ZKSCAN3,PNPLA3,SEL1L2,CD276,CSRP3,MPIG6B,NDFIP1,EEPD1,DUSP16,APOL3,SH3BP5L,ACTN4,WNT5B,ZBP1,COLEC12,CALR,DPF3,ANP32A,SLC7A5,DCSTAMP,HM13,TRIM11,CLPB,ANKRD13C,SNX27,CAB39L,ITM2C,KAZALD1,CAMK2D,ADAMTS12,NRIP1,CANX,CAPN1,CAPN3,TRRAP,KLRC4,AXIN1,CASP1,FCRL4,APH1B,ARHGAP24,PLVAP,CASP2,RASSF5,CCM2,CCDC3,SESN2,FERMT3,ATG10,ITCH,FRMD8,MAD1L1,KCTD10,CASP6,STK40,RASSF4,IMMP2L,SLC4A11,NCALD,KREMEN1,CASP7,ADGRV1,DTNBP1,ANKRD27,ULK1,EEA1,BCAR3,LRRIQ1,ZNRF3,PPP1R1B,ARID5B,NLRC5,SLA2,CMAHP,LRRC8C,TRAF7,SLF1,GARNL3,FLYWCH1,SLC25A33,STK24,RNF135,PRXL2A,CASP10,CHCHD6,BRMS1L,VPS25,HVCN1,RASAL1,NSMAF,NCK2,ECRG4,CARD11,ADGRA1,MAML2,DOT1L,LZTS2,SYVN1,LCOR,SLX4,FAM120B,CASQ2,SPIRE2,CUL3,CUL1,CASR,KLF11,TTBK1,IL1F10,SUPT3H,DGAT2,USP32,MS4A14,SPATA22,CAT,GPT2,GPR65,SEMA7A,ADTRP,KLHL22,HAVCR2,ORAI1,MFSD2A,AIFM2,TMTC4,MAP4K3,ZFYVE19,ZNRF1,HSH2D,MAEL,CGNL1,UBASH3B,DISP1,PPFIA1,PARG,CNTNAP1,ITGA8,DGKZ,DGKE,DGKD,LGALS12,NKD1,ITPRIP,CDC14B,MADD,CAV1,SCARF1,RUNX2,KLF7,PLPP1,PLPP3,STC2,NPFF,CDK13,RFXANK,UNC5C,OASL,DCHS1,PTCH2,AKR1C3,NCOA1,TNKS,EIF3A,BECN1,PEA15,MARCO,S1PR4,ABCC3,MBTPS1,CTNNAL1,GBF1,MYOM1,CRADD,TNFSF12,TNFSF10,CBS,ADAM9,FADD,TNFRSF11A,TNFRSF10C,TNFRSF10B,TNFRSF10A,IL18RAP,IL1RL2,IL18R1,HESX1,IQGAP1,NRP2,NRP1,SYNGAP1,SOCS2,CFLAR,CCN4,HDAC3,KSR1,KAT2B,NR1I2,STK19,LDB1,CCKBR,ARHGEF7,VNN1,NAE1,MTMR3,MTMR2,CPNE1,AP1M1,HERC2,MBD2,SKAP2,BTRC,CCND3,USP13,UMODL1,FGD3,MVB12B,KLHL6,RPS6KA4,PLCZ1,TRIM15,PGLYRP1,LIMD1,TNFSF18,KALRN,ACVR1,SYT8,MPZL1,OTULIN,BAZ1B,CCRL2,SEMA5A,SPAG9,DOK2,AIP,PSTPIP1,MCU,STARD13,ANGPTL1,ASH2L,DIRAS3,PIP4P1,USP10,USP8,MTA1,LATS1,ARHGEF1,CBFA2T2,FAAP24,RNF185,SYNGR1,RSAD2,FIBP,CD3E,CHURC1,DEPDC7,IL1RL1,MAP3K13,MYLK3,DDX21,CD247,DCLK1,CD5,LARGE1,VAPB,VAPA,MAGI1,STYXL2,RCSD1,DLGAP1,CD6,SPSB4,DHRS3,NUMBL,MFHAS1,MOB1B,MAPKAPK2,STK17B,CYTH1,ITGB1BP1,DNER,BPIFB1,HELB,SHKBP1,CD9,TAAR3P,S1PR2,SOCS6,CD83,NREP,COPS2,TRIP13,TRIP12,TRIP4,CD22,ITGBL1,CPNE6,TADA2B,ARHGAP18,NHERF1,PLAA,NRXN1,NRXN2,CD27,NMT2,ACVRL1,RECQL5,GRAP2,SELENOF,HTRA3,CD80,RP1L1,CD86,GSTO1,AIM2,MAP4K4,LY86,EIF2AK3,HOMER2,ARHGEF6,RASAL2,PICK1,AKAP7,SH3BP5,CD34,AKAP6,ATG5,CD36,STX8,MAGED1,RPH3AL,ADAMTS3,CD38,EEF1E1,MACROH2A1,CHD1L,GTPBP1,CLOCK,BABAM2,CDC42BPB,AKAP12,CD44,NCOR2,ABCG1,FEZ2,ARHGEF10,ZNF592,MORF4L2,FNIP1,CTR9,PPM1F,RALGPS1,CD58,CD59,LPIN2,MARF1,TTI1,PHF14,FAM53B,CD68,DEPDC5,N4BP1,VGLL4,NUP93,RAPGEF2,EDEM1,PUM1,RIMS2,ST18,NOS1AP,HDAC9,USP34,SETD1A,CD79B,IFT140,ARHGAP32,CD81,RIPOR2,HDAC4,ADGRE5,SUSD6,RAPGEF5,BCLAF1,ATG13,CDA,PIEZO1,KIAA0586,MTSS1,MAML1,GIT2,RB1CC1,MELK,ZEB2,TESPA1,ELMO1,GAB2,C2CD5,FARP2,MAGI2,PJA2,TLK1,TBC1D4,SRGAP3,SEC16A,RNF10,IQSEC1,ZBTB40,KIF14,P2RY14,DCLRE1A,ARHGAP25,GFPT2,USP15,USP3,MVP,SLC23A2,TNFSF15,NR1H4,CDH1,SLC12A6,CASP8AP2","Sputum_Mixed granulocytic"
"BP","phagocytosis",234,99,9.23459059383803e-05,0.0161420643580289,"RACK1,VAV3,MERTK,CEBPE,LMAN2,RAB31,CORO1A,LYST,CLCN3,ADORA2A,SIRPA,CSK,DNM2,DOCK1,DOCK2,ABCA1,PLPP4,ANO6,ELANE,UNC13D,FGR,RAB11FIP2,CD93,PIP5K1C,CORO1C,ABL1,FYN,STAP1,XKR6,GSN,ANXA1,HCK,ANXA11,ICAM3,IRF8,IFNG,TICAM2,IL15,IL15RA,ITGA2,ITGAL,ITGAM,ITGAV,ITGB1,ITGB2,XKR5,XKR9,LDLR,LEPR,LIMK1,MYO18A,LRP1,LYN,MIR17,MIR20A,MSR1,NCF2,NCF4,P2RX7,P2RY6,BIN2,GULP1,PLCG2,APPL2,SIRPG,PIP4P2,LYAR,RAB20,PRKCE,AZU1,CDC42SE2,CAMK1D,PTK2,PTPRC,PTPRJ,RAB27A,RARA,BCR,MYO1G,NOD2,SFTPD,CLEC7A,SLC11A1,SOD1,SRC,SYK,TGM2,THBS1,C2,TULP1,CCR2,VAV2,RAB7A,COLEC12,CALR,DYSF,BECN1,MARCO,ATG5,CD36,ELMO1,CD302,ARHGAP25","Sputum_Mixed granulocytic"
"CC","endosome",1043,380,9.67640873192454e-05,0.0167852451926911,"PDCD6,C8orf44-SGK3,ABCC5,ABCB6,ATP9A,WASF2,TNK2,CALCRL,STX6,AP3S2,VPS26C,NDRG1,TAB1,GPNMB,STAMBP,RAB10,EHD1,AP3M2,RAB31,ADAM30,CORO1A,NISCH,HPS5,PACSIN2,VPS26B,VPS45,SLC46A1,RNF13,OSBPL1A,OSBPL9,MARCHF3,WDFY2,RAB3C,AGAP2,AP2S1,RFFL,AP3S1,CLCN3,ANTXR2,CLCN6,TPP1,TMEM45B,SLC15A4,CLTC,PLA2G4E,SNX20,WDR81,TBC1D16,PPP1R21,SLC31A2,OCIAD2,CLVS2,VPS37A,CRHBP,CRHR1,VTI1A,TOM1L2,CTNS,ENTHD1,COMMD1,CTSB,CTSE,CTSH,SLC38A9,VPS13B,CLVS1,DGKH,DGKQ,AP2A2,AP1B1,ECE1,ABCA1,LPAR1,EGFR,SERPINB1,ABCA2,UNC13D,RAB12,C9orf72,EPS15,AKT2,ABCA3,TPCN2,MARCHF8,FCGR1BP,FCGRT,ZNRF2,RAB11FIP2,LMTK2,INPP5F,EPN2,TRAK1,TNIK,GGA2,AVL9,TBC1D2B,TAB2,NCDN,SNX13,RFTN1,MLC1,FLT1,ATP11A,CLEC16A,MGRN1,EHBP1,FKBP15,NEDD4L,VPS39,VPS8,PIP5K1C,AP4E1,LEPROTL1,ZFYVE26,ATP6V0A2,TSPAN15,CORO1C,RUSC1,PLD3,SGK3,ACKR1,FYN,WDR72,CNTNAP2,GGA1,LDLRAP1,GAPVD1,STEAP2,GFRA1,VPS41,LAMP3,TRAPPC3,SNX5,BIN1,RNF149,SLC9A9,RAPGEF1,GRN,DBNL,TMEM230,CD274,ZDHHC1,SNX8,SNX10,ANXA1,ANXA2,HTT,EHD4,PIK3R4,ANXA6,HLA-DOB,HLA-DPB1,HLA-DQA1,HLA-DQA2,HLA-DQB1,HLA-DQB2,HLA-DRA,HLA-DRB1,HLA-DRB5,APBB2,RAB37,STING1,IGF2R,APP,TICAM2,IL15,IL15RA,INPP4A,INPP5B,IRAK2,IRF7,ITGB1,JAK1,JAK3,ATP9B,KCNQ1,LAMP1,LDLR,LNPEP,SNX30,LRP1,LRP2,LRP6,LTF,MME,MYO1B,MYO1D,MYO5A,MYO6,NCF4,NGFR,NPC1,OPRM1,FURIN,VPS28,MARCHF2,ATP6V1D,TRAPPC4,ANKFY1,VTA1,ACKR4,ATP6V1H,RAB8B,PHB1,PIK3C3,PI4KB,ATP6V0B,TPCN1,PML,TLR9,YIPF1,TOLLIP,LEPROT,BLTP3A,PXK,CMTM6,OCIAD1,CLN6,MARCHF1,EPN3,PLEKHB2,VPS37C,WIPI1,PLEKHJ1,APPL2,VPS53,LAPTM4B,PI4K2A,PIP4P2,VPS50,SLC39A4,SLC48A1,SCYL2,MREG,VAC14,PRKAR1A,PRKAR1B,PRKCI,PRKCZ,RCC2,MAPK1,MAP2K1,MAP2K2,PRL,PRLR,PSAP,PSEN2,SPPL2B,PMEPA1,VPS35L,RAB25,SNX14,BIRC6,KIDINS220,TBC1D14,ELAPOR1,SORCS2,STAMBPL1,WDFY1,RELCH,VPS18,PTPN1,WDFY4,ZFYVE28,RAB40C,RAB5B,RAB27A,RAP1GAP,TRIM27,CLIP1,SORT1,KIF13A,TRAPPC2,GOLPH3,RBSN,RAB17,SFTPD,WIPF3,ITSN1,ARRDC5,SH3GL1,SIAH2,SLA,VPS33A,SLC2A4,SLC6A9,SLC9A3,SLC11A1,SLC34A1,CHID1,TRAK2,SNX1,SNX2,SORL1,SRC,DENND2B,BSG,TGFBR1,TRAPPC10,TPT1,TRAF3,TRAF6,TSG101,TYRP1,UBE2D3,UVRAG,DAGLA,LDLRAD4,TUBA1A,RAB7A,DERL1,FYCO1,VPS37B,MCTP1,RABEP2,RIN3,WLS,RAB11FIP1,STAM,CUBN,NDFIP1,DCSTAMP,SNX27,SBF2,CLTCL1,DYSF,PICALM,APH1B,TRAPPC9,ITCH,STARD3NL,DTNBP1,MYCBPAP,ANKRD27,ULK1,EEA1,STX7,SLA2,VPS25,HPS3,RAB11FIP4,HAVCR2,ZNRF1,CST7,MICALL1,CAV1,HSD17B6,AOC3,BECN1,NRP1,ANKRD13A,MTMR2,AP1M1,MVB12B,ATP6V0E1,SNX21,PIP4P1,USP10,USP8,CD1D,RCSD1,DNER,NEURL3,CD22,CPNE6,TM9SF2,GRAP2,PICK1,STX8,SCARB2,TMEM59,CYTIP,ABCG1,CD68,CLINT1,RAPGEF2,RAB11FIP3,LAPTM4A,ARHGAP32,TBC1D5,RNF144A,PLEKHM1,MAGI2,FCHSD2,FIG4,RABGAP1L,DOP1B,CDH1","Sputum_Mixed granulocytic"
"BP","positive regulation of leukocyte differentiation",184,82,0.00010696582521711,0.0182359862764363,"ADA,RASGRP1,BTN2A2,KAT5,MALT1,LILRB4,DUSP10,NLRP3,CCR1,PPARGC1B,CREB1,ZBTB46,PIK3R6,TMEM64,FOS,GATA3,GLI2,ANXA1,HCLS1,HLA-DRA,HLA-DRB1,HLX,IFNG,IL7R,IL10,IL15,IL15RA,INPP5D,ITPKB,RHOH,MIR145,MIR21,NEDD9,NOTCH2,ZBTB7B,LEF1,SASH3,TESC,PBRM1,PPP3CA,AMBRA1,PRKCA,PRKCZ,PRKDC,CTNNBIP1,ZMIZ1,ARID1B,RPTOR,PTPRC,RARA,RB1,BCL6,VSIR,KLHL25,SHB,SMARCA2,SMARCA4,SMARCC1,SMARCD1,SMARCD2,SOX12,SPI1,ZFP36L1,STAT5B,SYK,TGFB1,TGFBR2,TRAF6,ZBTB16,DCSTAMP,RUNX1,RUNX3,CBFB,FADD,IL1RL2,VNN1,CD83,CD27,CD80,CD86,TOX,TESPA1","Sputum_Mixed granulocytic"
"BP","positive regulation of hemopoiesis",184,82,0.00010696582521711,0.0182359862764363,"ADA,RASGRP1,BTN2A2,KAT5,MALT1,LILRB4,DUSP10,NLRP3,CCR1,PPARGC1B,CREB1,ZBTB46,PIK3R6,TMEM64,FOS,GATA3,GLI2,ANXA1,HCLS1,HLA-DRA,HLA-DRB1,HLX,IFNG,IL7R,IL10,IL15,IL15RA,INPP5D,ITPKB,RHOH,MIR145,MIR21,NEDD9,NOTCH2,ZBTB7B,LEF1,SASH3,TESC,PBRM1,PPP3CA,AMBRA1,PRKCA,PRKCZ,PRKDC,CTNNBIP1,ZMIZ1,ARID1B,RPTOR,PTPRC,RARA,RB1,BCL6,VSIR,KLHL25,SHB,SMARCA2,SMARCA4,SMARCC1,SMARCD1,SMARCD2,SOX12,SPI1,ZFP36L1,STAT5B,SYK,TGFB1,TGFBR2,TRAF6,ZBTB16,DCSTAMP,RUNX1,RUNX3,CBFB,FADD,IL1RL2,VNN1,CD83,CD27,CD80,CD86,TOX,TESPA1","Sputum_Mixed granulocytic"
"BP","positive regulation of hydrolase activity",498,190,0.000107534860105724,0.0182359862764363,"TANK,PDCD6,RASGRP1,NET1,CCL26,NOD1,DLC1,RACK1,RAPGEF3,SEMA4D,ANP32B,MALT1,MAPRE2,RIPK3,RAPGEF4,TBC1D8,NLRP3,ARAP1,AGAP2,AGAP1,AGAP11,TBC1D16,TBC1D20,ADRA1A,CTSH,DAP,DAPK1,AGTR1,ECT2,LPAR1,EGFR,ARHGAP27,CCDC125,C9orf72,EPHA1,AKT1,ESR1,EZH2,FGFR2,RAB11FIP2,NLRP1,CARD8,RAB3GAP1,TBC1D9B,SIPA1L3,TBC1D2B,RAP1GAP2,GRAMD4,TBC1D9,SNX13,RGL1,FLT1,DOCK9,SCRIB,ARHGAP45,CORO1C,MTOR,FYN,TBC1D22A,NGEF,TIAM2,RGL4,CYFIP2,ABL2,SGSM3,GNA12,GNA15,GNAQ,GPLD1,RAPGEF1,GRN,ABR,GSK3B,GSN,HIP1,HTR2B,IFNG,FAS,ITGA6,ITGA1,ITGB1,TBC1D10C,CCL4L1,RHOG,LCK,LIMS1,LYN,MIR17,MIR195,MIR21,MIR92A1,SMAD3,MBP,MEF2C,MEFV,MAP3K5,ASPH,MMUT,PPP1R12A,NF1,NGFR,ATP2A3,P2RY6,PDCD2,PDPK1,RAPGEF6,PHB1,PLCB2,PLXNB1,PPARG,ODAM,RALGPS2,TBC1D2,ASAP3,DOCK10,TBC1D22B,PSAP,RGL3,RALGAPB,RALGAPA2,TBC1D14,SIPA1L2,PREX1,RIC1,GBA3,PTPRC,ARHGAP22,RALGDS,RAP1GAP,RAP1GDS1,RASGRF1,RGS10,ROBO1,BCR,RPS3,RSU1,S100A9,S100A10,CCL3,CCL13,CCL18,CCL22,BID,SELE,PERP,VSIR,CLEC7A,SIPA1,AGAP7P,MTMR9,SNCA,SOS1,STAT3,CDKL5,SYK,TGM2,TIAM1,TXK,WRN,LAPTM5,EVI5,CALM1,PICALM,CASP1,APH1B,ARHGAP24,CASP2,TBC1D10A,BCAR3,GARNL3,CASP10,TTBK1,GPR65,PKP4,S1PR4,CRADD,TNFSF10,FADD,ARHGEF7,PLAA,CD86,AIM2,MAP4K4,EIF2AK3,ARHGEF10,PPM1F,RALGPS1,RAPGEF2,ST18,USP6NL,RAPGEF5,TBC1D5,MAGI2,TBC1D4,ARHGAP25,TNFSF15,CASP8AP2","Sputum_Mixed granulocytic"
"BP","extrinsic apoptotic signaling pathway",229,97,0.000113885120904442,0.0191698184254262,"BCL2L11,C8orf44-SGK3,ZMYND11,FAF1,RFFL,TMC8,CYLD,DAPK1,DAXX,DEDD2,CTTN,HIPK1,AKT1,EYA1,EYA2,EYA3,UNC5B,FAIM2,SGK3,GCLC,GSK3B,HTT,ICAM1,IFNG,FAS,IL1A,IL6R,INHBA,ITGA6,ITGAV,KRT8,GFRAL,LGALS3,LMNA,SMAD3,MCL1,ATF3,NF1,NOS3,P2RX7,PAK2,ZDHHC3,ZC3HC1,PDPK1,WWOX,PIK3R1,PML,PPP1CA,PHIP,PPP2R1A,PPP2R1B,MAP2K5,PTEN,BIRC6,SH3RF1,PTPRC,RAF1,BCL2,BCL2L1,SORT1,BID,SIAH2,DEPTOR,BMPR1B,SP100,SPI1,SRC,STK3,STK4,TCF7L2,TGFB1,TGFBR1,THBS1,TIMP3,TNFAIP3,TNFRSF1A,TNFRSF1B,TRAF1,TRAF2,ITM2C,CASP2,CASP10,ITPRIP,MADD,CAV1,PEA15,CRADD,TNFSF12,TNFSF10,FADD,TNFRSF10C,TNFRSF10B,TNFRSF10A,NRP1,CFLAR,ACVR1,CD27,RB1CC1,CASP8AP2","Sputum_Mixed granulocytic"
"BP","negative regulation of immune response",204,80,0.000132823537254115,0.0221932504453126,"CD96,ADAR,LILRB1,SPINK5,LILRB4,IRAK3,DUSP10,PGLYRP2,COL3A1,PARP1,MAPK14,RC3H1,CD55,AHR,NLRC3,A2M,AKT1,FER,FGR,DTX4,FYN,YTHDF3,SAMHD1,GPR17,GRN,ANXA1,HCK,HLA-DRB1,HLX,IL7R,IL10,INPP5D,JAK3,ARG1,LGALS3,LYN,MIR19A,MIR19B1,MIR21,ARRB2,SMAD7,FURIN,ZBTB7B,PDCD1,PLCG1,PPARG,LYAR,PRKDC,PSMA1,SLAMF8,DUSP22,PTPRC,CACTIN,TRIM27,BCL6,BCR,CEACAM1,SAMSN1,NOD2,SPI1,SPN,SRC,SYK,TGFB1,SERPING1,TNFAIP3,CCR2,ACOD1,YWHAZ,RHBDF2,NLRX1,SVEP1,NDFIP1,NLRC5,ZDHHC18,HAVCR2,CD84,PGLYRP1,TNFSF18,IL1RL1,CD80,ATG5,CD59,USP15","Sputum_Mixed granulocytic"
"BP","signal transduction",5923,1820,0.000141573149057618,0.0234825418918635,"ADA,AKT3,ABI1,TANK,LRRC69,INSYN2B,C17orf99,PDCD6,BCL2L11,RANBP9,KLRC4-KLRK1,MICOS10-NBL1,C8orf44-SGK3,DNM1L,TSPAN32,GPC6,CERT1,SGK2,RAD50,HIPK3,IFNL4,RASGRP1,TRAP1,AKAP9,FAM13A,CDH17,ABI2,PLXNC1,LPAR6,WASF2,SORBS3,TNK2,ADAM10,CALCRL,TRIM13,PATJ,CDK6,DENND4A,IGSF6,RAMP1,RAMP3,NET1,PAK4,ADAR,CDKN2B,TNIP1,IRAG1,CCL26,BTN2A2,NOD1,DLC1,NDRG1,RACK1,CDS1,PIAS3,RAPGEF3,PRMT5,VAV3,TAB1,GPNMB,BAIAP2,MERTK,ZNHIT1,TADA3,TRIM38,CAP2,UNC13B,NCOA2,SEMA6B,SEMA4D,SEMA4B,SEMA3C,DDX17,KAT5,AGR2,OLFM4,ARFGEF1,SORBS1,CDC42EP3,ERLIN1,STAMBP,IVNS1ABP,TRIM16,RGS14,CXCR6,MAP3K2,GIPC1,TRAF3IP2,HBS1L,ZMYND11,NEK6,NCKAP1,IQGAP2,ADCY2,CCR9,FRS2,CEACAM3,PPP1R17,HPSE,LILRB1,USP20,NMU,GPR83,MALT1,BTNL3,FASTK,TMED2,YWHAQ,MAPRE2,KCNQ1OT1,COPS5,LILRB4,TLK2,LILRB3,RBPMS,ADAP1,RIPK3,ABHD2,WWP2,RAPGEF4,ESM1,CIT,BTN3A2,FOXN3,FAF1,CDC42EP1,CORO1A,FSTL1,NISCH,WIF1,IRAK3,AKAP13,DUSP10,PDCD10,CHN2,PADI2,GPR176,NXPH3,MRAP2,CMTM7,SCN11A,TP53RK,CHRM2,CHRM3,GPR182,RNF13,MGLL,CMTM1,CHRNA5,NLRP3,ERMAP,CHUK,SORCS1,OSBPL8,C1QTNF3,CIDEA,C1QTNF4,ADCY9,KCTD12,GBP5,IL22RA2,CLNK,LRG1,ARAP2,ARAP1,THEM4,TAGAP,RFFL,AP3S1,OLFM3,C10orf71,CLCN6,CLU,OR10P1,SLC15A4,OR10A7,FGD4,SPPL3,OR4K14,FRMD6,CCR1,SLC24A4,LEO1,CCR4,LRRC28,CMKLR1,LTB4R,OSCAR,CNR2,OR2M5,OR14C36,CNTFR,CNTN1,COL3A1,EDARADD,COL4A1,IQGAP3,PIGU,TRABD2A,ZFAND2B,COL16A1,COMP,COPA,DCBLD2,TPRA1,IL17RE,OCIAD2,IL31RA,PPARGC1B,ADORA2A,OR9A2,ADORA2B,NACC2,CREB1,ATF6B,CREBL2,CRHBP,CRHR1,ASB7,NEK7,CRY2,SIRPA,PARP1,MAPK14,OR52B4,CSF1R,SESN3,CSF3R,E2F7,CSK,CSNK1E,ARMH4,CSNK2B,TTBK2,CMTM2,GSG1L,TOM1L2,PIK3R6,TMC8,DSG4,ADRA1A,CTBP2,RC3H1,DCDC2B,CTLA4,CTNS,COMMD7,CTNND1,NFAM1,CTSG,ZNF385B,CCNYL1,CTSH,GLIPR2,CX3CR1,PAQR3,SLC38A9,PLEKHG4B,BTNL9,CYLD,CNKSR3,CYP1B1,BMT2,IQUB,GRK2,GRK3,PRAG1,DAB1,DAB2,CLEC12A,CD55,TAMALIN,DGKG,DGKH,GPR180,DGKQ,DAP,DAPK1,DAXX,DEDD2,DCN,DENND1B,APCDD1L,PRICKLE2,DHX15,ADGRA3,DEFA1,DEFA3,RASSF6,DEFB4A,ZNF366,TMEM64,OLFML2A,DHX36,DLG1,DMD,DNM2,DOCK1,DOCK2,DOCK3,ABAT,AGRP,DRD4,DSCAM,RCAN1,DTNA,DUSP3,DUSP4,AGTR1,DYRK1A,GPR183,ECE1,ECT2,ABCA1,LPAR1,EFNA5,EFNB2,EGF,EGFR,AHR,PLPP4,EIF2S1,ANO6,METTL21C,ADCY4,UBR1,NLRC3,EIF4EBP1,ELANE,ELF1,ELK3,SPRED2,GABRR3,MARK2,ARHGAP27,RAB12,CTTN,CCDC125,ENO1,C9orf72,EPAS1,EPHA1,HIPK1,EPHB3,EPHB6,STX2,DIPK2A,AKT1,ERCC6,ERG,AKT2,ERN1,ESR1,ESRRA,MECOM,EXT1,EXT2,EYA1,EYA2,EYA3,EZH2,F2RL2,FABP5,FANCA,ACSL1,PTK2B,FBLN1,OR8H1,UNC5B,CCNY,RTKN2,TPCN2,OR9I1,OR9Q1,FCER2,FCGR1BP,UCMA,SLC39A12,SPATA13,FCGR3B,MTURN,ADGRG3,ADGRF2,SCUBE3,SEMA3D,FER,FGD1,FGF7,MAPK15,FGF14,GPC5,FGFR2,FGR,FHIT,RASA3,DLGAP4,RAB11FIP2,AAK1,CHSY1,CILK1,NLRP1,INPP5F,DENND3,CARD8,EPN2,ATF6,RAB3GAP1,SORCS3,RIMS1,DAAM1,MAPKBP1,PLCH1,STK38L,FAIM2,CNOT1,MYO16,MAST3,TNIK,FNBP1,CLUAP1,HECW1,SWAP70,FOXO1,KDM4C,ERC1,ZNF423,ARHGAP26,SIPA1L3,IQSEC2,FSTL4,RAP1GAP2,SPART,TAB2,PLXND1,MAST2,ZC3H3,FCHO1,GRAMD4,SNX13,MAPK8IP3,FLNB,PASK,RGL1,RFTN1,KANK1,CYFIP1,FLT1,DTX4,PLCL2,ARHGEF9,SIK2,PLCB1,PHLPP1,TMEM131L,CAMTA1,CLEC16A,ADGRL3,FBXW11,ANKS1A,MGRN1,KIF13B,ICOSLG,FMOD,CUX2,SASH1,SZT2,SYNE1,DOCK9,PSD3,LARP1,PPP1R13B,PUM2,SIK3,GRIP1,RHOQ,LEPROTL1,MACF1,DAAM2,CABIN1,ARHGAP45,FOS,PIK3R5,RBFOX2,PSD4,TSPAN12,TSPAN15,DDAH2,DDAH1,CDC42EP4,FPR3,OPN3,CORO1C,DAPK2,PHLDA3,PLXNB2,SH3BP4,SGK3,PRKD3,IL17RA,ALK,ABCA4,ALOX12B,ATP6V1C2,MTOR,NR5A2,ABL1,NR5A1,FUT7,FUT8,ACKR1,FYB1,FYN,YTHDF3,CNIH2,OR6C3,GAB1,OR1L4,GABBR1,GABRA2,GABRR1,PLCXD2,UTS2B,SHC2,DSTYK,NGEF,GALNT3,SGMS1,TAS2R50,WWTR1,SAMHD1,ZNF385A,KANK2,TIPARP,C2CD3,TENM4,ACOT11,PLEKHG3,PPP1R16B,AUTS2,ANKRD17,TCTN3,LRRC32,NOC2L,IFT172,RGS22,NPHP4,OR1F2P,PITPNC1,STAP1,TIAM2,GATA3,CLEC4E,FBXO8,SERGEF,OR5L2,GCG,NUPR1,NR6A1,PLEK2,GCNT2,LATS2,GDF1,RGS17,GDF10,GDI2,RGL4,AMFR,GFI1,GFRA1,HBP1,CYFIP2,ABL2,NPTN,ATP2C1,LAT,FOXP1,SDCBP2,PDE7B,CYTH4,SNX5,SIGLEC9,DISC1,C5AR2,TNFRSF21,SESN1,GCLC,CRCP,BMP10,RBMS3,RAB30,P2RY10,GLG1,STK39,SGSM3,GLI2,GMDS,GNA12,GNA15,GNAI2,GNAI3,GNAQ,GNB1,GNG7,GNL1,GNRHR,SFN,GP1BB,GPLD1,OR51B5,STK32C,RASSF3,SLC39A5,ADGRD1,KSR2,GPR17,METRNL,LAMA1,CXCL17,GPR21,VSTM1,SH2D6,RNF149,ANGPT2,NKIRAS1,EPHA6,C3orf33,GPR35,ANK1,GPR37,SCAI,FFAR3,GRK4,GRK5,GRK6,ANK3,GRB10,RAPGEF1,GRID2,GRN,GIT1,GRIK1,GRIK2,IFT81,DBNL,HIPK2,ABR,GRIK4,NR3C1,ARHGAP35,TBK1,CLEC2D,CD274,GRM4,GRM7,GRM8,GRPR,GSK3B,BLNK,TMOD2,GUCY1A1,GUCY2C,GPR171,GPR132,OSGIN1,LRP12,MDFIC,SCHIP1,PILRB,PILRA,ANXA1,HCK,HCLS1,HCRTR2,HTT,ANXA4,HEXA,NRG1,PIK3R4,ANXA6,HIC1,HIF1A,HIP1,HIVEP1,HLA-DPB1,HLA-DQB1,HLA-DRB1,HLX,HMGCR,HNRNPK,APBB2,HRH1,HRH2,HSPG2,NDST1,HTR2B,HTR3A,HTR7,HUS1,UBAC2,ICAM1,TAFA2,STING1,IDE,GLDN,FCRL6,SH3RF3,LRIT3,IFNAR2,IFNG,IFNGR2,MACC1,IGF1R,ANKDD1A,IGF2R,IGFALS,GEN1,IGFBP7,APP,RBPJ,CASTOR3P,RILPL1,TICAM2,FAS,IL1A,IL1R1,IL1RAP,IL6R,IL7R,IL10,IL15,IL15RA,IL16,INHBA,INHBC,INPP1,INPP4A,INPP5A,INPP5B,INPP5D,ITGA6,IRAK2,IRF4,IRF7,ITGA1,ITGA2,ITGA5,ITGA9,ITGAE,ITGAL,ITGAM,ITGAV,ITGB1,ITGB2,ITGB5,ITPK1,ITPKB,ITPR1,ITPR2,JAK1,JAK3,KARS1,TBC1D10C,KCNB1,KIF7,STIMATE,NRROS,MAST4,KCNQ1,ARG1,KPNA1,KRT8,SUMO4,SCIMP,CCL4L1,C1QTNF12,NOTCH2NLA,GFRAL,OR51I1,OR8K1,LAG3,OR4F15,LAMA2,RHOG,OR10K1,LAMB1,LAMP1,OR13C2,LCK,LCP2,LEPR,LFNG,LGALS1,LGALS3,LGALS3BP,ARHGDIB,LIMK1,LIMS1,RHOH,ASIC2,LMNA,LNPEP,LPL,OR2T27,OR5K4,LRP1,LRP2,LRP6,LRP5,LSP1,LTBP1,LTF,CD180,LYN,MIRLET7B,MIR140,MIR143,MIR145,MIR17,MIR18A,MIR185,MIR195,MIR19A,MIR19B1,MIR20A,MIR200C,MIR21,MIR214,MIR30A,MIR92A1,ARRB1,SMAD1,SMAD2,SMAD3,ARRB2,SMAD6,SMAD7,ASIC1,MARK3,MB,MBP,MCC,MCL1,MDM4,MEF2A,MEF2C,MEFV,MAP3K1,MAP3K5,MGAT5,MID1,MITF,ATXN3,MKLN1,MLLT3,AFDN,TRPM1,MMP2,MMP8,MPL,IQSEC3,PLEKHG7,CCDC88C,EIF2AK4,RHEX,TRIM67,MIR302C,MUC4,MX1,MYO1C,MYO1E,MYO6,MYO9B,PPP1R12A,PPP1R12B,ATF3,CEACAM6,NBL1,NCK1,NEDD4,SEPTIN2,NEDD9,NEO1,NF1,NFATC1,NFIA,NFATC3,NFKB1,NGFR,NINJ1,NKG7,NOS3,CNOT2,NOTCH1,NOTCH2,NOTCH3,NOTCH4,NPC1,NPPA,ATP2A2,ATP2A3,ROR1,NTS,NUCB1,NUMA1,NR4A2,ATP2B4,TIFAB,OPA1,OPRM1,OR3A2,OSM,P2RX1,P2RX3,P2RX4,P2RX7,P2RY6,P4HB,PEBP1,FURIN,PCSK6,RRM2B,MINK1,CHST11,PRDX1,IL21R,PAK2,PALM,PNPLA8,ARHGEF3,REG3A,PRKN,PAWR,PAX2,PDE11A,SLC35C2,ZBTB7B,ASB3,PCNT,LEF1,PLCE1,ZNF219,CRIM1,SHISA5,CLEC1A,CD320,ZDHHC3,WAC,FZR1,TAOK3,MBTPS2,UBR5,ANGPT4,PDE2A,PDE3B,PDE4A,PDE4B,PRKAG2,PDE4D,PDE6A,EVL,PDE7A,DTL,PDE9A,CXXC5,ZC3HC1,PDGFA,VPS54,PDGFB,ACKR4,PEX5L,HDAC7,CYRIB,PDK4,ASB4,ASB2,SUFU,PDPK1,NLK,CAB39,UIMC1,RAPGEF6,WWOX,CD244,INPP5K,MAP3K20,PFDN5,CDK14,PGAM2,PHB1,PIK3C2B,PIK3C2G,PIK3C3,PIK3CB,PIK3CG,PIK3R1,PI4KA,PI4KB,PIP4K2A,PKHD1,PLAT,PLAUR,PLCB2,PLCB4,PLCD1,PLCL1,UBASH3A,PLCG1,SHC3,PLCG2,PLN,PLP2,PLXNA1,PLXNA2,S1PR5,PLXNB1,PNOC,PML,TRIM34,TSPEAR,TLR9,SEPTIN4,ERRFI1,KCNK10,TREM1,GPR173,GNG2,SSH1,RIN2,MIOS,TOLLIP,RBM47,RHOF,APBB1IP,PPARA,PPARD,PPARG,PPBP,LEPROT,ZRANB1,AHI1,WBP1L,EPS8L1,FNBP1L,PLPPR1,NSUN2,RNF43,LAX1,MKS1,PPM1A,OCIAD1,PARP16,ADISSP,PPP1CA,PID1,PHIP,BANK1,USP47,ZWILCH,RALGPS2,ARHGAP17,PPP1R10,LRRC8D,TMEM38B,ARHGEF10L,TMEM33,PPP2R1A,RNF220,PPP2R1B,APPL2,PLEKHG6,ELP2,ASXL2,THNSL2,PPP2R5C,UBE2W,PPP2R5E,FBXW7,PPP3CA,PPP3CC,TCP11L1,STK32B,IMPACT,LGR4,SIRPG,PRCP,MAML3,NAGK,DDX60,CDKN2AIP,PRR5,DOCK10,ZDHHC7,PRKAA2,LRRC40,PRKACA,NPLOC4,DENND4C,LIMS2,SCYL2,VAC14,RADIL,CCDC88A,LMBR1L,PRKAR1A,PRKAR1B,INTS9,PRKAR2A,INAVA,PRKAR2B,PRKCA,PRKCB,TRERF1,PRKCE,PAG1,PRKCH,PRKCI,WWC3,ARHGAP15,TEX2,ASH1L,WSB2,LMO3,GPRC5C,PRKCZ,PRKDC,ERBIN,RCC2,MAPK1,SULF2,MAPK6,GNG12,MAPK8,MAPK10,MAPK13,PDGFC,MAP2K1,MAP2K2,MAP2K5,TEX14,PRL,PRLR,LRRC8A,PARD3,AZU1,PSAP,PSEN2,TRIM39,RETN,FMN2,SPHK2,CELF4,DPYSL5,ANKS1B,NCLN,SPPL2B,PMEPA1,DUSP22,MFF,SMYD2,RGMA,PRDM11,PSMG2,CDC42SE2,CTNNBIP1,PLSCR3,KNL1,AGTRAP,CASS4,LPAR5,CD177,RGL3,RTN4,RALGAPB,SLC44A2,SMURF1,PELI2,PELI1,ZMIZ1,RALGAPA2,ADGRG6,PTEN,PTGER2,PBXIP1,PTGER3,TMIGD3,RHBDD2,PTGS2,MIR497,MIR520C,BIRC6,TENM2,PTH2R,PTK2,PLEKHG1,NLN,AHRR,KIDINS220,ARHGAP31,RPTOR,SRGAP1,PTK6,MIB1,SORCS2,NCEH1,SEMA6A,STAMBPL1,SIPA1L2,ARHGAP20,PREX1,ARHGAP21,WDFY1,BEGAIN,ADGRB2,FNIP2,VPS18,SH3RF1,PLEKHA4,RNF213,CHD8,SHTN1,ADGRB3,PTPN1,DENND1A,EPG5,ZFYVE28,PTPN3,SCUBE2,PTPN7,MARK4,RAB40C,PTPN11,GRHL3,PTPN13,PTPRA,PTPRC,PTPRD,PTPRE,PTPRG,PTPRJ,PTPRK,PTPRM,PTPRO,NECTIN2,CXCL16,PXN,MS4A7,ARHGAP22,CACTIN,RRAGD,LY6G6D,MAP4K2,RAC2,MOK,RAF1,RALB,ACTA2,RALGDS,RAP1B,RAP1GAP,RAP1GDS1,RARA,RARG,RASA1,RASGRF1,RB1,HRH4,TRPV4,ALOXE3,RXFP1,LGR6,RCVRN,BCL2,BCL2L1,RGS3,RGS10,RGS12,RGS13,RHEB,BCL3,AVPI1,BCL6,PAPPA2,ROBO1,RORA,RORC,RPE65,BCR,RPS3,RPS6KA1,RPS6KA2,RSU1,RXRA,S100A1,SORT1,S100A4,S100A6,S100A9,S100A11,S100A13,SAG,CEACAM1,CCL3,CCL13,BICD1,CCL18,CCL22,BID,BIK,UBE2O,SEC14L1,PRDM16,SECTM1,MYO1G,SELE,PERP,GOLPH3,BLM,NPFFR1,NOD2,IFIH1,MAP2K4,SEMA4A,HERPUD2,MS4A6A,ARHGEF28,LMBR1,ARHGAP9,NXN,ZNF106,PALS1,RGS18,SGK1,ITSN1,SH3GL1,CLEC7A,SHB,SIAH1,SIAH2,MICAL1,AEN,CRTC3,DEPTOR,MARCHF7,NIBAN2,RASAL3,SIPA1,SKI,NDRG4,SKP2,SLA,RAPH1,SLC1A7,WNK1,SLC2A4,SLC6A9,SLC8A1,BMP7,SLC12A3,SLC20A1,BMPR1B,SLIT3,BMPR2,SMARCA4,PHACTR4,SMARCC1,SNCA,SOD1,SORL1,SOS1,DST,SP100,SPI1,SPN,SPTBN1,SRC,SREBF1,SREBF2,BRAF,SRPK1,DENND2B,STAC,ZFP36L1,STAT3,STAT5B,STK3,STK4,STRN,BSG,SYK,TBXT,ADAM17,TBL1X,TBX6,TCF7,TCF7L2,TEAD3,TEC,TMBIM6,TEK,TG,TGFA,TGFB1,TGFBR1,TGFBR2,TGFBR3,TGM2,THBS1,THRA,THRB,TIAM1,TIE1,TIMP3,TLE1,TLE2,TLE4,TLN1,TLR5,GPR137B,TNFAIP3,TNFAIP6,TNFRSF1A,TNFRSF1B,TNNI3,TNXB,TP53BP2,TP73,TPD52L1,TPR,TPT1,NR2C2,TRAF1,TRAF2,TRAF3,TRAF5,TRAF6,C3AR1,TRIO,TRPM2,TSG101,TSHR,CAPN5,TTN,DEFA1B,CCR2,TNFRSF4,TXK,TXNRD1,MOSMO,ACOD1,RFX8,UBE2D3,UBE2V1,UGCG,VAV2,VIM,VRK2,VWF,WFS1,DAGLA,WNT8B,XPC,XRCC3,LDLRAD4,YWHAG,YWHAH,YWHAZ,ZFP36,PTTG1IP,CA2,RELL1,CACNA1C,CACNA1D,ZP3,LAPTM5,PXDN,TUBA1A,PAX8,CACNB4,MAPKAPK3,USP7,RAB7A,NABP2,PVRIG,CARD14,MAPKAP1,DERL1,BAG6,OR13A1,FCRL2,EPS8L3,TMEM231,TCTN1,ADIPOR2,RNASEH2B,NDNF,SH3TC2,RHBDF2,TMEM204,ARHGAP10,DYNC2H1,NLRX1,LRRK1,TBL1XR1,ASB13,MCTP1,FBXO31,TTC21B,MMRN2,MOB3B,CAMKMT,NEK11,RABEP2,UBA5,CAAP1,RIN3,PRR5L,BTNL8,DOK3,KAT6A,ATAT1,WLS,SVEP1,DOCK5,SEMA6D,ADAMTS20,CALM1,BICC1,NR4A3,ARMC9,ALPK1,STAM,CDK5RAP3,NCOA4,PDGFD,CPEB4,CD276,CSRP3,MPIG6B,NDFIP1,DUSP16,APOL3,SH3BP5L,ACTN4,WNT5B,ZBP1,COLEC12,CALR,ANP32A,TRIM11,CLPB,ANKRD13C,SNX27,CAB39L,ITM2C,KAZALD1,CAMK2D,ADAMTS12,CAPN1,CAPN3,KLRC4,AXIN1,CASP1,FCRL4,APH1B,ARHGAP24,PLVAP,CASP2,RASSF5,CCM2,CCDC3,SESN2,FERMT3,ATG10,ITCH,FRMD8,MAD1L1,KCTD10,CASP6,STK40,RASSF4,NCALD,KREMEN1,ADGRV1,DTNBP1,ULK1,EEA1,BCAR3,LRRIQ1,ZNRF3,PPP1R1B,ARID5B,NLRC5,SLA2,CMAHP,LRRC8C,TRAF7,GARNL3,SLC25A33,STK24,RNF135,CASP10,BRMS1L,VPS25,RASAL1,NSMAF,NCK2,CARD11,ADGRA1,MAML2,DOT1L,LZTS2,SYVN1,FAM120B,CASQ2,CUL3,CUL1,CASR,TTBK1,IL1F10,USP32,MS4A14,GPR65,SEMA7A,ADTRP,KLHL22,HAVCR2,ORAI1,TMTC4,MAP4K3,ZFYVE19,ZNRF1,HSH2D,MAEL,CGNL1,UBASH3B,DISP1,PPFIA1,CNTNAP1,ITGA8,DGKZ,DGKE,DGKD,LGALS12,NKD1,ITPRIP,CDC14B,MADD,CAV1,RUNX2,PLPP1,PLPP3,STC2,NPFF,CDK13,RFXANK,UNC5C,OASL,DCHS1,PTCH2,AKR1C3,NCOA1,TNKS,EIF3A,BECN1,PEA15,MARCO,S1PR4,MBTPS1,CTNNAL1,GBF1,MYOM1,CRADD,TNFSF12,TNFSF10,CBS,ADAM9,FADD,TNFRSF11A,TNFRSF10C,TNFRSF10B,TNFRSF10A,IL18RAP,IL1RL2,IL18R1,HESX1,IQGAP1,NRP2,NRP1,SYNGAP1,SOCS2,CFLAR,CCN4,HDAC3,KSR1,NR1I2,STK19,LDB1,CCKBR,ARHGEF7,VNN1,NAE1,MTMR2,CPNE1,MBD2,SKAP2,BTRC,CCND3,FGD3,MVB12B,KLHL6,RPS6KA4,PLCZ1,TRIM15,PGLYRP1,LIMD1,TNFSF18,KALRN,ACVR1,MPZL1,OTULIN,CCRL2,SEMA5A,SPAG9,DOK2,AIP,PSTPIP1,MCU,STARD13,ANGPTL1,DIRAS3,PIP4P1,USP10,USP8,MTA1,LATS1,ARHGEF1,CBFA2T2,RNF185,RSAD2,FIBP,CD3E,CHURC1,DEPDC7,IL1RL1,MAP3K13,DDX21,CD247,DCLK1,CD5,LARGE1,VAPB,VAPA,MAGI1,STYXL2,DLGAP1,CD6,SPSB4,DHRS3,NUMBL,MFHAS1,MOB1B,MAPKAPK2,STK17B,CYTH1,ITGB1BP1,DNER,BPIFB1,SHKBP1,TAAR3P,S1PR2,SOCS6,CD83,NREP,COPS2,TRIP13,TRIP4,CD22,ITGBL1,ARHGAP18,NHERF1,PLAA,NRXN1,NRXN2,CD27,NMT2,ACVRL1,GRAP2,HTRA3,CD80,RP1L1,CD86,GSTO1,AIM2,MAP4K4,LY86,EIF2AK3,HOMER2,ARHGEF6,RASAL2,PICK1,AKAP7,SH3BP5,CD34,AKAP6,CD36,MAGED1,RPH3AL,ADAMTS3,CD38,EEF1E1,GTPBP1,CLOCK,BABAM2,CDC42BPB,AKAP12,CD44,NCOR2,FEZ2,ARHGEF10,ZNF592,FNIP1,CTR9,PPM1F,RALGPS1,CD59,TTI1,PHF14,FAM53B,DEPDC5,VGLL4,NUP93,RAPGEF2,PUM1,RIMS2,ST18,NOS1AP,USP34,CD79B,IFT140,ARHGAP32,CD81,RIPOR2,HDAC4,ADGRE5,RAPGEF5,BCLAF1,CDA,KIAA0586,MTSS1,MAML1,GIT2,RB1CC1,MELK,ZEB2,TESPA1,ELMO1,GAB2,C2CD5,FARP2,MAGI2,PJA2,TLK1,SRGAP3,RNF10,IQSEC1,KIF14,P2RY14,ARHGAP25,USP15,MVP,TNFSF15,NR1H4,CASP8AP2","Sputum_Mixed granulocytic"
"BP","response to peptide hormone",429,169,0.000157351215255722,0.0259105001121089,"BAIAP2,NCOA2,SORBS1,TRIM16,RAB10,RAB31,CHUK,OSBPL8,SLC22A12,AP3S1,SLC24A4,COL3A1,CREB1,CRHBP,CRHR1,CRY2,PARP1,MAPK14,SESN3,CSK,AANAT,CYP1B1,AGRP,AGTR1,AKT1,AKT2,FER,FOXO1,LPIN1,KANK1,CYFIP1,SIK2,PLCB1,RHOQ,LEPROTL1,FOS,MTOR,ALPL,NR5A1,FUT7,GAB1,KBTBD2,GCG,GCNT1,SNX5,GCLC,GNAI2,GNRHR,GPLD1,GPR21,FFAR3,GRB10,GSK3B,ANXA1,HADHA,HADH,IDE,IGF1R,IL10,INHBA,JAK1,JAK3,KCNQ1,C1QTNF12,LRP6,LRP5,LTA4H,LYN,MIR143,MIR145,MIR195,MAX,MYO1C,MYO5A,NCK1,NFKB1,NR4A2,REG3A,ZBTB7B,PCK2,PCSK1,PDE3B,PDK4,PDPK1,INPP5K,PFKFB1,PIK3R1,PIP4K2A,PKLR,PKM,GPR173,PPARA,PPARG,LEPROT,PID1,PHIP,APPL2,PPP3CA,ZDHHC7,PRKACA,DENND4C,PRKAR1A,PRKCA,PRKCB,PRKCI,PRKCZ,PRKDC,MAPK1,RETN,AGTRAP,PTGS2,PTK2,ARID1B,PTPN1,PTPN11,PTPRA,PTPRE,PXN,RAF1,RAP1GDS1,RB1,TRPV4,RPE65,SORT1,CELA2A,SCNN1A,CEACAM1,ZNF106,SLC2A1,SLC2A4,BMP7,SLC34A1,SMARCC1,SORL1,SOS1,SRC,SRD5A2,SREBF1,BRAF,ZFP36L1,STAT3,STAT5B,BSG,TCF12,TEK,TGFBR3,TSHR,UCP3,YWHAG,CA2,NR4A3,PNPLA3,CSRP3,SESN2,BCAR3,SLC25A33,CAT,GPT2,CAV1,STC2,NCOA1,TNFSF10,TNFRSF11A,SOCS2,CFLAR,KAT2B,UMODL1,ZNF592,LPIN2,HDAC9,C2CD5,TBC1D4,NR1H4","Sputum_Mixed granulocytic"
"BP","T cell proliferation",212,84,0.000162100189454559,0.0265004655047871,"TSPAN32,RASGRP1,BTN2A2,GPNMB,LILRB1,MALT1,LILRB4,RIPK3,CORO1A,RC3H1,CTLA4,CD55,DLG1,DOCK2,TMEM131L,ICOSLG,SCRIB,ABL1,FYN,LRRC32,TNFRSF21,CCDC88B,CD274,ANXA1,HLA-DPB1,HLA-DRB1,IL1A,IL10,IL15,ARG1,LGALS3,MIR21,NCK1,P2RX7,PAWR,ZBTB7B,PIK3CG,SASH3,PPP3CA,LMBR1L,PRKAR1A,CRTAM,PELI1,SH3RF1,GPAM,PTPRC,RAC2,BCL6,RPS3,BID,VSIR,SFTPD,MARCHF7,RASAL3,SLC7A1,LGALS9C,SLC11A1,SOS1,SPN,SPTA1,STAT5B,SYK,TGFBR2,TNFRSF1B,TRAF6,CCR2,TNFRSF4,ZP3,CD276,NDFIP1,ITCH,MAD1L1,NCK2,CARD11,HAVCR2,FADD,CCND3,TNFSF18,CD1D,CD3E,CD6,CD80,CD86,CD81,CD151","Sputum_Mixed granulocytic"
"BP","response to insulin",269,113,0.000163903257474255,0.0266038401631783,"BAIAP2,NCOA2,SORBS1,RAB10,RAB31,OSBPL8,SLC22A12,AP3S1,CRY2,PARP1,MAPK14,SESN3,AANAT,AGRP,AKT1,AKT2,FER,FOXO1,LPIN1,KANK1,CYFIP1,SIK2,RHOQ,FOS,MTOR,ALPL,FUT7,GAB1,KBTBD2,GCNT1,SNX5,GCLC,GNAI2,GPLD1,GPR21,FFAR3,GRB10,GSK3B,HADHA,HADH,IDE,IGF1R,IL10,KCNQ1,C1QTNF12,LYN,MIR195,MAX,MYO1C,MYO5A,NCK1,ZBTB7B,PCK2,PDE3B,PDK4,PDPK1,INPP5K,PFKFB1,PIK3R1,PIP4K2A,PKLR,PKM,PPARA,PPARG,PID1,PHIP,APPL2,ZDHHC7,DENND4C,PRKCB,PRKCI,PRKCZ,PRKDC,MAPK1,RETN,PTPN1,PTPN11,PTPRA,PTPRE,RAF1,RB1,TRPV4,RPE65,SORT1,CELA2A,CEACAM1,ZNF106,SLC2A1,SLC2A4,SMARCC1,SORL1,SOS1,SRC,SREBF1,ZFP36L1,UCP3,YWHAG,PNPLA3,CSRP3,SESN2,BCAR3,SLC25A33,CAT,GPT2,NCOA1,TNFSF10,TNFRSF11A,CFLAR,KAT2B,ZNF592,LPIN2,HDAC9,C2CD5,TBC1D4,NR1H4","Sputum_Mixed granulocytic"
"BP","phosphorus metabolic process",2546,860,0.00016870520249295,0.0271890568897149,"ADA,AKT3,ACOT8,ABI1,SBK3,PIGK,SLC17A4,C8orf44-SGK3,DNM1L,SGK2,RAD50,HIPK3,IFNL4,RASGRP1,AKAP9,ABI2,AASS,SLC25A13,TNK2,ADAM10,CDK6,CTDSPL,GPHN,RAMP3,PAK4,ADAR,CDKN2B,DLC1,RACK1,ADARB1,CDS1,PEMT,TESK2,TAB1,GPNMB,MERTK,TADA3,SEMA4D,IPO7,RGS14,PMVK,CETP,MAP3K2,NEK6,ADCY2,PPP1R17,MALT1,FASTK,TMED2,ACOT2,LILRB4,TLK2,RIPK3,CIT,PKIG,PLAAT3,NUDT3,CHKA,IRAK3,DUSP10,PDCD10,TP53RK,ACOT7,CHUK,OSBPL5,OSBPL8,OSBPL10,ADCY9,WDFY2,IL22RA2,AGAP2,PLAAT5,IP6K3,FRA10AC1,CLU,SPPL3,PLA2G4E,WDR81,IQGAP3,PIGU,MBOAT2,ADK,IL31RA,PPARGC1B,UBLCP1,GPAT4,CREB1,PTPDC1,CREBL2,MYO3B,NEK7,ABHD16B,CRY2,TRPM6,SIRPA,STK35,PARP1,ACSM6,MAPK14,CSF1R,CSK,CSNK1E,ABHD12B,TTC7B,CSNK2B,TTBK2,PIK3R6,CTBP1,PDIK1L,CLDN19,CTNS,CTSG,CCNYL1,UPP2,CX3CR1,PAQR3,PPM1K,CNKSR3,MBOAT1,GRK2,GRK3,PRAG1,ADSS2,DAB2,DGKG,DGKH,DGKQ,DAPK1,DAXX,SGMS2,DGUOK,DHODH,DLAT,DLG1,DLG2,DLST,DMD,DPYS,DRD4,DSCAM,DUSP3,DUSP4,DUT,DYRK1A,ECT2,EFNA5,EGF,EGFR,PLPP4,ADCY4,ACSF3,EIF4G1,ELANE,ABCA2,SPRED2,LIPH,MARK2,HACD2,ENO1,ENSA,C9orf72,AK2,EPHA1,HIPK1,EPHB3,EPHB6,DIPK2A,AKT1,ERG,AKT2,ERN1,ABCA3,EZH2,FABP5,ACSL1,PTK2B,FBLN1,CCNY,PRPS1L1,FDFT1,FECH,FER,FGF7,MAPK15,FGFR2,FGR,FHIT,PPM1E,AAK1,LMTK2,CILK1,INPP5F,SACM1L,SEPHS1,TPX2,NT5C2,LIMCH1,STK38L,MAST3,TNIK,SWAP70,ERC1,TAB2,MAST2,ANKLE2,EFR3A,LPIN1,PASK,DIP2A,FLT1,SIK2,PLCB1,CAMTA1,FBXW11,SMG6,ACSL6,SASH1,SIK3,PIP5K1C,MLYCD,RHOQ,SLC44A1,QPRT,NNT,PIK3R5,PIGN,CORO1C,DAPK2,PLXNB2,PLA2G15,SGK3,PRKD3,PISD,ALK,MTOR,ALPL,ABL1,FUT8,FYN,G6PC1,SERINC5,DSTYK,SGMS1,WWTR1,SAMHD1,DHRS7B,IBTK,ACOT11,PPP1R16B,ABHD12,TRAF3IP1,GARS1,STAP1,AK5,GCG,GCH1,LATS2,GFRA1,ABL2,TPK1,NPTN,LAT,AMPD2,PDE7B,AMPD3,SULT1B1,STK39,HDHD5,GMDS,GNA12,GNAI3,GNAQ,SFN,GPD1,GPD2,GPLD1,SLCO3A1,STK32C,KSR2,PLA2G4D,NUDT7,GDPD1,EPHA6,GRK4,GRK5,GRK6,GPX4,GRB10,TRIB2,RGCC,HIPK2,TBK1,GSK3B,OLA1,GUCY1A1,GUCY2C,NME7,PILRB,HADHA,HCK,HCLS1,HTT,HDC,HEXB,NRG1,EHD4,PIK3R4,HK1,HK2,ACACA,HLA-DRB1,HMGCR,HMGCS1,HNMT,HNRNPU,HRH1,HTR2B,HUS1,MYLK4,IDH2,IDI1,IFNG,IGF1R,APP,FAS,IL6R,IL15,INHBA,INPP1,INPP4A,INPP5A,INPP5B,INPP5D,ITGA6,IRAK2,ITGA1,ITGA5,ITGB2,ITPK1,ITPKB,JAK1,JAK3,KARS1,MAST4,LCK,LCP2,LDLR,LEPR,LGALS3,LIMK1,LIMK2,LIPC,LPL,PLPP6,LRP6,LRP5,LTF,LYN,MIR143,MIR19A,MIR19B1,MIR20A,MIR21,MIR92A1,ARRB1,ARRB2,SMAD7,MARK3,MDH2,MEF2C,MAP3K1,MAP3K5,MGAT5,CIITA,MNAT1,CCDC88C,EIF2AK4,MMUT,MYLK,PPP1R12A,NCK1,NDUFA10,NDUFB9,NDUFS2,NDUFS8,NEDD9,NEK2,NEK3,NF1,NNMT,NOS3,NPPA,NTHL1,ROR1,ATP2B4,OGDH,OPA1,OSM,P2RX7,P2RY6,RRM2B,MINK1,PAK2,PNPLA8,PRKN,PC,AMDHD2,DERA,CRYL1,TNNI3K,HSD17B12,HERC5,PLCE1,PIPOX,CDK17,PCYT1A,TAOK3,ANGPT4,PDE2A,PDE4A,PDE4B,PRKAG2,PDE4D,PDE7A,PDE9A,PDGFA,PDGFB,PIGT,RTRAF,CDK5RAP1,PDK4,PDPK1,NLK,CAB39,UPB1,CD244,INPP5K,MAP3K20,PFKFB1,PFKFB2,PFKFB3,PFKFB4,PFKP,CDK14,PHB1,ATP6V1B2,PHKG2,PIGH,PIK3C2B,PIK3C2G,PIK3C3,PIK3CB,PIK3CG,PIK3R1,PI4KA,PI4KB,ACP2,PIP4K2A,PKLR,PKM,PLA2G4A,PLAUR,PLCB2,PLCD1,PLCG1,PLCG2,ACP5,TLR9,ERRFI1,SSH1,TOLLIP,PPARA,CRLS1,CROT,PPARG,PLPPR1,LAX1,PPM1A,PARP16,ODAM,PLAAT2,ACSM5,PPP1CA,PID1,PHIP,BANK1,TMEM38B,PPP2R1A,PPP2R1B,NADSYN1,PPP2R3A,KIRREL1,THNSL2,PPP2R5C,FGGY,PPP2R5E,PPP6R3,FBXW7,PPP3CA,AGPAT5,PPP3CC,STK32B,PI4K2A,IMPACT,PPT1,PIP4P2,NAGK,ITLN1,PRR5,AMBRA1,PRKAA2,PRKACA,MFN1,PPP4R3A,PKIA,VAC14,CCDC88A,PRKAR1A,PRKAR1B,UGGT2,PRKAR2A,PRKAR2B,PRKCA,PRKCB,CSGALNACT1,PRKCE,PRKCH,PRKCI,DBNDD2,PRKCZ,ACSS2,PRKDC,MAPK1,MAPK6,MAPK8,MAPK10,MAPK13,PDGFC,MAP2K1,MAP2K2,MAP2K5,DNAJC3,ANKH,PRLR,PARD3,PRPSAP1,AZU1,SLAMF8,SPHK2,AGPAT3,AGPAT4,DUSP22,PDXP,PLSCR3,CASS4,CAMK1D,SLC44A2,PELI2,TTC7A,PPP4R3B,PTEN,PTGS2,BIRC6,PPM1H,PTK2,SERINC1,RPTOR,PTK6,ALPK3,PDP2,FNIP2,PITPNM2,GPAM,PTPN1,ZFYVE28,PTPN3,PTPN4,PTPN7,MARK4,PTPN9,PTPN11,G6PC2,PTPN13,PTPN14,PTPRA,PTPRC,PTPRD,PTPRE,PTPRG,PTPRJ,PTPRK,PTPRM,PTPRN2,PTPRO,PYGL,CACTIN,MAP4K2,MOK,RAF1,RALB,RARA,RB1,RBL1,RBL2,BCL2,TRIM27,ELOVL5,ROBO1,RORA,BCR,RPS3,RPS6KA1,RPS6KA2,CEACAM1,SDHA,LHPP,RBKS,SAMSN1,BLM,NOD2,MAP2K4,SGK1,SMYD3,TNS3,MICAL1,CERK,DEPTOR,WNK1,NADK,MPPE1,SLC8A1,BMP7,SLC11A1,SLC20A1,BMPR1B,BMPR2,MTMR9,SNCA,SOD1,SORL1,UAP1,SPN,SRC,BRAF,SRPK1,STAT3,STK3,STK4,CDKL5,STK10,SULT1A1,SULT2B1,SYK,ADAM17,TAFAZZIN,TDG,TDO2,TEC,TEK,TGFA,TGFB1,TGFBR1,TGFBR2,THBS1,TSPO,TIE1,TK2,TNFRSF1A,TOP1,TPD52L1,TRAF2,TRAF6,TRIO,TSG101,TTN,CDK11A,TXK,TYMS,UCK2,UPP1,UVRAG,VRK2,WARS1,XRCC5,YWHAG,YWHAZ,CACNB4,MAPKAPK3,DBNDD1,ELOVL6,CARD14,MAPKAP1,MBOAT7,GNPTAB,CCNJL,RNASEH2B,PANK3,LRRK1,PRKRIP1,MOB3B,PEAK1,NEK11,DCAKD,PLBD1,LPCAT1,PRR5L,ELOVL7,CALM1,UXS1,ALPK1,ACSF2,CDK5RAP3,PDGFD,PNPLA3,SLC19A3,DUSP16,SH3BP5L,FXR1,CDK2AP1,PTDSS2,CAMK2D,CAMK2G,AXIN1,PITPNM3,ADPGK,SESN2,STK40,PIP5K1B,DTNBP1,HDHD2,ULK1,BCAR3,PPP1R1B,NLRC5,SLA2,CMAHP,STK24,VPS25,NCK2,CARD11,ACSS1,TPST2,TPST1,TTBK1,DGAT2,PSRC1,CDC42BPA,SEMA7A,ADTRP,MFSD2A,MAP4K3,SERAC1,UBASH3B,PIGY,PARG,KCNAB2,DGKZ,DGKE,DGKD,MYLK2,SSH2,CDC14B,CDC14A,CAV1,CASK,STK16,PLPP1,PLPP3,CDK13,RUNX3,TNKS,BECN1,MARCO,ADAM9,CDS2,TNFRSF11A,TNFRSF10B,TNFRSF10A,DYRK4,SUCLG2,CDKL1,IQGAP1,NRP1,GMPS,SOCS2,HDAC3,KSR1,STK19,LDB1,SYNJ2,VNN1,MTMR3,MTMR2,PRPF4B,CCNA1,KYNU,BTRC,CCND3,RPS6KA4,LIMD1,TNFSF18,KALRN,ACVR1,BAZ1B,SPAG9,PAPSS2,PAPSS1,DIRAS3,PIP4P1,MTMR7,LATS1,CCNB2,PKDCC,CTDP1,CD3E,MAP3K13,MYLK3,DCLK1,VAPA,STYXL2,CD6,PXYLP1,MFHAS1,MOB1B,MAPKAPK2,STK17B,ITGB1BP1,S1PR2,SOCS6,COPS2,PGAP3,NHERF1,PLAA,ACVRL1,CD80,ORMDL3,TJP2,CD86,MAP4K4,EIF2AK3,PICK1,SH3BP5,CD36,PIGL,PGS1,SPTLC2,TBPL1,CD38,TECR,MACROH2A1,H6PD,GTPBP1,CDC42BPB,CD44,VPS9D1,GDA,AATK,ZNF592,FNIP1,PPM1F,RAPGEF2,CDA,PTDSS1,MAML1,RB1CC1,DNAJC6,MELK,CDK11B,MAGI2,TLK1,FIG4,KIF14,XYLB,GFPT2,MVP,TNFSF15,NR1H4","Sputum_Mixed granulocytic"
"BP","regulation of signal transduction",3071,1037,0.000173077938666793,0.0276973456215789,"ADA,AKT3,TANK,PDCD6,BCL2L11,RANBP9,MICOS10-NBL1,C8orf44-SGK3,DNM1L,GPC6,HIPK3,RASGRP1,TRAP1,FAM13A,LPAR6,SORBS3,ADAM10,TRIM13,DENND4A,RAMP1,RAMP3,NET1,PAK4,ADAR,CDKN2B,TNIP1,CCL26,BTN2A2,NOD1,DLC1,RACK1,RAPGEF3,PRMT5,VAV3,TAB1,GPNMB,BAIAP2,ZNHIT1,TRIM38,UNC13B,SEMA4D,AGR2,ARFGEF1,SORBS1,STAMBP,IVNS1ABP,TRIM16,RGS14,GIPC1,TRAF3IP2,ZMYND11,NEK6,FRS2,HPSE,USP20,MALT1,TMED2,MAPRE2,KCNQ1OT1,COPS5,LILRB4,RIPK3,WWP2,ESM1,CIT,FAF1,FSTL1,WIF1,IRAK3,AKAP13,DUSP10,PDCD10,CHN2,PADI2,MRAP2,TP53RK,RNF13,MGLL,NLRP3,CHUK,OSBPL8,C1QTNF3,CIDEA,C1QTNF4,KCTD12,GBP5,LRG1,ARAP1,TAGAP,RFFL,C10orf71,CLU,SLC15A4,FGD4,SPPL3,FRMD6,CCR1,SLC24A4,CMKLR1,COL3A1,IQGAP3,PIGU,TRABD2A,ZFAND2B,OCIAD2,ADORA2A,ADORA2B,NACC2,ATF6B,CRHBP,NEK7,CRY2,SIRPA,PARP1,MAPK14,CSF1R,SESN3,CSK,CSNK1E,ARMH4,CSNK2B,GSG1L,PIK3R6,TMC8,ADRA1A,CTBP2,RC3H1,CTNS,CTNND1,NFAM1,CCNYL1,CTSH,GLIPR2,CX3CR1,PAQR3,SLC38A9,PLEKHG4B,CYLD,CNKSR3,CYP1B1,BMT2,GRK2,GRK3,PRAG1,DAB1,DAB2,CD55,DGKG,DGKQ,DAPK1,DEDD2,DCN,APCDD1L,DHX15,ZNF366,TMEM64,DHX36,DLG1,DOCK2,DOCK3,ABAT,DRD4,RCAN1,DUSP3,DUSP4,DYRK1A,GPR183,ECT2,ABCA1,LPAR1,EGF,EGFR,UBR1,NLRC3,ELANE,ELF1,SPRED2,ARHGAP27,CTTN,CCDC125,ENO1,C9orf72,HIPK1,DIPK2A,AKT1,ERN1,ESR1,MECOM,EYA1,EYA2,EYA3,EZH2,F2RL2,FABP5,FANCA,PTK2B,FBLN1,UNC5B,CCNY,RTKN2,UCMA,SPATA13,MTURN,ADGRG3,SCUBE3,FER,FGD1,GPC5,FGFR2,FGR,RASA3,DLGAP4,AAK1,CHSY1,INPP5F,DENND3,CARD8,EPN2,ATF6,RIMS1,MAPKBP1,FAIM2,CNOT1,TNIK,HECW1,SWAP70,FOXO1,KDM4C,ZNF423,ARHGAP26,SIPA1L3,IQSEC2,FSTL4,RAP1GAP2,SPART,TAB2,ZC3H3,GRAMD4,SNX13,MAPK8IP3,KANK1,CYFIP1,FLT1,PLCL2,ARHGEF9,SIK2,PLCB1,PHLPP1,TMEM131L,CAMTA1,CLEC16A,FBXW11,MGRN1,CUX2,SASH1,SZT2,SYNE1,PSD3,PUM2,SIK3,LEPROTL1,MACF1,DAAM2,ARHGAP45,PIK3R5,PSD4,TSPAN15,DAPK2,PHLDA3,SH3BP4,SGK3,ALK,ALOX12B,ATP6V1C2,MTOR,ABL1,FUT7,FYN,YTHDF3,CNIH2,DSTYK,NGEF,SGMS1,WWTR1,SAMHD1,ZNF385A,KANK2,C2CD3,PLEKHG3,PPP1R16B,AUTS2,ANKRD17,NOC2L,IFT172,RGS22,NPHP4,STAP1,TIAM2,GATA3,FBXO8,GCG,NUPR1,GCNT2,LATS2,RGS17,AMFR,GFI1,CYFIP2,ABL2,NPTN,ATP2C1,FOXP1,CYTH4,SNX5,DISC1,SESN1,GCLC,BMP10,RBMS3,P2RY10,GLG1,STK39,SGSM3,GNA12,GNAI2,GNAQ,GNG7,GPR17,LAMA1,CXCL17,GPR21,RNF149,NKIRAS1,C3orf33,GPR35,GPR37,SCAI,FFAR3,GRK4,GRK5,GRK6,GRB10,GIT1,GRIK2,IFT81,HIPK2,ABR,ARHGAP35,TBK1,GRM4,GSK3B,TMOD2,GUCY1A1,MDFIC,SCHIP1,HCLS1,HTT,NRG1,HIC1,HIF1A,HIP1,HLA-DRB1,HMGCR,HNRNPK,NDST1,HTR2B,UBAC2,ICAM1,STING1,SH3RF3,LRIT3,IFNAR2,IFNG,IGF1R,GEN1,IGFBP7,APP,RBPJ,CASTOR3P,TICAM2,FAS,IL1A,IL1R1,IL6R,IL7R,IL10,INHBA,INPP5A,INPP5D,ITGA6,IRAK2,IRF4,IRF7,ITGA1,ITGA5,ITGAV,ITGB1,ITPKB,ITPR1,JAK3,TBC1D10C,KIF7,STIMATE,NRROS,ARG1,KPNA1,SUMO4,SCIMP,CCL4L1,C1QTNF12,NOTCH2NLA,GFRAL,LAMA2,LAMB1,LCK,LFNG,LGALS1,LGALS3,ARHGDIB,LIMS1,RHOH,LMNA,LRP1,LRP2,LTBP1,LTF,CD180,LYN,MIRLET7B,MIR140,MIR143,MIR145,MIR17,MIR18A,MIR185,MIR195,MIR19A,MIR19B1,MIR20A,MIR200C,MIR21,MIR214,MIR92A1,ARRB1,SMAD2,SMAD3,ARRB2,SMAD6,SMAD7,MARK3,MCC,MCL1,MEF2C,MEFV,MAP3K5,MGAT5,MID1,ATXN3,MLLT3,MMP8,IQSEC3,CCDC88C,TRIM67,MIR302C,MUC4,MYO1C,MYO9B,ATF3,NBL1,NCK1,NEDD4,NEO1,NF1,NFKB1,NGFR,NINJ1,NOS3,CNOT2,NOTCH1,NOTCH2,NPC1,NPPA,ROR1,NTS,NUMA1,NR4A2,ATP2B4,TIFAB,OPA1,OPRM1,OSM,P2RX3,P2RX4,P2RX7,P2RY6,P4HB,PEBP1,FURIN,PCSK6,RRM2B,MINK1,CHST11,PRDX1,PAK2,PALM,ARHGEF3,PRKN,PAWR,PDE11A,SLC35C2,ZBTB7B,LEF1,PLCE1,CRIM1,SHISA5,ZDHHC3,WAC,TAOK3,UBR5,PDE2A,PDE3B,PDE4A,PDE4B,PDE4D,CXXC5,ZC3HC1,PDGFA,PDGFB,PEX5L,HDAC7,CYRIB,SUFU,PDPK1,NLK,WWOX,INPP5K,MAP3K20,PFDN5,CDK14,PHB1,PIK3CB,PIK3CG,PIK3R1,PIP4K2A,PKHD1,PLAUR,UBASH3A,PLCG2,PLXNB1,PML,TRIM34,TSPEAR,TLR9,SEPTIN4,ERRFI1,SSH1,MIOS,RBM47,RHOF,PPARA,PPARG,LEPROT,ZRANB1,EPS8L1,RNF43,LAX1,MKS1,PPM1A,OCIAD1,ADISSP,PPP1CA,PID1,PHIP,BANK1,USP47,ARHGAP17,PPP1R10,ARHGEF10L,TMEM33,PPP2R1A,RNF220,PPP2R1B,APPL2,PLEKHG6,ELP2,ASXL2,UBE2W,FBXW7,PPP3CA,PPP3CC,LGR4,PRCP,NAGK,DDX60,CDKN2AIP,ZDHHC7,PRKAA2,PRKACA,NPLOC4,DENND4C,LIMS2,SCYL2,CCDC88A,LMBR1L,PRKAR1B,INTS9,INAVA,PRKCA,PRKCB,PRKCE,PRKCH,PRKCI,WWC3,ARHGAP15,ASH1L,LMO3,PRKCZ,ERBIN,MAPK1,SULF2,MAPK8,PDGFC,MAP2K1,MAP2K2,MAP2K5,PRL,PRLR,TRIM39,SPHK2,CELF4,NCLN,SPPL2B,PMEPA1,DUSP22,SMYD2,RGMA,PRDM11,CDC42SE2,CTNNBIP1,KNL1,CASS4,CD177,RTN4,RALGAPB,SLC44A2,SMURF1,PELI2,PELI1,ZMIZ1,RALGAPA2,PTEN,PBXIP1,PTGS2,MIR497,MIR520C,BIRC6,PTK2,PLEKHG1,ARHGAP31,RPTOR,PTK6,SEMA6A,STAMBPL1,SIPA1L2,ARHGAP20,PREX1,ARHGAP21,WDFY1,BEGAIN,FNIP2,VPS18,SH3RF1,PLEKHA4,RNF213,CHD8,PTPN1,DENND1A,ZFYVE28,PTPN3,MARK4,PTPN11,PTPN13,PTPRC,PTPRD,PTPRE,PTPRJ,PTPRO,NECTIN2,PXN,ARHGAP22,CACTIN,RRAGD,MAP4K2,RAF1,RALB,ACTA2,RAP1B,RAP1GAP,RAP1GDS1,RASGRF1,RB1,HRH4,TRPV4,LGR6,BCL2,BCL2L1,RGS3,RGS10,RGS12,RGS13,RHEB,BCL3,AVPI1,BCL6,ROBO1,RORA,BCR,RPS3,RPS6KA1,RXRA,S100A4,S100A9,S100A13,SAG,CEACAM1,CCL3,CCL13,BICD1,CCL18,CCL22,BID,UBE2O,SEC14L1,PRDM16,SECTM1,GOLPH3,NOD2,MAP2K4,ARHGEF28,ARHGAP9,NXN,PALS1,RGS18,SGK1,ITSN1,CLEC7A,SIAH1,SIAH2,CRTC3,DEPTOR,MARCHF7,NIBAN2,RASAL3,SIPA1,SKI,NDRG4,SKP2,SLA,WNK1,SLC2A4,SLC6A9,BMP7,SLC20A1,BMPR1B,SLIT3,BMPR2,SMARCA4,PHACTR4,SNCA,SOD1,SORL1,SOS1,SP100,SPI1,SPTBN1,SRC,SREBF2,BRAF,DENND2B,STAT3,STK3,STK4,SYK,ADAM17,TBL1X,TCF7L2,TMBIM6,TEK,TGFA,TGFB1,TGFBR1,TGFBR2,TGFBR3,TGM2,THBS1,THRA,THRB,TIAM1,TIMP3,TLE1,TLE2,TLE4,GPR137B,TNFAIP3,TNFAIP6,TNFRSF1A,TNXB,TP73,TPD52L1,TPR,TPT1,TRAF1,TRAF2,TRAF3,TRAF5,TRAF6,TRIO,TSG101,CCR2,TXK,MOSMO,ACOD1,RFX8,UBE2D3,UBE2V1,UGCG,VAV2,VRK2,VWF,WFS1,XRCC3,LDLRAD4,YWHAG,YWHAZ,PTTG1IP,RELL1,LAPTM5,PXDN,USP7,RAB7A,PVRIG,MAPKAP1,EPS8L3,TCTN1,RNASEH2B,SH3TC2,RHBDF2,TMEM204,ARHGAP10,DYNC2H1,NLRX1,LRRK1,TBL1XR1,TTC21B,MMRN2,MOB3B,CAMKMT,UBA5,CAAP1,PRR5L,DOK3,KAT6A,ATAT1,WLS,ADAMTS20,CALM1,BICC1,ARMC9,ALPK1,CDK5RAP3,PDGFD,MPIG6B,NDFIP1,DUSP16,APOL3,ACTN4,WNT5B,ZBP1,CALR,TRIM11,ANKRD13C,ITM2C,KAZALD1,ADAMTS12,CAPN1,CAPN3,AXIN1,CASP1,ARHGAP24,CASP2,CCDC3,SESN2,ITCH,FRMD8,MAD1L1,KCTD10,STK40,KREMEN1,ADGRV1,DTNBP1,ULK1,BCAR3,LRRIQ1,ZNRF3,NLRC5,SLA2,CMAHP,TRAF7,GARNL3,CASP10,BRMS1L,VPS25,RASAL1,NCK2,CARD11,DOT1L,LZTS2,SYVN1,CUL3,CUL1,CASR,USP32,GPR65,SEMA7A,KLHL22,HAVCR2,ZNRF1,CGNL1,UBASH3B,ITGA8,DGKZ,DGKD,NKD1,ITPRIP,MADD,CAV1,RUNX2,PLPP3,CDK13,OASL,PTCH2,AKR1C3,NCOA1,TNKS,EIF3A,BECN1,PEA15,MARCO,GBF1,CRADD,TNFSF12,TNFSF10,CBS,ADAM9,FADD,TNFRSF11A,TNFRSF10B,IL18R1,IQGAP1,NRP1,SYNGAP1,SOCS2,CFLAR,CCN4,HDAC3,KSR1,STK19,VNN1,MTMR2,CPNE1,MBD2,BTRC,FGD3,MVB12B,TRIM15,LIMD1,KALRN,ACVR1,OTULIN,SEMA5A,SPAG9,DOK2,AIP,STARD13,PIP4P1,USP10,USP8,LATS1,ARHGEF1,CBFA2T2,RNF185,RSAD2,CD3E,MAP3K13,DDX21,VAPA,STYXL2,DLGAP1,DHRS3,MFHAS1,MAPKAPK2,CYTH1,ITGB1BP1,BPIFB1,SHKBP1,S1PR2,SOCS6,NREP,CD22,ARHGAP18,NHERF1,NRXN1,CD27,NMT2,ACVRL1,GRAP2,HTRA3,CD80,CD86,AIM2,MAP4K4,LY86,EIF2AK3,HOMER2,AKAP7,AKAP6,CD36,MAGED1,RPH3AL,ADAMTS3,EEF1E1,CLOCK,BABAM2,AKAP12,CD44,NCOR2,ARHGEF10,ZNF592,FNIP1,RALGPS1,TTI1,PHF14,FAM53B,DEPDC5,VGLL4,NUP93,RAPGEF2,PUM1,RIMS2,NOS1AP,USP34,IFT140,ARHGAP32,CD81,RIPOR2,BCLAF1,GIT2,RB1CC1,ZEB2,TESPA1,MAGI2,PJA2,SRGAP3,IQSEC1,KIF14,ARHGAP25,USP15,MVP,NR1H4","Sputum_Mixed granulocytic"
"BP","antigen receptor-mediated signaling pathway",184,81,0.000179847647669831,0.0283684794221551,"ADA,BTN2A2,VAV3,MALT1,BTNL3,LILRB4,BTN3A2,ERMAP,SPPL3,CSK,RC3H1,CTLA4,NFAM1,BTNL9,DENND1B,DUSP3,ELF1,FCHO1,RFTN1,PLCL2,ICOSLG,ABL1,FYB1,FYN,STAP1,GATA3,LAT,FOXP1,TNFRSF21,BLNK,HLA-DPB1,HLA-DQB1,HLA-DRB1,INPP5D,LCK,LCP2,LGALS3,LYN,MIR18A,MIR19A,MEF2C,NFKB1,PAWR,PDE4B,PDE4D,UBASH3A,PLCG1,PLCG2,LAX1,BANK1,PRKCB,PRKCH,MAPK1,DUSP22,PTPRC,PTPRJ,NECTIN2,BCL2,RPS3,CEACAM1,SHB,WNK1,SOS1,BRAF,SYK,TEC,TRAF6,TXK,LAPTM5,CACNB4,PVRIG,BTNL8,CD276,SLA2,CARD11,DGKZ,KLHL6,CD3E,CD247,CD22,CD38,CD79B,CD81,TESPA1","Sputum_Mixed granulocytic"
"BP","negative regulation of molecular function",787,263,0.000180494713121772,0.0283684794221551,"KCNE3,DNAJB6,KLRC4-KLRK1,HIPK3,RAMP3,ADAR,RACK1,ADARB1,SEMA4D,IPO7,ARFGEF1,RGS14,TMED2,SPINK5,LILRB4,WWP2,FAF1,PKIG,IRAK3,DUSP10,NLRP3,CHUK,RFFL,CMKLR1,CRHBP,CRHR1,CRY2,CSNK1E,TTBK2,TMC8,COMMD7,COMMD1,PAQR3,CYLD,CYP1B1,DAB2,DAP,ZFPM1,COMMD6,DRD4,DUSP3,NLRC3,SERPINB1,ABCA2,EPHA1,AKT1,ERCC4,ESR1,MTURN,ADGRG3,PPM1E,CARD8,HABP4,HECW1,RRP1B,LRCH1,NEDD4L,CORO1C,SH3BP4,ABL1,WWTR1,NUPR1,LATS2,GFI1,LAMP3,DISC1,STK39,BIN1,GNAI2,GNAI3,GNAQ,SFN,KCNRG,GPR35,ANK3,TRIB2,GSK3B,ANXA1,ANXA4,HNRNPU,ID3,IFNG,IL10,IRAK2,ITGAV,KCNE1,SUMO4,LGALS3,LIMK1,LRP1,LRP6,LRP5,LTF,LYN,MIRLET7B,MIR140,MIR17,MIR185,MIR192,MIR195,MIR19B1,MIR20A,MIR200C,MIR21,MIR92A1,ARRB1,ARRB2,SMAD7,MAP2,MGAT5,MNAT1,EIF2AK4,MTRR,PPP1R12A,NEDD4,NF1,NFKB1,NOTCH1,NPPA,ATP2A2,ATP2A3,ATP2B4,MIR378A,SERPINB2,PAK2,PALM,PRKN,PAX2,SPOCK3,PAM16,ANGPTL4,LEF1,TFDP3,PRKAG2,PDGFB,RTRAF,CDK5RAP1,SUFU,PDPK1,CAB39,INPP5K,RSF1,PEX14,SERPINA1,SERPINA4,SERPINB6,SERPINB13,PIK3CB,PKHD1,PLAUR,PLN,TLR9,ERRFI1,EGLN1,PPARA,PPARG,PXK,LAX1,PINX1,PPP1CA,USP47,PKIA,PRKAR1A,PRKAR1B,PRKAR2A,PRKAR2B,PRKCE,CAND1,DBNDD2,ERBIN,RCC2,MAPK8,MAP2K5,DUSP22,CTNNBIP1,PTEN,TMIGD3,HECW2,PTK6,SH3RF1,PTPN1,ZFYVE28,PTPRC,PTPRJ,PTPRO,CACTIN,RAF1,RALB,RB1,TRIM27,BCL3,RPS6KA1,SORT1,CEACAM1,BICD1,ILRUN,SIAH2,DEPTOR,WNK1,SLC6A9,SLC8A1,BMP7,SNCA,SORL1,SP100,SPI1,SPINK2,SRC,TBXT,TBX6,MIR613,TCF7L2,TMBIM6,TERF2,THBS1,TIMP2,TIMP3,SERPING1,TNFAIP3,TNNI3,TRAF3,TSG101,CCR2,TNFRSF4,ACOD1,WARS1,WFS1,YWHAG,ZFP36,USP7,KCNAB1,DBNDD1,PRKRIP1,CAAP1,PSME3IP1,CALM1,CDK5RAP3,NDFIP1,DUSP16,SH3BP5L,CAMK2D,PICALM,CAST,ITCH,ADGRV1,DTNBP1,PPP1R1B,NLRC5,VPS25,CASQ2,TTBK1,HAVCR2,UBASH3B,CST7,BHLHE40,CAV1,AOC3,TNKS,SERPINA6,CPNE1,BTRC,OTULIN,BTAF1,LATS1,ITGB1BP1,GSTO1,AIM2,SH3BP5,MACROH2A1,CD44,FNIP1,PPM1F,HDAC9,RIPOR2,HDAC4,MVP","Sputum_Mixed granulocytic"
"BP","positive regulation of lymphocyte differentiation",129,61,0.000182198736502509,0.0283684794221551,"ADA,RASGRP1,BTN2A2,KAT5,MALT1,LILRB4,DUSP10,NLRP3,PIK3R6,GATA3,GLI2,ANXA1,HLA-DRA,HLA-DRB1,HLX,IFNG,IL7R,IL10,IL15,IL15RA,INPP5D,ITPKB,RHOH,MIR21,ZBTB7B,LEF1,SASH3,PBRM1,AMBRA1,PRKCZ,PRKDC,ZMIZ1,ARID1B,PTPRC,RARA,BCL6,VSIR,KLHL25,SHB,SMARCA2,SMARCA4,SMARCC1,SMARCD1,SMARCD2,SOX12,SPI1,STAT5B,SYK,TGFBR2,ZBTB16,RUNX1,RUNX3,CBFB,IL1RL2,VNN1,CD83,CD27,CD80,CD86,TOX,TESPA1","Sputum_Mixed granulocytic"
"BP","lipid metabolic process",1397,452,0.000182265358019479,0.0283684794221551,"ACOT8,PIGK,CERT1,CDS1,PEMT,SLC25A17,NCOA2,KAT5,SORBS1,ERLIN1,PMVK,CES1,CETP,ACOT2,ILVBL,LIAS,ABHD2,PLAAT3,CHKA,ACOT7,MGLL,OSBPL1A,OSBPL5,OSBPL8,OSBPL9,OSBPL10,CIDEA,OMA1,ABHD15,MOGAT1,AGAP2,THEM4,PLAAT5,IP6K3,CLU,TPP1,DEGS2,PLA2G4E,GGT6,PRXL2B,PIGU,MBOAT2,COMT,TPRA1,COX10,CPT1A,CPT1B,TMEM68,GPAT4,CREB1,CREBL2,ABHD16B,ACSM6,MAPK14,RDH12,ABHD12B,TTC7B,PM20D1,MBOAT1,CYP1B1,CYP3A7,RDH10,TTC39B,CYP19A1,AWAT2,CYP27A1,DAB2,DGKG,DGKH,DGKQ,ECI1,SGMS2,ABCA1,PLPP4,EHHADH,ACSF3,ALG14,ABCA2,LIPH,HACD2,CERS3,AKT1,AKT2,ESR1,ABCA3,ETFA,ETFDH,FABP5,ACSL1,FAH,FASN,JAZF1,DAGLB,FDFT1,FDX1,FECH,ALDH3A2,FGR,INPP5F,MORC2,SACM1L,PLCH1,AKR1B1,EFR3A,LPIN1,FLT1,PLCL2,PLCB1,ACSL6,UBR4,PIP5K1C,MLYCD,FNTB,SLC44A1,PIGN,PDSS1,AMACR,PLA2G15,PRKD3,PITPNB,PISD,ALK,ABCA4,ALOX5,ALOX5AP,ALOX12B,MTOR,NR5A2,NR5A1,FUT7,KDSR,CERS6,G6PC1,ST6GALNAC3,SERINC5,PLCXD2,GALC,SGMS1,KBTBD2,TIPARP,DHRS7B,ACOT11,OSBPL3,ABHD12,LDLRAP1,ZBTB20,ABCA12,GFI1,GGT1,GGTA1,B4GALT1,ACAD8,GLB1,COQ2,HDHD5,GM2A,GPD1,GPLD1,PLA2G4D,NUDT7,GDPD1,SUMF1,GPX4,GPX5,NR3C1,GSTA3,GSTM1,GSTM4,ANXA1,HADHA,HADH,HDLBP,HEXA,HEXB,ST6GALNAC6,PIK3R4,ACACA,AOAH,HMGCL,HMGCR,HMGCS1,AOX1,DHRS4L2,HSD11B1,HSPG2,HTR2B,ACADM,MALRD1,IDI1,IFNG,IGF1R,IGFBP7,APP,IL1A,INPP1,INPP4A,INPP5A,INPP5B,INPP5D,ITPKB,GLYATL3,LBR,LDLR,LEPR,LIPC,LPL,PLPP6,LRP1,LRP2,LRP5,LTA4H,MIR185,MIR192,MMUT,NFKB1,NPC1,OXCT1,P2RX1,P2RX7,PNPLA8,PBX1,PC,PCCA,ACOX1,PCK2,CRYL1,SCCPDH,ANGPTL4,HSD17B12,PLCE1,GLTP,PCYT1A,MBTPS2,AIG1,PDE3B,PRKAG2,LIMA1,PDGFA,VPS54,PDGFB,PIGT,DHRS7,PDK4,INPP5K,PEX7,ATP8B1,PIGH,PIK3C2B,PIK3C2G,PIK3C3,PIK3CB,PIK3CG,PIK3R1,PI4KA,PI4KB,PIP4K2A,PITPNA,PLA2G4A,PLCB2,PLCB4,PLCD1,PLCL1,PLCG1,PLCG2,PNLIPRP1,PPARA,PPARD,CRLS1,CROT,PPARG,PLPPR1,AUH,PLAAT2,CLN6,ACSM5,TMEM38B,PPP2R1A,APPL2,THNSL2,ACOXL,FBXW7,AGPAT5,PI4K2A,PPT1,PIP4P2,AMBRA1,PRKAA2,VAC14,PRKAR2B,PRKCE,TEX2,ACSS2,PRLR,PSAP,SPHK2,AGPAT3,AGPAT4,PLSCR3,PNPLA2,PDSS2,SLC44A2,TTC7A,PTEN,PTGS2,SERINC1,RPTOR,NCEH1,FAM135A,PITPNM2,RNF213,GPAM,GBA3,PTPN11,PTPRN2,PEX2,PEX5,BCAT1,SCPEP1,ALOXE3,RBP4,ELOVL5,RORA,RORC,RPE65,BDH1,CEACAM1,SCP2,NOD2,LIPN,KLHL25,CERK,CRTC3,LMF1,ST3GAL1,ST3GAL2,ST3GAL3,BCL11B,MPPE1,AACS,MTMR9,SNCA,SOD1,SORL1,SRD5A2,SREBF1,SREBF2,STAT5B,SULT1A1,SULT2B1,TAFAZZIN,TBXAS1,TEK,TGFB1,TSPO,THRA,TNFRSF1A,TNXB,CRPPA,TYRP1,UCP3,UGCG,UVRAG,DAGLA,YWHAH,RAB7A,ST8SIA4,ELOVL6,MBOAT7,DHRS11,TMEM43,ADIPOR2,TBL1XR1,ALG9,NAA40,PLBD1,LPCAT1,ELOVL7,NR4A3,MOGAT2,RUBCNL,OPA3,ACSF2,HSD3B7,CUBN,PNPLA3,ACAD10,DDHD1,PTDSS2,GDPD5,ACOX2,PITPNM3,CCDC3,SESN2,BCO2,PIP5K1B,B3GNT5,ACAD11,SLA2,SOAT2,NSMAF,ACSS1,DGAT2,EBPL,CAT,ADTRP,CBR4,MFSD2A,ALG10,SERAC1,PIGY,DGKZ,DGKE,DGKD,AGPS,SLC45A3,APOL1,DEGS1,CAV1,SCARF1,PLPP1,PLPP3,HSD17B6,AKR1C3,SERPINA6,BECN1,B4GALT4,MBTPS1,CDS2,DCAF5,SOCS2,KAT2B,NR1I2,SYNJ2,MTMR3,MTMR2,CPNE1,PLCZ1,PIP4P1,MTMR7,RFT1,LARGE1,VAPA,DHRS3,SOCS6,PGAP3,B4GALT6,B4GALT5,PLAA,TM9SF2,ORMDL3,FADS2,CD36,PIGL,PGS1,SPTLC2,TECR,MACROH2A1,H6PD,ABCG1,LPIN2,PTDSS1,FIG4,NR1H4","Sputum_Mixed granulocytic"
"BP","regulation of T cell proliferation",181,72,0.000188177316814094,0.0290893969202957,"TSPAN32,BTN2A2,GPNMB,LILRB1,LILRB4,RIPK3,CORO1A,RC3H1,CTLA4,CD55,DLG1,TMEM131L,ICOSLG,SCRIB,LRRC32,TNFRSF21,CCDC88B,CD274,ANXA1,HLA-DPB1,HLA-DRB1,IL1A,IL10,IL15,ARG1,LGALS3,MIR21,NCK1,PAWR,ZBTB7B,SASH3,PPP3CA,PRKAR1A,CRTAM,PELI1,SH3RF1,GPAM,PTPRC,RAC2,BCL6,RPS3,BID,VSIR,SFTPD,MARCHF7,RASAL3,SLC7A1,LGALS9C,SOS1,SPN,SPTA1,STAT5B,SYK,TGFBR2,TNFRSF1B,TRAF6,CCR2,ZP3,CD276,NDFIP1,ITCH,MAD1L1,NCK2,CARD11,HAVCR2,FADD,TNFSF18,CD1D,CD3E,CD6,CD80,CD86,CD81","Sputum_Mixed granulocytic"
"BP","regulation of small GTPase mediated signal transduction",293,138,0.000193194809141676,0.0292985307865153,"RASGRP1,FAM13A,LPAR6,DENND4A,NET1,DLC1,VAV3,ARFGEF1,STAMBP,MAPRE2,AKAP13,CHN2,ARAP1,TAGAP,FGD4,COL3A1,PLEKHG4B,PRAG1,DOCK2,DOCK3,ECT2,ABCA1,LPAR1,ARHGAP27,CCDC125,F2RL2,SPATA13,FGD1,RASA3,DENND3,SWAP70,ARHGAP26,SIPA1L3,IQSEC2,RAP1GAP2,KANK1,ARHGEF9,PSD3,ARHGAP45,PSD4,ABL1,NGEF,KANK2,PLEKHG3,AUTS2,TIAM2,FBXO8,ABL2,CYTH4,P2RY10,SGSM3,GPR17,GPR35,SCAI,GIT1,ABR,ARHGAP35,ITGAV,ITGB1,ITPKB,ARHGDIB,ARRB1,IQSEC3,TRIM67,MYO9B,NF1,NOTCH1,NOTCH2,ARHGEF3,PLCE1,CYRIB,PIK3CB,PIK3CG,RHOF,EPS8L1,ARHGAP17,ARHGEF10L,PLEKHG6,DENND4C,ARHGAP15,CDC42SE2,RALGAPB,RALGAPA2,PLEKHG1,ARHGAP31,SIPA1L2,ARHGAP20,PREX1,ARHGAP21,DENND1A,ARHGAP22,RAF1,RAP1GAP,RASGRF1,BCL6,ROBO1,BCR,ARHGEF28,ARHGAP9,ITSN1,RASAL3,SIPA1,SOS1,SRC,TGM2,TIAM1,TRIO,VAV2,MAPKAP1,EPS8L3,ARHGAP10,ARHGAP24,KCTD10,GARNL3,RASAL1,CUL3,GPR65,CGNL1,MADD,GBF1,NRP1,SYNGAP1,STK19,FGD3,KALRN,STARD13,ARHGEF1,CYTH1,ARHGAP18,MAP4K4,ARHGEF10,RALGPS1,ARHGAP32,RIPOR2,GIT2,SRGAP3,IQSEC1,KIF14,ARHGAP25","Sputum_Mixed granulocytic"
"BP","response to nitrogen compound",1127,398,0.000193336622475349,0.0292985307865153,"ADA,ABCC9,AKAP9,TRIM13,RAMP3,NOD1,RAPGEF3,PRMT5,BAIAP2,NCOA2,SORBS1,ERLIN1,TRIM16,CES1,RAB10,RAB31,FAF1,IRAK3,SCN11A,CHRM2,CHRM3,CHUK,OSBPL8,SLC22A12,AP3S1,SLC24A4,CNR2,COL3A1,COL4A1,RFTN2,COL16A1,ADORA2A,CPT1A,CREB1,CRHBP,CRHR1,CRY2,PARP1,MAPK14,SESN3,CSK,AANAT,SLC38A9,CYP1B1,BMT2,GRK2,ADSS2,DGKQ,DAXX,DHX15,DHX36,DHFR,DNMT3A,ABAT,AGRP,DRD4,AGTR1,ABCA1,EGFR,AHR,EIF2S1,UBR1,STT3B,AKT1,AKT2,ALAD,EXT1,EZH2,PTK2B,SDK1,FDX1,FER,NLRP1,ATF6,TNIK,FOXO1,LPIN1,RFTN1,KANK1,CYFIP1,FAF2,SIK2,PLCB1,LARP1,RHOQ,LEPROTL1,FOLR2,SPIDR,FOS,SH3BP4,ALK,MTOR,ALPL,ABL1,NR5A1,FUT7,FYN,GAB1,KBTBD2,GCG,GCNT1,RGS17,GDF10,AMFR,SNX5,SESN1,GCLC,GNA15,GNAI2,GNAI3,GNAQ,GNB1,GNRHR,GPD1,GPLD1,GPR21,FFAR3,GRB10,RAPGEF1,SETD2,GSK3B,GSTM1,USP25,ANXA1,HADHA,HADH,HNRNPD,HRH1,HRH2,HTR2B,HTR3A,HTR7,UBAC2,ICAM1,STING1,IDE,IGF1R,APP,CASTOR3P,TICAM2,IL1A,IL10,INHBA,AQP9,ITGA2,ITGB1,ITGB2,ITPR1,ITPR2,JAK1,JAK3,KCNB1,MIA3,KCNE1,KCNQ1,C1QTNF12,LDLR,RAB44,LPL,LRP1,LRP6,LRP5,LTA4H,LYN,MIR140,MIR143,MIR145,MIR195,MIR20A,MIR200C,MIR302A,MIR92A1,ARRB2,ASIC1,MAN1A1,MAX,MEF2C,MAP3K5,ATXN3,MMP2,ABCC1,MYO1C,MYO5A,NCK1,NFKB1,NGFR,NNMT,NOTCH1,NPC1,NR4A2,ATP2B4,OPRM1,P2RX1,P2RX3,P2RX4,P2RX7,P2RY6,RRM2B,PALM,REG3A,PRKN,ZBTB7B,PCK2,PCSK1,PDE2A,PDE3B,PDE4B,PDK4,PDPK1,INPP5K,PFKFB1,PIK3CG,PIK3R1,PIP4K2A,PKLR,PKM,BCL11A,TLR9,GPR173,GNG2,SSH1,XRN1,EGLN1,PPARA,CRLS1,PPARG,LEPROT,PID1,PHIP,TMEM38B,APPL2,RNF121,PPP3CA,RNLS,NAGK,ZDHHC7,PRKACA,NPLOC4,DENND4C,PRKAR1A,UGGT2,INAVA,PRKCA,PRKCB,PRKCE,PRKCI,PRKCZ,PRKDC,ERBIN,MAPK1,MAPK13,PDGFC,RETN,PDXP,AGTRAP,MAN1C1,PELI1,RHBDD2,PTGS2,PTK2,ARID1B,RPTOR,STAMBPL1,PTPN1,EPG5,PTPN11,PTPRA,PTPRE,PXN,RRAGD,LY6G6D,RAF1,RALB,RAP1B,RAP1GDS1,RB1,HRH4,TRPV4,BCL2,BCL2L1,RGS10,RPE65,RYR1,RYR3,SORT1,CELA2A,SCNN1A,CEACAM1,GOLPH3,BLM,NOD2,IFIH1,ZNF106,SGTA,MTARC1,SLC1A2,SLC2A1,SLC2A4,SLC8A1,BMP7,SLC34A1,SLC18A2,SMARCC1,SNCA,SORL1,SOS1,SRC,SRD5A2,SREBF1,SREBF2,BRAF,ZFP36L1,STAT3,STAT5B,BSG,SYK,TCF12,TDO2,TMBIM6,TEK,TGFB1,TGFBR3,TGM2,TSPO,TIAM1,TNFAIP3,TOP2B,TP73,TPR,TRAF2,TRPM2,TSHR,TYMS,UCP3,VIM,WFS1,WT1,YWHAG,CA2,CACNA1A,CACNA2D1,CACNB1,RNF103,TUBA1A,DERL1,BAG6,NR4A3,EDEM3,PDGFD,CPEB4,PNPLA3,SEL1L2,CSRP3,COLEC12,CALR,SLC7A5,HM13,CANX,GUCD1,SESN2,CASP6,CASP7,DTNBP1,BCAR3,PPP1R1B,SLC25A33,SYVN1,CASQ2,CUL3,CASR,KLF11,CAT,GPT2,ADTRP,KLHL22,CAV1,STC2,NCOA1,TNFSF10,CBS,FADD,TNFRSF11A,SOCS2,CFLAR,KAT2B,KYNU,USP13,UMODL1,RNF185,DDX21,LARGE1,CD9,NHERF1,RECQL5,HOMER2,AKAP6,CD36,NCOR2,ZNF592,LPIN2,CD68,RAPGEF2,EDEM1,HDAC9,CD81,CDA,C2CD5,TBC1D4,NR1H4,CDH1","Sputum_Mixed granulocytic"
"BP","phosphate-containing compound metabolic process",2520,851,0.000193398152524964,0.0292985307865153,"ADA,AKT3,ACOT8,ABI1,SBK3,PIGK,SLC17A4,C8orf44-SGK3,DNM1L,SGK2,RAD50,HIPK3,IFNL4,RASGRP1,AKAP9,ABI2,AASS,SLC25A13,TNK2,ADAM10,CDK6,CTDSPL,GPHN,RAMP3,PAK4,ADAR,CDKN2B,DLC1,RACK1,ADARB1,CDS1,PEMT,TESK2,TAB1,GPNMB,MERTK,TADA3,SEMA4D,IPO7,RGS14,PMVK,CETP,MAP3K2,NEK6,ADCY2,PPP1R17,MALT1,FASTK,TMED2,ACOT2,LILRB4,TLK2,RIPK3,CIT,PKIG,PLAAT3,NUDT3,CHKA,IRAK3,DUSP10,PDCD10,TP53RK,ACOT7,CHUK,OSBPL5,OSBPL8,OSBPL10,ADCY9,WDFY2,IL22RA2,AGAP2,PLAAT5,IP6K3,FRA10AC1,CLU,SPPL3,PLA2G4E,WDR81,IQGAP3,PIGU,MBOAT2,ADK,IL31RA,PPARGC1B,UBLCP1,GPAT4,CREB1,PTPDC1,CREBL2,MYO3B,NEK7,ABHD16B,CRY2,TRPM6,SIRPA,STK35,PARP1,ACSM6,MAPK14,CSF1R,CSK,CSNK1E,ABHD12B,TTC7B,CSNK2B,TTBK2,PIK3R6,CTBP1,PDIK1L,CLDN19,CTNS,CTSG,CCNYL1,UPP2,CX3CR1,PAQR3,PPM1K,CNKSR3,MBOAT1,GRK2,GRK3,PRAG1,ADSS2,DAB2,DGKG,DGKH,DGKQ,DAPK1,DAXX,SGMS2,DGUOK,DHODH,DLAT,DLG1,DLG2,DLST,DMD,DPYS,DRD4,DSCAM,DUSP3,DUSP4,DUT,DYRK1A,ECT2,EFNA5,EGF,EGFR,PLPP4,ADCY4,ACSF3,EIF4G1,ELANE,ABCA2,SPRED2,LIPH,MARK2,HACD2,ENO1,ENSA,C9orf72,AK2,EPHA1,HIPK1,EPHB3,EPHB6,DIPK2A,AKT1,ERG,AKT2,ERN1,ABCA3,EZH2,FABP5,ACSL1,PTK2B,FBLN1,CCNY,PRPS1L1,FDFT1,FECH,FER,FGF7,MAPK15,FGFR2,FGR,FHIT,PPM1E,AAK1,LMTK2,CILK1,INPP5F,SACM1L,SEPHS1,TPX2,NT5C2,LIMCH1,STK38L,MAST3,TNIK,SWAP70,ERC1,TAB2,MAST2,ANKLE2,EFR3A,LPIN1,PASK,DIP2A,FLT1,SIK2,PLCB1,CAMTA1,FBXW11,SMG6,ACSL6,SASH1,SIK3,PIP5K1C,MLYCD,RHOQ,SLC44A1,QPRT,NNT,PIK3R5,PIGN,CORO1C,DAPK2,PLXNB2,PLA2G15,SGK3,PRKD3,PISD,ALK,MTOR,ALPL,ABL1,FYN,G6PC1,SERINC5,DSTYK,SGMS1,WWTR1,SAMHD1,DHRS7B,IBTK,ACOT11,PPP1R16B,ABHD12,TRAF3IP1,GARS1,STAP1,AK5,GCG,GCH1,LATS2,GFRA1,ABL2,TPK1,NPTN,LAT,AMPD2,PDE7B,AMPD3,SULT1B1,STK39,HDHD5,GNA12,GNAI3,GNAQ,SFN,GPD1,GPD2,GPLD1,SLCO3A1,STK32C,KSR2,PLA2G4D,NUDT7,GDPD1,EPHA6,GRK4,GRK5,GRK6,GPX4,GRB10,TRIB2,RGCC,HIPK2,TBK1,GSK3B,OLA1,GUCY1A1,GUCY2C,NME7,PILRB,HADHA,HCK,HCLS1,HTT,HDC,HEXB,NRG1,EHD4,PIK3R4,HK1,HK2,ACACA,HLA-DRB1,HMGCR,HMGCS1,HNMT,HNRNPU,HRH1,HTR2B,HUS1,MYLK4,IDH2,IDI1,IFNG,IGF1R,APP,FAS,IL6R,IL15,INHBA,INPP1,INPP4A,INPP5A,INPP5B,INPP5D,ITGA6,IRAK2,ITGA1,ITGA5,ITGB2,ITPK1,ITPKB,JAK1,JAK3,KARS1,MAST4,LCK,LCP2,LDLR,LEPR,LGALS3,LIMK1,LIMK2,LIPC,LPL,PLPP6,LRP6,LRP5,LTF,LYN,MIR143,MIR19A,MIR19B1,MIR20A,MIR21,MIR92A1,ARRB1,ARRB2,SMAD7,MARK3,MDH2,MEF2C,MAP3K1,MAP3K5,MGAT5,CIITA,MNAT1,CCDC88C,EIF2AK4,MMUT,MYLK,PPP1R12A,NCK1,NDUFA10,NDUFB9,NDUFS2,NDUFS8,NEDD9,NEK2,NEK3,NF1,NNMT,NOS3,NPPA,NTHL1,ROR1,ATP2B4,OGDH,OPA1,OSM,P2RX7,P2RY6,RRM2B,MINK1,PAK2,PNPLA8,PRKN,PC,DERA,CRYL1,TNNI3K,HSD17B12,HERC5,PLCE1,PIPOX,CDK17,PCYT1A,TAOK3,ANGPT4,PDE2A,PDE4A,PDE4B,PRKAG2,PDE4D,PDE7A,PDE9A,PDGFA,PDGFB,PIGT,RTRAF,CDK5RAP1,PDK4,PDPK1,NLK,CAB39,UPB1,CD244,INPP5K,MAP3K20,PFKFB1,PFKFB2,PFKFB3,PFKFB4,PFKP,CDK14,PHB1,ATP6V1B2,PHKG2,PIGH,PIK3C2B,PIK3C2G,PIK3C3,PIK3CB,PIK3CG,PIK3R1,PI4KA,PI4KB,ACP2,PIP4K2A,PKLR,PKM,PLA2G4A,PLAUR,PLCB2,PLCD1,PLCG1,PLCG2,ACP5,TLR9,ERRFI1,SSH1,TOLLIP,PPARA,CRLS1,CROT,PPARG,PLPPR1,LAX1,PPM1A,PARP16,ODAM,PLAAT2,ACSM5,PPP1CA,PID1,PHIP,BANK1,TMEM38B,PPP2R1A,PPP2R1B,NADSYN1,PPP2R3A,KIRREL1,THNSL2,PPP2R5C,FGGY,PPP2R5E,PPP6R3,FBXW7,PPP3CA,AGPAT5,PPP3CC,STK32B,PI4K2A,IMPACT,PPT1,PIP4P2,NAGK,ITLN1,PRR5,AMBRA1,PRKAA2,PRKACA,MFN1,PPP4R3A,PKIA,VAC14,CCDC88A,PRKAR1A,PRKAR1B,PRKAR2A,PRKAR2B,PRKCA,PRKCB,PRKCE,PRKCH,PRKCI,DBNDD2,PRKCZ,ACSS2,PRKDC,MAPK1,MAPK6,MAPK8,MAPK10,MAPK13,PDGFC,MAP2K1,MAP2K2,MAP2K5,DNAJC3,PRLR,PARD3,PRPSAP1,AZU1,SLAMF8,SPHK2,AGPAT3,AGPAT4,DUSP22,PDXP,PLSCR3,CASS4,CAMK1D,SLC44A2,PELI2,TTC7A,PPP4R3B,PTEN,PTGS2,BIRC6,PPM1H,PTK2,SERINC1,RPTOR,PTK6,ALPK3,PDP2,FNIP2,PITPNM2,GPAM,PTPN1,ZFYVE28,PTPN3,PTPN4,PTPN7,MARK4,PTPN9,PTPN11,G6PC2,PTPN13,PTPN14,PTPRA,PTPRC,PTPRD,PTPRE,PTPRG,PTPRJ,PTPRK,PTPRM,PTPRN2,PTPRO,PYGL,CACTIN,MAP4K2,MOK,RAF1,RALB,RARA,RB1,RBL1,RBL2,BCL2,TRIM27,ELOVL5,ROBO1,RORA,BCR,RPS3,RPS6KA1,RPS6KA2,CEACAM1,SDHA,LHPP,RBKS,SAMSN1,BLM,NOD2,MAP2K4,SGK1,SMYD3,TNS3,MICAL1,CERK,DEPTOR,WNK1,NADK,MPPE1,SLC8A1,BMP7,SLC11A1,SLC20A1,BMPR1B,BMPR2,MTMR9,SNCA,SOD1,SORL1,SPN,SRC,BRAF,SRPK1,STAT3,STK3,STK4,CDKL5,STK10,SULT1A1,SULT2B1,SYK,ADAM17,TAFAZZIN,TDG,TDO2,TEC,TEK,TGFA,TGFB1,TGFBR1,TGFBR2,THBS1,TSPO,TIE1,TK2,TNFRSF1A,TOP1,TPD52L1,TRAF2,TRAF6,TRIO,TSG101,TTN,CDK11A,TXK,TYMS,UCK2,UPP1,UVRAG,VRK2,WARS1,XRCC5,YWHAG,YWHAZ,CACNB4,MAPKAPK3,DBNDD1,ELOVL6,CARD14,MAPKAP1,MBOAT7,GNPTAB,CCNJL,RNASEH2B,PANK3,LRRK1,PRKRIP1,MOB3B,PEAK1,NEK11,DCAKD,PLBD1,LPCAT1,PRR5L,ELOVL7,CALM1,ALPK1,ACSF2,CDK5RAP3,PDGFD,PNPLA3,SLC19A3,DUSP16,SH3BP5L,FXR1,CDK2AP1,PTDSS2,CAMK2D,CAMK2G,AXIN1,PITPNM3,ADPGK,SESN2,STK40,PIP5K1B,DTNBP1,HDHD2,ULK1,BCAR3,PPP1R1B,NLRC5,SLA2,STK24,VPS25,NCK2,CARD11,ACSS1,TPST2,TPST1,TTBK1,DGAT2,PSRC1,CDC42BPA,SEMA7A,ADTRP,MFSD2A,MAP4K3,SERAC1,UBASH3B,PIGY,PARG,KCNAB2,DGKZ,DGKE,DGKD,MYLK2,SSH2,CDC14B,CDC14A,CAV1,CASK,STK16,PLPP1,PLPP3,CDK13,RUNX3,TNKS,BECN1,MARCO,ADAM9,CDS2,TNFRSF11A,TNFRSF10B,TNFRSF10A,DYRK4,SUCLG2,CDKL1,IQGAP1,NRP1,GMPS,SOCS2,HDAC3,KSR1,STK19,LDB1,SYNJ2,VNN1,MTMR3,MTMR2,PRPF4B,CCNA1,KYNU,BTRC,CCND3,RPS6KA4,LIMD1,TNFSF18,KALRN,ACVR1,BAZ1B,SPAG9,PAPSS2,PAPSS1,DIRAS3,PIP4P1,MTMR7,LATS1,CCNB2,PKDCC,CTDP1,CD3E,MAP3K13,MYLK3,DCLK1,VAPA,STYXL2,CD6,PXYLP1,MFHAS1,MOB1B,MAPKAPK2,STK17B,ITGB1BP1,S1PR2,SOCS6,COPS2,PGAP3,NHERF1,PLAA,ACVRL1,CD80,ORMDL3,TJP2,CD86,MAP4K4,EIF2AK3,PICK1,SH3BP5,CD36,PIGL,PGS1,SPTLC2,TBPL1,CD38,TECR,MACROH2A1,H6PD,GTPBP1,CDC42BPB,CD44,VPS9D1,GDA,AATK,ZNF592,FNIP1,PPM1F,RAPGEF2,CDA,PTDSS1,MAML1,RB1CC1,DNAJC6,MELK,CDK11B,MAGI2,TLK1,FIG4,KIF14,XYLB,GFPT2,MVP,TNFSF15,NR1H4","Sputum_Mixed granulocytic"
"BP","regulation of mononuclear cell proliferation",241,92,0.000195505671111167,0.0294216613929149,"ADA,TSPAN32,BTN2A2,VAV3,GPNMB,LILRB1,LILRB4,RIPK3,CORO1A,RC3H1,CTLA4,CD55,DLG1,GPR183,AHR,TMEM131L,ICOSLG,SCRIB,LRRC32,TNFRSF21,CCDC88B,CD274,ANXA1,HLA-DPB1,HLA-DRB1,IL1A,IL10,IL15,INPP5D,ARG1,LGALS3,LYN,MIR185,MIR21,MEF2C,MPL,NCK1,PAWR,ZBTB7B,CD320,TLR9,SASH3,PPP3CA,PRKAR1A,PRLR,CRTAM,PELI1,SH3RF1,GPAM,PTPRC,RAC2,BCL2,BCL2L1,BCL6,RPS3,BID,ZNF335,VSIR,SFTPD,ST6GAL1,MARCHF7,RASAL3,SLC7A1,LGALS9C,SOS1,SPN,SPTA1,STAT5B,SYK,TGFBR2,TNFRSF1B,TRAF6,CCR2,TNFRSF4,ZP3,CD276,NDFIP1,RASSF5,ITCH,MAD1L1,NCK2,CARD11,HAVCR2,FADD,TNFSF18,CD1D,CD3E,CD6,CD22,CD80,CD86,CD38,CD81","Sputum_Mixed granulocytic"
"CC","primary lysosome",153,62,0.000202406159211089,0.0300619448491031,"ATP8A1,VAT1,CEACAM8,CKAP4,PADI2,NFAM1,CTSG,ABCA13,DEFA1,DEFA3,DEFA4,DYNC1H1,ELANE,UNC13D,STOM,FABP5,FAF2,ARHGAP45,HEBP2,GAA,GCA,GALNS,GDI2,B4GALT1,GLB1,GM2A,GNS,GRN,ANXA2,HEXA,HEXB,ANXA11,RAB37,ARG1,HRNR,LAMP1,RAB44,ARSB,MPO,CEACAM6,PLAC8,TOLLIP,CTSA,CMTM6,CPPED1,PRCP,MAPK1,DNAJC3,AZU1,PSAP,RETN,PSMD1,RAP1B,SURF4,C3AR1,DEFA1B,LPCAT1,DNAJC5,STX7,RNASET2,VNN1,CPNE1,SYNGR1,VAPA,CD68","Sputum_Mixed granulocytic"
"CC","azurophil granule",153,62,0.000202406159211089,0.0300619448491031,"ATP8A1,VAT1,CEACAM8,CKAP4,PADI2,NFAM1,CTSG,ABCA13,DEFA1,DEFA3,DEFA4,DYNC1H1,ELANE,UNC13D,STOM,FABP5,FAF2,ARHGAP45,HEBP2,GAA,GCA,GALNS,GDI2,B4GALT1,GLB1,GM2A,GNS,GRN,ANXA2,HEXA,HEXB,ANXA11,RAB37,ARG1,HRNR,LAMP1,RAB44,ARSB,MPO,CEACAM6,PLAC8,TOLLIP,CTSA,CMTM6,CPPED1,PRCP,MAPK1,DNAJC3,AZU1,PSAP,RETN,PSMD1,RAP1B,SURF4,C3AR1,DEFA1B,LPCAT1,DNAJC5,STX7,RNASET2,VNN1,CPNE1,SYNGR1,VAPA,CD68","Sputum_Mixed granulocytic"
"BP","hemopoiesis",943,332,0.000204360342471884,0.0301550936515006,"ADA,ABI1,C17orf99,TRIM10,RASGRP1,CDH17,WASF2,CDK6,LRRC17,ADAR,CDKN2B,IKZF1,BTN2A2,PIAS3,ARIH2,MERTK,ZNHIT1,KAT5,CEBPE,TRAF3IP2,CCR9,LILRB1,MALT1,SPINK5,LILRB4,LILRB3,RIPK3,CHD2,DUSP10,CMTM7,NLRP3,PGLYRP2,SLAMF6,CCR1,LEO1,OSCAR,TMEM178A,KLF6,IL31RA,PPARGC1B,CREB1,ZBTB46,PARP1,MAPK14,CSF1R,CSF3R,PIK3R6,RC3H1,CTLA4,HSCB,NFAM1,ZFPM1,TMEM64,DHX36,DOCK2,GPR183,EEF2,EPAS1,HIPK1,ALAS1,ETS1,ETV6,MECOM,EXT1,EZH2,FANCA,PTK2B,FASN,RTKN2,MTURN,ADGRG3,FECH,FGFR2,SBNO2,SIPA1L3,RCOR1,PLCL2,TMEM131L,ABCB10,KAT6B,FOS,SSBP3,MTOR,ABL1,FUT7,HECTD1,ZNF385A,TIPARP,DHRS7B,GATA3,CLEC4E,KAT2A,FOXP1,GLI2,GP1BB,GP9,SIGLEC15,HIPK2,NR3C1,BLNK,SNX10,GPR171,ANXA1,ANXA2,HCLS1,HIF1A,HLA-DRA,HLA-DRB1,HLX,HOXA9,HOXB3,IRF8,ATXN1L,IFNG,APP,RBPJ,IL1A,IL6R,IL7R,IL10,IL15,IL15RA,INHBA,INPP5D,IREB2,IRF4,IRF7,ITGB1,ITPKB,JAK1,JAK3,NRROS,KCNQ1,LAG3,LBR,LCK,LEPR,LFNG,LGALS1,LIG4,RHOH,LTF,LYL1,LYN,MIR145,MIR21,MIR17HG,SMAD7,MB,MEF2C,MEIS1,MITF,KMT2A,MLLT3,MPL,RHEX,MYB,MYO1E,NEDD9,NF1,NFATC1,NFIL3,NOTCH1,NOTCH2,NOTCH4,TIFAB,OSM,PBX1,ZBTB7B,LEF1,PDCD2,VPS54,KLF13,PIK3R1,PIP4K2A,PKNOX1,PLCG2,PML,TLR9,SASH3,RBM47,PPARG,TET2,WBP1L,NCAPG2,TESC,PBRM1,FBXW7,PPP3CA,AGPAT5,DOCK10,AMBRA1,CHD7,LYAR,LMBR1L,PRKCA,PRKCZ,PRKDC,CRTAM,LRRC8A,SLAMF8,CTNNBIP1,ZMIZ1,TTC7A,PBXIP1,AICDA,ARID1B,RPTOR,PREX1,ZFAT,SH3RF1,PTPN11,PTPRC,PTPRJ,RARA,RARG,RB1,BCL2,BCL3,BCL6,RORA,RORC,BCR,CEACAM1,CCL3,VSIR,TMEM91,SEMA4A,KLHL25,DCLRE1C,SHB,MEAF6,ST3GAL1,BCL11B,VPS33A,SMARCA2,SMARCA4,SMARCC1,SMARCD1,SMARCD2,SOD1,SOS1,SOX12,SPI1,SPN,SPTA1,SRC,BRAF,ZFP36L1,STAT3,STAT5B,STK3,STK4,SYK,ADAM17,TAFAZZIN,TCF3,TCF7,TEK,TGFB1,TGFBR2,TGFBR3,THRA,GPR137B,TNFAIP6,C1QC,TOP2B,TPD52,TPO,TRAF6,TRPM2,CCR2,XRCC5,ZFP36,ZBTB16,LRRK1,NHEJ1,UBA5,KAT6A,CDK5RAP3,MPIG6B,NDFIP1,DCSTAMP,CLPB,PICALM,ITCH,SLC7A6OS,KAT8,PRXL2A,CASP10,CARD11,SYVN1,UBASH3B,LY6D,RUNX2,RUNX1,CDK13,CBFA2T3,RUNX3,CBFB,ACTN1,PABPC4,FADD,TNFRSF11A,IL1RL2,IL18R1,CFLAR,CCN4,TSC22D1,LDB1,VNN1,PGLYRP1,TNFSF18,ASH2L,CD1D,RSAD2,CD3E,IL1RL1,LARGE1,MFHAS1,CD83,CD27,SFXN1,CD80,CD86,CD34,ATG5,SH3PXD2A,FNIP1,CTR9,PHF14,HDAC9,SETD1A,CD79B,CD81,HDAC4,TOX,MELK,TESPA1,GAB2,FARP2,WDR1,PTBP3","Sputum_Mixed granulocytic"
"BP","regulation of hemopoiesis",413,156,0.000209281053698081,0.0306819526724851,"ADA,RASGRP1,CDK6,LRRC17,BTN2A2,PIAS3,KAT5,LILRB1,MALT1,SPINK5,LILRB4,LILRB3,DUSP10,NLRP3,PGLYRP2,CCR1,LEO1,TMEM178A,PPARGC1B,CREB1,ZBTB46,MAPK14,CSF3R,PIK3R6,RC3H1,CTLA4,NFAM1,ZFPM1,TMEM64,ETS1,FANCA,PTK2B,MTURN,RCOR1,TMEM131L,ABCB10,KAT6B,FOS,MTOR,ABL1,GATA3,KAT2A,FOXP1,GLI2,SIGLEC15,GPR171,ANXA1,HCLS1,HIF1A,HLA-DRA,HLA-DRB1,HLX,HOXA9,IFNG,IL7R,IL10,IL15,IL15RA,INHBA,INPP5D,IRF4,IRF7,ITPKB,JAK3,LAG3,RHOH,LTF,LYN,MIR145,MIR21,MIR17HG,SMAD7,MEF2C,MEIS1,MITF,MPL,RHEX,MYB,NEDD9,NF1,NOTCH2,ZBTB7B,LEF1,KLF13,PIK3R1,TLR9,SASH3,TESC,PBRM1,FBXW7,PPP3CA,AMBRA1,PRKCA,PRKCZ,PRKDC,CRTAM,SLAMF8,CTNNBIP1,ZMIZ1,ARID1B,RPTOR,SH3RF1,PTPRC,RARA,RARG,RB1,BCL6,CEACAM1,CCL3,VSIR,KLHL25,SHB,MEAF6,SMARCA2,SMARCA4,SMARCC1,SMARCD1,SMARCD2,SOD1,SOS1,SOX12,SPI1,BRAF,ZFP36L1,STAT3,STAT5B,SYK,TCF7,TGFB1,TGFBR2,GPR137B,TNFAIP6,C1QC,TRAF6,CCR2,ZFP36,ZBTB16,KAT6A,NDFIP1,DCSTAMP,PRXL2A,CARD11,UBASH3B,RUNX1,RUNX3,CBFB,FADD,IL1RL2,TSC22D1,LDB1,VNN1,PGLYRP1,TNFSF18,CD83,CD27,CD80,CD86,CTR9,TOX,TESPA1","Sputum_Mixed granulocytic"
"BP","negative regulation of cell activation",222,87,0.000215289893717932,0.0313605611849121,"TSPAN32,BTN2A2,GPNMB,MERTK,LILRB1,LILRB4,PGLYRP2,CLNK,CNR2,IL31RA,ADORA2A,ZBTB46,RC3H1,CTLA4,CTSG,DLG1,DUSP3,FER,FGL1,FGR,TMEM131L,SCRIB,LRRC32,TNFRSF21,GCLC,GRN,CD274,ANXA1,HLA-DRB1,HLX,IL10,INHBA,INPP5D,JAK3,TBC1D10C,ARG1,LAG3,LDLR,LGALS3,LYN,MIR185,MIR21,SMAD7,TARM1,NOS3,PAWR,ZBTB7B,PDGFA,PDGFB,LAX1,BANK1,PRKAR1A,PAG1,CRTAM,DUSP22,PELI1,PTPRC,BCL6,BCR,CEACAM1,SAMSN1,VSIR,SFTPD,MARCHF7,LGALS9C,SPI1,SPN,TNFAIP3,CCR2,LAPTM5,NDFIP1,RASSF5,ITCH,MAD1L1,HAVCR2,UBASH3B,CST7,RUNX1,RUNX3,CBFB,CD84,PGLYRP1,TNFSF18,CD9,SOCS6,CD80,CD86,RIPOR2","Sputum_Mixed granulocytic"
"BP","cellular response to oxygen-containing compound",1287,450,0.000217051966420665,0.0314158527703388,"KLRC4-KLRK1,TRAP1,AKAP9,CALCRL,RAMP3,NET1,TNIP1,NOD1,RACK1,RAPGEF3,PRMT5,BAIAP2,UNC13B,NCOA2,KAT5,CEBPE,SORBS1,CES1,SLC12A7,ADCY2,LILRB1,ARID5A,RAB10,MALT1,RAB31,RIPK3,IRAK3,PDCD10,CHRM2,CHRM3,NLRP3,CHUK,OSBPL8,FBXO32,GBP5,SLC22A12,AP3S1,ADD1,COL3A1,COL4A1,COL16A1,CPNE4,PPARGC1B,CPB2,CPT1A,CREB1,CRHBP,CRHR1,NEK7,SIRPA,PARP1,MAPK14,SESN3,CSK,RDH12,AANAT,CTSG,CPNE9,CX3CR1,SLC38A9,CYP1B1,BMT2,GRK2,CD55,DAPK1,DEFA1,DEFA3,DEFA4,DEFA5,DHX36,DHFR,DLG2,DNMT3A,DRD4,AGTR1,ECT2,ABCA1,LPAR1,EFNA5,EGFR,AHR,METTL21C,UBR1,EIF4E,AKT1,AKT2,ERN1,ESR1,EZH2,FABP4,FANCC,PTK2B,CPNE2,FDX1,FECH,FER,FGFR2,RAB11FIP2,PPM1E,CARD8,SBNO2,FOXO1,KDM6B,LPIN1,KANK1,CYFIP1,MLC1,SIK2,PLCB1,SASH1,LARP1,RHOQ,LEPROTL1,FOLR2,SPIDR,FOS,SH3BP4,ALK,ALOX5AP,MTOR,ABL1,FUT7,FYN,GAB1,PRDX5,CLIC4,KANK2,ZBTB20,ABCA12,STAP1,GCG,GCH1,GFI1,ABL2,FOXP1,SNX5,SESN1,GCLC,STK39,GNA15,GNAI2,GNAI3,GNAQ,GNB1,GNRHR,GPD1,GPLD1,GPR21,GPR37,FFAR3,GRB10,RAPGEF1,GIT1,NR3C1,CD274,GSK3B,SLC25A24,ANXA1,HCK,HIF1A,ACACA,HLA-DRB1,HNRNPD,HRH1,HRH2,HTR2B,HTR3A,HTR7,ICAM1,IRF8,BRINP3,ID3,IDE,IGF1R,APP,CASTOR3P,TICAM2,IL1A,IL10,INHBA,IRAK2,AQP9,ITGA2,ITPKB,ITPR1,ITPR2,JAK1,JAK3,KCNB1,KCNE1,ERCC6L2,KCNJ10,KCNQ1,SCIMP,C1QTNF12,LDLR,LIG4,LPL,LRP1,LRP6,LRP5,LTF,CD180,LYN,MIRLET7B,MIR140,MIR143,MIR145,MIR17,MIR185,MIR195,MIR20A,MIR21,MIR92A1,ARRB2,MAX,MEF2A,MEF2C,MAP3K5,MMP2,MMP8,MPO,ABCC1,CARD17P,MYB,MYO1C,MYO5A,NCK1,NFKB1,NGFR,NOS3,NR4A2,ATP2B4,TIFAB,OPRM1,P2RX3,P2RX4,P2RX7,P2RY6,PRDX1,PALM,PRKN,PAWR,PAX2,ZBTB7B,PCK2,SIDT2,PDE2A,PDE3B,PDE4B,VPS54,PDGFB,PDK4,PDPK1,INPP5K,PEX14,PIK3CG,PIK3R1,PIP4K2A,PKLR,PKM,BCL11A,PLCG2,PLEC,TLR9,GPR173,GNG2,SSH1,XRN1,PPARG,PPBP,LEPROT,TESC,PID1,PHIP,APPL2,PPP3CA,ZDHHC7,PRKAA2,PRKACA,DENND4C,PRKAR1A,PRKCA,PRKCB,TRERF1,PRKCE,PRKCI,PRKCZ,PRKDC,MAPK1,MAPK8,MAPK13,PDGFC,SPHK2,PDXP,PLSCR3,AGTRAP,PTGER2,AICDA,PTGS2,PTK2,GRAMD1B,ARID1B,RPTOR,PTK6,STAMBPL1,GRAMD1A,CPNE5,PTPN1,PTPN11,PTPRA,PTPRE,PTPRK,PTPRN2,PEX2,PXN,PEX5,CACTIN,RRAGD,LY6G6D,RAF1,RAP1B,RAP1GDS1,RARA,RARG,RB1,HRH4,UPF1,BCL2L1,RGS10,RORA,RORC,RPE65,BCR,RPS3,RPS6KA2,RXRA,RYR1,RYR3,SCNN1A,CEACAM1,GOLPH3,BLM,NOD2,MAP2K4,ZNF106,SGK1,CLEC7A,SMYD3,SIPA1,SLC1A2,SLC2A4,SLC2A5,NADK,BMP7,SMARCA4,SMARCC1,SMARCD1,SNCA,SOD1,SORL1,SOS1,SPI1,SRC,SREBF1,BRAF,ZFP36L1,STAT3,STAT5B,SYT1,TGM2,TSPO,TIAM1,TNFAIP3,TNFRSF1B,TOP2B,TRAF2,TRAF6,TRPM2,TSHR,DEFA1B,ACOD1,VIM,WNT8B,WT1,XRCC5,YWHAG,ZFP36,CA2,CACNA1A,ZNF236,CACNA2D1,CACNB1,TUBA1A,NR4A3,NCOA4,PDGFD,CPEB4,PNPLA3,CSRP3,WNT5B,COLEC12,CALR,SLC7A5,CAMK2D,NRIP1,CAPN3,CASP1,SESN2,CASP7,ADGRV1,DTNBP1,BCAR3,PPP1R1B,SLC25A33,RASAL1,LCOR,CUL3,CASR,KLF11,IL1F10,DGAT2,CAT,GPT2,KLHL22,HAVCR2,CAV1,KLF7,AKR1C3,NCOA1,BECN1,ADAM9,IL18RAP,IQGAP1,SOCS2,CFLAR,KAT2B,CPNE1,UMODL1,SYT8,USP8,LARGE1,CD6,CPNE6,NHERF1,PLAA,RECQL5,CD80,CD86,LY86,AKAP6,CD36,ZNF592,CTR9,LPIN2,CD68,RAPGEF2,HDAC9,C2CD5,TBC1D4,SLC23A2,NR1H4,CDH1,SLC12A6","Sputum_Mixed granulocytic"
"MF","catalytic activity",5466,1688,0.000219780654122421,0.0316094657232778,"ADA,AKT3,ACOT8,TANK,SBK3,PIGK,C8orf44-SGK3,FARSB,ABCC5,ABCB6,DNM1L,ABCC9,DPP3,ATP9A,CERT1,UST,TRIM10,SGK2,RAD50,KIF20A,HIPK3,TRAP1,AASS,RCL1,TNK2,ADAM10,TRIM13,CDK6,CTDSPL,GPHN,ABCC4,PAK4,ADAR,LANCL1,PCGF3,ABCA10,ABCA9,ATP8A1,ADARB1,CDS1,PEMT,PIAS3,CPQ,PRMT5,TESK2,ARIH2,TAB1,MERTK,TRIM38,UBE2E3,VAT1,ENOX2,ADARB2,DDX17,KAT5,ATG7,TXNRD2,MTHFS,STAMBP,POLR3C,TRIM16,RGS14,PMVK,CES1,FARS2,POLD3,MAP3K2,KIF1C,TRAF3IP2,KDM5B,HBS1L,NEK6,ADCY2,SEPTIN9,SRCAP,HPSE,USP20,ME3,RAB10,MALT1,MMP24,PAPOLA,FASTK,PDIA5,ACOT2,ASCC3,COPS5,ILVBL,TLK2,LIAS,RAB31,RIPK3,TENT4A,ABHD2,CHD2,WWP2,CHD3,CHD4,ADAM30,KATNA1,PRDM5,HIBADH,CIT,DMC1,PLAAT3,NUDT6,NUDT3,ADAMTS6,CHIT1,CHKA,ABCB8,IRAK3,DUSP10,GALNT6,PADI2,HOGA1,MGAT4B,TP53RK,CHRM3,MGAT4A,FKBP9,ACOT7,RNF13,MGLL,TOE1,TRIM9,NLRP3,CHUK,PGLYRP2,ESCO1,GALNT13,SMYD4,ADCY9,MARCHF3,OMA1,PCMTD1,GBP5,UHRF2,RAB3C,RNF166,ABHD15,MOGAT1,TOP1MT,ART5,AGAP2,AGAP1,THEM4,PLAAT5,FTSJ3,GALNT15,IP6K3,RFFL,FRA10AC1,AGAP11,GSTO2,TPP1,SPPL3,TDRD9,RNASE11,CCR1,DEGS2,MTFMT,PLA2G4E,NTAN1,ABCC2,EARS2,GGT6,ALDH16A1,AADACL3,PRXL2B,RNF19B,TRABD2A,DIS3L2,MBOAT2,UBR3,GALM,CPO,COMT,LYZL4,UROC1,ADK,TMPRSS11B,UBLCP1,COX10,CP,CPA1,CPB2,CPD,CPM,CPT1A,CPT1B,TMEM68,PXDNL,GPAT4,HGSNAT,CARNMT1,PTPDC1,MYO3B,NEK7,GCNT7,ABHD16B,MACROD2,UBE2F,ADAMTS14,TRPM6,STK35,ADPRH,PARP1,ACSM6,PARP4,CS,MAPK14,HECTD2,CSF1R,SESN3,PIWIL4,GLT1D1,CSK,FBXL14,RDH12,CSNK1E,ABHD12B,CSNK2B,TTBK2,PRSS36,MGAT5B,B3GNTL1,PIK3R6,DPY19L3,CTBP1,CTBP2,PM20D1,RC3H1,PDIK1L,AANAT,AIFM3,CTSB,CTSE,CTSG,METTL21A,CTSH,ASPRV1,UPP2,MB21D2,XXYLT1,RNF38,CTSW,CTSZ,PPM1K,CYB561,RNF145,CYLD,MBOAT1,RNF217,CYP1B1,ABCA13,BMT2,VKORC1L1,CYP3A7,AMZ1,GRK2,GRK3,PRAG1,RDH10,TTLL11,PRUNE2,CYP19A1,AWAT2,ADSS2,CYP27A1,AARS1,TMTC2,DGKG,DGKH,DGKQ,DAPK1,DARS1,ADAD2,RHBDL3,ECI1,HFM1,DQX1,PARP15,DDX10,AFG2A,DHX15,SGMS2,DFFB,QSOX2,FUT11,DHX36,ADAMTS17,DGUOK,DHFR,DHODH,DIO1,DIO2,DLAT,DLG1,DLG2,DLST,DNM1,DNASE1L1,DYNC1H1,AGL,DNM2,DNMT3A,DXO,ABAT,DPP4,DPYS,DUSP3,DUSP4,DUT,DYRK1A,ECE1,ABCA1,AHCY,AGO4,EEF2,EGFR,PLPP4,EHHADH,METTL21C,ADCY4,UBR1,ACSF3,NSMCE1,ELANE,ALG14,ABCA2,IBA57,LIPH,MARK2,CENPV,RAB12,HACD2,STT3B,DNAH12,PRIMPOL,ENO1,ADAM32,AK2,EPHA1,CERS3,HIPK1,EPHB3,EPHB6,SENP5,TRIML2,AKT1,ERCC4,ERCC5,ERCC6,AKT2,ERN1,ABCA3,ALAD,ETFA,ALAS1,ETFDH,MECOM,EXT1,EXT2,EYA1,EYA2,EYA3,EZH1,EZH2,F2RL2,F12,ACSL1,FAH,PTK2B,FARSA,USP12,FASN,MARCHF8,JMJD1C,ARL5B,NT5DC1,KIF6,PRPS1L1,DAGLB,FDFT1,ALDH9A1,FDX1,ZNRF2,FECH,ALDH3A2,FER,MAPK15,FGFR2,FGR,FH,FHIT,RHOBTB3,RNF44,PPM1E,AAK1,LMTK2,CHSY1,CILK1,FKBP2,NLRP1,INPP5F,MORC2,FKBP5,CARD8,ARSG,SACM1L,SEPHS1,NT5C2,PLCH1,STK38L,CNOT1,KDM4B,MAST3,TNIK,KIF21B,ENDOD1,SETD1B,CMTR1,HECW1,MYCBP2,VWA8,KDM4C,TRIM35,TTLL5,KIF1B,AKR1B1,COLGALT2,RAD54L2,KDM6B,MAST2,SEPTIN6,STAB1,LPIN1,SEPTIN8,PASK,DIP2A,FLT1,DTX4,PLCL2,SIK2,PLCB1,PHLPP1,ATP11A,AGTPBP1,SMG6,MGRN1,KIF13B,ACSL6,FKBP15,TUT4,NEDD4L,DPY19L1,JADE2,SMCHD1,UBR4,MATCAP2,SIK3,LARS2,PIP5K1C,SIRT5,MLYCD,FNTB,RHOQ,ABCB10,ABCA6,QPRT,KAT6B,NNT,PIGN,DDAH2,PADI4,DDAH1,PDSS1,AMACR,DAPK2,MKRN1,PLD3,PLA2G15,SGK3,PRKD3,PISD,ALK,ABCA4,ALOX5,ALOX5AP,ALOX12B,CNOT6L,AFG1L,MTOR,ALPL,ABL1,FUT4,FUT7,FUT8,KDSR,FYN,CERS6,G6PC1,MSRB3,ZDHHC20,METAP1D,TTLL10,LYG2,GAA,RNF144B,PAN3,ST6GALNAC3,PLCXD2,DSTYK,QPCT,GALC,PRDX5,HECTD1,NIPBL,USP49,GALNS,POLR1A,RNF19A,RCHY1,GALNT2,MTHFD1L,GALNT3,SGMS1,SAMHD1,GANC,PNKD,TIPARP,DHRS7B,ACOT11,NSUN5P2,IPCEF1,SETBP1,LTN1,DNM3,SENP6,ABHD12,ABCA12,MTG2,GARS1,STEAP2,AMD1,PHGDH,FBXL6,FBXL5,FBXO22,HIBCH,AK5,GBE1,GCH1,KAT2A,GCNT1,GCNT2,LATS2,RGS17,AMFR,GGCX,GGT1,B4GALT1,ABL2,TPK1,ATP2C1,ACAD8,SND1,AMPD2,PDE7B,PALD1,NDOR1,AGO2,AMPD3,GLB1,COQ2,SESN1,SULT1B1,GCLC,CRCP,ADAMDEC1,RAB30,STK39,TOR1B,GM2A,GMDS,GNA12,GNA15,GNAI2,GNAI3,GNAQ,GNB1,GNL1,GNS,AMY2B,GOT2,GPD1,GPD2,GPLD1,STK32C,P4HA3,OTOGL,B4GALNT3,HECTD4,KSR2,SIAH3,PLA2G4D,FBXL22,NUDT7,HEXD,GDPD1,SLC25A42,RNF149,NKIRAS1,EPHA6,SUMF1,NSMCE2,GRK4,GRK5,GRK6,GPX2,GPX4,GPX5,DCPS,TMPRSS11E,MACROD1,HIPK2,SETD2,ARHGAP35,TBK1,UHRF1,GSK3B,GSTA3,GSTM1,GSTM4,GSTZ1,USP25,OLA1,ZDHHC1,GUCY1A1,GUCY2C,GYG1,PYCR2,NME7,DSE,GZMK,HADHA,HADH,HAL,HCK,HDC,HEXA,HEXB,ST6GALNAC6,PIK3R4,HK1,HK2,ACACA,AOAH,HMBS,HMGCL,HMGCR,HMGCS1,AOX1,HNMT,DHRS4L2,HPD,RAB37,HSD11B1,NDST1,IARS1,KY,GADL1,ACADM,MYLK4,OVCH1,IDE,IDH2,IDH3B,IDI1,SH3RF3,AADACL2,TUBB2B,IGF1R,IGF2R,GEN1,PADI6,IL1R1,IL1RAP,TMPRSS9,INPP1,INPP4A,INPP5A,INPP5B,INPP5D,IRAK2,IREB2,ITPK1,ITPKB,JAK1,JAK3,JARID2,TRIM23,KARS1,KIF7,ATP9B,B3GNT8,MAST4,PTAR1,ERCC6L2,CA13,KIF5B,KIF5C,ARF5,ARG1,GLYATL3,RHOG,FRRS1,SULT6B1,LBR,LCK,LDHA,LFNG,ARHGDIB,LIG4,LIMK1,LIMK2,RHOH,LIPC,MYO18A,LMO7,LNPEP,RAB44,USP17L1,LOXL2,LPL,LPO,PLPP6,APOBEC4,LTA4H,LTBP1,LTF,LYN,ARSB,MAN1A1,MAN2A2,MAN2A1,MARK3,MARS1,MCM2,MCM5,ART3,MDH2,MDM4,ART4,MEFV,MAP3K1,MAP3K5,MGAT3,MGAT5,MGMT,CIITA,MID1,ATXN3,KMT2A,MME,MMP2,MMP8,ASTL,MMP16,ALDH6A1,MPG,MPO,ABCC1,CARD17P,EIF2AK4,CAPN14,TYW1B,GALNTL6,ASPA,MSH3,ASPH,MSRA,MTAP,NUDT1,MTIF2,MTRR,MMUT,MUTYH,MX1,MYLK,MYO1E,MYO9B,NUBP1,NCF2,NDUFA10,NDUFB9,NDUFS2,NDUFS8,NEDD4,SEPTIN2,NEK2,NEK3,NFX1,ACO1,NKTR,NNMT,NOS3,CNOT2,ATP2A2,ATP2A3,NRDC,ATP2B2,NTHL1,ATP2B4,NVL,RNASE12,OAT,OGDH,OPA1,ALDH7A1,OXCT1,P4HB,FURIN,PCSK6,RRM2B,MINK1,NOX3,CHST11,PRDX1,GALNT9,PAK2,PNPLA8,PRKN,PARN,PC,PCBD1,PDE11A,PCCA,ACOX1,AMDHD2,HDDC2,CELA2B,LAP3,PCK2,ATL1,DERA,CRYL1,TNNI3K,TRNT1,SCCPDH,METTL9,LACTB2,HSD17B12,A4GNT,HERC5,PLCE1,PCSK1,CRIM1,PCSK5,MARCHF2,PIPOX,CDK17,PCYT1A,ZDHHC3,TAOK3,MBTPS2,CHST15,UBR5,PDE2A,AIG1,PDE3B,PDE4A,PDE4B,PRKAG2,PDE4D,PCYOX1,PDE6A,NAT8B,RTCB,PDE7A,DTL,PDE9A,SCLY,NT5DC3,RAB6B,HDAC7,ATP6V1H,OTUD6B,DHRS7,CDK5RAP1,PDK4,ASB4,ASB2,CPSF3,PDPK1,NLK,UPB1,WWOX,ERAP1,RAB8B,INPP5K,RSF1,MAP3K20,COQ3,GALNT7,PEPD,PEX1,ATP8B1,PFKFB1,PFKFB2,PFKFB3,PFKFB4,PFKP,CDK14,PGAM2,PGGT1B,PHF2,PHKA1,PHKG2,PIGH,PIK3C2B,PIK3C2G,PIK3C3,PIK3CB,PIK3CG,PIK3R1,PI4KA,PI4KB,ACP2,PIP4K2A,PKLR,PKM,PLA2G4A,PLAT,PLCB2,PLCB4,PLCD1,PLCL1,PLCG1,PLCG2,PLOD1,PLOD2,ADAM22,PML,PMM2,PMS1,TRIM34,EXOSC10,ACP5,PNLIPRP1,POLE3,SEPTIN5,SEPTIN4,POLE,POLR2C,POLR2E,SSH1,GFOD1,ATAD2B,MOV10L1,PON3,XRN1,ANKIB1,POR,RNF216,PRMT7,CPVL,DHX29,RHOF,DDX4,MIER2,EGLN1,INO80,ARL15,MINDY2,RSBN1,CRLS1,CROT,CTSA,ZRANB1,TET2,BSPRY,APTX,TENT5C,BCOR,PLPPR1,NSUN2,RNF43,AUH,CDKAL1,NSD3,TMEM260,DUS2,PPM1A,PARP16,PLAAT2,ACSM5,PPP1CA,MARCHF1,USP47,ENOX1,ZDHHC4,MSL2,MRM3,PPP2R1A,RNF220,NADSYN1,P3H2,EXD2,NAT10,USP40,NEIL3,TYW1,PGM2,FGGY,QRSL1,UBE2W,ACOXL,RNF121,PPP3CA,CPPED1,AGPAT5,RNLS,PPP3CC,ZGRF1,STK32B,PI4K2A,PPT1,PRCP,PREP,CHST12,DDX43,PIP4P2,ENOSF1,DNAH3,GALNT10,STAB2,NAGK,DDX60,TENT5A,KIF21A,TASP1,ZDHHC7,PRKAA2,CHD7,RAB20,PRKACA,MFN1,SCYL2,SEPTIN11,UGGT2,TDP1,CFAP44,PRKCA,PRKCB,CSGALNACT1,MINDY1,DCP1A,PRKCE,RNF130,PRKCH,PRKCI,ASH1L,PRKCZ,ACSS2,PRKDC,MAPK1,SULF2,MAPK6,MAPK8,MAPK10,MAPK13,MAP2K1,MAP2K2,MAP2K5,TEX14,DNAH7,MEPCE,PRPSAP1,TMPRSS15,PRSS8,KLK10,AZU1,PSEN2,TMPRSS4,TRIM39,SPHK2,AGPAT3,AGPAT4,DPYSL5,WRNIP1,MCCC1,SPPL2B,DUSP22,PSMB7,SMYD2,PSMB8,PSMB9,PRDM11,PDXP,PARP11,PNPLA2,PDSS2,RAB25,CAMK1D,MAN1C1,APMAP,SMURF1,PELI2,PELI1,ASPHD2,ZNFX1,ZMIZ1,ATP10A,ATP8B2,ATP10D,ADGRG6,PTEN,AICDA,RHBDD2,PTGS2,BIRC6,GALNT16,REXO1,PPM1H,PTK2,CNOT6,USP31,RNF150,NLN,RIMKLB,HECW2,NYNRIN,PTK6,MIB1,ALPK3,KLHL42,PDP2,NCEH1,MICAL3,USP35,STAMBPL1,KIF17,USP36,TRMT9B,VPS18,SH3RF1,EP400,DHX37,RNF213,GPAM,QSOX1,CHD8,PTPN1,GBA3,PTPN3,PTPN4,PTPN7,MARK4,RAB40C,PTPN9,PTPN11,G6PC2,PTPN13,PTPN14,PTPRA,PTPRC,PTPRD,PTPRE,PTPRG,PTPRJ,PTPRK,PTPRM,PTPRN2,PTPRO,PEX2,PYGL,PRUNE1,DNASE2B,RRAGD,BCAT1,RAB5B,MAP4K2,RAB27A,RAC2,RAD51B,MOK,RAD51D,RAF1,RALB,ACTA2,RAP1B,RAP1GAP,RASA1,KDM5A,BCKDHA,SCPEP1,ALOXE3,UPF1,TRIM27,RGS3,RGS10,RGS12,RGS13,RHEB,MYG1,ELOVL5,CYB5RL,PAPPA2,EEFSEC,RPE65,BCR,RPS3,RPS6KA1,RPS6KA2,BDH1,CFB,CELA2A,SCP2,CCL3,SDHA,UBE2O,PCIF1,KIF13A,PRDM16,LHPP,RBKS,BLM,XYLT1,IFIH1,PDF,KIF9,MAP2K4,ERAP2,P3H1,IRF2BPL,RAB17,COP1,LIPN,NXN,MMP25,BLVRA,RGS18,DCLRE1C,SGK1,UNKL,SMYD3,MTARC1,TNS3,PARP12,MEAF6,SIAH1,SIAH2,MICAL1,CERK,AEN,DDX31,ST6GAL1,ST3GAL1,ST3GAL2,MARCHF7,YTHDC2,ST3GAL3,CASD1,NT5DC2,WNK1,NADK,MPPE1,AGAP7P,BMPR1B,BMPR2,SMARCA2,SMARCA4,AACS,SNCA,SOD1,CAPN15,UAP1,SPG7,SRC,SRD5A2,BRAF,SRPK1,ST14,STK3,STK4,CDKL5,STK10,SULT1A1,SULT2B1,SUOX,SYK,BTD,ADAM17,TAF10,TARBP1,TAFAZZIN,TBXAS1,TDG,TDO2,TEC,TEK,TERF2,TGFBR1,TGFBR2,TGFBR3,TGM2,TIE1,TK2,TNFAIP3,TNFAIP6,TNS1,TOP1,TOP2B,C1S,C2,TPO,TRAF2,TRAF3,TRAF6,TRIO,TSNAX,CAPN5,TTN,GXYLT2,D2HGDH,METTL24,CDK11A,TXK,TXNRD1,TYMS,CRPPA,ACOD1,TYRP1,UBA7,UBE2D3,UBE2E1,UBE2H,UBE2L3,UGCG,UCK2,UPP1,UQCRFS1,KDM6A,MPPED2,VRK2,WARS1,NSD2,DAGLA,WRN,XPNPEP1,XRCC2,XRCC3,XRCC5,CA2,CA7,TRIM26,PRDM2,PXDN,MOGS,RNF103,TUBA1A,MAPKAPK3,USP7,RAB7A,KCNAB1,OTUB2,AFG2B,ST8SIA4,ERI3,METTL16,FTO,ELOVL6,METTL22,MBOAT7,FKRP,DHRS11,GNPTAB,NOX5,GALNT14,ARSJ,PANK3,DYNC2H1,PPP1R3B,HSPBAP1,TUT7,ZDHHC14,GALNT12,OGFOD3,LRRK1,NPEPL1,NARS2,TTLL7,ADGB,DHRS12,IQCA1,SUGCT,ALG9,EHMT1,CAMKMT,METTL8,NAA40,PEAK1,NEK11,THSD4,UBA5,DCAKD,PLBD1,LPCAT1,ATP8B4,CYBRD1,NAA60,KAT6A,ATAT1,ELOVL7,MINDY3,ADAMTS20,VCPIP1,UXS1,NAA15,MOGAT2,CHD9,ALPK1,NAA50,ACSF2,EDEM3,HSD3B7,PNPLA3,RNF39,ADAM12,ACAD10,DDHD1,DUSP16,KDM7A,NPL,ZBP1,PTDSS2,HM13,GDPD5,TRIM11,CLPB,TRMT1L,CAMK2D,ADAMTS12,CAMK2G,CLPP,CAPN1,CAPN3,ACOX2,CARS1,PITPNM3,CASP1,ADPGK,DDX59,CASP2,CHST9,ZMIZ2,SELENOO,SESN2,ATG10,ITCH,ATAD3B,BCO2,KCTD10,CASP6,STK40,IMMP2L,PIP5K1B,CASP7,TMPRSS13,B3GNT5,KATNAL1,ADGRV1,HDHD2,ULK1,ACAD11,ZNRF3,KAT8,LOXL4,CMAHP,CHD6,MINDY4,SETD3,TRAF7,ZDHHC18,STK24,RNF135,CASP10,SOAT2,CARD11,DOT1L,SYVN1,CUL3,ACSS1,TPST2,CASR,TPST1,TTBK1,DGAT2,EBPL,USP32,KDM2B,CAT,GPT2,LNX1,CNDP1,CDC42BPA,CRACR2A,PLPP7,RTN4IP1,ADTRP,RIOX2,CBR4,AGBL4,AIFM2,TMTC4,AOPEP,MAP4K3,ALG10,ZNRF1,ABHD13,UBASH3B,PIGY,PHYKPL,PARG,KCNAB2,DGKZ,DGKE,DGKD,DDO,ABCC11,MYLK2,AGPS,SSH2,GFM1,CDC14B,CDC14A,DEGS1,YARS1,CASK,STK16,PLPP1,PLPP3,CDK13,HSD17B6,RNASET2,AOC3,AKR1C3,NCOA1,TNKS,ALDH4A1,B4GALT4,B4GALT2,ABCC3,MBTPS1,ADAM19,CBS,ADAM9,ADAM7,CDS2,DYRK4,SUCLG2,IL18RAP,IL1RL2,IL18R1,CDKL1,NRP2,NRP1,GMPS,CFLAR,HDAC3,KSR1,KAT2B,STK19,SYNJ2,VNN1,NAE1,MCM3AP,MTMR3,MTMR2,PRPF4B,CPNE1,TRIM4,HERC3,HERC2,HERC1,KYNU,BTRC,CCND3,P4HA2,USP13,NAV3,NAV1,NAV2,PLOD3,RPS6KA4,PLCZ1,TRIM15,PGLYRP1,KALRN,RSPRY1,ACVR1,OTULIN,NAT8,BAZ1B,UBA3,BTAF1,ERI1,AIP,PAPSS2,PAPSS1,PPP1R3E,DIRAS3,ANGEL2,PIP4P1,ZNF598,USP10,USP8,MTMR7,LATS1,DDX60L,RNF185,PKDCC,CTDP1,RSAD2,LONRF1,ACY3,IL1RL1,MAP3K13,MYLK3,DDX21,DCLK1,LARGE1,CD5L,STYXL2,PXYLP1,GCNT3,UBE2L6,DHRS3,MAPKAPK2,STK17B,DTD1,PIWIL1,HELB,B3GNT7,NEURL3,TRIP13,TRIP12,PGAP3,B4GALT6,TGM5,B4GALT5,RAB28,KIF3B,NMT2,ACVRL1,RECQL5,SELENOF,HTRA3,MED21,TJP2,FADS2,CDYL,MED27,GSTO1,MAP4K4,EIF2AK3,CHST3,ATG5,PIGL,PGS1,KIF23,ADAMTS4,ADAMTS3,ADAMTS2,SPTLC2,CD38,TECR,TMEM59,CHD1L,H6PD,GTPBP1,CLOCK,CDC42BPB,PREPL,APOBEC3B,RAB36,GDA,RNF7,ABCG1,AATK,MICAL2,PPM1F,TTLL4,LPIN2,MARF1,N4BP1,UBE3C,PRORP,EDEM1,HDAC9,USP34,SETD1A,HDAC4,CDA,RNF144A,BMS1,PTDSS1,RNF40,DNAJC6,MELK,CDK11B,PJA2,TLK1,FIG4,KLHL21,ATP2C2,RNF10,KIF14,JOSD1,HELZ,DCLRE1A,EXOG,XYLB,GFPT2,HS3ST3B1,USP15,USP3","Sputum_Mixed granulocytic"
"BP","regulation of multicellular organismal process",3105,1013,0.000236946639679403,0.0338639964784576,"ADA,AKT3,KCNE3,TANK,PDCD6,BCL2L11,CDH4,KLRC4-KLRK1,ABCC9,TSPAN32,ENAM,RASGRP1,AKAP9,PLXNC1,ADAM10,CDK6,CD96,LRRC17,KCNMB2,PAK4,CDKN2B,BTN2A2,NOD1,RACK1,PEMT,PIAS3,BASP1,RAPGEF3,PRMT5,VAV3,GPNMB,BAIAP2,MERTK,TADA3,TRIM38,UNC13B,NCOA2,SEMA6B,SEMA4D,SEMA4B,SEMA3C,KAT5,IPO7,POLR3C,TRIM16,RGS14,IGF2BP2,CELF2,RAI1,KDM5B,FRS2,HPSE,LILRB1,ARID5A,NMU,MALT1,BTNL3,TMED10,MAPRE2,KCNQ1OT1,SPINK5,LILRB4,LILRB3,RIPK3,BTN3A2,CORO1A,IRAK3,DUSP10,PDCD10,CHRM2,CHRM3,MGLL,NLRP3,ERMAP,CHUK,PGLYRP2,SLAMF6,C1QTNF3,CIDEA,C1QTNF4,FBXO32,OMA1,GBP5,CLNK,LRG1,ADD1,CLU,ADD3,SLC15A4,CCR1,SLC24A4,LEO1,CMKLR1,CNR2,IQGAP3,MBOAT2,TMEM178A,COMP,IL31RA,PPARGC1B,ADORA2A,ADORA2B,CPB2,GPAT4,CREB1,CRHBP,CRHR1,CHODL,ZBTB46,CRY2,SIRPA,DCANP1,PARP1,MAPK14,CSF1R,CSF3R,CSK,CSNK2B,VCAN,PIK3R6,ADRA1A,RC3H1,CTLA4,SHLD1,NFAM1,CTSG,CTSH,GLIPR2,CUX1,CX3CR1,CXADR,TMEM161B,BTNL9,CYLD,CYP1B1,GRK2,TMEM65,CYP19A1,DAB1,DAB2,CD55,ZFPM1,DBN1,DCN,DENND1B,SGMS2,DEFA5,TMEM64,DHX36,DIO2,DLG1,DMD,DYNC1H1,DOCK1,ABAT,DPP4,AGRP,DSCAM,DUSP3,AGTR1,GPR183,ECE1,ABCA1,EFNA5,EFNB2,EGF,EGFR,AHR,ANO6,NLRC3,ELANE,SERPINB1,ELF1,SPRED2,UNC13D,CTTN,ENO1,EPAS1,EPB41,EPHA1,HIPK1,EPHB3,AKT1,ESR1,ETS1,ETV5,EZH2,F12,FABP4,FABP5,FANCA,ACSL1,PTK2B,SMTNL1,SLC39A12,PI16,ZBTB12,MTURN,SEMA3D,FER,FGF7,FGFR2,FGL1,FGR,FH,DLGAP4,CHSY1,NLRP1,SLITRK3,ZNF365,CARD8,EPN2,TRAK1,RIMS1,MAPKBP1,CNOT1,FOXO1,ZNF423,FSTL4,SPART,PLXND1,KDM6B,MAST2,FCHO1,WDR43,STAB1,LPIN1,PASK,RFTN1,RCOR1,CYFIP1,FLT1,DTX4,PLCL2,PLCB1,TMEM131L,ICOSLG,CUX2,SASH1,CLASP1,SYNE1,ZFPM2,ABCB10,MACF1,DAAM2,SCRIB,KAT6B,FOS,TSPAN12,DDAH1,CORO1C,PLD3,PLXNB2,MAFF,IL17RA,ALOX5,ALOX12B,MTOR,ALPL,ABL1,NR5A1,ACKR1,FYN,GAA,GAB1,NIPBL,WWTR1,DHRS7B,ZZZ3,TENM4,ACOT11,PPP1R16B,LDLRAP1,ZBTB20,TRAF3IP1,LRRC32,ABCA12,MTG2,STAP1,TIAM2,GATA3,CLEC4E,GCH1,NUPR1,KAT2A,GCNT2,AGO1,LATS2,GDF10,ABL2,NPTN,GJA8,LAT,UTP25,STAU2,FOXP1,AGO2,DISC1,C5AR2,TNFRSF21,GCLC,BMP10,GLG1,STK39,GLI2,BIN1,GNAI2,GNAQ,GOLGA4,SFN,GP1BB,GP9,GPLD1,CCDC88B,CLEC9A,KSR2,LAMA1,SIGLEC15,CXCL17,GPR21,ANGPT2,GPR35,FFAR3,GRB10,GRID2,TRIB2,GRN,GIT1,GRIK2,RGCC,HIPK2,SETD2,TBK1,CTNNA3,CD274,GRPR,GSK3B,GTF2I,GUCY1A1,GPR171,BICRA,SH3KBP1,ANXA1,ANXA2,HADH,HCLS1,HCRTR2,ANXA4,ANXA6,HIF1A,HK1,HK2,HLA-DOB,HLA-DPB1,HLA-DQA1,HLA-DQA2,HLA-DQB1,HLA-DQB2,HLA-DRA,HLA-DRB1,HLA-DRB5,HLX,HMGCR,HNRNPK,HOXA9,HOXB3,HRH1,HRH2,HSPG2,HTR2B,IRF8,STING1,IFNG,IGF1R,APP,RBPJ,TICAM2,IL1A,IL1R1,IL1RAP,IL6R,IL7R,IL10,IL15,IL15RA,IL16,INHBA,INPP5D,IRF4,IRF7,ITGA2,ITGA5,ITGAM,ITGAV,ITGB1,ITGB2,ITPKB,JAK1,JAK3,JARID2,KARS1,KCNA2,TBC1D10C,KCNE1,KCNJ3,KCNN2,KCNQ1,ARG1,KRT17,SCIMP,LAG3,LAMA2,LAMA3,LAMA4,LAMP1,LCK,LCN2,LDLR,LEPR,LFNG,LGALS1,LGALS3,ARHGDIB,LIG4,LIMK1,RHOH,MYO18A,ASIC2,LMNA,LNPEP,LOXL2,LPL,PLPP6,LRP1,LRP2,LTBP1,LTF,LUM,LYN,MIRLET7B,MIR140,MIR143,MIR145,MIR155,MIR17,MIR18A,MIR185,MIR192,MIR195,MIR199B,MIR19A,MIR19B1,MIR20A,MIR200C,MIR21,MIR214,TACSTD2,MIR302A,MIR30A,MIR92A1,MIR17HG,ARRB1,SMAD1,SMAD2,SMAD3,ARRB2,SMAD6,SMAD7,MAFG,ARSB,MAN2A1,MAP2,MAP6,MBP,MCC,MEF2A,MEF2C,MEFV,MEIS1,MGP,MITF,MME,MMP2,MMP8,MPL,CARD17P,EIF2AK4,RHEX,TARM1,MIR302C,MIR302D,ASPA,MYB,ZFHX3,PPP1R12B,NCK1,NEDD9,NEUROG1,NF1,NFIB,NFKB1,NGFR,NINJ1,NOS3,CNOT2,NOTCH1,NOTCH2,NOTCH4,NPPA,ATP2A2,ATP2A3,NRDC,ATP2B2,NUMA1,NR4A2,ATP2B4,MIR378A,TIFAB,OPRM1,OSM,P2RX1,P2RX4,P2RX7,FURIN,SERPINB2,REG3A,PAWR,PAX2,PBX1,PBX3,ZBTB7B,TNNI3K,ANGPTL4,ASB3,LEF1,PLCE1,NIN,ZNF219,CD320,PLAC8,PDCD1,ANGPT4,PDE3B,PDE4B,SUCO,PDE4D,SFMBT1,EVL,PDE9A,PDGFA,PDGFB,HDAC7,CYRIB,KLF13,PDK4,PDPK1,CD244,ERAP1,RAB8B,INPP5K,PHB1,PIK3CB,PIK3CG,PIK3R1,PKM,PKP2,PLA2G4A,PLAG1,PLAT,PLAUR,BCL11A,PLCL1,UBASH3A,PLCG1,PLCG2,FXYD1,PLN,PLXNA1,PLXNA2,PLXNB1,PML,ACP5,TLR9,ERRFI1,SSH1,SASH3,RIN2,RNF216,RBM47,SHLD2,EGLN1,INO80,PPARA,PPARD,PPARG,AHI1,BCAS3,ESRP1,DEF8,BCOR,LAX1,TESC,BANK1,TMEM38B,PBRM1,APPL2,FBXW7,PPP3CA,RNLS,LAPTM4B,LGR4,SIRPG,PRCP,SOX6,TENT5A,AMBRA1,CHD7,PRKACA,NPLOC4,BTBD7,PRKAR1A,PRKAR1B,INAVA,PRKCA,TXLNG,PRKCB,PRKCE,PAG1,PRKCH,PRKCI,EAF2,WWC3,PRKCZ,PRKDC,ERBIN,MAPK1,SULF2,MAPK13,PDGFC,MAP2K1,MAP2K2,MAP2K5,PRL,ANKH,PRLR,CRTAM,PARD3,AZU1,RETN,SLAMF8,SPHK2,CELF4,DPYSL5,DUSP22,RGMA,CTNNBIP1,C12orf4,RAB25,CD177,RTN4,SMURF1,PELI1,ZMIZ1,PTEN,PTGER3,TMIGD3,PTGS2,MIR497,MIR520C,MIR505,PTH2R,PTK2,ARID1B,MRTFB,RPTOR,SEMA6A,BEGAIN,ADGRB2,DIP2B,TSHZ3,ZBTB2,SH3RF1,DHX37,GPAM,SHTN1,ADGRB3,PTPN11,PTPN13,PTPRC,PTPRD,PTPRG,PTPRJ,PTPRM,PTPRO,NECTIN2,PEX5,PRUNE1,OPRPN,CACTIN,RAC2,RAD21,ACTA2,RAP1GAP,RARA,RARG,RB1,TRPV4,RBP4,BCL2,TRIM27,RFX3,RHEB,BCL3,BCL6,BCL7A,ROBO1,RORA,BCR,RPS3,RPS6KA1,RREB1,RXRA,S100A1,S100A10,S100A13,CELA2A,SCN2B,CEACAM1,CCL3,BID,ZNF335,PRDM16,SAMSN1,VSIR,NOD2,IFIH1,SEMA4A,SFTPD,KLHL25,SGK1,CLEC7A,SHB,MEAF6,ILRUN,MARCHF7,NIBAN2,RASAL3,SKI,WNK1,SLC5A3,SLC7A1,LGALS9C,SLC8A1,BMP7,SLC11A1,SLC20A2,BMPR1B,SLIT1,BMPR2,SMARCA2,SMARCA4,BRD9,SMARCC1,CHID1,SMARCD1,SMARCD2,SNCA,SNTA1,SOD1,SORL1,SOS1,SOX5,SOX12,SP100,SPARC,SPI1,SPN,SPTA1,SPTBN1,SRC,SREBF1,BRAF,ZFP36L1,STAT3,STAT5B,STIM1,STK3,STK4,CDKL5,SULT2B1,SYK,ADAM17,TBXAS1,TCF7,TCF7L2,TDG,TEC,TEK,TFPI,TG,TGFB1,TGFBR1,TGFBR2,TGFBR3,TGM2,THBS1,TSPO,THRA,THRB,TIAM1,TIE1,SERPING1,TLR5,GPR137B,TNFAIP3,TNFAIP6,TNFRSF1A,TNFRSF1B,TNNI3,C1QC,TNXB,TP73,NR2C2,TRAF2,TRAF3,TRAF6,C3AR1,TRPS1,TSHR,CCR2,TNFRSF4,TXK,ACOD1,VCL,WARS1,NSD2,WT1,XRCC2,XRCC5,LDLRAD4,YWHAH,ZFP36,ZNF131,ZBTB16,ZBTB17,CACNA1C,CACNA1D,ZP3,LAPTM5,CACNA2D1,CACNB1,CACNB2,ALMS1,PAX8,FTO,ELOVL6,WDR77,BAG6,BHLHE41,NOX5,ZBED2,EPS8L3,ADIPOR2,NLRX1,ZNF750,GSDMD,TTC21B,MMRN2,EHMT1,BTNL8,ACTR5,KAT6A,GRHL2,DOCK5,SEMA6D,CALM1,NR4A3,RAB11FIP1,TRAF3IP3,ADAM12,CD276,CSRP3,NDFIP1,FXR1,CALR,SLC7A5,DCSTAMP,TRIM11,APOLD1,CAMK2D,ADAMTS12,CAMK2G,CAPN3,CASP1,RASSF5,CCM2,ITCH,FRMD8,MAD1L1,KREMEN1,ADGRV1,ANKRD27,ULK1,SETD3,SGIP1,RNF135,PRXL2A,BRMS1L,HOOK3,NCK2,CARD11,CASQ2,CUL3,HOPX,ATRN,CASR,TTBK1,SPINK7,KDM2B,SEMA7A,ADTRP,KLHL22,HAVCR2,MFSD2A,MAEL,UBASH3B,CST7,MYLK2,BHLHE40,CAV1,RUNX2,KLF7,RUNX1,PLPP3,STC2,RUNX3,PTCH2,NCOA1,CBFB,BECN1,KRT36,TNFSF12,ADAM9,FADD,TNFRSF11A,IL1RL2,IL18R1,HESX1,IQGAP1,NRP2,NRP1,SYNGAP1,CD84,SOCS2,CCN4,HDAC3,PROM1,TSC22D1,KAT2B,LDB1,VNN1,MTMR2,NAV3,RPS6KA4,TRIM15,PGLYRP1,TNFSF18,ACVR1,PHLDB2,TSPAN18,SEMA5A,STARD13,LATS1,CD1D,PKDCC,CTDP1,RSAD2,CD3E,IL1RL1,MAP3K13,DDX21,CD5,DLGAP1,CD6,DHRS3,NUMBL,MFHAS1,MAPKAPK2,ITGB1BP1,CD9,S1PR2,SOCS6,CD83,TRIP12,CD22,B4GALT5,NHERF1,NRXN1,CD27,ACVRL1,SFXN5,CD80,ORMDL3,CD86,GSTO1,AIM2,MAP4K4,EIF2AK3,HOMER2,CD34,AKAP6,ATG5,CD36,MAGED1,CD38,MACROH2A1,CLOCK,AKAP12,NUP155,CTR9,PPM1F,CD58,ZNF516,PHF14,N4BP1,VGLL4,RAPGEF2,RIMS2,NOS1AP,RAB11FIP3,HDAC9,CLSTN3,CD81,RIPOR2,HDAC4,TOX,TESPA1,PLEKHM1,GAB2,PJA2,FIG4,RBM19,RNF10,IQSEC1,KIF14,NR1H4,CDH1","Sputum_Mixed granulocytic"
"BP","regulation of lymphocyte proliferation",237,90,0.000241919039964222,0.0343585516509186,"ADA,TSPAN32,BTN2A2,VAV3,GPNMB,LILRB1,LILRB4,RIPK3,CORO1A,RC3H1,CTLA4,CD55,DLG1,GPR183,AHR,TMEM131L,ICOSLG,SCRIB,LRRC32,TNFRSF21,CCDC88B,CD274,ANXA1,HLA-DPB1,HLA-DRB1,IL1A,IL10,IL15,INPP5D,ARG1,LGALS3,LYN,MIR185,MIR21,MEF2C,MPL,NCK1,PAWR,ZBTB7B,CD320,TLR9,SASH3,PPP3CA,PRKAR1A,PRLR,CRTAM,PELI1,SH3RF1,GPAM,PTPRC,RAC2,BCL2,BCL6,RPS3,BID,ZNF335,VSIR,SFTPD,MARCHF7,RASAL3,SLC7A1,LGALS9C,SOS1,SPN,SPTA1,STAT5B,SYK,TGFBR2,TNFRSF1B,TRAF6,CCR2,TNFRSF4,ZP3,CD276,NDFIP1,RASSF5,ITCH,MAD1L1,NCK2,CARD11,HAVCR2,FADD,TNFSF18,CD1D,CD3E,CD6,CD22,CD80,CD86,CD38,CD81","Sputum_Mixed granulocytic"
"BP","regulation of extrinsic apoptotic signaling pathway",158,71,0.00024612878510522,0.0347393199548511,"C8orf44-SGK3,ZMYND11,FAF1,RFFL,TMC8,CYLD,DEDD2,CTTN,AKT1,EYA1,EYA2,EYA3,UNC5B,FAIM2,SGK3,GCLC,GSK3B,HTT,ICAM1,IL1A,INHBA,ITGA6,ITGAV,GFRAL,LGALS3,LMNA,MCL1,ATF3,NF1,NOS3,PAK2,ZC3HC1,WWOX,PML,PPP1CA,PHIP,PPP2R1A,PPP2R1B,MAP2K5,PTEN,BIRC6,SH3RF1,PTPRC,RAF1,BCL2,BCL2L1,BID,SIAH2,DEPTOR,BMPR1B,SP100,SRC,STK3,STK4,TCF7L2,TGFBR1,THBS1,TIMP3,TNFAIP3,TRAF1,TRAF2,ITM2C,ITPRIP,MADD,CAV1,PEA15,TNFSF12,TNFSF10,FADD,NRP1,CFLAR,ACVR1,RB1CC1","Sputum_Mixed granulocytic"
"BP","establishment of localization",4633,1486,0.000264590207749392,0.0371144930919579,"ADA,KCNE3,TRAPPC3L,SNAP25-AS1,PDCD6,BCL2L11,TIMM23,SLC17A4,ABCC5,ABCB6,DNM1L,ABCC9,TIMM23B,ATP9A,CERT1,SGK2,KIF20A,RASGRP1,AKAP9,CDH17,WASF2,SLC25A13,TNK2,ADAM10,CALCRL,NUTF2,PRG4,MFSD10,STX6,SLC35B1,AP3S2,KCNMB2,ABCC4,RAMP1,RAMP3,BET1,VPS26C,EMC8,ABCA10,ABCA9,MICU1,ATP8A1,RACK1,RAPGEF3,ARIH2,VAV3,MERTK,COG5,SLC25A17,UNC13B,KAT5,IPO7,CEBPE,ATG7,DCTN2,ANP32B,AGR2,ARFGEF1,SORBS1,RGS14,IGF2BP2,MTX2,CES1,CLDN16,CETP,SLC12A7,KIF1C,GIPC1,TRAF3IP2,NUP50,KDM5B,SLC17A3,STARD10,CPLX2,HPSE,LILRB1,USP20,RAB10,MALT1,EHD1,AP3M2,TMED2,LMAN2,YWHAQ,TMED10,COPS5,LILRB4,KDELR2,RAB31,CPSF6,WWP2,RAPGEF4,PKIG,CORO1A,SLC2A6,CHKA,ABCB8,HPS5,PDCD10,PACSIN2,SCN11A,VPS26B,LYST,SLCO2B1,CHRM3,VPS45,TMC6,SLC46A1,EXOC3,CHRNA5,PKD1L2,BTBD9,SORCS1,OSBPL1A,OSBPL5,OSBPL8,OSBPL9,OSBPL10,C1QTNF3,CIDEA,MARCHF3,GBP5,FCHO2,RAB3C,SLC22A12,SLC26A8,CLNK,AGAP2,AGAP1,THEM4,SLC16A10,AP2S1,TMC1,AP3S1,CLCN3,BORCS5,CLCN6,CLCN7,SFXN2,PDZD8,CLU,CALHM3,SLC36A4,SLC15A4,CLTC,CLBA1,CCR1,TTC8,SLC24A4,PLA2G4E,ABCC2,SNX20,SLC38A10,SLC43A2,WDR81,MIEF2,CNGA1,RINL,CNTN1,OSCP1,TBC1D20,TANGO2,ICA1L,RFTN2,UBR3,ZFAND2B,MTERF4,COMP,COPA,SLC31A2,OCIAD2,STXBP5,ADORA2A,CP,ADORA2B,CPB2,CPT1A,VPS37A,CPT1B,GPAT4,HGSNAT,CREB1,CREBL2,CRHBP,CRHR1,TMEM37,CRY2,TRPM6,SIRPA,DCANP1,VTI1A,MAPK14,LDLRAD3,CSK,HNRNPA1L2,CSNK1E,GSG1L,TOM1L2,TMC8,STARD6,ADRA1A,SLC35F3,CTBP1,CTBP2,MFSD4A,CLDN19,CTNS,ENTHD1,COMMD1,SLC38A11,ZNF827,CXADR,NIPAL1,SCFD2,FAM53A,SLC38A9,CNKSR3,NKAIN2,ABCA13,KCTD7,SLC2A7,GRK2,GRK3,VPS13B,FAM91A1,TTC39B,CYP19A1,DAB2,C11orf65,C12orf50,TAMALIN,DGKQ,AP2A2,SYNE3,DAPK1,AP1B1,ANKFN1,DENND1B,CNST,DCTN1,PKD1L1,SLC30A8,KCNG3,DLG1,DLG2,DMD,DNM1,DYNC1H1,DYNC1I2,DNM2,DOCK1,DOCK2,ABAT,DPP4,DRD4,SLC26A2,AGTR1,E2F3,ECT2,ABCA1,LPAR1,EIF2D,EFNA5,EFNB2,EGF,EGFR,PLPP4,ANO6,METTL21C,EIF4E,ELANE,TTC21A,TMEM201,ABCA2,CFAP221,SLC51A,GABRR3,TVP23C,ARHGAP27,SLC39A11,UNC13D,SPNS3,RAB12,CTTN,ENSA,TSNARE1,C9orf72,EPB41,STOM,STX2,EPS15,SLC36A1,AKT1,AKT2,ABCA3,ALB,EXT1,EXT2,EYA2,F2RL2,FABP4,FABP5,ACSL1,PTK2B,SLC37A2,TPCN2,FCER2,SLC16A9,SLC39A12,ARL5B,MICU2,CALHM4,FCGRT,LHFPL5,FER,FGF7,MAPK15,FGF14,FGR,RASA3,RHOBTB3,RAB11FIP2,AAK1,LMTK2,CILK1,INPP5F,TRAPPC8,DENND3,EPN2,TRAK1,CD93,RAB3GAP1,SV2C,CEP131,RIMS1,PLCH1,TMCC1,XPO7,FNBP1,CLUAP1,GGA2,EMC1,HECW1,FOXO1,ERC1,KIF1B,TBC1D2B,ZC3H3,FCHO1,CLCC1,SNX13,MAPK8IP3,STAB1,SEPTIN8,PASK,RFTN1,CYFIP1,FAF2,MLC1,XPO6,SYNE2,NUP210,EXOC6B,PLCB1,KATNIP,ATP11A,DENND5A,EXOC7,CLEC16A,NUP160,AGTPBP1,FBXW11,SMG6,MGRN1,BICD2,EHBP1,KIF13B,FKBP15,NEDD4L,CLASP1,VPS39,SYNE1,SUN1,VPS8,PIP5K1C,TMED3,GRIP1,SLC7A8,AP4E1,RHOQ,SLC44A1,ABCB10,ABCA6,LEPROTL1,MACF1,FOLR2,SCRIB,SPIDR,NNT,SLC16A8,ATP6V0A2,OPN3,CORO1C,SH3BP4,PITPNB,ABCA4,ALOX5,CLDN15,ALOX12B,ATP6V1C2,ABL1,FYN,G6PC1,ZDHHC20,CNIH2,GABBR1,CALHM1,GABRA2,GABRR1,SERINC5,SNX33,SLC24A2,TMEM184B,NIPBL,MYRIP,CLIC4,HEATR5A,PNKD,SEC31B,IBTK,GORASP2,UPF2,OSBPL3,IPCEF1,DNM3,ERC2,GGA1,TANC2,LDLRAP1,KIFBP,GAPVD1,TRPC4AP,TRAF3IP1,ABCA12,IFT172,STEAP2,PITPNC1,STAP1,KLHL3,GATA3,FBXO22,SLC13A4,ARFGAP3,SERGEF,GCG,SLC17A5,CNNM4,CNNM3,MYOF,GDI2,ABL2,GJA8,ATP2C1,LAT,STAU2,VPS41,LAMP3,TRAPPC3,SDCBP2,SNX5,BBS9,GCLC,RAB30,STK39,SGSM3,BIN1,EML4,GM2A,GNAI2,GNRHR,GOLGA4,GOT2,SFN,GP1BB,GP9,GPLD1,GPM6A,SLCO4A1,SLCO3A1,SLC25A45,CCDC88B,SLC39A5,CLEC9A,CHAMP1,SIAH3,KCNRG,SLC46A3,GSDMA,CAVIN1,SLC25A42,SLC9C2,UNC80,SLC9A9,SLC36A3,GPR35,ANK1,XKR6,SCARA5,FFAR3,GRK4,ANK3,GRB10,GRID2,GRN,GIT1,SNX24,GRIK1,GRIK2,IFT81,RGCC,DBNL,GRIK4,TMEM230,SETD2,CNIH4,GRM4,GRM7,GSK3B,GSN,ZDHHC1,SNX8,SNX10,SEC61A1,SLC25A24,LRP12,MDFIC,SH3KBP1,ANXA1,ANXA2,HADH,HCK,HCLS1,HTT,HDLBP,KCNIP1,NRG1,EHD4,PIK3R4,ANXA6,HIF1A,HIP1,HK1,HK2,ANXA11,HLA-DRB1,HMGCR,HNRNPK,HNRNPU,APBA1,APBA2,HPS1,RAB37,AGFG1,HRH2,HSPG2,HTR2B,HTR3A,UBAC2,ICA1,ICAM3,SLCO1B7,IRF8,KCNT2,SLC10A6,IFNG,RSPH4A,IGF1R,IGF2R,APP,RILPL1,TICAM2,IL1A,IL15,IL15RA,IL16,INHBA,AQP7,IREB2,AQP9,ITGA2,ITGAL,ITGAM,ITGAV,ITGB1,ITGB2,ITPR1,ITPR2,TRIM23,KCNA2,TBC1D10C,KCNB1,ATP9B,KCNC4,MIA3,KCNE1,STIMATE,GJB7,SLC26A5,KCNJ3,KCNJ10,KCNJ15,KCNMA1,KCNN2,KCNQ1,KIF5B,KIF5C,ARF5,KPNA1,GLTPD2,C1QTNF12,XKR5,XKR9,LAMP1,LASP1,LCK,LCN2,LDLR,LEPR,LETM1,LGALS3,LGALS3BP,LIMK1,LIMK2,LIMS1,LIPC,MYO18A,ASIC2,LMNA,LMNB1,RAB44,SNX30,LRP1,LRP2,LRP3,LRP6,LRP5,LTF,LYN,MIR143,MIR145,MIR17,MIR185,MIR192,MIR199B,MIR19A,MIR19B1,MIR20A,MIR200C,MIR21,MIR302A,ARRB1,SMAD2,SMAD3,ARRB2,ASIC1,ARSB,MAN1A1,MAP2,MAP4,MAP6,MB,MCC,MCL1,MEF2A,MEF2C,MIA2,MKLN1,AFDN,TRPM1,ABCC1,SLC22A20P,CCDC88C,UNC13C,MAP1LC3C,CALHM6,MYO1B,MSR1,MUC2,MYB,MYH10,MYLK,MYO1C,MYO1D,MYO1E,MYO5A,MYO6,MYO7B,PPP1R12A,NACA,NASP,NCBP1,NCF2,NCF4,NEDD4,SEPTIN2,NEK2,NEO1,NEUROG1,NF1,NFKB1,ACO1,NGFR,NKG7,NNAT,NOS3,NOTCH1,FXYD2,NPC1,NPPA,ATP2A2,ATP2A3,ATP2B2,NUMA1,NUP88,ATP2B4,TIFAB,OLR1,OPA1,OPRM1,SLC22A18,OSM,P2RX1,P2RX3,P2RX4,P2RX7,P2RY6,P4HB,FURIN,PCSK6,MINK1,ITSN2,ANO7,PNPLA8,PRKN,SLC35C2,PAM16,ZBTB7B,PLEKHA8P1,PCK2,PLLP,SIDT2,SH3GLB1,PCNT,VPS28,IPO11,PLCE1,PCSK1,GLTP,PCSK5,MARCHF2,ERGIC2,CD320,BPIFA1,ZDHHC3,SLC25A37,UBR5,ATP6V1D,TRAPPC4,BIN2,PDE4B,PRKAG2,PDE4D,GULP1,LIMA1,ANKFY1,NCKIPSD,VTA1,VPS54,PDGFB,ACKR4,PEX5L,RAB6B,NBAS,ATP6V1H,RTRAF,MPC1,SUFU,PDPK1,CAB39,RAB8B,INPP5K,TM7SF3,PEX1,PEX7,PEX14,ATP8B1,PFKFB2,ATP6V1B2,ATP6V1C1,PIK3C3,PIK3CB,PIK3CG,PIK3R1,PI4KB,PIP4K2A,PITPNA,PKHD1,PKP2,PLA2G4A,ATP6V0B,PLCB2,PLCB4,PLCD1,PLCG1,PLCG2,TPCN1,FXYD1,FXYD3,PLN,PLP2,PML,FXYD4,SLC37A1,TLR9,SEPTIN5,SEPTIN4,KCNK10,YIPF1,RIN2,PON3,HEATR5B,CCHCR1,EXOC6,PPARA,PPARD,CROT,PPARG,PPBP,LEPROT,CTSA,CNNM2,AHI1,AFTPH,NDE1,BSPRY,SYTL2,FNBP1L,NSUN2,SLC66A1,PXK,CMTM6,PPM1A,OCIAD1,PINX1,TESC,TMCO3,MCUB,PID1,CCDC40,EPN3,VPS37C,NRDE2,ZWILCH,WIPI1,ATG2B,PLEKHJ1,DYNC2I1,ARHGAP17,SLC6A15,ANO10,PPP1R10,LRRC8D,ZDHHC4,TMEM38B,VPS13D,APPL2,GOLPH3L,SLC38A7,PACC1,VPS53,FBXW7,CCDC91,PPP3CA,PPP3CC,LAPTM4B,PPT1,SIRPG,PIP4P2,STAB2,ITLN1,VPS50,ZDHHC7,SLC39A4,CHD7,FLVCR2,LYAR,RAB20,SLC48A1,PRKACA,NPLOC4,DENND4C,PEX26,IWS1,SCYL2,MREG,PKIA,FRMD4A,VAC14,CCDC88A,IPO9,NECAP2,LMBR1L,PRKAR1A,PRKAR1B,EXOC2,PRKCB,CACNA2D3,PRKCE,EMC3,PRKCI,TEX2,PRKCZ,BIN3,ERBIN,RCC2,MYO5C,MAPK1,BCAP29,MAPK8,MAP2K1,MAP2K2,TEX14,PRL,ANKH,PRLR,LRRC8A,PARD3,KCNQ5,PRSS8,AZU1,PSAP,SLC2A9,PSEN2,JPH1,RETN,FMN2,SPHK2,TMEM167B,SPIRE1,NCLN,MFF,CDC42SE2,SLC12A9,VPS35L,PLSCR3,KNL1,PARP11,ANO2,C12orf4,RAB25,CAMK1D,CD177,RHBG,SLC44A2,SMURF1,TMEM63C,NIPAL3,ATP10A,ATP8B2,ATP10D,SLC45A4,ERGIC1,SNX14,PTEN,SLC4A10,PTGER3,SLC24A3,PTGS2,PTK2,GRAMD1B,HECW2,TBC1D14,MIB1,SORCS2,WDR35,MICAL3,KIF17,ARHGAP21,RIC1,USP36,PITPNM2,RELCH,VPS18,STIM2,GRAMD1A,PTPN1,DENND1A,EPG5,PTPN3,PTPN11,G6PC2,SLC4A5,PTPN14,PTPRC,PTPRJ,PTPRN2,NECTIN1,NECTIN2,CXCL16,PEX2,PEX5,EPS15L1,RAB5B,MAP4K2,RAB27A,RAC2,RAF1,RALB,RAP1B,RAP1GDS1,RAPSN,RARA,RB1,TRPV4,RBP4,RCVRN,BCL2,UPF1,BCL2L1,TRIM27,RFX3,BCL3,EXOC4,BACH2,CYB5RL,BCR,RRBP1,RXRA,RYR1,RYR3,SORT1,S100A6,S100A10,S100A13,SAG,CELA2A,ATXN1,SCN1A,SCN2B,SCN8A,SCNN1A,CEACAM1,SCP2,CCL3,BICD1,BID,UBE2O,PIEZO2,NAPB,SLC17A9,NECAB3,SEC14L1,KIF13A,TRAPPC2,MYO1G,SELE,CDH23,SLC28A3,GOLPH3,NOD2,RBSN,P3H1,DNAJC1,RAB17,SRSF7,SIL1,SFTPD,WIPF3,SGK1,SGTA,ITSN1,ARRDC5,SH3GL1,CLEC7A,FABP12,MFSD1,SMYD3,CREB3L2,MICAL1,NIBAN2,NDRG4,SLC1A2,VPS33A,UPF3A,SLC1A7,WNK1,SLC2A1,SLC2A4,SLC2A5,NADK,SLC5A2,MPPE1,SLC5A3,SLC6A6,SLC6A9,SLC7A1,SLC8A1,SLC9A2,SLC9A3,SLC11A1,SLC12A3,SLC34A1,SLC18A2,SLC20A1,SLC20A2,SLIT1,AACS,TRAK2,MTMR9,SNCA,SNCG,SNTA1,SNX1,SNX2,SOD1,SORL1,DST,SP100,SPG7,SPI1,SPTBN1,SRC,SREBF1,SREBF2,SRP9,BRAF,SSR2,STAC,ZFP36L1,STAT3,STAT5B,STIM1,STK3,STK4,SURF4,VAMP1,SYK,SYN2,SYT1,MIR613,TCF7L2,TMBIM6,TERF2,TG,TGFB1,TGFBR2,TGM2,THBS1,TSPO,TIAM1,SEC62,TRAPPC10,TNFAIP3,TNFRSF1A,TNFRSF1B,TPD52,C2,TPR,TPT1,TRPM2,TSG101,EIPR1,TTN,TULP1,CCR2,UBE2D3,UBE2L3,UCP3,UGCG,UQCRFS1,UTRN,UVRAG,VAV2,VDAC1,WFS1,NSD2,YWHAG,YWHAH,YWHAZ,ZFP36,PTTG1IP,TMEM50B,CA2,CA7,CACNA1A,CACNA1C,CACNA1D,ZP3,LAPTM5,TVP23A,CACNA2D1,EVI5,CACNB1,CACNB2,ALMS1,TUBA1A,PAX8,CACNB4,MAPKAPK3,USP7,RAB7A,KCNAB1,AHNAK,NABP2,TRAPPC6A,DERL1,GNPTAB,BAG6,NOX5,FYCO1,TANGO6,SH3TC2,MCPH1,RHBDF2,DYNC2H1,ZDHHC14,AAGAB,VPS37B,SLC25A22,MCTP1,CLMN,GSDMD,TTC21B,RABEP2,RIN3,ATP8B4,PRR5L,CYBRD1,SPEF2,SLC35E1,DENND1C,WLS,SLC8B1,TRPM3,CALM1,NR4A3,MOGAT2,RUBCNL,CEP290,NUP214,RAB11FIP1,ORAI2,PHAF1,STAM,CUBN,FER1L4,NCOA4,DNAJC5,SLC19A3,TTYH3,NDFIP1,EEPD1,DUSP16,APOL6,APOL3,ACTN4,SLC25A32,COLEC12,CALR,ANP32A,SLC7A5,HM13,SLC38A1,APOLD1,SNX27,VMP1,CAMK2D,SLCO5A1,CAMK2G,CANX,CLTCL1,SYN3,CAPN1,CAPN3,DYSF,COLQ,PICALM,AXIN1,PITPNM3,ODAD4,COG3,SESN2,TRAPPC9,ATG10,ITCH,RBP5,MAD1L1,TBC1D10A,STARD3NL,IMMP2L,SLC4A11,NCALD,ADGRV1,DTNBP1,FHIP1B,MYCBPAP,ANKRD27,SLC41A2,EEA1,SLC7A6OS,STX7,LRRC8C,ZDHHC18,SGIP1,YIPF4,SLC25A33,VPS25,HVCN1,COG8,HPS3,SOAT2,HOOK3,RAB11FIP4,LZTS2,SYVN1,CASQ2,SPIRE2,CUL3,SLC12A8,CASR,PSRC1,UNC119B,CRACR2A,LMNB2,SFT2D3,ADTRP,AGBL4,ORAI1,MFSD2A,TMEM87B,SLC49A4,SERAC1,UBASH3B,MFSD5,DISP1,PPFIA2,SLC43A1,KCNAB2,ITGA8,DGKD,ABCC11,MYLK2,MICALL1,SLC45A3,APOL1,STON2,CEP295,CAV1,CASK,SCARF1,SLC25A12,KLF7,PLPP3,STC2,CADPS,KCNK5,NCOA1,TNKS,SLC4A4,STX11,BECN1,PEA15,MARCO,ABCC3,MBTPS1,GBF1,MYOM1,ADAM9,NAPA,TNFRSF11A,NRP1,CD84,SOCS2,HDAC3,ANKRD13A,KAT2B,NR1I2,CCKBR,SYNJ2,SLC5A6,MCM3AP,MTMR2,CPNE1,AP1M1,HERC2,HPS4,ATG16L2,MVB12B,PLCZ1,STBD1,SLC25A21,ATP6V0E1,KALRN,SYT8,PHLDB2,TSPAN18,SYS1,SNX21,SPAG9,AIP,PSTPIP1,MCU,SLC7A7,SLC7A6,CLDN10,SEC22C,SLC16A5,SLC16A3,SLC39A13,RNF185,SYNGR1,PKDCC,RSAD2,YTHDC1,RFT1,SLC24A1,COG7,DCLK1,LARGE1,VAPB,VAPA,RCSD1,GCNT3,PDLIM7,MAPKAPK2,CYTH1,ITGB1BP1,DNER,CD9,NEURL3,CD22,CD163,SLC22A6,CACNA2D4,RAB28,NHERF1,KIF3B,PLAA,NRXN1,NRXN2,OTOF,COG1,SFXN1,SFXN5,SYTL3,TJP2,KCNK6,GSTO1,HOMER2,PICK1,AKAP6,ATG5,CD36,STX8,SLC4A8,SCARB2,RPH3AL,CD38,GOSR1,MACROH2A1,CEP41,CLOCK,PREPL,VPS9D1,RAB36,NCOR2,ABCG1,NUP155,SEC24C,PPM1F,GCC2,IPO13,FAM53B,CD68,CLINT1,NUP93,EDEM1,TRAM2,RIMS2,USP6NL,NOS1AP,TMEM63A,RAB11FIP3,IFT140,CD81,CD151,ATG13,TBC1D5,PIEZO1,KIAA0586,GIT2,DNAJC6,PLEKHM1,ELMO1,GAB2,C2CD5,MAGI2,FCHSD2,TLK1,TBC1D4,MRC2,RABGAP1L,ATP2C2,SEC16A,KIF14,CD302,ARHGAP25,MVP,SLC23A2,NR1H4,NUP153,DOP1B,CDH1,SLC12A6","Sputum_Mixed granulocytic"
"BP","cellular response to lipopolysaccharide",226,82,0.000267570403981098,0.0373022690801624,"KLRC4-KLRK1,TNIP1,CEBPE,LILRB1,ARID5A,MALT1,IRAK3,NLRP3,GBP5,SIRPA,MAPK14,CTSG,CX3CR1,CD55,DEFA1,DEFA3,DEFA4,DEFA5,ABCA1,AKT1,PPM1E,CARD8,SBNO2,SASH1,ABL1,STAP1,GFI1,GIT1,CD274,HCK,IRF8,TICAM2,IL1A,IL10,IRAK2,SCIMP,LTF,CD180,LYN,MIR140,MIR17,MIR20A,MIR21,MEF2C,MMP8,CARD17P,NFKB1,NOS3,TIFAB,PDE4B,PLCG2,TLR9,PPBP,PRKCA,PRKCE,MAPK1,MAPK8,PLSCR3,AICDA,CACTIN,RARA,UPF1,BCR,NOD2,SPI1,SRC,TSPO,TNFAIP3,TNFRSF1B,TRAF6,DEFA1B,ACOD1,VIM,ZFP36,SLC7A5,CASP1,CASP7,IL1F10,HAVCR2,ADAM9,CD6,PLAA,CD80,CD86,LY86,CD36,CTR9,CD68,NR1H4","Sputum_Mixed granulocytic"
"BP","protein modification process",2978,984,0.000273683677596095,0.0379218773761809,"AKT3,ABI1,TANK,PDCD6,PIGK,C8orf44-SGK3,UST,TRIM10,SGK2,RAD50,HIPK3,IFNL4,RASGRP1,FRY,AKAP9,ABI2,TNK2,ADAM10,TRIM13,CDK6,CTDSPL,DCAF7,GPHN,RAMP1,RAMP3,PAK4,ADAR,CDKN2B,TNIP1,PCGF3,ANAPC10,DLC1,RACK1,ADARB1,PIAS3,PRMT5,TESK2,ARIH2,TAB1,GPNMB,MERTK,TADA3,TRIM38,UBE2E3,LRRC41,CRTAP,SEMA4D,KAT5,IPO7,ATG7,ARFGEF1,STAMBP,IVNS1ABP,RGS14,TRAF3IP2,NEK6,ARID5A,USP20,MALT1,FASTK,TMED2,COPS5,LILRB4,TLK2,RIPK3,WWP2,PKIG,IRAK3,DUSP10,GALNT6,PDCD10,KLHL2,MGAT4B,TP53RK,CHRM3,MGAT4A,RNF13,TRIM9,CHUK,ESCO1,GALNT13,OSBPL8,FBXO32,MARCHF3,PCMTD1,UHRF2,WDFY2,RNF166,IL22RA2,AGAP2,GALNT15,IP6K3,RFFL,CLU,SPPL3,KLHDC1,RNF19B,COL3A1,IQGAP3,PIGU,TRABD2A,UBR3,IL31RA,UBLCP1,NCOA7,CREB1,CREBL2,ASB7,MYO3B,NEK7,MACROD2,UBE2F,CRY2,SIRPA,STK35,ADPRH,PARP1,PARP4,MAPK14,HECTD2,CSF1R,CSK,CSNK1E,CSNK2B,TTBK2,MGAT5B,PIK3R6,DPY19L3,CTBP1,RC3H1,PDIK1L,CLDN19,AANAT,COMMD1,CTSG,METTL21A,CCNYL1,PPP4R2,XXYLT1,RNF38,CX3CR1,PAQR3,PPM1K,CYLD,CNKSR3,RNF217,VKORC1L1,GRK2,GRK3,PRAG1,TTLL11,DAB2,TMTC2,DGKQ,DAPK1,DAXX,UBXN2A,PARP15,DLST,DMD,DRD4,DUSP3,DYRK1A,ECT2,EFNA5,EGF,EGFR,METTL21C,UBR1,NSMCE1,EIF4G1,ELANE,ALG14,ABCA2,SPRED2,MARK2,STT3B,ENSA,C9orf72,EPAS1,EPHA1,HIPK1,EPHB3,EPHB6,DIPK2A,SENP5,TRIML2,AKT1,ERCC6,ERG,AKT2,ERN1,EYA1,EZH2,PTK2B,FBLN1,USP12,CCNY,MARCHF8,ZNRF2,FECH,FER,FGF7,MAPK15,FGFR2,FGR,RNF44,PPM1E,AAK1,LMTK2,CILK1,INPP5F,FKBP5,TRAK1,SEPHS1,RAB3GAP1,TPX2,LIMCH1,STK38L,MAST3,TNIK,SETD1B,HECW1,SWAP70,MYCBP2,FOXO1,ERC1,TRIM35,TTLL5,TAB2,KDM6B,MAST2,ANKLE2,PASK,DIP2A,FLT1,DTX4,SIK2,CAMTA1,KLHL18,AGTPBP1,FBXW11,MGRN1,NEDD4L,SASH1,DPY19L1,JADE2,UBR4,SIK3,SIRT5,FNTB,SF3B1,NNT,PIK3R5,PIGN,PADI4,CORO1C,DAPK2,MKRN1,RUSC1,PLXNB2,SGK3,PRKD3,ALK,ALOX12B,MTOR,ABL1,FUT4,FUT7,FUT8,FYN,ZDHHC20,METAP1D,RNF144B,QPCT,HECTD1,USP49,RNF19A,RCHY1,GALNT2,GALNT3,WWTR1,KBTBD2,IBTK,ZZZ3,SETBP1,LTN1,PPP1R16B,AUTS2,SENP6,WIPI2,TRPC4AP,TRAF3IP1,FBXL5,KLHL3,FBXO22,GCG,NUPR1,KAT2A,GCNT1,GCNT2,LATS2,AMFR,GFRA1,GGCX,B4GALT1,ABL2,NPTN,LAT,GCLC,STK39,GNA12,GNAQ,SFN,SLCO3A1,STK32C,P4HA3,HECTD4,FBXL22,KANSL1,RNF149,EPHA6,SUMF1,PPIL6,NSMCE2,GRK4,GRK5,GRK6,TRIB2,RGCC,MACROD1,HIPK2,SETD2,TBK1,UHRF1,GSK3B,USP25,ZDHHC1,PILRB,ANXA1,HCK,HCLS1,HTT,NRG1,EHD4,PIK3R4,HIF1A,HLA-DRB1,HTR2B,HUS1,SH3RF3,IFNG,IGF1R,APP,FAS,IL6R,IL15,INHBA,IRAK2,ITGA1,ITGA5,ITGB2,ITPKB,JAK1,JAK3,TRIM23,B3GNT8,MAST4,PTAR1,KRT10,SUMO4,SUMO1P1,LCK,LCP2,LEPR,LGALS3,LIMK1,LIMK2,LIAT1,LMO7,USP17L1,LOXL2,PLPP6,LRP6,LRP5,LTF,LYN,MIR143,MIR19A,MIR19B1,MIR20A,MIR21,MIR92A1,ARRB1,ARRB2,SMAD7,MAN1A1,MAN2A2,MAN2A1,MARK3,MDM4,MEFV,MAP3K1,MAP3K5,MGAT3,MGAT5,ATXN3,KMT2A,MNAT1,CCDC88C,EIF2AK4,GALNTL6,ASPH,MSRA,MYLK,PPP1R12A,NCK1,NEDD4,NEDD9,NEK2,NEK3,NF1,NFX1,NFYC,NKTR,NNAT,NNMT,NPC1,NPPA,ATP2B4,OGDH,OSM,P2RX7,P4HB,MINK1,GALNT9,PAK2,PRKN,DCAF8,TNNI3K,PHF20L1,ASB3,A4GNT,VPS28,HERC5,PLCE1,MARCHF2,CDK17,ZDHHC3,FZR1,TAOK3,UBR5,ANGPT4,PRKAG2,ANAPC7,PDE4D,NAT8B,DTL,ZC3HC1,PDGFA,PDGFB,HDAC7,PIGT,OTUD6B,RTRAF,CDK5RAP1,PDK4,ASB4,NUB1,ASB2,PDPK1,NLK,CAB39,INPP5K,MAP3K20,GALNT7,CDK14,PGGT1B,PHB1,PHF2,PHKG2,PIGH,PIK3C3,PIK3CB,PIK3CG,PLAT,PLAUR,BCL11A,BTBD1,PLCG2,FXYD1,PLOD1,PLOD2,PML,PMM2,TRIM34,TLR9,SEPTIN4,DCUN1D1,ERRFI1,SSH1,ANKIB1,TOLLIP,RNF216,PRMT7,MIER2,EGLN1,MINDY2,PPARG,ZRANB1,TET2,BSPRY,WBP1L,RNF43,LAX1,KANSL2,PPM1A,PARP16,ODAM,PINX1,PPP1CA,MARCHF1,PID1,PHIP,BANK1,USP47,WIPI1,ZDHHC4,MSL2,PPP2R1A,RNF220,PPP2R1B,P3H2,NAT10,PPP2R3A,USP40,KIRREL1,PPP2R5C,UBE2W,PPP2R5E,PPP6R3,FBXW7,RNF121,PPP3CA,PPP3CC,STK32B,IMPACT,PPT1,GALNT10,ITLN1,PRR5,ZDHHC7,AMBRA1,PRKAA2,PRKACA,PPP4R3A,PKIA,CCDC88A,SLF2,PRKAR1A,PRKAR1B,UGGT2,PRKAR2A,INAVA,PRKAR2B,PRKCA,PRKCB,MINDY1,PRKCE,RNF130,DCAF6,PRKCH,CAND1,PRKCI,DBNDD2,ASH1L,WSB2,PRKCZ,PRKDC,MAPK1,MAPK6,MAPK8,MAPK10,MAPK13,PDGFC,MAP2K1,MAP2K2,MAP2K5,DNAJC3,PRLR,WDR45B,PARD3,AZU1,TRIM39,DUSP22,SMYD2,TULP4,PDXP,CASS4,PARP11,CAMK1D,MAN1C1,SMURF1,PELI2,PELI1,ZMIZ1,PPP4R3B,PTEN,PTGS2,BIRC6,GALNT16,PPM1H,PTK2,USP31,RIMKLB,HECW2,RPTOR,PTK6,MIB1,KLHL42,PDP2,USP35,STAMBPL1,FNIP2,USP36,DIP2B,VPS18,SH3RF1,EP400,UVSSA,PHRF1,RNF213,PTPN1,ZFYVE28,PTPN3,PTPN4,PTPN7,MARK4,RAB40C,PTPN9,PTPN11,PTPN13,PTPN14,PTPRA,PTPRC,PTPRD,PTPRE,PTPRG,PTPRJ,PTPRK,PTPRM,PTPRN2,PTPRO,PEX2,CACTIN,MAP4K2,MOK,RAF1,RALB,RARA,RB1,BCL2,TRIM27,ROBO1,BCR,RPS3,RPS6KA1,RPS6KA2,S100A9,CEACAM1,UBE2O,SAMSN1,BLM,NOD2,IFIH1,PDF,MAP2K4,P3H1,IRF2BPL,COP1,NXN,KLHL25,SGK1,UNKL,SMYD3,PARP12,SIAH1,SIAH2,MICAL1,DEPTOR,ST6GAL1,ST3GAL1,ST3GAL2,MARCHF7,ST3GAL3,SKP2,WNK1,MPPE1,SLC8A1,SLC11A1,BMPR1B,BMPR2,SNCA,SNTA1,SOD1,SORL1,SPN,SRC,BRAF,SRPK1,STK3,STK4,CDKL5,STK10,SYK,ADAM17,TAF10,TEC,TEK,TGFA,TGFB1,TGFBR1,TGFBR2,TGM2,THBS1,TSPO,TNFAIP3,TNFRSF1A,TOP1,TPD52L1,TRAF1,TRAF2,TRAF3,TRAF5,TRAF6,TSG101,EIPR1,TTN,GXYLT2,CDK11A,TXK,CRPPA,UBA7,UBE2D3,UBE2E1,UBE2H,UBE2L3,UBE2V1,UGCG,KDM6A,UVRAG,VRK2,WARS1,WFS1,XRCC5,YWHAG,YWHAZ,PTTG1IP,ZBTB16,TRIM26,LAPTM5,MOGS,RNF103,MAPKAPK3,USP7,OTUB2,DBNDD1,ST8SIA4,METTL22,CARD14,MAPKAP1,DERL1,FKRP,BAG6,CCNJL,GALNT14,NDNF,ZDHHC14,GALNT12,LRRK1,PRKRIP1,TTLL7,ASB13,FBXO31,ALG9,EHMT1,MOB3B,PEAK1,NEK11,UBA5,PRR5L,NAA60,KAT6A,ATAT1,NAA25,DCAF17,CALM1,VCPIP1,NAA15,SPSB1,NAA50,EDEM3,CDK5RAP3,PDGFD,RNF39,NDFIP1,DUSP16,SH3BP5L,KDM7A,FXR1,CDK2AP1,TRIM11,CAMK2D,CAPN3,AXIN1,COG3,RASSF5,ZMIZ2,SELENOO,SESN2,ATG10,ITCH,KCTD10,B3GNT5,DTNBP1,ULK1,BCAR3,ZNRF3,KAT8,PPP1R1B,LOXL4,SETD3,TRAF7,ZDHHC18,SLF1,STK24,RNF135,VPS25,NCK2,DOT1L,SYVN1,CUL3,CUL1,TPST2,TPST1,TTBK1,SUPT3H,USP32,KDM2B,LNX1,PSRC1,CDC42BPA,SEMA7A,ADTRP,KLHL22,AGBL4,TMTC4,NFATC2IP,MAP4K3,ALG10,ZNRF1,UBASH3B,PIGY,ENC1,MYLK2,CEP295,SSH2,CDC14B,CAV1,STK16,PLPP3,CDK13,RUNX3,CBFB,TNKS,MARCO,ADAM9,TNFRSF11A,TNFRSF10B,TNFRSF10A,DYRK4,CDKL1,DCAF5,IQGAP1,NRP1,SOCS2,HDAC3,KSR1,KAT2B,STK19,CDC16,NAE1,MTMR3,MTMR2,PRPF4B,CCNA1,TRIM4,HERC3,HERC2,HERC1,BTRC,CCND3,P4HA2,USP13,PLOD3,RPS6KA4,TRIM15,TNFSF18,KALRN,ACVR1,OTULIN,NAT8,BAZ1B,UBA3,SPAG9,ASH2L,DIRAS3,ZNF598,USP10,USP8,MTMR7,MTA1,LATS1,CCNB2,RNF185,PKDCC,CTDP1,CD3E,MAP3K13,MYLK3,RFT1,DDX21,COG7,DCLK1,LARGE1,CD6,SPSB4,GCNT3,UBE2L6,MFHAS1,MOB1B,MAPKAPK2,STK17B,ITGB1BP1,S1PR2,B3GNT7,SOCS6,NEURL3,COPS2,TRIP12,PGAP3,TGM5,B4GALT5,TADA2B,NHERF1,PLAA,NMT2,ACVRL1,CD80,MED21,CD86,CDYL,MED27,MAP4K4,EIF2AK3,PICK1,SH3BP5,ATG5,CD36,PIGL,TMEM59,MACROH2A1,CEP41,CLOCK,BABAM2,CDC42BPB,CD44,RNF7,AATK,ZNF592,MORF4L2,FNIP1,PPM1F,TTLL4,N4BP1,UBE3C,RAPGEF2,EDEM1,NOS1AP,HDAC9,USP34,SETD1A,HDAC4,ATG13,RNF144A,MAML1,RNF40,RB1CC1,MELK,CDK11B,MAGI2,PJA2,TLK1,KLHL21,RNF10,KIF14,JOSD1,GFPT2,USP15,MVP,TNFSF15","Sputum_Mixed granulocytic"
"BP","cellular response to biotic stimulus",265,94,0.000284892990390142,0.0392358079613671,"KLRC4-KLRK1,TNIP1,CEBPE,LILRB1,ARID5A,MALT1,IRAK3,NLRP3,GBP5,SIRPA,MAPK14,CTSG,CX3CR1,CD55,DEFA1,DEFA3,DEFA4,DEFA5,ABCA1,AHR,AKT1,PPM1E,CARD8,SBNO2,SASH1,ABL1,STAP1,GFI1,GIT1,CD274,GSK3B,HCK,IRF8,TICAM2,IL1A,IL10,IRAK2,SCIMP,LTF,CD180,LYN,MIR140,MIR17,MIR19A,MIR19B1,MIR20A,MIR21,MEF2C,MMP8,CARD17P,NFKB1,NOS3,NOTCH1,NOTCH2,TIFAB,PDE4B,CYRIB,PLCG2,TLR9,PPBP,PRKCA,PRKCE,MAPK1,MAPK8,PLSCR3,AICDA,CACTIN,RARA,UPF1,BCR,NOD2,CLEC7A,SPI1,SRC,SYK,TSPO,TNFAIP3,TNFRSF1B,TRAF6,DEFA1B,ACOD1,VIM,WFS1,ZFP36,SLC7A5,CASP1,ATG10,CASP7,SLX4,IL1F10,HAVCR2,ADAM9,CD6,PLAA,CD80,CD86,LY86,EIF2AK3,CD36,CTR9,CD68,CDA,NR1H4","Sputum_Mixed granulocytic"
"BP","cytokine production involved in immune response",121,52,0.000292806007098836,0.0398563020632354,"CD96,NOD1,LILRB1,ARID5A,MALT1,LILRB4,IRAK3,NLRP3,CLNK,CD55,DENND1B,DHX36,GATA3,FFAR3,HK1,TICAM2,IL1R1,IL10,JAK3,ARG1,SCIMP,MIR302A,SMAD7,P2RX7,PLCG2,ACP5,TLR9,TREM1,SASH3,INAVA,PRKCZ,SPHK2,BCL6,NOD2,CLEC7A,SYK,TGFB1,TNFRSF1B,TRAF2,TRAF6,CCR2,LAPTM5,NLRX1,NR4A3,SLC7A5,SEMA7A,IL18R1,SLAMF9,RSAD2,DDX21,MAPKAPK2,ATG5,CD36,CD81","Sputum_Mixed granulocytic"
"BP","cell surface receptor signaling pathway",2785,926,0.000292906286065847,0.0398563020632354,"ADA,ABI1,TANK,INSYN2B,C17orf99,PDCD6,BCL2L11,KLRC4-KLRK1,MICOS10-NBL1,C8orf44-SGK3,TSPAN32,IFNL4,CDH17,PLXNC1,TNK2,ADAM10,CALCRL,CDK6,IGSF6,ADAR,CDKN2B,CCL26,BTN2A2,RACK1,PIAS3,VAV3,TAB1,BAIAP2,MERTK,UNC13B,SEMA6B,SEMA4D,SEMA4B,SEMA3C,AGR2,SORBS1,STAMBP,RGS14,CXCR6,GIPC1,TRAF3IP2,ZMYND11,CCR9,FRS2,LILRB1,MALT1,BTNL3,TMED2,KCNQ1OT1,LILRB4,LILRB3,RBPMS,ADAP1,WWP2,ESM1,BTN3A2,FAF1,CORO1A,FSTL1,WIF1,IRAK3,PDCD10,PADI2,GPR182,CHRNA5,ERMAP,CHUK,OSBPL8,CIDEA,C1QTNF4,IL22RA2,CLNK,LRG1,RFFL,AP3S1,SPPL3,CCR1,LEO1,CCR4,CMKLR1,OSCAR,CNTFR,CNTN1,COL3A1,COL4A1,PIGU,TRABD2A,ZFAND2B,COL16A1,COMP,IL17RE,OCIAD2,IL31RA,ADORA2A,ADORA2B,CRHR1,PARP1,MAPK14,CSF1R,SESN3,CSF3R,CSK,CSNK1E,CSNK2B,TTBK2,TMC8,DSG4,RC3H1,CTLA4,COMMD7,CTNND1,NFAM1,CTSG,CCNYL1,CX3CR1,BTNL9,CYLD,CYP1B1,IQUB,PRAG1,DAB1,DAB2,CD55,DAPK1,DAXX,DEDD2,DCN,DENND1B,APCDD1L,PRICKLE2,ADGRA3,TMEM64,DOCK1,DOCK3,ABAT,DRD4,DSCAM,DUSP3,ECE1,ABCA1,EFNA5,EFNB2,EGF,EGFR,PLPP4,ANO6,ELF1,SPRED2,MARK2,CTTN,EPHA1,HIPK1,EPHB3,EPHB6,AKT1,AKT2,EXT1,EYA1,EYA2,EYA3,FANCA,ACSL1,PTK2B,UNC5B,CCNY,FCER2,FCGR1BP,UCMA,FCGR3B,ADGRG3,ADGRF2,SCUBE3,SEMA3D,FER,FGF7,GPC5,FGFR2,FGR,RAB11FIP2,AAK1,CHSY1,INPP5F,CARD8,EPN2,RAB3GAP1,RIMS1,DAAM1,FAIM2,TNIK,CLUAP1,HECW1,FOXO1,ZNF423,FSTL4,SPART,PLXND1,ZC3H3,FCHO1,RFTN1,KANK1,CYFIP1,FLT1,DTX4,PLCL2,SIK2,PLCB1,TMEM131L,ADGRL3,FBXW11,ANKS1A,MGRN1,ICOSLG,FMOD,CUX2,SASH1,SYNE1,RHOQ,LEPROTL1,MACF1,DAAM2,CABIN1,FOS,TSPAN12,TSPAN15,FPR3,PLXNB2,SGK3,IL17RA,ALK,ATP6V1C2,ABL1,FUT7,FUT8,ACKR1,FYB1,FYN,YTHDF3,GAB1,SHC2,DSTYK,NGEF,GALNT3,WWTR1,SAMHD1,TIPARP,C2CD3,TCTN3,LRRC32,IFT172,NPHP4,STAP1,GATA3,CLEC4E,GCNT2,LATS2,GDF10,AMFR,GFI1,GFRA1,HBP1,CYFIP2,NPTN,LAT,FOXP1,SNX5,SIGLEC9,DISC1,C5AR2,TNFRSF21,GCLC,BMP10,RBMS3,GLG1,STK39,GLI2,GMDS,GNAI2,GNAQ,GNG7,GP1BB,GPLD1,SLC39A5,ADGRD1,GPR17,LAMA1,GPR21,SH2D6,ANGPT2,NKIRAS1,EPHA6,GPR35,FFAR3,GRK5,GRK6,GRB10,RAPGEF1,GRID2,GIT1,GRIK1,GRIK2,IFT81,HIPK2,GRIK4,TBK1,CLEC2D,CD274,GRM4,GRM7,GRM8,GSK3B,BLNK,GUCY2C,GPR171,MDFIC,PILRB,ANXA1,HCK,HCLS1,HTT,ANXA4,HEXA,NRG1,HIC1,HIF1A,HIP1,HIVEP1,HLA-DPB1,HLA-DQB1,HLA-DRB1,HSPG2,NDST1,HTR3A,UBAC2,ICAM1,STING1,IDE,FCRL6,LRIT3,IFNAR2,IFNG,IFNGR2,IGF1R,IGF2R,APP,RBPJ,TICAM2,FAS,IL1A,IL1R1,IL1RAP,IL6R,IL7R,IL10,IL15,IL15RA,INHBA,INPP5D,ITGA6,IRAK2,IRF7,ITGA1,ITGA2,ITGA5,ITGA9,ITGAE,ITGAL,ITGAM,ITGAV,ITGB1,ITGB2,ITGB5,ITPKB,JAK1,JAK3,KCNB1,KIF7,NRROS,ARG1,KPNA1,KRT8,SCIMP,CCL4L1,C1QTNF12,NOTCH2NLA,GFRAL,LAG3,LAMA2,LAMB1,LCK,LCP2,LEPR,LFNG,LGALS3,LIMK1,LIMS1,LMNA,LNPEP,LRP1,LRP2,LRP6,LRP5,LTBP1,LTF,CD180,LYN,MIR140,MIR145,MIR17,MIR18A,MIR195,MIR19A,MIR19B1,MIR20A,MIR200C,MIR21,MIR214,MIR30A,ARRB1,SMAD1,SMAD2,SMAD3,ARRB2,SMAD6,SMAD7,MCC,MCL1,MEF2C,MAP3K1,MGAT5,MITF,MLLT3,TRPM1,MMP2,MMP8,MPL,CCDC88C,RHEX,MIR302C,MX1,MYO1C,MYO1E,MYO9B,ATF3,NBL1,NCK1,NEDD4,SEPTIN2,NEDD9,NEO1,NF1,NFIA,NFKB1,NGFR,NINJ1,NOS3,NOTCH1,NOTCH2,NOTCH3,NOTCH4,NPPA,NUMA1,NR4A2,TIFAB,OSM,P2RX1,P2RX3,P2RX4,P2RX7,P2RY6,P4HB,FURIN,PCSK6,CHST11,IL21R,PAK2,PRKN,PAWR,SLC35C2,ZBTB7B,LEF1,PLCE1,CRIM1,CLEC1A,ZDHHC3,UBR5,ANGPT4,PDE4B,PDE4D,EVL,ZC3HC1,PDGFA,PDGFB,ACKR4,PDK4,SUFU,PDPK1,NLK,WWOX,INPP5K,PFDN5,CDK14,PGAM2,PHB1,PIK3CB,PIK3R1,PIP4K2A,PLAT,PLAUR,UBASH3A,PLCG1,SHC3,PLCG2,PLN,PLP2,PLXNA1,PLXNA2,PLXNB1,PML,TSPEAR,ERRFI1,SSH1,TOLLIP,RBM47,PPARA,PPARG,PPBP,LEPROT,ZRANB1,AHI1,WBP1L,RNF43,LAX1,MKS1,PPM1A,OCIAD1,ADISSP,PPP1CA,PID1,PHIP,BANK1,USP47,PPP2R1A,RNF220,PPP2R1B,APPL2,ELP2,FBXW7,PPP3CA,LGR4,MAML3,ZDHHC7,PRKAA2,PRKACA,LIMS2,SCYL2,CCDC88A,LMBR1L,PRKAR1B,INTS9,PRKCA,PRKCB,PRKCE,PRKCH,PRKCI,PRKCZ,ERBIN,RCC2,MAPK1,SULF2,MAPK8,MAPK10,PDGFC,MAP2K1,MAP2K2,MAP2K5,PRL,PRLR,PSEN2,CELF4,ANKS1B,SPPL2B,PMEPA1,DUSP22,RGMA,CTNNBIP1,CASS4,CD177,RTN4,SMURF1,PELI2,PELI1,ZMIZ1,ADGRG6,PTEN,PBXIP1,MIR497,MIR520C,BIRC6,PTH2R,PTK2,KIDINS220,PTK6,MIB1,NCEH1,SEMA6A,WDFY1,ADGRB2,SH3RF1,PLEKHA4,RNF213,CHD8,SHTN1,ADGRB3,PTPN1,ZFYVE28,PTPN3,PTPN11,GRHL3,PTPRA,PTPRC,PTPRD,PTPRE,PTPRG,PTPRJ,PTPRK,PTPRO,NECTIN2,PXN,MS4A7,CACTIN,RAF1,RALB,RARG,RASA1,RB1,LGR6,BCL2,BCL2L1,BCL3,BCL6,PAPPA2,ROBO1,RORA,RPE65,RPS3,SORT1,SAG,CEACAM1,CCL3,CCL13,CCL18,CCL22,BID,UBE2O,PRDM16,MYO1G,PERP,NOD2,IFIH1,MAP2K4,SEMA4A,MS4A6A,ARHGEF28,NXN,ZNF106,PALS1,CLEC7A,SHB,SIAH1,SIAH2,DEPTOR,NIBAN2,SKI,NDRG4,SLC1A7,WNK1,SLC2A4,BMP7,BMPR1B,SLIT3,BMPR2,SMARCA4,PHACTR4,SMARCC1,SNCA,SORL1,SOS1,DST,SP100,SPI1,SPN,SPTBN1,SRC,SREBF1,SREBF2,BRAF,STAT3,STAT5B,STK3,STK4,STRN,BSG,SYK,ADAM17,TBL1X,TCF7,TCF7L2,TEC,TEK,TGFA,TGFB1,TGFBR1,TGFBR2,TGFBR3,THBS1,TIAM1,TIE1,TIMP3,TLE1,TLE2,TLE4,TLN1,TLR5,TNFAIP3,TNFAIP6,TNFRSF1A,TNFRSF1B,TNXB,TRAF1,TRAF2,TRAF3,TRAF5,TRAF6,C3AR1,TRIO,TSG101,TSHR,CCR2,TNFRSF4,TXK,MOSMO,ACOD1,RFX8,UBE2D3,UGCG,VAV2,VIM,VRK2,DAGLA,WNT8B,LDLRAD4,LAPTM5,PXDN,TUBA1A,CACNB4,MAPKAPK3,RAB7A,PVRIG,CARD14,BAG6,FCRL2,TMEM231,TCTN1,ADIPOR2,SH3TC2,RHBDF2,TMEM204,DYNC2H1,LRRK1,TBL1XR1,TTC21B,MMRN2,BTNL8,DOK3,WLS,SVEP1,SEMA6D,CALM1,BICC1,NR4A3,ARMC9,PDGFD,CPEB4,CD276,CSRP3,MPIG6B,ACTN4,WNT5B,ZBP1,ITM2C,ADAMTS12,KLRC4,AXIN1,CASP1,FCRL4,APH1B,PLVAP,CASP2,CCM2,CCDC3,FERMT3,FRMD8,KREMEN1,ADGRV1,ULK1,EEA1,BCAR3,ZNRF3,ARID5B,NLRC5,SLA2,CMAHP,TRAF7,CASP10,BRMS1L,VPS25,NCK2,CARD11,ADGRA1,MAML2,DOT1L,LZTS2,CUL3,IL1F10,MS4A14,SEMA7A,ZNRF1,UBASH3B,DISP1,ITGA8,DGKZ,DGKD,NKD1,ITPRIP,MADD,CAV1,RUNX2,PLPP3,NPFF,UNC5C,OASL,PTCH2,TNKS,PEA15,MARCO,CRADD,TNFSF12,TNFSF10,ADAM9,FADD,TNFRSF11A,TNFRSF10C,TNFRSF10B,TNFRSF10A,IL18RAP,IL1RL2,IL18R1,HESX1,IQGAP1,NRP2,NRP1,SOCS2,CFLAR,CCN4,LDB1,CCKBR,ARHGEF7,MTMR2,CPNE1,MBD2,BTRC,MVB12B,KLHL6,RPS6KA4,LIMD1,TNFSF18,KALRN,ACVR1,MPZL1,OTULIN,CCRL2,SEMA5A,DOK2,ANGPTL1,USP8,LATS1,CBFA2T2,RNF185,FIBP,CD3E,CHURC1,IL1RL1,CD247,MAGI1,CD6,NUMBL,MFHAS1,MAPKAPK2,ITGB1BP1,DNER,BPIFB1,SHKBP1,S1PR2,SOCS6,NREP,CD22,ITGBL1,NHERF1,NRXN1,CD27,ACVRL1,HTRA3,CD80,CD86,AIM2,LY86,EIF2AK3,HOMER2,CD36,ADAMTS3,CD38,CD44,ZNF592,CTR9,CD59,PHF14,FAM53B,VGLL4,NUP93,RAPGEF2,RIMS2,ST18,USP34,CD79B,IFT140,CD81,HDAC4,ADGRE5,CDA,KIAA0586,MTSS1,MAML1,RB1CC1,ZEB2,TESPA1,GAB2,C2CD5,FARP2,MAGI2,PJA2,P2RY14,USP15,MVP,NR1H4,CASP8AP2","Sputum_Mixed granulocytic"
"BP","leukocyte chemotaxis",238,86,0.000296841236540356,0.0401513110663277,"KLRC4-KLRK1,MICOS10-NBL1,DNM1L,ADAM10,CCL26,VAV3,CORO1A,PADI2,LYST,CCR1,CMKLR1,CNR2,CSF1R,CSF3R,CTSG,CX3CR1,CXADR,CYP19A1,DEFA1,DPP4,GPR183,ANO6,PTK2B,SWAP70,FLT1,PIP5K1C,DAPK2,IL17RA,ALOX5,STAP1,C5AR2,STK39,CXCL17,ANXA1,IL6R,IL10,IL16,ITGA1,ITGA9,ITGB2,CCL4L1,LGALS3,LYN,MMP2,NBL1,NEDD9,NINJ1,PDE4B,PDGFB,PIK3CG,PLEC,TREM1,PPBP,MAPK1,AZU1,SLAMF8,CAMK1D,PTK2,MTUS1,PREX1,PTPRO,CXCL16,RAC2,TRPV4,S100A9,CCL3,CCL13,CCL18,CCL22,NOD2,SFTPD,WNK1,SPI1,BSG,SYK,ADAM17,THBS1,TNFAIP6,C3AR1,TRPM2,DEFA1B,CCR2,RIN3,SLC8B1,HSD3B7,CALR,GBF1,TNFRSF11A,TNFSF18,MCU,RIPOR2","Sputum_Mixed granulocytic"
"BP","localization",5264,1683,0.000298646235983116,0.0401564323460374,"ADA,KCNE3,TRAPPC3L,FAM47E,SNAP25-AS1,PDCD6,BCL2L11,TIMM23,DNAJB6,SLC17A4,MICOS10-NBL1,ABCC5,ABCB6,DNM1L,ABCC9,TIMM23B,ATP9A,GPC6,CERT1,SGK2,KIF20A,RASGRP1,AKAP9,CDH17,WASF2,SLC25A13,TNK2,ADAM10,CALCRL,NUTF2,PRG4,MFSD10,STX6,SLC35B1,AP3S2,KCNMB2,GPHN,ABCC4,RAMP1,RAMP3,STAG1,BET1,VPS26C,EMC8,ABCA10,ABCA9,MICU1,ATP8A1,RACK1,CDS1,RAPGEF3,ARIH2,VAV3,BAIAP2,MERTK,COG5,TRIM38,SLC25A17,UNC13B,KAT5,IPO7,CEBPE,ATG7,DCTN2,ANP32B,AGR2,ARFGEF1,SORBS1,RGS14,IGF2BP2,MTX2,CES1,CTCF,CLDN16,CETP,SLC12A7,KIF1C,GIPC1,TRAF3IP2,NUP50,KDM5B,SLC17A3,STARD10,CPLX2,HPSE,LILRB1,USP20,RAB10,MALT1,EHD1,AP3M2,TMED2,LMAN2,YWHAQ,TMED10,MAPRE2,COPS5,LILRB4,TLK2,KDELR2,RAB31,CPSF6,WWP2,RAPGEF4,FAF1,PKIG,PLAAT3,CORO1A,SLC2A6,PKP3,CHKA,ABCB8,HPS5,PDCD10,PACSIN2,MRAP2,SCN11A,VPS26B,LYST,SLCO2B1,CHRM3,VPS45,TMC6,SLC46A1,EXOC3,RNF13,CHRNA5,PKD1L2,BTBD9,SORCS1,OSBPL1A,OSBPL5,OSBPL8,OSBPL9,OSBPL10,C1QTNF3,CIDEA,MARCHF3,GBP5,FCHO2,RAB3C,SLC22A12,SLC26A8,CLNK,AGAP2,AGAP1,THEM4,SLC16A10,AP2S1,TMC1,AP3S1,CLCN3,BORCS5,CLCN6,CLCN7,SFXN2,PDZD8,CLU,CALHM3,TPP1,SLC36A4,SLC15A4,CLTC,CLBA1,FRMD6,CCR1,TTC8,SLC24A4,PLA2G4E,ABCC2,SNX20,SLC38A10,SLC43A2,WDR81,MIEF2,CNGA1,RINL,CNTN1,OSCP1,TBC1D20,TANGO2,ICA1L,RFTN2,UBR3,ZFAND2B,MTERF4,COMP,COPA,SLC31A2,OCIAD2,STXBP5,ADORA2A,CP,ADORA2B,CPB2,CPT1A,VPS37A,CPT1B,GPAT4,HGSNAT,NACC2,CREB1,CREBL2,CRHBP,CRHR1,TMEM37,CRY2,TRPM6,SIRPA,DCANP1,PARP1,MPP7,VTI1A,MAPK14,LDLRAD3,CSK,HNRNPA1L2,CSNK1E,CEP128,TTC7B,TTBK2,GSG1L,TOM1L2,TMC8,STARD6,ADRA1A,SLC35F3,CTBP1,CTBP2,MFSD4A,CLDN19,CTNS,CTNND1,ENTHD1,COMMD1,SLC38A11,ZNF827,CXADR,NIPAL1,PAQR3,SCFD2,FAM53A,SLC38A9,CNKSR3,NKAIN2,ABCA13,KCTD7,SLC2A7,GRK2,GRK3,VPS13B,FAM91A1,TTC39B,CYP19A1,DAB1,DAB2,C11orf65,C12orf50,TAMALIN,DGKQ,AP2A2,SYNE3,DAPK1,AP1B1,ANKFN1,DBN1,DENND1B,CNST,DCTN1,PKD1L1,SLC30A8,DHX36,KCNG3,DLG1,DLG2,DMD,DNM1,DYNC1H1,DYNC1I2,DNM2,DOCK1,DOCK2,ABAT,DPP4,DRD4,SLC26A2,AGTR1,E2F3,ECT2,ABCA1,LPAR1,EIF2D,EFNA5,EFNB2,EGF,EGFR,PLPP4,ANO6,METTL21C,EIF4E,EIF4G1,ELANE,TTC21A,TMEM201,ABCA2,CFAP221,SLC51A,GABRR3,MARK2,CEP112,TVP23C,ARHGAP27,SLC39A11,UNC13D,SPNS3,RAB12,CTTN,ENSA,TSNARE1,C9orf72,EPB41,STOM,STX2,EPS15,SLC36A1,AKT1,AKT2,ESR1,ABCA3,ALB,EXT1,EXT2,EYA2,EZH2,F2RL2,FABP4,FABP5,ACSL1,PTK2B,SLC37A2,TPCN2,FCER2,SLC16A9,SLC39A12,ARL5B,MICU2,CALHM4,FCGRT,LHFPL5,FER,FGF7,MAPK15,FGF14,GPC5,FGR,RASA3,RHOBTB3,RAB11FIP2,AAK1,LMTK2,CILK1,SLITRK3,INPP5F,TRAPPC8,DENND3,EPN2,TRAK1,CD93,RAB3GAP1,SV2C,CEP131,RIMS1,PLCH1,TMCC1,XPO7,TNIK,FNBP1,CLUAP1,GGA2,EMC1,HECW1,SWAP70,MYCBP2,FOXO1,ERC1,ZNF423,KIF1B,IQSEC2,TBC1D2B,EPB41L3,ZC3H3,FCHO1,CLCC1,SNX13,MAPK8IP3,STAB1,EFR3A,SEPTIN8,CEP68,PASK,RFTN1,CYFIP1,FAF2,MLC1,XPO6,SYNE2,NUP210,EXOC6B,PLCB1,PACS2,KATNIP,ATP11A,DENND5A,EXOC7,CLEC16A,NUP160,AGTPBP1,FBXW11,SMG6,MGRN1,BICD2,EHBP1,KIF13B,FKBP15,NEDD4L,CLASP1,SZT2,VPS39,SYNE1,SUN1,VPS8,PUM2,PIP5K1C,TMED3,GRIP1,SLC7A8,AP4E1,RHOQ,SLC44A1,ABCB10,ABCA6,LEPROTL1,MACF1,FOLR2,SCRIB,SPIDR,NNT,SLC16A8,ATP6V0A2,TSPAN15,OPN3,CORO1C,SH3BP4,PITPNB,PISD,ABCA4,ALOX5,CLDN15,ALOX12B,ATP6V1C2,MTOR,ABL1,NR5A1,FYB1,FYN,MMS22L,G6PC1,ZDHHC20,CNIH2,GAA,GABBR1,CALHM1,GABRA2,WDR72,GABRR1,SERINC5,SNX33,SLC24A2,TMEM184B,HECTD1,NIPBL,POLR1A,IFFO1,MYRIP,CLIC4,WWTR1,HEATR5A,ZNF385A,PNKD,SEC31B,IBTK,GORASP2,C2CD3,UPF2,OSBPL3,IPCEF1,CNTNAP2,DNM3,ERC2,GGA1,WIPI2,TANC2,LDLRAP1,KIFBP,GAPVD1,TRPC4AP,TRAF3IP1,ABCA12,IFT172,STEAP2,NPHP4,PITPNC1,STAP1,KLHL3,GATA3,FBXO22,SLC13A4,ARFGAP3,SERGEF,GCG,KAT2A,SLC17A5,CNNM4,CNNM3,MYOF,LATS2,GDI2,NBEA,ABL2,NPTN,GJA8,ATP2C1,LAT,UTP25,STAU2,VPS41,LAMP3,TRAPPC3,SDCBP2,SNX5,DISC1,BBS9,GCLC,RAB30,STK39,TOR1B,SGSM3,BIN1,EML4,GM2A,GNAI2,GNRHR,GOLGA4,GOT2,SFN,GP1BB,GP9,GPLD1,GPM6A,SLCO4A1,SLCO3A1,SLC25A45,CCDC88B,SLC39A5,CLEC9A,CHAMP1,SIAH3,KCNRG,SLC46A3,GSDMA,CAVIN1,SLC25A42,SLC9C2,CCDC141,UNC80,SLC9A9,CCDC66,SH3PXD2B,SLC36A3,GPR35,ANK1,XKR6,SCARA5,FFAR3,GRK4,ANK3,GRB10,GRID2,GRN,GIT1,SNX24,GRIK1,GRIK2,IFT81,RGCC,DBNL,GRIK4,TMEM230,SETD2,NR3C1,CNIH4,GRM4,GRM7,GSK3B,GSN,ZDHHC1,SNX8,SNX10,SEC61A1,SLC25A24,LRP12,MDFIC,SH3KBP1,ANXA1,ANXA2,HADH,HCK,HCLS1,HTT,HDLBP,HEXA,HEXB,KCNIP1,NRG1,EHD4,PIK3R4,ANXA6,HIF1A,HIP1,HK1,HK2,ANXA11,HLA-DRB1,HMGCR,HNRNPK,HNRNPU,APBA1,APBA2,HPS1,RAB37,AGFG1,HRH2,HSPG2,HTR2B,HTR3A,UBAC2,ICA1,ICAM3,SLCO1B7,IRF8,KCNT2,SLC10A6,IFNG,RSPH4A,IGF1R,IGF2R,APP,RILPL1,PADI6,TICAM2,IL1A,IL10,IL15,IL15RA,IL16,INHBA,AQP7,IREB2,AQP9,ITGA2,ITGAL,ITGAM,ITGAV,ITGB1,ITGB2,ITPR1,ITPR2,JAK1,JARID2,TRIM23,KCNA2,TBC1D10C,KCNB1,ATP9B,KCNC4,MIA3,KCNE1,STIMATE,NRROS,GJB7,SLC26A5,KCNJ3,KCNJ10,KCNJ15,KCNMA1,KCNN2,KCNQ1,KIF5B,KIF5C,ARF5,KPNA1,SUMO4,CC2D2B,GLTPD2,C1QTNF12,XKR5,XKR9,RHOG,LAMP1,LASP1,LCK,LCN2,LDLR,LEPR,LETM1,LGALS3,LGALS3BP,LIMK1,LIMK2,LIMS1,LIPC,MYO18A,ASIC2,LMNA,LMNB1,RAB44,SNX30,LPL,LRP1,LRP2,LRP3,LRP6,LRP5,LTBP1,LTF,LYN,MIR143,MIR145,MIR17,MIR185,MIR192,MIR199B,MIR19A,MIR19B1,MIR20A,MIR200C,MIR21,MIR302A,ARRB1,SMAD2,SMAD3,ARRB2,SMAD7,ASIC1,ARSB,MAN1A1,MAP2,MAP4,MAP6,MARK3,MB,MCC,MCL1,MEF2A,MEF2C,MGAT3,MIA2,MID1,ATXN3,MKLN1,AFDN,TRPM1,ABCC1,SLC22A20P,CCDC88C,UNC13C,TRIM67,MAP1LC3C,CALHM6,MYO1B,MSR1,MUC2,MYB,MYH10,MYLK,MYO1C,MYO1D,MYO1E,MYO5A,MYO6,MYO7B,PPP1R12A,NACA,NASP,NBL1,NUBP1,NCBP1,NCF2,NCF4,NEDD4,SEPTIN2,NEDD9,NEK2,NEO1,NEUROG1,NF1,NFKB1,ACO1,NGFR,NKG7,NNAT,NOS3,NOTCH1,FXYD2,NPC1,NPPA,ATP2A2,ATP2A3,NRCAM,ATP2B2,NUMA1,NUP88,ATP2B4,NVL,TIFAB,OLR1,OPA1,OPRM1,SLC22A18,OSM,P2RX1,P2RX3,P2RX4,P2RX7,P2RY6,P4HB,FURIN,PCSK6,MINK1,CHST11,ITSN2,PAK2,ANO7,PALM,PNPLA8,PRKN,PARN,ASAP1,IMPG2,SLC35C2,PAM16,ZBTB7B,PLEKHA8P1,PCK2,PLLP,SIDT2,SH3GLB1,ASB3,PCNT,VPS28,LEF1,IPO11,PLCE1,NIN,PCSK1,GLTP,PCSK5,MARCHF2,ERGIC2,CD320,BPIFA1,ZDHHC3,SLC25A37,UBR5,ATP6V1D,TRAPPC4,BIN2,PDE4B,PRKAG2,PDE4D,GULP1,LIMA1,ANKFY1,NCKIPSD,VTA1,VPS54,PDGFB,ACKR4,PEX5L,RAB6B,LARP7,NBAS,ATP6V1H,RTRAF,MPC1,SUFU,PDPK1,CAB39,RAPGEF6,RAB8B,INPP5K,TM7SF3,PEX1,PEX7,PEX14,ATP8B1,PFKFB2,ATP6V1B2,ATP6V1C1,PIK3C3,PIK3CB,PIK3CG,PIK3R1,PI4KB,PIP4K2A,PITPNA,PKHD1,PKP2,PLA2G4A,ATP6V0B,PLCB2,PLCB4,PLCD1,PLCG1,PLCG2,TPCN1,PLEC,FXYD1,FXYD3,PLN,PLP2,PLXNA2,PML,FXYD4,TRIM34,EXOSC10,SLC37A1,TLR9,SEPTIN5,SEPTIN4,KCNK10,YIPF1,SSH1,RIN2,PON3,MIOS,TOLLIP,HEATR5B,CCHCR1,EXOC6,PPARA,PPARD,CROT,PPARG,PPBP,LEPROT,CTSA,CNNM2,AHI1,AFTPH,NDE1,BSPRY,SYTL2,DEF8,FNBP1L,NSUN2,SLC66A1,PXK,CMTM6,PPM1A,OCIAD1,ODR4,BANP,PLAAT2,PINX1,TESC,TMCO3,MCUB,PID1,NOL8,CCDC40,EPN3,VPS37C,NRDE2,ZWILCH,WIPI1,ATG2B,PLEKHJ1,DYNC2I1,ARHGAP17,SLC6A15,CEP192,ANO10,PPP1R10,LRRC8D,ZDHHC4,TMEM38B,SHQ1,TBCCD1,VPS13D,APPL2,GOLPH3L,SLC38A7,PACC1,VPS53,FBXW7,CCDC91,PPP3CA,PPP3CC,LAPTM4B,PPT1,SIRPG,PIP4P2,STAB2,ITLN1,VPS50,ZDHHC7,PRKAA2,SLC39A4,CHD7,FLVCR2,LYAR,RAB20,SLC48A1,PRKACA,NPLOC4,DENND4C,MFN1,PEX26,IWS1,SCYL2,MREG,PKIA,FRMD4A,VAC14,CCDC88A,IPO9,NECAP2,LMBR1L,SLF2,CEP72,PRKAR1A,PRKAR1B,EXOC2,PRKCB,CACNA2D3,DCP1A,PRKCE,PRKCH,EMC3,PRKCI,TEX2,PRKCZ,BIN3,ERBIN,RCC2,MYO5C,MAPK1,BCAP29,MAPK8,MAP2K1,MAP2K2,TEX14,PRL,ANKH,PRLR,MEPCE,LRRC8A,WDR45B,PARD3,KCNQ5,PRSS8,AZU1,PSAP,SLC2A9,PSEN2,JPH1,RETN,FMN2,SPHK2,TMEM167B,SPIRE1,NCLN,MFF,CDC42SE2,SLC12A9,VPS35L,PLSCR3,KNL1,PARP11,ANO2,C12orf4,PNPLA2,RAB25,CAMK1D,CD177,RHBG,RTN4,LDAF1,SCYL3,SLC44A2,SMURF1,TMEM63C,NIPAL3,ATP10A,ATP8B2,ATP10D,SLC45A4,TTC7A,ERGIC1,SNX14,PTEN,SLC4A10,PTGER3,SLC24A3,PTGS2,PTK2,GRAMD1B,HECW2,TBC1D14,MIB1,SORCS2,WDR35,MICAL3,KIF17,ARHGAP21,RIC1,USP36,PITPNM2,RELCH,VPS18,SHROOM3,STIM2,GRAMD1A,RNF213,PTPN1,DENND1A,EPG5,PTPN3,MARK4,RAB40C,PTPN9,PTPN11,G6PC2,SLC4A5,PTPN14,PTPRC,PTPRJ,PTPRK,PTPRM,PTPRN2,NECTIN1,NECTIN2,CXCL16,PEX2,PEX5,TP53INP2,EPS15L1,RRAGD,RAB5B,MAP4K2,RAB27A,RAC2,RAD21,RAF1,RALB,RAP1B,RAP1GDS1,RAPSN,RARA,RB1,TRPV4,RBP4,RCVRN,BCL2,UPF1,BCL2L1,TRIM27,RFX3,BCL3,BCL6,EXOC4,BACH2,CYB5RL,BCR,RRBP1,RXRA,RYR1,RYR3,SORT1,S100A6,S100A9,S100A10,S100A13,SAG,CELA2A,ATXN1,SCN1A,SCN2B,SCN8A,SCNN1A,CEACAM1,SCP2,CCL3,BICD1,BID,UBE2O,PIEZO2,NAPB,SLC17A9,NECAB3,SEC14L1,KIF13A,TRAPPC2,MYO1G,SELE,CDH23,SLC28A3,GOLPH3,NOD2,RBSN,P3H1,DNAJC1,RAB17,SRSF7,SIL1,PALS1,SFTPD,WIPF3,SGK1,SGTA,ITSN1,ARRDC5,SH3GL1,CLEC7A,FABP12,MFSD1,SMYD3,CREB3L2,ILRUN,MICAL1,NIBAN2,NDRG4,SLC1A2,VPS33A,UPF3A,SLC1A7,WNK1,SLC2A1,SLC2A4,SLC2A5,NADK,SLC5A2,MPPE1,SLC5A3,SLC6A6,SLC6A9,SLC7A1,SLC8A1,SLC9A2,SLC9A3,SLC11A1,SLC12A3,SLC34A1,SLC18A2,SLC20A1,SLC20A2,SLIT1,AACS,TRAK2,MTMR9,SNCA,SNCG,SNTA1,SNX1,SNX2,SOD1,SORL1,DST,SP100,SPG7,SPI1,SPTBN1,SRC,SREBF1,SREBF2,SRP9,BRAF,SSR2,STAC,ZFP36L1,STAT3,STAT5B,STIM1,STK3,STK4,BSG,SURF4,VAMP1,SYK,SYN2,SYT1,MIR613,TCF7L2,TMBIM6,TERF2,TG,TGFB1,TGFBI,TGFBR2,TGM2,THBS1,TSPO,TIAM1,SEC62,GPR137B,TRAPPC10,TNFAIP3,TNFAIP6,TNFRSF1A,TNFRSF1B,TPD52,C2,TPR,TPT1,TRPM2,TSG101,EIPR1,TTN,TULP1,TULP2,CCR2,UBE2D3,UBE2L3,UCP3,UGCG,UQCRFS1,UTRN,UVRAG,VAV2,VCL,VDAC1,WFS1,NSD2,WRN,XRCC4,XRCC5,YWHAG,YWHAH,YWHAZ,ZFP36,PTTG1IP,TMEM50B,CA2,CA7,ZBTB16,CACNA1A,CACNA1C,CACNA1D,ZP3,LAPTM5,TVP23A,CACNA2D1,EVI5,CACNB1,CACNB2,ALMS1,TUBA1A,PAX8,CACNB4,MAPKAPK3,USP7,RAB7A,KCNAB1,AHNAK,NABP2,FTO,TRAPPC6A,DERL1,FKRP,GNPTAB,BAG6,NOX5,FYCO1,TMEM231,TCTN1,TANGO6,SH3TC2,MCPH1,RHBDF2,DYNC2H1,ZDHHC14,AAGAB,VPS37B,SLC25A22,MCTP1,CLMN,GSDMD,TTC21B,RABEP2,UBA5,RIN3,ATP8B4,PRR5L,CYBRD1,SPEF2,SLC35E1,DENND1C,WLS,SLC8B1,TRPM3,CALM1,VCPIP1,NR4A3,MOGAT2,RUBCNL,CEP290,NUP214,RAB11FIP1,ORAI2,PHAF1,STAM,CDK5RAP3,CUBN,FER1L4,NCOA4,DNAJC5,CSRP3,SLC19A3,TTYH3,NDFIP1,EEPD1,DUSP16,APOL6,APOL3,FXR1,ACTN4,SLC25A32,COLEC12,CALR,ANP32A,SLC7A5,HM13,SLC38A1,ANKRD13C,APOLD1,SNX27,VMP1,CAMK2D,SLCO5A1,CAMK2G,NRIP1,CANX,CLTCL1,SYN3,CAPN1,CAPN3,DYSF,COLQ,PICALM,AXIN1,PITPNM3,ODAD4,COG3,RASSF5,SESN2,TRAPPC9,ATG10,ITCH,RBP5,FRMD8,MAD1L1,TBC1D10A,STARD3NL,IMMP2L,SLC4A11,NCALD,ADGRV1,DTNBP1,FHIP1B,MYCBPAP,ANKRD27,ULK1,SLC41A2,EEA1,SLC7A6OS,STX7,LRRC8C,ZDHHC18,SLF1,SGIP1,YIPF4,SLC25A33,VPS25,HVCN1,COG8,HPS3,SOAT2,HOOK3,RAB11FIP4,LZTS2,SYVN1,CASQ2,SPIRE2,CUL3,SLC12A8,CASR,DGAT2,PSRC1,UNC119B,CRACR2A,LMNB2,SFT2D3,ADTRP,AGBL4,ORAI1,MFSD2A,TMEM87B,SLC49A4,SERAC1,CGNL1,UBASH3B,MFSD5,DISP1,PPFIA2,PPFIA1,SLC43A1,CNTNAP1,KCNAB2,ITGA8,DGKD,ABCC11,MYLK2,MICALL1,SLC45A3,APOL1,STON2,CEP295,CAV1,CASK,SCARF1,SLC25A12,KLF7,PLPP3,STC2,CADPS,DCHS1,KCNK5,NCOA1,TNKS,SLC4A4,STX11,BECN1,PEA15,MARCO,ABCC3,MBTPS1,GBF1,MYOM1,ADAM9,CDS2,NAPA,TNFRSF11A,NRP1,SYNGAP1,CD84,SOCS2,HDAC3,ANKRD13A,KAT2B,NR1I2,CCKBR,SYNJ2,SLC5A6,MCM3AP,MTMR2,CPNE1,AP1M1,HERC2,FUBP3,HPS4,ATG16L2,PLOD3,MVB12B,PLCZ1,STBD1,SLC25A21,ATP6V0E1,KALRN,SYT8,PHLDB2,TSPAN18,SYS1,SNX21,SPAG9,AIP,PSTPIP1,MAP7,MCU,SLC7A7,SLC7A6,CLDN10,PIP4P1,USP8,LATS1,SEC22C,SLC16A5,SLC16A3,SLC39A13,RNF185,SYNGR1,PKDCC,RSAD2,YTHDC1,RFT1,SLC24A1,CD247,COG7,DCLK1,LGI1,LARGE1,VAPB,VAPA,RCSD1,GCNT3,MFHAS1,PDLIM7,MAPKAPK2,CYTH1,ITGB1BP1,DNER,CD9,NEURL3,CD22,CD163,SLC22A6,CACNA2D4,RAB28,NHERF1,KIF3B,PLAA,TM9SF2,NRXN1,NRXN2,OTOF,COG1,SFXN1,SFXN5,ORMDL3,SYTL3,TJP2,KCNK6,GSTO1,EIF2AK3,HOMER2,PICK1,AKAP6,ATG5,CD36,STX8,SLC4A8,SCARB2,MAGED1,RPH3AL,CD38,GOSR1,TMEM59,MACROH2A1,CEP41,CLOCK,PREPL,VPS9D1,RAB36,NCOR2,ABCG1,NUP155,SEC24C,PPM1F,GCC2,IPO13,FAM53B,CD68,CLINT1,NUP93,RAPGEF2,EDEM1,TRAM2,RIMS2,USP6NL,NOS1AP,TMEM63A,RAB11FIP3,IFT140,CLSTN3,CD81,RIPOR2,CD151,ATG13,TBC1D5,PIEZO1,KIAA0586,GIT2,DNAJC6,TESPA1,PLEKHM1,ELMO1,GAB2,C2CD5,MAGI2,LRBA,FCHSD2,TLK1,TBC1D4,MRC2,KLHL21,RABGAP1L,ATP2C2,SEC16A,KIF14,CD302,ARHGAP25,MVP,SLC23A2,NR1H4,NUP153,DOP1B,CDH1,SLC12A6","Sputum_Mixed granulocytic"
"BP","regulation of cell morphogenesis",247,117,0.000303811480942008,0.040610659370154,"PLXNC1,DLC1,CFDP1,BAIAP2,SEMA4D,CDC42EP3,CDC42EP1,CORO1A,LARP4,FMNL2,ARAP1,PDZD8,FGD4,CSF1R,CPNE9,CUX1,SH3D19,PRAG1,SYNE3,DBN1,DHX36,DLG1,LPAR1,AGO4,EFNA5,MARK2,PTK2B,FGD1,FGR,RIMS1,PLXND1,EPB41L3,KANK1,CYFIP1,CUX2,NEDD4L,GRIP1,RHOQ,MACF1,CDC42EP4,CORO1C,PLXNB2,FYN,STAU2,GNA12,ARHGAP35,PARVB,SH3KBP1,ANXA1,HCK,HEXB,ARPIN,ITGB2,SLC26A5,RHOG,MIR21,MKLN1,MPL,PALM2AKAP2,MYH10,ITSN2,PALM,PRKN,PLEKHO1,BCL11A,PLXNA1,PLXNA2,PLXNB1,ZRANB1,PHIP,TBCCD1,PARVA,FGD6,ARHGAP15,PRKDC,CDC42SE2,SMURF1,ATP10A,STRIP2,PTK2,SHROOM3,CPNE5,PTPRD,RASA1,RREB1,CCL3,CCL13,SEMA4A,SPARC,SPTA1,SRC,CDKL5,SYT1,TIAM1,FMNL1,MYH14,CAPZB,ANKRD27,RASAL1,NTNG2,MFSD2A,STRIP1,ARHGEF7,FGD3,LIMD1,SPAG9,FMNL3,MAP3K13,ZMYM4,ZMYM6,CPNE6,ARHGAP18,NHERF1,PLAA,CD44,RIMS2,WDR1,SLC23A2","Sputum_Mixed granulocytic"
"BP","regulation of lymphocyte differentiation",211,88,0.00030854979676075,0.0409699934277122,"ADA,RASGRP1,BTN2A2,KAT5,MALT1,SPINK5,LILRB4,DUSP10,NLRP3,PGLYRP2,PIK3R6,RC3H1,CTLA4,NFAM1,FANCA,TMEM131L,ABL1,GATA3,KAT2A,GLI2,ANXA1,HLA-DRA,HLA-DRB1,HLX,IFNG,IL7R,IL10,IL15,IL15RA,INHBA,INPP5D,IRF4,ITPKB,JAK3,LAG3,RHOH,MIR21,MIR17HG,SMAD7,ZBTB7B,LEF1,TLR9,SASH3,PBRM1,AMBRA1,PRKCZ,PRKDC,CRTAM,SLAMF8,ZMIZ1,ARID1B,SH3RF1,PTPRC,RARA,BCL6,VSIR,KLHL25,SHB,SMARCA2,SMARCA4,SMARCC1,SMARCD1,SMARCD2,SOD1,SOS1,SOX12,SPI1,BRAF,ZFP36L1,STAT5B,SYK,TCF7,TGFBR2,CCR2,ZBTB16,NDFIP1,CARD11,RUNX1,RUNX3,CBFB,IL1RL2,VNN1,PGLYRP1,TNFSF18,CD83,CD27,CD80,CD86,TOX,TESPA1","Sputum_Mixed granulocytic"
"BP","response to organonitrogen compound",1056,379,0.000310105565462353,0.0409699934277122,"ADA,ABCC9,AKAP9,TRIM13,RAMP3,NOD1,RAPGEF3,PRMT5,BAIAP2,NCOA2,SORBS1,ERLIN1,TRIM16,CES1,RAB10,RAB31,FAF1,IRAK3,CHRM2,CHRM3,CHUK,OSBPL8,SLC22A12,AP3S1,SLC24A4,CNR2,COL3A1,COL4A1,COL16A1,ADORA2A,CPT1A,CREB1,CRHBP,CRHR1,CRY2,PARP1,MAPK14,SESN3,CSK,AANAT,SLC38A9,CYP1B1,BMT2,GRK2,ADSS2,DGKQ,DHX15,DHFR,DNMT3A,ABAT,AGRP,DRD4,AGTR1,ABCA1,EGFR,AHR,EIF2S1,UBR1,STT3B,AKT1,AKT2,ALAD,EXT1,EZH2,PTK2B,SDK1,FDX1,FER,NLRP1,ATF6,TNIK,FOXO1,LPIN1,KANK1,CYFIP1,FAF2,SIK2,PLCB1,LARP1,RHOQ,LEPROTL1,FOLR2,SPIDR,FOS,SH3BP4,ALK,MTOR,ALPL,ABL1,NR5A1,FUT7,FYN,GAB1,KBTBD2,GCG,GCNT1,RGS17,GDF10,AMFR,SNX5,SESN1,GCLC,GNA15,GNAI2,GNAI3,GNAQ,GNB1,GNRHR,GPD1,GPLD1,GPR21,FFAR3,GRB10,RAPGEF1,SETD2,GSK3B,USP25,ANXA1,HADHA,HADH,HNRNPD,HRH1,HRH2,HTR2B,HTR3A,HTR7,UBAC2,ICAM1,IDE,IGF1R,APP,CASTOR3P,IL1A,IL10,INHBA,AQP9,ITGA2,ITGB1,ITGB2,ITPR1,ITPR2,JAK1,JAK3,KCNB1,MIA3,KCNE1,KCNQ1,C1QTNF12,LDLR,RAB44,LPL,LRP1,LRP6,LRP5,LTA4H,LYN,MIR140,MIR143,MIR145,MIR195,MIR20A,MIR200C,MIR302A,MIR92A1,ARRB2,ASIC1,MAN1A1,MAX,MEF2C,ATXN3,MMP2,ABCC1,MYO1C,MYO5A,NCK1,NFKB1,NGFR,NNMT,NOTCH1,NPC1,NR4A2,ATP2B4,OPRM1,P2RX1,P2RX3,P2RX4,P2RX7,P2RY6,RRM2B,PALM,REG3A,PRKN,ZBTB7B,PCK2,PCSK1,PDE2A,PDE3B,PDE4B,PDK4,PDPK1,INPP5K,PFKFB1,PIK3CG,PIK3R1,PIP4K2A,PKLR,PKM,BCL11A,TLR9,GPR173,GNG2,SSH1,XRN1,PPARA,CRLS1,PPARG,LEPROT,PID1,PHIP,TMEM38B,APPL2,RNF121,PPP3CA,RNLS,NAGK,ZDHHC7,PRKACA,NPLOC4,DENND4C,PRKAR1A,UGGT2,INAVA,PRKCA,PRKCB,PRKCE,PRKCI,PRKCZ,PRKDC,ERBIN,MAPK1,MAPK13,PDGFC,RETN,PDXP,AGTRAP,MAN1C1,RHBDD2,PTGS2,PTK2,ARID1B,RPTOR,STAMBPL1,PTPN1,PTPN11,PTPRA,PTPRE,PXN,RRAGD,LY6G6D,RAF1,RAP1B,RAP1GDS1,RB1,HRH4,TRPV4,BCL2,BCL2L1,RGS10,RPE65,RYR1,RYR3,SORT1,CELA2A,SCNN1A,CEACAM1,GOLPH3,BLM,NOD2,ZNF106,SGTA,SLC1A2,SLC2A1,SLC2A4,SLC8A1,BMP7,SLC34A1,SLC18A2,SMARCC1,SNCA,SORL1,SOS1,SRC,SRD5A2,SREBF1,SREBF2,BRAF,ZFP36L1,STAT3,STAT5B,BSG,SYK,TCF12,TMBIM6,TEK,TGFB1,TGFBR3,TGM2,TSPO,TIAM1,TNFAIP3,TOP2B,TP73,TRPM2,TSHR,TYMS,UCP3,VIM,WFS1,WT1,YWHAG,CA2,CACNA1A,CACNA2D1,CACNB1,RNF103,TUBA1A,DERL1,BAG6,NR4A3,EDEM3,PDGFD,CPEB4,PNPLA3,SEL1L2,CSRP3,CALR,SLC7A5,HM13,CANX,GUCD1,SESN2,CASP6,CASP7,DTNBP1,BCAR3,PPP1R1B,SLC25A33,SYVN1,CASQ2,CUL3,CASR,KLF11,CAT,GPT2,ADTRP,KLHL22,CAV1,STC2,NCOA1,TNFSF10,CBS,FADD,TNFRSF11A,SOCS2,CFLAR,KAT2B,KYNU,USP13,UMODL1,RNF185,LARGE1,CD9,NHERF1,RECQL5,HOMER2,AKAP6,CD36,NCOR2,ZNF592,LPIN2,CD68,RAPGEF2,EDEM1,HDAC9,CD81,CDA,C2CD5,TBC1D4,NR1H4,CDH1","Sputum_Mixed granulocytic"
"MF","phosphatidylinositol binding",276,123,0.000319873186504609,0.0418145263875611,"PIGK,C8orf44-SGK3,IQGAP2,ADAP1,NISCH,NLRP3,OSBPL5,OSBPL8,FCHO2,ARAP2,ARAP1,PLA2G4E,SNX20,PIGU,CLVS2,FRMPD2,TOM1L2,COMMD1,VPS13B,CLVS1,DENND1B,DEFB4A,EPB41,AKT1,TPCN2,FCGR3B,WDFY3,GGA2,SNX13,ZCCHC14,PASK,PLCB1,EXOC7,ZFYVE26,PHLDA3,SGK3,PITPNB,SNX33,GGA1,WIPI2,LDLRAP1,PITPNC1,PLEK2,SDCBP2,SNX5,GSDMA,RUFY4,SH3PXD2B,SNX24,GSN,SNX8,SNX10,ANXA2,HIP1,ITPR1,ITPR2,KCNQ1,SNX30,MYO1B,MYO1E,NCF4,NUMA1,ASAP1,ANKFY1,PIK3C2B,PIK3C2G,PITPNA,PLA2G4A,PLCD1,TPCN1,PLEKHA5,BCAS3,SYTL2,PXK,PLEKHB2,WIPI1,ATG2B,APPL2,GOLPH3L,LAPTM4B,MREG,CCDC88A,ADAP2,WDR45B,PARD3,SNX14,WDFY1,PITPNM2,PHF12,PLEKHA4,DENND1A,ZFYVE28,MYO1G,GOLPH3,ARHGAP9,MPPE1,NCF1C,SLC9A3,SNX1,SNX2,SVIL,SYT1,TLN1,TULP1,MAPKAP1,GSDMD,DENND1C,RUBCNL,STAM,SNX27,SBF2,CAPG,PICALM,EEA1,ZFYVE19,GBF1,IQGAP1,PLCZ1,SNX21,SNX29,RCSD1,SH3PXD2A,ARHGAP32,GAB2,FCHSD2","Sputum_Mixed granulocytic"
"BP","regulation of signaling",3489,1176,0.000320178119672401,0.0418145263875611,"ADA,AKT3,TANK,PDCD6,BCL2L11,RANBP9,MICOS10-NBL1,C8orf44-SGK3,DNM1L,GPC6,HIPK3,RASGRP1,TRAP1,FAM13A,LPAR6,SORBS3,ADAM10,TRIM13,DENND4A,RAMP1,RAMP3,NET1,PAK4,ADAR,CDKN2B,TNIP1,CCL26,BTN2A2,NOD1,DLC1,RACK1,RAPGEF3,PRMT5,VAV3,TAB1,GPNMB,BAIAP2,ZNHIT1,TRIM38,UNC13B,SEMA4D,AGR2,ARFGEF1,SORBS1,STAMBP,IVNS1ABP,TRIM16,RGS14,GIPC1,TRAF3IP2,KDM5B,ZMYND11,NEK6,CPLX2,FRS2,HPSE,USP20,NMU,MALT1,TMED2,MAPRE2,KCNQ1OT1,COPS5,LILRB4,RIPK3,WWP2,RAPGEF4,ESM1,CIT,FAF1,FSTL1,WIF1,IRAK3,AKAP13,DUSP10,PDCD10,CHN2,PADI2,PACSIN2,MRAP2,TP53RK,CHRM2,CHRM3,RNF13,MGLL,CHRNA5,NLRP3,CHUK,BTBD9,OSBPL8,C1QTNF3,CIDEA,C1QTNF4,KCTD12,GBP5,LRG1,ARAP1,TAGAP,RFFL,C10orf71,CLU,SLC15A4,FGD4,SPPL3,FRMD6,CCR1,SLC24A4,CMKLR1,TBC1D16,CNR2,COL3A1,IQGAP3,PIGU,TRABD2A,ZFAND2B,OCIAD2,STXBP5,ADORA2A,ADORA2B,CPT1A,NACC2,CREB1,ATF6B,CRHBP,CRHR1,NEK7,CRY2,SIRPA,PARP1,MAPK14,CSF1R,SESN3,CSK,CSNK1E,ARMH4,CSNK2B,GSG1L,PIK3R6,TMC8,ADRA1A,CTBP2,RC3H1,CTNS,CTNND1,NFAM1,CCNYL1,CTSH,GLIPR2,CX3CR1,PAQR3,SLC38A9,PLEKHG4B,CYLD,CNKSR3,CYP1B1,BMT2,GRK2,GRK3,PRAG1,CYP19A1,DAB1,DAB2,CD55,DGKG,DGKQ,DAPK1,DBN1,DEDD2,DCN,APCDD1L,DHX15,ZNF366,SLC30A8,TMEM64,DHX36,DLG1,DNM1,DOCK2,DOCK3,ABAT,DRD4,RCAN1,DUSP3,DUSP4,AGTR1,DYRK1A,GPR183,ECE1,ECT2,ABCA1,LPAR1,EFNA5,EGF,EGFR,UBR1,NLRC3,EIF4E,ELANE,ELF1,SPRED2,ARHGAP27,CTTN,CCDC125,ENO1,ENSA,C9orf72,HIPK1,DIPK2A,EPS15,AKT1,ERN1,ESR1,MECOM,EYA1,EYA2,EYA3,EZH2,F2RL2,FABP5,FANCA,PTK2B,FBLN1,UNC5B,CCNY,RTKN2,UCMA,SPATA13,MTURN,ADGRG3,SCUBE3,FER,FGD1,GPC5,FGFR2,FGR,RASA3,DLGAP4,AAK1,CHSY1,INPP5F,DENND3,CARD8,EPN2,ATF6,RAB3GAP1,SORCS3,SV2C,RIMS1,MAPKBP1,FAIM2,CNOT1,TNIK,HECW1,SWAP70,FOXO1,KDM4C,ERC1,ZNF423,ARHGAP26,SIPA1L3,IQSEC2,FSTL4,RAP1GAP2,SPART,TAB2,ZC3H3,GRAMD4,NCDN,SNX13,MAPK8IP3,PASK,KANK1,CYFIP1,FLT1,PLCL2,ARHGEF9,SIK2,PLCB1,PHLPP1,TMEM131L,CAMTA1,CLEC16A,FBXW11,MGRN1,CUX2,SASH1,SZT2,SYNE1,PSD3,PUM2,SIK3,LEPROTL1,MACF1,DAAM2,SCRIB,ARHGAP45,PIK3R5,PSD4,TSPAN15,DAPK2,PHLDA3,SH3BP4,SGK3,ALK,ALOX5,ALOX12B,ATP6V1C2,MTOR,ABL1,FUT7,FYN,YTHDF3,CNIH2,GABBR1,GABRR1,SLC24A2,DSTYK,NGEF,RNF19A,SGMS1,MYRIP,WWTR1,SAMHD1,ZNF385A,PNKD,KANK2,C2CD3,PLEKHG3,PPP1R16B,AUTS2,ANKRD17,ERC2,LRRC32,ABCA12,NOC2L,IFT172,RGS22,NPHP4,STAP1,TIAM2,GATA3,FBXO8,GCG,NUPR1,KAT2A,MYOF,GCNT2,LATS2,RGS17,AMFR,GFI1,CYFIP2,ABL2,NPTN,ATP2C1,STAU2,FOXP1,CYTH4,SNX5,DISC1,SESN1,GCLC,BMP10,RBMS3,P2RY10,GLG1,STK39,SGSM3,GNA12,GNAI2,GNAQ,GNG7,GPLD1,GPR17,LAMA1,CXCL17,GPR21,RNF149,NKIRAS1,C3orf33,GPR35,GPR37,SCAI,FFAR3,GRK4,GRK5,GRK6,GRB10,GRID2,GIT1,GRIK1,GRIK2,IFT81,HIPK2,ABR,GRIK4,ARHGAP35,TBK1,GRM4,GRM7,GRM8,GSK3B,TMOD2,GUCY1A1,MDFIC,SCHIP1,ANXA1,ANXA2,HADH,HCLS1,HTT,NRG1,HIC1,HIF1A,HIP1,HLA-DRB1,HMGCR,HNRNPK,APBA1,APBA2,HRH1,NDST1,HTR2B,UBAC2,ICAM1,STING1,SH3RF3,LRIT3,IFNAR2,IFNG,TUBB2B,IGF1R,GEN1,IGFBP7,APP,RBPJ,CASTOR3P,TICAM2,FAS,IL1A,IL1R1,IL6R,IL7R,IL10,INHBA,INPP5A,INPP5D,ITGA6,IRAK2,IRF4,IRF7,ITGA1,ITGA5,ITGAV,ITGB1,ITPKB,ITPR1,JAK3,TBC1D10C,KCNB1,KIF7,STIMATE,NRROS,KCNJ10,KIF5B,ARG1,KPNA1,SUMO4,SCIMP,CCL4L1,C1QTNF12,NOTCH2NLA,GFRAL,LAMA2,LAMB1,LCK,LDLR,LFNG,LGALS1,LGALS3,ARHGDIB,LIMS1,RHOH,LMNA,LMO7,LRP1,LRP2,LRP5,LTBP1,LTF,CD180,LYN,MIRLET7B,MIR140,MIR143,MIR145,MIR17,MIR18A,MIR185,MIR195,MIR19A,MIR19B1,MIR20A,MIR200C,MIR21,MIR214,MIR92A1,ARRB1,SMAD2,SMAD3,ARRB2,SMAD6,SMAD7,ASIC1,MARK3,MCC,MCL1,MEF2C,MEFV,MAP3K5,MGAT5,MID1,ATXN3,KMT2A,MLLT3,MME,MMP8,IQSEC3,CCDC88C,EIF2AK4,UNC13C,TRIM67,MIR302C,MUC4,MYB,MYO1C,MYO9B,ATF3,NBL1,NCK1,NEDD4,NEO1,NF1,NFKB1,NGFR,NINJ1,NNAT,NOS3,CNOT2,NOTCH1,NOTCH2,NPC1,NPPA,ATP2A2,ROR1,NTS,NUMA1,NR4A2,ATP2B4,TIFAB,OPA1,OPRM1,OSM,P2RX1,P2RX3,P2RX4,P2RX7,P2RY6,P4HB,PEBP1,FURIN,PCSK6,RRM2B,MINK1,CHST11,PRDX1,PAK2,PALM,ARHGEF3,PRKN,PAWR,PDE11A,SLC35C2,ZBTB7B,PCK2,SIDT2,LEF1,PLCE1,CRIM1,SHISA5,ZDHHC3,WAC,TAOK3,UBR5,PDE2A,PDE3B,PDE4A,PDE4B,PDE4D,PDE9A,CXXC5,ZC3HC1,PDGFA,PDGFB,PEX5L,HDAC7,CYRIB,SUFU,PDPK1,NLK,WWOX,RAB8B,INPP5K,TM7SF3,MAP3K20,PFDN5,PFKFB2,CDK14,PHB1,PIK3CB,PIK3CG,PIK3R1,PIP4K2A,PKHD1,PLAT,PLAUR,PLCL1,UBASH3A,PLCG1,PLCG2,PLXNB1,PML,TRIM34,TSPEAR,TLR9,SEPTIN5,SEPTIN4,ERRFI1,SSH1,MIOS,RBM47,RHOF,PPARA,PPARG,LEPROT,ZRANB1,EPS8L1,RNF43,PXK,LAX1,MKS1,PPM1A,OCIAD1,ADISSP,PPP1CA,PID1,PHIP,BANK1,USP47,ARHGAP17,PPP1R10,ARHGEF10L,TMEM33,PPP2R1A,RNF220,PPP2R1B,APPL2,PLEKHG6,ELP2,ASXL2,UBE2W,FBXW7,PPP3CA,PPP3CC,LGR4,PRCP,NAGK,DDX60,CDKN2AIP,ZDHHC7,PRKAA2,CHD7,PRKACA,NPLOC4,DENND4C,LIMS2,SCYL2,CCDC88A,LMBR1L,PRKAR1A,PRKAR1B,INTS9,INAVA,PRKAR2B,PRKCA,PRKCB,PRKCE,PRKCH,PRKCI,WWC3,ARHGAP15,ASH1L,LMO3,PRKCZ,ERBIN,MAPK1,SULF2,MAPK8,PDGFC,MAP2K1,MAP2K2,MAP2K5,PRL,PRLR,LRRC8A,TRIM39,RETN,SPHK2,CELF4,NCLN,SPPL2B,PMEPA1,DUSP22,SMYD2,RGMA,PRDM11,CDC42SE2,CTNNBIP1,KNL1,CASS4,CD177,RTN4,RALGAPB,SLC44A2,SMURF1,PELI2,PELI1,ZMIZ1,RALGAPA2,SNX14,PTEN,SLC4A10,PBXIP1,PTGS2,MIR497,MIR520C,BIRC6,PTK2,PLEKHG1,ARHGAP31,RPTOR,PTK6,SORCS2,SEMA6A,STAMBPL1,SIPA1L2,ARHGAP20,PREX1,ARHGAP21,WDFY1,BEGAIN,FNIP2,TSHZ3,VPS18,SH3RF1,PLEKHA4,RNF213,CHD8,PTPN1,DENND1A,ZFYVE28,PTPN3,MARK4,PTPN11,G6PC2,PTPN13,PTPRA,PTPRC,PTPRD,PTPRE,PTPRJ,PTPRO,NECTIN2,PXN,ARHGAP22,CACTIN,RRAGD,MAP4K2,RAF1,RALB,ACTA2,RAP1B,RAP1GAP,RAP1GDS1,RAPSN,RARA,RASGRF1,RB1,HRH4,TRPV4,LGR6,RBP4,BCL2,BCL2L1,RFX3,RGS3,RGS10,RGS12,RGS13,RHEB,BCL3,AVPI1,BCL6,ROBO1,RORA,BCR,RPS3,RPS6KA1,RXRA,S100A4,S100A9,S100A13,SAG,CELA2A,CEACAM1,CCL3,CCL13,BICD1,CCL18,CCL22,BID,UBE2O,SEC14L1,PRDM16,SECTM1,GOLPH3,NOD2,MAP2K4,ARHGEF28,ARHGAP9,NXN,PALS1,RGS18,SGK1,ITSN1,CLEC7A,SIAH1,SIAH2,CRTC3,DEPTOR,MARCHF7,NIBAN2,RASAL3,SIPA1,SKI,NDRG4,SKP2,SLA,WNK1,SLC2A4,NADK,SLC6A6,SLC6A9,BMP7,SLC20A1,BMPR1B,SLIT3,BMPR2,SMARCA4,PHACTR4,AACS,SNCA,SNCG,SOD1,SORL1,SOS1,SP100,SPI1,SPTBN1,SRC,SREBF1,SREBF2,BRAF,DENND2B,STAT3,STK3,STK4,CDKL5,SYK,SYT1,ADAM17,TBL1X,TCF7L2,TMBIM6,TEK,TGFA,TGFB1,TGFBR1,TGFBR2,TGFBR3,TGM2,THBS1,TSPO,THRA,THRB,TIAM1,TIMP3,TLE1,TLE2,TLE4,GPR137B,TNFAIP3,TNFAIP6,TNFRSF1A,TNXB,TP73,TPD52L1,TPR,TPT1,TRAF1,TRAF2,TRAF3,TRAF5,TRAF6,TRIO,TSG101,EIPR1,CCR2,TXK,MOSMO,ACOD1,RFX8,UBE2D3,UBE2V1,UGCG,VAV2,VRK2,VWF,WFS1,XRCC3,LDLRAD4,YWHAG,YWHAH,YWHAZ,PTTG1IP,CA2,CA7,RELL1,CACNA1A,LAPTM5,PXDN,PAX8,CACNB4,USP7,RAB7A,PVRIG,MAPKAP1,EPS8L3,TCTN1,RNASEH2B,SH3TC2,RHBDF2,TMEM204,ARHGAP10,DYNC2H1,NLRX1,LRRK1,TBL1XR1,SLC25A22,MCTP1,TTC21B,MMRN2,MOB3B,CAMKMT,UBA5,CAAP1,PRR5L,DOK3,KAT6A,ATAT1,WLS,SLC8B1,ADAMTS20,CALM1,BICC1,ARMC9,ALPK1,RAB11FIP1,CDK5RAP3,FER1L4,PDGFD,MPIG6B,NDFIP1,DUSP16,APOL3,FXR1,ACTN4,WNT5B,ZBP1,CALR,SLC38A1,TRIM11,ANKRD13C,ITM2C,KAZALD1,ADAMTS12,SYN3,CAPN1,CAPN3,DYSF,AXIN1,CASP1,ARHGAP24,CASP2,CCDC3,SESN2,ITCH,FRMD8,MAD1L1,KCTD10,STK40,KREMEN1,ADGRV1,DTNBP1,ULK1,BCAR3,LRRIQ1,ZNRF3,NLRC5,SLA2,CMAHP,TRAF7,GARNL3,CASP10,BRMS1L,VPS25,RASAL1,NCK2,CARD11,DOT1L,LZTS2,SYVN1,CUL3,CUL1,CASR,NTNG2,USP32,GPR65,SEMA7A,KLHL22,HAVCR2,ORAI1,ZNRF1,CGNL1,UBASH3B,PPFIA2,ITGA8,DGKZ,DGKE,DGKD,NKD1,ITPRIP,MADD,CAV1,CASK,RUNX2,KLF7,PLPP3,CDK13,OASL,PTCH2,AKR1C3,NCOA1,TNKS,EIF3A,BECN1,PEA15,MARCO,GBF1,CRADD,TNFSF12,TNFSF10,CBS,ADAM9,FADD,TNFRSF11A,TNFRSF10B,IL18R1,IQGAP1,NRP1,SYNGAP1,SOCS2,CFLAR,CCN4,HDAC3,KSR1,STK19,VNN1,MTMR2,CPNE1,MBD2,BTRC,FGD3,MVB12B,TRIM15,LIMD1,KALRN,ACVR1,OTULIN,SEMA5A,SPAG9,DOK2,AIP,MCU,STARD13,PIP4P1,USP10,USP8,LATS1,ARHGEF1,CBFA2T2,RNF185,SYNGR1,RSAD2,CD3E,MAP3K13,SLC24A1,DDX21,LGI1,LARGE1,VAPA,STYXL2,DLGAP1,DHRS3,MFHAS1,MAPKAPK2,CYTH1,ITGB1BP1,BPIFB1,SHKBP1,S1PR2,SOCS6,NREP,CD22,ARHGAP18,NHERF1,NRXN1,OTOF,CD27,NMT2,ACVRL1,GRAP2,HTRA3,CD80,CD86,AIM2,MAP4K4,LY86,EIF2AK3,HOMER2,PICK1,AKAP7,AKAP6,CD36,SLC4A8,MAGED1,RPH3AL,ADAMTS3,CD38,EEF1E1,CLOCK,BABAM2,PREPL,AKAP12,CD44,NCOR2,ARHGEF10,ZNF592,FNIP1,RALGPS1,TTI1,PHF14,FAM53B,DEPDC5,VGLL4,NUP93,RAPGEF2,PUM1,RIMS2,NOS1AP,RAB11FIP3,USP34,IFT140,ARHGAP32,CLSTN3,CD81,RIPOR2,BCLAF1,GIT2,RB1CC1,ZEB2,TESPA1,MAGI2,PJA2,SRGAP3,IQSEC1,KIF14,ARHGAP25,USP15,MVP,NR1H4,CDH1","Sputum_Mixed granulocytic"
"BP","myeloid leukocyte activation",239,90,0.000342558359800151,0.0444816923891351,"TSPAN32,RASGRP1,ADAM10,NDRG1,TRAF3IP2,CPLX2,LILRB4,SCN11A,CLNK,CLU,CNR2,IL31RA,ADORA2B,CTSG,CX3CR1,TMEM229B,DOCK2,UNC13D,FCER2,FER,FGR,SBNO2,CD93,STAP1,LAT,FOXP1,STK39,GRN,ANXA1,IFNG,IFNGR2,APP,RBPJ,IL10,IL15,IRF4,ITGAM,ITGB2,KARS1,LCP2,LDLR,RHOH,MYO18A,RAB44,PLPP6,LYN,MIR145,MMP8,NOTCH2,PDPK1,PIK3CG,PLA2G4A,PLCG2,TLR9,PRKCE,AZU1,SPHK2,C12orf4,CD177,PREX1,PTPRC,NECTIN2,RAC2,RORA,BCR,S100A13,CCL3,CRTC3,SLC11A1,SLC18A2,SNCA,SPI1,SYK,TGFBR2,THBS1,GPR137B,TRAF6,CCR2,NR4A3,DCSTAMP,DYSF,TTBK1,HAVCR2,CST7,ADAM9,IL18RAP,CD84,IL1RL1,MFHAS1,GAB2,PJA2","Sputum_Mixed granulocytic"
"BP","glycerophospholipid metabolic process",296,119,0.000385732961540823,0.0498033853298504,"PIGK,CDS1,PEMT,CETP,PLAAT3,CHKA,OSBPL5,OSBPL8,OSBPL10,PLAAT5,IP6K3,PLA2G4E,PIGU,MBOAT2,GPAT4,ABHD16B,ABHD12B,TTC7B,MBOAT1,DGKG,DGKH,DGKQ,LIPH,ABCA3,FABP5,INPP5F,SACM1L,EFR3A,LPIN1,PLCB1,PIP5K1C,SLC44A1,PIGN,PLA2G15,PISD,SERINC5,DHRS7B,ABHD12,HDHD5,GPLD1,PLA2G4D,GDPD1,HADHA,PIK3R4,HTR2B,INPP1,INPP4A,INPP5A,INPP5B,INPP5D,ITPKB,LDLR,LIPC,PNPLA8,PCYT1A,PDGFA,PDGFB,PIGT,INPP5K,PIGH,PIK3C2B,PIK3C2G,PIK3C3,PIK3CB,PIK3CG,PIK3R1,PI4KA,PI4KB,PIP4K2A,PLA2G4A,PLCB2,PLCD1,PLCG1,PLCG2,CRLS1,PLAAT2,AGPAT5,PI4K2A,PIP4P2,VAC14,AGPAT3,AGPAT4,PLSCR3,SLC44A2,TTC7A,PTEN,SERINC1,PITPNM2,GPAM,MPPE1,MTMR9,TAFAZZIN,UVRAG,MBOAT7,LPCAT1,PNPLA3,PTDSS2,PITPNM3,PIP5K1B,SLA2,MFSD2A,SERAC1,PIGY,DGKZ,DGKE,DGKD,BECN1,CDS2,SOCS2,SYNJ2,MTMR3,MTMR2,PIP4P1,MTMR7,SOCS6,PGAP3,PIGL,PGS1,PTDSS1,FIG4,NR1H4","Sputum_Mixed granulocytic"
"BP","positive regulation of multicellular organismal process",1671,571,0.000440916259800483,0.0564358157244221,"ADA,AKT3,TANK,PDCD6,CDH4,KLRC4-KLRK1,RASGRP1,PLXNC1,PAK4,BTN2A2,NOD1,RACK1,PEMT,BASP1,RAPGEF3,PRMT5,VAV3,BAIAP2,UNC13B,NCOA2,SEMA4D,KAT5,POLR3C,TRIM16,RGS14,KDM5B,FRS2,HPSE,LILRB1,ARID5A,NMU,MALT1,TMED10,KCNQ1OT1,LILRB4,BTN3A2,CORO1A,IRAK3,DUSP10,CHRM3,NLRP3,CHUK,SLAMF6,C1QTNF3,C1QTNF4,OMA1,GBP5,CLNK,LRG1,CLU,ADD3,CCR1,CMKLR1,IQGAP3,PPARGC1B,ADORA2A,ADORA2B,CPB2,CREB1,CHODL,ZBTB46,SIRPA,PARP1,MAPK14,CSF1R,CSK,VCAN,PIK3R6,ADRA1A,SHLD1,NFAM1,CTSH,GLIPR2,CUX1,CX3CR1,CYP1B1,CYP19A1,DAB2,CD55,ZFPM1,DBN1,DENND1B,DEFA5,TMEM64,DHX36,DIO2,DYNC1H1,ABAT,DPP4,AGRP,DSCAM,GPR183,ABCA1,EFNA5,EFNB2,EGF,ANO6,ELANE,CTTN,ENO1,EPAS1,EPHA1,HIPK1,EPHB3,AKT1,ETS1,ETV5,EZH2,F12,FABP4,FABP5,ACSL1,PTK2B,SMTNL1,SLC39A12,FGFR2,FGR,FH,NLRP1,SLITRK3,ZNF365,CARD8,TRAK1,RIMS1,PLXND1,KDM6B,FCHO1,LPIN1,RFTN1,CYFIP1,FLT1,PLCB1,ICOSLG,CUX2,SASH1,ZFPM2,MACF1,SCRIB,FOS,DDAH1,PLXNB2,IL17RA,ALOX5,ALOX12B,MTOR,ALPL,ABL1,NR5A1,FYN,GAB1,NIPBL,WWTR1,TENM4,LDLRAP1,ZBTB20,STAP1,TIAM2,GATA3,CLEC4E,GCH1,KAT2A,GCNT2,ABL2,NPTN,UTP25,STAU2,FOXP1,AGO2,DISC1,BMP10,GLI2,BIN1,GOLGA4,GP1BB,GP9,GPLD1,CCDC88B,CLEC9A,KSR2,CXCL17,GPR21,ANGPT2,FFAR3,GRB10,GRID2,GRN,RGCC,HIPK2,SETD2,TBK1,CD274,GRPR,BICRA,SH3KBP1,ANXA1,ANXA2,HADH,HCLS1,HIF1A,HK1,HK2,HLA-DOB,HLA-DPB1,HLA-DQA1,HLA-DQA2,HLA-DQB1,HLA-DQB2,HLA-DRA,HLA-DRB1,HLA-DRB5,HLX,HRH1,HRH2,HTR2B,IRF8,STING1,IFNG,IGF1R,APP,RBPJ,TICAM2,IL1A,IL1R1,IL1RAP,IL6R,IL7R,IL10,IL15,IL15RA,IL16,INHBA,INPP5D,IRF4,IRF7,ITGA2,ITGA5,ITGAM,ITGB1,ITGB2,ITPKB,JAK1,KARS1,KCNQ1,KRT17,SCIMP,LAMP1,LCK,LCN2,LEPR,LGALS1,LIG4,LIMK1,RHOH,ASIC2,LOXL2,LPL,PLPP6,LRP1,LRP2,LTF,LUM,LYN,MIRLET7B,MIR143,MIR145,MIR17,MIR195,MIR199B,MIR19A,MIR19B1,MIR20A,MIR21,MIR214,MIR302A,MIR30A,MIR92A1,MIR17HG,SMAD1,SMAD2,SMAD3,ARRB2,SMAD7,MAN2A1,MAP6,MBP,MEF2A,MEF2C,MEFV,MME,MMP8,MPL,ASPA,MYB,NCK1,NEDD9,NGFR,NINJ1,NOS3,NOTCH1,NOTCH2,NPPA,ATP2A2,NRDC,NUMA1,MIR378A,OPRM1,OSM,P2RX7,PAX2,ZBTB7B,ANGPTL4,LEF1,NIN,ZNF219,CD320,PLAC8,ANGPT4,PDE4B,PDE4D,PDE9A,PDGFB,CYRIB,PDPK1,CD244,ERAP1,RAB8B,INPP5K,PHB1,PIK3CG,PIK3R1,PKM,PLA2G4A,PLAG1,PLAT,PLCG1,PLCG2,PLXNA1,PLXNA2,PLXNB1,TLR9,SASH3,RBM47,SHLD2,PPARG,DEF8,TESC,PBRM1,APPL2,PPP3CA,LGR4,SIRPG,SOX6,TENT5A,AMBRA1,CHD7,PRKAR1B,INAVA,PRKCA,PRKCB,PRKCE,PRKCH,PRKCI,PRKCZ,PRKDC,SULF2,MAPK13,PDGFC,MAP2K1,MAP2K2,PRL,PRLR,CRTAM,PARD3,AZU1,RETN,SPHK2,CTNNBIP1,CD177,RTN4,SMURF1,PELI1,ZMIZ1,PTGER3,PTGS2,PTH2R,PTK2,ARID1B,MRTFB,RPTOR,DHX37,GPAM,SHTN1,ADGRB3,PTPN11,PTPRC,PTPRD,PTPRJ,NECTIN2,PEX5,RAD21,ACTA2,RARA,RB1,TRPV4,BCL2,TRIM27,RFX3,RHEB,BCL3,BCL6,BCL7A,ROBO1,RORA,RPS3,RPS6KA1,RREB1,RXRA,S100A1,S100A13,CCL3,ZNF335,PRDM16,VSIR,NOD2,IFIH1,SEMA4A,KLHL25,CLEC7A,SHB,NIBAN2,RASAL3,WNK1,SLC7A1,SLC8A1,BMP7,SLC11A1,SLC20A2,BMPR1B,BMPR2,SMARCA2,SMARCA4,BRD9,SMARCC1,SMARCD1,SMARCD2,SOD1,SORL1,SOX5,SOX12,SPI1,SPN,SPTA1,SPTBN1,SRC,BRAF,ZFP36L1,STAT3,STAT5B,STIM1,CDKL5,SYK,ADAM17,TBXAS1,TCF7L2,TEK,TGFB1,TGFBR1,TGFBR2,TGFBR3,TGM2,THBS1,TSPO,THRA,TIAM1,TIE1,TLR5,TNFRSF1B,TNXB,TP73,NR2C2,TRAF2,TRAF3,TRAF6,C3AR1,TSHR,CCR2,TNFRSF4,TXK,NSD2,WT1,XRCC2,XRCC5,ZBTB16,ZP3,LAPTM5,CACNB1,ALMS1,PAX8,ELOVL6,NOX5,ZBED2,ADIPOR2,GSDMD,MMRN2,EHMT1,NR4A3,TRAF3IP3,ADAM12,CD276,SLC7A5,DCSTAMP,CAMK2D,CAPN3,CASP1,ITCH,FRMD8,ADGRV1,ANKRD27,SGIP1,RNF135,BRMS1L,NCK2,CARD11,CASR,TTBK1,KDM2B,SEMA7A,HAVCR2,CST7,CAV1,RUNX2,RUNX1,RUNX3,NCOA1,CBFB,BECN1,TNFSF12,FADD,TNFRSF11A,IL1RL2,IL18R1,NRP1,CD84,HDAC3,VNN1,TRIM15,ACVR1,SEMA5A,CD1D,PKDCC,RSAD2,CD3E,IL1RL1,MAP3K13,DDX21,CD5,CD6,NUMBL,MAPKAPK2,CD83,B4GALT5,NRXN1,CD27,ACVRL1,SFXN5,CD80,CD86,GSTO1,AIM2,EIF2AK3,CD34,AKAP6,ATG5,CD36,MAGED1,CD38,MACROH2A1,AKAP12,CD58,ZNF516,RIMS2,CLSTN3,CD81,TOX,TESPA1,PLEKHM1,GAB2,RBM19,RNF10,NR1H4","Sputum_Mixed granulocytic"
"BP","cellular response to molecule of bacterial origin",239,84,0.000443942669037803,0.0564358157244221,"KLRC4-KLRK1,TNIP1,CEBPE,LILRB1,ARID5A,MALT1,IRAK3,NLRP3,GBP5,SIRPA,MAPK14,CTSG,CX3CR1,CD55,DEFA1,DEFA3,DEFA4,DEFA5,ABCA1,AHR,AKT1,PPM1E,CARD8,SBNO2,SASH1,ABL1,STAP1,GFI1,GIT1,CD274,HCK,IRF8,TICAM2,IL1A,IL10,IRAK2,SCIMP,LTF,CD180,LYN,MIR140,MIR17,MIR19A,MIR19B1,MIR20A,MIR21,MEF2C,MMP8,CARD17P,NFKB1,NOS3,TIFAB,PDE4B,CYRIB,PLCG2,TLR9,PPBP,PRKCA,PRKCE,MAPK1,MAPK8,PLSCR3,AICDA,CACTIN,RARA,UPF1,BCR,NOD2,SPI1,SRC,TSPO,TNFAIP3,TNFRSF1B,TRAF6,DEFA1B,ACOD1,VIM,ZFP36,SLC7A5,CASP1,CASP7,IL1F10,HAVCR2,ADAM9,CD6,PLAA,CD80,CD86,LY86,CD36,CTR9,CD68,NR1H4","Sputum_Mixed granulocytic"
"MF","tumor necrosis factor binding",7,7,0.000444552500205578,0.0564358157244221,"TMC8,A2M,MMP8,ADAM17,TNFRSF1A,TNFRSF1B,TRAF2","Sputum_Mixed granulocytic"
"BP","cellular lipid metabolic process",1000,328,0.000447291812813162,0.0564681064131461,"ACOT8,PIGK,CERT1,CDS1,PEMT,SLC25A17,KAT5,ERLIN1,PMVK,CES1,CETP,ACOT2,ILVBL,LIAS,ABHD2,PLAAT3,CHKA,ACOT7,MGLL,OSBPL5,OSBPL8,OSBPL10,ABHD15,MOGAT1,THEM4,PLAAT5,IP6K3,DEGS2,PLA2G4E,PRXL2B,PIGU,MBOAT2,CPT1A,CPT1B,GPAT4,ABHD16B,ACSM6,MAPK14,RDH12,ABHD12B,TTC7B,PM20D1,MBOAT1,CYP1B1,CYP3A7,RDH10,AWAT2,DGKG,DGKH,DGKQ,ECI1,SGMS2,PLPP4,EHHADH,ACSF3,ALG14,ABCA2,LIPH,HACD2,CERS3,AKT1,AKT2,ABCA3,ETFA,ETFDH,FABP5,ACSL1,FASN,DAGLB,FDFT1,ALDH3A2,INPP5F,MORC2,SACM1L,AKR1B1,EFR3A,LPIN1,PLCB1,ACSL6,UBR4,PIP5K1C,MLYCD,SLC44A1,PIGN,PDSS1,AMACR,PLA2G15,PRKD3,PISD,ABCA4,ALOX5,ALOX5AP,ALOX12B,FUT7,KDSR,CERS6,G6PC1,ST6GALNAC3,SERINC5,GALC,SGMS1,DHRS7B,ACOT11,ABHD12,ABCA12,GGT1,GLB1,COQ2,HDHD5,GM2A,GPD1,GPLD1,PLA2G4D,NUDT7,GDPD1,SUMF1,GPX4,GSTM1,GSTM4,ANXA1,HADHA,HADH,HEXA,HEXB,ST6GALNAC6,PIK3R4,ACACA,AOAH,HMGCR,HMGCS1,DHRS4L2,HTR2B,ACADM,IDI1,INPP1,INPP4A,INPP5A,INPP5B,INPP5D,ITPKB,LDLR,LIPC,LPL,PLPP6,LRP1,LRP2,MIR185,MIR192,MMUT,P2RX1,P2RX7,PNPLA8,PCCA,ACOX1,PCK2,CRYL1,SCCPDH,HSD17B12,PLCE1,GLTP,PCYT1A,AIG1,PRKAG2,PDGFA,VPS54,PDGFB,PIGT,DHRS7,PDK4,INPP5K,PEX7,PIGH,PIK3C2B,PIK3C2G,PIK3C3,PIK3CB,PIK3CG,PIK3R1,PI4KA,PI4KB,PIP4K2A,PLA2G4A,PLCB2,PLCD1,PLCG1,PLCG2,PPARA,PPARD,CRLS1,CROT,PPARG,PLPPR1,AUH,PLAAT2,CLN6,ACSM5,TMEM38B,PPP2R1A,APPL2,THNSL2,ACOXL,FBXW7,AGPAT5,PI4K2A,PPT1,PIP4P2,PRKAA2,VAC14,PRKAR2B,TEX2,ACSS2,PSAP,SPHK2,AGPAT3,AGPAT4,PLSCR3,PNPLA2,PDSS2,SLC44A2,TTC7A,PTEN,PTGS2,SERINC1,NCEH1,FAM135A,PITPNM2,RNF213,GPAM,GBA3,PTPN11,PEX2,PEX5,SCPEP1,ALOXE3,RBP4,ELOVL5,RPE65,CEACAM1,SCP2,KLHL25,CERK,LMF1,ST3GAL1,ST3GAL2,ST3GAL3,MPPE1,AACS,MTMR9,SNCA,SORL1,SREBF1,TAFAZZIN,TBXAS1,TNFRSF1A,TNXB,CRPPA,TYRP1,UCP3,UGCG,UVRAG,DAGLA,ST8SIA4,ELOVL6,MBOAT7,ADIPOR2,TBL1XR1,ALG9,PLBD1,LPCAT1,ELOVL7,NR4A3,MOGAT2,ACSF2,PNPLA3,ACAD10,PTDSS2,ACOX2,PITPNM3,SESN2,BCO2,PIP5K1B,B3GNT5,ACAD11,SLA2,NSMAF,ACSS1,DGAT2,CAT,ADTRP,CBR4,MFSD2A,ALG10,SERAC1,PIGY,DGKZ,DGKE,DGKD,AGPS,SLC45A3,DEGS1,CAV1,PLPP1,PLPP3,HSD17B6,AKR1C3,BECN1,B4GALT4,CDS2,DCAF5,SOCS2,KAT2B,SYNJ2,MTMR3,MTMR2,PIP4P1,MTMR7,RFT1,LARGE1,VAPA,DHRS3,SOCS6,PGAP3,B4GALT6,B4GALT5,PLAA,TM9SF2,ORMDL3,FADS2,CD36,PIGL,PGS1,SPTLC2,TECR,LPIN2,PTDSS1,FIG4,NR1H4","Sputum_Mixed granulocytic"
"BP","regulation of cell communication",3493,1175,0.000462491740985224,0.0580644327190509,"ADA,AKT3,TANK,PDCD6,BCL2L11,RANBP9,MICOS10-NBL1,C8orf44-SGK3,DNM1L,GPC6,HIPK3,RASGRP1,TRAP1,FAM13A,LPAR6,SORBS3,ADAM10,TRIM13,DENND4A,RAMP1,RAMP3,NET1,PAK4,ADAR,CDKN2B,TNIP1,CCL26,BTN2A2,NOD1,DLC1,RACK1,RAPGEF3,PRMT5,VAV3,TAB1,GPNMB,BAIAP2,ZNHIT1,TRIM38,UNC13B,SEMA4D,AGR2,ARFGEF1,SORBS1,STAMBP,IVNS1ABP,TRIM16,RGS14,GIPC1,TRAF3IP2,KDM5B,ZMYND11,NEK6,CPLX2,FRS2,HPSE,USP20,NMU,MALT1,TMED2,MAPRE2,KCNQ1OT1,COPS5,LILRB4,RIPK3,WWP2,RAPGEF4,ESM1,CIT,FAF1,FSTL1,WIF1,IRAK3,AKAP13,DUSP10,PDCD10,CHN2,PADI2,PACSIN2,MRAP2,TP53RK,CHRM2,CHRM3,RNF13,MGLL,CHRNA5,NLRP3,CHUK,BTBD9,OSBPL8,C1QTNF3,CIDEA,C1QTNF4,KCTD12,GBP5,LRG1,ARAP1,TAGAP,RFFL,C10orf71,CLU,SLC15A4,FGD4,SPPL3,FRMD6,CCR1,SLC24A4,CMKLR1,CNR2,COL3A1,IQGAP3,PIGU,TRABD2A,ZFAND2B,OCIAD2,STXBP5,ADORA2A,ADORA2B,CPT1A,NACC2,CREB1,ATF6B,CRHBP,CRHR1,NEK7,CRY2,SIRPA,PARP1,MAPK14,CSF1R,SESN3,CSK,CSNK1E,ARMH4,CSNK2B,GSG1L,PIK3R6,TMC8,ADRA1A,CTBP2,RC3H1,CTNS,CTNND1,NFAM1,CCNYL1,CTSH,GLIPR2,CX3CR1,CXADR,PAQR3,SLC38A9,PLEKHG4B,CYLD,CNKSR3,CYP1B1,BMT2,GRK2,GRK3,PRAG1,CYP19A1,DAB1,DAB2,CD55,DGKG,DGKQ,DAPK1,DBN1,DEDD2,DCN,APCDD1L,DHX15,ZNF366,SLC30A8,TMEM64,DHX36,DLG1,DNM1,DOCK2,DOCK3,ABAT,DRD4,RCAN1,DUSP3,DUSP4,AGTR1,DYRK1A,GPR183,ECT2,ABCA1,LPAR1,EFNA5,EGF,EGFR,UBR1,NLRC3,EIF4E,ELANE,ELF1,SPRED2,ARHGAP27,CTTN,CCDC125,ENO1,ENSA,C9orf72,HIPK1,DIPK2A,AKT1,ERN1,ESR1,MECOM,EYA1,EYA2,EYA3,EZH2,F2RL2,FABP5,FANCA,PTK2B,FBLN1,UNC5B,CCNY,RTKN2,UCMA,SPATA13,MTURN,ADGRG3,SCUBE3,FER,FGD1,GPC5,FGFR2,FGR,RASA3,DLGAP4,AAK1,CHSY1,INPP5F,DENND3,CARD8,EPN2,ATF6,RAB3GAP1,SORCS3,SV2C,RIMS1,MAPKBP1,FAIM2,CNOT1,TNIK,HECW1,SWAP70,FOXO1,KDM4C,ERC1,ZNF423,ARHGAP26,SIPA1L3,IQSEC2,FSTL4,RAP1GAP2,SPART,TAB2,ZC3H3,GRAMD4,NCDN,SNX13,MAPK8IP3,PASK,KANK1,CYFIP1,FLT1,PLCL2,ARHGEF9,SIK2,PLCB1,PHLPP1,TMEM131L,CAMTA1,CLEC16A,FBXW11,MGRN1,CUX2,SASH1,SZT2,SYNE1,PSD3,PUM2,SIK3,LEPROTL1,MACF1,DAAM2,ARHGAP45,PIK3R5,PSD4,TSPAN15,DAPK2,PHLDA3,SH3BP4,SGK3,ALK,ALOX5,ALOX12B,ATP6V1C2,MTOR,ABL1,FUT7,FYN,YTHDF3,CNIH2,GABBR1,GABRR1,SLC24A2,DSTYK,NGEF,RNF19A,SGMS1,MYRIP,WWTR1,SAMHD1,ZNF385A,PNKD,KANK2,C2CD3,PLEKHG3,PPP1R16B,AUTS2,ANKRD17,ERC2,LRRC32,ABCA12,NOC2L,IFT172,RGS22,NPHP4,STAP1,TIAM2,GATA3,FBXO8,GCG,NUPR1,KAT2A,MYOF,GCNT2,LATS2,RGS17,AMFR,GFI1,CYFIP2,ABL2,NPTN,ATP2C1,STAU2,FOXP1,CYTH4,SNX5,DISC1,SESN1,GCLC,BMP10,RBMS3,P2RY10,GLG1,STK39,SGSM3,GNA12,GNAI2,GNAQ,GNG7,GPLD1,GPR17,LAMA1,CXCL17,GPR21,RNF149,NKIRAS1,C3orf33,GPR35,GPR37,SCAI,FFAR3,GRK4,GRK5,GRK6,ANK3,GRB10,GRID2,GIT1,GRIK1,GRIK2,IFT81,HIPK2,ABR,GRIK4,ARHGAP35,TBK1,GRM4,GRM7,GRM8,GSK3B,TMOD2,GUCY1A1,MDFIC,SCHIP1,ANXA1,HADH,HCLS1,HTT,NRG1,HIC1,HIF1A,HIP1,HLA-DRB1,HMGCR,HNRNPK,APBA1,APBA2,HRH1,NDST1,HTR2B,UBAC2,ICAM1,STING1,SH3RF3,LRIT3,IFNAR2,IFNG,TUBB2B,IGF1R,GEN1,IGFBP7,APP,RBPJ,CASTOR3P,TICAM2,FAS,IL1A,IL1R1,IL6R,IL7R,IL10,INHBA,INPP5A,INPP5D,ITGA6,IRAK2,IRF4,IRF7,ITGA1,ITGA2,ITGA5,ITGAV,ITGB1,ITPKB,ITPR1,JAK3,TBC1D10C,KCNB1,KIF7,STIMATE,NRROS,KCNJ10,KIF5B,ARG1,KPNA1,SUMO4,SCIMP,CCL4L1,C1QTNF12,NOTCH2NLA,GFRAL,LAMA2,LAMB1,LCK,LFNG,LGALS1,LGALS3,ARHGDIB,LIMS1,RHOH,LMNA,LRP1,LRP2,LRP5,LTBP1,LTF,CD180,LYN,MIRLET7B,MIR140,MIR143,MIR145,MIR17,MIR18A,MIR185,MIR195,MIR19A,MIR19B1,MIR20A,MIR200C,MIR21,MIR214,MIR92A1,ARRB1,SMAD2,SMAD3,ARRB2,SMAD6,SMAD7,ASIC1,MARK3,MCC,MCL1,MEF2C,MEFV,MAP3K5,MGAT5,MID1,ATXN3,KMT2A,MLLT3,MME,MMP8,IQSEC3,CCDC88C,EIF2AK4,UNC13C,TRIM67,MIR302C,MUC4,MYB,MYO1C,MYO9B,ATF3,NBL1,NCK1,NEDD4,NEO1,NF1,NFKB1,NGFR,NINJ1,NNAT,NOS3,CNOT2,NOTCH1,NOTCH2,NPC1,NPPA,ATP2A2,ROR1,NTS,NUMA1,NR4A2,ATP2B4,TIFAB,OPA1,OPRM1,OSM,P2RX1,P2RX3,P2RX4,P2RX7,P2RY6,P4HB,PEBP1,FURIN,PCSK6,RRM2B,MINK1,CHST11,PRDX1,PAK2,PALM,ARHGEF3,PRKN,PAWR,PDE11A,SLC35C2,ZBTB7B,PCK2,SIDT2,LEF1,PLCE1,CRIM1,SHISA5,ZDHHC3,WAC,TAOK3,UBR5,PDE2A,PDE3B,PDE4A,PDE4B,PDE4D,PDE9A,CXXC5,ZC3HC1,PDGFA,PDGFB,PEX5L,HDAC7,CYRIB,SUFU,PDPK1,NLK,WWOX,RAB8B,INPP5K,TM7SF3,MAP3K20,PFDN5,PFKFB2,CDK14,PHB1,PIK3CB,PIK3CG,PIK3R1,PIP4K2A,PKHD1,PLAT,PLAUR,PLCL1,UBASH3A,PLCG1,PLCG2,PLXNB1,PML,TRIM34,TSPEAR,TLR9,SEPTIN5,SEPTIN4,ERRFI1,SSH1,MIOS,RBM47,RHOF,PPARA,PPARG,LEPROT,ZRANB1,EPS8L1,RNF43,PXK,LAX1,MKS1,PPM1A,OCIAD1,ADISSP,PPP1CA,PID1,PHIP,BANK1,USP47,ARHGAP17,PPP1R10,ARHGEF10L,TMEM33,PPP2R1A,RNF220,PPP2R1B,APPL2,PLEKHG6,ELP2,ASXL2,UBE2W,FBXW7,PPP3CA,PPP3CC,LGR4,PRCP,NAGK,DDX60,CDKN2AIP,ZDHHC7,PRKAA2,CHD7,PRKACA,NPLOC4,DENND4C,LIMS2,SCYL2,CCDC88A,LMBR1L,PRKAR1A,PRKAR1B,INTS9,INAVA,PRKAR2B,PRKCA,PRKCB,PRKCE,PRKCH,PRKCI,WWC3,ARHGAP15,ASH1L,LMO3,PRKCZ,ERBIN,MAPK1,SULF2,MAPK8,PDGFC,MAP2K1,MAP2K2,MAP2K5,PRL,PRLR,LRRC8A,TRIM39,RETN,SPHK2,CELF4,NCLN,SPPL2B,PMEPA1,DUSP22,SMYD2,RGMA,PRDM11,CDC42SE2,CTNNBIP1,KNL1,CASS4,CD177,RTN4,RALGAPB,SLC44A2,SMURF1,PELI2,PELI1,ZMIZ1,RALGAPA2,SNX14,PTEN,SLC4A10,PBXIP1,PTGS2,MIR497,MIR520C,BIRC6,PTK2,PLEKHG1,ARHGAP31,RPTOR,PTK6,SORCS2,SEMA6A,STAMBPL1,SIPA1L2,ARHGAP20,PREX1,ARHGAP21,WDFY1,BEGAIN,FNIP2,TSHZ3,VPS18,SH3RF1,PLEKHA4,RNF213,CHD8,PTPN1,DENND1A,ZFYVE28,PTPN3,MARK4,PTPN11,G6PC2,PTPN13,PTPRA,PTPRC,PTPRD,PTPRE,PTPRJ,PTPRO,NECTIN2,PXN,ARHGAP22,CACTIN,RRAGD,MAP4K2,RAF1,RALB,ACTA2,RAP1B,RAP1GAP,RAP1GDS1,RAPSN,RARA,RASGRF1,RB1,HRH4,TRPV4,LGR6,RBP4,BCL2,BCL2L1,RFX3,RGS3,RGS10,RGS12,RGS13,RHEB,BCL3,AVPI1,BCL6,ROBO1,RORA,BCR,RPS3,RPS6KA1,RXRA,S100A4,S100A9,S100A13,SAG,CELA2A,CEACAM1,CCL3,CCL13,BICD1,CCL18,CCL22,BID,UBE2O,SEC14L1,PRDM16,SECTM1,GOLPH3,NOD2,MAP2K4,ARHGEF28,ARHGAP9,NXN,PALS1,RGS18,SGK1,ITSN1,CLEC7A,SIAH1,SIAH2,CRTC3,DEPTOR,MARCHF7,NIBAN2,RASAL3,SIPA1,SKI,NDRG4,SKP2,SLA,WNK1,SLC2A4,NADK,SLC6A6,SLC6A9,SLC8A1,BMP7,SLC20A1,BMPR1B,SLIT3,BMPR2,SMARCA4,PHACTR4,AACS,SNCA,SNCG,SOD1,SORL1,SOS1,SP100,SPI1,SPTBN1,SRC,SREBF1,SREBF2,BRAF,DENND2B,STAT3,STK3,STK4,CDKL5,SYK,SYT1,ADAM17,TBL1X,TCF7L2,TMBIM6,TEK,TGFA,TGFB1,TGFBR1,TGFBR2,TGFBR3,TGM2,THBS1,TSPO,THRA,THRB,TIAM1,TIMP3,TLE1,TLE2,TLE4,GPR137B,TNFAIP3,TNFAIP6,TNFRSF1A,TNXB,TP73,TPD52L1,TPR,TPT1,TRAF1,TRAF2,TRAF3,TRAF5,TRAF6,TRIO,TSG101,EIPR1,CCR2,TXK,MOSMO,ACOD1,RFX8,UBE2D3,UBE2V1,UGCG,VAV2,VRK2,VWF,WFS1,XRCC3,LDLRAD4,YWHAG,YWHAH,YWHAZ,PTTG1IP,CA2,CA7,RELL1,CACNA1A,LAPTM5,PXDN,PAX8,CACNB4,USP7,RAB7A,PVRIG,MAPKAP1,EPS8L3,TCTN1,RNASEH2B,SH3TC2,RHBDF2,TMEM204,ARHGAP10,DYNC2H1,NLRX1,LRRK1,TBL1XR1,SLC25A22,MCTP1,TTC21B,MMRN2,MOB3B,CAMKMT,UBA5,CAAP1,PRR5L,DOK3,KAT6A,ATAT1,WLS,SLC8B1,ADAMTS20,CALM1,BICC1,ARMC9,ALPK1,RAB11FIP1,CDK5RAP3,FER1L4,PDGFD,MPIG6B,NDFIP1,DUSP16,APOL3,FXR1,ACTN4,WNT5B,ZBP1,CALR,SLC38A1,TRIM11,ANKRD13C,ITM2C,KAZALD1,CAMK2D,ADAMTS12,SYN3,CAPN1,CAPN3,DYSF,AXIN1,CASP1,ARHGAP24,CASP2,CCDC3,SESN2,ITCH,FRMD8,MAD1L1,KCTD10,STK40,KREMEN1,ADGRV1,DTNBP1,ULK1,BCAR3,LRRIQ1,ZNRF3,NLRC5,SLA2,CMAHP,TRAF7,GARNL3,CASP10,BRMS1L,VPS25,RASAL1,NCK2,CARD11,DOT1L,LZTS2,SYVN1,CASQ2,CUL3,CUL1,CASR,NTNG2,USP32,GPR65,SEMA7A,KLHL22,HAVCR2,ORAI1,ZNRF1,CGNL1,UBASH3B,PPFIA2,ITGA8,DGKZ,DGKE,DGKD,NKD1,ITPRIP,MADD,CAV1,CASK,RUNX2,KLF7,PLPP3,CDK13,OASL,PTCH2,AKR1C3,NCOA1,TNKS,EIF3A,BECN1,PEA15,MARCO,GBF1,CRADD,TNFSF12,TNFSF10,CBS,ADAM9,FADD,TNFRSF11A,TNFRSF10B,IL18R1,IQGAP1,NRP1,SYNGAP1,SOCS2,CFLAR,CCN4,HDAC3,KSR1,STK19,VNN1,MTMR2,CPNE1,MBD2,BTRC,FGD3,MVB12B,TRIM15,LIMD1,KALRN,ACVR1,OTULIN,SEMA5A,SPAG9,DOK2,AIP,MCU,STARD13,PIP4P1,USP10,USP8,LATS1,ARHGEF1,CBFA2T2,RNF185,SYNGR1,RSAD2,CD3E,MAP3K13,SLC24A1,DDX21,LGI1,LARGE1,VAPA,STYXL2,DLGAP1,DHRS3,MFHAS1,MAPKAPK2,CYTH1,ITGB1BP1,BPIFB1,SHKBP1,S1PR2,SOCS6,NREP,CD22,ARHGAP18,NHERF1,NRXN1,OTOF,CD27,NMT2,ACVRL1,GRAP2,HTRA3,CD80,CD86,AIM2,MAP4K4,LY86,EIF2AK3,HOMER2,PICK1,AKAP7,AKAP6,CD36,SLC4A8,MAGED1,RPH3AL,ADAMTS3,CD38,EEF1E1,CLOCK,BABAM2,PREPL,AKAP12,CD44,NCOR2,ARHGEF10,ZNF592,FNIP1,RALGPS1,TTI1,PHF14,FAM53B,DEPDC5,VGLL4,NUP93,RAPGEF2,PUM1,RIMS2,NOS1AP,RAB11FIP3,USP34,IFT140,ARHGAP32,CLSTN3,CD81,RIPOR2,BCLAF1,GIT2,RB1CC1,ZEB2,TESPA1,MAGI2,PJA2,SRGAP3,IQSEC1,KIF14,ARHGAP25,USP15,MVP,NR1H4,CDH1","Sputum_Mixed granulocytic"
"BP","Fc receptor signaling pathway",56,32,0.000472168043907602,0.0585701261564432,"VAV3,PLPP4,FCER2,FCGR1BP,FER,FGR,ABL1,FYN,CLEC4E,HCK,LCK,LIMK1,LYN,MAP3K1,PLCG1,PLCG2,APPL2,PRKCE,MAPK8,MAPK10,PTK2,PTPRC,PTPRJ,MYO1G,MAP2K4,SOS1,SRC,SYK,TRAF6,VAV2,NR4A3,CD247","Sputum_Mixed granulocytic"
"BP","alpha-beta T cell differentiation",124,57,0.000473026686010282,0.0585701261564432,"ADA,MALT1,LILRB4,NLRP3,SLAMF6,RC3H1,ZFPM1,GPR183,MTOR,ABL1,FUT7,GATA3,FOXP1,ANXA1,HLA-DRA,HLA-DRB1,HLX,IFNG,IL6R,IRF4,ITPKB,JAK1,JAK3,MIR21,SMAD7,KMT2A,MYB,ZBTB7B,LEF1,SASH3,PRKCZ,SH3RF1,RARA,BCL2,BCL3,BCL6,RORA,RORC,SEMA4A,KLHL25,SHB,BCL11B,SPN,BRAF,STAT3,SYK,TGFBR2,ZBTB16,RUNX1,RUNX3,CBFB,IL18R1,TNFSF18,RSAD2,CD83,CD80,CD86,TOX","Sputum_Mixed granulocytic"
"CC","midbody",203,84,0.000474252033655411,0.0585701261564432,"KIF20A,RACK1,CELF2,CNTRL,KATNA1,EXOC3,AGAP2,CTNND1,CYLD,DEFA5,DNM2,ECT2,CENPV,C9orf72,C6orf89,SPART,SEPTIN6,EXOC7,TTC28,SYNE1,ZFYVE26,CLIC4,CCDC69,EML4,GNAI2,GNAI3,CCDC66,ANXA2,ANXA11,HNRNPU,ANKRD45,IL16,MSRA,MYH10,SEPTIN2,NEK2,SCCPDH,SH3GLB1,YPEL5,PIK3C3,PIK3CB,SSH1,EXOC6,MAP10,TTC19,NAT10,EXOC2,RCC2,TEX14,PDXP,LYRM1,BIRC6,MICAL3,CEP126,MARK4,RAD21,RALB,BCL3,EXOC4,KIF13A,MICAL1,SLC2A1,SVIL,TACC1,TSG101,UVRAG,VPS37B,KATNBL1,CAPG,DTNBP1,RAB11FIP4,LZTS2,PSRC1,ZFYVE19,PKP4,IQGAP1,USP8,LATS1,CTDP1,STK17B,KIF3B,KIF23,RAB11FIP3,KIF14,USP3","Sputum_Mixed granulocytic"
"MF","GTPase activator activity",266,120,0.000481254092101145,0.0591136107508455,"DNM1L,FAM13A,DLC1,VAV3,RGS14,IQGAP2,ADAP1,TBC1D8,CHN2,ARAP2,ARAP1,AGAP2,AGAP1,TAGAP,AGAP11,TBC1D16,RINL,IQGAP3,TBC1D20,STXBP5,DOCK1,DOCK2,DOCK3,ECT2,ARHGAP27,RASA3,RAB3GAP1,TBC1D9B,ARHGAP26,SIPA1L3,TBC1D2B,RAP1GAP2,TBC1D9,PLCB1,ARHGAP45,RABGAP1,TBC1D22A,GAPVD1,TIAM2,ARFGAP3,RGS17,GDI2,SGSM3,GNAQ,GIT1,ABR,ARHGAP35,AGFG1,HTR2B,TBC1D10C,ARHGDIB,ARRB1,MYO9B,NF1,ASAP1,PLXNB1,ERRFI1,RIN2,ARHGAP17,ARHGEF10L,PLEKHG6,TBC1D19,TBC1D2,ASAP3,TBC1D22B,ADAP2,ARHGAP15,RALGAPB,RALGAPA2,ARHGAP31,SRGAP1,TBC1D14,SIPA1L2,ARHGAP20,PREX1,ARHGAP21,ADGRB3,ARHGAP22,RAP1GAP,RASA1,RGS3,RGS10,RGS12,BCR,ARHGAP9,RGS18,SMAP2,RASAL3,SIPA1,AGAP7P,SOS1,TBCD,EVI5,ARHGAP10,RABEP2,RIN3,DOCK5,ARHGAP24,TBC1D10A,ANKRD27,GARNL3,RASAL1,IQGAP1,NRP1,SYNGAP1,ASAP2,STARD13,ARHGEF1,ARHGAP18,ARHGEF6,RASAL2,VPS9D1,DEPDC5,RAPGEF2,USP6NL,ARHGAP32,TBC1D5,GIT2,TBC1D4,SRGAP3,RABGAP1L,ARHGAP25","Sputum_Mixed granulocytic"
"BP","CD4-positive, alpha-beta T cell differentiation involved in immune response",75,37,0.00048507554205747,0.0592626699877095,"MALT1,NLRP3,SLAMF6,RC3H1,ZFPM1,GPR183,MTOR,GATA3,FOXP1,ANXA1,HLA-DRA,HLA-DRB1,HLX,IFNG,IL6R,IRF4,JAK1,JAK3,MIR21,SMAD7,KMT2A,MYB,ZBTB7B,LEF1,PRKCZ,RARA,BCL3,BCL6,RORA,RORC,SEMA4A,SHB,SPN,STAT3,IL18R1,TNFSF18,CD80,CD86","Sputum_Mixed granulocytic"
"BP","cell communication",6486,1994,0.000521744342864892,0.0630257528200041,"ADA,AKT3,ABI1,TANK,LRRC69,INSYN2B,C17orf99,PDCD6,BCL2L11,RANBP9,KLRC4-KLRK1,MICOS10-NBL1,C8orf44-SGK3,DNM1L,TSPAN32,GPC6,CERT1,SGK2,RAD50,HIPK3,IFNL4,RASGRP1,TRAP1,AKAP9,FAM13A,CDH17,ABI2,PLXNC1,FARP1,LPAR6,WASF2,SORBS3,TNK2,ADAM10,CALCRL,TRIM13,PATJ,CDK6,KCNMB2,ABCC4,DENND4A,IGSF6,RAMP1,RAMP3,NET1,PAK4,ADAR,CDKN2B,TNIP1,IRAG1,CCL26,BTN2A2,NOD1,DLC1,NDRG1,RACK1,ADARB1,CDS1,PIAS3,RAPGEF3,PRMT5,VAV3,TAB1,GPNMB,BAIAP2,MERTK,ZNHIT1,TADA3,TRIM38,CAP2,UNC13B,NCOA2,SEMA6B,SEMA4D,SEMA4B,SEMA3C,DDX17,KAT5,ATG7,AGR2,OLFM4,ARFGEF1,SORBS1,CDC42EP3,ERLIN1,STAMBP,IVNS1ABP,TRIM16,RGS14,CXCR6,SLC12A7,MAP3K2,GIPC1,TRAF3IP2,KDM5B,HBS1L,ZMYND11,NEK6,NCKAP1,IQGAP2,ADCY2,CCR9,CPLX2,FRS2,CEACAM3,PPP1R17,HPSE,LILRB1,USP20,NMU,GPR83,MALT1,BTNL3,FASTK,TMED2,YWHAQ,MAPRE2,KCNQ1OT1,COPS5,LILRB4,TLK2,LILRB3,RBPMS,ADAP1,RIPK3,ABHD2,WWP2,RAPGEF4,ESM1,CIT,BTN3A2,FOXN3,FAF1,CDC42EP1,CORO1A,NUDT3,FSTL1,NISCH,WIF1,IRAK3,AKAP13,DUSP10,PDCD10,CHN2,PADI2,GPR176,NXPH3,PACSIN2,MRAP2,CMTM7,SCN11A,TP53RK,CHRM2,CHRM3,GPR182,RNF13,MGLL,CMTM1,CHRNA5,NLRP3,ERMAP,CHUK,BTBD9,SORCS1,OSBPL8,C1QTNF3,CIDEA,C1QTNF4,ADCY9,KCTD12,GBP5,IL22RA2,CLNK,LRG1,ARAP2,ARAP1,THEM4,SLC16A10,TAGAP,RFFL,AP3S1,CLCN3,OLFM3,C10orf71,CLCN6,CLU,OR10P1,SLC15A4,OR10A7,FGD4,SPPL3,OR4K14,FRMD6,CCR1,SLC24A4,LEO1,CCR4,LRRC28,CMKLR1,LTB4R,OSCAR,CNR2,OR2M5,OR14C36,CNTFR,CNTN1,COL3A1,EDARADD,COL4A1,IQGAP3,PIGU,TRABD2A,ZFAND2B,COL16A1,COMP,COMT,COPA,DCBLD2,TPRA1,IL17RE,OCIAD2,IL31RA,PPARGC1B,STXBP5,ADORA2A,OR9A2,ADORA2B,CPT1A,NACC2,CREB1,ATF6B,CREBL2,CRHBP,CRHR1,ASB7,NEK7,CRY2,SIRPA,PARP1,MAPK14,OR52B4,CSF1R,SESN3,CSF3R,E2F7,CSK,CSNK1E,ARMH4,CSNK2B,TTBK2,CMTM2,GSG1L,TOM1L2,PIK3R6,TMC8,DSG4,ADRA1A,CTBP2,RC3H1,DCDC2B,CTLA4,CLDN19,CTNS,COMMD7,CTNND1,NFAM1,CTSG,ZNF385B,CCNYL1,CTSH,GLIPR2,CX3CR1,CXADR,PAQR3,SLC38A9,PLEKHG4B,BTNL9,CYLD,CNKSR3,CYP1B1,BMT2,IQUB,GRK2,GRK3,PRAG1,CYP19A1,DAB1,DAB2,CLEC12A,CD55,TAMALIN,DGKG,DGKH,GPR180,DGKQ,DAP,DAPK1,DAXX,DBN1,DEDD2,DCN,DENND1B,APCDD1L,PRICKLE2,DHX15,ADGRA3,DEFA1,DEFA3,RASSF6,DEFB4A,ZNF366,SLC30A8,TMEM64,OLFML2A,DHX36,DLG1,DLG2,DMD,DNM1,DNM2,DOCK1,DOCK2,DOCK3,ABAT,AGRP,DRD4,DSCAM,RCAN1,DTNA,DTNB,DUSP3,DUSP4,AGTR1,DYRK1A,GPR183,ECE1,ECT2,ABCA1,LPAR1,EFNA5,EFNB2,EGF,EGFR,AHR,PLPP4,EIF2S1,ANO6,METTL21C,ADCY4,UBR1,NLRC3,EIF4E,EIF4EBP1,EIF4G1,ELANE,ELF1,ELK3,SPRED2,GABRR3,MARK2,ARHGAP27,RAB12,CTTN,CCDC125,ENO1,ENSA,C9orf72,EPAS1,EPHA1,HIPK1,EPHB3,EPHB6,STX2,DIPK2A,AKT1,ERCC6,ERG,AKT2,ERN1,ESR1,ESRRA,MECOM,ALB,EXT1,EXT2,EYA1,EYA2,EYA3,EZH2,F2RL2,FABP5,FANCA,ACSL1,PTK2B,FBLN1,OR8H1,UNC5B,CCNY,RTKN2,TPCN2,OR9I1,OR9Q1,FCER2,FCGR1BP,UCMA,SLC39A12,SPATA13,FCGR3B,MTURN,ADGRG3,ADGRF2,SCUBE3,SEMA3D,FER,FGD1,FGF7,MAPK15,FGF14,GPC5,FGFR2,FGR,FHIT,RASA3,DLGAP4,RAB11FIP2,AAK1,CHSY1,CILK1,NLRP1,SLITRK3,INPP5F,DENND3,CARD8,EPN2,ATF6,RAB3GAP1,SORCS3,SV2C,RIMS1,DAAM1,MAPKBP1,PLCH1,STK38L,FAIM2,CNOT1,MYO16,MAST3,TNIK,FNBP1,CLUAP1,HECW1,SWAP70,FOXO1,KDM4C,ERC1,ZNF423,ARHGAP26,SIPA1L3,KIF1B,IQSEC2,FSTL4,RAP1GAP2,SPART,TAB2,PLXND1,MAST2,ZC3H3,FCHO1,GRAMD4,NCDN,SNX13,MAPK8IP3,STAB1,FLNB,PASK,RGL1,RFTN1,KANK1,CYFIP1,FLT1,DTX4,PLCL2,ARHGEF9,SIK2,PLCB1,PHLPP1,TMEM131L,CAMTA1,CLEC16A,ADGRL3,FBXW11,ANKS1A,MGRN1,KIF13B,ICOSLG,FMOD,CUX2,SASH1,SZT2,SYNE1,DOCK9,PSD3,LARP1,PPP1R13B,PUM2,SIK3,PIP5K1C,GRIP1,RHOQ,LEPROTL1,MACF1,FOLR2,DAAM2,SCRIB,CABIN1,ARHGAP45,FOS,PIK3R5,RBFOX2,PSD4,TSPAN12,TSPAN15,DDAH2,DDAH1,CDC42EP4,FPR3,OPN3,CORO1C,DAPK2,PHLDA3,PLXNB2,SH3BP4,SGK3,PRKD3,IL17RA,ALK,ABCA4,ALOX5,ALOX12B,ATP6V1C2,MTOR,NR5A2,ABL1,NR5A1,FUT7,FUT8,ACKR1,FYB1,FYN,YTHDF3,CNIH2,OR6C3,GAB1,OR1L4,GABBR1,GABRA2,GABRR1,PLCXD2,UTS2B,SHC2,SLC24A2,DSTYK,NGEF,RNF19A,GALNT3,SGMS1,MYRIP,TAS2R50,WWTR1,SAMHD1,ZNF385A,PNKD,KANK2,TIPARP,C2CD3,TENM4,ACOT11,PLEKHG3,CNTNAP2,PPP1R16B,AUTS2,ANKRD17,ERC2,WIPI2,TCTN3,LRRC32,ABCA12,NOC2L,IFT172,RGS22,NPHP4,OR1F2P,PITPNC1,STAP1,TIAM2,GATA3,CLEC4E,FBXO22,FBXO8,SERGEF,OR5L2,GCG,NUPR1,KAT2A,NR6A1,PLEK2,MYOF,GCNT2,LATS2,GDF1,RGS17,GDF10,GDI2,RGL4,AMFR,GFI1,GFRA1,HBP1,CYFIP2,ABL2,NPTN,GJA8,ATP2C1,LAT,STAU2,VPS41,FOXP1,SDCBP2,PDE7B,CYTH4,SNX5,SIGLEC9,DISC1,C5AR2,TNFRSF21,SESN1,GCLC,CRCP,BMP10,RBMS3,RAB30,TNRC6A,P2RY10,GLG1,STK39,SGSM3,GLI2,GMDS,GNA12,GNA15,GNAI2,GNAI3,GNAQ,GNB1,GNG7,GNL1,GNRHR,SFN,GP1BB,GPLD1,OR51B5,STK32C,RASSF3,SLC39A5,ADGRD1,KSR2,GPR17,METRNL,LAMA1,CXCL17,GPR21,VSTM1,SH2D6,RNF149,ANGPT2,NKIRAS1,EPHA6,C3orf33,GPR35,ANK1,GPR37,SCAI,FFAR3,GRK4,GRK5,GRK6,ANK3,GRB10,RAPGEF1,GRID2,GRN,GIT1,GRIK1,GRIK2,IFT81,DBNL,HIPK2,ABR,GRIK4,NR3C1,ARHGAP35,TBK1,CTNNA3,CLEC2D,CD274,GRM4,GRM7,GRM8,GRPR,GSK3B,BLNK,TMOD2,GUCY1A1,GUCY2C,GPR171,GPR132,OSGIN1,LRP12,MDFIC,SCHIP1,PILRB,PILRA,SH3KBP1,ANXA1,HADH,HCK,HCLS1,HCRTR2,HTT,ANXA4,HEXA,NRG1,PIK3R4,ANXA6,HIC1,HIF1A,HIP1,HIVEP1,HLA-DPB1,HLA-DQB1,HLA-DRB1,HLX,HMGCR,HNRNPK,APBA1,APBA2,APBB2,HRH1,HRH2,HSPG2,NDST1,HTR2B,HTR3A,HTR7,HUS1,UBAC2,ICAM1,TAFA2,STING1,IDE,GLDN,FCRL6,SH3RF3,LRIT3,IFNAR2,IFNG,IFNGR2,MACC1,TUBB2B,IGF1R,ANKDD1A,IGF2R,IGFALS,GEN1,IGFBP7,APP,RBPJ,CASTOR3P,RILPL1,TICAM2,FAS,IL1A,IL1R1,IL1RAP,IL6R,IL7R,IL10,IL15,IL15RA,IL16,INHBA,INHBC,INPP1,INPP4A,INPP5A,INPP5B,INPP5D,ITGA6,IRAK2,IRF4,IRF7,ITGA1,ITGA2,ITGA5,ITGA9,ITGAE,ITGAL,ITGAM,ITGAV,ITGB1,ITGB2,ITGB5,ITPK1,ITPKB,ITPR1,ITPR2,JAK1,JAK3,KARS1,KCNA2,TBC1D10C,KCNB1,KIF7,KCNC4,STIMATE,NRROS,MAST4,GJB7,KCNJ3,KCNJ10,KCNN2,KCNQ1,KIF5B,ARG1,KPNA1,KRT8,SUMO4,SCIMP,CCL4L1,C1QTNF12,NOTCH2NLA,GFRAL,OR51I1,OR8K1,LAG3,OR4F15,LAMA2,RHOG,OR10K1,LAMB1,LAMP1,OR13C2,LCK,LCP2,LEPR,LFNG,LGALS1,LGALS3,LGALS3BP,ARHGDIB,LIMK1,LIMS1,RHOH,ASIC2,LMNA,LNPEP,RAB44,LPL,OR2T27,OR5K4,LRP1,LRP2,LRP6,LRP5,LSP1,LTBP1,LTF,CD180,LYN,MIRLET7B,MIR140,MIR143,MIR145,MIR17,MIR18A,MIR185,MIR195,MIR19A,MIR19B1,MIR20A,MIR200C,MIR21,MIR214,MIR30A,MIR92A1,ARRB1,SMAD1,SMAD2,SMAD3,ARRB2,SMAD6,SMAD7,ASIC1,MARK3,MAX,MB,MBP,MCC,MCL1,MDM4,MEF2A,MEF2C,MEFV,MAP3K1,MAP3K5,MGAT5,MID1,MITF,ATXN3,MKLN1,KMT2A,MLLT3,AFDN,TRPM1,MME,MMP2,MMP8,MPL,IQSEC3,PLEKHG7,CCDC88C,EIF2AK4,UNC13C,RHEX,TRIM67,MAP1LC3C,MIR302C,NUDT1,MUC4,MX1,MYB,MYO1C,MYO1E,MYO6,MYO9B,PPP1R12A,PPP1R12B,ATF3,CEACAM6,NBL1,NCK1,NEDD4,SEPTIN2,NEDD9,NEO1,NF1,NFATC1,NFIA,NFATC3,NFKB1,NGFR,NINJ1,NKG7,NNAT,NOS3,CNOT2,NOTCH1,NOTCH2,NOTCH3,NOTCH4,NPC1,NPPA,ATP2A2,ATP2A3,NRCAM,ROR1,NTS,NUCB1,NUMA1,NR4A2,ATP2B4,TIFAB,OPA1,OPRM1,OR3A2,OSM,P2RX1,P2RX3,P2RX4,P2RX7,P2RY6,P4HB,PEBP1,FURIN,PCSK6,RRM2B,MINK1,CHST11,PRDX1,IL21R,PAK2,PALM,PNPLA8,ARHGEF3,REG3A,PRKN,PAWR,PAX2,PDE11A,SLC35C2,ZBTB7B,PCK2,TNNI3K,SIDT2,SH3GLB1,ASB3,PCNT,LEF1,PLCE1,PCSK1,ZNF219,CRIM1,SHISA5,PCSK5,CLEC1A,CD320,ZDHHC3,WAC,FZR1,TAOK3,MBTPS2,UBR5,ANGPT4,PDE2A,PDE3B,PDE4A,PDE4B,PRKAG2,PDE4D,PDE6A,EVL,PDE7A,DTL,PDE9A,CXXC5,ZC3HC1,PDGFA,VPS54,PDGFB,ACKR4,PEX5L,HDAC7,CYRIB,PDK4,ASB4,ASB2,SUFU,PDPK1,NLK,CAB39,UIMC1,RAPGEF6,WWOX,CD244,RAB8B,INPP5K,TM7SF3,MAP3K20,PFDN5,PFKFB2,CDK14,PGAM2,PHB1,PIK3C2B,PIK3C2G,PIK3C3,PIK3CB,PIK3CG,PIK3R1,PI4KA,PI4KB,PIP4K2A,PKHD1,PKP2,PLA2G4A,PLAT,PLAUR,PLCB2,PLCB4,PLCD1,PLCL1,UBASH3A,PLCG1,SHC3,PLCG2,PLEC,PLN,PLP2,PLXNA1,PLXNA2,S1PR5,PLXNB1,PNOC,PML,TRIM34,TSPEAR,TLR9,SEPTIN5,SEPTIN4,ERRFI1,KCNK10,TREM1,GPR173,GNG2,SSH1,RIN2,MIOS,TOLLIP,RBM47,RHOF,APBB1IP,PPARA,PPARD,PPARG,PPBP,LEPROT,ZRANB1,AHI1,BCAS3,WBP1L,EPS8L1,FNBP1L,PLPPR1,NSUN2,RNF43,PXK,LAX1,MKS1,PPM1A,OCIAD1,PARP16,ADISSP,PPP1CA,PID1,PHIP,BANK1,USP47,ZWILCH,WIPI1,RALGPS2,ARHGAP17,PPP1R10,LRRC8D,TMEM38B,ARHGEF10L,TMEM33,PPP2R1A,RNF220,PPP2R1B,APPL2,PLEKHG6,ELP2,ASXL2,THNSL2,PPP2R5C,UBE2W,PPP2R5E,FBXW7,PPP3CA,PPP3CC,TCP11L1,STK32B,IMPACT,LGR4,PPT1,SIRPG,PRCP,MAML3,NAGK,DDX60,CDKN2AIP,PRR5,DOCK10,ZDHHC7,AMBRA1,PRKAA2,SLC39A4,LRRC40,CHD7,PRKACA,NPLOC4,DENND4C,LIMS2,SCYL2,VAC14,RADIL,CCDC88A,LMBR1L,PRKAR1A,PRKAR1B,INTS9,PRKAR2A,INAVA,PRKAR2B,PRKCA,PRKCB,TRERF1,PRKCE,PAG1,PRKCH,PRKCI,WWC3,ARHGAP15,TEX2,ASH1L,WSB2,LMO3,GPRC5C,PRKCZ,PRKDC,ERBIN,RCC2,MAPK1,SULF2,MAPK6,GNG12,MAPK8,MAPK10,MAPK13,PDGFC,MAP2K1,MAP2K2,MAP2K5,TEX14,PRL,PRLR,LRRC8A,WDR45B,PARD3,AZU1,PSAP,PSEN2,TRIM39,RETN,FMN2,SPHK2,CELF4,DPYSL5,ANKS1B,NCLN,SPPL2B,PMEPA1,DUSP22,MFF,SMYD2,RGMA,PRDM11,PSMG2,CDC42SE2,CTNNBIP1,PLSCR3,KNL1,AGTRAP,CASS4,LPAR5,CD177,RGL3,RTN4,RALGAPB,SLC44A2,SMURF1,PELI2,PELI1,ZMIZ1,RALGAPA2,ADGRG6,SNX14,PTEN,SLC4A10,PTGER2,PBXIP1,PTGER3,TMIGD3,RHBDD2,PTGS2,MIR497,MIR520C,BIRC6,TENM2,PTH2R,PTK2,PLEKHG1,NLN,AHRR,KIDINS220,ARHGAP31,RPTOR,SRGAP1,PTK6,MIB1,ELAPOR1,SORCS2,NCEH1,SEMA6A,STAMBPL1,SIPA1L2,ARHGAP20,PREX1,ARHGAP21,WDFY1,BEGAIN,ADGRB2,FNIP2,TSHZ3,VPS18,SH3RF1,PLEKHA4,RNF213,CHD8,SHTN1,ADGRB3,PTPN1,DENND1A,EPG5,ZFYVE28,PTPN3,SCUBE2,PTPN7,MARK4,RAB40C,PTPN11,G6PC2,GRHL3,PTPN13,PTPRA,PTPRC,PTPRD,PTPRE,PTPRG,PTPRJ,PTPRK,PTPRM,PTPRN2,PTPRO,NECTIN2,CXCL16,PXN,MS4A7,ARHGAP22,CACTIN,RRAGD,LY6G6D,MAP4K2,RAC2,MOK,RAF1,RALB,ACTA2,RALGDS,RAP1B,RAP1GAP,RAP1GDS1,RAPSN,RARA,RARG,RASA1,RASGRF1,RB1,HRH4,TRPV4,ALOXE3,RXFP1,LGR6,RBP4,RCVRN,BCL2,BCL2L1,RFX3,RGS3,RGS10,RGS12,RGS13,RHEB,BCL3,AVPI1,BCL6,EXOC4,PAPPA2,ROBO1,RORA,RORC,RPE65,BCR,RPS3,RPS6KA1,RPS6KA2,RSU1,RXRA,S100A1,SORT1,S100A4,S100A6,S100A9,S100A11,S100A13,SAG,CELA2A,SCN1A,SCN2B,SCN8A,CEACAM1,CCL3,CCL13,BICD1,CCL18,CCL22,BID,BIK,UBE2O,NAPB,SEC14L1,PRDM16,SECTM1,MYO1G,SELE,PERP,GOLPH3,BLM,NPFFR1,NOD2,IFIH1,MAP2K4,SEMA4A,HERPUD2,MS4A6A,ARHGEF28,LMBR1,ARHGAP9,NXN,ZNF106,PALS1,RGS18,SGK1,ITSN1,SH3GL1,CLEC7A,SHB,SIAH1,SIAH2,MICAL1,AEN,CRTC3,DEPTOR,MARCHF7,NIBAN2,RASAL3,SIPA1,SKI,NDRG4,SKP2,SLA,RAPH1,SLC1A2,SLC1A7,WNK1,SLC2A1,SLC2A4,NADK,SLC6A6,SLC6A9,SLC8A1,BMP7,SLC12A3,SLC34A1,SLC18A2,SLC20A1,BMPR1B,SLIT3,BMPR2,SMARCA4,PHACTR4,AACS,SMARCC1,SNCA,SNCG,SOD1,SORL1,SOS1,DST,SP100,SPI1,SPN,SPTBN1,SRC,SRD5A2,SREBF1,SREBF2,BRAF,SRPK1,DENND2B,STAC,ZFP36L1,STAT3,STAT5B,STK3,STK4,CDKL5,STRN,BSG,SYK,SYN2,SYPL1,SYT1,TBXT,ADAM17,TBL1X,TBX6,TCF7,TCF7L2,TEAD3,TEC,TMBIM6,TEK,TG,TGFA,TGFB1,TGFBR1,TGFBR2,TGFBR3,TGM2,THBS1,TSPO,THRA,THRB,TIAM1,TIE1,TIMP3,TLE1,TLE2,TLE4,TLN1,TLR5,GPR137B,TNFAIP3,TNFAIP6,TNFRSF1A,TNFRSF1B,TNNI3,TNXB,TP53BP2,TP73,TPD52L1,TPR,TPT1,NR2C2,TRAF1,TRAF2,TRAF3,TRAF5,TRAF6,C3AR1,TRIO,TRPM2,TSG101,TSHR,CAPN5,EIPR1,TTN,DEFA1B,CCR2,TNFRSF4,TXK,TXNRD1,MOSMO,ACOD1,RFX8,UBE2D3,UBE2V1,UGCG,UPP1,UTRN,VAV2,VDAC1,VIM,VRK2,VWF,WFS1,DAGLA,WNT8B,WRN,XPC,XRCC3,LDLRAD4,YWHAG,YWHAH,YWHAZ,ZFP36,PTTG1IP,CA2,CA7,RELL1,CACNA1A,CACNA1C,CACNA1D,ZP3,LAPTM5,CACNA2D1,CACNB1,CACNB2,PXDN,TUBA1A,PAX8,CACNB4,MAPKAPK3,USP7,RAB7A,NABP2,PVRIG,CARD14,MAPKAP1,DERL1,BAG6,OR13A1,FCRL2,EPS8L3,TMEM231,TCTN1,ADIPOR2,RNASEH2B,NDNF,SH3TC2,RHBDF2,TMEM204,ARHGAP10,DYNC2H1,NLRX1,LRRK1,TBL1XR1,SLC25A22,ASB13,MCTP1,MYH14,FBXO31,GSDMD,TTC21B,MMRN2,MOB3B,CAMKMT,NEK11,RABEP2,UBA5,CAAP1,RIN3,PRR5L,BTNL8,DOK3,KAT6A,ATAT1,WLS,SVEP1,DOCK5,SLC8B1,SEMA6D,ADAMTS20,CALM1,BICC1,NR4A3,ARMC9,ALPK1,RAB11FIP1,STAM,CDK5RAP3,FER1L4,NCOA4,PDGFD,CPEB4,DNAJC5,CD276,CSRP3,MPIG6B,NDFIP1,DUSP16,APOL3,SH3BP5L,FXR1,ACTN4,WNT5B,ZBP1,COLEC12,CALR,ANP32A,SLC7A5,SLC38A1,TRIM11,CLPB,ANKRD13C,SNX27,CAB39L,ITM2C,KAZALD1,CAMK2D,ADAMTS12,CAMK2G,SYN3,CAPN1,CAPN3,DYSF,COLQ,KLRC4,AXIN1,CASP1,FCRL4,APH1B,ARHGAP24,PLVAP,CASP2,RASSF5,CCM2,CCDC3,SESN2,FERMT3,ATG10,ITCH,FRMD8,MAD1L1,FGFBP2,KCTD10,CASP6,STK40,RASSF4,NCALD,KREMEN1,ADGRV1,DTNBP1,MYCBPAP,ULK1,EEA1,BCAR3,LRRIQ1,ZNRF3,PPP1R1B,ARID5B,NLRC5,SLA2,CMAHP,LRRC8C,TRAF7,GARNL3,SLC25A33,STK24,RNF135,CASP10,BRMS1L,VPS25,RASAL1,NSMAF,NCK2,CARD11,ADGRA1,MAML2,DOT1L,LZTS2,SYVN1,FAM120B,CASQ2,CUL3,CUL1,CASR,NTNG2,TTBK1,IL1F10,USP32,MS4A14,GPR65,SEMA7A,ADTRP,KLHL22,HAVCR2,ORAI1,MFSD2A,TMTC4,MAP4K3,ZFYVE19,ZNRF1,HSH2D,MAEL,CGNL1,UBASH3B,DISP1,PPFIA2,PPFIA1,PKP4,CNTNAP1,ITGA8,DGKZ,DGKE,DGKD,LGALS12,MYLK2,NKD1,ITPRIP,CDC14B,MADD,CAV1,CASK,RUNX2,KLF7,PLPP1,PLPP3,STC2,CADPS,NPFF,CDK13,RFXANK,UNC5C,OASL,DCHS1,PTCH2,AKR1C3,NCOA1,TNKS,EIF3A,STX11,BECN1,PEA15,MARCO,S1PR4,MBTPS1,CTNNAL1,GBF1,MYOM1,CRADD,TNFSF12,TNFSF10,CBS,ADAM9,FADD,NAPA,TNFRSF11A,TNFRSF10C,TNFRSF10B,TNFRSF10A,IL18RAP,IL1RL2,IL18R1,HESX1,IQGAP1,NRP2,NRP1,SYNGAP1,SOCS2,CFLAR,CCN4,HDAC3,KSR1,KAT2B,NR1I2,STK19,LDB1,CCKBR,ARHGEF7,VNN1,NAE1,MTMR3,MTMR2,CPNE1,MBD2,SKAP2,BTRC,CCND3,FGD3,MVB12B,KLHL6,RPS6KA4,PLCZ1,TRIM15,PGLYRP1,LIMD1,TNFSF18,KALRN,ACVR1,SYT8,MPZL1,OTULIN,CCRL2,SEMA5A,SPAG9,DOK2,AIP,PSTPIP1,MCU,STARD13,ANGPTL1,DIRAS3,PIP4P1,USP10,USP8,MTA1,LATS1,ARHGEF1,CBFA2T2,RNF185,SYNGR1,RSAD2,FIBP,CD3E,CHURC1,DEPDC7,IL1RL1,MAP3K13,SLC24A1,DDX21,CD247,DCLK1,CD5,LGI1,LARGE1,VAPB,VAPA,MAGI1,STYXL2,DLGAP1,CD6,SPSB4,DHRS3,NUMBL,MFHAS1,MOB1B,MAPKAPK2,STK17B,CYTH1,ITGB1BP1,DNER,BPIFB1,SHKBP1,TAAR3P,S1PR2,SOCS6,CD83,NREP,COPS2,TRIP13,TRIP4,CD22,ITGBL1,ARHGAP18,NHERF1,PLAA,NRXN1,NRXN2,OTOF,CD27,NMT2,ACVRL1,GRAP2,HTRA3,CD80,RP1L1,CD86,GSTO1,AIM2,MAP4K4,LY86,EIF2AK3,HOMER2,ARHGEF6,RASAL2,PICK1,AKAP7,SH3BP5,CD34,AKAP6,ATG5,CD36,SLC4A8,MAGED1,RPH3AL,ADAMTS3,CD38,EEF1E1,GTPBP1,CLOCK,BABAM2,CDC42BPB,PREPL,AKAP12,CD44,NCOR2,NUP155,FEZ2,ARHGEF10,ZNF592,FNIP1,CTR9,PPM1F,RALGPS1,CD59,TTI1,PHF14,FAM53B,CD68,DEPDC5,VGLL4,NUP93,RAPGEF2,PUM1,RIMS2,ST18,NOS1AP,RAB11FIP3,USP34,CD79B,IFT140,ARHGAP32,CLSTN3,CD81,RIPOR2,HDAC4,ADGRE5,RAPGEF5,BCLAF1,CDA,KIAA0586,MTSS1,MAML1,GIT2,RB1CC1,MELK,ZEB2,TESPA1,ELMO1,GAB2,C2CD5,FARP2,MAGI2,PJA2,FCHSD2,TLK1,SRGAP3,RNF10,IQSEC1,KIF14,P2RY14,ARHGAP25,USP15,MVP,TNFSF15,NR1H4,CDH1,SLC12A6,CASP8AP2","Sputum_Mixed granulocytic"
"CC","Golgi membrane",665,248,0.000522556496415736,0.0630257528200041,"ABCB6,UST,RASGRP1,ADAM10,STX6,BET1,COG5,ARFGEF1,RAB10,TMED2,LMAN2,TMED10,KDELR2,GALNT6,PDCD10,MGAT4B,VPS45,MGAT4A,NLRP3,GALNT13,GBP5,GALNT15,CLCN3,TBC1D20,COPA,ATF6B,GCNT7,VTI1A,MGAT5B,CREB3L4,GLIPR2,PAQR3,VPS13B,CD55,AP1B1,SGMS2,SLC30A8,FUT11,DNM2,EGFR,RAB12,DIPK2A,EXT1,EXT2,MARCHF8,C6orf89,CHSY1,FNDC3A,SACM1L,ATF6,ERC1,CLCC1,MAPK8IP3,DENND5A,TMED3,ABCA6,ATP6V0A2,PLD3,PITPNB,MTOR,FUT4,FUT7,FUT8,ZDHHC20,ST6GALNAC3,GALNT2,GALNT3,SGMS1,GORASP2,ABCA12,STEAP2,ARFGAP3,GCNT1,GCNT2,B4GALT1,ATP2C1,TRAPPC3,CYTH4,RAB30,GLG1,GNAI3,GOLGA3,GOLGA4,DBNL,DSE,ST6GALNAC6,HLA-DPB1,HLA-DQA1,HLA-DQA2,HLA-DQB1,HLA-DQB2,HLA-DRA,HLA-DRB1,HLA-DRB5,HPD,NDST1,ICA1,STING1,IFNGR2,IGF2R,IL15RA,TRIM23,B3GNT8,LFNG,MYO18A,ARRB1,MAN1A1,MAN2A2,MAN2A1,MGAT3,MGAT5,GALNTL6,NOS3,NOTCH1,NOTCH2,NOTCH3,NOTCH4,FURIN,CHST11,GALNT9,ASAP1,ATL1,SH3GLB1,A4GNT,PLCE1,MARCHF2,ZDHHC3,GASK1B,MBTPS2,CHST15,ATP6V1D,TRAPPC4,PDGFA,PDGFB,RAB6B,ATP6V1H,GALNT7,PI4KB,PLA2G4A,ATP6V0B,TLR9,LEPROT,WIPI1,ZDHHC4,GOLPH3L,RNF121,PI4K2A,CHST12,GALNT10,ZDHHC7,VAC14,CSGALNACT1,PRKCI,PDGFC,PSEN2,AGPAT3,TMEM167B,SPPL2B,PMEPA1,AGTRAP,MAN1C1,SCYL3,ERGIC1,RHBDD2,GALNT16,ARHGAP21,RIC1,QSOX1,MAP4K2,RAP1GAP,RHEB,KIF13A,GOLPH3,XYLT1,ST6GAL1,ST3GAL1,ST3GAL2,ST3GAL3,CASD1,SLC2A1,SORL1,SREBF1,SREBF2,BSG,SURF4,ADAM17,TNFRSF1A,UGCG,LDLRAD4,TMEM50B,ST8SIA4,FKRP,GNPTAB,ARMH3,GALNT14,GALNT12,LPCAT1,NAA60,KIAA0319L,WLS,PDGFD,TRAF3IP3,NDFIP1,APH1B,CHST9,COG3,B3GNT5,ZDHHC18,STK24,COG8,TPST2,TPST1,USP32,CRACR2A,TMEM87B,CAV1,PLPP3,CBFA2T3,TNKS,B4GALT4,B4GALT2,MBTPS1,GBF1,AP1M1,SYS1,SLC39A13,COG7,LARGE1,VAPA,PXYLP1,GCNT3,CYTH1,B3GNT7,PGAP3,B4GALT6,B4GALT5,OTOF,COG1,CHST3,SCARB2,GOSR1,TMEM59,RAB36,ABCG1,CD59,RAB11FIP3,ARHGAP32,CLSTN3,PJA2,FIG4,ATP2C2,SEC16A,HS3ST3B1,DOP1B","Sputum_Mixed granulocytic"
"CC","extracellular exosome",2145,672,0.000524197644912021,0.0630257528200041,"A1BG,ABI1,PDCD6,MIR1304,ABCB6,DPP3,EDIL3,WASF2,ADAM10,NUTF2,PATJ,CTDSPL,ATP8A1,NDRG1,RACK1,CPQ,WFDC2,BASP1,RAPGEF3,BAIAP2,VAT1,SEMA3C,NEBL,DCTN2,ANP32B,OLFM4,STAMBP,PMVK,CETP,GIPC1,HBS1L,NCKAP1,IQGAP2,CEACAM8,RAB10,MMP24,MTMR11,EHD1,LMAN2,CKAP4,YWHAQ,LILRB4,WWP2,CORO1A,FSTL1,PDCD10,PADI2,PACSIN2,SCN11A,MGAT4A,TMC6,ACOT7,PGLYRP2,SLAMF6,OSBPL1A,C1QTNF3,SLC22A12,LRG1,AGAP2,CLU,GSTO2,TPP1,TMEM52B,CLTC,ZG16B,GGT6,OSCAR,CNTN1,PRXL2B,FAM168B,COL12A1,GALM,CPNE4,COMP,COMT,COPA,H1-8,TMPRSS11B,CP,CPB2,CPD,CPM,CPN2,S100A16,SIRPA,PARP4,CS,PLEKHA7,CSK,CSNK2B,TOM1L2,TMC8,PM20D1,CTNS,CTNND1,CTSB,CTSG,CTSH,CPNE9,GLIPR2,CTSZ,PEBP4,ADSS2,AARS1,CD55,EML5,DARS1,DEFA1,DEFA3,DHX36,DLG1,DNM1,DYNC1H1,DNM2,DOCK2,DPP4,DPYS,SLC26A2,DUT,ECE1,AHCY,EEF2,EGF,EIF2S1,ANO6,EIF4E,ELANE,SERPINB1,A2M,ENO1,AK2,STOM,ALAD,ALB,EXT2,F12,FABP4,FABP5,FAH,FBLN1,FASN,FAT2,ARMC3,SLC37A2,FCER2,CPNE2,FCGR3B,ALDH9A1,FGR,FH,RHOBTB3,FKBP5,RAB3GAP1,TNIK,ENDOD1,AKR1B1,FLNB,RFTN1,CYFIP1,SYNE2,PLCB1,MGRN1,ICOSLG,CUX2,TUT4,NEDD4L,JADE2,COTL1,RHOQ,SLC44A1,QPRT,DAAM2,SCRIB,DDAH2,DDAH1,HEBP2,PLD3,PLXNB2,PLA2G15,SH3BP4,ALK,ATP6V1C2,ALPL,FUT8,GAA,SERINC5,QPCT,GCA,PRDX5,NIPBL,GALNS,GALNT3,CLIC4,ACOT11,DNM3,GARS1,PHGDH,TIAM2,GBE1,MYOF,GDI2,GFRA1,GGT1,B4GALT1,CYFIP2,SND1,SDCBP2,AGO2,GLB1,GLG1,TOR1B,GM2A,GMDS,GNAI2,GNAI3,GNAQ,GNB1,GNG7,GNS,AMY2B,GOLGA4,GOT2,SFN,GPD1,GPLD1,GPM6A,SLC39A5,SLC46A3,METRNL,GPX4,GRN,DBNL,CD274,GSN,GSTA3,OLA1,ZDHHC1,PILRA,ANXA1,H2BC5,ANXA2,ANXA4,HEXA,HEXB,EHD4,ANXA6,ANXA11,HLA-DRA,HLA-DRB1,HLA-DRB5,AOX1,HNMT,HNRNPK,HPD,HSPG2,IARS1,ICAM1,ICAM3,IDE,IDH2,EYS,IGF2R,IGFALS,IGFBP7,APP,FAS,ITGA1,ITGAL,ITGAM,ITGAV,ITGB1,ITGB2,ITGB5,CD82,B3GNT8,KIFC3,ARF5,KRT8,KRT10,KRT13,KRT33B,HRNR,LAMA3,RHOG,LAMA4,LAMB1,LAMP1,LCK,LCN2,LDHA,LGALS1,LGALS3,LGALS3BP,ARHGDIB,LPO,LRP2,LSP1,LTA4H,LTF,LUM,LYN,MIRLET7B,MIR143,MIR145,MIR17,MIR19A,MIR21,TACSTD2,ARSB,MAN1A1,MAN2A1,MARK3,MARS1,MB,ART3,MDH2,MGAT5,MGP,MLLT3,MME,MPO,ABCC1,MYO1B,MSRA,MTAP,MUC4,MYH10,MYH11,MYO1C,MYO1D,MYO1E,MYO5A,MYO6,HNRNPM,NEB,NEDD4,SEPTIN2,ACO1,FXYD2,NPC1,NRF1,ATP2B2,NUCB1,NUMA1,ALDH7A1,P2RX4,P4HB,PEBP1,FURIN,MINK1,NOX3,PRDX1,ITSN2,HEBP1,PCBD1,LAP3,CRYL1,VPS28,PCOLCE,PDCD2,ATP6V1D,PCYOX1,ANKFY1,VTA1,CYRIB,ATP6V1H,CAB39,UPB1,ERAP1,RAB8B,TM7SF3,GALNT7,PEPD,PEX1,PFKP,PGAM2,PHB1,ATP6V1B2,SERPINA1,SERPINA4,SERPINB6,SERPINB13,ATP6V1C1,PI4KA,ACP2,PITPNA,PKLR,PKHD1,PKM,PLAT,PLCD1,UBASH3A,PLCG2,PLEC,FXYD3,PLOD1,PLOD2,PLXNA1,CDHR5,PCBP3,GNG2,PON3,TOLLIP,CPVL,RHOF,ARL15,CTSA,EPS8L1,NSUN2,CHCHD3,PPP1CA,TTC38,EPN3,VPS37C,PPP2R1A,VPS13D,PPP2R1B,APPL2,PGM2,PPT1,PRCP,NAGK,ITLN1,VPS50,DOCK10,PRKACA,PRKAR2A,PRKAR2B,PRKCA,PRKCB,PRKCH,CAND1,PRKCI,GPRC5C,PRKCZ,MYO5C,GNG12,BAIAP2L1,PDGFC,DNAJC3,TEX14,PRSS8,AZU1,PSAP,RETN,PSMA1,PSMB8,PSMB9,SLC12A9,PSMD3,RAB25,CD177,MAN1C1,SLC44A2,SMURF1,ELAPOR1,DIP2B,QSOX1,CPNE5,PTPN13,PTPRA,PTPRC,PTPRD,PTPRG,PTPRJ,PTPRO,NECTIN2,PYGL,RAB5B,RAB27A,RAC2,RALB,ACTA2,RAP1B,RAP1GDS1,RARRES1,RBL2,SCPEP1,RBP4,RHEB,PAPPA2,RPL3,BCR,RPL23A,RPL31,RPS3,RREB1,RSU1,RYR1,S100A4,S100A6,S100A9,S100A10,S100A11,S100P,CFB,SCNN1A,CEACAM1,NAPB,SECTM1,MYO1G,RBSN,P3H1,RAB17,SRSF7,PALS1,BLVRA,SHBG,ST3GAL1,NIBAN2,RASAL3,SLC2A1,SLC2A4,SLC2A5,SLC5A2,SLC9A3,SLC12A3,SLC20A2,CHID1,SNCG,SOD1,SORL1,SPN,SPTBN1,SRC,STK10,BSG,SULT2B1,SYPL1,BTD,MIR619,TECTA,TGFBI,TGFBR3,TGM2,THBS1,TSPO,TLN1,SERPING1,TNFAIP3,TNXB,C2,TPM3,TPM4,TPT1,TSG101,CAPN5,DNAJC7,TTN,DEFA1B,HIRA,TXNRD1,UBE2D3,UBE2V1,UTRN,VCL,VDAC1,VIM,VWF,WARS1,XPNPEP1,FMNL1,YWHAG,YWHAH,YWHAZ,PTTG1IP,CA2,CACNA2D1,PXDN,MOGS,TUBA1A,RAB7A,AHNAK,BAG6,DYNC2H1,PRKRIP1,VPS37B,MYH14,MMRN2,THSD4,CYBRD1,WLS,UXS1,ARMC9,NAA50,CUBN,TTYH3,COL18A1,ACTN4,WNT5B,CALR,SLC7A5,SLC38A1,NECTIN4,ITM2C,CANX,CLTCL1,CAPG,CAPN1,DYSF,CAPZB,PLVAP,AIF1L,CRISPLD1,FERMT3,CRISPLD2,ITCH,RBP5,ANGPTL6,TBC1D10A,FAM234A,ADGRV1,HDHD2,EEA1,STX7,LOXL4,STK24,VPS25,CARD11,CUL3,ATRN,CAT,CDC42BPA,PPFIA2,ABCC11,STRIP1,BCAS1,PLPP1,RNASET2,AKR1C3,SERPINA6,SLC4A4,KRT38,KRT37,KRT36,ACTN1,TNFSF10,ADAM9,NAPA,CDKL1,IQGAP1,PROM1,MTMR2,CPNE1,AP1M1,PLOD3,MVB12B,PGLYRP1,KALRN,SEMA5A,SPAG9,ANGPTL1,ACY3,GCNT3,MOB1B,MAPKAPK2,BPIFB1,CD9,CD22,SLC22A6,CPNE6,NHERF1,KIF3B,PLAA,TM9SF2,CD86,GSTO1,SCARB2,ADAMTS3,CD37,CD38,TMEM59,MACROH2A1,CDC42BPB,CREB5,CD44,CD48,CD58,IQCB1,CD59,RIMS2,TMEM63A,CD79B,CD81,ADGRE5,WDR1,MVP,THRAP3,DOP1B,CDH1","Sputum_Mixed granulocytic"
"BP","positive regulation of T cell differentiation",116,54,0.000533483597741114,0.0634302296503036,"ADA,RASGRP1,BTN2A2,KAT5,MALT1,LILRB4,DUSP10,NLRP3,PIK3R6,GATA3,GLI2,ANXA1,HLA-DRA,HLA-DRB1,HLX,IFNG,IL7R,ITPKB,RHOH,MIR21,ZBTB7B,LEF1,SASH3,PBRM1,AMBRA1,PRKCZ,ZMIZ1,ARID1B,PTPRC,RARA,BCL6,VSIR,KLHL25,SHB,SMARCA2,SMARCA4,SMARCC1,SMARCD1,SMARCD2,SOX12,STAT5B,SYK,TGFBR2,ZBTB16,RUNX1,RUNX3,CBFB,IL1RL2,VNN1,CD83,CD27,CD80,CD86,TESPA1","Sputum_Mixed granulocytic"
"BP","negative regulation of interleukin-2 production",28,17,0.000535643154940407,0.0634302296503036,"KAT5,LILRB4,GATA3,LAG3,HDAC7,PTPRC,TRIM27,NOD2,SFTPD,TNFAIP3,ZFP36,LAPTM5,HAVCR2,NAV3,HOMER2,CD34,NR1H4","Sputum_Mixed granulocytic"
"BP","production of molecular mediator of immune response",225,83,0.000535935754834461,0.0634302296503036,"C17orf99,CD96,NOD1,TRAF3IP2,LILRB1,ARID5A,MALT1,SPINK5,LILRB4,IRAK3,NLRP3,CLNK,SLC15A4,SHLD1,CD55,DENND1B,DHX36,ELANE,GAPT,SWAP70,SAMHD1,GATA3,FFAR3,HK1,TICAM2,IL1R1,IL10,JAK3,ARG1,SCIMP,LIG4,MIR302A,SMAD7,MSH3,P2RX7,CD244,PHB1,PLCG2,ACP5,TLR9,TREM1,SASH3,SHLD2,INAVA,PRKCZ,PRKDC,CTNNBL1,SPHK2,AICDA,PTPRC,RBP4,BCL6,NOD2,CLEC7A,SYK,TCF3,TMBIM6,TGFB1,TNFRSF1B,TRAF2,TRAF6,CCR2,TNFRSF4,NSD2,XRCC4,LAPTM5,CYREN,NLRX1,NHEJ1,NR4A3,NDFIP1,SLC7A5,SANBR,SEMA7A,IL18R1,MCM3AP,SLAMF9,RSAD2,DDX21,MAPKAPK2,CD22,CD86,ATG5,CD36,CD81","Sputum_Mixed granulocytic"
"BP","negative regulation of cell adhesion",311,123,0.000540630657985982,0.0636543578863909,"TSPAN32,PLXNC1,ADAM10,BTN2A2,DLC1,GPNMB,SEMA4D,LILRB1,LILRB4,ADORA2A,RC3H1,CTLA4,CTSG,CYP1B1,DAB1,DLG1,DSCAM,DUSP3,EFNA5,AKT1,FBLN1,FGL1,SWAP70,PLXND1,KANK1,TMEM131L,SCRIB,CORO1C,PLXNB2,ABL1,LRRC32,ABCA12,GCNT2,TNFRSF21,ADAMDEC1,ANGPT2,RGCC,CD274,ANXA1,HLA-DRB1,HLX,HSPG2,IL10,JAK3,MIA3,ARG1,LAG3,LGALS3,MIR141,MIR192,MIR21,TACSTD2,MIR92A1,SMAD7,MBP,MMP2,TARM1,NF1,NOTCH1,NOTCH4,PAWR,ZBTB7B,PDE3B,PIK3R1,PLXNA1,ADAM22,PLXNA2,PLXNB1,PPARA,LAX1,PRKAR1A,PAG1,RCC2,MAP2K5,CRTAM,DUSP22,PELI1,PTEN,PTK2,SEMA6A,PTPN11,PTPRC,PTPRO,RASA1,TRPV4,BCL6,CEACAM1,VSIR,SFTPD,MARCHF7,SIPA1,WNK1,LGALS9C,SPI1,SPN,SRC,TBCD,TGFB1,TGFBI,THBS1,LAPTM5,AKNA,NDFIP1,ACTN4,ITCH,MAD1L1,ADTRP,HAVCR2,UBASH3B,CASK,RUNX1,RUNX3,CBFB,TNFSF18,PHLDB2,SEMA5A,ITGB1BP1,CD9,SOCS6,ACVRL1,CD80,CD86,MAP4K4,PPM1F,RIPOR2,CDH1","Sputum_Mixed granulocytic"
"BP","positive regulation of immune effector process",266,95,0.000552429420483725,0.064708279129238,"C17orf99,KLRC4-KLRK1,RASGRP1,NOD1,LILRB1,ARID5A,MALT1,NLRP3,SLAMF6,CLNK,ADORA2B,SHLD1,CD55,DENND1B,DHX36,UNC13D,FCER2,FER,FGR,ANKRD17,STAP1,GATA3,FFAR3,ANXA1,HK1,HLA-DRA,HLA-DRB1,HLX,IFNG,TICAM2,IL1R1,IL10,ITGAM,ITGB2,ARG1,SCIMP,LAG3,LAMP1,MYO18A,LYN,MIR21,P2RX7,CYRIB,PDPK1,CD244,PHB1,PLCG2,TLR9,SASH3,SHLD2,APPL2,DDX60,INAVA,PRKCZ,CRTAM,SPHK2,C12orf4,CD177,PTPRC,PTPRJ,NECTIN2,RAC2,RARA,RBP4,NOD2,CLEC7A,SHB,SPI1,STAT5B,SYK,TGFB1,TRAF2,TRAF6,CCR2,TNFRSF4,NSD2,ZP3,LAPTM5,NR4A3,SLC7A5,KLRC4,STX7,SEMA7A,FADD,IL18RAP,IL18R1,CD84,CD1D,RSAD2,DDX21,MAPKAPK2,CD80,CD86,CD36,CD81,GAB2","Sputum_Mixed granulocytic"
"MF","phosphoprotein binding",93,49,0.000562985248198423,0.0654218395592531,"LEO1,SHE,DPYS,EPB41,FGR,SCAF8,MTOR,ABL1,LDLRAP1,STAP1,ABL2,SFN,TBK1,HCK,IGF2R,LCK,LYN,MID1,NEDD4,PIK3R1,PLAT,SHC3,PLCG2,APTX,FBXW7,MAPK1,PTPN3,PTPN11,RASA1,RB1,SAG,PCIF1,SAMSN1,SHB,SLA,SNCA,SRC,SYK,VAV2,YWHAG,YWHAZ,BCAR3,NCK2,LRP11,UBASH3B,BTRC,SHF,GRAP2,THRAP3","Sputum_Mixed granulocytic"
"BP","glycerolipid metabolic process",388,147,0.00056427920056388,0.0654218395592531,"PIGK,CDS1,PEMT,KAT5,CETP,ABHD2,PLAAT3,CHKA,MGLL,OSBPL5,OSBPL8,OSBPL10,MOGAT1,PLAAT5,IP6K3,PLA2G4E,PIGU,MBOAT2,CPT1A,GPAT4,ABHD16B,ABHD12B,TTC7B,MBOAT1,AWAT2,DGKG,DGKH,DGKQ,LIPH,ABCA3,FABP5,ACSL1,DAGLB,INPP5F,SACM1L,EFR3A,LPIN1,PLCB1,PIP5K1C,SLC44A1,PIGN,PLA2G15,PISD,G6PC1,SERINC5,DHRS7B,ABHD12,HDHD5,GPD1,GPLD1,PLA2G4D,GDPD1,HADHA,PIK3R4,HTR2B,INPP1,INPP4A,INPP5A,INPP5B,INPP5D,ITPKB,LDLR,LIPC,LPL,MIR192,PNPLA8,PCK2,PLCE1,PCYT1A,PDGFA,PDGFB,PIGT,INPP5K,PIGH,PIK3C2B,PIK3C2G,PIK3C3,PIK3CB,PIK3CG,PIK3R1,PI4KA,PI4KB,PIP4K2A,PLA2G4A,PLCB2,PLCD1,PLCG1,PLCG2,CRLS1,PLAAT2,FBXW7,AGPAT5,PI4K2A,PIP4P2,VAC14,AGPAT3,AGPAT4,PLSCR3,PNPLA2,SLC44A2,TTC7A,PTEN,SERINC1,PITPNM2,GPAM,PTPN11,LMF1,MPPE1,MTMR9,SORL1,SREBF1,TAFAZZIN,TNXB,UVRAG,DAGLA,MBOAT7,TBL1XR1,LPCAT1,MOGAT2,PNPLA3,PTDSS2,PITPNM3,PIP5K1B,SLA2,DGAT2,CAT,MFSD2A,SERAC1,PIGY,DGKZ,DGKE,DGKD,CAV1,BECN1,CDS2,SOCS2,SYNJ2,MTMR3,MTMR2,PIP4P1,MTMR7,SOCS6,PGAP3,PIGL,PGS1,LPIN2,PTDSS1,FIG4,NR1H4","Sputum_Mixed granulocytic"
"BP","positive regulation of inflammatory response",151,55,0.000568035139432354,0.0655229975048772,"TNIP1,NLRP3,ADORA2B,AGTR1,ETS1,FABP4,NLRP1,IL17RA,ALOX5AP,STAP1,NUPR1,FFAR3,GRN,IFNG,APP,IL15,IL16,KARS1,C2CD4B,LDLR,LGALS1,LPL,MIR21,MIR92A1,MEFV,MMP8,ABCC1,NINJ1,NKG7,OSM,PDE2A,PIK3CG,PLCG2,TLR9,MAPK13,PTGER3,PTGS2,TRPV4,S100A9,CCL3,SNCA,STAT5B,TGFB1,TNFRSF1A,CCR2,ZP3,GSDMD,ZBP1,CASP1,TTBK1,TNFRSF11A,CCN4,TNFSF18,IL1RL1,AIM2,CLOCK,CD81","Sputum_Mixed granulocytic"
"BP","organic substance transport",2809,904,0.000617564392180184,0.0708764305449621,"SNAP25-AS1,PDCD6,TIMM23,SLC17A4,ABCC5,ABCB6,DNM1L,TIMM23B,ATP9A,CERT1,KIF20A,CDH17,SLC25A13,CALCRL,NUTF2,MFSD10,STX6,SLC35B1,AP3S2,ABCC4,RAMP1,RAMP3,BET1,VPS26C,ABCA10,ABCA9,MICU1,ATP8A1,RACK1,RAPGEF3,ARIH2,COG5,SLC25A17,UNC13B,IPO7,ATG7,ANP32B,ARFGEF1,SORBS1,IGF2BP2,MTX2,CES1,CETP,GIPC1,TRAF3IP2,NUP50,KDM5B,SLC17A3,STARD10,HPSE,LILRB1,RAB10,EHD1,AP3M2,TMED2,LMAN2,YWHAQ,TMED10,KDELR2,RAB31,CPSF6,WWP2,RAPGEF4,PKIG,CORO1A,SLC2A6,CHKA,ABCB8,PDCD10,SCN11A,VPS26B,LYST,SLCO2B1,CHRM3,VPS45,SLC46A1,EXOC3,PKD1L2,OSBPL1A,OSBPL5,OSBPL8,OSBPL9,OSBPL10,C1QTNF3,CIDEA,GBP5,RAB3C,SLC22A12,SLC26A8,AGAP2,AGAP1,SLC16A10,AP2S1,TMC1,AP3S1,SFXN2,PDZD8,CLU,CALHM3,SLC36A4,SLC15A4,CLTC,CCR1,TTC8,SLC24A4,ABCC2,SNX20,SLC38A10,SLC43A2,MIEF2,RINL,TANGO2,RFTN2,UBR3,ZFAND2B,MTERF4,COMP,COPA,STXBP5,ADORA2A,CPT1A,VPS37A,CPT1B,CREBL2,CRHBP,CRHR1,TMEM37,CRY2,TRPM6,VTI1A,MAPK14,CSK,HNRNPA1L2,TOM1L2,STARD6,ADRA1A,SLC35F3,MFSD4A,CTNS,COMMD1,SLC38A11,SCFD2,FAM53A,SLC38A9,ABCA13,SLC2A7,GRK2,VPS13B,FAM91A1,TTC39B,CYP19A1,DAB2,C11orf65,C12orf50,TAMALIN,AP2A2,AP1B1,DENND1B,CNST,PKD1L1,SLC30A8,DLG2,DMD,DNM2,ABAT,DRD4,SLC26A2,AGTR1,E2F3,ECT2,ABCA1,EIF2D,EFNA5,EGF,PLPP4,ANO6,METTL21C,ABCA2,SLC51A,TVP23C,SPNS3,RAB12,CTTN,ENSA,TSNARE1,EPB41,STOM,STX2,EPS15,SLC36A1,AKT1,AKT2,ABCA3,F2RL2,FABP4,FABP5,ACSL1,PTK2B,SLC37A2,TPCN2,SLC16A9,SLC39A12,ARL5B,MICU2,MAPK15,RASA3,RAB11FIP2,LMTK2,TRAK1,RAB3GAP1,CEP131,RIMS1,PLCH1,XPO7,GGA2,FOXO1,ERC1,ZC3H3,SNX13,MAPK8IP3,PASK,RFTN1,FAF2,MLC1,XPO6,NUP210,EXOC6B,PLCB1,ATP11A,EXOC7,NUP160,SMG6,BICD2,EHBP1,KIF13B,VPS39,VPS8,TMED3,GRIP1,SLC7A8,AP4E1,RHOQ,SLC44A1,ABCA6,MACF1,FOLR2,SCRIB,SLC16A8,OPN3,PITPNB,ABCA4,ALOX5,ABL1,FYN,G6PC1,ZDHHC20,GABBR1,CALHM1,SERINC5,SNX33,SLC24A2,MYRIP,SEC31B,IBTK,UPF2,OSBPL3,GGA1,LDLRAP1,GAPVD1,TRPC4AP,ABCA12,PITPNC1,ARFGAP3,SERGEF,GCG,SLC17A5,GDI2,ATP2C1,VPS41,SNX5,BBS9,BIN1,GM2A,GNAI2,GOLGA4,GOT2,SFN,GP1BB,GP9,GPLD1,GPM6A,SLCO4A1,SLCO3A1,SLC39A5,SIAH3,CAVIN1,SLC25A42,SLC36A3,GPR35,XKR6,FFAR3,ANK3,GRB10,SNX24,SETD2,CNIH4,GRM7,GSK3B,ZDHHC1,SNX8,SNX10,SEC61A1,SLC25A24,MDFIC,ANXA1,ANXA2,HADH,HCLS1,HTT,HDLBP,PIK3R4,ANXA6,HIF1A,HIP1,HK2,HLA-DRB1,HMGCR,APBA1,APBA2,RAB37,AGFG1,HTR2B,UBAC2,SLCO1B7,SLC10A6,IFNG,RILPL1,IL1A,IL16,INHBA,AQP7,AQP9,ITGAM,ITGAV,ITGB1,ITGB2,ITPR1,ITPR2,TRIM23,KCNA2,KCNB1,ATP9B,MIA3,KCNE1,STIMATE,SLC26A5,KCNJ10,KCNQ1,KIF5B,KIF5C,ARF5,KPNA1,GLTPD2,C1QTNF12,XKR5,XKR9,LCK,LDLR,LETM1,LGALS3,LIPC,MYO18A,LMNA,RAB44,SNX30,LRP1,LRP2,LRP6,LRP5,LYN,MIR143,MIR145,MIR17,MIR199B,MIR19A,MIR19B1,MIR200C,MIR21,MIR302A,ARRB1,SMAD2,SMAD3,ARRB2,ASIC1,MAN1A1,MCL1,MEF2A,MIA2,TRPM1,ABCC1,MAP1LC3C,MSR1,MYB,MYH10,MYLK,MYO1C,MYO1D,MYO5A,MYO6,NACA,NASP,NCBP1,NEDD4,NEO1,NF1,NFKB1,NGFR,NNAT,NOS3,NOTCH1,NPC1,NPPA,ATP2A2,ATP2A3,ATP2B2,NUP88,ATP2B4,OPRM1,SLC22A18,P2RX1,P2RX3,P2RX4,P2RX7,P2RY6,FURIN,ANO7,PNPLA8,PRKN,SLC35C2,PAM16,PLEKHA8P1,PCK2,SIDT2,SH3GLB1,PCNT,VPS28,IPO11,PLCE1,PCSK1,GLTP,PCSK5,CD320,ZDHHC3,UBR5,PDE4B,PRKAG2,PDE4D,GULP1,LIMA1,VTA1,VPS54,PDGFB,PEX5L,RAB6B,NBAS,RTRAF,MPC1,SUFU,PDPK1,RAB8B,INPP5K,TM7SF3,PEX1,PEX7,PEX14,ATP8B1,PFKFB2,PIK3C3,PIK3CG,PIK3R1,PIP4K2A,PITPNA,PLA2G4A,PLCB2,PLCB4,PLCD1,PLCG1,PLCG2,TPCN1,PLN,PML,SLC37A1,TLR9,HEATR5B,CCHCR1,EXOC6,PPARA,PPARD,CROT,PPARG,PPBP,LEPROT,CTSA,AFTPH,BSPRY,SYTL2,NSUN2,SLC66A1,PXK,CMTM6,PPM1A,TESC,MCUB,PID1,VPS37C,NRDE2,ATG2B,SLC6A15,PPP1R10,LRRC8D,ZDHHC4,TMEM38B,VPS13D,APPL2,GOLPH3L,SLC38A7,VPS53,FBXW7,CCDC91,PPP3CA,PPP3CC,PPT1,ITLN1,VPS50,ZDHHC7,SLC39A4,CHD7,FLVCR2,RAB20,SLC48A1,PRKACA,NPLOC4,DENND4C,PEX26,IWS1,PKIA,FRMD4A,IPO9,NECAP2,PRKAR1A,EXOC2,PRKCB,CACNA2D3,PRKCE,PRKCI,TEX2,PRKCZ,ERBIN,BCAP29,MAPK8,ANKH,LRRC8A,PARD3,PSAP,SLC2A9,PSEN2,JPH1,RETN,FMN2,SPHK2,SPIRE1,MFF,VPS35L,PLSCR3,PARP11,RAB25,RHBG,SLC44A2,SMURF1,ATP10A,ATP8B2,ATP10D,SLC45A4,SNX14,SLC4A10,SLC24A3,PTGS2,GRAMD1B,SORCS2,KIF17,RIC1,USP36,PITPNM2,RELCH,VPS18,STIM2,GRAMD1A,PTPN1,DENND1A,EPG5,PTPN11,G6PC2,SLC4A5,PTPN14,PTPRC,PTPRN2,PEX2,PEX5,RAB5B,RAC2,RAF1,RAP1GDS1,TRPV4,RBP4,RCVRN,BCL2,UPF1,TRIM27,RFX3,BCL3,EXOC4,CYB5RL,BCR,RRBP1,RXRA,RYR1,RYR3,SORT1,S100A13,CELA2A,SCN1A,SCN8A,CEACAM1,SCP2,CCL3,BID,NAPB,SLC17A9,NECAB3,SEC14L1,KIF13A,CDH23,SLC28A3,GOLPH3,RBSN,P3H1,DNAJC1,RAB17,SRSF7,SIL1,SGTA,ITSN1,ARRDC5,FABP12,SLC1A2,VPS33A,UPF3A,SLC1A7,WNK1,SLC2A1,SLC2A4,SLC2A5,NADK,SLC5A2,SLC5A3,SLC6A6,SLC6A9,SLC7A1,SLC8A1,SLC11A1,SLC18A2,AACS,TRAK2,SNCA,SNCG,SNX1,SNX2,SORL1,SP100,SPTBN1,SRC,SREBF1,SREBF2,SRP9,BRAF,SSR2,STAC,ZFP36L1,STAT3,STIM1,STK3,STK4,SURF4,SYK,SYT1,MIR613,TCF7L2,TMBIM6,TGFB1,TGFBR2,TGM2,THBS1,TSPO,TIAM1,SEC62,TPR,TPT1,TRPM2,TSG101,EIPR1,TTN,UBE2D3,UBE2L3,UCP3,UGCG,VDAC1,WFS1,YWHAG,YWHAH,ZFP36,PTTG1IP,CA2,CACNA1A,CACNA1C,CACNA1D,LAPTM5,TVP23A,CACNA2D1,CACNB1,CACNB2,TUBA1A,PAX8,CACNB4,RAB7A,AHNAK,DERL1,GNPTAB,BAG6,TANGO6,SH3TC2,RHBDF2,ZDHHC14,AAGAB,VPS37B,SLC25A22,GSDMD,RABEP2,ATP8B4,PRR5L,WLS,SLC8B1,TRPM3,CALM1,NR4A3,CEP290,NUP214,RAB11FIP1,ORAI2,PHAF1,STAM,CUBN,NCOA4,SLC19A3,NDFIP1,EEPD1,DUSP16,APOL6,APOL3,ACTN4,SLC25A32,CALR,SLC7A5,HM13,SLC38A1,APOLD1,SNX27,VMP1,CAMK2D,SLCO5A1,CAMK2G,CANX,CLTCL1,CAPN3,PITPNM3,COG3,SESN2,ATG10,RBP5,STARD3NL,IMMP2L,SLC4A11,DTNBP1,FHIP1B,ANKRD27,SLC7A6OS,STX7,LRRC8C,ZDHHC18,SLC25A33,VPS25,COG8,SOAT2,HOOK3,SYVN1,CASQ2,SPIRE2,CASR,UNC119B,CRACR2A,SFT2D3,ADTRP,ORAI1,MFSD2A,SLC49A4,SERAC1,UBASH3B,DISP1,SLC43A1,DGKD,ABCC11,MICALL1,SLC45A3,APOL1,CAV1,CASK,SLC25A12,KLF7,STC2,CADPS,TNKS,SLC4A4,STX11,BECN1,PEA15,ABCC3,GBF1,MYOM1,ADAM9,NAPA,TNFRSF11A,CD84,HDAC3,SLC5A6,MCM3AP,AP1M1,HERC2,HPS4,ATG16L2,MVB12B,PLCZ1,SLC25A21,SYT8,SYS1,SNX21,AIP,MCU,SLC7A7,SLC7A6,SEC22C,SLC16A5,SLC16A3,SYNGR1,PKDCC,RSAD2,YTHDC1,RFT1,SLC24A1,COG7,LARGE1,VAPB,VAPA,ITGB1BP1,NEURL3,SLC22A6,CACNA2D4,RAB28,NHERF1,KIF3B,COG1,SFXN1,SFXN5,SYTL3,GSTO1,HOMER2,PICK1,AKAP6,ATG5,CD36,STX8,SLC4A8,SCARB2,RPH3AL,CD38,GOSR1,CEP41,CLOCK,PREPL,RAB36,ABCG1,NUP155,SEC24C,PPM1F,GCC2,IPO13,FAM53B,NUP93,EDEM1,TRAM2,RIMS2,NOS1AP,RAB11FIP3,CD81,ATG13,TBC1D5,PLEKHM1,C2CD5,FCHSD2,TLK1,RABGAP1L,ATP2C2,SEC16A,MVP,SLC23A2,NR1H4,NUP153,DOP1B,CDH1","Sputum_Mixed granulocytic"
"BP","alpha-beta T cell activation involved in immune response",76,37,0.000629910700021378,0.071570453736429,"MALT1,NLRP3,SLAMF6,RC3H1,ZFPM1,GPR183,MTOR,GATA3,FOXP1,ANXA1,HLA-DRA,HLA-DRB1,HLX,IFNG,IL6R,IRF4,JAK1,JAK3,MIR21,SMAD7,KMT2A,MYB,ZBTB7B,LEF1,PRKCZ,RARA,BCL3,BCL6,RORA,RORC,SEMA4A,SHB,SPN,STAT3,IL18R1,TNFSF18,CD80,CD86","Sputum_Mixed granulocytic"
"BP","alpha-beta T cell differentiation involved in immune response",76,37,0.000629910700021378,0.071570453736429,"MALT1,NLRP3,SLAMF6,RC3H1,ZFPM1,GPR183,MTOR,GATA3,FOXP1,ANXA1,HLA-DRA,HLA-DRB1,HLX,IFNG,IL6R,IRF4,JAK1,JAK3,MIR21,SMAD7,KMT2A,MYB,ZBTB7B,LEF1,PRKCZ,RARA,BCL3,BCL6,RORA,RORC,SEMA4A,SHB,SPN,STAT3,IL18R1,TNFSF18,CD80,CD86","Sputum_Mixed granulocytic"
"CC","immunological synapse",45,26,0.000654657712629302,0.0740121485661107,"VAV3,CORO1A,DLG1,DUSP3,SCRIB,NPTN,LAT,HLA-DRA,HLA-DRB1,ICAM1,SCIMP,LCK,LGALS3,RHOH,NEDD9,PRKAR1A,CRTAM,PTPRJ,SNX27,STX7,CARD11,HAVCR2,CD3E,CD6,SOCS6,CD37,CD81","Sputum_Mixed granulocytic"
"BP","leukocyte migration",392,138,0.000670270777231601,0.0753742167681786,"ADA,KLRC4-KLRK1,MICOS10-NBL1,DNM1L,ADAM10,CCL26,VAV3,RIPK3,CORO1A,PADI2,LYST,CCR1,CMKLR1,CNR2,SIRPA,CSF1R,CSF3R,CTSG,CX3CR1,CXADR,CYP19A1,DEFA1,DPP4,GPR183,ANO6,ELANE,AKT1,EXT1,PTK2B,FER,SWAP70,LRCH1,FLT1,PLCB1,PIP5K1C,DAPK2,IL17RA,ALOX5,ABL1,FUT4,FUT7,FYN,STAP1,GATA3,GCNT1,B4GALT1,ABL2,C5AR2,STK39,CXCL17,ANXA1,HCK,ICAM1,APP,IL1A,IL1R1,IL6R,IL10,IL16,ITGA6,ITGA1,ITGA2,ITGA9,ITGAL,ITGB1,ITGB2,MIA3,CCL4L1,LCK,LGALS3,LYN,MMP2,NBL1,NEDD9,NF1,NINJ1,P2RX4,PDE4B,PDGFB,ASB2,PIK3CG,PIK3R1,PLEC,TREM1,PPBP,MAPK1,CRTAM,AZU1,SLAMF8,CAMK1D,CD177,PTK2,MTUS1,PREX1,PTPRO,CXCL16,RAC2,TRPV4,BCR,S100A9,CCL3,CCL13,CCL18,CCL22,MYO1G,SELE,SELL,GOLPH3,NOD2,SFTPD,WNK1,SOS1,SPI1,SPN,SRC,STAT5B,STK10,BSG,SYK,ADAM17,THBS1,TNFAIP6,C3AR1,TRPM2,DEFA1B,CCR2,ZP3,RIN3,SLC8B1,HSD3B7,PDGFD,CALR,PLVAP,ADTRP,GBF1,FADD,TNFRSF11A,TNFSF18,MCU,CD9,CD34,CD81,RIPOR2,WDR1","Sputum_Mixed granulocytic"
"BP","cellular response to chemical stress",316,125,0.000673798198555609,0.0753742167681786,"TRAP1,NET1,MICU1,RACK1,ATG7,RIPK3,PDCD10,NLRP3,CHUK,PPARGC1B,NCOA7,SIRPA,PARP1,CYP1B1,VKORC1L1,DAPK1,DHFR,ECT2,EGFR,EIF2S1,EPAS1,STX2,AKT1,ERN1,ETV5,EZH2,FANCC,FER,FOXO1,AKR1B1,KDM6B,FOS,ALOX5,MTOR,ABL1,FUT8,FYN,PRDX5,GCH1,STAU2,FOXP1,STK39,GPR37,GPX5,PYCR2,SLC25A24,ANXA1,HIF1A,FAS,ERCC6L2,SUMO4,LETM1,MIRLET7B,MIR17,MIR21,MIR92A1,MAP3K5,MGAT3,MMP2,MPO,ABCC1,MSRA,MYB,MYLK,NOS3,ATP2A2,NR4A2,TIFAB,PRDX1,PNPLA8,PRKN,PAWR,PAX2,CHCHD2,NLK,CAB39,PEX14,SERPINB6,PLEC,LRRC8D,PRKAA2,MAPK1,MAPK8,MAPK13,PTGS2,RPTOR,PTPRK,PEX2,PXN,PEX5,RAD52,TRPV4,RPS3,MAP2K4,WNK1,SLC2A1,SLC2A4,BMP7,SNCA,SOD1,SRC,ZFP36L1,TSPO,TNFAIP3,TOP2B,TRPM2,VRK2,XRCC5,MAPKAP1,PRR5L,PDGFD,HM13,CAPN3,CASP1,SESN2,SLC4A11,LRRC8C,CAT,AIFM2,CAV1,BECN1,IL18RAP,KAT2B,RCSD1,EIF2AK3,ATG5,CD36,USP15,SLC12A6","Sputum_Mixed granulocytic"
"BP","receptor-mediated endocytosis",257,108,0.000679087887855902,0.0753742167681786,"TNK2,CALCRL,RAMP1,RAMP3,LILRB1,LILRB4,RAB31,FCHO2,AP2S1,CLU,CLTC,LDLRAD3,GSG1L,GRK2,GRK3,DAB2,AP2A2,DNM1,DNM2,DPP4,DRD4,LPAR1,EFNB2,EGF,ABCA2,ARHGAP27,CTTN,EPS15,TPCN2,FCER2,AAK1,INPP5F,FCHO1,STAB1,SYNE1,PIP5K1C,SCRIB,DNM3,LDLRAP1,CLEC9A,GRK4,ANXA2,HIP1,HNRNPK,HSPG2,HTR2B,IGF2R,ITGAM,ITGAV,ITGB1,ITGB2,LDLR,LRP1,LRP2,LRP3,LRP6,MIR17,MIR185,ARRB1,ARRB2,MKLN1,MSR1,NEDD4,ITSN2,PIK3CB,PI4KB,PLCG2,AHI1,FNBP1L,PPT1,STAB2,SCYL2,VAC14,LMBR1L,CXCL16,RALB,SAG,CEACAM1,BICD1,SELE,SFTPD,ITSN1,SNCA,SNX1,SORL1,SYK,RIN3,CUBN,CANX,CLTCL1,PICALM,ITCH,DTNBP1,SGIP1,DGKD,MICALL1,STON2,CAV1,SCARF1,MARCO,ANKRD13A,MTMR2,PDLIM7,CD9,PICK1,CD36,SCARB2,CD81,TBC1D5,DNAJC6,MAGI2,FCHSD2","Sputum_Mixed granulocytic"
"BP","regulation of leukocyte proliferation",265,97,0.000684541692113331,0.0753742167681786,"ADA,TSPAN32,BTN2A2,VAV3,GPNMB,LILRB1,LILRB4,RIPK3,CORO1A,CSF1R,RC3H1,CTLA4,CD55,DLG1,GPR183,AHR,TMEM131L,ICOSLG,SCRIB,LRRC32,TNFRSF21,CCDC88B,CD274,ANXA1,HLA-DPB1,HLA-DRB1,IL1A,IL10,IL15,INPP5D,ARG1,LGALS3,LYN,MIR185,MIR21,MEF2C,MPL,NCK1,NF1,PAWR,ZBTB7B,CD320,TLR9,SASH3,PPP3CA,PRKAR1A,MAPK1,PRLR,CRTAM,PELI1,PTK2,SH3RF1,GPAM,PTPRC,RAC2,BCL2,BCL2L1,BCL6,RPS3,BID,ZNF335,VSIR,SFTPD,ST6GAL1,MARCHF7,RASAL3,SLC7A1,LGALS9C,SOS1,SPN,SPTA1,STAT5B,SYK,TGFBR2,TNFAIP3,TNFRSF1B,TRAF6,CCR2,TNFRSF4,ZP3,CD276,NDFIP1,RASSF5,ITCH,MAD1L1,NCK2,CARD11,HAVCR2,FADD,TNFSF18,CD1D,CD3E,CD6,CD22,CD80,CD86,CD38,CD81","Sputum_Mixed granulocytic"
"CC","tertiary granule",164,62,0.000684562182992712,0.0753742167681786,"ADAM10,OLFM4,CEACAM8,CHIT1,TMC6,LRG1,OSCAR,HGSNAT,SIRPA,CTSH,CLEC12A,CD55,AP2A2,ANO6,STOM,FCAR,CD93,NFASC,CYFIP1,ATP11A,UBR4,GAA,QPCT,ARMC8,DBNL,ITGAM,ITGB2,TBC1D10C,LAIR1,LAMP1,LGALS3,LTA4H,LTF,MMP8,TARM1,OLR1,YPEL5,SERPINB6,PPBP,PRCP,VPS35L,CD177,QSOX1,PTPRN2,CEACAM1,SLC11A1,VAMP1,TIMP2,TNFAIP6,TRPM2,GSDMD,ATP8B4,DOK3,ATAD3B,STX7,KCNAB2,SIGLEC5,STBD1,PGLYRP1,CD58,CD59,TMEM63A,CDA","Sputum_Mixed granulocytic"
"BP","positive regulation of catalytic activity",927,333,0.000689480080486128,0.0753742167681786,"ABI1,TANK,PDCD6,RAD50,RASGRP1,NET1,CCL26,NOD1,DLC1,RACK1,RAPGEF3,TAB1,MERTK,CAP2,SEMA4D,ANP32B,MALT1,MAPRE2,RIPK3,RAPGEF4,TBC1D8,PDCD10,NLRP3,OSBPL8,ARAP1,AGAP2,AGAP1,CLU,AGAP11,TBC1D16,TBC1D20,ADORA2B,CRHR1,NEK7,MAPK14,CSF1R,PIK3R6,ADRA1A,CTSH,DAP,DAPK1,DAXX,DHFR,DRD4,AGTR1,ECT2,LPAR1,EGF,EGFR,ELANE,MARK2,ARHGAP27,CCDC125,C9orf72,EPHA1,DIPK2A,AKT1,ERN1,ESR1,EZH2,PTK2B,CCNY,FCER2,FDX1,MAPK15,FGFR2,FGR,RAB11FIP2,NLRP1,CARD8,RAB3GAP1,TPX2,TBC1D9B,SIPA1L3,TBC1D2B,RAP1GAP2,TAB2,GRAMD4,TBC1D9,SNX13,RGL1,FLT1,SASH1,DOCK9,SCRIB,ARHGAP45,PIK3R5,CORO1C,ALK,MTOR,ABL1,FYN,SERINC5,TBC1D22A,DSTYK,NGEF,TIAM2,GCH1,RGL4,CYFIP2,ABL2,LAT,SGSM3,GNA12,GNA15,GNAQ,GPLD1,RAPGEF1,GRN,RGCC,ABR,UHRF1,GSK3B,GSN,PILRB,NRG1,HIF1A,HIP1,HLA-DRB1,HNRNPD,HNRNPU,HTR2B,IFNG,IGF1R,FAS,IL6R,ITGA6,ITGA1,ITGAM,ITGB1,ITGB2,TBC1D10C,CCL4L1,RHOG,LCK,LCP2,LIMS1,LTF,LYN,MIR143,MIR17,MIR195,MIR21,MIR92A1,SMAD3,MBP,MEF2C,MEFV,MAP3K5,MSH3,ASPH,MMUT,PPP1R12A,NEDD9,NEK2,NF1,NGFR,NOS3,ATP2A3,ROR1,ATP2B4,NVL,P2RY6,PARN,PDCD2,FZR1,TAOK3,PRKAG2,PDGFA,PDGFB,PDPK1,CAB39,RAPGEF6,PHB1,PIK3CB,PIK3CG,PLCB2,PLXNB1,POR,PPARG,BCAS3,ODAM,RALGPS2,FBXW7,TBC1D2,LGR4,PRIM2,ASAP3,DOCK10,AMBRA1,TBC1D22B,CCDC88A,MAPK1,MAPK8,PDGFC,MAP2K1,MAP2K2,MAP2K5,PRLR,AZU1,PSAP,PSEN2,CASS4,RGL3,RALGAPB,RALGAPA2,PTEN,TMIGD3,PTK2,SERINC1,RPTOR,TBC1D14,SIPA1L2,PREX1,RIC1,PTPN1,GBA3,PTPRC,ARHGAP22,MAP4K2,RAF1,RALB,RALGDS,RAP1GAP,RAP1GDS1,RASGRF1,RXFP1,RGS10,ROBO1,BCR,RPS3,RSU1,S100A1,S100A9,S100A10,CCL3,CCL13,CCL18,CCL22,BID,SELE,PERP,VSIR,NOD2,CLEC7A,SIPA1,SLC5A3,AGAP7P,SLC11A1,PHACTR4,MTMR9,SNCA,SOD1,SORL1,SOS1,SRC,STAT3,STIM1,CDKL5,SYK,ADAM17,TEK,TERF2,TGFB1,TGFBR2,TGM2,THBS1,TIAM1,TIE1,TPD52L1,TRAF2,TRAF6,TSHR,TXK,UBE2L3,WRN,XRCC4,XRCC5,CACNA1C,CACNA1D,LAPTM5,EVI5,CARD14,HMBOX1,NHEJ1,GRHL2,CALM1,PDGFD,PICALM,AXIN1,CASP1,APH1B,ARHGAP24,CASP2,TBC1D10A,BCAR3,GARNL3,CASP10,TTBK1,PSRC1,GPR65,ORAI1,PKP4,DGKZ,CDC14B,CAV1,TNKS,S1PR4,CRADD,TNFSF10,ADAM9,FADD,TNFRSF11A,TNFRSF10B,TNFRSF10A,IQGAP1,ARHGEF7,BTRC,CCND3,MAP3K13,ITGB1BP1,PLAA,CD86,AIM2,MAP4K4,EIF2AK3,ARHGEF10,PPM1F,RALGPS1,RAPGEF2,ST18,USP6NL,NOS1AP,RAPGEF5,TBC1D5,MAGI2,TBC1D4,KIF14,ARHGAP25,TNFSF15,CASP8AP2","Sputum_Mixed granulocytic"
"BP","signaling",6390,1961,0.000692308881661015,0.0753742167681786,"ADA,AKT3,ABI1,TANK,LRRC69,INSYN2B,C17orf99,PDCD6,BCL2L11,RANBP9,KLRC4-KLRK1,MICOS10-NBL1,C8orf44-SGK3,DNM1L,TSPAN32,GPC6,CERT1,SGK2,RAD50,HIPK3,IFNL4,RASGRP1,TRAP1,AKAP9,FAM13A,CDH17,ABI2,PLXNC1,FARP1,LPAR6,WASF2,SORBS3,TNK2,ADAM10,CALCRL,TRIM13,PATJ,CDK6,ABCC4,DENND4A,IGSF6,RAMP1,RAMP3,NET1,PAK4,ADAR,CDKN2B,TNIP1,IRAG1,CCL26,BTN2A2,NOD1,DLC1,NDRG1,RACK1,ADARB1,CDS1,PIAS3,RAPGEF3,PRMT5,VAV3,TAB1,GPNMB,BAIAP2,MERTK,ZNHIT1,TADA3,TRIM38,CAP2,UNC13B,NCOA2,SEMA6B,SEMA4D,SEMA4B,SEMA3C,DDX17,KAT5,AGR2,OLFM4,ARFGEF1,SORBS1,CDC42EP3,ERLIN1,STAMBP,IVNS1ABP,TRIM16,RGS14,CXCR6,SLC12A7,MAP3K2,GIPC1,TRAF3IP2,KDM5B,HBS1L,ZMYND11,NEK6,NCKAP1,IQGAP2,ADCY2,CCR9,CPLX2,FRS2,CEACAM3,PPP1R17,HPSE,LILRB1,USP20,NMU,GPR83,MALT1,BTNL3,FASTK,TMED2,YWHAQ,MAPRE2,KCNQ1OT1,COPS5,LILRB4,TLK2,LILRB3,RBPMS,ADAP1,RIPK3,ABHD2,WWP2,RAPGEF4,ESM1,CIT,BTN3A2,FOXN3,FAF1,CDC42EP1,CORO1A,NUDT3,FSTL1,NISCH,WIF1,IRAK3,AKAP13,DUSP10,PDCD10,CHN2,PADI2,GPR176,NXPH3,PACSIN2,MRAP2,CMTM7,SCN11A,TP53RK,CHRM2,CHRM3,GPR182,RNF13,MGLL,CMTM1,CHRNA5,NLRP3,ERMAP,CHUK,BTBD9,SORCS1,OSBPL8,C1QTNF3,CIDEA,C1QTNF4,ADCY9,KCTD12,GBP5,IL22RA2,CLNK,LRG1,ARAP2,ARAP1,THEM4,SLC16A10,TAGAP,RFFL,AP3S1,CLCN3,OLFM3,C10orf71,CLCN6,CLU,OR10P1,SLC15A4,OR10A7,FGD4,SPPL3,OR4K14,FRMD6,CCR1,SLC24A4,LEO1,CCR4,LRRC28,CMKLR1,LTB4R,TBC1D16,OSCAR,CNR2,OR2M5,OR14C36,CNTFR,CNTN1,COL3A1,EDARADD,COL4A1,IQGAP3,PIGU,TRABD2A,ZFAND2B,COL16A1,COMP,COPA,DCBLD2,TPRA1,IL17RE,OCIAD2,IL31RA,PPARGC1B,STXBP5,ADORA2A,OR9A2,ADORA2B,CPT1A,NACC2,CREB1,ATF6B,CREBL2,CRHBP,CRHR1,ASB7,NEK7,CRY2,SIRPA,PARP1,MAPK14,OR52B4,CSF1R,SESN3,CSF3R,E2F7,CSK,CSNK1E,ARMH4,CSNK2B,TTBK2,CMTM2,GSG1L,TOM1L2,PIK3R6,TMC8,DSG4,ADRA1A,CTBP2,RC3H1,DCDC2B,CTLA4,CTNS,COMMD7,CTNND1,NFAM1,CTSG,ZNF385B,CCNYL1,CTSH,GLIPR2,CX3CR1,CXADR,PAQR3,SLC38A9,PLEKHG4B,BTNL9,CYLD,CNKSR3,CYP1B1,BMT2,IQUB,GRK2,GRK3,PRAG1,CYP19A1,DAB1,DAB2,CLEC12A,CD55,TAMALIN,DGKG,DGKH,GPR180,DGKQ,DAP,DAPK1,DAXX,DBN1,DEDD2,DCN,DENND1B,APCDD1L,PRICKLE2,DHX15,ADGRA3,DEFA1,DEFA3,RASSF6,DEFB4A,ZNF366,SLC30A8,TMEM64,OLFML2A,DHX36,DLG1,DLG2,DMD,DNM1,DNM2,DOCK1,DOCK2,DOCK3,ABAT,AGRP,DRD4,DSCAM,RCAN1,DTNA,DTNB,DUSP3,DUSP4,AGTR1,DYRK1A,GPR183,ECE1,ECT2,ABCA1,LPAR1,EFNA5,EFNB2,EGF,EGFR,AHR,PLPP4,EIF2S1,ANO6,METTL21C,ADCY4,UBR1,NLRC3,EIF4E,EIF4EBP1,ELANE,ELF1,ELK3,SPRED2,GABRR3,MARK2,ARHGAP27,RAB12,CTTN,CCDC125,ENO1,ENSA,C9orf72,EPAS1,EPHA1,HIPK1,EPHB3,EPHB6,STX2,DIPK2A,EPS15,AKT1,ERCC6,ERG,AKT2,ERN1,ESR1,ESRRA,MECOM,EXT1,EXT2,EYA1,EYA2,EYA3,EZH2,F2RL2,FABP5,FANCA,ACSL1,PTK2B,FBLN1,OR8H1,UNC5B,CCNY,RTKN2,TPCN2,OR9I1,OR9Q1,FCER2,FCGR1BP,UCMA,SLC39A12,SPATA13,FCGR3B,MTURN,ADGRG3,ADGRF2,SCUBE3,SEMA3D,FER,FGD1,FGF7,MAPK15,FGF14,GPC5,FGFR2,FGR,FHIT,RASA3,DLGAP4,RAB11FIP2,AAK1,CHSY1,CILK1,NLRP1,SLITRK3,INPP5F,DENND3,CARD8,EPN2,ATF6,RAB3GAP1,SORCS3,SV2C,RIMS1,DAAM1,MAPKBP1,PLCH1,STK38L,FAIM2,CNOT1,MYO16,MAST3,TNIK,FNBP1,CLUAP1,HECW1,SWAP70,FOXO1,KDM4C,ERC1,ZNF423,ARHGAP26,SIPA1L3,KIF1B,IQSEC2,FSTL4,RAP1GAP2,SPART,TAB2,PLXND1,MAST2,ZC3H3,FCHO1,GRAMD4,NCDN,SNX13,MAPK8IP3,STAB1,FLNB,PASK,RGL1,RFTN1,KANK1,CYFIP1,FLT1,DTX4,PLCL2,ARHGEF9,SIK2,PLCB1,PHLPP1,TMEM131L,CAMTA1,CLEC16A,ADGRL3,FBXW11,ANKS1A,MGRN1,KIF13B,ICOSLG,FMOD,CUX2,SASH1,SZT2,SYNE1,DOCK9,PSD3,LARP1,PPP1R13B,PUM2,SIK3,PIP5K1C,GRIP1,RHOQ,LEPROTL1,MACF1,DAAM2,SCRIB,CABIN1,ARHGAP45,FOS,PIK3R5,RBFOX2,PSD4,TSPAN12,TSPAN15,DDAH2,DDAH1,CDC42EP4,FPR3,OPN3,CORO1C,DAPK2,PHLDA3,PLXNB2,SH3BP4,SGK3,PRKD3,IL17RA,ALK,ABCA4,ALOX5,ALOX12B,ATP6V1C2,MTOR,NR5A2,ABL1,NR5A1,FUT7,FUT8,ACKR1,FYB1,FYN,YTHDF3,CNIH2,OR6C3,GAB1,OR1L4,GABBR1,GABRA2,GABRR1,PLCXD2,UTS2B,SHC2,SLC24A2,DSTYK,NGEF,RNF19A,GALNT3,SGMS1,MYRIP,TAS2R50,WWTR1,SAMHD1,ZNF385A,PNKD,KANK2,TIPARP,C2CD3,TENM4,ACOT11,PLEKHG3,PPP1R16B,AUTS2,ANKRD17,ERC2,TCTN3,LRRC32,ABCA12,NOC2L,IFT172,RGS22,NPHP4,OR1F2P,PITPNC1,STAP1,TIAM2,GATA3,CLEC4E,FBXO8,SERGEF,OR5L2,GCG,NUPR1,KAT2A,NR6A1,PLEK2,MYOF,GCNT2,LATS2,GDF1,RGS17,GDF10,GDI2,RGL4,AMFR,GFI1,GFRA1,HBP1,CYFIP2,ABL2,NPTN,GJA8,ATP2C1,LAT,STAU2,FOXP1,SDCBP2,PDE7B,CYTH4,SNX5,SIGLEC9,DISC1,C5AR2,TNFRSF21,SESN1,GCLC,CRCP,BMP10,RBMS3,RAB30,P2RY10,GLG1,STK39,SGSM3,GLI2,GMDS,GNA12,GNA15,GNAI2,GNAI3,GNAQ,GNB1,GNG7,GNL1,GNRHR,SFN,GP1BB,GPLD1,OR51B5,STK32C,RASSF3,SLC39A5,ADGRD1,KSR2,GPR17,METRNL,LAMA1,CXCL17,GPR21,VSTM1,SH2D6,RNF149,ANGPT2,NKIRAS1,EPHA6,C3orf33,GPR35,ANK1,GPR37,SCAI,FFAR3,GRK4,GRK5,GRK6,ANK3,GRB10,RAPGEF1,GRID2,GRN,GIT1,GRIK1,GRIK2,IFT81,DBNL,HIPK2,ABR,GRIK4,NR3C1,ARHGAP35,TBK1,CLEC2D,CD274,GRM4,GRM7,GRM8,GRPR,GSK3B,BLNK,TMOD2,GUCY1A1,GUCY2C,GPR171,GPR132,OSGIN1,LRP12,MDFIC,SCHIP1,PILRB,PILRA,SH3KBP1,ANXA1,ANXA2,HADH,HCK,HCLS1,HCRTR2,HTT,ANXA4,HEXA,NRG1,PIK3R4,ANXA6,HIC1,HIF1A,HIP1,HIVEP1,HLA-DPB1,HLA-DQB1,HLA-DRB1,HLX,HMGCR,HNRNPK,APBA1,APBA2,APBB2,HRH1,HRH2,HSPG2,NDST1,HTR2B,HTR3A,HTR7,HUS1,UBAC2,ICAM1,TAFA2,STING1,IDE,GLDN,FCRL6,SH3RF3,LRIT3,IFNAR2,IFNG,IFNGR2,MACC1,TUBB2B,IGF1R,ANKDD1A,IGF2R,IGFALS,GEN1,IGFBP7,APP,RBPJ,CASTOR3P,RILPL1,TICAM2,FAS,IL1A,IL1R1,IL1RAP,IL6R,IL7R,IL10,IL15,IL15RA,IL16,INHBA,INHBC,INPP1,INPP4A,INPP5A,INPP5B,INPP5D,ITGA6,IRAK2,IRF4,IRF7,ITGA1,ITGA2,ITGA5,ITGA9,ITGAE,ITGAL,ITGAM,ITGAV,ITGB1,ITGB2,ITGB5,ITPK1,ITPKB,ITPR1,ITPR2,JAK1,JAK3,KARS1,KCNA2,TBC1D10C,KCNB1,KIF7,KCNC4,STIMATE,NRROS,MAST4,GJB7,KCNJ3,KCNJ10,KCNN2,KCNQ1,KIF5B,ARG1,KPNA1,KRT8,SUMO4,SCIMP,CCL4L1,C1QTNF12,NOTCH2NLA,GFRAL,OR51I1,OR8K1,LAG3,OR4F15,LAMA2,RHOG,OR10K1,LAMB1,LAMP1,OR13C2,LCK,LCP2,LDLR,LEPR,LFNG,LGALS1,LGALS3,LGALS3BP,ARHGDIB,LIMK1,LIMS1,RHOH,ASIC2,LMNA,LMO7,LNPEP,RAB44,LPL,OR2T27,OR5K4,LRP1,LRP2,LRP6,LRP5,LSP1,LTBP1,LTF,CD180,LYN,MIRLET7B,MIR140,MIR143,MIR145,MIR17,MIR18A,MIR185,MIR195,MIR19A,MIR19B1,MIR20A,MIR200C,MIR21,MIR214,MIR30A,MIR92A1,ARRB1,SMAD1,SMAD2,SMAD3,ARRB2,SMAD6,SMAD7,ASIC1,MARK3,MB,MBP,MCC,MCL1,MDM4,MEF2A,MEF2C,MEFV,MAP3K1,MAP3K5,MGAT5,MID1,MITF,ATXN3,MKLN1,KMT2A,MLLT3,AFDN,TRPM1,MME,MMP2,MMP8,MPL,IQSEC3,PLEKHG7,CCDC88C,EIF2AK4,UNC13C,RHEX,TRIM67,MIR302C,MUC4,MX1,MYB,MYO1C,MYO1E,MYO6,MYO9B,PPP1R12A,PPP1R12B,ATF3,CEACAM6,NBL1,NCK1,NEDD4,SEPTIN2,NEDD9,NEO1,NF1,NFATC1,NFIA,NFATC3,NFKB1,NGFR,NINJ1,NKG7,NNAT,NOS3,CNOT2,NOTCH1,NOTCH2,NOTCH3,NOTCH4,NPC1,NPPA,ATP2A2,ATP2A3,ROR1,NTS,NUCB1,NUMA1,NR4A2,ATP2B4,TIFAB,OPA1,OPRM1,OR3A2,OSM,P2RX1,P2RX3,P2RX4,P2RX7,P2RY6,P4HB,PEBP1,FURIN,PCSK6,RRM2B,MINK1,CHST11,PRDX1,IL21R,PAK2,PALM,PNPLA8,ARHGEF3,REG3A,PRKN,PAWR,PAX2,PDE11A,SLC35C2,ZBTB7B,PCK2,SIDT2,ASB3,PCNT,LEF1,PLCE1,PCSK1,ZNF219,CRIM1,SHISA5,PCSK5,CLEC1A,CD320,ZDHHC3,WAC,FZR1,TAOK3,MBTPS2,UBR5,ANGPT4,PDE2A,PDE3B,PDE4A,PDE4B,PRKAG2,PDE4D,PDE6A,EVL,PDE7A,DTL,PDE9A,CXXC5,ZC3HC1,PDGFA,VPS54,PDGFB,ACKR4,PEX5L,HDAC7,CYRIB,PDK4,ASB4,ASB2,SUFU,PDPK1,NLK,CAB39,UIMC1,RAPGEF6,WWOX,CD244,RAB8B,INPP5K,TM7SF3,MAP3K20,PFDN5,PFKFB2,CDK14,PGAM2,PHB1,PIK3C2B,PIK3C2G,PIK3C3,PIK3CB,PIK3CG,PIK3R1,PI4KA,PI4KB,PIP4K2A,PKHD1,PKP2,PLA2G4A,PLAT,PLAUR,PLCB2,PLCB4,PLCD1,PLCL1,UBASH3A,PLCG1,SHC3,PLCG2,PLN,PLP2,PLXNA1,PLXNA2,S1PR5,PLXNB1,PNOC,PML,TRIM34,TSPEAR,TLR9,SEPTIN5,SEPTIN4,ERRFI1,KCNK10,TREM1,GPR173,GNG2,SSH1,RIN2,MIOS,TOLLIP,RBM47,RHOF,APBB1IP,PPARA,PPARD,PPARG,PPBP,LEPROT,ZRANB1,AHI1,BCAS3,WBP1L,EPS8L1,FNBP1L,PLPPR1,NSUN2,RNF43,PXK,LAX1,MKS1,PPM1A,OCIAD1,PARP16,ADISSP,PPP1CA,PID1,PHIP,BANK1,USP47,ZWILCH,RALGPS2,ARHGAP17,PPP1R10,LRRC8D,TMEM38B,ARHGEF10L,TMEM33,PPP2R1A,RNF220,PPP2R1B,APPL2,PLEKHG6,ELP2,ASXL2,THNSL2,PPP2R5C,UBE2W,PPP2R5E,FBXW7,PPP3CA,PPP3CC,TCP11L1,STK32B,IMPACT,LGR4,PPT1,SIRPG,PRCP,MAML3,NAGK,DDX60,CDKN2AIP,PRR5,DOCK10,ZDHHC7,PRKAA2,LRRC40,CHD7,PRKACA,NPLOC4,DENND4C,LIMS2,SCYL2,VAC14,RADIL,CCDC88A,LMBR1L,PRKAR1A,PRKAR1B,INTS9,PRKAR2A,INAVA,PRKAR2B,PRKCA,PRKCB,TRERF1,PRKCE,PAG1,PRKCH,PRKCI,WWC3,ARHGAP15,TEX2,ASH1L,WSB2,LMO3,GPRC5C,PRKCZ,PRKDC,ERBIN,RCC2,MAPK1,SULF2,MAPK6,GNG12,MAPK8,MAPK10,MAPK13,PDGFC,MAP2K1,MAP2K2,MAP2K5,TEX14,PRL,PRLR,LRRC8A,PARD3,AZU1,PSAP,PSEN2,TRIM39,RETN,FMN2,SPHK2,CELF4,DPYSL5,ANKS1B,NCLN,SPPL2B,PMEPA1,DUSP22,MFF,SMYD2,RGMA,PRDM11,PSMG2,CDC42SE2,CTNNBIP1,PLSCR3,KNL1,AGTRAP,CASS4,LPAR5,CD177,RGL3,RTN4,RALGAPB,SLC44A2,SMURF1,PELI2,PELI1,ZMIZ1,RALGAPA2,ADGRG6,SNX14,PTEN,SLC4A10,PTGER2,PBXIP1,PTGER3,TMIGD3,RHBDD2,PTGS2,MIR497,MIR520C,BIRC6,TENM2,PTH2R,PTK2,PLEKHG1,NLN,AHRR,KIDINS220,ARHGAP31,RPTOR,SRGAP1,PTK6,MIB1,SORCS2,NCEH1,SEMA6A,STAMBPL1,SIPA1L2,ARHGAP20,PREX1,ARHGAP21,WDFY1,BEGAIN,ADGRB2,FNIP2,TSHZ3,VPS18,SH3RF1,PLEKHA4,RNF213,CHD8,SHTN1,ADGRB3,PTPN1,DENND1A,EPG5,ZFYVE28,PTPN3,SCUBE2,PTPN7,MARK4,RAB40C,PTPN11,G6PC2,GRHL3,PTPN13,PTPRA,PTPRC,PTPRD,PTPRE,PTPRG,PTPRJ,PTPRK,PTPRM,PTPRN2,PTPRO,NECTIN2,CXCL16,PXN,MS4A7,ARHGAP22,CACTIN,RRAGD,LY6G6D,MAP4K2,RAC2,MOK,RAF1,RALB,ACTA2,RALGDS,RAP1B,RAP1GAP,RAP1GDS1,RAPSN,RARA,RARG,RASA1,RASGRF1,RB1,HRH4,TRPV4,ALOXE3,RXFP1,LGR6,RBP4,RCVRN,BCL2,BCL2L1,RFX3,RGS3,RGS10,RGS12,RGS13,RHEB,BCL3,AVPI1,BCL6,EXOC4,PAPPA2,ROBO1,RORA,RORC,RPE65,BCR,RPS3,RPS6KA1,RPS6KA2,RSU1,RXRA,S100A1,SORT1,S100A4,S100A6,S100A9,S100A11,S100A13,SAG,CELA2A,SCN2B,CEACAM1,CCL3,CCL13,BICD1,CCL18,CCL22,BID,BIK,UBE2O,NAPB,SEC14L1,PRDM16,SECTM1,MYO1G,SELE,PERP,GOLPH3,BLM,NPFFR1,NOD2,IFIH1,MAP2K4,SEMA4A,HERPUD2,MS4A6A,ARHGEF28,LMBR1,ARHGAP9,NXN,ZNF106,PALS1,RGS18,SGK1,ITSN1,SH3GL1,CLEC7A,SHB,SIAH1,SIAH2,MICAL1,AEN,CRTC3,DEPTOR,MARCHF7,NIBAN2,RASAL3,SIPA1,SKI,NDRG4,SKP2,SLA,RAPH1,SLC1A2,SLC1A7,WNK1,SLC2A4,NADK,SLC6A6,SLC6A9,SLC8A1,BMP7,SLC12A3,SLC18A2,SLC20A1,BMPR1B,SLIT3,BMPR2,SMARCA4,PHACTR4,AACS,SMARCC1,SNCA,SNCG,SOD1,SORL1,SOS1,DST,SP100,SPI1,SPN,SPTBN1,SRC,SRD5A2,SREBF1,SREBF2,BRAF,SRPK1,DENND2B,STAC,ZFP36L1,STAT3,STAT5B,STK3,STK4,CDKL5,STRN,BSG,SYK,SYN2,SYPL1,SYT1,TBXT,ADAM17,TBL1X,TBX6,TCF7,TCF7L2,TEAD3,TEC,TMBIM6,TEK,TG,TGFA,TGFB1,TGFBR1,TGFBR2,TGFBR3,TGM2,THBS1,TSPO,THRA,THRB,TIAM1,TIE1,TIMP3,TLE1,TLE2,TLE4,TLN1,TLR5,GPR137B,TNFAIP3,TNFAIP6,TNFRSF1A,TNFRSF1B,TNNI3,TNXB,TP53BP2,TP73,TPD52L1,TPR,TPT1,NR2C2,TRAF1,TRAF2,TRAF3,TRAF5,TRAF6,C3AR1,TRIO,TRPM2,TSG101,TSHR,CAPN5,EIPR1,TTN,DEFA1B,CCR2,TNFRSF4,TXK,TXNRD1,MOSMO,ACOD1,RFX8,UBE2D3,UBE2V1,UGCG,UTRN,VAV2,VDAC1,VIM,VRK2,VWF,WFS1,DAGLA,WNT8B,XPC,XRCC3,LDLRAD4,YWHAG,YWHAH,YWHAZ,ZFP36,PTTG1IP,CA2,CA7,RELL1,CACNA1A,CACNA1C,CACNA1D,ZP3,LAPTM5,CACNA2D1,CACNB1,CACNB2,PXDN,TUBA1A,PAX8,CACNB4,MAPKAPK3,USP7,RAB7A,NABP2,PVRIG,CARD14,MAPKAP1,DERL1,BAG6,OR13A1,FCRL2,EPS8L3,TMEM231,TCTN1,ADIPOR2,RNASEH2B,NDNF,SH3TC2,RHBDF2,TMEM204,ARHGAP10,DYNC2H1,NLRX1,LRRK1,TBL1XR1,SLC25A22,ASB13,MCTP1,FBXO31,TTC21B,MMRN2,MOB3B,CAMKMT,NEK11,RABEP2,UBA5,CAAP1,RIN3,PRR5L,BTNL8,DOK3,KAT6A,ATAT1,WLS,SVEP1,DOCK5,SLC8B1,SEMA6D,ADAMTS20,CALM1,BICC1,NR4A3,ARMC9,ALPK1,RAB11FIP1,STAM,CDK5RAP3,FER1L4,NCOA4,PDGFD,CPEB4,DNAJC5,CD276,CSRP3,MPIG6B,NDFIP1,DUSP16,APOL3,SH3BP5L,FXR1,ACTN4,WNT5B,ZBP1,COLEC12,CALR,ANP32A,SLC38A1,TRIM11,CLPB,ANKRD13C,SNX27,CAB39L,ITM2C,KAZALD1,CAMK2D,ADAMTS12,CAMK2G,SYN3,CAPN1,CAPN3,DYSF,COLQ,KLRC4,AXIN1,CASP1,FCRL4,APH1B,ARHGAP24,PLVAP,CASP2,RASSF5,CCM2,CCDC3,SESN2,FERMT3,ATG10,ITCH,FRMD8,MAD1L1,FGFBP2,KCTD10,CASP6,STK40,RASSF4,NCALD,KREMEN1,ADGRV1,DTNBP1,MYCBPAP,ULK1,EEA1,BCAR3,LRRIQ1,ZNRF3,PPP1R1B,ARID5B,NLRC5,SLA2,CMAHP,LRRC8C,TRAF7,GARNL3,SLC25A33,STK24,RNF135,CASP10,BRMS1L,VPS25,RASAL1,NSMAF,NCK2,CARD11,ADGRA1,MAML2,DOT1L,LZTS2,SYVN1,FAM120B,CASQ2,CUL3,CUL1,CASR,NTNG2,TTBK1,IL1F10,USP32,MS4A14,GPR65,SEMA7A,ADTRP,KLHL22,HAVCR2,ORAI1,TMTC4,MAP4K3,ZFYVE19,ZNRF1,HSH2D,MAEL,CGNL1,UBASH3B,DISP1,PPFIA2,PPFIA1,PKP4,CNTNAP1,ITGA8,DGKZ,DGKE,DGKD,LGALS12,MYLK2,NKD1,ITPRIP,CDC14B,MADD,CAV1,CASK,RUNX2,KLF7,PLPP1,PLPP3,STC2,CADPS,NPFF,CDK13,RFXANK,UNC5C,OASL,DCHS1,PTCH2,AKR1C3,NCOA1,TNKS,EIF3A,STX11,BECN1,PEA15,MARCO,S1PR4,MBTPS1,CTNNAL1,GBF1,MYOM1,CRADD,TNFSF12,TNFSF10,CBS,ADAM9,FADD,NAPA,TNFRSF11A,TNFRSF10C,TNFRSF10B,TNFRSF10A,IL18RAP,IL1RL2,IL18R1,HESX1,IQGAP1,NRP2,NRP1,SYNGAP1,SOCS2,CFLAR,CCN4,HDAC3,KSR1,NR1I2,STK19,LDB1,CCKBR,ARHGEF7,VNN1,NAE1,MTMR2,CPNE1,MBD2,SKAP2,BTRC,CCND3,FGD3,MVB12B,KLHL6,RPS6KA4,PLCZ1,TRIM15,PGLYRP1,LIMD1,TNFSF18,KALRN,ACVR1,SYT8,MPZL1,OTULIN,CCRL2,SEMA5A,SPAG9,DOK2,AIP,PSTPIP1,MCU,STARD13,ANGPTL1,DIRAS3,PIP4P1,USP10,USP8,MTA1,LATS1,ARHGEF1,CBFA2T2,RNF185,SYNGR1,RSAD2,FIBP,CD3E,CHURC1,DEPDC7,IL1RL1,MAP3K13,SLC24A1,DDX21,CD247,DCLK1,CD5,LGI1,LARGE1,VAPB,VAPA,MAGI1,STYXL2,DLGAP1,CD6,SPSB4,DHRS3,NUMBL,MFHAS1,MOB1B,MAPKAPK2,STK17B,CYTH1,ITGB1BP1,DNER,BPIFB1,SHKBP1,TAAR3P,S1PR2,SOCS6,CD83,NREP,COPS2,TRIP13,TRIP4,CD22,ITGBL1,ARHGAP18,NHERF1,PLAA,NRXN1,NRXN2,OTOF,CD27,NMT2,ACVRL1,GRAP2,HTRA3,CD80,RP1L1,CD86,GSTO1,AIM2,MAP4K4,LY86,EIF2AK3,HOMER2,ARHGEF6,RASAL2,PICK1,AKAP7,SH3BP5,CD34,AKAP6,CD36,SLC4A8,MAGED1,RPH3AL,ADAMTS3,CD38,EEF1E1,GTPBP1,CLOCK,BABAM2,CDC42BPB,PREPL,AKAP12,CD44,NCOR2,NUP155,FEZ2,ARHGEF10,ZNF592,FNIP1,CTR9,PPM1F,RALGPS1,CD59,TTI1,PHF14,FAM53B,DEPDC5,VGLL4,NUP93,RAPGEF2,PUM1,RIMS2,ST18,NOS1AP,RAB11FIP3,USP34,CD79B,IFT140,ARHGAP32,CLSTN3,CD81,RIPOR2,HDAC4,ADGRE5,RAPGEF5,BCLAF1,CDA,KIAA0586,MTSS1,MAML1,GIT2,RB1CC1,MELK,ZEB2,TESPA1,ELMO1,GAB2,C2CD5,FARP2,MAGI2,PJA2,FCHSD2,TLK1,SRGAP3,RNF10,IQSEC1,KIF14,P2RY14,ARHGAP25,USP15,MVP,TNFSF15,NR1H4,CDH1,SLC12A6,CASP8AP2","Sputum_Mixed granulocytic"
"BP","T cell differentiation",307,120,0.000693241124122044,0.0753742167681786,"ADA,RASGRP1,CDK6,BTN2A2,KAT5,TRAF3IP2,CCR9,MALT1,SPINK5,LILRB4,RIPK3,DUSP10,NLRP3,SLAMF6,PIK3R6,RC3H1,CTLA4,ZFPM1,DOCK2,GPR183,FANCA,TMEM131L,MTOR,ABL1,FUT7,GATA3,CLEC4E,KAT2A,FOXP1,GLI2,ANXA1,HLA-DRA,HLA-DRB1,HLX,IFNG,IL1A,IL6R,IL7R,IL15,IRF4,ITPKB,JAK1,JAK3,LAG3,LCK,LEPR,LFNG,LIG4,RHOH,MIR21,SMAD7,KMT2A,MYB,ZBTB7B,LEF1,PIK3R1,PKNOX1,SASH3,PBRM1,AMBRA1,CHD7,LMBR1L,PRKCZ,PRKDC,CRTAM,ZMIZ1,ARID1B,PREX1,SH3RF1,PTPRC,RARA,BCL2,BCL3,BCL6,RORA,RORC,VSIR,SEMA4A,KLHL25,SHB,BCL11B,SMARCA2,SMARCA4,SMARCC1,SMARCD1,SMARCD2,SOD1,SOS1,SOX12,SPI1,SPN,BRAF,ZFP36L1,STAT3,STAT5B,SYK,ADAM17,TCF7,TGFB1,TGFBR2,CCR2,ZBTB16,NHEJ1,CARD11,RUNX2,RUNX1,RUNX3,CBFB,FADD,IL1RL2,IL18R1,VNN1,TNFSF18,CD1D,RSAD2,CD3E,CD83,CD27,CD80,CD86,ATG5,TOX,TESPA1","Sputum_Mixed granulocytic"
"BP","negative regulation of NF-kappaB transcription factor activity",86,39,0.000703171259984198,0.076089827199433,"FAF1,IRAK3,NLRP3,CHUK,CMKLR1,COMMD7,COMMD1,CYLD,CYP1B1,DAP,COMMD6,NLRC3,MTURN,CARD8,GFI1,ANXA4,IL10,IRAK2,MIR140,MIR21,ARRB1,ARRB2,PKHD1,ERBIN,MAP2K5,TMIGD3,CACTIN,BCL3,BMP7,SPI1,TNFAIP3,TRAF3,ACOD1,USP7,CDK5RAP3,ITCH,NLRC5,HAVCR2,OTULIN,AIM2","Sputum_Mixed granulocytic"
"BP","phospholipid metabolic process",373,141,0.000735282787412677,0.0791875168775624,"PIGK,CDS1,PEMT,PMVK,CETP,PLAAT3,CHKA,OSBPL5,OSBPL8,OSBPL10,PLAAT5,IP6K3,PLA2G4E,PIGU,MBOAT2,GPAT4,ABHD16B,ABHD12B,TTC7B,MBOAT1,DGKG,DGKH,DGKQ,SGMS2,PLPP4,ABCA2,LIPH,ABCA3,FABP5,FDFT1,INPP5F,SACM1L,EFR3A,LPIN1,PLCB1,PIP5K1C,SLC44A1,PIGN,PLA2G15,PISD,SERINC5,SGMS1,DHRS7B,ABHD12,HDHD5,GPLD1,PLA2G4D,GDPD1,GPX4,HADHA,HEXB,PIK3R4,HMGCS1,HTR2B,IDI1,INPP1,INPP4A,INPP5A,INPP5B,INPP5D,ITPKB,LDLR,LIPC,LPL,PLPP6,PNPLA8,PCYT1A,PDGFA,PDGFB,PIGT,INPP5K,PIGH,PIK3C2B,PIK3C2G,PIK3C3,PIK3CB,PIK3CG,PIK3R1,PI4KA,PI4KB,PIP4K2A,PLA2G4A,PLCB2,PLCD1,PLCG1,PLCG2,CRLS1,PLPPR1,PLAAT2,TMEM38B,AGPAT5,PI4K2A,PIP4P2,VAC14,SPHK2,AGPAT3,AGPAT4,PLSCR3,SLC44A2,TTC7A,PTEN,SERINC1,PITPNM2,GPAM,MPPE1,MTMR9,SNCA,TAFAZZIN,UVRAG,MBOAT7,PLBD1,LPCAT1,PNPLA3,PTDSS2,PITPNM3,PIP5K1B,SLA2,MFSD2A,SERAC1,PIGY,DGKZ,DGKE,DGKD,PLPP1,PLPP3,BECN1,CDS2,SOCS2,SYNJ2,MTMR3,MTMR2,PIP4P1,MTMR7,VAPA,SOCS6,PGAP3,PLAA,ORMDL3,PIGL,PGS1,SPTLC2,PTDSS1,FIG4,NR1H4","Sputum_Mixed granulocytic"
"BP","cytokine-mediated signaling pathway",506,161,0.000748291243331554,0.08020835006352,"TANK,IFNL4,ADAR,CCL26,PIAS3,CXCR6,TRAF3IP2,CCR9,LILRB1,LILRB4,IRAK3,PADI2,CHUK,C1QTNF4,IL22RA2,RFFL,CCR1,CCR4,CMKLR1,CNTFR,IL17RE,IL31RA,CSF1R,CSF3R,CSNK2B,COMMD7,CTSG,CX3CR1,CYLD,HIPK1,AKT1,EXT1,ACSL1,PTK2B,FER,CARD8,PLCB1,IL17RA,ACKR1,YTHDF3,SAMHD1,STAP1,GFI1,STK39,GPR17,NKIRAS1,GPR35,TBK1,HCK,HIF1A,STING1,IFNAR2,IFNG,IFNGR2,TICAM2,FAS,IL1A,IL1R1,IL1RAP,IL6R,IL7R,IL15,IL15RA,INHBA,IRAK2,IRF7,JAK1,JAK3,ARG1,KRT8,CCL4L1,LEPR,LIMS1,LYN,MIR21,MMP8,MPL,RHEX,MX1,NOTCH1,OSM,P4HB,IL21R,PRKN,PDGFB,ACKR4,PLP2,TOLLIP,RBM47,PPARG,PPBP,WBP1L,APPL2,PRKACA,PRLR,SPPL2B,MIR520C,PTPN1,PTPN11,PTPRC,PTPRJ,CACTIN,RAF1,ROBO1,CEACAM1,CCL3,CCL13,CCL18,CCL22,IFIH1,WNK1,SLIT3,SOS1,SP100,SPI1,SRC,STAT3,STAT5B,SYK,ADAM17,TNFAIP3,TNFRSF1A,TNFRSF1B,TRAF1,TRAF2,TRAF3,TRAF5,TRAF6,CCR2,TNFRSF4,TXK,UGCG,VRK2,LAPTM5,PXDN,CARD14,ADIPOR2,ACTN4,ZBP1,CASP1,PLVAP,CCDC3,ULK1,NLRC5,IL1F10,CAV1,OASL,FADD,TNFRSF11A,IL18RAP,IL1RL2,IL18R1,CPNE1,RPS6KA4,TNFSF18,OTULIN,CCRL2,RNF185,IL1RL1,NUMBL,MAPKAPK2,AIM2,CD44,CTR9,ST18,HDAC4,NR1H4","Sputum_Mixed granulocytic"
"BP","T-helper cell differentiation",73,36,0.00076098653001683,0.0811861873619833,"MALT1,NLRP3,SLAMF6,RC3H1,ZFPM1,GPR183,MTOR,GATA3,FOXP1,ANXA1,HLA-DRA,HLA-DRB1,HLX,IL6R,IRF4,JAK1,JAK3,MIR21,SMAD7,KMT2A,MYB,ZBTB7B,LEF1,PRKCZ,RARA,BCL3,BCL6,RORA,RORC,SEMA4A,SHB,SPN,STAT3,IL18R1,TNFSF18,CD80,CD86","Sputum_Mixed granulocytic"
"BP","mononuclear cell proliferation",313,110,0.000773982077580863,0.0821867697707829,"ADA,TSPAN32,RASGRP1,BTN2A2,VAV3,GPNMB,LILRB1,MALT1,LILRB4,RIPK3,CORO1A,RC3H1,CTLA4,CD55,DLG1,DOCK2,GPR183,AHR,GAPT,PLCL2,TMEM131L,ICOSLG,SCRIB,ABL1,FYN,LRRC32,TNFRSF21,CCDC88B,TBK1,CD274,ANXA1,HLA-DPB1,HLA-DRB1,IL1A,IL7R,IL10,IL15,INPP5D,ARG1,LGALS3,CD180,LYN,MIR185,MIR21,MEF2C,MPL,NCK1,P2RX7,PAWR,ZBTB7B,LEF1,CD320,PIK3CG,TLR9,SASH3,PPP3CA,LMBR1L,PRKAR1A,PRLR,CRTAM,PELI1,SH3RF1,GPAM,PTPRC,RAC2,BCL2,BCL2L1,BCL6,RPS3,BID,ZNF335,VSIR,SFTPD,SHB,ST6GAL1,MARCHF7,RASAL3,SLC7A1,LGALS9C,SLC11A1,SOS1,SPN,SPTA1,STAT5B,SYK,TGFBR2,TNFRSF1B,TRAF6,CCR2,TNFRSF4,ZP3,CD276,NDFIP1,RASSF5,ITCH,MAD1L1,NCK2,CARD11,HAVCR2,FADD,CCND3,TNFSF18,CD1D,CD3E,CD6,CD22,CD80,CD86,CD38,CD81,CD151","Sputum_Mixed granulocytic"
"BP","response to fungus",67,24,0.000790170615812932,0.0835155212731771,"GNLY,MALT1,CTSG,CX3CR1,DEFA1,DEFA3,DEFA4,DEFA5,DEFB4A,ELANE,COTL1,IL17RA,CLEC4E,ARG1,SCIMP,LTF,MPO,PLCG2,S100A9,CLEC7A,SPI1,SYK,DEFA1B,ZBP1,ATG5,USP15","Sputum_Mixed granulocytic"
"BP","vestibulocochlear nerve morphogenesis",7,7,0.000831374036941302,0.0874192306032903,"DCANP1,NEUROG1,TIFAB,PAX2,ATP8B1,NRP2,NRP1","Sputum_Mixed granulocytic"
"BP","negative regulation of interleukin-12 production",19,12,0.000834799024859796,0.0874192306032903,"LILRB1,IRAK3,CMKLR1,IL10,JAK3,MIR21,ARRB2,MEFV,NFKB1,ACP5,NOD2,THBS1","Sputum_Mixed granulocytic"
"BP","autophagy",575,208,0.000845500407722464,0.0875119122620197,"DNM1L,TRIM13,NOD1,TRIM38,KAT5,ATG7,USP20,TLK2,DEPP1,VPS26B,RNF166,CLU,CLTC,WDR81,DRAM2,VPS37A,STK35,VTI1A,SESN3,ADRA1A,DAP,DAPK1,DCN,UBXN2A,EIF4G1,MARK2,RAB12,CTTN,C9orf72,AKT1,ERCC4,ERN1,CCNY,TPCN2,FOXK1,MAPK15,ATF6,RAB3GAP1,WDFY3,STK38L,FOXO1,TAB2,PACS2,EXOC7,CLEC16A,VPS39,LARP1,ZFYVE26,ATP6V0A2,DAPK2,SH3BP4,ATP6V1C2,MTOR,ABL1,GAA,WIPI2,KLHL3,NUPR1,ABL2,VPS41,LAMP3,SNX5,SESN1,GNAI3,RUFY4,SETD2,TBK1,GSK3B,HTT,PIK3R4,HIF1A,HK2,IRF8,STING1,IFNG,IL10,FOXK2,ITPR1,TRIM23,MTCL3,LEPR,LGALS8,SNX30,MIRLET7B,ARSB,MCL1,MEFV,MAP1LC3C,NEDD4,NPC1,ATP2A2,PRKN,SH3GLB1,VPS28,WAC,TEX264,ATP6V1D,TRAPPC4,VTA1,ATP6V1H,ATP6V1B2,ATP6V1C1,PIK3C2B,PIK3C3,PIK3CB,PIP4K2A,ATP6V0B,TPCN1,TRIM34,TLR9,RETREG1,TOLLIP,CTSA,BCAS3,FNBP1L,VPS37C,WIPI1,ATG2B,VPS13D,FBXW7,DRAM1,SUPT20H,AMBRA1,PRKAA2,PRKACA,MAPK8,WDR45B,PSAP,SMURF1,SNX14,RPTOR,TBC1D14,ELAPOR1,USP36,VPS18,GRAMD1A,RNF213,QSOX1,WDFY4,EPG5,PEX2,PEX5,TP53INP2,RRAGD,RALB,BCL2,TRIM27,RHEB,EXOC4,S100A9,NOD2,ILRUN,DEPTOR,VPS33A,WNK1,MTMR9,SNCA,SRC,SREBF1,SREBF2,STAT3,STK3,TAFAZZIN,TMBIM6,TGFB1,TSPO,GPR137B,TRAF6,TSG101,UVRAG,VDAC1,RAB7A,FYCO1,VPS37B,UBA5,CALM1,RUBCNL,STAM,ZKSCAN3,CALR,SLC7A5,VMP1,SBF2,CAPN1,SESN2,ATG10,ULK1,KAT8,VPS25,KLHL22,BECN1,CD84,MTMR3,HERC1,USP13,ATG16L2,STBD1,ATP6V0E1,USP10,RNF185,PLAA,ORMDL3,ATG5,SPTLC2,TMEM59,EI24,FEZ2,DEPDC5,ATG13,TBC1D5,RB1CC1,PLEKHM1,LRBA,SEC16A","Sputum_Mixed granulocytic"
"BP","process utilizing autophagic mechanism",575,208,0.000845500407722464,0.0875119122620197,"DNM1L,TRIM13,NOD1,TRIM38,KAT5,ATG7,USP20,TLK2,DEPP1,VPS26B,RNF166,CLU,CLTC,WDR81,DRAM2,VPS37A,STK35,VTI1A,SESN3,ADRA1A,DAP,DAPK1,DCN,UBXN2A,EIF4G1,MARK2,RAB12,CTTN,C9orf72,AKT1,ERCC4,ERN1,CCNY,TPCN2,FOXK1,MAPK15,ATF6,RAB3GAP1,WDFY3,STK38L,FOXO1,TAB2,PACS2,EXOC7,CLEC16A,VPS39,LARP1,ZFYVE26,ATP6V0A2,DAPK2,SH3BP4,ATP6V1C2,MTOR,ABL1,GAA,WIPI2,KLHL3,NUPR1,ABL2,VPS41,LAMP3,SNX5,SESN1,GNAI3,RUFY4,SETD2,TBK1,GSK3B,HTT,PIK3R4,HIF1A,HK2,IRF8,STING1,IFNG,IL10,FOXK2,ITPR1,TRIM23,MTCL3,LEPR,LGALS8,SNX30,MIRLET7B,ARSB,MCL1,MEFV,MAP1LC3C,NEDD4,NPC1,ATP2A2,PRKN,SH3GLB1,VPS28,WAC,TEX264,ATP6V1D,TRAPPC4,VTA1,ATP6V1H,ATP6V1B2,ATP6V1C1,PIK3C2B,PIK3C3,PIK3CB,PIP4K2A,ATP6V0B,TPCN1,TRIM34,TLR9,RETREG1,TOLLIP,CTSA,BCAS3,FNBP1L,VPS37C,WIPI1,ATG2B,VPS13D,FBXW7,DRAM1,SUPT20H,AMBRA1,PRKAA2,PRKACA,MAPK8,WDR45B,PSAP,SMURF1,SNX14,RPTOR,TBC1D14,ELAPOR1,USP36,VPS18,GRAMD1A,RNF213,QSOX1,WDFY4,EPG5,PEX2,PEX5,TP53INP2,RRAGD,RALB,BCL2,TRIM27,RHEB,EXOC4,S100A9,NOD2,ILRUN,DEPTOR,VPS33A,WNK1,MTMR9,SNCA,SRC,SREBF1,SREBF2,STAT3,STK3,TAFAZZIN,TMBIM6,TGFB1,TSPO,GPR137B,TRAF6,TSG101,UVRAG,VDAC1,RAB7A,FYCO1,VPS37B,UBA5,CALM1,RUBCNL,STAM,ZKSCAN3,CALR,SLC7A5,VMP1,SBF2,CAPN1,SESN2,ATG10,ULK1,KAT8,VPS25,KLHL22,BECN1,CD84,MTMR3,HERC1,USP13,ATG16L2,STBD1,ATP6V0E1,USP10,RNF185,PLAA,ORMDL3,ATG5,SPTLC2,TMEM59,EI24,FEZ2,DEPDC5,ATG13,TBC1D5,RB1CC1,PLEKHM1,LRBA,SEC16A","Sputum_Mixed granulocytic"
"BP","positive regulation of GTPase activity",234,100,0.000847237312869404,0.0875119122620197,"RASGRP1,NET1,CCL26,RACK1,RAPGEF3,SEMA4D,MAPRE2,RAPGEF4,TBC1D8,ARAP1,AGAP2,AGAP1,AGAP11,TBC1D16,TBC1D20,ECT2,ARHGAP27,CCDC125,C9orf72,EPHA1,EZH2,RAB11FIP2,RAB3GAP1,TBC1D9B,SIPA1L3,TBC1D2B,RAP1GAP2,TBC1D9,SNX13,RGL1,DOCK9,SCRIB,ARHGAP45,CORO1C,TBC1D22A,NGEF,TIAM2,RGL4,SGSM3,RAPGEF1,ABR,GSK3B,ITGA6,ITGB1,TBC1D10C,CCL4L1,RHOG,LIMS1,MMUT,NF1,RAPGEF6,PLXNB1,ODAM,RALGPS2,TBC1D2,ASAP3,DOCK10,TBC1D22B,RGL3,RALGAPB,RALGAPA2,TBC1D14,SIPA1L2,PREX1,RIC1,ARHGAP22,RALGDS,RAP1GAP,RAP1GDS1,RASGRF1,RGS10,BCR,RSU1,S100A10,CCL3,CCL13,CCL18,CCL22,SIPA1,AGAP7P,SOS1,CDKL5,TGM2,TIAM1,EVI5,PICALM,ARHGAP24,TBC1D10A,BCAR3,GARNL3,GPR65,PKP4,ARHGEF7,MAP4K4,ARHGEF10,RALGPS1,RAPGEF2,USP6NL,RAPGEF5,TBC1D5,TBC1D4,ARHGAP25","Sputum_Mixed granulocytic"
"BP","regulation of cytokine production involved in immune response",119,50,0.000858996429736639,0.0883250446576262,"CD96,NOD1,LILRB1,ARID5A,MALT1,LILRB4,IRAK3,NLRP3,CLNK,CD55,DENND1B,DHX36,GATA3,FFAR3,HK1,TICAM2,IL1R1,IL10,JAK3,ARG1,SCIMP,MIR302A,SMAD7,P2RX7,PLCG2,ACP5,TLR9,SASH3,INAVA,PRKCZ,SPHK2,BCL6,NOD2,CLEC7A,SYK,TGFB1,TNFRSF1B,TRAF2,TRAF6,CCR2,LAPTM5,NLRX1,NR4A3,SLC7A5,SEMA7A,IL18R1,RSAD2,DDX21,MAPKAPK2,ATG5,CD36,CD81","Sputum_Mixed granulocytic"
"BP","regulation of CD4-positive, alpha-beta T cell differentiation",56,28,0.000865896878455156,0.0886335165135809,"MALT1,NLRP3,RC3H1,GATA3,ANXA1,HLA-DRA,HLA-DRB1,HLX,IFNG,IRF4,JAK3,MIR21,SMAD7,ZBTB7B,SASH3,PRKCZ,SH3RF1,RARA,BCL6,KLHL25,SHB,RUNX1,RUNX3,CBFB,TNFSF18,CD83,CD80,CD86","Sputum_Mixed granulocytic"
"BP","negative regulation of T cell proliferation",71,32,0.000899828880388667,0.0913777149063141,"TSPAN32,BTN2A2,GPNMB,LILRB1,LILRB4,RC3H1,CTLA4,DLG1,TMEM131L,SCRIB,LRRC32,TNFRSF21,CD274,HLA-DRB1,IL10,ARG1,PAWR,ZBTB7B,PRKAR1A,CRTAM,PELI1,VSIR,SFTPD,MARCHF7,LGALS9C,SPN,NDFIP1,ITCH,MAD1L1,HAVCR2,CD80,CD86","Sputum_Mixed granulocytic"
"BP","intracellular transport",1574,529,0.00090303277598352,0.0913777149063141,"TRAPPC3L,SNAP25-AS1,PDCD6,BCL2L11,TIMM23,TIMM23B,ATP9A,CERT1,RASGRP1,SLC25A13,NUTF2,STX6,AP3S2,RAMP1,RAMP3,BET1,VPS26C,RAPGEF3,ARIH2,IPO7,ANP32B,RGS14,MTX2,CES1,KIF1C,GIPC1,TRAF3IP2,NUP50,RAB10,MALT1,EHD1,AP3M2,TMED2,LMAN2,YWHAQ,TMED10,KDELR2,RAB31,CPSF6,PKIG,CORO1A,HPS5,PDCD10,VPS26B,LYST,VPS45,GBP5,AGAP2,THEM4,AP2S1,AP3S1,BORCS5,CLU,CLTC,CLBA1,PLA2G4E,WDR81,MIEF2,TBC1D20,ZFAND2B,MTERF4,COPA,CPT1A,VPS37A,CPT1B,HGSNAT,CRY2,VTI1A,MAPK14,SCFD2,FAM53A,VPS13B,FAM91A1,DAB2,C11orf65,C12orf50,TAMALIN,AP2A2,SYNE3,AP1B1,DENND1B,DCTN1,DLG2,DYNC1H1,DYNC1I2,E2F3,ECT2,ABCA1,EIF2D,EIF4E,TTC21A,TMEM201,ABCA2,RAB12,CTTN,TSNARE1,C9orf72,STOM,STX2,EPS15,AKT1,AKT2,EYA2,TPCN2,ARL5B,MAPK15,RHOBTB3,LMTK2,CILK1,INPP5F,TRAPPC8,DENND3,TRAK1,CEP131,RIMS1,TMCC1,XPO7,CLUAP1,GGA2,ERC1,KIF1B,SNX13,MAPK8IP3,RFTN1,FAF2,MLC1,XPO6,SYNE2,NUP210,EXOC6B,DENND5A,CLEC16A,NUP160,AGTPBP1,FBXW11,SMG6,MGRN1,BICD2,KIF13B,VPS39,SUN1,VPS8,TMED3,GRIP1,AP4E1,ABCB10,LEPROTL1,SCRIB,CORO1C,FYN,ZDHHC20,SNX33,MYRIP,HEATR5A,SEC31B,UPF2,GGA1,TANC2,LDLRAP1,KIFBP,TRAF3IP1,ABCA12,IFT172,FBXO22,ARFGAP3,STAU2,VPS41,TRAPPC3,SDCBP2,SNX5,GCLC,BIN1,SFN,CCDC88B,SIAH3,ANK1,ANK3,GRN,IFT81,SETD2,CNIH4,GSK3B,ZDHHC1,SNX8,SNX10,SEC61A1,SLC25A24,MDFIC,ANXA2,HCLS1,HTT,EHD4,PIK3R4,HIF1A,HK2,HNRNPU,APBA1,HPS1,AGFG1,UBAC2,IFNG,IGF2R,APP,RILPL1,ITGAM,ITGB2,TRIM23,TBC1D10C,KCNB1,MIA3,KCNE1,KIF5B,KIF5C,ARF5,KPNA1,LAMP1,LDLR,LMNA,LMNB1,SNX30,LRP1,LRP6,MIR17,SMAD3,ARSB,MAN1A1,MAP2,MAP6,MIA2,CCDC88C,MAP1LC3C,MYO1B,MYO1C,MYO1D,MYO1E,MYO5A,MYO6,MYO7B,PPP1R12A,NACA,NCBP1,NEDD4,NF1,NGFR,NOTCH1,NPC1,ATP2A2,ATP2A3,NUMA1,NUP88,OPA1,P4HB,ITSN2,PRKN,PAM16,PLEKHA8P1,SH3GLB1,PCNT,VPS28,IPO11,GLTP,ERGIC2,ZDHHC3,UBR5,TRAPPC4,ANKFY1,VTA1,VPS54,PEX5L,RAB6B,SUFU,RAB8B,INPP5K,PEX1,PEX7,PEX14,PIK3C3,PIK3R1,PIP4K2A,PLN,PML,HEATR5B,CCHCR1,EXOC6,LEPROT,CTSA,AFTPH,NDE1,SYTL2,FNBP1L,NSUN2,PXK,CMTM6,PPM1A,VPS37C,NRDE2,WIPI1,PLEKHJ1,DYNC2I1,PPP1R10,ZDHHC4,VPS13D,APPL2,VPS53,FBXW7,CCDC91,PPP3CA,LAPTM4B,VPS50,ZDHHC7,RAB20,PRKACA,NPLOC4,PEX26,IWS1,SCYL2,MREG,PKIA,CCDC88A,IPO9,PRKCI,PRKCZ,ERBIN,MYO5C,MAPK1,BCAP29,MAPK8,MAP2K1,MAP2K2,PARD3,PSAP,FMN2,SPIRE1,MFF,VPS35L,SMURF1,ERGIC1,PTGS2,GRAMD1B,TBC1D14,SORCS2,WDR35,KIF17,ARHGAP21,RIC1,USP36,RELCH,VPS18,GRAMD1A,PTPN1,DENND1A,EPG5,PTPN11,PTPN14,PEX2,PEX5,EPS15L1,RAB5B,RAC2,BCL2,UPF1,BCL2L1,TRIM27,BCL3,BACH2,BCR,SORT1,ATXN1,SCP2,BICD1,BID,UBE2O,NAPB,SLC17A9,KIF13A,TRAPPC2,MYO1G,RBSN,RAB17,SIL1,WIPF3,SGTA,ITSN1,CREB3L2,NDRG4,VPS33A,WNK1,MPPE1,SLIT1,TRAK2,SNX1,SNX2,SOD1,SORL1,DST,SP100,SPG7,SRC,SREBF1,SREBF2,SRP9,SSR2,STAT3,STK3,STK4,SYK,TERF2,TGFB1,TSPO,SEC62,TRAPPC10,TPR,TSG101,EIPR1,UBE2D3,UBE2L3,UCP3,YWHAG,YWHAH,PTTG1IP,TMEM50B,LAPTM5,EVI5,ALMS1,TUBA1A,USP7,RAB7A,TRAPPC6A,DERL1,GNPTAB,BAG6,FYCO1,SH3TC2,DYNC2H1,ZDHHC14,VPS37B,CLMN,TTC21B,PRR5L,DENND1C,WLS,CEP290,NUP214,STAM,NCOA4,NDFIP1,DUSP16,ACTN4,SLC25A32,CALR,ANP32A,HM13,SNX27,CLTCL1,PICALM,AXIN1,COG3,TRAPPC9,TBC1D10A,IMMP2L,DTNBP1,FHIP1B,ANKRD27,EEA1,STX7,ZDHHC18,YIPF4,VPS25,HPS3,HOOK3,RAB11FIP4,LZTS2,SYVN1,SPIRE2,CUL3,LMNB2,AGBL4,TMEM87B,SERAC1,PPFIA2,MYLK2,MICALL1,STX11,BECN1,GBF1,NAPA,HDAC3,MCM3AP,MTMR2,AP1M1,HERC2,HPS4,STBD1,SYS1,SPAG9,AIP,SEC22C,SYNGR1,YTHDC1,COG7,DCLK1,LARGE1,VAPB,VAPA,RCSD1,ITGB1BP1,RAB28,NHERF1,KIF3B,SYTL3,PICK1,AKAP6,CD36,STX8,SCARB2,RPH3AL,GOSR1,PREPL,ABCG1,NUP155,SEC24C,GCC2,IPO13,FAM53B,NUP93,EDEM1,TRAM2,RIMS2,RAB11FIP3,IFT140,CD81,ATG13,TBC1D5,PLEKHM1,C2CD5,TLK1,SEC16A,NUP153,DOP1B,CDH1","Sputum_Mixed granulocytic"
"BP","regulation of leukocyte mediated immunity",246,88,0.000904769664404184,0.0913777149063141,"C17orf99,KLRC4-KLRK1,RASGRP1,CD96,LILRB1,ARID5A,MALT1,LILRB4,RIPK3,NLRP3,SLAMF6,CLNK,SLC15A4,ADORA2B,PIK3R6,SHLD1,CX3CR1,CD55,DENND1B,DHX36,AHR,UNC13D,FCER2,FER,FGR,FUT7,STAP1,GATA3,HLA-DRA,HLA-DRB1,ICAM1,TICAM2,IL1R1,IL7R,IL10,ITGAM,ITGB2,JAK3,ARG1,SCIMP,LAG3,LAMP1,LYN,ARRB2,SMAD7,P2RX7,CYRIB,PDPK1,PLCG2,TLR9,SASH3,SHLD2,PRKCZ,CRTAM,SPHK2,DUSP22,C12orf4,CD177,PTPRC,NECTIN2,RAC2,BCL6,BCR,CEACAM1,NOD2,CLEC7A,SPI1,SPN,STAT5B,SYK,TGFB1,TNFRSF1B,TRAF2,TRAF6,CCR2,NSD2,ZP3,SVEP1,NDFIP1,KLRC4,STX7,HAVCR2,FADD,IL18RAP,IL18R1,CD84,CD1D,RSAD2,DDX21,CD80,CD81,GAB2","Sputum_Mixed granulocytic"
"BP","phospholipid biosynthetic process",252,102,0.00093237858361584,0.0937494289118865,"PIGK,CDS1,PEMT,PMVK,PLAAT3,CHKA,IP6K3,PIGU,MBOAT2,GPAT4,TTC7B,MBOAT1,DGKG,DGKH,DGKQ,SGMS2,ABCA2,LIPH,FABP5,INPP5F,SACM1L,EFR3A,LPIN1,PIP5K1C,SLC44A1,PIGN,PISD,SERINC5,SGMS1,DHRS7B,HDHD5,HEXB,PIK3R4,HMGCS1,HTR2B,IDI1,INPP1,INPP4A,INPP5D,ITPKB,PCYT1A,PDGFA,PDGFB,PIGT,INPP5K,PIGH,PIK3C2B,PIK3C2G,PIK3C3,PIK3CB,PIK3CG,PIK3R1,PI4KA,PI4KB,PIP4K2A,PLA2G4A,PLCG2,CRLS1,TMEM38B,AGPAT5,PI4K2A,VAC14,SPHK2,AGPAT3,AGPAT4,PLSCR3,SLC44A2,TTC7A,PTEN,SERINC1,PITPNM2,GPAM,MPPE1,TAFAZZIN,UVRAG,MBOAT7,LPCAT1,PNPLA3,PTDSS2,PITPNM3,PIP5K1B,SLA2,MFSD2A,SERAC1,PIGY,DGKZ,DGKE,DGKD,BECN1,CDS2,SOCS2,SYNJ2,MTMR3,MTMR2,MTMR7,VAPA,SOCS6,PGAP3,ORMDL3,PIGL,PGS1,SPTLC2,PTDSS1,FIG4,NR1H4","Sputum_Mixed granulocytic"
"CC","organelle subcompartment",1490,485,0.000979720416343472,0.0975190247783835,"PDCD6,PIGK,ABCB6,DNM1L,ATP9A,CERT1,PYURF,RASGRP1,AKAP9,TRIM13,STX6,SLC35B1,BET1,EMC8,IRAG1,ATP8A1,CDS1,PEMT,COG5,ARFGEF1,ERLIN1,SLC17A3,RAB10,MMP24,PDIA5,TMED2,LMAN2,CKAP4,TMED10,ILVBL,SPINK5,KDELR2,RAB31,FAF1,PLAAT3,MRAP2,MGAT4B,CHRM3,MGAT4A,TMC6,RNF13,MGLL,OSBPL5,OSBPL8,MOGAT1,ARAP1,ANTXR2,PDZD8,CLTC,SPPL3,CLBA1,DEGS2,RNF19B,TBC1D20,PIGU,MBOAT2,ZFAND2B,TMEM178A,COPA,CLVS2,TMEM68,GPAT4,ATF6B,CHODL,VTI1A,RDH12,ABHD12B,TMC8,CREB3L4,XXYLT1,RNF145,MBOAT1,CYP1B1,VKORC1L1,CYP3A7,RDH10,FAM91A1,CLVS1,CYP19A1,AWAT2,TMTC2,AP1B1,CNST,FUT11,DIO1,DLG1,ABCA1,EGFR,MYRFL,ALG14,SLC51A,HACD2,STT3B,DNAJC18,CERS3,ERN1,EXT1,EXT2,ACSL1,SLC37A2,MARCHF8,ARL5B,FDFT1,ALDH3A2,RHOBTB3,CHSY1,FKBP2,SACM1L,ATF6,RAB3GAP1,TMCC1,GGA2,EMC1,ANKLE2,GRAMD4,CLCC1,LPIN1,FAF2,SYNE2,NUP210,SIK2,ATP11A,DENND5A,ACSL6,TMED3,GRIP1,AP4E1,PIGN,PLD3,PITPNB,ALOX5AP,MTOR,FUT4,FUT7,FUT8,KDSR,CERS6,G6PC1,ZDHHC20,CNIH2,GABBR1,CALHM1,GALNT2,GALNT3,SGMS1,SEC31B,DHRS7B,GORASP2,OSBPL3,UBXN7,GGA1,ABHD12,GCNT1,AMFR,GGCX,GGTA1,B4GALT1,NBEA,ATP2C1,RAB30,GNAI3,GOLGA3,GOLGA4,B4GALNT3,GDPD1,GPR37,GRN,TMEM230,CNIH4,ZDHHC1,GUCY2C,SEC61A1,DSE,HLA-DPB1,HLA-DQA1,HLA-DQA2,HLA-DQB1,HLA-DQB2,HLA-DRA,HLA-DRB1,HLA-DRB5,HMGCR,HPD,HSD11B1,NDST1,HTR7,UBAC2,STING1,FMN1,LRIT3,IFNGR2,IGF2R,APP,IL15RA,ITPR1,ITPR2,KCNA2,ATP9B,MIA3,STIMATE,NRROS,RHOG,LBR,MYO18A,PLPP6,MAN2A1,MAP3K5,MIA2,ATXN3,TRPM1,MME,MYO1B,ASPH,MX1,NOTCH1,NOTCH2,NOTCH3,NOTCH4,ATP2A2,ATP2A3,FURIN,PNPLA8,ASAP1,ATL1,HSD17B12,PCSK1,SHISA5,PCSK5,MARCHF2,ERGIC2,PCYT1A,TEX264,TRAPPC4,SUCO,NAT8B,RTCB,VPS54,NBAS,PIGT,DHRS7,ERAP1,INPP5K,ATP8B1,PIGH,PIK3R1,PI4KB,PLA2G4A,PLAUR,FXYD3,PLN,PLOD1,PLOD2,PLP2,PML,SLC37A1,TLR9,YIPF1,PON3,RETREG1,POR,AFTPH,RNF43,CDKAL1,TMEM260,PARP16,CLN6,MARCHF1,WIPI1,ATG2B,PLEKHJ1,LRRC8D,ZDHHC4,TMEM38B,TMEM33,GOLPH3L,VPS53,CCDC91,RNF121,AGPAT5,PI4K2A,FLVCR2,NPLOC4,LMBR1L,ERMARD,CSGALNACT1,EMC3,TEX2,SULF2,BCAP29,PSEN2,JPH1,FMN2,AGPAT3,AGPAT4,NCLN,SPPL2B,AGTRAP,PNPLA2,RTN4,LDAF1,ATP10A,ATP8B2,ATP10D,ADGRG6,ERGIC1,RHBDD2,PTGS2,BIRC6,GRAMD1B,SERINC1,ELAPOR1,NCEH1,RIC1,RELCH,STIM2,GRAMD1A,PTPN1,G6PC2,MS4A7,RAC2,LGR6,BCL2,RHEB,ELOVL5,CYB5RL,RPE65,RRBP1,RYR1,RYR3,SORT1,SRL,BICD1,THADA,NECAB3,KIF13A,SLC28A3,GOLPH3,XYLT1,ERAP2,DNAJC1,MS4A6A,SFTPD,SGK1,CREB3L2,LMF1,ST6GAL1,ST3GAL1,ST3GAL2,ST3GAL3,NDRG4,SLC2A4,CHID1,SORL1,DST,SRD5A2,SREBF1,SREBF2,SRP9,SSR2,STIM1,BSG,SURF4,TBXAS1,TMBIM6,TGFA,TGFBI,SEC62,TRAF2,EIPR1,VRK2,WFS1,TMEM50B,MOGS,RNF103,ELOVL6,TRAPPC6A,DERL1,MBOAT7,TMEM43,NOX5,CYBC1,RHBDF2,ZDHHC14,MCTP1,ALG9,UBA5,LPCAT1,ATP8B4,WLS,ELOVL7,VCPIP1,UXS1,MOGAT2,PHAF1,HSD3B7,PNPLA3,SEL1L2,CALR,PTDSS2,DCSTAMP,HM13,ANKRD13C,VMP1,CAMK2D,CAMK2G,CANX,CLTCL1,ADPGK,GSG1,APH1B,COG3,TRAPPC9,STARD3NL,DTNBP1,ULK1,LRRC8C,YIPF4,COG8,SOAT2,SYVN1,CASQ2,DGAT2,EBPL,PLPP7,MFSD2A,ALG10,PIGY,SLC43A1,DEGS1,CAV1,PLPP3,BECN1,B4GALT2,MBTPS1,GBF1,CDS2,KSR1,ASAP2,AP1M1,PLOD3,STBD1,SYS1,NAT8,SEC22C,CD1D,SLC39A13,RNF185,RSAD2,RFT1,COG7,VAPB,VAPA,DHRS3,PGAP3,B4GALT6,B4GALT5,OTOF,COG1,ORMDL3,FADS2,EIF2AK3,PICK1,CHST3,AKAP6,STX8,PIGL,SCARB2,SPTLC2,TECR,GOSR1,TMEM59,EI24,PREPL,ABCG1,SEC24C,GCC2,CD59,LPIN2,EDEM1,USP6NL,NOS1AP,RAB11FIP3,ARHGAP32,CLSTN3,ATG13,PIEZO1,PTDSS1,RB1CC1,TESPA1,PJA2,LRBA,TMCC2,ATP2C2,SEC16A,DOP1B,CDH1","Sputum_Mixed granulocytic"
"BP","lymphocyte proliferation",306,107,0.000983643282431314,0.0975190247783835,"ADA,TSPAN32,RASGRP1,BTN2A2,VAV3,GPNMB,LILRB1,MALT1,LILRB4,RIPK3,CORO1A,RC3H1,CTLA4,CD55,DLG1,DOCK2,GPR183,AHR,GAPT,PLCL2,TMEM131L,ICOSLG,SCRIB,ABL1,FYN,LRRC32,TNFRSF21,CCDC88B,CD274,ANXA1,HLA-DPB1,HLA-DRB1,IL1A,IL7R,IL10,IL15,INPP5D,ARG1,LGALS3,CD180,LYN,MIR185,MIR21,MEF2C,MPL,NCK1,P2RX7,PAWR,ZBTB7B,LEF1,CD320,PIK3CG,TLR9,SASH3,PPP3CA,LMBR1L,PRKAR1A,PRLR,CRTAM,PELI1,SH3RF1,GPAM,PTPRC,RAC2,BCL2,BCL6,RPS3,BID,ZNF335,VSIR,SFTPD,SHB,MARCHF7,RASAL3,SLC7A1,LGALS9C,SLC11A1,SOS1,SPN,SPTA1,STAT5B,SYK,TGFBR2,TNFRSF1B,TRAF6,CCR2,TNFRSF4,ZP3,CD276,NDFIP1,RASSF5,ITCH,MAD1L1,NCK2,CARD11,HAVCR2,FADD,CCND3,TNFSF18,CD1D,CD3E,CD6,CD22,CD80,CD86,CD38,CD81,CD151","Sputum_Mixed granulocytic"
"BP","activation of innate immune response",272,99,0.000986275111887781,0.0975190247783835,"KLRC4-KLRK1,TNIP1,NOD1,IRAK3,NLRP3,CHUK,GBP5,SLC15A4,NEK7,CYLD,NLRC3,ESR1,RAB11FIP2,NLRP1,CARD8,GRAMD4,RFTN1,PUM2,FYN,ANKRD17,CLEC4E,GFI1,TBK1,HCK,STING1,TICAM2,IRAK2,IRF4,IRF7,SCIMP,LTF,LYN,MIR140,MIR17,MIR19A,MIR20A,ARRB2,MEFV,NINJ1,PAK2,PDPK1,PHB1,PIK3R1,PLCG2,TLR9,APPL2,PSPC1,LGR4,NAGK,DDX60,NPLOC4,INAVA,PRKCE,PRKDC,ERBIN,MAPK8,RTN4,PELI1,ZNFX1,WDFY1,EPG5,MARK4,CACTIN,SEC14L1,NOD2,IFIH1,CLEC7A,SRC,SYK,TLR5,TNFAIP3,TRAF3,TRAF6,ACOD1,XRCC5,MAPKAPK3,NLRX1,ATAT1,ALPK1,ZBP1,COLEC12,TRIM11,CLPB,KLRC4,CASP1,ITCH,CASP6,RNF135,HAVCR2,ZNRF1,CAV1,OASL,TRIM15,OTULIN,RSAD2,MFHAS1,MAPKAPK2,BPIFB1,AIM2,CD36,PUM1,MATR3,PJA2,USP15,NR1H4","Sputum_Mixed granulocytic"
"BP","regulation of leukocyte apoptotic process",92,41,0.000987034663748821,0.0975190247783835,"ADA,BCL2L11,MERTK,LILRB1,RIPK3,PTCRA,NOC2L,FOXP1,CD274,ANXA1,HCLS1,HIF1A,IL7R,IL10,IRF7,ITPKB,JAK3,LGALS3,LYN,MIRLET7B,MIR17HG,MEF2C,MIAT,NF1,P2RX7,PDCD1,PIK3CB,GPAM,BCL2,BCL2L1,BCL3,BCL6,NOD2,ST6GAL1,ST3GAL1,BCL11B,ADAM17,HSH2D,FADD,CD27,ORMDL3,FNIP1,RAPGEF2","Sputum_Mixed granulocytic"
"BP","cytosolic transport",180,79,0.000994072796140678,0.0977892217294406,"ATP9A,STX6,CES1,KIF1C,CORO1A,VPS26B,CLTC,WDR81,VTI1A,DAB2,DCTN1,EPS15,TPCN2,RHOBTB3,LMTK2,ERC1,DENND5A,HEATR5A,GGA1,TANC2,SNX5,SNX8,PIK3R4,TBC1D10C,KIF5B,LAMP1,MAP2,MYO1D,PRKN,ANKFY1,VPS54,RAB6B,PIK3C3,PIP4K2A,HEATR5B,PXK,WIPI1,PLEKHJ1,VPS53,CCDC91,MAPK1,MAP2K1,MAP2K2,TBC1D14,RIC1,TRIM27,SORT1,UBE2O,RBSN,WIPF3,SNX1,SNX2,SORL1,SRC,TRAPPC10,EIPR1,LAPTM5,EVI5,USP7,RAB7A,CLTCL1,TBC1D10A,FHIP1B,ANKRD27,EEA1,HOOK3,TMEM87B,PPFIA2,BECN1,GBF1,MTMR2,SYS1,SPAG9,RCSD1,STX8,GOSR1,PREPL,GCC2,RAB11FIP3,TBC1D5,DOP1B","Sputum_Mixed granulocytic"
"BP","T cell receptor signaling pathway",137,61,0.00103778362396786,0.101649116685541,"ADA,BTN2A2,MALT1,BTNL3,LILRB4,BTN3A2,ERMAP,SPPL3,CSK,RC3H1,CTLA4,BTNL9,DENND1B,DUSP3,ELF1,FCHO1,RFTN1,ICOSLG,ABL1,FYB1,FYN,GATA3,LAT,TNFRSF21,HLA-DPB1,HLA-DQB1,HLA-DRB1,INPP5D,LCK,LCP2,LGALS3,PAWR,PDE4B,PDE4D,UBASH3A,PLCG1,PLCG2,MAPK1,DUSP22,PTPRC,PTPRJ,NECTIN2,RPS3,CEACAM1,SHB,WNK1,BRAF,TEC,TRAF6,TXK,LAPTM5,CACNB4,PVRIG,BTNL8,CD276,SLA2,CARD11,DGKZ,CD3E,CD247,CD81,TESPA1","Sputum_Mixed granulocytic"
"BP","defense response to fungus",56,20,0.00107821246779601,0.104492866965558,"GNLY,CTSG,CX3CR1,DEFA1,DEFA3,DEFA4,DEFA5,DEFB4A,ELANE,COTL1,IL17RA,CLEC4E,ARG1,LTF,MPO,PLCG2,S100A9,CLEC7A,SPI1,DEFA1B,ZBP1,USP15","Sputum_Mixed granulocytic"
"BP","regulation of alpha-beta T cell activation",114,50,0.0010803520861887,0.104492866965558,"ADA,LILRB1,MALT1,LILRB4,NLRP3,ADORA2A,RC3H1,CD55,GATA3,CD274,ANXA1,HLA-DRA,HLA-DRB1,HLX,IFNG,IRF4,ITPKB,JAK3,MIR21,SMAD7,TARM1,ZBTB7B,SASH3,PRKCZ,CRTAM,SH3RF1,PTPRC,RARA,BCL6,VSIR,KLHL25,SHB,RASAL3,LGALS9C,SYK,TGFBR2,CCR2,ZBTB16,NDFIP1,ITCH,CARD11,RUNX1,RUNX3,CBFB,TNFSF18,CD3E,CD83,CD80,CD86,CD81","Sputum_Mixed granulocytic"
"BP","organic acid metabolic process",969,310,0.00108061185253063,0.104492866965558,"ACOT8,FARSB,UST,AASS,SLC25A13,SLC25A17,MTHFS,ERLIN1,CES1,FARS2,ME3,ACOT2,ILVBL,LIAS,ABHD2,HIBADH,SLC2A6,HOGA1,MGAT4A,SLC46A1,ACOT7,MGLL,OSBPL1A,OSBPL9,THEM4,GSTO2,EARS2,GGT6,PRXL2B,UROC1,CPA1,CPT1A,CPT1B,GPAT4,CARNMT1,ACSM6,CS,MAPK14,PM20D1,CTNS,CYP1B1,CYP3A7,RDH10,ADSS2,CYP27A1,AARS1,DARS1,ECI1,DHFR,DIO1,DLAT,DLST,ABAT,EHHADH,ACSF3,HACD2,ENO1,AKT1,AKT2,ETFA,ETFDH,FABP5,ACSL1,FAH,FARSA,FASN,FOXK1,DAGLB,ALDH3A2,FH,MORC2,SEPHS1,AKR1B1,LPIN1,ACSL6,UBR4,LARS2,MLYCD,QPRT,DDAH2,DDAH1,AMACR,PLA2G15,ALOX5,ALOX5AP,ALOX12B,MTOR,NR5A2,SERINC5,MTHFD1L,PNKD,ACOT11,OSBPL3,ABHD12,ZBTB20,GARS1,PHGDH,HIBCH,NUPR1,GGT1,GGTA1,ACAD8,SULT1B1,GCLC,GOT2,GPD1,PLA2G4D,NUDT7,GPX4,GIT1,GSTM1,GSTM4,GSTZ1,PYCR2,DSE,ANXA1,HADHA,HADH,HAL,HDC,HEXA,HEXB,HIF1A,HK1,HK2,ACACA,AOAH,HMGCL,HNMT,HPD,IARS1,GADL1,ACADM,MALRD1,IDH2,IDH3B,IFNG,APP,FOXK2,IREB2,KARS1,ARG1,LDHA,LIPC,LPL,LPO,LTA4H,MIR185,MIR21,MARS1,MDH2,ART4,ALDH6A1,MPO,ABCC1,ASPA,MSRA,MTAP,MTRR,MMUT,ACO1,NOS3,NPC1,ATP2B4,OAT,OGDH,P2RX7,PNPLA8,PC,PCBD1,PCCA,ACOX1,AMDHD2,PCK2,CRYL1,HSD17B12,PIPOX,AIG1,PRKAG2,SCLY,PDK4,UPB1,PEPD,PEX7,ATP8B1,PFKFB1,PFKFB2,PFKP,PGAM2,PKLR,PKM,PLA2G4A,PLOD2,PON3,PPARA,PPARD,CROT,PPARG,AUH,ACSM5,APPL2,THNSL2,QRSL1,ACOXL,CHST12,ENOSF1,NAGK,PRKAA2,PRKACA,PRKAR2B,CSGALNACT1,PRKCE,ACSS2,ANKH,MCCC1,SDHAF3,PTGS2,RIMKLB,RPTOR,GPAM,PEX2,PEX5,BCAT1,BCKDHA,SCPEP1,ALOXE3,ELOVL5,CEACAM1,SCP2,SDHA,KLHL25,MTARC1,ST6GAL1,ST3GAL1,SLC2A1,SLC34A1,AACS,SNCA,SRD5A2,SREBF1,STAT3,STAT5B,SULT1A1,SULT2B1,SYK,BTD,TBXAS1,TDO2,TNFRSF1A,TNXB,D2HGDH,TYRP1,UCP3,VDAC1,WARS1,DAGLA,ELOVL6,ADIPOR2,NARS2,ELOVL7,NR4A3,ACSF2,HSD3B7,PNPLA3,ACAD10,NPL,SLC25A32,SLC38A1,ACOX2,CARS1,CASP1,ADPGK,SESN2,BCO2,ACAD11,ACSS1,TPST2,TPST1,GPT2,ADTRP,CBR4,MFSD2A,DDO,SLC45A3,DEGS1,YARS1,CAV1,SLC25A12,CBFA2T3,AKR1C3,ALDH4A1,SLC4A4,CBS,SUCLG2,DCAF5,GMPS,KAT2B,VNN1,SLC5A6,KYNU,PLOD3,SLC25A21,SLC7A7,PAPSS2,PAPSS1,SLC16A3,MAPKAPK2,PLAA,FADS2,GSTO1,CD36,TECR,LPIN2,HDAC4,XYLB,GFPT2,SLC23A2,NR1H4","Sputum_Mixed granulocytic"
"BP","oxoacid metabolic process",963,308,0.00108765379957301,0.104728156531767,"ACOT8,FARSB,UST,AASS,SLC25A13,SLC25A17,MTHFS,ERLIN1,CES1,FARS2,ME3,ACOT2,ILVBL,LIAS,ABHD2,HIBADH,SLC2A6,HOGA1,MGAT4A,SLC46A1,ACOT7,MGLL,OSBPL1A,OSBPL9,THEM4,GSTO2,EARS2,GGT6,PRXL2B,UROC1,CPA1,CPT1A,CPT1B,GPAT4,CARNMT1,ACSM6,CS,MAPK14,PM20D1,CTNS,CYP1B1,CYP3A7,RDH10,ADSS2,CYP27A1,AARS1,DARS1,ECI1,DHFR,DIO1,DLAT,DLST,ABAT,EHHADH,ACSF3,HACD2,ENO1,AKT1,AKT2,ETFA,ETFDH,FABP5,ACSL1,FAH,FARSA,FASN,FOXK1,DAGLB,ALDH3A2,FH,MORC2,SEPHS1,AKR1B1,LPIN1,ACSL6,UBR4,LARS2,MLYCD,QPRT,DDAH2,DDAH1,AMACR,PLA2G15,ALOX5,ALOX5AP,ALOX12B,MTOR,NR5A2,SERINC5,MTHFD1L,PNKD,ACOT11,OSBPL3,ABHD12,ZBTB20,GARS1,PHGDH,HIBCH,NUPR1,GGT1,GGTA1,ACAD8,SULT1B1,GCLC,GOT2,GPD1,PLA2G4D,NUDT7,GPX4,GIT1,GSTM1,GSTM4,GSTZ1,PYCR2,DSE,ANXA1,HADHA,HADH,HAL,HDC,HEXA,HEXB,HIF1A,HK1,HK2,ACACA,AOAH,HMGCL,HNMT,HPD,IARS1,GADL1,ACADM,MALRD1,IDH2,IDH3B,IFNG,APP,FOXK2,IREB2,KARS1,ARG1,LDHA,LIPC,LPL,LTA4H,MIR185,MIR21,MARS1,MDH2,ART4,ALDH6A1,MPO,ABCC1,ASPA,MSRA,MTAP,MTRR,MMUT,ACO1,NOS3,NPC1,ATP2B4,OAT,OGDH,P2RX7,PNPLA8,PC,PCBD1,PCCA,ACOX1,AMDHD2,PCK2,CRYL1,HSD17B12,PIPOX,AIG1,PRKAG2,SCLY,PDK4,UPB1,PEPD,PEX7,ATP8B1,PFKFB1,PFKFB2,PFKP,PGAM2,PKLR,PKM,PLA2G4A,PLOD2,PON3,PPARA,PPARD,CROT,PPARG,AUH,ACSM5,APPL2,THNSL2,QRSL1,ACOXL,CHST12,ENOSF1,NAGK,PRKAA2,PRKACA,PRKAR2B,CSGALNACT1,PRKCE,ACSS2,ANKH,MCCC1,SDHAF3,PTGS2,RIMKLB,RPTOR,GPAM,PEX2,PEX5,BCAT1,BCKDHA,SCPEP1,ALOXE3,ELOVL5,CEACAM1,SCP2,SDHA,KLHL25,MTARC1,ST6GAL1,ST3GAL1,SLC2A1,SLC34A1,AACS,SNCA,SRD5A2,SREBF1,STAT3,SULT1A1,SULT2B1,SYK,BTD,TBXAS1,TDO2,TNFRSF1A,TNXB,D2HGDH,TYRP1,UCP3,VDAC1,WARS1,DAGLA,ELOVL6,ADIPOR2,NARS2,ELOVL7,NR4A3,ACSF2,HSD3B7,PNPLA3,ACAD10,NPL,SLC25A32,SLC38A1,ACOX2,CARS1,CASP1,ADPGK,SESN2,BCO2,ACAD11,ACSS1,TPST2,TPST1,GPT2,ADTRP,CBR4,MFSD2A,DDO,SLC45A3,DEGS1,YARS1,CAV1,SLC25A12,CBFA2T3,AKR1C3,ALDH4A1,SLC4A4,CBS,SUCLG2,DCAF5,GMPS,KAT2B,VNN1,SLC5A6,KYNU,PLOD3,SLC25A21,SLC7A7,PAPSS2,PAPSS1,SLC16A3,MAPKAPK2,PLAA,FADS2,GSTO1,CD36,TECR,LPIN2,HDAC4,XYLB,GFPT2,SLC23A2,NR1H4","Sputum_Mixed granulocytic"
"MF","catalytic activity, acting on a protein",2227,756,0.00109750791888553,0.105231096830189,"AKT3,TANK,SBK3,PIGK,C8orf44-SGK3,DPP3,TRIM10,SGK2,HIPK3,TNK2,ADAM10,TRIM13,CDK6,CTDSPL,PAK4,PCGF3,PIAS3,CPQ,PRMT5,TESK2,ARIH2,TAB1,MERTK,TRIM38,UBE2E3,KAT5,ATG7,STAMBP,MAP3K2,TRAF3IP2,KDM5B,NEK6,SRCAP,USP20,MALT1,MMP24,FASTK,PDIA5,COPS5,TLK2,RIPK3,WWP2,ADAM30,KATNA1,CIT,ADAMTS6,CHKA,IRAK3,DUSP10,GALNT6,PADI2,MGAT4B,TP53RK,MGAT4A,FKBP9,RNF13,TRIM9,CHUK,ESCO1,GALNT13,MARCHF3,OMA1,PCMTD1,UHRF2,RNF166,ART5,GALNT15,RFFL,TPP1,SPPL3,NTAN1,GGT6,RNF19B,TRABD2A,UBR3,CPO,TMPRSS11B,UBLCP1,CPA1,CPB2,CPD,CPM,PTPDC1,MYO3B,NEK7,MACROD2,UBE2F,ADAMTS14,TRPM6,STK35,ADPRH,PARP1,PARP4,MAPK14,HECTD2,CSF1R,CSK,FBXL14,CSNK1E,CSNK2B,TTBK2,PRSS36,MGAT5B,PM20D1,RC3H1,PDIK1L,CTSB,CTSE,CTSG,METTL21A,CTSH,ASPRV1,RNF38,CTSW,CTSZ,PPM1K,CYLD,RNF217,AMZ1,GRK2,GRK3,PRAG1,TTLL11,TMTC2,DAPK1,RHBDL3,PARP15,QSOX2,ADAMTS17,DLAT,DLG1,DLST,DNMT3A,DPP4,DUSP3,DUSP4,DYRK1A,ECE1,EGFR,METTL21C,UBR1,NSMCE1,ELANE,MARK2,ADAM32,EPHA1,HIPK1,EPHB3,EPHB6,SENP5,TRIML2,AKT1,AKT2,ERN1,MECOM,EYA1,EYA2,EYA3,EZH1,EZH2,F12,PTK2B,USP12,MARCHF8,JMJD1C,ZNRF2,FER,MAPK15,FGFR2,FGR,RNF44,PPM1E,AAK1,LMTK2,CILK1,FKBP2,NLRP1,FKBP5,CARD8,NT5C2,STK38L,KDM4B,MAST3,TNIK,SETD1B,HECW1,MYCBP2,KDM4C,TRIM35,TTLL5,COLGALT2,KDM6B,MAST2,STAB1,PASK,FLT1,DTX4,SIK2,PHLPP1,AGTPBP1,MGRN1,FKBP15,NEDD4L,JADE2,UBR4,MATCAP2,SIK3,SIRT5,FNTB,KAT6B,PADI4,DAPK2,MKRN1,SGK3,PRKD3,ALK,MTOR,ABL1,FUT8,FYN,ZDHHC20,METAP1D,TTLL10,RNF144B,PAN3,DSTYK,QPCT,HECTD1,USP49,RNF19A,RCHY1,GALNT2,GALNT3,TIPARP,SETBP1,LTN1,SENP6,ABHD12,FBXL6,FBXL5,FBXO22,KAT2A,GCNT1,LATS2,AMFR,GGT1,ABL2,PALD1,ADAMDEC1,STK39,STK32C,P4HA3,B4GALNT3,HECTD4,KSR2,SIAH3,FBXL22,RNF149,EPHA6,NSMCE2,GRK4,GRK5,GRK6,TMPRSS11E,MACROD1,HIPK2,SETD2,TBK1,UHRF1,GSK3B,USP25,ZDHHC1,GUCY2C,GZMK,HCK,PIK3R4,KY,MYLK4,OVCH1,IDE,SH3RF3,IGF1R,IGF2R,TMPRSS9,IRAK2,JAK1,JAK3,JARID2,TRIM23,B3GNT8,MAST4,PTAR1,LCK,LIMK1,LIMK2,LMO7,LNPEP,USP17L1,LOXL2,LTA4H,LTBP1,LTF,LYN,MARK3,ART3,MDM4,ART4,MEFV,MAP3K1,MAP3K5,MGAT3,MGAT5,CIITA,ATXN3,KMT2A,MME,MMP2,MMP8,ASTL,MMP16,CARD17P,EIF2AK4,CAPN14,GALNTL6,ASPH,MYLK,NEDD4,NEK2,NEK3,NFX1,NKTR,NRDC,P4HB,FURIN,PCSK6,MINK1,GALNT9,PAK2,PRKN,CELA2B,LAP3,TNNI3K,METTL9,HERC5,PCSK1,CRIM1,PCSK5,MARCHF2,CDK17,ZDHHC3,TAOK3,MBTPS2,UBR5,PRKAG2,DTL,HDAC7,OTUD6B,PDK4,ASB4,ASB2,PDPK1,NLK,ERAP1,MAP3K20,GALNT7,PEPD,CDK14,PGGT1B,PHF2,PHKA1,PHKG2,PIK3C3,PIK3CB,PIK3CG,PKM,PLAT,PLOD1,PLOD2,ADAM22,PML,TRIM34,SSH1,ANKIB1,RNF216,PRMT7,CPVL,MIER2,EGLN1,MINDY2,RSBN1,CTSA,ZRANB1,BSPRY,BCOR,RNF43,NSD3,TMEM260,PPM1A,PARP16,PPP1CA,MARCHF1,USP47,ENOX1,ZDHHC4,MSL2,PPP2R1A,RNF220,P3H2,USP40,UBE2W,RNF121,PPP3CA,CPPED1,PPP3CC,STK32B,PPT1,PRCP,PREP,GALNT10,STAB2,TASP1,ZDHHC7,PRKAA2,PRKACA,SCYL2,CFAP44,PRKCA,PRKCB,MINDY1,PRKCE,RNF130,PRKCH,PRKCI,ASH1L,PRKCZ,PRKDC,MAPK1,MAPK6,MAPK8,MAPK10,MAPK13,MAP2K1,MAP2K2,MAP2K5,TEX14,TMPRSS15,PRSS8,KLK10,AZU1,PSEN2,TMPRSS4,TRIM39,SPPL2B,DUSP22,PSMB7,SMYD2,PSMB8,PSMB9,PDXP,PARP11,CAMK1D,SMURF1,PELI2,PELI1,ZMIZ1,ADGRG6,PTEN,RHBDD2,BIRC6,GALNT16,PPM1H,PTK2,USP31,RNF150,NLN,HECW2,PTK6,MIB1,ALPK3,KLHL42,PDP2,USP35,STAMBPL1,USP36,VPS18,SH3RF1,RNF213,QSOX1,PTPN1,PTPN3,PTPN4,PTPN7,MARK4,PTPN9,PTPN11,PTPN13,PTPN14,PTPRA,PTPRC,PTPRD,PTPRE,PTPRG,PTPRJ,PTPRK,PTPRM,PTPRN2,PTPRO,PEX2,MAP4K2,MOK,RAF1,KDM5A,SCPEP1,TRIM27,PAPPA2,BCR,RPS6KA1,RPS6KA2,CFB,CELA2A,CCL3,UBE2O,PRDM16,XYLT1,MAP2K4,ERAP2,P3H1,IRF2BPL,COP1,NXN,MMP25,SGK1,SMYD3,TNS3,PARP12,MEAF6,SIAH1,SIAH2,WNK1,BMPR1B,BMPR2,CAPN15,SPG7,SRC,BRAF,SRPK1,ST14,STK3,STK4,CDKL5,STK10,SYK,ADAM17,TAF10,TEC,TEK,TGFBR1,TGFBR2,TGFBR3,TGM2,TIE1,TNFAIP3,TNS1,TOP1,C1S,C2,TRAF2,TRAF3,TRAF6,TRIO,CAPN5,TTN,CDK11A,TXK,UBA7,UBE2D3,UBE2E1,UBE2H,UBE2L3,KDM6A,VRK2,NSD2,XPNPEP1,TRIM26,PRDM2,RNF103,MAPKAPK3,USP7,OTUB2,METTL22,GALNT14,PPP1R3B,ZDHHC14,GALNT12,LRRK1,NPEPL1,TTLL7,ADGB,IQCA1,EHMT1,CAMKMT,NAA40,PEAK1,NEK11,UBA5,NAA60,KAT6A,ATAT1,MINDY3,ADAMTS20,VCPIP1,ALPK1,NAA50,RNF39,ADAM12,DUSP16,KDM7A,HM13,TRIM11,CAMK2D,ADAMTS12,CAMK2G,CLPP,CAPN1,CAPN3,CASP1,CASP2,ZMIZ2,ATG10,ITCH,KCTD10,CASP6,STK40,IMMP2L,CASP7,TMPRSS13,KATNAL1,ULK1,ZNRF3,KAT8,LOXL4,MINDY4,SETD3,TRAF7,ZDHHC18,STK24,RNF135,CASP10,DOT1L,SYVN1,CUL3,TPST2,TPST1,TTBK1,USP32,KDM2B,LNX1,CNDP1,CDC42BPA,RIOX2,AGBL4,TMTC4,AOPEP,MAP4K3,ZNRF1,ABHD13,UBASH3B,MYLK2,SSH2,CDC14B,CDC14A,CASK,STK16,CDK13,NCOA1,TNKS,MBTPS1,ADAM19,ADAM9,ADAM7,DYRK4,CDKL1,NRP2,NRP1,CFLAR,HDAC3,KSR1,KAT2B,STK19,NAE1,MCM3AP,MTMR3,MTMR2,PRPF4B,CPNE1,TRIM4,HERC3,HERC2,HERC1,BTRC,CCND3,P4HA2,USP13,PLOD3,RPS6KA4,TRIM15,KALRN,RSPRY1,ACVR1,OTULIN,BAZ1B,UBA3,AIP,PPP1R3E,ZNF598,USP10,USP8,MTMR7,LATS1,RNF185,PKDCC,CTDP1,LONRF1,MAP3K13,MYLK3,DCLK1,CD5L,STYXL2,GCNT3,UBE2L6,MAPKAPK2,STK17B,NEURL3,TRIP12,TGM5,NMT2,ACVRL1,HTRA3,MED21,MED27,MAP4K4,EIF2AK3,ATG5,ADAMTS4,ADAMTS3,ADAMTS2,TMEM59,CLOCK,CDC42BPB,PREPL,RNF7,AATK,PPM1F,TTLL4,UBE3C,HDAC9,USP34,SETD1A,HDAC4,RNF144A,RNF40,DNAJC6,MELK,CDK11B,PJA2,TLK1,FIG4,KLHL21,RNF10,JOSD1,USP15,USP3","Sputum_Mixed granulocytic"
"MF","calcium-dependent protein binding",79,34,0.00111183842281297,0.105658455390134,"PDCD6,CPLX2,SPACA9,SLC24A4,S100A16,S100Z,A2M,STX2,ANXA1,ANXA2,ANXA4,ANXA6,ANXA11,S100A7A,MYO1D,VPS37C,PLSCR3,CD177,S100A1,S100A2,S100A4,S100A5,S100A6,S100A9,S100A10,S100A11,S100A13,S100P,SYT1,TNNI3,TSG101,WFS1,VPS37B,CALM1,CASQ2","Sputum_Mixed granulocytic"
"BP","regulation of antigen receptor-mediated signaling pathway",66,31,0.00111379981904467,0.105658455390134,"ADA,BTN2A2,MALT1,LILRB4,RC3H1,NFAM1,DUSP3,ELF1,PLCL2,STAP1,FOXP1,LCK,LGALS3,LYN,MIR18A,MIR19A,PAWR,UBASH3A,PRKCB,PRKCH,DUSP22,PTPRC,PTPRJ,NECTIN2,RPS3,CEACAM1,LAPTM5,PVRIG,SLA2,CARD11,DGKZ,CD22,CD81,TESPA1","Sputum_Mixed granulocytic"
"BP","membrane organization",807,287,0.00111896332957246,0.105658455390134,"PDCD6,BCL2L11,DNM1L,ATP9A,CERT1,KIF20A,STX6,AP3S2,GPHN,BET1,EMC8,ATP8A1,NDRG1,VAV3,BAIAP2,MTX2,CETP,NEK6,CPLX2,AP3M2,TMED2,TMED10,IMMT,RAB31,RCC1,PLAAT3,CORO1A,PACSIN2,EXOC3,OSBPL5,OSBPL8,CIDEA,OMA1,FCHO2,THEM4,AP3S1,CLCN3,CLU,TBC1D20,LYZL4,VPS37A,SGCZ,VTI1A,DCTN1,UBXN2A,CRISP1,DLG1,DNM1,DNM2,DOCK1,DOCK2,DPP4,ABCA1,EGFR,ANO6,ABCA2,RAB12,TSNARE1,STX2,AKT1,AKT2,ABCA3,EYA2,MAPK15,AAK1,TRAPPC8,RIMS1,TMCC1,EMC1,EPB41L3,ANKLE2,LPIN1,SEPTIN8,RFTN1,EXOC6B,ATP11A,EXOC7,NEMP1,VPS39,VPS8,PIP5K1C,FOLR2,CORO1C,TMEFF2,PITPNB,ABCA4,SNX33,GCA,SEC31B,CNTNAP2,ERC2,ABCA12,PITPNC1,STAP1,ARFGAP3,MYOF,ATP2C1,VPS41,TRAPPC3,GCLC,TOR1B,BIN1,XKR6,ANK3,DBNL,GSK3B,GSN,SEC61A1,ANXA1,ANXA2,ANXA6,HK2,GLDN,RILPL1,ITGA2,ITGAM,ITGB2,KCNB1,ATP9B,MIA3,GLTPD2,XKR5,XKR9,LETM1,MYO18A,LMNA,LMNB1,MIR17,MBP,ABCC1,MSR1,NPC1,ATP2A2,NRCAM,OPA1,P2RX7,ANO7,PRKN,ASAP1,PLEKHA8P1,ATL1,SH3GLB1,VPS28,GLTP,TRAPPC4,BIN2,GULP1,ANKFY1,RAB8B,ATP8B1,PIP4K2A,PITPNA,PLCG2,PLEC,SSH1,EXOC6,FNBP1L,CHCHD3,VPS37C,ATG2B,TMEM33,APPL2,GOLPH3L,LAPTM4B,PPT1,RAB20,CCDC88A,EXOC2,PRKCA,PRKCB,EMC3,PRKCI,BIN3,BAIAP2L1,MAPK8,SPIRE1,NCLN,PLSCR3,PARP11,RTN4,SMURF1,ATP10A,ATP8B2,ATP10D,PTEN,GRAMD1B,PITPNM2,VPS18,GRAMD1A,PTPRC,PTPRD,NECTIN2,PEX5,RAPSN,BCL2,BCL2L1,EXOC4,S100A9,S100A10,BID,TRAPPC2,GOLPH3,PALS1,SGTA,VPS33A,WNK1,SLC2A4,SNCA,SOD1,SPG7,SPTA1,SPTBN1,VAMP1,SYT1,TAFAZZIN,THBS1,TSPO,TIE1,TRAPPC10,TSG101,UGCG,UVRAG,LAPTM5,RAB7A,AHNAK,TRAPPC6A,BAG6,TMEM43,NOX5,SH3TC2,VPS37B,ATP8B4,BAIAP2L2,VCPIP1,RUBCNL,STAM,CSRP3,COLEC12,DCSTAMP,VMP1,COLQ,PICALM,PITPNM3,TRAPPC9,CASP7,ANKRD27,EEA1,STX7,YIPF4,CHCHD6,VPS25,SPIRE2,CUL3,LMNB2,MFSD2A,MICALL1,DEGS1,CAV1,STX11,BECN1,MARCO,GBF1,NAPA,HDAC3,SYNJ2,SYNGR1,RFT1,LARGE1,VAPB,VAPA,CD9,NHERF1,NRXN1,NRXN2,OTOF,PICK1,CD36,STX8,GOSR1,ABCG1,NUP155,SEC24C,NUP93,TRAM2,MTSS1,PLEKHM1,ELMO1,C2CD5,FCHSD2,TBC1D4,SEC16A,ARHGAP25","Sputum_Mixed granulocytic"
"BP","negative regulation of cytokine production",380,114,0.00112056362211857,0.105658455390134,"CD96,BTN2A2,GPNMB,MERTK,KAT5,LILRB1,LILRB4,IRAK3,NLRP3,PGLYRP2,C1QTNF3,CIDEA,CMKLR1,SIRPA,CSK,CX3CR1,CYLD,ZFPM1,NLRC3,ELANE,SERPINB1,EZH2,CARD8,MAPKBP1,TRAF3IP1,LRRC32,GATA3,NPTN,C5AR2,TNFRSF21,TRIB2,GIT1,RGCC,CD274,ANXA1,ANXA4,HLA-DRB1,IFNG,IL10,INHBA,INPP5D,JAK3,ARG1,LAG3,LTF,MIR140,MIR145,MIR155,MIR17,MIR185,MIR192,MIR195,MIR19A,MIR19B1,MIR20A,MIR200C,MIR21,MIR214,MIR302A,ARRB1,ARRB2,SMAD7,MEFV,CARD17P,MIR302C,MIR302D,NFKB1,MIR378A,FURIN,LEF1,HDAC7,PML,ACP5,RNF216,PPARA,BANK1,APPL2,LAPTM4B,LGR4,NPLOC4,ERBIN,MAP2K5,MIR520C,PTPN11,PTPRC,CACTIN,RAD21,RARA,TRIM27,BCL3,BCL6,CEACAM1,VSIR,NOD2,SFTPD,ILRUN,LGALS9C,SLC11A1,CHID1,TGFB1,THBS1,TSPO,TNFAIP3,ACOD1,ZFP36,LAPTM5,NLRX1,NDFIP1,FXR1,ITCH,CUL3,SPINK7,KLHL22,HAVCR2,CD84,NAV3,RPS6KA4,PGLYRP1,IL1RL1,CD83,HOMER2,CD34,ATG5,N4BP1,HDAC9,NR1H4","Sputum_Mixed granulocytic"
"BP","organic substance catabolic process",2151,670,0.00113625852914738,0.106695614943575,"ADA,ACOT8,DNM3OS,DPP3,AASS,ADAM10,TRIM13,ANAPC10,RACK1,CPQ,ARIH2,TRIM38,SLC25A17,KAT5,ATG7,MTHFS,ERLIN1,IGF2BP2,CELF1,CES1,GIPC1,TRAF3IP2,HBS1L,HPSE,MALT1,FASTK,PNRC1,ASCC3,KCNQ1OT1,ILVBL,TLK2,TENT4A,ABHD2,WWP2,HIBADH,FAF1,PLAAT3,LSM6,NUDT3,CHI3L2,CHIT1,SLC2A6,PKP3,IRAK3,HOGA1,SLCO2B1,ACOT7,RNF13,MGLL,TRIM9,PGLYRP2,CIDEA,OMA1,CIRBP,RNF166,ABHD15,AGAP2,RFFL,CLU,TPP1,KLHDC1,PLA2G4E,NTAN1,ZC3H18,ABCC2,WDR81,RNF19B,DIS3L2,UBR3,GALM,ZFAND2B,COMT,UROC1,CPA1,CPB2,CPT1A,VPS37A,CPT1B,PXDNL,HGSNAT,CARNMT1,ABHD16B,MAPK14,FBXL14,CSNK1E,ABHD12B,RC3H1,COMMD1,CTSB,CTSH,UPP2,CTSW,CTSZ,SH3D19,RNF217,CYP1B1,CYP19A1,CYP27A1,DAB2,DAZL,DEDD2,ECI1,UBXN2A,DFFB,DHX36,DLST,DNASE1L1,AGL,DXO,ABAT,DPYS,DUT,ECE1,AGO4,EGF,EGFR,EHHADH,UBR1,ACSF3,ELANE,ABCA2,LIPH,RAB12,STT3B,ENO1,AKT1,AKT2,ERN1,ALAD,ETFA,ETFDH,EXT1,FAH,PTK2B,FOXK1,DAGLB,FBXL13,ZNRF2,FHIT,RHOBTB3,INPP5F,ZHX2,DENND3,ATF6,NT5C2,PLCH1,CNOT1,SAMD4A,MYCBP2,FOXO1,TNRC6B,LPIN1,LARP4B,FAF2,PSME4,ZC3H4,DTX4,PLCB1,AGTPBP1,FBXW11,SMG6,TUT4,NEDD4L,UBR4,LARP1,PUM2,MLYCD,RYBP,SLC44A1,SF3B3,QPRT,NNT,DDAH2,DDAH1,AMACR,PLA2G15,PISD,IL17RA,ALK,CNOT6L,AFG1L,MTOR,FUT4,FUT7,FUT8,FYN,G6PC1,YTHDF3,LYG2,GAA,RNF144B,PAN3,PLCXD2,SNX33,LSM4,GALC,PRDX5,HECTD1,ARMC8,RNF19A,RCHY1,WWTR1,SAMHD1,PNKD,TIPARP,UPF2,UBXN7,LTN1,GGA1,ABHD12,TRPC4AP,ZBTB20,FBXL6,FBXL5,KLHL3,FBXO22,FBXO8,HIBCH,NUPR1,AGO1,AMFR,GGT1,ACAD8,UTP25,SND1,LAMP3,PDE7B,SNX5,AGO2,DISC1,AMPD3,GLB1,SULT1B1,GCLC,TNRC6A,SGSM3,GM2A,GNA12,GNS,GOT2,GPD1,GPD2,GPLD1,SIAH3,PLA2G4D,FBXL22,NUDT7,GDPD1,RNF149,TRIB2,DCPS,GIT1,HIPK2,UHRF1,GRSF1,GSK3B,GSTZ1,USP25,ANXA2,HADHA,HADH,HAL,HDC,HEXA,HEXB,PIK3R4,HIF1A,HK1,HK2,AOAH,HMGCL,HMGCR,HNMT,HNRNPAB,HNRNPD,HNRNPU,HPD,HSD11B1,UBAC2,ACADM,IDE,SH3RF3,IFNG,APP,IL10,FOXK2,IREB2,ARG1,LDHA,LDLR,LIPC,LIAT1,LNPEP,LPL,LPO,PLPP6,LRP1,LRP2,LRP5,LTA4H,MIRLET7B,MIR140,MIR145,MIR18A,MIR185,MIR192,MIR195,MIR20A,MIR21,MIR214,MIR302A,ARRB1,SMAD3,ARRB2,SMAD7,MAN1A1,MDM4,MGAT3,ATXN3,MME,MMP2,ALDH6A1,MPO,ABCC1,TRIM67,MIR302C,ASPA,NUDT1,MTRR,NCBP1,NEDD4,NOS3,CNOT2,NOTCH1,NRDC,NTHL1,ATP2B4,OAT,OGDH,ALDH7A1,OXCT1,P2RX7,FURIN,PRDX1,PNPLA8,PRKN,PARN,PCCA,ACOX1,AMDHD2,PCK2,DERA,CRYL1,SIDT2,TRNT1,SH3GLB1,PHF20L1,MRTO4,VPS28,HERC5,PLCE1,MARCHF2,PIPOX,WAC,FZR1,PDE2A,AIG1,PDE3B,PDE4A,PDE4B,PRKAG2,ANAPC7,PDE4D,PCYOX1,PDE7A,DTL,PDE9A,SCLY,VPS54,NBAS,NUB1,ASB2,SUFU,UPB1,ERAP1,PEX7,PFKFB1,PFKFB2,PFKP,PGAM2,PHB1,PHKG2,PIK3CG,PKLR,PKM,PLA2G4A,PLCB2,PLCB4,PLCD1,PLCG1,PLCG2,PML,EXOSC10,KCTD5,PON3,XRN1,ANKIB1,TOLLIP,RNF216,RBM47,PPARA,PPARD,CROT,CTSA,ZRANB1,TET2,TENT5C,NSUN2,RNF43,AUH,BANP,PLAAT2,CLN6,PPP1CA,VPS37C,NRDE2,THNSL2,PPP2R5C,PGM2,UBE2W,ACOXL,FBXW7,RNF121,LAPTM4B,PPT1,ENOSF1,STAB2,NAGK,ZCCHC8,TENT5A,AMBRA1,PRKAA2,PRKACA,NPLOC4,UGGT2,PRKCA,DCP1A,PRKCE,RNF130,SMG9,DNAJC3,TRIM39,FMN2,PSMA1,MCCC1,PSMB7,PSMB8,RGMA,PSMB9,PDXP,PSMD1,PSMD3,PNPLA2,MAN1C1,SMURF1,PELI1,PTEN,AICDA,RHBDD2,MIR497,MIR520C,PTK2,CNOT6,RNF150,RPTOR,MIB1,KLHL42,NCEH1,RIC1,SH3RF1,RNF213,TNRC6C,PTPN1,GBA3,PTPN3,LSM2,PEX2,PEX5,PYGL,TP53INP2,DNASE2B,RAD23B,BCKDHA,UPF1,CELA2A,CEACAM1,SCP2,SLC17A9,RBKS,ERAP2,COP1,LIPN,BLVRA,KLHL25,SGTA,SIAH1,SIAH2,CRTC3,MARCHF7,SKP2,UPF3A,SLC11A1,SMARCC1,SNCA,SORL1,SRD5A2,ST14,ZFP36L1,STAT3,SULT1A1,TBL1X,TDG,TDO2,TGFB1,THRA,TIMP2,TIMP3,TNFAIP3,TNFRSF1B,TPO,TRAF2,TRAF5,TSG101,UBA7,UBE2D3,UBE2E1,UBE2H,UBE2L3,UPP1,UVRAG,VIM,WFS1,DAGLA,XPNPEP1,YWHAH,ZFP36,LAPTM5,CSDE1,PXDN,RNF103,USP7,RAB7A,SECISBP2,METTL16,FTO,WDR77,DERL1,BAG6,RNASEH2B,PPP1R3B,TUT7,TBL1XR1,VPS37B,FBXO31,PLBD1,LPCAT1,PRR5L,PSME3IP1,FBXL18,EDC3,SPSB1,EDEM3,STAM,CDK5RAP3,PNPLA3,SEL1L2,ACAD10,NDFIP1,FXR1,NPL,CALR,HM13,ADAMTS12,CLPP,CANX,CAPN1,CAPN3,COLQ,ACOX2,AXIN1,ADPGK,SESN2,ITCH,BCO2,KCTD10,CASP7,ACAD11,ZNRF3,ZCCHC7,TRAF7,VPS25,ECRG4,SYVN1,CUL3,CUL1,CAT,GPT2,LNX1,ADTRP,KLHL22,AGBL4,MFSD2A,ZNRF1,ENC1,DDO,NKD1,CAV1,SCARF1,CBFA2T3,HSD17B6,RNASET2,AKR1C3,ALDH4A1,SLC4A4,BECN1,TNFSF12,CBS,ADAM9,PABPC4,SUCLG2,KAT2B,VNN1,CDC16,NAE1,MTMR2,HERC3,HERC2,KYNU,BTRC,USP13,MVB12B,PLCZ1,STBD1,SLC25A21,PGLYRP1,RSPRY1,ANGEL2,ZNF598,USP8,MTA1,LATS1,SLC16A3,RNF185,UBXN11,SPSB4,UBE2L6,MAPKAPK2,SOCS6,TRIP12,TRIP4,PLAA,ATG5,PSMF1,SCARB2,GTPBP1,CLOCK,APOBEC3B,CD44,GDA,RNF7,SKIC3,LPIN2,N4BP1,VGLL4,UBE3C,EDEM1,PUM1,CD81,HDAC4,CDA,RNF144A,RNF40,CTIF,RB1CC1,PJA2,RNF10,KIF14,EXOG,XYLB,THRAP3,CDH1","Sputum_Mixed granulocytic"
"BP","hepatocyte apoptotic process",21,15,0.00115961439797666,0.108440648475809,"ADAR,DNMT3A,GSN,IGF1R,KRT8,PIK3CG,PPARA,PRKAA2,RB1,BCL2L1,BID,STK3,STK4,CASP6,CFLAR","Sputum_Mixed granulocytic"
"BP","tumor necrosis factor superfamily cytokine production",190,67,0.00117184356184939,0.108689686120267,"RASGRP1,NOD1,GPNMB,LILRB1,ARID5A,LILRB4,IRAK3,CIDEA,C1QTNF4,CLU,SIRPA,CX3CR1,NLRC3,ZBTB20,FOXP1,C5AR2,CD274,IFNG,APP,IL1A,IL10,LPL,LTF,MIR140,MIR185,MIR195,ARRB2,MMP8,PIK3R1,PLCG2,ACP5,TLR9,SASH3,AZU1,SPHK2,PTPN11,PTPRC,PTPRJ,CACTIN,RAD21,RARA,TRIM27,BCL3,CCL3,VSIR,NOD2,IFIH1,CLEC7A,ILRUN,SPN,STAT3,SYK,TGFB1,THBS1,TSPO,TNFAIP3,CCR2,ZFP36,FXR1,FRMD8,HAVCR2,FADD,CD84,MAPKAPK2,CD86,CD36,AKAP12,NR1H4","Sputum_Mixed granulocytic"
"BP","regulation of tumor necrosis factor superfamily cytokine production",190,67,0.00117184356184939,0.108689686120267,"RASGRP1,NOD1,GPNMB,LILRB1,ARID5A,LILRB4,IRAK3,CIDEA,C1QTNF4,CLU,SIRPA,CX3CR1,NLRC3,ZBTB20,FOXP1,C5AR2,CD274,IFNG,APP,IL1A,IL10,LPL,LTF,MIR140,MIR185,MIR195,ARRB2,MMP8,PIK3R1,PLCG2,ACP5,TLR9,SASH3,AZU1,SPHK2,PTPN11,PTPRC,PTPRJ,CACTIN,RAD21,RARA,TRIM27,BCL3,CCL3,VSIR,NOD2,IFIH1,CLEC7A,ILRUN,SPN,STAT3,SYK,TGFB1,THBS1,TSPO,TNFAIP3,CCR2,ZFP36,FXR1,FRMD8,HAVCR2,FADD,CD84,MAPKAPK2,CD86,CD36,AKAP12,NR1H4","Sputum_Mixed granulocytic"
"BP","lymphocyte costimulation",49,24,0.0012125216782216,0.111384256249477,"KLRC4-KLRK1,LILRB4,CSK,DPP4,EFNB2,AKT1,MTOR,FYN,CD274,LCK,LGALS1,LYN,CD320,PDPK1,PTPN11,SPN,SRC,CARD11,CAV1,CD3E,CD5,CD80,CD86,CD81","Sputum_Mixed granulocytic"
"BP","small GTPase mediated signal transduction",488,203,0.0012132976218015,0.111384256249477,"RASGRP1,FAM13A,ABI2,LPAR6,WASF2,TNK2,DENND4A,NET1,DLC1,RAPGEF3,VAV3,ARFGEF1,CDC42EP3,STAMBP,NCKAP1,YWHAQ,MAPRE2,RAPGEF4,CDC42EP1,NISCH,AKAP13,CHN2,CHUK,ARAP1,TAGAP,FGD4,COL3A1,IQGAP3,PLEKHG4B,PRAG1,DAB1,DOCK1,DOCK2,DOCK3,AGTR1,ECT2,ABCA1,LPAR1,ARHGAP27,RAB12,CCDC125,F2RL2,SPATA13,FGD1,RASA3,DENND3,SWAP70,ARHGAP26,SIPA1L3,IQSEC2,RAP1GAP2,RGL1,KANK1,CYFIP1,ARHGEF9,DOCK9,PSD3,RHOQ,ARHGAP45,PSD4,CDC42EP4,ABL1,NGEF,KANK2,PLEKHG3,AUTS2,TIAM2,FBXO8,GDI2,RGL4,ABL2,LAT,CYTH4,RAB30,P2RY10,SGSM3,GNA12,GNB1,KSR2,GPR17,NKIRAS1,GPR35,SCAI,RAPGEF1,GIT1,DBNL,ABR,ARHGAP35,ITGAV,ITGB1,ITPKB,RHOG,ARHGDIB,LIMK1,RHOH,ARRB1,IQSEC3,PLEKHG7,CCDC88C,TRIM67,MYO9B,NF1,NGFR,NOTCH1,NOTCH2,NUCB1,ARHGEF3,PLCE1,CYRIB,RAPGEF6,PIK3CB,PIK3CG,RIN2,RHOF,EPS8L1,RALGPS2,ARHGAP17,ARHGEF10L,PLEKHG6,DOCK10,DENND4C,CCDC88A,ARHGAP15,CDC42SE2,RGL3,RALGAPB,RALGAPA2,PLEKHG1,ARHGAP31,SIPA1L2,ARHGAP20,PREX1,ARHGAP21,SHTN1,DENND1A,ARHGAP22,RAC2,RAF1,RALB,RALGDS,RAP1B,RAP1GAP,RASGRF1,RB1,RHEB,BCL6,ROBO1,BCR,ARHGEF28,ARHGAP9,ITSN1,SIAH2,RASAL3,SIPA1,PHACTR4,SOS1,SRC,TGM2,TIAM1,TRIO,VAV2,MAPKAP1,EPS8L3,ARHGAP10,DOK3,DOCK5,ARHGAP24,KCTD10,BCAR3,GARNL3,RASAL1,CUL3,GPR65,CGNL1,MADD,RFXANK,CTNNAL1,GBF1,NRP1,SYNGAP1,KSR1,STK19,FGD3,KALRN,DOK2,STARD13,DIRAS3,USP8,ARHGEF1,CYTH1,ARHGAP18,GRAP2,MAP4K4,ARHGEF10,RALGPS1,RAPGEF2,ARHGAP32,RIPOR2,RAPGEF5,GIT2,ELMO1,FARP2,SRGAP3,IQSEC1,KIF14,ARHGAP25","Sputum_Mixed granulocytic"
"BP","T cell differentiation involved in immune response",84,38,0.00121560005060158,0.111384256249477,"MALT1,NLRP3,SLAMF6,RC3H1,ZFPM1,GPR183,MTOR,GATA3,CLEC4E,FOXP1,ANXA1,HLA-DRA,HLA-DRB1,HLX,IFNG,IL6R,IRF4,JAK1,JAK3,MIR21,SMAD7,KMT2A,MYB,ZBTB7B,LEF1,PRKCZ,RARA,BCL3,BCL6,RORA,RORC,SEMA4A,SHB,SPN,STAT3,IL18R1,TNFSF18,CD80,CD86","Sputum_Mixed granulocytic"
"BP","positive regulation of CD4-positive, alpha-beta T cell activation",43,22,0.00122150912224343,0.111476197967308,"MALT1,NLRP3,CD55,ANXA1,HLA-DRA,HLA-DRB1,HLX,IFNG,MIR21,ZBTB7B,SASH3,PRKCZ,RARA,KLHL25,SHB,TGFBR2,CARD11,CD3E,CD83,CD80,CD86,CD81","Sputum_Mixed granulocytic"
"BP","macromolecule modification",3206,1034,0.00124325138525171,0.11300657791384,"AKT3,ABI1,TANK,PDCD6,PIGK,C8orf44-SGK3,UST,TRIM10,SGK2,RAD50,HIPK3,IFNL4,RASGRP1,FRY,AKAP9,ABI2,TNK2,ADAM10,TRIM13,CDK6,CTDSPL,DCAF7,GPHN,RAMP1,RAMP3,PAK4,ADAR,CDKN2B,TNIP1,PCGF3,ANAPC10,DLC1,RACK1,ADARB1,PIAS3,PRMT5,TESK2,ARIH2,TAB1,GPNMB,MERTK,TADA3,TRIM38,UBE2E3,LRRC41,CRTAP,ADARB2,SEMA4D,KAT5,IPO7,ATG7,ARFGEF1,STAMBP,IVNS1ABP,RGS14,CTCF,TRAF3IP2,NEK6,ARID5A,USP20,MALT1,FASTK,TMED2,ASCC3,COPS5,LILRB4,TLK2,RIPK3,WWP2,PKIG,IRAK3,DUSP10,GALNT6,PDCD10,KLHL2,MGAT4B,TP53RK,CHRM3,MGAT4A,RNF13,TRIM9,CHUK,ESCO1,GALNT13,OSBPL8,FBXO32,MARCHF3,PCMTD1,UHRF2,WDFY2,RNF166,IL22RA2,AGAP2,FTSJ3,GALNT15,IP6K3,RFFL,CLU,SPPL3,KLHDC1,MTFMT,RNF19B,COL3A1,IQGAP3,PIGU,TRABD2A,UBR3,IL31RA,UBLCP1,NCOA7,CREB1,CREBL2,ASB7,MYO3B,NEK7,MACROD2,UBE2F,CRY2,SIRPA,STK35,ADPRH,PARP1,PARP4,MAPK14,HECTD2,CSF1R,CSK,CSNK1E,CSNK2B,TTBK2,MGAT5B,PIK3R6,DPY19L3,CTBP1,RC3H1,PDIK1L,CLDN19,AANAT,COMMD1,CTSG,METTL21A,CCNYL1,PPP4R2,XXYLT1,RNF38,CX3CR1,PAQR3,PPM1K,CYLD,CNKSR3,RNF217,CYP1B1,VKORC1L1,GRK2,GRK3,PRAG1,TTLL11,AARS1,DAB2,TMTC2,DGKQ,DAPK1,DAXX,ADAD2,UBXN2A,PARP15,DLST,DMD,DNMT3A,DRD4,DUSP3,DYRK1A,ECT2,EFNA5,EGF,EGFR,METTL21C,UBR1,NSMCE1,EIF4G1,ELANE,ALG14,ABCA2,SPRED2,MARK2,STT3B,ENSA,C9orf72,EPAS1,EPHA1,HIPK1,EPHB3,EPHB6,DIPK2A,SENP5,TRIML2,AKT1,ERCC6,ERG,AKT2,ERN1,EYA1,EZH2,PTK2B,FBLN1,USP12,CCNY,MARCHF8,ZNRF2,FECH,FER,FGF7,MAPK15,FGFR2,FGR,RNF44,PPM1E,AAK1,LMTK2,CILK1,INPP5F,FKBP5,TRAK1,SEPHS1,RAB3GAP1,TPX2,LIMCH1,STK38L,MAST3,TNIK,SETD1B,CMTR1,HECW1,SWAP70,MYCBP2,FOXO1,ERC1,TRIM35,TTLL5,TAB2,KDM6B,MAST2,ANKLE2,PASK,DIP2A,FLT1,DTX4,SIK2,CAMTA1,KLHL18,AGTPBP1,FBXW11,MGRN1,NEDD4L,SASH1,DPY19L1,JADE2,UBR4,SIK3,SIRT5,FNTB,SF3B1,FOS,NNT,PIK3R5,PIGN,PADI4,CORO1C,DAPK2,MKRN1,RUSC1,PLXNB2,SGK3,PRKD3,ALK,ALOX12B,MTOR,ABL1,FUT4,FUT7,FUT8,FYN,ZDHHC20,METAP1D,RNF144B,QPCT,HECTD1,USP49,RNF19A,RCHY1,GALNT2,GALNT3,WWTR1,KBTBD2,IBTK,ZZZ3,NSUN5P2,SETBP1,LTN1,PPP1R16B,AUTS2,SENP6,ABHD12,WIPI2,TRPC4AP,TRAF3IP1,FBXL5,KLHL3,GATA3,FBXO22,GCG,NUPR1,KAT2A,GCNT1,GCNT2,LATS2,AMFR,GFRA1,GGCX,B4GALT1,ABL2,NPTN,LAT,GCLC,STK39,GNA12,GNAQ,SFN,SLCO3A1,STK32C,P4HA3,HECTD4,FBXL22,KANSL1,RNF149,STPG4,EPHA6,SUMF1,PPIL6,NSMCE2,GRK4,GRK5,GRK6,TRIB2,RGCC,MACROD1,HIPK2,SETD2,TBK1,UHRF1,GSK3B,USP25,ZDHHC1,PILRB,ANXA1,HCK,HCLS1,HTT,NRG1,EHD4,PIK3R4,HIF1A,HLA-DRB1,HNRNPAB,HTR2B,HUS1,SH3RF3,IFNG,IGF1R,APP,FAS,IL6R,IL15,INHBA,IRAK2,ITGA1,ITGA5,ITGB2,ITPKB,JAK1,JAK3,TRIM23,B3GNT8,MAST4,PTAR1,KRT10,SUMO4,SUMO1P1,LCK,LCP2,LEPR,LGALS3,LIMK1,LIMK2,LIAT1,LMO7,USP17L1,LOXL2,PLPP6,LRP6,LRP5,LTF,LYN,MIR143,MIR19A,MIR19B1,MIR20A,MIR21,MIR92A1,ARRB1,ARRB2,SMAD7,MAN1A1,MAN2A2,MAN2A1,MARK3,MDM4,MEFV,MAP3K1,MAP3K5,MGAT3,MGAT5,MGMT,ATXN3,KMT2A,MNAT1,MPG,CCDC88C,EIF2AK4,TYW1B,GALNTL6,ASPH,MSRA,MTRR,MUTYH,MYLK,PPP1R12A,NCK1,NEDD4,NEDD9,NEK2,NEK3,NF1,NFX1,NFYC,NKTR,NNAT,NNMT,NPC1,NPPA,NTHL1,ATP2B4,OGDH,OSM,P2RX7,P4HB,MINK1,GALNT9,PAK2,PRKN,DCAF8,PARN,TNNI3K,PHF20L1,ASB3,A4GNT,VPS28,HERC5,PLCE1,MARCHF2,CDK17,ZDHHC3,FZR1,TAOK3,UBR5,ANGPT4,PRKAG2,ANAPC7,PDE4D,NAT8B,DTL,ZC3HC1,PDGFA,PDGFB,HDAC7,LARP7,PIGT,OTUD6B,RTRAF,CDK5RAP1,PDK4,ASB4,NUB1,ASB2,PDPK1,NLK,CAB39,INPP5K,MAP3K20,GALNT7,CDK14,PGGT1B,PHB1,PHF2,PHKG2,PIGH,PIK3C3,PIK3CB,PIK3CG,PLAT,PLAUR,BCL11A,BTBD1,PLCG2,FXYD1,PLOD1,PLOD2,PML,PMM2,TRIM34,TLR9,SEPTIN4,DCUN1D1,ERRFI1,SSH1,ANKIB1,TOLLIP,RNF216,PRMT7,RBM47,MIER2,EGLN1,MINDY2,PPARG,ZRANB1,TET2,GATAD2A,BSPRY,WBP1L,NSUN2,RNF43,LAX1,CDKAL1,DUS2,KANSL2,PPM1A,PARP16,ODAM,PINX1,PPP1CA,MARCHF1,PID1,PHIP,BANK1,USP47,WIPI1,ZDHHC4,MSL2,MRM3,PPP2R1A,RNF220,PPP2R1B,P3H2,NAT10,PPP2R3A,USP40,KIRREL1,NEIL3,ELP2,TYW1,PPP2R5C,UBE2W,PPP2R5E,PPP6R3,FBXW7,RNF121,PPP3CA,PPP3CC,STK32B,IMPACT,PPT1,GALNT10,ITLN1,PRR5,ZDHHC7,AMBRA1,PRKAA2,PRKACA,PPP4R3A,PKIA,CCDC88A,SLF2,PRKAR1A,PRKAR1B,UGGT2,PRKAR2A,INAVA,PRKAR2B,PRKCA,PRKCB,MINDY1,PRKCE,RNF130,DCAF6,PRKCH,CAND1,PRKCI,DBNDD2,ASH1L,WSB2,PRKCZ,PRKDC,MAPK1,MAPK6,MAPK8,MAPK10,MAPK13,PDGFC,MAP2K1,MAP2K2,MAP2K5,DNAJC3,PRLR,MEPCE,WDR45B,PARD3,AZU1,TRIM39,DUSP22,SMYD2,TULP4,PDXP,CASS4,PARP11,CAMK1D,MAN1C1,SMURF1,PELI2,PELI1,ZMIZ1,PPP4R3B,PTEN,AICDA,PTGS2,BIRC6,GALNT16,PPM1H,PTK2,USP31,RIMKLB,HECW2,RPTOR,PTK6,MIB1,KLHL42,PDP2,USP35,STAMBPL1,FNIP2,USP36,TRMT9B,DIP2B,VPS18,SH3RF1,EP400,UVSSA,PHRF1,RNF213,PTPN1,ZFYVE28,PTPN3,PTPN4,PTPN7,MARK4,RAB40C,PTPN9,PTPN11,PTPN13,PTPN14,PTPRA,PTPRC,PTPRD,PTPRE,PTPRG,PTPRJ,PTPRK,PTPRM,PTPRN2,PTPRO,PEX2,CACTIN,MAP4K2,MOK,RAF1,RALB,RARA,RB1,BCL2,TRIM27,ROBO1,BCR,RPS3,RPS6KA1,RPS6KA2,S100A9,CEACAM1,THADA,UBE2O,PCIF1,SAMSN1,BLM,NOD2,IFIH1,PDF,MAP2K4,P3H1,IRF2BPL,COP1,NXN,KLHL25,SGK1,UNKL,SMYD3,PARP12,SIAH1,SIAH2,MICAL1,DEPTOR,ST6GAL1,ST3GAL1,ST3GAL2,MARCHF7,ST3GAL3,SKP2,WNK1,MPPE1,SLC8A1,SLC11A1,BMPR1B,BMPR2,SNCA,SNTA1,SOD1,SORL1,SPN,SRC,BRAF,SRPK1,STK3,STK4,CDKL5,STK10,SYK,ADAM17,TAF10,TARBP1,TDG,TEC,TEK,TGFA,TGFB1,TGFBR1,TGFBR2,TGM2,THBS1,TSPO,TNFAIP3,TNFRSF1A,TOP1,TPD52L1,TRAF1,TRAF2,TRAF3,TRAF5,TRAF6,TSG101,EIPR1,TTN,GXYLT2,CDK11A,TXK,CRPPA,UBA7,UBE2D3,UBE2E1,UBE2H,UBE2L3,UBE2V1,UGCG,KDM6A,UVRAG,VRK2,WARS1,WFS1,WT1,XRCC5,YWHAG,YWHAZ,PTTG1IP,ZBTB16,TRIM26,LAPTM5,MOGS,RNF103,MAPKAPK3,USP7,OTUB2,DBNDD1,ST8SIA4,METTL16,FTO,METTL22,CARD14,MAPKAP1,DERL1,FKRP,BAG6,CCNJL,GALNT14,NDNF,ZDHHC14,GALNT12,LRRK1,PRKRIP1,TTLL7,ASB13,FBXO31,ALG9,EHMT1,MOB3B,METTL8,PEAK1,NEK11,UBA5,PRR5L,NAA60,KAT6A,ATAT1,GRHL2,NAA25,DCAF17,CALM1,VCPIP1,NAA15,SPSB1,NAA50,EDEM3,CDK5RAP3,PDGFD,RNF39,NDFIP1,DUSP16,SH3BP5L,KDM7A,FXR1,CDK2AP1,TRIM11,TRMT1L,CAMK2D,CAPN3,AXIN1,COG3,RASSF5,ZMIZ2,SELENOO,SESN2,ATG10,ITCH,KCTD10,B3GNT5,DTNBP1,ULK1,BCAR3,ZNRF3,KAT8,PPP1R1B,LOXL4,SETD3,TRAF7,ZDHHC18,SLF1,STK24,RNF135,VPS25,NCK2,DOT1L,SYVN1,CUL3,CUL1,TPST2,TPST1,TTBK1,SUPT3H,USP32,KDM2B,LNX1,PSRC1,CDC42BPA,SEMA7A,ADTRP,KLHL22,AGBL4,TMTC4,NFATC2IP,MAP4K3,ALG10,ZNRF1,ABHD13,UBASH3B,PIGY,ENC1,ELP1,MYLK2,CEP295,SSH2,CDC14B,CAV1,STK16,PLPP3,CDK13,RUNX3,CBFB,TNKS,MARCO,ADAM9,TNFRSF11A,TNFRSF10B,TNFRSF10A,DYRK4,CDKL1,DCAF5,IQGAP1,NRP1,SOCS2,HDAC3,KSR1,KAT2B,STK19,CDC16,NAE1,MTMR3,MTMR2,PRPF4B,CCNA1,TRIM4,HERC3,HERC2,HERC1,MBD2,BTRC,CCND3,P4HA2,USP13,PLOD3,RPS6KA4,TRIM15,TNFSF18,KALRN,ACVR1,OTULIN,NAT8,BAZ1B,UBA3,SPAG9,ASH2L,DIRAS3,ZNF598,SPOCD1,USP10,USP8,MTMR7,MTA1,LATS1,CCNB2,RNF185,PKDCC,CTDP1,CD3E,MAP3K13,MYLK3,RFT1,DDX21,COG7,DCLK1,LARGE1,CD6,SPSB4,GCNT3,UBE2L6,MFHAS1,MOB1B,MAPKAPK2,STK17B,ITGB1BP1,S1PR2,B3GNT7,SOCS6,NEURL3,COPS2,TRIP12,PGAP3,TGM5,B4GALT5,TADA2B,NHERF1,PLAA,NMT2,ACVRL1,CD80,MED21,CD86,CDYL,MED27,MAP4K4,EIF2AK3,PICK1,SH3BP5,ATG5,CD36,PIGL,TMEM59,MACROH2A1,CEP41,CLOCK,BABAM2,CDC42BPB,APOBEC3B,CD44,RNF7,AATK,ZNF592,MORF4L2,FNIP1,PPM1F,TTLL4,N4BP1,UBE3C,RAPGEF2,EDEM1,NOS1AP,HDAC9,USP34,SETD1A,HDAC4,TOX,ATG13,RNF144A,MAML1,RNF40,RB1CC1,MELK,CDK11B,MAGI2,PJA2,TLK1,KLHL21,RNF10,KIF14,JOSD1,GFPT2,USP15,MVP,TNFSF15","Sputum_Mixed granulocytic"
"BP","response to peptide",515,192,0.00128715490267452,0.116531107603091,"RAMP3,NOD1,BAIAP2,NCOA2,SORBS1,TRIM16,RAB10,RAB31,CHUK,OSBPL8,SLC22A12,AP3S1,SLC24A4,COL3A1,CREB1,CRHBP,CRHR1,CRY2,PARP1,MAPK14,SESN3,CSK,AANAT,CYP1B1,AGRP,AGTR1,AKT1,AKT2,FER,NLRP1,FOXO1,LPIN1,KANK1,CYFIP1,SIK2,PLCB1,RHOQ,LEPROTL1,FOS,MTOR,ALPL,NR5A1,FUT7,FYN,GAB1,KBTBD2,GCG,GCNT1,SNX5,GCLC,GNAI2,GNRHR,GPLD1,GPR21,FFAR3,GRB10,GSK3B,ANXA1,HADHA,HADH,ICAM1,IDE,IGF1R,APP,IL10,INHBA,JAK1,JAK3,KCNQ1,C1QTNF12,LRP1,LRP6,LRP5,LTA4H,LYN,MIR140,MIR143,MIR145,MIR195,MIR200C,MAX,MMP2,ABCC1,MYO1C,MYO5A,NCK1,NFKB1,NGFR,NOTCH1,NR4A2,REG3A,ZBTB7B,PCK2,PCSK1,PDE3B,PDK4,PDPK1,INPP5K,PFKFB1,PIK3R1,PIP4K2A,PKLR,PKM,GPR173,PPARA,PPARG,LEPROT,PID1,PHIP,APPL2,PPP3CA,NAGK,ZDHHC7,PRKACA,DENND4C,PRKAR1A,INAVA,PRKCA,PRKCB,PRKCI,PRKCZ,PRKDC,ERBIN,MAPK1,RETN,AGTRAP,PTGS2,PTK2,ARID1B,PTPN1,PTPN11,PTPRA,PTPRE,PXN,RAF1,RAP1GDS1,RB1,TRPV4,RPE65,SORT1,CELA2A,SCNN1A,CEACAM1,NOD2,ZNF106,SLC2A1,SLC2A4,BMP7,SLC34A1,SMARCC1,SORL1,SOS1,SRC,SRD5A2,SREBF1,BRAF,ZFP36L1,STAT3,STAT5B,BSG,TCF12,TEK,TGFBR3,TNFAIP3,TSHR,UCP3,VIM,YWHAG,CA2,CACNA1A,CACNA2D1,CACNB1,NR4A3,PNPLA3,CSRP3,SESN2,BCAR3,SLC25A33,CASR,KLF11,CAT,GPT2,CAV1,STC2,NCOA1,TNFSF10,TNFRSF11A,SOCS2,CFLAR,KAT2B,UMODL1,CD36,ZNF592,LPIN2,HDAC9,C2CD5,TBC1D4,NR1H4","Sputum_Mixed granulocytic"
"BP","regulation of cell shape",140,69,0.00130679637835941,0.117839844848569,"PLXNC1,DLC1,CFDP1,BAIAP2,SEMA4D,CDC42EP3,CDC42EP1,CORO1A,FMNL2,ARAP1,FGD4,CSF1R,PRAG1,SYNE3,DLG1,LPAR1,MARK2,PTK2B,FGD1,FGR,PLXND1,EPB41L3,CYFIP1,RHOQ,CDC42EP4,PLXNB2,FYN,GNA12,ARHGAP35,PARVB,SH3KBP1,ANXA1,HCK,HEXB,ITGB2,SLC26A5,RHOG,MIR21,MKLN1,PALM2AKAP2,MYH10,PALM,PLEKHO1,PLXNA1,PLXNA2,PLXNB1,PHIP,TBCCD1,PARVA,FGD6,ARHGAP15,CDC42SE2,ATP10A,STRIP2,PTK2,SHROOM3,RASA1,CCL3,CCL13,SEMA4A,SPTA1,FMNL1,MYH14,FGD3,LIMD1,FMNL3,ARHGAP18,NHERF1,WDR1","Sputum_Mixed granulocytic"
"BP","regulation of T cell differentiation",181,75,0.00131426272116994,0.1180446880469,"ADA,RASGRP1,BTN2A2,KAT5,MALT1,SPINK5,LILRB4,DUSP10,NLRP3,PIK3R6,RC3H1,CTLA4,FANCA,TMEM131L,ABL1,GATA3,KAT2A,GLI2,ANXA1,HLA-DRA,HLA-DRB1,HLX,IFNG,IL7R,IL15,IRF4,ITPKB,JAK3,LAG3,RHOH,MIR21,SMAD7,ZBTB7B,LEF1,SASH3,PBRM1,AMBRA1,PRKCZ,CRTAM,ZMIZ1,ARID1B,SH3RF1,PTPRC,RARA,BCL6,VSIR,KLHL25,SHB,SMARCA2,SMARCA4,SMARCC1,SMARCD1,SMARCD2,SOD1,SOS1,SOX12,BRAF,STAT5B,SYK,TCF7,TGFBR2,CCR2,ZBTB16,CARD11,RUNX1,RUNX3,CBFB,IL1RL2,VNN1,TNFSF18,CD83,CD27,CD80,CD86,TOX,TESPA1","Sputum_Mixed granulocytic"
"CC","clathrin-coated pit",75,40,0.00137602089318693,0.123105113294409,"DNM1L,TNK2,FCHO2,AP2S1,CLTC,DAB2,AP2A2,DNM2,CTTN,EPS15,AAK1,INPP5F,FNBP1,FCHO1,SH3BP4,LRP12,APP,LDLR,LRP1,LRP2,LRP3,ARRB1,ARRB2,MYO6,CDHR5,EPN3,NECAP2,EPS15L1,SORT1,SELE,ITSN1,SLC2A4,BMPR2,ATAT1,CUBN,CLTCL1,PICALM,SGIP1,DGKD,STON2,FCHSD2","Sputum_Mixed granulocytic"
"BP","adaptive immune response based on somatic recombination of immune receptors built from immunoglobulin superfamily domains",304,106,0.00143206937249479,0.127617036943418,"ADA,C17orf99,TRAF3IP2,LILRB1,ARID5A,MALT1,LILRB4,RIPK3,BTN3A2,NLRP3,SLAMF6,CLU,SLC15A4,RC3H1,SHLD1,CTSH,CD55,DENND1B,AHR,UNC13D,GAPT,FCER2,SWAP70,RFTN1,IL17RA,MTOR,FUT7,GATA3,GNL1,CD274,ANXA1,HLA-DRA,HLA-DRB1,HLX,ICAM1,IL1R1,IL6R,IL7R,IL10,INPP5D,IRF4,IRF7,JAK1,JAK3,ARG1,LIG4,MIR21,SMAD7,MEF2C,MPL,NOTCH1,P2RX7,IL21R,ZBTB7B,LEF1,CYRIB,PHB1,PLA2G4A,SASH3,SHLD2,PRKCZ,DUSP22,AICDA,PTPRC,NECTIN2,RAB27A,BCL3,BCL6,BACH2,RORA,RORC,CEACAM1,MYO1G,NOD2,SEMA4A,CLEC7A,SLC11A1,SPN,STAT3,ADAM17,TGFB1,SERPING1,TNFAIP3,C1QB,TNFRSF1B,C1QC,C1S,C2,TRAF2,TRAF6,CCR2,NSD2,ZP3,SVEP1,NDFIP1,STX7,SLA2,SANBR,HAVCR2,FADD,IL18R1,KLHL6,TNFSF18,CD1D,RSAD2,IL1RL1,CD27,CD80,CD81","Sputum_Mixed granulocytic"
"BP","B cell activation",276,102,0.00144851391581953,0.12813222383571,"ADA,C17orf99,RASGRP1,CDH17,VAV3,TRAF3IP2,MALT1,CMTM7,SLC15A4,KLF6,RC3H1,CTLA4,SHLD1,NFAM1,GPR183,AHR,GAPT,EZH2,PTK2B,ADGRG3,SWAP70,PLCL2,ICOSLG,ABL1,TNFRSF21,BLNK,SH3KBP1,IRF8,RBPJ,IL7R,IL10,INHBA,INPP5D,ITGB1,JAK3,TBC1D10C,LFNG,LGALS1,LIG4,CD180,LYL1,LYN,MIR185,MIR19A,MIR17HG,MEF2C,NOTCH2,PAWR,LEF1,CD320,PHB1,PIK3R1,PLCG2,TLR9,SASH3,SHLD2,LAX1,BANK1,DOCK10,PRKCB,PRKDC,PRLR,LRRC8A,SLAMF8,PELI1,AICDA,PTPRC,PTPRJ,BCL2,BCL3,BCL6,SAMSN1,NOD2,DCLRE1C,SHB,ST3GAL1,SPI1,ZFP36L1,STAT5B,SYK,ADAM17,TCF3,TGFB1,TNFAIP3,TOP2B,TPD52,TNFRSF4,NSD2,LAPTM5,NHEJ1,NDFIP1,CARD11,SYVN1,SANBR,SKAP2,CD22,CD27,CD86,CD38,FNIP1,PHF14,HDAC9,CD79B,CD81,HDAC4","Sputum_Mixed granulocytic"
"BP","innate immune response-activating signaling pathway",251,92,0.00144912786154627,0.12813222383571,"KLRC4-KLRK1,TNIP1,NOD1,IRAK3,NLRP3,CHUK,GBP5,SLC15A4,NEK7,CYLD,NLRC3,ESR1,RAB11FIP2,NLRP1,CARD8,GRAMD4,RFTN1,PUM2,FYN,ANKRD17,CLEC4E,GFI1,TBK1,HCK,STING1,TICAM2,IRAK2,IRF4,IRF7,SCIMP,LTF,LYN,MIR140,MIR17,MIR19A,MIR20A,ARRB2,MEFV,NINJ1,PAK2,PDPK1,PHB1,PIK3R1,PLCG2,TLR9,APPL2,LGR4,NAGK,DDX60,NPLOC4,INAVA,PRKCE,ERBIN,MAPK8,RTN4,PELI1,WDFY1,EPG5,MARK4,CACTIN,SEC14L1,NOD2,IFIH1,CLEC7A,SRC,SYK,TLR5,TNFAIP3,TRAF3,TRAF6,ACOD1,MAPKAPK3,NLRX1,ATAT1,ALPK1,COLEC12,TRIM11,CLPB,KLRC4,CASP1,ITCH,RNF135,HAVCR2,ZNRF1,CAV1,OASL,TRIM15,OTULIN,RSAD2,MFHAS1,MAPKAPK2,BPIFB1,AIM2,CD36,PUM1,PJA2,USP15,NR1H4","Sputum_Mixed granulocytic"
"BP","negative regulation of activated T cell proliferation",15,9,0.00145857745884813,0.128467884398701,"BTN2A2,LILRB4,RC3H1,SCRIB,LRRC32,CD274,ARG1,PRKAR1A,CRTAM","Sputum_Mixed granulocytic"
"MF","anion binding",2395,818,0.00147009426791329,0.128837553267774,"AKT3,SBK3,C8orf44-SGK3,FARSB,ABCC5,ABCB6,DNM1L,ABCC9,ATP9A,CERT1,SGK2,RAD50,KIF20A,HIPK3,TRAP1,TNK2,CDK6,GPHN,ABCC4,PAK4,LANCL1,ABCA10,ABCA9,NOD1,ATP8A1,RAPGEF3,TESK2,MERTK,UBE2E3,DDX17,TXNRD2,MTHFS,PMVK,FARS2,MAP3K2,KIF1C,HBS1L,NEK6,IQGAP2,ADCY2,SEPTIN9,SRCAP,ME3,RAB10,PAPOLA,FASTK,EHD1,ASCC3,ILVBL,TLK2,RAB31,ADAP1,RIPK3,RCC1,TENT4A,CHD2,RAPGEF4,CHD3,CHD4,KATNA1,CIT,DMC1,CHKA,ABCB8,IRAK3,PACSIN2,TP53RK,SLC46A1,ACOT7,SIGLEC11,NLRP3,CHUK,CIDEA,ADCY9,GBP5,FCHO2,RAB3C,ARAP2,ARAP1,AGAP2,AGAP1,IP6K3,CLCN3,CLCN6,CLCN7,TPP1,TDRD9,PLA2G4E,ABCC2,EARS2,SNX20,CNGA1,DNAH14,ADK,CLVS2,MYO3B,NEK7,UBE2F,CRY2,TRPM6,STK35,ACSM6,MAPK14,CSF1R,SESN3,CSK,CSNK1E,TTBK2,PDIK1L,AIFM3,COMMD1,SLC38A9,ABCA13,GRK2,GRK3,CLVS1,TTLL11,ADSS2,AARS1,DGKG,DGKH,DGKQ,DAPK1,DARS1,SLFN5,HFM1,DQX1,PARP15,DDX10,AFG2A,DHX15,DEFB4A,DHX36,DGUOK,DHFR,DNM1,DYNC1H1,DNM2,ABAT,DYRK1A,ABCA1,LPAR1,EEF2,EGFR,EHHADH,ADCY4,UBR1,ACSF3,NLRC3,EIF4G1,ABCA2,MARK2,RAB12,DNAH12,AK2,EPHA1,HIPK1,EPHB3,EPHB6,AKT1,ERCC6,AKT2,ERN1,ABCA3,ETFA,ALAS1,ETFDH,ALB,FABP4,FABP5,ACSL1,PTK2B,FARSA,TPCN2,ARL5B,KIF6,PRPS1L1,FER,MAPK15,FGFR2,FGR,HSPA4L,RHOBTB3,AAK1,LMTK2,CILK1,NLRP1,MORC2,SEPHS1,NT5C2,MYH15,STK38L,MYO16,MAST3,TNIK,KIF21B,SWAP70,VWA8,TTLL5,KIF1B,RAD54L2,MAST2,SEPTIN6,SEPTIN8,PASK,FLT1,PLCL2,SIK2,PLCB1,ATP11A,EXOC7,KIF13B,ACSL6,SMCHD1,SIK3,LARS2,PIP5K1C,SIRT5,RHOQ,ABCB10,ABCA6,FOLR2,DDAH2,DDAH1,DAPK2,PHLDA3,SGK3,PRKD3,ALK,ABCA4,ALOX5AP,AFG1L,MTOR,ABL1,FYN,G6PC1,TTLL10,PAN3,DSTYK,MTHFD1L,SAMHD1,DNM3,WIPI2,LDLRAP1,ABCA12,MTG2,GARS1,PITPNC1,AK5,GCH1,PLEK2,LATS2,ABL2,TPK1,ATP2C1,ACAD8,SDCBP2,SNX5,NDOR1,TUBG2,SIGLEC9,SESN1,GCLC,RAB30,STK39,TOR1B,GMDS,GNA12,GNA15,GNAI2,GNAI3,GNAQ,GNL1,GNS,GOT2,STK32C,P4HA3,KSR2,GSDMA,NKIRAS1,EPHA6,SH3PXD2B,GRK4,GRK5,GRK6,HIPK2,ARHGAP35,TBK1,GRM7,GSK3B,GSN,GSTM1,GSTM4,OLA1,GUCY1A1,GUCY2C,NME7,ANXA2,HADHA,HADH,HCK,HDC,EHD4,PIK3R4,ANXA6,HIP1,HK1,HK2,ACACA,HMGCR,AOX1,HNRNPU,RAB37,IARS1,GADL1,ID3,ACADM,STING1,MYLK4,IDE,KCNT2,KIF24,TUBB2B,IGF1R,IGF2R,IRAK2,ITPK1,ITPKB,ITPR1,ITPR2,JAK1,JAK3,TRIM23,KARS1,KIF7,ATP9B,MAST4,ERCC6L2,KCNJ10,KCNQ1,KIF5B,KIF5C,KIFC3,ARF5,GLTPD2,RHOG,LBR,LCK,LCN2,LIG4,LIMK1,LIMK2,RHOH,MYO18A,RAB44,LYN,MARK3,MARS1,MCM2,MCM5,MAP3K1,MAP3K5,CIITA,MKI67,MME,ABCC1,EIF2AK4,TYW1B,MYO1B,MSH3,MTIF2,MTRR,MX1,MYH10,MYH11,MYLK,MYO1C,MYO1D,MYO1E,MYO5A,MYO6,MYO7B,MYO9B,NUBP1,SEPTIN2,NEK2,NEK3,NOS3,ATP2A2,ATP2A3,ATP2B2,ROR1,ATP2B4,NVL,OAT,OGDH,OPA1,ORC5,P2RX1,P2RX3,P2RX4,P2RX7,PEBP1,FURIN,MINK1,PAK2,PNPLA8,ASAP1,PC,PDE11A,PCCA,ACOX1,PLEKHA8P1,PCK2,ATL1,CRYL1,TNNI3K,TRNT1,NIN,GLTP,PIPOX,CDK17,TAOK3,CHST15,PDE2A,PDE4A,PDE4B,PRKAG2,PDE4D,PCYOX1,RTCB,SCLY,RAB6B,PDK4,PDPK1,NLK,RAPGEF6,RAB8B,MAP3K20,PEX1,ATP8B1,PFKFB1,PFKFB2,PFKFB3,PFKFB4,PFKP,CDK14,ATP6V1B2,PHKG2,PIK3C2B,PIK3C2G,PIK3C3,PIK3CB,PIK3CG,PI4KA,PI4KB,PIP4K2A,PITPNA,PKLR,PKM,PLA2G4A,PLCD1,TPCN1,PLOD1,PLOD2,PMS1,SEPTIN5,SEPTIN4,ATAD2B,MOV10L1,POR,PLEKHA5,DHX29,RHOF,DDX4,EGLN1,INO80,ARL15,PPARD,PPARG,CNNM2,SYTL2,DUS2,CLN6,ACSM5,PLEKHB2,WIPI1,KIF26B,NADSYN1,P3H2,NAT10,TYW1,THNSL2,QRSL1,UBE2W,ACOXL,GIMAP4,RNLS,STK32B,PI4K2A,PPT1,CHST12,DDX43,DNAH3,NAGK,DDX60,KIF21A,PRKAA2,CHD7,RAB20,PRKACA,MFN1,SCYL2,PRKAR1A,PRKAR1B,SEPTIN11,PRKAR2A,PRKAR2B,PRKCA,PRKCB,ADAP2,PRKCE,PRKCH,PRKCI,PRKCZ,ACSS2,PRKDC,MYO5C,MAPK1,MAPK6,MAPK8,MAPK10,MAPK13,MAP2K1,MAP2K2,MAP2K5,TEX14,DNAH7,WDR45B,PARD3,PRPSAP1,PSAP,SPHK2,WRNIP1,MCCC1,RAB25,CAMK1D,SCYL3,ATP10A,ATP8B2,ATP10D,SNX14,PTK2,GRAMD1B,RIMKLB,STARD9,PTK6,ALPK3,NCEH1,MICAL3,KIF17,EP400,DHX37,PLEKHA4,RNF213,QSOX1,CHD8,MARK4,RAB40C,PYGL,RRAGD,RAB5B,MAP4K2,RAB27A,RAC2,RAD51B,MOK,RAD51D,RAF1,RALB,ACTA2,RAP1B,RARA,TRPV4,UPF1,RHEB,EEFSEC,RPE65,BCR,RPS6KA1,RPS6KA2,RXRA,RYR1,S100A9,SCN8A,SCP2,SRL,SDHA,UBE2O,KIF13A,MYO1G,SELE,SELL,RBKS,BLM,NOD2,IFIH1,KIF9,MAP2K4,P3H1,RAB17,ARHGAP9,PALS1,SGK1,FABP12,MTARC1,MICAL1,CERK,DDX31,DEPTOR,YTHDC2,WNK1,NADK,SLC12A3,BMPR1B,BMPR2,SMARCA2,SMARCA4,AACS,SPG7,SRC,BRAF,SRPK1,STK3,STK4,CDKL5,STK10,SULT1A1,SVIL,SYK,SYN2,SYT1,TDG,TDO2,TEC,TEK,TGFBR1,TGFBR2,TGM2,TIE1,TK2,TOP1,TOP2B,TRIO,TRPM2,TTN,D2HGDH,CDK11A,TULP1,TXK,TXNRD1,TYMS,UBA7,UBE2D3,UBE2E1,UBE2H,UBE2L3,UCK2,MPPED2,VRK2,WARS1,WRN,XRCC2,XRCC3,XRCC5,TUBA1A,MAPKAPK3,RAB7A,KCNAB1,AFG2B,ST8SIA4,MAPKAP1,NOX5,PANK3,DYNC2H1,NLRX1,OGFOD3,LRRK1,NARS2,TTLL7,IQCA1,MYH14,GSDMD,NEK11,UBA5,DCAKD,ATP8B4,UXS1,CHD9,ALPK1,ACSF2,NUBPL,PNPLA3,ACAD10,CLPB,ITM2C,CAMK2D,CAMK2G,CAPG,SYN3,PICALM,ACOX2,CARS1,DDX59,SELENOO,SESN2,RBP5,ATAD3B,STK40,PIP5K1B,KATNAL1,ULK1,ACAD11,NLRC5,CHD6,STK24,SOAT2,ACSS1,CASR,TTBK1,GPT2,CDC42BPA,CRACR2A,CBR4,AIFM2,MAP4K3,PHYKPL,DGKZ,DGKE,DGKD,DDO,ABCC11,MYLK2,MICALL1,AGPS,GFM1,YARS1,CASK,STK16,RUNX2,RUNX1,CDK13,DNAH17,RUNX3,AKR1C3,ABCC3,GBF1,CBS,SIGLEC5,DYRK4,SUCLG2,CDKL1,IQGAP1,GMPS,KSR1,STK19,PRPF4B,KYNU,P4HA2,NAV3,NAV2,PLOD3,RPS6KA4,PLCZ1,KALRN,ACVR1,SNX21,BAZ1B,UBA3,BTAF1,SLC7A6,PAPSS2,PAPSS1,DIRAS3,LATS1,DDX60L,PKDCC,MAP3K13,MYLK3,DDX21,DCLK1,MAGI1,MFHAS1,MAPKAPK2,STK17B,HELB,TRIP13,CD22,SLC22A6,RAB28,KIF3B,ACVRL1,RECQL5,MAP4K4,EIF2AK3,CD34,CD36,PGS1,KIF23,SPTLC2,CHD1L,GTPBP1,CDC42BPB,RAB36,ABCG1,AATK,SH3PXD2A,MICAL2,TTLL4,RAPGEF2,BMS1,MELK,CDK11B,GAB2,FCHSD2,TLK1,ATP2C2,KIF14,HELZ,XYLB,THRAP3,NR1H4","Sputum_Mixed granulocytic"
"BP","response to bacterium",694,203,0.00147411388178232,0.128837553267774,"KLRC4-KLRK1,CD96,TNIP1,NOD1,WFDC2,CEBPE,GNLY,LILRB1,ARID5A,MALT1,SPINK5,LIAS,PLAAT3,CHIT1,IRAK3,DUSP10,LYST,NLRP3,CHUK,PGLYRP2,GBP5,LRG1,RNASE11,CCR4,CNR2,OCIAD2,MACROD2,SIRPA,MAPK14,CTSG,CCDC80,CX3CR1,CD55,TMEM229B,DHX15,DEFA1,DEFA3,DEFA4,DEFA5,DEFB4A,DIO2,ABCA1,AHR,ELANE,AKT1,ALAD,FABP4,FER,FGFR2,FGR,PPM1E,NLRP1,FKBP5,CARD8,SBNO2,MAPKBP1,TAB2,STAB1,SASH1,FOS,ALPL,ABL1,LYG2,NAALADL2,ANKRD17,STAP1,CLEC4E,GCH1,SLC17A5,GFI1,FOXP1,GPM6A,GSDMA,SLC9A9,GRN,GIT1,TBK1,CD274,HCK,HLA-DRB1,RNASE10,IRF8,RBPJ,TICAM2,IL1A,IL6R,IL7R,IL10,IRAK2,SCIMP,LCN2,LPL,LPO,DEFB133,LTF,CD180,LYN,MIRLET7B,MIR140,MIR17,MIR19A,MIR19B1,MIR20A,MIR21,SMAD6,MEF2C,MMP8,MPO,CARD17P,MIAT,NFIB,NFKB1,NOS3,NOTCH1,NOTCH2,RNASE12,TIFAB,P2RX7,REG3A,PCK2,PCSK1,MARCHF2,BPIFA1,PLAC8,PDE4B,CYRIB,ERAP1,PLCG2,ACP5,TLR9,TREM1,PPBP,BANK1,CEP192,PRB3,STAB2,NAGK,TENT5A,CHD7,INAVA,PRKCA,PRKCE,ERBIN,MAPK1,MAPK8,PRLR,AZU1,SLAMF8,PLSCR3,PELI1,ZNFX1,PTGER2,AICDA,PTGS2,RNF213,PYGL,CACTIN,RARA,UPF1,BCL3,BCR,S100A9,CFB,SELE,NOD2,SFTPD,LYPD8,FER1L6,SLC11A1,SNCA,SPI1,SPN,SRC,SYK,ADAM17,TSPO,TNFAIP3,TNFRSF1A,TNFRSF1B,C2,TRAF6,DEFA1B,ACOD1,VIM,ZFP36,MAPKAPK3,RAB7A,GSDMD,MMRN2,CUBN,COLEC12,SLC7A5,CASP1,CASP7,NLRC5,IL1F10,HAVCR2,CAV1,ADAM9,TNFRSF11A,KLHL6,PGLYRP1,CD1D,CD6,MAPKAPK2,PLAA,CD80,CD86,LY86,CD36,AKAP12,CTR9,CD68,NR1H4,CDH1","Sputum_Mixed granulocytic"
"BP","tumor necrosis factor production",185,65,0.0015087242722849,0.130855917417565,"RASGRP1,NOD1,GPNMB,LILRB1,ARID5A,LILRB4,IRAK3,CIDEA,C1QTNF4,CLU,SIRPA,CX3CR1,NLRC3,ZBTB20,FOXP1,C5AR2,IFNG,APP,IL1A,IL10,LPL,LTF,MIR140,MIR185,MIR195,ARRB2,MMP8,PIK3R1,PLCG2,ACP5,TLR9,SASH3,AZU1,SPHK2,PTPN11,PTPRC,PTPRJ,CACTIN,RAD21,RARA,TRIM27,BCL3,CCL3,VSIR,NOD2,IFIH1,CLEC7A,ILRUN,SPN,STAT3,SYK,TGFB1,THBS1,TSPO,TNFAIP3,CCR2,ZFP36,FXR1,FRMD8,HAVCR2,FADD,CD84,MAPKAPK2,CD36,AKAP12,NR1H4","Sputum_Mixed granulocytic"
"BP","regulation of tumor necrosis factor production",185,65,0.0015087242722849,0.130855917417565,"RASGRP1,NOD1,GPNMB,LILRB1,ARID5A,LILRB4,IRAK3,CIDEA,C1QTNF4,CLU,SIRPA,CX3CR1,NLRC3,ZBTB20,FOXP1,C5AR2,IFNG,APP,IL1A,IL10,LPL,LTF,MIR140,MIR185,MIR195,ARRB2,MMP8,PIK3R1,PLCG2,ACP5,TLR9,SASH3,AZU1,SPHK2,PTPN11,PTPRC,PTPRJ,CACTIN,RAD21,RARA,TRIM27,BCL3,CCL3,VSIR,NOD2,IFIH1,CLEC7A,ILRUN,SPN,STAT3,SYK,TGFB1,THBS1,TSPO,TNFAIP3,CCR2,ZFP36,FXR1,FRMD8,HAVCR2,FADD,CD84,MAPKAPK2,CD36,AKAP12,NR1H4","Sputum_Mixed granulocytic"
"BP","integrin-mediated signaling pathway",111,56,0.00153278236482422,0.132087206080982,"TSPAN32,CDH17,ADAM10,VAV3,COL3A1,COL16A1,DOCK1,PTK2B,FGR,ABL1,FUT8,FYB1,LAT,LAMA1,HCK,ITGA6,ITGA1,ITGA2,ITGA5,ITGA9,ITGAE,ITGAL,ITGAM,ITGAV,ITGB1,ITGB2,ITGB5,LAMA2,LAMB1,LIMS1,NEDD9,LIMS2,ERBIN,RCC2,CD177,PTK2,PTPN11,PTPRA,CEACAM1,PHACTR4,DST,SRC,SYK,TEC,TLN1,TXK,MPIG6B,CCM2,FERMT3,CUL3,SEMA7A,ITGA8,PLPP3,ADAM9,NRP1,ITGB1BP1,ITGBL1","Sputum_Mixed granulocytic"
"CC","clathrin-coated vesicle",209,85,0.00153454596045499,0.132087206080982,"TNK2,ADAM10,STX6,TMED10,CHRM2,FCHO2,AP2S1,CLTC,CLBA1,CLVS2,VTI1A,CTLA4,ENTHD1,CLVS1,DAB2,AP2A2,AP1B1,DENND1B,ECE1,EGF,EGFR,UNC13D,RAB12,FCGR1BP,AAK1,INPP5F,EPN2,GGA2,SH3BP4,LDLRAP1,STEAP2,VPS41,DBNL,HIP1,HLA-DPB1,HLA-DQA1,HLA-DQA2,HLA-DQB1,HLA-DQB2,HLA-DRA,HLA-DRB1,HLA-DRB5,IGF2R,IL7R,LDLR,LRP2,MYO1E,MYO6,FURIN,ATP6V1D,ATP6V1H,RAB8B,ATP6V1B2,ATP6V1C1,ATP6V0B,HEATR5B,AFTPH,EPN3,WIPI1,SCYL2,NECAP2,VPS18,DENND1A,RAB27A,SORT1,SFTPD,VPS33A,SLC2A4,SLC18A2,SYT1,TGFA,TYRP1,CLRN1,VWF,DENND1C,DNAJC5,CLTCL1,PICALM,NCALD,MYCBPAP,SGIP1,STON2,AP1M1,CD9,CPNE6,SCARB2,CLINT1","Sputum_Mixed granulocytic"
"BP","positive regulation of response to biotic stimulus",364,125,0.00159792399274361,0.136548908902141,"KLRC4-KLRK1,RASGRP1,TNIP1,NOD1,POLR3C,IRAK3,NLRP3,CHUK,SLAMF6,GBP5,CLNK,SLC15A4,NEK7,CYLD,NLRC3,ESR1,RAB11FIP2,NLRP1,CARD8,GRAMD4,RFTN1,SASH1,PUM2,FYN,ANKRD17,CLEC4E,GFI1,GRN,TBK1,CD274,HCK,HLA-DRB1,STING1,TICAM2,IRAK2,IRF4,IRF7,ARG1,SCIMP,LAG3,LAMP1,LTF,CD180,LYN,MIR140,MIR17,MIR19A,MIR20A,ARRB2,MEFV,NINJ1,PAK2,PDPK1,PHB1,PIK3R1,PLCG2,TLR9,RBM47,APPL2,PSPC1,LGR4,NAGK,DDX60,NPLOC4,INAVA,PRKCA,PRKCE,PRKDC,ERBIN,MAPK8,CRTAM,RTN4,PELI1,ZNFX1,WDFY1,EPG5,MARK4,NECTIN2,CACTIN,SEC14L1,NOD2,IFIH1,CLEC7A,SPI1,SRC,STAT5B,SYK,TLR5,TNFAIP3,TRAF3,TRAF6,TXK,ACOD1,XRCC5,MAPKAPK3,NLRX1,MMRN2,ATAT1,ALPK1,ZBP1,COLEC12,TRIM11,CLPB,KLRC4,CASP1,ITCH,CASP6,NLRC5,RNF135,HAVCR2,ZNRF1,CAV1,OASL,FADD,IL18RAP,TRIM15,OTULIN,CD1D,RNF185,RSAD2,MFHAS1,MAPKAPK2,BPIFB1,AIM2,LY86,CD36,PUM1,MATR3,PJA2,USP15,NR1H4","Sputum_Mixed granulocytic"
"BP","glycerolipid biosynthetic process",248,100,0.00159839859918894,0.136548908902141,"PIGK,CDS1,PEMT,KAT5,CHKA,MOGAT1,IP6K3,PIGU,GPAT4,TTC7B,AWAT2,DGKG,DGKH,DGKQ,LIPH,FABP5,ACSL1,INPP5F,SACM1L,EFR3A,LPIN1,PIP5K1C,SLC44A1,PIGN,PLA2G15,PISD,DHRS7B,HDHD5,GPLD1,PIK3R4,HTR2B,INPP1,INPP4A,INPP5D,ITPKB,LDLR,PCK2,PLCE1,PCYT1A,PDGFA,PDGFB,PIGT,INPP5K,PIGH,PIK3C2B,PIK3C2G,PIK3C3,PIK3CB,PIK3CG,PIK3R1,PI4KA,PI4KB,PIP4K2A,PLA2G4A,PLCG2,CRLS1,FBXW7,AGPAT5,PI4K2A,VAC14,AGPAT3,AGPAT4,PLSCR3,PNPLA2,SLC44A2,TTC7A,PTEN,PITPNM2,GPAM,MPPE1,SREBF1,TAFAZZIN,UVRAG,MBOAT7,LPCAT1,MOGAT2,PNPLA3,PTDSS2,PITPNM3,PIP5K1B,SLA2,DGAT2,MFSD2A,PIGY,DGKZ,DGKE,DGKD,BECN1,CDS2,SOCS2,SYNJ2,MTMR3,MTMR2,MTMR7,SOCS6,PGAP3,PIGL,PGS1,LPIN2,PTDSS1,FIG4,NR1H4","Sputum_Mixed granulocytic"
"MF","hydrolase activity, acting on ester bonds",731,249,0.00161943725696616,0.1378280607764,"ACOT8,RAD50,RCL1,CTDSPL,TAB1,CES1,ACOT2,ABHD2,PLAAT3,CHKA,DUSP10,CHRM3,ACOT7,MGLL,TOE1,ABHD15,THEM4,PLAAT5,FRA10AC1,RNASE11,CCR1,PLA2G4E,AADACL3,DIS3L2,UBLCP1,PXDNL,PTPDC1,ABHD16B,PIWIL4,ABHD12B,PPM1K,AARS1,DFFB,DLG1,DNASE1L1,DXO,DUSP3,DUSP4,AGO4,PLPP4,LIPH,ERCC4,ERCC5,ERN1,EYA1,EYA2,EYA3,F2RL2,FASN,NT5DC1,DAGLB,PPM1E,INPP5F,ARSG,SACM1L,NT5C2,PLCH1,CNOT1,ENDOD1,LPIN1,PLCL2,PLCB1,PHLPP1,SMG6,LARS2,PLD3,PLA2G15,CNOT6L,ALPL,G6PC1,PAN3,PLCXD2,GALNS,SAMHD1,PNKD,ACOT11,ABHD12,HIBCH,SND1,PDE7B,PALD1,AGO2,GNS,GPLD1,PLA2G4D,GDPD1,DCPS,AOAH,NDST1,IARS1,AADACL2,GEN1,INPP1,INPP4A,INPP5A,INPP5B,INPP5D,LCK,LIPC,LPL,PLPP6,ARSB,ASPA,CNOT2,NTHL1,RNASE12,PNPLA8,PARN,PDE11A,HDDC2,LACTB2,PLCE1,PDE2A,PDE3B,PDE4A,PDE4B,PDE4D,PDE6A,PDE7A,PDE9A,NT5DC3,CPSF3,INPP5K,PFKFB1,PFKFB2,PFKFB3,PFKFB4,ACP2,PLA2G4A,PLCB2,PLCB4,PLCD1,PLCL1,PLCG1,PLCG2,EXOSC10,ACP5,PNLIPRP1,POLE,SSH1,PON3,XRN1,APTX,PLPPR1,PPM1A,PLAAT2,PPP1CA,PPP2R1A,EXD2,PPP3CA,CPPED1,PPP3CC,PPT1,PIP4P2,TDP1,SULF2,DUSP22,PDXP,PNPLA2,APMAP,PTEN,REXO1,PPM1H,PTK2,CNOT6,NYNRIN,PDP2,NCEH1,PTPN1,PTPN3,PTPN4,PTPN7,PTPN9,PTPN11,G6PC2,PTPN13,PTPN14,PTPRA,PTPRC,PTPRD,PTPRE,PTPRG,PTPRJ,PTPRK,PTPRM,PTPRN2,PTPRO,PRUNE1,DNASE2B,MYG1,RPE65,RPS3,LHPP,LIPN,DCLRE1C,TNS3,AEN,NT5DC2,MPPE1,TNFAIP6,TNS1,TSNAX,MPPED2,DAGLA,WRN,XRCC3,CA2,ERI3,ARSJ,PPP1R3B,PLBD1,PNPLA3,DDHD1,DUSP16,GDPD5,CAMK2G,PITPNM3,HDHD2,CASR,PLPP7,ABHD13,UBASH3B,SSH2,CDC14B,CDC14A,PLPP1,PLPP3,RNASET2,SYNJ2,MTMR3,MTMR2,PLCZ1,ERI1,PPP1R3E,ANGEL2,PIP4P1,MTMR7,CTDP1,ACY3,STYXL2,PXYLP1,DTD1,PIWIL1,PGAP3,H6PD,PPM1F,LPIN2,MARF1,N4BP1,PRORP,DNAJC6,FIG4,DCLRE1A,EXOG","Sputum_Mixed granulocytic"
"BP","modulation of process of another organism",19,11,0.00171824755024518,0.145692004969297,"AKT1,FCER2,IFNG,ARG1,MIR141,P2RX7,PPARA,BCL2L1,S100A9,CLEC7A,SYK,BECN1","Sputum_Mixed granulocytic"
"BP","regulation of innate immune response",421,143,0.00172788221770771,0.145964295595502,"KLRC4-KLRK1,RASGRP1,CD96,ADAR,TNIP1,NOD1,POLR3C,LILRB1,IRAK3,DUSP10,NLRP3,CHUK,SLAMF6,GBP5,CLNK,SLC15A4,NEK7,PARP1,PIK3R6,CYLD,NLRC3,A2M,AKT1,ESR1,FGR,RAB11FIP2,NLRP1,CARD8,GRAMD4,RFTN1,DTX4,PUM2,FYN,YTHDF3,SAMHD1,ANKRD17,CLEC4E,GFI1,GRN,TBK1,HCK,STING1,TICAM2,IRAK2,IRF4,IRF7,ARG1,SCIMP,LAG3,LAMP1,LTF,LYN,MIR140,MIR17,MIR19A,MIR20A,MIR21,ARRB2,MEFV,NINJ1,PAK2,PDPK1,ERAP1,PHB1,PIK3R1,PLCG2,TLR9,RBM47,PPARG,APPL2,PSPC1,LGR4,NAGK,DDX60,LYAR,NPLOC4,INAVA,PRKCE,PRKDC,ERBIN,MAPK8,CRTAM,SLAMF8,RTN4,PELI1,ZNFX1,WDFY1,PTPN1,EPG5,MARK4,PTPN11,NECTIN2,CACTIN,CEACAM1,SEC14L1,NOD2,IFIH1,CLEC7A,SPI1,SRC,STAT5B,SYK,TGFB1,SERPING1,TLR5,TNFAIP3,TRAF3,TRAF6,TXK,ACOD1,XRCC5,YWHAZ,MAPKAPK3,NLRX1,ATAT1,ALPK1,ZBP1,COLEC12,TRIM11,CLPB,KLRC4,CASP1,ITCH,CASP6,NLRC5,ZDHHC18,RNF135,HAVCR2,ZNRF1,CAV1,OASL,FADD,IL18RAP,TRIM15,OTULIN,CD1D,RNF185,RSAD2,MFHAS1,MAPKAPK2,BPIFB1,AIM2,ATG5,CD36,N4BP1,PUM1,MATR3,PJA2,USP15,NR1H4","Sputum_Mixed granulocytic"
"BP","T cell activation involved in immune response",123,48,0.00174395938111706,0.146776788801867,"LILRB1,MALT1,NLRP3,SLAMF6,RC3H1,ZFPM1,GPR183,MTOR,GATA3,CLEC4E,FOXP1,ANXA1,HLA-DRA,HLA-DRB1,HLX,ICAM1,IFNG,IL6R,IRF4,ITGAL,JAK1,JAK3,LGALS3,MIR21,SMAD7,KMT2A,EIF2AK4,MYB,ZBTB7B,LEF1,APBB1IP,PRKCZ,RAB27A,RARA,BCL3,BCL6,RORA,RORC,CEACAM1,SEMA4A,SHB,SLC11A1,SPN,STAT3,HAVCR2,IL18R1,TNFSF18,CD80,CD86,CD81","Sputum_Mixed granulocytic"
"BP","negative regulation of protein kinase activity",178,74,0.00175061280014781,0.146793082179183,"HIPK3,ADAR,ADARB1,IPO7,RGS14,LILRB4,PKIG,IRAK3,DUSP10,PAQR3,DUSP3,EPHA1,AKT1,PPM1E,CORO1C,ABL1,WWTR1,LATS2,GNAQ,SFN,TRIB2,IFNG,LRP6,LRP5,LYN,MIR20A,MIR92A1,NF1,NPPA,PAK2,PRKAG2,RTRAF,CDK5RAP1,PDPK1,INPP5K,PIK3CB,ERRFI1,PPARG,LAX1,PKIA,PRKAR1A,PRKAR1B,PRKAR2A,PRKAR2B,DBNDD2,DUSP22,PTEN,PTK6,PTPN1,ZFYVE28,PTPRC,PTPRJ,PTPRO,RB1,TRIM27,CEACAM1,DEPTOR,SLC8A1,SNCA,SORL1,TSG101,WARS1,YWHAG,DBNDD1,PRKRIP1,CDK5RAP3,DUSP16,SH3BP5L,DTNBP1,VPS25,UBASH3B,CAV1,LATS1,ITGB1BP1,SH3BP5,MACROH2A1,PPM1F,MVP","Sputum_Mixed granulocytic"
"CC","trans-Golgi network",255,104,0.00176976780213211,0.147853689469302,"ATP9A,STX6,ATP8A1,COG5,ARFGEF1,RAB10,MMP24,RAB31,ARAP1,CLTC,CLBA1,CLVS2,VTI1A,FAM91A1,CLVS1,AP1B1,CNST,ARL5B,RHOBTB3,GGA2,DENND5A,AP4E1,FUT4,FUT7,GGA1,GCNT1,NBEA,ATP2C1,RAB30,GOLGA4,GRN,TMEM230,HLA-DPB1,HLA-DQA1,HLA-DQA2,HLA-DQB1,HLA-DQB2,HLA-DRA,HLA-DRB1,HLA-DRB5,NDST1,HTR7,IGF2R,APP,ATP9B,MYO18A,MME,MYO1B,FURIN,ASAP1,PCSK1,PCSK5,VPS54,INPP5K,ATP8B1,YIPF1,AFTPH,MARCHF1,WIPI1,PLEKHJ1,GOLPH3L,VPS53,CCDC91,PI4K2A,ATP8B2,BIRC6,ELAPOR1,RIC1,RELCH,MS4A7,LGR6,BICD1,KIF13A,GOLPH3,MS4A6A,ST3GAL1,SLC2A4,CHID1,SORL1,TGFBI,EIPR1,TRAPPC6A,ATP8B4,WLS,PHAF1,CLTCL1,COG3,TRAPPC9,YIPF4,COG8,PLPP3,BECN1,GBF1,AP1M1,PLOD3,SYS1,COG7,COG1,PICK1,CHST3,STX8,PREPL,GCC2,USP6NL,RAB11FIP3,ATP2C2,DOP1B,CDH1","Sputum_Mixed granulocytic"
"BP","protein phosphorylation",1312,463,0.0017983025202728,0.149687276449374,"AKT3,ABI1,C8orf44-SGK3,SGK2,RAD50,HIPK3,IFNL4,RASGRP1,AKAP9,ABI2,TNK2,ADAM10,CDK6,CTDSPL,RAMP3,PAK4,ADAR,CDKN2B,RACK1,ADARB1,TESK2,TAB1,GPNMB,MERTK,TADA3,SEMA4D,IPO7,RGS14,NEK6,MALT1,FASTK,TMED2,LILRB4,TLK2,RIPK3,PKIG,IRAK3,DUSP10,PDCD10,TP53RK,CHUK,OSBPL8,WDFY2,IL22RA2,AGAP2,IP6K3,CLU,IQGAP3,IL31RA,CREB1,CREBL2,MYO3B,NEK7,SIRPA,STK35,MAPK14,CSF1R,CSK,CSNK1E,CSNK2B,TTBK2,PIK3R6,CTBP1,PDIK1L,CLDN19,CTSG,CCNYL1,CX3CR1,PAQR3,CNKSR3,GRK2,GRK3,PRAG1,DAB2,DGKQ,DAPK1,DAXX,DMD,DRD4,DUSP3,DYRK1A,ECT2,EFNA5,EGF,EGFR,EIF4G1,ELANE,SPRED2,MARK2,C9orf72,EPHA1,HIPK1,EPHB3,EPHB6,DIPK2A,AKT1,ERG,AKT2,ERN1,EZH2,PTK2B,FBLN1,CCNY,FECH,FER,FGF7,MAPK15,FGFR2,FGR,PPM1E,AAK1,LMTK2,CILK1,INPP5F,TPX2,LIMCH1,STK38L,MAST3,TNIK,ERC1,TAB2,MAST2,PASK,FLT1,SIK2,SASH1,SIK3,NNT,PIK3R5,CORO1C,DAPK2,PLXNB2,SGK3,PRKD3,ALK,MTOR,ABL1,FYN,WWTR1,IBTK,TRAF3IP1,GCG,LATS2,GFRA1,ABL2,NPTN,LAT,STK39,GNAQ,SFN,SLCO3A1,STK32C,EPHA6,GRK4,GRK5,GRK6,TRIB2,RGCC,HIPK2,TBK1,GSK3B,PILRB,HCK,HCLS1,HTT,NRG1,EHD4,PIK3R4,HLA-DRB1,HTR2B,HUS1,IFNG,IGF1R,APP,FAS,IL6R,IL15,INHBA,IRAK2,ITGA5,ITGB2,ITPKB,JAK1,JAK3,MAST4,LCK,LCP2,LEPR,LIMK1,LIMK2,LRP6,LRP5,LTF,LYN,MIR143,MIR19A,MIR19B1,MIR20A,MIR21,MIR92A1,ARRB1,ARRB2,SMAD7,MARK3,MAP3K1,MAP3K5,MNAT1,CCDC88C,EIF2AK4,MYLK,NCK1,NEDD9,NEK2,NEK3,NF1,NPPA,ATP2B4,OSM,P2RX7,MINK1,PAK2,PRKN,TNNI3K,HERC5,PLCE1,CDK17,TAOK3,ANGPT4,PRKAG2,PDE4D,PDGFA,PDGFB,RTRAF,CDK5RAP1,PDK4,PDPK1,NLK,CAB39,INPP5K,MAP3K20,CDK14,PHB1,PHKG2,PIK3CB,PIK3CG,PLAUR,PLCG2,TLR9,ERRFI1,PPARG,LAX1,ODAM,PID1,PHIP,BANK1,PPP2R1A,KIRREL1,FBXW7,STK32B,IMPACT,ITLN1,PRR5,PRKAA2,PRKACA,PKIA,CCDC88A,PRKAR1A,PRKAR1B,PRKAR2A,PRKAR2B,PRKCA,PRKCB,PRKCE,PRKCH,PRKCI,DBNDD2,PRKCZ,PRKDC,MAPK1,MAPK6,MAPK8,MAPK10,MAPK13,PDGFC,MAP2K1,MAP2K2,MAP2K5,DNAJC3,PRLR,PARD3,AZU1,DUSP22,CASS4,CAMK1D,PELI2,PTEN,PTGS2,BIRC6,PTK2,RPTOR,PTK6,FNIP2,PTPN1,ZFYVE28,MARK4,PTPN11,PTPN13,PTPRC,PTPRJ,PTPRO,CACTIN,MAP4K2,MOK,RAF1,RALB,RARA,RB1,BCL2,TRIM27,ROBO1,BCR,RPS3,RPS6KA1,RPS6KA2,CEACAM1,SAMSN1,BLM,NOD2,MAP2K4,SGK1,SMYD3,MICAL1,DEPTOR,WNK1,SLC8A1,SLC11A1,BMPR1B,BMPR2,SNCA,SOD1,SORL1,SPN,SRC,BRAF,SRPK1,STK3,STK4,CDKL5,STK10,SYK,ADAM17,TEC,TEK,TGFA,TGFB1,TGFBR1,TGFBR2,THBS1,TNFRSF1A,TOP1,TPD52L1,TRAF2,TRAF6,TSG101,TTN,CDK11A,TXK,UVRAG,VRK2,WARS1,XRCC5,YWHAG,YWHAZ,MAPKAPK3,DBNDD1,CARD14,MAPKAP1,CCNJL,LRRK1,PRKRIP1,MOB3B,PEAK1,NEK11,PRR5L,CALM1,CDK5RAP3,PDGFD,DUSP16,SH3BP5L,FXR1,CDK2AP1,CAMK2D,AXIN1,SESN2,DTNBP1,ULK1,BCAR3,STK24,VPS25,NCK2,TTBK1,PSRC1,CDC42BPA,SEMA7A,ADTRP,MAP4K3,UBASH3B,MYLK2,CAV1,STK16,PLPP3,CDK13,RUNX3,TNKS,MARCO,ADAM9,TNFRSF11A,TNFRSF10B,TNFRSF10A,DYRK4,CDKL1,IQGAP1,NRP1,HDAC3,KSR1,STK19,PRPF4B,CCNA1,CCND3,RPS6KA4,TNFSF18,KALRN,ACVR1,SPAG9,DIRAS3,LATS1,CCNB2,PKDCC,CD3E,MAP3K13,MYLK3,DCLK1,CD6,MOB1B,MAPKAPK2,STK17B,ITGB1BP1,S1PR2,COPS2,NHERF1,ACVRL1,CD80,CD86,MAP4K4,EIF2AK3,PICK1,SH3BP5,CD36,MACROH2A1,CDC42BPB,CD44,AATK,ZNF592,FNIP1,PPM1F,RAPGEF2,MAML1,RB1CC1,MELK,CDK11B,TLK1,KIF14,MVP,TNFSF15","Sputum_Mixed granulocytic"
"BP","zygotic determination of anterior/posterior axis, embryo",6,6,0.00183256319413447,0.151544667748064,"BASP1,DCANP1,NEUROG1,TIFAB,PCSK6,WT1","Sputum_Mixed granulocytic"
"BP","pattern recognition receptor signaling pathway",233,86,0.00183395456920954,0.151544667748064,"TNIP1,NOD1,IRAK3,NLRP3,CHUK,GBP5,SLC15A4,NEK7,CYLD,NLRC3,ESR1,RAB11FIP2,NLRP1,CARD8,GRAMD4,RFTN1,PUM2,ANKRD17,CLEC4E,GFI1,TBK1,STING1,TICAM2,IRAK2,IRF4,IRF7,SCIMP,LTF,LYN,MIR140,MIR17,MIR19A,MIR20A,ARRB2,MEFV,NINJ1,PDPK1,PHB1,PIK3R1,PLCG2,TLR9,APPL2,LGR4,NAGK,DDX60,NPLOC4,INAVA,PRKCE,ERBIN,MAPK8,RTN4,PELI1,WDFY1,EPG5,MARK4,CACTIN,SEC14L1,NOD2,IFIH1,SRC,TLR5,TNFAIP3,TRAF3,TRAF6,ACOD1,MAPKAPK3,NLRX1,ATAT1,ALPK1,COLEC12,TRIM11,CLPB,CASP1,ITCH,RNF135,HAVCR2,ZNRF1,CAV1,OASL,TRIM15,OTULIN,RSAD2,MFHAS1,MAPKAPK2,BPIFB1,AIM2,CD36,PUM1,PJA2,USP15,NR1H4","Sputum_Mixed granulocytic"
"BP","T cell costimulation",47,23,0.00186560768512332,0.15340166774263,"KLRC4-KLRK1,LILRB4,CSK,DPP4,EFNB2,AKT1,MTOR,FYN,CD274,LCK,LGALS1,LYN,PDPK1,PTPN11,SPN,SRC,CARD11,CAV1,CD3E,CD5,CD80,CD86,CD81","Sputum_Mixed granulocytic"
"BP","negative regulation of cell-cell adhesion",204,78,0.00186992879619383,0.15340166774263,"TSPAN32,BTN2A2,GPNMB,LILRB1,LILRB4,ADORA2A,RC3H1,CTLA4,CTSG,DLG1,DUSP3,AKT1,FGL1,SWAP70,TMEM131L,SCRIB,ABL1,LRRC32,ABCA12,TNFRSF21,RGCC,CD274,ANXA1,HLA-DRB1,HLX,IL10,JAK3,MIA3,ARG1,LAG3,LGALS3,MIR141,MIR21,SMAD7,MBP,TARM1,NOTCH1,NOTCH4,PAWR,ZBTB7B,PPARA,LAX1,PRKAR1A,PAG1,MAP2K5,CRTAM,DUSP22,PELI1,PTK2,TRPV4,BCL6,CEACAM1,VSIR,SFTPD,MARCHF7,WNK1,LGALS9C,SPI1,SPN,TGFB1,LAPTM5,AKNA,NDFIP1,ITCH,MAD1L1,ADTRP,HAVCR2,UBASH3B,RUNX1,RUNX3,CBFB,TNFSF18,CD9,SOCS6,CD80,CD86,PPM1F,RIPOR2,CDH1","Sputum_Mixed granulocytic"
"CC","extracellular vesicle",2233,679,0.00191129035239773,0.155740908706233,"A1BG,ABI1,PDCD6,MIR1304,ABCB6,DPP3,EDIL3,WASF2,ADAM10,NUTF2,PATJ,CTDSPL,ATP8A1,NDRG1,RACK1,CPQ,WFDC2,BASP1,RAPGEF3,BAIAP2,VAT1,SEMA3C,NEBL,DCTN2,ANP32B,OLFM4,STAMBP,PMVK,CETP,GIPC1,HBS1L,NCKAP1,IQGAP2,CEACAM8,RAB10,MMP24,MTMR11,EHD1,LMAN2,CKAP4,YWHAQ,LILRB4,WWP2,CORO1A,FSTL1,PDCD10,PADI2,PACSIN2,SCN11A,MGAT4A,TMC6,ACOT7,PGLYRP2,SLAMF6,OSBPL1A,C1QTNF3,SLC22A12,LRG1,AGAP2,CLU,GSTO2,TPP1,TMEM52B,CLTC,ZG16B,GGT6,OSCAR,CNTN1,PRXL2B,FAM168B,COL12A1,GALM,CPNE4,COMP,COMT,COPA,H1-8,TMPRSS11B,CP,CPB2,CPD,CPM,CPN2,S100A16,SIRPA,PARP4,CS,PLEKHA7,CSK,CSNK2B,TOM1L2,TMC8,PM20D1,CTNS,CTNND1,CTSB,CTSG,CTSH,CPNE9,GLIPR2,CTSZ,PEBP4,ADSS2,AARS1,CD55,EML5,DARS1,DEFA1,DEFA3,DHX36,DLG1,DNM1,DYNC1H1,DNM2,DOCK2,DPP4,DPYS,SLC26A2,DUT,ECE1,AHCY,EEF2,EGF,EIF2S1,ANO6,EIF4E,ELANE,SERPINB1,A2M,ENO1,AK2,STOM,ALAD,ALB,EXT2,F12,FABP4,FABP5,FAH,FBLN1,FASN,FAT2,ARMC3,SLC37A2,FCER2,SLC39A12,CPNE2,FCGR3B,ALDH9A1,FGR,FH,RHOBTB3,FKBP5,RAB3GAP1,TNIK,ENDOD1,AKR1B1,FLNB,RFTN1,CYFIP1,SYNE2,PLCB1,MGRN1,ICOSLG,CUX2,TUT4,NEDD4L,JADE2,COTL1,RHOQ,SLC44A1,QPRT,DAAM2,SCRIB,DDAH2,DDAH1,HEBP2,PLD3,PLXNB2,PLA2G15,SH3BP4,ALK,ATP6V1C2,ALPL,FUT8,GAA,SERINC5,QPCT,GCA,PRDX5,NIPBL,GALNS,GALNT3,CLIC4,ACOT11,DNM3,IFT172,GARS1,PHGDH,TIAM2,GBE1,MYOF,GDI2,GFRA1,GGT1,B4GALT1,CYFIP2,SND1,SDCBP2,AGO2,GLB1,GLG1,TOR1B,GM2A,GMDS,GNAI2,GNAI3,GNAQ,GNB1,GNG7,GNS,AMY2B,GOLGA4,GOT2,SFN,GPD1,GPLD1,GPM6A,SLC39A5,SLC46A3,HEXD,METRNL,GPX4,GRN,DBNL,CD274,GSN,GSTA3,OLA1,ZDHHC1,PILRA,ANXA1,H2BC5,ANXA2,ANXA4,HEXA,HEXB,EHD4,ANXA6,ANXA11,HLA-DRA,HLA-DRB1,HLA-DRB5,AOX1,HNMT,HNRNPK,HPD,HSPG2,IARS1,ICAM1,ICAM3,IDE,IDH2,EYS,IGF2R,IGFALS,IGFBP7,APP,FAS,ITGA1,ITGAL,ITGAM,ITGAV,ITGB1,ITGB2,ITGB5,CD82,B3GNT8,KIFC3,ARF5,KRT8,KRT10,KRT13,KRT33B,HRNR,LAMA3,RHOG,LAMA4,LAMB1,LAMP1,LCK,LCN2,LDHA,LFNG,LGALS1,LGALS3,LGALS3BP,ARHGDIB,LPO,LRP2,LSP1,LTA4H,LTF,LUM,LYN,MIRLET7B,MIR143,MIR145,MIR17,MIR185,MIR192,MIR19A,MIR19B1,MIR20A,MIR21,MIR214,TACSTD2,MIR30A,MIR92A1,ARSB,MAN1A1,MAN2A1,MARK3,MARS1,MB,ART3,MDH2,MGAT5,MGP,MLLT3,MME,MPO,ABCC1,MYO1B,MSRA,MTAP,MUC4,MYH10,MYH11,MYO1C,MYO1D,MYO1E,MYO5A,MYO6,HNRNPM,NEB,NEDD4,SEPTIN2,ACO1,FXYD2,NPC1,NRF1,ATP2B2,NUCB1,NUMA1,ALDH7A1,P2RX4,P4HB,PEBP1,FURIN,MINK1,NOX3,PRDX1,ITSN2,HEBP1,PCBD1,LAP3,CRYL1,VPS28,PCOLCE,PDCD2,ATP6V1D,PCYOX1,ANKFY1,VTA1,CYRIB,ATP6V1H,CAB39,UPB1,ERAP1,RAB8B,TM7SF3,GALNT7,PEPD,PEX1,PFKP,PGAM2,PHB1,ATP6V1B2,SERPINA1,SERPINA4,SERPINB6,SERPINB13,ATP6V1C1,PI4KA,ACP2,PITPNA,PKLR,PKHD1,PKM,PLAT,PLCD1,UBASH3A,PLCG2,PLEC,FXYD3,PLOD1,PLOD2,PLXNA1,CDHR5,PCBP3,GNG2,PON3,TOLLIP,CPVL,RHOF,ARL15,CTSA,EPS8L1,NSUN2,CHCHD3,PPP1CA,TTC38,EPN3,VPS37C,PPP2R1A,VPS13D,PPP2R1B,APPL2,PGM2,PPT1,PRCP,NAGK,ITLN1,VPS50,DOCK10,PRKACA,PRKAR2A,PRKAR2B,PRKCA,PRKCB,PRKCH,CAND1,PRKCI,GPRC5C,PRKCZ,MYO5C,GNG12,BAIAP2L1,PDGFC,DNAJC3,TEX14,PRSS8,AZU1,PSAP,RETN,PSMA1,PSMB8,PSMB9,SLC12A9,PSMD3,RAB25,CD177,MAN1C1,SLC44A2,SMURF1,ELAPOR1,DIP2B,QSOX1,CPNE5,PTPN13,PTPRA,PTPRC,PTPRD,PTPRG,PTPRJ,PTPRO,NECTIN2,PYGL,RAB5B,RAB27A,RAC2,RALB,ACTA2,RAP1B,RAP1GDS1,RARRES1,RBL2,SCPEP1,RBP4,RHEB,PAPPA2,RPL3,BCR,RPL23A,RPL31,RPS3,RREB1,RSU1,RYR1,S100A4,S100A6,S100A9,S100A10,S100A11,S100P,CFB,SCNN1A,CEACAM1,NAPB,SECTM1,MYO1G,RBSN,P3H1,RAB17,SRSF7,PALS1,BLVRA,SHBG,ST3GAL1,NIBAN2,RASAL3,SLC2A1,SLC2A4,SLC2A5,SLC5A2,SLC9A3,SLC12A3,SLC20A2,CHID1,SNCG,SOD1,SORL1,SPN,SPTBN1,SRC,STK10,BSG,SULT2B1,SYPL1,BTD,MIR619,TECTA,TGFBI,TGFBR3,TGM2,THBS1,TSPO,TLN1,SERPING1,TNFAIP3,TNXB,C2,TPM3,TPM4,TPT1,TSG101,CAPN5,DNAJC7,TTN,DEFA1B,HIRA,TXNRD1,UBE2D3,UBE2V1,UTRN,VCL,VDAC1,VIM,VWF,WARS1,XPNPEP1,FMNL1,YWHAG,YWHAH,YWHAZ,PTTG1IP,CA2,CACNA2D1,PXDN,MOGS,TUBA1A,RAB7A,AHNAK,BAG6,DYNC2H1,PRKRIP1,VPS37B,MYH14,MMRN2,THSD4,CYBRD1,WLS,UXS1,ARMC9,NAA50,CUBN,TTYH3,COL18A1,ACTN4,WNT5B,CALR,SLC7A5,SLC38A1,NECTIN4,ITM2C,CANX,CLTCL1,CAPG,CAPN1,DYSF,CAPZB,PLVAP,AIF1L,CRISPLD1,FERMT3,CRISPLD2,ITCH,RBP5,ANGPTL6,TBC1D10A,FAM234A,ADGRV1,HDHD2,EEA1,STX7,LOXL4,STK24,VPS25,CARD11,CUL3,ATRN,CAT,CDC42BPA,PPFIA2,ABCC11,STRIP1,BCAS1,PLPP1,RNASET2,AKR1C3,SERPINA6,SLC4A4,KRT38,KRT37,KRT36,ACTN1,TNFSF10,ADAM9,NAPA,CDKL1,IQGAP1,PROM1,MTMR2,CPNE1,AP1M1,PLOD3,MVB12B,PGLYRP1,KALRN,SEMA5A,SPAG9,ANGPTL1,ACY3,GCNT3,MOB1B,MAPKAPK2,BPIFB1,CD9,CD22,SLC22A6,CPNE6,NHERF1,KIF3B,PLAA,TM9SF2,CD86,GSTO1,SCARB2,ADAMTS3,CD37,CD38,TMEM59,MACROH2A1,CDC42BPB,CREB5,CD44,CD48,CD58,IQCB1,CD59,RIMS2,TMEM63A,CD79B,CD81,ADGRE5,WDR1,MVP,THRAP3,DOP1B,CDH1","Sputum_Mixed granulocytic"
"BP","phosphatidylinositol metabolic process",154,66,0.00191215074498499,0.155740908706233,"PIGK,CDS1,IP6K3,PLA2G4E,PIGU,TTC7B,INPP5F,SACM1L,EFR3A,PLCB1,PIP5K1C,PIGN,GPLD1,PLA2G4D,PIK3R4,HTR2B,INPP1,INPP4A,INPP5A,INPP5B,INPP5D,ITPKB,PDGFA,PDGFB,PIGT,INPP5K,PIGH,PIK3C2B,PIK3C2G,PIK3C3,PIK3CB,PIK3CG,PIK3R1,PI4KA,PI4KB,PIP4K2A,PLCB2,PLCD1,PLCG1,PLCG2,AGPAT5,PI4K2A,PIP4P2,VAC14,TTC7A,PTEN,PITPNM2,MPPE1,MTMR9,UVRAG,MBOAT7,PITPNM3,PIP5K1B,SLA2,PIGY,DGKE,BECN1,SOCS2,SYNJ2,MTMR3,MTMR2,PIP4P1,MTMR7,SOCS6,PGAP3,PIGL,FIG4","Sputum_Mixed granulocytic"
"BP","regulation of response to biotic stimulus",507,169,0.00194675878863375,0.157993381117548,"KLRC4-KLRK1,TSPAN32,RASGRP1,CD96,ADAR,TNIP1,NOD1,TRIM38,POLR3C,TRAF3IP2,LILRB1,SPINK5,IRAK3,DUSP10,NLRP3,CHUK,SLAMF6,GBP5,CLNK,SLC15A4,NEK7,PARP1,PIK3R6,CYLD,CD55,DAPK1,AHR,NLRC3,A2M,AKT1,ESR1,FGR,RAB11FIP2,NLRP1,CARD8,NT5C2,MAPKBP1,GRAMD4,RFTN1,DTX4,SASH1,PUM2,FYN,YTHDF3,SAMHD1,ANKRD17,TRAF3IP1,CLEC4E,GFI1,FOXP1,GRN,TBK1,CD274,ZDHHC1,HCK,HLA-DRB1,STING1,TICAM2,IL15,IRAK2,IRF4,IRF7,ARG1,SCIMP,LAG3,LAMP1,LTF,CD180,LYN,MIR140,MIR17,MIR19A,MIR20A,MIR21,ARRB2,MEFV,EIF2AK4,NINJ1,PAK2,HERC5,PDPK1,ERAP1,PHB1,PIK3R1,PLCG2,TLR9,RNF216,RBM47,PPARG,APPL2,PSPC1,LGR4,NAGK,DDX60,LYAR,NPLOC4,INAVA,PRKCA,PRKCE,PRKDC,ERBIN,MAPK8,CRTAM,SLAMF8,RTN4,PELI1,ZNFX1,WDFY1,PTPN1,EPG5,MARK4,PTPN11,NECTIN2,CACTIN,CEACAM1,SEC14L1,NOD2,IFIH1,CLEC7A,ILRUN,SPI1,SPN,SRC,STAT5B,SYK,TGFB1,SERPING1,TLR5,TNFAIP3,TRAF3,TRAF6,TXK,ACOD1,XRCC5,YWHAZ,MAPKAPK3,NLRX1,MMRN2,ATAT1,CCDC92,ALPK1,ZBP1,COLEC12,TRIM11,CLPB,KLRC4,CASP1,ITCH,CASP6,NLRC5,ZDHHC18,RNF135,HAVCR2,ZNRF1,CAV1,OASL,FADD,IL18RAP,TRIM15,OTULIN,CD1D,RNF185,RSAD2,MFHAS1,MAPKAPK2,BPIFB1,AIM2,LY86,ATG5,CD36,N4BP1,PUM1,MATR3,PJA2,USP15,NR1H4","Sputum_Mixed granulocytic"
"CC","extracellular organelle",2234,679,0.00199171247353144,0.160495298753647,"A1BG,ABI1,PDCD6,MIR1304,ABCB6,DPP3,EDIL3,WASF2,ADAM10,NUTF2,PATJ,CTDSPL,ATP8A1,NDRG1,RACK1,CPQ,WFDC2,BASP1,RAPGEF3,BAIAP2,VAT1,SEMA3C,NEBL,DCTN2,ANP32B,OLFM4,STAMBP,PMVK,CETP,GIPC1,HBS1L,NCKAP1,IQGAP2,CEACAM8,RAB10,MMP24,MTMR11,EHD1,LMAN2,CKAP4,YWHAQ,LILRB4,WWP2,CORO1A,FSTL1,PDCD10,PADI2,PACSIN2,SCN11A,MGAT4A,TMC6,ACOT7,PGLYRP2,SLAMF6,OSBPL1A,C1QTNF3,SLC22A12,LRG1,AGAP2,CLU,GSTO2,TPP1,TMEM52B,CLTC,ZG16B,GGT6,OSCAR,CNTN1,PRXL2B,FAM168B,COL12A1,GALM,CPNE4,COMP,COMT,COPA,H1-8,TMPRSS11B,CP,CPB2,CPD,CPM,CPN2,S100A16,SIRPA,PARP4,CS,PLEKHA7,CSK,CSNK2B,TOM1L2,TMC8,PM20D1,CTNS,CTNND1,CTSB,CTSG,CTSH,CPNE9,GLIPR2,CTSZ,PEBP4,ADSS2,AARS1,CD55,EML5,DARS1,DEFA1,DEFA3,DHX36,DLG1,DNM1,DYNC1H1,DNM2,DOCK2,DPP4,DPYS,SLC26A2,DUT,ECE1,AHCY,EEF2,EGF,EIF2S1,ANO6,EIF4E,ELANE,SERPINB1,A2M,ENO1,AK2,STOM,ALAD,ALB,EXT2,F12,FABP4,FABP5,FAH,FBLN1,FASN,FAT2,ARMC3,SLC37A2,FCER2,SLC39A12,CPNE2,FCGR3B,ALDH9A1,FGR,FH,RHOBTB3,FKBP5,RAB3GAP1,TNIK,ENDOD1,AKR1B1,FLNB,RFTN1,CYFIP1,SYNE2,PLCB1,MGRN1,ICOSLG,CUX2,TUT4,NEDD4L,JADE2,COTL1,RHOQ,SLC44A1,QPRT,DAAM2,SCRIB,DDAH2,DDAH1,HEBP2,PLD3,PLXNB2,PLA2G15,SH3BP4,ALK,ATP6V1C2,ALPL,FUT8,GAA,SERINC5,QPCT,GCA,PRDX5,NIPBL,GALNS,GALNT3,CLIC4,ACOT11,DNM3,IFT172,GARS1,PHGDH,TIAM2,GBE1,MYOF,GDI2,GFRA1,GGT1,B4GALT1,CYFIP2,SND1,SDCBP2,AGO2,GLB1,GLG1,TOR1B,GM2A,GMDS,GNAI2,GNAI3,GNAQ,GNB1,GNG7,GNS,AMY2B,GOLGA4,GOT2,SFN,GPD1,GPLD1,GPM6A,SLC39A5,SLC46A3,HEXD,METRNL,GPX4,GRN,DBNL,CD274,GSN,GSTA3,OLA1,ZDHHC1,PILRA,ANXA1,H2BC5,ANXA2,ANXA4,HEXA,HEXB,EHD4,ANXA6,ANXA11,HLA-DRA,HLA-DRB1,HLA-DRB5,AOX1,HNMT,HNRNPK,HPD,HSPG2,IARS1,ICAM1,ICAM3,IDE,IDH2,EYS,IGF2R,IGFALS,IGFBP7,APP,FAS,ITGA1,ITGAL,ITGAM,ITGAV,ITGB1,ITGB2,ITGB5,CD82,B3GNT8,KIFC3,ARF5,KRT8,KRT10,KRT13,KRT33B,HRNR,LAMA3,RHOG,LAMA4,LAMB1,LAMP1,LCK,LCN2,LDHA,LFNG,LGALS1,LGALS3,LGALS3BP,ARHGDIB,LPO,LRP2,LSP1,LTA4H,LTF,LUM,LYN,MIRLET7B,MIR143,MIR145,MIR17,MIR185,MIR192,MIR19A,MIR19B1,MIR20A,MIR21,MIR214,TACSTD2,MIR30A,MIR92A1,ARSB,MAN1A1,MAN2A1,MARK3,MARS1,MB,ART3,MDH2,MGAT5,MGP,MLLT3,MME,MPO,ABCC1,MYO1B,MSRA,MTAP,MUC4,MYH10,MYH11,MYO1C,MYO1D,MYO1E,MYO5A,MYO6,HNRNPM,NEB,NEDD4,SEPTIN2,ACO1,FXYD2,NPC1,NRF1,ATP2B2,NUCB1,NUMA1,ALDH7A1,P2RX4,P4HB,PEBP1,FURIN,MINK1,NOX3,PRDX1,ITSN2,HEBP1,PCBD1,LAP3,CRYL1,VPS28,PCOLCE,PDCD2,ATP6V1D,PCYOX1,ANKFY1,VTA1,CYRIB,ATP6V1H,CAB39,UPB1,ERAP1,RAB8B,TM7SF3,GALNT7,PEPD,PEX1,PFKP,PGAM2,PHB1,ATP6V1B2,SERPINA1,SERPINA4,SERPINB6,SERPINB13,ATP6V1C1,PI4KA,ACP2,PITPNA,PKLR,PKHD1,PKM,PLAT,PLCD1,UBASH3A,PLCG2,PLEC,FXYD3,PLOD1,PLOD2,PLXNA1,CDHR5,PCBP3,GNG2,PON3,TOLLIP,CPVL,RHOF,ARL15,CTSA,EPS8L1,NSUN2,CHCHD3,PPP1CA,TTC38,EPN3,VPS37C,PPP2R1A,VPS13D,PPP2R1B,APPL2,PGM2,PPT1,PRCP,NAGK,ITLN1,VPS50,DOCK10,PRKACA,PRKAR2A,PRKAR2B,PRKCA,PRKCB,PRKCH,CAND1,PRKCI,GPRC5C,PRKCZ,MYO5C,GNG12,BAIAP2L1,PDGFC,DNAJC3,TEX14,PRSS8,AZU1,PSAP,RETN,PSMA1,PSMB8,PSMB9,SLC12A9,PSMD3,RAB25,CD177,MAN1C1,SLC44A2,SMURF1,ELAPOR1,DIP2B,QSOX1,CPNE5,PTPN13,PTPRA,PTPRC,PTPRD,PTPRG,PTPRJ,PTPRO,NECTIN2,PYGL,RAB5B,RAB27A,RAC2,RALB,ACTA2,RAP1B,RAP1GDS1,RARRES1,RBL2,SCPEP1,RBP4,RHEB,PAPPA2,RPL3,BCR,RPL23A,RPL31,RPS3,RREB1,RSU1,RYR1,S100A4,S100A6,S100A9,S100A10,S100A11,S100P,CFB,SCNN1A,CEACAM1,NAPB,SECTM1,MYO1G,RBSN,P3H1,RAB17,SRSF7,PALS1,BLVRA,SHBG,ST3GAL1,NIBAN2,RASAL3,SLC2A1,SLC2A4,SLC2A5,SLC5A2,SLC9A3,SLC12A3,SLC20A2,CHID1,SNCG,SOD1,SORL1,SPN,SPTBN1,SRC,STK10,BSG,SULT2B1,SYPL1,BTD,MIR619,TECTA,TGFBI,TGFBR3,TGM2,THBS1,TSPO,TLN1,SERPING1,TNFAIP3,TNXB,C2,TPM3,TPM4,TPT1,TSG101,CAPN5,DNAJC7,TTN,DEFA1B,HIRA,TXNRD1,UBE2D3,UBE2V1,UTRN,VCL,VDAC1,VIM,VWF,WARS1,XPNPEP1,FMNL1,YWHAG,YWHAH,YWHAZ,PTTG1IP,CA2,CACNA2D1,PXDN,MOGS,TUBA1A,RAB7A,AHNAK,BAG6,DYNC2H1,PRKRIP1,VPS37B,MYH14,MMRN2,THSD4,CYBRD1,WLS,UXS1,ARMC9,NAA50,CUBN,TTYH3,COL18A1,ACTN4,WNT5B,CALR,SLC7A5,SLC38A1,NECTIN4,ITM2C,CANX,CLTCL1,CAPG,CAPN1,DYSF,CAPZB,PLVAP,AIF1L,CRISPLD1,FERMT3,CRISPLD2,ITCH,RBP5,ANGPTL6,TBC1D10A,FAM234A,ADGRV1,HDHD2,EEA1,STX7,LOXL4,STK24,VPS25,CARD11,CUL3,ATRN,CAT,CDC42BPA,PPFIA2,ABCC11,STRIP1,BCAS1,PLPP1,RNASET2,AKR1C3,SERPINA6,SLC4A4,KRT38,KRT37,KRT36,ACTN1,TNFSF10,ADAM9,NAPA,CDKL1,IQGAP1,PROM1,MTMR2,CPNE1,AP1M1,PLOD3,MVB12B,PGLYRP1,KALRN,SEMA5A,SPAG9,ANGPTL1,ACY3,GCNT3,MOB1B,MAPKAPK2,BPIFB1,CD9,CD22,SLC22A6,CPNE6,NHERF1,KIF3B,PLAA,TM9SF2,CD86,GSTO1,SCARB2,ADAMTS3,CD37,CD38,TMEM59,MACROH2A1,CDC42BPB,CREB5,CD44,CD48,CD58,IQCB1,CD59,RIMS2,TMEM63A,CD79B,CD81,ADGRE5,WDR1,MVP,THRAP3,DOP1B,CDH1","Sputum_Mixed granulocytic"
"CC","extracellular membrane-bounded organelle",2234,679,0.00199171247353144,0.160495298753647,"A1BG,ABI1,PDCD6,MIR1304,ABCB6,DPP3,EDIL3,WASF2,ADAM10,NUTF2,PATJ,CTDSPL,ATP8A1,NDRG1,RACK1,CPQ,WFDC2,BASP1,RAPGEF3,BAIAP2,VAT1,SEMA3C,NEBL,DCTN2,ANP32B,OLFM4,STAMBP,PMVK,CETP,GIPC1,HBS1L,NCKAP1,IQGAP2,CEACAM8,RAB10,MMP24,MTMR11,EHD1,LMAN2,CKAP4,YWHAQ,LILRB4,WWP2,CORO1A,FSTL1,PDCD10,PADI2,PACSIN2,SCN11A,MGAT4A,TMC6,ACOT7,PGLYRP2,SLAMF6,OSBPL1A,C1QTNF3,SLC22A12,LRG1,AGAP2,CLU,GSTO2,TPP1,TMEM52B,CLTC,ZG16B,GGT6,OSCAR,CNTN1,PRXL2B,FAM168B,COL12A1,GALM,CPNE4,COMP,COMT,COPA,H1-8,TMPRSS11B,CP,CPB2,CPD,CPM,CPN2,S100A16,SIRPA,PARP4,CS,PLEKHA7,CSK,CSNK2B,TOM1L2,TMC8,PM20D1,CTNS,CTNND1,CTSB,CTSG,CTSH,CPNE9,GLIPR2,CTSZ,PEBP4,ADSS2,AARS1,CD55,EML5,DARS1,DEFA1,DEFA3,DHX36,DLG1,DNM1,DYNC1H1,DNM2,DOCK2,DPP4,DPYS,SLC26A2,DUT,ECE1,AHCY,EEF2,EGF,EIF2S1,ANO6,EIF4E,ELANE,SERPINB1,A2M,ENO1,AK2,STOM,ALAD,ALB,EXT2,F12,FABP4,FABP5,FAH,FBLN1,FASN,FAT2,ARMC3,SLC37A2,FCER2,SLC39A12,CPNE2,FCGR3B,ALDH9A1,FGR,FH,RHOBTB3,FKBP5,RAB3GAP1,TNIK,ENDOD1,AKR1B1,FLNB,RFTN1,CYFIP1,SYNE2,PLCB1,MGRN1,ICOSLG,CUX2,TUT4,NEDD4L,JADE2,COTL1,RHOQ,SLC44A1,QPRT,DAAM2,SCRIB,DDAH2,DDAH1,HEBP2,PLD3,PLXNB2,PLA2G15,SH3BP4,ALK,ATP6V1C2,ALPL,FUT8,GAA,SERINC5,QPCT,GCA,PRDX5,NIPBL,GALNS,GALNT3,CLIC4,ACOT11,DNM3,IFT172,GARS1,PHGDH,TIAM2,GBE1,MYOF,GDI2,GFRA1,GGT1,B4GALT1,CYFIP2,SND1,SDCBP2,AGO2,GLB1,GLG1,TOR1B,GM2A,GMDS,GNAI2,GNAI3,GNAQ,GNB1,GNG7,GNS,AMY2B,GOLGA4,GOT2,SFN,GPD1,GPLD1,GPM6A,SLC39A5,SLC46A3,HEXD,METRNL,GPX4,GRN,DBNL,CD274,GSN,GSTA3,OLA1,ZDHHC1,PILRA,ANXA1,H2BC5,ANXA2,ANXA4,HEXA,HEXB,EHD4,ANXA6,ANXA11,HLA-DRA,HLA-DRB1,HLA-DRB5,AOX1,HNMT,HNRNPK,HPD,HSPG2,IARS1,ICAM1,ICAM3,IDE,IDH2,EYS,IGF2R,IGFALS,IGFBP7,APP,FAS,ITGA1,ITGAL,ITGAM,ITGAV,ITGB1,ITGB2,ITGB5,CD82,B3GNT8,KIFC3,ARF5,KRT8,KRT10,KRT13,KRT33B,HRNR,LAMA3,RHOG,LAMA4,LAMB1,LAMP1,LCK,LCN2,LDHA,LFNG,LGALS1,LGALS3,LGALS3BP,ARHGDIB,LPO,LRP2,LSP1,LTA4H,LTF,LUM,LYN,MIRLET7B,MIR143,MIR145,MIR17,MIR185,MIR192,MIR19A,MIR19B1,MIR20A,MIR21,MIR214,TACSTD2,MIR30A,MIR92A1,ARSB,MAN1A1,MAN2A1,MARK3,MARS1,MB,ART3,MDH2,MGAT5,MGP,MLLT3,MME,MPO,ABCC1,MYO1B,MSRA,MTAP,MUC4,MYH10,MYH11,MYO1C,MYO1D,MYO1E,MYO5A,MYO6,HNRNPM,NEB,NEDD4,SEPTIN2,ACO1,FXYD2,NPC1,NRF1,ATP2B2,NUCB1,NUMA1,ALDH7A1,P2RX4,P4HB,PEBP1,FURIN,MINK1,NOX3,PRDX1,ITSN2,HEBP1,PCBD1,LAP3,CRYL1,VPS28,PCOLCE,PDCD2,ATP6V1D,PCYOX1,ANKFY1,VTA1,CYRIB,ATP6V1H,CAB39,UPB1,ERAP1,RAB8B,TM7SF3,GALNT7,PEPD,PEX1,PFKP,PGAM2,PHB1,ATP6V1B2,SERPINA1,SERPINA4,SERPINB6,SERPINB13,ATP6V1C1,PI4KA,ACP2,PITPNA,PKLR,PKHD1,PKM,PLAT,PLCD1,UBASH3A,PLCG2,PLEC,FXYD3,PLOD1,PLOD2,PLXNA1,CDHR5,PCBP3,GNG2,PON3,TOLLIP,CPVL,RHOF,ARL15,CTSA,EPS8L1,NSUN2,CHCHD3,PPP1CA,TTC38,EPN3,VPS37C,PPP2R1A,VPS13D,PPP2R1B,APPL2,PGM2,PPT1,PRCP,NAGK,ITLN1,VPS50,DOCK10,PRKACA,PRKAR2A,PRKAR2B,PRKCA,PRKCB,PRKCH,CAND1,PRKCI,GPRC5C,PRKCZ,MYO5C,GNG12,BAIAP2L1,PDGFC,DNAJC3,TEX14,PRSS8,AZU1,PSAP,RETN,PSMA1,PSMB8,PSMB9,SLC12A9,PSMD3,RAB25,CD177,MAN1C1,SLC44A2,SMURF1,ELAPOR1,DIP2B,QSOX1,CPNE5,PTPN13,PTPRA,PTPRC,PTPRD,PTPRG,PTPRJ,PTPRO,NECTIN2,PYGL,RAB5B,RAB27A,RAC2,RALB,ACTA2,RAP1B,RAP1GDS1,RARRES1,RBL2,SCPEP1,RBP4,RHEB,PAPPA2,RPL3,BCR,RPL23A,RPL31,RPS3,RREB1,RSU1,RYR1,S100A4,S100A6,S100A9,S100A10,S100A11,S100P,CFB,SCNN1A,CEACAM1,NAPB,SECTM1,MYO1G,RBSN,P3H1,RAB17,SRSF7,PALS1,BLVRA,SHBG,ST3GAL1,NIBAN2,RASAL3,SLC2A1,SLC2A4,SLC2A5,SLC5A2,SLC9A3,SLC12A3,SLC20A2,CHID1,SNCG,SOD1,SORL1,SPN,SPTBN1,SRC,STK10,BSG,SULT2B1,SYPL1,BTD,MIR619,TECTA,TGFBI,TGFBR3,TGM2,THBS1,TSPO,TLN1,SERPING1,TNFAIP3,TNXB,C2,TPM3,TPM4,TPT1,TSG101,CAPN5,DNAJC7,TTN,DEFA1B,HIRA,TXNRD1,UBE2D3,UBE2V1,UTRN,VCL,VDAC1,VIM,VWF,WARS1,XPNPEP1,FMNL1,YWHAG,YWHAH,YWHAZ,PTTG1IP,CA2,CACNA2D1,PXDN,MOGS,TUBA1A,RAB7A,AHNAK,BAG6,DYNC2H1,PRKRIP1,VPS37B,MYH14,MMRN2,THSD4,CYBRD1,WLS,UXS1,ARMC9,NAA50,CUBN,TTYH3,COL18A1,ACTN4,WNT5B,CALR,SLC7A5,SLC38A1,NECTIN4,ITM2C,CANX,CLTCL1,CAPG,CAPN1,DYSF,CAPZB,PLVAP,AIF1L,CRISPLD1,FERMT3,CRISPLD2,ITCH,RBP5,ANGPTL6,TBC1D10A,FAM234A,ADGRV1,HDHD2,EEA1,STX7,LOXL4,STK24,VPS25,CARD11,CUL3,ATRN,CAT,CDC42BPA,PPFIA2,ABCC11,STRIP1,BCAS1,PLPP1,RNASET2,AKR1C3,SERPINA6,SLC4A4,KRT38,KRT37,KRT36,ACTN1,TNFSF10,ADAM9,NAPA,CDKL1,IQGAP1,PROM1,MTMR2,CPNE1,AP1M1,PLOD3,MVB12B,PGLYRP1,KALRN,SEMA5A,SPAG9,ANGPTL1,ACY3,GCNT3,MOB1B,MAPKAPK2,BPIFB1,CD9,CD22,SLC22A6,CPNE6,NHERF1,KIF3B,PLAA,TM9SF2,CD86,GSTO1,SCARB2,ADAMTS3,CD37,CD38,TMEM59,MACROH2A1,CDC42BPB,CREB5,CD44,CD48,CD58,IQCB1,CD59,RIMS2,TMEM63A,CD79B,CD81,ADGRE5,WDR1,MVP,THRAP3,DOP1B,CDH1","Sputum_Mixed granulocytic"
"BP","homeostatic process",1720,565,0.00200472120829816,0.16097273758787,"ADA,AKT3,KCNE3,BCL2L11,ABCB6,CERT1,TRIM10,CDK6,ADAR,IKZF1,MICU1,RACK1,PEMT,MERTK,ZNHIT1,UNC13B,KAT5,TXNRD2,IGF2BP2,CES1,CLDN16,CETP,SLC12A7,TRAF3IP2,NMU,EHD1,IMMT,RIPK3,CORO1A,FSTL1,ABCB8,MRAP2,PRR4,SLC46A1,BTBD9,C1QTNF3,CIDEA,OMA1,SLC22A12,CLCN3,CLCN6,PDZD8,TPP1,SLC15A4,CCR1,SLC24A4,CCR4,CMKLR1,ZG16B,COL3A1,DRAM2,TMEM178A,COMP,SLC31A2,OCIAD2,IL31RA,PPARGC1B,CP,CPB2,SGCZ,CRY2,MAPK14,CSF1R,SESN3,PIWIL4,CSK,RDH12,TMC8,PM20D1,RC3H1,CTNS,HSCB,COMMD1,CTSH,CX3CR1,CXADR,CYB561,KCTD7,VPS13B,TTC39B,TMTC2,ZFPM1,DEDD2,DCTN1,SLC30A8,TMEM64,DIO2,DMD,DYNC1H1,ABAT,DRD4,AGTR1,GPR183,ABCA1,EFNA5,ANO6,METTL21C,VSTM4,EIF4G1,ELANE,ABCA2,EMX1,GAPT,EPAS1,AKT1,ERCC6,ERN1,ABCA3,ALAS1,ETS1,ALB,EXT1,EXT2,EZH2,FABP4,FABP5,FANCC,ACSL1,PTK2B,TPCN2,MICU2,FOXK1,FECH,FH,RASA3,RAB11FIP2,WDR37,RALY,PLCH1,FOXO1,ZNF423,AKR1B1,KDM6B,NCDN,LPIN1,PASK,RCOR1,PLCL2,PLCB1,PACS2,DMXL2,ABCB10,NNT,ATP6V0A2,TSPAN12,ALK,ABCA4,ALOX5,ALPL,NR5A2,ABL1,G6PC1,GAA,SLC24A2,PRDX5,CLIC4,WWTR1,DHRS7B,IBTK,ACOT11,ERC2,LDLRAP1,ZBTB20,ABCA12,STEAP2,NPHP4,FBXL5,KLHL3,GATA3,GCG,CNNM4,CNNM3,GCNT2,NPTN,ATP2C1,LAT,AMPD2,DISC1,GCLC,STK39,GP1BB,GP9,GPLD1,HECTD4,KSR2,METRNL,SIGLEC15,GPR21,SLC9C2,NKIRAS1,UNC80,SLC9A9,CCDC66,SCARA5,ANK3,GRB10,GRN,GIT1,GRIK2,HIPK2,SNX10,ANXA1,HADH,HCLS1,HCRTR2,HTT,HEXB,ANXA6,HIF1A,HK1,HK2,ACACA,HLA-DRB1,APBB2,HTR2B,ICAM1,MALRD1,IDE,IFNG,IGF1R,APP,RBPJ,FAS,IL1A,IL7R,IL15,FOXK2,INHBA,INPP5D,IREB2,IRF4,ITGB1,ITPKB,ITPR1,ITPR2,JAK3,KCNB1,KCNJ10,KCNMA1,KCNQ1,C1QTNF12,BOLA3,GFRAL,LAMA2,LAMA4,FRRS1,LCK,LCN2,LDLR,LEPR,LETM1,LIPC,LNPEP,LPL,LRP5,LTF,LYN,MIR185,MIR19B1,MIR302A,MIR17HG,SMAD1,MB,MBP,MCL1,MEF2C,KMT2A,MPL,RHEX,MUC2,MUC4,MYB,NUBP1,NEO1,NF1,NFIB,ACO1,NGFR,NOS3,NOTCH1,FXYD2,NPC1,ATP2A2,ATP2A3,NRDC,ATP2B2,ATP2B4,P2RX1,P2RX4,P2RX7,P2RY6,NOX3,PRDX1,PNPLA8,PRKN,PAX2,ACOX1,ZBTB7B,PCK2,SIDT2,ANGPTL4,PLCE1,BPIFA1,PLAC8,ATP6V1D,PDE4B,PDE4D,LIMA1,VPS54,ATP6V1H,KLF13,PDK4,PDPK1,EMCN,INPP5K,ATP6V1B2,ATP6V1C1,PIK3CB,PIK3R1,PKHD1,PKNOX1,ATP6V0B,PLCB2,PLCB4,PLCD1,PLCL1,PLCG1,PLCG2,TPCN1,PLN,PML,ACP5,TLR9,SEPTIN4,SASH3,EGLN1,PPARD,PPARG,CNNM2,DEF8,NCAPG2,SLC66A1,MKS1,OCIAD1,ADISSP,CLN6,MCUB,LRRC8D,TMEM38B,PPP2R1A,APPL2,FGGY,ACOXL,FBXW7,PPP3CA,LGR4,PPT1,PRCP,DOCK10,AMBRA1,PRKAA2,SLC39A4,CHD7,LYAR,RAB20,PRKACA,INAVA,PRKCA,PRKCB,PRKCE,PRKDC,MAPK1,PDGFC,ANKH,PRLR,LRRC8A,JPH1,SLAMF8,SLC12A9,PLSCR3,PNPLA2,RHBG,RTN4,TTC7A,SLC4A10,PTGER3,SLC24A3,PTGS2,PTH2R,GRAMD1B,STIM2,GPAM,PTPN11,G6PC2,SLC4A5,PTPRC,PTPRN2,PYGL,TP53INP2,OPRPN,RAC2,RAF1,RAP1GDS1,RB1,TRPV4,RBP4,BCL2,RHEB,BCL6,RORA,RPE65,BCR,RYR1,RYR3,S100A9,SCNN1A,CCL3,CCL13,THADA,PRDM16,CDH23,NOD2,SFTPD,CSMD1,CRTC3,VPS33A,WNK1,SLC2A1,SLC2A4,NADK,SLC8A1,SLC9A2,SLC9A3,SLC11A1,SLC12A3,SLC34A1,SMARCA4,SNCA,SOD1,SORL1,SOS1,SPI1,SPTA1,SRC,SREBF2,ZFP36L1,STAT3,STAT5B,STIM1,SURF4,SYK,ADAM17,TBXAS1,TCF7L2,TMBIM6,TGFBR3,TGM2,TSPO,THRA,TIAM1,GPR137B,TNFAIP3,TNNI3,TPT1,TRAF6,TRPM2,TSHR,TULP1,CCR2,TXNRD1,CLRN1,VCL,WFS1,ZFP36,CA2,CA7,CACNA1C,ZNF236,CACNB2,ALMS1,TUBA1A,CACNB4,RAB7A,FTO,ELOVL6,ADIPOR2,LRRK1,TBL1XR1,EHMT1,TLCD3A,UBA5,LPCAT1,CYBRD1,SLC8B1,CALM1,NR4A3,CDK5RAP3,CUBN,NCOA4,PNPLA3,CSRP3,MPIG6B,NDFIP1,CALR,DCSTAMP,CAMK2D,CAPN3,PICALM,ACOX2,SESN2,CRISPLD1,SLC4A11,ADGRV1,CHD6,SGIP1,RNF135,HVCN1,SOAT2,CARD11,CASQ2,SLC12A8,CASR,DGAT2,MFSD2A,TMTC4,UBASH3B,CAV1,KLF7,STC2,SLC4A4,FADD,TNFRSF11A,IL18R1,CFLAR,CCN4,HDAC3,PROM1,LDB1,CCKBR,ATP6V0E1,MCU,ZNF251,SLC39A13,CCNB2,SLC24A1,LARGE1,VAPB,TSPOAP1,MFHAS1,NHERF1,PLAA,SFXN1,SFXN5,ORMDL3,RP1L1,TJP2,GSTO1,AIM2,RASAL2,CHST3,CD34,AKAP6,ATG5,CD36,SLC4A8,RPH3AL,CD38,ABCG1,IQCB1,ZNF516,HDAC9,ZEB2,PLEKHM1,UBAP2L,ATP2C2,MED13,NR1H4,SLC12A6,PTBP3","Sputum_Mixed granulocytic"
"CC","centrosome",637,230,0.00203678089202868,0.162971158417112,"AKAP9,PATJ,CDK6,NDRG1,TUBGCP3,TACC3,DCTN2,SORBS1,RGS14,DCTN6,NEK6,SDCCAG8,TUBGCP2,USP20,CCDC85B,CNTRL,CHD3,CHD4,KATNA1,PACSIN2,CNTROB,TTC8,LEO1,VPS37A,CHODL,PLEKHA7,CEP128,PPP4R2,CYLD,DCTN1,DYNC1H1,DYNC1I2,DRD4,NLRC3,CEP112,HIPK1,EYA3,CABCOCO1,ZNF365,CEP164,CEP131,CLUAP1,ERC1,TTLL5,RAP1GAP2,CEP68,DTX4,EXOC7,FBXW11,BICD2,CLASP1,UBR4,ZFYVE26,PIK3R5,RABGAP1,SERINC5,POC1A,RNF19A,RTTN,CLIC4,C2CD3,TRAF3IP1,NPHP4,STAP1,AK5,KAT2A,MYOF,LATS2,CYTH4,TUBG2,DISC1,BBS9,GNAI2,GNAI3,CCDC88B,CCDC57,CCDC141,CCDC66,CEP57L1,GIT1,IFT81,RGCC,GSK3B,OLA1,UBN1,SNX10,NME7,HK2,HNMT,HNRNPU,KIF24,GEN1,RILPL1,SPATC1,ERCC6L2,KIF5B,KIFC3,CEP85L,LCK,LIMK2,SMAD7,MID1,CCDC88C,PPP1R12A,NEK2,NUMA1,WRAP73,ITSN2,PAX2,PCNT,DCTN4,NIN,ATP6V1D,PDE4B,DTL,RTRAF,YPEL5,RAPGEF6,PKHD1,PLAG1,MAP10,HAUS6,AHI1,NDE1,LRRC49,TENT5C,PXK,TTC19,MKS1,TTC12,DYNC2I1,CEP192,TBCCD1,PLEKHG6,PRKACA,CCDC88A,CEP72,PRKAR1A,PRKAR2A,PRKAR2B,PRKCB,KIZ,CTNNBL1,PSEN2,PSMA1,ANKS1B,SPPL2B,PPP4R3B,ODF2L,MIB1,WDR35,CEP126,FNIP2,SLAIN2,NCKAP5L,MARK4,RRAGD,RAD51D,RAPSN,BCL2L1,EXOC4,CCDC81,CLIP1,BICD1,KIF13A,CDH23,ILRUN,SKI,SLC18A2,SNCG,CDKL5,TBCD,TEK,TRAF5,UVRAG,WRN,XRCC2,ALMS1,CSTPP1,HMBOX1,FAM184A,NAA40,CSPP1,RABEP2,DENND1C,CEP76,CALM1,CEP290,CCDC92,ALPK1,CDK5RAP3,AKNA,DYSF,DYNLRB1,FRMD8,MAD1L1,KATNAL1,CEP78,NLRC5,SLF1,HOOK3,LZTS2,CUL3,KLHL22,ZFYVE19,CEP295,CDC14B,CDC14A,TNKS,KAT2B,ARHGEF7,CDC16,SPAG9,CCNB2,CTDP1,MAPKAPK2,ITGB1BP1,TRIP4,KIF3B,CD86,KIF23,CEP41,ARHGEF10,IQCB1,PDE4DIP,NUP93,TMEM63A,RAB11FIP3,IFT140,KIAA0586,C2CD5,CEP170,PJA2","Sputum_Mixed granulocytic"
"BP","macrophage activation",110,44,0.0021142789530445,0.168320994807751,"CLU,IL31RA,CX3CR1,TMEM229B,FCER2,SBNO2,CD93,STAP1,FOXP1,STK39,GRN,IFNG,IFNGR2,APP,IL10,ITGAM,ITGB2,KARS1,LDLR,MYO18A,MIR145,MMP8,PLA2G4A,PLCG2,TLR9,PRKCE,AZU1,PTPRC,RORA,CCL3,CRTC3,SLC11A1,SNCA,SYK,THBS1,GPR137B,DYSF,TTBK1,HAVCR2,CST7,CD84,IL1RL1,MFHAS1,PJA2","Sputum_Mixed granulocytic"
"BP","cellular response to organonitrogen compound",651,243,0.00211845645639046,0.168320994807751,"AKAP9,NOD1,RAPGEF3,PRMT5,BAIAP2,NCOA2,SORBS1,RAB10,RAB31,CHRM2,CHRM3,OSBPL8,SLC22A12,AP3S1,COL3A1,COL4A1,COL16A1,CRHBP,CRHR1,PARP1,SESN3,CSK,AANAT,SLC38A9,CYP1B1,BMT2,GRK2,DNMT3A,DRD4,AGTR1,EGFR,AHR,UBR1,AKT1,AKT2,EZH2,FDX1,FER,FOXO1,LPIN1,KANK1,CYFIP1,SIK2,PLCB1,LARP1,RHOQ,LEPROTL1,FOLR2,SPIDR,FOS,SH3BP4,ALK,MTOR,ABL1,FUT7,FYN,GAB1,GCG,SNX5,SESN1,GCLC,GNA15,GNAI2,GNAI3,GNAQ,GNB1,GNRHR,GPD1,GPLD1,GPR21,FFAR3,GRB10,RAPGEF1,GSK3B,HNRNPD,HRH1,HRH2,HTR2B,HTR3A,HTR7,ICAM1,IDE,IGF1R,APP,CASTOR3P,INHBA,AQP9,ITPR1,ITPR2,JAK1,JAK3,KCNE1,KCNQ1,C1QTNF12,LRP1,LYN,MIR140,MIR143,MIR145,MIR195,ARRB2,MAX,MEF2C,MMP2,ABCC1,MYO1C,MYO5A,NCK1,NFKB1,NGFR,NR4A2,ATP2B4,OPRM1,P2RX3,P2RX4,P2RX7,P2RY6,PALM,PRKN,ZBTB7B,PCK2,PDE2A,PDE3B,PDE4B,PDK4,PDPK1,INPP5K,PIK3CG,PIK3R1,PIP4K2A,PKLR,PKM,BCL11A,TLR9,GPR173,GNG2,SSH1,XRN1,PPARG,LEPROT,PID1,PHIP,TMEM38B,APPL2,PPP3CA,ZDHHC7,PRKACA,DENND4C,PRKAR1A,PRKCA,PRKCB,PRKCI,PRKCZ,PRKDC,MAPK1,MAPK13,PDGFC,PDXP,AGTRAP,PTGS2,PTK2,ARID1B,RPTOR,STAMBPL1,PTPN1,PTPN11,PTPRA,PTPRE,PXN,RRAGD,LY6G6D,RAF1,RAP1B,RAP1GDS1,RB1,HRH4,BCL2L1,RGS10,RPE65,RYR1,RYR3,SCNN1A,CEACAM1,GOLPH3,BLM,NOD2,ZNF106,SLC1A2,SLC2A4,SLC8A1,SLC34A1,SMARCC1,SNCA,SORL1,SOS1,SRC,SREBF1,ZFP36L1,STAT3,STAT5B,TGM2,TOP2B,TRPM2,TSHR,VIM,WT1,YWHAG,CA2,CACNA1A,CACNA2D1,CACNB1,NR4A3,PDGFD,CPEB4,PNPLA3,CSRP3,SLC7A5,SESN2,CASP6,CASP7,DTNBP1,BCAR3,PPP1R1B,SLC25A33,CASQ2,CUL3,CASR,KLF11,GPT2,KLHL22,CAV1,NCOA1,SOCS2,CFLAR,KAT2B,UMODL1,LARGE1,NHERF1,RECQL5,AKAP6,CD36,ZNF592,LPIN2,RAPGEF2,HDAC9,C2CD5,TBC1D4,NR1H4,CDH1","Sputum_Mixed granulocytic"
"BP","actin cytoskeleton organization",713,286,0.00216201360346559,0.170776316207257,"ABI1,DNAJB6,ABI2,FARP1,WASF2,SORBS3,CCL26,DLC1,RAPGEF3,TESK2,BAIAP2,CAP2,NEBL,ARFGEF1,SORBS1,CDC42EP3,NCKAP1,IQGAP2,CDC42EP1,CORO1A,NISCH,AKAP13,PACSIN2,SYNPO,FMNL2,PHACTR3,ARAP1,AGAP2,ADD1,ADD3,FGD4,TTC8,IQGAP3,XIRP2,PPARGC1B,SHROOM1,MYO3B,CSF1R,CLDN19,CXADR,DBN1,KANK4,SYNPO2,DLG1,DOCK2,ECT2,LPAR1,EFNA5,MEGF9,CTTN,C9orf72,EPB41,EPB41L1,EPHA1,PTK2B,SMTNL1,PHACTR1,THSD7A,FER,FGD1,FGF7,PPM1E,LIMCH1,DAAM1,PALLD,TNIK,SWAP70,ARHGAP26,IQSEC2,EPB41L3,FLNB,KANK1,CYFIP1,COBL,CLASP1,SPECC1L,PIP5K1C,COTL1,RHOQ,DAAM2,CDC42EP4,CORO1C,TMEFF2,MTOR,ABL1,FRMD3,KANK2,AUTS2,NPHP4,PLEK2,CYFIP2,ABL2,ATP2C1,STAU2,BMP10,BIN1,SIGLEC15,RGCC,DBNL,ARHGAP35,TAGLN3,GSN,TMOD2,PARVB,SH3KBP1,ANXA1,HCK,HCLS1,HIP1,ESPNL,FMN1,ARPIN,IL1A,ITGB1,ITGB5,CATIP,KRT8,RHOG,LIMK1,LIMK2,RHOH,MYO18A,LRP1,MIR143,MIR145,MIR20A,MIR21,MIR214,TACSTD2,ARRB1,SMAD3,MEF2A,ATXN3,MKLN1,IQSEC3,MYO1B,MYH10,MYH11,MYO1C,MYO1D,MYO1E,MYO5A,MYO6,MYO7B,NCK1,NEB,NEDD9,NF1,NRAP,MINK1,PAK2,PRKN,PAWR,EVL,LIMA1,PDGFA,CYRIB,ASB2,PDPK1,INPP5K,PGM5,PIK3R1,PLEC,SSH1,RHOF,BCAS3,ODAM,ARHGAP17,ARHGEF10L,KIRREL1,ASAP3,CCDC88A,PRKAR1A,ENAH,PARVA,TTC17,FGD6,PRKCE,PRKCI,BIN3,MYO5C,BAIAP2L1,LMOD3,FMN2,SPIRE1,PDXP,MICAL3,PREX1,MRTFA,SHROOM3,SHTN1,PTPN1,GRHL3,PXN,RAC2,RAP1GDS1,RASA1,TRPV4,BCL2,TRIM27,BCL6,BCR,S100A10,MYO1G,PARVG,WIPF3,INF2,MICAL1,PHACTR4,SPTA1,SPTBN1,SRC,BRAF,SVIL,TGFBR1,TLN1,TNXB,TPM3,TPM4,TRPM2,TTN,CLRN1,WIPF1,FMNL1,ALMS1,SH3D21,MYH14,CALD1,BAIAP2L2,CSRP3,ACTN4,CALR,CYRIA,DIAPH3,CAPG,CAPN3,CAPZB,AIF1L,DTNBP1,SETD3,NCK2,SPIRE2,CUL3,MYPN,CDC42BPA,GPR65,CGNL1,PPFIA1,GAS7,STRIP1,SSH2,TCAP,ACTN1,IQGAP1,NRP1,CFLAR,FGD3,PHLDB2,SEMA5A,PSTPIP1,STARD13,CARMIL3,FMNL3,LATS1,PDLIM1,MYOM2,MYLK3,SPECC1,PDLIM7,ITGB1BP1,S1PR2,CPNE6,ARHGAP18,NHERF1,PICK1,CDC42BPB,ARHGEF10,MICAL2,PPM1F,NOS1AP,PHACTR2,MTSS1,ZEB2,ELMO1,FARP2,FCHSD2,IQSEC1,ARHGAP25,WDR1","Sputum_Mixed granulocytic"
"BP","Golgi vesicle budding",10,8,0.00216438915101611,0.170776316207257,"TMED2,TMED10,ARFGAP3,MYO18A,GOLPH3L,PRKCI,GOLPH3,GBF1","Sputum_Mixed granulocytic"
"BP","cellular response to insulin stimulus",206,87,0.00217799293604852,0.171255057019954,"BAIAP2,NCOA2,SORBS1,RAB10,RAB31,OSBPL8,SLC22A12,AP3S1,PARP1,SESN3,AKT1,AKT2,FER,FOXO1,LPIN1,KANK1,CYFIP1,SIK2,RHOQ,MTOR,FUT7,GAB1,SNX5,GCLC,GNAI2,GPLD1,GPR21,FFAR3,GRB10,GSK3B,IDE,IGF1R,C1QTNF12,MIR195,MYO1C,MYO5A,NCK1,ZBTB7B,PCK2,PDE3B,PDK4,PDPK1,INPP5K,PIK3R1,PIP4K2A,PKLR,PKM,PPARG,PID1,PHIP,APPL2,ZDHHC7,DENND4C,PRKCB,PRKCI,PRKCZ,PRKDC,MAPK1,PTPN1,PTPN11,PTPRA,PTPRE,RAF1,RB1,RPE65,CEACAM1,ZNF106,SLC2A4,SMARCC1,SORL1,SOS1,SRC,SREBF1,ZFP36L1,YWHAG,PNPLA3,CSRP3,BCAR3,SLC25A33,GPT2,NCOA1,CFLAR,KAT2B,ZNF592,LPIN2,HDAC9,C2CD5,TBC1D4,NR1H4","Sputum_Mixed granulocytic"
"BP","cellular response to cytokine stimulus",845,265,0.00219205070623895,0.171766069822669,"TANK,IFNL4,ADAR,CCL26,PIAS3,CXCR6,GIPC1,TRAF3IP2,KDM5B,CCR9,LILRB1,LILRB4,PRDM5,CORO1A,IRAK3,PDCD10,PADI2,VPS26B,CHUK,C1QTNF4,GBP5,IL22RA2,RFFL,CCR1,CCR4,CMKLR1,CNTFR,IL17RE,IL31RA,CREB1,CRHBP,SIRPA,MAPK14,CSF1R,CSF3R,CSNK2B,CTBP2,RC3H1,COMMD7,CTSG,CX3CR1,CYLD,CYP1B1,DAPK1,UBXN2A,ABCA1,HIPK1,AKT1,ALAD,EXT1,FABP4,ACSL1,PTK2B,FASN,FER,MTF2,CARD8,SBNO2,LRCH1,FLNB,PLCB1,FOS,CDC42EP4,IL17RA,NR5A2,ACKR1,YTHDF3,SAMHD1,LDLRAP1,STAP1,GATA3,KAT2A,PCOLCE2,GFI1,FOXP1,TNFRSF21,STK39,GPD1,GPR17,NKIRAS1,RUFY4,GPR35,TBK1,GSK3B,GSN,SNX10,HCK,HCLS1,HIF1A,HK2,HNRNPU,ICAM1,IRF8,STING1,IFNAR2,IFNG,IFNGR2,TICAM2,FAS,IL1A,IL1R1,IL1RAP,IL6R,IL7R,IL15,IL15RA,INHBA,IRAK2,IRF7,JAK1,JAK3,JARID2,KIF5B,ARG1,KRT8,CCL4L1,LEPR,LIMS1,LSP1,LYN,MIR21,SMAD7,MCM2,MAP3K5,MME,MMP2,MMP8,MPL,RHEX,MX1,MYO1C,NFATC1,NFIL3,NFKB1,NOTCH1,OSM,P4HB,IL21R,PRKN,PCK2,LEF1,PDE2A,PDGFB,ACKR4,INPP5K,PFKP,PHB1,PLP2,PML,TOLLIP,RBM47,PPARG,PPBP,BSPRY,WBP1L,PARP16,PID1,APPL2,RAB20,PRKACA,MYNN,ERBIN,MAPK1,MAPK13,TEX14,PRLR,SPPL2B,MIR520C,WDR35,PTPN1,PTPN11,PTPRC,PTPRJ,CACTIN,RAD23B,RAF1,RARG,UPF1,RFX2,ROBO1,RORA,RPL3,RPS3,CEACAM1,CCL3,CCL13,CCL18,CCL22,IFIH1,SRSF7,WNK1,SLC2A4,SLIT3,SOS1,SP100,SPI1,SRC,ZFP36L1,STAT3,STAT5B,SYK,ADAM17,TCF7,THBS1,TLE4,TNFAIP3,TNFRSF1A,TNFRSF1B,TPR,TRAF1,TRAF2,TRAF3,TRAF5,TRAF6,CCR2,TNFRSF4,TXK,ACOD1,UGCG,VIM,VRK2,XRCC5,ZFP36,LAPTM5,PXDN,CACNB4,CARD14,ADIPOR2,CALM1,ACTN4,ZBP1,DCSTAMP,ADAMTS12,CASP1,PLVAP,CCDC3,ULK1,ARID5B,NLRC5,IL1F10,CAV1,OASL,FADD,TNFRSF11A,IL18RAP,IL1RL2,IL18R1,NRP2,CPNE1,RPS6KA4,TNFSF18,OTULIN,CCRL2,USP10,RNF185,SYNGR1,IL1RL1,MYLK3,NUMBL,MAPKAPK2,AIM2,AKAP6,STX8,EEF1E1,AKAP12,CD44,CTR9,CD58,ST18,RIPOR2,HDAC4,BCLAF1,GFPT2,NR1H4","Sputum_Mixed granulocytic"
"BP","negative regulation of inflammatory response",201,69,0.00221989905870274,0.173350468075468,"ADA,DUSP10,NLRP3,C1QTNF3,IL22RA2,ADORA2A,SIRPA,MAPK14,CYLD,CYP19A1,AHR,NLRC3,ELANE,FGR,ALOX5,FYN,GATA3,GPR17,METRNL,CXCL17,GRN,GIT1,HCK,HLA-DRB1,AOAH,IL10,C1QTNF12,LDLR,LYN,MIR141,MIR145,MIR195,MIR19A,MIR19B1,MIR20A,MIR92A1,SMAD3,MEFV,NFKB1,FURIN,REG3A,PLCG1,ACP5,PPARA,PPARD,PPARG,ASH1L,PSMA1,SLAMF8,PTPRC,RB1,RORA,BCR,NOD2,SOD1,SPN,SRC,STAT3,SYK,TEK,TNFAIP3,TNFAIP6,TNFRSF1A,TNFRSF1B,ACOD1,ZFP36,RHBDF2,NLRX1,NDFIP1,FXR1,CST7,PGLYRP1,OTULIN,MFHAS1,NR1H4","Sputum_Mixed granulocytic"
"CC","azurophil granule membrane",57,26,0.00230675897756185,0.17951640755519,"ATP8A1,CEACAM8,CKAP4,NFAM1,ABCA13,STOM,GAA,B4GALT1,RAB37,LAMP1,RAB44,CEACAM6,CMTM6,PRCP,AZU1,PSAP,RAP1B,SURF4,C3AR1,LPCAT1,DNAJC5,VNN1,CPNE1,SYNGR1,VAPA,CD68","Sputum_Mixed granulocytic"
"MF","transferase activity",2225,734,0.00232033638419918,0.179660948641033,"AKT3,SBK3,C8orf44-SGK3,CERT1,UST,TRIM10,SGK2,HIPK3,TNK2,TRIM13,CDK6,GPHN,PAK4,LANCL1,PCGF3,CDS1,PEMT,PIAS3,PRMT5,TESK2,ARIH2,MERTK,TRIM38,UBE2E3,KAT5,POLR3C,TRIM16,PMVK,POLD3,MAP3K2,TRAF3IP2,NEK6,SRCAP,MALT1,PAPOLA,FASTK,ILVBL,TLK2,LIAS,RIPK3,TENT4A,WWP2,PRDM5,CIT,PLAAT3,CHKA,IRAK3,GALNT6,MGAT4B,TP53RK,MGAT4A,RNF13,TRIM9,CHUK,ESCO1,GALNT13,SMYD4,MARCHF3,PCMTD1,UHRF2,RNF166,MOGAT1,ART5,PLAAT5,FTSJ3,GALNT15,IP6K3,RFFL,GSTO2,MTFMT,PLA2G4E,GGT6,RNF19B,MBOAT2,UBR3,COMT,ADK,COX10,CPT1A,CPT1B,TMEM68,GPAT4,HGSNAT,CARNMT1,MYO3B,NEK7,GCNT7,UBE2F,TRPM6,STK35,PARP1,ACSM6,PARP4,CS,MAPK14,HECTD2,CSF1R,GLT1D1,CSK,FBXL14,CSNK1E,CSNK2B,TTBK2,MGAT5B,B3GNTL1,PIK3R6,DPY19L3,RC3H1,PDIK1L,AANAT,METTL21A,UPP2,MB21D2,XXYLT1,RNF38,RNF145,MBOAT1,RNF217,BMT2,GRK2,GRK3,PRAG1,AWAT2,TMTC2,DGKG,DGKH,DGKQ,DAPK1,PARP15,SGMS2,FUT11,DGUOK,DLAT,DLG1,DLG2,DLST,AGL,DNMT3A,ABAT,DYRK1A,EGFR,METTL21C,UBR1,NSMCE1,ALG14,IBA57,MARK2,STT3B,PRIMPOL,AK2,EPHA1,CERS3,HIPK1,EPHB3,EPHB6,TRIML2,AKT1,AKT2,ERN1,ALAS1,MECOM,EXT1,EXT2,EZH1,EZH2,PTK2B,FASN,MARCHF8,PRPS1L1,FDFT1,ZNRF2,FER,MAPK15,FGFR2,FGR,FHIT,RNF44,AAK1,LMTK2,CHSY1,CILK1,SEPHS1,NT5C2,STK38L,MAST3,TNIK,SETD1B,CMTR1,HECW1,MYCBP2,TRIM35,COLGALT2,MAST2,PASK,FLT1,DTX4,SIK2,MGRN1,TUT4,NEDD4L,DPY19L1,JADE2,UBR4,SIK3,PIP5K1C,FNTB,QPRT,KAT6B,PIGN,PDSS1,DAPK2,MKRN1,PLA2G15,SGK3,PRKD3,ALK,ALOX5AP,MTOR,ABL1,FUT4,FUT7,FUT8,FYN,CERS6,G6PC1,ZDHHC20,RNF144B,PAN3,ST6GALNAC3,DSTYK,QPCT,HECTD1,POLR1A,RNF19A,RCHY1,GALNT2,GALNT3,SGMS1,TIPARP,NSUN5P2,SETBP1,LTN1,GARS1,FBXL6,FBXL5,FBXO22,AK5,GBE1,KAT2A,GCNT1,GCNT2,LATS2,AMFR,GGT1,B4GALT1,ABL2,TPK1,COQ2,SULT1B1,CRCP,STK39,GOT2,STK32C,B4GALNT3,HECTD4,KSR2,SIAH3,FBXL22,RNF149,EPHA6,NSMCE2,GRK4,GRK5,GRK6,HIPK2,SETD2,TBK1,UHRF1,GSK3B,GSTA3,GSTM1,GSTM4,GSTZ1,ZDHHC1,GUCY2C,GYG1,NME7,HADHA,HADH,HCK,HEXA,HEXB,ST6GALNAC6,PIK3R4,HK1,HK2,HMBS,HMGCS1,HNMT,NDST1,MYLK4,SH3RF3,IGF1R,IGF2R,IRAK2,ITPK1,ITPKB,JAK1,JAK3,JARID2,TRIM23,KARS1,B3GNT8,MAST4,PTAR1,GLYATL3,SULT6B1,LCK,LFNG,LIMK1,LIMK2,LMO7,LTBP1,LYN,MARK3,ART3,MDM4,ART4,MEFV,MAP3K1,MAP3K5,MGAT3,MGAT5,MGMT,CIITA,MID1,KMT2A,EIF2AK4,GALNTL6,MTAP,MYLK,NEDD4,NEK2,NEK3,NFX1,NNMT,OAT,OXCT1,MINK1,CHST11,GALNT9,PAK2,PRKN,TNNI3K,TRNT1,METTL9,A4GNT,HERC5,CRIM1,MARCHF2,CDK17,PCYT1A,ZDHHC3,TAOK3,CHST15,UBR5,PRKAG2,NAT8B,DTL,SCLY,HDAC7,CDK5RAP1,PDK4,ASB4,ASB2,PDPK1,NLK,MAP3K20,COQ3,GALNT7,PFKFB1,PFKFB2,PFKFB3,PFKFB4,PFKP,CDK14,PGGT1B,PHKA1,PHKG2,PIK3C2B,PIK3C2G,PIK3C3,PIK3CB,PIK3CG,PIK3R1,PI4KA,PI4KB,PIP4K2A,PKLR,PKM,PLA2G4A,PML,TRIM34,POLE3,POLE,POLR2C,POLR2E,ANKIB1,RNF216,PRMT7,CRLS1,CROT,BSPRY,TENT5C,BCOR,NSUN2,RNF43,CDKAL1,NSD3,TMEM260,PARP16,PLAAT2,ACSM5,MARCHF1,ZDHHC4,MSL2,MRM3,RNF220,NAT10,FGGY,UBE2W,RNF121,AGPAT5,STK32B,PI4K2A,CHST12,GALNT10,NAGK,TENT5A,ZDHHC7,PRKAA2,PRKACA,SCYL2,UGGT2,PRKCA,PRKCB,CSGALNACT1,PRKCE,RNF130,PRKCH,PRKCI,ASH1L,PRKCZ,PRKDC,MAPK1,MAPK6,MAPK8,MAPK10,MAPK13,MAP2K1,MAP2K2,MAP2K5,TEX14,MEPCE,PRPSAP1,TRIM39,SPHK2,AGPAT3,AGPAT4,SMYD2,PRDM11,PARP11,PNPLA2,PDSS2,CAMK1D,SMURF1,PELI2,PELI1,ZMIZ1,BIRC6,GALNT16,PTK2,RNF150,HECW2,PTK6,MIB1,ALPK3,KLHL42,TRMT9B,VPS18,SH3RF1,RNF213,GPAM,MARK4,PEX2,PYGL,BCAT1,MAP4K2,MOK,RAF1,TRIM27,ELOVL5,BCR,RPS6KA1,RPS6KA2,SCP2,CCL3,UBE2O,PCIF1,PRDM16,RBKS,XYLT1,MAP2K4,IRF2BPL,COP1,SGK1,UNKL,SMYD3,PARP12,MEAF6,SIAH1,SIAH2,CERK,ST6GAL1,ST3GAL1,ST3GAL2,MARCHF7,ST3GAL3,CASD1,WNK1,NADK,BMPR1B,BMPR2,UAP1,SRC,BRAF,SRPK1,STK3,STK4,CDKL5,STK10,SULT1A1,SULT2B1,SYK,TAF10,TARBP1,TAFAZZIN,TEC,TEK,TERF2,TGFBR1,TGFBR2,TGFBR3,TGM2,TIE1,TK2,TNFAIP3,TOP1,TRAF2,TRAF3,TRAF6,TRIO,TTN,GXYLT2,METTL24,CDK11A,TXK,TYMS,CRPPA,UBA7,UBE2D3,UBE2E1,UBE2H,UBE2L3,UGCG,UCK2,UPP1,VRK2,NSD2,TRIM26,PRDM2,RNF103,MAPKAPK3,ST8SIA4,METTL16,FTO,ELOVL6,METTL22,MBOAT7,FKRP,GNPTAB,GALNT14,PANK3,TUT7,ZDHHC14,GALNT12,LRRK1,SUGCT,ALG9,EHMT1,CAMKMT,METTL8,NAA40,PEAK1,NEK11,DCAKD,LPCAT1,NAA60,KAT6A,ATAT1,ELOVL7,NAA15,MOGAT2,ALPK1,NAA50,PNPLA3,RNF39,PTDSS2,TRIM11,TRMT1L,CAMK2D,CAMK2G,ADPGK,CHST9,ZMIZ2,SELENOO,ATG10,ITCH,KCTD10,STK40,PIP5K1B,B3GNT5,ULK1,ZNRF3,KAT8,SETD3,TRAF7,ZDHHC18,STK24,RNF135,SOAT2,CARD11,DOT1L,SYVN1,CUL3,TPST2,TPST1,TTBK1,DGAT2,GPT2,LNX1,CDC42BPA,TMTC4,MAP4K3,ALG10,ZNRF1,PIGY,PHYKPL,DGKZ,DGKE,DGKD,MYLK2,AGPS,CASK,STK16,CDK13,NCOA1,TNKS,B4GALT4,B4GALT2,CDS2,DYRK4,CDKL1,NRP2,NRP1,KSR1,KAT2B,STK19,MCM3AP,PRPF4B,TRIM4,HERC3,HERC2,HERC1,BTRC,CCND3,PLOD3,RPS6KA4,TRIM15,KALRN,RSPRY1,ACVR1,NAT8,BAZ1B,UBA3,PAPSS2,PAPSS1,ZNF598,LATS1,RNF185,PKDCC,LONRF1,MAP3K13,MYLK3,DCLK1,LARGE1,GCNT3,UBE2L6,MAPKAPK2,STK17B,B3GNT7,NEURL3,TRIP12,B4GALT6,TGM5,B4GALT5,NMT2,ACVRL1,MED21,TJP2,MED27,GSTO1,MAP4K4,EIF2AK3,CHST3,ATG5,PGS1,SPTLC2,CD38,CLOCK,CDC42BPB,RNF7,AATK,UBE3C,SETD1A,HDAC4,RNF144A,PTDSS1,RNF40,MELK,CDK11B,PJA2,TLK1,KLHL21,RNF10,XYLB,GFPT2,HS3ST3B1","Sputum_Mixed granulocytic"
"BP","regulation of translation in response to endoplasmic reticulum stress",12,9,0.00232442874936031,0.179660948641033,"TMED2,EIF2S1,EIF4G1,EIF2AK4,NCK1,DNAJC3,SESN2,NCK2,EIF2AK3","Sputum_Mixed granulocytic"
"BP","cellular response to peptide hormone stimulus",309,124,0.00239625824262081,0.184584990865476,"BAIAP2,NCOA2,SORBS1,RAB10,RAB31,OSBPL8,SLC22A12,AP3S1,CRHBP,CRHR1,PARP1,SESN3,CSK,CYP1B1,AGTR1,AKT1,AKT2,FER,FOXO1,LPIN1,KANK1,CYFIP1,SIK2,PLCB1,RHOQ,LEPROTL1,FOS,MTOR,FUT7,GAB1,GCG,SNX5,GCLC,GNAI2,GNRHR,GPLD1,GPR21,FFAR3,GRB10,GSK3B,IDE,IGF1R,INHBA,JAK1,JAK3,C1QTNF12,LYN,MIR143,MIR145,MIR195,MAX,MYO1C,MYO5A,NCK1,NFKB1,NR4A2,ZBTB7B,PCK2,PDE3B,PDK4,PDPK1,INPP5K,PIK3R1,PIP4K2A,PKLR,PKM,GPR173,PPARG,LEPROT,PID1,PHIP,APPL2,PPP3CA,ZDHHC7,PRKACA,DENND4C,PRKAR1A,PRKCA,PRKCB,PRKCI,PRKCZ,PRKDC,MAPK1,AGTRAP,PTK2,ARID1B,PTPN1,PTPN11,PTPRA,PTPRE,PXN,RAF1,RAP1GDS1,RB1,RPE65,SCNN1A,CEACAM1,ZNF106,SLC2A4,SMARCC1,SORL1,SOS1,SRC,SREBF1,ZFP36L1,STAT3,STAT5B,TSHR,YWHAG,CA2,NR4A3,PNPLA3,CSRP3,BCAR3,SLC25A33,GPT2,CAV1,NCOA1,SOCS2,CFLAR,KAT2B,UMODL1,ZNF592,LPIN2,HDAC9,C2CD5,TBC1D4,NR1H4","Sputum_Mixed granulocytic"
"BP","carboxylic acid metabolic process",940,298,0.00242434086897845,0.186117303738737,"ACOT8,FARSB,UST,AASS,SLC25A13,SLC25A17,MTHFS,ERLIN1,CES1,FARS2,ME3,ACOT2,ILVBL,LIAS,ABHD2,HIBADH,SLC2A6,HOGA1,MGAT4A,SLC46A1,ACOT7,MGLL,OSBPL1A,OSBPL9,THEM4,GSTO2,EARS2,GGT6,PRXL2B,UROC1,CPA1,CPT1A,CPT1B,GPAT4,CARNMT1,ACSM6,CS,MAPK14,PM20D1,CTNS,CYP1B1,CYP3A7,RDH10,ADSS2,CYP27A1,AARS1,DARS1,ECI1,DHFR,DIO1,DLAT,DLST,ABAT,EHHADH,ACSF3,HACD2,ENO1,AKT1,AKT2,ETFA,ETFDH,FABP5,ACSL1,FAH,FARSA,FASN,FOXK1,DAGLB,ALDH3A2,FH,MORC2,SEPHS1,AKR1B1,LPIN1,ACSL6,UBR4,LARS2,MLYCD,QPRT,DDAH2,DDAH1,AMACR,PLA2G15,ALOX5,ALOX5AP,ALOX12B,MTOR,NR5A2,SERINC5,MTHFD1L,PNKD,ACOT11,OSBPL3,ABHD12,ZBTB20,GARS1,PHGDH,HIBCH,NUPR1,GGT1,GGTA1,ACAD8,GCLC,GOT2,GPD1,PLA2G4D,NUDT7,GPX4,GIT1,GSTM1,GSTM4,GSTZ1,PYCR2,DSE,ANXA1,HADHA,HADH,HAL,HDC,HEXA,HEXB,HIF1A,HK1,HK2,ACACA,AOAH,HMGCL,HNMT,HPD,IARS1,GADL1,ACADM,MALRD1,IDH2,IDH3B,IFNG,APP,FOXK2,IREB2,KARS1,ARG1,LDHA,LIPC,LPL,LTA4H,MIR185,MIR21,MARS1,MDH2,ART4,ALDH6A1,ABCC1,ASPA,MSRA,MTAP,MTRR,MMUT,ACO1,NOS3,NPC1,ATP2B4,OAT,OGDH,P2RX7,PNPLA8,PC,PCBD1,PCCA,ACOX1,AMDHD2,PCK2,CRYL1,HSD17B12,PIPOX,AIG1,PRKAG2,SCLY,PDK4,UPB1,PEPD,PEX7,ATP8B1,PFKFB1,PFKFB2,PFKP,PGAM2,PKLR,PKM,PLA2G4A,PLOD2,PON3,PPARA,PPARD,CROT,PPARG,AUH,ACSM5,APPL2,THNSL2,QRSL1,ACOXL,CHST12,ENOSF1,NAGK,PRKAA2,PRKACA,PRKAR2B,CSGALNACT1,PRKCE,ACSS2,MCCC1,SDHAF3,PTGS2,RIMKLB,RPTOR,GPAM,PEX2,PEX5,BCAT1,BCKDHA,SCPEP1,ALOXE3,ELOVL5,CEACAM1,SCP2,SDHA,KLHL25,ST6GAL1,ST3GAL1,SLC2A1,SLC34A1,AACS,SNCA,SRD5A2,SREBF1,STAT3,SYK,BTD,TBXAS1,TDO2,TNFRSF1A,TNXB,D2HGDH,TYRP1,UCP3,VDAC1,WARS1,DAGLA,ELOVL6,ADIPOR2,NARS2,ELOVL7,NR4A3,ACSF2,HSD3B7,PNPLA3,ACAD10,NPL,SLC25A32,SLC38A1,ACOX2,CARS1,CASP1,ADPGK,SESN2,BCO2,ACAD11,ACSS1,GPT2,ADTRP,CBR4,MFSD2A,DDO,SLC45A3,DEGS1,YARS1,CAV1,SLC25A12,CBFA2T3,AKR1C3,ALDH4A1,SLC4A4,CBS,SUCLG2,DCAF5,GMPS,KAT2B,VNN1,SLC5A6,KYNU,PLOD3,SLC25A21,SLC7A7,SLC16A3,MAPKAPK2,PLAA,FADS2,GSTO1,CD36,TECR,LPIN2,HDAC4,XYLB,GFPT2,SLC23A2,NR1H4","Sputum_Mixed granulocytic"
"BP","O-glycan processing",43,23,0.00249875431581314,0.191184151759386,"GALNT6,GALNT13,GALNT15,XXYLT1,GALNT2,GALNT3,GCNT1,B3GNT8,GALNT9,A4GNT,GALNT7,GALNT10,ST6GAL1,ST3GAL1,ST3GAL2,ST3GAL3,GXYLT2,GALNT14,GALNT12,B3GNT5,GCNT3,B3GNT7,B4GALT5","Sputum_Mixed granulocytic"
"BP","regulation of catabolic process",1079,358,0.00254301425334797,0.193297200367858,"DNM1L,DNM3OS,TRIM13,NOD1,RACK1,ARIH2,TRIM38,KAT5,ATG7,IGF2BP2,CELF1,GIPC1,TRAF3IP2,USP20,FASTK,KCNQ1OT1,TLK2,TENT4A,DEPP1,FAF1,SLC2A6,PKP3,IRAK3,VPS26B,CIDEA,CIRBP,AGAP2,CLU,ZC3H18,RNF19B,DRAM2,DIS3L2,UBR3,CPT1A,MAPK14,SESN3,CSNK1E,ADRA1A,RC3H1,COMMD1,SH3D19,RNF217,DAB2,DAP,DAPK1,DAZL,DCN,UBXN2A,DFFB,DHX36,DXO,EGF,EGFR,EIF4G1,ABCA2,CTTN,C9orf72,AKT1,ERCC4,AKT2,ERN1,ALAD,PTK2B,CCNY,TPCN2,FOXK1,DAGLB,MAPK15,FHIT,ATF6,RAB3GAP1,STK38L,CNOT1,SAMD4A,MYCBP2,FOXO1,TNRC6B,TAB2,LARP4B,EXOC7,CLEC16A,AGTPBP1,TUT4,NEDD4L,LARP1,PUM2,MLYCD,RYBP,SF3B3,NNT,ATP6V0A2,DAPK2,SH3BP4,ALK,ATP6V1C2,CNOT6L,MTOR,ABL1,FYN,YTHDF3,RNF144B,PAN3,SNX33,HECTD1,RNF19A,RCHY1,TIPARP,GGA1,ZBTB20,FBXL5,FBXO22,NUPR1,ABL2,LAMP3,SNX5,AGO2,DISC1,SESN1,GCLC,TNRC6A,SGSM3,GNA12,GNAI3,GPD1,GPLD1,RUFY4,TRIB2,DCPS,GIT1,HIPK2,SETD2,TBK1,GRSF1,GSK3B,USP25,ANXA2,HTT,PIK3R4,HIF1A,HMGCR,HNRNPAB,HNRNPD,HNRNPU,STING1,IDE,SH3RF3,IFNG,APP,IL10,FOXK2,IREB2,ITGB1,ITPR1,TRIM23,MTCL3,LDLR,LEPR,SNX30,LRP1,LRP2,MIRLET7B,MIR140,MIR145,MIR18A,MIR185,MIR192,MIR195,MIR20A,MIR21,MIR214,MIR302A,SMAD3,SMAD7,MCL1,MDM4,MEFV,MGAT3,ATXN3,TRIM67,MIR302C,NEDD4,CNOT2,NPC1,NRDC,ATP2B4,P2RX7,FURIN,PRKN,PARN,SH3GLB1,PHF20L1,VPS28,MARCHF2,WAC,FZR1,ATP6V1D,PDE3B,PRKAG2,DTL,NBAS,ATP6V1H,NUB1,SUFU,PFKFB1,PHB1,ATP6V1B2,PHKG2,ATP6V1C1,PIK3C3,PIK3CB,PIK3CG,PIP4K2A,ATP6V0B,TPCN1,PML,TRIM34,TLR9,ANKIB1,RBM47,EGLN1,PPARA,CTSA,TENT5C,NSUN2,BANP,PPP1CA,NRDE2,WIPI1,VPS13D,FBXW7,DRAM1,LAPTM4B,TENT5A,ZDHHC7,AMBRA1,PRKAA2,PRKACA,PRKCA,DCP1A,PRKCE,MAPK8,PSAP,TRIM39,FMN2,RGMA,PSMD1,PSMD3,PNPLA2,SMURF1,PTEN,MIR497,MIR520C,PTK2,CNOT6,RPTOR,TBC1D14,ELAPOR1,RIC1,USP36,SH3RF1,QSOX1,TNRC6C,PTPN1,PTPN3,RRAGD,RAD23B,RALB,BCL2,UPF1,TRIM27,RHEB,EXOC4,VSIR,NOD2,COP1,SGTA,CRTC3,DEPTOR,MARCHF7,UPF3A,WNK1,SLC11A1,SMARCC1,MTMR9,SNCA,SORL1,SREBF1,SREBF2,ZFP36L1,STAT3,TSPO,THRA,TIMP2,TIMP3,GPR137B,TNFAIP3,TNFRSF1B,TRAF2,TRAF5,UVRAG,VDAC1,VIM,WFS1,ZFP36,LAPTM5,CSDE1,USP7,RAB7A,SECISBP2,METTL16,FTO,BAG6,FYCO1,PPP1R3B,TUT7,LPCAT1,PRR5L,PSME3IP1,CDK5RAP3,ZKSCAN3,NDFIP1,FXR1,SLC7A5,CAPN1,AXIN1,SESN2,ITCH,ULK1,KAT8,TRAF7,CUL3,KLHL22,AGBL4,MFSD2A,NKD1,CAV1,CBFA2T3,SLC4A4,BECN1,TNFSF12,ADAM9,PABPC4,KAT2B,MTMR3,MTMR2,HERC1,BTRC,USP13,ATP6V0E1,ANGEL2,USP10,USP8,LATS1,RNF185,MAPKAPK2,ORMDL3,ATG5,PSMF1,SCARB2,SPTLC2,TMEM59,GTPBP1,FEZ2,DEPDC5,N4BP1,VGLL4,PUM1,CD81,HDAC4,ATG13,RNF144A,RB1CC1,THRAP3,CDH1","Sputum_Mixed granulocytic"
"BP","negative regulation of lymphocyte proliferation",87,36,0.00255031584304075,0.193297200367858,"TSPAN32,BTN2A2,GPNMB,LILRB1,LILRB4,RC3H1,CTLA4,DLG1,TMEM131L,SCRIB,LRRC32,TNFRSF21,CD274,HLA-DRB1,IL10,INPP5D,ARG1,LYN,MIR185,PAWR,ZBTB7B,PRKAR1A,CRTAM,PELI1,VSIR,SFTPD,MARCHF7,LGALS9C,SPN,NDFIP1,RASSF5,ITCH,MAD1L1,HAVCR2,CD80,CD86","Sputum_Mixed granulocytic"
"BP","multicellular organismal-level homeostasis",809,285,0.00255232990533497,0.193297200367858,"ADA,AKT3,BCL2L11,TRIM10,CDK6,ADAR,IKZF1,PEMT,MERTK,ZNHIT1,IGF2BP2,TRAF3IP2,NMU,RIPK3,CORO1A,FSTL1,MRAP2,PRR4,BTBD9,CIDEA,OMA1,CLCN3,TPP1,SLC15A4,CCR4,CMKLR1,ZG16B,COL3A1,DRAM2,COMP,OCIAD2,PPARGC1B,MAPK14,CSF1R,PIWIL4,CSK,RDH12,PM20D1,RC3H1,CTNS,HSCB,CTSH,CX3CR1,CXADR,VPS13B,ZFPM1,TMEM64,DIO2,DMD,DYNC1H1,ABAT,GPR183,VSTM4,EIF4G1,EMX1,GAPT,EPAS1,AKT1,ERCC6,ABCA3,ALAS1,ETS1,ALB,EXT1,EXT2,EZH2,FABP4,FABP5,FANCC,ACSL1,PTK2B,FECH,FH,WDR37,FOXO1,ZNF423,AKR1B1,KDM6B,NCDN,LPIN1,PASK,RCOR1,PLCL2,ABCB10,TSPAN12,ALK,ABCA4,ALPL,ABL1,WWTR1,DHRS7B,ACOT11,ABCA12,NPHP4,FBXL5,GATA3,GCNT2,LAT,AMPD2,STK39,KSR2,METRNL,SIGLEC15,NKIRAS1,CCDC66,GRB10,HIPK2,SNX10,ANXA1,HADH,HCLS1,HIF1A,ACACA,APBB2,IGF1R,RBPJ,FAS,IL1A,IL7R,IL15,INHBA,INPP5D,IREB2,IRF4,ITGB1,ITPKB,JAK3,KCNQ1,GFRAL,LAMA2,LAMA4,LCN2,LEPR,LNPEP,LTF,LYN,MIR17HG,MB,MBP,MEF2C,KMT2A,MPL,RHEX,MUC2,MUC4,MYB,NEO1,NF1,NFIB,NOS3,NOTCH1,NRDC,P2RX4,P2RX7,NOX3,PRDX1,ZBTB7B,BPIFA1,PLAC8,PDE4B,VPS54,KLF13,PDK4,EMCN,INPP5K,PIK3CB,PKNOX1,PLCL1,ACP5,TLR9,SEPTIN4,SASH3,PPARD,DEF8,NCAPG2,MKS1,OCIAD1,PPP2R1A,APPL2,LGR4,PRCP,DOCK10,PRKAA2,LYAR,PRKACA,INAVA,PRKCA,PRKDC,PDGFC,ANKH,PRLR,PTGER3,PTGS2,PTH2R,GPAM,PTPN11,TP53INP2,OPRPN,RAC2,RB1,TRPV4,RBP4,BCL2,RHEB,BCL6,RPE65,BCR,SCNN1A,PRDM16,CDH23,NOD2,SFTPD,CRTC3,SLC2A1,SLC11A1,SLC12A3,SMARCA4,SOD1,SORL1,SOS1,SPI1,SPTA1,SRC,ZFP36L1,STAT3,STAT5B,SYK,ADAM17,TGFBR3,THRA,GPR137B,TNFAIP3,TRAF6,TRPM2,TSHR,TULP1,CCR2,CLRN1,VCL,WFS1,ZFP36,ALMS1,TUBA1A,RAB7A,FTO,ELOVL6,ADIPOR2,LRRK1,TBL1XR1,EHMT1,UBA5,LPCAT1,CYBRD1,NR4A3,CDK5RAP3,CUBN,MPIG6B,DCSTAMP,PICALM,CRISPLD1,ADGRV1,SGIP1,CARD11,MFSD2A,UBASH3B,CAV1,FADD,TNFRSF11A,IL18R1,CFLAR,HDAC3,PROM1,LDB1,ZNF251,CCNB2,MFHAS1,SFXN1,SFXN5,RP1L1,TJP2,AIM2,RASAL2,CHST3,CD34,CD36,CD38,IQCB1,ZNF516,ZEB2,PLEKHM1,UBAP2L,PTBP3","Sputum_Mixed granulocytic"
"BP","reactive oxygen species metabolic process",231,84,0.0025693285902222,0.193297200367858,"TRAP1,RIPK3,CLCN3,PXDNL,MAPK14,CTNS,CYP1B1,DHFR,AGTR1,FANCC,PTK2B,FOXO1,SIRT5,NNT,ALOX5,FYN,PRDX5,GCH1,SESN1,GNAI2,SH3PXD2B,HIF1A,HK2,ITGAM,ITGB2,LPO,MIR21,MPO,NCF2,NCF4,NOS3,P2RX7,NOX3,PRDX1,PRKN,PAX2,ACOX1,PDGFB,PDK4,PLCG2,ACP5,PON3,PPARA,PID1,PRCP,INAVA,SPHK2,CD177,PREX1,RAB27A,RAC2,BCL2,BCR,SFTPD,CLEC7A,SLC5A3,NCF1C,BMP7,SLC18A2,SNCA,SOD1,SYK,TGFB1,TGFBR2,THBS1,TSPO,TPO,ACOD1,VDAC1,PXDN,NOX5,SESN2,BCO2,IMMP2L,SLC25A33,HVCN1,CAT,AKR1C3,BECN1,GBF1,CBS,CFLAR,ATG5,CD36,SH3PXD2A","Sputum_Mixed granulocytic"
"CC","membrane",9125,2692,0.00258116923893896,0.193297200367858,"A1BG,ADA,AKT3,KCNE3,TRAPPC3L,PDCD6,BCL2L11,CDH4,PIGK,TIMM23,RANBP9,DNAJB6,SLC17A4,CEBPZOS,SLFN12L,KLRC4-KLRK1,FARSB,ABCC5,ABCB6,DNM1L,ABCC9,TIMM23B,MUC12,TSPAN32,ATP9A,GPC6,CERT1,UST,PYURF,RAD50,HIPK3,RASGRP1,DNAL4,TRAP1,AKAP9,CDH17,PLXNC1,CDH18,FARP1,LPAR6,WASF2,SLC25A13,LHFPL2,TNK2,ADAM10,CALCRL,NUTF2,TRIM13,PATJ,CD96,MFSD10,STX6,SLC35B1,AP3S2,KCNMB2,GPHN,ABCC4,IGSF6,RAMP1,RAMP3,BET1,ADAR,EMC8,IRAG1,ABCA10,ABCA9,MICU1,BTN2A2,NOD1,DLC1,ATP8A1,NDRG1,RACK1,CDS1,PEMT,BASP1,RAPGEF3,TUBGCP3,VAV3,TAB1,GPNMB,BAIAP2,MERTK,COG5,SLC25A17,CAP2,LRRC41,VAT1,ENOX2,UNC13B,SEMA6B,SEMA4D,SEMA4B,DDX17,IPO7,CEBPE,DCTN2,OLFM4,ARFGEF1,SORBS1,CDC42EP3,ERLIN1,STAMBP,TRIM16,RGS14,MTX2,PMVK,CELF1,CXCR6,TSBP1,CLDN16,SLC12A7,GIPC1,TRAF3IP2,NUP50,HBS1L,SLC17A3,NCKAP1,IQGAP2,ADCY2,CCR9,STARD10,CPLX2,FRS2,CEACAM3,TUBGCP2,HPSE,LILRB1,TSPAN9,CEACAM8,MRPS30,GPR83,RAB10,MMP24,BLCAP,BTNL3,EHD1,AP3M2,PDIA5,TMED2,LMAN2,CKAP4,YWHAQ,TMED10,ASCC3,IMMT,ILVBL,SPINK5,LILRB4,KDELR2,LILRB3,RAB31,ADAP1,TENT4A,CPSF6,ABHD2,WWP2,CNTRL,RAPGEF4,CHD4,ADAM30,CIT,BTN3A2,FAF1,CDC42EP1,TBC1D8,PLAAT3,CORO1A,SLC2A6,PKP3,NISCH,ABCB8,IRAK3,AKAP13,MRPL3,GALNT6,PDCD10,CHN2,GPR176,PACSIN2,FILIP1L,MRAP2,CMTM7,SCN11A,MGAT4B,CHRM2,VPS26B,LYST,SLCO2B1,CHRM3,VPS45,AHNAK2,GPR182,MGAT4A,GOLM2,TMC6,SLC46A1,LARP4,EXOC3,RNF13,MGLL,SYNPO,CMTM1,CHRNA5,SIGLEC11,NLRP3,ERMAP,CHUK,PGLYRP2,PKD1L2,GALNT13,SORCS1,SLAMF6,OSBPL1A,OSBPL5,OSBPL8,OSBPL9,OSBPL10,C1QTNF3,ADCY9,MARCHF3,KCTD12,OMA1,PCMTD1,GBP5,FCHO2,RAB3C,SLC22A12,CYYR1,TM4SF19,ABHD15,MOGAT1,SLC26A8,LRG1,ARAP1,AGAP2,THEM4,SLC16A10,GALNT15,AP2S1,TMC1,RFFL,AP3S1,ADD1,CLCN3,BORCS5,OLFM3,ANTXR2,CLCN6,CLCN7,SFXN2,PDZD8,CLU,CALHM3,ADD3,TPP1,SLC36A4,TMEM45B,TMEM52B,OR10P1,LRIG3,SLC15A4,CLTC,OR10A7,SPPL3,CLBA1,OR4K14,FRMD6,CCR1,TTC8,SLC24A4,DEGS2,CCR4,TMEM266,PLA2G4E,CMKLR1,LTB4R,ABCC2,SNX20,SLC38A10,SLC43A2,GGT6,WDR81,MIEF2,CNGA1,OSCAR,ALDH16A1,RPTN,AADACL3,CNR2,OR2M5,OR14C36,CNTFR,CNTN1,RNF19B,OSCP1,IQGAP3,DRAM2,TBC1D20,C20orf141,PIGU,PPP1R21,TRABD2A,MBOAT2,CNTNAP5,FAM168B,RFTN2,UBR3,LYPD6B,ZFAND2B,TMEM178A,CPO,COL17A1,TMEM182,M1AP,CPNE4,COMT,COPA,DCBLD2,TPRA1,SLC31A2,ADK,IL17RE,TMPRSS11B,IL31RA,SHROOM1,CLVS2,STXBP5,ADORA2A,COX10,CP,OR9A2,ADORA2B,CPD,COL26A1,SSMEM1,CPM,CPT1A,VPS37A,CPT1B,NDUFAF6,TMEM68,TMEM71,SGCZ,PXDNL,GPAT4,LETM2,HGSNAT,ATF6B,CRHR1,S100A16,CHODL,GCNT7,BRI3BP,SUN5,TMEM37,TRPM6,SIRPA,PARP1,PARP4,MPP7,FRMPD2,VTI1A,LDLRAD3,OR52B4,CSF1R,CSF3R,PLEKHA7,TMEM120B,CSK,RDH12,ARMH4,ABHD12B,CEP128,TTC7B,CSNK2B,VCAN,CMTM4,CMTM2,BEAN1,GSG1L,MGAT5B,TOM1L2,PIK3R6,TMC8,KRT10-AS1,DSG4,LYPD4,DPY19L3,ADRA1A,CREB3L4,SLC35F3,MFSD4A,CTLA4,CLDN19,CTNS,CTNND1,AIFM3,ENTHD1,NFAM1,COMMD1,CTSB,CTSG,CCNYL1,SLC38A11,ASPRV1,CPNE9,XXYLT1,GLIPR2,CTSW,CTSZ,CX3CR1,CXADR,SH3D19,NIPAL1,PAQR3,SLC38A9,TMEM161B,CYB561,PLEKHG4B,BTNL9,RNF145,CYLD,CNKSR3,MBOAT1,RNF217,NKAIN2,CYP1B1,ABCA13,VKORC1L1,KCTD7,CYP3A7,SLC2A7,GRK2,GRK3,TMEM65,RDH10,ANKRD46,VPS13B,TDH,CLVS1,CYP19A1,AWAT2,CYP27A1,AARS1,DAB2,C11orf65,TMTC2,CLEC12A,CD55,TAMALIN,DGKG,DGKH,GPR180,DGKQ,AP2A2,TMEM229B,SYNE3,DAPK1,MDGA2,DARS1,AP1B1,TMEM92,RHBDL3,DBN1,CNST,DCTN1,APCDD1L,PRICKLE2,ADGRA3,SGMS2,PKD1L1,SLC30A8,TMEM64,QSOX2,FUT11,KCNG3,PTCRA,DHODH,DIO1,DIO2,DLG1,DLG2,DLST,DMD,DNM1,DYNC1H1,DNM2,DOCK1,DOCK2,DOCK3,DXO,DPP4,DRD4,ARID3A,DSCAM,SLC26A2,DTNA,DTNB,DUSP3,AGTR1,GPR183,ECE1,ECT2,ABCA1,LPAR1,AGO4,EEF2,EFNA5,EFNB2,EGF,MEGF9,EGFR,PLPP4,MYRFL,EIF2S1,ANO6,VSTM4,ADCY4,EIF4G1,SERPINB1,ALG14,TMEM201,ABCA2,SPRED2,LIPH,SLC51A,GABRR3,MARK2,CEP112,TVP23C,CENPV,ARHGAP27,SPEM2,SLC39A11,UNC13D,SPNS3,EMP3,RAB12,HACD2,STT3B,CTTN,TMEM154,DNAJC18,ENO1,GAPT,TSNARE1,ADAM32,C9orf72,SUSD3,EPB41,EPB41L1,STOM,EPHA1,CERS3,EPHB3,EPHB6,STX2,DIPK2A,EPS15,SLC36A1,AKT1,AKT2,ERN1,ESR1,ABCA3,ALAS1,ETFDH,ETV6,EXT1,EXT2,F2RL2,F12,FABP5,ACSL1,PTK2B,FARSA,FASN,OR8H1,FAT2,UNC5B,CCNY,RTKN2,SLC37A2,TPCN2,OR9I1,OR9Q1,FCAR,FCER2,SLC16A9,MARCHF8,FCGR1BP,SLC39A12,MICU2,SPATA13,CPNE2,CALHM4,C6orf89,FCGR3B,FCGRT,SDK1,DAGLB,THSD7A,FDFT1,ADGRG3,ADGRF2,LHFPL5,SCUBE3,ZNRF2,FECH,ALDH3A2,FER,GPC5,FGFR2,FGR,FHIT,RASA3,RHOBTB3,DLGAP4,RAB11FIP2,AAK1,LMTK2,CHSY1,FKBP2,FNDC3A,SLITRK3,INPP5F,FKBP5,EPN2,TRAK1,SACM1L,CD93,ATF6,HABP4,SEPHS1,RAB3GAP1,SORCS3,SV2C,CEP131,RIMS1,WDFY3,DAAM1,PLCH1,STK38L,FAIM2,CNOT1,PALLD,TMCC1,MYO16,TNIK,FNBP1,ENDOD1,TBC1D9B,GGA2,EMC1,SWAP70,MYCBP2,AVL9,ERC1,TTLL5,SIPA1L3,KIF1B,RAP1GAP2,SPART,NFASC,TAB2,PLXND1,EPB41L3,MAST2,ANKLE2,FCHO1,GRAMD4,NCDN,CLCC1,SEPTIN6,SNX13,MAPK8IP3,STAB1,EFR3A,FLNB,LPIN1,SEPTIN8,RGL1,RFTN1,DIP2A,LARP4B,KANK1,FAF2,MLC1,FLT1,XPO6,RRP12,SYNE2,NUP210,SEL1L3,DNAJC9,SIK2,PLCB1,PHLPP1,TMEM131L,COBL,ATP11A,KAZN,DENND5A,EXOC7,CLEC16A,ADGRL3,IQCE,MGRN1,BICD2,EHBP1,ACSL6,NEMP1,FKBP15,ICOSLG,DMXL2,NEDD4L,CLASP1,DPY19L1,SZT2,VPS39,SYNE1,DOCK9,UBR4,SUN1,VPS8,ENTREP2,PSD3,LARP1,PPP1R13B,PUM2,PIP5K1C,TMED3,GRIP1,SLC7A8,AP4E1,RHOQ,SLC44A1,ABCB10,ABCA6,LEPROTL1,MACF1,FOLR2,ZFYVE26,TMEM131,SCRIB,ARHGAP45,NNT,PIK3R5,SLC16A8,ATP6V0A2,PSD4,TSPAN12,TSPAN15,PIGN,CDC42EP4,FPR3,OPN3,AMACR,CORO1C,PHLDA3,PLD3,PLXNB2,PLA2G15,TMEFF2,SH3BP4,PRKD3,TMEM245,PITPNB,PISD,IL17RA,ALK,ABCA4,ALOX5,ALOX5AP,CLDN15,ATP6V1C2,AFG1L,MTOR,ALPL,ABL1,FUT4,FUT7,FUT8,KDSR,ACKR1,FYB1,FYN,CERS6,G6PC1,ZDHHC20,CNIH2,OR6C3,GAA,NAALADL2,OR1L4,GABBR1,CALHM1,MYADML2,RNF144B,GABRA2,C19orf38,SYT14,ST6GALNAC3,MAMDC2,GABRR1,SERINC5,FRMD3,CATSPERE,NEGR1,SNX33,KIAA1549L,SHC2,SLC24A2,DSTYK,NGEF,GCA,LSM4,ATXN10,TMEM184B,RNF19A,GALNT2,IFFO1,MTHFD1L,GALNT3,SGMS1,TAS2R50,CLIC4,WWTR1,SAMHD1,PNKD,SEC31B,C2CD2,DHRS7B,IBTK,GORASP2,TENM4,LRIG1,OSBPL3,IPCEF1,UBXN7,CNTNAP2,FAM169A,PPP1R16B,DNM3,ANKRD17,ERC2,GGA1,ABHD12,WIPI2,LDLRAP1,TCTN3,GAPVD1,TRPC4AP,TES,LRRC32,ABCA12,MTG2,STEAP2,OR1F2P,TIAM2,CLEC4E,SLC13A4,ARFGAP3,OR5L2,GCG,GCH1,PLEK2,GCNT1,SLC17A5,CNNM4,CNNM3,MYOF,GCNT2,CHIC2,RGS17,GDI2,MDGA1,RGL4,AMFR,GFRA1,GGCX,GGT1,GGTA1,B4GALT1,NBEA,CYFIP2,NPTN,GJA8,ATP2C1,LAT,SND1,STAU2,VPS41,LAMP3,TRAPPC3,SDCBP2,CYTH4,SNX5,FILIP1,AGO2,SIGLEC9,C5AR2,COQ2,BBS9,TNFRSF21,CRCP,RAB30,P2RY10,GLG1,STK39,TOR1B,BIN1,EML4,GM2A,GNA12,GNA15,GNAI2,GNAI3,GNAQ,GNB1,GNG7,GNRHR,GOLGA3,GOLGA4,GOT2,GP1BB,GP9,GPD2,GPLD1,GPM6A,SLCO4A1,SLCO3A1,OR51B5,SLC25A45,LINC00301,CCDC88B,RASSF3,B4GALNT3,SLC39A5,ADGRD1,CLEC9A,HECTD4,KSR2,TMEM272,SLC46A3,PLA2G4D,GPR17,GSDMA,CAVIN1,GDPD1,LAMA1,SIGLEC15,GPR21,VSTM1,SLC25A42,SLC9C2,RNF149,CDH19,UNC80,SLC9A9,EPHA6,C3orf33,GPRIN3,SLC36A3,DCBLD1,GPR35,ANK1,XKR6,GPR37,SCARA5,SCAI,FFAR3,GRK4,GRK5,GRK6,ANK3,GRB10,RAPGEF1,GRID2,GRN,GIT1,SNX24,BZW2,GRIK1,GRIK2,TMPRSS11E,DBNL,ABR,GRIK4,TMEM230,NR3C1,ARHGAP35,CNIH4,CLEC2D,CD274,GRM4,GRM7,GRM8,GRPR,GSK3B,GSN,GTF2I,GTF3C1,BLNK,PARVB,OLA1,ZDHHC1,GUCY2C,TFCP2L1,SNX8,SNX10,STRN4,GPR171,HCFC2,GYG1,SEC61A1,PCDHB1,GPR132,DSE,SLC25A24,LRP12,MDFIC,SCHIP1,PILRB,PILRA,SH3KBP1,ANXA1,ANXA2,HADHA,HCK,HCLS1,HCRTR2,HTT,HDLBP,ANXA4,HEXA,HEXB,ST6GALNAC6,KCNIP1,NRG1,EHD4,PIK3R4,ANXA6,HIP1,HK1,HK2,ANXA11,HLA-DOB,HLA-DPB1,HLA-DQA1,HLA-DQA2,HLA-DQB1,HLA-DQB2,HLA-DRA,HLA-DRB1,HLA-DRB5,HMGCR,HNRNPH1,HNRNPK,HNRNPU,APBA1,APBA2,APBB2,HPCAL1,HPD,RAB37,HRH1,HRH2,HSD11B1,DNAJC4,HSPG2,NDST1,HTR2B,HTR3A,HTR7,IARS1,UBAC2,ICA1,ICAM1,ICAM2,ICAM3,ICAM4,SLCO1B7,TMEM202,ANKRD45,ACADM,STING1,TMEM249,LRIT2,MALRD1,SMCO2,IDE,GLDN,FMN1,CD300E,FCRL6,KCNT2,AADACL2,LRIT3,SLC10A6,IFNAR2,FAM174A,IFNGR2,IGF1R,IGF2R,APP,RILPL1,TICAM2,FAS,IL1R1,IL1RAP,IL6R,IL7R,IL15RA,TMPRSS9,IL16,INPP4A,INPP5A,INPP5B,INPP5D,AQP7,ITGA6,IRAK2,AQP9,IRF4,IRF7,ITGA1,ITGA2,ITGA5,ITGA9,ITGAE,ITGAL,ITGAM,ITGAV,ITGB1,ITGB2,ITGB5,ITPK1,ITPKB,ITPR1,ITPR2,JAK1,JAK3,TRIM23,CD82,KARS1,KCNA2,TBC1D10C,KCNB1,ATP9B,KCNC4,B3GNT8,MIA3,KCNE1,CATIP,STIMATE,NRROS,GJB7,SLC26A5,KCNJ3,KCNJ10,KCNJ15,KCNMA1,KCNN2,KCNQ1,KIF5B,KIFC3,ARF5,KRT8,KRT10,MTCL3,KRT17,SCIMP,CLEC17A,HRNR,COA6,PLEKHM3,GFRAL,XKR5,XKR9,OR51I1,OR8K1,LAG3,LAIR1,LAIR2,OR4F15,LAMA2,RHOG,FRRS1,OR10K1,LAMP1,OR13C2,LBR,LCK,LCP2,LDHA,LDLR,LEPR,LETM1,LFNG,LGALS3,LGALS3BP,LGALS8,ARHGDIB,LIM2,LIMK1,LIMS1,RHOH,EEIG1,MYO18A,ASIC2,LMNA,LMNB1,C14orf180,LMO7,LNPEP,RAB44,PRRT4,SNX30,LOXL2,LPL,LPO,LPP,OR2T27,OR5K4,PLPP6,LRP1,LRP2,LRP3,LRP6,LRP5,LSAMP,LSP1,LTF,CD180,LYN,TACSTD2,TM4SF1,ARRB1,SMAD1,SMAD3,ARRB2,SMAD7,ASIC1,MAN1A1,MAN2A2,MAN2A1,MAP4,MAP6,MARK3,MARS1,C10orf105,MBP,MCC,MCL1,MCM5,ART3,MDH2,ART4,MAP3K5,MGAT3,MGAT5,MIA2,MGMT,MITF,ATXN3,MKI67,AFDN,TRPM1,MME,MMP2,ASTL,MMP16,MPL,ABCC1,SLC22A20P,IQSEC3,UNC13C,RHEX,MAP1LC3C,CALHM6,TARM1,GALNTL6,MYO1B,MSH3,ASPH,PALM2AKAP2,MSR1,MSRA,NUDT1,MUC2,MUC4,MX1,MYH10,MYLK,MYO1C,MYO1D,MYO1E,MYO5A,MYO6,MYO9B,PPP1R12A,HNRNPM,CEACAM6,NUBP1,NCAM2,NCF2,NCF4,NCK1,NDUFA10,NDUFB9,NDUFS2,NDUFS8,NEDD4,SEPTIN2,NEDD9,NEO1,NF1,NFX1,NGFR,NINJ1,NINJ2,NKG7,NKTR,NOS3,CNOT2,NOTCH1,NOTCH2,NOTCH3,NOTCH4,FXYD2,NPC1,ATP2A2,ATP2A3,NRCAM,ATP2B2,ROR1,NUCB1,NUMA1,ATP2B4,NVL,OGDH,OLR1,OPA1,OPRM1,OR3A2,SLC22A18,P2RX1,P2RX3,P2RX4,P2RX7,P2RY6,P4HB,FURIN,PCSK6,NOX3,CHST11,SERPINB2,GALNT9,IL21R,ITSN2,PAK2,ANO7,PALM,PNPLA8,PRKN,PAWR,ASAP1,IMPG2,PCDH7,ACOX1,SLC35C2,PCDH9,PAM16,ATL1,PLLP,SIDT2,SCCPDH,SH3GLB1,ASB3,PHF11,HSD17B12,A4GNT,PCNT,VPS28,PLEKHO1,PLCE1,NIN,PCSK1,ZNF219,CRIM1,SHISA5,PCSK5,MARCHF2,CLEC1A,CEND1,ERGIC2,CD320,PCYT1A,ZDHHC3,SLC25A37,GASK1B,PDCD1,MS4A4A,FZR1,TAOK3,MBTPS2,CHST15,UBR5,TEX264,PDE2A,ATP6V1D,AIG1,TRAPPC4,PDE3B,PDE4A,BIN2,PDE4B,SUCO,PDE4D,PDE6A,EVL,NAT8B,LIMA1,ANKFY1,RTCB,DTL,PDE9A,ZC3HC1,VTA1,PDGFA,VPS54,PDGFB,ACKR4,PEX5L,RAB6B,CYRIB,NBAS,PIGT,ATP6V1H,DHRS7,MRPS23,MPC1,HECA,PDPK1,EMCN,RAPGEF6,WWOX,CD244,ERAP1,RAB8B,INPP5K,TM7SF3,COQ3,GALNT7,PEX1,PEX7,PEX14,ATP8B1,PFKP,CDK14,PGM5,PHB1,PHKA1,ATP6V1B2,SERPINA1,SERPINB6,ATP6V1C1,PIGH,PIK3C2B,PIK3C2G,PIK3C3,PIK3CB,PIK3CG,PIK3R1,PI4KA,PI4KB,ACP2,PIP4K2A,PKHD1,PKP2,PLA2G4A,PLAUR,ATP6V0B,PLCD1,TM6SF1,PLCG1,SHC3,PLCG2,TPCN1,PLEC,FXYD1,FXYD3,PLN,PLOD1,PLOD2,PLP2,PLXNA1,ADAM22,PLXNA2,S1PR5,PLXNB1,PNOC,PML,FXYD4,CDHR5,EXOSC10,ACP5,SLC37A1,TSPEAR,TLR9,SEPTIN5,SEPTIN4,ERRFI1,KCNK10,TREM1,POLE,GPR173,GNG2,YIPF1,SSH1,PON3,MRPS21,RETREG1,XRN1,MIOS,POR,TOLLIP,PLEKHA5,HEATR5B,RHOF,APBB1IP,EXOC6,CRLS1,LEPROT,CTSA,CNNM2,DYM,AFTPH,NDE1,BSPRY,WBP1L,SYTL2,PAQR5,TMEM104,EPS8L1,FNBP1L,ST7L,PLPPR1,NCAPG2,RNF43,SLC66A1,PXK,LAX1,CDKAL1,TTC19,MKS1,TMEM260,CMTM6,CHCHD3,KANSL2,PPM1A,OCIAD1,MRPL16,ODR4,PARP16,PLAAT2,CLN6,PPP1CA,TESC,TMCO3,MCUB,MARCHF1,EPN3,PLEKHB2,VPS37C,WIPI1,ENOX1,TMEM45A,TMEM51,ATG2B,RALGPS2,ARHGAP17,SLC6A15,ANO10,LRRC8D,ZDHHC4,TMEM38B,TMEM33,PPP2R1A,VPS13D,PPP2R1B,APPL2,PLEKHG6,GOLPH3L,EXD2,NAT10,LRRC1,SLC38A7,KIRREL1,UQCC1,PACC1,VPS53,PPP6R3,CCDC91,RNF121,PPP3CA,CPPED1,AGPAT5,DRAM1,ZGRF1,LAPTM4B,TBC1D2,PI4K2A,LGR4,PPT1,SIRPG,LINC00862,PRCP,PREP,CHST12,PIP4P2,GALNT10,STAB2,ITLN1,VPS50,DOCK10,ZDHHC7,AMBRA1,SLC39A4,LRRC40,FLVCR2,RAB20,SLC48A1,PRKACA,NPLOC4,DENND4C,MFN1,PEX26,LIMS2,SCYL2,MREG,VAC14,CCDC88A,IPO9,NECAP2,LMBR1L,PRKAR1A,ENAH,PARVA,PRKAR1B,PRKAR2A,TTC17,PRKAR2B,EXOC2,TDP1,PRKCA,ERMARD,TXLNG,PRKCB,CSGALNACT1,CACNA2D3,DCP1A,ADAP2,PRKCE,RNF130,PAG1,PRKCH,EMC3,CAND1,PRKCI,ARHGAP15,TEX2,GPRC5C,PRKCZ,PRKDC,ERBIN,RCC2,MAPK1,SULF2,GNG12,BAIAP2L1,BCAP29,MAPK10,PDGFC,MAP2K1,MAP2K2,DNAJC3,ANKH,PRLR,CRTAM,CTNNBL1,LRRC8A,WDR45B,PARD3,KCNQ5,TMPRSS15,PRSS8,AZU1,PSAP,SLC2A9,PSEN2,TMPRSS4,JPH1,FMN2,SLAMF8,SPHK2,AGPAT3,AGPAT4,WRNIP1,ANKS1B,TMEM167B,SPIRE1,NCLN,SPPL2B,PMEPA1,DUSP22,MFF,RGMA,CDC42SE2,SLC12A9,VPS35L,PDXP,PLSCR3,PSMD1,AGTRAP,PSMD3,CASS4,ANO2,PNPLA2,RAB25,LPAR5,CD177,RHBG,MAN1C1,APMAP,RGL3,RTN4,LDAF1,SCYL3,SLC44A2,SMURF1,TMEM63C,PHTF2,ASPHD2,ZNFX1,NIPAL3,RALGAPA2,ATP10A,ATP8B2,ATP10D,SLC45A4,ADGRG6,TTC7A,ERGIC1,SNX14,PTEN,SLC4A10,PTGER2,PBXIP1,PTGER3,TMIGD3,RHBDD2,SLC24A3,PTGS2,BIRC6,TENM2,GALNT16,DSCAML1,PTH2R,PTK2,CNOT6,GRAMD1B,RNF150,NLN,ARID1B,KIDINS220,MTUS1,SERINC1,RPTOR,NYNRIN,PTK6,MIB1,ELAPOR1,SORCS2,NCEH1,MICAL3,SEMA6A,STAMBPL1,KIF17,UNC79,PREX1,ARHGAP21,RIC1,BEGAIN,ADGRB2,FNIP2,PITPNM2,DIP2B,FAM234B,TSHZ3,VPS18,SHROOM3,STIM2,LRFN1,DHX37,GRAMD1A,PHRF1,PLEKHA4,KIAA1549,RNF213,GPAM,QSOX1,CPNE5,ADGRB3,PTPN1,DENND1A,ZFYVE28,PTPN3,PTPN4,PTPN7,RAB40C,G6PC2,PTPN13,SLC4A5,PTPRA,PTPRC,PTPRD,PTPRCAP,PTPRE,PTPRG,PTPRJ,PTPRK,PTPRM,PTPRN2,PTPRO,NECTIN1,NECTIN2,CXCL16,PXMP2,PEX2,PXN,PEX5,MS4A7,EPS15L1,RRAGD,LY6G6D,RAB5B,MAP4K2,RAB27A,RAC2,RAD21,RAF1,RALB,RALGDS,RAP1B,RAP1GAP,RAPSN,RARA,RARG,RARRES1,RASA1,RASGRF1,HRH4,TRPV4,RXFP1,LGR6,RCVRN,BCL2,BCL2L1,TRIM27,RGS3,RGS10,RGS12,RGS13,RHEB,BCL3,EXOC4,CDH26,ELOVL5,CYB5RL,PAPPA2,ROBO1,RPE65,BCR,RPL21,RPL31,RPS3,BDH1,RRBP1,CLIP1,RYR1,RYR3,SORT1,S100A6,S100A9,S100A10,S100A13,S100P,CFB,SAG,BFSP1,SCN1A,SCN2B,SCN8A,SCNN1A,CEACAM1,SCP2,SRL,BICD1,BID,BIK,SDC2,SDHA,THADA,PIEZO2,MANBAL,NAPB,SLC17A9,NECAB3,KIF13A,SECTM1,MYO1G,SELE,SELL,PERP,CDH23,SLC28A3,GOLPH3,PARVG,NPFFR1,VSIR,NOD2,XYLT1,RBSN,TMEM91,ERAP2,P3H1,DNAJC1,SEMA4A,HERPUD2,MS4A6A,ARHGEF28,RAB17,TMEM72,LMBR1,MMP25,ZNF106,PALS1,RGS18,SFTPD,SUSD1,DNAI2,SGK1,CSMD1,SGTA,ITSN1,ARRDC5,SH3GL1,CLEC7A,SHB,LYPD8,MFSD1,RUSF1,MTARC1,CREB3L2,FNDC3B,MICAL1,CERK,AEN,LMF1,DEPTOR,ST6GAL1,ST3GAL1,ST3GAL2,MARCHF7,NIBAN2,CDCP1,ST3GAL3,CASD1,RASAL3,SIPA1,MRPS15,MRPS6,MRPL1,NDRG4,SLA,GPBP1,RAPH1,SLC1A2,VPS33A,TMEM135,SLC1A7,WNK1,SLC2A1,SLC2A4,SLC2A5,SLC5A2,CPLANE1,MPPE1,SLC5A3,SLC6A6,SLC6A9,SLC7A1,FER1L6,SLC8A1,NCF1C,SLC9A2,SLC9A3,SLC11A1,SLC12A3,SLC34A1,SLC18A2,SLC20A1,SLC20A2,BMPR1B,BMPR2,SMARCA4,CHID1,TRAK2,MTMR9,SNCA,SNTA1,SNTB1,SNX1,SNX2,SNTB2,SOD1,SORL1,SOS1,DST,UAP1,SPARC,SPG7,SPN,SPTA1,SPTBN1,SRC,SRD5A2,SREBF1,SREBF2,SRP9,BRAF,SRPK1,SSR2,DENND2B,ST14,STAC,STAT3,STIM1,CDKL5,STK10,STRN,BSG,SURF4,SVIL,VAMP1,SYK,SYN2,SYPL1,SYT1,TACC1,ADAM17,TAFAZZIN,TBCD,TBXAS1,TDG,TEC,TECTA,TMBIM6,TEK,TFPI,TGFA,TGFB1,TGFBI,TGFBR1,TGFBR2,TGFBR3,TGM2,THBS1,TSPO,TIAM1,TIE1,TLN1,SEC62,TLR5,GPR137B,TNFRSF1A,TNFRSF1B,TPM4,TPO,TPR,TRAF1,TRAF2,TRAF3,TRAF5,TRAF6,C3AR1,TRIO,TRPM2,TSG101,TSHR,DNAJC7,GXYLT2,C2orf92,TULP1,CCR2,TNFRSF4,PLIN4,TXK,TYMS,MOSMO,TYRP1,UBE2D3,UCP3,UGCG,UQCRFS1,CLRN1,UTRN,UVRAG,VAV2,VCL,VDAC1,VIM,VRK2,ZAN,WFS1,DAGLA,XPC,FMNL1,XRCC5,LDLRAD4,YWHAG,YWHAH,PTTG1IP,TMEM50B,CA2,RELL1,CACNA1A,CACNA1C,CACNA1D,ZP3,LAPTM5,TVP23A,CACNA2D1,CSDE1,CACNB1,CACNB2,MOGS,RNF103,TUBA1A,CACNB4,RAB7A,KCNAB1,AHNAK,ST8SIA4,PVRIG,PRRG4,FTO,ELOVL6,CARD14,MAPKAP1,DERL1,MBOAT7,FKRP,GNPTAB,TMEM243,LILRA6,BAG6,EFHD2,TMEM43,OR13A1,FCRL2,NOX5,CYBC1,FYCO1,EPS8L3,TMEM231,ARMH3,TCTN1,ADIPOR2,TANGO6,GALNT14,SH3TC2,RHBDF2,TMEM204,ARHGAP10,DYNC2H1,NLRX1,ZDHHC14,GALNT12,OGFOD3,IGFLR1,VPS37B,SH3D21,SLC25A22,C1orf115,KATNBL1,MCTP1,MYH14,CLMN,GSDMD,ALG9,ST7,CLMP,TLCD3A,TREML2,UBA5,DCAKD,LPCAT1,ATP8B4,CYBRD1,NAA60,BTNL8,DOK3,KIAA0319L,SLC35E1,ATAT1,WLS,GRHL2,SVEP1,ELOVL7,CALD1,DOCK5,MINDY3,SLC8B1,SEMA6D,TRPM3,DCAF17,CALM1,BAIAP2L2,UXS1,EDC3,NAA15,MOGAT2,RUBCNL,CEP290,RAB11FIP1,NUBPL,ORAI2,PHAF1,EDEM3,STAM,HSD3B7,CDK5RAP3,CUBN,FER1L4,PDGFD,EPC1,ABTB1,DNAJC5,PNPLA3,TRAF3IP3,SEL1L2,ADAM12,CD276,SLC19A3,AKNA,TTYH3,MPIG6B,LY6G6C,NDFIP1,EEPD1,APOL3,FXR1,ACTN4,WNT5B,SLC25A32,COLEC12,CALR,SLC7A5,PTDSS2,DCSTAMP,HM13,SLC38A1,GDPD5,CYRIA,ANKRD13C,APOLD1,NECTIN4,SNX27,ITM2C,AKAP1,VMP1,CAMK2D,SLCO5A1,CAMK2G,SBF2,CANX,CLTCL1,SYN3,CAPN1,CAPN3,DYSF,COLQ,PICALM,KLRC4,CAST,AXIN1,CAPZB,PITPNM3,CASP1,FCRL4,ADPGK,GSG1,APH1B,PLVAP,CHST9,AIF1L,COG3,TEX101,DYNLRB1,SESN2,FERMT3,ITCH,FRMD8,ATAD3B,TBC1D10A,STARD3NL,IMMP2L,PIP5K1B,SLC4A11,FAM234A,NCALD,KREMEN1,TMPRSS13,B3GNT5,ADGRV1,DTNBP1,MYCBPAP,C3orf20,ANKRD27,ULK1,SLC41A2,EEA1,BCAR3,ACAD11,ZNRF3,STX7,LOXL4,SLA2,CMAHP,LRRC8C,TRAF7,ZDHHC18,SGIP1,YIPF4,SLC25A33,STK24,CASP10,CHCHD6,VPS25,HVCN1,COG8,SOAT2,RASAL1,NCK2,ECRG4,CARD11,ADGRA1,RAB11FIP4,LZTS2,SYVN1,CASQ2,SPIRE2,CUL3,CUL1,ATRN,SLC12A8,COL25A1,TPST2,CASR,TPST1,NTNG2,TNRC18,DGAT2,EBPL,MYPN,USP32,MS4A14,CAT,CRACR2A,GPR65,PLPP7,RTN4IP1,SEMA7A,LMNB2,SFT2D3,ADTRP,HAVCR2,ORAI1,MFSD2A,AIFM2,LINGO1,MIGA2,TMTC4,TMEM87B,LRP11,ALG10,SLC49A4,ZFYVE19,ZNRF1,ABHD13,SERAC1,MFSD5,DISP1,PPFIA2,PIGY,SLC43A1,PKP4,SMIM3,CNTNAP1,KCNAB2,ITGA8,GAS7,DGKZ,DGKE,DGKD,ABCC11,MICALL1,AGPS,NKD1,SLC45A3,APOL1,STON2,ITPRIP,CEP295,DEGS1,MADD,CAV1,CASK,STK16,SCARF1,LY6D,NOP14,SLC25A12,PLPP1,PLPP3,CADPS,CBFA2T3,HSD17B6,UNC5C,EIF4EBP3,OASL,AOC3,DCHS1,PTCH2,KCNK5,NCOA1,CBFB,TNKS,EIF3A,SLC4A4,STX11,BECN1,MARCO,S1PR4,ACTN1,B4GALT4,B4GALT2,ABCC3,MBTPS1,CTNNAL1,ADAM19,GBF1,TNFSF12,TNFSF10,ADAM9,ADAM7,CDS2,FADD,NAPA,SIGLEC5,TNFRSF11A,TNFRSF10C,TNFRSF10B,TNFRSF10A,SUCLG2,IL18RAP,IL1RL2,IL18R1,IQGAP1,NRP2,NRP1,SYNGAP1,CD84,SOCS2,CFLAR,HDAC3,PROM1,KSR1,ANKRD13A,TSC22D1,ASAP2,CCKBR,SYNJ2,VNN1,NAE1,SLC5A6,MCM3AP,MTMR3,MTMR2,CPNE1,AP1M1,TRIM4,HERC2,HERC1,SKAP2,FUBP3,UMODL1,HPS4,NAV3,ATG16L2,PLOD3,MVB12B,STBD1,SLC25A21,SLAMF9,ATP6V0E1,LIMD1,TNFSF18,KALRN,ACVR1,SYT8,PHLDB2,TSPAN18,MPZL1,SYS1,SNX21,NAT8,CCRL2,SEMA5A,SPAG9,AIP,PSTPIP1,MAP7,MCU,SLC7A7,SLC7A6,STARD13,CARMIL3,CLDN10,DIRAS3,PIP4P1,USP8,FMNL3,MTMR7,SEC22C,NUP210L,CD1D,SLC16A5,SLC16A3,SLC39A13,CCNB2,ARHGEF1,RCCD1,RNF185,SYNGR1,COL23A1,RSAD2,FIBP,CD3E,ACY3,IL1RL1,YTHDC1,MAP3K13,ZNF804A,RFT1,SLC24A1,DDX21,CD247,COG7,DCLK1,LRRFIP1,CD5,LARGE1,VAPB,VAPA,CD5L,MAGI1,DLGAP1,CD6,CCPG1,PXYLP1,GCNT3,DHRS3,SPECC1,STK17B,CYTH1,ITGB1BP1,DNER,CD9,TAAR3P,HNRNPLL,S1PR2,B3GNT7,SOCS6,CD83,TMEM44,MS4A3,PGAP3,CD22,B4GALT6,CD163,TGM5,B4GALT5,SLC22A6,ITGBL1,CACNA2D4,CPNE6,RAB28,ARHGAP18,NHERF1,KIF3B,TM9SF2,NRXN1,NRXN2,OTOF,COG1,CD27,NMT2,ACVRL1,GRAP2,SFXN1,SFXN5,CD80,ORMDL3,SYTL3,TJP2,FADS2,CD86,KCNK6,EIF2AK3,HOMER2,PICK1,SH3BP5,CHST3,CD34,AKAP6,ATG5,CD36,STX8,PIGL,PGS1,PSMF1,SLC4A8,SCARB2,MAGED1,RPH3AL,CD37,SPTLC2,CD38,TECR,GOSR1,TMEM59,TP53I11,EI24,CHD1L,GTPBP1,CEP41,CDC42BPB,AKAP12,CD44,RAB36,NCOR2,ABCG1,CD48,AATK,NUP155,SEC24C,MORF4L2,FNIP1,GCC2,RALGPS1,CD58,CD59,LPIN2,MARF1,SDC3,KIAA0040,CD68,DEPDC5,CLINT1,NUP93,RAPGEF2,EDEM1,TRAM2,RIMS2,USP6NL,NOS1AP,TMEM63A,RAB11FIP3,CD79B,LAPTM4A,ARHGAP32,CLSTN3,PHACTR2,CD81,RIPOR2,ADGRE5,SUSD6,CD151,RAPGEF5,TMEM94,ATG13,TBC1D5,PIEZO1,RNF144A,MATR3,PTDSS1,RNF40,RB1CC1,DNAJC6,MELK,TESPA1,PLEKHM1,ELMO1,GAB2,C2CD5,MAGI2,PJA2,LRBA,FCHSD2,FIG4,MRC2,RBM19,TMCC2,ATP2C2,SEC16A,RNF10,IQSEC1,KIF14,JOSD1,HELZ,P2RY14,CD302,ARHGAP25,EXOG,WDR1,HS3ST3B1,MVP,SLC23A2,TNFSF15,MED13,NUP153,DOP1B,CDH1,SLC12A6,DGCR2","Sputum_Mixed granulocytic"
"BP","diacylglycerol biosynthetic process",9,7,0.00259392052716224,0.193297200367858,"MOGAT1,PLA2G15,PLCE1,PNPLA2,GPAM,MOGAT2,DGAT2","Sputum_Mixed granulocytic"
"BP","positive regulation of biological process",6285,1958,0.00259590363360972,0.193297200367858,"ADA,AKT3,CDKN2B-AS1,ABI1,TANK,FAM47E,C17orf99,PDCD6,BCL2L11,CDH4,MEF2B,RANBP9,KLRC4-KLRK1,MICOS10-NBL1,DNM1L,DNM3OS,EDIL3,SGK2,RAD50,ENAM,IFNL4,RASGRP1,YAF2,AKAP9,CDH17,ABI2,PLXNC1,LPAR6,WASF2,SORBS3,LHFPL2,TNK2,ADAM10,CALCRL,TRIM13,CDK6,RAMP1,RAMP3,NET1,PAK4,ADAR,CDKN2B,TNIP1,CCL26,BTN2A2,NOD1,DLC1,ATP8A1,RACK1,ADARB1,CDS1,PEMT,PIAS3,BASP1,RAPGEF3,SPON1,PRMT5,ARIH2,VAV3,TAB1,GPNMB,BAIAP2,MERTK,ZNHIT1,ZBTB18,TADA3,TRIM38,UNC13B,NCOA2,SEMA6B,SEMA4D,SEMA4B,SEMA3C,DDX17,KAT5,IPO7,CEBPE,ATG7,ANP32B,AGR2,OLFM4,ARFGEF1,SORBS1,CDC42EP3,STAMBP,ARID3B,POLR3C,TRIM16,RGS14,IGF2BP2,CELF1,CES1,CTCF,CETP,RAI1,GIPC1,TRAF3IP2,KDM5B,NEK6,NCKAP1,SEPTIN9,FRS2,SRCAP,HPSE,LILRB1,ARID5A,USP20,NMU,MALT1,BTNL3,EHD1,TMED2,LMAN2,TMED10,MAPRE2,KCNQ1OT1,COPS5,LILRB4,ATF7,RBPMS,RAB31,RIPK3,GTF2A1L,TENT4A,CPSF6,WWP2,RAPGEF4,CHD3,CHD4,ESM1,PRDM5,CIT,BTN3A2,FAF1,CDC42EP1,TBC1D8,CORO1A,BAZ1A,PKP3,WIF1,IRAK3,AKAP13,DUSP10,PDCD10,PADI2,MRAP2,NACC1,CHRM3,SAAL1,LARP4,RNF13,SYNPO,NLRP3,ERMAP,CHUK,PWWP2A,SLAMF6,OSBPL8,C1QTNF3,CIDEA,C1QTNF4,OMA1,CIRBP,GBP5,WDFY2,CLNK,LRG1,MED12L,ARAP1,AGAP2,TADA1,ADD1,CLCN3,BORCS5,C10orf71,CLU,ADD3,SLC15A4,SPIC,SPPL3,SLAIN1,FRMD6,CCR1,SLC24A4,LEO1,CCR4,PLA2G4E,CMKLR1,ZC3H18,MIEF2,CNTFR,CNTN1,RNF19B,COL3A1,IQGAP3,TBC1D20,TRABD2A,DIS3L2,UBR3,COL16A1,COMP,KLF6,OCIAD2,IL31RA,PPARGC1B,EGFLAM,STXBP5,ADORA2A,NCOA7,ADORA2B,CPB2,COL26A1,CPT1A,NACC2,CREB1,ATF6B,CREBL2,MYO3B,CHODL,NEK7,ZBTB46,SIRPA,PARP1,MPP7,MAPK14,CSF1R,SESN3,E2F7,CSK,CSNK1E,CSNK2B,ZFP90,VCAN,PIK3R6,ADRA1A,CREB3L4,CTBP1,CTBP2,RC3H1,CTLA4,CLDN19,CTNS,SHLD1,NFAM1,COMMD1,CTSG,CTSH,CPNE9,CCDC80,GLIPR2,CUX1,CX3CR1,ZNF827,SH3D19,SLC38A9,BTNL9,CYLD,CNKSR3,RNF217,CYP1B1,ABCA13,BMT2,KCTD7,ZNF746,GRK2,PRAG1,RDH10,CYP19A1,DAB1,DAB2,CD55,DGKQ,DAP,DAPK1,DAXX,DAZL,ZFPM1,DBN1,DEDD2,DCN,DENND1B,CNST,DCTN1,DHX15,RASSF6,DEFA5,SLC30A8,TMEM64,GLIS3,DHX36,SYNPO2,DIO2,DLG1,DMD,DYNC1H1,DNM2,DNMT3A,DOCK1,DOCK2,DXO,ABAT,DPP4,AGRP,DRD4,ARID3A,DSCAM,DUSP3,AGTR1,DYRK1A,E2F3,GPR183,ECE1,ECT2,ABCA1,LPAR1,EEF2,EFNA5,EFNB2,EGF,EGFR,AHR,PLPP4,MYRFL,EIF2S1,ANO6,NLRC3,EIF4E,EIF4EBP1,EIF4G1,ELANE,ELF1,ELF2,A2M,ABCA2,ELK3,SPRED2,MARK2,CENPV,UNC13D,ZBTB7C,CTTN,ENO1,C9orf72,EPAS1,EPB41,STOM,EPHA1,HIPK1,EPHB3,DIPK2A,EPS15,AKT1,ERCC6,ERG,AKT2,ERN1,ESR1,ABCA3,ESRRA,ETS1,ETV5,ETV6,MECOM,EYA1,EYA2,EYA3,EZH1,EZH2,F2RL2,F12,FABP4,FABP5,ACSL1,PTK2B,SMTNL1,UNC5B,CCNY,RTKN2,FCER2,SLC39A12,C6orf89,FOXK1,DAGLB,MTURN,PXT1,SCUBE3,SEMA3D,FER,FGF7,MAPK15,GPC5,FGFR2,FGR,FH,TFEC,SCAF8,RAB11FIP2,PPM1E,AAK1,CHSY1,NLRP1,SLITRK3,INPP5F,MORC2,FOXJ3,ZNF365,CARD8,SBNO2,EPN2,TRAK1,ATF6,HABP4,RAB3GAP1,ELL2,TPX2,CEP131,LIMCH1,RIMS1,MAPKBP1,CNOT1,SAMD4A,ZNF292,TNIK,ZHX3,ZNF609,SWAP70,RRP1B,MYCBP2,FOXO1,KDM4C,TRIM35,ZNF423,IQSEC2,TNRC6B,TAB2,PLXND1,KDM6B,ANKLE2,ZC3H3,FCHO1,GRAMD4,WDR43,MAPK8IP3,LPIN1,PASK,RFTN1,DIP2A,LARP4B,RCOR1,KANK1,CYFIP1,FAM168A,MLC1,FLT1,SYNE2,PLCL2,PLCB1,COBL,ATP11A,CAMTA1,MGA,CLEC16A,KLHL18,AGTPBP1,FBXW11,ICOSLG,SATB2,CUX2,TUT4,NEDD4L,SASH1,CLASP1,SYNE1,SMCHD1,LARP1,PUM2,SIK3,ZFPM2,MLYCD,GRIP1,RYBP,RHOQ,SF3B3,SF3B1,ABCB10,MACF1,FOLR2,DAAM2,SCRIB,SPIDR,KAT6B,FOS,NNT,PIK3R5,DDAH2,DDAH1,CDC42EP4,FPR3,OPN3,CORO1C,DAPK2,PHLDA3,SSBP2,SSBP3,PLXNB2,SH3BP4,MAFF,IL17RA,ALK,ALOX5,ALOX5AP,ALOX12B,ATP6V1C2,CNOT6L,MTOR,ALPL,NR5A2,ABL1,NR5A1,FUT4,FUT7,FYB1,FYN,ZBTB38,YTHDF3,GAB1,GABBR1,GABPB1,RNF144B,PAN3,NEGR1,SNX33,SLC24A2,DSTYK,TNFAIP8,HECTD1,NIPBL,RNF19A,RCHY1,MYRIP,NOL11,WWTR1,ZNF385A,TIPARP,TENM4,CNTNAP2,PPP1R16B,DNM3,AUTS2,ANKRD17,ERC2,GGA1,LDLRAP1,EPC2,TCTN3,ZBTB20,LRRC32,ABCA12,NOC2L,IFT172,NPHP4,GMEB2,STAP1,TIAM2,FBXL5,GATA3,CLEC4E,FBXO22,EHF,GCG,GCH1,NUPR1,KAT2A,NR6A1,PLEK2,GCNT1,GCNT2,AGO1,LATS2,DAZAP1,GDF10,GFI1,GFRA1,NUFIP1,B4GALT1,CYFIP2,ABL2,NPTN,ATP2C1,LAT,UTP25,PELP1,STAU2,LAMP3,FOXP1,SNX5,AGO2,DISC1,C5AR2,TNFRSF21,SESN1,GCLC,BMP10,RBMS3,TNRC6A,P2RY10,STK39,SGSM3,GLI2,BIN1,GNA12,GNAI2,GNAI3,GOLGA4,SFN,GP1BB,GP9,GPD1,GPLD1,GPM6A,SLCO3A1,RBM20,CCDC88B,SLC39A5,CLEC9A,KSR2,GPR17,CCDC57,KANSL1,CAVIN1,METRNL,LAMA1,CXCL17,GPR21,ANGPT2,STPG4,RUFY4,GPR35,ANK1,NSMCE2,GPR37,FFAR3,GRK5,ANK3,GRB10,RAPGEF1,GRID2,TRIB2,GRN,DCPS,GIT1,GRIK2,RGCC,HIPK2,SETD2,NR3C1,ARHGAP35,TBK1,CD274,UHRF1,GRM4,GRPR,GRSF1,GSK3B,GSN,GTF2F2,GTF2I,BRF1,BLNK,TMOD2,GUCY1A1,TFCP2L1,HCFC2,SERTAD3,MDFIC,SCHIP1,PILRB,BICRA,SH3KBP1,ANXA1,ANXA2,HADH,HCK,HCLS1,HTT,HEXB,NRG1,EHD4,HIC1,HIF1A,HIP1,HIVEP1,HK1,HK2,HLA-DOB,HLA-DPB1,HLA-DQA1,HLA-DQA2,HLA-DQB1,HLA-DQB2,HLA-DRA,HLA-DRB1,HLA-DRB5,HLX,HMGCR,HMGA1,HNRNPAB,HNRNPD,HNRNPK,HNRNPU,HOXA3,HOXA9,HOXB3,HOXB5,APBB2,HRH1,HRH2,HSPG2,NDST1,HTR2B,ICAM1,RNASE10,IRF8,BRINP3,ID3,STING1,POU2AF2,IDE,FMN1,ATXN1L,SH3RF3,IFNG,MACC1,TUBB2B,IGF1R,IGF2R,GEN1,APP,RBPJ,TICAM2,FAS,IL1A,IL1R1,IL1RAP,IL6R,IL7R,IL10,IL15,IL15RA,IL16,FOXK2,INHBA,INPP5D,ITGA6,IRAK2,IREB2,IRF2,IRF4,IRF7,ITGA1,ITGA2,ITGA5,ITGAM,ITGAV,ITGB1,ITGB2,ITPKB,ITPR1,JAK1,TRIM23,KARS1,KCNB1,KIF7,MIA3,KCNE1,STIMATE,SLC26A5,KCNMA1,KCNQ1,KIF5B,ARG1,KRT10,KRT17,C2CD4B,SCIMP,CCL4L1,C1QTNF12,NOTCH2NLA,GFRAL,LAG3,LAMA2,RHOG,LAMB1,LAMP1,LCK,LCN2,LCP2,LDLR,LEPR,LFNG,LGALS1,LGALS3,LIG4,LIMK1,LIMK2,LIMS1,RHOH,MYO18A,ASIC2,LMNA,LMO2,LMO7,LMX1B,SNX30,LOXL2,LPL,PLPP6,LRP1,LRP2,LRP3,LRP6,LRP5,YY2,LTF,LUM,CD180,LYL1,LYN,MIRLET7B,MIR140,MIR141,MIR143,MIR145,MIR17,MIR18A,MIR185,MIR192,MIR195,MIR199B,MIR19A,MIR19B1,MIR20A,MIR200C,MIR21,MIR214,TACSTD2,MIR302A,MIR30A,MIR92A1,MIR17HG,ARRB1,SMAD1,SMAD2,SMAD3,ARRB2,SMAD6,SMAD7,MAFG,ARSB,MAN2A1,MAP2,MAP6,MARS1,MAX,MBP,MCL1,MEF2A,BORCS8-MEF2B,MEF2C,MEF2D,MEFV,MEIS1,MAP3K5,MGAT3,MGAT5,MGMT,CIITA,MID1,MITF,ATXN3,KMT2A,MLLT1,MLLT3,AFDN,MME,MMP2,MMP8,ASTL,MNAT1,MPL,ABCC1,EIF2AK4,RHEX,TRIM67,MIAT,MIR302C,ASPA,ASPH,MSR1,MYB,MYH10,ZFHX3,MYLK,MYO1C,PPP1R12A,ATF3,CEACAM6,NBL1,NCBP1,NCK1,RERE,NEDD4,NEDD9,NEK2,NEO1,NEUROG1,NF1,NFATC1,NFIA,NFATC3,NFE2,NFIB,NFIC,NFIL3,NFKB1,NFYC,NGFR,NINJ1,NKG7,NNAT,NNMT,NOS3,CNOT2,NOTCH1,NOTCH2,NOTCH3,NOTCH4,FXYD2,NPAT,NPPA,ATP2A2,ATP2A3,NRCAM,NRDC,NRF1,ROR1,NTS,NUMA1,NR4A2,ATP2B4,NVL,MIR378A,WRAP73,OPRM1,OSM,P2RX1,P2RX3,P2RX4,P2RX7,P2RY6,P4HB,FURIN,RRM2B,MINK1,ITSN2,PAK2,PALM,ARHGEF3,REG3A,PRKN,PARN,PAWR,PAX2,ASAP1,PBX1,PBX3,PCBD1,SLC35C2,ZBTB7B,PCK2,SH3GLB1,ANGPTL4,CHCHD2,HSD17B12,PCNT,VPS28,LEF1,SS18L2,PLCE1,NIN,PCSK1,ZNF219,SHISA5,MARCHF2,CD320,ZDHHC3,SLC25A37,PLAC8,WAC,PDCD1,PRR16,PDCD2,FZR1,TAOK3,MBTPS2,UBR5,ANGPT4,PDE2A,PDE4B,PRKAG2,ZNF107,SUCO,ANAPC7,PDE4D,EVL,NAT8B,ANKFY1,DTL,NCKIPSD,PDE9A,CXXC5,PDGFA,PDGFB,HDAC7,CYRIB,LARP7,NBAS,KLF13,RTRAF,CDK5RAP1,ASB4,NUB1,SUFU,CPSF3,PDPK1,CAB39,UIMC1,WWOX,CD244,ERAP1,RAB8B,INPP5K,TM7SF3,RSF1,MAP3K20,PFKFB2,PHB1,PHF2,PHKG2,PIK3CB,PIK3CG,PIK3R1,PIP4K2A,PKHD1,PKM,PKNOX1,PKP2,PLA2G4A,PLAG1,PLAGL1,PLAT,PLAUR,BCL11A,UBASH3A,PLCG1,PLCG2,TPCN1,FXYD1,PLXNA1,PLXNA2,PLXNB1,PML,TRIM34,TLR9,SEPTIN4,C21orf91,DCUN1D1,SSH1,SASH3,RIN2,ATAD2B,ANKIB1,MIOS,TOLLIP,RBM47,DHX29,ADAMTSL4,POU2F1,APBB1IP,SHLD2,EGLN1,INO80,MAP10,PPARA,PPARD,PPARG,PPBP,LEPROT,ZRANB1,TET2,AHI1,GATAD2A,BCAS3,WBP1L,DEF8,TENT5C,EPS8L1,FNBP1L,NCAPG2,LAX1,NSD3,KANSL2,PPM1A,OCIAD1,ODAM,ADISSP,CLN6,PINX1,PPP1CA,TESC,PID1,PHIP,BANK1,USP47,NRDE2,WIPI1,KIF26B,PPP1R10,ARHGEF10L,TMEM33,SHQ1,MSL2,PPP2R1A,RNF220,VPS13D,PPP2R1B,PBRM1,APPL2,GOLPH3L,NAT10,KIRREL1,ASXL2,PSPC1,FBXW7,PPP3CA,PPP3CC,IMPACT,LGR4,PPT1,SIRPG,MAML3,CDCA7L,SOX6,NAGK,SUPT20H,PRIM2,ITLN1,DDX60,CDKN2AIP,TENT5A,PRR5,TASP1,AMBRA1,ZNF407,PRKAA2,CHD7,LYAR,PRKACA,NPLOC4,LIMS2,SCYL2,FRMD4A,CCDC88A,SLF2,PRKAR1A,PRKAR1B,INAVA,PRKCA,PRKCB,DCP1A,TRERF1,PRKCE,DCAF6,PRKCH,CAND1,PRKCI,EAF2,ASH1L,LMO3,ZNF395,PRKCZ,PRKDC,ERBIN,RCC2,MAPK1,SULF2,MAPK6,BAIAP2L1,MAPK8,MAPK13,PDGFC,MAP2K1,MAP2K2,MAP2K5,DNAJC3,PRL,PRLR,LMOD3,CRTAM,MEPCE,CTNNBL1,LRRC8A,PARD3,PRSS8,AZU1,TMPRSS4,TRIM39,RETN,FMN2,SPHK2,CELF4,SPIRE1,BMAL2,DUSP22,MFF,RGMA,PRDM11,CTNNBIP1,PDXP,CASS4,C12orf4,PNPLA2,RAB25,CAMK1D,CD177,RTN4,SLC44A2,SMURF1,PELI2,PELI1,ZNFX1,ZMIZ1,ATP10A,PPP4R3B,PTEN,PBXIP1,PTGER3,AICDA,SLC24A3,PTGS2,MIR497,MIR520C,BIRC6,TENM2,GATAD2B,PTH2R,PTK2,CNOT6,ARID1B,MRTFB,KIDINS220,RPTOR,PTK6,MIB1,ELAPOR1,ZNF398,SEMA6A,STAMBPL1,ZNF319,PREX1,WDFY1,MRTFA,FNIP2,USP36,SLAIN2,DIP2B,TSHZ3,STIM2,ZFAT,SH3RF1,EP400,DHX37,PLEKHA4,GPAM,CHD8,TNRC6C,SHTN1,CPNE5,ADGRB3,PTPN1,EPG5,MARK4,PTPN9,PTPN11,GRHL3,PTPRC,PTPRD,PTPRJ,NECTIN2,CXCL16,PXN,PEX5,TP53INP2,RPRD1B,CACTIN,RRAGD,MAP4K2,RAB27A,RAC2,RAD21,RAD51B,RAF1,RALB,ACTA2,RAP1B,RAPSN,RARA,RARG,RASGRF1,RB1,HIVEP3,KDM5A,TRPV4,LGR6,RBP4,BCL2,UPF1,BCL2L1,TRIM27,RFX2,RFX3,RHEB,BCL3,AVPI1,BCL6,ELOVL5,BCL7A,ROBO1,RORA,RORC,BCR,RPS3,RPS6KA1,RPS6KA2,RREB1,CLIP1,RSU1,RXRA,S100A1,S100A4,S100A6,S100A9,S100A10,S100A11,S100A13,CFB,ATXN7,CEACAM1,SCP2,CCL3,CCL13,BICD1,CCL18,CCL22,BID,BIK,UBE2O,ZNF335,PCIF1,SEC14L1,PRDM16,SECTM1,MYO1G,SELE,PERP,GOLPH3,BLM,VSIR,NOD2,IFIH1,PDF,MAP2K4,P3H1,IRF2BPL,SEMA4A,COP1,IKZF4,SFTPD,KLHL25,SGK1,SGTA,CLEC7A,SHB,SMYD3,CREB3L2,MEAF6,SIAH1,CRTC3,DEPTOR,ST6GAL1,MARCHF7,YTHDC2,NIBAN2,BCL11B,RASAL3,SKI,NDRG4,SKP2,GPBP1,SLC1A2,UPF3A,WNK1,SLC2A4,NADK,SLC5A3,SLC6A6,SLC6A9,SLC7A1,LGALS9C,FER1L6,SLC8A1,BMP7,SLC11A1,SLC34A1,SLC20A1,SLC20A2,BMPR1B,BMPR2,SMARCA2,SMARCA4,BRD9,AACS,SMARCC1,SMARCD1,SMARCD2,MTMR9,SNCA,SOD1,SORL1,SOS1,SOX5,SOX12,SP100,SPARC,SPI1,SPN,SPTA1,SPTBN1,SRC,SREBF1,SREBF2,BRAF,SRPK1,DENND2B,STAC,ZFP36L1,STAT3,STAT5B,STIM1,STK3,STK4,CDKL5,SULT2B1,SURF4,SVIL,SYK,SYT1,TBXT,TACC1,ADAM17,TAF6,TAF10,TAFAZZIN,TBL1X,TBX6,TBXAS1,TCF4,TCF3,TCF7L2,TCF12,TCF20,TEAD3,TEC,TEK,TERF2,TFCP2,TFDP1,TFDP2,TGFA,TGFB1,TGFBR1,TGFBR2,TGFBR3,TGM2,THBS1,TSPO,THRA,THRB,TIAM1,TIE1,TIMP3,TLE1,SERPING1,TLR5,GPR137B,TNFAIP3,C1QB,TNFAIP6,TNFRSF1A,TNFRSF1B,TNNI2,C1QC,TNXB,TOP2B,TP53BP2,C1S,TP73,TPD52L1,C2,TPR,NR2C2,TRAF2,TRAF3,TRAF5,TRAF6,C3AR1,TSG101,TSHR,EIPR1,TTN,TULP1,CCR2,TNFRSF4,TXK,ACOD1,TYRP1,UBE2D3,UBE2E1,UBE2L3,UBE2V1,CLRN1,UTRN,UVRAG,VAV2,VDAC1,VIM,VWF,WARS1,WFS1,NSD2,WRN,WT1,XPC,XRCC2,XRCC3,XRCC5,YWHAH,ZFP36,PTTG1IP,CA2,ZNF76,CA7,RELL1,ZNF131,ZNF143,ZBTB16,ZNF148,ZBTB17,CACNA1D,ZP3,PRDM2,LAPTM5,CACNA2D1,CSDE1,CACNB1,CACNB2,ALMS1,PAX8,CACNB4,MAPKAPK3,USP7,RAB7A,AHNAK,NABP2,PVRIG,SECISBP2,METTL16,FTO,ELOVL6,WDR77,CARD14,MAPKAP1,DERL1,BAG6,ZXDC,NOX5,ZBED2,FYCO1,EPS8L3,ADIPOR2,HMBOX1,RNASEH2B,NDNF,DYNC2H1,ICE2,TUT7,NLRX1,LRRK1,TBL1XR1,VPS37B,ZNF750,ZNF668,KATNBL1,GSDMD,TTC21B,MMRN2,EHMT1,MOB3B,METTL8,CSPP1,LPCAT1,PRR5L,BTNL8,ACTR5,NANOG,DOK3,KAT6A,ATAT1,WLS,GRHL2,SVEP1,STN1,DOCK5,SEMA6D,CSRNP3,ADAMTS20,CALM1,BAIAP2L2,NR4A3,NAA15,DBF4B,CEP290,ARMC9,ALPK1,STAM,CDK5RAP3,MLLT10,NCOA4,PDGFD,EPC1,ZKSCAN3,TRAF3IP3,ADAM12,CD276,CSRP3,AKNA,NDFIP1,EEPD1,DDHD1,APOL3,KDM7A,FXR1,CDK2AP1,ACTN4,WNT5B,ZBP1,COLEC12,CALR,DPF3,SLC7A5,DCSTAMP,SLC38A1,GDPD5,TRIM11,CLPB,ITM2C,VMP1,CAMK2D,ELL,MED25,NRIP1,CLTCL1,CAPN1,CAPN3,TRRAP,PICALM,KLRC4,AXIN1,CASP1,APH1B,PLVAP,CASP2,RASSF5,ZMIZ2,CCDC3,SESN2,FERMT3,ATG10,ITCH,RBM4B,FRMD8,MAD1L1,TBC1D10A,CASP6,CASP7,ADGRV1,DTNBP1,ANKRD27,ULK1,BCAR3,KAT8,ARID5B,NLRC5,STX7,SLA2,CHD6,SETD3,TRAF7,SLF1,SGIP1,SLC25A33,STK24,RNF135,CASP10,BRMS1L,HVCN1,RASAL1,NSMAF,NCK2,CARD11,MAML2,DOT1L,SLX4,CASQ2,SPIRE2,CUL3,HOPX,CUL1,CASR,KLF11,TTBK1,IL1F10,SUPT3H,USP32,KDM2B,CAT,GPT2,PSRC1,CRACR2A,GPR65,SEMA7A,ADTRP,ZNF496,KLHL22,HAVCR2,AGBL4,ORAI1,MFSD2A,AIFM2,NFATC2IP,ZNRF1,PKP4,ENC1,ITGA8,DGKZ,DGKD,CST7,MYLK2,NKD1,SLC45A3,CEP295,CDC14B,CDC14A,MADD,CAV1,CASK,STK16,SCARF1,RUNX2,KLF7,RUNX1,PLPP3,CADPS,CDK13,RFXANK,CBFA2T3,UNC5C,OASL,RUNX3,PTCH2,AKR1C3,NCOA1,CBFB,TNKS,SLC4A4,EIF4G3,BECN1,PEA15,MARCO,ACTN1,ADAM19,MYOM1,CRADD,TNFSF12,TNFSF10,ADAM9,FADD,TNFRSF11A,TNFRSF10C,TNFRSF10B,TNFRSF10A,IL18RAP,IL1RL2,IL18R1,IQGAP1,NRP2,NRP1,CD84,SOCS2,CFLAR,CCN4,HDAC3,PROM1,KSR1,TSC22D1,KAT2B,NR1I2,STK19,LDB1,CCKBR,CDC123,ARHGEF7,VNN1,FUBP1,CDC16,MTMR2,CPNE1,MBD2,FUBP3,BTRC,CCND3,USP13,HPS4,NAV3,KLHL6,RPS6KA4,TRIM15,LIMD1,TNFSF18,ACVR1,PHLDB2,OTULIN,NAT8,BAZ1B,SEMA5A,SPAG9,DOK2,AIP,MCU,PPP1R3E,ASH2L,ANGEL2,PIP4P1,USP8,MTA1,LATS1,CD1D,PDLIM1,CBFA2T2,RNF185,PKDCC,RSAD2,CD3E,CHURC1,IL1RL1,MAP3K13,ZNF804A,MYLK3,SLC24A1,DDX21,CD247,CD5,LGI1,LARGE1,VAPB,VAPA,CD5L,MAGI1,CD6,CCPG1,SPSB4,PXYLP1,NUMBL,MFHAS1,MOB1B,MAPKAPK2,STK17B,ITGB1BP1,BPIFB1,SHKBP1,HNRNPLL,S1PR2,CD83,TRIP4,CD22,B4GALT5,CPNE6,TADA2B,NHERF1,KIF3B,PLAA,NRXN1,CD27,ACVRL1,SFXN5,CD80,ORMDL3,MED21,CD86,MED26,MED27,GSTO1,AIM2,MAP4K4,LY86,EIF2AK3,PICK1,CD34,AKAP6,ATG5,CD36,KIF23,SLC4A8,SCARB2,MAGED1,RPH3AL,ADAMTS3,SPTLC2,CD38,EEF1E1,TMEM59,MACROH2A1,GTPBP1,CLOCK,BABAM2,CREB5,AKAP12,CD44,ABCG1,ARHGEF10,MORF4L2,MICAL2,FNIP1,CTR9,PPM1F,CD58,ZNF516,PDE4DIP,CD59,LPIN2,TTI1,FAM53B,DEPDC5,VGLL4,NUP93,RAPGEF2,EDEM1,PUM1,RIMS2,ST18,NOS1AP,HDAC9,USP34,CD79B,CLSTN3,CD81,RIPOR2,HDAC4,TOX,CD151,BCLAF1,ATG13,TBC1D5,PIEZO1,RNF144A,MATR3,MTSS1,SERTAD2,MAML1,RNF40,CTIF,RB1CC1,MELK,ZEB2,TESPA1,PLEKHM1,GAB2,C2CD5,MED24,MAGI2,PJA2,FCHSD2,UBAP2L,RBM19,ATP2C2,ARNT2,RNF10,IQSEC1,KIF14,WDR1,USP15,SLC23A2,TNFSF15,THRAP3,MED13,NR1H4,DMTF1,CDH1,CASP8AP2","Sputum_Mixed granulocytic"
"BP","positive regulation of endocytosis",154,64,0.00260372921884735,0.193297200367858,"MERTK,LMAN2,RAB31,CLU,SIRPA,ABCA13,DAB2,DOCK2,EGF,ANO6,NEDD4L,SYNE1,LDLRAP1,STAP1,BIN1,ANXA2,HIP1,HNRNPK,IFNG,IL15,IL15RA,ITGA2,MYO18A,LRP1,MIR17,MIR20A,ARRB1,ARRB2,VPS28,ANKFY1,PLCG2,AHI1,APPL2,PPP3CA,PPP3CC,PPT1,SIRPG,LYAR,SCYL2,AZU1,CAMK1D,MIB1,PTPRC,PTPRJ,RAB27A,BCR,BICD1,SELE,NOD2,SFTPD,CLEC7A,SLC11A1,SNCA,SOD1,SYK,C2,TSG101,TULP1,CALR,DTNBP1,SGIP1,DGKD,PICK1,CD36,CD151,TBC1D5,MAGI2","Sputum_Mixed granulocytic"
"BP","response to lipopolysaccharide",348,115,0.00261377661416658,0.193297200367858,"KLRC4-KLRK1,CD96,TNIP1,CEBPE,LILRB1,ARID5A,MALT1,LIAS,IRAK3,DUSP10,NLRP3,CHUK,GBP5,CNR2,SIRPA,MAPK14,CTSG,CX3CR1,CD55,DEFA1,DEFA3,DEFA4,DEFA5,DIO2,ABCA1,ELANE,AKT1,ALAD,FER,FGFR2,PPM1E,CARD8,SBNO2,TAB2,SASH1,FOS,ALPL,ABL1,STAP1,GCH1,GFI1,FOXP1,GIT1,CD274,HCK,IRF8,TICAM2,IL1A,IL10,IRAK2,SCIMP,LTF,CD180,LYN,MIR140,MIR17,MIR20A,MIR21,SMAD6,MEF2C,MMP8,MPO,CARD17P,NFKB1,NOS3,NOTCH1,TIFAB,P2RX7,PCK2,PCSK1,PDE4B,PLCG2,ACP5,TLR9,PPBP,PRKCA,PRKCE,ERBIN,MAPK1,MAPK8,PLSCR3,PELI1,PTGER2,AICDA,PTGS2,CACTIN,RARA,UPF1,BCR,S100A9,SELE,NOD2,SLC11A1,SNCA,SPI1,SRC,ADAM17,TSPO,TNFAIP3,TNFRSF1B,C2,TRAF6,DEFA1B,ACOD1,VIM,ZFP36,MAPKAPK3,SLC7A5,CASP1,CASP7,IL1F10,HAVCR2,ADAM9,TNFRSF11A,CD6,MAPKAPK2,PLAA,CD80,CD86,LY86,CD36,AKAP12,CTR9,CD68,NR1H4","Sputum_Mixed granulocytic"
"MF","cadherin binding",334,141,0.002615717218648,0.193297200367858,"ABI1,CDH4,CDH17,CDH18,WASF2,PAK4,NDRG1,RACK1,BAIAP2,OLFM4,GIPC1,SEPTIN9,RAB10,MMP24,EHD1,CDC42EP1,PKP3,PACSIN2,EXOC3,FMNL2,ADD1,MPP7,CTNND1,MB21D2,DBN1,DLG1,EEF2,EGFR,MARK2,CTTN,ENO1,EPS15,FASN,PUF60,EPN2,SWAP70,ERC1,MPRIP,FLNB,DOCK9,LARP1,MACF1,SCRIB,GAPVD1,TES,SND1,SNX5,GOLGA3,SFN,CDH19,ANK3,BZW2,DBNL,CTNNA3,OLA1,ANXA1,ANXA2,HDLBP,EHD4,HNRNPK,ITGA6,ITGB1,KIF5B,LASP1,LDHA,AFDN,MYO1B,NCK1,SEPTIN2,NEO1,NOTCH3,P2RX4,PRDX1,PAK2,ASAP1,SH3GLB1,LIMA1,PFKP,PI4KA,PKM,PKP2,PLEC,DHX29,EPS8L1,FNBP1L,PPP1CA,TBC1D2,PARVA,UNC45A,BAIAP2L1,UBFD1,RTN4,MRTFB,SHTN1,PTPN1,PTPN11,PTPRJ,PTPRM,PTPRO,EPS15L1,CDH26,RPL15,RPL23A,S100A11,S100P,CDH23,SH3GL1,NIBAN2,BMPR2,SNX1,SNX2,SPTBN1,SRC,BSG,TLN1,VCL,YWHAZ,AHNAK,EFHD2,CALD1,DIAPH3,CAPG,PICALM,CAST,CAPZB,TBC1D10A,STK24,PKP4,MICALL1,DCHS1,CTNNAL1,IQGAP1,PROM1,ACVR1,PHLDB2,USP8,PDLIM1,CCNB2,LRRFIP1,VAPB,VAPA,ARHGAP18,TJP2,CLINT1,CDH1","Sputum_Mixed granulocytic"
"BP","response to oxygen-containing compound",1798,593,0.00262440788790487,0.193297200367858,"PDCD6,KLRC4-KLRK1,ABCC9,TRAP1,AKAP9,SLC25A13,CALCRL,CD96,KCNMB2,RAMP3,NET1,TNIP1,NOD1,RACK1,RAPGEF3,PRMT5,BAIAP2,UNC13B,NCOA2,KAT5,CEBPE,SORBS1,TXNRD2,TRIM16,PMVK,CES1,SLC12A7,ADCY2,LILRB1,ARID5A,RAB10,MALT1,LIAS,RAB31,RIPK3,ABHD2,IRAK3,DUSP10,PDCD10,SCN11A,CHRM2,CHRM3,NLRP3,CHUK,OSBPL8,FBXO32,GBP5,SLC22A12,AP3S1,ADD1,SLC24A4,CNR2,COL3A1,COL4A1,COL16A1,CPNE4,PPARGC1B,CPB2,CPT1A,CREB1,CRHBP,CRHR1,S100A16,NEK7,CRY2,SIRPA,PARP1,MAPK14,SESN3,CSK,RDH12,AANAT,CTSG,CTSH,CPNE9,CX3CR1,SLC38A9,CYP1B1,BMT2,GRK2,CYP19A1,CD55,DGKQ,DAPK1,DEFA1,DEFA3,DEFA4,DEFA5,SLC30A8,DHX36,DHFR,DIO2,DLG2,DNMT3A,ABAT,AGRP,DRD4,AGTR1,ECT2,ABCA1,LPAR1,EFNA5,EGFR,AHR,EIF2S1,METTL21C,UBR1,EIF4E,EIF4G1,ELANE,A2M,ABCA2,TRIML2,AKT1,ERCC6,AKT2,ERN1,ESR1,ALAD,ALAS1,EXT1,EZH2,FABP4,FANCC,ACSL1,PTK2B,TPCN2,CPNE2,SDK1,FDX1,FECH,FER,FGFR2,RAB11FIP2,PPM1E,NLRP1,CARD8,SBNO2,FOXO1,TAB2,KDM6B,LPIN1,KANK1,CYFIP1,MLC1,SIK2,PLCB1,SASH1,LARP1,RHOQ,LEPROTL1,FOLR2,SPIDR,FOS,SH3BP4,ALK,ALOX5AP,MTOR,ALPL,ABL1,NR5A1,FUT7,FYN,GAB1,GABBR1,PRDX5,CLIC4,KBTBD2,KANK2,ZBTB20,ABCA12,STAP1,GCG,GCH1,GCNT1,GDF10,GFI1,ABL2,FOXP1,SNX5,GLB1,SESN1,GCLC,STK39,GNA15,GNAI2,GNAI3,GNAQ,GNB1,GNRHR,GOT2,GPD1,GPLD1,GPR21,ANGPT2,GPR37,FFAR3,GPX4,GRB10,RAPGEF1,GIT1,NR3C1,CD274,GSK3B,SLC25A24,ANXA1,HADHA,HADH,HCK,HIF1A,ACACA,ANXA11,HLA-DRB1,HNRNPD,HOXA9,HRH1,HRH2,HTR2B,HTR3A,HTR7,ICAM1,IRF8,BRINP3,ID3,IDE,IGF1R,IGF2R,IGFBP7,APP,CASTOR3P,TICAM2,IL1A,IL10,INHBA,IRAK2,AQP9,ITGA2,ITPKB,ITPR1,ITPR2,JAK1,JAK3,KCNB1,KCNE1,SLC26A5,ERCC6L2,KCNJ10,KCNMA1,KCNQ1,KRT8,SCIMP,C1QTNF12,LDLR,LIG4,LPL,LRP1,LRP6,LRP5,LTA4H,LTF,CD180,LYN,MIRLET7B,MIR140,MIR143,MIR145,MIR17,MIR185,MIR195,MIR20A,MIR200C,MIR21,MIR92A1,SMAD2,ARRB2,SMAD6,MAN1A1,MAX,MEF2A,MEF2C,MAP3K5,KMT2A,MMP2,MMP8,MNAT1,MPO,ABCC1,CARD17P,MTAP,MYB,MYO1C,MYO5A,NASP,NCK1,NEDD4,NFKB1,NGFR,NOS3,NOTCH1,NR4A2,ATP2B4,TIFAB,OPRM1,P2RX1,P2RX3,P2RX4,P2RX7,P2RY6,PRDX1,PALM,REG3A,PRKN,PAWR,PAX2,ZBTB7B,PCK2,SIDT2,PCSK1,PDE2A,PDE3B,PDE4B,VPS54,PDGFB,PDK4,PDPK1,INPP5K,PEX14,PFKFB1,PFKFB2,PIK3CG,PIK3R1,PIP4K2A,PKLR,PKM,BCL11A,PLCG2,PLEC,ACP5,TLR9,GPR173,GNG2,SSH1,XRN1,EGLN1,PPARA,CRLS1,PPARG,PPBP,LEPROT,TESC,PID1,PHIP,APPL2,PPP3CA,RNLS,NAGK,ZDHHC7,PRKAA2,PRKACA,DENND4C,PRKAR1A,INAVA,PRKCA,PRKCB,TRERF1,PRKCE,PRKCI,PRKCZ,PRKDC,ERBIN,MAPK1,MAPK8,MAPK13,PDGFC,RETN,SPHK2,PDXP,PLSCR3,AGTRAP,MAN1C1,PELI1,PTGER2,AICDA,PTGS2,PTK2,GRAMD1B,ARID1B,RPTOR,PTK6,STAMBPL1,SH3RF1,GRAMD1A,GPAM,CPNE5,PTPN1,PTPN11,PTPRA,PTPRC,PTPRE,PTPRK,PTPRN2,PEX2,PXN,PEX5,CACTIN,RRAGD,LY6G6D,RAF1,RAP1B,RAP1GDS1,RARA,RARG,RB1,HRH4,TRPV4,RBP4,BCL2,UPF1,BCL2L1,RGS10,RORA,RORC,RPE65,BCR,RPS3,RPS6KA2,RXRA,RYR1,RYR3,SORT1,S100A9,CELA2A,SCNN1A,CEACAM1,CCL3,SELE,GOLPH3,BLM,NOD2,MAP2K4,ZNF106,SGK1,CLEC7A,SMYD3,ST6GAL1,SIPA1,SLC1A2,SLC2A1,SLC2A4,SLC2A5,NADK,BMP7,SLC11A1,SLC12A3,SLC34A1,SLIT3,SMARCA4,SMARCC1,SMARCD1,SNCA,SOD1,SORL1,SOS1,SPI1,SRC,SRD5A2,SREBF1,BRAF,ZFP36L1,STAT3,STAT5B,STIM1,BSG,SYT1,ADAM17,TBXAS1,TCF7L2,TCF12,TDO2,TMBIM6,TEK,TGFB1,TGFBR1,TGFBR2,TGFBR3,TGM2,THBS1,TSPO,TIAM1,TIE1,TNFAIP3,TNFRSF1B,TOP2B,C2,TRAF2,TRAF6,TRPM2,TSHR,TTN,DEFA1B,TYMS,ACOD1,UCP3,VIM,WNT8B,WT1,XRCC5,YWHAG,ZFP36,CA2,CACNA1A,ZNF236,CACNA2D1,CACNB1,TUBA1A,MAPKAPK3,CALM1,NR4A3,EDEM3,NCOA4,PDGFD,CPEB4,PNPLA3,CSRP3,COL18A1,WNT5B,COLEC12,CALR,SLC7A5,CAMK2D,NRIP1,CAPN3,CASP1,GUCD1,SESN2,CASP7,ADGRV1,DTNBP1,BCAR3,PPP1R1B,SLC25A33,STK24,RASAL1,LCOR,CASQ2,CUL3,CASR,KLF11,IL1F10,DGAT2,CAT,GPT2,KLHL22,HAVCR2,LRP11,CAV1,RUNX2,SLC25A12,KLF7,STC2,AKR1C3,NCOA1,BECN1,TNFSF10,CBS,ADAM9,FADD,TNFRSF11A,IL18RAP,IQGAP1,SOCS2,CFLAR,KAT2B,CPNE1,MBD2,KYNU,UMODL1,SYT8,USP8,LARGE1,CD6,MAPKAPK2,CPNE6,NHERF1,PLAA,CD27,RECQL5,CD80,CD86,LY86,HOMER2,RASAL2,AKAP6,ATG5,CD36,CD38,H6PD,AKAP12,NCOR2,ZNF592,CTR9,LPIN2,CD68,RAPGEF2,EDEM1,HDAC9,CDA,C2CD5,TBC1D4,SLC23A2,NR1H4,CDH1,SLC12A6","Sputum_Mixed granulocytic"
"MF","phosphoric ester hydrolase activity",350,138,0.00262941948938349,0.193297200367858,"CTDSPL,TAB1,DUSP10,CHRM3,FRA10AC1,CCR1,UBLCP1,PTPDC1,PPM1K,DLG1,DUSP3,DUSP4,PLPP4,EYA1,EYA2,EYA3,F2RL2,NT5DC1,PPM1E,INPP5F,SACM1L,NT5C2,PLCH1,LPIN1,PLCL2,PLCB1,PHLPP1,PLD3,ALPL,G6PC1,PLCXD2,SAMHD1,PDE7B,PALD1,GPLD1,GDPD1,INPP1,INPP4A,INPP5A,INPP5B,INPP5D,LCK,PLPP6,PDE11A,HDDC2,PLCE1,PDE2A,PDE3B,PDE4A,PDE4B,PDE4D,PDE6A,PDE7A,PDE9A,NT5DC3,INPP5K,PFKFB1,PFKFB2,PFKFB3,PFKFB4,ACP2,PLCB2,PLCB4,PLCD1,PLCL1,PLCG1,PLCG2,ACP5,SSH1,PON3,APTX,PLPPR1,PPM1A,PPP1CA,PPP2R1A,PPP3CA,CPPED1,PPP3CC,PIP4P2,TDP1,DUSP22,PDXP,PTEN,PPM1H,PTK2,PDP2,PTPN1,PTPN3,PTPN4,PTPN7,PTPN9,PTPN11,G6PC2,PTPN13,PTPN14,PTPRA,PTPRC,PTPRD,PTPRE,PTPRG,PTPRJ,PTPRK,PTPRM,PTPRN2,PTPRO,PRUNE1,LHPP,TNS3,NT5DC2,MPPE1,TNS1,MPPED2,PPP1R3B,DUSP16,GDPD5,CAMK2G,HDHD2,CASR,PLPP7,UBASH3B,SSH2,CDC14B,CDC14A,PLPP1,PLPP3,SYNJ2,MTMR3,MTMR2,PLCZ1,PPP1R3E,PIP4P1,MTMR7,CTDP1,STYXL2,PXYLP1,PPM1F,LPIN2,DNAJC6,FIG4","Sputum_Mixed granulocytic"
"BP","positive regulation of type II interferon production",77,32,0.00263695353432653,0.193297200367858,"KLRC4-KLRK1,RASGRP1,LILRB1,ARID5A,BTN3A2,SLAMF6,ZFPM1,SCRIB,ABL1,HLA-DPB1,IRF8,IL1R1,PDE4B,PDE4D,CYRIB,CD244,TLR9,SASH3,CRTAM,TRIM27,BCL3,CLEC7A,SLC11A1,CCR2,TXK,ZP3,CD276,SLC7A5,HAVCR2,FADD,IL18R1,CD3E","Sputum_Mixed granulocytic"
"BP","negative regulation of leukocyte proliferation",95,39,0.00266319717545226,0.19459322384237,"TSPAN32,BTN2A2,GPNMB,LILRB1,LILRB4,RC3H1,CTLA4,DLG1,TMEM131L,SCRIB,LRRC32,TNFRSF21,CD274,HLA-DRB1,IL10,INPP5D,ARG1,LYN,MIR185,NF1,PAWR,ZBTB7B,PRKAR1A,CRTAM,PELI1,BCL6,VSIR,SFTPD,MARCHF7,LGALS9C,SPN,TNFAIP3,NDFIP1,RASSF5,ITCH,MAD1L1,HAVCR2,CD80,CD86","Sputum_Mixed granulocytic"
"MF","immune receptor activity",139,49,0.00267700394755328,0.194975120846797,"KLRC4-KLRK1,CXCR6,CCR9,LILRB1,LILRB4,IL22RA2,CCR1,CCR4,CMKLR1,CNTFR,IL17RE,IL31RA,CSF3R,CTSH,CX3CR1,FCER2,FCGR1BP,FPR3,IL17RA,GFRA1,C5AR2,GPR17,GPR35,HLA-DOB,HLA-DQA1,HLA-DQA2,HLA-DQB1,HLA-DQB2,HLA-DRA,HLA-DRB1,IFNAR2,IFNGR2,IL1R1,IL1RAP,IL6R,IL7R,IL15RA,GFRAL,LEPR,MPL,IL21R,ACKR4,PRLR,C3AR1,CCR2,IL18RAP,IL1RL2,IL18R1,CCRL2,IL1RL1,CD44","Sputum_Mixed granulocytic"
"CC","ruffle",182,85,0.00271071905295534,0.196799935333409,"WASF2,CDK6,DLC1,BAIAP2,NCKAP1,PACSIN2,KLHL2,THEM4,CLCN3,FGD4,RINL,EGFR,CTTN,AKT2,SPATA13,FGD1,FGR,PALLD,FRMD4B,KANK1,CYFIP1,COBL,PSD3,PIP5K1C,MACF1,ARHGAP45,PSD4,CORO1C,ABL1,SNX5,DBNL,ITGA5,ITGAV,ITGB1,SCIMP,MEFV,MKLN1,MYO1C,MYO5A,MYO6,MYO9B,PLEKHO1,PDE4A,LIMA1,PDE9A,INPP5K,ATP6V1B2,PLCG1,PLCG2,EPS8L1,TESC,APPL2,ASAP3,FGD6,PDXP,PTK6,PTPRJ,RASA1,TRPV4,RPS3,CLIP1,S100A6,S100A11,SAMSN1,MTMR9,SRC,CDKL5,ADAM17,TIAM1,TLN1,WIPF1,EPS8L3,CAPG,AIF1L,ACTN1,IQGAP1,KSR1,ARHGEF7,FGD3,PDLIM7,ITGB1BP1,ARHGAP18,NHERF1,MTSS1,C2CD5","Sputum_Mixed granulocytic"
"BP","regulation of translation in response to stress",21,13,0.0027561769457346,0.199410609336388,"TMED2,EIF2S1,EIF4G1,FECH,KRT13,EIF2AK4,NCK1,PPP1CA,IMPACT,DNAJC3,RPS6KA1,SESN2,NCK2,EIF2AK3","Sputum_Mixed granulocytic"
"BP","myeloid leukocyte migration",240,82,0.00276708318890033,0.199410609336388,"MICOS10-NBL1,DNM1L,CCL26,VAV3,CCR1,CMKLR1,SIRPA,CSF1R,CSF3R,CTSG,CX3CR1,CXADR,CYP19A1,DPP4,ANO6,PTK2B,SWAP70,FLT1,PLCB1,PIP5K1C,DAPK2,IL17RA,FUT4,FUT7,STAP1,B4GALT1,C5AR2,CXCL17,ANXA1,IL1A,IL1R1,IL6R,ITGA1,ITGA9,ITGB2,CCL4L1,LGALS3,LYN,MMP2,NBL1,NF1,P2RX4,PDE4B,PDGFB,PIK3CG,PIK3R1,TREM1,PPBP,MAPK1,AZU1,SLAMF8,CAMK1D,CD177,PTK2,MTUS1,PREX1,PTPRO,RAC2,TRPV4,BCR,S100A9,CCL3,CCL13,CCL18,CCL22,NOD2,SFTPD,SPI1,STAT5B,BSG,SYK,THBS1,TNFAIP6,C3AR1,CCR2,RIN3,PDGFD,GBF1,TNFRSF11A,TNFSF18,MCU,CD9,CD81,RIPOR2,WDR1","Sputum_Mixed granulocytic"
"MF","phosphatidylinositol-3-phosphate binding",45,26,0.0027808022285436,0.199410609336388,"PLA2G4E,SNX20,VPS13B,SNX13,ZFYVE26,PHLDA3,WIPI2,PLEK2,RUFY4,SH3PXD2B,SNX24,HIP1,NCF4,PLA2G4A,PLEKHA5,WIPI1,ATG2B,WDR45B,PARD3,PLEKHA4,DENND1A,ZFYVE28,RUBCNL,SNX27,ZFYVE19,PLCZ1,SNX21,SH3PXD2A","Sputum_Mixed granulocytic"
"BP","positive regulation of cytokine production involved in immune response",80,35,0.00278231637069815,0.199410609336388,"NOD1,LILRB1,ARID5A,MALT1,NLRP3,CLNK,CD55,DENND1B,DHX36,GATA3,FFAR3,HK1,TICAM2,IL1R1,SCIMP,P2RX7,PLCG2,SASH3,INAVA,PRKCZ,SPHK2,NOD2,CLEC7A,SYK,TRAF2,TRAF6,LAPTM5,NR4A3,SLC7A5,SEMA7A,IL18R1,RSAD2,DDX21,MAPKAPK2,CD36,CD81","Sputum_Mixed granulocytic"
"MF","cytokine binding",140,54,0.00279055508576709,0.199410609336388,"MICOS10-NBL1,TRIM16,CXCR6,CCR9,COPS5,IL22RA2,CCR1,CCR4,CNTFR,COMP,IL31RA,CSF1R,CSF3R,TMC8,CX3CR1,ELANE,A2M,UCMA,SCUBE3,ACKR1,LRRC32,IFNAR2,IL1R1,IL6R,ITGAV,ITGB1,NRROS,LEPR,LTBP1,MMP8,NBL1,ACKR4,PLP2,PRLR,BMPR1B,BMPR2,ADAM17,TGFBR1,TGFBR2,TGFBR3,THBS1,TNFRSF1A,TNFRSF1B,TRAF2,CCR2,ZFP36,PXDN,TCAP,TNFRSF11A,IL18R1,NRP2,NRP1,ACVR1,CCRL2,IL1RL1,ACVRL1,CD36","Sputum_Mixed granulocytic"
