p.value,fdr,p.holm,t.statistic,coefficient,coefficient.ci.high,coefficient.ci.low,coefficient.se,n,chromosome.x,position.x,probeID,beta,p,log10p,chromosome.y,position.y,gene.symbol,chromosome,position,gene,bonf
1.0922590749486405e-10,9.438778641350176e-5,9.438778641350176e-5,-7.366808928373783,-0.028252021661683335,-0.02062589287436296,-0.03587815044900371,0.003835042002089763,92,chr15,91207655,cg15183704,-0.028252021661683335,1.0922590749486405e-10,9.96167433830185,chr15,91207655,,15,91207655,NA,9.438778641350176e-5
4.2169548192733665e-10,1.3080373330642272e-4,3.644085724029899e-4,-7.069233786853201,-0.2796250970791599,-0.20096801819225668,-0.3582821759660631,0.039555219916362704,92,chr3,13431720,cg17336044,-0.2796250970791599,4.2169548192733665e-10,9.375001052019375,chr3,13431720,NUP210,3,13431720,NUP210,3.644089940984718e-4
4.5409974161868295e-10,1.3080373330642272e-4,3.924102917197849e-4,-7.052850811476127,-0.09965833509440904,-0.07155984775645141,-0.12775682243236666,0.01413022021283207,92,chr2,102182371,cg06894541,-0.09965833509440904,4.5409974161868295e-10,9.34284874521115,chr2,102182371,,2,102182371,NA,3.924111999192681e-4
1.463484365947921e-9,2.928975793050956e-4,0.0012646685513495299,-6.792691813560356,-0.09020846646526728,-0.06380023004458135,-0.11661670288595322,0.013280223649361322,92,chr19,39738726,cg18597415,-0.09020846646526728,1.463484365947921e-9,8.834611912669079,chr19,40229366,CLC,19,39738726,CLC,0.0012646729418026277
1.938435277885755e-9,2.928975793050956e-4,0.0016750949685144195,-6.729847046049257,-0.0709380013223195,-0.049977205639694794,-0.09189879700494422,0.010540804395244541,92,chr2,64909978,cg24179559,-0.0709380013223195,1.938435277885755e-9,8.712548695005662,chr2,65137112,LOC400958,2,64909978,LOC400958,0.0016751027222555311
2.0336531950751413e-9,2.928975793050956e-4,0.0017573753075645982,6.719109737685291,0.1253220651951115,0.1624114661863127,0.08823266420391031,0.018651587797743646,92,chr6,128456021,cg02597924,0.1253220651951115,2.0336531950751413e-9,8.691723106628064,chr6,128456021,PTPRK;PTPRK;PTPRK;PTPRK;PTPRK;PTPRK,6,128456021,PTPRK,0.0017573854758305735
4.5977708890079465e-9,5.675961298968564e-4,0.003973145322652661,6.53573490421903,0.02310232867364583,0.030131357755385363,0.016073299591906294,0.0035347713780025753,92,chr1,156860288,cg03055346,0.02310232867364583,4.5977708890079465e-9,8.337452673805904,chr1,156830080,NTRK1;INSRR;NTRK1;NTRK1,1,156860288,NTRK1,0.003973172909277995
6.6872651204468475e-9,7.096060645260688e-4,0.005778766717508541,-6.451033348874463,-0.03948209333852526,-0.027311692160399803,-0.051652494516650715,0.006120274257365893,92,chr16,120123,cg01278651,-0.03948209333852526,6.6872651204468475e-9,8.174751458605892,chr16,170122,NPRL3;NPRL3;NPRL3;NPRL3;NPRL3,16,120123,NPRL3,0.005778813528364384
7.456821323088797e-9,7.096060645260688e-4,0.0064437674054192455,-6.42634524650032,-0.05542680506427946,-0.03827579103278196,-0.07257781909577696,0.008624934225944982,92,chr2,39418814,cg15756055,-0.05542680506427946,7.456821323088797e-9,8.127446263148622,chr2,39645955,MAP4K3,2,39418814,MAP4K3,0.006443827059989831
8.21158852292269e-9,7.096060645260688e-4,0.007095986740963982,-6.404468225994689,-0.015780211084955895,-0.010880575915431803,-0.020679846254479987,0.0024639377584709686,92,chr4,7056100,cg23757056,-0.015780211084955895,8.21158852292269e-9,8.085572820955289,chr4,7056100,TADA2B,4,7056100,TADA2B,0.007096060645260689
1.0782270991761647e-8,8.470473674611645e-4,0.009317413219362894,-6.34254741829693,-0.02912614102545581,-0.019994407377329965,-0.03825787467358165,0.004592183409056265,92,chr10,49118687,cg16491923,-0.02912614102545581,1.0782270991761647e-8,7.967289757208945,chr10,50326732,,10,49118687,NA,0.009317521042072811
1.2448774445873293e-8,8.964694445791916e-4,0.010757496398431394,-6.309797426215552,-0.030872820019907744,-0.021143222061604416,-0.04060241797821107,0.004892838538942515,92,chr1,186121752,cg02176951,-0.030872820019907744,1.2448774445873293e-8,7.904873401788576,chr1,186090884,HMCN1;MIR548F1,1,186121752,HMCN1,0.010757633334950297
1.4036923696916945e-8,9.330796681952439e-4,0.012129867243453808,-6.282395728108551,-0.0812285279810143,-0.05551762649401918,-0.10693942946800944,0.012929546545051832,92,chr2,161067945,cg26150263,-0.0812285279810143,1.4036923696916945e-8,7.852728060855984,chr2,161924456,,2,161067945,NA,0.012130035686538171
2.0559701753132556e-8,0.0012690505278123575,0.017766440113250213,-6.1950433952795265,-0.043918289984493444,-0.0298210179790563,-0.05801556198993059,0.00708926268667595,92,chr22,50651198,cg11740027,-0.043918289984493444,2.0559701753132556e-8,7.6869831896723,chr22,50651198,SELO,22,50651198,SELO,0.017766707389373006
3.145399840826749e-8,0.0018120690421667444,0.027180595276523452,-6.09724315526699,-0.1027176846065324,-0.06921761442653501,-0.13621775478652978,0.016846578361862055,92,chr17,18043154,cg14611258,-0.1027176846065324,3.145399840826749e-8,7.5023241395264435,chr17,17946468,C17orf39,17,18043154,C17orf39,0.02718103563250117
3.633601649865981e-8,0.001962490083084367,0.031399296289102395,-6.063935614929456,-0.02921353021555581,-0.019633575193748337,-0.038793485237363284,0.0048175858173084615,92,chr19,47682998,cg11747742,-0.02921353021555581,3.633601649865981e-8,7.4396626859294015,chr19,48186255,GLTSCR1,19,47682998,GLTSCR1,0.03139984132934987
4.6883843308814565e-8,0.0023832215860587484,0.04051401682150578,-6.004945533327789,-0.04975571207105862,-0.03327910124791956,-0.06623232289419767,0.008285789070843623,92,chr5,136135062,cg10619318,-0.04975571207105862,4.6883843308814565e-8,7.32897679418717,chr5,135470751,SMAD5;SMAD5;SMAD5OS;SMAD5,5,136135062,SMAD5,0.04051476696299872
5.807751161989437e-8,0.002762409103295039,0.05018681050365742,-5.95523127352671,-0.1083481551389918,-0.07216912676733357,-0.14452718351065003,0.018193777900892105,92,chr22,39218763,cg25670299,-0.1083481551389918,5.807751161989437e-8,7.235991999623733,chr22,39218763,NPTXR,22,39218763,NPTXR,0.05018779782135496
6.0736737243686e-8,0.002762409103295039,0.05248467970133536,-5.9448171377096966,-0.044185633598934286,-0.029405559986645263,-0.05896570721122331,0.007432631244223144,92,chr10,5305436,cg21611669,-0.044185633598934286,6.0736737243686e-8,7.216548541939034,chr10,5347399,,10,5305436,NA,0.052485772962605745
6.507578460729817e-8,0.0028117684709982964,0.05623413298005839,-5.928753085621689,-0.09257848784166604,-0.061527120461069194,-0.12362985522226289,0.015615170087987948,92,chr1,63651654,cg08209849,-0.09257848784166604,6.507578460729817e-8,7.186580586974918,chr1,64117325,PGM1;PGM1;PGM1;PGM1;PGM1;PGM1,1,63651654,PGM1,0.05623536941996593
8.404311278361975e-8,0.0033369065684538493,0.0726243431359349,-5.8690694264470755,-0.06126348288119332,-0.04050639391676941,-0.08202057184561723,0.010438363977282176,92,chr18,56660775,cg09700170,-0.06126348288119332,8.404311278361975e-8,7.075497870596,chr18,54328006,WDR7;WDR7,18,56660775,WDR7,0.07262602399819057
8.495258300158385e-8,0.0033369065684538493,0.07341016050174165,-5.866553012748685,-0.1328619378141614,-0.08782678991573561,-0.17789708571258717,0.022647359961707893,92,chr20,36876000,cg09227119,-0.1328619378141614,8.495258300158385e-8,7.07082341177692,chr20,35504403,C20orf118,20,36876000,C20orf118,0.07341194450598469
9.317453987501018e-8,0.003500737607916078,0.08051491514219254,-5.844938274495516,-0.11969370836493563,-0.07897205489886644,-0.16041536183100483,0.02047818176065624,92,chr11,47916382,cg18367488,-0.11969370836493563,9.317453987501018e-8,7.030702743250672,chr11,47937934,,11,47916382,NA,0.0805169649820698
9.926908356619977e-8,0.003574315712579111,0.08578129391297663,5.8300966079072705,0.10149561025373748,0.13611389280406827,0.06687732770340667,0.017408907103885814,92,chr9,33159027,cg14080050,0.10149561025373748,9.926908356619977e-8,7.003185987428227,chr9,33159025,B4GALT1,9,33159027,B4GALT1,0.08578357710189866
1.1117534932012288e-7,0.0037052987177061372,0.09606973225729915,-5.803527312722627,-0.09726272059144572,-0.06393632147976235,-0.1305891197031291,0.01675924232806213,92,chr7,137963122,cg04229315,-0.09726272059144572,1.1117534932012288e-7,6.9539914972955925,chr7,137647868,CREB3L2;CREB3L2,7,137963122,CREB3L2,0.09607240046568283
1.1769532623382249e-7,0.0037052987177061372,0.10170370917245433,-5.790142437084929,-0.06667474212395415,-0.04377629097760227,-0.08957319327030602,0.01151521622281918,92,chr10,93078210,cg15767361,-0.06667474212395415,1.1769532623382249e-7,6.929240782960833,chr10,94837967,,10,93078210,NA,0.10170665155561018
1.1790539572079874e-7,0.0037052987177061372,0.10188511798263093,-5.789723428204308,-0.05651802525014872,-0.037106343108068485,-0.07592970739222896,0.009761783261498189,92,chr1,242188827,cg17603188,-0.05651802525014872,1.1790539572079874e-7,6.9284663197721805,chr1,242352129,PLD5;PLD5;PLD5,1,242188827,PLD5,0.10188818352291967
1.2005800379536453e-7,0.0037052987177061372,0.10374512252966937,-5.785471657221835,-0.08778405710842888,-0.05761158539514491,-0.11795652882171284,0.015173189380134736,92,chr12,6222892,cg08559734,-0.08778405710842888,1.2005800379536453e-7,6.920608881935211,chr12,6332058,CD9,12,6222892,CD9,0.10374836409577186
1.274425049198849e-7,0.0037975757072940815,0.11012612712139061,-5.7714358230108465,-0.06342193931189748,-0.04157001652013458,-0.08527386210366036,0.010988936073590692,92,chr15,89691456,cg16093957,-0.06342193931189748,1.274425049198849e-7,6.8946857009373685,chr15,90234687,PEX11A;PEX11A;PEX11A;WDR93;WDR93;WDR93,15,89691456,PEX11A,0.11012969551152836
1.3575964083742443e-7,0.003910565504964733,0.1173130281193577,-5.756555639704084,-0.08644710478607175,-0.05658490775745195,-0.11630930181469154,0.01501715786256442,92,chr5,142634631,cg21908199,-0.08644710478607175,1.3575964083742443e-7,6.867229319648328,chr5,142014196,FGF1;FGF1;FGF1;FGF1;FGF1;FGF1;FGF1;FGF1;FGF1;FGF1;FGF1,5,142634631,FGF1,0.11731696514894199
1.443085590575836e-7,0.004022726771829967,0.12470020066995725,-5.742168159761146,-0.03692935314746232,-0.024140552889828304,-0.04971815340509633,0.0064312559507136505,92,chr6,31867847,cg00805874,-0.03692935314746232,1.443085590575836e-7,6.840707909784933,chr6,31867847,ZBTB12,6,31867847,ZBTB12,0.12470452992672898
1.6461117368262963e-7,0.004445283592505993,0.1422439720138076,-5.711108347634555,-0.08045173184941443,-0.05243941639475599,-0.10846404730407286,0.014086885933924924,92,chr16,75003686,cg16660617,-0.08045173184941443,1.6461117368262963e-7,6.783540688540474,chr16,75037584,ZNRF1,16,75003686,ZNRF1,0.14224907496019176
1.8273645947696947e-7,0.0046199878998930315,0.15790622936323886,-5.686413578799655,-0.04621967705981507,-0.03005665841405158,-0.062382695705578556,0.00812808924629284,92,chr20,62946589,cg12525237,-0.04621967705981507,1.8273645947696947e-7,6.738174793808133,chr20,61577941,GID8,20,62946589,GID8,0.1579120769299421
1.8769726297869177e-7,0.0046199878998930315,0.16219277118788414,-5.680074582161088,-0.12053884886060359,-0.0783393773718484,-0.16273832034935878,0.021221349670155636,92,chr1,229142381,cg17278724,-0.12053884886060359,1.8769726297869177e-7,6.726542060260474,chr1,229142381,,1,229142381,NA,0.16219896519756244
1.964693838271036e-7,0.0046199878998930315,0.1697727310139091,-5.6692584667710335,-0.10457400696280375,-0.06789382323942797,-0.14125419068617953,0.018445799847676483,92,chr16,4152450,cg10054083,-0.10457400696280375,1.964693838271036e-7,6.706705116896166,chr16,4202451,,16,4152450,NA,0.16977941097295923
2.0073017433694663e-7,0.0046199878998930315,0.1734543560575193,-5.664175131151793,-0.06906745956406336,-0.04481974451850376,-0.09331517460962296,0.012193736592678184,92,chr6,113920710,cg17248139,-0.06906745956406336,2.0073017433694663e-7,6.697387338209949,chr6,114241874,FLJ34503,6,113920710,FLJ34503,0.1734613816136211
2.0666173631579543e-7,0.0046199878998930315,0.1785797129382599,-5.657272422619609,-0.04925138863500413,-0.03193946220367986,-0.0665633150663284,0.008705854156515624,92,chr6,13483600,cg00728848,-0.04925138863500413,2.0666173631579543e-7,6.684739926107144,chr6,13483832,C6orf114;GFOD1,6,13483600,C6orf114,0.17858715276076725
2.0753002354058845e-7,0.0046199878998930315,0.17932980629177558,-5.656278358072419,-0.0962464390502122,-0.06240974637690946,-0.13008313172351493,0.01701585971504621,92,chr20,41262325,cg09994537,-0.0962464390502122,2.0753002354058845e-7,6.682919064663823,chr20,39890965,ZHX3,20,41262325,ZHX3,0.1793374849026466
2.1490097932211128e-7,0.0046199878998930315,0.18569894484594687,-5.648000744677363,-0.03536819918461809,-0.022915823554175766,-0.04782057481506041,0.006262074100813254,92,chr10,119246705,cg05664105,-0.03536819918461809,2.1490097932211128e-7,6.667761605387012,chr10,121006217,GRK5,10,119246705,GRK5,0.1857071110831611
2.1841713824353935e-7,0.0046199878998930315,0.1887370885790395,-5.644149960968027,-0.15832322567582777,-0.1025430219764392,-0.21410342937521631,0.028050853852344095,92,chr14,61533773,cg23339014,-0.15832322567582777,2.1841713824353935e-7,6.660713287429849,chr14,62000491,PRKCH,14,61533773,PRKCH,0.18874560684743102
2.1919697448552372e-7,0.0046199878998930315,0.18941073601663488,-5.643304171532767,-0.11803804203639756,-0.07644482155385984,-0.15963126251893528,0.020916477022775375,92,chr17,58204952,cg27469152,-0.11803804203639756,2.1919697448552372e-7,6.659165444591455,chr17,56282313,EPX,17,58204952,EPX,0.1894195038956143
2.2701397949583742e-7,0.004670823438316355,0.19616527683612756,5.634985871153738,0.04415123730323585,0.05973183298797129,0.02857064161850041,0.0078351992911379,92,chr17,37849380,cg12264511,0.04415123730323585,2.2701397949583742e-7,6.6439473981770725,chr17,36209004,YWHAEP7,17,37849380,YWHAEP7,0.1961745844092869
2.5115948071365903e-7,0.004983783079997509,0.2170294188794799,-5.610963931437508,-0.03171219774525434,-0.020473321881054853,-0.04295107360945383,0.005651827053739373,92,chr20,17514785,cg24525607,-0.03171219774525434,2.5115948071365903e-7,6.600050423541008,chr20,17495430,BFSP1;BFSP1;BFSP1;BFSP1;BFSP1,20,17514785,BFSP1,0.21703996757766988
2.537591251537813e-7,0.004983783079997509,0.2192755438775088,-5.608514337681133,-0.16426198167353215,-0.10602173122736151,-0.22250223211970277,0.029287966791834402,92,chr11,128476906,cg17179455,-0.16426198167353215,2.537591251537813e-7,6.595578331610048,chr11,128346801,ETS1;ETS1;ETS1,11,128476906,ETS1,0.2192864555198904
2.81372883930826e-7,0.005243595041829662,0.2431365599876982,-5.583918008416149,-0.11299796681579383,-0.072757259386884085,-0.15323867424470355,0.020236322712024406,92,chr1,229555363,cg01785893,-0.11299796681579383,2.81372883930826e-7,6.550717758097585,chr1,229691110,ABCB10,1,229555363,ABCB10,0.24314894039459117
2.894860476682424e-7,0.005243595041829662,0.25014692019246193,-5.577141547395167,-0.03744309749419096,-0.02409270259449297,-0.05079349239388895,0.006713671721614983,92,chr3,171131904,cg22469804,-0.03744309749419096,2.894860476682424e-7,6.538372363082356,chr3,171131904,TNIK;TNIK;TNIK;TNIK;TNIK;TNIK;TNIK;TNIK;TNIK,3,171131904,TNIK,0.250159947064607
2.8958196668597743e-7,0.005243595041829662,0.2502295149051532,-5.5770625531294336,-0.09836922263633581,-0.06329502585868788,-0.13344341941398374,0.017638178108857375,92,chr14,55116323,cg00336912,-0.09836922263633581,2.8958196668597743e-7,6.538228486717369,chr14,55583041,,14,55116323,NA,0.2502428356756208
2.912595955431727e-7,0.005243595041829662,0.2516788728068332,-5.575685080954125,-0.0843094058315582,-0.05424090311894393,-0.11437790854417247,0.015120905253338118,92,chr2,197012790,cg03379664,-0.0843094058315582,2.912595955431727e-7,6.535719757904794,chr2,197877514,ANKRD44,2,197012790,ANKRD44,0.25169256200782375
3.1648290364380685e-7,0.005581414982644959,0.2734741429702281,-5.5558647279332405,-0.061934189331907606,-0.03976688903320669,-0.08410148963060853,0.011147533708033038,92,chr4,157012998,cg25795107,-0.061934189331907606,3.1648290364380685e-7,6.499649745531923,chr4,157934150,,4,157012998,NA,0.27348933414960297
3.295146097658064e-7,0.005605504261503473,0.28473456284246257,-5.54622470425288,-0.10065984866572517,-0.06456935500168753,-0.1367503423297628,0.018149255400441777,92,chr5,68280180,cg06887251,-0.10065984866572517,3.295146097658064e-7,6.482125325227753,chr5,67576008,PIK3R1,5,68280180,PIK3R1,0.2847507090583411
3.3572678239115476e-7,0.005605504261503473,0.2901021841177616,-5.541760422991151,-0.059128372995695754,-0.03791146014231188,-0.08034528584907963,0.01066960108026131,92,chr17,30439689,cg24720967,-0.059128372995695754,3.3572678239115476e-7,6.474014011803126,chr17,30439689,,17,30439689,NA,0.2901189704568812
3.3944727559213707e-7,0.005605504261503473,0.29331673028644123,-5.539125439747232,-0.06954190885925453,-0.044576457768316556,-0.0945073599501925,0.012554673046441778,92,chr6,111276708,cg17964352,-0.06954190885925453,3.3944727559213707e-7,6.469227672628269,chr6,111597911,,6,111276708,NA,0.2933340420974964
3.437956816158316e-7,0.005605504261503473,0.29707384848424007,-5.536081466436602,-0.09249576621319384,-0.05927165342871335,-0.12571987899767434,0.01670780438726643,92,chr11,114076314,cg06665913,-0.09249576621319384,3.437956816158316e-7,6.463699582745516,chr11,113947036,ZBTB16;ZBTB16,11,114076314,ZBTB16,0.29709172585968413
3.561098090934933e-7,0.0056987593286622305,0.30771412992787844,-5.527662206162825,-0.13494366780920558,-0.08639860972132106,-0.1834887258970901,0.024412430205803106,92,chr2,178284865,cg23986918,-0.13494366780920558,3.561098090934933e-7,6.448416063459966,chr2,179149592,OSBPL6;OSBPL6;OSBPL6;OSBPL6,2,178284865,OSBPL6,0.3077330037477604
3.7851349800149623e-7,0.0058523474924407235,0.3270727565960969,-5.513052979035035,-0.06278658045259379,-0.04013968500203202,-0.08543347590315556,0.01138871342092263,92,chr9,120920635,cg08711342,-0.06278658045259379,3.7851349800149623e-7,6.421918628705408,chr9,123682913,TRAF1;TRAF1,9,120920635,TRAF1,0.32709319632498896
3.814412893477694e-7,0.0058523474924407235,0.3296022738015395,5.5112068597920105,0.09749295749972675,0.1326700988001226,0.06231581619933092,0.017689947044267917,92,chr17,15954575,cg17540143,0.09749295749972675,3.814412893477694e-7,6.418572298271275,chr17,15857889,ADORA2B,17,15954575,ADORA2B,0.32962325307245366
3.9432153872738453e-7,0.0058523474924407235,0.3407316643281781,-5.503247090659401,-0.13234469389467007,-0.08452337699138471,-0.18016601079795544,0.02404847387632244,92,chr6,33123790,cg15737123,-0.13234469389467007,3.9432153872738453e-7,6.404149500139627,chr6,33091567,HLA-DPB2,6,33123790,HLA-DPB2,0.3407537463343468
3.9444569343503986e-7,0.0058523474924407235,0.34083855146875075,-5.503171614301871,-0.1276060405759443,-0.0814963521640863,-0.1737157289878023,0.023187726918113258,92,chr2,9831305,cg17597583,-0.1276060405759443,3.9444569343503986e-7,6.404012781212461,chr2,9971434,,2,9831305,NA,0.34086103487327657
3.995691753927581e-7,0.0058523474924407235,0.34526532704182994,-5.5000771098825645,-0.0633975958620813,-0.04047636046928986,-0.08631883125487273,0.01152667400756404,92,chr1,26191095,cg02171825,-0.0633975958620813,3.995691753927581e-7,6.398408022631202,chr1,26517586,CATSPER4,1,26191095,CATSPER4,0.3452885020540027
4.241114670257207e-7,0.005879650701447444,0.3664717498766561,-5.4857743788325335,-0.07447465679763289,-0.04747833606653703,-0.10147097752872875,0.013575960594551899,92,chr3,194575080,cg22864884,-0.07447465679763289,4.241114670257207e-7,6.3725199850298715,chr3,194295809,,3,194575080,NA,0.3664967724532106
4.254130184916924e-7,0.005879650701447444,0.3675959859745235,-5.485038734993806,-0.10071148712370816,-0.06419968068306511,-0.1372232935643512,0.018361125962736143,92,chr3,53650511,cg20345674,-0.10071148712370816,4.254130184916924e-7,6.371189223947643,chr3,53684538,CACNA1D;CACNA1D;CACNA1D,3,53650511,CACNA1D,0.367621510755633
4.254650275132145e-7,0.005879650701447444,0.367640501088921,-5.485009385148886,-0.0968579291941808,-0.06174299854145287,-0.13197285984690874,0.017658662436646256,92,chr12,130825872,cg21575634,-0.0968579291941808,4.254650275132145e-7,6.371136132364918,chr12,131310417,STX2;STX2,12,130825872,STX2,0.3676664544555993
4.286491198205743e-7,0.005879650701447444,0.37039141794576,-5.483219207053566,-0.06796606093524332,-0.0433175605135234,-0.09261456135696325,0.0123952842971903,92,chr19,47513603,cg26979537,-0.06796606093524332,4.286491198205743e-7,6.3678980637078295,chr19,48016860,NAPA,19,47513603,NAPA,0.3704179941911889
4.5122772810599375e-7,0.0060926459952851675,0.38990091635138,-5.470887339598431,-0.05705381613130077,-0.036316099441514725,-0.0777915328210868,0.01042862201134059,92,chr11,57380742,cg24459209,-0.05705381613130077,4.5122772810599375e-7,6.34560422065277,chr11,57148215,PRG3,11,57380742,PRG3,0.3899293436982507
4.83219560203482e-7,0.006239865521315432,0.41754422333710633,5.454413631300486,0.041818179021417504,0.05706400852417015,0.02657234951866486,0.007666851443286466,92,chr7,100633362,cg01749347,0.041818179021417504,4.83219560203482e-7,6.3158554942617116,chr7,100230985,TFR2,7,100633362,TFR2,0.41757514938895934
4.987810687569179e-7,0.006239865521315432,0.4309902373589589,-5.446783766681225,-0.09054424181258287,-0.05748790595021719,-0.12360057767494856,0.016623432412803917,92,chr5,154285185,cg17138920,-0.09054424181258287,4.987810687569179e-7,6.302090038534377,chr5,153664745,GALNT10,5,154285185,GALNT10,0.4310226581284281
5.073131652978257e-7,0.006239865521315432,0.438362203749537,-5.4426990220579405,-0.04998651005962204,-0.03172349370377181,-0.06824952641547227,0.00918414004835447,92,chr17,7425266,cg04374959,-0.04998651005962204,5.073131652978257e-7,6.294723867148378,chr17,7328585,C17orf74,17,7425266,C17orf74,0.4383956864184467
5.088968226390722e-7,0.006239865521315432,0.4397301109900827,-5.441948269320085,-0.05797353366961955,-0.036789465070070845,-0.07915760226916825,0.010653084300057621,92,chr15,89201859,cg02281577,-0.05797353366961955,5.088968226390722e-7,6.293370260690128,chr15,89745090,ABHD2;ABHD2,15,89201859,ABHD2,0.4397642070771995
5.09230699886427e-7,0.006239865521315432,0.4400181000806634,-5.441790283252764,-0.10074457971981944,-0.0639305041883717,-0.13755865525126718,0.01851313161219447,92,chr21,14452392,cg09967994,-0.10074457971981944,5.09230699886427e-7,6.293085422007057,chr21,15824713,,21,14452392,NA,0.44005272776825566
5.112004520509768e-7,0.006239865521315432,0.4417196202095642,-5.440860287678781,-0.04070040416352331,-0.025825123857170118,-0.0555756844698765,0.007480508965777397,92,chr5,80204430,cg16730961,-0.04070040416352331,5.112004520509768e-7,6.29140877080592,chr5,79500249,SERINC5;SERINC5;SERINC5;SERINC5;SERINC5,5,80204430,SERINC5,0.4417548930407557
5.126765337734515e-7,0.006239865521315432,0.4429945646560315,-5.440165674886549,-0.11271535868982469,-0.07151462196026892,-0.15391609541938045,0.020719104054156456,92,chr20,5122947,cg06259584,-0.11271535868982469,5.126765337734515e-7,6.290156560628519,chr20,5103593,PCNA,20,5122947,PCNA,0.44303045201339564
5.36815348023238e-7,0.006442917453124683,0.46385194273526753,-5.429076675427259,-0.025379480085239405,-0.016083594789954428,-0.03467536538052438,0.004674732298423853,92,chr14,92519603,cg24112090,-0.025379480085239405,5.36815348023238e-7,6.270175075800107,chr14,92985947,RIN3,14,92519603,RIN3,0.4638900566249772
5.557284756792055e-7,0.006462845453898524,0.4801938612648879,-5.420724948827089,-0.06744129838327566,-0.04270113509340083,-0.09218146167315049,0.012441379892899434,92,chr12,106416232,cg26922243,-0.06744129838327566,5.557284756792055e-7,6.255137349276341,chr12,106416232,,12,106416232,NA,0.4802338737151368
5.568855414631423e-7,0.006462845453898524,0.4811931017819306,-5.420223100358602,-0.041574239082982384,-0.02632173475560212,-0.056826743410362646,0.007670208091661731,92,chr16,84577848,cg15188631,-0.041574239082982384,5.568855414631423e-7,6.25423405764317,chr16,84611454,COTL1,16,84577848,COTL1,0.4812337544264574
5.883164270035835e-7,0.006462845453898524,0.5083512816124024,-5.406968177155329,-0.07252924492426258,-0.04585492515836712,-0.09920356469015804,0.013414032142948748,92,chr14,61516085,cg13698578,-0.07252924492426258,5.883164270035835e-7,6.230389025048879,chr14,61982803,PRKCH,14,61516085,PRKCH,0.5083948170280007
6.115338263974798e-7,0.006462845453898524,0.5284123141120551,-5.397615812026378,-0.12347986596511884,-0.0779885824491518,-0.16897114948108588,0.02287674229981217,92,chr19,32373856,cg08256839,-0.12347986596511884,6.115338263974798e-7,6.213579515387365,chr19,32864762,ZNF507;ZNF507,19,32373856,ZNF507,0.528458179149035
6.211494620878433e-7,0.006462845453898524,0.5367203426030153,-5.393844072574444,-0.10529724966627928,-0.06647750714092575,-0.14411699219163282,0.019521745206108942,92,chr1,207537034,cg10549984,-0.10529724966627928,6.211494620878433e-7,6.206803886538507,chr1,207537034,,1,207537034,NA,0.5367675499621339
6.227126947920582e-7,0.006462845453898524,0.5380704717524476,-5.393236310696388,-0.08126390875310378,-0.05130111751108759,-0.11122669999511997,0.015067744869983416,92,chr1,205776579,cg06442372,-0.08126390875310378,6.227126947920582e-7,6.205712280541742,chr1,205745707,RAB7L1;RAB7L1;RAB7L1;RAB7L1,1,205776579,RAB7L1,0.5381184206299466
6.291026925841965e-7,0.006462845453898524,0.543591279991997,-5.390767435619631,-0.08458111949995782,-0.05338095791092404,-0.1157812810889916,0.01568999599965785,92,chr16,46962740,cg14175823,-0.08458111949995782,6.291026925841965e-7,6.201278456013601,chr16,46996652,DNAJA2,16,46962740,DNAJA2,0.5436403500020185
6.380276697474957e-7,0.006462845453898524,0.5513024826817279,-5.387359986431708,-0.07245862697548006,-0.04571328751937349,-0.09920396643158663,0.01344974665846911,92,chr6,142693805,cg25602071,-0.07245862697548006,6.380276697474957e-7,6.195160486548307,chr6,143014942,,6,142693805,NA,0.551352886867638
6.420695826726613e-7,0.006462845453898524,0.5547943484391318,-5.3858321841948245,-0.03973205588815204,-0.025062322163019256,-0.054401789613284825,0.007377143314035868,92,chr3,52703807,cg08005568,-0.03973205588815204,6.420695826726613e-7,6.192417903810836,chr3,52737823,GLT8D1;GLT8D1;GLT8D1;GLT8D1;GLT8D1,3,52703807,GLT8D1,0.5548457140057457
6.513377989483589e-7,0.006462845453898524,0.5628021032751074,-5.382364205291604,-0.061675079050781206,-0.03888894522787726,-0.08446121287368516,0.011458733875746668,92,chr1,163161433,cg16463941,-0.061675079050781206,6.513377989483589e-7,6.186193717775011,chr1,163131223,LOC101928404;RGS5;RGS5;RGS5;RGS5,1,163161433,LOC101928404,0.5628548616368222
6.528453066273655e-7,0.006462845453898524,0.5641040440975077,-5.381804706535416,-0.10369836569713244,-0.06538255771354763,-0.14201417368071723,0.019268325654999318,92,chr17,4341911,cg21500092,-0.10369836569713244,6.528453066273655e-7,6.185189713728025,chr17,4245206,UBE2G1,17,4341911,UBE2G1,0.5641575774126512
6.544704465428087e-7,0.006462845453898524,0.5655076242737982,5.381202966940546,0.14381428842464022,0.19695858636856128,0.09066999048071916,0.026725304603480705,92,chr7,55322933,cg13285893,0.14381428842464022,6.544704465428087e-7,6.184109959797967,chr7,55322933,,7,55322933,NA,0.5655619453208612
6.575348419359794e-7,0.006462845453898524,0.5681548158019378,-5.3800722909883465,-0.09106918019266269,-0.05740893104334027,-0.12472942934198511,0.016927129463521172,92,chr1,179036844,cg03698182,-0.09106918019266269,6.575348419359794e-7,6.182081229515583,chr1,179005979,FAM20B,1,179036844,FAM20B,0.5682100487286604
6.577492210175237e-7,0.006462845453898524,0.5683393961569487,-5.37999338463223,-0.09608521240384231,-0.06057045738126565,-0.13159996742641897,0.01785972686849513,92,chr13,27018446,cg19979574,-0.09608521240384231,6.577492210175237e-7,6.181939657583562,chr13,27592583,,13,27018446,NA,0.5683953048407352
6.586816748125767e-7,0.006462845453898524,0.5691444400286039,-5.379650470184308,-0.02503294759922445,-0.01577974776599149,-0.03428614743245741,0.0046532665529042845,92,chr6,5157871,cg03611711,-0.02503294759922445,6.586816748125767e-7,6.1813244189001955,chr6,5158105,LOC100129461;LYRM4;LYRM4;LYRM4;LYRM4,6,5157871,LOC100129461,0.5692010866526377
6.62453056675678e-7,0.006462845453898524,0.5724025004164698,-5.378268365375627,-0.07255467320378266,-0.045728610717966925,-0.09938073568959839,0.013490340807624486,92,chr17,64177874,cg09335712,-0.07255467320378266,6.62453056675678e-7,6.178844891653867,chr17,62255234,TEX2,17,64177874,TEX2,0.5724601338324006
6.733831627280712e-7,0.006462845453898524,0.5818461491194681,-5.374305949017505,-0.0701267450102453,-0.04417925787502562,-0.09607423214546497,0.013048521181244882,92,chr15,34319527,cg14014370,-0.0701267450102453,6.733831627280712e-7,6.171737746910964,chr15,34611728,SLC12A6;SLC12A6;SLC12A6;SLC12A6;SLC12A6;SLC12A6,15,34319527,SLC12A6,0.5819054068377881
6.758647054988983e-7,0.006462845453898524,0.5839896850274946,-5.37341512037258,-0.05901760235608206,-0.037176971465856815,-0.08085823324630731,0.010983257580886458,92,chr5,59358367,cg08761605,-0.05901760235608206,6.758647054988983e-7,6.1701402323659345,chr5,58654193,PDE4D;PDE4D;PDE4D;PDE4D;PDE4D,5,59358367,PDE4D,0.584049836986284
6.866405574152696e-7,0.006462845453898524,0.5933000133213527,-5.36958362436384,-0.08092435690785438,-0.05095532894845935,-0.11089338486724941,0.015070881202160599,92,chr1,19349087,cg11495942,-0.08092435690785438,6.866405574152696e-7,6.1632705479224335,chr1,19675581,CAPZB;CAPZB;CAPZB;CAPZB,1,19349087,CAPZB,0.5933618109715201
6.927094160041533e-7,0.006462845453898524,0.5985431907019647,-5.3674516341277165,-0.06358007734677193,-0.04002487048218636,-0.0871352842113575,0.01184548677486212,92,chr12,122227590,cg11804414,-0.06358007734677193,6.927094160041533e-7,6.159448908954973,chr12,122712137,DIABLO;DIABLO;DIABLO;DIABLO,12,122227590,DIABLO,0.5986062272588211
6.963634231582424e-7,0.006462845453898524,0.6016997794141109,-5.366176797015087,-0.029307009285707526,-0.018446741466844104,-0.04016727710457095,0.005461431927104866,92,chr2,8282992,cg22834511,-0.029307009285707526,6.963634231582424e-7,6.157164048493421,chr2,8423122,,2,8282992,NA,0.6017638448490414
7.030099712393899e-7,0.006462845453898524,0.607442092739136,-5.363874625836681,-0.09438157702425744,-0.05939168341637716,-0.12937147063213772,0.017595783572129143,92,chr5,150045590,cg06136459,-0.09438157702425744,7.030099712393899e-7,6.153038515060498,chr5,149425153,HMGXB3,5,150045590,HMGXB3,0.6075074726664612
7.315308307301026e-7,0.006585105266984159,0.632085066538991,-5.354232166273988,-0.10182619040652145,-0.0640083863309083,-0.1396439944821346,0.019017888512179018,92,chr15,41233637,cg16760840,-0.10182619040652145,7.315308307301026e-7,6.135767365596364,chr15,41525835,CHP1,15,41233637,CHP1,0.6321538304370796
7.331698017683013e-7,0.006585105266984159,0.6335004994065131,-5.353689313405236,-0.1140401571788766,-0.07168184437783325,-0.15639846997991996,0.02130122808832567,92,chr17,82101532,cg02741985,-0.1140401571788766,7.331698017683013e-7,6.134795431319585,chr17,80059408,CCDC57,17,82101532,CCDC57,0.6335701505376811
7.391699734508089e-7,0.006585105266984159,0.6386842505800121,-5.351712062117316,-0.10081299077684801,-0.06335385354937398,-0.13827212800432204,0.01883752145233371,92,chr2,171478477,cg18464463,-0.10081299077684801,7.391699734508089e-7,6.1312556833321645,chr2,172334987,DCAF17;DCAF17;DCAF17,2,171478477,DCAF17,0.6387552108974635
7.765298191859343e-7,0.006804021940767072,0.6709644729167025,-5.339743849689669,-0.12534514947673636,-0.07866619513647513,-0.1720241038169976,0.023474000439931413,92,chr12,122244622,cg14390893,-0.12534514947673636,7.765298191859343e-7,6.109841862460531,chr12,122729169,VPS33A,12,122244622,VPS33A,0.6710397963091634
7.86521748030765e-7,0.006804021940767072,0.6795972624729746,-5.336638592465402,-0.05365697344284833,-0.03366330940255358,-0.07365063748314307,0.010054451414155077,92,chr7,105153443,cg24493060,-0.05365697344284833,7.86521748030765e-7,6.104289264243275,chr7,104793890,SRPK2;SRPK2;SRPK2,7,105153443,SRPK2,0.6796743416042816
8.246007475016633e-7,0.006804021940767072,0.7124987496810546,-5.325148797135098,-0.08607307290006391,-0.053931319040684635,-0.1182148267594432,0.01616350569328143,92,chr21,29333074,cg08919295,-0.08607307290006391,8.246007475016633e-7,6.083756275845962,chr21,30705395,BACH1;BACH1;BACH1,21,29333074,BACH1,0.7125803851550573
8.27280160684574e-7,0.006804021940767072,0.7148130773998275,-5.324360020478342,-0.061774606005188484,-0.0387030661813261,-0.08484614582905087,0.011602259382835392,92,chr14,31577971,cg20838410,-0.061774606005188484,8.27280160684574e-7,6.082347390526398,chr14,32047177,NUBPL;NUBPL;NUBPL;NUBPL,14,31577971,NUBPL,0.7148958054158959
8.306579918686009e-7,0.006804021940767072,0.7177308685320565,-5.323369200790763,-0.06487201734773379,-0.04063914880474278,-0.0891048858907248,0.012186270555515355,92,chr20,19213659,cg06460944,-0.06487201734773379,8.306579918686009e-7,6.080577752169854,chr20,19194303,SLC24A3,20,19213659,SLC24A3,0.7178147649892351
8.311136387055176e-7,0.006804021940767072,0.7181237395235025,-5.323235848195615,-0.058988435864934276,-0.0369528205141085,-0.08102405121576005,0.011081311733525622,92,chr20,19213673,cg01635668,-0.058988435864934276,8.311136387055176e-7,6.080339590790411,chr20,19194317,SLC24A3,20,19213673,SLC24A3,0.7182085131146504
8.322986787683214e-7,0.006804021940767072,0.7191468410910893,-5.322889361800579,-0.0874897352494503,-0.05480509768829548,-0.12017437281060514,0.016436512071303897,92,chr3,53630584,cg16128030,-0.0874897352494503,8.322986787683214e-7,6.079720794786831,chr3,53664611,CACNA1D;CACNA1D;CACNA1D,3,53630584,CACNA1D,0.7192325678550024
8.338602521568638e-7,0.006804021940767072,0.7204952831556338,-5.322433520789267,-0.0471245533942477,-0.02951813524134592,-0.06473097154714948,0.008853948707894724,92,chr17,82118041,cg14832684,-0.0471245533942477,8.338602521568638e-7,6.078906727302973,chr17,80075917,CCDC57,17,82118041,CCDC57,0.7205820046218582
8.388136685262456e-7,0.006804021940767072,0.724774433849097,-5.320993078295723,-0.015701657739451508,-0.009833702087468778,-0.021569613391434237,0.002950888585722543,92,chr8,65669168,cg13017339,-0.015701657739451508,8.388136685262456e-7,6.076334501290672,chr8,66581403,MTFR1;MTFR1;MTFR1,8,65669168,MTFR1,0.7248625092842922
8.462180863893393e-7,0.006804021940767072,0.7311713526723631,-5.318855359519015,-0.028081616950794624,-0.017582858565489447,-0.0385803753360998,0.005279635382552318,92,chr10,75882090,cg15529769,-0.028081616950794624,8.462180863893393e-7,6.072517696642226,chr10,75882090,AP3M1;AP3M1,10,75882090,AP3M1,0.7312610517895204
8.503531434317617e-7,0.006804021940767072,0.7347433818164966,-5.317669496416772,-0.0623152482036646,-0.03901250775026843,-0.08561798865706077,0.011718525990690988,92,chr8,56973007,cg01279789,-0.0623152482036646,8.503531434317617e-7,6.070400678529059,chr8,57885566,IMPAD1,8,56973007,IMPAD1,0.7348343696028438
8.695875763010478e-7,0.006808945339796778,0.7513619277774626,-5.312226640767788,-0.20995714173144145,-0.131363381652221,-0.2885509018106619,0.03952337803514646,92,chr2,106054920,cg27223827,-0.20995714173144145,8.695875763010478e-7,6.060686673593383,chr2,106054920,FHL2;FHL2,2,106054920,FHL2,0.7514558432357031
8.803950744332668e-7,0.006808945339796778,0.7606992012985431,-5.309219934149536,-0.06700648239581165,-0.04190958046080713,-0.09210338433081618,0.012620777294385183,92,chr1,231986811,cg02932233,-0.06700648239581165,8.803950744332668e-7,6.0553223958692985,chr1,232122557,DISC1;DISC1;DISC1;DISC1;DISC1;DISC1;DISC1;TSNAX-DISC1,1,231986811,DISC1,0.7607951643616564
8.969429251092367e-7,0.006808945339796778,0.7749963588972351,-5.304685599956287,-0.07488385625966235,-0.04681255388360218,-0.10295515863572252,0.01411654938801263,92,chr6,105898336,cg09899402,-0.07488385625966235,8.969429251092367e-7,6.047235191402662,chr6,106346211,,6,105898336,NA,0.7750950226189971
9.007156921307687e-7,0.006808945339796778,0.7782552873443616,5.303663289864276,0.19578529741697476,0.2691924098871658,0.1223781849467837,0.03691510692074591,92,chr12,111777978,cg24823912,0.19578529741697476,9.007156921307687e-7,6.045412270978418,chr12,112215782,ALDH2;ALDH2,12,111777978,ALDH2,0.778355266786188
9.019012427772977e-7,0.006808945339796778,0.7792787498092963,-5.303342906382235,-0.1032650828273101,-0.06454486433787654,-0.14198530131674367,0.019471696371554093,92,chr1,19179079,cg15004902,-0.1032650828273101,9.019012427772977e-7,6.044841014636519,chr1,19505573,UBR4,1,19179079,UBR4,0.7793797627484874
9.059599178346931e-7,0.006808945339796778,0.7827847014459705,-5.302249204987994,-0.02675812178295765,-0.01672284163812439,-0.03679340192779091,0.0050465605724049015,92,chr15,47411810,cg03396108,-0.02675812178295765,9.059599178346931e-7,6.042891016283768,chr15,47704007,SEMA6D,15,47411810,SEMA6D,0.7828870749166857
9.111388712741356e-7,0.006808945339796778,0.7872586080579616,-5.300860569860194,-0.030112203909053923,-0.01881606115583562,-0.04140834666227222,0.005680625534704095,92,chr19,56187022,cg05497656,-0.030112203909053923,9.111388712741356e-7,6.040415424968095,chr19,56698391,,19,56187022,NA,0.7873624778892868
9.178709105006432e-7,0.006808945339796778,0.7930744278962443,-5.299067020292916,-0.060763702361699236,-0.03796139340040484,-0.08356601132299363,0.011466868059792986,92,chr12,43834441,cg00491149,-0.060763702361699236,9.178709105006432e-7,6.03721839374364,chr12,44228244,TMEM117;TMEM117;TMEM117;TMEM117,12,43834441,TMEM117,0.7931799830509518
9.218824983986879e-7,0.006808945339796778,0.7965396663864087,-5.29800437170499,-0.07023084861491591,-0.043870593185950324,-0.09659110404388149,0.013256094877912376,92,chr10,88032840,cg11048673,-0.07023084861491591,9.218824983986879e-7,6.035324429867243,chr10,89792597,,10,88032840,NA,0.796646604756223
9.528729911190405e-7,0.006934003859810197,0.8233156148815401,-5.28994464414607,-0.059199945915469676,-0.036946145284886614,-0.08145374654605274,0.011191033157781943,92,chr13,99317019,cg17518643,-0.059199945915469676,9.528729911190405e-7,6.020964982816124,chr13,99969273,UBAC2;UBAC2;UBAC2;MIR548AN,13,99317019,UBAC2,0.8234271010215011
9.548626391160508e-7,0.006934003859810197,0.8250337855259978,-5.289436004648826,-0.07663299897829179,-0.047823184275221836,-0.10544281368136174,0.014487933857398012,92,chr15,91534970,cg14622604,-0.07663299897829179,9.548626391160508e-7,6.020059098955034,chr15,92078200,,15,91534970,NA,0.8251464593174135
9.635419355463519e-7,0.006938722422385425,0.8325320291959211,-5.287229279111409,-0.09484470746444576,-0.05917340492530133,-0.1305160100035902,0.01793845177835483,92,chr12,120254304,cg15569123,-0.09484470746444576,9.635419355463519e-7,6.016129379109152,chr12,120692107,PXN;PXN;PXN,12,120254304,PXN,0.8326466906862511
9.755946808944469e-7,0.006967455327969405,0.8429450233225907,-5.284196930259102,-0.022986294503188367,-0.014336137649317526,-0.03163645135705921,0.004350007164108713,92,chr5,333075,cg11763982,-0.022986294503188367,9.755946808944469e-7,6.010730576198085,chr5,333075,AHRR;AHRR,5,333075,AHRR,0.843062094684298
9.865364415619277e-7,0.006987847861054287,0.8523980681391939,-5.281475707490967,-0.12171838208866223,-0.07588996100691142,-0.16754680317041304,0.023046282673613982,92,chr20,36875661,cg19448292,-0.12171838208866223,9.865364415619277e-7,6.0058868677590285,chr20,35504064,C20orf118,20,36875661,C20orf118,0.852517439048623
9.975458746864469e-7,0.007008384249610101,0.8619095621053307,-5.2787673324600135,-0.0484910079142308,-0.030224198345207624,-0.06675781748325398,0.009186047586536268,92,chr15,92848768,cg17285466,-0.0484910079142308,9.975458746864469e-7,6.001067123044654,chr15,93391998,,15,92848768,NA,0.8620312627020424
1.0316807708487866e-6,0.007189750012020328,0.8914021047557062,-5.2705523436684025,-0.04657430732104476,-0.029002182313792917,-0.06414643232829662,0.008836703306247438,92,chr12,25252346,cg20341582,-0.04657430732104476,1.0316807708487866e-6,5.9864546640518,chr12,25405280,KRAS;KRAS,12,25252346,KRAS,0.8915290014905207
1.0604720150572724e-6,0.007331272102046177,0.916277514225905,-5.26382776275287,-0.07685364875296684,-0.04782032003393474,-0.10588697747199893,0.014600335006549305,92,chr3,16300975,cg21591554,-0.07685364875296684,1.0604720150572724e-6,5.974500787653374,chr3,16342482,OXNAD1,3,16300975,OXNAD1,0.916409012755772
1.0899640604836008e-6,0.007398057804495541,0.9417583772874641,-5.2571223980455,-0.07198791853029043,-0.04475805038366302,-0.09921778667691786,0.013693407358568289,92,chr12,120328420,cg16396488,-0.07198791853029043,1.0899640604836008e-6,5.962587821867614,chr12,120766223,PLA2G1B,12,120328420,PLA2G1B,0.9418946227950246
1.0915903550499113e-6,0.007398057804495541,0.9431624481123547,-5.256757828936666,-0.09166499686171951,-0.05698974947706857,-0.12634024424637047,0.017437553687014995,92,chr1,109738164,cg24362151,-0.09166499686171951,1.0915903550499113e-6,5.9619403102750494,chr1,110280786,GSTM3;GSTM3,1,109738164,GSTM3,0.943299988497091
1.095815781223013e-6,0.007398057804495541,0.9468122303712139,-5.255813088887857,-0.030321766413785395,-0.018849516581549333,-0.041794016246021456,0.005769186594152942,92,chr13,48302467,cg14429436,-0.030321766413785395,1.095815781223013e-6,5.960262449430857,chr13,48876603,RB1,13,48302467,RB1,0.9469513989754292
1.121706510141508e-6,0.007472887957749826,0.9691813457185062,-5.2501010755958415,-0.04683659043166439,-0.029096672024282656,-0.06457650883904612,0.008921083567205198,92,chr10,48872424,cg20022687,-0.04683659043166439,1.121706510141508e-6,5.950120759567743,chr10,50080469,WDFY4,10,48872424,WDFY4,0.9693249241518044
1.131469096236671e-6,0.007472887957749826,0.9776153229376972,-5.247980713269924,-0.050182853344926795,-0.031167818248566084,-0.0691978884412875,0.00956231664838927,92,chr10,98391853,cg00569010,-0.050182853344926795,1.131469096236671e-6,5.946357303412452,chr10,100151610,PYROXD2,10,98391853,PYROXD2,0.9777612824511117
1.1377745230740755e-6,0.007472887957749826,0.9830622189755088,-5.246620721637179,-0.07737045583077326,-0.048046031461971964,-0.10669488019957456,0.014746721734943749,92,chr17,30426540,cg19930190,-0.07737045583077326,1.1377745230740755e-6,5.94394379513515,chr17,28753558,CPD;CPD,17,30426540,CPD,0.9832101296635085
1.1414903980121286e-6,0.007472887957749826,0.9862716751808374,-5.245822711759136,-0.07143494641135635,-0.0443560397898588,-0.0985138530328539,0.013617491542599489,92,chr14,88036144,cg05960102,-0.07143494641135635,1.1414903980121286e-6,5.9425277373563015,chr14,88502488,LINC01146,14,88036144,LINC01146,0.9864212104229769
1.1574837704607227e-6,0.0074965505614358096,1,-5.242416808880225,-0.07354806440514615,-0.04565002324460676,-0.10144610556568553,0.014029419461756978,92,chr14,68289864,cg04277334,-0.07354806440514615,1.1574837704607227e-6,5.936485089682593,chr14,68756581,RAD51B;RAD51B;RAD51B,14,68289864,RAD51B,1
1.181936215883532e-6,0.0074965505614358096,1,-5.237297551130884,-0.06443510928669384,-0.039969877688915065,-0.08890034088447261,0.012303121725971143,92,chr4,17274000,cg02745973,-0.06443510928669384,1.181936215883532e-6,5.927405959865302,chr4,17274000,,4,17274000,NA,1
1.1880336458016638e-6,0.0074965505614358096,1,-5.236037174660446,-0.029967546893646113,-0.0185864929256588,-0.04134860086163343,0.005723325846247357,92,chr12,53186881,cg14482889,-0.029967546893646113,1.1880336458016638e-6,5.9251712597091295,chr12,53580665,ZNF740,12,53186881,ZNF740,1
1.1901765227166636e-6,0.0074965505614358096,1,-5.235595732279967,-0.06944861243950427,-0.04307124321756718,-0.09582598166144136,0.013264701094341597,92,chr17,4008771,cg18943946,-0.06944861243950427,1.1901765227166636e-6,5.924388620829051,chr17,3912065,ZZEF1,17,4008771,ZZEF1,1
1.1932599439060234e-6,0.0074965505614358096,1,-5.234961897030935,-0.0853634750044525,-0.0529375352393969,-0.1177894147695081,0.016306417636557644,92,chr16,307298,cg00453636,-0.0853634750044525,1.1932599439060234e-6,5.923264937799329,chr16,357298,AXIN1;AXIN1,16,307298,AXIN1,1
1.1971551040536175e-6,0.0074965505614358096,1,-5.234163487239345,-0.03334285102848233,-0.020675393439664035,-0.04601030861730062,0.006370234920970791,92,chr9,93067889,cg14529015,-0.03334285102848233,1.1971551040536175e-6,5.921849578523609,chr9,95830171,SUSD3;SUSD3;SUSD3;SUSD3;SUSD3,9,93067889,SUSD3,1
1.2150217967978164e-6,0.007551547764063826,1,-5.230533553403143,-0.023951110070859215,-0.01484540321736707,-0.03305681692435136,0.0045790950055708745,92,chr17,82101664,cg22110888,-0.023951110070859215,1.2150217967978164e-6,5.915415931000562,chr17,80059540,CCDC57,17,82101664,CCDC57,1
1.2234151942817186e-6,0.007551547764063826,1,-5.228846291039603,-0.05254209784927197,-0.03256025477488167,-0.07252394092366227,0.01004850686456601,92,chr2,72794219,cg21686287,-0.05254209784927197,1.2234151942817186e-6,5.912426130057172,chr2,73021348,EXOC6B,2,72794219,EXOC6B,1
1.2829521526794552e-6,0.00781837073486534,1,-5.217193578670616,-0.08991218669092708,-0.055642067152094764,-0.1241823062297594,0.017233822233185654,92,chr1,160539778,cg18645861,-0.08991218669092708,1.2829521526794552e-6,5.891789540207122,chr1,160509568,,1,160539778,NA,1
1.2847376900717448e-6,0.00781837073486534,1,-5.216852343322807,-0.07874501739130686,-0.04872931235231924,-0.10876072243029448,0.015094354259823892,92,chr10,50619707,cg03727333,-0.07874501739130686,1.2847376900717448e-6,5.891185534887799,chr10,52379467,SGMS1,10,50619707,SGMS1,1
1.300883106762327e-6,0.00786126390541873,1,-5.213787689530993,-0.055820369600301234,-0.03453048164399185,-0.07711025755661062,0.010706298937408891,92,chr9,128505724,cg24346519,-0.055820369600301234,1.300883106762327e-6,5.8857617260124835,chr9,131268003,GLE1;GLE1;MIR1268A,9,128505724,GLE1,1
1.3471529139791593e-6,0.00786447269274451,1,-5.20520688759387,-0.09054298711308821,-0.05595296553835796,-0.12513300868781846,0.017394695171269573,92,chr8,28078708,cg25867383,-0.09054298711308821,1.3471529139791593e-6,5.8705831051469755,chr8,27936225,NUGGC,8,28078708,NUGGC,1
1.3479587580154767e-6,0.00786447269274451,1,-5.205060012485613,-0.017953369986285446,-0.011094473473126473,-0.02481226649944442,0.003449214791610449,92,chr17,83085669,cg25753026,-0.017953369986285446,1.3479587580154767e-6,5.870323395219321,chr17,81043545,METRNL,17,83085669,METRNL,1
1.3496268662787776e-6,0.00786447269274451,1,-5.204756251852494,-0.030626378764112852,-0.01892520943440984,-0.042327548093815864,0.00588430606202014,92,chr3,141312873,cg10330847,-0.030626378764112852,1.3496268662787776e-6,5.8697862850717994,chr3,141031715,,3,141312873,NA,1
1.3497992896729377e-6,0.00786447269274451,1,-5.204724874702975,-0.061898783762824684,-0.03824948058774293,-0.08554808693790644,0.011892806104637211,92,chr19,47606766,cg09554099,-0.061898783762824684,1.3497992896729377e-6,5.869730804740492,chr19,48110023,GLTSCR1,19,47606766,GLTSCR1,1
1.35186782676325e-6,0.00786447269274451,1,-5.204348753356965,-0.08281149741939155,-0.051169910509531215,-0.11445308432925189,0.015911980796055526,92,chr8,6576254,cg18537383,-0.08281149741939155,1.35186782676325e-6,5.869065767649864,chr8,6433775,MCPH1,8,6576254,MCPH1,1
1.3560188846625732e-6,0.00786447269274451,1,-5.2035956643180254,-0.05431560879036122,-0.03355906123057453,-0.07507215635014791,0.010438091714698923,92,chr2,205358562,cg15913157,-0.05431560879036122,1.3560188846625732e-6,5.867734262203736,chr2,206223286,PARD3B;PARD3B;PARD3B,2,205358562,PARD3B,1
1.3874260868149471e-6,0.007952689571667258,1,-5.197969791547862,-0.05484613362848372,-0.033864162908364456,-0.07582810434860299,0.01055145293796552,92,chr15,84643286,cg17194668,-0.05484613362848372,1.3874260868149471e-6,5.857790144020376,chr15,85186517,WDR73,15,84643286,WDR73,1
1.3896353018007894e-6,0.007952689571667258,1,-5.197578766949513,-0.083380865238279,-0.05148023021783538,-0.11528150025872264,0.01604225139760906,92,chr1,160339430,cg09332506,-0.083380865238279,1.3896353018007894e-6,5.8570991617583195,chr1,160309220,COPA;COPA,1,160339430,COPA,1
1.4500978539818546e-6,0.008244111583645576,1,-5.187106720199137,-0.09258059852745966,-0.057088734318534166,-0.12807246273638515,0.01784821549303027,92,chr17,83084906,cg02633149,-0.09258059852745966,1.4500978539818546e-6,5.838602690171621,chr17,81042782,METRNL,17,83084906,METRNL,1
1.473423532200772e-6,0.008282465525203472,1,-5.183180567016255,-0.05617899130171895,-0.034625798746523204,-0.0777321838569147,0.010838710049813854,92,chr12,125105101,cg26964704,-0.05617899130171895,1.473423532200772e-6,5.8316723982633185,chr12,125589647,AACS,12,125105101,AACS,1
1.50697558277564e-6,0.008282465525203472,1,-5.177638483189204,-0.12256535381830215,-0.07549255617784972,-0.16963815145875458,0.023672057100210503,92,chr17,58192457,cg02970679,-0.12256535381830215,1.50697558277564e-6,5.821893784415104,chr17,56269818,EPX,17,58192457,EPX,1
1.5332809839459583e-6,0.008282465525203472,1,-5.173377179510229,-0.035208843495339065,-0.021675296747027197,-0.04874239024365093,0.006805775468061336,92,chr16,3999854,cg16812352,-0.035208843495339065,1.5332809839459583e-6,5.814378250497767,chr16,4049855,ADCY9,16,3999854,ADCY9,1
1.5335399658335897e-6,0.008282465525203472,1,5.17333558269675,0.13315121754460488,0.18433218623311892,0.08197024885609083,0.025737981891210696,92,chr2,65366799,cg08467103,0.13315121754460488,1.5335399658335897e-6,5.814304901315132,chr2,65593933,SPRED2;SPRED2,2,65366799,SPRED2,1
1.5431262536118228e-6,0.008282465525203472,1,-5.171800680544517,-0.12406660917126029,-0.07636344968636752,-0.17176976865615307,0.023989054651309155,92,chr15,85477232,cg03181212,-0.12406660917126029,1.5431262536118228e-6,5.811598539909752,chr15,86020463,AKAP13;AKAP13,15,85477232,AKAP13,1
1.5543058949926255e-6,0.008282465525203472,1,-5.170022399088704,-0.07491630739495563,-0.04610135219370662,-0.10373126259620463,0.014490518920800183,92,chr9,32426876,cg22022320,-0.07491630739495563,1.5543058949926255e-6,5.808463505847934,chr9,32426874,ACO1;ACO1,9,32426876,ACO1,1
1.5611398307736996e-6,0.008282465525203472,1,-5.168941516219899,-0.030416843036168838,-0.01871520854012749,-0.04211847753221019,0.00588453998574412,92,chr2,241603872,cg11491420,-0.030416843036168838,1.5611398307736996e-6,5.806558195583543,chr2,242543287,THAP4;THAP4,2,241603872,THAP4,1
1.566633497990614e-6,0.008282465525203472,1,-5.168075966522151,-0.1018686312445522,-0.0626722843654822,-0.1410649781236222,0.019711132712529486,92,chr19,51858208,cg17110052,-0.1018686312445522,1.566633497990614e-6,5.805032591544884,chr19,51858208,ETFB;ETFB,19,51858208,ETFB,1
1.5811770012771264e-6,0.008282465525203472,1,-5.165798834470615,-0.0625864430640569,-0.03849422470459668,-0.08667866142351713,0.012115540126422807,92,chr5,140217618,cg16953142,-0.0625864430640569,1.5811770012771264e-6,5.80101951123463,chr5,139597203,CYSTM1,5,140217618,CYSTM1,1
1.5853822348900006e-6,0.008282465525203472,1,-5.165144222989687,-0.05255496369496064,-0.03232172997180824,-0.07278819741811304,0.010174926667302388,92,chr11,123568922,cg09612920,-0.05255496369496064,1.5853822348900006e-6,5.79986601263213,chr11,123439630,GRAMD1B;GRAMD1B;GRAMD1B,11,123568922,GRAMD1B,1
1.5901349972261451e-6,0.008282465525203472,1,-5.164406421551618,-0.06395579535180837,-0.03932981650234528,-0.08858177420127146,0.012383958606532984,92,chr1,242188893,cg10615993,-0.06395579535180837,1.5901349972261451e-6,5.798566003942674,chr1,242352195,PLD5;PLD5;PLD5,1,242188893,PLD5,1
1.5933963029819663e-6,0.008282465525203472,1,-5.163901395327807,-0.03870434926884643,-0.023799903206134128,-0.05360879533155873,0.007495175896244909,92,chr2,46066994,cg09338041,-0.03870434926884643,1.5933963029819663e-6,5.797676194824772,chr2,46294133,PRKCE,2,46066994,PRKCE,1
1.6042540100104978e-6,0.008282465525203472,1,-5.162227292940982,-0.02651045775976224,-0.01629837996359209,-0.03672253555593239,0.005135468908161717,92,chr1,202956243,cg10447853,-0.02651045775976224,1.6042540100104978e-6,5.794726866468279,chr1,202925371,ADIPOR1;ADIPOR1;ADIPOR1;ADIPOR1,1,202956243,ADIPOR1,1
1.6072592842969138e-6,0.008282465525203472,1,-5.161765881131463,-0.11071521825346099,-0.06806286197035391,-0.15336757453656807,0.0214490972281742,92,chr20,51374154,cg08529933,-0.11071521825346099,1.6072592842969138e-6,5.793914056866971,chr20,49990691,,20,51374154,NA,1
1.6088642734078348e-6,0.008282465525203472,1,-5.161519806312676,-0.04044671743013681,-0.024864125662390706,-0.05602930919788291,0.007836203085120277,92,chr4,174582929,cg21927292,-0.04044671743013681,1.6088642734078348e-6,5.793480592194519,chr4,175504080,,4,174582929,NA,1
1.6101961324329323e-6,0.008282465525203472,1,-5.161315789680977,-0.06823076644936214,-0.04194299147485403,-0.09451854142387026,0.01321964577051766,92,chr7,88214271,cg15655655,-0.06823076644936214,1.6101961324329323e-6,5.793121220834337,chr7,87843586,SRI;SRI,7,88214271,SRI,1
1.691169464548201e-6,0.008624446235731048,1,-5.1492123527929,-0.03385361217217814,-0.02077992097644331,-0.04692730336791297,0.006574522442022838,92,chr3,57805695,cg12401522,-0.03385361217217814,1.691169464548201e-6,5.771812871508941,chr3,57791422,SLMAP;SLMAP;SLMAP,3,57805695,SLMAP,1
1.702503887798815e-6,0.008624446235731048,1,-5.147563547364978,-0.07725517606795859,-0.04741098028878671,-0.10709937184713048,0.015008105360351557,92,chr11,123745703,cg06633463,-0.07725517606795859,1.702503887798815e-6,5.76891188766913,chr11,123616411,,11,123745703,NA,1
1.706621411869682e-6,0.008624446235731048,1,-5.1469672331166425,-0.10213972141404075,-0.06267788644807923,-0.14160155638000227,0.01984464186149328,92,chr10,101380115,cg17287013,-0.10213972141404075,1.706621411869682e-6,5.767862809858592,chr10,103139872,BTRC;BTRC;BTRC,10,101380115,BTRC,1
1.7359647521212924e-6,0.008721729142297205,1,-5.142757931985452,-0.03082260054915581,-0.01890449559196234,-0.04274070550634928,0.005993399058791826,92,chr15,90619644,cg23536830,-0.03082260054915581,1.7359647521212924e-6,5.760459097197908,chr15,91162876,CRTC3;CRTC3,15,90619644,CRTC3,1
1.7461955144709215e-6,0.008722418186248993,1,-5.141306673271841,-0.07163319245616984,-0.04392713010361195,-0.09933925480872773,0.013932876797365538,92,chr16,66563464,cg14248318,-0.07163319245616984,1.7461955144709215e-6,5.757907131705986,chr16,66597367,CKLF;CKLF;CKLF;CKLF;CKLF;CKLF-CMTM1;CKLF-CMTM1;CKLF-CMTM1,16,66563464,CKLF,1
1.7683411897260937e-6,0.00878227342404703,1,-5.138193527658564,-0.055216351916752414,-0.03384700436100117,-0.07658569947250365,0.010746257730372815,92,chr1,6343219,cg07345250,-0.055216351916752414,1.7683411897260937e-6,5.75243393699289,chr1,6403279,ACOT7;ACOT7;ACOT7;ACOT7,1,6343219,ACOT7,1
1.8855718942758438e-6,0.009288986232726861,1,-5.122323625883072,-0.13934262141118725,-0.0852483876498204,-0.1934368551725541,0.02720301011577827,92,chr12,112203801,cg18535456,-0.13934262141118725,1.8855718942758438e-6,5.724556903888422,chr12,112203801,ALDH2,12,112203801,ALDH2,1
1.8918680706171226e-6,0.009288986232726861,1,-5.121498828246981,-0.045589959216124826,-0.02788861952116722,-0.06329129891108243,0.008901683031670174,92,chr17,67467925,cg15993159,-0.045589959216124826,1.8918680706171226e-6,5.723109152395491,chr17,65464041,PITPNC1;PITPNC1,17,67467925,PITPNC1,1
1.917050087553312e-6,0.009306568669722435,1,-5.118226604043628,-0.06827885208736931,-0.04175108403423492,-0.0948066201405037,0.013340333941726214,92,chr6,14724711,cg27661078,-0.06827885208736931,1.917050087553312e-6,5.717366539983783,chr6,14724942,,6,14724711,NA,1
1.9177308307700437e-6,0.009306568669722435,1,-5.118138730849896,-0.06201716022505801,-0.03792177728483842,-0.0861125431652776,0.012117131536752953,92,chr22,49566942,cg19120053,-0.06201716022505801,1.9177308307700437e-6,5.717212349675642,chr22,49960590,C22orf34;C22orf34,22,49566942,C22orf34,1
1.92845516976742e-6,0.009306568669722435,1,-5.116758398127124,-0.07442436379623163,-0.045500638362476566,-0.1033480892299867,0.014545217500101827,92,chr5,68290342,cg16664523,-0.07442436379623163,1.92845516976742e-6,5.71479045259723,chr5,67586170,PIK3R1;PIK3R1;PIK3R1,5,68290342,PIK3R1,1
1.9489597065071123e-6,0.009306568669722435,1,-5.11414001895156,-0.06469732229216875,-0.03954096800332742,-0.08985367658101008,0.012650674806012101,92,chr2,74148776,cg26529864,-0.06469732229216875,1.9489597065071123e-6,5.710197139549648,chr2,74375903,BOLA3;BOLA3,2,74148776,BOLA3,1
1.9512399885165646e-6,0.009306568669722435,1,-5.113850498255978,-0.09506281363528832,-0.05809730832809583,-0.1320283189424808,0.018589282902914044,92,chr3,125366478,cg10687936,-0.09506281363528832,1.9512399885165646e-6,5.709689312215581,chr3,125085322,ZNF148,3,125366478,ZNF148,1
1.96006662935396e-6,0.009306568669722435,1,-5.112732915229121,-0.0958449728334166,-0.05856717549957947,-0.13312277016725374,0.018746328905217498,92,chr7,137880544,cg13264822,-0.0958449728334166,1.96006662935396e-6,5.7077291652410125,chr7,137565290,CREB3L2,7,137880544,CREB3L2,1
2.0277319205124374e-6,0.009498319207349091,1,-5.1043254101630335,-0.09902145857680501,-0.06044476726001112,-0.13759814989359892,0.019399519156762038,92,chr12,21775727,cg22083892,-0.09902145857680501,2.0277319205124374e-6,5.6929894621286055,chr12,21928661,KCNJ8,12,21775727,KCNJ8,1
2.0600179443605396e-6,0.009498319207349091,1,-5.100410022711543,-0.06633459029555996,-0.040472181563390594,-0.09219699902772933,0.013005736793743958,92,chr9,124705612,cg17148261,-0.06633459029555996,2.0600179443605396e-6,5.686128996571225,chr9,124705612,TTLL11,9,124705612,TTLL11,1
2.0726293881735458e-6,0.009498319207349091,1,-5.09889687809466,-0.017514576416697125,-0.010683998963762972,-0.024345153869631278,0.003434973649289004,92,chr3,171445826,cg19876836,-0.017514576416697125,2.0726293881735458e-6,5.68347834820071,chr3,171163615,TNIK;TNIK;TNIK;TNIK;TNIK;TNIK;TNIK;TNIK;TNIK,3,171445826,TNIK,1
2.082774762696801e-6,0.009498319207349091,1,-5.09768613464845,-0.09915857779365592,-0.06047815546751605,-0.13783900011979577,0.01945168360203372,92,chr13,44387131,cg21271570,-0.09915857779365592,2.082774762696801e-6,5.681357693377717,chr13,44961267,SERP2,13,44387131,SERP2,1
2.0951789221680525e-6,0.009498319207349091,1,-5.096213637374374,-0.095878352183796145,-0.0584666949953954,-0.1332900093721969,0.018813644600895053,92,chr11,628603,cg26736232,-0.095878352183796145,2.0951789221680525e-6,5.678778883632152,chr11,628603,SCT,11,628603,SCT,1
2.098324837367374e-6,0.009498319207349091,1,-5.095841540476302,-0.03204575313929496,-0.01954061255537417,-0.04455089372321575,0.006288608639957766,92,chr11,1813003,cg08547097,-0.03204575313929496,2.098324837367374e-6,5.678127278699262,chr11,1834233,,11,1813003,NA,1
2.104480902876317e-6,0.009498319207349091,1,-5.095114979678608,-0.11358884771843455,-0.0692570119843188,-0.1579206834525503,0.02229367701641143,92,chr2,191178885,cg02856510,-0.11358884771843455,2.104480902876317e-6,5.676855010905775,chr2,192043611,,2,191178885,NA,1
2.1129333280220727e-6,0.009498319207349091,1,-5.09412077121888,-0.06640018251003664,-0.04048023924901048,-0.0923201257710628,0.013034669865934281,92,chr2,102336496,cg17555715,-0.06640018251003664,2.1129333280220727e-6,5.675114206558163,chr2,102952956,IL1RL1;IL1RL1;IL1RL1;IL1RL1,2,102336496,IL1RL1,1
2.149676077147158e-6,0.009498319207349091,1,-5.0898436347682905,-0.05771477384156745,-0.035166330352995684,-0.08026321733013922,0.01133920371292405,92,chr10,100551737,cg05717394,-0.05771477384156745,2.149676077147158e-6,5.667626976598817,chr10,102311494,HIF1AN,10,100551737,HIF1AN,1
2.1531913716990306e-6,0.009498319207349091,1,-5.08943817949615,-0.08638147178763758,-0.05263061778084007,-0.12013232579443509,0.01697269300482775,92,chr14,88036161,cg01295798,-0.08638147178763758,2.1531913716990306e-6,5.666917369164267,chr14,88502505,LINC01146,14,88036161,LINC01146,1
2.154839699140799e-6,0.009498319207349091,1,-5.0892482835909005,-0.04351792932923543,-0.02651402729547613,-0.06052183136299473,0.008550954267558314,92,chr14,55121964,cg12285887,-0.04351792932923543,2.154839699140799e-6,5.666585031938517,chr14,55588682,,14,55121964,NA,1
2.1596598432023735e-6,0.009498319207349091,1,5.08869379136227,0.12015743103158427,0.1671120506513104,0.07320281141185812,0.023612627514656863,92,chr10,11837647,cg03454480,0.12015743103158427,2.1596598432023735e-6,5.665614646929408,chr10,11879646,PROSER2,10,11837647,PROSER2,1
2.1693481707666713e-6,0.009498319207349091,1,-5.087582929887486,-0.07885528455179068,-0.048033817103029154,-0.10967675200055221,0.015499557577439744,92,chr16,615887,cg22250781,-0.07885528455179068,2.1693481707666713e-6,5.663670740052234,chr16,615887,NHLRC4,16,615887,NHLRC4,1
2.1703757208069264e-6,0.009498319207349091,1,-5.087465395745421,-0.05769062688804654,-0.035141080995762464,-0.08024017278033062,0.011339758091778361,92,chr3,41855034,cg05994652,-0.05769062688804654,2.1703757208069264e-6,5.663465077511551,chr3,41896526,ULK4,3,41855034,ULK4,1
2.174250305582427e-6,0.009498319207349091,1,-5.087022698149066,-0.07163255650990695,-0.04363108942160923,-0.09963402359820467,0.014081430487025495,92,chr16,81472871,cg09678340,-0.07163255650990695,2.174250305582427e-6,5.662690460214897,chr16,81506476,CMIP,16,81472871,CMIP,1
2.176315281403179e-6,0.009498319207349091,1,5.086787075496919,0.007405513364017474,0.010300493720787259,0.004510533007247689,0.0014558331721195629,92,chrX,40647225,cg24085719,0.007405513364017474,2.176315281403179e-6,5.662278188452235,chrX,40506477,CXorf38,23,40647225,CXorf38,1
2.2017316947121667e-6,0.009525378261701087,1,-5.083904713917755,-0.08938787559247341,-0.05442434956681799,-0.12435140161812883,0.01758252379273832,92,chr12,132780950,cg15772013,-0.08938787559247341,2.2017316947121667e-6,5.657235605711914,chr12,133357536,GOLGA3,12,132780950,GOLGA3,1
2.2254442390948384e-6,0.009525378261701087,1,-5.081244751330125,-0.030993406556276942,-0.018864177175402657,-0.043122635937151224,0.006099569706451111,92,chr3,196237263,cg15751789,-0.030993406556276942,2.2254442390948384e-6,5.652583282961689,chr3,195964134,,3,196237263,NA,1
2.2264266179597297e-6,0.009525378261701087,1,-5.08113515106411,-0.08316929912452108,-0.05062039992217097,-0.11571819832687119,0.016368251709876967,92,chr1,154609182,cg23475294,-0.08316929912452108,2.2264266179597297e-6,5.652391614451624,chr1,154581658,ADAR;ADAR;ADAR;ADAR,1,154609182,ADAR,1
2.228994105259435e-6,0.009525378261701087,1,-5.080848929292745,-0.05682054122684686,-0.03458216391489878,-0.07905891853879495,0.011183277050269688,92,chr11,13687286,cg04911830,-0.05682054122684686,2.228994105259435e-6,5.651891080042277,chr11,13708833,FAR1,11,13687286,FAR1,1
2.2459927281676643e-6,0.009525378261701087,1,-5.078962022680799,-0.09808150352403197,-0.059680182935699676,-0.13648282411236426,0.01931132839466718,92,chr17,43395380,cg10433549,-0.09808150352403197,2.2459927281676643e-6,5.648591654183987,chr17,41472748,,17,43395380,NA,1
2.2486520489300747e-6,0.009525378261701087,1,-5.0786680917991935,-0.02395125955668229,-0.014573209717223368,-0.03332930939614121,0.004716051359087182,92,chr12,26841401,cg21416126,-0.02395125955668229,2.2486520489300747e-6,5.648077741060805,chr12,26994334,,12,26841401,NA,1
2.3045656594195705e-6,0.009714609871798735,1,-5.072565442091278,-0.1346414920156487,-0.08185956189834734,-0.18742342213295007,0.02654307638860934,92,chr9,14812315,cg04335537,-0.1346414920156487,2.3045656594195705e-6,5.637410913871688,chr9,14812315,FREM1,9,14812315,FREM1,1
2.319292231759619e-6,0.009729228255628827,1,-5.070982191130137,-0.12133251303689724,-0.07375309585795574,-0.16891193021583872,0.023926826887525832,92,chr1,61141383,cg26252077,-0.12133251303689724,2.319292231759619e-6,5.63464452663383,chr1,61607055,NFIA;NFIA;NFIA;NFIA,1,61141383,NFIA,1
2.331939008235479e-6,0.009735022984757032,1,-5.069630358848503,-0.07658656520074231,-0.04654584723082381,-0.10662728317066081,0.015106932809621627,92,chr14,60195594,cg06353481,-0.07658656520074231,2.331939008235479e-6,5.632282812717985,chr14,60662312,,14,60195594,NA,1
2.3451719659587382e-6,0.009743197330419113,1,-5.068223516336969,-0.09639581501371475,-0.05857451693603073,-0.13421711309139878,0.019019645582518487,92,chr1,6585264,cg02821988,-0.09639581501371475,2.3451719659587382e-6,5.629825305985703,chr1,6645324,ZBTB48;ZBTB48;ZBTB48,1,6585264,ZBTB48,1
2.3783214175720084e-6,0.009773242973371291,1,-5.064733050429033,-0.07486957281515211,-0.0454739405430946,-0.10426520508720961,0.014782530899394571,92,chr12,111730579,cg06999195,-0.07486957281515211,2.3783214175720084e-6,5.623729453146651,chr12,112168383,ACAD10;ACAD10,12,111730579,ACAD10,1
2.3848493806230114e-6,0.009773242973371291,1,-5.064051294791559,-0.11426892406583142,-0.06939809928178037,-0.15913974884988247,0.02256472484458411,92,chr3,72460071,cg10279452,-0.11426892406583142,2.3848493806230114e-6,5.622539044393214,chr3,72509222,,3,72460071,NA,1
2.397765690700268e-6,0.009773242973371291,1,-5.062707720496282,-0.09360071119229986,-0.0568360723930895,-0.13036534999151023,0.018488270775213637,92,chr5,151107240,cg23172995,-0.09360071119229986,2.397765690700268e-6,5.620193258354651,chr5,150486801,ANXA6;ANXA6,5,151107240,ANXA6,1
2.4023913013957424e-6,0.009773242973371291,1,5.06222827639102,0.1457723973127876,0.20303453819543746,0.08851025643013774,0.02879609321306864,92,chr17,76483854,cg04481650,0.1457723973127876,2.4023913013957424e-6,5.619356253304359,chr17,74479936,RHBDF2;RHBDF2,17,76483854,RHBDF2,1
2.4089520747832384e-6,0.009773242973371291,1,-5.061549797358021,-0.04981540926793822,-0.030244355991992055,-0.06938646254388438,0.009841928117340736,92,chr6,13408678,cg09252873,-0.04981540926793822,2.4089520747832384e-6,5.61817184004492,chr6,13408910,GFOD1;GFOD1;GFOD1,6,13408678,GFOD1,1
2.4362718236092406e-6,0.009837893312689592,1,-5.058743814690103,-0.058273030511765724,-0.03536652037651239,-0.08117954064701906,0.011519268942330402,92,chr7,105389721,cg02941852,-0.058273030511765724,2.4362718236092406e-6,5.613274257538512,chr7,105030168,SRPK2,7,105389721,SRPK2,1
2.451619875548682e-6,0.009853824273000673,1,-5.057180888222685,-0.051605270903108645,-0.03131351709066983,-0.07189702471554746,0.010204355359977048,92,chr9,133159892,cg12929123,-0.051605270903108645,2.451619875548682e-6,5.610546866433108,chr9,136035279,GBGT1;GBGT1;GBGT1;GBGT1;GBGT1,9,133159892,GBGT1,1
2.5002837172713027e-6,0.009922702014568692,1,-5.052287792669764,-0.1441386364053607,-0.08740686577174461,-0.2008704070389768,0.028529379623719726,92,chr4,123820972,cg06050235,-0.1441386364053607,2.5002837172713027e-6,5.602010707386311,chr4,123820972,NUDT6;NUDT6,4,123820972,NUDT6,1
2.5018591776103454e-6,0.009922702014568692,1,-5.0521309411424715,-0.046547081337842654,-0.0282259677717233,-0.064868194903962,0.009213356082832773,92,chr1,87098027,cg15515095,-0.046547081337842654,2.5018591776103454e-6,5.601737139130184,chr1,87563710,HS2ST1;HS2ST1,1,87098027,HS2ST1,1
2.5032043427267135e-6,0.009922702014568692,1,-5.051997093958786,-0.030028899570170395,-0.018209093914339072,-0.04184870522600172,0.00594396612105719,92,chr3,15756343,cg07415654,-0.030028899570170395,2.5032043427267135e-6,5.6015036964180265,chr3,15797850,ANKRD28,3,15756343,ANKRD28,1
2.5258074957143052e-6,0.009966582644002322,1,-5.049758473759661,-0.04569901977901705,-0.027703255801430095,-0.063694783756604,0.009049743669224062,92,chr20,35462747,cg14442044,-0.04569901977901705,2.5258074957143052e-6,5.597599752250545,chr20,34050572,CEP250,20,35462747,CEP250,1
2.5611995869156444e-6,0.00997145185730786,1,-5.046292244321787,-0.052775023551749664,-0.03197853323752471,-0.07357151386597462,0.010458178202250062,92,chr6,42411928,cg04336593,-0.052775023551749664,2.5611995869156444e-6,5.591556576893267,chr6,42379666,TRERF1;TRERF1,6,42411928,TRERF1,1
2.5666979800593662e-6,0.00997145185730786,1,-5.045757945819639,-0.022647593803523318,-0.01372215318875951,-0.03157303441828713,0.004488442380056425,92,chr21,45532594,cg01223833,-0.022647593803523318,2.5666979800593662e-6,5.590625231176777,chr21,45532594,PWP2,21,45532594,PWP2,1
2.5733252075210833e-6,0.00997145185730786,1,-5.045115438317795,-0.11403483136387713,-0.06908786062338221,-0.15898180210437204,0.022603017266518685,92,chr3,12614074,cg23332193,-0.11403483136387713,2.5733252075210833e-6,5.5895053257573695,chr3,12655573,RAF1,3,12614074,RAF1,1
2.583333807733739e-6,0.00997145185730786,1,-5.044148164945431,-0.05762173604787581,-0.03490570182766993,-0.08033777026808168,0.011423482055567091,92,chr15,45417646,cg06863152,-0.05762173604787581,2.583333807733739e-6,5.587819472460013,chr15,45709844,SPATA5L1;SPATA5L1,15,45417646,SPATA5L1,1
2.5847365001029457e-6,0.00997145185730786,1,-5.044012895371299,-0.07960126330807428,-0.04821946820769326,-0.11098305840845529,0.015781336201801024,92,chr12,94386690,cg16779529,-0.07960126330807428,2.5847365001029457e-6,5.587583724285384,chr12,94780466,CEP83;CEP83,12,94386690,CEP83,1
2.6209002306266675e-6,0.010002927223554482,1,-5.040549952148203,-0.06230369352765735,-0.037724372550847575,-0.08688301450446712,0.012360495207691474,92,chr2,86852158,cg26431230,-0.06230369352765735,2.6209002306266675e-6,5.581549510954581,chr2,86852158,RNF103;RNF103;RNF103;RNF103-CHMP3,2,86852158,RNF103,1
2.6341496555205065e-6,0.010002927223554482,1,-5.03929289257444,-0.040617705083146625,-0.024589688196456697,-0.056645721969836554,0.00806019930752549,92,chr1,8025379,cg22494062,-0.040617705083146625,2.6341496555205065e-6,5.579359554841046,chr1,8025379,PARK7;PARK7;PARK7;PARK7,1,8025379,PARK7,1
2.6358972478091125e-6,0.010002927223554482,1,5.039127548253694,0.10466007412405694,0.14596099139791197,0.06335915685020191,0.020769483034881072,92,chr2,69196421,cg04834204,0.10466007412405694,2.6358972478091125e-6,5.579071523356962,chr2,69423553,ANTXR1,2,69196421,ANTXR1,1
2.6391970474759326e-6,0.010002927223554482,1,-5.038815637232444,-0.0643389233037651,-0.03894795105695795,-0.08972989555057226,0.01276865992642332,92,chr2,231531709,cg13277298,-0.0643389233037651,2.6391970474759326e-6,5.578528183316618,chr2,232396420,NMUR1,2,231531709,NMUR1,1
2.7156959317580706e-6,0.01017575745505053,1,-5.03168943158756,-0.03820626329364402,-0.0231070351517642,-0.05330549143552385,0.007593128274928024,92,chr6,16858400,cg06080776,-0.03820626329364402,2.7156959317580706e-6,5.566118858306199,chr6,16858631,,6,16858400,NA,1
2.7168308888690645e-6,0.01017575745505053,1,-5.031585188031195,-0.0724285310037579,-0.043803968519437735,-0.10105309348807806,0.014394773872863397,92,chr2,38672107,cg01900574,-0.0724285310037579,2.7168308888690645e-6,5.565937393719295,chr2,38899249,GALM,2,38672107,GALM,1
2.7201232793729256e-6,0.01017575745505053,1,-5.031283028955926,-0.07198825061649755,-0.043535983218337425,-0.10044051801465767,0.014308129795559583,92,chr17,65174255,cg07788158,-0.07198825061649755,2.7201232793729256e-6,5.565411412753251,chr17,63170373,RGS9;RGS9;RGS9,17,65174255,RGS9,1
2.8151563853332387e-6,0.010405249783362675,1,-5.022711881706772,-0.026392929991834374,-0.015943722579948923,-0.036842137403719825,0.005254717095750627,92,chr11,123030339,cg11514604,-0.026392929991834374,2.8151563853332387e-6,5.550497474560132,chr11,122901047,,11,123030339,NA,1
2.835420843302816e-6,0.010405249783362675,1,-5.0209207946252485,-0.04301653768228609,-0.025979813517589937,-0.060053261846982245,0.008567459922557244,92,chr11,9701819,cg03746875,-0.04301653768228609,2.835420843302816e-6,5.547382472446628,chr11,9701819,SWAP70;SWAP70,11,9701819,SWAP70,1
2.8395902406145335e-6,0.010405249783362675,1,-5.020553830613485,-0.06958540952916313,-0.042024054212734224,-0.09714676484559204,0.013860106250600676,92,chr10,91423141,cg01321208,-0.06958540952916313,2.8395902406145335e-6,5.546744325121676,chr10,93182898,HECTD2;HECTD2;HECTD2;HECTD2;HECTD2-AS1,10,91423141,HECTD2,1
2.8469792468056663e-6,0.010405249783362675,1,-5.0199047874867455,-0.056856268414628035,-0.03433375350041304,-0.07937878332884303,0.011326164702636435,92,chr13,110816833,cg04230700,-0.056856268414628035,2.8469792468056663e-6,5.5456156986523535,chr13,110816833,COL4A1,13,110816833,COL4A1,1
2.8515884348781446e-6,0.010405249783362675,1,-5.019500753397062,-0.02759353227919305,-0.016662006451010968,-0.03852505810737514,0.005497266288986708,92,chr1,26173856,cg09814484,-0.02759353227919305,2.8515884348781446e-6,5.544913155313652,chr1,26500347,,1,26173856,NA,1
2.853715779928709e-6,0.010405249783362675,1,-5.0193144887483685,-0.10955562802116747,-0.06615217361642077,-0.15295908242591416,0.021826810865657992,92,chr7,25028743,cg09759390,-0.10955562802116747,2.853715779928709e-6,5.54458928327297,chr7,25068362,,7,25028743,NA,1
2.918972243030176e-6,0.010519919262737522,1,-5.013665706247361,-0.08617882672051622,-0.05199826353791974,-0.12035938990311269,0.01718878596415626,92,chr2,105438549,cg10635061,-0.08617882672051622,2.918972243030176e-6,5.534770034767431,chr2,106055006,FHL2;FHL2,2,105438549,FHL2,1
2.9256641572845985e-6,0.010519919262737522,1,-5.013093422204767,-0.0619132130439131,-0.037354163507588065,-0.08647226258023813,0.012350301067535973,92,chr8,22989696,cg03437605,-0.0619132130439131,2.9256641572845985e-6,5.533775528863215,chr8,22847209,RHOBTB2,8,22989696,RHOBTB2,1
2.9344138104067636e-6,0.010519919262737522,1,-5.012347087856197,-0.10156598025294397,-0.061271910113149156,-0.1418600503927388,0.020263157852538936,92,chr19,39738575,cg22532234,-0.10156598025294397,2.9344138104067636e-6,5.532478642059236,chr19,40229215,CLC,19,39738575,CLC,1
2.9375827204020586e-6,0.010519919262737522,1,-5.012077319689859,-0.10561133322681916,-0.06371010306100518,-0.14751256339263313,0.021071369512183472,92,chr6,44225676,cg25738218,-0.10561133322681916,2.9375827204020586e-6,5.532009895100348,chr6,44193413,SLC29A1;SLC29A1;SLC29A1;SLC29A1;SLC29A1;SLC29A1,6,44225676,SLC29A1,1
2.9467081445508403e-6,0.010519919262737522,1,-5.011302059830972,-0.10099827365750552,-0.06092107290485561,-0.14107547441015544,0.020154098166836932,92,chr2,28327890,cg05642098,-0.10099827365750552,2.9467081445508403e-6,5.530662876531441,chr2,28550757,BRE;BRE;BRE;BRE;BRE;BRE,2,28327890,BRE,1
2.9582068673627066e-6,0.010519919262737522,1,-5.010328504858947,-0.06458010380755927,-0.038949044965447016,-0.09021116264967152,0.012889395125475383,92,chr1,28416620,cg10711145,-0.06458010380755927,2.9582068673627066e-6,5.528971459070454,chr1,28743131,PHACTR4,1,28416620,PHACTR4,1
2.986197975612593e-6,0.010538138923586416,1,-5.007973957851356,-0.10928474820209433,-0.06589056635787692,-0.15267893004631172,0.021822147862961803,92,chr20,39667871,cg21588347,-0.10928474820209433,2.986197975612593e-6,5.524881403286833,chr20,39667871,TOP1,20,39667871,TOP1,1
2.9877197949882336e-6,0.010538138923586416,1,5.007846564311688,0.07650038455668458,0.10687750580770669,0.04612326330566246,0.015276103924961069,92,chr9,33165573,cg15691367,0.07650038455668458,2.9877197949882336e-6,5.524660135503455,chr9,33165571,B4GALT1-AS1;B4GALT1-AS1;B4GALT1,9,33165573,B4GALT1-AS1,1
3.0074168087513006e-6,0.010564492886650626,1,-5.0062033929424645,-0.06833377926851888,-0.04119058464660162,-0.09547697389043615,0.01364982081328397,92,chr17,42563263,cg01756799,-0.06833377926851888,3.0074168087513006e-6,5.521806377288186,chr17,40715281,COASY;COASY;COASY;COASY;COASY,17,42563263,COASY,1
3.031778810741442e-6,0.010577064289652913,1,-5.004185529990923,-0.11769208178897732,-0.07092418360215924,-0.1644599799757954,0.023518728688940276,92,chr17,79851485,cg12380988,-0.11769208178897732,3.031778810741442e-6,5.518302486674064,chr17,79851485,ANAPC11;ANAPC11;ANAPC11;ANAPC11;ANAPC11;ANAPC11;ANAPC11;ANAPC11;ANAPC11;ANAPC11;ANAPC11;ANAPC11;ANAPC11;ANAPC11;ANAPC11;ANAPC11;ANAPC11;ANAPC11;ANAPC11;ANAPC11;ANAPC11;ANAPC11,17,79851485,ANAPC11,1
3.035475175471355e-6,0.010577064289652913,1,-5.003880750302154,-0.01740560732928267,-0.010488631775998267,-0.024322582882567074,0.003478421688652682,92,chr1,6268377,cg11392940,-0.01740560732928267,3.035475175471355e-6,5.517773314495822,chr1,6328437,ACOT7;ACOT7;ACOT7;ACOT7,1,6268377,ACOT7,1
3.0691699965815023e-6,0.010581235110281789,1,5.001119067853874,0.10104089165515248,0.14121664102011428,0.0608651422901907,0.020203656478531333,92,chr22,31296463,cg08084103,0.10104089165515248,3.0691699965815023e-6,5.512979056001991,chr22,31692449,,22,31296463,NA,1
3.088817542896561e-6,0.010581235110281789,1,-4.999522352180896,-0.03339361588267652,-0.02011144867181485,-0.04667578309353818,0.006679361253002405,92,chr1,41732223,cg12833662,-0.03339361588267652,3.088817542896561e-6,5.510207744807493,chr1,42197894,HIVEP3;HIVEP3,1,41732223,HIVEP3,1
3.094112741618006e-6,0.010581235110281789,1,-4.999093718324771,-0.08024813051495468,-0.0483270447096842,-0.11216921632022515,0.016052535726784965,92,chr20,35280683,cg10650353,-0.08024813051495468,3.094112741618006e-6,5.5094638657593,chr20,33868486,EIF6;EIF6;EIF6;EIF6;EIF6;EIF6;EIF6,20,35280683,EIF6,1
3.1128395373327474e-6,0.010581235110281789,1,-4.997583551518213,-0.05106955132167025,-0.03074897648932157,-0.07139012615401893,0.010218848928729938,92,chr1,46084937,cg26011752,-0.05106955132167025,3.1128395373327474e-6,5.506843266033537,chr1,46550609,PIK3R3;PIK3R3;PIK3R3;PIK3R3;PIK3R3,1,46084937,PIK3R3,1
3.1350166138976974e-6,0.010581235110281789,1,-4.995806575227359,-0.120854875921213,-0.07274961528876314,-0.16896013655366285,0.024191264033418442,92,chr8,141228695,cg23911543,-0.120854875921213,3.1350166138976974e-6,5.503760153300577,chr8,142238794,SLC45A4;SLC45A4;SLC45A4,8,141228695,SLC45A4,1
3.1353408428005427e-6,0.010581235110281789,1,-4.9957806869426,-0.12029362091398105,-0.07241151496235144,-0.16817572686561066,0.024079043587399814,92,chr6,158573375,cg26774971,-0.12029362091398105,3.1353408428005427e-6,5.503715240127931,chr6,158994407,TMEM181,6,158573375,TMEM181,1
3.136399318814025e-6,0.010581235110281789,1,-4.995696190368213,-0.05758687123415181,-0.03466439798167023,-0.08050934448663338,0.011527296504775502,92,chr17,78161110,cg24093028,-0.05758687123415181,3.136399318814025e-6,5.5035686491390186,chr17,78161110,CARD14;CARD14,17,78161110,CARD14,1
3.1460760623091167e-6,0.010581235110281789,1,-4.994924998166754,-0.056393275984565026,-0.033942447954364824,-0.07884410401476523,0.01129011466743997,92,chr7,30068685,cg09762120,-0.056393275984565026,3.1460760623091167e-6,5.502230781699444,chr7,30108301,PLEKHA8,7,30068685,PLEKHA8,1
3.146873956598399e-6,0.010581235110281789,1,-4.9948615130075,-0.11756699875329084,-0.07076159557449091,-0.16437240193209077,0.023537589269917822,92,chr20,36875795,cg14613878,-0.11756699875329084,3.146873956598399e-6,5.5021206517642645,chr20,35504198,C20orf118,20,36875795,C20orf118,1
3.163316437615563e-6,0.010595295450381256,1,-4.993556738843563,-0.031342687581552744,-0.018861375129214188,-0.0438240000338913,0.006276625904287065,92,chr17,43375375,cg01532237,-0.031342687581552744,3.163316437615563e-6,5.499857361914053,chr17,41452743,LINC00910,17,43375375,LINC00910,1
3.1813360435132447e-6,0.010614509284455821,1,4.992134394952158,0.12465079432584569,0.17430348549289082,0.07499810315880055,0.024969438813964517,92,chr20,23148505,cg19515857,0.12465079432584569,3.1813360435132447e-6,5.497390454081787,chr20,23129142,,20,23148505,NA,1
3.2000502350711674e-6,0.010635883887450844,1,-4.990665525394743,-0.1020243908623367,-0.06137261180595448,-0.1426761699187189,0.020443043185962045,92,chr20,1378231,cg01963353,-0.1020243908623367,3.2000502350711674e-6,5.494843203979168,chr20,1358875,FKBP1A;FKBP1A;FKBP1A;FKBP1A-SDCBP2;SDCBP2-AS1;SDCBP2-AS1;SDCBP2-AS1,20,1378231,FKBP1A,1
3.2141614121288077e-6,0.010641854454459514,1,-4.989563478822387,-0.04136892393137197,-0.024881770385201517,-0.057856077477542414,0.008291090815250169,92,chr17,82577522,cg16366685,-0.04136892393137197,3.2141614121288077e-6,5.492932317169241,chr17,80535398,FOXK2,17,82577522,FOXK2,1
3.249334698631123e-6,0.010717248391188863,1,-4.986836959765137,-0.06725981992291585,-0.040439463742894546,-0.09408017610293716,0.013487471209823463,92,chr1,205804391,cg18413505,-0.06725981992291585,3.249334698631123e-6,5.488205551726106,chr1,205773519,SLC41A1,1,205804391,SLC41A1,1
3.2871259777608223e-6,0.010778173726134982,1,-4.983939419541466,-0.051245789647514264,-0.030799267596808552,-0.07169231169821998,0.010282185503015002,92,chr8,81028405,cg27096404,-0.051245789647514264,3.2871259777608223e-6,5.48318365144075,chr8,81940640,PAG1,8,81028405,PAG1,1
3.292751580392842e-6,0.010778173726134982,1,-4.983510874729409,-0.05305363218692576,-0.03188398002006894,-0.07422328435378259,0.010645834537244072,92,chr17,80533762,cg06725287,-0.05305363218692576,3.292751580392842e-6,5.482441033130858,chr17,80533762,FOXK2,17,80533762,FOXK2,1
3.341582383020988e-6,0.010811972881498934,1,-4.979820800967864,-0.09690083828570754,-0.05820646387500089,-0.1355952126964142,0.019458699852587906,92,chr2,43595507,cg13557069,-0.09690083828570754,3.341582383020988e-6,5.476047827357773,chr2,43595507,THADA;THADA;THADA,2,43595507,THADA,1
3.356711150337308e-6,0.010811972881498934,1,-4.978688214679554,-0.06918238870490974,-0.0415502415124949,-0.09681453589732458,0.013895706202474574,92,chr1,61398491,cg02670522,-0.06918238870490974,3.356711150337308e-6,5.4740860287882835,chr1,61864163,NFIA;NFIA;NFIA;NFIA,1,61398491,NFIA,1
3.3634251988860905e-6,0.010811972881498934,1,-4.978187175362083,-0.05159723451829928,-0.03098670195018966,-0.07220776708640889,0.01036466342078558,92,chr8,28388947,cg06780777,-0.05159723451829928,3.3634251988860905e-6,5.473218226394214,chr8,28246464,,8,28388947,NA,1
3.377169691152636e-6,0.010811972881498934,1,4.977164522724593,0.04855676341345328,0.0679567640612454,0.029156762765661166,0.009755908849658119,92,chr15,71587838,cg11319855,0.04855676341345328,3.377169691152636e-6,5.4714471170134775,chr15,71587838,THSD4,15,71587838,THSD4,1
3.3871576080354965e-6,0.010811972881498934,1,-4.976423921379458,-0.07520980569160225,-0.04515657894614811,-0.1052630324370564,0.015113223246212957,92,chr2,63788204,cg11568374,-0.07520980569160225,3.3871576080354965e-6,5.4701645947024,chr2,64015338,,2,63788204,NA,1
3.3915290285054334e-6,0.010811972881498934,1,-4.976100451998089,-0.08541555318671895,-0.05128197404055829,-0.11954913233287962,0.017165158543457747,92,chr11,6932327,cg17084751,-0.08541555318671895,3.3915290285054334e-6,5.469604461404273,chr11,6953558,ZNF215,11,6932327,ZNF215,1
3.399178595724598e-6,0.010811972881498934,1,-4.975535389260431,-0.07317010405233618,-0.043926704135146606,-0.10241350396952575,0.014705976006174534,92,chr7,66398301,cg25105285,-0.07317010405233618,3.399178595724598e-6,5.468626016617284,chr7,66398301,TMEM248,7,66398301,TMEM248,1
3.4031705345445134e-6,0.010811972881498934,1,-4.975241002947018,-0.13347849731864053,-0.0801288938005626,-0.18682810083671847,0.02682854905713639,92,chr17,73261906,cg17641443,-0.13347849731864053,3.4031705345445134e-6,5.468116287649422,chr17,71258045,CPSF4L,17,73261906,CPSF4L,1
3.4369913651627237e-6,0.010879424769919774,1,-4.97276031558447,-0.09688016796128701,-0.05813911980930424,-0.13562121611326977,0.019482171231472327,92,chr2,28151020,cg27514107,-0.09688016796128701,3.4369913651627237e-6,5.463821558950029,chr2,28373887,LOC100505736;BRE;BRE;BRE;BRE;BRE;BRE,2,28151020,LOC100505736,1
3.4572232097366048e-6,0.010903526828979222,1,-4.971287714157397,-0.04896339687909175,-0.029377807213467434,-0.06854898654471607,0.009849238204349383,92,chr17,29388511,cg19702404,-0.04896339687909175,3.4572232097366048e-6,5.461272580067803,chr17,27715529,,17,29388511,NA,1
3.4887967095417705e-6,0.010915956333526636,1,-4.9690063135044324,-0.04368789211468388,-0.0262045058386043,-0.06117127839076346,0.008792078206049337,92,chr10,45599190,cg19613505,-0.04368789211468388,3.4887967095417705e-6,5.457324335939229,chr10,46094638,,10,45599190,NA,1
3.4890609495493744e-6,0.010915956333526636,1,-4.968987305500151,-0.08032677248708286,-0.04818080947644707,-0.11247273549771866,0.016165622399189773,92,chr3,193688210,cg23144852,-0.08032677248708286,3.4890609495493744e-6,5.457291443901913,chr3,193405999,OPA1;OPA1;OPA1;OPA1;OPA1;OPA1;OPA1;OPA1,3,193688210,OPA1,1
3.511208384393872e-6,0.010915956333526636,1,-4.967399110340241,-0.033783354102792006,-0.02025927443224953,-0.04730743377333448,0.0068010146461692355,92,chr6,25671212,cg19069660,-0.033783354102792006,3.511208384393872e-6,5.454543395112603,chr6,25671440,SCGN,6,25671212,SCGN,1
3.5117918078852426e-6,0.010915956333526636,1,-4.967357405243209,-0.022842705542187095,-0.013698286003534715,-0.03198712508083948,0.004598562913567659,92,chr12,120575832,cg12589274,-0.022842705542187095,3.5117918078852426e-6,5.454471238599273,chr12,121013635,RNF10,12,120575832,RNF10,1
3.524324212700927e-6,0.010915956333526636,1,-4.966463174879558,-0.08799288295843458,-0.05276112304939621,-0.12322464286747295,0.017717413753011165,92,chr1,172476239,cg24642022,-0.08799288295843458,3.524324212700927e-6,5.4529241464261915,chr1,172445379,,1,172476239,NA,1
3.543163382582815e-6,0.010935113297806089,1,-4.96512475585324,-0.082642846152968,-0.049544285305462704,-0.1157414070004733,0.016644666592826853,92,chr21,45079434,cg15349559,-0.082642846152968,3.543163382582815e-6,5.450608820989385,chr21,46499349,ADARB1;ADARB1;ADARB1;ADARB1;ADARB1;ADARB1;ADARB1,21,45079434,ADARB1,1
3.567581939084256e-6,0.010971292056311522,1,-4.963400247802862,-0.1257256695039434,-0.07535489027960776,-0.17609644872827904,0.025330552288141205,92,chr7,24908974,cg12023239,-0.1257256695039434,3.567581939084256e-6,5.447626043361604,chr7,24948593,OSBPL3,7,24908974,OSBPL3,1
3.6612179463757018e-6,0.011138097247807326,1,-4.956892470742654,-0.08842065893008683,-0.0529492646615411,-0.12389205319863256,0.017837921530873845,92,chr7,75962816,cg16182457,-0.08842065893008683,3.6612179463757018e-6,5.436374417501699,chr7,75592134,POR,7,75962816,POR,1
3.6748914352162565e-6,0.011138097247807326,1,-4.955955766602659,-0.016172951750347837,-0.009683681219617577,-0.022662222281078098,0.0032633365816810964,92,chr10,6220879,cg03555710,-0.016172951750347837,3.6748914352162565e-6,5.434755486452698,chr10,6220879,PFKFB3,10,6220879,PFKFB3,1
3.6816432267048986e-6,0.011138097247807326,1,-4.955494487571515,-0.07974845411591314,-0.047747031421028305,-0.11174987681079797,0.016092935693082486,92,chr7,102989653,cg17459348,-0.07974845411591314,3.6816432267048986e-6,5.433958299531255,chr7,102630100,FBXL13;FBXL13;FBXL13;FBXL13,7,102989653,FBXL13,1
3.6929768305443373e-6,0.011138097247807326,1,-4.954722033650976,-0.057494761707527146,-0.03441969348331199,-0.0805698299317423,0.011604033751447626,92,chr1,148295112,cg05116119,-0.057494761707527146,3.6929768305443373e-6,5.432623417071011,chr1,147767219,NBPF8;NBPF8;NBPF8,1,148295112,NBPF8,1
3.6930059721226314e-6,0.011138097247807326,1,-4.954720050458037,-0.031071999147752567,-0.01860149286356858,-0.04354250543193655,0.006271191678100992,92,chr18,25329109,cg19833642,-0.031071999147752567,3.6930059721226314e-6,5.432619990031716,chr18,22909073,ZNF521;ZNF521,18,25329109,ZNF521,1
3.699156988725019e-6,0.011138097247807326,1,-4.954301792204652,-0.043911463967075993,-0.02628645005139349,-0.0615364778827585,0.008863300180091674,92,chr12,113276991,cg19848034,-0.043911463967075993,3.699156988725019e-6,5.4318972372463135,chr12,113714796,TPCN1;TPCN1;TPCN1,12,113276991,TPCN1,1
3.7304379991504743e-6,0.011184385678302811,1,-4.952185182775357,-0.08557279271716112,-0.05121123530323536,-0.11993435013108687,0.017279804683960443,92,chr10,6178947,cg12664173,-0.08557279271716112,3.7304379991504743e-6,5.428240173701614,chr10,6220910,PFKFB3,10,6178947,PFKFB3,1
3.740415414220545e-6,0.011184385678302811,1,-4.951513708382361,-0.10946766078124408,-0.06550521330968523,-0.15343010825280293,0.022107918351498758,92,chr14,100144070,cg14084609,-0.10946766078124408,3.740415414220545e-6,5.427080161947931,chr14,100610407,EVL,14,100144070,EVL,1
3.769175794613795e-6,0.01121259674653151,1,-4.949587883996929,-0.07383484381663544,-0.044171074778598565,-0.10349861285467231,0.014917372021084665,92,chr1,52130680,cg14378743,-0.07383484381663544,3.769175794613795e-6,5.423753606554034,chr1,52130680,OSBPL9;OSBPL9;OSBPL9;OSBPL9;OSBPL9,1,52130680,OSBPL9,1
3.7758006152166165e-6,0.01121259674653151,1,4.949146310905182,0.06389677918959942,0.08957013766653774,0.038223420712661105,0.012910666845473177,92,chr16,4329147,cg26196104,0.06389677918959942,3.7758006152166165e-6,5.422990947106341,chr16,4379148,GLIS2-AS1,16,4329147,GLIS2-AS1,1
3.8133327270604233e-6,0.011240346425256342,1,-4.946658814006521,-0.0856447802063691,-0.05121589562348572,-0.1200736647892525,0.017313662297441038,92,chr10,3058053,cg01567034,-0.0856447802063691,3.8133327270604233e-6,5.418695299310122,chr10,3100245,,10,3058053,NA,1
3.815441994781999e-6,0.011240346425256342,1,-4.9465197288821425,-0.057036299758042454,-0.0341072737107084,-0.0799653258053765,0.011530591786587701,92,chr1,205255831,cg06207917,-0.057036299758042454,3.815441994781999e-6,5.418455144530599,chr1,205224959,TMCC2;TMCC2;TMCC2;TMCC2,1,205255831,TMCC2,1
3.824167332859687e-6,0.011240346425256342,1,-4.945945175795524,-0.04766318502703074,-0.028499996486765815,-0.06682637356729568,0.00963682033118461,92,chr16,75625311,cg23975326,-0.04766318502703074,3.824167332859687e-6,5.4174631126962405,chr16,75625311,,16,75625311,NA,1
3.8672385595090725e-6,0.011307025155533076,1,-4.943127592643994,-0.07034532132337587,-0.04204656122227076,-0.09864408142448097,0.014230933757012204,92,chr7,117146543,cg05720226,-0.07034532132337587,3.8672385595090725e-6,5.412599036646156,chr7,116786597,ST7;ST7;ST7OT2,7,117146543,ST7,1
3.899522680179499e-6,0.011307025155533076,1,-4.941035666960933,-0.09383951555091356,-0.05607344686897007,-0.13160558423285706,0.01899187172000949,92,chr14,103730823,cg25580656,-0.09383951555091356,3.899522680179499e-6,5.408988549396761,chr14,104197160,ZFYVE21,14,103730823,ZFYVE21,1
3.920107441616195e-6,0.011307025155533076,1,-4.9397106304069816,-0.09019452139728788,-0.05388565748604395,-0.1265033853085318,0.01825906984147709,92,chr3,150324995,cg15341243,-0.09019452139728788,3.920107441616195e-6,5.406702029749545,chr3,150042782,LINC01214;LINC01214,3,150324995,LINC01214,1
3.953312636921219e-6,0.011307025155533076,1,-4.937587456211927,-0.06711504745776646,-0.04008547906408022,-0.0941446158514527,0.013592680241709891,92,chr6,139611579,cg05271710,-0.06711504745776646,3.953312636921219e-6,5.403038839307213,chr6,139932716,,6,139611579,NA,1
3.955455312166981e-6,0.011307025155533076,1,4.937451049429276,0.14962640656080353,0.20988783936303687,0.0893649737585702,0.030304382780280723,92,chr10,72639133,cg09601944,0.14962640656080353,3.955455312166981e-6,5.402803517683287,chr10,74398891,,10,72639133,NA,1
4.004386963718312e-6,0.011307025155533076,1,-4.934355426699621,-0.047725183695299565,-0.02849199953090837,-0.06695836785969075,0.00967201986242424,92,chr10,79619316,cg16588712,-0.047725183695299565,4.004386963718312e-6,5.397463961140959,chr10,79619316,DLG5,10,79619316,DLG5,1
4.006495959136009e-6,0.011307025155533076,1,-4.934222833555097,-0.08630270880427526,-0.05152189984312991,-0.12108351776542062,0.017490638691340647,92,chr12,62485160,cg18543521,-0.08630270880427526,4.006495959136009e-6,5.397235290942619,chr12,62878940,MON2;MON2;MON2;MON2;MON2,12,62485160,MON2,1
4.0219710912333864e-6,0.011307025155533076,1,-4.933251984825741,-0.09187346663458952,-0.05484030293297217,-0.12890663033620686,0.01862330708368119,92,chr10,3624563,cg05180182,-0.09187346663458952,4.0219710912333864e-6,5.395561055311365,chr10,3666755,,10,3624563,NA,1
4.022772475991404e-6,0.011307025155533076,1,-4.933201808379184,-0.11041702562813635,-0.06590870863326159,-0.1549253426230111,0.02238242624507878,92,chr3,12607289,cg07199562,-0.11041702562813635,4.022772475991404e-6,5.395474529997903,chr3,12648788,RAF1,3,12607289,RAF1,1
4.024107997224313e-6,0.011307025155533076,1,-4.933118210140757,-0.11220039721610295,-0.06697244939492733,-0.15742834503727857,0.02274431554983993,92,chr16,48394014,cg04973399,-0.11220039721610295,4.024107997224313e-6,5.3953303723931825,chr16,48427925,MIR5095,16,48394014,MIR5095,1
4.025054031735042e-6,0.011307025155533076,1,-4.933059008570304,-0.04671655525179159,-0.027884899281330006,-0.06554821122225317,0.00947009860831382,92,chr2,38918125,cg11077103,-0.04671655525179159,4.025054031735042e-6,5.395228285351547,chr2,39145266,ARHGEF33,2,38918125,ARHGEF33,1
4.029349840573404e-6,0.011307025155533076,1,-4.932790353227275,-0.10146013747543021,-0.06055886695015625,-0.14236140800070418,0.020568507925549682,92,chr4,128913971,cg09385060,-0.10146013747543021,4.029349840573404e-6,5.39476502418901,chr4,129835126,SCLT1,4,128913971,SCLT1,1
4.0845824489505096e-6,0.011307025155533076,1,-4.92936083147048,-0.07659266868947101,-0.045694652080088966,-0.10749068529885306,0.015538052763449783,92,chr4,169100923,cg15134174,-0.07659266868947101,4.0845824489505096e-6,5.388852333105921,chr4,170022074,SH3RF1,4,169100923,SH3RF1,1
4.098095603418388e-6,0.011307025155533076,1,-4.928528655433924,-0.10699475873578433,-0.0638250390923199,-0.15016447837924876,0.021709269888857765,92,chr14,65096947,cg16583315,-0.10699475873578433,4.098095603418388e-6,5.387417914272367,chr14,65563665,MAX;MAX;MAX;MAX;MAX;MAX,14,65096947,MAX,1
4.09825738032024e-6,0.011307025155533076,1,-4.92851870900099,-0.06209829980625027,-0.0370431322933366,-0.08715346731916394,0.012599789809631784,92,chr7,29217438,cg25643363,-0.06209829980625027,4.09825738032024e-6,5.387400770350937,chr7,29257054,CHN2;CHN2;CHN2;CHN2;CHN2,7,29217438,CHN2,1
4.1081296925539725e-6,0.011307025155533076,1,-4.927912459017811,-0.04685733434679996,-0.0279492032545789,-0.06576546543902101,0.009508556561522026,92,chr2,96240094,cg10653297,-0.04685733434679996,4.1081296925539725e-6,5.386355854297874,chr2,96905832,LOC285033,2,96240094,LOC285033,1
4.111334631832761e-6,0.011307025155533076,1,-4.92771595198944,-0.07975480481646609,-0.04757042083068375,-0.11193918880224843,0.016184943611505673,92,chr1,117678641,cg02840645,-0.07975480481646609,4.111334631832761e-6,5.386017173464374,chr1,118221263,,1,117678641,NA,1
4.12734983511543e-6,0.011307025155533076,1,-4.926736231899705,-0.10355236048517866,-0.061756362270811695,-0.14534835869954563,0.021018450270322227,92,chr16,67423760,cg26624628,-0.10355236048517866,4.12734983511543e-6,5.384328718662891,chr16,67457663,,16,67423760,NA,1
4.145181351940009e-6,0.011307025155533076,1,-4.925649752377457,-0.11592043599797887,-0.06912209160788746,-0.16271878038807028,0.023534039532962674,92,chr2,230796602,cg09458420,-0.11592043599797887,4.145181351940009e-6,5.382456464287671,chr2,231661317,CAB39;CAB39;CAB39,2,230796602,CAB39,1
4.1491220814705765e-6,0.011307025155533076,1,-4.925410257592192,-0.056488783753499215,-0.03368253672810065,-0.07929503077889778,0.011468848440883785,92,chr6,155263716,cg27383562,-0.056488783753499215,4.1491220814705765e-6,5.382043786542683,chr6,155584850,TFB1M;CLDN20,6,155263716,TFB1M,1
4.1968606156780155e-6,0.011307025155533076,1,-4.9225264757249265,-0.07788691689820247,-0.04642316834564175,-0.10935066545076319,0.015822549108124865,92,chr15,67854346,cg14209284,-0.07788691689820247,4.1968606156780155e-6,5.377075454149745,chr15,68146684,,15,67854346,NA,1
4.215279742467408e-6,0.011307025155533076,1,-4.921422360046265,-0.11811936787104163,-0.0703923294198863,-0.16584640632219697,0.024001062950819607,92,chr10,117263042,cg05126171,-0.11811936787104163,4.215279742467408e-6,5.375173598600671,chr10,119022553,SLC18A2,10,117263042,SLC18A2,1
4.223382854818246e-6,0.011307025155533076,1,-4.920938116637463,-0.0884802583018185,-0.05272561179880416,-0.12423490480483285,0.01798036394781533,92,chr7,92720694,cg20293044,-0.0884802583018185,4.223382854818246e-6,5.374339547464901,chr7,92350008,CDK6;CDK6,7,92720694,CDK6,1
4.234180405661611e-6,0.011307025155533076,1,-4.920294259172849,-0.11987427844678081,-0.07142704969305735,-0.16832150720050426,0.024363233606059347,92,chr14,55383992,cg15249315,-0.11987427844678081,4.234180405661611e-6,5.373230641943861,chr14,55850710,ATG14,14,55383992,ATG14,1
4.243110663541546e-6,0.011307025155533076,1,-4.919762956837128,-0.0715042900617276,-0.04260268705102504,-0.10040589307243014,0.014534092534347847,92,chr3,183640879,cg12198633,-0.0715042900617276,4.243110663541546e-6,5.372315641356479,chr3,183358667,KLHL24,3,183640879,KLHL24,1
4.2445052323296365e-6,0.011307025155533076,1,-4.919680085940051,-0.09941071777274962,-0.05922882805947794,-0.13959260748602131,0.020206744348449695,92,chr10,3150898,cg11218432,-0.09941071777274962,4.2445052323296365e-6,5.372172926713832,chr10,3150898,PFKP,10,3150898,PFKP,1
4.245750285090211e-6,0.011307025155533076,1,-4.919606122318153,-0.035808431011777005,-0.02133441764282573,-0.05028244438072828,0.007278719092841485,92,chr5,14477064,cg12337605,-0.035808431011777005,4.245750285090211e-6,5.37204555256205,chr5,14477173,TRIO,5,14477064,TRIO,1
4.251833818502482e-6,0.011307025155533076,1,-4.919245027720445,-0.065361665733225,-0.03894009291115405,-0.09178323855529594,0.013286930283997925,92,chr21,32752134,cg15301710,-0.065361665733225,4.251833818502482e-6,5.371423718071072,chr21,34124445,PAXBP1;PAXBP1;PAXBP1,21,32752134,PAXBP1,1
4.253511839906318e-6,0.011307025155533076,1,-4.91914551562036,-0.07336582869496074,-0.043708080876718944,-0.10302357651320253,0.014914344058738113,92,chr12,43339680,cg02756198,-0.07336582869496074,4.253511839906318e-6,5.371252353972556,chr12,43733483,,12,43339680,NA,1
4.255369547455257e-6,0.011307025155533076,1,-4.919035392189762,-0.07477749522815688,-0.04454841195847622,-0.10500657849783754,0.01520165830619667,92,chr14,61534354,cg08077807,-0.07477749522815688,4.255369547455257e-6,5.371062718669493,chr14,62001072,PRKCH,14,61534354,PRKCH,1
4.2715190257402225e-6,0.011307025155533076,1,-4.9180800342709,-0.08993172484419219,-0.05356942518198976,-0.12629402450639463,0.018285941712521254,92,chr12,95973524,cg17413460,-0.08993172484419219,4.2715190257402225e-6,5.369417654908981,chr12,96367302,HAL,12,95973524,HAL,1
4.282043124378629e-6,0.011307025155533076,1,-4.917459351668756,-0.12403300134217587,-0.07387612467346871,-0.17418987801088304,0.025222984568257764,92,chr18,8720330,cg00838934,-0.12403300134217587,4.282043124378629e-6,5.3683489632477075,chr18,8720328,MTCL1;MTCL1,18,8720330,MTCL1,1
4.288775438680126e-6,0.011307025155533076,1,-4.9170630778027515,-0.0837659649029952,-0.049889676126509304,-0.11764225367948111,0.017035771877961552,92,chr12,120538167,cg02467288,-0.0837659649029952,4.288775438680126e-6,5.367666692929792,chr12,120975970,RNF10,12,120538167,RNF10,1
4.291726746006315e-6,0.011307025155533076,1,-4.916889550735858,-0.10216443843541072,-0.06084605611636719,-0.14348282075445423,0.02077826588968647,92,chr17,21273151,cg11522179,-0.10216443843541072,4.291726746006315e-6,5.367367937330382,chr17,21176463,,17,21273151,NA,1
4.346188397266686e-6,0.011415706370440126,1,-4.913708100869057,-0.0938173461832211,-0.05585021344215948,-0.13178447892428272,0.019092983192597095,92,chr15,52134978,cg05853552,-0.0938173461832211,4.346188397266686e-6,5.361891451940955,chr15,52427175,GNB5;GNB5,15,52134978,GNB5,1
4.366184345920634e-6,0.011433475560290932,1,-4.91254975845596,-0.1306224385142812,-0.07774811363052739,-0.18349676339803503,0.026589540042712266,92,chr17,12805418,cg06381864,-0.1306224385142812,4.366184345920634e-6,5.359897931767983,chr17,12805418,RICH2,17,12805418,RICH2,1
4.425930665478634e-6,0.011501824911615,1,-4.9091192875367975,-0.10253618512498153,-0.061001819600136654,-0.1440705506498264,0.020886879930846033,92,chr8,134574786,cg17394189,-0.10253618512498153,4.425930665478634e-6,5.353995393805935,chr8,134574786,ST3GAL1;ST3GAL1,8,134574786,ST3GAL1,1
4.430670214743906e-6,0.011501824911615,1,-4.908849091564629,-0.0961053922317979,-0.057173807275941735,-0.13503697718765406,0.019577988738123057,92,chr1,42825170,cg04377912,-0.0961053922317979,4.430670214743906e-6,5.353530574330168,chr1,43290841,ERMAP;ERMAP,1,42825170,ERMAP,1
4.43221527644187e-6,0.011501824911615,1,-4.90876107036907,-0.042142853981097406,-0.02507078880494186,-0.05921491915725295,0.008585232276935584,92,chr2,105438533,cg00543751,-0.042142853981097406,4.43221527644187e-6,5.353379153717301,chr2,106054990,FHL2;FHL2,2,105438533,FHL2,1
4.448751730851921e-6,0.01151017277161422,1,-4.907820867988418,-0.06067983846645371,-0.03609373394838754,-0.08526594298451988,0.012363906527689697,92,chr11,3871146,cg08448080,-0.06067983846645371,4.448751730851921e-6,5.351761830019445,chr11,3892376,STIM1;STIM1;STIM1,11,3871146,STIM1,1
4.572260875168921e-6,0.011794413074026787,1,-4.900904485966376,-0.07755021211326699,-0.046084268371890606,-0.10901615585464336,0.015823653028809313,92,chr7,5534279,cg03361157,-0.07755021211326699,4.572260875168921e-6,5.3398689984398935,chr7,5573910,,7,5534279,NA,1
4.609678894519084e-6,0.011855545345406117,1,-4.898845039531604,-0.11441366709381214,-0.0679708864795561,-0.16085644770806817,0.023355232951959553,92,chr18,35442016,cg12734151,-0.11441366709381214,4.609678894519084e-6,5.336329326062733,chr18,33021980,,18,35442016,NA,1
4.6462145543076785e-6,0.011914052224136763,1,-4.896849821978234,-0.05195670864445812,-0.030857855133610723,-0.07305556215530552,0.010610231175819192,92,chr7,117184540,cg10936812,-0.05195670864445812,4.6462145543076785e-6,5.332900739090149,chr7,116824594,ST7-OT3;ST7;ST7,7,117184540,ST7-OT3,1
4.685665166959881e-6,0.01197966545964117,1,-4.894712519362823,-0.04920314609246251,-0.029213749076673564,-0.06919254310825146,0.01005230560483818,92,chr14,65238242,cg16536610,-0.04920314609246251,4.685665166959881e-6,5.3292287488882675,chr14,65704960,,14,65238242,NA,1
4.704611123653895e-6,0.011992622748459471,1,-4.89369231789861,-0.13837136364850222,-0.08214453730526386,-0.19459818999174058,0.028275452288328576,92,chr6,33333563,cg06199753,-0.13837136364850222,4.704611123653895e-6,5.3274762689064445,chr6,33333563,LYPLA2P1,6,33333563,LYPLA2P1,1
4.728362145038856e-6,0.012011549182484548,1,-4.892419015713665,-0.06041773983184272,-0.035860766441642766,-0.08497471322204267,0.012349257011263881,92,chr12,25096106,cg05467845,-0.06041773983184272,4.728362145038856e-6,5.325289268258585,chr12,25249040,LRMP;LRMP;LRMP,12,25096106,LRMP,1
4.739835435464167e-6,0.012011549182484548,1,-4.891806159414151,-0.0445308383442215,-0.0264288766233029,-0.0626328000651401,0.009103148590326517,92,chr22,39991284,cg03966055,-0.0445308383442215,4.739835435464167e-6,5.324236736534882,chr22,40387288,,22,39991284,NA,1
4.757914685421093e-6,0.012022109623497099,1,-4.890843368170722,-0.01530100282034221,-0.009079860294725994,-0.021522145345958428,0.0031284998656714515,92,chr12,49256218,cg17492104,-0.01530100282034221,4.757914685421093e-6,5.322583349600777,chr12,49650001,TUBA1C;TUBA1C;TUBA1C;TUBA1C,12,49256218,TUBA1C,1
4.790300076022511e-6,0.012046110370576787,1,-4.889127599709902,-0.03894151752512095,-0.023102964233887337,-0.05478007081635456,0.00796492149794404,92,chr1,52264736,cg11803258,-0.03894151752512095,4.790300076022511e-6,5.319637280472948,chr1,52730408,ZFYVE9;ZFYVE9,1,52264736,ZFYVE9,1
4.795292920086298e-6,0.012046110370576787,1,-4.88886408669185,-0.08541014635589661,-0.05066969051290528,-0.12015060219888794,0.017470345839311546,92,chr8,61825856,cg25586083,-0.08541014635589661,4.795292920086298e-6,5.319184858839173,chr8,62738415,,8,61825856,NA,1
4.853741417792377e-6,0.012088988989494467,1,-4.885799018537933,-0.10861739141479325,-0.064409705610806,-0.1528250772187805,0.022231244265814437,92,chr5,150050361,cg26057482,-0.10861739141479325,4.853741417792377e-6,5.313923364348797,chr5,149429924,HMGXB3,5,150050361,HMGXB3,1
4.857079046794748e-6,0.012088988989494467,1,-4.885625079175388,-0.06805113266465257,-0.040353080285227855,-0.09574918504407728,0.01392884872699615,92,chr1,67743472,cg11209521,-0.06805113266465257,4.857079046794748e-6,5.313624828520495,chr1,68209155,GNG12,1,67743472,GNG12,1
4.90485769717522e-6,0.012088988989494467,1,-4.883147801166719,-0.11684727240655093,-0.06926417379316319,-0.16443037101993868,0.02392867821421111,92,chr5,126921424,cg11310939,-0.11684727240655093,4.90485769717522e-6,5.309373588126655,chr5,126257116,MARCH3,5,126921424,MARCH3,1
4.914431704396539e-6,0.012088988989494467,1,-4.8826542276223615,-0.06850364509536075,-0.04060444695378604,-0.09640284323693546,0.01403000128655824,92,chr19,39737309,cg18254848,-0.06850364509536075,4.914431704396539e-6,5.308526695922244,chr19,40227949,CLC,19,39737309,CLC,1
4.91910656604144e-6,0.012088988989494467,1,-4.88241356257859,-0.0855032695032364,-0.05067898767757407,-0.12032755132889875,0.017512500407294223,92,chr1,117655321,cg12350164,-0.0855032695032364,4.91910656604144e-6,5.3081137689140485,chr1,118197943,,1,117655321,NA,1
4.926292533773529e-6,0.012088988989494467,1,-4.882044058417829,-0.07022330340769319,-0.041620172650226855,-0.09882643416515952,0.014383996245714162,92,chr21,37828039,cg11215612,-0.07022330340769319,4.926292533773529e-6,5.3074798023971566,chr21,39200341,KCNJ6,21,37828039,KCNJ6,1
4.938713483899259e-6,0.012088988989494467,1,-4.881406607216722,-0.07236961145700166,-0.042888404009890926,-0.10185081890411239,0.01482556510453558,92,chr14,102970050,cg18505004,-0.07236961145700166,4.938713483899259e-6,5.306386168406358,chr14,103436387,CDC42BPB,14,102970050,CDC42BPB,1
4.944900547737485e-6,0.012088988989494467,1,-4.881089665855662,-0.037343073446704185,-0.022129638439294917,-0.05255650845411346,0.007650560838479883,92,chr15,60841018,cg18077587,-0.037343073446704185,4.944900547737485e-6,5.305842438546712,chr15,61133217,RORA,15,60841018,RORA,1
4.968822405611779e-6,0.012088988989494467,1,-4.879867859037202,-0.06647675338466251,-0.03938758021278921,-0.09356592655653581,0.013622654404781028,92,chr1,42825538,cg08223760,-0.06647675338466251,4.968822405611779e-6,5.3037465254201255,chr1,43291209,ERMAP;ERMAP,1,42825538,ERMAP,1
4.975502697880187e-6,0.012088988989494467,1,4.879527687606443,0.014846965625575142,0.020897502705784523,0.008796428545365761,0.003042705478090653,92,chr9,21975498,cg01694391,0.014846965625575142,4.975502697880187e-6,5.3031630339361095,chr9,21975497,CDKN2A;CDKN2A;CDKN2A;CDKN2A,9,21975498,CDKN2A,1
4.978523778058083e-6,0.012088988989494467,1,-4.879373995393907,-0.03489015304785148,-0.02067103114063384,-0.049109274955069115,0.00715053879468709,92,chr6,139748593,cg00057667,-0.03489015304785148,4.978523778058083e-6,5.302899414285488,chr6,140069730,,6,139748593,NA,1
4.980235051541893e-6,0.012088988989494467,1,-4.879286977644172,-0.11379074476672245,-0.06741567369137547,-0.16016581584206943,0.023321183051557903,92,chr11,33058019,cg19941446,-0.11379074476672245,4.980235051541893e-6,5.302750159413254,chr11,33079565,TCP11L1;TCP11L1,11,33058019,TCP11L1,1
5.062067839838218e-6,0.012178999073112798,1,4.875159457141392,0.14295096508850458,0.20125951982453333,0.08464241035247583,0.029322315781713033,92,chr12,96044806,cg00111063,0.14295096508850458,5.062067839838218e-6,5.295672038895273,chr12,96438584,LTA4H;LTA4H,12,96044806,LTA4H,1
5.072334781174615e-6,0.012178999073112798,1,-4.874646205909808,-0.07511192346480854,-0.04447114511863741,-0.10575270181097966,0.015408692301350226,92,chr16,23552280,cg05261121,-0.07511192346480854,5.072334781174615e-6,5.294792090138433,chr16,23563601,EARS2;EARS2;EARS2,16,23552280,EARS2,1
5.073515128611783e-6,0.012178999073112798,1,-4.874587264454149,-0.03456902199129551,-0.020466939401990823,-0.0486711045806002,0.007091681842148026,92,chr16,85671734,cg26296701,-0.03456902199129551,5.073515128611783e-6,5.294691040273599,chr16,85705340,GSE1;GSE1;GSE1,16,85671734,GSE1,1
5.078557488042445e-6,0.012178999073112798,1,-4.874335621175842,-0.09578215770548298,-0.05670677883614541,-0.13485753657482055,0.019650300092051796,92,chr19,15325286,cg02068052,-0.09578215770548298,5.078557488042445e-6,5.294259627075669,chr19,15436097,,19,15325286,NA,1
5.087783937772198e-6,0.012178999073112798,1,-4.873875796989161,-0.05587549169626734,-0.033078323122860055,-0.07867266026967462,0.011464283051854636,92,chr6,36351278,cg18891604,-0.05587549169626734,5.087783937772198e-6,5.293471340092678,chr6,36319055,,6,36351278,NA,1
5.106350619822721e-6,0.012186396937619033,1,-4.87295293574633,-0.0657058540577804,-0.03889282627001077,-0.09251888184555003,0.013483785894130958,92,chr12,54679051,cg10828236,-0.0657058540577804,5.106350619822721e-6,5.291889368335849,chr12,55072835,,12,54679051,NA,1
5.129071950756409e-6,0.012186396937619033,1,-4.871828005812519,-0.06375032204138255,-0.037729294295505963,-0.08977134978725913,0.013085503421985096,92,chr15,33887128,cg20987153,-0.06375032204138255,5.129071950756409e-6,5.289961208597084,chr15,34179329,AVEN,15,33887128,AVEN,1
5.148364879549334e-6,0.012186396937619033,1,-4.8708766213582235,-0.07014803881649884,-0.04151005660701185,-0.09878602102598583,0.01440152240952027,92,chr15,58307339,cg04968217,-0.07014803881649884,5.148364879549334e-6,5.288330680967484,chr15,58599538,,15,58307339,NA,1
5.173484176254827e-6,0.012186396937619033,1,-4.869643116544838,-0.10494970393050845,-0.06209306638278146,-0.14780634147823546,0.021551826575121488,92,chr10,112677764,cg26724455,-0.10494970393050845,5.173484176254827e-6,5.286216874918615,chr10,114437523,VTI1A,10,112677764,VTI1A,1
5.196238298184765e-6,0.012186396937619033,1,-4.868530782997202,-0.10437203855464486,-0.06174155526803798,-0.14700252184125173,0.021438097694514432,92,chr19,7397927,cg07825147,-0.10437203855464486,5.196238298184765e-6,5.284310940506322,chr19,7462813,ARHGEF18,19,7397927,ARHGEF18,1
5.197573989528663e-6,0.012186396937619033,1,-4.868465635395722,-0.10121554321041577,-0.05987376889487723,-0.14255731752595432,0.02079002930092341,92,chr17,31340308,cg10186605,-0.10121554321041577,5.197573989528663e-6,5.284199319598167,chr17,29667326,NF1;NF1,17,31340308,NF1,1
5.228666926159249e-6,0.012186396937619033,1,-4.866953686812347,-0.10773889714388506,-0.06371896969174363,-0.15175882459602646,0.02213682399235025,92,chr16,337629,cg22158603,-0.10773889714388506,5.228666926159249e-6,5.281609022492066,chr16,387629,AXIN1;AXIN1,16,337629,AXIN1,1
5.235118367182522e-6,0.012186396937619033,1,-4.8666410718834925,-0.0840290372501632,-0.04969427210385432,-0.11836380239647207,0.017266331337980136,92,chr12,8886667,cg10671836,-0.0840290372501632,5.235118367182522e-6,5.281073494379972,chr12,9039263,,12,8886667,NA,1
5.239143978784257e-6,0.012186396937619033,1,-4.866446194553552,-0.3071313530072212,-0.18163062722722229,-0.43263207878722015,0.06311204125732607,92,chr7,157571460,cg10528826,-0.3071313530072212,5.239143978784257e-6,5.280739666386505,chr7,157571460,PTPRN2;PTPRN2;PTPRN2,7,157571460,PTPRN2,1
5.244971682040991e-6,0.012186396937619033,1,-4.866164337438985,-0.08960111929435789,-0.052985981428221675,-0.12621625716049412,0.018413089464527643,92,chr1,167541602,cg26607897,-0.08960111929435789,5.244971682040991e-6,5.280256852249553,chr1,167510839,CREG1,1,167541602,CREG1,1
5.25904415320878e-6,0.012186396937619033,1,-4.865484977905732,-0.06551895868179362,-0.038741160700714664,-0.09229675666287258,0.013466069462616076,92,chr17,39628446,cg14697334,-0.06551895868179362,5.25904415320878e-6,5.279093182977294,chr17,37784699,PPP1R1B;PPP1R1B,17,39628446,PPP1R1B,1
5.2601001417943825e-6,0.012186396937619033,1,-4.865434070701362,-0.10759426761643118,-0.06361970261167373,-0.15156883262118864,0.022114012039407053,92,chr18,23180310,cg20355381,-0.10759426761643118,5.2601001417943825e-6,5.279005987668558,chr18,20760274,CABLES1;CABLES1;CABLES1;CABLES1,18,23180310,CABLES1,1
5.280761025452089e-6,0.012201551341354209,1,-4.86444004704675,-0.028225089140053696,-0.016686931255581357,-0.039763247024526036,0.005802330559544964,92,chr8,23679266,cg06696292,-0.028225089140053696,5.280761025452089e-6,5.277303485546116,chr8,23536779,NKX3-1,8,23679266,NKX3-1,1
5.3054136580377136e-6,0.012203670046492,1,4.863258921284197,0.1202216862466122,0.1693791461258858,0.07106422636733858,0.0247203959716104,92,chr2,112010842,cg01305109,0.1202216862466122,5.3054136580377136e-6,5.275280748916374,chr2,112768419,MERTK,2,112010842,MERTK,1
5.3099222561320135e-6,0.012203670046492,1,-4.8630434895962775,-0.06822046784248359,-0.04032455673966459,-0.09611637894530259,0.014028348294320342,92,chr3,36974725,cg11014921,-0.06822046784248359,5.3099222561320135e-6,5.27491183748351,chr3,36974725,TRANK1,3,36974725,TRANK1,1
5.324457029092957e-6,0.012204615890198242,1,-4.862350194523378,-0.06890844142812264,-0.0407271946285231,-0.09708968822772217,0.014171838446711722,92,chr19,35405576,cg02307266,-0.06890844142812264,5.324457029092957e-6,5.273724673577842,chr19,35896478,LINC01531,19,35405576,LINC01531,1
5.371773498784569e-6,0.012263548415779242,1,-4.860105947270398,-0.03951282336188918,-0.023345938821254738,-0.05567970790252362,0.008130033334783768,92,chr5,138171086,cg02091562,-0.03951282336188918,5.371773498784569e-6,5.269882307675293,chr5,137506775,BRD8;BRD8;BRD8;BRD8;BRD8;BRD8,5,138171086,BRD8,1
5.378550127269661e-6,0.012263548415779242,1,-4.859786105735857,-0.07615832069650906,-0.04499568270591754,-0.10732095868710058,0.015671126061828466,92,chr16,3005635,cg07961282,-0.07615832069650906,5.378550127269661e-6,5.269334779461413,chr16,3055636,,16,3005635,NA,1
5.403314864853635e-6,0.012287593018665785,1,-4.85862059589816,-0.07002337848057588,-0.04136417708843427,-0.0986825798727175,0.014412193152042452,92,chr1,46692137,cg06824199,-0.07002337848057588,5.403314864853635e-6,5.26733972428309,chr1,47157809,KIAA0494,1,46692137,KIAA0494,1
5.480025497634145e-6,0.012358836279177684,1,4.85504309050166,0.11157968222457088,0.1572807178674652,0.06587864658167655,0.02298222284429645,92,chr4,123479041,cg26306329,0.11157968222457088,5.480025497634145e-6,5.261217420811972,chr4,124400196,,4,123479041,NA,1
5.5131186832825e-6,0.012358836279177684,1,-4.853514784838118,-0.07255138289037978,-0.04282628124429806,-0.1022764845364615,0.014948215078487627,92,chr2,157326822,cg20433238,-0.07255138289037978,5.5131186832825e-6,5.258602658175569,chr2,158183334,ERMN;ERMN;ERMN;ERMN;ERMN,2,157326822,ERMN,1
5.531986204911082e-6,0.012358836279177684,1,4.852647442537041,0.11918420577064935,0.16802401707178188,0.07034439446951683,0.024560656256605768,92,chr8,22995228,cg18444544,0.11918420577064935,5.531986204911082e-6,5.257118911559557,chr8,22852741,RHOBTB2;RHOBTB2,8,22995228,RHOBTB2,1
5.5369821547744015e-6,0.012358836279177684,1,-4.8524182606765915,-0.04176621786173767,-0.02465027091931504,-0.058882164804160295,0.008607299622171079,92,chr1,206865663,cg17030628,-0.04176621786173767,5.5369821547744015e-6,5.2567268761802275,chr1,207039008,IL20,1,206865663,IL20,1
5.556708037120023e-6,0.012358836279177684,1,-4.851515328492488,-0.08129534441524129,-0.04797401823654351,-0.11461667059393907,0.01675669124197165,92,chr6,116460144,cg25488567,-0.08129534441524129,5.556708037120023e-6,5.255182421497646,chr6,116781307,FAM26F,6,116460144,FAM26F,1
5.569197842894484e-6,0.012358836279177684,1,-4.850945233438901,-0.08017964891963775,-0.0473117616177469,-0.11304753622152859,0.016528665045924935,92,chr7,4688111,cg19396390,-0.08017964891963775,5.569197842894484e-6,5.254207353747668,chr7,4727742,FOXK1,7,4688111,FOXK1,1
5.5706551991287055e-6,0.012358836279177684,1,-4.8508787938241005,-0.1076774030101567,-0.06353681037677658,-0.15181799564353682,0.022197504325864887,92,chr12,120532822,cg23434083,-0.1076774030101567,5.5706551991287055e-6,5.254093721768518,chr12,120970625,,12,120532822,NA,1
5.5867332878567115e-6,0.012358836279177684,1,-4.850146929397071,-0.0812404961204065,-0.047932256364849136,-0.11454873587596387,0.016750110316865314,92,chr19,29941253,cg01627992,-0.0812404961204065,5.5867332878567115e-6,5.2528420614798135,chr19,30432160,URI1;URI1;URI1,19,29941253,URI1,1
5.599498868133504e-6,0.012358836279177684,1,-4.849567308063193,-0.07853125480516623,-0.04632994361384427,-0.1107325659964882,0.016193455996495867,92,chr13,95754048,cg11262246,-0.07853125480516623,5.599498868133504e-6,5.251850838805035,chr13,96406302,DNAJC3,13,95754048,DNAJC3,1
5.617139659724619e-6,0.012358836279177684,1,-4.848768442680822,-0.056729869650945085,-0.03346426458733334,-0.07999547471455683,0.011699851275962327,92,chr1,229156565,cg02568282,-0.056729869650945085,5.617139659724619e-6,5.250484778065513,chr1,229292312,,1,229156565,NA,1
5.6260829091204345e-6,0.012358836279177684,1,-4.848364379655639,-0.058791269158685606,-0.03467824983389682,-0.08290428848347439,0.012126000555028691,92,chr1,143942500,cg18780796,-0.058791269158685606,5.6260829091204345e-6,5.2497938721160375,chr1,143942500,,1,143942500,NA,1
5.631394446733797e-6,0.012358836279177684,1,-4.8481246962716575,-0.08635197185585614,-0.05093328236673187,-0.12177066134498041,0.01781141725217241,92,chr3,183913383,cg19471343,-0.08635197185585614,5.631394446733797e-6,5.249384051767453,chr3,183631171,,3,183913383,NA,1
5.6605533768334515e-6,0.012358836279177684,1,-4.846812808414403,-0.07379995758027624,-0.04352149109104228,-0.1040784240695102,0.015226492232618186,92,chr17,40074946,cg03724728,-0.07379995758027624,5.6605533768334515e-6,5.247141110020648,chr17,38231199,THRA;THRA,17,40074946,THRA,1
5.665551176307521e-6,0.012358836279177684,1,-4.846588613741318,-0.09356010272884054,-0.05517271646125594,-0.13194748899642514,0.01930432107721578,92,chr9,77987611,cg25348163,-0.09356010272884054,5.665551176307521e-6,5.24675783316426,chr9,80602527,GNAQ,9,77987611,GNAQ,1
5.693755197330473e-6,0.012358836279177684,1,-4.845327018663552,-0.09592197343447537,-0.056555272412376,-0.13528867445657472,0.019796800724697583,92,chr20,11262186,cg19617041,-0.09592197343447537,5.693755197330473e-6,5.244601209253347,chr20,11242834,,20,11262186,NA,1
5.694914081248133e-6,0.012358836279177684,1,-4.845275310882684,-0.0673341261391328,-0.03969967904262557,-0.09496857323564002,0.013896862782574527,92,chr10,11098991,cg10454881,-0.0673341261391328,5.694914081248133e-6,5.244512823704513,chr10,11140954,CELF2;CELF2;CELF2-AS2,10,11098991,CELF2,1
5.7109431750827715e-6,0.012358836279177684,1,-4.8445611645279625,-0.06804984275561123,-0.04011754306534889,-0.09598214244587355,0.01404664745568173,92,chr2,112837386,cg20983042,-0.06804984275561123,5.7109431750827715e-6,5.243292161122352,chr2,113594963,IL1B,2,112837386,IL1B,1
5.722294091098229e-6,0.012358836279177684,1,-4.844056625552481,-0.08909274881655954,-0.05251919538673844,-0.12566630224638065,0.01839217740490352,92,chr4,18012314,cg11265882,-0.08909274881655954,5.722294091098229e-6,5.24242982586333,chr4,18013937,LCORL;LCORL,4,18012314,LCORL,1
5.7254590642981075e-6,0.012358836279177684,1,-4.843916118875744,-0.05299243909823792,-0.03123782890536563,-0.07474704929111022,0.010939999330652588,92,chr1,198107388,cg19831545,-0.05299243909823792,5.7254590642981075e-6,5.242189686088749,chr1,198076518,,1,198107388,NA,1
5.72924709508968e-6,0.012358836279177684,1,-4.843748051442037,-0.0401542808235611,-0.023669456729701773,-0.05663910491742043,0.008289919375886351,92,chr16,31238195,cg11198674,-0.0401542808235611,5.72924709508968e-6,5.241902446781666,chr16,31249516,,16,31238195,NA,1
5.734978739793753e-6,0.012358836279177684,1,-4.84349395538738,-0.09859986069438374,-0.058118831111047646,-0.13908089027771983,0.020357176369490845,92,chr9,93124048,cg13585029,-0.09859986069438374,5.734978739793753e-6,5.241468187737843,chr9,95886330,NINJ1,9,93124048,NINJ1,1
5.751509894521273e-6,0.012363628801916285,1,-4.842762477172269,-0.12051117962758902,-0.07102679438722947,-0.16999556486794856,0.024884800812687503,92,chr10,112677793,cg02698198,-0.12051117962758902,5.751509894521273e-6,5.240218128740184,chr10,114437552,VTI1A,10,112677793,VTI1A,1
5.802380727739408e-6,0.012415608734260855,1,-4.840524300196228,-0.10669777158647449,-0.06286519958352227,-0.1505303435894267,0.022042606331332558,92,chr1,87131251,cg01445399,-0.10669777158647449,5.802380727739408e-6,5.236393778027065,chr1,87596934,LOC339524;LOC339524;LOC339524;LOC339524;LOC339524,1,87131251,LOC339524,1
5.804425527732836e-6,0.012415608734260855,1,-4.8404347346983805,-0.15047827152515927,-0.0886590636782082,-0.21229747937211035,0.031087759627552534,92,chr10,122544160,cg07066120,-0.15047827152515927,5.804425527732836e-6,5.2362407565423625,chr10,124303676,,10,122544160,NA,1
5.848686713296855e-6,0.01241710150348318,1,-4.838503519449264,-0.09472204649255977,-0.05579297712574473,-0.13365111585937484,0.019576723693970025,92,chr15,72344064,cg11668148,-0.09472204649255977,5.848686713296855e-6,5.232941641131186,chr15,72636405,HEXA,15,72344064,HEXA,1
5.854371464862162e-6,0.01241710150348318,1,-4.838256513170808,-0.032816419905378154,-0.01932876888110019,-0.04630407092965612,0.0067826953399524334,92,chr6,130884588,cg19835792,-0.032816419905378154,5.854371464862162e-6,5.232519724672701,chr6,131205728,EPB41L2;EPB41L2;EPB41L2;EPB41L2;EPB41L2,6,130884588,EPB41L2,1
5.85685509760371e-6,0.01241710150348318,1,-4.838148670977528,-0.06352897792554882,-0.03741778767474936,-0.08964016817634828,0.013130844512207404,92,chr10,102009597,cg25847090,-0.06352897792554882,5.85685509760371e-6,5.232335520566472,chr10,103769354,C10orf76,10,102009597,C10orf76,1
5.8676122293055135e-6,0.01241710150348318,1,-4.837682097599384,-0.029838131646559997,-0.017573110245634467,-0.04210315304748553,0.0061678570531467245,92,chrX,71908194,cg05748096,-0.029838131646559997,5.8676122293055135e-6,5.231538594937387,chrX,71908194,LOC101928259;PHKA1;PHKA1;PHKA1,23,71908194,LOC101928259,1
5.885926207602415e-6,0.01241710150348318,1,-4.836889671359832,-0.025180915546929198,-0.01482855603471056,-0.035533275059147836,0.00520601404163306,92,chr8,140578844,cg24512544,-0.025180915546929198,5.885926207602415e-6,5.230185186992094,chr8,141588943,EIF2C2;EIF2C2,8,140578844,EIF2C2,1
5.9162960249458796e-6,0.01241710150348318,1,-4.8355808798365425,-0.07477385064632838,-0.044024559758520265,-0.1055231415341365,0.015463261292582488,92,chr7,72091677,cg17040823,-0.07477385064632838,5.9162960249458796e-6,5.227950103981414,chr7,72091677,TYW1B,7,72091677,TYW1B,1
5.940181388849119e-6,0.01241710150348318,1,4.834556125485012,0.1325144342841101,0.1870199672812387,0.07800890128698151,0.02740984504980093,92,chr2,55100235,cg02862885,0.1325144342841101,5.940181388849119e-6,5.226200293238758,chr2,55327371,,2,55100235,NA,1
5.940188741522541e-6,0.01241710150348318,1,4.834555810651393,0.07496902082133472,0.10580510842429056,0.044132933218378884,0.015506909788105977,92,chr18,10072798,cg22811930,0.07496902082133472,5.940188741522541e-6,5.226199755675457,chr18,10072795,,18,10072798,NA,1
5.9430575174978655e-6,0.01241710150348318,1,-4.834433001683713,-0.07663942150911557,-0.04511546770220407,-0.10816337531602707,0.015852825239779714,92,chr9,124377832,cg13610026,-0.07663942150911557,5.9430575174978655e-6,5.225990066576545,chr9,127140111,PSMB7,9,124377832,PSMB7,1
5.948814586371421e-6,0.01241710150348318,1,4.834186722348126,0.09736517261242626,0.13741625222330114,0.05731409300155138,0.020140962317883482,92,chr1,231706460,cg23172853,0.09736517261242626,5.948814586371421e-6,5.2255695670257225,chr1,231842206,TSNAX-DISC1;DISC1;DISC1;DISC1;TSNAX-DISC1;DISC1;DISC1;DISC1;DISC1;TSNAX-DISC1;DISC1;DISC1;TSNAX-DISC1;TSNAX-DISC1;DISC1;DISC1;DISC1;DISC1;DISC1;TSNAX-DISC1;DISC1;DISC1;DISC1;DISC1;DISC1;TSNAX-DISC1;DISC1;DISC1;DISC1,1,231706460,TSNAX-DISC1,1
5.99026350516168e-6,0.012451445854525801,1,-4.832420417413034,-0.04871544070043924,-0.028669061764730996,-0.06876181963614748,0.010080960780005631,92,chr16,31286902,cg12227872,-0.04871544070043924,5.99026350516168e-6,5.222554073049651,chr16,31298223,ITGAM;ITGAM,16,31286902,ITGAM,1
6.01205712594946e-6,0.012451445854525801,1,-4.831496472556688,-0.07197516032195413,-0.04235175474698001,-0.10159856589692824,0.014897073966788382,92,chr2,191115515,cg24636814,-0.07197516032195413,6.01205712594946e-6,5.220976901443953,chr2,191980241,STAT4;STAT4,2,191115515,STAT4,1
6.0165457193104234e-6,0.012451445854525801,1,-4.831306582899277,-0.05488654472741911,-0.03229555259623504,-0.07747753685860319,0.011360600654426194,92,chr1,18166562,cg05440683,-0.05488654472741911,6.0165457193104234e-6,5.220652778776718,chr1,18493056,IGSF21,1,18166562,IGSF21,1
6.022903803025144e-6,0.012451445854525801,1,-4.831037840567334,-0.10019782996876318,-0.058954674327481964,-0.1414409856100444,0.020740435756345973,92,chr22,32477539,cg14785368,-0.10019782996876318,6.022903803025144e-6,5.220194073264583,chr22,32873526,FBXO7;FBXO7;FBXO7,22,32477539,FBXO7,1
6.169823126023332e-6,0.012724737455845622,1,-4.82490363577881,-0.0552142186212336,-0.032458199133771105,-0.0779702381086961,0.011443589922044365,92,chr14,23033059,cg23029395,-0.0552142186212336,6.169823126023332e-6,5.2097272859656405,chr14,23033059,,14,23033059,NA,1
6.194689692964836e-6,0.012745603541797497,1,-4.8238794980487105,-0.034576406699635076,-0.020323041333234954,-0.0488297720660352,0.007167759209910083,92,chr2,74334301,cg02205832,-0.034576406699635076,6.194689692964836e-6,5.207980443607265,chr2,74561428,SLC4A5,2,74334301,SLC4A5,1
6.210421326713055e-6,0.012747619977011258,1,-4.823233650999292,-0.09568096420768298,-0.05623330362733337,-0.1351286247880326,0.019837513819771,92,chr17,75335549,cg03653158,-0.09568096420768298,6.210421326713055e-6,5.206878935466001,chr17,73331630,GRB2;GRB2,17,75335549,GRB2,1
6.2576143722608625e-6,0.012785996460202915,1,-4.821305700586146,-0.031056818868425134,-0.018247491936976966,-0.0438661457998733,0.006441578443086367,92,chr1,169556712,cg08653021,-0.031056818868425134,6.2576143722608625e-6,5.203591203919045,chr1,169525950,F5,1,169556712,F5,1
6.302014274301932e-6,0.012785996460202915,1,-4.819504739778266,-0.07988873188015898,-0.046926460842858425,-0.11285100291745953,0.016576128916481667,92,chr17,83085906,cg26749306,-0.07988873188015898,6.302014274301932e-6,5.200520617467392,chr17,81043782,METRNL,17,83085906,METRNL,1
6.309110917042208e-6,0.012785996460202915,1,-4.8192180295915605,-0.09496003387021242,-0.05577697864196351,-0.13414308909846132,0.019704448582140717,92,chr1,204388533,cg21577213,-0.09496003387021242,6.309110917042208e-6,5.200031837432193,chr1,204388533,,1,204388533,NA,1
6.313313245903286e-6,0.012785996460202915,1,-4.819048400056184,-0.029759788417835515,-0.017479669810121015,-0.042039907025550015,0.006175449164919894,92,chr1,23872408,cg27427752,-0.029759788417835515,6.313313245903286e-6,5.199742661869816,chr1,24198898,,1,23872408,NA,1
6.317829174687978e-6,0.012785996460202915,1,-4.818866234384305,-0.07715529265869198,-0.04531662671053759,-0.10899395860684635,0.01601108827386862,92,chr7,133575943,cg04907127,-0.07715529265869198,6.317829174687978e-6,5.199432120990754,chr7,133260697,EXOC4,7,133575943,EXOC4,1
6.329437211777017e-6,0.012785996460202915,1,-4.818398565079621,-0.09593786781125856,-0.05634459961188376,-0.13553113601063335,0.019910737253358214,92,chr4,184823177,cg17718238,-0.09593786781125856,6.329437211777017e-6,5.198634903993014,chr4,185744331,ACSL1;ACSL1,4,184823177,ACSL1,1
6.332689717742767e-6,0.012785996460202915,1,-4.81826767658305,-0.08320631436399194,-0.048866386987282594,-0.11754624174070127,0.017268927330122724,92,chr12,104414797,cg09800745,-0.08320631436399194,6.332689717742767e-6,5.198411790541031,chr12,104808575,,12,104414797,NA,1
6.392849502725611e-6,0.012877374553564901,1,-4.8158584354493055,-0.07644629853415168,-0.04488050145177571,-0.10801209561652764,0.015873867464922576,92,chr16,85534712,cg05731560,-0.07644629853415168,6.392849502725611e-6,5.194305519389871,chr16,85568318,,16,85534712,NA,1
6.4194815545364996e-6,0.012882686166717306,1,4.814798933334947,0.11679980129400604,0.16503876380233387,0.0685608387856782,0.024258500284477142,92,chr5,91190193,cg04723691,0.11679980129400604,6.4194815545364996e-6,5.192500044687494,chr5,90486010,,5,91190193,NA,1
6.425302189724908e-6,0.012882686166717306,1,-4.81456794114785,-0.12220189658240709,-0.07172941746751565,-0.17267437569729852,0.02538169532057174,92,chr3,194256242,cg06566952,-0.12220189658240709,6.425302189724908e-6,5.192106442122148,chr3,193974031,LOC101929337,3,194256242,LOC101929337,1
6.502169861770173e-6,0.013006627524047265,1,-4.81153640918668,-0.12712664690541192,-0.07458703915254633,-0.1796662546582775,0.026421216861767616,92,chr16,8680723,cg20073039,-0.12712664690541192,6.502169861770173e-6,5.186941689243786,chr16,8774580,ABAT,16,8680723,ABAT,1
6.524198674333625e-6,0.013020552731692265,1,-4.81067406127513,-0.09227172303869136,-0.05413031619989001,-0.1304131298774927,0.019180622478969934,92,chr8,119589250,cg08653509,-0.09227172303869136,6.524198674333625e-6,5.1854728223324,chr8,120601490,ENPP2;ENPP2;ENPP2;ENPP2,8,119589250,ENPP2,1
6.620553759205123e-6,0.01317594895373049,1,4.806935126877846,0.17471494736765072,0.24699123059764944,0.10243866413765203,0.03634643338345402,92,chr2,38836117,cg09459451,0.17471494736765072,6.620553759205123e-6,5.179105683595189,chr2,39063259,DHX57,2,38836117,DHX57,1
6.632557460808704e-6,0.01317594895373049,1,4.80647305467339,0.1514061395013805,0.214046029235732,0.08876624976702899,0.031500465680165735,92,chr2,160869730,cg11200845,0.1514061395013805,6.632557460808704e-6,5.178318978842196,chr2,161726241,,2,160869730,NA,1
6.66046869649745e-6,0.013198922247580059,1,-4.805401775277042,-0.05740028107663286,-0.03364728893956716,-0.08115327321369856,0.011944949405052316,92,chr2,190359025,cg04152037,-0.05740028107663286,6.66046869649745e-6,5.176495208496308,chr2,191223751,INPP1;INPP1,2,190359025,INPP1,1
6.68996268487061e-6,0.013198922247580059,1,-4.804274486056982,-0.07721245659251837,-0.04525342814483543,-0.1091714850402013,0.01607161639423501,92,chr1,26915362,cg07914457,-0.07721245659251837,6.68996268487061e-6,5.174576304623804,chr1,27241853,NR0B2,1,26915362,NR0B2,1
6.691714695025588e-6,0.013198922247580059,1,-4.804207674834327,-0.14712876920237597,-0.08622981430507605,-0.2080277240996759,0.030624981091694727,92,chr3,90063054,cg17868595,-0.14712876920237597,6.691714695025588e-6,5.174462583701486,chr3,90112204,,3,90063054,NA,1
6.713366457082553e-6,0.013198922247580059,1,-4.803383408396158,-0.06679735382456632,-0.039144114321597014,-0.09445059332753564,0.013906313143316173,92,chr7,127887809,cg01009225,-0.06679735382456632,6.713366457082553e-6,5.17305964568786,chr7,127527862,SND1,7,127887809,SND1,1
6.722536322448756e-6,0.013198922247580059,1,4.803035098307383,0.10338291029766439,0.1461852001657332,0.060580620429595576,0.021524496111655963,92,chr3,30614482,cg16918625,0.10338291029766439,6.722536322448756e-6,5.1724668425674425,chr3,30655974,TGFBR2;TGFBR2,3,30614482,TGFBR2,1
6.7357649015252015e-6,0.013198922247580059,1,-4.802533435224682,-0.06161979577153245,-0.036105483422185884,-0.08713410812087902,0.012830685429397666,92,chr16,85620551,cg07098502,-0.06161979577153245,6.7357649015252015e-6,5.171613079428853,chr16,85654157,KIAA0182;KIAA0182,16,85620551,KIAA0182,1
6.765216132792694e-6,0.013199201642869182,1,-4.801420001675815,-0.1162693191120814,-0.06811564355546004,-0.16442299466870275,0.02421561102163537,92,chr12,117002315,cg10065736,-0.1162693191120814,6.765216132792694e-6,5.169718324154338,chr12,117440120,FBXW8;FBXW8,12,117002315,FBXW8,1
6.7860088588283996e-6,0.013199201642869182,1,-4.800636749689305,-0.032703106122514765,-0.019156697597326168,-0.04624951464770336,0.006812243422631653,92,chr1,246011807,cg17624978,-0.032703106122514765,6.7860088588283996e-6,5.168385577738679,chr1,246175109,SMYD3;SMYD3,1,246011807,SMYD3,1
6.789880176594573e-6,0.013199201642869182,1,-4.800491177032146,-0.08113588817861762,-0.04752644408191161,-0.11474533227532363,0.016901580523012032,92,chr20,44636474,cg21086803,-0.08113588817861762,6.789880176594573e-6,5.168137889799461,chr20,43265115,ADA,20,44636474,ADA,1
6.797004150978979e-6,0.013199201642869182,1,4.800223506170002,0.08673663593717287,0.12266811753320878,0.050805154341136964,0.018069291112317025,92,chr6,47278820,cg08626823,0.08673663593717287,6.797004150978979e-6,5.167682464850915,chr6,47246556,TNFRSF21,6,47278820,TNFRSF21,1
6.833007803778018e-6,0.013239366277243009,1,-4.7988748960107515,-0.10242385070618154,-0.05998186628544917,-0.14486583512691392,0.021343305029961353,92,chr19,40228577,cg06795981,-0.10242385070618154,6.833007803778018e-6,5.165388083282026,chr19,40228577,CLC,19,40228577,CLC,1
6.8762761093833444e-06,0.01329339541940903,1,-4.797263291279061,-0.10303571793170627,-0.06032584718112212,-0.14574558868229043,0.021478020211860113,92,chr19,19488722,cg13587880,-0.10303571793170627,6.8762761093833444e-06,5.162646693012607,chr19,19599531,GATAD2A;GATAD2A,19,19488722,GATAD2A,1
6.963302039211249e-6,0.013408235437274459,1,-4.794051534882375,-0.048579556436657796,-0.028429101426527322,-0.06873001144678827,0.010133298752252507,92,chrX,15358018,cg02758183,-0.048579556436657796,6.963302039211249e-6,5.1571847665194035,chrX,15376140,FIGF,23,15358018,FIGF,1
6.967386181197388e-6,0.013408235437274459,1,-4.793901768132716,-0.1446999611159522,-0.08467756976103233,-0.2047223524708721,0.030184173167218373,92,chr1,62209607,cg10704177,-0.1446999611159522,6.967386181197388e-6,5.156930117165309,chr1,62209607,INADL,1,62209607,INADL,1
6.9890635381956555e-6,0.013408235437274459,1,-4.793108280400406,-0.09016083146393221,-0.05275539915961,-0.12756626376825442,0.018810514219470203,92,chr22,29946435,cg16899419,-0.09016083146393221,6.9890635381956555e-6,5.155581011298628,chr22,30342424,MTMR3;MTMR3;MTMR3,22,29946435,MTMR3,1
6.99774366339577e-6,0.013408235437274459,1,-4.79279122065751,-0.09594454907686799,-0.056136966428483155,-0.13575213172525283,0.020018512106960838,92,chr1,6585105,cg26819549,-0.09594454907686799,6.99774366339577e-6,5.155041970342924,chr1,6645165,ZBTB48;ZBTB48;ZBTB48,1,6585105,ZBTB48,1
7.040654373853419e-6,0.01346060964264199,1,-4.791229419559677,-0.04761643022969789,-0.02785383948189307,-0.0673790209775027,0.009938248841791827,92,chr2,217218007,cg27647944,-0.04761643022969789,7.040654373853419e-6,5.152386974700705,chr2,218082730,,2,217218007,NA,1
7.0732482562478995e-6,0.013493072024576457,1,-4.7900492942533655,-0.08790593368784515,-0.05141271087083104,-0.12439915650485925,0.0183517805950987,92,chr4,156975893,cg12692069,-0.08790593368784515,7.0732482562478995e-6,5.150381098820356,chr4,157897045,,4,156975893,NA,1
7.182617841220989e-6,0.013671527693230837,1,-4.7861276733279325,-0.0314333393425377,-0.018373427302601893,-0.0444932513824735,0.006567593154212953,92,chr2,234479620,cg03021910,-0.0314333393425377,7.182617841220989e-6,5.1437172400492495,chr2,235388264,,2,234479620,NA,1
7.2251661524672224e-6,0.013683089419176911,1,4.784617718678948,0.13606558414794034,0.19261590282850544,0.07951526546737525,0.028438130723954385,92,chr9,21413719,cg07328369,0.13606558414794034,7.2251661524672224e-6,5.141152161267613,chr9,21413718,,9,21413719,NA,1
7.225289601084294e-6,0.013683089419176911,1,-4.784613350337179,-0.03414797749250776,-0.019955698198211864,-0.048340256786803655,0.007137040130965086,92,chr12,89356045,cg11902362,-0.03414797749250776,7.225289601084294e-6,5.141144741009857,chr12,89749822,,12,89356045,NA,1
7.257214195920686e-6,0.013683089419176911,1,4.783486100701869,0.14788296807360196,0.20935925834210667,0.08640667780509725,0.030915312590101066,92,chr11,96156290,cg15521790,0.14788296807360196,7.257214195920686e-6,5.139230058572918,chr11,95889454,MAML2,11,96156290,MAML2,1
7.292817676062644e-6,0.013683089419176911,1,-4.7822346286938595,-0.031790993185917195,-0.01857173069001148,-0.04501025568182291,0.006647727611516221,92,chr6,16518766,cg12703853,-0.031790993185917195,7.292817676062644e-6,5.137104643871488,chr6,16518997,ATXN1;ATXN1,6,16518766,ATXN1,1
7.306743226291736e-6,0.013683089419176911,1,-4.781746758763871,-0.049924508821486725,-0.029162888765616977,-0.07068612887735648,0.010440642581079032,92,chr13,23871205,cg16377886,-0.049924508821486725,7.306743226291736e-6,5.136276154371495,chr13,24445344,MIPEP,13,23871205,MIPEP,1
7.323008645341933e-6,0.013683089419176911,1,-4.781178057914205,-0.12282976240343722,-0.07174366766374851,-0.17391585714312593,0.025690271501208607,92,chr1,167542869,cg14617280,-0.12282976240343722,7.323008645341933e-6,5.135310453146765,chr1,167512106,CREG1,1,167542869,CREG1,1
7.323161387334598e-6,0.013683089419176911,1,4.781172723302025,0.07297288047664093,0.10332304620139186,0.04262271475188999,0.015262548479161323,92,chrX,70998502,cg09145574,0.07297288047664093,7.323161387334598e-6,5.135301394805311,chrX,70218352,,23,70998502,NA,1
7.332800429033463e-6,0.013683089419176911,1,-4.780836292422473,-0.09374514246430468,-0.05475283726136804,-0.13273744766724133,0.01960852385029138,92,chr1,206717078,cg02582023,-0.09374514246430468,7.332800429033463e-6,5.1347301346892325,chr1,206890423,MAPKAPK2;MAPKAPK2,1,206717078,MAPKAPK2,1
7.339704869331666e-6,0.013683089419176911,1,-4.780595571613901,-0.1182369318697994,-0.06905504830915739,-0.1674188154304414,0.024732678198478797,92,chr19,51469117,cg08824724,-0.1182369318697994,7.339704869331666e-6,5.134321402781151,chr19,51972371,,19,51469117,NA,1
7.347033265557548e-6,0.013683089419176911,1,-4.780340310699142,-0.04329136171908616,-0.025282907253107553,-0.06129981618506476,0.00905612548591852,92,chr11,78311965,cg22494377,-0.04329136171908616,7.347033265557548e-6,5.133887993772695,chr11,78023011,GAB2;GAB2,11,78311965,GAB2,1
7.38931982119827e-6,0.013732248391673392,1,-4.778872218126177,-0.10688980597261377,-0.06241184381028633,-0.1513677681349412,0.022367161349739095,92,chr11,73221034,cg14655553,-0.10688980597261377,7.38931982119827e-6,5.13139553609711,chr11,72932079,P2RY2;P2RY2;P2RY2,11,73221034,P2RY2,1
7.443178677968938e-6,0.013773601410130995,1,-4.777014154847343,-0.04978997561214228,-0.029063789394343616,-0.07051616182994094,0.010422823545879445,92,chr11,95977882,cg05276774,-0.04978997561214228,7.443178677968938e-6,5.128241555383442,chr11,95711046,MAML2,11,95977882,MAML2,1
7.444579278315568e-6,0.013773601410130995,1,4.776966010624733,0.10103273432349018,0.14309028394792994,0.058975184699050415,0.021149979735835944,92,chr10,11176044,cg04070007,0.10103273432349018,7.444579278315568e-6,5.128159840862629,chr10,11218007,CELF2;CELF2;CELF2;CELF2,10,11176044,CELF2,1
7.459388463998585e-6,0.013773601410130995,1,-4.776457498437256,-0.1330610696744241,-0.07766498082689455,-0.18845715852195366,0.02785768945247781,92,chr3,196247478,cg01139080,-0.1330610696744241,7.459388463998585e-6,5.127296775422408,chr3,195974349,PCYT1A,3,196247478,PCYT1A,1
7.521407191951026e-6,0.01384357915332128,1,-4.774338540347466,-0.0625675456223985,-0.03650781521601841,-0.08862727602877858,0.01310496628876363,92,chr11,6204390,cg21239418,-0.0625675456223985,7.521407191951026e-6,5.1237008989659945,chr11,6225620,C11orf42,11,6204390,C11orf42,1
7.5293260931653245e-6,0.01384357915332128,1,-4.774069204755044,-0.0629780042394898,-0.036745835698493295,-0.08921017278048629,0.013191682302544496,92,chr12,67662388,cg19968199,-0.0629780042394898,7.5293260931653245e-6,5.123243893270351,chr12,68056168,DYRK2;DYRK2,12,67662388,DYRK2,1
7.562742301925111e-6,0.013875496572597004,1,-4.7729356888714,-0.10011201125196638,-0.05840254673799537,-0.1418214757659374,0.020974934040152275,92,chr3,196238498,cg22221575,-0.10011201125196638,7.562742301925111e-6,5.121320697800198,chr3,195965369,PCYT1A,3,196238498,PCYT1A,1
7.620021103302267e-6,0.013950967111145891,1,4.77100401545893,0.1018548017849854,0.14430754280379576,0.05940206076617503,0.021348714328253998,92,chr7,4713320,cg26548834,0.1018548017849854,7.620021103302267e-6,5.118043825899896,chr7,4752951,FOXK1,7,4713320,FOXK1,1
7.678388728589138e-6,0.013976753518525384,1,4.769050102305441,0.08596579217256423,0.12181072698657093,0.05012085735855752,0.018025768303630712,92,chr17,17819921,cg27407935,0.08596579217256423,7.678388728589138e-6,5.114729904929253,chr17,17723235,SREBF1;SREBF1,17,17819921,SREBF1,1
7.680926105039911e-6,0.013976753518525384,1,-4.7689654892972575,-0.10858693560018283,-0.06330891758207764,-0.153864953618288,0.02276949494473778,92,chr14,74602338,cg12258670,-0.10858693560018283,7.680926105039911e-6,5.114586413033548,chr14,75069041,LTBP2,14,74602338,LTBP2,1
7.682627502221319e-6,0.013976753518525384,1,-4.768908768629458,-0.04764567589200308,-0.027778392427242286,-0.06751295935676388,0.009990896912397011,92,chr21,17699689,cg14654849,-0.04764567589200308,7.682627502221319e-6,5.114490223385069,chr21,19072007,,21,17699689,NA,1
7.757537423348738e-6,0.013978629980671198,1,-4.766423482874555,-0.058136970803569214,-0.03388238937453353,-0.0823915522326049,0.01219718957252781,92,chr6,111585167,cg04943896,-0.058136970803569214,7.757537423348738e-6,5.110276120646839,chr6,111585167,KIAA1919;KIAA1919,6,111585167,KIAA1919,1
7.760341027217721e-6,0.013978629980671198,1,-4.766330921693547,-0.10645560142134762,-0.06204176010525268,-0.15086944273744257,0.02233491613786698,92,chr6,13379052,cg07711900,-0.10645560142134762,7.760341027217721e-6,5.1101191933056604,chr6,13379284,GFOD1;GFOD1;GFOD1,6,13379052,GFOD1,1
7.767412327250787e-6,0.013978629980671198,1,-4.766097606663306,-0.1040285487959717,-0.06062516207856111,-0.1474319355133823,0.021826776826922977,92,chr17,3921305,cg16530324,-0.1040285487959717,7.767412327250787e-6,5.109723640037079,chr17,3824599,,17,3921305,NA,1
7.773525504319457e-6,0.013978629980671198,1,-4.7658960710560185,-0.12016387303853826,-0.07002629388214404,-0.17030145219493248,0.025213280198934884,92,chr3,72381060,cg08086385,-0.12016387303853826,7.773525504319457e-6,5.109381972213229,chr3,72430211,RYBP,3,72381060,RYBP,1
7.778813191581314e-6,0.013978629980671198,1,-4.765721874045,-0.043698255380265096,-0.025464781661742774,-0.061931729098787414,0.009169283591275827,92,chr7,129833063,cg01544181,-0.043698255380265096,7.778813191581314e-6,5.109086657980014,chr7,129472903,UBE2H;UBE2H;UBE2H,7,129833063,UBE2H,1
7.780800529011334e-6,0.013978629980671198,1,-4.765656433196185,-0.048879622976444353,-0.028483898901809093,-0.06927534705107961,0.010256640121172613,92,chr7,43614192,cg02416122,-0.048879622976444353,7.780800529011334e-6,5.1089757182485105,chr7,43653791,STK17A,7,43614192,STK17A,1
7.796891809176531e-6,0.013978629980671198,1,-4.765127163067146,-0.09304512178499234,-0.054216397300891485,-0.1318738462690932,0.01952626207043391,92,chr5,149901745,cg17835169,-0.09304512178499234,7.796891809176531e-6,5.108078492071953,chr5,149281308,PDE6A,5,149901745,PDE6A,1
7.851976457159396e-6,0.014048242566060468,1,4.763323345126523,0.1317758721780183,0.18678817771193693,0.0767635666440997,0.02766469177718988,92,chr21,39014763,cg04751885,0.1317758721780183,7.851976457159396e-6,5.105021011229582,chr21,40386689,,21,39014763,NA,1
7.890446594393562e-6,0.01408120612112342,1,-4.762070877760022,-0.041669166242772275,-0.02426901728753516,-0.05906931519800939,0.008750219665435256,92,chr6,56939492,cg13816799,-0.041669166242772275,7.890446594393562e-6,5.102898415296049,chr6,56804290,DST,6,56939492,DST,1
7.911168172519138e-6,0.01408120612112342,1,-4.761398707653504,-0.07919414975569933,-0.046119705070382044,-0.11226859444101661,0.016632539011782847,92,chr2,101185356,cg25049766,-0.07919414975569933,7.911168172519138e-6,5.101759383326522,chr2,101801818,,2,101185356,NA,1
7.919285235544189e-6,0.01408120612112342,1,-4.761135871765579,-0.06365650921740622,-0.03706969785419445,-0.09024332058061799,0.013370025752657293,92,chr6,56707793,cg15710961,-0.06365650921740622,7.919285235544189e-6,5.101314014403838,chr6,56572591,DST;DST;DST;DST,6,56707793,DST,1
7.951309728716279e-6,0.014082399291833319,1,-4.76010144794965,-0.07140983977826822,-0.04157828694055414,-0.10124139261598229,0.0150017474541487,92,chr17,58197236,cg03519593,-0.07140983977826822,7.951309728716279e-6,5.099561329066162,chr17,56274597,EPX,17,58197236,EPX,1
7.952548688673589e-6,0.014082399291833319,1,-4.760061509764884,-0.07868781645061328,-0.045815603649668545,-0.111560029251558,0.016530840261032662,92,chr20,45836974,cg20337696,-0.07868781645061328,7.952548688673589e-6,5.099493663288497,chr20,44465613,SNX21;SNX21;SNX21;SNX21,20,45836974,SNX21,1
8.016071588524487e-6,0.014118294225474153,1,-4.758021902411984,-0.05335202834981066,-0.031054408407951078,-0.07564964829167024,0.011213069095534203,92,chr12,94225860,cg06595153,-0.05335202834981066,8.016071588524487e-6,5.096038412938616,chr12,94619636,PLXNC1,12,94225860,PLXNC1,1
8.035926251257096e-6,0.014118294225474153,1,4.757387629019753,0.014507910934371907,0.02057206675686142,0.008443755111882393,0.0030495540968481522,92,chrX,40647569,cg17041400,0.014507910934371907,8.035926251257096e-6,5.09496405759067,chrX,40506821,CXorf38,23,40647569,CXorf38,1
8.054948230595188e-6,0.014118294225474153,1,-4.756781384740362,-0.13873077878423834,-0.08073536619988511,-0.19672619136859157,0.029164842266933534,92,chr1,6585111,cg20267283,-0.13873077878423834,8.054948230595188e-6,5.093937246460045,chr1,6645171,ZBTB48;ZBTB48;ZBTB48,1,6585111,ZBTB48,1
8.089024590830172e-6,0.014118294225474153,1,-4.7556988204658115,-0.09242770291749652,-0.05378016540986457,-0.13107524042512847,0.019435146422591035,92,chr1,89701849,cg07910043,-0.09242770291749652,8.089024590830172e-6,5.092103844315994,chr1,90167408,LRRC8C,1,89701849,LRRC8C,1
8.096717554082213e-6,0.014118294225474153,1,-4.755455038332666,-0.10646241359928084,-0.06194414777868388,-0.1509806794198778,0.022387429329288364,92,chr15,51738549,cg07177867,-0.10646241359928084,8.096717554082213e-6,5.091691010389503,chr15,52030746,LYSMD2;LYSMD2,15,51738549,LYSMD2,1
8.145219269005873e-6,0.014118294225474153,1,-4.753923237630894,-0.0981393158807216,-0.057088208988006615,-0.13919042277343657,0.020643857920101604,92,chr15,92455658,cg13039199,-0.0981393158807216,8.145219269005873e-6,5.08909722000648,chr15,92455658,SLCO3A1;SLCO3A1,15,92455658,SLCO3A1,1
8.159051418049232e-6,0.014118294225474153,1,-4.753488011058225,-0.030695365658977125,-0.017854496558371895,-0.043536234759582355,0.006457440428495726,92,chr2,27454645,cg19436514,-0.030695365658977125,8.159051418049232e-6,5.088360329953694,chr2,27677512,IFT172;IFT172,2,27454645,IFT172,1
8.176705989036989e-6,0.014118294225474153,1,-4.752933554034856,-0.0978516914760321,-0.05691237335501183,-0.13879100959705237,0.020587641372129838,92,chr17,83097977,cg13054523,-0.0978516914760321,8.176705989036989e-6,5.087421617954689,chr17,81055722,,17,83097977,NA,1
8.185458819889371e-6,0.014118294225474153,1,4.752659095493999,0.13482491321364334,0.19123639348447036,0.07841343294281633,0.028368311403077696,92,chr8,54170904,cg12605353,0.13482491321364334,8.185458819889371e-6,5.08695697204173,chr8,55083464,,8,54170904,NA,1
8.19842848056574e-6,0.014118294225474153,1,4.7522529362134005,0.022831333996690927,0.03238490531644068,0.013277762676941174,0.004804317931545739,92,chr7,39609844,cg27071152,0.022831333996690927,8.19842848056574e-6,5.08626938757082,chr7,39649443,LOC646999,7,39609844,LOC646999,1
8.218367928376622e-6,0.014118294225474153,1,-4.751629727817868,-0.08940207245566963,-0.051987653409988406,-0.12681649150135085,0.018815033488883935,92,chr12,1304515,cg19260922,-0.08940207245566963,8.218367928376622e-6,5.0852144196953635,chr12,1413681,ERC1;ERC1;ERC1;ERC1;ERC1;ERC1,12,1304515,ERC1,1
8.22459875180196e-6,0.014118294225474153,1,-4.7514352847276475,-0.03910652316457783,-0.02273992582136745,-0.0554731205077882,0.008230465284937457,92,chr4,10520578,cg07174195,-0.03910652316457783,8.22459875180196e-6,5.08488528050613,chr4,10520578,CLNK,4,10520578,CLNK,1
8.226146639181892e-6,0.014118294225474153,1,-4.751387002577125,-0.04062270485865923,-0.023621392656223195,-0.05762401706109527,0.00854965188830666,92,chr17,1734451,cg04811932,-0.04062270485865923,8.226146639181892e-6,5.084803553030113,chr17,1734451,SMYD4;RPA1,17,1734451,SMYD4,1
8.226428249898985e-6,0.014118294225474153,1,-4.751378219444424,-0.08549070109347566,-0.04971128188624731,-0.12127012030070401,0.01799282169194942,92,chr21,38292027,cg01964774,-0.08549070109347566,8.226428249898985e-6,5.084788685815551,chr21,39663949,KCNJ15;KCNJ15;KCNJ15;KCNJ15;KCNJ15;KCNJ15;KCNJ15;KCNJ15,21,38292027,KCNJ15,1
8.226436556402909e-6,0.014118294225474153,1,-4.75137796037802,-0.062019428118507525,-0.036063163749950916,-0.08797569248706413,0.013052935092870038,92,chr20,18625110,cg19641492,-0.062019428118507525,8.226436556402909e-6,5.084788247293888,chr20,18605754,DTD1,20,18625110,DTD1,1
8.234223018217828e-6,0.014118294225474153,1,-4.751135225091785,-0.069104649614785,-0.040181612932647395,-0.09802768629692261,0.014544871139391744,92,chr21,35317136,cg18099556,-0.069104649614785,8.234223018217828e-6,5.084377374614496,chr21,36689434,,21,35317136,NA,1
8.261513561781405e-6,0.014137036569189158,1,-4.750286228363972,-0.03909650033105999,-0.022730139741542383,-0.0554628609205776,0.008230346225794707,92,chr8,39925337,cg06836909,-0.03909650033105999,8.261513561781405e-6,5.082940379881513,chr8,39782856,IDO1,8,39925337,IDO1,1
8.346851917247268e-6,0.0142354585551075,1,-4.7476488840558595,-0.10122790406381425,-0.058828899312061526,-0.14362690881556697,0.02132169133310812,92,chr2,8332373,cg06773230,-0.10122790406381425,8.346851917247268e-6,5.078477291314003,chr2,8472503,,2,8332373,NA,1
8.355979794413789e-6,0.0142354585551075,1,-4.7473683453691535,-0.09642729278105228,-0.056036623016411664,-0.1368179625456929,0.020311736053747087,92,chr17,18689481,cg17489791,-0.09642729278105228,8.355979794413789e-6,5.078002618857503,chr17,18689481,TVP23B,17,18689481,TVP23B,1
8.368450163853824e-6,0.0142354585551075,1,-4.746985559021074,-0.04178913534911946,-0.02428343520201359,-0.05929483549622533,0.008803299447520806,92,chr18,8797046,cg14147213,-0.04178913534911946,8.368450163853824e-6,5.077354965855002,chr18,8797044,MTCL1,18,8797046,MTCL1,1
8.39045526519783e-6,0.014244850094953312,1,-4.746311449026268,-0.08266923363072398,-0.04803371547545625,-0.11730475178599171,0.017417574577345538,92,chr9,6441357,cg05302585,-0.08266923363072398,8.39045526519783e-6,5.0762144737602135,chr9,6441357,UHRF2;UHRF2,9,6441357,UHRF2,1
8.415024124094649e-6,0.01425854887624439,1,-4.745560829038578,-0.0572874640834736,-0.0332822234491687,-0.0812927047177785,0.012071800604245906,92,chr2,233966797,cg05295635,-0.0572874640834736,8.415024124094649e-6,5.074944634655933,chr2,233966797,INPP5D;INPP5D,2,233966797,INPP5D,1
8.479096484639547e-6,0.014338998405859556,1,4.743613293619738,0.01429767846843556,0.02029131301906807,0.008304043917803053,0.0030140902268880653,92,chr3,173396516,cg13519184,0.01429767846843556,8.479096484639547e-6,5.071650422818858,chr3,173114306,,3,173396516,NA,1
8.552259105705047e-6,0.014403268289318018,1,-4.741406879554878,-0.045324498005159745,-0.026315475377634106,-0.06433352063268538,0.009559293086741966,92,chr12,96813953,cg05302480,-0.045324498005159745,8.552259105705047e-6,5.067919149886124,chr12,96813953,,12,96813953,NA,1
8.553677797783334e-6,0.014403268289318018,1,-4.7413642768003195,-0.05213594467406598,-0.03027001563824959,-0.07400187370988237,0.01099597955996952,92,chrX,154779310,cg16737869,-0.05213594467406598,8.553677797783334e-6,5.067847112891482,chrX,154007585,MPP1;MPP1;MPP1;MPP1,23,154779310,MPP1,1
8.567320925836542e-6,0.014403268289318018,1,-4.740954929598453,-0.12973958943321817,-0.07532182416166991,-0.18415735470476643,0.027365708250722983,92,chr19,46045657,cg14898318,-0.12973958943321817,8.567320925836542e-6,5.0671549644275755,chr19,46045657,OPA3,19,46045657,OPA3,1
8.594314241102123e-6,0.014403268289318018,1,-4.740146889323511,-0.0341081003741522,-0.019799414719361117,-0.04841678602894328,0.007195578780686252,92,chr7,21905735,cg16234791,-0.0341081003741522,8.594314241102123e-6,5.065788770889302,chr7,21945353,CDCA7L;CDCA7L;CDCA7L,7,21905735,CDCA7L,1
8.600438854840464e-6,0.014403268289318018,1,-4.739963893642653,-0.05086902979425576,-0.029528144499380498,-0.07220991508913102,0.010731944575038316,92,chr12,123957410,cg20599295,-0.05086902979425576,8.600438854840464e-6,5.065479387434013,chr12,123957410,RILPL1,12,123957410,RILPL1,1
8.657847692753386e-6,0.014466971883005731,1,-4.73825472616008,-0.05122381542800345,-0.029726336599673504,-0.07272129425633339,0.01081069262595674,92,chr14,101878637,cg15323433,-0.05122381542800345,8.657847692753386e-6,5.062590058483427,chr14,102344974,PPP2R5C;PPP2R5C;PPP2R5C;PPP2R5C;PPP2R5C,14,101878637,PPP2R5C,1
8.68581292114853e-6,0.014466971883005731,1,-4.737426137864963,-0.11537073122024187,-0.06694377159081308,-0.16379769084967066,0.024353040630673877,92,chr7,36028345,cg15873326,-0.11537073122024187,8.68581292114853e-6,5.061189528898248,chr7,36067955,,7,36028345,NA,1
8.705803049895579e-6,0.014466971883005731,1,-4.736835434288469,-0.06182097701160083,-0.03586833489696868,-0.08777361912623298,0.013051113526996975,92,chr5,32123335,cg00756464,-0.06182097701160083,8.705803049895579e-6,5.060191162047799,chr5,32123441,,5,32123335,NA,1
8.71127135583678e-6,0.014466971883005731,1,4.736674076911343,0.13968938353803992,0.19833342721925395,0.08104533985682588,0.02949102709408446,92,chr2,216071562,cg15082526,0.13968938353803992,8.71127135583678e-6,5.059918457790088,chr2,216936285,PECR,2,216071562,PECR,1
8.722183540680327e-6,0.014466971883005731,1,-4.7363523771503315,-0.06511547732418044,-0.037777005588621126,-0.09245394905973975,0.013748022135835624,92,chr10,134140238,cg07410082,-0.06511547732418044,8.722183540680327e-6,5.059374778719002,chr10,134140238,,10,134140238,NA,1
8.793815215658271e-6,0.01455784100812553,1,-4.734250286941483,-0.050781450803321186,-0.029451595929218533,-0.07211130567742384,0.010726397576273488,92,chr18,70304673,cg06452993,-0.050781450803321186,8.793815215658271e-6,5.0558226644455715,chr18,67971909,SOCS6,18,70304673,SOCS6,1
8.826915223946492e-6,0.014584696834806518,1,-4.733284559156417,-0.08193428069768936,-0.04751220611046366,-0.11635635528491506,0.017310237674003692,92,chr16,85620607,cg04847043,-0.08193428069768936,8.826915223946492e-6,5.054191044472936,chr16,85654213,KIAA0182;KIAA0182,16,85620607,KIAA0182,1
8.91516337682576e-6,0.01462554324126046,1,-4.730726935313106,-0.026565040070413975,-0.01539855203016828,-0.03773152811065967,0.005615424528546742,92,chr21,32731768,cg01881464,-0.026565040070413975,8.91516337682576e-6,5.049870693654778,chr21,34104079,,21,32731768,NA,1
8.92129142739113e-6,0.01462554324126046,1,-4.730550246352905,-0.08113772594734749,-0.04703059550316421,-0.11524485639153076,0.017151857970413048,92,chr2,148882253,cg00213281,-0.08113772594734749,8.92129142739113e-6,5.049572273517,chr2,149639822,KIF5C;MIR1978,2,148882253,KIF5C,1
8.956677729804969e-6,0.01462554324126046,1,-4.729532262289722,-0.1154632517459035,-0.0669165642041695,-0.1640099392876375,0.024413249628622666,92,chr5,134107538,cg06651549,-0.1154632517459035,8.956677729804969e-6,5.0478530518528935,chr5,133443229,,5,134107538,NA,1
8.970594082773597e-6,0.01462554324126046,1,-4.729132991318393,-0.11855909724745248,-0.0687065484920889,-0.16841164600281605,0.02506994357424498,92,chr13,109698190,cg03189469,-0.11855909724745248,8.970594082773597e-6,5.0471787946006295,chr13,110350537,,13,109698190,NA,1
8.981917538674383e-6,0.01462554324126046,1,-4.7288085567594065,-0.03753731698625583,-0.021752283554771736,-0.05332235041773992,0.0079380073301127,92,chr3,42905280,cg06845438,-0.03753731698625583,8.981917538674383e-6,5.0466309364324085,chr3,42946772,ZNF662;ZNF662,3,42905280,ZNF662,1
9.016739073946465e-6,0.01462554324126046,1,-4.727813352127621,-0.09112357293115693,-0.0527966081556197,-0.12945053770669415,0.019273936203540967,92,chr1,156483513,cg09968549,-0.09112357293115693,9.016739073946465e-6,5.044950497740386,chr1,156453305,MEF2D;MEF2D,1,156483513,MEF2D,1
9.05137982762266e-6,0.01462554324126046,1,-4.726827015562308,-0.04383078697826237,-0.02539152350567114,-0.0622700504508536,0.009272771530237226,92,chr17,73182764,cg11958476,-0.04383078697826237,9.05137982762266e-6,5.043285210204293,chr17,71178903,,17,73182764,NA,1
9.085625375877513e-6,0.01462554324126046,1,-4.725855533192625,-0.010128615754914916,-0.005866711736050486,-0.014390519773779345,0.002143234316786737,92,chr13,36447735,cg05025992,-0.010128615754914916,9.085625375877513e-6,5.041645174250796,chr13,37021872,,13,36447735,NA,1
9.096803251875945e-6,0.01462554324126046,1,-4.725539208312918,-0.11671279523251779,-0.06759926975031538,-0.1658263207147202,0.024698302159297043,92,chr13,79491897,cg11770323,-0.11671279523251779,9.096803251875945e-6,5.041111198226309,chr13,80066032,NDFIP2;NDFIP2,13,79491897,NDFIP2,1
9.106272030429016e-6,0.01462554324126046,1,-4.725271545055023,-0.0698796311621238,-0.040472148917030215,-0.09928711340721738,0.014788490036144599,92,chr4,184791087,cg18182820,-0.0698796311621238,9.106272030429016e-6,5.040659380213904,chr4,185712241,ACSL1;ACSL1;ACSL1;ACSL1;ACSL1,4,184791087,ACSL1,1
9.121141853080565e-6,0.01462554324126046,1,-4.724851750890225,-0.026894836606344237,-0.015575662654760484,-0.03821401055792799,0.005692207507098374,92,chr6,170017895,cg15793887,-0.026894836606344237,9.121141853080565e-6,5.039950790021313,chr6,170333119,,6,170017895,NA,1
9.123920868697323e-6,0.01462554324126046,1,-4.724773369525042,-0.037002011164193514,-0.021428793328742285,-0.052575228999644744,0.007831489104399764,92,chr1,60865355,cg14252486,-0.037002011164193514,9.123920868697323e-6,5.039818489993057,chr1,61331027,,1,60865355,NA,1
9.12520401041812e-6,0.01462554324126046,1,-4.724737186701769,-0.05858467190748638,-0.03392766501325335,-0.08324167880171941,0.012399562048102617,92,chr17,15233653,cg16118023,-0.05858467190748638,9.12520401041812e-6,5.03975741732536,chr17,15136970,PMP22;PMP22;PMP22;PMP22;PMP22;PMP22;PMP22,17,15233653,PMP22,1
9.133961270218255e-6,0.01462554324126046,1,-4.724490376094942,-0.10384843687356048,-0.06013861811674865,-0.1475582556303723,0.021980875947809012,92,chr7,44670945,cg13290417,-0.10384843687356048,9.133961270218255e-6,5.039340834218635,chr7,44670945,OGDH;OGDH;OGDH,7,44670945,OGDH,1
9.154430925388715e-6,0.01462554324126046,1,-4.723914364983988,-0.07753285425398883,-0.044895288000008325,-0.11017042050796932,0.0164128407637321,92,chr17,57282057,cg23567690,-0.07753285425398883,9.154430925388715e-6,5.038368647937389,chr17,55359418,MSI2;MSI2,17,57282057,MSI2,1
9.155649560819666e-6,0.01462554324126046,1,-4.723880112389363,-0.026441920172013897,-0.015311075224214404,-0.03757276511981339,0.005597500263113036,92,chr6,139496799,cg24990379,-0.026441920172013897,9.155649560819666e-6,5.038310838618169,chr6,139817936,,6,139496799,NA,1
9.163281919008216e-6,0.01462554324126046,1,-4.723665687910309,-0.07051448535059145,-0.04082974888874549,-0.1001992218124374,0.014927916158644621,92,chr20,63657763,cg14304809,-0.07051448535059145,9.163281919008216e-6,5.037948951655423,chr20,62289116,RTEL1;RTEL1;RTEL1;RTEL1;RTEL1-TNFRSF6B,20,63657763,RTEL1,1
9.22303511864553e-6,0.01462554324126046,1,-4.7219929505465394,-0.06179842207894994,-0.035773702280259084,-0.0878231418776408,0.013087360088455275,92,chr14,69190562,cg22949358,-0.06179842207894994,9.22303511864553e-6,5.035126137691518,chr14,69657279,EXD2;EXD2;EXD2;EXD2;EXD2;EXD2;EXD2,14,69190562,EXD2,1
9.233676627369659e-6,0.01462554324126046,1,-4.721696156800205,-0.1198167829971311,-0.06935604141601988,-0.1702775245782423,0.02537579272748639,92,chr6,42141438,cg24627621,-0.1198167829971311,9.233676627369659e-6,5.034625338947547,chr6,42109176,C6orf132,6,42141438,C6orf132,1
9.247575885272429e-6,0.01462554324126046,1,-4.721309004271298,-0.10545171170469306,-0.06103716657654639,-0.14986625683283972,0.022335270072196604,92,chr15,98901501,cg08538069,-0.10545171170469306,9.247575885272429e-6,5.033972096193174,chr15,99444730,IGF1R;IGF1R,15,98901501,IGF1R,1
9.249392167813833e-6,0.01462554324126046,1,-4.721258454999926,-0.08641412060635188,-0.05001750939672728,-0.12281073181597649,0.018303196368086406,92,chr1,30969582,cg05840984,-0.08641412060635188,9.249392167813833e-6,5.033886806378585,chr1,31442429,SNORD85;PUM1;PUM1,1,30969582,SNORD85,1
9.26013682993617e-6,0.01462554324126046,1,4.720959615742804,0.10498377589434958,0.14920450651642397,0.0607630452722752,0.02223780426849325,92,chr2,118942106,cg11009736,0.10498377589434958,9.26013682993617e-6,5.03338259603435,chr2,119699682,MARCO,2,118942106,MARCO,1
9.273515545041623e-6,0.01462554324126046,1,-4.720587986957103,-0.05165273225669467,-0.029894119011290243,-0.0734113455020991,0.010942012393246396,92,chr2,176663639,cg09525751,-0.05165273225669467,9.273515545041623e-6,5.032755595696056,chr2,177528367,,2,176663639,NA,1
9.27403541841681e-6,0.01462554324126046,1,-4.720573556638912,-0.08547781592158302,-0.04947034173960253,-0.1214852901035635,0.018107506407006174,92,chr2,46227654,cg17909019,-0.08547781592158302,9.27403541841681e-6,5.03273124982542,chr2,46227654,PRKCE,2,46227654,PRKCE,1
9.274754552683708e-6,0.01462554324126046,1,-4.720553596658604,-0.046765667725090956,-0.02706557741307903,-0.06646575803710289,0.00990681850497229,92,chr11,114450002,cg19232164,-0.046765667725090956,9.274754552683708e-6,5.032697574739928,chr11,114320724,REXO2,11,114450002,REXO2,1
9.32037482589432e-6,0.014632909550394242,1,-4.719290445676227,-0.039189253322038126,-0.022676317508858075,-0.055702189135218176,0.008304056250223587,92,chr14,57405693,cg08769918,-0.039189253322038126,9.32037482589432e-6,5.030566621815088,chr14,57872411,NAA30,14,57405693,NAA30,1
9.322650099986384e-6,0.014632909550394242,1,-4.719227604533273,-0.035128173651594374,-0.020326233023447333,-0.049930114279741415,0.007443627770326308,92,chr1,31902761,cg22539280,-0.035128173651594374,9.322650099986384e-6,5.030460615521384,chr1,32368362,,1,31902761,NA,1
9.330225657369568e-6,0.014632909550394242,1,-4.71901848147896,-0.06602763656851102,-0.03820437206742648,-0.09385090106959555,0.013991815634470176,92,chr1,45488355,cg04981758,-0.06602763656851102,9.330225657369568e-6,5.030107852441573,chr1,45954027,TESK2,1,45488355,TESK2,1
9.350154541546134e-6,0.014637599180047419,1,4.718469132554211,0.025821131466201814,0.036703117419638664,0.014939145512764963,0.005472353583507341,92,chr11,96314534,cg01093786,0.025821131466201814,9.350154541546134e-6,5.029181210947156,chr11,96047698,MAML2,11,96314534,MAML2,1
9.379241110852139e-6,0.014656582214150267,1,-4.717669387612901,-0.061178746219054454,-0.035391374508573374,-0.08696611792953554,0.012968002035007028,92,chr7,35984781,cg26352718,-0.061178746219054454,9.379241110852139e-6,5.02783229964891,chr7,36024391,,7,35984781,NA,1
9.411911288334586e-6,0.014664429378348703,1,-4.716773980335914,-0.04086567176726632,-0.02363716702576293,-0.058094176508769704,0.008663902900082567,92,chr7,69603082,cg19466875,-0.04086567176726632,9.411911288334586e-6,5.026322174905316,chr7,69068068,AUTS2;AUTS2;AUTS2,7,69603082,AUTS2,1
9.418202243336277e-6,0.014664429378348703,1,-4.716601908117453,-0.08950688454746997,-0.05177041830825243,-0.1272433507866875,0.018976985187879682,92,chr10,5536576,cg15642638,-0.08950688454746997,9.418202243336277e-6,5.026031987898192,chr10,5578539,,10,5536576,NA,1
9.486264825043224e-6,0.014743839426422215,1,-4.714747350044819,-0.14091898756537583,-0.08148359990816872,-0.20035437522258293,0.02988897964257538,92,chr1,63651288,cg22936981,-0.14091898756537583,9.486264825043224e-6,5.02290475545375,chr1,64116959,PGM1;PGM1;PGM1,1,63651288,PGM1,1
9.505856183935023e-6,0.014747764152710625,1,-4.714215925331105,-0.028928112786762477,-0.016725730078193037,-0.04113049549533192,0.0061363571896063925,92,chr17,3753597,cg23912698,-0.028928112786762477,9.505856183935023e-6,5.02200876052263,chr17,3656891,ITGAE,17,3753597,ITGAE,1
9.541664279270736e-6,0.01477678901480352,1,-4.713247359916201,-0.030400002022087206,-0.017574115593351265,-0.04322588845082315,0.006449905914258594,92,chr14,93080117,cg14326502,-0.030400002022087206,9.541664279270736e-6,5.02037586803544,chr14,93546462,ITPK1;ITPK1;ITPK1,14,93080117,ITPK1,1
9.598940448269297e-6,0.014813732198685831,1,-4.711705431652153,-0.007884587789820152,-0.004556959005558078,-0.011212216574082227,0.0016734042278732676,92,chr2,26029982,cg19442593,-0.007884587789820152,9.598940448269297e-6,5.017776702675597,chr2,26252851,,2,26029982,NA,1
9.599804237291664e-6,0.014813732198685831,1,-4.711682246169405,-0.036611326165524,-0.021159725456925606,-0.05206292687412239,0.007770330054682484,92,chr5,140391815,cg27006922,-0.036611326165524,9.599804237291664e-6,5.017737623161562,chr5,139771400,,5,140391815,NA,1
9.634015883288411e-6,0.014818369760234583,1,-4.710765577820046,-0.07860871407936963,-0.04542590033090011,-0.11179152782783916,0.01668703585028457,92,chr20,44961474,cg13792581,-0.07860871407936963,9.634015883288411e-6,5.016192642013818,chr20,43590115,TOMM34,20,44961474,TOMM34,1
9.637105283852652e-6,0.014818369760234583,1,-4.710682956131814,-0.05658195880426941,-0.03269680111855423,-0.08046711648998459,0.012011413064981939,92,chr5,138476631,cg22905973,-0.05658195880426941,9.637105283852652e-6,5.0160533963915945,chr5,137812320,,5,138476631,NA,1
9.776702274215429e-6,0.014949734358696455,1,-4.706976245615862,-0.055578785166688724,-0.03209862507741106,-0.07905894525596638,0.01180774711120659,92,chrX,47561178,cg24925526,-0.055578785166688724,9.776702274215429e-6,5.00980761000023,chrX,47420577,ARAF;ARAF,23,47561178,ARAF,1
9.78207636304632e-6,0.014949734358696455,1,-4.706834578372425,-0.07425339501163561,-0.04288289865277235,-0.10562389137049887,0.01577565426939471,92,chr15,38559258,cg05868473,-0.07425339501163561,9.78207636304632e-6,5.009568951214165,chr15,38851459,RASGRP1;RASGRP1;RASGRP1,15,38559258,RASGRP1,1
9.78781881787353e-6,0.014949734358696455,1,4.706683284160055,0.1121643354898537,0.15955292941170235,0.06477574156800507,0.02383086532874079,92,chr2,102041591,cg01437816,0.1121643354898537,9.78781881787353e-6,5.00931407846267,chr2,102658053,,2,102041591,NA,1
9.798855028272183e-6,0.014949734358696455,1,-4.706392759545542,-0.1047563537721736,-0.06049484470659156,-0.14901786283775564,0.022258311008936934,92,chr2,12413298,cg24323626,-0.1047563537721736,9.798855028272183e-6,5.008824667568086,chr2,12553424,LOC100506457,2,12413298,LOC100506457,1
9.83562198558688e-6,0.014949734358696455,1,-4.705427171181641,-0.030991434400336637,-0.017894289512278574,-0.0440885792883947,0.0065863168789740256,92,chr3,14725261,cg08304867,-0.030991434400336637,9.83562198558688e-6,5.0071981709386515,chr3,14766768,C3orf20;C3orf20;C3orf20,3,14725261,C3orf20,1
9.838924196598763e-6,0.014949734358696455,1,-4.705340618998723,-0.07025260615495231,-0.04056293530635406,-0.09994227700355056,0.01493039757234446,92,chr1,230870149,cg04895895,-0.07025260615495231,9.838924196598763e-6,5.007052385412447,chr1,231005895,C1orf198,1,230870149,C1orf198,1
9.843637288461154e-6,0.014949734358696455,1,4.705217136001087,0.09033731745431468,0.1285160521034131,0.05215858280521628,0.019199393958488256,92,chr2,65366787,cg25644567,0.09033731745431468,9.843637288461154e-6,5.006844397257123,chr2,65593921,SPRED2;SPRED2;SPRED2,2,65366787,SPRED2,1
9.910853180535432e-6,0.015009306846503765,1,-4.703462306603285,-0.10669167016511008,-0.06158436767624765,-0.15179897265397252,0.02268364519799032,92,chr12,64650247,cg05942111,-0.10669167016511008,9.910853180535432e-6,5.003888957457262,chr12,65044027,RASSF3,12,64650247,RASSF3,1
9.917600386683883e-6,0.015009306846503765,1,-4.703286794243521,-0.08073483659596084,-0.046600338669351815,-0.11486933452256987,0.017165620581499383,92,chr17,45334716,cg18536308,-0.08073483659596084,9.917600386683883e-6,5.003593394870729,chr17,43412082,,17,45334716,NA,1
9.940345769433222e-6,0.015017429505851849,1,4.702695981684125,0.0756145998942532,0.10758829029338762,0.04364090949511879,0.016078989623984616,92,chr1,143652313,cg09805707,0.0756145998942532,9.940345769433222e-6,5.002598508646438,chr1,149146977,,1,143652313,NA,1
9.964679249217306e-6,0.015023971978185594,1,-4.7020653713276745,-0.10063835502310371,-0.05807764375950281,-0.14319906628670462,0.02140301060822714,92,chr20,36875932,cg18355997,-0.10063835502310371,9.964679249217306e-6,5.001536676144318,chr20,35504335,TLDC2;TLDC2,20,36875932,TLDC2,1
9.97944796225494e-6,0.015023971978185594,1,-4.701683364649973,-0.08730963425572598,-0.05038273843187287,-0.12423653007957909,0.01856986689324323,92,chr2,32436412,cg07781622,-0.08730963425572598,9.97944796225494e-6,5.000893482117184,chr2,32661480,BIRC6,2,32436412,BIRC6,1
1.0044693190125508e-5,0.015033366017501673,1,-4.700002284979609,-0.07407155317183478,-0.04273239021686653,-0.10541071612680303,0.015759897268253376,92,chr19,29941221,cg17907888,-0.07407155317183478,1.0044693190125508e-5,4.998063324009851,chr19,30432128,URI1;URI1;URI1,19,29941221,URI1,1
1.0061610904865153e-5,0.015033366017501673,1,-4.69956812343498,-0.05412164954947745,-0.031221037697976965,-0.07702226140097794,0.01151630280229222,92,chr11,16918440,cg09072230,-0.05412164954947745,1.0061610904865153e-5,4.997332481398795,chr11,16918440,PLEKHA7,11,16918440,PLEKHA7,1
1.0071293319065948e-5,0.015033366017501673,1,-4.699319961501827,-0.10324610047417122,-0.05955704533409991,-0.14693515561424253,0.0219704343011314,92,chr15,45709996,cg11759485,-0.10324610047417122,1.0071293319065948e-5,4.996914755338379,chr15,45709996,SPATA5L1;SPATA5L1,15,45709996,SPATA5L1,1
1.0071502775365444e-5,0.015033366017501673,1,-4.699314595663867,-0.03771952750768591,-0.021758320341160993,-0.05368073467421083,0.008026601909667917,92,chr2,197250184,cg17866376,-0.03771952750768591,1.0071502775365444e-5,4.996905723254188,chr2,198114908,ANKRD44;ANKRD44,2,197250184,ANKRD44,1
1.0072671155229021e-5,0.015033366017501673,1,-4.699284666173788,-0.05591015330926049,-0.03225134095786868,-0.0795689656606523,0.011897588097122703,92,chr20,44961459,cg19948936,-0.05591015330926049,1.0072671155229021e-5,4.996855344327772,chr20,43590100,TOMM34,20,44961459,TOMM34,1
1.0097814780048457e-5,0.015044908341049025,1,-4.698641397568093,-0.08216719129634303,-0.04739275076934228,-0.11694163182334379,0.01748743612118832,92,chr14,70885175,cg27018966,-0.08216719129634303,1.0097814780048457e-5,4.995772599647725,chr14,71351892,,14,70885175,NA,1
1.0126666846323211e-5,0.015054659976278984,1,-4.697905168455102,-0.03688815221522989,-0.021274062664798248,-0.05250224176566153,0.00785204274937727,92,chr14,60195573,cg24062598,-0.03688815221522989,1.0126666846323211e-5,4.994533477488105,chr14,60662291,,14,60195573,NA,1
1.013920248543586e-5,0.015054659976278984,1,4.697585926919878,0.10411699508453988,0.14819083633588762,0.06004315383319214,0.022163936265197283,92,chr3,52476276,cg24408573,0.10411699508453988,1.013920248543586e-5,4.993996203759653,chr3,52510292,NISCH;NISCH;NISCH,3,52476276,NISCH,1
1.0172642926250556e-5,0.015078404339631684,1,-4.696736181746711,-0.039034647133277034,-0.022507872614523985,-0.05556142165203008,0.008311015484535922,92,chr10,102760767,cg14706607,-0.039034647133277034,1.0172642926250556e-5,4.99256619956798,chr10,104520524,WBP1L,10,102760767,WBP1L,1
1.0216274796962485e-5,0.015116896725987592,1,-4.695631538092509,-0.2646060590357432,-0.15254885447587835,-0.37666326359560803,0.05635153799636358,92,chr4,147144652,cg10466631,-0.2646060590357432,1.0216274796962485e-5,4.990707433951434,chr4,147144652,,4,147144652,NA,1
1.0233598469601113e-5,0.015116896725987592,1,-4.6951942196682745,-0.10892420402791929,-0.0627919320745115,-0.15505647598132707,0.023199083772005285,92,chr2,98480457,cg20923498,-0.10892420402791929,1.0233598469601113e-5,4.989971627217095,chr2,99096920,INPP4A;INPP4A;INPP4A;INPP4A,2,98480457,INPP4A,1
1.0283802185607253e-5,0.015157330988778474,1,-4.6939309300566245,-0.04688809702771629,-0.02702440730757853,-0.06675178674785405,0.009989089683335128,92,chr8,67732459,cg12740316,-0.04688809702771629,1.0283802185607253e-5,4.987846285833676,chr8,68644694,CPA6,8,67732459,CPA6,1
1.0325793025561316e-5,0.015157330988778474,1,-4.692878897933118,-0.10524793903208327,-0.060650670154048014,-0.14984520791011852,0.022427158535550013,92,chr8,27894014,cg14917706,-0.10524793903208327,1.0325793025561316e-5,4.986076584378616,chr8,27751531,SCARA5,8,27894014,SCARA5,1
1.0330148186856841e-5,0.015157330988778474,1,-4.6927700224659175,-0.051851941856949864,-0.029879933049521083,-0.07382395066437865,0.011049325155231694,92,chr11,47071441,cg01258949,-0.051851941856949864,1.0330148186856841e-5,4.985893448444308,chr11,47092992,C11orf49;C11orf49;C11orf49;C11orf49,11,47071441,C11orf49,1
1.0331131505094615e-5,0.015157330988778474,1,-4.692745446488108,-0.11114603936167915,-0.06404819774513434,-0.15824388097822395,0.023684651262057498,92,chr17,15233987,cg20315954,-0.11114603936167915,1.0331131505094615e-5,4.985852110280234,chr17,15137304,PMP22;PMP22;PMP22,17,15233987,PMP22,1
1.0420711867222767e-5,0.015262845765227608,1,-4.690516056124351,-0.06212188760948715,-0.03578538953080735,-0.08845838568816694,0.01324414773687329,92,chr7,127887986,cg09696385,-0.06212188760948715,1.0420711867222767e-5,4.982102612183646,chr7,127528039,SND1,7,127887986,SND1,1
1.0473195346882699e-5,0.015280456220857235,1,-4.689218534203508,-0.07140622091188704,-0.04112526459337927,-0.10168717723039482,0.015227744322650942,92,chr1,155771334,cg21211696,-0.07140622091188704,1.0473195346882699e-5,4.979920795894976,chr1,155741125,GON4L;GON4L;GON4L;GON4L;GON4L,1,155771334,GON4L,1
1.0483801647248831e-5,0.015280456220857235,1,-4.688957087791268,-0.035500487049726616,-0.020445095194161045,-0.05055587890529219,0.007571083800736831,92,chr16,4434426,cg08120687,-0.035500487049726616,1.0483801647248831e-5,4.9794812044671595,chr16,4484427,DNAJA3;DNAJA3;DNAJA3,16,4434426,DNAJA3,1
1.0506521813682362e-5,0.015280456220857235,1,-4.688397897296899,-0.08558598986070416,-0.04928552171808346,-0.12188645800332487,0.018254847761545335,92,chr13,51624587,cg14118054,-0.08558598986070416,1.0506521813682362e-5,4.978541033461037,chr13,52198723,WDFY2,13,51624587,WDFY2,1
1.0531274960104938e-5,0.015280456220857235,1,-4.687790006927754,-0.0958156762177983,-0.05517111583744783,-0.13646023659814877,0.020439413044568776,92,chr6,36140335,cg03502211,-0.0958156762177983,1.0531274960104938e-5,4.977519048128876,chr6,36108112,MAPK13;MAPK13,6,36140335,MAPK13,1
1.0542583119314592e-5,0.015280456220857235,1,-4.687512761875169,-0.04610064908503354,-0.026543813371816997,-0.0656574847982501,0.009834778362628216,92,chr6,157194992,cg18812843,-0.04610064908503354,1.0542583119314592e-5,4.977052966256436,chr6,157516126,ARID1B;ARID1B,6,157194992,ARID1B,1
1.0574163644449653e-5,0.015280456220857235,1,-4.686740021743604,-0.0731144395898936,-0.04209268895141144,-0.10413619022837575,0.015600276364954611,92,chr3,184849285,cg13109704,-0.0731144395898936,1.0574163644449653e-5,4.975753972791174,chr3,184567073,VPS8;VPS8,3,184849285,VPS8,1
1.0581895333152311e-5,0.015280456220857235,1,4.686551177724891,0.12408617376944953,0.17673686044459463,0.07143548709430443,0.026477076439329048,92,chr7,41005931,cg24060744,0.12408617376944953,1.0581895333152311e-5,4.975436538443652,chr7,41045529,,7,41005931,NA,1
1.0591985495320942e-5,0.015280456220857235,1,-4.686304930319302,-0.10293095225261616,-0.059254288531214276,-0.14660761597401803,0.0219642028811819,92,chr14,74144902,cg03686042,-0.10293095225261616,1.0591985495320942e-5,4.97502262262741,chr14,74611605,LIN52,14,74144902,LIN52,1
1.0598211769765158e-5,0.015280456220857235,1,-4.686153093649743,-0.06400411164236275,-0.03684438391493276,-0.09116383936979273,0.013658135012510671,92,chr8,130403130,cg18582010,-0.06400411164236275,1.0598211769765158e-5,4.97476740681437,chr8,131415376,ASAP1,8,130403130,ASAP1,1
1.0611020319021326e-5,0.015280456220857235,1,-4.685841011119104,-0.07663008826314208,-0.044110443924620255,-0.1091497326016639,0.016353539968877596,92,chr7,144054288,cg13070738,-0.07663008826314208,1.0611020319021326e-5,4.9742428538351655,chr7,144054288,ARHGEF5,7,144054288,ARHGEF5,1
1.062724403662226e-5,0.015280456220857235,1,-4.685446242495067,-0.07442517023458076,-0.04283856972901006,-0.10601177074015145,0.015884329129544825,92,chr12,130816238,cg06189670,-0.07442517023458076,1.062724403662226e-5,4.973579346471047,chr12,131300783,STX2;STX2,12,130816238,STX2,1
1.0716864452938733e-5,0.015324642667187884,1,-4.6832760233502,-0.07656929878988712,-0.04405765520119369,-0.10908094237858056,0.016349516536741084,92,chr6,5567418,cg04827805,-0.07656929878988712,1.0716864452938733e-5,4.969932262215822,chr6,5567651,FARS2,6,5567418,FARS2,1
1.0722975858775933e-5,0.015324642667187884,1,-4.683128674499771,-0.1283699564546812,-0.07386182261642993,-0.18287809029293245,0.02741115296568123,92,chr1,143651192,cg24884343,-0.1283699564546812,1.0722975858775933e-5,4.969684671761317,chr1,143651192,,1,143651192,NA,1
1.0727862775357979e-5,0.015324642667187884,1,-4.683010907361978,-0.1163402404329882,-0.06693889259770203,-0.16574158826827437,0.024843042806091755,92,chr16,145134,cg23079735,-0.1163402404329882,1.0727862775357979e-5,4.9694867903658135,chr16,195133,,16,145134,NA,1
1.0746151500725402e-5,0.015324642667187884,1,-4.682570639451842,-0.047362560578638226,-0.027249190409434826,-0.06747593074784163,0.010114649457628397,92,chr13,96350690,cg18141318,-0.047362560578638226,1.0746151500725402e-5,4.968747040980684,chr13,96350690,DNAJC3,13,96350690,DNAJC3,1
1.0746643479753397e-5,0.015324642667187884,1,-4.682558806007642,-0.03154285322822064,-0.01814757479062816,-0.04493813166581312,0.0067362428396524785,92,chr16,80615063,cg10158330,-0.03154285322822064,1.0746643479753397e-5,4.9687271586175665,chr16,80648960,CDYL2,16,80615063,CDYL2,1
1.0830725872652919e-5,0.015384191455327392,1,-4.680544087264643,-0.052382365129428635,-0.03012761238324898,-0.07463711787560828,0.011191511959465682,92,chr1,144995889,cg04156383,-0.052382365129428635,1.0830725872652919e-5,4.965342436087168,chr1,144995889,PDE4DIP;PDE4DIP;PDE4DIP;PDE4DIP,1,144995889,PDE4DIP,1
1.0838527941312853e-5,0.015384191455327392,1,-4.68035791120081,-0.1051351710288681,-0.06046650626640356,-0.14980383579133263,0.022463062232327063,92,chr8,124830747,cg00215722,-0.1051351710288681,1.0838527941312853e-5,4.965029698459749,chr8,125842989,,8,124830747,NA,1
1.0866022250849237e-5,0.015384191455327392,1,-4.6797028674736385,-0.09396966105487642,-0.05403928577263937,-0.13390003633711348,0.020080262297851065,92,chr2,69550096,cg00197649,-0.09396966105487642,1.0866022250849237e-5,4.963929409976774,chr2,69777228,AAK1,2,69550096,AAK1,1
1.086906963678131e-5,0.015384191455327392,1,-4.679630363580312,-0.027600001828141048,-0.01587179621924613,-0.03932820743703597,0.005897902117000694,92,chr4,163180580,cg24902891,-0.027600001828141048,1.086906963678131e-5,4.963807628765998,chr4,164101732,,4,163180580,NA,1
1.0892758016583384e-5,0.015384191455327392,1,-4.679067438451709,-0.0950154878949792,-0.05463522811870621,-0.13539574767125218,0.02030650105919815,92,chr14,22996156,cg09115791,-0.0950154878949792,1.0892758016583384e-5,4.962862144143986,chr14,22996156,,14,22996156,NA,1
1.0895218862723646e-5,0.015384191455327392,1,-4.679009027696397,-0.05918209423483877,-0.03403021399561253,-0.08433397447406502,0.012648424887518484,92,chr14,95540617,cg25262464,-0.05918209423483877,1.0895218862723646e-5,4.962764041239802,chr14,96006954,GLRX5,14,95540617,GLRX5,1
1.0954896797500691e-5,0.015411150955933163,1,-4.677596420482811,-0.18145259331525276,-0.10431351571329453,-0.258591670917211,0.03879184457228648,92,chr16,86112085,cg06872709,-0.18145259331525276,1.0954896797500691e-5,4.960391709430258,chr16,86112085,,16,86112085,NA,1
1.0960198001996997e-5,0.015411150955933163,1,-4.677471300079841,-0.0861997220273537,-0.049553539170254686,-0.12284590488445271,0.01842870142803064,92,chr3,197512824,cg18161208,-0.0861997220273537,1.0960198001996997e-5,4.96018160001242,chr3,197239695,BDH1;BDH1;BDH1,3,197512824,BDH1,1
1.0967813345220394e-5,0.015411150955933163,1,-4.677291663641917,-0.0425499466560233,-0.024459946185277293,-0.06063994712676932,0.009097133494320578,92,chr12,109998233,cg16681385,-0.0425499466560233,1.0967813345220394e-5,4.959879949158604,chr12,110436038,ANKRD13A,12,109998233,ANKRD13A,1
1.1026333672296193e-5,0.015468227752568344,1,-4.675915272371772,-0.08749465144220679,-0.05028557568428637,-0.1247037272001272,0.01871177006974011,92,chr3,16848362,cg08288503,-0.08749465144220679,1.1026333672296193e-5,4.957568869298763,chr3,16889869,,3,16848362,NA,1
1.1113202980535929e-5,0.015564824282068207,1,-4.673885148448257,-0.029841755018083303,-0.01714536266203305,-0.042538147374133556,0.006384785691191161,92,chr2,36512285,cg07935966,-0.029841755018083303,1.1113202980535929e-5,4.954160753273803,chr2,36739428,CRIM1;CRIM1,2,36512285,CRIM1,1
1.114111756663175e-5,0.015576042409693111,1,-4.673236060590834,-0.011340512173500045,-0.006514938391123708,-0.01616608595587638,0.002426693628668583,92,chr1,28840027,cg00889308,-0.011340512173500045,1.114111756663175e-5,4.953071242853707,chr1,29166539,OPRD1,1,28840027,OPRD1,1
1.1167500224416119e-5,0.015576042409693111,1,-4.672624044856096,-0.04537093795972648,-0.026062331610774092,-0.06467954430867887,0.009709948312591834,92,chr5,80211756,cg14983540,-0.04537093795972648,1.1167500224416119e-5,4.952044030128774,chr5,79507575,SERINC5,5,80211756,SERINC5,1
1.1203124196375427e-5,0.015576042409693111,1,-4.671799877526929,-0.06300548418130363,-0.03618737633997379,-0.08982359202263346,0.013486340561029403,92,chr22,27793316,cg23960125,-0.06300548418130363,1.1203124196375427e-5,4.950660849468978,chr22,28189304,MN1,22,27793316,MN1,1
1.1205439728507442e-5,0.015576042409693111,1,-4.671746395415915,-0.08513918316098758,-0.04889951348653766,-0.12137885283543749,0.01822427331340785,92,chr9,124521844,cg14513031,-0.08513918316098758,1.1205439728507442e-5,4.950571096030555,chr9,124521844,DAB2IP;DAB2IP,9,124521844,DAB2IP,1
1.1211335944173148e-5,0.015576042409693111,1,-4.671610258312366,-0.06761823422439592,-0.038835554016489846,-0.09640091443230199,0.014474288411384562,92,chr11,119637128,cg12359648,-0.06761823422439592,1.1211335944173148e-5,4.950342633737479,chr11,119507838,,11,119637128,NA,1
1.130782237239614e-5,0.015624065994285717,1,-4.6693923210418165,-0.1192075529806898,-0.0684410300729962,-0.1699740758883834,0.025529564616684996,92,chr12,106879677,cg12916632,-0.1192075529806898,1.130782237239614e-5,4.94662102219296,chr12,107273455,RIC8B,12,106879677,RIC8B,1
1.131412074217701e-5,0.015624065994285717,1,-4.669248180137218,-0.07969201805174217,-0.04575279649891056,-0.11363123960457377,0.01706741963101225,92,chr1,99768757,cg26592446,-0.07969201805174217,1.131412074217701e-5,4.946379190861528,chr1,100234313,,1,99768757,NA,1
1.1323616659357102e-5,0.015624065994285717,1,-4.669031009278699,-0.025870775818773367,-0.014852422240085287,-0.036889129397461445,0.0055409303916296,92,chr5,79947928,cg01831962,-0.025870775818773367,1.1323616659357102e-5,4.9460148413153995,chr5,79243751,LINC01455,5,79947928,LINC01455,1
1.1335192609794429e-5,0.015624065994285717,1,-4.668766507404971,-0.0986151717238071,-0.05661262814925292,-0.14061771529836128,0.021122318189910963,92,chr13,106475006,cg18114881,-0.0986151717238071,1.1335192609794429e-5,4.945571095858577,chr13,107127354,,13,106475006,NA,1
1.1336303541989308e-5,0.015624065994285717,1,-4.668741137231071,-0.1077761091092563,-0.06187145529920258,-0.15368076291931002,0.0230846187315444,92,chr10,95864738,cg04587103,-0.1077761091092563,1.1336303541989308e-5,4.945528533892736,chr10,97624495,ENTPD1;ENTPD1;ENTPD1;ENTPD1;ENTPD1;ENTPD1;ENTPD1;ENTPD1;ENTPD1;ENTPD1;ENTPD1;ENTPD1-AS1;ENTPD1;ENTPD1;ENTPD1,10,95864738,ENTPD1,1
1.1411616728650135e-5,0.015679124546946428,1,-4.667026830226187,-0.07234325297201867,-0.04151905778497572,-0.10316744815906162,0.01550092930760215,92,chr12,1699148,cg08559782,-0.07234325297201867,1.1411616728650135e-5,4.94265282301457,chr12,1808314,ADIPOR2,12,1699148,ADIPOR2,1
1.1418623067199068e-5,0.015679124546946428,1,-4.666867908538594,-0.07140328342297009,-0.04097855680225841,-0.10182801004368176,0.015300043802895994,92,chr3,49110787,cg26323242,-0.07140328342297009,1.1418623067199068e-5,4.942386263022832,chr3,49148220,USP19;USP19;USP19;USP19,3,49110787,USP19,1
1.143522347107489e-5,0.015679124546946428,1,-4.666491746695162,-0.118555817090198,-0.0680354640930726,-0.1690761700873234,0.025405770228600518,92,chr10,6593364,cg22913471,-0.118555817090198,1.143522347107489e-5,4.941755343841984,chr10,6635326,,10,6593364,NA,1
1.1454219952738822e-5,0.015679124546946428,1,-4.666061940520814,-0.05970950308020073,-0.03426306687194822,-0.08515593928845325,0.012796551747775579,92,chr11,6204307,cg00286717,-0.05970950308020073,1.1454219952738822e-5,4.9410344814860405,chr11,6225537,C11orf42,11,6204307,C11orf42,1
1.1512804319807078e-5,0.015679124546946428,1,-4.664740783328839,-0.1017729909121895,-0.05838804774053685,-0.14515793408384214,0.021817501901909016,92,chr7,55255956,cg04288063,-0.1017729909121895,1.1512804319807078e-5,4.938818876867523,chr7,55323649,ELDR,7,55255956,ELDR,1
1.15209616993563e-5,0.015679124546946428,1,-4.664557341523775,-0.09812477159579061,-0.05629338764435616,-0.13995615554722507,0.02103624511639857,92,chr11,119565803,cg05411579,-0.09812477159579061,1.15209616993563e-5,4.938511267154879,chr11,119565803,PVRL1;PVRL1;PVRL1,11,119565803,PVRL1,1
1.1530354779659835e-5,0.015679124546946428,1,-4.664346267710518,-0.10650872297262523,-0.0611011380054032,-0.15191630793984726,0.022834651816042113,92,chr11,95344985,cg04046848,-0.10650872297262523,1.1530354779659835e-5,4.93815732961093,chr11,95078149,,11,95344985,NA,1
1.1536408101393583e-5,0.015679124546946428,1,-4.664210330779513,-0.10690266119543189,-0.061325801292808575,-0.1524795210980552,0.0229197771142464,92,chr11,34653855,cg22235258,-0.10690266119543189,1.1536408101393583e-5,4.937929389149579,chr11,34675402,EHF,11,34653855,EHF,1
1.1539547685890825e-5,0.015679124546946428,1,-4.664139853720737,-0.09532566025733986,-0.054683922592072436,-0.13596739792260729,0.020437993552293563,92,chr2,74083966,cg04100865,-0.09532566025733986,1.1539547685890825e-5,4.937811213829466,chr2,74311093,TET3,2,74083966,TET3,1
1.1559518869932069e-5,0.015681603375964737,1,-4.663691978325242,-0.08262806793730318,-0.0473965180065966,-0.11785961786800976,0.017717308158712357,92,chr21,37413998,cg15697091,-0.08262806793730318,1.1559518869932069e-5,4.937060241735733,chr21,38786300,DYRK1A,21,37413998,DYRK1A,1
1.162693900666173e-5,0.01574834262771904,1,-4.662185541218337,-0.06988128134513877,-0.04007517017937738,-0.09968739251090016,0.014988953298258735,92,chr10,118735538,cg23414568,-0.06988128134513877,1.162693900666173e-5,4.934534605778068,chr10,120495050,CACUL1,10,118735538,CACUL1,1
1.1648745044284557e-5,0.015753186741015005,1,-4.661700122236323,-0.05475788994484106,-0.03139985078528072,-0.07811592910440139,0.011746334708156315,92,chr16,67944255,cg09581611,-0.05475788994484106,1.1648745044284557e-5,4.9337208600199,chr16,67978158,SLC12A4;SLC12A4;SLC12A4;LCAT;SLC12A4;SLC12A4,16,67944255,SLC12A4,1
1.1683033233734175e-5,0.01577486958593415,1,-4.6609386233680326,-0.0870565654536574,-0.04991483312715615,-0.12419829778015866,0.018677904278162242,92,chr1,208037126,cg00352785,-0.0870565654536574,1.1683033233734175e-5,4.932444387904045,chr1,208210471,PLXNA2,1,208037126,PLXNA2,1
1.1728345601926018e-5,0.015811346815281704,1,-4.659935614228808,-0.12130506907488108,-0.06954044746373358,-0.17306969068602857,0.026031490371773377,92,chr10,6075361,cg13914486,-0.12130506907488108,1.1728345601926018e-5,4.930763245056463,chr10,6117324,,10,6075361,NA,1
1.1747234083853077e-5,0.015812143034314333,1,-4.659518620531959,-0.053508184520704855,-0.03067254520192043,-0.07634382383948927,0.011483629292717802,92,chr2,28327664,cg17862837,-0.053508184520704855,1.1747234083853077e-5,4.930064377096443,chr2,28550531,BRE;BRE;BRE;BRE;BRE,2,28327664,BRE,1
1.176699336019732e-5,0.01581410707029741,1,-4.659083099071988,-0.09000592525406843,-0.05159058761423915,-0.12842126289389771,0.019318377315913536,92,chr6,108716036,cg14701320,-0.09000592525406843,1.176699336019732e-5,4.929334491607076,chr6,109037239,,6,108716036,NA,1
1.1815424026563559e-5,0.015849879070724146,1,-4.6580186181146965,-0.06791803844173747,-0.03892338482795731,-0.09691269205551761,0.014580885996807557,92,chr3,169510718,cg17193100,-0.06791803844173747,1.1815424026563559e-5,4.927550687989098,chr3,169228506,MECOM;MECOM,3,169510718,MECOM,1
1.1830293745333083e-5,0.015849879070724146,1,-4.657692639673743,-0.08522818954483849,-0.04884117307388987,-0.12161520601578711,0.018298371347837253,92,chr14,100354509,cg13147461,-0.08522818954483849,1.1830293745333083e-5,4.927004471737798,chr14,100820846,WARS;WARS;WARS;WARS,14,100354509,WARS,1
1.1861787350692445e-5,0.01585371340408498,1,-4.657003539454706,-0.07105402428865258,-0.04071398613977096,-0.10139406243753421,0.015257455504741226,92,chr17,64649612,cg00942554,-0.07105402428865258,1.1861787350692445e-5,4.925849865941586,chr17,62645730,SMURF2,17,64649612,SMURF2,1
1.1869847633799357e-5,0.01585371340408498,1,-4.656827460922373,-0.03202015122485874,-0.018347043299336323,-0.04569325915038115,0.006875958255605318,92,chr15,60360967,cg08086676,-0.03202015122485874,1.1869847633799357e-5,4.925554855790554,chr15,60653166,ANXA2;ANXA2;ANXA2;ANXA2,15,60360967,ANXA2,1
1.1901239825396699e-5,0.01587111141604353,1,-4.656142797244931,-0.019040715499807584,-0.01090883508530394,-0.027172595914311228,0.004089375332533636,92,chr17,62657233,cg10393540,-0.019040715499807584,1.1901239825396699e-5,4.924407793121709,chr17,60734594,MRC2,17,62657233,MRC2,1
1.1952893108974148e-5,0.015915433722505746,1,-4.655020047689375,-0.08877521321303344,-0.050852082867563715,-0.12669834355850318,0.019070855185059632,92,chr1,17121855,cg12561552,-0.08877521321303344,1.1952893108974148e-5,4.92252696423951,chr1,17448350,,1,17121855,NA,1
1.2027853251580407e-5,0.015990605297014942,1,-4.653399047558738,-0.09676352876518424,-0.05541353850383886,-0.13811351902652963,0.020794160951218707,92,chr17,57106584,cg02865193,-0.09676352876518424,1.2027853251580407e-5,4.919811879242758,chr17,55183945,AKAP1;AKAP1;AKAP1,17,57106584,AKAP1,1
1.2087088665759537e-5,0.016039234594190693,1,-4.652125017414619,-0.045199542359944854,-0.025879117563063707,-0.06451996715682601,0.009715891595936546,92,chr9,124813302,cg02051267,-0.045199542359944854,1.2087088665759537e-5,4.917678292080025,chr9,127575581,OLFML2A;OLFML2A,9,124813302,OLFML2A,1
1.2101552684495703e-5,0.016039234594190693,1,4.651814847744071,0.17196248352457422,0.24547229324076775,0.0984526738083807,0.03696675150516116,92,chr7,41006816,cg21769463,0.17196248352457422,1.2101552684495703e-5,4.917158904142438,chr7,41046414,,7,41006816,NA,1
1.2153261746553922e-5,0.016083101753151707,1,-4.650708923808202,-0.04249072785024323,-0.0243226483371341,-0.06065880736335236,0.009136398030141603,92,chr20,44552220,cg21969887,-0.04249072785024323,1.2153261746553922e-5,4.915307148533029,chr20,43180861,PKIG;PKIG;PKIG;PKIG,20,44552220,PKIG,1
1.2194950492216215e-5,0.016113594583715026,1,-4.6498206310231565,-0.07758324112388973,-0.04440405497029871,-0.11076242727748076,0.01668521159854249,92,chr4,85726832,cg17317834,-0.07758324112388973,1.2194950492216215e-5,4.91381995844996,chr4,86647985,ARHGAP24,4,85726832,ARHGAP24,1
1.2234545609896972e-5,0.01611892880314739,1,-4.6489796752315335,-0.07967601294179069,-0.0455956699931805,-0.11375635589040088,0.017138387024207107,92,chr11,111700254,cg24368962,-0.07967601294179069,1.2234545609896972e-5,4.91241215567704,chr11,111570978,SIK2,11,111700254,SIK2,1
1.2236293261908423e-5,0.01611892880314739,1,-4.648942618002876,-0.22274408568775556,-0.12746753933494984,-0.3180206320405613,0.04791284900467183,92,chr7,39649706,cg23485066,-0.22274408568775556,1.2236293261908423e-5,4.912350123016032,chr7,39649706,LOC646999,7,39649706,LOC646999,1
1.2271615036822044e-5,0.01612111718329511,1,-4.648194754497685,-0.05683251016208727,-0.0325190632837782,-0.08114595704039634,0.012226791940482916,92,chr1,40014968,cg17254832,-0.05683251016208727,1.2271615036822044e-5,4.911098277091822,chr1,40480640,,1,40014968,NA,1
1.2281590151655207e-5,0.01612111718329511,1,-4.64798393118492,-0.04887633371063523,-0.027965660555746813,-0.06978700686552365,0.010515598684132087,92,chr3,197294190,cg04605696,-0.04887633371063523,1.2281590151655207e-5,4.91074539953197,chr3,197021061,MIR4797;DLG1;DLG1;DLG1;DLG1,3,197294190,MIR4797,1
1.2293920772956005e-5,0.01612111718329511,1,-4.647723554130168,-0.059324238063354094,-0.03394223506579527,-0.08470624106091292,0.012764149453475135,92,chr3,160331192,cg17832605,-0.059324238063354094,1.2293920772956005e-5,4.910309589977069,chr3,160048980,IFT80;IFT80;IFT80,3,160331192,IFT80,1
1.231791588265404e-5,0.016128108554283718,1,-4.647217592459171,-0.09716844922283316,-0.055590192688412844,-0.13874670575725348,0.02090895192437384,92,chr22,30195390,cg20804005,-0.09716844922283316,1.231791588265404e-5,4.909462765972662,chr22,30591379,,22,30195390,NA,1
1.2351244388744882e-5,0.01614728069746243,1,-4.646516412248541,-0.056271831486443165,-0.03218955238402098,-0.08035411058886535,0.01211054185413113,92,chr10,114687523,cg23464586,-0.056271831486443165,1.2351244388744882e-5,4.90828928500026,chr10,116447282,,10,114687523,NA,1
1.2445133992615421e-5,0.01624544929000997,1,-4.644550954852075,-0.023482299485610994,-0.013428484215572939,-0.03353611475564905,0.005055881551063505,92,chr7,5391498,cg26312950,-0.023482299485610994,1.2445133992615421e-5,4.905000423126081,chr7,5391498,TNRC18,7,5391498,TNRC18,1
1.2534129453666429e-5,0.016303451499946598,1,-4.642701198294618,-0.07792018139581222,-0.044545799458925256,-0.11129456333269919,0.016783372021536576,92,chr4,3121405,cg05736642,-0.07792018139581222,1.2534129453666429e-5,4.901905824178678,chr4,3123132,HTT,4,3121405,HTT,1
1.2562174073525115e-5,0.016303451499946598,1,-4.642120937467002,-0.10393745179044243,-0.05941391816570224,-0.14846098541518263,0.022390078412553478,92,chr10,112678850,cg06788390,-0.10393745179044243,1.2562174073525115e-5,4.9009351928896265,chr10,114438609,VTI1A,10,112678850,VTI1A,1
1.2564770892735355e-5,0.016303451499946598,1,-4.6420672712927304,-0.07126350895502752,-0.040736111333383694,-0.10179090657667134,0.01535167518914088,92,chr9,111605522,cg24478798,-0.07126350895502752,1.2564770892735355e-5,4.900845425967382,chr9,114367802,LRRC37A5P,9,111605522,LRRC37A5P,1
1.2565033349415883e-5,0.016303451499946598,1,-4.6420618479311,-0.06655676427974355,-0.03804557796368138,-0.09506795059580572,0.014337759051919339,92,chr14,74888420,cg05490881,-0.06655676427974355,1.2565033349415883e-5,4.900836354389505,chr14,75355123,DLST;DLST;DLST;DLST,14,74888420,DLST,1
1.2654730681799013e-5,0.01636565917586162,1,-4.64021477005254,-0.12581301508484852,-0.07189653911656946,-0.17972949105312758,0.027113618942130123,92,chr21,33197834,cg11606229,-0.12581301508484852,1.2654730681799013e-5,4.897747093070181,chr21,34570139,,21,33197834,NA,1
1.2683672652593885e-5,0.01636565917586162,1,-4.6396214992303015,-0.028703882324368154,-0.01640141843006027,-0.041006346218676035,0.006186686204710888,92,chr1,101814534,cg07161642,-0.028703882324368154,1.2683672652593885e-5,4.8967549750182275,chr1,101814534,LINC01307,1,101814534,LINC01307,1
1.2685897567341138e-5,0.01636565917586162,1,-4.6395759459473735,-0.10957780136068686,-0.06261237119334748,-0.15654323152802624,0.023618063943193355,92,chr20,35342189,cg07112997,-0.10957780136068686,1.2685897567341138e-5,4.896678799648165,chr20,33929992,UQCC1;UQCC1;UQCC1,20,35342189,UQCC1,1
1.2688730278732544e-5,0.01636565917586162,1,-4.639517959757616,-0.09802402633998607,-0.05601005959073085,-0.14003799308924128,0.02112806269751075,92,chr14,55850801,cg00978517,-0.09802402633998607,1.2688730278732544e-5,4.89658183421177,chr14,55850801,ATG14,14,55850801,ATG14,1
1.2723549645031927e-5,0.016386111583984543,1,-4.638806225170035,-0.023310095312517848,-0.013317648887931445,-0.03330254173710425,0.005025020270525186,92,chr14,101833025,cg15331859,-0.023310095312517848,1.2723549645031927e-5,4.89539171131404,chr14,102299362,PPP2R5C;PPP2R5C;PPP2R5C;PPP2R5C;PPP2R5C,14,101833025,PPP2R5C,1
1.2767895544666447e-5,0.01641875367665863,1,-4.637902494217036,-0.10967491115964247,-0.06265089826926552,-0.1566989240500194,0.023647524133246712,92,chr2,113119227,cg18783495,-0.10967491115964247,1.2767895544666447e-5,4.893880678982109,chr2,113876804,IL1RN;IL1RN;IL1RN,2,113119227,IL1RN,1
1.2812774214689236e-5,0.016451982857610896,1,-4.636991003573034,-0.09225928028937214,-0.052694585531036266,-0.13182397504770801,0.019896368187534055,92,chr6,30202563,cg18200389,-0.09225928028937214,1.2812774214689236e-5,4.89235682687611,chr6,30170340,TRIM26,6,30202563,TRIM26,1
1.2923969593126936e-5,0.016570139720830605,1,-4.6347459014896275,-0.07563832414195473,-0.04318568808871577,-0.1080909601951937,0.016319842716219727,92,chr18,59357285,cg23876292,-0.07563832414195473,1.2923969593126936e-5,4.888604072439655,chr18,57024517,LMAN1,18,59357285,LMAN1,1
1.2944139205622429e-5,0.01657141301158079,1,-4.634340675282889,-0.03158708526876951,-0.01803345584769684,-0.045140714689842175,0.006815874680348434,92,chr11,128628236,cg23480553,-0.03158708526876951,1.2944139205622429e-5,4.887926825157901,chr11,128498131,,11,128628236,NA,1
1.3042671278962665e-5,0.016640459433346542,1,-4.632369846149895,-0.06199362806783799,-0.035381608269350065,-0.08860564786632591,0.013382702618048255,92,chr14,74532925,cg23472776,-0.06199362806783799,1.3042671278962665e-5,4.884633451326314,chr14,74532925,ALDH6A1;ALDH6A1;ALDH6A1,14,74532925,ALDH6A1,1
1.3060049425840176e-5,0.016640459433346542,1,4.6320237503899815,0.1394979611717148,0.19938475918212384,0.07961116316130579,0.030115985730852557,92,chr5,10456967,cg23275644,0.1394979611717148,1.3060049425840176e-5,4.8840551794676035,chr5,10457079,ROPN1L,5,10456967,ROPN1L,1
1.3066907332790732e-5,0.016640459433346542,1,-4.631887294268113,-0.06456424611403527,-0.03684584906869848,-0.09228264315937207,0.013939079690892415,92,chr12,130825840,cg04197702,-0.06456424611403527,1.3066907332790732e-5,4.883827188795598,chr12,131310385,STX2;STX2,12,130825840,STX2,1
1.3089681931687066e-5,0.016640459433346542,1,-4.631434631991977,-0.08638942640290101,-0.04929752795633771,-0.12348132484946431,0.018652843722798042,92,chr19,17999751,cg14928793,-0.08638942640290101,1.3089681931687066e-5,4.883070906313373,chr19,18110560,ARRDC2,19,17999751,ARRDC2,1
1.3105378967009697e-5,0.016640459433346542,1,-4.63112308653861,-0.04732253897405407,-0.02700291231902088,-0.06764216562908726,0.010218372107536414,92,chr2,74328657,cg15620646,-0.04732253897405407,1.3105378967009697e-5,4.882550416083157,chr2,74555784,SLC4A5,2,74328657,SLC4A5,1
1.3113610654270309e-5,0.016640459433346542,1,-4.6309598536717465,-0.0789465515008641,-0.045046827799582974,-0.11284627520214524,0.017047556877062924,92,chr3,52776243,cg07730263,-0.0789465515008641,1.3113610654270309e-5,4.882277714768337,chr3,52810259,ITIH1,3,52776243,ITIH1,1
1.3151526496996308e-5,0.016664102529959462,1,-4.630209271504998,-0.10819564116650307,-0.061728799458495326,-0.15466248287451081,0.023367332840084628,92,chr14,76953411,cg04933530,-0.10819564116650307,1.3151526496996308e-5,4.881023835710618,chr14,77419754,,14,76953411,NA,1
1.3185433247074582e-5,0.01668225819527015,1,-4.629539830675833,-0.028640727342808675,-0.016338599713204532,-0.04094285497241282,0.006186517103283594,92,chr5,142634561,cg12970185,-0.028640727342808675,1.3185433247074582e-5,4.879905595584424,chr5,142014126,FGF1;FGF1;FGF1;FGF1;FGF1;FGF1;FGF1;FGF1;FGF1;FGF1;FGF1,5,142634561,FGF1,1
1.320446473023818e-5,0.01668225819527015,1,-4.629164812915637,-0.057836550302748625,-0.032991850794853894,-0.08268124981064336,0.012493949263025007,92,chr18,47888433,cg00656959,-0.057836550302748625,1.320446473023818e-5,4.879279199107987,chr18,45414804,SMAD2;SMAD2;SMAD2,18,47888433,SMAD2,1
1.3246098173014282e-5,0.016705357720926548,1,-4.628346247028709,-0.0856080195070063,-0.04882709685660426,-0.12238894215740835,0.01849645962895811,92,chr3,112021179,cg00813264,-0.0856080195070063,1.3246098173014282e-5,4.877912030518153,chr3,112021179,,3,112021179,NA,1
1.3283470597909804e-5,0.016705357720926548,1,-4.627613582774256,-0.08491544579856032,-0.048426306680436085,-0.12140458491668456,0.018349726976912683,92,chr18,8801437,cg13174688,-0.08491544579856032,1.3283470597909804e-5,4.876688441187774,chr18,8801435,MTCL1,18,8801437,MTCL1,1
1.331208726822498e-5,0.016705357720926548,1,-4.6270539215044435,-0.07746443816867743,-0.04417305608046934,-0.11075582025688552,0.0167416329013712,92,chr17,4209203,cg17526357,-0.07746443816867743,1.331208726822498e-5,4.87575384399924,chr17,4112498,ANKFY1;ANKFY1;ANKFY1,17,4209203,ANKFY1,1
1.331671893501964e-5,0.016705357720926548,1,-4.626963449015861,-0.05932523453771181,-0.033828920159973734,-0.08482154891544988,0.012821634575550859,92,chrX,152843967,cg06346070,-0.05932523453771181,1.331671893501964e-5,4.875602766452927,chrX,152012511,NSDHL;NSDHL,23,152843967,NSDHL,1
1.3320583716000094e-5,0.016705357720926548,1,-4.626887979840121,-0.07009120716061429,-0.039967489729616675,-0.10021492459161191,0.015148671734870106,92,chr12,120975110,cg07704181,-0.07009120716061429,1.3320583716000094e-5,4.875476743703,chr12,120975110,RNF10,12,120975110,RNF10,1
1.3347919947145963e-5,0.016705357720926548,1,-4.626354780102764,-0.0995981817510687,-0.05678805771267948,-0.14240830578945793,0.02152843577397589,92,chr17,50443623,cg22034357,-0.0995981817510687,1.3347919947145963e-5,4.874586406648428,chr17,48520984,ACSF2;ACSF2;ACSF2;ACSF2;ACSF2;ACSF2,17,50443623,ACSF2,1
1.3358100690107536e-5,0.016705357720926548,1,-4.626156473161325,-0.09357329886936318,-0.05335111630611465,-0.13379548143261172,0.020227006892704392,92,chr9,133061514,cg03693099,-0.09357329886936318,1.3358100690107536e-5,4.874255287252983,chr9,135936901,CEL,9,133061514,CEL,1
1.339118784922893e-5,0.016705357720926548,1,-4.625512992385924,-0.11188466732654091,-0.06378471120933984,-0.15998462344374198,0.024188596488803452,92,chr2,105748257,cg13698574,-0.11188466732654091,1.339118784922893e-5,4.873180897709075,chr2,106364714,NCK2;NCK2,2,105748257,NCK2,1
1.3396732172814617e-5,0.016705357720926548,1,-4.625405317109724,-0.10730074096828018,-0.06117037116489063,-0.15343111077166974,0.023198127215222984,92,chr2,239360537,cg22079269,-0.10730074096828018,1.3396732172814617e-5,4.873001124947954,chr2,240282232,HDAC4,2,239360537,HDAC4,1
1.345535612161692e-5,0.01673603066334178,1,-4.624269431984908,-0.05149132634597395,-0.029348912731759165,-0.07363373996018874,0.01113501864528511,92,chr11,74003733,cg15903936,-0.05149132634597395,1.345535612161692e-5,4.871104803317812,chr11,73714778,UCP3;UCP3,11,74003733,UCP3,1
1.3460064098703164e-5,0.01673603066334178,1,-4.624178419743829,-0.11850487035920472,-0.06754414190688814,-0.1694655988115213,0.02562722706659093,92,chr5,132674255,cg18617786,-0.11850487035920472,1.3460064098703164e-5,4.870952871936202,chr5,132009947,IL4;IL4,5,132674255,IL4,1
1.3485145837316773e-5,0.01674312607127725,1,-4.623694072482451,-0.07192784561935925,-0.040993426042884036,-0.10286226519583447,0.015556359156076551,92,chr9,5587802,cg04825341,-0.07192784561935925,1.3485145837316773e-5,4.870144352436937,chr9,5587802,,9,5587802,NA,1
1.3507159615196478e-5,0.016746397411465233,1,-4.623269689936326,-0.02866597408498048,-0.01633630313652368,-0.04099564503343728,0.006200368139323336,92,chr5,10602380,cg09045613,-0.02866597408498048,1.3507159615196478e-5,4.869435968012681,chr5,10602492,ANKRD33B,5,10602380,ANKRD33B,1
1.3554975667831594e-5,0.0167816036293811,1,-4.62235019845492,-0.05505199545504802,-0.03136858562145278,-0.07873540528864326,0.011909957725282229,92,chr4,14183880,cg11625549,-0.05505199545504802,1.3554975667831594e-5,4.867901257673017,chr4,14185504,,4,14183880,NA,1
1.3585788257169613e-5,0.016795688260385744,1,-4.62175934638065,-0.05231970277057048,-0.029808849853457938,-0.07483055568768301,0.011320300095577803,92,chr11,2483583,cg23272088,-0.05231970277057048,1.3585788257169613e-5,4.866915158438022,chr11,2504813,KCNQ1;KCNQ1,11,2483583,KCNQ1,1
1.3706393466053552e-5,0.01691238065225653,1,-4.619459103654427,-0.09980976908301527,-0.056844658430357436,-0.1427748797356731,0.021606375734348714,92,chr1,25740578,cg02249096,-0.09980976908301527,1.3706393466053552e-5,4.863076805155196,chr1,25740578,RHCE;RHCE;RHCE;RHCE,1,25740578,RHCE,1
1.3752907394916204e-5,0.01691238065225653,1,-4.618577213040155,-0.10485999087703476,-0.05971229223506128,-0.15000768951900825,0.022703959691519632,92,chr12,113299664,cg21498475,-0.10485999087703476,1.3752907394916204e-5,4.861605481317771,chr12,113737469,SLC24A6,12,113299664,SLC24A6,1
1.3771115184331983e-5,0.01691238065225653,1,-4.61823278689932,-0.059946315679647165,-0.0341343733215478,-0.08575825803774653,0.012980358168539855,92,chr21,14582118,cg06118712,-0.059946315679647165,1.3771115184331983e-5,4.861030889170011,chr21,15954439,SAMSN1-AS1;SAMSN1;SAMSN1,21,14582118,SAMSN1-AS1,1
1.3771679645730055e-5,0.01691238065225653,1,-4.61822211637781,-0.05388549056747487,-0.030683190736675154,-0.07708779039827458,0.011668016221302634,92,chr6,158573477,cg27279839,-0.05388549056747487,1.3771679645730055e-5,4.861013088327941,chr6,158994509,TMEM181,6,158573477,TMEM181,1
1.3778034395787546e-5,0.01691238065225653,1,4.618102016106602,0.12507157741184144,0.17892695996705782,0.07121619485662505,0.02708289617155013,92,chr7,47520772,cg16641029,0.12507157741184144,1.3778034395787546e-5,4.860812735400239,chr7,47560370,TNS3,7,47520772,TNS3,1
1.3824618254349307e-5,0.016932995623427764,1,-4.617223252479657,-0.08259288465425467,-0.04702190952464067,-0.11816385978386867,0.017887998941766257,92,chr8,23494312,cg13949334,-0.08259288465425467,1.3824618254349307e-5,4.859346852234373,chr8,23351825,,8,23494312,NA,1
1.3834018679746157e-5,0.016932995623427764,1,-4.617046270280196,-0.0807675045839465,-0.045981347920753646,-0.11555366124713937,0.01749332795381428,92,chr16,30455203,cg16264724,-0.0807675045839465,1.3834018679746157e-5,4.859051642239439,chr16,30466524,,16,30455203,NA,1
1.3867402255525235e-5,0.016937372543633776,1,-4.616418698318676,-0.04168218527656625,-0.023727437911701284,-0.05963693264143122,0.009029117157797476,92,chr10,89502991,cg24600621,-0.04168218527656625,1.3867402255525235e-5,4.858004886565812,chr10,91262748,SLC16A12,10,89502991,SLC16A12,1
1.3891031340176808e-5,0.016937372543633776,1,-4.615975385019734,-0.061141568418336505,-0.03480209420647303,-0.08748104263019998,0.013245644380331788,92,chr8,143494924,cg11996592,-0.061141568418336505,1.3891031340176808e-5,4.857265508854179,chr8,144577094,ZC3H3,8,143494924,ZC3H3,1
1.3896394538734328e-5,0.016937372543633776,1,-4.615874866153411,-0.08698531533309291,-0.049511671409663574,-0.12445895925652224,0.018844816606907105,92,chr6,166750160,cg22865069,-0.08698531533309291,1.3896394538734328e-5,4.857097864137612,chr6,167163648,RPS6KA2,6,166750160,RPS6KA2,1
1.3955059000872143e-5,0.016984918515100936,1,-4.614777809147409,-0.03661520274469039,-0.020837467722147108,-0.05239293776723368,0.007934337092484013,92,chr17,76161917,cg13831483,-0.03661520274469039,1.3955059000872143e-5,4.855268323009171,chr17,74157998,RNF157,17,76161917,RNF157,1
1.4056126438406032e-5,0.017070134355951026,1,-4.612898250623973,-0.0422602499895102,-0.02404260658014025,-0.060477893398880156,0.009161322815605956,92,chr15,90050073,cg16019875,-0.0422602499895102,1.4056126438406032e-5,4.8521343449066805,chr15,90593305,ZNF710,15,90050073,ZNF710,1
1.406458083929347e-5,0.017070134355951026,1,-4.612741618553533,-0.04550093355056168,-0.025885622956095197,-0.06511624414502816,0.009864184321000382,92,chr9,135910234,cg15078985,-0.04550093355056168,1.406458083929347e-5,4.851873206399205,chr9,135910234,GTF3C5;GTF3C5;GTF3C5,9,135910234,GTF3C5,1
1.4114445199420951e-5,0.017081579715262092,1,-4.611819651856156,-0.058560972117112184,-0.03331047269813524,-0.08381147153608913,0.012698018686299382,92,chr4,81137731,cg19702771,-0.058560972117112184,1.4114445199420951e-5,4.8503361881203535,chr4,82058885,PRKG2,4,81137731,PRKG2,1
1.4118043727262053e-5,0.017081579715262092,1,-4.611753239263343,-0.10740538010519243,-0.06109333224755328,-0.15371742796283158,0.023289489817184757,92,chr8,86512666,cg01115938,-0.10740538010519243,1.4118043727262053e-5,4.8502254773150195,chr8,87524895,,8,86512666,NA,1
1.413331161232329e-5,0.017081579715262092,1,-4.611471645585453,-0.07559478790413174,-0.042997135786330534,-0.10819244002193294,0.01639276866778491,92,chr12,131980410,cg00764582,-0.07559478790413174,1.413331161232329e-5,4.849756065578962,chr12,132464955,EP400,12,131980410,EP400,1
1.4182370821470658e-5,0.01711693311468647,1,-4.6105688150332655,-0.11708631094167239,-0.0665869799383346,-0.1675856419450102,0.02539519864878703,92,chr5,128198097,cg20802710,-0.11708631094167239,1.4182370821470658e-5,4.848251163467682,chr5,127533789,,5,128198097,NA,1
1.4228110322508253e-5,0.017148186877846795,1,-4.609729802921076,-0.08943655382559876,-0.05085554345781429,-0.12801756419338323,0.019401691129255546,92,chr14,50823451,cg16449219,-0.08943655382559876,1.4228110322508253e-5,4.8468527760227476,chr14,51290169,NIN;NIN;NIN;NIN;NIN,14,50823451,NIN,1
1.4313119803604337e-5,0.017226617137220464,1,-4.60817738137917,-0.03316302525144612,-0.018852388302529118,-0.04747366220036312,0.007196560051149948,92,chr17,4003346,cg17441377,-0.03316302525144612,1.4313119803604337e-5,4.8442656935766815,chr17,3906640,,17,4003346,NA,1
1.439037901668958e-5,0.017277769019850456,1,-4.606774235749172,-0.0631032969243857,-0.035864424143675896,-0.0903421697050955,0.01369793562590844,92,chr18,2326113,cg03748883,-0.0631032969243857,1.439037901668958e-5,4.841927767377563,chr18,2326112,,18,2326113,NA,1
1.4395608289157843e-5,0.017277769019850456,1,-4.606679528506581,-0.09502378345808113,-0.05400542011134789,-0.13604214680481436,0.020627391784052852,92,chr4,77083235,cg08750078,-0.09502378345808113,1.4395608289157843e-5,4.841769979202491,chr4,78004388,,4,77083235,NA,1
1.4463925539357e-5,0.01732206072790083,1,-4.605445294309692,-0.06835188073776853,-0.038838915151457105,-0.09786484632407996,0.01484153569736708,92,chr9,35515685,cg04033464,-0.06835188073776853,1.4463925539357e-5,4.839713822621589,chr9,35515682,RUSC2;RUSC2,9,35515685,RUSC2,1
1.4480266056688882e-5,0.01732206072790083,1,-4.6051509215025375,-0.07126222962521984,-0.04049066713008209,-0.1020337921203576,0.015474461280406613,92,chr15,43778340,cg26024852,-0.07126222962521984,1.4480266056688882e-5,4.839223458450313,chr15,44070538,ELL3;SERF2,15,43778340,ELL3,1
1.4492647018432288e-5,0.01732206072790083,1,-4.604928094291699,-0.09098030211780495,-0.0516924277851031,-0.13026817645050678,0.01975716021072832,92,chr6,138098613,cg18341600,-0.09098030211780495,1.4492647018432288e-5,4.83885228530116,chr6,138098613,,6,138098613,NA,1
1.4535229090620183e-5,0.017348960344085097,1,4.604163128334218,0.06269013707521007,0.08976601375092985,0.03561426039949028,0.013615967837762366,92,chr20,19737237,cg18340948,0.06269013707521007,1.4535229090620183e-5,4.837578118898153,chr20,19717881,,20,19737237,NA,1
1.4592091789820384e-5,0.01736625584612086,1,-4.60314500216154,-0.06290849549328761,-0.03573230027746413,-0.0900846907091111,0.013666416214076924,92,chr21,37420373,cg13321480,-0.06290849549328761,1.4592091789820384e-5,4.835882447129207,chr21,38792675,DYRK1A;DYRK1A;DYRK1A;DYRK1A;DYRK1A;DYRK1A;DYRK1A;DYRK1A,21,37420373,DYRK1A,1
1.4606774758527904e-5,0.01736625584612086,1,-4.602882729190943,-0.06843720795137376,-0.03887094851367599,-0.09800346738907152,0.014868336209687246,92,chr10,93440756,cg13827101,-0.06843720795137376,1.4606774758527904e-5,4.83544566765254,chr10,95200513,MYOF;MYOF,10,93440756,MYOF,1
1.4621439970292321e-5,0.01736625584612086,1,4.602621028663762,0.1389496677709081,0.19898215066374914,0.07891718487806705,0.030189248018807253,92,chr9,123863165,cg16118999,0.1389496677709081,1.4621439970292321e-5,4.835009854439945,chr9,126625444,DENND1A;DENND1A,9,123863165,DENND1A,1
1.465754026273479e-5,0.01736625584612086,1,-4.6019779030985175,-0.08738483508973928,-0.04962539442790186,-0.1251442757515767,0.01898853860878014,92,chr10,128062160,cg16330225,-0.08738483508973928,1.465754026273479e-5,4.833938904179868,chr10,129860424,PTPRE;PTPRE,10,128062160,PTPRE,1
1.466930541390413e-5,0.01736625584612086,1,-4.6017686393778625,-0.3163888594048,-0.17966937460276322,-0.45310834420683677,0.06875375191560572,92,chr1,229997149,cg26546906,-0.3163888594048,1.466930541390413e-5,4.833590449350321,chr1,229997149,,1,229997149,NA,1
1.4670297317680489e-5,0.01736625584612086,1,-4.601751004085575,-0.047598767424486405,-0.02703007890899626,-0.06816745593997656,0.010343620804825548,92,chr3,44511534,cg22327816,-0.047598767424486405,1.4670297317680489e-5,4.833561084376243,chr3,44553026,ZNF852,3,44511534,ZNF852,1
1.47359304085723e-5,0.01741642449701006,1,-4.60058666168614,-0.0853708502504452,-0.04847050740501868,-0.12227119309587173,0.01855651388146144,92,chr6,25608840,cg23131680,-0.0853708502504452,1.47359304085723e-5,4.831622438127439,chr6,25609068,LRRC16A;LRRC16A,6,25608840,LRRC16A,1
1.4770418344603817e-5,0.01741642449701006,1,-4.599976855147322,-0.06152069055481534,-0.03492571683106879,-0.08811566427856189,0.013374130455890098,92,chr7,16963188,cg08159047,-0.06152069055481534,1.4770418344603817e-5,4.830607203931111,chr7,17002812,,7,16963188,NA,1
1.4773140785774234e-5,0.01741642449701006,1,-4.599928776521669,-0.10241100373955253,-0.05813896458868058,-0.1466830428904245,0.022263606398052256,92,chr17,3752481,cg22668931,-0.10241100373955253,1.4773140785774234e-5,4.83052716339329,chr17,3655775,ITGAE,17,3752481,ITGAE,1
1.4817547521314076e-5,0.017437097494947575,1,-4.599145759976469,-0.06927783205953131,-0.03932408726627683,-0.09923157685278579,0.015063195574798604,92,chr1,198624512,cg04579668,-0.06927783205953131,1.4817547521314076e-5,4.829223671262126,chr1,198593642,,1,198624512,NA,1
1.4852243145914194e-5,0.017437097494947575,1,-4.598535560831521,-0.03771556072358929,-0.021406271666904175,-0.0540248497802744,0.008201645985916753,92,chr8,65789984,cg16230982,-0.03771556072358929,1.4852243145914194e-5,4.828207949557347,chr8,66702219,PDE7A;PDE7A,8,65789984,PDE7A,1
1.4857462012733613e-5,0.017437097494947575,1,-4.598443895239573,-0.051467503216082365,-0.029211036562042464,-0.07372396987012227,0.011192373852677174,92,chr8,122718465,cg07862235,-0.051467503216082365,1.4857462012733613e-5,4.828055371463915,chr8,123730704,,8,122718465,NA,1
1.4871389354854658e-5,0.017437097494947575,1,-4.598199424490184,-0.04128157043449675,-0.023428931644586377,-0.05913420922440712,0.008977768605387045,92,chr3,124809487,cg15824017,-0.04128157043449675,1.4871389354854658e-5,4.8276484557577914,chr3,124528334,ITGB5,3,124809487,ITGB5,1
1.489480476778606e-5,0.01743917399905834,1,-4.597788907147977,-0.04613024330900606,-0.026178964967445494,-0.06608152165056662,0.010033136414177135,92,chr12,110690224,cg27288127,-0.04613024330900606,1.489480476778606e-5,4.826965184884579,chr12,111128029,HVCN1;HVCN1,12,110690224,HVCN1,1
1.4913521678251176e-5,0.01743917399905834,1,-4.597461213714784,-0.09687570139637584,-0.05497408310251608,-0.1387773196902356,0.021071564694745852,92,chr5,79782956,cg15434896,-0.09687570139637584,1.4913521678251176e-5,4.826419790159632,chr5,79782956,FAM151B,5,79782956,FAM151B,1
1.4998750031708413e-5,0.017499586137543734,1,-4.5959740740504245,-0.03664530762321896,-0.02078999490877395,-0.052500620337663964,0.007973349508241134,92,chr14,100218096,cg01070907,-0.03664530762321896,1.4998750031708413e-5,4.823944932741066,chr14,100684433,,14,100218096,NA,1
1.5029591998640865e-5,0.017499586137543734,1,-4.59543793594569,-0.1125231594324211,-0.06383212253318471,-0.16121419633165748,0.024485840305286395,92,chr19,40331377,cg21664942,-0.1125231594324211,1.5029591998640865e-5,4.823052808843826,chr19,40837284,C19orf47;C19orf47;C19orf47,19,40331377,C19orf47,1
1.5091837592854448e-5,0.017499586137543734,1,-4.594359139932317,-0.03265970813386529,-0.0185238763362873,-0.04679553993144328,0.007108653707543294,92,chr5,77955963,cg27587032,-0.03265970813386529,1.5091837592854448e-5,4.821257877000504,chr5,77955963,,5,77955963,NA,1
1.5093196839059823e-5,0.017499586137543734,1,-4.594335630651074,-0.17750170304588356,-0.10067471344047985,-0.25432869265128727,0.03863490117301887,92,chr2,8608768,cg01201959,-0.17750170304588356,1.5093196839059823e-5,4.821218764033562,chr2,8748898,,2,8608768,NA,1
1.5101835741130958e-5,0.017499586137543734,1,-4.594186261735665,-0.07632156016761929,-0.04328668642581761,-0.10935643390942097,0.016612639501208493,92,chr16,2208456,cg07552087,-0.07632156016761929,1.5101835741130958e-5,4.820970257754153,chr16,2258457,MLST8,16,2208456,MLST8,1
1.512810537390789e-5,0.017499586137543734,1,-4.593732561637702,-0.06588228546696574,-0.037363110401381794,-0.09440146053254969,0.014341776449319067,92,chr12,121871743,cg16997999,-0.06588228546696574,1.512810537390789e-5,4.820215459100394,chr12,122309649,HPD,12,121871743,HPD,1
1.5128608104814789e-5,0.017499586137543734,1,-4.593723886481208,-0.10041428531079673,-0.056946789159616096,-0.14388178146197736,0.02185901629967448,92,chr2,64939468,cg01900115,-0.10041428531079673,1.5128608104814789e-5,4.820201027046568,chr2,65166602,,2,64939468,NA,1
1.5137253528786414e-5,0.017499586137543734,1,-4.593574744245473,-0.028276756102273995,-0.016035871353866242,-0.04051764085068175,0.006155719167887112,92,chr1,25541146,cg08540745,-0.028276756102273995,1.5137253528786414e-5,4.819952915159177,chr1,25867637,,1,25541146,NA,1
1.515498171988492e-5,0.017499586137543734,1,4.593269173501867,0.08596121987599609,0.12317593370990162,0.04874650604209055,0.01871460535600617,92,chr6,32883945,cg22587211,0.08596121987599609,1.515498171988492e-5,4.819444583147094,chr6,32851722,,6,32883945,NA,1
1.5167690426013315e-5,0.017499586137543734,1,4.593050334125867,0.15823512640336068,0.22674224538636334,0.08972800742035801,0.03445098897081332,92,chr3,46406643,cg23350385,0.15823512640336068,1.5167690426013315e-5,4.819080543906733,chr3,46448134,CCRL2;CCRL2,3,46406643,CCRL2,1
1.5224926039898482e-5,0.017542200382973803,1,4.592066957105363,0.04417111786018623,0.06329888115754788,0.02504335456282458,0.00961900561833919,92,chr6,29964844,cg26647265,0.04417111786018623,1.5224926039898482e-5,4.817444808418699,chr6,29932621,,6,29964844,NA,1
1.526634343569036e-5,0.01756649961736178,1,4.59135759059478,0.10789996287520198,0.15463194342461647,0.06116798232578748,0.023500666359821527,92,chr12,111067334,cg20227944,0.10789996287520198,1.526634343569036e-5,4.81626497184126,chr12,111505138,CUX2,12,111067334,CUX2,1
1.5303991821732212e-5,0.017586403112677573,1,-4.590714395148755,-0.11433621510080189,-0.06480972541063483,-0.16386270479096893,0.0249059743776757,92,chr18,57628686,cg16144395,-0.11433621510080189,1.5303991821732212e-5,4.815195275062408,chr18,57628686,,18,57628686,NA,1
1.5444222868141852e-5,0.017646654563516613,1,-4.5883320827149054,-0.0800996054769885,-0.04538521495357098,-0.11481399600040601,0.017457238062331737,92,chr3,128495617,cg18181035,-0.0800996054769885,1.5444222868141852e-5,4.811233939908269,chr3,128214460,GATA2-AS1,3,128495617,GATA2-AS1,1
1.5446371412317023e-5,0.017646654563516613,1,-4.588295745692933,-0.14878318222157746,-0.08430148641572147,-0.21326487802743346,0.032426676584926185,92,chr7,3901420,cg13141343,-0.14878318222157746,1.5446371412317023e-5,4.811173526639918,chr7,3901420,SDK1,7,3901420,SDK1,1
1.5454159225397554e-5,0.017646654563516613,1,-4.588164076231837,-0.06800062999595873,-0.038528738712224606,-0.09747252127969284,0.014820880174757443,92,chr2,86157952,cg17218818,-0.06800062999595873,1.5454159225397554e-5,4.810954617498308,chr2,86157952,,2,86157952,NA,1
1.549281997918522e-5,0.017646654563516613,1,4.587511385911556,0.12874194371731465,0.18454743258480993,0.07293645484981937,0.028063569305285363,92,chr8,127404905,cg19052008,0.12874194371731465,1.549281997918522e-5,4.8098695254342525,chr8,128417150,CASC8,8,127404905,CASC8,1
1.549557121415786e-5,0.017646654563516613,1,-4.587464998422879,-0.09474017652443663,-0.05367294408300463,-0.13580740896586863,0.020651967166399585,92,chr10,132326274,cg02555952,-0.09474017652443663,1.549557121415786e-5,4.809792409706448,chr10,134139778,,10,132326274,NA,1
1.5496908277606855e-5,0.017646654563516613,1,-4.587442457608197,-0.04563729972541091,-0.025854701955189924,-0.0654198974956319,0.0099483100108911909,92,chr1,92852007,cg19528703,-0.04563729972541091,1.5496908277606855e-5,4.809754937436547,chr1,93317564,FAM69A;FAM69A;FAM69A;FAM69A;FAM69A,1,92852007,FAM69A,1
1.5507004282471204e-5,0.017646654563516613,1,-4.587272315523362,-0.05033428915637395,-0.028514857801687613,-0.0721537205110603,0.010972596718542818,92,chr14,63478850,cg09696599,-0.05033428915637395,1.5507004282471204e-5,4.8094720931762724,chr14,63945568,PPP2R5E;PPP2R5E;PPP2R5E;PPP2R5E;PPP2R5E;PPP2R5E,14,63478850,PPP2R5E,1
1.5519789884502524e-5,0.017646654563516613,1,-4.587057001389958,-0.06455672493708144,-0.036570690557585536,-0.09254275931657734,0.014073669657368466,92,chr9,14927118,cg05385357,-0.06455672493708144,1.5519789884502524e-5,4.809114162756878,chr9,14927116,,9,14927118,NA,1
1.5602372399480116e-5,0.017717242199415954,1,-4.585670413858912,-0.07653236866727091,-0.04334473192239464,-0.10972000541214719,0.016689461247797733,92,chr2,234423079,cg15408905,-0.07653236866727091,1.5602372399480116e-5,4.806809360513032,chr2,235331723,,2,234423079,NA,1
1.5645847677490626e-5,0.01773481065054056,1,-4.584943307929307,-0.08255546870169529,-0.04675028652319406,-0.11836065088019652,0.018005777423446428,92,chr1,23420184,cg27183435,-0.08255546870169529,1.5645847677490626e-5,4.80560090220883,chr1,23746677,TCEA3,1,23420184,TCEA3,1
1.5658889323131167e-5,0.01773481065054056,1,4.5847255739988455,0.04594832623107923,0.06587754896179498,0.026019103500363478,0.010022045047071947,92,chr2,111071924,cg10365509,0.04594832623107923,1.5658889323131167e-5,4.805239045467201,chr2,111829501,ACOXL,2,111071924,ACOXL,1
1.5712890720624426e-5,0.017772677934566807,1,-4.583825873973869,-0.0481844081018021,-0.027281224884308692,-0.06908759131929551,0.010511832130313765,92,chr5,43081709,cg26425190,-0.0481844081018021,1.5712890720624426e-5,4.803743909897783,chr5,43081709,LOC100506639,5,43081709,LOC100506639,1
1.5792902371430342e-5,0.01783982767330232,1,-4.582498325235605,-0.08161727057571422,-0.046200108194669846,-0.11703443295675858,0.017810649297186145,92,chr7,6032403,cg13318355,-0.08161727057571422,1.5792902371430342e-5,4.801538049341573,chr7,6072034,ANKRD61;EIF2AK1;EIF2AK1,7,6032403,ANKRD61,1
1.5833881594509897e-5,0.017845131410853098,1,-4.58182092487462,-0.06319814924907313,-0.035769762828053706,-0.09062653567009256,0.013793238602139938,92,chr6,13445849,cg21609507,-0.06319814924907313,1.5833881594509897e-5,4.800412607030717,chr6,13446081,GFOD1;GFOD1,6,13445849,GFOD1,1
1.583889847170906e-5,0.017845131410853098,1,-4.581738111085334,-0.10955273636108906,-0.062005313942746956,-0.15710015877943118,0.02391073730207987,92,chr16,56356112,cg13090941,-0.10955273636108906,1.583889847170906e-5,4.800275025037747,chr16,56390024,GNAO1,16,56356112,GNAO1,1
1.5868999867021296e-5,0.017855765589955972,1,4.581241759914236,0.13847196153539743,0.19857724419462555,0.0783666788761693,0.03022585770238629,92,chr18,5463619,cg07120858,0.13847196153539743,1.5868999867021296e-5,4.799450443498517,chr18,5463618,EPB41L3;EPB41L3;EPB41L3;EPB41L3,18,5463619,EPB41L3,1
1.596877753606107e-5,0.017937541541463497,1,-4.579603001923614,-0.05334499005953321,-0.030181722828931945,-0.07650825729013447,0.011648387433829135,92,chr4,9937674,cg04077085,-0.05334499005953321,1.596877753606107e-5,4.796728329300712,chr4,9937674,SLC2A9;SLC2A9,4,9937674,SLC2A9,1
1.598319159930995e-5,0.017937541541463497,1,-4.579367085487313,-0.08393016535227672,-0.047484437250484415,-0.12037589345406903,0.01832789636329085,92,chr22,46876526,cg04305653,-0.08393016535227672,1.598319159930995e-5,4.796336494385692,chr22,47272422,TBC1D22A,22,46876526,TBC1D22A,1
1.6008799310253612e-5,0.017942977874908273,1,4.578948470060807,0.1403071301932274,0.20123948973390998,0.07937477065254483,0.030641779681649085,92,chr3,45133929,cg09220326,0.1403071301932274,1.6008799310253612e-5,4.795641239753768,chr3,45175421,CDCP1;CDCP1,3,45133929,CDCP1,1
1.609398604565187e-5,0.018015090970624554,1,4.577560561535933,0.07627151041445342,0.10940462470125903,0.043138396127647805,0.01666204289143509,92,chr2,239250016,cg14414903,0.07627151041445342,1.609398604565187e-5,4.793336379565484,chr2,240171712,HDAC4,2,239250016,HDAC4,1
1.612406576041414e-5,0.018025080772952052,1,-4.577072188364578,-0.09298489144532525,-0.05258700568216176,-0.13338277720848873,0.020315364848669654,92,chr3,14175444,cg01865132,-0.09298489144532525,1.612406576041414e-5,4.792525439288104,chr3,14216944,XPC;XPC,3,14175444,XPC,1
1.6144627933818227e-5,0.018025080772952052,1,-4.57673884994613,-0.08868788646624519,-0.050154055891524676,-0.1272217170409657,0.019377965266095327,92,chr10,84337033,cg04546473,-0.08868788646624519,1.6144627933818227e-5,4.791971959203746,chr10,86096789,CCSER2;CCSER2;CCSER2,10,84337033,CCSER2,1
1.6297353449475813e-5,0.01817211687493087,1,-4.57427579145038,-0.0986474729420697,-0.05576324168289677,-0.14153170420124261,0.02156570295268341,92,chr4,151687259,cg25975995,-0.0986474729420697,1.6297353449475813e-5,4.7878829155720295,chr4,152608411,GATB,4,151687259,GATB,1
1.632403993221381e-5,0.018178417210699006,1,-4.57384770821565,-0.11198035412123337,-0.06329546930719895,-0.1606652389352678,0.024482746533097656,92,chr21,32757890,cg07778428,-0.11198035412123337,1.632403993221381e-5,4.787172351517065,chr21,34130201,PAXBP1;PAXBP1;PAXBP1,21,32757890,PAXBP1,1
1.639497592289278e-5,0.018192614505068688,1,-4.572713101579542,-0.1309787242759706,-0.07401992670539195,-0.18793752184654924,0.02864354735719739,92,chr10,100517373,cg21867373,-0.1309787242759706,1.639497592289278e-5,4.785289216784338,chr10,102277130,SEC31B,10,100517373,SEC31B,1
1.640712876915904e-5,0.018192614505068688,1,-4.572519197181334,-0.015448472748835167,-0.008730101108603863,-0.02216684438906647,0.0033785473789499157,92,chr5,95788436,cg06875163,-0.015448472748835167,1.640712876915904e-5,4.78496741339008,chr5,95124140,RHOBTB3,5,95788436,RHOBTB3,1
1.6408616881595745e-5,0.018192614505068688,1,-4.572495463219383,-0.12297415199858874,-0.06949376224766765,-0.17645454174950984,0.02689431908413653,92,chr3,66439056,cg09012511,-0.12297415199858874,1.6408616881595745e-5,4.784928025041143,chr3,66489480,LRIG1,3,66439056,LRIG1,1
1.6420999215362086e-5,0.018192614505068688,1,-4.5722980578286645,-0.09047363387363852,-0.05112573820312272,-0.12982152954415432,0.019787343854088875,92,chr17,78853970,cg16347361,-0.09047363387363852,1.6420999215362086e-5,4.784600419657826,chr17,76850052,TIMP2,17,78853970,TIMP2,1
1.660392351497048e-5,0.01835970572017687,1,-4.569398488063199,-0.02783720647495138,-0.0157228422315821,-0.03995157071832066,0.006092094298116369,92,chr1,182338016,cg03016142,-0.02783720647495138,1.660392351497048e-5,4.779789275841746,chr1,182307151,,1,182338016,NA,1
1.6614310761507595e-5,0.01835970572017687,1,4.569234768761025,0.08879926904357274,0.12744485783722775,0.05015368024991774,0.01943416644963751,92,chr14,25046267,cg16798878,0.08879926904357274,1.6614310761507595e-5,4.7795176705563645,chr14,25046267,CTSG,14,25046267,CTSG,1
1.665581389466314e-5,0.01838206243767681,1,-4.568581603540732,-0.1124849932762609,-0.06352433926017867,-0.16144564729234312,0.024621425868607237,92,chr1,60973438,cg15738268,-0.1124849932762609,1.665581389466314e-5,4.778434140437549,chr1,61439110,,1,60973438,NA,1
1.667799587221512e-5,0.018383065674702093,1,4.568233156519993,0.10332070445903284,0.14829590488725108,0.058345504030814586,0.022617213465028325,92,chr5,54671504,cg23788468,0.10332070445903284,1.667799587221512e-5,4.777856137986712,chr5,53967333,LOC102467080;LOC102467080,5,54671504,LOC102467080,1
1.6701517309564077e-5,0.018385540874005627,1,-4.567864159182444,-0.07896156382272665,-0.04458704947207292,-0.11333607817338037,0.01728632049269591,92,chr8,123760949,cg21761971,-0.07896156382272665,1.6701517309564077e-5,4.7772440720118565,chr8,124773189,,8,123760949,NA,1
1.6745012761274316e-5,0.01840996980620957,1,-4.5671831412384485,-0.09734501306132474,-0.05496127165217564,-0.13972875447047384,0.021314015674643697,92,chr16,72985274,cg10298741,-0.09734501306132474,1.6745012761274316e-5,4.776114517150755,chr16,73019173,ZFHX3;ZFHX3,16,72985274,ZFHX3,1
1.6794957561960563e-5,0.018441418255506156,1,-4.566403257311118,-0.04932358981767531,-0.02784457158620277,-0.07080260804914786,0.010801409126253783,92,chr10,69358201,cg19744478,-0.04932358981767531,1.6794957561960563e-5,4.774821089210208,chr10,71117957,HK1;HK1;HK1;HK1;HK1,10,69358201,HK1,1
1.688453088217032e-5,0.01850740757483085,1,-4.565010194915797,-0.10097437059577531,-0.05698949039805001,-0.1449592507935006,0.02211919936306688,92,chr15,65805621,cg03382306,-0.10097437059577531,1.688453088217032e-5,4.772511001247998,chr15,66097959,,15,65805621,NA,1
1.6897889001635756e-5,0.01850740757483085,1,-4.564803061119038,-0.09144847875240986,-0.05161131138245929,-0.13128564612236043,0.020033389727440228,92,chr8,103603330,cg17245251,-0.09144847875240986,1.6897889001635756e-5,4.772167546996068,chr8,103603330,,8,103603330,NA,1
1.6965696912202383e-5,0.01851337486400294,1,-4.563754060372555,-0.13306720347931567,-0.07508658976376334,-0.191047817194868,0.029157400183929483,92,chr18,79943051,cg06592918,-0.13306720347931567,1.6965696912202383e-5,4.77042829582391,chr18,77703051,PQLC1;PQLC1;PQLC1,18,79943051,PQLC1,1
1.6976582179870865e-5,0.01851337486400294,1,-4.563586042152667,-0.09964633736454269,-0.05622640850938749,-0.1430662662196979,0.021835095568295455,92,chr15,81330885,cg25466522,-0.09964633736454269,1.6976582179870865e-5,4.77014973987711,chr15,81623226,TMC3-AS1,15,81330885,TMC3-AS1,1
1.6978954818404347e-5,0.01851337486400294,1,-4.563549433449078,-0.09962569711613328,-0.05621441380815833,-0.14303698042410823,0.021830747879252696,92,chr16,85674433,cg04120520,-0.09962569711613328,1.6978954818404347e-5,4.770089047341199,chr16,85708039,KIAA0182;KIAA0182,16,85674433,KIAA0182,1
1.6989032331296267e-5,0.01851337486400294,1,-4.563393997402518,-0.08631788853198254,-0.04870411963174492,-0.12393165743222015,0.018915282919054248,92,chr14,96565623,cg16071782,-0.08631788853198254,1.6989032331296267e-5,4.769831357160772,chr14,97031960,PAPOLA,14,96565623,PAPOLA,1
1.709748216059639e-5,0.01853428666464571,1,-4.561726897802333,-0.02136835237241845,-0.012053504513646724,-0.03068320023119018,0.004684268228050415,92,chr9,137719460,cg13922757,-0.02136835237241845,1.709748216059639e-5,4.767067840734783,chr9,140613912,EHMT1;EHMT1,9,137719460,EHMT1,1
1.7117680936491586e-5,0.01853428666464571,1,-4.56141753379445,-0.08647357534042198,-0.04877563710908832,-0.12417151357175564,0.01895761015073932,92,chr3,197512827,cg01679475,-0.08647357534042198,1.7117680936491586e-5,4.766555072877639,chr3,197239698,BDH1;BDH1;BDH1,3,197512827,BDH1,1
1.712454523601248e-5,0.01853428666464571,1,-4.561312480924958,-0.08336111158384328,-0.047019207137541215,-0.11970301603014535,0.018275685327951714,92,chr15,38846707,cg17164630,-0.08336111158384328,1.712454523601248e-5,4.766380952922415,chr15,38846707,RASGRP1;RASGRP1;RASGRP1,15,38846707,RASGRP1,1
1.712804059382945e-5,0.01853428666464571,1,-4.561259002829756,-0.09190148785412366,-0.05183587230878403,-0.1319671033994633,0.020148272175973557,92,chr11,10800382,cg14237001,-0.09190148785412366,1.712804059382945e-5,4.766292316425012,chr11,10821929,EIF4G2;EIF4G2;EIF4G2,11,10800382,EIF4G2,1
1.7195667199307735e-5,0.01853428666464571,1,-4.560226410684838,-0.048140438624866506,-0.027148253487433133,-0.06913262376229988,0.010556589583374866,92,chr10,99661385,cg13859771,-0.048140438624866506,1.7195667199307735e-5,4.764580968701742,chr10,101421142,ENTPD7,10,99661385,ENTPD7,1
1.72071305151594e-5,0.01853428666464571,1,-4.560051767505567,-0.04897535872011394,-0.027618279277507384,-0.07033243816272049,0.010740088318537745,92,chr12,110098725,cg22259880,-0.04897535872011394,1.72071305151594e-5,4.7642915471817675,chr12,110536530,,12,110098725,NA,1
1.7211168851845996e-5,0.01853428666464571,1,4.559990270473992,0.03279798020505243,0.04710065268733812,0.018495307722766745,0.00719255486517589,92,chr19,45678072,cg18735402,0.03279798020505243,1.7211168851845996e-5,4.764189634688742,chr19,46181330,GIPR,19,45678072,GIPR,1
1.724606450247029e-5,0.01853428666464571,1,-4.559459450903119,-0.1007515529162126,-0.05681030348937755,-0.14469280234304766,0.022097258238859028,92,chr15,101920222,cg26197665,-0.1007515529162126,1.724606450247029e-5,4.763309993915859,chr15,101920222,PCSK6;PCSK6;PCSK6;PCSK6;PCSK6;PCSK6,15,101920222,PCSK6,1
1.724642317835621e-5,0.01853428666464571,1,-4.559454000269534,-0.07104796010157219,-0.04006144150339904,-0.10203447869974533,0.015582558810193535,92,chr5,68428251,cg08846360,-0.07104796010157219,1.724642317835621e-5,4.763300961748653,chr5,67724078,,5,68428251,NA,1
1.725035250866535e-5,0.01853428666464571,1,-4.559394295229361,-0.02574308186378179,-0.014515469846536618,-0.03697069388102696,0.005646162669176823,92,chr12,26282767,cg09983640,-0.02574308186378179,1.725035250866535e-5,4.763202025749898,chr12,26435700,,12,26282767,NA,1
1.7257807792332944e-5,0.01853428666464571,1,4.559281050586013,0.12659277870797628,0.1818064440542096,0.07137911336174296,0.02776595197870179,92,chr13,28621112,cg16463452,0.12659277870797628,1.7257807792332944e-5,4.763014372245336,chr13,29195249,,13,28621112,NA,1
1.7286378333028195e-5,0.01853428666464571,1,-4.55884750716579,-0.05291993134287804,-0.029836614267146126,-0.07600324841860996,0.011608181949428281,92,chr5,14662089,cg21481321,-0.05291993134287804,1.7286378333028195e-5,4.762295986178682,chr5,14662198,,5,14662089,NA,1
1.72870456258904e-5,0.01853428666464571,1,-4.558837389642356,-0.05952055045501087,-0.03355803022858311,-0.08548307068143862,0.013056081050454027,92,chr5,136143447,cg07033790,-0.05952055045501087,1.72870456258904e-5,4.762279221764012,chr5,135479136,SMAD5;SMAD5;SMAD5,5,136143447,SMAD5,1
1.7354146619415116e-5,0.018583172874176965,1,-4.557821930352639,-0.06553096253990918,-0.03694036686856192,-0.09412155821125645,0.014377692578007114,92,chr3,87268925,cg05678953,-0.06553096253990918,1.7354146619415116e-5,4.760596737659023,chr3,87318075,POU1F1;POU1F1,3,87268925,POU1F1,1
1.7462985265984874e-5,0.01866590400309988,1,-4.5561829112633205,-0.0628248421287618,-0.035405043213736026,-0.09024464104378757,0.013788920100958365,92,chr1,33149791,cg02452102,-0.0628248421287618,1.7462985265984874e-5,4.757881512421854,chr1,33615392,TRIM62,1,33149791,TRIM62,1
1.749598823338635e-5,0.01866590400309988,1,4.555687871054756,0.12321391407577997,0.1769962676019482,0.06943156054961176,0.02704617119593245,92,chr8,61661300,cg09880969,0.12321391407577997,1.749598823338635e-5,4.7570615220473,chr8,62573859,ASPH;ASPH;ASPH;ASPH;ASPH;ASPH;ASPH;ASPH;ASPH,8,61661300,ASPH,1
1.7513225894003976e-5,0.01866590400309988,1,-4.555429668258552,-0.10472837633591273,-0.05901229097212817,-0.15044446169969727,0.022989791076271464,92,chr15,39530953,cg01284182,-0.10472837633591273,1.7513225894003976e-5,4.756633850551168,chr15,39823154,,15,39530953,NA,1
1.7517807222009557e-5,0.01866590400309988,1,-4.5553610860300795,-0.030119237824363272,-0.016971374506275373,-0.04326710114245117,0.006611822258553752,92,chr1,172441905,cg16177739,-0.030119237824363272,1.7517807222009557e-5,4.756520257242209,chr1,172411045,PIGC;C1orf105;PIGC,1,172441905,PIGC,1
1.756278455082019e-5,0.018670793407077425,1,-4.554688699899587,-0.12371790208574047,-0.06970371331843918,-0.17773209085304176,0.027162756938463872,92,chr2,85398015,cg14947564,-0.12371790208574047,1.756278455082019e-5,4.7554066262896395,chr2,85625138,CAPG;CAPG;CAPG;CAPG;CAPG;CAPG,2,85398015,CAPG,1
1.7565607717107576e-5,0.018670793407077425,1,-4.554646550839339,-0.07954779361960046,-0.04481757891143036,-0.11427800832777056,0.017465195758151916,92,chr14,75871549,cg24829718,-0.07954779361960046,1.7565607717107576e-5,4.755336820331348,chr14,76337892,TTLL5,14,75871549,TTLL5,1
1.769813828258051e-5,0.018788552325759846,1,4.552675263388093,0.06967825763121778,0.10011264884586886,0.0392438664165667,0.01530490395209153,92,chr17,38883875,cg26305294,0.06967825763121778,1.769813828258051e-5,4.752072415905235,chr17,37040128,LASP1;LASP1;LASP1,17,38883875,LASP1,1
1.7726520234618584e-5,0.01879559253225291,1,-4.552254965593868,-0.05164658962108466,-0.029086070887460878,-0.07420710835470845,0.01134527613488957,92,chr17,81433874,cg25554340,-0.05164658962108466,1.7726520234618584e-5,4.751376509250992,chr17,79400900,BAHCC1,17,81433874,BAHCC1,1
1.7769050885561026e-5,0.01880665575577902,1,-4.55162636486956,-0.09476365815056183,-0.053362811415885836,-0.13616450488523782,0.02081973575027342,92,chr17,78627336,cg08481694,-0.09476365815056183,1.7769050885561026e-5,4.75033576894044,chr17,76623418,LOC101928710;LOC101928710,17,78627336,LOC101928710,1
1.7780480462316192e-5,0.01880665575577902,1,-4.551457685042774,-0.10882273583620453,-0.0612779231231046,-0.15636754854930446,0.023909424928594457,92,chr8,22639548,cg15942979,-0.10882273583620453,1.7780480462316192e-5,4.750056507746376,chr8,22497061,BIN3,8,22639548,BIN3,1
1.785980468821086e-5,0.018834692143029696,1,-4.550289892012017,-0.056403448686787275,-0.031754374972865304,-0.08105252240070925,0.012395572595452192,92,chr10,98461052,cg16745930,-0.056403448686787275,1.785980468821086e-5,4.7481232947921574,chr10,100220809,HPSE2;HPSE2;HPSE2;HPSE2,10,98461052,HPSE2,1
1.7889140548403808e-5,0.018834692143029696,1,4.549859289648428,0.10984964036586681,0.15785996959260576,0.061839311139127856,0.024143524749389557,92,chr17,76483682,cg20501911,0.10984964036586681,1.7889140548403808e-5,4.747410523829035,chr17,74479764,RHBDF2;RHBDF2,17,76483682,RHBDF2,1
1.789862966829793e-5,0.018834692143029696,1,-4.549720151453885,-0.11267361827247975,-0.06342754953649425,-0.16191968700846526,0.024764955760295356,92,chr20,19214005,cg22254413,-0.11267361827247975,1.789862966829793e-5,4.747180217638973,chr20,19194649,SLC24A3,20,19214005,SLC24A3,1
1.7907717739055323e-5,0.018834692143029696,1,-4.549586960845126,-0.1074213028695665,-0.06046948029902345,-0.15437312544010956,0.02361122092929773,92,chr3,15025106,cg16499536,-0.1074213028695665,1.7907717739055323e-5,4.7469597595720865,chr3,15066613,NR2C2;NR2C2,3,15025106,NR2C2,1
1.791596494779901e-5,0.018834692143029696,1,-4.549466150235346,-0.07456458836426505,-0.04197294968000337,-0.10715622704852673,0.01638974462100521,92,chr7,39263002,cg16811525,-0.07456458836426505,1.791596494779901e-5,4.746759795914354,chr7,39302601,POU6F2;POU6F2,7,39263002,POU6F2,1
1.795161265652208e-5,0.018849236914166304,1,-4.548944578313799,-0.06903648934238456,-0.038857682653098774,-0.09921529603167034,0.015176375124793228,92,chr22,32464453,cg11495812,-0.06903648934238456,1.795161265652208e-5,4.745896531131927,chr22,32860440,,22,32464453,NA,1
1.804971331941592e-5,0.018929242553883383,1,4.547514406657897,0.1649568877832402,0.23708928757321923,0.09282448799326116,0.03627407700825117,92,chr6,11356867,cg07535350,0.1649568877832402,1.804971331941592e-5,4.743529691530316,chr6,11357100,NEDD9;NEDD9,6,11356867,NEDD9,1
1.818254355445789e-5,0.01902829478389129,1,-4.545589889928896,-0.11538814658416696,-0.0649098190174087,-0.16586647415092523,0.025384636401057273,92,chr19,3521012,cg15197144,-0.11538814658416696,1.818254355445789e-5,4.740345363446446,chr19,3521010,FZR1,19,3521012,FZR1,1
1.819812814242492e-5,0.01902829478389129,1,-4.545364986008108,-0.09646056092702966,-0.05426031019480241,-0.13866081165925692,0.021221741537579924,92,chr7,100156004,cg14401395,-0.09646056092702966,1.819812814242492e-5,4.739973281203039,chr7,99753627,C7orf43;C7orf43,7,100156004,C7orf43,1
1.821022202839095e-5,0.01902829478389129,1,-4.545190585660556,-0.0729294511781638,-0.04102253309753866,-0.10483636925878893,0.016045411034742097,92,chr6,31867757,cg14562426,-0.0729294511781638,1.821022202839095e-5,4.739684759031155,chr6,31867757,ZBTB12,6,31867757,ZBTB12,1
1.8250830931220464e-5,0.019029952890968,1,-4.544605803869775,-0.10938843659395152,-0.06152441266138962,-0.15725246052651343,0.024069950467608483,92,chr12,122341672,cg04236871,-0.10938843659395152,1.8250830931220464e-5,4.738717358022363,chr12,122826219,CLIP1;CLIP1;CLIP1,12,122341672,CLIP1,1
1.8264898839802738e-5,0.019029952890968,1,4.5444035154394715,0.09818577329746606,0.14114987027688908,0.05522167631804305,0.02160586597644397,92,chr5,175015186,cg10932934,0.09818577329746606,1.8264898839802738e-5,4.7383827287867,chr5,174442189,,5,175015186,NA,1
1.8292505248391543e-5,0.019029952890968,1,-4.544006989844485,-0.08891668439082584,-0.05000515689703814,-0.12782821188461355,0.019567902203836387,92,chr7,99433008,cg15680717,-0.08891668439082584,1.8292505248391543e-5,4.737726811689012,chr7,99433008,CYP3A43;CYP3A43;CYP3A43;CYP3A43;CYP3A43;CYP3A43,7,99433008,CYP3A43,1
1.8302720331481988e-5,0.019029952890968,1,-4.543860412188144,-0.09225327051591516,-0.0518802910785702,-0.1326262499532601,0.02030283990865151,92,chr3,150733852,cg13969271,-0.09225327051591516,1.8302720331481988e-5,4.737484356326965,chr3,150451639,,3,150733852,NA,1
1.832376480304969e-5,0.019029952890968,1,-4.5435586919572,-0.10526496142898836,-0.0591945910636086,-0.15133533179436812,0.02316795458487718,92,chr15,39801842,cg14329961,-0.10526496142898836,1.832376480304969e-5,4.736985291300736,chr15,40094043,GPR176;GPR176;GPR176,15,39801842,GPR176,1
1.8343938055083298e-5,0.019029952890968,1,-4.543269777837891,-0.07761308617164557,-0.04364270363398769,-0.11158346870930345,0.01708308992572769,92,chr20,4783631,cg01613077,-0.07761308617164557,1.8343938055083298e-5,4.736507424827448,chr20,4764277,RASSF2;RASSF2,20,4783631,RASSF2,1
1.8422113664990432e-5,0.01908813713168922,1,-4.542153076746384,-0.16937586590801126,-0.09522371167466379,-0.24352802014135874,0.037289774925273515,92,chr7,149846076,cg07970948,-0.16937586590801126,1.8422113664990432e-5,4.734660542413917,chr7,149543165,ZNF862,7,149846076,ZNF862,1
1.8470208064900603e-5,0.01911505058646705,1,-4.54146835161379,-0.03583916678100491,-0.02014654084418477,-0.051531792717825056,0.00789153727522281,92,chr4,101275379,cg00499912,-0.03583916678100491,1.8470208064900603e-5,4.733528212251732,chr4,102196536,PPP3CA;PPP3CA;PPP3CA,4,101275379,PPP3CA,1
1.852289328997996e-5,0.019132615494869134,1,-4.540720247414607,-0.08159411927976078,-0.04586123083676939,-0.11732700772275216,0.017969422213627625,92,chr14,101957817,cg10627436,-0.08159411927976078,1.852289328997996e-5,4.732291175227978,chr14,102424154,,14,101957817,NA,1
1.855097905463201e-5,0.019132615494869134,1,-4.540322285922411,-0.08183863948375039,-0.04599552579038833,-0.11768175317711246,0.018024852495052358,92,chr3,178437083,cg05247870,-0.08183863948375039,1.855097905463201e-5,4.731633164927439,chr3,178154871,LINC01014,3,178437083,LINC01014,1
1.855360143204012e-5,0.019132615494869134,1,-4.540285157941432,-0.085307574905184,-0.0479448556611036,-0.12267029414926439,0.01878903459532099,92,chr4,139567579,cg26943037,-0.085307574905184,1.855360143204012e-5,4.731571777140553,chr4,140488733,,4,139567579,NA,1
1.8599255061500067e-5,0.019156833682843155,1,-4.539639601468869,-0.07879347849063272,-0.044278873436594465,-0.11330808354467096,0.017356769569359182,92,chr15,68190216,cg00618738,-0.07879347849063272,1.8599255061500067e-5,4.730504449822872,chr15,68482554,,15,68190216,NA,1
1.8629852059129776e-5,0.01916550466262037,1,-4.53920780960746,-0.028665115363306203,-0.01610748663762733,-0.041222744088985075,0.006315003975503183,92,chr4,1883872,cg22497764,-0.028665115363306203,1.8629852059129776e-5,4.729790593850869,chr4,1885599,WHSC1,4,1883872,WHSC1,1
1.8751207047781427e-5,0.019265722466892152,1,-4.537501963730107,-0.04436663615010333,-0.024923170084571844,-0.06381010221563481,0.009777766820762148,92,chr4,86357182,cg27338511,-0.04436663615010333,1.8751207047781427e-5,4.726970770745957,chr4,87278335,MAPK10;MAPK10;MAPK10,4,86357182,MAPK10,1
1.878567777946849e-5,0.019265722466892152,1,-4.537019371854776,-0.08617179381565455,-0.048403400471445784,-0.12394018715986332,0.018993040750546038,92,chr17,14725743,cg26564240,-0.08617179381565455,1.878567777946849e-5,4.7261731311530095,chr17,14629060,,17,14725743,NA,1
1.8813587473144066e-5,0.019265722466892152,1,-4.536629263283573,-0.08672219667605949,-0.04870929777391027,-0.12473509557820871,0.019115998165847633,92,chr12,113222636,cg19052193,-0.08672219667605949,1.8813587473144066e-5,4.725528383012336,chr12,113660441,TPCN1;TPCN1,12,113222636,TPCN1,1
1.8816446368297448e-5,0.019265722466892152,1,-4.5365893346720245,-0.12230909786697698,-0.06869693776183874,-0.17592125797211522,0.026960584007946,92,chr20,36876108,cg00414077,-0.12230909786697698,1.8816446368297448e-5,4.725462393042884,chr20,35504511,C20orf118,20,36876108,C20orf118,1
1.885567714040634e-5,0.01928304273637446,1,-4.536042013347946,-0.07544077849837223,-0.04236857714418778,-0.10851297985255669,0.016631410881199307,92,chr13,99860057,cg26705250,-0.07544077849837223,1.885567714040634e-5,4.7245578667024635,chr13,100512311,CLYBL;CLYBL;LOC101927437,13,99860057,CLYBL,1
1.8887205085479293e-5,0.019292453958660877,1,-4.535602956109852,-0.038691531087041105,-0.021728053217406892,-0.055655008956675314,0.008530625687797527,92,chr8,94853721,cg25161908,-0.038691531087041105,1.8887205085479293e-5,4.72383230389707,chr8,95865949,INTS8;INTS8;INTS8,8,94853721,INTS8,1
1.8961705942903232e-5,0.019345686084972506,1,-4.534568275735215,-0.029944990064240153,-0.016813251182407226,-0.043076728946073076,0.006603713571692777,92,chr6,35922420,cg08603125,-0.029944990064240153,1.8961705942903232e-5,4.722122592722606,chr6,35890197,SRPK1,6,35922420,SRPK1,1
1.898582297683735e-5,0.019347449171084843,1,-4.534234178483581,-0.09086201389982028,-0.051013473112516174,-0.1307105546871244,0.020039109212971428,92,chr16,53433700,cg09147843,-0.09086201389982028,1.898582297683735e-5,4.7215705727905695,chr16,53467612,RBL2,16,53433700,RBL2,1
1.9076171561873132e-5,0.019416621681432027,1,-4.532986211257392,-0.08160933159487119,-0.045808803474266434,-0.11740985971547593,0.01800343698204937,92,chr2,208489856,cg14963666,-0.08160933159487119,1.9076171561873132e-5,4.719508780385803,chr2,209354581,PTH2R;PTH2R,2,208489856,PTH2R,1
1.9109050622014755e-5,0.019427205074253287,1,-4.532533480653688,-0.0572696230702059,-0.0321439725726233,-0.0823952735677885,0.01263523442565865,92,chr19,12887621,cg11896104,-0.0572696230702059,1.9109050622014755e-5,4.718760889075927,chr19,12998435,KLF1,19,12887621,KLF1,1
1.915391155086018e-5,0.019433244404005023,1,-4.531916981245511,-0.039956353757412334,-0.022424093278119638,-0.05748861423670503,0.008816656157375391,92,chr6,25316301,cg21825059,-0.039956353757412334,1.915391155086018e-5,4.717742522401141,chr6,25316301,LRRC16A;LRRC16A,6,25316301,LRRC16A,1
1.9159967496704605e-5,0.019433244404005023,1,-4.531833864907203,-0.07332100865799188,-0.04114823817271788,-0.10549377914326588,0.016179103392505594,92,chr10,126146876,cg23744559,-0.07332100865799188,1.9159967496704605e-5,4.71760523200141,chr10,127835445,ADAM12;ADAM12;ADAM12;ADAM12;ADAM12,10,126146876,ADAM12,1
1.9209124282452993e-5,0.0194602616259441,1,-4.531160141031639,-0.08114945695492967,-0.045536321055265574,-0.11676259285459377,0.01790920082918408,92,chr11,118396396,cg16781287,-0.08114945695492967,1.9209124282452993e-5,4.7164924335749205,chr11,118267111,UBE4A,11,118396396,UBE4A,1
1.9349691336105283e-5,0.0195797124911921,1,-4.529242765020972,-0.05650063065208668,-0.031694346935504394,-0.08130691436866896,0.012474630657565352,92,chr14,92891083,cg11157850,-0.05650063065208668,1.9349691336105283e-5,4.7133259584019385,chr14,93357428,,14,92891083,NA,1
1.939190715193585e-5,0.019599479940537623,1,-4.528669564499062,-0.06744276192819186,-0.03782864926467003,-0.0970568745917137,0.014892400729981726,92,chr1,175130336,cg14206516,-0.06744276192819186,1.939190715193585e-5,4.712379476902136,chr1,175099472,TNN,1,175130336,TNN,1
1.9448768688517062e-5,0.01963398640154135,1,-4.527899415054517,-0.10655290205413501,-0.05975757118416152,-0.15334823292410849,0.023532524088292296,92,chr17,330156,cg19456763,-0.10655290205413501,1.9448768688517062e-5,4.711107888873486,chr17,179947,RPH3AL;RPH3AL;RPH3AL;RPH3AL;LOC100506388;LOC100506388,17,330156,RPH3AL,1
1.9480975497558212e-5,0.019643551853169107,1,-4.527464164070191,-0.03567831435752622,-0.020007797654819654,-0.05134883106023279,0.007880418941947274,92,chr1,172402097,cg13791888,-0.03567831435752622,1.9480975497558212e-5,4.7103892998907,chr1,172371237,DNM3;DNM3,1,172402097,DNM3,1
1.951584033323509e-5,0.019655772092827237,1,4.526993777271486,0.044906809320450713,0.06463268591979526,0.025180932721106157,0.009919785961693321,92,chr10,101973653,cg22139665,0.044906809320450713,1.951584033323509e-5,4.709612743679191,chr10,103733410,C10orf76,10,101973653,C10orf76,1
1.9550743164165163e-5,0.019668002103375617,1,-4.5265236929352675,-0.07074212212202012,-0.039664534747411676,-0.10181970949662857,0.015628355647940226,92,chr10,32959859,cg02134095,-0.07074212212202012,1.9550743164165163e-5,4.708836729523267,chr10,33248787,ITGB1,10,32959859,ITGB1,1
1.9595376485731707e-5,0.0196899811405791,1,-4.525923738414962,-0.06483960150596292,-0.03635126335659672,-0.09332793965532912,0.014326269122835598,92,chr1,242188607,cg04763288,-0.06483960150596292,1.9595376485731707e-5,4.7078463880110855,chr1,242351909,PLD5;PLD5;PLD5,1,242188607,PLD5,1
1.968800569362285e-5,0.01976008071562784,1,-4.524682845338885,-0.04344190995160896,-0.024349762561174385,-0.06253405734204354,0.009601095024010525,92,chr10,74026579,cg16081786,-0.04344190995160896,1.968800569362285e-5,4.7057982737105455,chr10,75786337,VCL;VCL,10,74026579,VCL,1
1.9793028296599325e-5,0.019842441982091532,1,4.523282752055249,0.1574075834713485,0.22660755656316806,0.08820761037952894,0.034799412749474276,92,chr2,118968277,cg20348647,0.1574075834713485,1.9793028296599325e-5,4.703487754460201,chr2,119725853,MARCO,2,118968277,MARCO,1
1.9951504772551464e-5,0.019973433357878694,1,-4.521183616395427,-0.026825265867362853,-0.015026790225880562,-0.03862374150884514,0.005933239643283864,92,chr6,42987279,cg24804436,-0.026825265867362853,1.9951504772551464e-5,4.70002434359776,chr6,42955017,PPP2R5D;PPP2R5D;PPP2R5D,6,42987279,PPP2R5D,1
1.9969920131188945e-5,0.019973433357878694,1,4.520940740367785,0.124350624342008,0.1790463219852954,0.06965492669872059,0.027505475405079496,92,chr9,137810159,cg07333061,0.124350624342008,1.9969920131188945e-5,4.699623672067369,chr9,137810159,FCN1,9,137810159,FCN1,1
1.9998769344499888e-5,0.01997916361455291,1,4.520560690581083,0.06290982474531329,0.09058307570177232,0.03523657378885426,0.013916376540722147,92,chr5,178405241,cg17009333,0.06290982474531329,1.9998769344499888e-5,4.698996728502874,chr5,177832242,COL23A1,5,178405241,COL23A1,1
2.004990928955845e-5,0.019998066175853986,1,-4.519888294019115,-0.09127711591905105,-0.05111947259852764,-0.13143475923957446,0.020194551276816363,92,chr9,97555512,cg05888040,-0.09127711591905105,2.004990928955845e-5,4.697887587888354,chr9,100317794,TMOD1;TMOD1,9,97555512,TMOD1,1
2.0087116490437098e-5,0.019998066175853986,1,-4.519400131183867,-0.026369633655350017,-0.01476698041879307,-0.037972286891906966,0.00583476410362506,92,chr20,19265634,cg18879772,-0.026369633655350017,2.0087116490437098e-5,4.697082401836658,chr20,19246278,LOC100130264;SLC24A3,20,19265634,LOC100130264,1
2.010954595020682e-5,0.019998066175853986,1,-4.519106277198031,-0.04317532284291717,-0.024176921881645656,-0.06217372380418868,0.009553951643218945,92,chr11,64358127,cg10730362,-0.04317532284291717,2.010954595020682e-5,4.6965977351489485,chr11,64125599,RPS6KA4;RPS6KA4;RPS6KA4,11,64358127,RPS6KA4,1
2.011025780975698e-5,0.019998066175853986,1,-4.51909695614832,-0.09180191345530886,-0.05140631144614319,-0.13219751546447453,0.020314216390159665,92,chr7,151804060,cg12736613,-0.09180191345530886,2.011025780975698e-5,4.696582361793256,chr7,151501146,PRKAG2;PRKAG2,7,151804060,PRKAG2,1
2.0156678312303995e-5,0.020001599217031363,1,-4.518489817853396,-0.10549192247528567,-0.05906606760848065,-0.1519177773420907,0.023346721300215704,92,chr11,57390159,cg12819873,-0.10549192247528567,2.0156678312303995e-5,4.6955810351975025,chr11,57157632,PRG2,11,57390159,PRG2,1
2.016010252598422e-5,0.020001599217031363,1,-4.518445085903978,-0.03197518172939239,-0.017903110545512024,-0.04604725291327276,0.007076589650086521,92,chr4,139511459,cg24475272,-0.03197518172939239,2.016010252598422e-5,4.695507263577903,chr4,140432613,SETD7,4,139511459,SETD7,1
2.0255130720023363e-5,0.020072834543543153,1,-4.517206620873922,-0.04515781836575942,-0.025278705163452368,-0.06503693156806648,0.009996845873085823,92,chr16,29855820,cg20569575,-0.04515781836575942,2.0255130720023363e-5,4.693464949676066,chr16,29867141,,16,29855820,NA,1
2.036209169113725e-5,0.020140564699467723,1,-4.515819358148362,-0.04770255320298055,-0.02669676056046196,-0.06870834584549915,0.01056343255115063,92,chr11,4057582,cg16693243,-0.04770255320298055,2.036209169113725e-5,4.69117761124397,chr11,4078812,STIM1;STIM1;STIM1,11,4057582,STIM1,1
2.0370089460343538e-5,0.020140564699467723,1,-4.515715912583051,-0.10893140240908988,-0.06096242139535426,-0.1569003834228255,0.024122731482189196,92,chr14,102190026,cg11081261,-0.10893140240908988,2.0370089460343538e-5,4.69100706368279,chr14,102656363,WDR20;WDR20;WDR20;WDR20;WDR20;WDR20;WDR20;WDR20;WDR20,14,102190026,WDR20,1
2.0426680947231786e-5,0.02014925915736579,1,-4.514985063705137,-0.07555283358079491,-0.04227703785930691,-0.10882862930228292,0.016733794799930944,92,chr17,781250,cg17560340,-0.07555283358079491,2.0426680947231786e-5,4.689802194473944,chr17,684490,RNMTL1;GLOD4,17,781250,RNMTL1,1
2.0441304281824028e-5,0.02014925915736579,1,-4.514796530137499,-0.07149801416390922,-0.040006770855030495,-0.10298925747278795,0.015836375722945755,92,chr1,10381088,cg08368905,-0.07149801416390922,2.0441304281824028e-5,4.6894913969753205,chr1,10441146,KIF1B,1,10381088,KIF1B,1
2.044883340084823e-5,0.02014925915736579,1,-4.514699510785354,-0.028013814325271037,-0.01567488699698001,-0.04035274165356206,0.006205023005041126,92,chr3,72437995,cg24113274,-0.028013814325271037,2.044883340084823e-5,4.689331463305831,chr3,72487146,RYBP,3,72437995,RYBP,1
2.0504107219956504e-5,0.02018071214389505,1,4.51398831679553,0.15696289900208021,0.22610946089425382,0.0878163371099066,0.03477255322484039,92,chr13,46269339,cg00198785,0.15696289900208021,2.0504107219956504e-5,4.688159135807732,chr13,46269339,LINC01055,13,46269339,LINC01055,1
2.0594968258333385e-5,0.02024040125457657,1,-4.512823258241332,-0.08343564951001516,-0.046670415337220286,-0.12020088368281003,0.01848857017780271,92,chr11,126409807,cg20037145,-0.08343564951001516,2.0594968258333385e-5,4.686238873056497,chr11,126279702,ST3GAL4;ST3GAL4;ST3GAL4;ST3GAL4,11,126409807,ST3GAL4,1
2.0611597385676804e-5,0.02024040125457657,1,-4.512610571851129,-0.11260999736000828,-0.06298698755077908,-0.16223300716923747,0.024954512596865687,92,chr6,36116659,cg07175100,-0.11260999736000828,2.0611597385676804e-5,4.685888349370609,chr6,36084436,,6,36116659,NA,1
2.066486628178324e-5,0.0202696771023105,1,-4.511930380767657,-0.09016057162450229,-0.05042419373770929,-0.1298969495112953,0.019982704522396116,92,chr11,61870071,cg07392590,-0.09016057162450229,2.066486628178324e-5,4.684767400605915,chr11,61637543,,11,61870071,NA,1
2.0779074526126348e-5,0.02035859275498995,1,-4.5104777622778185,-0.08205785706486415,-0.04588093322098508,-0.11823478090874323,0.01819271957200038,92,chr8,27838353,cg17973773,-0.08205785706486415,2.0779074526126348e-5,4.6823737992786985,chr8,27695870,PBK,8,27838353,PBK,1
2.0820881136749912e-5,0.020376450822292988,1,-4.509947956065276,-0.04032671643568446,-0.022545750840751017,-0.058107682030617905,0.008941725454159714,92,chr13,48534491,cg24566538,-0.04032671643568446,2.0820881136749912e-5,4.681500895155414,chr13,49108627,RCBTB2;RCBTB2;RCBTB2;RCBTB2,13,48534491,RCBTB2,1
2.0893642210672023e-5,0.020404826285730315,1,-4.509028323831905,-0.07365596572708343,-0.04117275308526575,-0.1061391783689011,0.016335219128649967,92,chr10,11146846,cg02738116,-0.07365596572708343,2.0893642210672023e-5,4.679985846562602,chr10,11188809,CELF2;CELF2,10,11146846,CELF2,1
2.0897100582850388e-5,0.020404826285730315,1,-4.50898469051339,-0.13636437469003057,-0.07622537846944247,-0.19650337091061867,0.03024281164159468,92,chr3,196247429,cg02803925,-0.13636437469003057,2.0897100582850388e-5,4.679913966913834,chr3,195974300,PCYT1A,3,196247429,PCYT1A,1
2.0968970697460867e-5,0.02045189386698894,1,4.50807950525636,0.16259974948364092,0.23432338845766798,0.09087611050961386,0.03606851859956148,92,chr6,11463290,cg14898111,0.16259974948364092,2.0968970697460867e-5,4.6784228871972315,chr6,11463523,,6,11463290,NA,1
2.100793403495415e-5,0.02046679618057914,1,-4.507590027993702,-0.062320473274257965,-0.03482758648186694,-0.08981336006664899,0.013825674670328525,92,chr2,89161256,cg05213935,-0.062320473274257965,2.100793403495415e-5,4.677616654939877,chr2,89161256,,2,89161256,NA,1
2.1203695049757437e-5,0.020619646189992576,1,-4.505144012866359,-0.08652428229898533,-0.048333079379435484,-0.12471548521853518,0.01920566402580658,92,chr15,85567463,cg16959075,-0.08652428229898533,2.1203695049757437e-5,4.673588450397316,chr15,85567463,PDE8A;PDE8A;PDE8A,15,85567463,PDE8A,1
2.1212547633869272e-5,0.020619646189992576,1,-4.5050339184285235,-0.08035949683633903,-0.044888519559424196,-0.11583047411325387,0.017837711833337443,92,chr15,43094895,cg06437892,-0.08035949683633903,2.1212547633869272e-5,4.673407169442525,chr15,43387093,UBR1,15,43094895,UBR1,1
2.124183070238181e-5,0.020624910657443422,1,-4.50467005883043,-0.021114826055436423,-0.011793911398397774,-0.03043574071247507,0.004687319110984694,92,chr2,74603888,cg09748521,-0.021114826055436423,2.124183070238181e-5,4.672808056814645,chr2,74831015,M1AP;M1AP;M1AP,2,74603888,M1AP,1
2.1292592696588357e-5,0.02064049179558354,1,-4.504040460597272,-0.08739572474244338,-0.04881042170764878,-0.12598102777723796,0.0194038498337233,92,chr12,118394237,cg23699170,-0.08739572474244338,2.1292592696588357e-5,4.671771453391862,chr12,118832042,SUDS3,12,118394237,SUDS3,1
2.1305648406368925e-5,0.02064049179558354,1,-4.503878766443694,-0.1189988681925815,-0.06645885840094595,-0.17153887798421705,0.026421419039781163,92,chr13,41056916,cg07908654,-0.1189988681925815,2.1305648406368925e-5,4.671505244142572,chr13,41631052,,13,41056916,NA,1
2.138271046664976e-5,0.02067934041744609,1,-4.502926308689054,-0.11172909652000204,-0.06238837935535392,-0.16106981368465018,0.024812552740293446,92,chr5,78979378,cg06383915,-0.11172909652000204,2.138271046664976e-5,4.66993724458565,chr5,78275201,ARSB;ARSB,5,78979378,ARSB,1
2.139932318938906e-5,0.02067934041744609,1,-4.502721417523865,-0.055617060809769726,-0.031054877605605637,-0.08017924401393381,0.012351876932318555,92,chr10,118034855,cg13791644,-0.055617060809769726,2.139932318938906e-5,4.669599962153698,chr10,119794366,RAB11FIP2,10,118034855,RAB11FIP2,1
2.1417539592125286e-5,0.02067934041744609,1,-4.502496924602644,-0.050741562847416793,-0.028331430311940183,-0.0731516953828934,0.011269649640436981,92,chr2,190975033,cg12944551,-0.050741562847416793,2.1417539592125286e-5,4.669230421596456,chr2,191839759,STAT1,2,190975033,STAT1,1
2.1500429422658854e-5,0.02073620433755524,1,4.501477748027367,0.14027045802395405,0.20223526737942393,0.07830564866848416,0.031160979988276792,92,chr22,31398536,cg10827767,0.14027045802395405,2.1500429422658854e-5,4.667552865943525,chr22,31794522,DRG1,22,31398536,DRG1,1
2.1551506250973113e-5,0.020754200514217527,1,-4.500851623767045,-0.09114126470109088,-0.050873792736128104,-0.13140873666605365,0.020249782112303678,92,chr2,100292175,cg10081994,-0.09114126470109088,2.1551506250973113e-5,4.666522371274678,chr2,100908637,LONRF2,2,100292175,LONRF2,1
2.156758042961333e-5,0.020754200514217527,1,-4.50065487614106,-0.06560754137732631,-0.0366199545678708,-0.09459512818678183,0.014577332228944282,92,chr1,211494340,cg12483927,-0.06560754137732631,2.156758042961333e-5,4.66619857372026,chr1,211667682,RD3;RD3,1,211494340,RD3,1
2.1591139362382495e-5,0.020754200514217527,1,-4.500366771793521,-0.0704649493109732,-0.03932920552353765,-0.10160069309840876,0.01565760145431235,92,chr4,40192585,cg05728440,-0.0704649493109732,2.1591139362382495e-5,4.6657244393823225,chr4,40192585,RHOH,4,40192585,RHOH,1
2.166743841193396e-5,0.020804400265055062,1,-4.499435789540743,-0.06841087851602554,-0.038176494873500805,-0.09864526215855027,0.015204323767671373,92,chr12,11609231,cg10857004,-0.06841087851602554,2.166743841193396e-5,4.66419242921179,chr12,11762165,,12,11609231,NA,1
2.17548613686192e-5,0.020814043162298384,1,-4.498372972259163,-0.03514342358739958,-0.01960801726851142,-0.05067882990628774,0.00781247437776373,92,chr13,41361403,cg24288804,-0.03514342358739958,2.17548613686192e-5,4.662443679874621,chr13,41935539,NAA16,13,41361403,NAA16,1
2.176473020589171e-5,0.020814043162298384,1,-4.498253254944579,-0.09058852899256506,-0.05054214429270719,-0.13063491369242292,0.020138601332192255,92,chr7,75675686,cg08560164,-0.09058852899256506,2.176473020589171e-5,4.662246711957936,chr7,75675686,STYXL1,7,75675686,STYXL1,1
2.1769964267858982e-5,0.020814043162298384,1,-4.498189782699786,-0.11710906819399156,-0.06533804348694895,-0.16888009290103417,0.02603471037269206,92,chr7,37394413,cg11422446,-0.11710906819399156,2.1769964267858982e-5,4.662142283787771,chr7,37434016,ELMO1;ELMO1,7,37394413,ELMO1,1
2.1843689073932694e-5,0.020814043162298384,1,-4.497297306405286,-0.05668005151672939,-0.031618229121225076,-0.0817418739122337,0.012603136429517948,92,chr10,65198176,cg07686528,-0.05668005151672939,2.1843689073932694e-5,4.66067401389974,chr10,65198176,JMJD1C,10,65198176,JMJD1C,1
2.1890977405970086e-5,0.020814043162298384,1,4.496726391832696,0.14356179269778238,0.20704756688423487,0.0800760185113299,0.0319258456459638,92,chr7,74482900,cg18325315,0.14356179269778238,2.1890977405970086e-5,4.6597348472697595,chr7,73897230,GTF2IRD1;GTF2IRD1,7,74482900,GTF2IRD1,1
2.18935650817359e-5,0.020814043162298384,1,-4.496695185169646,-0.0779724713528586,-0.04349131191905015,-0.11245363078666706,0.017339950372890787,92,chr14,100143849,cg16409452,-0.0779724713528586,2.18935650817359e-5,4.659683513477352,chr14,100610186,EVL,14,100143849,EVL,1
2.1906080183274273e-5,0.020814043162298384,1,-4.496544306872258,-0.09832589949491556,-0.05484254286593558,-0.14180925612389556,0.021866992246610345,92,chr13,29704790,cg11231563,-0.09832589949491556,2.1906080183274273e-5,4.659435327006726,chr13,30278927,,13,29704790,NA,1
2.190673762255234e-5,0.020814043162298384,1,4.496536383290747,0.04733915808005125,0.06827432502196652,0.026403991138135977,0.010527916165865991,92,chr11,18754407,cg01424189,0.04733915808005125,2.190673762255234e-5,4.659422293275276,chr11,18754407,PTPN5;PTPN5;PTPN5;PTPN5;PTPN5;PTPN5,11,18754407,PTPN5,1
2.1909381868008985e-5,0.020814043162298384,1,-4.496504516674646,-0.0662418899889058,-0.03694701213679545,-0.09553676784101615,0.014731863327003719,92,chr7,138350851,cg02194711,-0.0662418899889058,2.1909381868008985e-5,4.659369875068216,chr7,138035596,,7,138350851,NA,1
2.193970400352102e-5,0.020814043162298384,1,-4.496139361357057,-0.07986606695101563,-0.044543151300710335,-0.11518898260132092,0.017763254323796114,92,chr16,67526342,cg06866208,-0.07986606695101563,2.193970400352102e-5,4.658769235945657,chr16,67560245,,16,67526342,NA,1
2.1942428323783116e-5,0.020814043162298384,1,-4.4961065775783835,-0.060973065595555424,-0.03400589118172595,-0.0879402400093849,0.013561303439651937,92,chr19,16197138,cg09334230,-0.060973065595555424,2.1942428323783116e-5,4.65871531161721,chr19,16307949,AP1M1;AP1M1,19,16197138,AP1M1,1
2.197293486098959e-5,0.020820126760958197,1,-4.495739738688178,-0.05297499367276903,-0.029543295621866143,-0.07640669172367193,0.011783376430110416,92,chr14,90632679,cg19861623,-0.05297499367276903,2.197293486098959e-5,4.658111931754626,chr14,91099023,TTC7B,14,90632679,TTC7B,1
2.2089318869876363e-5,0.020907479824798906,1,-4.494344746157694,-0.07415263572655219,-0.041343543053372116,-0.10696172839973225,0.016499098292347684,92,chr18,21754420,cg00924612,-0.07415263572655219,2.2089318869876363e-5,4.655817675509951,chr18,19334381,MIB1,18,21754420,MIB1,1
2.213936870565013e-5,0.020911541204933593,1,-4.493747030786452,-0.1026097616959622,-0.05720367556292762,-0.1480158478289968,0.022833898079484112,92,chr2,128092817,cg17537518,-0.1026097616959622,2.213936870565013e-5,4.654834766996657,chr2,128850391,UGGT1;UGGT1,2,128092817,UGGT1,1
2.2142007658969995e-5,0.020911541204933593,1,-4.493715551675644,-0.08669784207076388,-0.04833270803231369,-0.12506297610921407,0.019293130834334954,92,chr5,113205856,cg09565310,-0.08669784207076388,2.2142007658969995e-5,4.654783003345196,chr5,112541553,MCC;MCC,5,113205856,MCC,1
2.2258512392955565e-5,0.02093964543731048,1,-4.492329418573574,-0.10790788571666542,-0.06014224600034708,-0.15567352543298374,0.02402047482771841,92,chr8,39924499,cg24188163,-0.10790788571666542,2.2258512392955565e-5,4.652503864310352,chr8,39782018,IDO1,8,39924499,IDO1,1
2.230442320467541e-5,0.02093964543731048,1,-4.491785117036544,-0.09393447030916392,-0.05234915207001975,-0.1355197885483081,0.02091250312774027,92,chr22,21824331,cg18298089,-0.09393447030916392,2.230442320467541e-5,4.651609003189708,chr22,22178620,MAPK1;MAPK1,22,21824331,MAPK1,1
2.2311736717301863e-05,0.02093964543731048,1,-4.491698510964585,-0.08151996469215382,-0.045429922049862764,-0.11761000733444488,0.018149028589776732,92,chr4,37722324,cg14674108,-0.08151996469215382,2.2311736717301863e-05,4.651466623468504,chr4,37723946,,4,37722324,NA,1
2.2328788266869733e-5,0.02093964543731048,1,-4.4914966945277826,-0.05194225859870691,-0.02894565198611911,-0.07493886521129471,0.011564576828474745,92,chr4,147814416,cg12396412,-0.05194225859870691,2.2328788266869733e-5,4.651134844474059,chr4,148735567,ARHGAP10,4,147814416,ARHGAP10,1
2.2335584503199702e-5,0.02093964543731048,1,-4.491416298151288,-0.0511989594761727,-0.02853103094707178,-0.07386688800527362,0.011399290575056849,92,chr8,60719082,cg22438847,-0.0511989594761727,2.2335584503199702e-5,4.651002677927187,chr8,61631641,CHD7,8,60719082,CHD7,1
2.236071965888334e-5,0.02093964543731048,1,-4.4911191664456265,-0.06273729253780007,-0.034959021935665816,-0.09051556313993432,0.013969189017857165,92,chr5,143379810,cg03746860,-0.06273729253780007,2.236071965888334e-5,4.650514223198299,chr5,142759375,NR3C1;NR3C1;NR3C1;NR3C1;NR3C1;NR3C1;NR3C1;NR3C1;NR3C1;NR3C1;NR3C1;NR3C1;NR3C1;NR3C1;NR3C1,5,143379810,NR3C1,1
2.237984083692197e-5,0.02093964543731048,1,-4.49089334471244,-0.038714724592084526,-0.021572094910064496,-0.055857354274104556,0.008620717888494746,92,chr10,132564851,cg06288918,-0.038714724592084526,2.237984083692197e-5,4.650143006453438,chr10,134378355,INPP5A,10,132564851,INPP5A,1
2.238946284368294e-5,0.02093964543731048,1,-4.490779779171902,-0.049052271463289644,-0.027331693610261516,-0.07077284931631778,0.01092288508351992,92,chr12,121203750,cg00674650,-0.049052271463289644,2.238946284368294e-5,4.649956325662721,chr12,121641553,,12,121203750,NA,1
2.238984852673474e-5,0.02093964543731048,1,-4.490775228060758,-0.07760569728067902,-0.04324149257360246,-0.11196990198775558,0.017281135959724116,92,chr19,4372237,cg04578084,-0.07760569728067902,2.238984852673474e-5,4.649948844528419,chr19,4372234,SH3GL1;SH3GL1;SH3GL1,19,4372237,SH3GL1,1
2.2426515808858227e-5,0.0209512632316286,1,-4.490342895671234,-0.06587855860573724,-0.03670438301015935,-0.09505273420131513,0.014671164348995548,92,chr1,205632985,cg23201841,-0.06587855860573724,2.2426515808858227e-5,4.649238193315097,chr1,205602113,ELK4;ELK4,1,205632985,ELK4,1
2.2478268804816883e-5,0.020976934065032527,1,-4.4897338560551265,-0.08107064796532347,-0.04516381866498596,-0.11697747726566099,0.018056893919443952,92,chr6,139446479,cg15538274,-0.08107064796532347,2.2478268804816883e-5,4.648237139609503,chr6,139767616,,6,139446479,NA,1
2.2557451034208735e-5,0.02101672977044329,1,-4.488804647341744,-0.01740254119134296,-0.009693222919172045,-0.025111859463513873,0.0038768764868501665,92,chr2,114584240,cg21408197,-0.01740254119134296,2.2557451034208735e-5,4.646709976688709,chr2,114584240,,2,114584240,NA,1
2.258720535803321e-5,0.02101672977044329,1,4.488456294772426,0.0815622383702235,0.11769707916695644,0.045427397573490555,0.018171556770022836,92,chr15,67137136,cg16169828,0.0815622383702235,2.258720535803321e-5,4.646137499609314,chr15,67429474,SMAD3;SMAD3;SMAD3,15,67137136,SMAD3,1
2.2594841706619087e-5,0.02101672977044329,1,-4.488366962911906,-0.04496423583263941,-0.025043156253484328,-0.06488531541179449,0.010017950003684209,92,chr1,230093356,cg01122366,-0.04496423583263941,2.2594841706619087e-5,4.645990696872397,chr1,230229103,GALNT2;GALNT2,1,230093356,GALNT2,1
2.2618195278738298e-5,0.02101672977044329,1,4.48809394849757,0.04040952479435993,0.05831376164317016,0.022505287945549696,0.009003716334388984,92,chr8,1745850,cg16259209,0.04040952479435993,2.2618195278738298e-5,4.645542050681725,chr8,1694016,,8,1745850,NA,1
2.27371672411456e-5,0.021104584904157307,1,-4.486707333843662,-0.018633204312438027,-0.010374844235583325,-0.02689156438929273,0.004152979663256836,92,chr4,78692964,cg13242067,-0.018633204312438027,2.27371672411456e-5,4.64326364378956,chr4,79614118,,4,78692964,NA,1
2.2801035484264253e-5,0.02111921849841509,1,-4.485965847402128,-0.055488753517981125,-0.030891703933895197,-0.08008580310206706,0.012369410603095711,92,chr3,172147399,cg23178790,-0.055488753517981125,2.2801035484264253e-5,4.642045429539437,chr3,171865189,FNDC3B;FNDC3B,3,172147399,FNDC3B,1
2.2801811323726935e-5,0.02111921849841509,1,-4.485956852567721,-0.04847742582169848,-0.02698831384958402,-0.06996653779381293,0.010806485085551022,92,chr12,6996518,cg14382708,-0.04847742582169848,2.2801811323726935e-5,4.642030652269109,chr12,7104610,LPCAT3,12,6996518,LPCAT3,1
2.2865907724350528e-5,0.021155331929496934,1,-4.485214761331067,-0.03549459242354034,-0.019757917946354744,-0.051231266900725936,0.007913688488130876,92,chr18,57527627,cg19866903,-0.03549459242354034,2.2865907724350528e-5,4.640811553441331,chr18,55194859,,18,57527627,NA,1
2.295958020105738e-5,0.021155331929496934,1,4.484133861645107,0.06260560502760117,0.09036874985447439,0.03484246020072794,0.01396158253951698,92,chr1,209651452,cg25981106,0.06260560502760117,2.295958020105738e-5,4.6390360569548585,chr1,209824797,LAMB3;LAMB3;LAMB3,1,209651452,LAMB3,1
2.2974275372436144e-5,0.021155331929496934,1,4.483964679699472,0.05345728517607718,0.07716440128939636,0.029750169062758007,0.01192187918386102,92,chr3,127592195,cg00686823,0.05345728517607718,2.2974275372436144e-5,4.63875817773142,chr3,127311038,TPRA1,3,127592195,TPRA1,1
2.2980018457446892e-5,0.021155331929496934,1,-4.483898589435217,-0.1619598593747099,-0.09013320800414985,-0.23378651074526996,0.036120321667468855,92,chr17,27570221,cg06127160,-0.1619598593747099,2.2980018457446892e-5,4.63864962682423,chr17,25897247,KSR1,17,27570221,KSR1,1
2.2988097779350484e-5,0.021155331929496934,1,4.483805641303198,0.08025630816100067,0.11584945689728268,0.044663159424718664,0.01789914964683316,92,chr11,59289903,cg19368946,0.08025630816100067,2.2988097779350484e-5,4.638496964272721,chr11,59057376,,11,59289903,NA,1
2.2991272092417052e-5,0.021155331929496934,1,-4.483769131242798,-0.07846567299765485,-0.04366637590810592,-0.11326497008720378,0.017499936036159375,92,chr15,40349577,cg21067750,-0.07846567299765485,2.2991272092417052e-5,4.63843699882932,chr15,40641778,PHGR1,15,40349577,PHGR1,1
2.3012169171311436e-5,0.021155331929496934,1,-4.48352890067469,-0.10811403668807168,-0.0601632076854981,-0.15606486569064526,0.02411360316464169,92,chr11,20460081,cg22169659,-0.10811403668807168,2.3012169171311436e-5,4.638042441968936,chr11,20481627,PRMT3;PRMT3;PRMT3,11,20460081,PRMT3,1
2.305356395271269e-5,0.021162177761198473,1,-4.483053653842203,-0.09090973156557304,-0.05058509617726093,-0.13123436695388516,0.02027852856225774,92,chr1,47280409,cg13789639,-0.09090973156557304,2.305356395271269e-5,4.6372619255736955,chr1,47746081,STIL;STIL;STIL;STIL;STIL;STIL,1,47280409,STIL,1
2.3068593778697455e-5,0.021162177761198473,1,-4.482881303307723,-0.08849412774441358,-0.049239467440395424,-0.12774878804843173,0.019740457477452643,92,chr4,74321062,cg12425700,-0.08849412774441358,2.3068593778697455e-5,4.636978878507328,chr4,75186779,,4,74321062,NA,1
2.316028863898386e-5,0.02120217046451655,1,-4.4818321665557175,-0.04266375162057483,-0.02373432481446749,-0.06159317842668216,0.009519265790214065,92,chr12,93405199,cg26584983,-0.04266375162057483,2.316028863898386e-5,4.635256032443011,chr12,93798975,,12,93405199,NA,1
2.317217518151813e-5,0.02120217046451655,1,4.481696460008124,0.09001333079159464,0.1299524427187014,0.050074218864487874,0.02008465579827141,92,chr12,15256938,cg06943590,0.09001333079159464,2.317217518151813e-5,4.635033196896653,chr12,15409872,,12,15256938,NA,1
2.3195365798693423e-5,0.02120217046451655,1,-4.481431890802652,-0.10403224116121,-0.057870182915932156,-0.15019429940648785,0.02321406275853881,92,chr10,124689006,cg11388488,-0.10403224116121,2.3195365798693423e-5,4.634598774121667,chr10,126377575,FAM53B,10,124689006,FAM53B,1
2.3210330195882965e-5,0.02120217046451655,1,-4.481261306035712,-0.02902021787893044,-0.016142633316157742,-0.04189780244170314,0.006475903969233784,92,chr6,21163584,cg18767514,-0.02902021787893044,2.3210330195882965e-5,4.6343186811197015,chr6,21163815,CDKAL1,6,21163584,CDKAL1,1
2.3247985534615227e-5,0.021214142762100124,1,-4.480832529484231,-0.06937928650034995,-0.0385896099127596,-0.10016896308794031,0.015483570529322125,92,chr1,185284363,cg15488596,-0.06937928650034995,2.3247985534615227e-5,4.633614673273116,chr1,185253495,C1orf26;C1orf26,1,185284363,C1orf26,1
2.3280946196157332e-5,0.021219119759397224,1,-4.480457762278202,-0.09683384289860106,-0.053856576315836464,-0.13981110948136566,0.021612488731366467,92,chr9,92735740,cg17249529,-0.09683384289860106,2.3280946196157332e-5,4.632999372844346,chr9,95498022,BICD2;BICD2,9,92735740,BICD2,1
2.3312391537850627e-5,0.021219119759397224,1,-4.480100703091604,-0.04846957505188293,-0.026955858299463162,-0.0699832918043027,0.010818858383793763,92,chr14,87994007,cg07416546,-0.04846957505188293,2.3312391537850627e-5,4.6324131714208585,chr14,88460351,GALC;GALC;GALC,14,87994007,GALC,1
2.337613794303495e-5,0.021219119759397224,1,-4.47937829695982,-0.07112056805966353,-0.039547885306983194,-0.10269325081234387,0.015877330143768718,92,chr6,42230843,cg12498017,-0.07112056805966353,2.337613794303495e-5,4.631227238622213,chr6,42198581,TRERF1;TRERF1,6,42230843,TRERF1,1
2.337973403379225e-5,0.021219119759397224,1,-4.479337601127798,-0.08947763492176986,-0.049755305303882474,-0.12919996453965724,0.01997563990248053,92,chr17,46046255,cg02179849,-0.08947763492176986,2.337973403379225e-5,4.631160433649517,chr17,44123621,KANSL1;KANSL1;KANSL1,17,46046255,KANSL1,1
2.3386802784357435e-5,0.021219119759397224,1,-4.479257623958436,-0.10920021075282153,-0.06072145716171729,-0.15767896434392578,0.02437908687563242,92,chr7,148863554,cg03661164,-0.10920021075282153,2.3386802784357435e-5,4.631029146639759,chr7,148560646,EZH2;EZH2,7,148863554,EZH2,1
2.34007687660337e-5,0.021219119759397224,1,-4.479099679014027,-0.0818573818347587,-0.04551602543480766,-0.11819873823470975,0.018275409725370916,92,chr1,151846124,cg01200145,-0.0818573818347587,2.34007687660337e-5,4.630769874839342,chr1,151818600,,1,151846124,NA,1
2.3465192588304374e-5,0.02124209678855188,1,-4.478372272877973,-0.029392253232980996,-0.01634116580852246,-0.04244334065743953,0.0065631554149678615,92,chr12,124487229,cg24461063,-0.029392253232980996,2.3465192588304374e-5,4.629575877006797,chr12,124971775,NCOR2;NCOR2,12,124487229,NCOR2,1
2.3475271055401185e-5,0.02124209678855188,1,-4.478258652384307,-0.021447813294023215,-0.011924066132195108,-0.030971560455851324,0.004789319902860905,92,chr17,57608742,cg10093671,-0.021447813294023215,2.3475271055401185e-5,4.629389384485263,chr17,55686103,LOC101927539;MSI2;MSI2,17,57608742,LOC101927539,1
2.3601716713666548e-5,0.021334174374004575,1,-4.4768371561495055,-0.07157276627061042,-0.03978130312356417,-0.10336422941765666,0.015987350840379826,92,chr2,48607880,cg14260098,-0.07157276627061042,2.3601716713666548e-5,4.627056406684261,chr2,48835019,STON1-GTF2A1L;STON1-GTF2A1L;STON1-GTF2A1L,2,48607880,STON1-GTF2A1L,1
2.3665862866618483e-5,0.02136980431338986,1,-4.476118845165719,-0.049802457949964817,-0.027677463066262016,-0.07192745283366761,0.011126259081291437,92,chr12,15124659,cg00390941,-0.049802457949964817,2.3665862866618483e-5,4.625877656360602,chr12,15124659,PDE6H,12,15124659,PDE6H,1
2.3746745317873587e-5,0.021420456638758974,1,-4.475215803068744,-0.09363149007732537,-0.05202683146820421,-0.1352361486864465,0.020922229049405928,92,chr11,9597005,cg14036745,-0.09363149007732537,2.3746745317873587e-5,4.624395905506422,chr11,9618552,,11,9597005,NA,1
2.3825624587792544e-5,0.021469198267768615,1,-4.4743379902905,-0.021079804521259144,-0.01171126696389757,-0.030448342078620717,0.0047112678047575305,92,chr14,76996263,cg00956679,-0.021079804521259144,2.3825624587792544e-5,4.622955705527988,chr14,77462606,,14,76996263,NA,1
2.390450691217032e-5,0.02151004222230155,1,-4.4734629532303085,-0.07413706972820269,-0.04118174602579718,-0.1070923934306082,0.016572635227630077,92,chr22,41311687,cg05421366,-0.07413706972820269,2.390450691217032e-5,4.621520210241864,chr22,41707691,ZC3H7B,22,41311687,ZC3H7B,1
2.3938021497703513e-5,0.02151004222230155,1,-4.473092023886289,-0.07284843101067699,-0.04046324618122538,-0.10523361584012861,0.01628592271781281,92,chr1,150981467,cg07337598,-0.07284843101067699,2.3938021497703513e-5,4.620911747335534,chr1,150953943,ANXA9,1,150981467,ANXA9,1
2.3946345391008783e-5,0.02151004222230155,1,-4.472999975496697,-0.11319698326019112,-0.06287358420258429,-0.16352038231779795,0.025306725660695167,92,chr3,72066595,cg20037229,-0.11319698326019112,2.3946345391008783e-5,4.620760757724447,chr3,72115746,LINC00877,3,72066595,LINC00877,1
2.398179211458974e-5,0.02151004222230155,1,-4.472608340363533,-0.0753354970900023,-0.04184105105782053,-0.10882994312218407,0.0168437500798201,92,chr7,99081553,cg24869851,-0.0753354970900023,2.398179211458974e-5,4.6201183660079845,chr7,99081553,ZNF789,7,99081553,ZNF789,1
2.399540902792413e-5,0.02151004222230155,1,-4.472458042122715,-0.05530620856617659,-0.03071603339291707,-0.07989638373943611,0.012365953586437045,92,chr12,92037748,cg02142455,-0.05530620856617659,2.399540902792413e-5,4.619871842645235,chr12,92431524,C12orf79;C12orf79;C12orf79;C12orf79;C12orf79,12,92037748,C12orf79,1
2.4043899376604146e-5,0.02151144625571513,1,-4.471923494193043,-0.07228713472274388,-0.04014308019145121,-0.10443118925403655,0.01616466265950466,92,chr11,65777766,cg07602847,-0.07228713472274388,2.4043899376604146e-5,4.61899509821619,chr11,65545237,DKFZp761E198;DKFZp761E198,11,65777766,DKFZp761E198,1
2.40602910801184e-5,0.02151144625571513,1,-4.471743031368492,-0.0383808762211787,-0.021313291911084963,-0.05544846053127244,0.008582978930574407,92,chr16,68291250,cg17300669,-0.0383808762211787,2.40602910801184e-5,4.61869912289291,chr16,68325153,SLC7A6;SLC7A6,16,68291250,SLC7A6,1
2.4071654673340492e-5,0.02151144625571513,1,-4.471617994878174,-0.10382545938973789,-0.057654045221090654,-0.14999687355838512,0.02321876768289697,92,chr22,31247125,cg10105512,-0.10382545938973789,2.4071654673340492e-5,4.618494055516331,chr22,31643111,LIMK2;LIMK2;LIMK2,22,31247125,LIMK2,1
2.420958418388441e-5,0.021545089284426517,1,4.470104861781008,0.13307893739653484,0.19227947134291573,0.07387840345015395,0.029770875966321886,92,chr7,47981215,cg15042302,0.13307893739653484,2.420958418388441e-5,4.6160126697980575,chr7,47981215,PKD1L1,7,47981215,PKD1L1,1
2.4219991544874906e-5,0.021545089284426517,1,-4.4699910284370565,-0.07958846624916183,-0.04418241493616073,-0.11499451756216292,0.017805061742370013,92,chr15,57311647,cg15335273,-0.07958846624916183,2.4219991544874906e-5,4.615826012803818,chr15,57603845,,15,57311647,NA,1
2.4237911014756273e-5,0.021545089284426517,1,-4.469795140286347,-0.013583291399428862,-0.0075403078909446145,-0.019626274907913112,0.003038906923720598,92,chr1,225645156,cg17497320,-0.013583291399428862,2.4237911014756273e-5,4.615504813295305,chr1,225832858,ENAH;ENAH,1,225645156,ENAH,1
2.4238197704880954e-5,0.021545089284426517,1,-4.469792007449568,-0.060810671470080076,-0.03375698237592402,-0.08786436056423613,0.01360481010497359,92,chr2,120273042,cg04102556,-0.060810671470080076,2.4238197704880954e-5,4.615499676416853,chr2,121030618,RALB,2,120273042,RALB,1
2.424340703002665e-5,0.021545089284426517,1,-4.469735088243858,-0.10221584075234814,-0.056741079104793174,-0.14769060239990311,0.0228684337515198,92,chr3,42900918,cg04992471,-0.10221584075234814,2.424340703002665e-5,4.615406346949468,chr3,42942410,,3,42900918,NA,1
2.426064182126932e-5,0.021545089284426517,1,-4.4695468582662246,-0.11650740557624197,-0.06467229288447825,-0.16834251826800567,0.02606693905910546,92,chr3,150729900,cg15053244,-0.11650740557624197,2.426064182126932e-5,4.61509771394972,chr3,150447687,,3,150729900,NA,1
2.4287190295781804e-5,0.021545089284426517,1,-4.469257161956138,-0.06420936141939183,-0.03564023134348932,-0.09277849149529435,0.014366897918957117,92,chr7,32994541,cg08295671,-0.06420936141939183,2.4287190295781804e-5,4.614622724372214,chr7,32994541,,7,32994541,NA,1
2.4366493326591986e-5,0.021545089284426517,1,-4.4683936314443455,-0.12667016533723763,-0.07029901158123045,-0.1830413190932448,0.028348031929383375,92,chr1,99766126,cg04308687,-0.12667016533723763,2.4366493326591986e-5,4.613206967265455,chr1,100231682,FRRS1,1,99766126,FRRS1,1
2.4378396603266802e-5,0.021545089284426517,1,-4.468264251616851,-0.049694504472176194,-0.02757866007861939,-0.071810348865733,0.011121657465579419,92,chr7,27121055,cg20688917,-0.049694504472176194,2.4378396603266802e-5,4.612994861853519,chr7,27160674,HOXA3;HOXA3,7,27121055,HOXA3,1
2.440628831937072e-5,0.021545089284426517,1,-4.4679613286692526,-0.05286288593428937,-0.029335402641107147,-0.0763903692274716,0.01183154509308033,92,chr10,43415676,cg22080845,-0.05286288593428937,2.440628831937072e-5,4.612498262573077,chr10,43911124,,10,43415676,NA,1
2.4424946390461707e-5,0.021545089284426517,1,-4.467758876408639,-0.0734045140723273,-0.040733166180719656,-0.10607586196393495,0.016429828937261883,92,chr20,19213896,cg07045119,-0.0734045140723273,2.4424946390461707e-5,4.612166380827294,chr20,19194540,SLC24A3,20,19213896,SLC24A3,1
2.4462246906641495e-5,0.021545089284426517,1,-4.467354589931881,-0.0900529523644528,-0.04996798441330087,-0.13013792031560473,0.02015800415024274,92,chr6,126054670,cg27341747,-0.0900529523644528,2.4462246906641495e-5,4.611503654644832,chr6,126375816,,6,126054670,NA,1
2.4465459435045733e-5,0.021545089284426517,1,4.467319798447123,0.05994378680205099,0.08662657090956573,0.033261002694536246,0.013418288706997858,92,chr4,31360999,cg14550227,0.05994378680205099,2.4465459435045733e-5,4.611446624243644,chr4,31362621,,4,31360999,NA,1
2.4476568137894966e-5,0.021545089284426517,1,-4.467199525961246,-0.07038978871938882,-0.03905633110007864,-0.101723246338699,0.015757028158316352,92,chr12,111777251,cg19056691,-0.07038978871938882,2.4476568137894966e-5,4.61124947473143,chr12,111777251,CUX2,12,111777251,CUX2,1
2.4483282660118635e-5,0.021545089284426517,1,-4.467126854322719,-0.10569135960684611,-0.05864292158947811,-0.1527397976242141,0.023659807087092553,92,chr17,57296523,cg09364744,-0.10569135960684611,2.4483282660118635e-5,4.611130353454666,chr17,55373884,MSI2;MSI2,17,57296523,MSI2,1
2.4516383727314677e-5,0.021548938550658044,1,-4.466768881471311,-0.10775597980572345,-0.059784633308140524,-0.15572732630330638,0.024123921041159766,92,chr19,56322590,cg08058756,-0.10775597980572345,2.4516383727314677e-5,4.610543589744829,chr19,56833959,,19,56322590,NA,1
2.4537529895027165e-5,0.021548938550658044,1,-4.466540440243043,-0.024130977274426497,-0.013387678577974288,-0.03487427597087871,0.005402610274611871,92,chr3,51716770,cg07525426,-0.024130977274426497,2.4537529895027165e-5,4.610169158273754,chr3,51750786,GRM2;GRM2,3,51716770,GRM2,1
2.467440950828597e-5,0.02164714753848156,1,-4.465066328916806,-0.03181166865129927,-0.017644190684939668,-0.04597914661765888,0.007124567992479645,92,chr11,2224491,cg13878620,-0.03181166865129927,2.467440950828597e-5,4.607753231783414,chr11,2224491,,11,2224491,NA,1
2.4703458723317565e-5,0.021650652396219393,1,-4.46475450486937,-0.08282381079587801,-0.04593525649070227,-0.11971236510105376,0.018550585638146135,92,chr10,74004343,cg01668481,-0.08282381079587801,2.4703458723317565e-5,4.607242237052409,chr10,75764101,VCL;VCL,10,74004343,VCL,1
2.4784389782993366e-5,0.02168797409004351,1,-4.463887632208401,-0.05671943998702409,-0.0314524975510316,-0.08198638242301659,0.012706287581653018,92,chr5,98963374,cg10652637,-0.05671943998702409,2.4784389782993366e-5,4.605821769401202,chr5,98299078,,5,98963374,NA,1
2.481594902605138e-5,0.02168797409004351,1,-4.463550335806703,-0.06725803200976553,-0.037294174076877455,-0.0972218899426536,0.015068281289497299,92,chr1,51976996,cg07142936,-0.06725803200976553,2.481594902605138e-5,4.605269111605234,chr1,52442668,RAB3B,1,51976996,RAB3B,1
2.4825226391962913e-5,0.02168797409004351,1,-4.4634512608827155,-0.09836225249905374,-0.054540304501691124,-0.14218420049641636,0.02203726371140011,92,chr21,38751589,cg13051367,-0.09836225249905374,2.4825226391962913e-5,4.605106782295545,chr21,38751589,DYRK1A,21,38751589,DYRK1A,1
2.4912358289400056e-5,0.02168797409004351,1,4.4625225064696,0.08316692541382113,0.12022682492369562,0.04610702590394665,0.018636752037272372,92,chr3,172726633,cg18802998,0.08316692541382113,2.4912358289400056e-5,4.603585158710186,chr3,172444423,,3,172726633,NA,1
2.494213599379885e-5,0.02168797409004351,1,-4.46220582149233,-0.05571863291900604,-0.030888167256998098,-0.08054909858101399,0.012486791319807752,92,chr8,67834312,cg00060836,-0.05571863291900604,2.494213599379885e-5,4.603066357168702,chr8,67834312,SNHG6,8,67834312,SNHG6,1
2.496164706580873e-5,0.02168797409004351,1,-4.46199852025662,-0.08038960971286918,-0.04456309931806969,-0.11621612010766867,0.018016502997012598,92,chr5,86526860,cg01384099,-0.08038960971286918,2.496164706580873e-5,4.602726761618138,chr5,85822677,,5,86526860,NA,1
2.4977294919501877e-5,0.02168797409004351,1,-4.461832378261293,-0.0853289104043785,-0.0472997305245712,-0.12335809028418579,0.01912418557454412,92,chr8,125335722,cg00589311,-0.0853289104043785,2.4977294919501877e-5,4.602454598193572,chr8,126347964,NSMCE2,8,125335722,NSMCE2,1
2.5001599499857956e-5,0.02168797409004351,1,-4.461574522660977,-0.07904264312219102,-0.04381307548764186,-0.11427221075674018,0.01771631129788869,92,chr6,14405282,cg11721770,-0.07904264312219102,2.5001599499857956e-5,4.602032206058319,chr6,14405513,,6,14405282,NA,1
2.502651623260013e-5,0.02168797409004351,1,-4.461310424314567,-0.08484953674532655,-0.04702957869100023,-0.12266949479965288,0.019018971709049544,92,chr2,230076326,cg02490547,-0.08484953674532655,2.502651623260013e-5,4.601599601301041,chr2,230941042,,2,230076326,NA,1
2.5031651660515773e-5,0.02168797409004351,1,4.4612560243378265,0.11209191575483721,0.16205522030906255,0.06212861120061186,0.02512564065889376,92,chr18,63590354,cg19540377,0.11209191575483721,2.5031651660515773e-5,4.601510493444815,chr18,61257588,SERPINB13;SERPINB13,18,63590354,SERPINB13,1
2.503460654262971e-5,0.02168797409004351,1,-4.4612247279445025,-0.05397009052248105,-0.029913556488812987,-0.07802662455614912,0.012097595125486455,92,chr17,58360439,cg05033557,-0.05397009052248105,2.503460654262971e-5,4.601459229817602,chr17,56437800,RNF43;RNF43;RNF43,17,58360439,RNF43,1
2.5087239955301657e-5,0.02168797409004351,1,-4.460667863776027,-0.09042969919110015,-0.050116690772520525,-0.13074270760967976,0.020272681569828865,92,chr10,11249316,cg05219423,-0.09042969919110015,2.5087239955301657e-5,4.600547116211,chr10,11291279,CUGBP2;CUGBP2;CUGBP2;CUGBP2,10,11249316,CUGBP2,1
2.5135764605825803e-5,0.02168797409004351,1,-4.460155471619886,-0.097455096662649,-0.05400521785407383,-0.14090497547122416,0.021850156857257316,92,chr3,14666637,cg15106081,-0.097455096662649,2.5135764605825803e-5,4.59970789941381,chr3,14708144,CCDC174,3,14666637,CCDC174,1
2.5143690252285738e-5,0.02168797409004351,1,-4.460071872377581,-0.033509629223738,-0.018569244682504076,-0.04845001376497192,0.007513248705984336,92,chr1,116999934,cg17960315,-0.033509629223738,2.5143690252285738e-5,4.599570982076051,chr1,117542556,,1,116999934,NA,1
2.516074018109191e-5,0.02168797409004351,1,-4.45989211718601,-0.08360083409165371,-0.04632560962281476,-0.12087605856049266,0.018745035058023343,92,chr5,68367450,cg26241636,-0.08360083409165371,2.516074018109191e-5,4.599276586921703,chr5,67663278,,5,68367450,NA,1
2.5179865472106956e-5,0.02168797409004351,1,-4.459690621986752,-0.08697909717863492,-0.04819584947151957,-0.12576234488575028,0.019503392623205443,92,chr5,142530162,cg03079679,-0.08697909717863492,2.5179865472106956e-5,4.598946594517183,chr5,141909727,,5,142530162,NA,1
2.517989261126571e-5,0.02168797409004351,1,-4.459690336166437,-0.06077472122751533,-0.033675782571956525,-0.08787365988307413,0.013627565289602026,92,chr10,22318679,cg01364769,-0.06077472122751533,2.517989261126571e-5,4.598946126429672,chr10,22607608,COMMD3,10,22318679,COMMD3,1
2.519779620530148e-5,0.02168797409004351,1,-4.459501846612832,-0.04728202029312257,-0.02619847276075752,-0.06836556782548761,0.010602534076543805,92,chr6,143447289,cg11140497,-0.04728202029312257,2.519779620530148e-5,4.598637440874381,chr6,143447289,AIG1;AIG1;AIG1;AIG1,6,143447289,AIG1,1
2.5240968065250943e-5,0.02169056173734228,1,-4.459047864726267,-0.11812784789395019,-0.0654480417580236,-0.17080765402987677,0.026491720088589323,92,chr3,189944597,cg18955749,-0.11812784789395019,2.5240968065250943e-5,4.597893992639701,chr3,189662386,,3,189944597,NA,1
2.525100342042411e-5,0.02169056173734228,1,-4.45894244371862,-0.05862167174503262,-0.03247837555767223,-0.084764967932393,0.013146990006030212,92,chr8,37740476,cg04793634,-0.05862167174503262,2.525100342042411e-5,4.597721359276226,chr8,37597994,ERLIN2;ERLIN2;ERLIN2,8,37740476,ERLIN2,1
2.533442514515033e-5,0.021740609888810276,1,-4.458067668402032,-0.0187732853479265,-0.010399387947622801,-0.0271471827482302,0.004211081289992099,92,chr15,40349794,cg10003769,-0.0187732853479265,2.533442514515033e-5,4.596288945690323,chr15,40641995,PHGR1,15,40349794,PHGR1,1
2.5431142620929922e-5,0.021786488728220154,1,-4.457056955066797,-0.12037994637373539,-0.06667182370905893,-0.17408806903841184,0.027008841840552893,92,chr1,42825163,cg11987455,-0.12037994637373539,2.5431142620929922e-5,4.594634126540111,chr1,43290834,ERMAP;ERMAP,1,42825163,ERMAP,1
2.5457268180553086e-5,0.021786488728220154,1,4.456784577006333,0.1444140530987841,0.20884905191321584,0.07997905428435238,0.03240319351396349,92,chr5,151258320,cg02150868,0.1444140530987841,2.5457268180553086e-5,4.594188202322824,chr5,150637881,GM2A;GM2A,5,151258320,GM2A,1
2.546352217607823e-5,0.021786488728220154,1,-4.456719414670121,-0.08176820927792236,-0.04528414564457014,-0.11825227291127458,0.018347174607575043,92,chr6,28843296,cg09191776,-0.08176820927792236,2.546352217607823e-5,4.594081523862374,chr6,28843296,,6,28843296,NA,1
2.5638725151819706e-5,0.021914693983575966,1,-4.454900188171523,-0.06490629638814942,-0.03593400390358971,-0.09387858887270913,0.014569640990046437,92,chr4,108615003,cg00587765,-0.06490629638814942,2.5638725151819706e-5,4.591103573275478,chr4,108615003,PAPSS1,4,108615003,PAPSS1,1
2.5722760406266473e-5,0.02194089982016579,1,-4.454031871022874,-0.08112637823279255,-0.044906850930566934,-0.11734590553501817,0.018214144079342156,92,chr12,122679487,cg11324488,-0.08112637823279255,2.5722760406266473e-5,4.589682427470926,chr12,123164034,,12,122679487,NA,1
2.5729726499376886e-5,0.02194089982016579,1,-4.453960015258893,-0.08504302224734385,-0.04707426502648803,-0.12301177946819966,0.019093800114054368,92,chr9,7067315,cg11211765,-0.08504302224734385,2.5729726499376886e-5,4.589564830207948,chr9,7067315,KDM4C;KDM4C;KDM4C;KDM4C;KDM4C,9,7067315,KDM4C,1
2.5745554506207368e-5,0.02194089982016579,1,4.453796818178021,0.12407453989272582,0.17947154458460876,0.06867753520084288,0.02785815001401047,92,chr1,203593077,cg25270225,0.12407453989272582,2.5745554506207368e-5,4.589297749927535,chr1,203562205,,1,203593077,NA,1
2.5803189888444748e-5,0.02196835285564464,1,-4.453203379313002,-0.03237112320893995,-0.017916084825506072,-0.04682616159237383,0.007269176916400766,92,chr7,150388582,cg01920948,-0.03237112320893995,2.5803189888444748e-5,4.58832660158271,chr7,150085670,ZNF775,7,150388582,ZNF775,1
2.5902772541020505e-5,0.02203142981975192,1,-4.452181050230921,-0.071929438441877,-0.03980260932001018,-0.10405626756374384,0.016156000313182737,92,chr2,85717609,cg13353793,-0.071929438441877,2.5902772541020505e-5,4.586653748087763,chr2,85944732,,2,85717609,NA,1
2.5951001578560158e-5,0.022050747213486644,1,-4.451687290967855,-0.018691670103947965,-0.010342227797680414,-0.027041112410215517,0.004198783266262207,92,chr15,63179367,cg17094127,-0.018691670103947965,2.5951001578560158e-5,4.585845875902316,chr15,63471566,,15,63179367,NA,1
2.6019570239433228e-5,0.0220704603947911,1,-4.450986825569962,-0.07705392517068563,-0.042629042524545926,-0.11147880781682533,0.017311649795957024,92,chr1,22154427,cg15399009,-0.07705392517068563,2.6019570239433228e-5,4.584699880879123,chr1,22480920,,1,22154427,NA,1
2.6042765515428458e-5,0.0220704603947911,1,-4.450750277835395,-0.09452765934542237,-0.052293905242346096,-0.13676141344849865,0.02123858977578844,92,chr11,57390035,cg04549076,-0.09452765934542237,2.6042765515428458e-5,4.584312899354326,chr11,57157508,PRG2,11,57390035,PRG2,1
2.6050821617825244e-5,0.0220704603947911,1,-4.4506681686099485,-0.05319266362704846,-0.02942642063696636,-0.07695890661713056,0.011951613018964255,92,chr19,12929658,cg11534339,-0.05319266362704846,2.6050821617825244e-5,4.584178574918747,chr19,13040472,FARSA,19,12929658,FARSA,1
2.6078997538349175e-5,0.022072691362154277,1,-4.450381187791198,-0.061859298507776085,-0.034219059758982456,-0.08949953725656971,0.013899775299580112,92,chr1,89879156,cg17256681,-0.061859298507776085,2.6078997538349175e-5,4.583709106649118,chr1,90344715,LRRC8D;LRRC8D,1,89879156,LRRC8D,1
2.6141698300791017e-5,0.022104110440337728,1,-4.44974363581447,-0.1067822434864756,-0.0590625043448243,-0.1545019826281269,0.023997392260313985,92,chr6,7119709,cg15634144,-0.1067822434864756,2.6141698300791017e-5,4.582666201808892,chr6,7119942,RREB1;RREB1;RREB1;RREB1,6,7119709,RREB1,1
2.6232258533812955e-5,0.022159001638818704,1,-4.448825411729213,-0.07256868505800768,-0.04013189264835162,-0.10500547746766373,0.016311875234906324,92,chr11,62911306,cg03448301,-0.07256868505800768,2.6232258533812955e-5,4.5811643160987146,chr11,62678778,CHRM1,11,62911306,CHRM1,1
2.6275229979128716e-5,0.02217362552433988,1,-4.448390780954769,-0.09830630930378763,-0.05436100560412026,-0.142251613003455,0.022099297059213825,92,chr8,21670177,cg10055846,-0.09830630930378763,2.6275229979128716e-5,4.580453474035041,chr8,21670177,,8,21670177,NA,1
2.6360217763524147e-5,0.022223643805643824,1,-4.447533201830008,-0.046178465146323365,-0.025531591237437676,-0.06682533905520906,0.010382938822653984,92,chr14,103099578,cg10422233,-0.046178465146323365,2.6360217763524147e-5,4.579051006327411,chr14,103565915,C14orf73,14,103099578,C14orf73,1
2.6444828709163706e-5,0.02225313155582305,1,-4.4466820793339,-0.11790947504398858,-0.06518082701940314,-0.170638123068574,0.02651628178951149,92,chr9,125345705,cg14556243,-0.11790947504398858,2.6444828709163706e-5,4.577659241687384,chr9,128107984,GAPVD1,9,125345705,GAPVD1,1
2.6497928242804446e-5,0.02225313155582305,1,-4.446149282926645,-0.07274690131050764,-0.04021087810781775,-0.10528292451319751,0.01636177660292651,92,chr2,46440152,cg00464492,-0.07274690131050764,2.6497928242804446e-5,4.576788080323223,chr2,46667291,LOC101805491,2,46440152,LOC101805491,1
2.6502644858883487e-5,0.02225313155582305,1,-4.446102006764287,-0.028491105583900184,-0.015748334242954676,-0.04123387692484569,0.006408108842431843,92,chr10,74008703,cg00755791,-0.028491105583900184,2.6502644858883487e-5,4.576710783032952,chr10,75768461,VCL;VCL,10,74008703,VCL,1
2.654426113274529e-5,0.02225313155582305,1,-4.445685225978069,-0.036762712925727296,-0.020318887638210822,-0.05320653821324377,0.008269301818965229,92,chr12,29121779,cg08376577,-0.036762712925727296,2.654426113274529e-5,4.57602935886822,chr12,29274712,,12,29121779,NA,1
2.6546647104424468e-5,0.02225313155582305,1,-4.44566134999875,-0.08792800661682781,-0.04859792380035735,-0.12725808943329828,0.01977838609251074,92,chr1,212439184,cg17078207,-0.08792800661682781,2.6546647104424468e-5,4.57599032339607,chr1,212612526,NENF;NENF,1,212439184,NENF,1
2.6549702638023823e-5,0.02225313155582305,1,-4.4456307768692165,-0.08457725186957947,-0.046745697116252205,-0.12240880662290674,0.019024803478875953,92,chr9,91163792,cg22292738,-0.08457725186957947,2.6549702638023823e-5,4.575940338740274,chr9,93926074,,9,91163792,NA,1
2.6625531821788698e-5,0.02229506451052553,1,-4.444873132309064,-0.045841702552718466,-0.025333132540194887,-0.06635027256524205,0.010313388298870118,92,chr3,171156439,cg10745845,-0.045841702552718466,2.6625531821788698e-5,4.574701708812868,chr3,170874228,TNIK;TNIK;TNIK;TNIK;TNIK;TNIK;TNIK;TNIK,3,171156439,TNIK,1
2.673515594325673e-5,0.022351462762774242,1,-4.443781510357183,-0.08011498321882923,-0.044264496278518715,-0.11596547015913974,0.018028560367359225,92,chr15,58279941,cg04979283,-0.08011498321882923,2.673515594325673e-5,4.572917278363776,chr15,58572140,,15,58279941,NA,1
2.6744614948190324e-5,0.022351462762774242,1,-4.44368752199341,-0.057336464022818744,-0.03167854650524389,-0.0829943815403936,0.012902901866758168,92,chr22,36884246,cg21306887,-0.057336464022818744,2.6744614948190324e-5,4.5727636504173095,chr22,37280288,,22,36884246,NA,1
2.6823765523311944e-5,0.022370038664473603,1,-4.442902309485697,-0.04498877106944635,-0.024852855741899865,-0.06512468639699283,0.010125987009301174,92,chr2,197280658,cg22536405,-0.04498877106944635,2.6823765523311944e-5,4.5714802558951035,chr2,198145382,ANKRD44-IT1;ANKRD44;ANKRD44,2,197280658,ANKRD44-IT1,1
2.6836701677143765e-5,0.022370038664473603,1,-4.442774189721199,-0.055143134669127764,-0.030461653391744108,-0.07982461594651141,0.012411869771978713,92,chr2,233194060,cg26256051,-0.055143134669127764,2.6836701677143765e-5,4.57127086150746,chr2,234102706,INPP5D;INPP5D,2,233194060,INPP5D,1
2.6863508933618142e-5,0.022370038664473603,1,-4.442508880596542,-0.04234558903342877,-0.0233910213209481,-0.06130015674590944,0.009531908696543244,92,chr17,4840029,cg07307484,-0.04234558903342877,2.6863508933618142e-5,4.570837260059851,chr17,4743324,MINK1;MINK1;MINK1;MINK1,17,4840029,MINK1,1
2.687038869750183e-5,0.022370038664473603,1,-4.442440833476624,-0.0981120802939002,-0.054194860169379556,-0.14202930041842085,0.022085174338071795,92,chr8,98093348,cg17203290,-0.0981120802939002,2.687038869750183e-5,4.570726051171625,chr8,99105576,C8orf47;C8orf47,8,98093348,C8orf47,1
2.692344760925788e-5,0.022374196456281255,1,-4.4419165983341165,-0.0494156979446278,-0.027293486237115496,-0.0715379096521401,0.011124859472408943,92,chr10,94611824,cg25949669,-0.0494156979446278,2.692344760925788e-5,4.56986932848196,chr10,96371581,,10,94611824,NA,1
2.6927165955216798e-5,0.022374196456281255,1,4.441879897655418,0.14264117540500784,0.20649870416919736,0.07878364664081831,0.03211279428790926,92,chr15,49493189,cg24799894,0.14264117540500784,2.6927165955216798e-5,4.569809353041479,chr15,49785386,FAM227B,15,49493189,FAM227B,1
2.7054030514455406e-5,0.022458015924234073,1,-4.4406306530772515,-0.13446571038011942,-0.07425123477643535,-0.1946801859838035,0.03028076885586913,92,chr12,117000402,cg09166450,-0.13446571038011942,2.7054030514455406e-5,4.567768024465322,chr12,117438207,FBXW8;FBXW8,12,117000402,FBXW8,1
2.7101540003095737e-5,0.022475863720494423,1,-4.4401642821734315,-0.09318910414562279,-0.05145413389637782,-0.13492407439486775,0.020987760412325855,92,chr1,6317449,cg07906050,-0.09318910414562279,2.7101540003095737e-5,4.567006030312161,chr1,6377509,ACOT7;ACOT7;ACOT7;ACOT7,1,6317449,ACOT7,1
2.7216367641748958e-5,0.02253400556863274,1,-4.439040349941842,-0.11272207028454126,-0.062226431062924664,-0.16321770950615785,0.02539334211864465,92,chr10,73859742,cg26054828,-0.11272207028454126,2.7216367641748958e-5,4.565169837193275,chr10,75619500,CAMK2G;CAMK2G;CAMK2G;CAMK2G;CAMK2G;CAMK2G,10,73859742,CAMK2G,1
2.722555659259704e-5,0.02253400556863274,1,4.438950606943515,0.1479841510977258,0.21427733892998124,0.08169096326547036,0.033337643105612706,92,chr3,48217846,cg16332119,0.1479841510977258,2.722555659259704e-5,4.5650232328716305,chr3,48259336,,3,48217846,NA,1
2.7249877127196622e-5,0.02253400556863274,1,-4.438713224173017,-0.07790642692638108,-0.04300443531435031,-0.11280841853841186,0.017551579250965454,92,chr10,126146983,cg19873117,-0.07790642692638108,2.7249877127196622e-5,4.564635451666267,chr10,127835552,ADAM12;ADAM12;ADAM12;ADAM12;ADAM12,10,126146983,ADAM12,1
2.7308574629555436e-5,0.02253491265404453,1,-4.438141145355183,-0.03324436908569984,-0.018349009365347464,-0.04813972880605222,0.007490606539292319,92,chr14,22457875,cg15792125,-0.03324436908569984,2.7308574629555436e-5,4.5637009672595195,chr14,22926867,,14,22457875,NA,1
2.7316423609478262e-5,0.02253491265404453,1,-4.438064737673299,-0.04136436470694513,-0.02283046809384844,-0.05989826132004182,0.009320360822098061,92,chr19,16399390,cg12157806,-0.04136436470694513,2.7316423609478262e-5,4.563576161079111,chr19,16510201,EPS15L1;EPS15L1;EPS15L1;EPS15L1;EPS15L1,19,16399390,EPS15L1,1
2.7329206507001856e-5,0.02253491265404453,1,-4.437940345109651,-0.040504949997509726,-0.02235561776603548,-0.05865428222898397,0.009126970361858016,92,chr8,17172560,cg08476824,-0.040504949997509726,2.7329206507001856e-5,4.563372977697507,chr8,17172560,MTMR7,8,17172560,MTMR7,1
2.7356410859938672e-5,0.022535840950846257,1,-4.437675802197669,-0.05575524140570536,-0.030771116662114118,-0.08073936614929661,0.012564063688044476,92,chr12,131959319,cg08420885,-0.05575524140570536,2.7356410859938672e-5,4.562940882316393,chr12,132443864,EP400,12,131959319,EP400,1
2.7404902218120675e-5,0.022547851038880396,1,-4.43720488901673,-0.06239535685964285,-0.03443280513071477,-0.09035790858857093,0.014061860657840718,92,chr12,124420684,cg17429587,-0.06239535685964285,2.7404902218120675e-5,4.562171743170558,chr12,124905230,NCOR2;NCOR2,12,124420684,NCOR2,1
2.742317490657118e-5,0.022547851038880396,1,-4.437027646948079,-0.03977368125959805,-0.021948347730347335,-0.05759901478884877,0.008964037284499586,92,chr15,84948824,cg20113880,-0.03977368125959805,2.742317490657118e-5,4.561882266374232,chr15,85492055,,15,84948824,NA,1
2.7498636570371444e-5,0.0225884047429274,1,-4.436296889675277,-0.07721655496878566,-0.04260478335655442,-0.11182832658101689,0.017405632871076323,92,chr18,63210617,cg11416737,-0.07721655496878566,2.7498636570371444e-5,4.560688838702221,chr18,60877850,BCL2,18,63210617,BCL2,1
2.754227986587447e-5,0.022602769449814965,1,-4.4358751409512855,-0.10675319752636755,-0.05889728639449243,-0.15460910865824268,0.024065870687125346,92,chr1,2150545,cg07693617,-0.10675319752636755,2.754227986587447e-5,4.560000113019272,chr1,2081984,PRKCZ;PRKCZ;PRKCZ,1,2150545,PRKCZ,1
2.7581715077120393e-5,0.02261365678114207,1,4.435494612991213,0.04792644359695709,0.069413016806681,0.026439870387233187,0.010805208387940395,92,chr20,19986626,cg17855178,0.04792644359695709,2.7581715077120393e-5,4.559378732164122,chr20,19967270,RIN2;RIN2,20,19986626,RIN2,1
2.7636572698145107e-5,0.022637155990755914,1,4.434966141919228,0.14987474902191533,0.21707519737826084,0.08267430066556983,0.03379388798604383,92,chr12,121277086,cg17541002,0.14987474902191533,2.7636572698145107e-5,4.558515816239007,chr12,121714889,CAMKK2;CAMKK2;CAMKK2;CAMKK2;CAMKK2;CAMKK2;CAMKK2,12,121277086,CAMKK2,1
2.7703846159540864e-5,0.02267077089626852,1,-4.434319446681684,-0.12031711224218584,-0.06636177220605026,-0.17427245227832144,0.027133162977742223,92,chr7,29193860,cg22747501,-0.12031711224218584,2.7703846159540864e-5,4.557459933104856,chr7,29233476,CHN2,7,29193860,CHN2,1
2.776998944044976e-5,0.02267576399704297,1,4.433685095513784,0.07381643436431418,0.10692361738631317,0.04070925134231518,0.016649002528168994,92,chr17,9865853,cg21821767,0.07381643436431418,2.776998944044976e-5,4.556424285390372,chr17,9769170,GLP2R,17,9865853,GLP2R,1
2.7790470086215803e-5,0.02267576399704297,1,-4.433488971033109,-0.08277947460502556,-0.045650663444368245,-0.11990828576568288,0.01867140645795629,92,chr15,74610635,cg24678767,-0.08277947460502556,2.7790470086215803e-5,4.556104106906584,chr15,74902976,CLK3,15,74610635,CLK3,1
2.7806703967438414e-5,0.02267576399704297,1,-4.4333336132810395,-0.061903919412011815,-0.03413738080272255,-0.08967045802130108,0.013963289211207751,92,chr7,44998726,cg21789367,-0.061903919412011815,2.7806703967438414e-5,4.555850486633425,chr7,45038325,CCM2;CCM2;CCM2;CCM2,7,44998726,CCM2,1
2.7814909688186282e-5,0.02267576399704297,1,-4.433255118169727,-0.061921698717163506,-0.03414669355905662,-0.0896967038752704,0.013967546885216914,92,chr2,102310818,cg17738684,-0.061921698717163506,2.7814909688186282e-5,4.555722345825114,chr2,102927278,IL1RL1,2,102310818,IL1RL1,1
2.7847746048256145e-5,0.022681136138635854,1,-4.432941232869718,-0.09349024626287342,-0.05155218591975596,-0.13542830660599087,0.021089890741085096,92,chr6,135161327,cg15202169,-0.09349024626287342,2.7847746048256145e-5,4.555209950164155,chr6,135482465,,6,135161327,NA,1
2.7916168794237565e-5,0.022715454892540468,1,-4.432288323516417,-0.03623680329792351,-0.019979223844326825,-0.0524943827515202,0.008175642163363268,92,chr2,212911398,cg26131735,-0.03623680329792351,2.7916168794237565e-5,4.554144184390245,chr2,213776122,,2,212911398,NA,1
2.7975043854325894e-5,0.022741947409975004,1,-4.431727759078726,-0.11569775154732122,-0.06378358863983358,-0.16761191445480886,0.02610669198041457,92,chr13,30143971,cg19928703,-0.11569775154732122,2.7975043854325894e-5,4.553229223989002,chr13,30143971,SLC7A1,13,30143971,SLC7A1,1
2.8052666372330344e-5,0.02275468743704784,1,-4.430990437322657,-0.1102847532083638,-0.060791195461870784,-0.1597783109548568,0.02488941349984075,92,chr1,28902891,cg12645785,-0.1102847532083638,2.8052666372330344e-5,4.552025853275727,chr1,29229403,EPB41;EPB41;EPB41;EPB41;EPB41,1,28902891,EPB41,1
2.8056541498160514e-5,0.02275468743704784,1,-4.430953679981314,-0.03688526539122774,-0.020331769973229184,-0.05343876080922629,0.00832445294065527,92,chr2,207269914,cg10580067,-0.03688526539122774,2.8056541498160514e-5,4.55196586505521,chr2,208134638,MIR1302-4,2,207269914,MIR1302-4,1
2.806971089333011e-5,0.02275468743704784,1,4.430828798945258,0.1186937301029373,0.1719630091364873,0.0654244510693873,0.026788155329132077,92,chr17,49277853,cg27059140,0.1186937301029373,2.806971089333011e-5,4.551762060400046,chr17,47355215,,17,49277853,NA,1
2.8176857768536314e-5,0.022820138701402242,1,-4.429814862177824,-0.10250105635891539,-0.0564884562096261,-0.1485136565082047,0.02313890298984706,92,chr14,90805694,cg10046114,-0.10250105635891539,2.8176857768536314e-5,4.5501074402498904,chr14,91272038,TTC7B,14,90805694,TTC7B,1
2.821717981151427e-5,0.022831397348763747,1,-4.429434258277016,-0.06487316032882025,-0.03574917487414507,-0.09399714578349543,0.014645924636446673,92,chr17,55187039,cg08805459,-0.06487316032882025,2.821717981151427e-5,4.549486394320213,chr17,55187039,AKAP1;AKAP1;AKAP1,17,55187039,AKAP1,1
2.8285358340107747e-5,0.022836842674861867,1,-4.428791909629969,-0.029943846163776128,-0.01649898511280265,-0.043388707214749606,0.0067611770376174605,92,chr16,4489232,cg07212747,-0.029943846163776128,2.8285358340107747e-5,4.548438314920897,chr16,4539233,HMOX2;HMOX2;HMOX2,16,4489232,HMOX2,1
2.8323214298837966e-5,0.022836842674861867,1,-4.428435893632714,-0.029361396799547683,-0.016176997104442294,-0.04254579649465307,0.006630195740614431,92,chr5,32653371,cg02075586,-0.029361396799547683,2.8323214298837966e-5,4.547857461680194,chr5,32653477,,5,32653371,NA,1
2.833616653949496e-5,0.022836842674861867,1,-4.428314190107406,-0.08314313820353997,-0.04580763607600714,-0.1204786403310728,0.018775347600510566,92,chr11,65489884,cg08589455,-0.08314313820353997,2.833616653949496e-5,4.547658903677605,chr11,65489884,RNASEH2C,11,65489884,RNASEH2C,1
2.835346093712041e-5,0.022836842674861867,1,-4.428151770126788,-0.055841735013422454,-0.030765033163582145,-0.08091843686326276,0.01261061903752761,92,chr14,67192523,cg23489421,-0.055841735013422454,2.835346093712041e-5,4.547393921809708,chr14,67659240,FAM71D,14,67192523,FAM71D,1
2.8356044064153972e-5,0.022836842674861867,1,-4.428127518969818,-0.02328976545037352,-0.012831034131897468,-0.03374849676884957,0.00525950649582733,92,chr11,2718990,cg00204065,-0.02328976545037352,2.8356044064153972e-5,4.547354357443294,chr11,2740220,KCNQ1;KCNQ1,11,2718990,KCNQ1,1
2.8514693492187763e-5,0.022943230363743985,1,-4.4266421533331775,-0.07228903611610792,-0.03981531705959113,-0.1047627551726247,0.016330444976600522,92,chr8,125466830,cg24962381,-0.07228903611610792,2.8514693492187763e-5,4.5449312923365275,chr8,126479072,,8,125466830,NA,1
2.8551781376741415e-5,0.022951701376998927,1,-4.426296068740534,-0.06852670620829143,-0.037740696066040164,-0.0993127163505427,0.015481726740387284,92,chr20,51460852,cg16128068,-0.06852670620829143,2.8551781376741415e-5,4.544366790467019,chr20,50077389,NFATC2;NFATC2;NFATC2;NFATC2;NFATC2;NFATC2;NFATC2;NFATC2,20,51460852,NFATC2,1
2.8639146178775374e-5,0.022993579612718668,1,-4.425482542323058,-0.028984019097632284,-0.015960391008765805,-0.04200764718649876,0.006549346612588323,92,chr10,110963538,cg15350322,-0.028984019097632284,2.8639146178775374e-5,4.543039933828352,chr10,112723296,SHOC2;SHOC2,10,110963538,SHOC2,1
2.872121917390966e-5,0.022993579612718668,1,-4.424720476533528,-0.09254664788447457,-0.05095473803054906,-0.13413855773840008,0.020915817931391377,92,chr15,52157096,cg26997652,-0.09254664788447457,2.872121917390966e-5,4.541797128870425,chr15,52157096,TMOD3,15,52157096,TMOD3,1
2.8747350592675874e-5,0.022993579612718668,1,-4.424478282692219,-0.02584506569708748,-0.014229253463690661,-0.0374608779304843,0.005841381524730008,92,chr9,81611006,cg13769718,-0.02584506569708748,2.8747350592675874e-5,4.541402174487439,chr9,84225921,TLE1,9,81611006,TLE1,1
2.8754509881188895e-5,0.022993579612718668,1,-4.424411965423916,-0.06581614943328548,-0.036235280811335126,-0.09539701805523584,0.014875682903768533,92,chr3,57807083,cg20034856,-0.06581614943328548,2.8754509881188895e-5,4.541294030525279,chr3,57807083,SLMAP,3,57807083,SLMAP,1
2.875649595796985e-5,0.022993579612718668,1,-4.424393571008951,-0.06624331178839754,-0.036470332561669566,-0.09601629101512552,0.014972291846380936,92,chr2,171320552,cg26740709,-0.06624331178839754,2.875649595796985e-5,4.541264034799266,chr2,172177062,METTL8,2,171320552,METTL8,1
2.8770568003835905e-5,0.022993579612718668,1,-4.42426327536416,-0.08068374195887934,-0.04441946027265723,-0.11694802364510146,0.018236650248224275,92,chr19,43715996,cg20673965,-0.08068374195887934,2.8770568003835905e-5,4.541051563952685,chr19,44220148,IRGC,19,43715996,IRGC,1
2.883158838812717e-5,0.022993579612718668,1,-4.423698988854155,-0.054100679668656074,-0.0297813744176581,-0.07841998491965405,0.012229738009970128,92,chr2,38749267,cg20957316,-0.054100679668656074,2.883158838812717e-5,4.5401314308273175,chr2,38976409,SFRS7,2,38749267,SFRS7,1
2.8860610365484475e-5,0.022993579612718668,1,4.423431013184217,0.09594843228934173,0.13908172723205126,0.05281513734663219,0.021690952566766276,92,chr6,24489993,cg15458313,0.09594843228934173,2.8860610365484475e-5,4.539694488365227,chr6,24490221,GPLD1,6,24489993,GPLD1,1
2.887041782376472e-5,0.022993579612718668,1,-4.423340514528704,-0.09683247944737249,-0.05330087346892997,-0.140364085425815,0.021891255970305907,92,chr10,72784301,cg12580580,-0.09683247944737249,2.887041782376472e-5,4.53954693079741,chr10,74544059,CCDC109A,10,72784301,CCDC109A,1
2.890166164440423e-5,0.022993579612718668,1,-4.423052409270037,-0.04762892941708594,-0.026215671659881895,-0.06904218717428999,0.010768339375148041,92,chr5,148950973,cg04293770,-0.04762892941708594,2.890166164440423e-5,4.539077187615407,chr5,148330536,,5,148950973,NA,1
2.8920688884606553e-5,0.022993579612718668,1,-4.422877103021176,-0.18685750030367507,-0.10284581957738735,-0.27086918102996277,0.042247952170327445,92,chr8,2082244,cg17474790,-0.18685750030367507,2.8920688884606553e-5,4.538791366452885,chr8,2082244,MYOM2,8,2082244,MYOM2,1
2.8979502483429548e-5,0.022993579612718668,1,-4.422335932325638,-0.08813096388730435,-0.04850217491611862,-0.12775975285849006,0.019928600005960567,92,chr2,144431535,cg14807945,-0.08813096388730435,2.8979502483429548e-5,4.5379090747156345,chr2,145189102,ZEB2;ZEB2,2,144431535,ZEB2,1
2.898208397730926e-5,0.022993579612718668,1,-4.422312203173598,-0.09761133208185278,-0.053719384624839044,-0.14150327953886652,0.022072465171455703,92,chr19,5620137,cg13969581,-0.09761133208185278,2.898208397730926e-5,4.537870389489221,chr19,5620148,SAFB2,19,5620137,SAFB2,1
2.9000961669817594e-5,0.022993579612718668,1,-4.422138741103533,-0.04294917447254091,-0.023635875344484452,-0.06226247360059736,0.009712308226182667,92,chr5,36648677,cg14453864,-0.04294917447254091,2.9000961669817594e-5,4.537587600688267,chr5,36648779,SLC1A3;SLC1A3;SLC1A3;SLC1A3,5,36648677,SLC1A3,1
2.9003952399545157e-5,0.022993579612718668,1,4.422111270111201,0.15021432561166234,0.21776282361846333,0.08266582760486137,0.03396891584952926,92,chr11,60389688,cg08716584,0.15021432561166234,2.9003952399545157e-5,4.537542816295788,chr11,60157161,MS4A7;MS4A7;MS4A7;MS4A7,11,60389688,MS4A7,1
2.9049677479336447e-5,0.022993579612718668,1,-4.421691608698688,-0.019409599277003104,-0.010680646776481562,-0.028138551777524647,0.0043896320672430125,92,chr1,119656329,cg25648724,-0.019409599277003104,2.9049677479336447e-5,4.536858684950829,chr1,120198952,,1,119656329,NA,1
2.9080888399842786e-5,0.022993579612718668,1,-4.421405523959629,-0.03950261521794378,-0.021736212206156156,-0.057269018229731405,0.008934402194930734,92,chr2,197205632,cg21247590,-0.03950261521794378,2.9080888399842786e-5,4.5363923302319815,chr2,198070356,,2,197205632,NA,1
2.908937806948615e-5,0.022993579612718668,1,-4.421327757551553,-0.0627967947198829,-0.03455327767222735,-0.09104031176753846,0.014203153026288775,92,chr3,125462862,cg04569594,-0.0627967947198829,2.908937806948615e-5,4.5362655638638945,chr3,125181706,SNX4,3,125462862,SNX4,1
2.910943456280171e-5,0.022993579612718668,1,-4.421144124797597,-0.09210453273551936,-0.05067783253977275,-0.13353123293126595,0.020832736987450272,92,chr4,173289360,cg18559987,-0.09210453273551936,2.910943456280171e-5,4.5359662304471415,chr4,174210511,GALNT7,4,173289360,GALNT7,1
2.915969126578558e-5,0.02301224249014716,1,-4.420684522744866,-0.09426465107356229,-0.051861966656383075,-0.1366673354907415,0.021323541770185406,92,chr3,52775926,cg09469170,-0.09426465107356229,2.915969126578558e-5,4.535217078511659,chr3,52809942,,3,52775926,NA,1
2.9256415755250535e-5,0.023029400728869803,1,4.419802121126115,0.11752553490476064,0.17040212260561807,0.06464894720390321,0.02659067797243748,92,chr4,6939188,cg06496803,0.11752553490476064,2.9256415755250535e-5,4.53377888098119,chr4,6940915,TBC1D14;TBC1D14,4,6939188,TBC1D14,1
2.9258384232426763e-5,0.023029400728869803,1,-4.4197841923484615,-0.023709223575318066,-0.013042027495955658,-0.034376419654680475,0.005364339647253256,92,chr2,97914509,cg10844679,-0.023709223575318066,2.9258384232426763e-5,4.533749661065001,chr2,98530972,TMEM131,2,97914509,TMEM131,1
2.9286928721173252e-5,0.023029400728869803,1,-4.4195243418305985,-0.10853906391355533,-0.05970256161943215,-0.1573755662076785,0.024558992216931128,92,chr7,131586343,cg04893386,-0.10853906391355533,2.9286928721173252e-5,4.533326169779082,chr7,131271102,,7,131586343,NA,1
2.931215180453599e-5,0.023029400728869803,1,-4.419294931041875,-0.06791914207415965,-0.03735774414036563,-0.09848054000795367,0.01536877333012651,92,chr1,26546574,cg06164953,-0.06791914207415965,2.931215180453599e-5,4.532952298841201,chr1,26546574,,1,26546574,NA,1
2.9314681678404704e-5,0.023029400728869803,1,-4.419271931690528,-0.051327848449726286,-0.028231871123895916,-0.07442382577555666,0.011614548559832927,92,chr2,75676680,cg19603594,-0.051327848449726286,2.9314681678404704e-5,4.532914817360572,chr2,75903806,GCFC2;GCFC2,2,75676680,GCFC2,1
2.9392453676644106e-5,0.023052640480221716,1,-4.418565833353835,-0.01636385278191152,-0.00899943794871692,-0.02372826761510612,0.0037034307961166723,92,chr1,183982945,cg14331449,-0.01636385278191152,2.9392453676644106e-5,4.531764157590304,chr1,183952079,COLGALT2;COLGALT2;COLGALT2,1,183982945,COLGALT2,1
2.939761732797509e-5,0.023052640480221716,1,-4.418519016142857,-0.04242740468886764,-0.023333104389249758,-0.06152170498848552,0.009602177683033853,92,chr21,29130785,cg16348111,-0.04242740468886764,2.939761732797509e-5,4.531687867657431,chr21,30503106,MAP3K7CL;MAP3K7CL;MAP3K7CL;MAP3K7CL;MAP3K7CL;MAP3K7CL;MAP3K7CL;MAP3K7CL;MAP3K7CL;MAP3K7CL,21,29130785,MAP3K7CL,1
2.945172993762631e-5,0.023054520558382374,1,-4.418028871949204,-0.0653610887972198,-0.03594230335304343,-0.09477987424139617,0.014794174210179605,92,chr9,133136079,cg11134013,-0.0653610887972198,2.945172993762631e-5,4.530889190510167,chr9,136011466,RALGDS,9,133136079,RALGDS,1
2.9473035513814827e-5,0.023054520558382374,1,-4.417836128095399,-0.034835896238321444,-0.019155703513521468,-0.05051608896312142,0.007885284838154413,92,chr2,69560341,cg04871139,-0.034835896238321444,2.9473035513814827e-5,4.530575132592252,chr2,69787473,AAK1,2,69560341,AAK1,1
2.9480051214384183e-5,0.023054520558382374,1,-4.417772689082143,-0.10248861394044645,-0.05635619108765999,-0.1486210367932329,0.023199159656568925,92,chr1,936855,cg00582671,-0.10248861394044645,2.9480051214384183e-5,4.530471766331808,chr1,872235,SAMD11,1,936855,SAMD11,1
2.9542037838663192e-5,0.023055818149369172,1,-4.417212812769445,-0.05380837304064805,-0.029584948091178762,-0.07803179799011734,0.012181521543425932,92,chr8,29585318,cg03603593,-0.05380837304064805,2.9542037838663192e-5,4.529559549932638,chr8,29442834,,8,29585318,NA,1
2.9558059178984274e-5,0.023055818149369172,1,-4.417068289441433,-0.06992622223420418,-0.03844584246764062,-0.10140660200076773,0.015830912644333787,92,chr5,82111363,cg23029518,-0.06992622223420418,2.9558059178984274e-5,4.529324085687545,chr5,81407182,ATG10;ATG10,5,82111363,ATG10,1
2.9561751300119706e-5,0.023055818149369172,1,-4.417034994754334,-0.06375546317463217,-0.03505290700188109,-0.09245801934738325,0.014433995485738302,92,chr17,31490110,cg05000339,-0.06375546317463217,2.9561751300119706e-5,4.529269840999522,chr17,29817128,RAB11FIP4,17,31490110,RAB11FIP4,1
2.9736677260115432e-5,0.023171333749038115,1,-4.415462145235446,-0.023372038507876995,-0.012846254890894712,-0.03389782212485928,0.00529322588193783,92,chr12,120557412,cg24266106,-0.023372038507876995,2.9736677260115432e-5,4.526707560636386,chr12,120995215,RNF10,12,120557412,RNF10,1
2.9789928903274974e-5,0.023188525659204515,1,-4.414985108871674,-0.05970638562590478,-0.03281423414465634,-0.08659853710715322,0.013523575766071785,92,chr5,179773572,cg10113951,-0.05970638562590478,2.9789928903274974e-5,4.525930533272106,chr5,179200573,MAML1,5,179773572,MAML1,1
2.9815025643182214e-5,0.023188525659204515,1,4.4147605743292,0.1429555932841642,0.20734701397682243,0.07856417259150598,0.03238127886604259,92,chr1,9279624,cg20700740,0.1429555932841642,2.9815025643182214e-5,4.525564812791905,chr1,9339683,,1,9279624,NA,1
2.983924186142649e-5,0.023188525659204515,1,-4.4145440908402325,-0.08258037792285211,-0.045381913033743,-0.11977884281196122,0.01870643405605546,92,chr16,81484060,cg05499338,-0.08258037792285211,2.983924186142649e-5,4.525212215367657,chr16,81517665,CMIP,16,81484060,CMIP,1
2.987939242275578e-5,0.02319567288404736,1,-4.414185534746405,-0.09497427704715575,-0.052189485191446436,-0.13775906890286505,0.021515696678257548,92,chr2,30871497,cg17738841,-0.09497427704715575,2.987939242275578e-5,4.524628237851527,chr2,31094363,,2,30871497,NA,1
2.9902123229279987e-5,0.02319567288404736,1,-4.413982748634859,-0.036786833568698094,-0.02021403749471499,-0.0533596296426812,0.008334158890873643,92,chr2,111114262,cg15995935,-0.036786833568698094,2.9902123229279987e-5,4.524297973079523,chr2,111871839,ACOXL,2,111114262,ACOXL,1
2.995531863575191e-5,0.02319629369200101,1,-4.413508763836939,-0.043740508695333,-0.024032903807827508,-0.06344811358283849,0.009910597448843997,92,chr19,39867347,cg14879797,-0.043740508695333,2.995531863575191e-5,4.523526056443744,chr19,39867347,SAMD4B;SAMD4B;SAMD4B;SAMD4B,19,39867347,SAMD4B,1
2.995660920795546e-5,0.02319629369200101,1,-4.413497274623818,-0.04866884885816075,-0.026740687319013693,-0.07059701039730781,0.011027275158408026,92,chr1,83921990,cg06585645,-0.04866884885816075,2.995660920795546e-5,4.523507346033088,chr1,83921990,,1,83921990,NA,1
3.00114806867265e-5,0.02321021647949014,1,-4.413009228156528,-0.08048952735023356,-0.044220279278392845,-0.11675877542207427,0.018239147753574245,92,chr17,60382229,cg02979987,-0.08048952735023356,3.00114806867265e-5,4.522712577110596,chr17,58459590,USP32,17,60382229,USP32,1
3.002830754782721e-5,0.02321021647949014,1,-4.412859736970214,-0.0766614928280621,-0.04211601860447034,-0.11120696705165387,0.017372293115460867,92,chr1,120809607,cg18529857,-0.0766614928280621,3.002830754782721e-5,4.522469144769143,chr1,120809607,,1,120809607,NA,1
3.008312150645659e-5,0.023231804840078172,1,-4.412373326596779,-0.02114260196987633,-0.011614197290441105,-0.030671006649311553,0.004791662084083764,92,chr16,27967020,cg00141783,-0.02114260196987633,3.008312150645659e-5,4.5216771021663735,chr16,27978341,GSG1L,16,27967020,GSG1L,1
3.0170661221439145e-5,0.023269736651467362,1,-4.411598287897193,-0.02932324560143932,-0.01610572217498636,-0.04254076902789228,0.0066468530649957175,92,chr7,65899017,cg07527229,-0.02932324560143932,3.0170661221439145e-5,4.520415171705172,chr7,65899017,,7,65899017,NA,1
3.0189968224379214e-5,0.023269736651467362,1,-4.411427644832335,-0.09368098164794784,-0.05145242060554676,-0.13590954269034894,0.021235978279659257,92,chr11,70207148,cg15482717,-0.09368098164794784,3.0189968224379214e-5,4.520137344081375,chr11,70053254,FADD,11,70207148,FADD,1
3.0213023314123415e-5,0.023269736651467362,1,-4.411224012886426,-0.030559189564251264,-0.01678339270322675,-0.04433498642527578,0.006927598660820507,92,chr21,37446635,cg05426441,-0.030559189564251264,3.0213023314123415e-5,4.519805814185689,chr21,38818937,DYRK1A;DYRK1A;DYRK1A;DYRK1A,21,37446635,DYRK1A,1
3.0314517512661354e-5,0.023327115705789256,1,-4.410329358169794,-0.04862124829140804,-0.02669879811195102,-0.07054369847086506,0.011024403019094466,92,chr12,65182768,cg10854797,-0.04862124829140804,3.0314517512661354e-5,4.5183493396261545,chr12,65576548,LEMD3;LEMD3,12,65182768,LEMD3,1
3.0368436212103485e-5,0.023327700743363693,1,-4.409855251306428,-0.07488908445675582,-0.041119307112351414,-0.10865886180116023,0.01698220920847,92,chr14,55382671,cg03670333,-0.07488908445675582,3.0368436212103485e-5,4.517577571003694,chr14,55849389,ATG14,14,55382671,ATG14,1
3.036926760139901e-5,0.023327700743363693,1,-4.409847947279659,-0.08371303949407582,-0.0459642085749389,-0.12146187041321274,0.018983203161396216,92,chr1,32256677,cg10809828,-0.08371303949407582,3.036926760139901e-5,4.517565681591988,chr1,32722278,LCK,1,32256677,LCK,1
3.0480937046162048e-5,0.02336075883088881,1,-4.408868647922198,-0.06788084055460371,-0.03726444489705335,-0.09849723621215406,0.015396430688991936,92,chr8,135647035,cg01355027,-0.06788084055460371,3.0480937046162048e-5,4.515971686029219,chr8,136659278,KHDRBS3,8,135647035,KHDRBS3,1
3.0491899995258352e-5,0.02336075883088881,1,-4.4087726940702865,-0.07662852279486615,-0.04206589489630965,-0.11119115069342264,0.01738091938782193,92,chr2,86603288,cg25493477,-0.07662852279486615,3.0491899995258352e-5,4.515815513261795,chr2,86830411,RNF103-CHMP3,2,86603288,RNF103-CHMP3,1
3.0493403893345822e-5,0.02336075883088881,1,-4.408759533717041,-0.05612763253608608,-0.030811677090721017,-0.08144358798145115,0.012730935336081864,92,chr1,76866255,cg20417424,-0.05612763253608608,3.0493403893345822e-5,4.515794093850913,chr1,77331940,ST6GALNAC5,1,76866255,ST6GALNAC5,1
3.054888580720756e-5,0.023382533895544753,1,-4.408274459275657,-0.07407080011143446,-0.0406580347836877,-0.10748356543918122,0.016802674333395603,92,chr6,32173814,cg09597192,-0.07407080011143446,3.054888580720756e-5,4.515004624917522,chr6,32141591,AGPAT1;AGPAT1,6,32173814,AGPAT1,1
3.0629728608886516e-5,0.023392886799390375,1,-4.407569179448451,-0.07884460582763521,-0.04327272249951429,-0.11441648915575613,0.01788845565834126,92,chr19,16469575,cg13997453,-0.07884460582763521,3.0629728608886516e-5,4.513856851191638,chr19,16580386,EPS15L1;EPS15L1;EPS15L1;EPS15L1;EPS15L1;EPS15L1,19,16469575,EPS15L1,1
3.0666369661281987e-5,0.023392886799390375,1,4.407250112328909,0.05555065369243885,0.08061494830871349,0.0304863590761642,0.012604379664553321,92,chr1,111193173,cg08462276,0.05555065369243885,3.0666369661281987e-5,4.513337633518377,chr1,111735795,DENND2D;DENND2D,1,111193173,DENND2D,1
3.0715405355672754e-5,0.023392886799390375,1,-4.406823690118362,-0.04818315941275129,-0.026440953290613682,-0.0699253655348889,0.010933761548208696,92,chr9,140084348,cg14567374,-0.04818315941275129,3.0715405355672754e-5,4.512643748859142,chr9,140084348,ANAPC2;SSNA1,9,140084348,ANAPC2,1
3.072530762823896e-5,0.023392886799390375,1,-4.406737658283727,-0.08759061383099728,-0.048065385868431176,-0.1271158417935634,0.01987652105097421,92,chr11,74005322,cg10859442,-0.08759061383099728,3.072530762823896e-5,4.512503760172091,chr11,73716367,UCP3;UCP3,11,74005322,UCP3,1
3.072953079203755e-5,0.023392886799390375,1,-4.406700975213206,-0.07833079801215229,-0.04298376383630708,-0.11367783218799749,0.01777538309332697,92,chr2,100056543,cg10794399,-0.07833079801215229,3.072953079203755e-5,4.51244407091787,chr2,100673005,AFF3;AFF3,2,100056543,AFF3,1
3.0773658830897835e-5,0.023392886799390375,1,-4.40631796343501,-0.0811941725795236,-0.0445518462726278,-0.11783649888641941,0.01842676203880382,92,chr9,89304565,cg17542165,-0.0811941725795236,3.0773658830897835e-5,4.511820865286412,chr9,91919480,,9,89304565,NA,1
3.078197557050335e-5,0.023392886799390375,1,-4.4062458373193145,-0.05447284460596622,-0.02988925250391361,-0.07905643670801883,0.012362643079194732,92,chr6,155311241,cg15979123,-0.05447284460596622,3.078197557050335e-5,4.51170351082568,chr6,155632375,TFB1M,6,155311241,TFB1M,1
3.08109435153771e-5,0.023392886799390375,1,-4.405994762689811,-0.046066809978174146,-0.025275676181218353,-0.06685794377512994,0.010455484506761165,92,chr2,236073541,cg16942386,-0.046066809978174146,3.08109435153771e-5,4.51129500219433,chr2,236982185,AGAP1;AGAP1,2,236073541,AGAP1,1
3.085111697105767e-5,0.023392886799390375,1,-4.405646943809887,-0.08708810278109788,-0.04777990352253634,-0.12639630203965943,0.019767381247709874,92,chr7,2860915,cg17666401,-0.08708810278109788,3.085111697105767e-5,4.510729107624735,chr7,2900549,,7,2860915,NA,1
3.0878695522006144e-5,0.023392886799390375,1,-4.405408424169688,-0.0721486982104315,-0.03958180485924655,-0.10471559156161646,0.016377300641320168,92,chr15,64564163,cg24536162,-0.0721486982104315,3.0878695522006144e-5,4.510341054824671,chr15,64856362,ZNF609,15,64564163,ZNF609,1
3.0916912803023373e-05,0.023392886799390375,1,-4.405078233278432,-0.020516911758004457,-0.011255176234247568,-0.029778647281761345,0.004657558997024887,92,chr14,77860476,cg04491155,-0.020516911758004457,3.0916912803023373e-05,4.50980387890473,chr14,78326819,ADCK1;ADCK1,14,77860476,ADCK1,1
3.097154300117078e-5,0.023392886799390375,1,-4.404606922289338,-0.06291847568154153,-0.03451280512301215,-0.09132414624007092,0.01428469708911937,92,chr21,40114467,cg03124794,-0.06291847568154153,3.097154300117078e-5,4.509037157568588,chr21,40114467,LINC00114;LINC00114;LINC00114,21,40114467,LINC00114,1
3.0988814105545756e-5,0.023392886799390375,1,-4.404458086579821,-0.07900840219268526,-0.043337441337425016,-0.11467936304794552,0.01793827995171987,92,chr11,8696039,cg10224250,-0.07900840219268526,3.0988814105545756e-5,4.508795043227388,chr11,8717586,ST5;ST5;ST5,11,8696039,ST5,1
3.100628315954074e-5,0.023392886799390375,1,-4.4043076265981655,-0.06514553640621777,-0.03573242083434856,-0.09455865197808698,0.01479132293411925,92,chr3,32045368,cg14467794,-0.06514553640621777,3.100628315954074e-5,4.5085502911650615,chr3,32086860,,3,32045368,NA,1
3.102035401159459e-5,0.023392886799390375,1,-4.4041864947355744,-0.10546856233882498,-0.057848349112146036,-0.15308877556550393,0.02394734248081774,92,chr17,42016313,cg00823480,-0.10546856233882498,3.102035401159459e-5,4.508353250223098,chr17,40168331,NKIRAS2;DNAJC7;DNAJC7;DNAJC7,17,42016313,NKIRAS2,1
3.102849292305374e-5,0.023392886799390375,1,-4.404116453474015,-0.03918793918847361,-0.021493873231950445,-0.05688200514499678,0.008898025200392177,92,chr14,60250784,cg17773047,-0.03918793918847361,3.102849292305374e-5,4.508239317909114,chr14,60717502,PPM1A;PPM1A;PPM1A,14,60250784,PPM1A,1
3.1075300586608355e-5,0.023392886799390375,1,-4.403713984019646,-0.08043879803701098,-0.04411590108552544,-0.11676169498849653,0.018266126803173445,92,chr11,10445014,cg22323048,-0.08043879803701098,3.1075300586608355e-5,4.507584661802199,chr11,10466561,,11,10445014,NA,1
3.1088422902416595e-5,0.023392886799390375,1,-4.403601258749483,-0.10841305287268539,-0.05945686447566352,-0.15736924126970725,0.024619180189686857,92,chr2,62288757,cg13073332,-0.10841305287268539,3.1088422902416595e-5,4.5074013089040745,chr2,62515892,,2,62288757,NA,1
3.108871247888605e-5,0.023392886799390375,1,-4.403598771705536,-0.10329454907029097,-0.05664970210130373,-0.1499393960392782,0.02345684846085205,92,chr18,8720397,cg27550672,-0.10329454907029097,3.108871247888605e-5,4.5073972636401045,chr18,8720395,MTCL1,18,8720397,MTCL1,1
3.111512744250325e-5,0.023392886799390375,1,-4.403371999464614,-0.029335494509747494,-0.01608774684009769,-0.042583242179397296,0.006662052289316975,92,chr5,131306310,cg18748036,-0.029335494509747494,3.111512744250325e-5,4.507028415876278,chr5,130642003,CDC42SE2;CDC42SE2,5,131306310,CDC42SE2,1
3.1169879351515736e-5,0.023392886799390375,1,-4.402902547063392,-0.06405709913855781,-0.035126181765571855,-0.09298801651154376,0.014548834196042342,92,chr15,64013716,cg26987281,-0.06405709913855781,3.1169879351515736e-5,4.5062648787328605,chr15,64305915,DAPK2,15,64013716,DAPK2,1
3.1191789503535546e-5,0.023392886799390375,1,-4.402714908976871,-0.02255073531969655,-0.012365427617088717,-0.03273604302230438,0.005122006713111711,92,chr3,14673711,cg14306023,-0.02255073531969655,3.1191789503535546e-5,4.5059597086280165,chr3,14715218,C3orf20;C3orf20;C3orf20,3,14673711,C3orf20,1
3.120926148562191e-5,0.023392886799390375,1,-4.40256537060875,-0.11412817955630934,-0.0625790795745152,-0.1656772795381035,0.02592310844904698,92,chr1,26722098,cg19375767,-0.11412817955630934,3.120926148562191e-5,4.505716508057319,chr1,27048589,ARID1A;ARID1A,1,26722098,ARID1A,1
3.124448128533822e-5,0.023392886799390375,1,-4.402264178980864,-0.07145051549981181,-0.03917573658596938,-0.10372529441365425,0.016230401583112807,92,chr19,3521502,cg00477633,-0.07145051549981181,3.124448128533822e-5,4.505226681007303,chr19,3521502,FZR1;FZR1;FZR1,19,3521502,FZR1,1
3.127632301401816e-5,0.023392886799390375,1,-4.401992158298547,-0.00716925758526672,-0.003930645513535923,-0.010407869656997516,0.0016286393358859988,92,chr17,45845434,cg00911364,-0.00716925758526672,3.127632301401816e-5,4.504784310234547,chr17,43922800,LOC100128977;IMP5,17,45845434,LOC100128977,1
3.13041219740413e-5,0.023392886799390375,1,-4.40175489345374,-0.05592587720552922,-0.030660780813689975,-0.08119097359736846,0.01270535923949373,92,chr9,120688127,cg07973798,-0.05592587720552922,3.13041219740413e-5,4.504398472909898,chr9,123450405,MEGF9,9,120688127,MEGF9,1
3.1372285501537644e-5,0.023392886799390375,1,-4.401173977184324,-0.08627898857553716,-0.047296413915635854,-0.12526156323543847,0.01960363053649032,92,chr17,83082848,cg20290167,-0.08627898857553716,3.1372285501537644e-5,4.503453841373977,chr17,81040724,METRNL,17,83082848,METRNL,1
3.1428815421555004e-5,0.023392886799390375,1,-4.400693132168598,-0.0348639959444314,-0.019110023290298192,-0.050617968598564614,0.007922387427921139,92,chr3,171865377,cg19403429,-0.0348639959444314,3.1428815421555004e-5,4.502671987597662,chr3,171865377,FNDC3B;FNDC3B,3,171865377,FNDC3B,1
3.1433564395458844e-5,0.023392886799390375,1,-4.400652775358041,-0.06438117798719664,-0.03528902743518465,-0.09347332853920863,0.014629915440660628,92,chr11,93723168,cg23338316,-0.06438117798719664,3.1433564395458844e-5,4.50260636955485,chr11,93456334,CEP295,11,93723168,CEP295,1
3.143939245171297e-5,0.023392886799390375,1,-4.400603256555615,-0.0705417929883716,-0.038665464859855087,-0.10241812111688811,0.016030027902034772,92,chr17,39307224,cg21255908,-0.0705417929883716,3.143939245171297e-5,4.5025258550441425,chr17,37463477,FBXL20;FBXL20,17,39307224,FBXL20,1
3.1477834432858595e-5,0.023392886799390375,1,-4.400276851699307,-0.04595483705262155,-0.02518728827722043,-0.06672238582802267,0.010443624026718822,92,chr8,42783962,cg19138773,-0.04595483705262155,3.1477834432858595e-5,4.5019951532573925,chr8,42639105,,8,42783962,NA,1
3.148744530623844e-5,0.023392886799390375,1,-4.400195307506609,-0.08583764113746907,-0.04704585012772391,-0.12462943214721423,0.019507688895316188,92,chr21,26721446,cg00509949,-0.08583764113746907,3.148744530623844e-5,4.501862573863643,chr21,28093765,,21,26721446,NA,1
3.149201145862087e-5,0.023392886799390375,1,-4.400156574069701,-0.056505682371376036,-0.030969380492710166,-0.0820419842500419,0.012841743565300897,92,chr2,71330786,cg13682334,-0.056505682371376036,3.149201145862087e-5,4.50179959920846,chr2,71557916,ZNF638;ZNF638;ZNF638;ZNF638,2,71330786,ZNF638,1
3.150590516286397e-5,0.023392886799390375,1,-4.400038750923795,-0.0908969790802591,-0.04981730786802912,-0.13197665029248906,0.020658222398876634,92,chr22,50546393,cg14496081,-0.0908969790802591,3.150590516286397e-5,4.501608038613844,chr22,50984822,,22,50546393,NA,1
3.150987353439024e-5,0.023392886799390375,1,-4.400005107062956,-0.10285796079006364,-0.05637232879079775,-0.14934359278932952,0.023376782137128533,92,chr7,77242476,cg15154628,-0.10285796079006364,3.150987353439024e-5,4.5015533398734995,chr7,76871793,CCDC146,7,77242476,CCDC146,1
3.1558177899249936e-5,0.023408637380251188,1,-4.399595910720528,-0.0836220059004487,-0.04582635736661989,-0.12141765443427752,0.019006746891614825,92,chr9,68946869,cg15713581,-0.0836220059004487,3.1558177899249936e-5,4.500888079960259,chr9,71561785,PIP5K1B;PIP5K1B,9,68946869,PIP5K1B,1
3.166737847885796e-5,0.02346949266489028,1,-4.398673077609812,-0.09501386586117748,-0.0520602910296206,-0.13796744069273437,0.021600574578915264,92,chr2,98637847,cg11698890,-0.09501386586117748,3.166737847885796e-5,4.499387887347685,chr2,99254310,MGAT4A;MGAT4A,2,98637847,MGAT4A,1
3.17396424078032e-5,0.023502892430152484,1,-4.398064079429514,-0.10662556208990573,-0.058415932870111036,-0.15483519130970042,0.024243749105114547,92,chr4,10607416,cg27131706,-0.10662556208990573,3.17396424078032e-5,4.498397970498394,chr4,10609040,CLNK,4,10607416,CLNK,1
3.183262765544331e-5,0.023551565799406378,1,-4.397282423581487,-0.06792469238031276,-0.0372077961337444,-0.09864158862688113,0.015446970614407257,92,chr4,155514969,cg03073487,-0.06792469238031276,3.183262765544331e-5,4.497127510635726,chr4,156436121,,4,155514969,NA,1
3.187311646732339e-5,0.02356134930835795,1,-4.396942754853518,-0.07358665064965954,-0.04030673360109611,-0.10686656769822298,0.016735867340649753,92,chr17,25898825,cg26423824,-0.07358665064965954,3.187311646732339e-5,4.496575470307555,chr17,25898825,KSR1,17,25898825,KSR1,1
3.195452566958944e-5,0.023601339543954748,1,-4.396261057751427,-0.03515139991622744,-0.019251544967461273,-0.05105125486499361,0.007995748990895111,92,chr17,64641631,cg09083139,-0.03515139991622744,3.195452566958944e-5,4.495467624699961,chr17,62637749,SMURF2,17,64641631,SMURF2,1
3.20710021040823e-5,0.02365915990076772,1,-4.395288632204293,-0.03916013456014764,-0.02144311004834178,-0.05687715907195351,0.008909570641896238,92,chr7,42934604,cg12600182,-0.03916013456014764,3.20710021040823e-5,4.493887469710668,chr7,42974203,MRPL32,7,42934604,MRPL32,1
3.208756723782363e-5,0.02365915990076772,1,-4.395150612490122,-0.031877220943436195,-0.017454715850709134,-0.04629972603616325,0.007252816513920509,92,chr16,2252518,cg09970941,-0.031877220943436195,3.208756723782363e-5,4.49366320827811,chr16,2302519,DCI,16,2252518,DCI,1
3.218528197762576e-5,0.0237062467116381,1,-4.3943378581970745,-0.06747433772777178,-0.036940654446513066,-0.0980080210090305,0.015354836133481873,92,chr20,53846136,cg27332633,-0.06747433772777178,3.218528197762576e-5,4.492342681632404,chr20,52462675,,20,53846136,NA,1
3.22062943087132e-5,0.0237062467116381,1,-4.394163397276129,-0.06914813861397962,-0.03785577974700748,-0.10044049748095174,0.015736360340365,92,chr12,54544637,cg26345312,-0.06914813861397962,3.22062943087132e-5,4.492059242701618,chr12,54938421,,12,54544637,NA,1
3.228270016988207e-5,0.023742263759322493,1,-4.39352994197148,-0.06656647748044586,-0.03643808253169056,-0.09669487242920116,0.015151023973806337,92,chr2,201790412,cg19987296,-0.06656647748044586,3.228270016988207e-5,4.491030147437056,chr2,202655135,,2,201790412,NA,1
3.234129683511969e-5,0.023765132944440777,1,-4.3930451180913845,-0.06498671089543522,-0.03557008185714272,-0.09440333993372771,0.014793089792728907,92,chr6,46989821,cg26088931,-0.06498671089543522,3.234129683511969e-5,4.490242569555023,chr6,46957558,,6,46989821,NA,1
3.241242251023269e-5,0.023794976689941294,1,-4.39245777006083,-0.06911553174276239,-0.03782578346909838,-0.1004052800164264,0.015735047520287312,92,chr3,66353705,cg07410597,-0.06911553174276239,3.241242251023269e-5,4.489288508507777,chr3,66404129,SLC25A26;SLC25A26;SLC25A26,3,66353705,SLC25A26,1
3.2438123808297175e-5,0.023794976689941294,1,-4.392245838020192,-0.0968458538871419,-0.053000013039909935,-0.14069169473437387,0.02204927899272488,92,chr2,11777497,cg10142874,-0.0968458538871419,3.2438123808297175e-5,4.4889442729339795,chr2,11917623,LPIN1,2,11777497,LPIN1,1
3.2465260176356454e-5,0.023794976689941294,1,-4.392022248568796,-0.07053945947536437,-0.03860190880959351,-0.10247701014113524,0.016060815606831383,92,chr16,70614474,cg03837359,-0.07053945947536437,3.2465260176356454e-5,4.488581112344493,chr16,70648377,IL34;IL34,16,70614474,IL34,1
3.249205289593813e-5,0.023794976689941294,1,-4.391801667804556,-0.10260896349483127,-0.05614924310671687,-0.14906868388294567,0.02336375165732953,92,chr14,68971550,cg15867698,-0.10260896349483127,3.249205289593813e-5,4.488222848420724,chr14,69438267,ACTN1;ACTN1;ACTN1,14,68971550,ACTN1,1
3.2565636908999313e-5,0.023828670843510223,1,-4.391196764279031,-0.07154127346935465,-0.03914405092319517,-0.10393849601551414,0.016291976267453972,92,chr2,130368804,cg17334945,-0.07154127346935465,3.2565636908999313e-5,4.487240423605084,chr2,131126377,PTPN18;PTPN18,2,130368804,PTPN18,1
3.2614598922135075e-5,0.02384430701164202,1,-4.390794999708293,-0.07908711677676529,-0.04326950766752003,-0.11490472588601056,0.018012026701774857,92,chr8,90912932,cg19916413,-0.07908711677676529,3.2614598922135075e-5,4.486587957842845,chr8,91925160,NECAB1,8,90912932,NECAB1,1
3.2657542375276604e-5,0.02385552033700763,1,-4.390443100987712,-0.08275961021729948,-0.04527576863171021,-0.12024345180288876,0.018849944826452976,92,chr1,22745817,cg19851810,-0.08275961021729948,3.2657542375276604e-5,4.486016500953169,chr1,23072310,EPHB2;EPHB2;EPHB2;EPHB2,1,22745817,EPHB2,1
3.271097874450042e-5,0.023874373060825616,1,-4.390005842582562,-0.06543474424533274,-0.035794804155854745,-0.09507468433481074,0.014905388874571213,92,chr1,101183542,cg27297010,-0.06543474424533274,3.271097874450042e-5,4.485306461164639,chr1,101649098,,1,101183542,NA,1
3.279196099796773e-5,0.0239132815867644,1,-4.3893444966523605,-0.04267074292373438,-0.023339287738455575,-0.06200219810901318,0.009721438578420595,92,chr12,64534989,cg20620049,-0.04267074292373438,3.279196099796773e-5,4.484232611231487,chr12,64928769,,12,64534989,NA,1
3.285443602270316e-5,0.023920628493294915,1,-4.388835369070395,-0.08561187007100031,-0.04682196614663252,-0.1244017739953681,0.019506739914268847,92,chr9,137414208,cg13562011,-0.08561187007100031,3.285443602270316e-5,4.483405983482754,chr9,140308660,EXD3,9,137414208,EXD3,1
3.288490418307731e-5,0.023920628493294915,1,-4.3885874144016555,-0.04897371387633812,-0.026782947729990854,-0.07116448002268538,0.011159334257675999,92,chr5,138436183,cg16673806,-0.04897371387633812,3.288490418307731e-5,4.483003419209056,chr5,137771872,KDM3B,5,138436183,KDM3B,1
3.2900284715319666e-5,0.023920628493294915,1,-4.3884623295628185,-0.09413443572427026,-0.051479414801446334,-0.1367894566470942,0.02145043722721165,92,chr4,1292777,cg18718503,-0.09413443572427026,3.2900284715319666e-5,4.4828003436987425,chr4,1286565,MAEA;MAEA;MAEA;MAEA;MAEA,4,1292777,MAEA,1
3.2924249573190854e-5,0.023920628493294915,1,-4.3882675438335665,-0.06614245088839601,-0.03617007322891057,-0.09611482854788146,0.01507256570564846,92,chr19,48016822,cg07824155,-0.06614245088839601,3.2924249573190854e-5,4.482484114921573,chr19,48016822,NAPA;NAPA;NAPA,19,48016822,NAPA,1
3.294044092592616e-5,0.023920628493294915,1,-4.38813601852099,-0.05341104613765176,-0.02920716486508993,-0.07761492741021359,0.012171693382388318,92,chr16,89009691,cg04540712,-0.05341104613765176,3.294044092592616e-5,4.482270591856761,chr16,89009691,CBFA2T3,16,89009691,CBFA2T3,1
3.307831940786291e-5,0.024000584276191058,1,-4.387018531960106,-0.058531991415552966,-0.03200073348947253,-0.0850632493416334,0.01334208893560362,92,chr3,30667254,cg07613391,-0.058531991415552966,3.307831940786291e-5,4.480456563521917,chr3,30708746,TGFBR2;TGFBR2,3,30667254,TGFBR2,1
3.3190888536207216e-5,0.024055552879126852,1,4.3861095083217725,0.18621173159689322,0.27063488665328955,0.10178857654049689,0.04245487515612491,92,chr20,5688189,cg23775411,0.18621173159689322,3.3190888536207216e-5,4.478981121161552,chr20,5668835,,20,5688189,NA,1
3.320975312768857e-5,0.024055552879126852,1,-4.385957463715452,-0.02868378812328861,-0.015678915559811966,-0.04168866068676526,0.006539914798669723,92,chr17,64231787,cg12914151,-0.02868378812328861,3.320975312768857e-5,4.4787343528171855,chr17,62309147,TEX2;TEX2;TEX2,17,64231787,TEX2,1
3.328803688272227e-5,0.02409206335701693,1,-4.385327404116192,-0.08307180337900129,-0.04540267024565248,-0.1207409365123501,0.018943124588834064,92,chr10,86718085,cg04259566,-0.08307180337900129,3.328803688272227e-5,4.47771181602207,chr10,88477842,LDB3;LDB3;LDB3,10,86718085,LDB3,1
3.336742212243821e-5,0.024129309256861273,1,-4.384689940403894,-0.09396659787851352,-0.05135099609068275,-0.1365821996663443,0.021430614058392878,92,chr20,37711986,cg20893283,-0.09396659787851352,3.336742212243821e-5,4.476677344476344,chr20,36340388,CTNNBL1;CTNNBL1,20,37711986,CTNNBL1,1
3.340669085003144e-5,0.024137507283809676,1,-4.384375154193918,-0.056890137883540234,-0.03108754864118589,-0.08269272712589458,0.012975654656085122,92,chr19,38898579,cg27442349,-0.056890137883540234,3.340669085003144e-5,4.476166541923918,chr19,39389219,SIRT2;SIRT2;NFKBIB;NFKBIB,19,38898579,SIRT2,1
3.3494070601855554e-5,0.0241801922762959,1,4.38367598169928,0.0628505009304002,0.09136096641288202,0.034340035447918395,0.01433739655777135,92,chr1,212917067,cg14103000,0.0628505009304002,3.3494070601855554e-5,4.47503206856957,chr1,213090409,,1,212917067,NA,1
3.3521730374983204e-5,0.0241801922762959,1,-4.383455028328295,-0.07441992150428656,-0.04065959308909348,-0.10818024991947964,0.01697745751315894,92,chr1,203794224,cg24343524,-0.07441992150428656,3.3521730374983204e-5,4.474673571398841,chr1,203763352,ZC3H11A,1,203794224,ZC3H11A,1
3.3598530429353936e-5,0.02420985869773779,1,-4.382842452555185,-0.026173730333030613,-0.014298452629552191,-0.038049008036509034,0.005971862008813802,92,chr16,22321484,cg14541281,-0.026173730333030613,3.3598530429353936e-5,4.473679717859557,chr16,22321484,POLR3E;POLR3E;POLR3E;POLR3E;POLR3E;POLR3E,16,22321484,POLR3E,1
3.363438024664766e-5,0.02420985869773779,1,-4.382556969006436,-0.0605975649118401,-0.033102065472790945,-0.08809306435088926,0.013826988522998733,92,chr12,104662433,cg01003257,-0.0605975649118401,3.363438024664766e-5,4.4732165702984314,chr12,105056211,CHST11;CHST11,12,104662433,CHST11,1
3.364690505372097e-5,0.02420985869773779,1,-4.382457299296125,-0.09230703442461724,-0.05042274849650917,-0.1341913203527253,0.021062848562025428,92,chr14,75981300,cg08922698,-0.09230703442461724,3.364690505372097e-5,4.473054877351058,chr14,76447643,TGFB3;TGFB3,14,75981300,TGFB3,1
3.376858574664489e-5,0.0242582102021836,1,4.381490853057968,0.1150633931530514,0.16728488542835576,0.06284190087774705,0.02626124235150357,92,chr4,88845503,cg14786790,0.1150633931530514,3.376858574664489e-5,4.471487127557943,chr4,89766654,FAM13A,4,88845503,FAM13A,1
3.377147840423045e-5,0.0242582102021836,1,-4.3814679191760115,-0.08799719337607376,-0.048059480072240326,-0.1279349066799072,0.020083952455966562,92,chr4,40265987,cg04399643,-0.08799719337607376,3.377147840423045e-5,4.471449926964666,chr4,40267607,,4,40265987,NA,1
3.379831914226786e-5,0.0242582102021836,1,-4.381255208030434,-0.0402351097088369,-0.021973433057566587,-0.0584967863601072,0.009183466335193092,92,chr8,38092397,cg07687479,-0.0402351097088369,3.379831914226786e-5,4.471104897514934,chr8,37949915,,8,38092397,NA,1
3.3857697858921696e-5,0.024280661676500333,1,-4.3807852150744395,-0.023534976156802834,-0.012851912595127869,-0.0342180397184778,0.005372319116631908,92,chr14,102883002,cg06269806,-0.023534976156802834,3.3857697858921696e-5,4.470342574908621,chr14,103349339,TRAF3;TRAF3;TRAF3;TRAF3,14,102883002,TRAF3,1
3.394293619003247e-5,0.024287375492510064,1,-4.380111929663707,-0.10671355985061017,-0.05826639025778943,-0.1551607294434309,0.024363203855113206,92,chr19,29941201,cg11392833,-0.10671355985061017,3.394293619003247e-5,4.469250592307859,chr19,30432108,URI1;URI1;URI1,19,29941201,URI1,1
3.39539154935391e-5,0.024287375492510064,1,-4.380025324554233,-0.04085852586212265,-0.022308689512632505,-0.059408362211612796,0.009328376626744945,92,chr2,11787123,cg05017322,-0.04085852586212265,3.39539154935391e-5,4.469110136576808,chr2,11927249,LPIN1;LPIN1;LPIN1,2,11787123,LPIN1,1
3.3975852054599354e-5,0.024287375492510064,1,-4.3798523692781925,-0.056892892663177354,-0.0310624080634999,-0.08272337726285481,0.01298968272589366,92,chr5,56502167,cg09555920,-0.056892892663177354,3.3975852054599354e-5,4.468829643117301,chr5,55797994,,5,56502167,NA,1
3.3979481584772895e-5,0.024287375492510064,1,-4.379823763240852,-0.05711834991697366,-0.031185333944290912,-0.08305136588965642,0.013041243895783816,92,chr12,46210996,cg15046472,-0.05711834991697366,3.3979481584772895e-5,4.468783251323063,chr12,46604779,SLC38A1;SLC38A1;SLC38A1;SLC38A1;SLC38A1;SLC38A1,12,46210996,SLC38A1,1
3.4047380534663535e-05,0.024315795027926086,1,4.379289163371809,0.01251418788364776,0.018196604334459986,0.006831771432835537,0.0028575842829279014,92,chr15,89335078,cg17756906,0.01251418788364776,3.4047380534663535e-05,4.467916295296039,chr15,89878309,POLG;POLG,15,89335078,POLG,1
3.414370135538016e-5,0.0243570950223529,1,-4.378532550147889,-0.0594069427629202,-0.03242690017753187,-0.08638698534830852,0.013567774609992034,92,chr10,104333960,cg22882506,-0.0594069427629202,3.414370135538016e-5,4.466689400881376,chr10,106093718,ITPRIP,10,104333960,ITPRIP,1
3.4161581720683065e-5,0.0243570950223529,1,-4.3783923245067475,-0.0764570265886709,-0.041732467428080296,-0.11118158574926151,0.017462351685737582,92,chr12,15914489,cg16616599,-0.0764570265886709,3.4161581720683065e-5,4.466462029181468,chr12,16067423,DERA,12,15914489,DERA,1
3.4263236458714046e-5,0.02440943471745314,1,-4.377596449288368,-0.1032683271904787,-0.05635832760975943,-0.15017832677119797,0.02359018890543605,92,chr3,3110690,cg01310029,-0.1032683271904787,3.4263236458714046e-5,4.465171616566833,chr3,3152374,IL5RA;IL5RA;IL5RA;IL5RA;IL5RA;IL5RA,3,3110690,IL5RA,1
3.435586234952071e-5,0.024431886089172874,1,-4.376873247488637,-0.0649364959032043,-0.03543399106950673,-0.09443900073690187,0.014836275174398427,92,chr3,11736693,cg09299789,-0.0649364959032043,3.435586234952071e-5,4.463999145975117,chr3,11778167,,3,11736693,NA,1
3.436886555508423e-5,0.024431886089172874,1,-4.376771872318199,-0.0737348950006984,-0.04023425022637556,-0.10723553977502123,0.016846867314938212,92,chr5,134087035,cg06659154,-0.0737348950006984,3.436886555508423e-5,4.463834802785617,chr5,133422726,,5,134087035,NA,1
3.437956920129123e-5,0.024431886089172874,1,-4.37668845271185,-0.06096081572488604,-0.03326340654654002,-0.08865822490323207,0.013928525272826758,92,chr7,140975976,cg24952962,-0.06096081572488604,3.437956920129123e-5,4.463699569611568,chr7,140675776,,7,140975976,NA,1
3.4449821605781756e-5,0.024460742380351973,1,-4.376141558023538,-0.0889907045805509,-0.04855292564441301,-0.12942848351668879,0.0203354264026009,92,chr18,62066625,cg14263230,-0.0889907045805509,3.4449821605781756e-5,4.462813022691774,chr18,59733858,PIGN;PIGN,18,62066625,PIGN,1
3.449009836611933e-5,0.024460742380351973,1,-4.3758285010332445,-0.09417963264007573,-0.05138091960759628,-0.13697834567255518,0.021522697385840766,92,chr16,23858279,cg00497086,-0.09417963264007573,3.449009836611933e-5,4.462305567018463,chr16,23869600,PRKCB;PRKCB,16,23858279,PRKCB,1
3.4511534290031924e-5,0.024460742380351973,1,-4.375662031233815,-0.06825241763933586,-0.03723481131869105,-0.09927002395998066,0.015598192262598162,92,chr14,50090946,cg24528049,-0.06825241763933586,3.4511534290031924e-5,4.4620357327142335,chr14,50090946,,14,50090946,NA,1
3.4533398874306146e-5,0.024460742380351973,1,4.375492335414503,0.11296079829080709,0.16429831247670643,0.06162328410490774,0.025816705785660116,92,chr13,76944509,cg24942683,0.11296079829080709,3.4533398874306146e-5,4.461760675061727,chr13,77518644,,13,76944509,NA,1
3.466701043662713e-5,0.024512138851784288,1,-4.374457597643606,-0.1029808313713817,-0.05616786164518128,-0.1497938010975821,0.023541394349519927,92,chr16,30956172,cg01191788,-0.1029808313713817,3.466701043662713e-5,4.460083608786556,chr16,30967493,SETD1A,16,30956172,SETD1A,1
3.47037367524009e-5,0.024512138851784288,1,-4.374173850705872,-0.09117918663206237,-0.04972831339570798,-0.13263005986841675,0.020844893171621092,92,chr2,121191773,cg06516790,-0.09117918663206237,3.47037367524009e-5,4.459623759688264,chr2,121949349,,2,121191773,NA,1
3.470661342634759e-5,0.024512138851784288,1,4.374151637826543,0.05982841295595532,0.08702708237426804,0.03262974353764261,0.013677718083336326,92,chr2,203637952,cg09327274,0.05982841295595532,3.470661342634759e-5,4.45958776149437,chr2,204502675,,2,203637952,NA,1
3.471942199356591e-5,0.024512138851784288,1,-4.374052755214653,-0.1569159845137466,-0.08557860046227173,-0.2282533685652215,0.03587427799691595,92,chr17,2383714,cg14511746,-0.1569159845137466,3.471942199356591e-5,4.459427513538586,chr17,2287008,,17,2383714,NA,1
3.478712265481172e-5,0.024520027992635734,1,-4.373530688581211,-0.07440913097890998,-0.040577100404518986,-0.10824116155330099,0.017013515229968256,92,chr18,63882908,cg04765589,-0.07440913097890998,3.478712265481172e-5,4.458581491540311,chr18,61550142,,18,63882908,NA,1
3.4787345650963497e-5,0.024520027992635734,1,-4.373528970592618,-0.06976591673575734,-0.03804503081526294,-0.10148680265625173,0.01595185883181745,92,chr5,122154979,cg17918185,-0.06976591673575734,3.4787345650963497e-5,4.458578707588078,chr5,121490674,,5,122154979,NA,1
3.4849745177113304e-5,0.024543991030393494,1,-4.373048655011082,-0.06603283699867794,-0.03600599508348666,-0.09605967891386923,0.015099954793096308,92,chr11,102288888,cg09489470,-0.06603283699867794,3.4849745177113304e-5,4.457800393134929,chr11,102159619,,11,102288888,NA,1
3.491913085033615e-5,0.024572831239885736,1,-4.372515539128285,-0.033301827740130276,-0.01815677748120973,-0.04844687799905082,0.007616171387413617,92,chr3,53241887,cg26559621,-0.033301827740130276,3.491913085033615e-5,4.456936574577022,chr3,53275903,TKT;TKT;TKT;TKT,3,53241887,TKT,1
3.4993459176134705e-5,0.024605099864910624,1,-4.371945581628814,-0.05219488801498555,-0.02845453169624605,-0.07593524433372505,0.011938595080943299,92,chr4,139958690,cg03327816,-0.05219488801498555,3.4993459176134705e-5,4.456013124483313,chr4,140879844,MAML3,4,139958690,MAML3,1
3.50914260678006e-5,0.02463595104644453,1,-4.371196145839226,-0.05772054278088718,-0.03146239295349696,-0.0839786926082774,0.013204747820760492,92,chr10,44999358,cg06958964,-0.05772054278088718,3.50914260678006e-5,4.454798982289239,chr10,45494806,C10orf25;ZNF22,10,44999358,C10orf25,1
3.511914208526657e-5,0.02463595104644453,1,-4.370984488342992,-0.07571267761848177,-0.041267902741160885,-0.11015745249580267,0.017321653238624026,92,chr11,119087570,cg26421610,-0.07571267761848177,3.511914208526657e-5,4.454456101882836,chr11,118958280,HMBS;HMBS;HMBS;HMBS,11,119087570,HMBS,1
3.5122862284898554e-5,0.02463595104644453,1,-4.370956090773878,-0.06681330897257776,-0.03641702118465219,-0.09720959676050332,0.015285742429123433,92,chr17,36452075,cg17519037,-0.06681330897257776,3.5122862284898554e-5,4.454410099147357,chr17,36452075,MRPL45,17,36452075,MRPL45,1
3.5155493326646296e-5,0.024638840121012206,1,-4.370707131258395,-0.061917350373295085,-0.03374684312414157,-0.0900878576224486,0.014166437721364349,92,chr10,35365155,cg20772106,-0.061917350373295085,3.5155493326646296e-5,4.454006803359775,chr10,35654083,CCNY;CCNY;CCNY;CCNY;CCNY,10,35365155,CCNY,1
3.518648613420109e-5,0.024640577281881796,1,-4.370470877406319,-0.050983482789536586,-0.027786298140340688,-0.07418066743873249,0.011665443889147482,92,chr19,33305456,cg22305706,-0.050983482789536586,3.518648613420109e-5,4.453624101414964,chr19,33796362,,19,33305456,NA,1
3.522271464659191e-5,0.024644228855032757,1,-4.37019496731821,-0.0240241701394841,-0.013092623985729131,-0.03495571629323907,0.0054972765103490666,92,chr20,11268972,cg01517088,-0.0240241701394841,3.522271464659191e-5,4.453177175608878,chr20,11249620,LOC339593,20,11268972,LOC339593,1
3.5267529313862224e-5,0.024644228855032757,1,-4.369854045778577,-0.03693520381206983,-0.02012753125744877,-0.05374287636669088,0.008452274017652937,92,chr2,234464150,cg22452899,-0.03693520381206983,3.5267529313862224e-5,4.452624964005327,chr2,235372794,,2,234464150,NA,1
3.527725573009785e-5,0.024644228855032757,1,4.369780108674582,0.10437341549924803,0.15187021239076123,0.05687661860773482,0.023885278641836743,92,chr5,54834653,cg04201370,0.10437341549924803,3.527725573009785e-5,4.452505206636332,chr5,54130481,,5,54834653,NA,1
3.536476701737352e-5,0.024682004616185006,1,-4.369115760515433,-0.06510927910506208,-0.035475752027362965,-0.09474280618276118,0.014902163887134227,92,chrX,130099160,cg21563151,-0.06510927910506208,3.536476701737352e-5,4.451429198698524,chrX,129233135,ELF4;ELF4,23,130099160,ELF4,1
3.539566740925882e-5,0.024682004616185006,1,-4.368881557477708,-0.10953263015191136,-0.05967779830517961,-0.15938746199864312,0.025071091699530527,92,chr20,32894745,cg02107801,-0.10953263015191136,3.539566740925882e-5,4.451049894341613,chr20,31482551,,20,32894745,NA,1
3.541701659438317e-5,0.024682004616185006,1,4.368719861198623,0.10007620642700311,0.1456285418458801,0.054523871008126126,0.022907444195688416,92,chr15,59238117,cg21994966,0.10007620642700311,3.541701659438317e-5,4.450788025053532,chr15,59530316,MYO1E,15,59238117,MYO1E,1
3.558298874465035e-5,0.024756769850491654,1,-4.367466010290471,-0.058492716607240765,-0.03186056412929055,-0.08512486908519099,0.013392826977799546,92,chr21,14582082,cg16116669,-0.058492716607240765,3.558298874465035e-5,4.448757576746859,chr21,15954403,SAMSN1-AS1;SAMSN1,21,14582082,SAMSN1-AS1,1
3.559168265040123e-5,0.024756769850491654,1,4.367400487313158,0.1547607177470265,0.2252254372397684,0.08429599825428456,0.03543543080067656,92,chr2,144825424,cg05641051,0.1547607177470265,3.559168265040123e-5,4.448651479585085,chr2,145582991,TEX41,2,144825424,TEX41,1
3.5610245563466994e-5,0.024756769850491654,1,-4.367260636776168,-0.07520141355335953,-0.040960061631011666,-0.1094427654757074,0.017219355520047882,92,chr3,39385978,cg21792330,-0.07520141355335953,3.5610245563466994e-5,4.448425031479047,chr3,39427469,SLC25A38,3,39385978,SLC25A38,1
3.570030733465811e-5,0.024799430855192504,1,-4.366583121786771,-0.039948265374225425,-0.021755856639863878,-0.058140674108586976,0.009148632754729037,92,chr10,31698766,cg17384357,-0.039948265374225425,3.570030733465811e-5,4.447328045143505,chr10,31987694,,10,31698766,NA,1
3.581546156330945e-5,0.024823046612349887,1,4.365719243795571,0.09449006007704816,0.13752927417251495,0.05145084598158137,0.021643641013181183,92,chr1,36116150,cg04482628,0.09449006007704816,3.581546156330945e-5,4.445929447601641,chr1,36581751,,1,36116150,NA,1
3.58507152002915e-5,0.024823046612349887,1,-4.365455310371735,-0.03803224069821009,-0.02070791353106643,-0.05535656786535375,0.008712090261891032,92,chr4,76087028,cg10102128,-0.03803224069821009,3.58507152002915e-5,4.445502175995014,chr4,77008181,ART3;ART3;ART3,4,76087028,ART3,1
3.585761857186441e-5,0.024823046612349887,1,-4.365403656262194,-0.04015522680492946,-0.021863627220810714,-0.058446826389048204,0.009198514035999071,92,chr2,70005437,cg19071507,-0.04015522680492946,3.585761857186441e-5,4.445418556810683,chr2,70232569,,2,70005437,NA,1
3.585831975068358e-5,0.024823046612349887,1,-4.365398410266707,-0.040570823339330896,-0.02208988807452992,-0.05905175860413187,0.009293727519558106,92,chr12,1645902,cg23385838,-0.040570823339330896,3.585831975068358e-5,4.445410064469953,chr12,1755068,WNT5B;WNT5B,12,1645902,WNT5B,1
3.587793029331068e-5,0.024823046612349887,1,-4.365251730605652,-0.04253119597851003,-0.02315661527348024,-0.06190577668353982,0.009743125620984311,92,chr2,20089962,cg15207291,-0.04253119597851003,3.587793029331068e-5,4.445172618251144,chr2,20289723,,2,20089962,NA,1
3.595714310484057e-5,0.02485794970266735,1,-4.364660035301528,-0.08545142041569675,-0.046519764660155415,-0.12438307617123809,0.01957802434200203,92,chr12,71441957,cg04538585,-0.08545142041569675,3.595714310484057e-5,4.444214821474173,chr12,71835737,LGR5,12,71441957,LGR5,1
3.615005045539408e-5,0.02497133365398058,1,-4.363224329298444,-0.023058838648904494,-0.01254977799517988,-0.03356789930262911,0.0052848162066909095,92,chr1,64140164,cg06074533,-0.023058838648904494,3.615005045539408e-5,4.441891092214984,chr1,64605847,ROR1;ROR1,1,64140164,ROR1,1
3.61871881070457e-5,0.024977021547188304,1,-4.362948783693449,-0.06492877309893598,-0.035335630147263944,-0.09452191605060802,0.014881855441807548,92,chr13,36867448,cg14962159,-0.06492877309893598,3.61871881070457e-5,4.441445162043451,chr13,37441585,SMAD9;SMAD9,13,36867448,SMAD9,1
3.622928983282479e-5,0.024986123916692103,1,-4.362636737056971,-0.04366203641616802,-0.023760392761758467,-0.06356368007057757,0.010008176029256648,92,chr12,9333608,cg15964898,-0.04366203641616802,3.622928983282479e-5,4.440940178930085,chr12,9486204,,12,9333608,NA,1
3.626326032267088e-5,0.02498960840060342,1,-4.362385212271679,-0.10314632616008924,-0.05612836835251336,-0.15016428396766512,0.023644479141807964,92,chr3,3110215,cg08404225,-0.10314632616008924,3.626326032267088e-5,4.4405331523505,chr3,3151899,IL5RA;IL5RA;IL5RA;IL5RA;IL5RA;IL5RA;IL5RA;IL5RA;IL5RA;IL5RA;IL5RA;IL5RA,3,3110215,IL5RA,1
3.633392568435684e-5,0.025010085520588494,1,-4.361862719402834,-0.08372122278103918,-0.045553383022618646,-0.1218890625394597,0.01919391511535263,92,chr12,24950567,cg25984364,-0.08372122278103918,3.633392568435684e-5,4.4396876764299424,chr12,25103501,BCAT1;BCAT1;BCAT1,12,24950567,BCAT1,1
3.6363609882998464e-5,0.025010085520588494,1,-4.361643530115508,-0.07995324789053417,-0.04350136616915427,-0.11640512961191407,0.01833099090709432,92,chr6,166721078,cg01294836,-0.07995324789053417,3.6363609882998464e-5,4.439333010091238,chr6,167134566,RPS6KA2,6,166721078,RPS6KA2,1
3.637980065935129e-5,0.025010085520588494,1,-4.361524049646138,-0.06252415158627665,-0.034017674698338954,-0.09103062847421435,0.014335390765837782,92,chr3,185499973,cg25636075,-0.06252415158627665,3.637980065935129e-5,4.439139684953155,chr3,185217761,TMEM41A,3,185499973,TMEM41A,1
3.654845454027362e-5,0.02509516757969222,1,-4.360282507916754,-0.08701859606574762,-0.047333132833865796,-0.12670405929762946,0.01995710046487863,92,chr12,113259613,cg16147002,-0.08701859606574762,3.654845454027362e-5,4.437130982558968,chr12,113697418,TPCN1;TPCN1;TPCN1,12,113259613,TPCN1,1
3.656164191349728e-5,0.02509516757969222,1,-4.360185662850596,-0.07087396820991258,-0.03855066193488509,-0.10319727448494007,0.0162548051138668,92,chr17,4693185,cg17241404,-0.07087396820991258,3.656164191349728e-5,4.436974309164683,chr17,4596480,PELP1;PELP1,17,4693185,PELP1,1
3.6638948873180025e-5,0.025128270592584337,1,-4.359618616126839,-0.06282828460523612,-0.034170625359110994,-0.09148594385136125,0.014411417634750323,92,chr14,22417085,cg23612739,-0.06282828460523612,3.6638948873180025e-5,4.436056994205219,chr14,22886075,,14,22417085,NA,1
3.67338723216943e-5,0.02515831140561242,1,-4.358923931552182,-0.07149424692250204,-0.03887861358078322,-0.10410988026422087,0.0164018110995214,92,chr3,121661686,cg15458222,-0.07149424692250204,3.67338723216943e-5,4.434933287845811,chr3,121380533,HCLS1,3,121661686,HCLS1,1
3.674097727469574e-5,0.02515831140561242,1,-4.358872004697586,-0.04700120721580864,-0.025559028728142096,-0.06844338570347518,0.010782883086531357,92,chr13,79484763,cg19714332,-0.04700120721580864,3.674097727469574e-5,4.434849296060614,chr13,80058898,NDFIP2;NDFIP2,13,79484763,NDFIP2,1
3.6890006219644646e-5,0.025228406720865376,1,4.357785050518143,0.12502855868047155,0.18208142004682382,0.06797569731411929,0.02869085033590759,92,chr6,148779648,cg26665729,0.12502855868047155,3.6890006219644646e-5,4.433091271551263,chr6,149100784,UST,6,148779648,UST,1
3.690173267570269e-5,0.025228406720865376,1,-4.357699702845315,-0.10623902114145718,-0.0577592264354015,-0.15471881584751285,0.02437961043347928,92,chr6,150421265,cg07343115,-0.10623902114145718,3.690173267570269e-5,4.43295324159622,chr6,150421265,,6,150421265,NA,1
3.707196645060942e-5,0.02529790923075144,1,-4.356463647507319,-0.019970170329534912,-0.0108546453591701,-0.029085695299899725,0.004584032358668125,92,chr5,77139104,cg15229632,-0.019970170329534912,3.707196645060942e-5,4.43095437658177,chr5,76434929,ZBED3-AS1,5,77139104,ZBED3-AS1,1
3.7098833706950586e-5,0.02529790923075144,1,-4.356269067491969,-0.07445159657222099,-0.04046612273006601,-0.10843707041437597,0.017090679069345215,92,chr1,117160732,cg07496152,-0.07445159657222099,3.7098833706950586e-5,4.430639743285152,chr1,117160732,IGSF3;IGSF3,1,117160732,IGSF3,1
3.7116032962106516e-5,0.02529790923075144,1,-4.3561445772478695,-0.06002802059770909,-0.032625800640895014,-0.08743024055452317,0.013780079961357404,92,chr1,197763875,cg07185592,-0.06002802059770909,3.7116032962106516e-5,4.430438448259612,chr1,197733005,DENND1B;DENND1B;DENND1B;DENND1B;DENND1B,1,197763875,DENND1B,1
3.714627288115281e-5,0.02529790923075144,1,-4.355925832222233,-0.03926303895293746,-0.021338935377598126,-0.057187142528276794,0.009013706951228528,92,chr8,60885032,cg07307804,-0.03926303895293746,3.714627288115281e-5,4.430084755210311,chr8,61797591,,8,60885032,NA,1
3.714976857523164e-5,0.02529790923075144,1,-4.3559005566856515,-0.10244692506555055,-0.05567825916625095,-0.14921559096485015,0.023519114757638335,92,chr17,44863294,cg20626547,-0.10244692506555055,3.714976857523164e-5,4.430043887335787,chr17,44863294,WNT3,17,44863294,WNT3,1
3.727722485153963e-5,0.025357767185255384,1,-4.354980552790793,-0.0637881895947977,-0.03466170527097616,-0.09291467391861925,0.014647181272467556,92,chr16,4347894,cg05310072,-0.0637881895947977,3.727722485153963e-5,4.4285564266969235,chr16,4397895,PAM16;CORO7-PAM16,16,4347894,PAM16,1
3.7312450022885315e-5,0.025357767185255384,1,4.354726826758884,0.017399974251603896,0.025345482800330263,0.009454465702877527,0.0039956522977939056,92,chr2,201859029,cg08806459,0.017399974251603896,3.7312450022885315e-5,4.42814623322973,chr2,202723752,CDK15;CDK15;CDK15,2,201859029,CDK15,1
3.732570179742088e-5,0.025357767185255384,1,-4.354631434460738,-0.08390517803714807,-0.04558995390206073,-0.12222040217223543,0.01926803204816772,92,chr15,67800046,cg23515090,-0.08390517803714807,3.732570179742088e-5,4.427992017926259,chr15,68092384,MAP2K5;MAP2K5;MAP2K5,15,67800046,MAP2K5,1
3.7468016913553065e-5,0.025434455421744467,1,4.353609043126452,0.07958516616968221,0.11593619535457389,0.04323413698479054,0.01828027399367257,92,chr19,7702680,cg15901933,0.07958516616968221,3.7468016913553065e-5,4.426339292395723,chr19,7767566,FCER2;FCER2,19,7702680,FCER2,1
3.7611174880342456e-5,0.025497680845972176,1,-4.352584375018584,-0.09986969049644019,-0.0542428374655921,-0.14549654352728827,0.02294491775268889,92,chr12,27027924,cg10220104,-0.09986969049644019,3.7611174880342456e-5,4.424683100077198,chr12,27027924,,12,27027924,NA,1
3.762089586911959e-5,0.025497680845972176,1,-4.352514932710975,-0.09623440911566752,-0.05226768333830289,-0.14020113489303215,0.022110069833977036,92,chr12,6342778,cg20560376,-0.09623440911566752,3.762089586911959e-5,4.424570866776532,chr12,6342778,CD9,12,6342778,CD9,1
3.765936612059945e-5,0.025497680845972176,1,-4.35224028873371,-0.08755804610973471,-0.04755277599700262,-0.1275633162224668,0.02011792555121304,92,chr1,155458401,cg24789321,-0.08755804610973471,3.765936612059945e-5,4.424126994267381,chr1,155428192,ASH1L,1,155458401,ASH1L,1
3.767917963541885e-5,0.025497680845972176,1,-4.352098943283988,-0.05849005245978583,-0.03176508032928296,-0.0852150245902887,0.013439504299424466,92,chr12,118188282,cg11051417,-0.05849005245978583,3.767917963541885e-5,4.423898561391082,chr12,118626087,TAOK3,12,118188282,TAOK3,1
3.7712858278981754e-5,0.02550050227503806,1,-4.3518588516013015,-0.03340272813501153,-0.018139684413698204,-0.048665771856324855,0.007675508161925042,92,chr2,230178359,cg22155349,-0.03340272813501153,3.7712858278981754e-5,4.423510550921147,chr2,231043075,SP110;SP110;SP110;SP110,2,230178359,SP110,1
3.7962122519007445e-5,0.025635264768943886,1,-4.3500882849013625,-0.07775932459162138,-0.042213514269934166,-0.1133051349133086,0.017875344015778883,92,chr3,73614414,cg05532101,-0.07775932459162138,3.7962122519007445e-5,4.420649513512326,chr3,73663565,PDZRN3,3,73614414,PDZRN3,1
3.7992468553932136e-5,0.025635264768943886,1,-4.3498734991737456,-0.10557776243461377,-0.05731303735530761,-0.15384248751391993,0.02427145581467327,92,chr12,6996092,cg19434937,-0.10557776243461377,3.7992468553932136e-5,4.420302487321269,chr12,7104184,LPCAT3,12,6996092,LPCAT3,1
3.802695910480353e-5,0.025635264768943886,1,-4.34962958018383,-0.04852551248781312,-0.026340898943963503,-0.07071012603166274,0.01115624022534863,92,chr2,32837369,cg07420170,-0.04852551248781312,3.802695910480353e-5,4.419908402350877,chr2,33062436,LINC00486,2,32837369,LINC00486,1
3.803082031145685e-5,0.025635264768943886,1,-4.349602286831094,-0.08848789711182342,-0.04803325751768234,-0.1289425367059645,0.020343905322040685,92,chr16,30466567,cg22311669,-0.08848789711182342,3.803082031145685e-5,4.419864306907719,chr16,30466567,,16,30466567,NA,1
3.8112902863636634e-5,0.025655695082816166,1,-4.3490227099755865,-0.03203537005696699,-0.0173875808992685,-0.046683159214665475,0.0073661077886500205,92,chr9,6415817,cg14387222,-0.03203537005696699,3.8112902863636634e-5,4.41892797199279,chr9,6415817,UHRF2;UHRF2,9,6415817,UHRF2,1
3.814545595079235e-5,0.025655695082816166,1,-4.348793189696355,-0.04565713413684723,-0.024779854748307812,-0.06653441352538665,0.010498805564040892,92,chr1,61013311,cg00482069,-0.04565713413684723,3.814545595079235e-5,4.418557189636622,chr1,61478983,,1,61013311,NA,1
3.815019600882573e-5,0.025655695082816166,1,-4.348759785010454,-0.0654862837768805,-0.035541654744992,-0.095430912808769,0.015058611423560861,92,chr12,92357536,cg09108854,-0.0654862837768805,3.815019600882573e-5,4.418503226376656,chr12,92751312,,12,92357536,NA,1
3.821512051744795e-5,0.025679372337009086,1,-4.348302644618574,-0.020317294620837607,-0.01102591669904657,-0.029608672542628642,0.004672465621955301,92,chr8,6575371,cg18448246,-0.020317294620837607,3.821512051744795e-5,4.417764766460269,chr8,6432892,MCPH1,8,6575371,MCPH1,1
3.825685174456889e-5,0.0256813158183941,1,-4.34800920653781,-0.09412476677226338,-0.051077312980887975,-0.13717222056363879,0.021647784606972375,92,chr2,38374992,cg03269757,-0.09412476677226338,3.825685174456889e-5,4.417290772056186,chr2,38602134,ATL2;ATL2;ATL2,2,38374992,ATL2,1
3.830477953350012e-5,0.0256813158183941,1,-4.347672577849559,-0.062185590666174795,-0.03374314453697828,-0.09062803679537132,0.014303190857332906,92,chr8,127969376,cg02133716,-0.062185590666174795,3.830477953350012e-5,4.416747032936886,chr8,128981622,PVT1,8,127969376,PVT1,1
3.831485626089369e-5,0.0256813158183941,1,-4.3476018540705565,-0.034779253934587535,-0.01887165962556982,-0.050686848243605254,0.007999640974949108,92,chr22,49867452,cg02258019,-0.034779253934587535,3.831485626089369e-5,4.416632799370451,chr22,50261100,ZBED4,22,49867452,ZBED4,1
3.835172953953202e-5,0.0256813158183941,1,-4.347343211068146,-0.09748368460895242,-0.05289321785020042,-0.1420741513677044,0.02242373787299867,92,chr3,172146626,cg15119324,-0.09748368460895242,3.835172953953202e-5,4.416215045990412,chr3,171864416,FNDC3B;FNDC3B,3,172146626,FNDC3B,1
3.8366605321224485e-5,0.0256813158183941,1,-4.34723893475665,-0.03488798064854912,-0.018929323944168856,-0.050846637352929394,0.008025319328462925,92,chr5,171119249,cg16545424,-0.03488798064854912,3.8366605321224485e-5,4.416046625494953,chr5,171119249,,5,171119249,NA,1
3.8435418951366085e-5,0.025707464518313395,1,4.346757072364449,0.09923453068827608,0.14463198091303098,0.05383708046352119,0.02282955523766981,92,chr14,30849331,cg27338538,0.09923453068827608,3.8435418951366085e-5,4.41526838069918,chr14,31318537,,14,30849331,NA,1
3.851106767738283e-5,0.025726894833517068,1,-4.346228308436879,-0.08851918528075532,-0.04801882539874506,-0.1290195451627656,0.02036689722648078,92,chr17,59419036,cg05755378,-0.08851918528075532,3.851106767738283e-5,4.4144144408691375,chr17,57496397,,17,59419036,NA,1
3.8524011880515336e-5,0.025726894833517068,1,-4.346137932535325,-0.10701270984457442,-0.05804995254496398,-0.15597546714418487,0.024622483571787705,92,chr18,56570926,cg02697140,-0.10701270984457442,3.8524011880515336e-5,4.414268491878671,chr18,56570926,ZNF532,18,56570926,ZNF532,1
3.857223289821331e-5,0.025739206334715697,1,-4.3458015133328205,-0.06385004186973013,-0.034633735500519194,-0.09306634823894107,0.01469235115175869,92,chr4,26355726,cg24624251,-0.06385004186973013,3.857223289821331e-5,4.413725219643064,chr4,26357348,RBPJ;RBPJ;RBPJ;RBPJ,4,26355726,RBPJ,1
3.8644832099583e-5,0.02576775381830158,1,-4.345295782559047,-0.0698886301914398,-0.03790548314336077,-0.10187177723951883,0.016083745201409684,92,chr1,204653411,cg02969453,-0.0698886301914398,3.8644832099583e-5,4.412908575243625,chr1,204622539,LRRN2;LRRN2,1,204653411,LRRN2,1
3.875730512213874e-5,0.02581810970399834,1,-4.344514097551361,-0.023733232864864593,-0.012870234852681664,-0.034596230877047524,0.005462804891861447,92,chr11,46743263,cg16777199,-0.023733232864864593,3.875730512213874e-5,4.411646427990539,chr11,46764813,,11,46743263,NA,1
3.8780106272727304e-5,0.02581810970399834,1,-4.344355897229477,-0.019049971101623348,-0.010330243151839058,-0.027769699051407637,0.004384993207801432,92,chr1,52526009,cg26328191,-0.019049971101623348,3.8780106272727304e-5,4.411391005118174,chr1,52991681,ZCCHC11;ZCCHC11,1,52526009,ZCCHC11,1
3.884199873427479e-5,0.02582778861919075,1,-4.343926923741906,-0.047408834407650764,-0.025706283798103302,-0.06911138501719823,0.010913819509378921,92,chr1,151477018,cg06513960,-0.047408834407650764,3.884199873427479e-5,4.41069843023334,chr1,151449494,,1,151477018,NA,1
3.887335033065294e-5,0.02582778861919075,1,4.343709879306875,0.13427473002716492,0.19574533505221237,0.07280412500211748,0.030912453584167804,92,chr11,122742150,cg03463948,0.13427473002716492,3.887335033065294e-5,4.410348027739923,chr11,122612858,UBASH3B,11,122742150,UBASH3B,1
3.888430854012624e-5,0.02582778861919075,1,-4.343634056431796,-0.08561384397514152,-0.04641937563855193,-0.1248083123117311,0.019710188027550254,92,chr1,6585403,cg23642826,-0.08561384397514152,3.888430854012624e-5,4.410225619477987,chr1,6645463,ZBTB48,1,6585403,ZBTB48,1
3.897001229088895e-5,0.025864834148384228,1,-4.343041759513634,-0.07174630439224564,-0.03889598919693023,-0.10459661958756104,0.016519828351887714,92,chr2,178284878,cg01616745,-0.07174630439224564,3.897001229088895e-5,4.409269457233627,chr2,179149605,OSBPL6,2,178284878,OSBPL6,1
3.902289044569692e-5,0.025869487965745938,1,-4.342676946958265,-0.06856899991903903,-0.0371708323823591,-0.09996716745571896,0.015789569603390997,92,chr17,75959758,cg26205890,-0.06856899991903903,3.902289044569692e-5,4.408680565332974,chr17,73955839,ACOX1;ACOX1,17,75959758,ACOX1,1
3.905823372771694e-5,0.025869487965745938,1,-4.342433375677733,-0.11102929072451256,-0.06018544269711281,-0.1618731387519123,0.0255684500184609,92,chr17,2099187,cg02881681,-0.11102929072451256,3.905823372771694e-5,4.408287400056104,chr17,2099187,SMG6;SMG6;SMG6,17,2099187,SMG6,1
3.910715291767742e-5,0.025869487965745938,1,-4.34209659588579,-0.07757166148333136,-0.0420463721836267,-0.11309695078303603,0.01786502436560988,92,chr15,99563610,cg05198670,-0.07757166148333136,3.910715291767742e-5,4.407743800441375,chr15,99563610,,15,99563610,NA,1
3.914512998984409e-5,0.025869487965745938,1,-4.341835426580075,-0.08444544909914291,-0.04576986314008925,-0.12312103505819658,0.019449251480648102,92,chr11,66876597,cg08154524,-0.08444544909914291,3.914512998984409e-5,4.407322260428409,chr11,66644068,PC;PC;PC,11,66876597,PC,1
3.9181949451566274e-5,0.025869487965745938,1,-4.34158245174976,-0.04530236823762614,-0.024552905163846252,-0.06605183131140602,0.010434529055038035,92,chr10,68771406,cg21553305,-0.04530236823762614,3.9181949451566274e-5,4.406913959995292,chr10,70531163,CCAR1;CCAR1;CCAR1;CCAR1,10,68771406,CCAR1,1
3.9183306359514343e-5,0.025869487965745938,1,-4.341573133253701,-0.10511383940065645,-0.0569693274176204,-0.1532583513836925,0.024211002826498768,92,chr7,98279193,cg02985445,-0.10511383940065645,3.9183306359514343e-5,4.406898920227265,chr7,97908505,,7,98279193,NA,1
3.918657799456743e-5,0.025869487965745938,1,-4.341550666748708,-0.058257160314985734,-0.031573927328136825,-0.08494039330183464,0.01341851444028252,92,chr11,12159062,cg15579574,-0.058257160314985734,3.918657799456743e-5,4.406862660047404,chr11,12180609,MICAL2;MICAL2;MICAL2;MICAL2;MICAL2,11,12159062,MICAL2,1
3.9261265208515145e-5,0.02589900828432731,1,4.341038277548633,0.0683373196661267,0.09964121162474213,0.03703342770751128,0.01574216012320364,92,chr6,90103590,cg26961240,0.0683373196661267,3.9261265208515145e-5,4.406035709213267,chr6,90813309,BACH2;BACH2,6,90103590,BACH2,1
3.940406712830079e-5,0.025937231442044663,1,-4.340061205221685,-0.09808788438570858,-0.0531457676147381,-0.14303000115667905,0.022600576293185792,92,chr1,27241897,cg16985652,-0.09808788438570858,3.940406712830079e-5,4.404458949742489,chr1,27241897,NR0B2,1,27241897,NR0B2,1
3.9409705557344044e-5,0.025937231442044663,1,-4.340022696462209,-0.06577129482160517,-0.03563579482488735,-0.09590679481832298,0.015154596973702226,92,chr6,15037087,cg21491246,-0.06577129482160517,3.9409705557344044e-5,4.404396809876808,chr6,15037318,,6,15037087,NA,1
3.941426630719959e-5,0.025937231442044663,1,-4.3399915518174605,-0.07663237661474707,-0.041520226795013965,-0.11174452643448018,0.01765726400611441,92,chr14,63547466,cg01692018,-0.07663237661474707,3.941426630719959e-5,4.4043465533761275,chr14,64014184,,14,63547466,NA,1
3.94392677617441e-5,0.025937231442044663,1,-4.339820882627743,-0.10628017950180685,-0.05758180284391533,-0.15497855615969836,0.024489531336937265,92,chr17,74298896,cg05042038,-0.10628017950180685,3.94392677617441e-5,4.404071156864347,chr17,74298896,QRICH2;QRICH2,17,74298896,QRICH2,1
3.950707453209483e-5,0.02595181627191798,1,-4.3393585339931855,-0.03225031508751027,-0.01747140394878737,-0.04702922622623317,0.007432046657327652,92,chr4,9893914,cg01164417,-0.03225031508751027,3.950707453209483e-5,4.403325128293936,chr4,9895538,SLC2A9;SLC2A9,4,9893914,SLC2A9,1
3.9536463049895745e-5,0.02595181627191798,1,-4.339158382883232,-0.11019492883770413,-0.05969507551911014,-0.16069478215629812,0.025395461311666416,92,chr1,111503404,cg15673896,-0.11019492883770413,3.9536463049895745e-5,4.403002185467974,chr1,112046026,ADORA3;ADORA3;ADORA3;ADORA3;ADORA3,1,111503404,ADORA3,1
3.9551539578819445e-5,0.02595181627191798,1,-4.339055759632068,-0.026159916238376126,-0.014171132439106946,-0.038148700037645304,0.006028942167960148,92,chr1,150969262,cg11477959,-0.026159916238376126,3.9551539578819445e-5,4.402836606538693,chr1,150941738,CERS2;CERS2,1,150969262,CERS2,1
3.9590073172425135e-5,0.025957390676856998,1,-4.338793639907826,-0.09706746313602661,-0.052579892044727176,-0.14155503422732604,0.022371993506031026,92,chr11,108500973,cg15672653,-0.09706746313602661,3.9590073172425135e-5,4.402413695561483,chr11,108371700,,11,108500973,NA,1
3.967931814187356e-5,0.025996180538996452,1,-4.338187507685889,-0.0687307189870843,-0.037225929787894796,-0.1002355081862738,0.015843187705767748,92,chr12,122341465,cg17883142,-0.0687307189870843,3.967931814187356e-5,4.4014357994655935,chr12,122826012,CLIP1;CLIP1;CLIP1,12,122341465,CLIP1,1
3.981280708934609e-5,0.026063876418085306,1,-4.33728333333018,-0.07977599418452325,-0.04320064826984682,-0.11635134009919967,0.01839307881306223,92,chr19,16578633,cg16597993,-0.07977599418452325,3.981280708934609e-5,4.3999772004507065,chr19,16578633,EPS15L1,19,16578633,EPS15L1,1
3.984655460118006e-5,0.026066222446418586,1,-4.337055211555173,-0.06914662966607728,-0.037442920434916954,-0.1008503388972376,0.01594322098594701,92,chr17,82109225,cg25639749,-0.06914662966607728,3.984655460118006e-5,4.399609224641379,chr17,80067101,CCDC57,17,82109225,CCDC57,1
3.9938385440366435e-5,0.02608928834656469,1,-4.336435409553887,-0.17850561979084167,-0.09664914797841653,-0.26036209160326684,0.041164136654166274,92,chr1,150969592,cg21859421,-0.17850561979084167,3.9938385440366435e-5,4.398609496012956,chr1,150969592,FAM63A;FAM63A;FAM63A;FAM63A;FAM63A,1,150969592,FAM63A,1
3.994219591287769e-5,0.02608928834656469,1,-4.336409720946361,-0.04946182920714096,-0.026780219419824967,-0.07214343899445697,0.01140617063194541,92,chr12,11783565,cg14123364,-0.04946182920714096,3.994219591287769e-5,4.398568062484098,chr12,11936499,ETV6,12,11783565,ETV6,1
4.007420405247494e-5,0.02615574288546399,1,-4.335521235638536,-0.046156720357362485,-0.024986389990023842,-0.06732705072470113,0.0106461755919792,92,chr13,48534507,cg01305866,-0.046156720357362485,4.007420405247494e-5,4.397135094776709,chr13,49108643,RCBTB2;RCBTB2;RCBTB2;RCBTB2,13,48534507,RCBTB2,1
4.023490587028935e-5,0.02622384141555287,1,-4.334443433741852,-0.06237822704535692,-0.03376059485303374,-0.09099585923768011,0.014391288754576466,92,chr15,92091616,cg07725123,-0.06237822704535692,4.023490587028935e-5,4.39539701036938,chr15,92634846,SLCO3A1;SLCO3A1,15,92091616,SLCO3A1,1
4.0239233048147903e-5,0.02622384141555287,1,-4.334414469555673,-0.04278327914924337,-0.023155207203689326,-0.06241135109479741,0.00987060177326077,92,chr10,101784892,cg16813552,-0.04278327914924337,4.0239233048147903e-5,4.395350305440486,chr10,103544649,NPM3;MGEA5;MGEA5,10,101784892,NPM3,1
4.045998934607039e-5,0.026342743273363167,1,-4.3329408029960135,-0.10414979024375727,-0.05635179801128855,-0.15194778247622598,0.024036744321949393,92,chr1,87131212,cg26791242,-0.10414979024375727,4.045998934607039e-5,4.392974235923678,chr1,87596895,LOC339524;LOC339524;LOC339524;LOC339524;LOC339524,1,87131212,LOC339524,1
4.0482650120611055e-5,0.026342743273363167,1,-4.33278996990264,-0.09473150187107504,-0.051254379085695634,-0.13820862465645445,0.021863857359604187,92,chr11,63513622,cg10426253,-0.09473150187107504,4.0482650120611055e-5,4.392731064965562,chr11,63513622,RTN3;RTN3;RTN3;RTN3;RTN3;RTN3;RTN3;RTN3;RTN3,11,63513622,RTN3,1
4.061118309059272e-5,0.026406497434237678,1,4.331935977387675,0.08369223809861502,0.12211045134860891,0.04527402484862113,0.01931982340816696,92,chr15,94099801,cg06386426,0.08369223809861502,4.061118309059272e-5,4.391354358398863,chr15,94643030,LINC01581,15,94099801,LINC01581,1
4.067564174826492e-5,0.026428524186501226,1,4.331508686564202,0.10873015643758398,0.15864673773784496,0.05881357513732299,0.02510214438097546,92,chr6,11713053,cg02302956,0.10873015643758398,4.067564174826492e-5,4.390665586380493,chr6,11713286,,6,11713053,NA,1
4.072161250598192e-5,0.02643851456819631,1,-4.331204349712742,-0.041875596287820775,-0.022649711295259757,-0.06110148128038179,0.009668349241152311,92,chr17,44053409,cg19430164,-0.041875596287820775,4.072161250598192e-5,4.3901750330145095,chr17,42130777,LSM12,17,44053409,LSM12,1
4.0761750141171895e-5,0.026444705636632114,1,-4.330938900643263,-0.057294711310816336,-0.030988004231736824,-0.08360141838989585,0.013229166382907527,92,chr6,57183251,cg18460809,-0.057294711310816336,4.0761750141171895e-5,4.389747177454227,chr6,57048049,BAG2,6,57183251,BAG2,1
4.0834896490956024e-5,0.026457717087651104,1,-4.330455797921932,-0.09330566341813669,-0.050459848686165945,-0.13615147815010742,0.02154638397715814,92,chr12,57524283,cg01507138,-0.09330566341813669,4.0834896490956024e-5,4.388968540931695,chr12,57918066,MBD6;MBD6,12,57524283,MBD6,1
4.084303987600164e-5,0.026457717087651104,1,-4.330402065790022,-0.05344877391701249,-0.028904875976747263,-0.07799267185727772,0.012342681604383888,92,chr12,26696744,cg14546144,-0.05344877391701249,4.084303987600164e-5,4.3888819416036915,chr12,26849677,ITPR2,12,26696744,ITPR2,1
4.0913106918775224e-5,0.02648325331091644,1,4.32994017256744,0.011413343619688765,0.01665495727837474,0.006171729961002788,0.0026359125449350535,92,chr12,112037456,cg08041019,0.011413343619688765,4.0913106918775224e-5,4.388137539165882,chr12,112037456,ATXN2;ATXN2,12,112037456,ATXN2,1
4.09872523728873e-5,0.026508759019452627,1,-4.329452224940361,-0.12107664479425376,-0.06546555110148364,-0.17668773848702388,0.027965811493836635,92,chr6,53135015,cg26694136,-0.12107664479425376,4.09872523728873e-5,4.387351194132606,chr6,52999813,GCM1,6,53135015,GCM1,1
4.1037726713145674e-5,0.026508759019452627,1,-4.3291205431642625,-0.10446010357494041,-0.05647739235454269,-0.15244281479533814,0.02412963615436495,92,chr16,11615999,cg24517604,-0.10446010357494041,4.1037726713145674e-5,4.386816704993736,chr16,11709855,,16,11615999,NA,1
4.1047677441233835e-5,0.026508759019452627,1,-4.329055200485826,-0.12338288952544109,-0.066707329047309,-0.18005845000357318,0.02850111255490448,92,chr4,153348266,cg12614529,-0.12338288952544109,4.1047677441233835e-5,4.386711411090019,chr4,154269418,MND1,4,153348266,MND1,1
4.1075213998286264e-5,0.026508759019452627,1,-4.328874458004113,-0.10687365506014032,-0.05777951221852884,-0.1559677979017518,0.024688554980505466,92,chr22,46596309,cg14849880,-0.10687365506014032,4.1075213998286264e-5,4.386420165250594,chr22,46992206,,22,46596309,NA,1
4.121375668011927e-5,0.026578321091521216,1,-4.3279668730390934,-0.03736818497929741,-0.020198904846897705,-0.05453746511169712,0.008634119917155816,92,chr10,103985036,cg00282787,-0.03736818497929741,4.121375668011927e-5,4.384957797242287,chr10,103985036,ELOVL3,10,103985036,ELOVL3,1
4.140046362207064e-5,0.026678816882878143,1,-4.326748416210155,-0.09089169284965096,-0.04911860693168382,-0.1326647787676181,0.021006928091572275,92,chr1,6294212,cg26048493,-0.09089169284965096,4.140046362207064e-5,4.382994795415827,chr1,6354272,ACOT7;ACOT7;ACOT7;ACOT7,1,6294212,ACOT7,1
4.1508712008215505e-5,0.02671455065194064,1,-4.326044410720351,-0.025499555972765982,-0.013778259391215514,-0.03722085255431645,0.005894427692322263,92,chr19,14142604,cg02097253,-0.025499555972765982,4.1508712008215505e-5,4.381860742323795,chr19,14253416,LOC100507373,19,14142604,LOC100507373,1
4.15375085723915e-5,0.02671455065194064,1,-4.3258574275775645,-0.06643522526428537,-0.03589584493712858,-0.09697460559144216,0.015357701074648782,92,chr3,11481491,cg02228403,-0.06643522526428537,4.15375085723915e-5,4.3815595560847775,chr3,11522965,ATG7;ATG7;ATG7,3,11481491,ATG7,1
4.154865819463268e-5,0.02671455065194064,1,-4.325785063963001,-0.12072700864660965,-0.06522949667629906,-0.17622452061692023,0.027908693303408717,92,chr1,94224274,cg11650164,-0.12072700864660965,4.154865819463268e-5,4.381442997104333,chr1,94224274,,1,94224274,NA,1
4.157960532047573e-5,0.02671457181925632,1,4.325584308202775,0.11951472089126139,0.17445750099290125,0.06457194078962153,0.027629728696911753,92,chr8,134023686,cg27336113,0.11951472089126139,4.157960532047573e-5,4.381119637369942,chr8,135035929,,8,134023686,NA,1
4.16428569553133e-5,0.02673533292990186,1,-4.3251744396737575,-0.08958422929173918,-0.048397060043820266,-0.13077139853965808,0.02071228121344775,92,chr2,136139849,cg12166603,-0.08958422929173918,4.16428569553133e-5,4.380459482875124,chr2,136897419,,2,136139849,NA,1
4.168468565004166e-5,0.026739352460650064,1,-4.32490372118121,-0.07103005372315097,-0.03837129233577438,-0.10368881511052755,0.01642349941231787,92,chr6,166691113,cg00267142,-0.07103005372315097,4.168468565004166e-5,4.380023469229129,chr6,167104601,RPS6KA2,6,166691113,RPS6KA2,1
4.17542623014093e-5,0.026739352460650064,1,4.324453996303484,0.013339367616847496,0.019473285679464,0.007205449554230995,0.003084636263502838,92,chr15,40569052,cg18988510,0.013339367616847496,4.17542623014093e-5,4.379299184863046,chr15,40861251,RPUSD2;RPUSD2,15,40569052,RPUSD2,1
4.1767960772261535e-5,0.026739352460650064,1,4.324365538312971,0.09975054223754856,0.14562034554679237,0.053880738928304736,0.023067093046084956,92,chr8,104412198,cg11006422,0.09975054223754856,4.1767960772261535e-5,4.379156727678933,chr8,105424426,DPYS,8,104412198,DPYS,1
4.177288928553957e-5,0.026739352460650064,1,-4.324333719249344,-0.06417581004701309,-0.034664657742142044,-0.09368696235188413,0.01484062383098252,92,chr5,80489370,cg07781938,-0.06417581004701309,4.177288928553957e-5,4.379105485056392,chr5,79785189,FAM151B,5,80489370,FAM151B,1
4.184196258198925e-5,0.026739552539223777,1,-4.323888154894351,-0.07500122969965466,-0.040508470000176794,-0.10949398939913252,0.017345783936330152,92,chr18,3721324,cg13793407,-0.07500122969965466,4.184196258198925e-5,4.378387953238808,chr18,3721324,DLGAP1;DLGAP1;DLGAP1;DLGAP1;DLGAP1;DLGAP1;DLGAP1;DLGAP1;DLGAP1,18,3721324,DLGAP1,1
4.1848041692331855e-5,0.026739552539223777,1,-4.32384897498245,-0.0598880904450726,-0.03234555229020722,-0.08743062859993798,0.01385064344096701,92,chr10,22389997,cg09070261,-0.0598880904450726,4.1848041692331855e-5,4.378324860301863,chr10,22678926,SPAG6;SPAG6;SPAG6;SPAG6,10,22389997,SPAG6,1
4.188022007093583e-5,0.026739552539223777,1,-4.323641676580954,-0.06468018299510324,-0.03493233484580988,-0.0944280311443966,0.014959653882846966,92,chr5,126977081,cg23148266,-0.06468018299510324,4.188022007093583e-5,4.3779910448694626,chr5,126312773,MARCH3,5,126977081,MARCH3,1
4.189697430325798e-5,0.026739552539223777,1,4.3235338039395925,0.10279254993839926,0.15007029899097177,0.055514800885826755,0.023775123452194347,92,chr8,22995315,cg18270217,0.10279254993839926,4.189697430325798e-5,4.3778173395837365,chr8,22852828,RHOBTB2;RHOBTB2,8,22995315,RHOBTB2,1
4.193822013458743e-5,0.02674612310387011,1,-4.323268418767545,-0.10657594145568093,-0.05755507449050977,-0.1555968084208521,0.024651705869806494,92,chr1,28158023,cg12154164,-0.10657594145568093,4.193822013458743e-5,4.377390005013494,chr1,28484534,PTAFR;PTAFR;PTAFR;PTAFR,1,28158023,PTAFR,1
4.198575138157557e-5,0.026756689548592397,1,-4.322962904154563,-0.06250682176437268,-0.03375403663651888,-0.09125960689222648,0.014459254717245155,92,chr3,183776239,cg09176594,-0.06250682176437268,4.198575138157557e-5,4.376898070227302,chr3,183494027,YEATS2,3,183776239,YEATS2,1
4.202765828768847e-5,0.02675885275710596,1,-4.322693817774009,-0.09004566496990697,-0.04862258902528296,-0.13146874091453098,0.020830914417222457,92,chr3,66441439,cg09406856,-0.09004566496990697,4.202765828768847e-5,4.376464807497945,chr3,66491863,LRIG1,3,66441439,LRIG1,1
4.2051076713529444e-5,0.02675885275710596,1,-4.322543559684534,-0.04619571536898453,-0.024943885586870586,-0.06744754515109846,0.010687160171118315,92,chr16,16940594,cg04138746,-0.04619571536898453,4.2051076713529444e-5,4.3762228796577975,chr16,17034451,,16,16940594,NA,1
4.20888175359739e-5,0.026763161038518703,1,-4.3223015756984084,-0.05938166053706981,-0.032062252597521296,-0.08670106847661832,0.01373843529820678,92,chr17,28928336,cg14414338,-0.05938166053706981,4.20888175359739e-5,4.375833275364244,chr17,27255354,PHF12;PHF12;PHF12;LOC101927018,17,28928336,PHF12,1
4.212941260272876e-5,0.0267660600868354,1,-4.322041524831275,-0.020733276163733223,-0.011194053026094015,-0.030272499301372432,0.004797102490713024,92,chr3,37795595,cg27480629,-0.020733276163733223,4.212941260272876e-5,4.375414596063562,chr3,37795595,ITGA9-AS1;ITGA9,3,37795595,ITGA9-AS1,1
4.217089393053976e-5,0.0267660600868354,1,-4.321776046407035,-0.10205150013624235,-0.05509549456370514,-0.14900750570877958,0.023613324485215793,92,chr6,42365166,cg11650680,-0.10205150013624235,4.217089393053976e-5,4.374987192796239,chr6,42332904,TRERF1;TRERF1,6,42365166,TRERF1,1
4.221370480066429e-5,0.0267660600868354,1,-4.32150232323697,-0.04246062453148731,-0.02292237565520621,-0.061998873407768405,0.009825431379077144,92,chr11,46668211,cg10244694,-0.04246062453148731,4.221370480066429e-5,4.3745465311936425,chr11,46689761,ATG13;ATG13;ATG13;ATG13;ATG13;ATG13,11,46668211,ATG13,1
4.2246762529087055e-5,0.0267660600868354,1,-4.321291142811129,-0.1094692989932239,-0.059094558721616966,-0.15984403926483082,0.025332544227050356,92,chr6,33480365,cg12925850,-0.1094692989932239,4.2246762529087055e-5,4.374206566468718,chr6,33480365,,6,33480365,NA,1
4.225695786128199e-5,0.0267660600868354,1,-4.321226044858381,-0.05694304917167289,-0.030739039904920468,-0.0831470584384253,0.013177521513697874,92,chr11,121936253,cg04265964,-0.05694304917167289,4.225695786128199e-5,4.374101771638041,chr11,121806961,,11,121936253,NA,1
4.2307604152069986e-5,0.0267660600868354,1,-4.320902889141639,-0.033959409270497405,-0.01833082525908546,-0.049587993281909354,0.007859331751203404,92,chr5,172722390,cg23133513,-0.033959409270497405,4.2307604152069986e-5,4.3735815677435435,chr5,172149393,,5,172722390,NA,1
4.2344480241389814e-5,0.0267660600868354,1,-4.320667831014545,-0.0623256561338002,-0.03364097739677782,-0.09101033487082258,0.014425005247201653,92,chr11,69073556,cg11361442,-0.0623256561338002,4.2344480241389814e-5,4.373203193525506,chr11,68841024,TPCN2,11,69073556,TPCN2,1
4.236303288451595e-5,0.0267660600868354,1,-4.320549646190853,-0.07163625134828068,-0.038665574547076725,-0.10460692814948463,0.016580356022858733,92,chr1,25766482,cg12534265,-0.07163625134828068,4.236303288451595e-5,4.373012955130683,chr1,26092973,MAN1C1;MAN1C1,1,25766482,MAN1C1,1
4.237214077938931e-5,0.0267660600868354,1,-4.320491644984975,-0.06444299872512595,-0.034782627518078105,-0.09410336993217379,0.01491566331343989,92,chr10,127374271,cg11791710,-0.06444299872512595,4.237214077938931e-5,4.37291959346446,chr10,129172535,DOCK1,10,127374271,DOCK1,1
4.240661605816985e-5,0.026768270328633742,1,-4.320272207304781,-0.10258360383465974,-0.05536633625601728,-0.1498008714133022,0.023744708414717448,92,chr8,22651289,cg18492526,-0.10258360383465974,4.240661605816985e-5,4.372566381770393,chr8,22508802,BIN3,8,22651289,BIN3,1
4.2464019760972005e-5,0.026784939857287214,1,-4.319907210403033,-0.040010216024879836,-0.021592724096273434,-0.05842770795348624,0.009261823015209395,92,chr3,48275884,cg18365534,-0.040010216024879836,4.2464019760972005e-5,4.371978896713193,chr3,48317374,,3,48275884,NA,1
4.271377783042222e-5,0.026897903979709346,1,-4.3183246689110515,-0.11609698497819759,-0.06263566708135815,-0.16955830287503704,0.02688472819424985,92,chr15,81330964,cg08329821,-0.11609698497819759,4.271377783042222e-5,4.369432015593824,chr15,81623305,TMC3-AS1,15,81330964,TMC3-AS1,1
4.274993782792556e-5,0.026897903979709346,1,-4.318096289111598,-0.06558817728557616,-0.03538398336617239,-0.09579237120497992,0.015189141902870865,92,chr17,65602810,cg00014825,-0.06558817728557616,4.274993782792556e-5,4.369064512538347,chr17,65602810,PITPNC1;PITPNC1,17,65602810,PITPNC1,1
4.276628295839323e-5,0.026897903979709346,1,-4.317993117515642,-0.09078605219663963,-0.048976915888719455,-0.1325951885045598,0.021025057179543026,92,chr19,16266856,cg14868603,-0.09078605219663963,4.276628295839323e-5,4.368898494910597,chr19,16377667,,19,16266856,NA,1
4.2767615035457465e-5,0.026897903979709346,1,-4.31798471103072,-0.07792699226407047,-0.042039689030035764,-0.11381429549810518,0.018047074614460364,92,chr5,154220674,cg26725582,-0.07792699226407047,4.2767615035457465e-5,4.368884967789021,chr5,154220674,FAXDC2,5,154220674,FAXDC2,1
4.287677641981217e-5,0.026946946979442565,1,-4.31729667204519,-0.044350049272889484,-0.023922502011503383,-0.06477759653427559,0.010272643425238594,92,chr12,122968891,cg21003892,-0.044350049272889484,4.287677641981217e-5,4.3677778734018835,chr12,122968891,ZCCHC8,12,122968891,ZCCHC8,1
4.291984365841402e-5,0.02695441041940828,1,-4.317025686427432,-0.0524618816532331,-0.02829652322623741,-0.0766272400802288,0.012152320941284019,92,chr22,19191538,cg06424947,-0.0524618816532331,4.291984365841402e-5,4.3673418686821295,chr22,19191538,CLTCL1;CLTCL1,22,19191538,CLTCL1,1
4.3050947769713564e-5,0.027002530042215242,1,-4.316202372425601,-0.04942835638770457,-0.026655978566592797,-0.07220073420881634,0.011451816231667338,92,chr3,136899297,cg14184646,-0.04942835638770457,4.3050947769713564e-5,4.366017283080806,chr3,136618139,NCK1;NCK1,3,136899297,NCK1,1
4.3107615416102965e-5,0.027002530042215242,1,-4.315847257166168,-0.04345832751316891,-0.023434783216408184,-0.06348187180992963,0.0100694776537815,92,chr19,9306466,cg08868330,-0.04345832751316891,4.3107615416102965e-5,4.365446000348873,chr19,9417142,ZNF699,19,9306466,ZNF699,1
4.3112298073949403e-5,0.027002530042215242,1,-4.315817932837456,-0.10204505166359017,-0.05502719311629884,-0.1490629102108815,0.02364442922560919,92,chr1,9421159,cg15700754,-0.10204505166359017,4.3112298073949403e-5,4.365398826734728,chr1,9481218,,1,9421159,NA,1
4.3121454857776216e-5,0.027002530042215242,1,-4.315760598958976,-0.036832689141897954,-0.019861585239837373,-0.053803793043958534,0.008534460681341439,92,chr5,81863963,cg25518040,-0.036832689141897954,4.3121454857776216e-5,4.365306595083716,chr5,81159782,,5,81863963,NA,1
4.3163994378234606e-5,0.027009595995612014,1,-4.315494397945563,-0.08013055433737118,-0.04320716153962029,-0.11705394713512207,0.018568105284881887,92,chr11,9610239,cg14436861,-0.08013055433737118,4.3163994378234606e-5,4.364878372697246,chr11,9610239,WEE1;WEE1,11,9610239,WEE1,1
4.346134530039135e-5,0.027175982969626478,1,-4.3136406970246925,-0.05271116690896362,-0.028411927878815718,-0.07701040593911153,0.012219647071050872,92,chr11,47577434,cg18197277,-0.05271116690896362,4.346134530039135e-5,4.361896834676934,chr11,47598986,KBTBD4;KBTBD4;KBTBD4,11,47577434,KBTBD4,1
4.3522280450617246e-5,0.027176265071214623,1,-4.313262336174545,-0.04274266393354014,-0.0230370611891634,-0.06244826667791688,0.009909590607338026,92,chr7,148868453,cg04844473,-0.04274266393354014,4.3522280450617246e-5,4.361288356849122,chr7,148565545,EZH2;EZH2;EZH2;EZH2;EZH2,7,148868453,EZH2,1
4.354445631579414e-5,0.027176265071214623,1,-4.313124767858925,-0.0208215206378971,-0.011221891997188461,-0.030421149278605737,0.00482747932382051,92,chr1,152071229,cg04964072,-0.0208215206378971,4.354445631579414e-5,4.361067127561252,chr1,152043705,,1,152071229,NA,1
4.356297589501848e-5,0.027176265071214623,1,-4.313009933184632,-0.06076535261897177,-0.032749130334439464,-0.08878157490350408,0.014088850607887187,92,chr22,30258844,cg23869896,-0.06076535261897177,4.356297589501848e-5,4.360882460168783,chr22,30654833,,22,30258844,NA,1
4.364011417260788e-5,0.027176265071214623,1,-4.312532126951138,-0.012467201103376685,-0.006718488042926846,-0.01821591416382652,0.0028909236467974356,92,chr13,27023593,cg13319468,-0.012467201103376685,4.364011417260788e-5,4.360114121867639,chr13,27597730,,13,27023593,NA,1
4.364457797526935e-5,0.027176265071214623,1,-4.312504502439239,-0.06520635894932321,-0.035139061133785884,-0.09527365676486053,0.015120299332427636,92,chr12,113204994,cg04806741,-0.06520635894932321,4.364457797526935e-5,4.360069701596038,chr12,113642799,IQCD,12,113204994,IQCD,1
4.36651519086005e-5,0.027176265071214623,1,-4.312377214657977,-0.06130052483447605,-0.03303341147524762,-0.08956763819370449,0.014215019183876732,92,chr10,72524611,cg05977485,-0.06130052483447605,4.36651519086005e-5,4.359865024616874,chr10,74284369,MICU1;MICU1;MICU1,10,72524611,MICU1,1
4.3686281200169725e-5,0.027176265071214623,1,-4.312246551208524,-0.06633036220841873,-0.03574294578208689,-0.09691777863475057,0.015381857558638289,92,chr14,72595283,cg10933988,-0.06633036220841873,4.3686281200169725e-5,4.359654923085911,chr14,73061991,,14,72595283,NA,1
4.3736281941643076e-5,0.027176265071214623,1,-4.311937589675869,-0.0978349070769071,-0.05271633142355285,-0.14295348273026137,0.022689314268173673,92,chr5,134227841,cg08969102,-0.0978349070769071,4.3736281941643076e-5,4.359158139470781,chr5,133563532,,5,134227841,NA,1
4.3779229461664265e-5,0.027176265071214623,1,-4.3116724830779845,-0.07966939840342058,-0.042925960897355,-0.11641283590948615,0.018477609029001845,92,chr10,124642276,cg26508444,-0.07966939840342058,4.3779229461664265e-5,4.358731886520765,chr10,126330845,FAM53B,10,124642276,FAM53B,1
4.379117386322584e-5,0.027176265071214623,1,-4.31159879725601,-0.0509729078074441,-0.02746385792731942,-0.07448195768756878,0.011822275263617827,92,chr5,159128216,cg19550294,-0.0509729078074441,4.379117386322584e-5,4.358613412983518,chr5,158555224,,5,159128216,NA,1
4.3854071218943114e-5,0.027176265071214623,1,-4.311211099005366,-0.054586514595109624,-0.02940858082512011,-0.07976444836509913,0.012661526736119047,92,chr7,77944606,cg23400742,-0.054586514595109624,4.3854071218943114e-5,4.357990082438251,chr7,77573923,PHTF2;PHTF2;PHTF2,7,77944606,PHTF2,1
4.38821674577993e-5,0.027176265071214623,1,-4.311038087672407,-0.08493926258140713,-0.04575960493001084,-0.12411892023280342,0.01970274000229654,92,chr5,17224751,cg16281534,-0.08493926258140713,4.38821674577993e-5,4.357711929599729,chr5,17224860,BASP1,5,17224751,BASP1,1
4.388880536770225e-5,0.027176265071214623,1,-4.3109972282930995,-0.09990623918608947,-0.053822376093556945,-0.145990102278622,0.02317473983291018,92,chr3,186472784,cg03548293,-0.09990623918608947,4.388880536770225e-5,4.357646240282294,chr3,186190573,LOC253573,3,186472784,LOC253573,1
4.390207514351134e-5,0.027176265071214623,1,-4.31091556461787,-0.027384496064698425,-0.014752579538546352,-0.040016412590850495,0.0063523619644649315,92,chr11,19182278,cg05609445,-0.027384496064698425,4.390207514351134e-5,4.357514951236774,chr11,19203825,CSRP3;CSRP3,11,19182278,CSRP3,1
4.3978453166496907e-5,0.02720405745220804,1,-4.31044598854101,-0.05917400914471476,-0.031875256880457184,-0.08647276140897234,0.013728047933328552,92,chr22,42926001,cg10836059,-0.05917400914471476,4.3978453166496907e-5,4.356760049942686,chr22,43322007,PACSIN2;PACSIN2;PACSIN2,22,42926001,PACSIN2,1
4.403546892796594e-5,0.02721984159158771,1,-4.310095965558914,-0.10926648448208097,-0.05885447133355848,-0.15967849763060346,0.025351288081566368,92,chr5,14245363,cg04287529,-0.10926648448208097,4.403546892796594e-5,4.356197374550839,chr5,14245472,TRIO,5,14245363,TRIO,1
4.418182618818655e-5,0.027289566308930233,1,-4.309199468992345,-0.08965966381918257,-0.048284996106327756,-0.1310343315320374,0.020806570794493395,92,chr11,60821757,cg17134838,-0.08965966381918257,4.418182618818655e-5,4.3547563371956555,chr11,60589230,,11,60821757,NA,1
4.421142673106389e-5,0.027289566308930233,1,-4.3090185024365395,-0.01861481801074189,-0.01002439705245214,-0.027205238969031636,0.004319967064475615,92,chr14,33862687,cg09854717,-0.01861481801074189,4.421142673106389e-5,4.354465469906831,chr14,34331893,,14,33862687,NA,1
4.435471513178936e-5,0.027302462326446262,1,4.308144141252032,0.009364891314053447,0.013687506018101153,0.00504227661000574,0.0021737646204501933,92,chr17,16536894,cg03164761,0.009364891314053447,4.435471513178936e-5,4.35306020566607,chr17,16440208,,17,16536894,NA,1
4.441398488585432e-5,0.027302462326446262,1,4.307783267767015,0.06366986645690355,0.09306084896756354,0.03427888394624355,0.014780192618629,92,chr16,90034160,cg07587674,0.06366986645690355,4.441398488585432e-5,4.352480259559973,chr16,90100568,GAS8;GAS8;GAS8;GAS8,16,90034160,GAS8,1
4.441650657758242e-5,0.027302462326446262,1,-4.307767924350633,-0.044789185409066214,-0.02411373991138765,-0.06546463090674477,0.010397306957017162,92,chr15,39405155,cg04997452,-0.044789185409066214,4.441650657758242e-5,4.3524556023328245,chr15,39697356,,15,39405155,NA,1
4.4417153075954864e-5,0.027302462326446262,1,-4.307763990819773,-0.0762207793361886,-0.04103594635570859,-0.1114056123166686,0.01769381505082958,92,chr7,108235868,cg24358891,-0.0762207793361886,4.4417153075954864e-5,4.352449281065034,chr7,107876312,NRCAM;NRCAM;NRCAM;NRCAM;NRCAM,7,108235868,NRCAM,1
4.4444016163245076e-5,0.027302462326446262,1,-4.3076005948792915,-0.12374516540461826,-0.0666200852230319,-0.18087024558620463,0.028727167869677078,92,chr2,70091989,cg25420477,-0.12374516540461826,4.4444016163245076e-5,4.352186703135162,chr2,70319121,,2,70091989,NA,1
4.446064592107792e-5,0.027302462326446262,1,-4.307499491394438,-0.04239188560235256,-0.022821854759607053,-0.06196191644509807,0.00984141395420788,92,chrX,48786616,cg00536175,-0.04239188560235256,4.446064592107792e-5,4.352024232192084,chrX,48645024,GATA1;GATA1,23,48786616,GATA1,1
4.446803298056862e-5,0.027302462326446262,1,-4.307454592198624,-0.05741693068146728,-0.030910376399707482,-0.08392348496322709,0.013329665920438726,92,chr1,184025087,cg06456840,-0.05741693068146728,4.446803298056862e-5,4.351952080908127,chr1,183994221,COLGALT2;COLGALT2;COLGALT2,1,184025087,COLGALT2,1
4.448507549092791e-5,0.027302462326446262,1,-4.307351033784355,-0.08719179614689986,-0.04693869283038741,-0.1274448994634123,0.020242556379319484,92,chr8,140562043,cg00176675,-0.08719179614689986,4.448507549092791e-5,4.351785668099748,chr8,141572142,EIF2C2;EIF2C2,8,140562043,EIF2C2,1
4.456359132846756e-5,0.0273312395838736,1,-4.306874428228434,-0.15156630434281165,-0.08158621991340151,-0.2215463887722218,0.035191716607617954,92,chr17,79797058,cg25235958,-0.15156630434281165,4.456359132846756e-5,4.351019817132184,chr17,79797058,,17,79797058,NA,1
4.460102356737323e-5,0.02733479696297355,1,4.306647492919507,0.1312025053726382,0.1917835577256045,0.0706214530196719,0.03046511366169305,92,chr14,22815350,cg02999224,0.1312025053726382,4.460102356737323e-5,4.350655174369447,chr14,23284559,SLC7A7;SLC7A7;SLC7A7;SLC7A7,14,22815350,SLC7A7,1
4.463727216509812e-5,0.027337624391221737,1,-4.306427908655113,-0.06862605341943788,-0.036937249074693757,-0.100314857764182,0.01593572558860497,92,chr7,151112015,cg00361855,-0.06862605341943788,4.463727216509812e-5,4.350302353493492,chr7,150809102,AGAP3;AGAP3;AGAP3;AGAP3,7,151112015,AGAP3,1
4.4757296360506446e-5,0.027391718955045587,1,4.305702060830985,0.07706665454579249,0.11265899461426732,0.04147431447731768,0.017898742982443823,92,chr16,31484724,cg13026328,0.07706665454579249,4.4757296360506446e-5,4.349136155637352,chr16,31496045,SLC5A2;SLC5A2;SLC5A2;SLC5A2,16,31484724,SLC5A2,1
4.4837585818748204e-5,0.02740781038918659,1,-4.3052175573601765,-0.11817553472344602,-0.06359139326450883,-0.17275967618238322,0.027449375821069426,92,chr17,29837057,cg15209998,-0.11817553472344602,4.4837585818748204e-5,4.348357779079331,chr17,29837057,RAB11FIP4;RAB11FIP4,17,29837057,RAB11FIP4,1
4.4859318955530355e-5,0.02740781038918659,1,-4.3050865536455705,-0.07015900074869612,-0.03775224782674499,-0.10256575367064724,0.01629676892077468,92,chr6,33513473,cg12006129,-0.07015900074869612,4.4859318955530355e-5,4.348147324067814,chr6,33481250,,6,33513473,NA,1
4.490523290537097e-5,0.02740781038918659,1,-4.304809993332682,-0.07440293798757586,-0.040033683780913897,-0.10877219219423781,0.017283675261582185,92,chr7,42925227,cg08109336,-0.07440293798757586,4.490523290537097e-5,4.347703046758259,chr7,42964826,PSMA2,7,42925227,PSMA2,1
4.4910455002231335e-5,0.02740781038918659,1,-4.304778555589646,-0.11619645472976421,-0.06252095798673146,-0.16987195147279696,0.02699243485565269,92,chr2,74416124,cg24129222,-0.11619645472976421,4.4910455002231335e-5,4.347652544938236,chr2,74643251,C2orf81,2,74416124,C2orf81,1
4.5108018065396376e-5,0.02744776083757464,1,-4.303591783056833,-0.06521274026601462,-0.03508022462864799,-0.09534525590338125,0.01515309619345312,92,chr2,144234785,cg11872231,-0.06521274026601462,4.5108018065396376e-5,4.345746254307101,chr2,144992352,GTDC1;GTDC1;GTDC1,2,144234785,GTDC1,1
4.5146600942933054e-5,0.02744776083757464,1,-4.303360599193413,-0.09764869333493034,-0.05252623969070292,-0.14277114697915777,0.022691264439524968,92,chr22,39850774,cg05541460,-0.09764869333493034,4.5146600942933054e-5,4.345374941857611,chr22,39850774,,22,39850774,NA,1
4.5147954159946386e-5,0.02744776083757464,1,-4.303352494345122,-0.07111884151911801,-0.03825549676811449,-0.10398218627012154,0.01652638067938257,92,chr22,28351818,cg11960802,-0.07111884151911801,4.5147954159946386e-5,4.345361924579192,chr22,28747806,TTC28,22,28351818,TTC28,1
4.514920062610405e-5,0.02744776083757464,1,-4.303345029069202,-0.07828189715188393,-0.04210850931585385,-0.11445528498791399,0.01819094137771612,92,chr19,3516819,cg27093835,-0.07828189715188393,4.514920062610405e-5,4.345349934536417,chr19,3516817,FZR1,19,3516819,FZR1,1
4.5157645931048417e-5,0.02744776083757464,1,-4.303294454089067,-0.0359806212144318,-0.01935409184250428,-0.05260715058635933,0.008361180392906271,92,chr1,110073011,cg15741159,-0.0359806212144318,4.5157645931048417e-5,4.345268705936685,chr1,110615633,,1,110073011,NA,1
4.516649375460699e-5,0.02744776083757464,1,-4.303241478404514,-0.05486445913539721,-0.029511456870843635,-0.08021746139995078,0.012749565510262503,92,chr17,34239214,cg14667514,-0.05486445913539721,4.516649375460699e-5,4.3451836221268865,chr17,32566233,,17,34239214,NA,1
4.530306742181829e-5,0.027475564416628274,1,-4.302425021841945,-0.08603045078498804,-0.04626802254614215,-0.12579287902383393,0.019995804772480818,92,chr15,63207016,cg13104786,-0.08603045078498804,4.530306742181829e-5,4.343872391380796,chr15,63207016,,15,63207016,NA,1
4.5331372850893006e-5,0.027475564416628274,1,-4.302256105244833,-0.0635137899505584,-0.03415718833353536,-0.09287039156758144,0.0147629030901088,92,chr12,117025488,cg12383160,-0.0635137899505584,4.5331372850893006e-5,4.343601128227017,chr12,117463293,FBXW8;FBXW8,12,117025488,FBXW8,1
4.53378684874126e-5,0.027475564416628274,1,-4.3022173559890176,-0.10143321480932775,-0.05454951758233058,-0.1483169120363249,0.0235769619282775,92,chr7,30913509,cg18307978,-0.10143321480932775,4.53378684874126e-5,4.3435389016315344,chr7,30953124,AQP1,7,30913509,AQP1,1
4.5339425075810645e-5,0.027475564416628274,1,-4.3022080710679536,-0.05589271392015257,-0.030058348550185975,-0.08172707929011916,0.012991634294962891,92,chr21,37201869,cg12100242,-0.05589271392015257,4.5339425075810645e-5,4.343523991222868,chr21,38574170,TTC3;TTC3,21,37201869,TTC3,1
4.5460348086632985e-5,0.027503212821467556,1,-4.301487713982935,-0.04446373249171074,-0.02390855457428789,-0.06501891040913359,0.010336826569833401,92,chr1,155077653,cg25987478,-0.04446373249171074,4.5460348086632985e-5,4.342367243236539,chr1,155050129,EFNA3,1,155077653,EFNA3,1
4.547278576847639e-5,0.027503212821467556,1,-4.301413725708654,-0.11230459580973799,-0.06038631262124635,-0.16422287899822963,0.026108763995083016,92,chr16,3843133,cg13135255,-0.11230459580973799,4.547278576847639e-5,4.342248439091186,chr16,3843133,CREBBP;CREBBP,16,3843133,CREBBP,1
4.548053018667681e-5,0.027503212821467556,1,4.301367666207479,0.08127725710387905,0.11885204027711013,0.043702473930647974,0.01889567770325974,92,chr6,14596575,cg25489113,0.08127725710387905,4.548053018667681e-5,4.342174481191734,chr6,14596806,,6,14596575,NA,1
4.560399881981614e-5,0.02755859215953969,1,-4.3006343638723985,-0.03157766026145562,-0.01697669937505906,-0.04617862114785218,0.00734255869941529,92,chr1,87131137,cg02223962,-0.03157766026145562,4.560399881981614e-5,4.340997074238248,chr1,87596820,LOC339524;LOC339524;LOC339524;LOC339524;LOC339524,1,87131137,LOC339524,1
4.570963601691113e-5,0.027603126054008234,1,-4.300008485054745,-0.08424001398796731,-0.0452832272260605,-0.12319680074987412,0.019590662269796617,92,chr2,85556943,cg13008881,-0.08424001398796731,4.570963601691113e-5,4.339992236957801,chr2,85784066,GGCX;GGCX,2,85556943,GGCX,1
4.5776584954798795e-5,0.027624251006884978,1,-4.299612548583259,-0.046845121495567285,-0.025179604426698143,-0.06851063856443643,0.010895196012720485,92,chrX,100877463,cg00124708,-0.046845121495567285,4.5776584954798795e-5,4.339356609883575,chrX,100877463,ARMCX3;ARMCX3;ARMCX3,23,100877463,ARMCX3,1
4.592527693801427e-5,0.027675186864949963,1,-4.298735178410738,-0.0517293289137415,-0.02780001960909658,-0.07565863821838642,0.012033616114232478,92,chr9,33239643,cg00079056,-0.0517293289137415,4.592527693801427e-5,4.337948216137259,chr9,33239641,SUGT1P1;SPINK4,9,33239643,SUGT1P1,1
4.59764982921636e-5,0.027675186864949963,1,-4.298433577042148,-0.042750994876815045,-0.02297355758321973,-0.06252843217041036,0.009945714900690173,92,chr1,231167185,cg10433805,-0.042750994876815045,4.59764982921636e-5,4.337464108975883,chr1,231302931,TRIM67,1,231167185,TRIM67,1
4.600543363015111e-5,0.027675186864949963,1,-4.298263343406964,-0.10947060451227501,-0.058825379303831846,-0.1601158297207182,0.025468566201321794,92,chr1,26915422,cg19787060,-0.10947060451227501,4.600543363015111e-5,4.337190871443862,chr1,27241913,NR0B2,1,26915422,NR0B2,1
4.600650860349892e-5,0.027675186864949963,1,-4.2982570210680695,-0.01356468215857937,-0.007289140004076529,-0.01984022431308221,0.0031558564534627793,92,chr3,180738817,cg20912207,-0.01356468215857937,4.600650860349892e-5,4.337180723739513,chr3,180456605,LOC101928882,3,180738817,LOC101928882,1
4.6021120734469275e-5,0.027675186864949963,1,-4.298171095545391,-0.03383206568069085,-0.018179741778814883,-0.04948438958256682,0.007871270112014451,92,chr1,13784857,cg03945895,-0.03383206568069085,4.6021120734469275e-5,4.337042809333845,chr1,14111352,PRDM2;PRDM2;PRDM2;PRDM2,1,13784857,PRDM2,1
4.6079279281395384e-5,0.027690891063683158,1,-4.297829359390322,-0.02241301133746579,-0.012042860988856251,-0.032783161686075334,0.005214960730931681,92,chr5,173669847,cg03504931,-0.02241301133746579,4.6079279281395384e-5,4.336494322261945,chr5,173096850,,5,173669847,NA,1
4.61362550397095e-5,0.02770586314459697,1,-4.297494976637146,-0.045098987965364705,-0.024230766886770325,-0.06596720904395909,0.010494250304081878,92,chr1,10381337,cg02705708,-0.045098987965364705,4.61362550397095e-5,4.3359576608248265,chr1,10441395,KIF1B,1,10381337,KIF1B,1
4.633454238098258e-5,0.0277901671913719,1,-4.296334354783266,-0.013997242587686465,-0.007518683446759784,-0.020475801728613147,0.0032579500178106075,92,chr19,58330847,cg02400474,-0.013997242587686465,4.633454238098258e-5,4.334095121892798,chr19,58842213,ZSCAN22,19,58330847,ZSCAN22,1
4.6373542697072975e-5,0.0277901671913719,1,-4.296106641084317,-0.05343901055095819,-0.028703700096314417,-0.07817432100560197,0.012438939489982127,92,chr2,234464163,cg04280772,-0.05343901055095819,4.6373542697072975e-5,4.3337297250009215,chr2,235372807,,2,234464163,NA,1
4.639606043844043e-5,0.0277901671913719,1,-4.295975249417275,-0.09613745640584964,-0.05163695880284123,-0.14063795400885806,0.022378494014575655,92,chr5,58863645,cg14476984,-0.09613745640584964,4.639606043844043e-5,4.333518894498638,chr5,58159472,,5,58863645,NA,1
4.6409881106001985e-5,0.0277901671913719,1,-4.295894635899207,-0.05236477441305292,-0.028125499387030534,-0.07660404943907531,0.012189492259763499,92,chr3,5151787,cg14415107,-0.05236477441305292,4.6409881106001985e-5,4.333389544166047,chr3,5193472,ARL8B,3,5151787,ARL8B,1
4.6437433951829104e-5,0.0277901671913719,1,-4.295733994113341,-0.08788320640174183,-0.04720118503937632,-0.12856522776410734,0.020458251493731355,92,chr12,113713802,cg04524109,-0.08788320640174183,4.6437433951829104e-5,4.333131786593903,chr12,113713802,TPCN1;TPCN1;TPCN1,12,113713802,TPCN1,1
4.652119823195308e-5,0.02782102871594375,1,-4.29524618620198,-0.08936430985702667,-0.04799197269625202,-0.13073664701780133,0.020805398802075648,92,chr4,38109189,cg07456972,-0.08936430985702667,4.652119823195308e-5,4.332349107812387,chr4,38110810,TBC1D1;TBC1D1;TBC1D1,4,38109189,TBC1D1,1
4.656366019939562e-5,0.027827164653269797,1,-4.294999229225923,-0.10450572793531544,-0.056120697911239754,-0.15289075795939114,0.024331954991794084,92,chr7,80791853,cg00232450,-0.10450572793531544,4.656366019939562e-5,4.331952888712076,chr7,80421169,SEMA3C,7,80791853,SEMA3C,1
4.67917484339425e-5,0.027926352308478668,1,-4.293676385596013,-0.024967424329391825,-0.013404213498363774,-0.03653063516041988,0.005814929232475457,92,chr3,71788191,cg19459962,-0.024967424329391825,4.67917484339425e-5,4.329830726531986,chr3,71837342,,3,71788191,NA,1
4.682054382824444e-5,0.027926352308478668,1,-4.29350982348579,-0.05249031008194563,-0.028179429620938466,-0.07680119054295279,0.012225501335718406,92,chr12,913311,cg22937753,-0.05249031008194563,4.682054382824444e-5,4.329563546208937,chr12,1022477,RAD52,12,913311,RAD52,1
4.682658200754681e-5,0.027926352308478668,1,-4.293474909192178,-0.036206473809779594,-0.019437313689410252,-0.05297563393014894,0.008432906812210038,92,chr10,7042897,cg18892873,-0.036206473809779594,4.682658200754681e-5,4.329507541330368,chr10,7084859,,10,7042897,NA,1
4.699336098956197e-5,0.028006487507484107,1,-4.292512263820275,-0.10144115243971864,-0.054447777043449636,-0.14843452783598765,0.02363211709252927,92,chr2,25305461,cg01552966,-0.10144115243971864,4.699336098956197e-5,4.327963492899554,chr2,25528330,DNMT3A;DNMT3A;DNMT3A,2,25305461,DNMT3A,1
4.705134340790172e-5,0.028021717786785034,1,4.292178362480702,0.14647611266856503,0.21433755020537204,0.07861467513175802,0.034126287469542126,92,chr14,70697841,cg14899504,0.14647611266856503,4.705134340790172e-5,4.3274279721026225,chr14,71164558,LINC01269,14,70697841,LINC01269,1
4.708397640851509e-5,0.028021840483037973,1,-4.291990614530684,-0.03629202300949243,-0.019477427502086503,-0.05310661851689835,0.008455755445183063,92,chr14,50796481,cg02324789,-0.03629202300949243,4.708397640851509e-5,4.327126866573058,chr14,51263199,NIN;NIN;NIN;NIN,14,50796481,NIN,1
4.715372092581703e-5,0.028044034580513858,1,4.291589772917749,0.047390231249017076,0.06934883069476103,0.02543163180327313,0.011042581830182153,92,chr3,126419705,cg22396101,0.047390231249017076,4.715372092581703e-5,4.3264840311601755,chr3,126138548,CCDC37,3,126419705,CCDC37,1
4.725009914521767e-5,0.028082027287852914,1,-4.291036800340302,-0.08786787453937629,-0.04714842554685233,-0.12858732353190025,0.020477073170849503,92,chr12,113285199,cg09908050,-0.08786787453937629,4.725009914521767e-5,4.325597275870575,chr12,113723004,TPCN1;TPCN1;TPCN1,12,113285199,TPCN1,1
4.739529531731546e-5,0.02814896167632219,1,-4.290205785017911,-0.05062969930527091,-0.027162501482548493,-0.07409689712799333,0.011801228622197554,92,chr14,69972140,cg11616363,-0.05062969930527091,4.739529531731546e-5,4.324264766324553,chr14,69972140,PLEKHD1,14,69972140,PLEKHD1,1
4.757519088669622e-5,0.02823639859554966,1,-4.28917957193274,-0.09454558266671362,-0.050712599955159005,-0.13837856537826823,0.022042812869247762,92,chr4,121794683,cg00851912,-0.09454558266671362,4.757519088669622e-5,4.322619460510778,chr4,122715838,,4,121794683,NA,1
4.7626336848153714e-5,0.028245157532200638,1,4.288888493693628,0.04421611691558139,0.0647168718981189,0.02371536193304388,0.010309458261877562,92,chr1,206979564,cg22032961,0.04421611691558139,4.7626336848153714e-5,4.322152820709966,chr1,207152909,,1,206979564,NA,1
4.765531952937507e-5,0.028245157532200638,1,-4.288723683387428,-0.08451004775109429,-0.04532554938386619,-0.1236945461183224,0.019705174310587537,92,chr10,87954356,cg01740552,-0.08451004775109429,4.765531952937507e-5,4.321888614158738,chr10,89714113,PTEN;PTEN;PTEN,10,87954356,PTEN,1
4.784254219885265e-5,0.02833668850323709,1,-4.287661364368382,-0.03597011867433793,-0.01928783878961188,-0.05265239855906398,0.0083892163157424891,92,chr2,201745089,cg13756168,-0.03597011867433793,4.784254219885265e-5,4.320185751394229,chr2,202609812,ALS2,2,201745089,ALS2,1
4.798267915912009e-5,0.028393237868774717,1,4.286868835692593,0.11542122790228419,0.16896136820531973,0.06188108759924866,0.026924366554274708,92,chr1,24053853,cg10511985,0.11542122790228419,4.798267915912009e-5,4.3189155064403515,chr1,24053853,,1,24053853,NA,1
4.801775969955276e-5,0.028393237868774717,1,-4.286670791197675,-0.07829752004966666,-0.041976178139603505,-0.11461886195972981,0.018265344801015312,92,chrX,120259829,cg18456549,-0.07829752004966666,4.801775969955276e-5,4.318598106103617,chrX,119393684,FAM70A;FAM70A;FAM70A,23,120259829,FAM70A,1
4.808315853791188e-5,0.028393237868774717,1,-4.28630195951232,-0.09425520416269088,-0.050527509065604916,-0.13798289925977686,0.02198986563546141,92,chr16,357654,cg10363371,-0.09425520416269088,4.808315853791188e-5,4.31800701166815,chr16,357654,AXIN1;AXIN1,16,357654,AXIN1,1
4.8101180664519775e-5,0.028393237868774717,1,-4.286200404683135,-0.06598673830400237,-0.03537287072153477,-0.09660060588646996,0.015395159365834774,92,chr22,20854657,cg15861142,-0.06598673830400237,4.8101180664519775e-5,4.317844263547313,chr22,21208945,PI4KA,22,20854657,PI4KA,1
4.812505150748068e-5,0.028393237868774717,1,-4.286065948792408,-0.07895290906226354,-0.04232237102510731,-0.11558344709941978,0.018420833931523706,92,chr22,49566853,cg11295281,-0.07895290906226354,4.812505150748068e-5,4.317628792664686,chr22,49960501,C22orf34;C22orf34,22,49566853,C22orf34,1
4.813515848803793e-5,0.028393237868774717,1,-4.286009039188012,-0.06491898615264986,-0.034799146426102115,-0.09503882587919761,0.0151467217075559,92,chr4,152064246,cg25554117,-0.06491898615264986,4.813515848803793e-5,4.317537593904554,chr4,152985398,,4,152064246,NA,1
4.834226692281864e-5,0.02848504469930488,1,-4.2848454007292585,-0.03250057751788469,-0.017417501090556425,-0.04758365394521295,0.007585005870305905,92,chr14,22565426,cg20387830,-0.03250057751788469,4.834226692281864e-5,4.315672987999795,chr14,23034326,DAD1,14,22565426,DAD1,1
4.8378288241040875e-5,0.02848504469930488,1,-4.2846435061630155,-0.036307570961000034,-0.01945692663044866,-0.0531582152915514,0.008473883745234664,92,chr16,70151549,cg03181373,-0.036307570961000034,4.8378288241040875e-5,4.315349502254049,chr16,70151549,PDPR,16,70151549,PDPR,1
4.841546023819747e-5,0.02848504469930488,1,-4.284435314203627,-0.11289258669457476,-0.0604956564134539,-0.16528951697569563,0.026349466946161318,92,chr10,102467356,cg10897344,-0.11289258669457476,4.841546023819747e-5,4.315015935380285,chr10,104227113,TMEM180,10,102467356,TMEM180,1
4.842798585720425e-5,0.02848504469930488,1,-4.284365195778575,-0.0604995383445505,-0.03241937767211629,-0.0885796990169847,0.014121004064770496,92,chr21,37202428,cg19331876,-0.0604995383445505,4.842798585720425e-5,4.314903593090399,chr21,38574729,TTC3;TTC3,21,37202428,TTC3,1
4.8455613952149824e-5,0.02848504469930488,1,-4.284210595523767,-0.08209918283853576,-0.043992422034279534,-0.120205943642792,0.019163199615890664,92,chr13,30039971,cg24277759,-0.08209918283853576,4.8455613952149824e-5,4.3146558993727995,chr13,30039971,MTUS2;MTUS2,13,30039971,MTUS2,1
4.8669261934892014e-5,0.028591189693787083,1,-4.283017935899322,-0.03567143051714225,-0.019109740819891054,-0.05223312021439344,0.008328573695233004,92,chr5,445904,cg24194194,-0.03567143051714225,4.8669261934892014e-5,4.312745239744456,chr5,446019,EXOC3,5,445904,EXOC3,1
4.872901037067919e-5,0.0286068422349478,1,-4.28268530250806,-0.08448678256287627,-0.045257838435786846,-0.1237157266899657,0.01972752527798352,92,chr21,35236159,cg17532497,-0.08448678256287627,4.872901037067919e-5,4.312212408543134,chr21,36608456,,21,35236159,NA,1
4.878487814866125e-5,0.028620196892004013,1,-4.282374629433125,-0.04965561868009785,-0.02659782492157184,-0.07271341243862386,0.011595346735619664,92,chr2,23447173,cg21564952,-0.04965561868009785,4.878487814866125e-5,4.311714775422008,chr2,23670044,KLHL29,2,23447173,KLHL29,1
4.8918499519063416e-5,0.028674545172369312,1,-4.281632969286597,-0.0383145957108309,-0.020519971463764372,-0.05610921995789743,0.008948594142859204,92,chr1,206085280,cg08113602,-0.0383145957108309,4.8918499519063416e-5,4.310526872579843,chr1,206256051,C1orf186,1,206085280,C1orf186,1
4.894388270726069e-5,0.028674545172369312,1,-4.2814923018359625,-0.09202606391314753,-0.04928457076017052,-0.13476755706612456,0.021493922545110147,92,chr16,53466185,cg12360270,-0.09202606391314753,4.894388270726069e-5,4.310301581133556,chr16,53500097,RBL2,16,53466185,RBL2,1
4.902466403337512e-5,0.028687872692264298,1,-4.281045099339201,-0.04435085249807366,-0.023749953183215117,-0.06495175181293221,0.010359819032254396,92,chr17,75928184,cg18248736,-0.04435085249807366,4.902466403337512e-5,4.3095853738754,chr17,73924265,FBF1;FBF1,17,75928184,FBF1,1
4.903302655837673e-5,0.028687872692264298,1,4.28099884531711,0.11197306129132205,0.1639849292696806,0.05996119331296347,0.026155826090401048,92,chr4,159268102,cg04399899,0.11197306129132205,4.903302655837673e-5,4.309511299145517,chr4,160189254,RAPGEF2;RAPGEF2,4,159268102,RAPGEF2,1
4.93219396137695e-5,0.02883702274215722,1,-4.279405491815599,-0.020598046487323347,-0.011026621397592204,-0.03016947157705449,0.004813296269006827,92,chr8,2241727,cg10979160,-0.020598046487323347,4.93219396137695e-5,4.306959852859078,chr8,2241727,,8,2241727,NA,1
4.9376644644305015e-5,0.02883702274215722,1,-4.279104808117774,-0.042243000348711784,-0.022612297759036695,-0.06187370293838687,0.00987192467652901,92,chr13,27347959,cg08786188,-0.042243000348711784,4.9376644644305015e-5,4.306478425582174,chr13,27922096,,13,27347959,NA,1
4.940707787558964e-5,0.02883702274215722,1,-4.278937672349529,-0.09823918031441872,-0.05258476554592398,-0.14389359508291347,0.022958778051206434,92,chr2,98634809,cg18723763,-0.09823918031441872,4.940707787558964e-5,4.306210831195277,chr2,99251272,MGAT4A;MGAT4A,2,98634809,MGAT4A,1
4.942143359170013e-5,0.02883702274215722,1,4.278858866897092,0.013445592583223828,0.019694239652252216,0.00719694551419544,0.003142331402244681,92,chr19,15125944,cg09395833,0.013445592583223828,4.942143359170013e-5,4.306084660958736,chr19,15236755,ILVBL,19,15125944,ILVBL,1
4.9560759236558084e-5,0.028859582624833083,1,-4.278095186339038,-0.08742048312644497,-0.046785810104495645,-0.1280551561483943,0.02043444087116133,92,chr6,166758239,cg27626620,-0.08742048312644497,4.9560759236558084e-5,4.304862049153884,chr6,167171727,RPS6KA2,6,166758239,RPS6KA2,1
4.956377466291033e-5,0.028859582624833083,1,4.278078680900507,0.07102037383287066,0.10403209716772838,0.038008650498012934,0.016600997580979823,92,chr3,128420513,cg15607142,0.07102037383287066,4.956377466291033e-5,4.304835626169094,chr3,128420513,,3,128420513,NA,1
4.956735689383477e-5,0.028859582624833083,1,-4.278059074221651,-0.06400177675284775,-0.03425230464721277,-0.09375124885848274,0.014960470541069427,92,chr12,120563236,cg11489491,-0.06400177675284775,4.956735689383477e-5,4.304804238589841,chr12,121001039,RNF10,12,120563236,RNF10,1
4.959368282186135e-5,0.028859582624833083,1,-4.277915026042588,-0.057322820847388954,-0.030676981170996116,-0.0839686605237818,0.013399710021920919,92,chr17,750368,cg20938555,-0.057322820847388954,4.959368282186135e-5,4.304573639847144,chr17,653608,GEMIN4,17,750368,GEMIN4,1
4.974365106344684e-5,0.028927372512637765,1,-4.277095845749696,-0.08291559925464088,-0.04436587536596373,-0.12146532314331804,0.01938595772573979,92,chr1,51520458,cg03761216,-0.08291559925464088,4.974365106344684e-5,4.303262341733641,chr1,51986130,EPS15,1,51520458,EPS15,1
4.99933289359351e-5,0.029042736027326307,1,-4.275737286197871,-0.06859378581057686,-0.03669253067993195,-0.10049504094122177,0.016042563239794545,92,chr10,30510954,cg21592857,-0.06859378581057686,4.99933289359351e-5,4.301087943656051,chr10,30799883,,10,30510954,NA,1
5.000924745723153e-5,0.029042736027326307,1,-4.2756508916507645,-0.02990046551518763,-0.01599422544456828,-0.04380670558580698,0.006993196187643727,92,chr5,132658036,cg15329179,-0.02990046551518763,5.000924745723153e-5,4.300949680697898,chr5,131993728,IL13,5,132658036,IL13,1
5.007530130686318e-5,0.029061566000623523,1,-4.275292680969026,-0.07530857881829735,-0.04028079900674319,-0.1103363586298515,0.017614835857560074,92,chr1,225568019,cg03150082,-0.07530857881829735,5.007530130686318e-5,4.300376428843885,chr1,225755721,ENAH;ENAH,1,225568019,ENAH,1
5.012086590156054e-5,0.029066624409702063,1,-4.27504584927712,-0.09462100676478795,-0.05060802435893897,-0.13863398917063693,0.02213333145439544,92,chr17,76406106,cg05056419,-0.09462100676478795,5.012086590156054e-5,4.299981434624792,chr17,74402188,UBE2O,17,76406106,UBE2O,1
5.015128935056075e-5,0.029066624409702063,1,-4.2748811604104535,-0.07961618562024726,-0.04258127241022927,-0.11665109883026525,0.018624186879759457,92,chr12,56244750,cg23140746,-0.07961618562024726,5.015128935056075e-5,4.299717897127398,chr12,56638534,ANKRD52,12,56244750,ANKRD52,1
5.054485017813774e-5,0.029260832114480696,1,-4.2727593718800705,-0.04693741236887809,-0.02509278109085248,-0.06878204364690371,0.010985269303434938,92,chr7,1881156,cg10457058,-0.04693741236887809,5.054485017813774e-5,4.296323086426094,chr7,1920792,MAD1L1;MAD1L1;MAD1L1;MAD1L1;MAD1L1;MAD1L1,7,1881156,MAD1L1,1
5.0563295919541804e-5,0.029260832114480696,1,-4.2726603174980315,-0.08066231576161365,-0.04312127319473937,-0.11820335832848791,0.01887871016361244,92,chr17,68355227,cg01011462,-0.08066231576161365,5.0563295919541804e-5,4.2961646247372105,chr17,66351368,ARSG;ARSG,17,68355227,ARSG,1
5.058795579832502e-5,0.029260832114480696,1,-4.272527947379284,-0.07473633887281286,-0.039952227145751494,-0.10952045059987423,0.017492299592482528,92,chr12,56291886,cg16500637,-0.07473633887281286,5.058795579832502e-5,4.295952869582227,chr12,56685670,CS,12,56291886,CS,1
5.0689862364778696e-5,0.029282182480295165,1,-4.271981589164645,-0.10491344961860288,-0.05607793088285407,-0.1537489683543517,0.024558497603244103,92,chr14,39174241,cg02543556,-0.10491344961860288,5.0689862364778696e-5,4.295078887989427,chr14,39643445,PNN,14,39174241,PNN,1
5.0692638552617556e-5,0.029282182480295165,1,-4.271966719840001,-0.09565997015771924,-0.05113164188127603,-0.14018829843416244,0.02239248955602866,92,chr6,150400090,cg11230866,-0.09565997015771924,5.0692638552617556e-5,4.295055103153809,chr6,150400090,,6,150400090,NA,1
5.084966504192584e-5,0.02935326636293273,1,4.271126958522188,0.04876891672936125,0.07147460329636521,0.026063230162357284,0.011418278408243646,92,chr17,77319026,cg07863022,0.04876891672936125,5.084966504192584e-5,4.293711903526338,chr17,75315108,SEPT9;SEPT9;SEPT9,17,77319026,SEPT9,1
5.091650765710259e-5,0.029372230924499677,1,4.270770249931167,0.0275787170816298,0.040419806236456496,0.014737627926803103,0.006457551089776907,92,chr11,118061102,cg14926805,0.0275787170816298,5.091650765710259e-5,4.293141392081681,chr11,117931817,TMPRSS4-AS1,11,118061102,TMPRSS4-AS1,1
5.0958949947831e-5,0.02937710374604273,1,-4.270543989137162,-0.09294432436788962,-0.049665676338766736,-0.1362229723970125,0.02176404800051444,92,chr11,75839019,cg02046836,-0.09294432436788962,5.0958949947831e-5,4.292779529584816,chr11,75550064,UVRAG,11,75839019,UVRAG,1
5.108205760988311e-5,0.0294284414984638,1,-4.269888726230745,-0.10584631314824855,-0.05655241218173714,-0.15514021411475995,0.02478900972243477,92,chr12,64567709,cg20992317,-0.10584631314824855,5.108205760988311e-5,4.291731617465388,chr12,64961489,,12,64567709,NA,1
5.1174270301455916e-5,0.02946192407031561,1,-4.269398904421199,-0.09822680276307667,-0.05247615111467882,-0.14397745441147453,0.02300717383455488,92,chr10,102163576,cg23516680,-0.09822680276307667,5.1174270301455916e-5,4.2909483412655645,chr10,103923333,NOLC1,10,102163576,NOLC1,1
5.139583042377866e-5,0.02954403237050696,1,-4.268225477200975,-0.06892646214336005,-0.03681407106264689,-0.10103885322407322,0.016148739683865244,92,chr12,56301148,cg24028828,-0.06892646214336005,5.139583042377866e-5,4.289072112471572,chr12,56694932,CS,12,56301148,CS,1
5.1429355227209984e-5,0.02954403237050696,1,-4.268048348173728,-0.08609177683017881,-0.04598051251869423,-0.1262030411416634,0.02017122811343432,92,chr7,65767274,cg22524346,-0.08609177683017881,5.1429355227209984e-5,4.288788920419725,chr7,65767274,TPST1,7,65767274,TPST1,1
5.143610309732676e-5,0.02954403237050696,1,-4.268012709119399,-0.045655140608362746,-0.024383646729705364,-0.06692663448702013,0.010697048889009183,92,chr14,22508630,cg18752801,-0.045655140608362746,5.143610309732676e-5,4.288731941861358,chr14,22977615,,14,22508630,NA,1
5.145364324518484e-5,0.02954403237050696,1,-4.26792009145626,-0.04128353618056186,-0.022048428537490367,-0.06051864382363335,0.009672987145004273,92,chr17,77423331,cg12260934,-0.04128353618056186,5.145364324518484e-5,4.288583869001406,chr17,75419413,SEPT9;SEPT9;SEPT9;SEPT9;SEPT9,17,77423331,SEPT9,1
5.148857509729511e-5,0.0295444589292681,1,-4.267735730637535,-0.09231351408066663,-0.04930031194648962,-0.13532671621484363,0.021630560069115706,92,chr19,40250312,cg24388069,-0.09231351408066663,5.148857509729511e-5,4.288289126738403,chr19,40250312,,19,40250312,NA,1
5.157384895761648e-5,0.029573752305522363,1,-4.267286184591581,-0.06852419744392585,-0.03659219171572562,-0.10045620317212609,0.016058027158186546,92,chr1,26248082,cg22701846,-0.06852419744392585,5.157384895761648e-5,4.287570455975924,chr1,26574573,CEP85;CEP85,1,26248082,CEP85,1
5.1620732114324274e-5,0.029581007226828614,1,-4.267039331675308,-0.10166270117565133,-0.054285542754846795,-0.14903985959645588,0.02382511462244641,92,chr17,58192406,cg01955639,-0.10166270117565133,5.1620732114324274e-5,4.287175840339294,chr17,56269767,EPX,17,58192406,EPX,1
5.167468117042589e-5,0.029592298928287526,1,-4.266755542258465,-0.09594130193460801,-0.051227473435238584,-0.14065513043397743,0.02248577425737043,92,chr8,100461688,cg09351085,-0.09594130193460801,5.167468117042589e-5,4.286722194262394,chr8,101473916,,8,100461688,NA,1
5.188721261068233e-5,0.02969433016685189,1,-4.2656403316846845,-0.021281052184340166,-0.011360339478150327,-0.031201764890530004,0.004988946683166643,92,chr2,197400416,cg11891609,-0.021281052184340166,5.188721261068233e-5,4.284939659047112,chr2,198265140,SF3B1;SF3B1,2,197400416,SF3B1,1
5.1969537734923345e-5,0.02972176040549932,1,4.265209532638019,0.08290625782052322,0.12155905713456273,0.0442534585064837,0.01943779248970354,92,chr1,21822433,cg00309945,0.08290625782052322,5.1969537734923345e-5,4.284251146176271,chr1,22148926,LDLRAD2;HSPG2,1,21822433,LDLRAD2,1
5.200455201536058e-5,0.029722114836757855,1,4.265026505912172,0.08680334596522934,0.12727479386612622,0.04633189806433245,0.020352357914986626,92,chr7,4752983,cg27640064,0.08680334596522934,5.200455201536058e-5,4.283958640430021,chr7,4752983,FOXK1,7,4752983,FOXK1,1
5.209006950639325e-5,0.029748562728740387,1,4.26457998781963,0.07318813948623275,0.10731516624177963,0.03906111273068587,0.017161863464929865,92,chr6,109060814,cg13846195,0.07318813948623275,5.209006950639325e-5,4.2832450630659995,chr6,109382017,SESN1,6,109060814,SESN1,1
5.212662929594963e-5,0.029748562728740387,1,4.264389311481663,0.042215542435346205,0.06190118241514113,0.022529902455551285,0.009899551694701723,92,chr22,50356277,cg12043019,0.042215542435346205,5.212662929594963e-5,4.282940357280887,chr22,50356277,PIM3,22,50356277,PIM3,1
5.215410313699637e-5,0.029748562728740387,1,-4.264246107459257,-0.05786770607295955,-0.03088235853459149,-0.08485305361132761,0.013570442374733987,92,chr11,3162641,cg09552289,-0.05786770607295955,5.215410313699637e-5,4.282711518500012,chr11,3183871,OSBPL5;OSBPL5;OSBPL5,11,3162641,OSBPL5,1
5.219204183521195e-5,0.029750565525054142,1,-4.264048476207793,-0.06212014359344184,-0.03315042156840263,-0.09108986561848105,0.01456834835252343,92,chr7,30349423,cg17328356,-0.06212014359344184,5.219204183521195e-5,4.282395712525272,chr7,30389039,ZNRF2,7,30349423,ZNRF2,1
5.229788590766163e-5,0.02979092848457743,1,-4.263497842091308,-0.08728308963378138,-0.04657337352084411,-0.12799280574671865,0.0204721786820391,92,chr3,15025101,cg21419012,-0.08728308963378138,5.229788590766163e-5,4.281515866719609,chr3,15066608,NR2C2;NR2C2,3,15025101,NR2C2,1
5.2331799775489194e-5,0.02979092848457743,1,-4.263321638832539,-0.05259980241097466,-0.028065708422082867,-0.07713389639986645,0.01233775137485956,92,chr8,70527162,cg02887723,-0.05259980241097466,5.2331799775489194e-5,4.281234328911727,chr8,70527162,SULF1;SULF1;SULF1;SULF1,8,70527162,SULF1,1
5.242905610990005e-5,0.029820432586897577,1,-4.262816942832569,-0.08047572561273258,-0.042935037542231956,-0.1180164136832332,0.01887853189380866,92,chr4,94262414,cg18456722,-0.08047572561273258,5.242905610990005e-5,4.2804279609006555,chr4,95183565,SMARCAD1;SMARCAD1;SMARCAD1;SMARCAD1;SMARCAD1,4,94262414,SMARCAD1,1
5.245264436358918e-5,0.029820432586897577,1,-4.262694671460639,-0.0368253560089763,-0.019646401153432875,-0.05400431086451973,0.00863898516014469,92,chr16,67967303,cg05261851,-0.0368253560089763,5.245264436358918e-5,4.280232612264213,chr16,68001206,SLC12A4;SLC12A4;SLC12A4;SLC12A4,16,67967303,SLC12A4,1
5.267913939191499e-5,0.029929509312164444,1,-4.2615233103097765,-0.10547176630045037,-0.056255874259427074,-0.15468765834147366,0.02474978044711985,92,chr6,53193051,cg23054654,-0.10547176630045037,5.267913939191499e-5,4.27836132863044,chr6,53057849,,6,53193051,NA,1
5.275115027984313e-5,0.02994586739531025,1,4.261151910026295,0.10297021712422882,0.1510230086160811,0.05491742563237657,0.024164878253212382,92,chr6,149629022,cg02924917,0.10297021712422882,5.275115027984313e-5,4.277768065798197,chr6,149950158,KATNA1;KATNA1,6,149629022,KATNA1,1
5.277723831346512e-5,0.02994586739531025,1,-4.26101748013743,-0.05049737980172406,-0.026931180908115554,-0.07406357869533256,0.01185101446711159,92,chr14,75424171,cg00658852,-0.05049737980172406,5.277723831346512e-5,4.277553338947393,chr14,75890874,,14,75424171,NA,1
5.296603154691455e-5,0.03003326909011109,1,4.26004654681975,0.07513056491647441,0.11020060969514481,0.04006052013780401,0.017636090143794688,92,chr19,57171796,cg22682154,0.07513056491647441,5.296603154691455e-5,4.276002565139547,chr19,57683164,,19,57171796,NA,1
5.3060030351408686e-5,0.03005151393874591,1,-4.25956436987935,-0.06458349104487508,-0.03443328101719939,-0.09473370107255077,0.01516199438176453,92,chr11,574474,cg07673089,-0.06458349104487508,5.3060030351408686e-5,4.275232505928406,chr11,574474,LOC143666,11,574474,LOC143666,1
5.306775922583788e-5,0.03005151393874591,1,-4.25952476044729,-0.09639657122644998,-0.05139429823256309,-0.14139884422033688,0.022630827767820615,92,chr16,3793231,cg04141008,-0.09639657122644998,5.306775922583788e-5,4.275169249969996,chr16,3843232,CREBBP;CREBBP,16,3793231,CREBBP,1
5.3153117852653076e-5,0.03008013955376939,1,-4.259087678682312,-0.023414711471431274,-0.012482544900873829,-0.034346878041988715,0.005497588506718739,92,chr3,119497406,cg23460196,-0.023414711471431274,5.3153117852653076e-5,4.274471255571758,chr3,119216253,TIMMDC1,3,119497406,TIMMDC1,1
5.323493025576437e-5,0.030096522408861986,1,-4.258669390287352,-0.04972304566396475,-0.026505419899651134,-0.07294067142827837,0.011675723355601858,92,chr2,27825622,cg07406419,-0.04972304566396475,5.323493025576437e-5,4.273803310574964,chr2,28048489,RBKS;RBKS,2,27825622,RBKS,1
5.325363393548578e-5,0.030096522408861986,1,-4.258573849646718,-0.08638218363557465,-0.04604607427725117,-0.12671829299389814,0.020284298613898813,92,chr17,1144431,cg26235490,-0.08638218363557465,5.325363393548578e-5,4.273650751376904,chr17,1047567,ABR;ABR,17,1144431,ABR,1
5.3286869895344666e-5,0.030096522408861986,1,-4.258404156185148,-0.05227452379281411,-0.02786399324802207,-0.07668505433760614,0.012275613557460867,92,chr15,68184567,cg13077072,-0.05227452379281411,5.3286869895344666e-5,4.273379789744159,chr15,68476905,PIAS1,15,68184567,PIAS1,1
5.3321378424128744e-5,0.030096522408861986,1,-4.258228073310861,-0.03447194452227766,-0.018373983416305313,-0.05056990562825001,0.008095372988200468,92,chr14,102030263,cg12799576,-0.03447194452227766,5.3321378424128744e-5,4.2730986320590985,chr14,102496600,DYNC1H1;DYNC1H1,14,102030263,DYNC1H1,1
5.3462903755770644e-5,0.030156707053757646,1,-4.257507075190444,-0.08255219674775492,-0.043994838858999005,-0.12110955463651084,0.019389796726071738,92,chr19,5093480,cg24823679,-0.08255219674775492,5.3462903755770644e-5,4.271947456898965,chr19,5093491,KDM4B,19,5093480,KDM4B,1
5.3608565108219705e-05,0.030210231446532176,1,-4.256766925569999,-0.023741918984431107,-0.012650938079311894,-0.03483289988955032,0.00557745335827894,92,chr1,87152630,cg20310759,-0.023741918984431107,5.3608565108219705e-05,4.270765816985141,chr1,87618313,LOC339524,1,87152630,LOC339524,1
5.3627712530874614e-5,0.030210231446532176,1,-4.2566697759416146,-0.044346479067398165,-0.02362965418780331,-0.06506330394699301,0.010418115898499154,92,chr20,38866451,cg10332597,-0.044346479067398165,5.3627712530874614e-5,4.270610727303307,chr20,37495094,PPP1R16B;PPP1R16B,20,38866451,PPP1R16B,1
5.369902655222817e-5,0.030230697845707543,1,-4.25630823899947,-0.08891560956837126,-0.047374418079618556,-0.13045680105712396,0.020890312584427074,92,chr10,3830710,cg10071499,-0.08891560956837126,5.369902655222817e-5,4.270033587053286,chr10,3872902,,10,3830710,NA,1
5.374504224724134e-5,0.03023690478387897,1,-4.256075201320972,-0.0751841346305203,-0.04005633694728499,-0.1103119323137556,0.01766513303317224,92,chr17,35558030,cg00397422,-0.0751841346305203,5.374504224724134e-5,4.269661591393213,chr17,33885049,SLFN14,17,35558030,SLFN14,1
5.378056319868231e-5,0.03023720315502128,1,-4.2558954438038965,-0.06884722712424371,-0.036678823162304135,-0.10101563108618328,0.016176907547030436,92,chr10,124798532,cg10402121,-0.06884722712424371,5.378056319868231e-5,4.269374654087444,chr10,126487101,,10,124798532,NA,1
5.388977817868595e-5,0.030278907407456323,1,-4.255343466155205,-0.06899134112846743,-0.036751419440029846,-0.101231262816905,0.01621287251597639,92,chr10,98380957,cg26633168,-0.06899134112846743,5.388977817868595e-5,4.268493604044927,chr10,100140714,,10,98380957,NA,1
5.3949447015575503e-5,0.03029273719129539,1,-4.255042352523725,-0.10657672785869726,-0.056769484535225186,-0.15638397118216935,0.025047160293359978,92,chr11,134249080,cg05317405,-0.10657672785869726,5.3949447015575503e-5,4.268013002497566,chr11,134118974,THYN1;THYN1;THYN1;THYN1;THYN1,11,134249080,THYN1,1
5.4097871470713966e-5,0.03033050691584674,1,-4.254294731981323,-0.06587935750326032,-0.035086088814947465,-0.09667262619157319,0.015485376931696215,92,chr14,75162741,cg07124958,-0.06587935750326032,5.4097871470713966e-5,4.266819822263284,chr14,75629444,TMED10,14,75162741,TMED10,1
5.410357211453605e-5,0.03033050691584674,1,4.2542660570432425,0.029242305152013627,0.04291080865798258,0.015573801646044676,0.006873642776431646,92,chr8,129803264,cg16681442,0.029242305152013627,5.410357211453605e-5,4.266774060246153,chr8,130815510,,8,129803264,NA,1
5.412200823956396e-5,0.03033050691584674,1,4.254173341013408,0.08896909063638204,0.13055612778181275,0.04738205349095135,0.020913367534569776,92,chr1,115728005,cg14985891,0.08896909063638204,5.412200823956396e-5,4.26662609693806,chr1,116270626,CASQ2,1,115728005,CASQ2,1
5.427511357910231e-5,0.03037658412083438,1,-4.253404542442475,-0.06400129296833248,-0.034079606516757954,-0.09392297941990702,0.01504707401557915,92,chr1,149290837,cg19304346,-0.06400129296833248,5.427511357910231e-5,4.2653992590439564,chr1,149290837,LOC388692,1,149290837,LOC388692,1
5.429169951292928e-5,0.03037658412083438,1,-4.253321383902283,-0.11531609096344538,-0.061402814873444116,-0.16922936705344663,0.027112009781317455,92,chr1,64453953,cg10271974,-0.11531609096344538,5.429169951292928e-5,4.265266563252505,chr1,64919636,,1,64453953,NA,1
5.431222053474591e-5,0.03037658412083438,1,-4.253218529517279,-0.08891397016131965,-0.04734336795964758,-0.1304845723629917,0.020905102699110778,92,chr16,566220,cg02475695,-0.08891397016131965,5.431222053474591e-5,4.265102440877546,chr16,616220,NHLRC4,16,566220,NHLRC4,1
5.434483638388843e-5,0.03037658412083438,1,4.253055131157187,0.07756687839558359,0.11383368463843063,0.04130007215273653,0.018237919802012746,92,chr2,60529287,cg24760379,0.07756687839558359,5.434483638388843e-5,4.264841714439111,chr2,60756422,BCL11A;BCL11A;BCL11A,2,60529287,BCL11A,1
5.471436269980776e-5,0.030538772286478305,1,-4.2512104597664555,-0.09135037331990002,-0.048620487598353815,-0.13408025904144621,0.0214880853781392,92,chr10,134140240,cg01602526,-0.09135037331990002,5.471436269980776e-5,4.2618986549737095,chr10,134140240,,10,134140240,NA,1
5.47164231099041e-5,0.030538772286478305,1,-4.251200207935648,-0.09107371192423569,-0.048473134106043717,-0.13367428974242768,0.021423058776255666,92,chr4,80008017,cg12036619,-0.09107371192423569,5.47164231099041e-5,4.26188230080557,chr4,80929171,ANTXR2;ANTXR2;ANTXR2;ANTXR2,4,80008017,ANTXR2,1
5.474101578397654e-5,0.030538772286478305,1,-4.251077872704513,-0.0606924487829979,-0.032302173062205744,-0.08908272450379005,0.014276955304134595,92,chr9,97555421,cg08491582,-0.0606924487829979,5.474101578397654e-5,4.261687148005859,chr9,100317703,TMOD1;TMOD1,9,97555421,TMOD1,1
5.478377607474616e-5,0.030542909459705836,1,-4.2508652895365415,-0.05320604249878719,-0.02831645923540168,-0.07809562576217269,0.012516520490487732,92,chr6,42443152,cg02711899,-0.05320604249878719,5.478377607474616e-5,4.261348036486829,chr6,42410890,TRERF1,6,42443152,TRERF1,1
5.491079405813539e-5,0.030593986142440886,1,-4.250234760610264,-0.060090301835792864,-0.031976118210338245,-0.08820448546124748,0.014138113591439566,92,chr22,39807989,cg14818785,-0.060090301835792864,5.491079405813539e-5,4.260342275966948,chr22,40203994,ENTHD1,22,39807989,ENTHD1,1
5.5203652285794056e-5,0.03073733668174839,1,-4.2487863278643365,-0.06316989039121244,-0.033604797840458,-0.09273498294196689,0.01486774940338432,92,chr4,7044367,cg09424308,-0.06316989039121244,5.5203652285794056e-5,4.25803218830169,chr4,7046094,CCDC96;TADA2B,4,7044367,CCDC96,1
5.527690874094385e-5,0.030758307303479785,1,-4.24842517086863,-0.023786004076981147,-0.012652611421620715,-0.03491939673234158,0.005598781459087787,92,chr17,41555576,cg13328217,-0.023786004076981147,5.527690874094385e-5,4.257456252071782,chr17,39711828,LINC00974,17,41555576,LINC00974,1
5.5313526790551126e-5,0.030758876964677183,1,-4.248244815494196,-0.0583574111206065,-0.031041198050325132,-0.08567362419088786,0.01373682865633482,92,chr6,122712391,cg08198075,-0.0583574111206065,5.5313526790551126e-5,4.257168650031202,chr6,123033536,PKIB;PKIB;PKIB,6,122712391,PKIB,1
5.5352081601703525e-5,0.030760522199533957,1,-4.248055045325076,-0.06631871770594906,-0.03527455183570502,-0.0973628835761931,0.015611548578903624,92,chr1,67697926,cg26145152,-0.06631871770594906,5.5352081601703525e-5,4.256866042154103,chr1,68163609,,1,67697926,NA,1
5.5614493895180314e-5,0.030883453539390312,1,4.246766804299788,0.09034864552197823,0.13265418549627037,0.04804310554768609,0.021274689589854942,92,chr10,6410098,cg27278668,0.09034864552197823,5.5614493895180314e-5,4.254812010605081,chr10,6452060,,10,6410098,NA,1
5.564476754185689e-5,0.030883453539390312,1,4.246618561359456,0.09959669770109522,0.14623424426422216,0.052959151137968286,0.023453177219008733,92,chr3,128814529,cg19991780,0.09959669770109522,5.564476754185689e-5,4.254575667529396,chr3,128533372,RAB7A,3,128814529,RAB7A,1
5.5683084565252704e-5,0.03088488375688848,1,-4.246431043339146,-0.10552245952904997,-0.05610791011867863,-0.1549370089394213,0.02484968163902486,92,chr17,18036105,cg20885063,-0.10552245952904997,5.5683084565252704e-5,4.254276714982196,chr17,17939419,ATPAF2,17,18036105,ATPAF2,1
5.572368165492026e-5,0.030887575977846474,1,-4.2462325026775,-0.10124758364288328,-0.0538326761763167,-0.14866249110944985,0.023844097933648407,92,chr13,112651390,cg25479097,-0.10124758364288328,5.572368165492026e-5,4.25396019753173,chr13,113305704,C13orf35,13,112651390,C13orf35,1
5.5858620806446566e-5,0.030942524927648984,1,4.245573581390646,0.13405635604100014,0.1968455702986882,0.07126714178331206,0.03157555827759078,92,chr13,20749447,cg11033762,0.13405635604100014,5.5858620806446566e-5,4.252909791577088,chr13,20749447,,13,20749447,NA,1
5.591294373170873e-5,0.03095277524128351,1,-4.245308750292028,-0.1085773803952189,-0.05771881694113958,-0.1594359438492982,0.025575850139933885,92,chr4,108360168,cg06280887,-0.1085773803952189,5.591294373170873e-5,4.252487642193437,chr4,109281324,,4,108360168,NA,1
5.610332541776255e-5,0.031020770741969676,1,-4.244382569572149,-0.04680409065344546,-0.02487587468215577,-0.06873230662473515,0.01102730253134639,92,chr3,128167906,cg23153546,-0.04680409065344546,5.610332541776255e-5,4.2510113960026255,chr3,127886749,EEFSEC,3,128167906,EEFSEC,1
5.6107565184942694e-5,0.031020770741969676,1,-4.244361978195457,-0.027107182759432406,-0.014407116731154346,-0.03980724878771047,0.006386633114397412,92,chr12,26869855,cg17725421,-0.027107182759432406,5.6107565184942694e-5,4.250978577307722,chr12,27022788,,12,26869855,NA,1
5.634652062109301e-5,0.031109311154823464,1,-4.24320385569328,-0.10244615953595908,-0.05443570741785533,-0.15045661165406282,0.024143586549230454,92,chr1,246591949,cg16838795,-0.10244615953595908,5.634652062109301e-5,4.249132896329729,chr1,246591949,SMYD3,1,246591949,SMYD3,1
5.635391075568671e-5,0.031109311154823464,1,-4.243168114160891,-0.08382871786851331,-0.044542827948348095,-0.12311460778867853,0.019756162285615896,92,chr2,102310937,cg16386158,-0.08382871786851331,5.635391075568671e-5,4.249075940120424,chr2,102927397,IL1RL1,2,102310937,IL1RL1,1
5.637570851939653e-5,0.031109311154823464,1,-4.243062718106991,-0.07709492717080271,-0.0409638955618197,-0.11322595877978572,0.018169641198515683,92,chr5,154120729,cg14412164,-0.07709492717080271,5.637570851939653e-5,4.248907986947586,chr5,154120729,LARP1,5,154120729,LARP1,1
5.645130747922006e-5,0.031120054218826267,1,4.242697487871009,0.1282704750447161,0.18839043002236744,0.06815052006706473,0.030233236145498173,92,chr2,230924750,cg20287234,0.1282704750447161,5.645130747922006e-5,4.248325994847346,chr2,231789465,GPR55,2,230924750,GPR55,1
5.64672013894773e-5,0.031120054218826267,1,-4.24262076192696,-0.06430777316669418,-0.03416638369782515,-0.09444916263556322,0.01515755868254559,92,chr6,137223478,cg00638845,-0.06430777316669418,5.64672013894773e-5,4.2482037361027825,chr6,137544615,,6,137223478,NA,1
5.665155395226484e-5,0.031201755035664476,1,-4.241732340046719,-0.04131800443295545,-0.021947983594194063,-0.060688025271716836,0.009740832546850509,92,chr12,124986224,cg26500143,-0.04131800443295545,5.665155395226484e-5,4.246788172938487,chr12,125470770,DHX37,12,124986224,DHX37,1
5.670368903284575e-5,0.03121057725166352,1,-4.241481598991611,-0.08925132455877219,-0.047407526903888296,-0.13109512221365607,0.021042487742960195,92,chr4,140615437,cg26713832,-0.08925132455877219,5.670368903284575e-5,4.246388685825053,chr4,141536591,,4,140615437,NA,1
5.6805600875180845e-5,0.031246768687135124,1,-4.240992100243411,-0.028588210413908695,-0.015183620972814239,-0.04199279985500315,0.006740925174623145,92,chr17,67438812,cg02403715,-0.028588210413908695,5.6805600875180845e-5,4.245608841942757,chr17,65434928,PITPNC1;PITPNC1,17,67438812,PITPNC1,1
5.7031845774714014e-5,0.031316696211725815,1,-4.239908428872835,-0.09816379845815978,-0.05212447972971175,-0.14420311718660783,0.02315233927923681,92,chr16,2751792,cg06736444,-0.09816379845815978,5.7031845774714014e-5,4.243882572710855,chr16,2801793,LOC100128788;SRRM2,16,2751792,LOC100128788,1
5.705570651883294e-5,0.031316696211725815,1,-4.2397943819713975,-0.06049384428332558,-0.03212116170036205,-0.088866526866289125,0.014268108033861178,92,chr13,109781437,cg24526103,-0.06049384428332558,5.705570651883294e-5,4.243700912407908,chr13,110433784,IRS2,13,109781437,IRS2,1
5.709194201823461e-5,0.031316696211725815,1,-4.239621275499436,-0.11738362765858201,-0.062326382852233866,-0.17244087246493017,0.027687290923115292,92,chr2,96299361,cg01923915,-0.11738362765858201,5.709194201823461e-5,4.243425183942724,chr2,96965099,SNRNP200,2,96299361,SNRNP200,1
5.710463965848724e-5,0.031316696211725815,1,-4.239560640603396,-0.08104658438836045,-0.0430322075494419,-0.119060961227279,0.019116741393472667,92,chr1,186876005,cg27310230,-0.08104658438836045,5.710463965848724e-5,4.243328604604942,chr1,186845137,PLA2G4A,1,186876005,PLA2G4A,1
5.711392582517877e-5,0.031316696211725815,1,-4.239516304705292,-0.06570080378710336,-0.034883943931693265,-0.09651766364251345,0.015497240502220573,92,chr1,21316199,cg06786434,-0.06570080378710336,5.711392582517877e-5,4.243257986821503,chr1,21316199,EIF4G3;MIR1256;EIF4G3;EIF4G3;EIF4G3,1,21316199,EIF4G3,1
5.733624540387396e-5,0.031401516757800826,1,-4.238456930860229,-0.045443529931059795,-0.02412298528359108,-0.06676407457852851,0.010721715631975682,92,chr16,15475561,cg13657404,-0.045443529931059795,5.733624540387396e-5,4.241570749718225,chr16,15475561,,16,15475561,NA,1
5.734129348055632e-5,0.031401516757800826,1,-4.238432922298799,-0.09499020067287736,-0.050423806082526806,-0.13955659526322792,0.022411632415632883,92,chr2,226137655,cg18387316,-0.09499020067287736,5.734129348055632e-5,4.241532514648479,chr2,227002371,,2,226137655,NA,1
5.749916042096591e-5,0.03146390143883936,1,-4.237683136245386,-0.03071997568995923,-0.016304585640229265,-0.045135365739689196,0.0072492384877028155,92,chr12,116197492,cg14117556,-0.03071997568995923,5.749916042096591e-5,4.240338496653042,chr12,116635297,MED13L,12,116197492,MED13L,1
5.7528032421803336e-5,0.03146390143883936,1,-4.23754622388933,-0.11520994534264382,-0.06114577629087907,-0.1692741143944086,0.027187891118011488,92,chr1,87130366,cg20654602,-0.11520994534264382,5.7528032421803336e-5,4.240120479493818,chr1,87596049,LINC01140;LINC01140,1,87130366,LINC01140,1
5.759491240726463e-5,0.03148055581692761,1,-4.237229330159085,-0.05608940480599884,-0.02976655703922274,-0.08241225257277494,0.013237283242324057,92,chr20,38198611,cg21120762,-0.05608940480599884,5.759491240726463e-5,4.239615877879495,chr20,36827013,,20,38198611,NA,1
5.7698153607029286e-5,0.03151563632623124,1,-4.236740843800531,-0.03250024386533262,-0.017246068648999153,-0.0477544190816661,0.007671048351444259,92,chr7,11780441,cg19511060,-0.03250024386533262,5.7698153607029286e-5,4.238838084437144,chr7,11820067,THSD7A,7,11780441,THSD7A,1
5.775383879000922e-5,0.03151563632623124,1,-4.23647771866801,-0.06348785110573049,-0.033687614558423964,-0.09328808765303702,0.014985999059070158,92,chr13,112763437,cg12829183,-0.06348785110573049,5.775383879000922e-5,4.238419143731744,chr13,113417751,ATP11A;ATP11A,13,112763437,ATP11A,1
5.77685036206018e-5,0.03151563632623124,1,-4.236408464693485,-0.10115144142462353,-0.053671709390541895,-0.14863117345870516,0.02387669703420397,92,chr17,7613570,cg17832704,-0.10115144142462353,5.77685036206018e-5,4.238308881856756,chr17,7516888,SHBG;FXR2,17,7613570,SHBG,1
5.7826219486251804e-5,0.031527219698096826,1,4.236136068708487,0.014830746079426162,0.02179263529567546,0.007868856863176864,0.0035010079560422996,92,chr17,76354219,cg00127591,0.014830746079426162,5.7826219486251804e-5,4.237875199706234,chr17,74350300,PRPSAP1,17,76354219,PRPSAP1,1
5.7935986640228644e-5,0.03156714926048352,1,-4.235618733646848,-0.045935570457343505,-0.024369736155438755,-0.06750140475924826,0.010845067355199179,92,chr12,21759977,cg26769850,-0.045935570457343505,5.7935986640228644e-5,4.237051592673357,chr12,21912911,,12,21759977,NA,1
5.805600410196609e-5,0.0316124686660147,1,-4.235054168732066,-0.12054120255126723,-0.06394196763280395,-0.17714043746973052,0.028462729813761998,92,chr5,180975690,cg18537979,-0.12054120255126723,5.805600410196609e-5,4.236152859241294,chr5,180402690,,5,180975690,NA,1
5.81955832885708e-5,0.0316124686660147,1,4.234398998179368,0.06996416150581487,0.10282040178210873,0.037107921229521015,0.016522807967765157,92,chr12,27703932,cg24338511,0.06996416150581487,5.81955832885708e-5,4.235109974562971,chr12,27856865,,12,27703932,NA,1
5.820234095878389e-5,0.0316124686660147,1,-4.234367316812267,-0.06742017580093145,-0.03575839322899474,-0.09908195837286815,0.01592213682862236,92,chr7,152143663,cg27468610,-0.06742017580093145,5.820234095878389e-5,4.235059547222341,chr7,151840748,KMT2C,7,152143663,KMT2C,1
5.8235948819532465e-5,0.0316124686660147,1,4.23420980879543,0.11341570595218811,0.16667983584571397,0.06015157605866225,0.026785565919902585,92,chr14,92397730,cg16267322,0.11341570595218811,5.8235948819532465e-5,4.2348088443151655,chr14,92864074,SLC24A4;SLC24A4;SLC24A4,14,92397730,SLC24A4,1
5.824168847715484e-5,0.0316124686660147,1,-4.234182917833223,-0.08281743035657306,-0.04392311368235918,-0.12171174703078694,0.01955924719448672,92,chr19,34369434,cg02359181,-0.08281743035657306,5.824168847715484e-5,4.234766042938124,chr19,34860339,GPI,19,34369434,GPI,1
5.824794519845008e-5,0.0316124686660147,1,-4.2341536072772845,-0.1007590634162163,-0.05343832390455836,-0.14807980292787423,0.02379674257519629,92,chr9,94640847,cg13576859,-0.1007590634162163,5.824794519845008e-5,4.234719390554556,chr9,97403129,FBP1;FBP1,9,94640847,FBP1,1
5.8352604329055026e-5,0.0316124686660147,1,-4.233663765174329,-0.08753609279832614,-0.046420665831127875,-0.1286515197655244,0.02067620332025155,92,chr16,80620069,cg07428892,-0.08753609279832614,5.8352604329055026e-5,4.233939756233907,chr16,80653966,CDYL2,16,80620069,CDYL2,1
5.836890843026088e-5,0.0316124686660147,1,-4.2335875324005405,-0.10378523610717756,-0.05503675994628001,-0.1525337122680751,0.02451472546933002,92,chr19,14397583,cg05962003,-0.10378523610717756,5.836890843026088e-5,4.233818428450112,chr19,14397583,,19,14397583,NA,1
5.840850329789157e-5,0.0316124686660147,1,-4.233402484844561,-0.03845347599010356,-0.02039088474995657,-0.05651606723025056,0.00908334988883427,92,chr18,49043932,cg06208130,-0.03845347599010356,5.840850329789157e-5,4.233523922296427,chr18,46570302,DYM,18,49043932,DYM,1
5.841696478575381e-5,0.0316124686660147,1,-4.233362955559525,-0.03036419873890626,-0.01610121685557759,-0.04462718062223493,0.007172595182047888,92,chr6,158048101,cg15785456,-0.03036419873890626,5.841696478575381e-5,4.233461011741837,chr6,158469133,SYNJ2;SYNJ2,6,158048101,SYNJ2,1
5.8421565256604715e-5,0.0316124686660147,1,-4.233341465990362,-0.054459098272734284,-0.028877883971278082,-0.08004031257419049,0.012864329209029194,92,chr7,65905303,cg01041053,-0.054459098272734284,5.8421565256604715e-5,4.233426811395342,chr7,65905303,,7,65905303,NA,1
5.848333702893597e-5,0.031616366637331965,1,-4.2330530775746125,-0.0789686297935291,-0.04187196217110851,-0.1160652974159497,0.018655242054931968,92,chr3,42907324,cg07448333,-0.0789686297935291,5.848333702893597e-5,4.232967854724867,chr3,42948816,ZNF662;ZNF662,3,42907324,ZNF662,1
5.8501942080899905e-5,0.031616366637331965,1,-4.232966275338909,-0.0344251676623607,-0.018253110560215394,-0.05059722476450601,0.008132634522254604,92,chr8,133110104,cg22890968,-0.0344251676623607,5.8501942080899905e-5,4.232829716464514,chr8,134122348,TG,8,133110104,TG,1
5.8566130780812566e-5,0.031631274404062965,1,-4.232667005804761,-0.022327140329157894,-0.011837683265802292,-0.0328165973925135,0.005274957916258951,92,chr22,23613740,cg22825995,-0.022327140329157894,5.8566130780812566e-5,4.23235346704339,chr22,23955927,DRICH1,22,23613740,DRICH1,1
5.866062962455816e-5,0.03164497028364573,1,4.232226994867867,0.024884582172692342,0.03657675996143351,0.013192404383951173,0.0058797843789730984,92,chr19,1102628,cg18506744,0.024884582172692342,5.866062962455816e-5,4.231653279899555,chr19,1102627,GPX4;GPX4,19,1102628,GPX4,1
5.866472842092648e-5,0.03164497028364573,1,-4.2322079252792495,-0.07351166273258573,-0.03897158900103886,-0.1080517364641326,0.017369577305853964,92,chr9,77574269,cg08635575,-0.07351166273258573,5.866472842092648e-5,4.231622935485089,chr9,80189185,GNA14,9,77574269,GNA14,1
5.8777430164139345e-5,0.03164768606468996,1,-4.23168408456279,-0.04346475410550401,-0.023039945322234863,-0.06388956288877315,0.010271266294207475,92,chr7,128075483,cg24737290,-0.04346475410550401,5.8777430164139345e-5,4.230789405843048,chr7,128075483,,7,128075483,NA,1
5.880014504669042e-5,0.03164768606468996,1,4.231578622407597,0.13322889275866046,0.19583691928244956,0.07062086623487136,0.031484442248850046,92,chr2,25650526,cg06840062,0.13322889275866046,5.880014504669042e-5,4.230621602616045,chr2,25873395,DTNB;DTNB;DTNB;DTNB;DTNB;DTNB;DTNB;DTNB,2,25650526,DTNB,1
5.88180525688747e-5,0.03164768606468996,1,-4.231495507858036,-0.07243505574897419,-0.038395104849875746,-0.10647500664807263,0.017118074594303534,92,chr14,69241675,cg18836689,-0.07243505574897419,5.88180525688747e-5,4.230489358825766,chr14,69708392,EXD2,14,69241675,EXD2,1
5.8831747199313354e-5,0.03164768606468996,1,-4.231431963144409,-0.08211613219753258,-0.04352610067289138,-0.12070616372217378,0.019406227705599566,92,chr5,10560028,cg23856600,-0.08211613219753258,5.8831747199313354e-5,4.23038825363953,chr5,10560140,,5,10560028,NA,1
5.8852877162763924e-5,0.03164768606468996,1,4.231333945563261,0.0838264989383561,0.12322122059400556,0.04443177728270665,0.019810891793650996,92,chr2,127176982,cg00077264,0.0838264989383561,5.8852877162763924e-5,4.230232300783705,chr2,127934558,,2,127176982,NA,1
5.890089679568673e-5,0.03165381080086211,1,-4.231111318364933,-0.06217405729384363,-0.03295348160466954,-0.09139463298301771,0.0146944981154195,92,chr3,47932602,cg11488214,-0.06217405729384363,5.890089679568673e-5,4.229878092811316,chr3,47974092,MAP4;MAP4,3,47932602,MAP4,1
5.908213115638829e-5,0.031698117285207716,1,-4.230272657981818,-0.144915772533246,-0.07679472676122245,-0.21303681830526955,0.03425683974762576,92,chr19,16450386,cg11939550,-0.144915772533246,5.908213115638829e-5,4.228543847605746,chr19,16561197,EPS15L1;EPS15L1;EPS15L1;EPS15L1;EPS15L1;EPS15L1,19,16450386,EPS15L1,1
5.914559384192819e-5,0.031698117285207716,1,-4.229979570975462,-0.07137292726659653,-0.037820090066264064,-0.10492576446692899,0.016873113940391312,92,chr10,11601805,cg24287994,-0.07137292726659653,5.914559384192819e-5,4.2280776033845315,chr10,11643804,USP6NL;USP6NL,10,11601805,USP6NL,1
5.91492878481879e-5,0.031698117285207716,1,-4.229962520439903,-0.11203881376129687,-0.059368489378613894,-0.16470913814397986,0.02648695188666712,92,chr5,35873202,cg04447034,-0.11203881376129687,5.91492878481879e-5,4.2280504798689185,chr5,35873202,IL7R;IL7R,5,35873202,IL7R,1
5.917136848560481e-5,0.031698117285207716,1,4.229860623574837,0.09532702361662927,0.1401420840479369,0.05051196318532163,0.022536681961890348,92,chr5,89303420,cg02318232,0.09532702361662927,5.917136848560481e-5,4.227888386462822,chr5,88599237,,5,89303420,NA,1
5.919275464361656e-5,0.031698117285207716,1,-4.22976196649528,-0.04561128911138596,-0.02416804796846689,-0.06705453025430504,0.010783417476605384,92,chr10,102655208,cg19002713,-0.04561128911138596,5.919275464361656e-5,4.227731448866037,chr10,104414965,TRIM8,10,102655208,TRIM8,1
5.9232751675415235e-5,0.031698117285207716,1,-4.229577547242994,-0.02569701458912206,-0.013615547099980505,-0.03777848207826362,0.006075551116416436,92,chr17,80139347,cg21954542,-0.02569701458912206,5.9232751675415235e-5,4.227438091608753,chr17,78113146,EIF4A3,17,80139347,EIF4A3,1
5.9240109859851585e-5,0.031698117285207716,1,-4.229543633024396,-0.016299038247043707,-0.008635973770865392,-0.023962102723222023,0.003853616290840543,92,chr17,65797912,cg27210282,-0.016299038247043707,5.9240109859851585e-5,4.227384144757799,chr17,65797912,,17,65797912,NA,1
5.944080552266766e-5,0.03178041341168276,1,-4.2286201792739195,-0.06494598648898177,-0.03440467725316711,-0.09548729572479643,0.015358671087866158,92,chr5,149915806,cg09486450,-0.06494598648898177,5.944080552266766e-5,4.225915313788545,chr5,149295369,PDE6A,5,149915806,PDE6A,1
5.946746462044989e-5,0.03178041341168276,1,-4.228497739871868,-0.048888223728993326,-0.025897525245904916,-0.07187892221208174,0.011561605737189003,92,chr17,76712134,cg15769653,-0.048888223728993326,5.946746462044989e-5,4.2257205771358395,chr17,74708216,MXRA7;MXRA7;MXRA7,17,76712134,MXRA7,1
5.951827740249655e-5,0.031787910045687394,1,-4.228264514311936,-0.04224801572768561,-0.022378916519682417,-0.062117114935688805,0.009991810016777205,92,chr10,11579904,cg13578859,-0.04224801572768561,5.951827740249655e-5,4.225349646773607,chr10,11621903,USP6NL;USP6NL,10,11579904,USP6NL,1
5.986884164237116e-5,0.03194418568436676,1,-4.226660669023766,-0.054600704882370295,-0.02891243370226262,-0.08028897606247797,0.012918166173718756,92,chr1,198188169,cg18887742,-0.054600704882370295,5.986884164237116e-5,4.22279914461351,chr1,198157299,NEK7,1,198188169,NEK7,1
5.988481286703514e-5,0.03194418568436676,1,-4.226587815773497,-0.060598002279928107,-0.0320876606855799,-0.08910834387427631,0.014337334256673483,92,chr11,68035071,cg27094581,-0.060598002279928107,5.988481286703514e-5,4.222683303225448,chr11,68035071,C11orf24;C11orf24,11,68035071,C11orf24,1
6.002646668255186e-5,0.031969357707083534,1,-4.225942475651535,-0.05998676097772836,-0.0317596882684739,-0.08821383368698282,0.014194883466434287,92,chr2,101197794,cg17860705,-0.05998676097772836,6.002646668255186e-5,4.221657219619839,chr2,101814256,,2,101197794,NA,1
6.0051678660264086e-5,0.031969357707083534,1,-4.225827769918458,-0.034736257209910706,-0.01839049263339687,-0.05108202178642454,0.00821998886399977,92,chr17,63957441,cg27380803,-0.034736257209910706,6.0051678660264086e-5,4.221474847999626,chr17,62034801,SCN4A,17,63957441,SCN4A,1
6.011149096117473e-5,0.031969357707083534,1,-4.225555830281681,-0.07137327946248927,-0.03778515000418941,-0.10496140892078912,0.016890861777521807,92,chr2,201790380,cg15136398,-0.07137327946248927,6.011149096117473e-5,4.221042499977139,chr2,202655103,,2,201790380,NA,1
6.013884270330836e-5,0.031969357707083534,1,4.225431561082708,0.10601510212076967,0.15590707465344245,0.05612312958809689,0.025089769077600393,92,chr2,137960372,cg17992922,0.10601510212076967,6.013884270330836e-5,4.220844933608349,chr2,138717942,,2,137960372,NA,1
6.014205790869956e-5,0.031969357707083534,1,-4.225416956779191,-0.06257759446024495,-0.03312772974764101,-0.0920274591728489,0.014809803411198622,92,chr10,5896223,cg07633835,-0.06257759446024495,6.014205790869956e-5,4.2208217155254655,chr10,5938186,FBXO18;FBXO18,10,5896223,FBXO18,1
6.019713019043704e-5,0.031969357707083534,1,-4.225166920821639,-0.06242419989014036,-0.03304478623745444,-0.09180361354282628,0.014774374849550596,92,chr4,169059456,cg27531843,-0.06242419989014036,6.019713019043704e-5,4.220424212598747,chr4,169980607,,4,169059456,NA,1
6.0215710977179574e-5,0.031969357707083534,1,4.2250826111489594,0.07587514799824445,0.11158584745423267,0.04016444854225624,0.017958263774068818,92,chr1,44810666,cg16651877,0.07587514799824445,6.0215710977179574e-5,4.220290181491475,chr1,45276338,BTBD19,1,44810666,BTBD19,1
6.022796261205435e-5,0.031969357707083534,1,-4.225027033496323,-0.08495796919170098,-0.04497190664746309,-0.12494403173593888,0.020108266413007066,92,chr20,32278698,cg21073212,-0.08495796919170098,6.022796261205435e-5,4.220201827868903,chr20,30866501,KIF3B,20,32278698,KIF3B,1
6.028314924096148e-5,0.031979007969843674,1,-4.224776822850021,-0.11476886278713157,-0.060748895502259606,-0.16878883007200352,0.02716566285025888,92,chr2,30191969,cg19376906,-0.11476886278713157,6.028314924096148e-5,4.219804067866259,chr2,30414835,,2,30191969,NA,1
6.043138608651532e-5,0.03201682499371877,1,-4.224105823006666,-0.05612492515961672,-0.029703575676699897,-0.08254627464253354,0.013286817970783625,92,chr10,125742299,cg21022524,-0.05612492515961672,6.043138608651532e-5,4.218737444427343,chr10,127430868,EDRF1;EDRF1;EDRF1;EDRF1;EDRF1,10,125742299,EDRF1,1
6.046346606803202e-5,0.03201682499371877,1,-4.223960820503924,-0.02662445924811136,-0.014090308170727832,-0.03915861032549489,0.006303197491527638,92,chr17,29740071,cg08915103,-0.02662445924811136,6.046346606803202e-5,4.2185069605145715,chr17,28067089,SSH2;SSH2;SSH2;SSH2,17,29740071,SSH2,1
6.0478835904575755e-5,0.03201682499371877,1,-4.223891374636556,-0.059254014541259815,-0.031358199864098074,-0.08714982921842156,0.014028299803604285,92,chr6,36140639,cg27508506,-0.059254014541259815,6.0478835904575755e-5,4.218396576717906,chr6,36108416,MAPK13;MAPK13,6,36140639,MAPK13,1
6.0502637516018896e-5,0.03201682499371877,1,-4.22378386485028,-0.06512790183212427,-0.03446597727606433,-0.09578982638818422,0.015419326347190555,92,chr5,145510044,cg23452498,-0.06512790183212427,6.0502637516018896e-5,4.2182256925593435,chr5,144889607,,5,145510044,NA,1
6.0544033364541234e-5,0.032019123329274805,1,4.223596980485784,0.13743542500669964,0.2021422706993641,0.07272857931403517,0.032539900383888494,92,chr1,203202371,cg22848646,0.13743542500669964,6.0544033364541234e-5,4.2179286502837146,chr1,203171499,,1,203202371,NA,1
6.0759674003537456e-5,0.03211351303333633,1,-4.222625443141366,-0.037609705430735205,-0.019898366980856216,-0.05532104388061419,0.008906711224369444,92,chr5,109467116,cg22936371,-0.037609705430735205,6.0759674003537456e-5,4.216384564941651,chr5,108802817,,5,109467116,NA,1
6.092779716653328e-5,0.03218268812778366,1,-4.2218702910902595,-0.10507064106030653,-0.05558143277840933,-0.15455984934220374,0.02488722623289618,92,chr11,3867988,cg12513294,-0.10507064106030653,6.092779716653328e-5,4.21518452342999,chr11,3889218,STIM1;STIM1;STIM1,11,3867988,STIM1,1
6.106743062846547e-5,0.032236739347861754,1,-4.2212446298588135,-0.06556900096680256,-0.03468083971029878,-0.09645716222330633,0.015533096685039932,92,chr7,137668176,cg00419796,-0.06556900096680256,6.106743062846547e-5,4.214190352271266,chr7,137352922,DGKI,7,137668176,DGKI,1
6.116352659329131e-5,0.032267755697586,1,-4.220814849105272,-0.10181086783464488,-0.05384505062808143,-0.14977668504120834,0.024121140460882033,92,chr21,14453541,cg25080917,-0.10181086783464488,6.116352659329131e-5,4.21350748179714,chr21,15825862,,21,14453541,NA,1
6.135547193899301e-5,0.032345562256217264,1,4.219958334702011,0.024434488822467886,0.035948565181348216,0.01292041246358756,0.0057902203966175665,92,chr22,46791446,cg17157894,0.024434488822467886,6.135547193899301e-5,4.212146699001579,chr22,47187343,TBC1D22A,22,46791446,TBC1D22A,1
6.138586973147816e-5,0.032345562256217264,1,-4.2198229280268835,-0.08322444775614178,-0.04400597251036421,-0.12244292300191936,0.019722260667239915,92,chr16,12470888,cg00869582,-0.08322444775614178,6.138586973147816e-5,4.211931586576888,chr16,12564745,SNX29,16,12470888,SNX29,1
6.142751265930134e-5,0.03234778057255367,1,-4.219637534846248,-0.09727332551836143,-0.05143247919263953,-0.14311417184408332,0.02305253110369486,92,chr17,38913571,cg19862334,-0.09727332551836143,6.142751265930134e-5,4.21163706990281,chr17,37069824,MIR6779;LASP1;LASP1;LASP1,17,38913571,MIR6779,1
6.146504261249031e-5,0.03234783161002968,1,-4.219470556236535,-0.05867990117468852,-0.03102542583286126,-0.08633437651651578,0.013906934624287742,92,chr12,7710095,cg15075897,-0.05867990117468852,6.146504261249031e-5,4.21137181295463,chr12,7862691,DPPA3,12,7710095,DPPA3,1
6.169374257193898e-5,0.032428179860770456,1,-4.2184551406726305,-0.08454726889032502,-0.04469251253231625,-0.12440202524833378,0.02004223491086929,92,chr13,23845540,cg20079938,-0.08454726889032502,6.169374257193898e-5,4.209758883037923,chr13,24419679,MIPEP,13,23845540,MIPEP,1
6.172711163961754e-5,0.032428179860770456,1,-4.2183072870872635,-0.014913288861059755,-0.007883063820845044,-0.021943513901274466,0.003535372803852174,92,chr15,84643257,cg00709803,-0.014913288861059755,6.172711163961754e-5,4.209524044243381,chr15,85186488,WDR73;WDR73;WDR73;WDR73;WDR73,15,84643257,WDR73,1
6.174086714293038e-5,0.032428179860770456,1,-4.218246360826748,-0.06702084933620128,-0.03542631221032043,-0.09861538646208214,0.015888320312108475,92,chr4,39710717,cg25173240,-0.06702084933620128,6.174086714293038e-5,4.2094272751981885,chr4,39712337,UBE2K;UBE2K;UBE2K,4,39710717,UBE2K,1
6.177556457866303e-5,0.032428179860770456,1,-4.218092736056777,-0.0700059290652543,-0.03700298294195772,-0.10300887518855087,0.016596583680305317,92,chr20,24650346,cg11841710,-0.0700059290652543,6.177556457866303e-5,4.209183276807671,chr20,24630982,SYNDIG1,20,24650346,SYNDIG1,1
6.180534469710068e-5,0.032428179860770456,1,-4.217960949259395,-0.08254854069855928,-0.04363140614183571,-0.12146567525528286,0.019570721894201858,92,chr17,17253616,cg16145720,-0.08254854069855928,6.180534469710068e-5,4.20897396711034,chr17,17156930,COPS3;COPS3,17,17253616,COPS3,1
6.18819862059797e-5,0.0324486906212802,1,4.217622066569808,0.10263962539212146,0.15103249858676296,0.054246752197479965,0.024335899180174356,92,chr6,97163926,cg09705232,0.10263962539212146,6.18819862059797e-5,4.208435755340261,chr6,97611802,MIR548H3;C6orf167,6,97163926,MIR548H3,1
6.204386107707778e-5,0.032513842715269206,1,-4.216907637995217,-0.040613356420990863,-0.021461591423998456,-0.05976512141798327,0.009631075638236905,92,chr3,171883982,cg12094615,-0.040613356420990863,6.204386107707778e-5,4.207301183258629,chr3,171601772,TMEM212-AS1,3,171883982,TMEM212-AS1,1
6.213024191074078e-5,0.0325393774591821,1,-4.21652713401589,-0.06151128435674751,-0.03250220766459672,-0.0905203610488983,0.014588139101612552,92,chr3,125054262,cg01378515,-0.06151128435674751,6.213024191074078e-5,4.206696955411586,chr3,124773106,HEG1,3,125054262,HEG1,1
6.218127708527185e-5,0.0325463809544469,1,-4.216302565652897,-0.07224533392267518,-0.038172202803983604,-0.10631846504136676,0.0171347603256001,92,chr17,44268321,cg23728471,-0.07224533392267518,6.218127708527185e-5,4.206340362617836,chr17,42345689,SLC4A1,17,44268321,SLC4A1,1
6.222123312608659e-5,0.032547580537756644,1,-4.216126872335099,-0.12995672095431474,-0.068662562893402,-0.19125087901522747,0.03082372160265146,92,chr8,140036372,cg09377531,-0.12995672095431474,6.222123312608659e-5,4.206061386114682,chr8,141046469,TRAPPC9;TRAPPC9,8,140036372,TRAPPC9,1
6.247025040280361e-5,0.03264886114547642,1,-4.215034345850954,-0.04391643528357876,-0.023197855903443164,-0.06463501466371435,0.010418998205034238,92,chr2,152720150,cg24245625,-0.04391643528357876,6.247025040280361e-5,4.204326753244984,chr2,153576664,ARL6IP6;ARL6IP6,2,152720150,ARL6IP6,1
6.249041411073283e-5,0.03264886114547642,1,-4.214946064282438,-0.06566231421539548,-0.034683971947404066,-0.09664065648338689,0.015578447081878371,92,chr16,13435681,cg00297008,-0.06566231421539548,6.249041411073283e-5,4.20418659734555,chr16,13529538,,16,13435681,NA,1
6.253097550314662e-5,0.0326503127148007,1,-4.214768559840422,-0.035705824131649674,-0.018859725457024933,-0.052551922806274416,0.008471597817224287,92,chr1,89839898,cg03922345,-0.035705824131649674,6.253097550314662e-5,4.203904796134156,chr1,90305457,LRRC8D;LRRC8D,1,89839898,LRRC8D,1
6.262472566312406e-5,0.032667455208509555,1,-4.214358715273759,-0.038361091818569774,-0.020260470986840338,-0.056461712650299214,0.00910247428144661,92,chr2,213019487,cg12247535,-0.038361091818569774,6.262472566312406e-5,4.203254163611762,chr2,213884211,IKZF2;IKZF2,2,213019487,IKZF2,1
6.266868678024852e-5,0.032667455208509555,1,-4.214166735406479,-0.07802097888148862,-0.04120522562918887,-0.11483673213378837,0.018513975307615133,92,chr11,66709889,cg03535218,-0.07802097888148862,6.266868678024852e-5,4.202949405827668,chr11,66477360,SPTBN2,11,66709889,SPTBN2,1
6.272377862170706e-5,0.032667455208509555,1,-4.213926330341944,-0.12480703550248598,-0.06591098950620791,-0.18370308149876405,0.02961775449272232,92,chr9,123735318,cg01745810,-0.12480703550248598,6.272377862170706e-5,4.20256778665771,chr9,126497597,DENND1A;DENND1A,9,123735318,DENND1A,1
6.275016961973795e-5,0.032667455208509555,1,-4.213811239620415,-0.04514034730786882,-0.02383817813171342,-0.06644251648402422,0.010712474940366602,92,chr3,101201526,cg04557631,-0.04514034730786882,6.275016961973795e-5,4.202385095905623,chr3,100920370,,3,101201526,NA,1
6.275282085342146e-5,0.032667455208509555,1,-4.213799680210437,-0.06712876024472339,-0.03544995812234869,-0.09880756236709809,0.015930695652188902,92,chr10,73620942,cg22602141,-0.06712876024472339,6.275282085342146e-5,4.202366747081347,chr10,73620942,,10,73620942,NA,1
6.281438981962341e-5,0.032679819741967014,1,-4.213531371046189,-0.04824182006466842,-0.025474523577869924,-0.07100911655146691,0.011449260920701377,92,chr13,48808927,cg19420497,-0.04824182006466842,6.281438981962341e-5,4.201940854616626,chr13,49383063,,13,48808927,NA,1
6.286488697060219e-5,0.03268641263864009,1,-4.213311500397909,-0.07623562726725565,-0.04025502573683758,-0.11221622879767372,0.018093992637396,92,chr20,62867519,cg02292985,-0.07623562726725565,6.286488697060219e-5,4.201591860959721,chr20,61498871,,20,62867519,NA,1
6.300184314615192e-5,0.032726981123103335,1,-4.212716032234944,-0.019357002588562634,-0.010219869872232145,-0.02849413530489312,0.004594898502639708,92,chr11,108492035,cg18916307,-0.019357002588562634,6.300184314615192e-5,4.200646744887783,chr11,108362762,KDELC2,11,108492035,KDELC2,1
6.310342538094677e-5,0.032726981123103335,1,-4.2122751704771995,-0.06579949730805804,-0.034736750837215044,-0.09686224377890103,0.015620892426314056,92,chr4,147714565,cg00006459,-0.06579949730805804,6.310342538094677e-5,4.199947065737367,chr4,148635716,,4,147714565,NA,1
6.315022761784153e-5,0.032726981123103335,1,-4.2120722811607925,-0.07571757859097125,-0.039970964474374475,-0.11146419270756802,0.017976324606211288,92,chr1,60971708,cg09247486,-0.07571757859097125,6.315022761784153e-5,4.199625079740568,chr1,61437380,,1,60971708,NA,1
6.317060195711486e-5,0.032726981123103335,1,-4.211984002948843,-0.05680148614647371,-0.029984683491473894,-0.08361828880147354,0.013485684206470524,92,chr4,145420848,cg12776886,-0.05680148614647371,6.317060195711486e-5,4.1994849846632105,chr4,146342000,,4,145420848,NA,1
6.319252855467601e-5,0.032726981123103335,1,-4.211889029730118,-0.1048436119613553,-0.05534431115060605,-0.15434291277210455,0.024892301582806253,92,chr5,132673991,cg14587374,-0.1048436119613553,6.319252855467601e-5,4.199334266643094,chr5,132009683,IL4;IL4;IL4;IL4,5,132673991,IL4,1
6.319552669182934e-5,0.032726981123103335,1,-4.211876046017782,-0.07556324425161552,-0.03988783000775516,-0.11123865849547589,0.01794051948016338,92,chr1,179029521,cg23933289,-0.07556324425161552,6.319552669182934e-5,4.199313662252601,chr1,178998656,FAM20B,1,179029521,FAM20B,1
6.323600036873347e-5,0.032726981123103335,1,-4.211700829042289,-0.0719986957643868,-0.038004785349987746,-0.10599260617878586,0.01709492166867864,92,chr19,47637039,cg19081224,-0.0719986957643868,6.323600036873347e-5,4.199035606682904,chr19,48140296,GLTSCR1,19,47637039,GLTSCR1,1
6.328258180437586e-5,0.032726981123103335,1,-4.211499304285107,-0.030495554942966196,-0.016096505665670842,-0.04489460422026155,0.007241021009296534,92,chr10,98425148,cg27215768,-0.030495554942966196,6.328258180437586e-5,4.198715810791657,chr10,98425148,PIK3AP1,10,98425148,PIK3AP1,1
6.332270582540683e-5,0.032726981123103335,1,-4.211325830701581,-0.08702658295923593,-0.04593365395042579,-0.12811951196804608,0.02066488950458099,92,chr20,45864248,cg15940546,-0.08702658295923593,6.332270582540683e-5,4.198440535693196,chr20,44492887,ZSWIM3;ZSWIM3,20,45864248,ZSWIM3,1
6.332724752488165e-5,0.032726981123103335,1,-4.211306201632603,-0.016462527953775535,-0.008689079627181705,-0.024235976280369366,0.003909126329354414,92,chr2,174628314,cg08213000,-0.016462527953775535,6.332724752488165e-5,4.198409387872466,chr2,175493042,WIPF1;WIPF1,2,174628314,WIPF1,1
6.335950089677728e-5,0.032726981123103335,1,-4.211166842669623,-0.0667413970911354,-0.035225704492177844,-0.09825708969009295,0.015848670827970666,92,chr1,182646063,cg26002001,-0.0667413970911354,6.335950089677728e-5,4.198188252482788,chr1,182646063,,1,182646063,NA,1
6.345944857726563e-5,0.032758006422346754,1,-4.210735426708745,-0.08288982288804833,-0.043744735415822786,-0.12203491036027388,0.019685355285510745,92,chr3,183349555,cg23627448,-0.08288982288804833,6.345944857726563e-5,4.197503705965376,chr3,183067343,MCF2L2,3,183349555,MCF2L2,1
6.349538131883142e-5,0.032758006422346754,1,-4.210580485931418,-0.038026104782493575,-0.020067446878136882,-0.055984762686850265,0.00903108369725935,92,chr12,122341397,cg21466096,-0.038026104782493575,6.349538131883142e-5,4.197257864325304,chr12,122825944,CLIP1;CLIP1;CLIP1,12,122341397,CLIP1,1
6.359128167459472e-5,0.032771968449993014,1,-4.210167380000464,-0.01874852514919858,-0.009893256157586223,-0.027603794140810933,0.004453154342095662,92,chr17,63715281,cg07403228,-0.01874852514919858,6.359128167459472e-5,4.1966024217753946,chr17,61792641,STRADA;STRADA;STRADA;STRADA;STRADA;STRADA,17,63715281,STRADA,1
6.359829184060012e-5,0.032771968449993014,1,4.210137206146461,0.14085672903854787,0.20738639761261024,0.07432706046448552,0.03345656498626895,92,chr7,157297452,cg04088945,0.14085672903854787,6.359829184060012e-5,4.196554548725233,chr7,157090146,,7,157297452,NA,1
6.387801488739686e-5,0.032878582512817806,1,-4.208935801576475,-0.10336273662619795,-0.05452835328296384,-0.15219711996943205,0.024557926634918736,92,chr2,26363567,cg10485410,-0.10336273662619795,6.387801488739686e-5,4.194648588727126,chr2,26586435,EPT1,2,26363567,EPT1,1
6.388781770201915e-5,0.032878582512817806,1,-4.208893790672149,-0.09401241668941535,-0.049595208218016565,-0.13842962516081414,0.02233660941926544,92,chr12,8049379,cg20818756,-0.09401241668941535,6.388781770201915e-5,4.194581946367119,chr12,8201975,FOXJ2;FOXJ2,12,8049379,FOXJ2,1
6.403348676195673e-5,0.032878582512817806,1,-4.208270242577272,-0.10486391656047409,-0.05531245562243013,-0.15441537749851802,0.024918531965820778,92,chr11,57388577,cg15700636,-0.10486391656047409,6.403348676195673e-5,4.193592849257375,chr11,57156050,PRG2,11,57388577,PRG2,1
6.405254232028005e-5,0.032878582512817806,1,-4.2081887748197,-0.09291936896572384,-0.04901122812241793,-0.13682750980902975,0.022080608532041194,92,chr10,117408284,cg01086527,-0.09291936896572384,6.405254232028005e-5,4.193463627921531,chr10,119167795,,10,117408284,NA,1
6.407651630331942e-5,0.032878582512817806,1,-4.208086312600375,-0.10293550818386625,-0.05429315415956187,-0.15157786220817063,0.024461358569486554,92,chr17,57612922,cg15715852,-0.10293550818386625,6.407651630331942e-5,4.193301107900288,chr17,55690283,MSI2;MSI2,17,57612922,MSI2,1
6.408389977048294e-5,0.032878582512817806,1,-4.208054763895598,-0.037136474820919335,-0.019587437269720176,-0.054685512372118494,0.008825093042881486,92,chr14,60253998,cg22786756,-0.037136474820919335,6.408389977048294e-5,4.193251067503288,chr14,60720716,PPM1A;PPM1A;PPM1A,14,60253998,PPM1A,1
6.408888597180104e-5,0.032878582512817806,1,-4.2080334604123815,-0.0627897530524141,-0.03311797300569293,-0.09246153309913528,0.014921400612213953,92,chr20,48767588,cg20162694,-0.0627897530524141,6.408888597180104e-5,4.193217277495422,chr20,47384125,PREX1,20,48767588,PREX1,1
6.410956814784667e-5,0.032878582512817806,1,-4.207945113114863,-0.02515890134211347,-0.013269619671486902,-0.03704818301274004,0.005978904350178181,92,chr5,138170910,cg00363153,-0.02515890134211347,6.410956814784667e-5,4.19307714858248,chr5,137506599,BRD8;BRD8;BRD8;BRD8;BRD8;BRD8;BRD8;BRD8;BRD8;BRD8;BRD8;BRD8,5,138170910,BRD8,1
6.43256864597964e-5,0.03296235356360936,1,-4.2070235672799345,-0.057276562496002645,-0.03020358569955629,-0.084349539292449,0.013614509541013814,92,chr5,140302059,cg25377923,-0.057276562496002645,6.43256864597964e-5,4.1916155704637355,chr5,139681644,PFDN1,5,140302059,PFDN1,1
6.434920067512312e-5,0.03296235356360936,1,-4.206923480745174,-0.10633827832262707,-0.05607404968105637,-0.15660250696419778,0.02527696993048025,92,chr4,7051061,cg24709285,-0.10633827832262707,6.434920067512312e-5,4.19145684339113,chr4,7052788,TADA2B,4,7051061,TADA2B,1
6.444301990835496e-5,0.03299085577005021,1,-4.206524496443512,-0.05213408695767661,-0.027488886209053365,-0.07677928770629985,0.01239362495137123,92,chr22,50738306,cg25650340,-0.05213408695767661,6.444301990835496e-5,4.190824116005711,chr22,51176734,ACR,22,50738306,ACR,1
6.456254309751802e-5,0.033018221941708954,1,-4.206017010827909,-0.10817012296471432,-0.05702899424061867,-0.15931125168880997,0.025717947094898268,92,chr1,246577068,cg19434681,-0.10817012296471432,6.456254309751802e-5,4.190019371231049,chr1,246740370,CNST;CNST,1,246577068,CNST,1
6.462466636961583e-5,0.033018221941708954,1,-4.205753597849981,-0.08166986470505305,-0.04305522193771999,-0.12028450747238612,0.019418604253659422,92,chr11,69437115,cg06597413,-0.08166986470505305,6.462466636961583e-5,4.189601685974734,chr11,69251883,,11,69437115,NA,1
6.467319745753593e-5,0.033018221941708954,1,-4.205547987634415,-0.055017353052393275,-0.029003115023574992,-0.08103159108121155,0.013082088996287988,92,chr17,47630810,cg04681520,-0.055017353052393275,6.467319745753593e-5,4.189275666904497,chr17,45708176,,17,47630810,NA,1
6.467970509024744e-5,0.033018221941708954,1,-4.205520428242014,-0.080082011069051,-0.042216028171197545,-0.11794799396690445,0.01904211676901229,92,chr12,29320901,cg12954927,-0.080082011069051,6.467970509024744e-5,4.18923196894452,chr12,29473834,FAR2;FAR2;FAR2,12,29320901,FAR2,1
6.468751995865687e-5,0.033018221941708954,1,-4.205487336322666,-0.05948665931388533,-0.031358762440689886,-0.08761455618708078,0.014145009735281062,92,chr11,130114450,cg05078091,-0.05948665931388533,6.468751995865687e-5,4.189179498865953,chr11,129984345,APLP2;APLP2;APLP2;APLP2;APLP2;APLP2,11,130114450,APLP2,1
6.473733237880448e-5,0.03302414123365328,1,-4.20527649698584,-0.10614175929458718,-0.05595077227962781,-0.15633274630954655,0.025240138043399765,92,chr3,5000043,cg06016120,-0.10614175929458718,6.473733237880448e-5,4.1888452004699674,chr3,5041728,,3,5000043,NA,1
6.491766849083762e-5,0.03308031673950407,1,4.204514499199967,0.04646302964619764,0.06843786757665685,0.024488191715738433,0.011050747869947555,92,chr14,77076471,cg26159298,0.04646302964619764,6.491766849083762e-5,4.1876370861924865,chr14,77542814,LOC102724190,14,77076471,LOC102724190,1
6.492401474532131e-5,0.03308031673950407,1,-4.20448772069475,-0.08082405734913224,-0.04259781840908873,-0.11905029628917575,0.019223283005753874,92,chr11,108487027,cg12020338,-0.08082405734913224,6.492401474532131e-5,4.187594632286522,chr11,108357754,KDELC2,11,108487027,KDELC2,1
6.497507166713079e-5,0.03308682270553589,1,-4.204272373809657,-0.23208364623033478,-0.12231262480278066,-0.3418546676578889,0.055201857918647325,92,chr10,35549045,cg25654326,-0.23208364623033478,6.497507166713079e-5,4.187253232802367,chr10,35549045,CCNY,10,35549045,CCNY,1
6.512534767911304e-5,0.03314381592909357,1,-4.20363948717823,-0.01755382011425961,-0.009249956816395212,-0.025857683412124008,0.004175862408705969,92,chr3,14372049,cg04831044,-0.01755382011425961,6.512534767911304e-5,4.186249945155494,chr3,14372049,,3,14372049,NA,1
6.518187672037615e-5,0.03315306011281135,1,4.203401779452881,0.10160211793007383,0.14966788391848423,0.05353635194166341,0.024171402892468313,92,chr17,78337624,cg06866816,0.10160211793007383,6.518187672037615e-5,4.18587313945894,chr17,76333705,,17,78337624,NA,1
6.527626697089281e-5,0.033181539209077036,1,-4.203005305506273,-0.06326553919591424,-0.03333315672177814,-0.09319792167005034,0.015052452851542046,92,chr14,69652537,cg04557294,-0.06326553919591424,6.527626697089281e-5,4.185244690043087,chr14,70119254,KIAA0247,14,69652537,KIAA0247,1
6.553722723630996e-5,0.03326818415570102,1,4.2019120428970504,0.11379217792617609,0.1676438835230515,0.05994047232930067,0.0270810470958171,92,chr19,17132959,cg02216463,0.11379217792617609,6.553722723630996e-5,4.183511936793185,chr19,17132959,CPAMD8,19,17132959,CPAMD8,1
6.558276206689027e-5,0.03326818415570102,1,-4.201721709779629,-0.10004434748748578,-0.05269660447142302,-0.14739209050354854,0.023810322148330215,92,chr22,30309956,cg15438839,-0.10004434748748578,6.558276206689027e-5,4.183210296645782,chr22,30705945,TBC1D10A;TBC1D10A,22,30309956,TBC1D10A,1
6.562280497470582e-5,0.03326818415570102,1,-4.201554437754272,-0.09266131021391566,-0.048805973247871046,-0.13651664717996026,0.02205405441883149,92,chr19,930871,cg18337287,-0.09266131021391566,6.562280497470582e-5,4.182945210112707,chr19,930871,ARID3A,19,930871,ARID3A,1
6.565465357268524e-5,0.03326818415570102,1,-4.201421466157272,-0.07324878558244856,-0.03858003510887047,-0.10791753605602665,0.017434286508143108,92,chr3,69807026,cg18618113,-0.07324878558244856,6.565465357268524e-5,4.182734485883533,chr3,69856177,MITF;MITF;MITF,3,69807026,MITF,1
6.566129643919933e-5,0.03326818415570102,1,4.201393739248536,0.15131527476672893,0.22293347406070207,0.0796970754727558,0.036015494894747306,92,chr8,23547783,cg02190353,0.15131527476672893,6.566129643919933e-5,4.182690546662543,chr8,23405296,SLC25A37,8,23547783,SLC25A37,1
6.567770735892058e-5,0.03326818415570102,1,-4.201325252677925,-0.05276182849548872,-0.027789010969132256,-0.07773464602184518,0.012558377493353635,92,chr1,248891069,cg17894719,-0.05276182849548872,6.567770735892058e-5,4.182582015735569,chr1,249185268,,1,248891069,NA,1
6.583035702201858e-5,0.03332597227960832,1,-4.200688998802073,-0.10538947894515018,-0.05549979664453585,-0.1552791612457645,0.025088617361391074,92,chr6,44225875,cg26838560,-0.10538947894515018,6.583035702201858e-5,4.181573789564276,chr6,44193612,SLC29A1;SLC29A1;SLC29A1;SLC29A1;SLC29A1;SLC29A1,6,44225875,SLC29A1,1
6.602753300889175e-5,0.033406220553102946,1,-4.199869256198855,-0.06941254755225905,-0.036547351783239763,-0.10227774332127834,0.016527311522807203,92,chr7,149846047,cg05184016,-0.06941254755225905,6.602753300889175e-5,4.180274928997479,chr7,149543136,ZNF862,7,149846047,ZNF862,1
6.610202909215772e-5,0.0334243420971599,1,-4.199560158529241,-0.04123223790439442,-0.021708313808211116,-0.06075616200057772,0.00981822770669266,92,chr13,32084580,cg01541187,-0.04123223790439442,6.610202909215772e-5,4.179785209046855,chr13,32658717,FRY,13,32084580,FRY,1
6.628440444638714e-5,0.033496959456815405,1,-4.198804864126049,-0.07018700723428357,-0.03694669892184865,-0.1034273155467185,0.01671594882485507,92,chr22,30333565,cg16093786,-0.07018700723428357,6.628440444638714e-5,4.1785886414233575,chr22,30729554,SF3A1,22,30333565,SF3A1,1
6.637165371598924e-5,0.03352144786790154,1,-4.198444235084846,-0.05960525982638398,-0.03137400340145231,-0.08783651625131565,0.01419698738125062,92,chr5,58490181,cg16458417,-0.05960525982638398,6.637165371598924e-5,4.178017361342719,chr5,57786008,GAPT;GAPT;GAPT;GAPT,5,58490181,GAPT,1
6.64253888510079e-5,0.03352899102007954,1,-4.198222357767522,-0.06716693919307001,-0.03535251032761581,-0.09898136805852421,0.015998899884089802,92,chr16,81469397,cg21033943,-0.06716693919307001,6.64253888510079e-5,4.177665894571389,chr16,81503002,CMIP,16,81469397,CMIP,1
6.657940287801002e-5,0.033587112758808005,1,-4.197587376135579,-0.021542111979752983,-0.011336887916027695,-0.03174733604347827,0.005132022290286493,92,chr4,48653984,cg10374564,-0.021542111979752983,6.657940287801002e-5,4.1766601041620515,chr4,48656001,FRYL,4,48653984,FRYL,1
6.683754471552781e-5,0.0336962370552483,1,4.1965262537094565,0.13406719256686211,0.19759539708179294,0.07053898805193129,0.03194718308943151,92,chr1,97938476,cg14378231,0.13406719256686211,6.683754471552781e-5,4.174979512340633,chr1,98404032,,1,97938476,NA,1
6.687370572509332e-5,0.0336962370552483,1,-4.1963779248962565,-0.07528025087414493,-0.039607181829917834,-0.11095331991837203,0.017939340121756554,92,chr6,16651897,cg05786622,-0.07528025087414493,6.687370572509332e-5,4.174744610232613,chr6,16652128,ATXN1;ATXN1,6,16651897,ATXN1,1
6.704338703331793e-5,0.03376204952891361,1,-4.1956829393057085,-0.0974948183191788,-0.05128727462287781,-0.1437023620154798,0.02323693656778365,92,chr1,17475980,cg10786474,-0.0974948183191788,6.704338703331793e-5,4.173644053257215,chr1,17802476,,1,17475980,NA,1
6.71193647926193e-5,0.033762236752014216,1,-4.195372296313835,-0.03666768159153905,-0.019287794296744827,-0.05404756888633327,0.00874003044348561,92,chr6,3075956,cg24886867,-0.03666768159153905,6.71193647926193e-5,4.173152162256318,chr6,3076190,RIPK1,6,3075956,RIPK1,1
6.712189839282953e-5,0.033762236752014216,1,-4.1953619432608535,-0.10202255935362509,-0.053665398993982046,-0.15037971971326813,0.024317939842474674,92,chr12,7749065,cg22194129,-0.10202255935362509,6.712189839282953e-5,4.173135768957199,chr12,7901661,CLEC4C;CLEC4C,12,7749065,CLEC4C,1
6.720248415464855e-5,0.03376605339492456,1,-4.195032841787832,-0.2161279804643471,-0.11367852824651983,-0.3185774326821744,0.0515199734103245,92,chr2,46396825,cg25587481,-0.2161279804643471,6.720248415464855e-5,4.172614672858143,chr2,46396825,PRKCE,2,46396825,PRKCE,1
6.721849783192373e-5,0.03376605339492456,1,-4.194967489339567,-0.09111875031110588,-0.04792577055453418,-0.13431173006767758,0.021720966978328385,92,chr22,39456661,cg21461856,-0.09111875031110588,6.721849783192373e-5,4.17251119717145,chr22,39852666,MGAT3,22,39456661,MGAT3,1
6.72467087881127e-5,0.03376605339492456,1,-4.194852395780306,-0.01652183234891949,-0.008689780796002633,-0.02435388390183635,0.003938596830138568,92,chr8,1487707,cg00245986,-0.01652183234891949,6.72467087881127e-5,4.172328966197508,chr8,1435873,,8,1487707,NA,1
6.749555920129171e-5,0.03385653521700893,1,-4.193839158506722,-0.041105044869091646,-0.021614796809585387,-0.0605952929285979,0.009801292637967475,92,chr2,28161742,cg14501993,-0.041105044869091646,6.749555920129171e-5,4.1707248001736925,chr2,28384609,LOC100505736;BRE;BRE;BRE;BRE;BRE;BRE,2,28161742,LOC100505736,1
6.750599591493868e-5,0.03385653521700893,1,-4.193796742278558,-0.02266064732991761,-0.01191583228253948,-0.03340546237729574,0.005403372820020294,92,chr6,13408657,cg11624439,-0.02266064732991761,6.750599591493868e-5,4.170657651211576,chr6,13408889,GFOD1;GFOD1;GFOD1,6,13408657,GFOD1,1
6.755688587025435e-5,0.03385653521700893,1,-4.193590008986279,-0.08989392458771502,-0.04726755140403889,-0.13252029777139113,0.021436030798214625,92,chr6,116532979,cg00695936,-0.08989392458771502,6.755688587025435e-5,4.170330378055078,chr6,116854142,TRAPPC3L;FAM26D;FAM26D;FAM26D;FAM26D,6,116532979,TRAPPC3L,1
6.758362330856193e-5,0.03385653521700893,1,-4.1934814519887,-0.10190775999799656,-0.053583352310689454,-0.15023216768530367,0.024301469116947742,92,chr9,132798584,cg11638496,-0.10190775999799656,6.758362330856193e-5,4.170158528442562,chr9,135673971,AK8,9,132798584,AK8,1
6.773726034483183e-5,0.03390203160175305,1,-4.192858468876019,-0.11776569682214398,-0.0619131972820824,-0.17361819636220555,0.028087210120811317,92,chr8,67381196,cg01156920,-0.11776569682214398,6.773726034483183e-5,4.169172372515463,chr8,68293431,,8,67381196,NA,1
6.775290524841407e-5,0.03390203160175305,1,-4.192795106681639,-0.05234628337592771,-0.02751974194615442,-0.077172824805701,0.012484817894513537,92,chr15,82966686,cg23359651,-0.05234628337592771,6.775290524841407e-5,4.169072077482298,chr15,83635438,,15,82966686,NA,1
6.792722303455075e-5,0.03396826347814693,1,-4.192090067439541,-0.08791578159821169,-0.04621249843004785,-0.12961906476637552,0.0209718255533353,92,chr1,156760882,cg18079500,-0.08791578159821169,6.792722303455075e-5,4.167956139647793,chr1,156730674,,1,156760882,NA,1
6.798641924542842e-5,0.03396826347814693,1,-4.19185104089437,-0.07919909739652638,-0.04162847400866746,-0.1167697207843853,0.018893585822560267,92,chr3,183913457,cg09827740,-0.07919909739652638,6.798641924542842e-5,4.167577831938161,chr3,183631245,,3,183913457,NA,1
6.801562064978809e-5,0.03396826347814693,1,4.191733203256908,0.10762007588639146,0.1586745340736065,0.05656561769917643,0.02567436205213929,92,chr15,79952591,cg17723491,0.10762007588639146,6.801562064978809e-5,4.167391334603534,chr15,80244933,,15,79952591,NA,1
6.804250187544823e-5,0.03396826347814693,1,-4.191624771390751,-0.07469965007507183,-0.039261570453884474,-0.11013772969625918,0.017821168198289616,92,chr17,50181728,cg02529547,-0.07469965007507183,6.804250187544823e-5,4.167219726059976,chr17,48259089,,17,50181728,NA,1
6.846493619644392e-5,0.03414939412072212,1,-4.189926177505519,-0.0841303591885646,-0.04420209941846069,-0.1240586189586685,0.020079198445126727,92,chr4,38760011,cg19815110,-0.0841303591885646,6.846493619644392e-5,4.164531792232985,chr4,38760011,,4,38760011,NA,1
6.84843638748871e-5,0.03414939412072212,1,4.189848302433754,0.05427832437195137,0.08003929030549722,0.02851735843840551,0.012954723048188347,92,chr7,138898447,cg20683207,0.05427832437195137,6.84843638748871e-5,4.16440857387997,chr7,138583193,KIAA1549;KIAA1549,7,138898447,KIAA1549,1
6.855579282330345e-5,0.03416428389246539,1,-4.189562165123532,-0.07181932084224138,-0.03773091706594667,-0.10590772461853609,0.017142440668409017,92,chr3,66377870,cg04217850,-0.07181932084224138,6.855579282330345e-5,4.163955842334676,chr3,66428294,SLC25A26;SLC25A26;SLC25A26,3,66377870,SLC25A26,1
6.859329441282025e-5,0.03416428389246539,1,4.189412052367309,0.014873573896294566,0.021933436810140518,0.007813710982448615,0.003550277153542336,92,chr9,36572826,cg27001164,0.014873573896294566,6.859329441282025e-5,4.1637183382561025,chr9,36572823,MELK;MELK;MELK;MELK;MELK;MELK;MELK;MELK;MELK;MELK,9,36572826,MELK,1
6.881246673389663e-5,0.034253704350823866,1,-4.18853631868234,-0.04552449774542236,-0.02391140645012008,-0.06713758904072464,0.010868832041008488,92,chr11,128628441,cg09680794,-0.04552449774542236,6.881246673389663e-5,4.1623328736356875,chr11,128498336,,11,128628441,NA,1
6.893275806597677e-5,0.034271306925166535,1,-4.188056818725677,-0.046170345934568376,-0.024248123808104833,-0.06809256806103192,0.011024288335375755,92,chr4,98910235,cg27429745,-0.046170345934568376,6.893275806597677e-5,4.161574344618082,chr4,99831386,EIF4E;EIF4E;EIF4E,4,98910235,EIF4E,1
6.893908180632995e-5,0.034271306925166535,1,-4.1880316336101515,-0.10415194391512879,-0.05469908118082268,-0.1536048066494349,0.024868948715496716,92,chr2,121059070,cg22982094,-0.10415194391512879,6.893908180632995e-5,4.161534505220206,chr2,121816646,,2,121059070,NA,1
6.903250580419512e-5,0.034271306925166535,1,4.18765981939372,0.022208580696851346,0.03275447514112805,0.011662686252574639,0.005303339252629803,92,chr1,204214453,cg12210036,0.022208580696851346,6.903250580419512e-5,4.160946361912532,chr1,204183581,GOLT1A,1,204214453,GOLT1A,1
6.90514619800689e-5,0.034271306925166535,1,4.187584435643879,0.12341412014606865,0.18201920307450922,0.06480903721762807,0.02947143443737931,92,chr6,139840056,cg10951959,0.12341412014606865,6.90514619800689e-5,4.160827121963625,chr6,140161193,LOC100132735,6,139840056,LOC100132735,1
6.91256583564766e-5,0.034271306925166535,1,-4.18728956758583,-0.029418054738725604,-0.01544745767427479,-0.043388651803176415,0.007025560153864998,92,chr17,75951486,cg01781251,-0.029418054738725604,6.91256583564766e-5,4.1603607194236165,chr17,73947567,ACOX1;ACOX1;ACOX1,17,75951486,ACOX1,1
6.91362323841041e-5,0.034271306925166535,1,-4.187247569551183,-0.05019870340712913,-0.02635916341118096,-0.07403824340307731,0.011988472755268627,92,chr1,236551749,cg22087490,-0.05019870340712913,6.91362323841041e-5,4.160294291258422,chr1,236715049,LGALS8;LGALS8;LGALS8;LGALS8;HEATR1,1,236551749,LGALS8,1
6.914856719648051e-5,0.034271306925166535,1,-4.187198585827957,-0.06807878412007085,-0.035747552973796885,-0.1004100152663448,0.016258790388039183,92,chr11,2956305,cg19860704,-0.06807878412007085,6.914856719648051e-5,4.160216814327034,chr11,2977535,NAP1L4,11,2956305,NAP1L4,1
6.92018056627224e-5,0.034271306925166535,1,4.186987262932671,0.07292160312472687,0.1075544807560011,0.038288725493452636,0.01741624670566844,92,chr2,11945728,cg17290000,0.07292160312472687,6.92018056627224e-5,4.159882573474953,chr2,12085854,,2,11945728,NA,1
6.920475863553588e-5,0.034271306925166535,1,4.186975546088946,0.06042001006229032,0.08911554857231022,0.03172447155227043,0.014430466430292067,92,chr17,76568927,cg01883155,0.06042001006229032,6.920475863553588e-5,4.159864041697868,chr17,74565009,ST6GALNAC2,17,76568927,ST6GALNAC2,1
6.933495372900914e-5,0.034316116228425377,1,-4.1864594342308274,-0.0915778283030664,-0.04807900955588178,-0.13507664705025102,0.02187476786572324,92,chr1,96720908,cg16119505,-0.0915778283030664,6.933495372900914e-5,4.159047769939441,chr1,97186464,PTBP2,1,96720908,PTBP2,1
6.94600755936882e-5,0.03435836476498961,1,-4.185964311939623,-0.06361520149392205,-0.03339485801495918,-0.09383554497288493,0.015197263223786322,92,chr15,39788507,cg03517294,-0.06361520149392205,6.94600755936882e-5,4.158264748380514,chr15,40080708,,15,39788507,NA,1
6.966437454261333e-5,0.034439707431206175,1,-4.185157719248167,-0.0752394755547577,-0.03949014274737277,-0.11098880836214263,0.017977691786553247,92,chr2,69604276,cg22059413,-0.0752394755547577,6.966437454261333e-5,4.156989257697668,chr2,69831408,AAK1,2,69604276,AAK1,1
6.971373604261556e-5,0.034444405047854953,1,-4.184963176743362,-0.028592374494647403,-0.0150063437554413,-0.04217840523385351,0.006832168716212528,92,chr21,44082927,cg17312673,-0.028592374494647403,6.971373604261556e-5,4.15668164227835,chr21,45502808,TRAPPC10,21,44082927,TRAPPC10,1
7.002395143776171e-5,0.034577907247339806,1,4.1837435897810185,0.042392276798339124,0.06254137867348637,0.022243174923191878,0.010132618285184629,92,chr9,91395392,cg01335294,0.042392276798339124,7.002395143776171e-5,4.154753385727579,chr9,94157674,,9,91395392,NA,1
7.01076198288689e-5,0.034599451679244275,1,-4.183415544924701,-0.09195175467383136,-0.048243544204583585,-0.13565996514307915,0.02198006716913092,92,chr9,35755349,cg01499988,-0.09195175467383136,7.01076198288689e-5,4.154234777043511,chr9,35755346,MSMP,9,35755349,MSMP,1
7.042597822836553e-5,0.03470835177673165,1,-4.182170769824462,-0.027932921284047143,-0.014651376053014352,-0.041214466515079935,0.0066790484706150755,92,chr3,59046846,cg19086317,-0.027932921284047143,7.042597822836553e-5,4.15226711187885,chr3,59032572,C3orf67,3,59046846,C3orf67,1
7.046685040811372e-5,0.03470835177673165,1,-4.182011352973542,-0.06067788549444251,-0.0318256650980481,-0.08953010589083692,0.014509258912293151,92,chr4,127778329,cg22870710,-0.06067788549444251,7.046685040811372e-5,4.152015139329251,chr4,128699484,,4,127778329,NA,1
7.050492670240646e-5,0.03470835177673165,1,-4.181862921202414,-0.05473973584391338,-0.028710170569487013,-0.08076930111833974,0.013089796790415605,92,chr15,91477021,cg14966289,-0.05473973584391338,7.050492670240646e-5,4.151780534570146,chr15,92020251,CRAT37,15,91477021,CRAT37,1
7.050589752368931e-5,0.03470835177673165,1,-4.181859137685548,-0.0841338962618602,-0.04412693071587898,-0.12414086180784142,0.020118778153877307,92,chr3,36697613,cg23833382,-0.0841338962618602,7.050589752368931e-5,4.15177455457069,chr3,36739104,,3,36697613,NA,1
7.052910335211951e-5,0.03470835177673165,1,4.181768714087556,0.0956446707564767,0.1411261705815359,0.05016317093141751,0.02287182225890892,92,chr1,64569578,cg12049550,0.0956446707564767,7.052910335211951e-5,4.151631637376184,chr1,65035261,CACHD1,1,64569578,CACHD1,1
7.0636096723085e-5,0.03473259192762499,1,-4.181352174933837,-0.04511210008284063,-0.023657999721430675,-0.06656620044425059,0.01078887838084446,92,chr14,61715564,cg13745129,-0.04511210008284063,7.0636096723085e-5,4.150973307426827,chr14,62182282,HIF1A;HIF1A;HIF1A,14,61715564,HIF1A,1
7.065874592521308e-5,0.03473259192762499,1,-4.181264076543271,-0.023717191970856907,-0.012437696295282876,-0.034996687646430935,0.005672254020957307,92,chr3,194202190,cg01266546,-0.023717191970856907,7.065874592521308e-5,4.150834074834842,chr3,193919979,,3,194202190,NA,1
7.073833185036862e-5,0.03475194482385432,1,-4.18095472737662,-0.06616992921274391,-0.03469830074956651,-0.09764155767592131,0.015826511772411095,92,chr7,65954274,cg16760382,-0.06616992921274391,7.073833185036862e-5,4.150345185922483,chr7,65419261,VKORC1L1,7,65954274,VKORC1L1,1
7.081648107699152e-5,0.034760425477166255,1,-4.180651288520191,-0.013988214229317722,-0.007334680832606027,-0.020641747626029418,0.0033459414009794335,92,chr16,24033810,cg22685913,-0.013988214229317722,7.081648107699152e-5,4.149865657453848,chr16,24045131,PRKCB;PRKCB,16,24033810,PRKCB,1
7.083604419742103e-5,0.034760425477166255,1,-4.180575379029042,-0.032639328645339805,-0.017114058380590394,-0.048164598910089215,0.007807377139775539,92,chr8,144061621,cg25148901,-0.032639328645339805,7.083604419742103e-5,4.1497456997575215,chr8,145116524,OPLAH,8,144061621,OPLAH,1
7.095098765087497e-5,0.034797070306741715,1,-4.180129778757078,-0.03967499582537569,-0.02080111820130287,-0.05854887344944851,0.00949133111297149,92,chr7,99503577,cg20468314,-0.03967499582537569,7.095098765087497e-5,4.149041554704891,chr7,99101200,ZKSCAN5;ZKSCAN5,7,99503577,ZKSCAN5,1
7.099359847962251e-5,0.0347982190092812,1,-4.179964766289161,-0.13085480109094472,-0.06860312472000746,-0.19310647746188198,0.03130524021309238,92,chr7,1874437,cg18650626,-0.13085480109094472,7.099359847962251e-5,4.148780810017761,chr7,1914073,MAD1L1;MAD1L1;MAD1L1,7,1874437,MAD1L1,1
7.113268777526402e-5,0.03484662948206914,1,-4.1794267991654674,-0.04201575918844496,-0.022024990106909455,-0.06200652826998047,0.010052995591843963,92,chr15,48918030,cg24326030,-0.04201575918844496,7.113268777526402e-5,4.147930781012366,chr15,48918030,FBN1,15,48918030,FBN1,1
7.126241624697153e-5,0.0348904019969705,1,-4.178925949653279,-0.04713590944837871,-0.024706325091420178,-0.06956549380533725,0.011279431609045269,92,chr21,46157060,cg17163164,-0.04713590944837871,7.126241624697153e-5,4.147139456403521,chr21,47576974,FTCD;FTCD,21,46157060,FTCD,1
7.1365006867664e-5,0.03492084564819115,1,-4.178530493818196,-0.055139675013468434,-0.028899022112435224,-0.08138032791450164,0.013195948933493053,92,chr8,38106402,cg06420033,-0.055139675013468434,7.1365006867664e-5,4.14651468807815,chr8,37963920,ASH2L;ASH2L;ASH2L;ASH2L,8,38106402,ASH2L,1
7.141613984715727e-5,0.03492608946304508,1,-4.178333595958661,-0.06399404045587205,-0.03353821105697527,-0.09444986985476883,0.01531568482654614,92,chr2,98577533,cg15929700,-0.06399404045587205,7.141613984715727e-5,4.146203627797469,chr2,99193996,INPP4A;INPP4A;INPP4A;INPP4A,2,98577533,INPP4A,1
7.150061837882151e-5,0.03494762577675078,1,-4.178008591461572,-0.024342987453829155,-0.012756853189087263,-0.035929121718571044,0.0058264570119788495,92,chr1,92446443,cg17977624,-0.024342987453829155,7.150061837882151e-5,4.145690202152086,chr1,92912000,,1,92446443,NA,1
7.154431252028419e-5,0.03494921467101675,1,-4.1778406370571775,-0.04443541475026182,-0.023285365711340107,-0.06558546378918353,0.010635976479361743,92,chr16,30809032,cg10338112,-0.04443541475026182,7.154431252028419e-5,4.1454248851639255,chr16,30820353,,16,30809032,NA,1
7.15966618230664e-5,0.034955027405495186,1,-4.177639543353287,-0.034449828460926986,-0.018051857656248244,-0.05084779926560573,0.0082462424303067,92,chr1,44316046,cg02111099,-0.034449828460926986,7.15966618230664e-5,4.1451072260946376,chr1,44781718,ERI3;ERI3;ERI3;ERI3;ERI3,1,44316046,ERI3,1
7.181008266484175e-5,0.034992666411513836,1,-4.176821174407115,-0.1016333667510736,-0.053246840890356285,-0.1500198926117909,0.024332707220940598,92,chr17,35811789,cg01063615,-0.1016333667510736,7.181008266484175e-5,4.1438145733304275,chr17,34138793,TAF15;TAF15,17,35811789,TAF15,1
7.190722989108891e-5,0.034992666411513836,1,-4.176449435483177,-0.06076097640658162,-0.03183077035404204,-0.0896911824591212,0.014548476485877081,92,chr7,69336657,cg02489677,-0.06076097640658162,7.190722989108891e-5,4.143227441411983,chr7,69336657,AUTS2;AUTS2;AUTS2,7,69336657,AUTS2,1
7.190782165762023e-5,0.034992666411513836,1,-4.176447172539531,-0.047112043763604033,-0.024680510356099205,-0.06954357717110886,0.011280411751253418,92,chr12,56206438,cg17116500,-0.047112043763604033,7.190782165762023e-5,4.143223867364116,chr12,56600222,RNF41;RNF41;RNF41,12,56206438,RNF41,1
7.19081186081911e-5,0.034992666411513836,1,-4.176446036993037,-0.07106416936385024,-0.037228262550314244,-0.10490007617738623,0.01701546452040719,92,chr6,38235593,cg16224563,-0.07106416936385024,7.19081186081911e-5,4.143222073905142,chr6,38203369,BTBD9;BTBD9;BTBD9;BTBD9,6,38235593,BTBD9,1
7.194640775616755e-5,0.034992666411513836,1,-4.176299656126942,-0.07116517154814939,-0.037279986741788305,-0.10505035635451046,0.017040245530213518,92,chr1,206109139,cg13672080,-0.07116517154814939,7.194640775616755e-5,4.142990885266232,chr1,206109139,,1,206109139,NA,1
7.195061278039389e-5,0.034992666411513836,1,-4.176283584730202,-0.040255650414136986,-0.021087911850509122,-0.05942338897776485,0.00963910845549958,92,chr8,142188198,cg00989157,-0.040255650414136986,7.195061278039389e-5,4.142965502964201,chr8,142188198,DENND3,8,142188198,DENND3,1
7.195721147814283e-5,0.034992666411513836,1,4.1762583666530855,0.04282564184425154,0.06321720563770968,0.022434078050793407,0.010254547991141802,92,chr1,25012316,cg12664915,0.04282564184425154,7.195721147814283e-5,4.142925674997419,chr1,25338807,,1,25012316,NA,1
7.235423869270234e-5,0.035165950548243036,1,-4.174745139601179,-0.06773219128405938,-0.03546960575582976,-0.09999477681228901,0.016224269750399655,92,chr4,101956975,cg26396815,-0.06773219128405938,7.235423869270234e-5,4.140536021740113,chr4,102878132,BANK1;BANK1;BANK1,4,101956975,BANK1,1
7.245058609834985e-5,0.035192984192277246,1,4.174379127019158,0.1455676906327596,0.2149114068631654,0.07622397440235378,0.03487169856962815,92,chr7,102089852,cg11203361,0.1455676906327596,7.245058609834985e-5,4.139958096897436,chr7,101733132,CUX1;CUX1;CUX1;CUX1;CUX1;CUX1;CUX1,7,102089852,CUX1,1
7.25408725644457e-5,0.03521704500466903,1,4.174036564249237,0.011595519168617867,0.017119700927273405,0.006071337409962328,0.002778010923031647,92,chr11,73647612,cg23834228,0.011595519168617867,7.25408725644457e-5,4.139417224773716,chr11,73358657,PLEKHB1;PLEKHB1;PLEKHB1;PLEKHB1;PLEKHB1;PLEKHB1;PLEKHB1,11,73647612,PLEKHB1,1
7.279972004344451e-5,0.03529580481342248,1,4.173056721512526,0.11992795418786723,0.1770758373114511,0.06278007106428336,0.028738635056079303,92,chr3,43526407,cg05261452,0.11992795418786723,7.279972004344451e-5,4.137870290794394,chr3,43567899,ANO10;ANO10;ANO10;ANO10;ANO10,3,43526407,ANO10,1
7.280641835716663e-5,0.03529580481342248,1,-4.173031410216512,-0.04412623214146783,-0.023099140755291837,-0.06515332352764383,0.010574143303459677,92,chr14,74065657,cg02173977,-0.04412623214146783,7.280641835716663e-5,4.137830333128851,chr14,74532360,C14orf45;ALDH6A1,14,74065657,C14orf45,1
7.287837718864317e-5,0.03529580481342248,1,-4.172759636618478,-0.06916912118933034,-0.03620641195484957,-0.10213183042381112,0.01657634927790464,92,chr3,171231197,cg14265474,-0.06916912118933034,7.287837718864317e-5,4.137401306532645,chr3,170948986,TNIK;TNIK;TNIK;TNIK;TNIK;TNIK;TNIK;TNIK,3,171231197,TNIK,1
7.294849590730786e-5,0.03529580481342248,1,4.172495061112128,0.11393480963293895,0.16823415705079817,0.059635462215079725,0.02730615805751751,92,chr15,70527068,cg21215020,0.11393480963293895,7.294849590730786e-5,4.136983658203575,chr15,70819407,,15,70527068,NA,1
7.295003443217025e-5,0.03529580481342248,1,-4.172489258617036,-0.029442528441899044,-0.015410712273228903,-0.043474344610569184,0.007056346132250492,92,chr4,158776316,cg26161895,-0.029442528441899044,7.295003443217025e-5,4.136974498784951,chr4,159697468,FNIP2,4,158776316,FNIP2,1
7.297597920617338e-5,0.03529580481342248,1,4.172391426507338,0.052449618000809876,0.07744681400765822,0.027452421993961532,0.012570636989520146,92,chr22,45227639,cg06123361,0.052449618000809876,7.297597920617338e-5,4.136820068851293,chr22,45623520,KIAA0930,22,45227639,KIAA0930,1
7.298901489736294e-5,0.03529580481342248,1,-4.172342284382271,-0.10902076777196527,-0.057061464683870564,-0.16098007086006,0.026129392159422546,92,chr3,17195448,cg19131667,-0.10902076777196527,7.298901489736294e-5,4.136742497803505,chr3,17236940,TBC1D5;TBC1D5;TBC1D5,3,17195448,TBC1D5,1
7.317369282630472e-5,0.035365320471608994,1,-4.171646989201407,-0.09402632482326431,-0.04920590490798756,-0.13884674473854106,0.0225393771492789,92,chr17,45573695,cg26953137,-0.09402632482326431,7.317369282630472e-5,4.135645027054654,chr17,45573695,,17,45573695,NA,1
7.334575254994936e-5,0.035428663363635454,1,-4.171000718653653,-0.03195024851477457,-0.016717860769742958,-0.047182636259806184,0.007660091826857252,92,chr2,8308181,cg24797501,-0.03195024851477457,7.334575254994936e-5,4.134625031071275,chr2,8448311,,2,8308181,NA,1
7.339493555281624e-5,0.03543261471946216,1,-4.170816251406886,-0.11110212963063544,-0.058131475380669415,-0.16407278388060148,0.026637982335749953,92,chr3,39202335,cg07465458,-0.11110212963063544,7.339493555281624e-5,4.134333906532818,chr3,39243826,,3,39202335,NA,1
7.347867454760918e-5,0.035453234822817176,1,-4.170502450996396,-0.060016312813269926,-0.03139991661370615,-0.08863270901283371,0.014390667196210644,92,chr16,67417740,cg09696355,-0.060016312813269926,7.347867454760918e-5,4.133838686359849,chr16,67451643,ZDHHC1,16,67417740,ZDHHC1,1
7.364255251884616e-5,0.03551247714523769,1,-4.169889335479675,-0.014970960621307436,-0.00783160280164675,-0.02211031844096812,0.0035902537014415228,92,chr7,5332397,cg07508787,-0.014970960621307436,7.364255251884616e-5,4.1328711668595215,chr7,5372028,TNRC18,7,5332397,TNRC18,1
7.374895579466179e-5,0.03554395295475102,1,-4.1694919523961556,-0.031628955588108576,-0.016544288778538724,-0.04671362239767843,0.007585805644721728,92,chr8,6422257,cg04197363,-0.031628955588108576,7.374895579466179e-5,4.132244124445756,chr8,6422257,ANGPT2;ANGPT2;ANGPT2;MCPH1,8,6422257,ANGPT2,1
7.379324564752714e-5,0.035545474254627576,1,-4.169326706229509,-0.10321634552771121,-0.05398785025179234,-0.15244484080363008,0.024756118385611935,92,chr16,46743020,cg16064932,-0.10321634552771121,7.379324564752714e-5,4.131983387665453,chr16,46776932,MYLK3;MYLK3,16,46743020,MYLK3,1
7.387233564051056e-5,0.035555715091223634,1,-4.169031857467496,-0.02063352070673875,-0.010791775105262585,-0.030475266308214913,0.004949235556878836,92,chr6,25733015,cg14381040,-0.02063352070673875,7.387233564051056e-5,4.131518169562339,chr6,25733243,,6,25733015,NA,1
7.389679628565074e-5,0.035555715091223634,1,4.1689407293047,0.014608014377630586,0.02157587535970843,0.007640153395552739,0.003504011048885054,92,chr20,49045869,cg00340382,0.014608014377630586,7.389679628565074e-5,4.131374389556776,chr20,47662406,CSE1L,20,49045869,CSE1L,1
7.395829578268365e-5,0.03555663385848199,1,-4.1687117410550245,-0.08637627644233427,-0.045173486588361074,-0.12757906629630747,0.020720136533228854,92,chr16,67041270,cg03850588,-0.08637627644233427,7.395829578268365e-5,4.131013104823625,chr16,67075173,CBFB;CBFB,16,67041270,CBFB,1
7.398099834004969e-5,0.03555663385848199,1,4.168627256288062,0.011246242164829725,0.01661097844212474,0.005881505887534707,0.002697828679181045,92,chr17,1957147,cg05775675,0.011246242164829725,7.398099834004969e-5,4.1308798123738395,chr17,1957147,HIC1,17,1957147,HIC1,1
7.407156551851722e-5,0.03558037325511823,1,-4.16829046985372,-0.03259906087406409,-0.017047244349833707,-0.048150877398294475,0.007820726772721312,92,chr2,74463399,cg05208050,-0.03259906087406409,7.407156551851722e-5,4.130348476343836,chr2,74690526,MOGS;MOGS,2,74463399,MOGS,1
7.44110229657046e-5,0.0357007250935074,1,-4.16703166788783,-0.09123377825085661,-0.04769634014236258,-0.13477121635935066,0.021894188842846222,92,chr1,114081449,cg15698552,-0.09123377825085661,7.44110229657046e-5,4.128362724957046,chr1,114624071,,1,114081449,NA,1
7.447465791128833e-5,0.0357007250935074,1,-4.166796307244427,-0.034101155661603245,-0.01782691114178323,-0.050375400181423266,0.00818402272324056,92,chr10,17170032,cg00226489,-0.034101155661603245,7.447465791128833e-5,4.127991482978055,chr10,17212031,TRDMT1,10,17170032,TRDMT1,1
7.44860081487934e-5,0.0357007250935074,1,-4.16675434752021,-0.07879439753357687,-0.041190621928728764,-0.11639817313842496,0.01891025747185464,92,chr6,31867700,cg08975528,-0.07879439753357687,7.44860081487934e-5,4.127925299794847,chr6,31867700,ZBTB12,6,31867700,ZBTB12,1
7.448736720344782e-5,0.0357007250935074,1,-4.166749323759605,-0.05978742758809016,-0.031254488800125046,-0.08832036637605527,0.014348697975942723,92,chr3,160472783,cg21638120,-0.05978742758809016,7.448736720344782e-5,4.1279173758294325,chr3,160190571,,3,160472783,NA,1
7.468261937283006e-5,0.03577446502010523,1,4.166028487160968,0.045868060029249494,0.06776191048406287,0.023974209574436117,0.011010020735721682,92,chr19,34975285,cg01427597,0.045868060029249494,7.468261937283006e-5,4.126780458274961,chr19,35466189,,19,34975285,NA,1
7.481323497764306e-5,0.035802785016629333,1,-4.165547289189782,-0.07384182730644556,-0.038591400755298176,-0.10909225385759294,0.01772680086913817,92,chrX,48786351,cg18015266,-0.07384182730644556,7.481323497764306e-5,4.126021565647452,chrX,48644759,GATA1,23,48786351,GATA1,1
7.482460231537111e-5,0.035802785016629333,1,-4.165505449293985,-0.08781853745708605,-0.04589552293864848,-0.12974155197552362,0.02108232446844368,92,chr3,138759287,cg16050349,-0.08781853745708605,7.482460231537111e-5,4.125955582709606,chr3,138478129,PIK3CB,3,138759287,PIK3CB,1
7.490659388118149e-5,0.035810806588127506,1,-4.165203843030568,-0.08610107641564335,-0.04499497106661178,-0.12720718176467494,0.02067151564735831,92,chr2,32299042,cg22717723,-0.08610107641564335,7.490659388118149e-5,4.1254799505226245,chr2,32299042,SPAST;SPAST,2,32299042,SPAST,1
7.49638688358727e-5,0.035810806588127506,1,-4.164993345345041,-0.0514149266696202,-0.02686733337257467,-0.07596251996666573,0.012344539932358721,92,chr10,6001443,cg03195969,-0.0514149266696202,7.49638688358727e-5,4.125148007889852,chr10,6043406,,10,6001443,NA,1
7.496568788583798e-5,0.035810806588127506,1,-4.164986662484419,-0.01859429425195212,-0.009716601821170439,-0.0274719866827338,0.00446443068340118,92,chr11,674623,cg08062174,-0.01859429425195212,7.496568788583798e-5,4.1251374695626595,chr11,674623,DEAF1,11,674623,DEAF1,1
7.508368387686979e-5,0.03584735667931756,1,4.164553499612004,0.07421043391166388,0.10964527877888555,0.0387755890444422,0.017819541499125364,92,chr7,100633147,cg13732043,0.07421043391166388,7.508368387686979e-5,4.124454427471205,chr7,100230770,TFR2;TFR2,7,100633147,TFR2,1
7.519930772210536e-5,0.03588273449291706,1,-4.164129679929048,-0.06810348724069254,-0.0355813472377801,-0.10062562724360498,0.016354794993284873,92,chr4,173268285,cg05112948,-0.06810348724069254,7.519930772210536e-5,4.12378615746492,chr4,174189436,GALNT7,4,173268285,GALNT7,1
7.525229273777214e-5,0.03588820048230203,1,-4.16393567264139,-0.043239428356282604,-0.022589909227277973,-0.06388894748528723,0.01038426905592749,92,chr9,97177504,cg24247883,-0.043239428356282604,7.525229273777214e-5,4.123480263731538,chr9,97177504,HIATL1,9,97177504,HIATL1,1
7.531461348362785e-5,0.03589811024330059,1,-4.163707650289532,-0.02701481492180723,-0.014112852325283165,-0.039916777518331295,0.006488163240742586,92,chr13,52817682,cg05493770,-0.02701481492180723,7.531461348362785e-5,4.123120748373774,chr13,53391817,,13,52817682,NA,1
7.564639418845132e-5,0.03603637421760671,1,-4.162496762278729,-0.0869155604883172,-0.045393620459661,-0.1284375005169734,0.020880631373929502,92,chr19,14611663,cg17398727,-0.0869155604883172,7.564639418845132e-5,4.121211768518262,chr19,14722475,,19,14611663,NA,1
7.580891572853813e-5,0.03608205172734964,1,-4.161905477119615,-0.03828989342747309,-0.019995165488876622,-0.05658462136606956,0.009200087228788503,92,chr15,41712591,cg22445447,-0.03828989342747309,7.580891572853813e-5,4.12027971489558,chr15,41712591,RTF1,15,41712591,RTF1,1
7.584481048214811e-5,0.03608205172734964,1,-4.161775049461906,-0.020802729466793235,-0.010862973330751424,-0.030742485602835046,0.004998523279023192,92,chr6,49637468,cg19862344,-0.020802729466793235,7.584481048214811e-5,4.120074129525505,chr6,49605181,RHAG,6,49637468,RHAG,1
7.586754180814753e-5,0.03608205172734964,1,4.161692483328577,0.08102928046168377,0.11974666454133225,0.042311896382035294,0.019470270998225098,92,chr17,82238843,cg04147593,0.08102928046168377,7.586754180814753e-5,4.119943987327157,chr17,80196719,SLC16A3;SLC16A3;SLC16A3,17,82238843,SLC16A3,1
7.60158379750831e-5,0.03611899631417196,1,-4.161154416349241,-0.02261110961657136,-0.011805679634517214,-0.033416539598625505,0.005433854972488393,92,chr19,10482535,cg04559605,-0.02261110961657136,7.60158379750831e-5,4.119095912606336,chr19,10593211,,19,10482535,NA,1
7.604098397280015e-5,0.03611899631417196,1,-4.161063278627722,-0.054933572834595094,-0.02868126209425524,-0.08118588357493495,0.0132018114496715,92,chr2,234127214,cg16583917,-0.054933572834595094,7.604098397280015e-5,4.118952271985545,chr2,234127214,,2,234127214,NA,1
7.60706140722847e-5,0.03611899631417196,1,-4.1609559261983,-0.0952492643279596,-0.04972923588273094,-0.14076929277318828,0.022891197603956616,92,chr1,2104844,cg16599817,-0.0952492643279596,7.60706140722847e-5,4.118783077932856,chr1,2036283,PRKCZ;PRKCZ;PRKCZ;PRKCZ,1,2104844,PRKCZ,1
7.628769528385914e-5,0.03616999363890434,1,4.160170647222128,0.09379949315876088,0.13863513143096673,0.04896385488655503,0.022547030185262624,92,chr4,140099768,cg00060975,0.09379949315876088,7.628769528385914e-5,4.117545505312016,chr4,140099768,,4,140099768,NA,1
7.629515824896648e-5,0.03616999363890434,1,-4.160143688619662,-0.06038595137478331,-0.031521613986777663,-0.08925028876278895,0.014515352327846972,92,chr3,44974864,cg17722736,-0.06038595137478331,7.629515824896648e-5,4.117503021841661,chr3,45016356,EXOSC7;EXOSC7;ZDHHC3;ZDHHC3,3,44974864,EXOSC7,1
7.630358826192916e-5,0.03616999363890434,1,4.1601132397849465,0.013098748639894426,0.01935996434982566,0.006837532929963193,0.00314865194404457,92,chrX,39868397,cg24957851,0.013098748639894426,7.630358826192916e-5,4.117455038379156,chrX,39868397,,23,39868397,NA,1
7.640659322633746e-5,0.03619012216384058,1,-4.1597414516110325,-0.06417806201550683,-0.03349813860763498,-0.09485798542337867,0.015428377643675715,92,chr5,80210680,cg16178965,-0.06417806201550683,7.640659322633746e-5,4.116869163960051,chr5,79506499,SERINC5;SERINC5;SERINC5;SERINC5;SERINC5,5,80210680,SERINC5,1
7.657680564266142e-5,0.03619012216384058,1,-4.1591281392687565,-0.06762150405212577,-0.035290697739664104,-0.09995231036458745,0.016258576746811835,92,chr7,29802505,cg00740089,-0.06762150405212577,7.657680564266142e-5,4.115902753954641,chr7,29842121,,7,29802505,NA,1
7.658126915929318e-5,0.03619012216384058,1,4.159112073905712,0.13799609647187636,0.2039742547949996,0.07201793814875311,0.03317922047296212,92,chr9,121247311,cg04936213,0.13799609647187636,7.658126915929318e-5,4.115877440491461,chr9,124009589,,9,121247311,NA,1
7.660227878104357e-5,0.03619012216384058,1,-4.159036466885843,-0.06521004959211282,-0.03403150686388072,-0.09638859232034493,0.015679124266236615,92,chr19,15330384,cg17726535,-0.06521004959211282,7.660227878104357e-5,4.115758310689691,chr19,15441195,,19,15330384,NA,1
7.662939345438818e-5,0.03619012216384058,1,4.158938919195434,0.04403227534810467,0.06508569253393283,0.02297885816227652,0.01058738207115168,92,chr13,20223271,cg03335886,0.04403227534810467,7.662939345438818e-5,4.115604612006341,chr13,20797410,GJB6;GJB6;GJB6;GJB6,13,20223271,GJB6,1
7.663700277969724e-5,0.03619012216384058,1,-4.1589115498716716,-0.07593989815208513,-0.03963005802483085,-0.1122497382793394,0.018259560762822268,92,chr15,92172993,cg16650478,-0.07593989815208513,7.663700277969724e-5,4.11556148855493,chr15,92716223,,15,92172993,NA,1
7.66392064819942e-5,0.03619012216384058,1,-4.158903624053898,-0.02479020230753527,-0.012937012879720863,-0.036643391735349674,0.005960754215162837,92,chr15,69442797,cg16993807,-0.02479020230753527,7.66392064819942e-5,4.115549000566716,chr15,69735136,KIF23;KIF23;KIF23,15,69442797,KIF23,1
7.676703087559814e-5,0.036230684470349474,1,-4.158444266762716,-0.0552013581755384,-0.02880446053127084,-0.08159825581980597,0.013274521584128817,92,chr19,5288203,cg19775269,-0.0552013581755384,7.676703087559814e-5,4.114825256309657,chr19,5288214,PTPRS;PTPRS;PTPRS;PTPRS,19,5288203,PTPRS,1
7.683186261357685e-5,0.03624148894172907,1,-4.158211564849935,-0.09033382728758108,-0.04713441490336988,-0.13353323967179226,0.021724201830226286,92,chr15,75176828,cg01989456,-0.09033382728758108,7.683186261357685e-5,4.1144586382033825,chr15,75469169,,15,75176828,NA,1
7.726372893934992e-5,0.036425316906926956,1,-4.15666626254762,-0.08824357139595002,-0.046028072073172194,-0.13045907071872784,0.021229409777504135,92,chr17,21200415,cg12060026,-0.08824357139595002,7.726372893934992e-5,4.112024335555645,chr17,21103728,TMEM11;TMEM11,17,21200415,TMEM11,1
7.7472060724123e-5,0.0365036184399522,1,-4.155923780051238,-0.08329792094512568,-0.04344128880313786,-0.12315455308711351,0.020043178208648166,92,chr1,110336731,cg13996650,-0.08329792094512568,7.7472060724123e-5,4.110854891829682,chr1,110879353,LOC440600,1,110336731,LOC440600,1
7.768535418028025e-5,0.03656575296864745,1,-4.155165602190329,-0.0749344044587077,-0.039073029776262556,-0.11079577914115285,0.01803403561562197,92,chr3,33008068,cg15562189,-0.0749344044587077,7.768535418028025e-5,4.109660849902087,chr3,33049560,GLB1;GLB1;GLB1,3,33008068,GLB1,1
7.768855762694145e-5,0.03656575296864745,1,4.155154230419007,0.11103676639717099,0.16417580192773043,0.057897730866611534,0.026722658231142005,92,chr2,23939386,cg01809281,0.11103676639717099,7.768855762694145e-5,4.109642941629173,chr2,24162256,UBXN2A,2,23939386,UBXN2A,1
7.776798714332082e-5,0.03657088754506412,1,-4.154872411341757,-0.036445924576889145,-0.019002759510314347,-0.05388908964346394,0.008771851688490106,92,chr22,17100411,cg03767027,-0.036445924576889145,7.776798714332082e-5,4.10919914167573,chr22,17581301,IL17RA;IL17RA,22,17100411,IL17RA,1
7.782261884576057e-5,0.03657088754506412,1,-4.154678736606752,-0.061475559832500734,-0.03205173980638368,-0.09089937985861779,0.01479670601022442,92,chr1,9559824,cg23824902,-0.061475559832500734,7.782261884576057e-5,4.108894158637316,chr1,9619882,SLC25A33,1,9559824,SLC25A33,1
7.78264265955213e-5,0.03657088754506412,1,-4.154665242638224,-0.03695221627905845,-0.01926585611099402,-0.05463857644712289,0.008894150098984555,92,chr2,200335101,cg25740565,-0.03695221627905845,7.78264265955213e-5,4.108872909747479,chr2,200335101,FLJ32063,2,200335101,FLJ32063,1
7.793356901371046e-5,0.03660133126648691,1,-4.154285809695789,-0.03449134867215387,-0.017981320487737457,-0.05100137685657029,0.00830259405639681,92,chr15,67782880,cg01362115,-0.03449134867215387,7.793356901371046e-5,4.108275434533715,chr15,68075218,MAP2K5;MAP2K5,15,67782880,MAP2K5,1
7.811392964123597e-5,0.03666611000941518,1,-4.153648214794758,-0.04771782958875049,-0.024873154781658004,-0.07056250439584297,0.011488173076089047,92,chr10,117322742,cg12727576,-0.04771782958875049,7.811392964123597e-5,4.107271513793658,chr10,119082253,PDZD8,10,117322742,PDZD8,1
7.832520198889545e-5,0.036732592357229345,1,4.152903142521538,0.05944551168101909,0.08790986213356665,0.03098116122847153,0.014314206144698399,92,chr21,34844811,cg08514932,0.05944551168101909,7.832520198889545e-5,4.106098476464775,chr21,36217108,RUNX1;RUNX1;RUNX1,21,34844811,RUNX1,1
7.834057864168998e-5,0.036732592357229345,1,-4.152848990791514,-0.10066555709012422,-0.05246314486326385,-0.1488679693169846,0.02424011981012048,92,chr11,62599969,cg13207340,-0.10066555709012422,7.834057864168998e-5,4.1060132249765005,chr11,62367441,MTA2,11,62599969,MTA2,1
7.845744635630071e-5,0.036763400344379055,1,-4.152437753418363,-0.10701910504193113,-0.05576930275349912,-0.15826890733036314,0.025772597061528745,92,chr4,10536272,cg12969026,-0.10701910504193113,7.845744635630071e-5,4.1053658314526675,chr4,10537896,CLNK,4,10536272,CLNK,1
7.849136915193086e-5,0.036763400344379055,1,-4.152318495305601,-0.06193477167497918,-0.032274310900130075,-0.09159523244982828,0.014915708355464416,92,chr20,38961473,cg22820282,-0.06193477167497918,7.849136915193086e-5,4.105178095302705,chr20,37590116,DHX35;DHX35;DHX35,20,38961473,DHX35,1
7.856534713050233e-5,0.03677811584697608,1,-4.152058592118611,-0.06679719735223072,-0.034806126484918355,-0.09878826821954309,0.016087729946543717,92,chr16,88473767,cg16627358,-0.06679719735223072,7.856534713050233e-5,4.104768966282151,chr16,88540175,ZFPM1,16,88473767,ZFPM1,1
7.872980145561354e-5,0.036835146392783624,1,4.151481665357363,0.04908995620480103,0.07260379469513985,0.02557611771446221,0.011824683368937708,92,chr2,216487372,cg21901753,0.04908995620480103,7.872980145561354e-5,4.103860843780135,chr2,217352095,,2,216487372,NA,1
7.886471428587297e-5,0.03687830117941867,1,-4.151009239043768,-0.0825989849542735,-0.04302998987265772,-0.12216798003588927,0.019898530742201166,92,chr11,61754706,cg05373256,-0.0825989849542735,7.886471428587297e-5,4.103117265721504,chr11,61522178,C11orf9;DKFZP434K028;C11orf9,11,61754706,C11orf9,1
7.906079322350849e-5,0.036949995990092646,1,-4.15032401087505,-0.03402544325951578,-0.017722883564827232,-0.05032800295420432,0.00819826191168672,92,chr4,108619622,cg01543767,-0.03402544325951578,7.906079322350849e-5,4.102038832658562,chr4,109540778,RPL34;RPL34;RPL34-AS1,4,108619622,RPL34,1
7.92317383158946e-5,0.03700987304278754,1,-4.149727949614737,-0.031181487861323288,-0.016239402306785066,-0.04612357341586151,0.007514104114757257,92,chr6,116782179,cg08532140,-0.031181487861323288,7.92317383158946e-5,4.101100815703867,chr6,116782179,FAM26F;FAM26F,6,116782179,FAM26F,1
7.949139826919756e-5,0.0370955910559475,1,-4.148824915118065,-0.08865079878404539,-0.04616032672263598,-0.1311412708454548,0.02136768858599149,92,chr7,150957322,cg22060869,-0.08865079878404539,7.949139826919756e-5,4.099679863624454,chr7,150654410,KCNH2;KCNH2;KCNH2;KCNH2,7,150957322,KCNH2,1
7.950110007916984e-5,0.0370955910559475,1,-4.1487912295958305,-0.03649149392660765,-0.019000919517447253,-0.053982068335768046,0.008795692987945938,92,chr7,2471551,cg03545635,-0.03649149392660765,7.950110007916984e-5,4.099626861846578,chr7,2471551,CHST12,7,2471551,CHST12,1
7.96787093389971e-5,0.03715840044938642,1,-4.1481752528198275,-0.06903581253380377,-0.03594165309202362,-0.1021299719755839,0.01664245320562937,92,chr17,82461998,cg05613273,-0.06903581253380377,7.96787093389971e-5,4.098657709367131,chr17,80419874,NARF;NARF;NARF;NARF,17,82461998,NARF,1
7.982666279498985e-5,0.03720731947552107,1,-4.1476631347307285,-0.09141385252151642,-0.04758677157074752,-0.13524093347228533,0.022039844980672747,92,chr14,24704097,cg01021719,-0.09141385252151642,7.982666279498985e-5,4.097852026309752,chr14,24704097,GMPR2;GMPR2;GMPR2;GMPR2,14,24704097,GMPR2,1
7.993365206473368e-5,0.03721526181830371,1,4.147293376465994,0.14270429836312132,0.21112795929250192,0.07428063743374072,0.034409019427683464,92,chr10,23432948,cg23598140,0.14270429836312132,7.993365206473368e-5,4.097270344226069,chr10,23721877,,10,23432948,NA,1
7.997588148145833e-5,0.03721526181830371,1,-4.147147561320873,-0.06032871289620977,-0.031401367457693695,-0.08925605833472586,0.014547037934911338,92,chr21,33058783,cg07731272,-0.06032871289620977,7.997588148145833e-5,4.0970409644927015,chr21,34431089,LINC00945,21,33058783,LINC00945,1
7.998874200647679e-5,0.03721526181830371,1,4.147103169564669,0.09679550235856259,0.14320900550787174,0.050381999209253445,0.023340509845267105,92,chrX,111092432,cg06778844,0.09679550235856259,7.998874200647679e-5,4.0969711333645416,chrX,110335660,PAK3;PAK3,23,111092432,PAK3,1
8.001596531444502e-5,0.03721526181830371,1,-4.147009223228989,-0.07631729098752171,-0.03972227383068142,-0.11291230814436201,0.01840297112435615,92,chr15,83064225,cg19722706,-0.07631729098752171,8.001596531444502e-5,4.096823351055611,chr15,83732977,BTBD1;BTBD1,15,83064225,BTBD1,1
8.031996588942724e-5,0.03733655683877371,1,-4.145962215627839,-0.08038837517321634,-0.041831491843376555,-0.11894525850305612,0.019389558078990555,92,chr9,129838509,cg13953978,-0.08038837517321634,8.031996588942724e-5,4.095176484636763,chr9,132600788,USP20;USP20;USP20,9,129838509,USP20,1
8.061221582378486e-5,0.03744049641532543,1,-4.144959266307759,-0.034351376955778515,-0.017871350913483682,-0.050831402998073344,0.008287506522682425,92,chr17,58191991,cg12833478,-0.034351376955778515,8.061221582378486e-5,4.093599141037758,chr17,56269352,EPX,17,58191991,EPX,1
8.066084512026778e-5,0.03744049641532543,1,-4.144792718816409,-0.02874034217242367,-0.014951648342028482,-0.04252903600281886,0.0069340843130584326,92,chr1,178724479,cg16394775,-0.02874034217242367,8.066084512026778e-5,4.093337232004249,chr1,178693614,RALGPS2;RALGPS2,1,178724479,RALGPS2,1
8.070968044896932e-5,0.03744049641532543,1,-4.144625562877961,-0.0368400716248147,-0.019164674708569814,-0.05451546854105959,0.008888636878269301,92,chr4,109589842,cg03708153,-0.0368400716248147,8.070968044896932e-5,4.093074372174677,chr4,110510998,CCDC109B,4,109589842,CCDC109B,1
8.078420165243456e-5,0.03744049641532543,1,-4.144370675504308,-0.04539698949818981,-0.023614752855999326,-0.06717922614038029,0.010953892171497346,92,chr11,33135060,cg20519597,-0.04539698949818981,8.078420165243456e-5,4.0926735625672075,chr11,33156606,CSTF3,11,33135060,CSTF3,1
8.078746968480217e-5,0.03744049641532543,1,-4.14435950292133,-0.0448485064238377,-0.02332938314381394,-0.06636762970386145,0.010821577228573992,92,chr19,30003382,cg19104037,-0.0448485064238377,8.078746968480217e-5,4.092655994036631,chr19,30494289,URI1;URI1;URI1,19,30003382,URI1,1
8.08035227767591e-5,0.03744049641532543,1,-4.144304627738866,-0.03193445436763678,-0.016611523583022876,-0.04725738515225069,0.007705624281065514,92,chr2,136256240,cg05714111,-0.03193445436763678,8.08035227767591e-5,4.092569704953668,chr2,137013810,,2,136256240,NA,1
8.102128392434017e-5,0.037521277891632586,1,-4.143561276876779,-0.07932087312178451,-0.04125395388556266,-0.11738779235800637,0.019143164013148813,92,chr6,31867788,cg06636203,-0.07932087312178451,8.102128392434017e-5,4.091400878940162,chr6,31867788,ZBTB12,6,31867788,ZBTB12,1
8.115726007451957e-5,0.037564118161711964,1,4.143098081942948,0.09411628535827528,0.13928872783558077,0.04894384288096978,0.022716402918016,92,chr17,7179745,cg05331340,0.09411628535827528,8.115726007451957e-5,4.090672623474611,chr17,7083064,ASGR1,17,7179745,ASGR1,1
8.129822718439104e-5,0.03759011880557413,1,-4.1426186730801975,-0.060181044719187456,-0.031292958299660265,-0.08906913113871465,0.01452729528553023,92,chr11,9251621,cg17144361,-0.060181044719187456,8.129822718439104e-5,4.0899189246695355,chr11,9273168,DENND5A;DENND5A,11,9251621,DENND5A,1
8.130043331221595e-5,0.03759011880557413,1,-4.142611176713754,-0.06560360955399423,-0.034112528259023514,-0.09709469084896495,0.01583629424908668,92,chr9,94666585,cg09803743,-0.06560360955399423,8.130043331221595e-5,4.08990713971217,chr9,97428867,,9,94666585,NA,1
8.153546807344457e-5,0.037678629843103356,1,-4.141813653351548,-0.02248167734513317,-0.011687932050640329,-0.03327542263962601,0.005427978954809095,92,chr16,11680030,cg06635913,-0.02248167734513317,8.153546807344457e-5,4.0886534312870095,chr16,11773886,TXNDC11;TXNDC11,16,11680030,TXNDC11,1
8.185585193620346e-5,0.037782894368841316,1,-4.140730076642035,-0.08416112255663451,-0.043743700537314016,-0.12457854457595499,0.02032518927794631,92,chr15,43095481,cg23701314,-0.08416112255663451,8.185585193620346e-5,4.086950267104161,chr15,43387679,UBR1,15,43095481,UBR1,1
8.187594721028263e-5,0.037782894368841316,1,-4.140662248048519,-0.04809623160674348,-0.024998184967482403,-0.07119427824600455,0.011615589180066804,92,chr10,3054537,cg17314894,-0.04809623160674348,8.187594721028263e-5,4.086843662684809,chr10,3096729,,10,3054537,NA,1
8.189226102912425e-5,0.037782894368841316,1,-4.14060719496779,-0.04457123768266714,-0.02316577241837153,-0.06597670294696274,0.010764420671643514,92,chr13,21378169,cg01312141,-0.04457123768266714,8.189226102912425e-5,4.0867571379361864,chr13,21952308,ZDHHC20;MIPEPP3;ZDHHC20;ZDHHC20;ZDHHC20,13,21378169,ZDHHC20,1
8.199597846653755e-5,0.037810559649848106,1,4.140257433671107,0.03792651513845129,0.056142371975718294,0.01971065830118429,0.009160424380863291,92,chrX,40157839,cg19937286,0.03792651513845129,8.199597846653755e-5,4.086207447282387,chrX,40017092,BCOR;BCOR,23,40157839,BCOR,1
8.215149629641071e-5,0.037852401106884544,1,-4.1397337850525115,-0.05693195941790684,-0.029584453322389376,-0.0842794655134243,0.013752565351780143,92,chr18,12380945,cg19328051,-0.05693195941790684,8.215149629641071e-5,4.085384521975037,chr18,12380944,,18,12380945,NA,1
8.217432173566155e-5,0.037852401106884544,1,4.139657009107407,0.12260796312717709,0.18150430605864415,0.06371162019571001,0.0296179038160492,92,chr3,138561638,cg20849359,0.12260796312717709,8.217432173566155e-5,4.085263871884916,chr3,138561638,,3,138561638,NA,1
8.243764869372822e-5,0.03795346776450859,1,-4.138772759479998,-0.0974790720803096,-0.050643717250283764,-0.14431442691033544,0.023552651412675533,92,chr7,112421726,cg16009085,-0.0974790720803096,8.243764869372822e-5,4.083874403766937,chr7,112061781,IFRD1;IFRD1,7,112421726,IFRD1,1
8.258417465332499e-5,0.037985022580282864,1,-4.1382819023531665,-0.07928617027654396,-0.041187363029344996,-0.11738497752374291,0.019159199916143742,92,chr3,90079269,cg20320111,-0.07928617027654396,8.258417465332499e-5,4.083103167197844,chr3,90079269,,3,90079269,NA,1
8.25941008391481e-5,0.037985022580282864,1,-4.138248680261786,-0.014244813598096855,-0.007399801882148575,-0.021089825314045137,0.0034422323786485747,92,chr17,48009691,cg02694732,-0.014244813598096855,8.25941008391481e-5,4.083050970409596,chr17,46087057,,17,48009691,NA,1
8.279760734849207e-5,0.038026018772705186,1,-4.137568406587912,-0.0195648212380859,-0.010161858664044645,-0.028967783812127158,0.0047285795219565285,92,chr11,1278061,cg17578755,-0.0195648212380859,8.279760734849207e-5,4.081982213098705,chr11,1299291,TOLLIP,11,1278061,TOLLIP,1
8.284851293752796e-5,0.038026018772705186,1,-4.137398492823143,-0.013176442291209262,-0.006843510320382339,-0.019509374262036184,0.0031847167523422065,92,chr4,2966982,cg20334836,-0.013176442291209262,8.284851293752796e-5,4.081715282402421,chr4,2966982,GRK4;GRK4;GRK4,4,2966982,GRK4,1
8.28552254730392e-5,0.038026018772705186,1,-4.137376095072573,-0.09066443000099757,-0.0470885721960016,-0.13424028780599354,0.021913509412154916,92,chr1,44212951,cg11683482,-0.09066443000099757,8.28552254730392e-5,4.081680096507864,chr1,44678623,DMAP1;DMAP1;DMAP1,1,44212951,DMAP1,1
8.290291416124487e-5,0.038026018772705186,1,-4.137217022216991,-0.02866969248324055,-0.014889707567063567,-0.04244967739941753,0.006929704757880325,92,chr11,36399680,cg02480298,-0.02866969248324055,8.290291416124487e-5,4.0814302030817675,chr11,36421230,PRR5L;PRR5L;PRR5L;PRR5L,11,36399680,PRR5L,1
8.290326165741278e-5,0.038026018772705186,1,-4.137215863413826,-0.026273607729863854,-0.013645288823751142,-0.038901926635976566,0.006350552786526388,92,chr9,92266636,cg05411638,-0.026273607729863854,8.290326165741278e-5,4.081428382695193,chr9,95028918,IARS;IARS;IARS,9,92266636,IARS,1
8.304635235526753e-5,0.03806461409595684,1,-4.136739092289715,-0.07735081378624332,-0.040168127097648845,-0.1145335004748378,0.01869849948487544,92,chr1,2251926,cg03042633,-0.07735081378624332,8.304635235526753e-5,4.0806794383091445,chr1,2183365,SKI,1,2251926,SKI,1
8.307550313483577e-5,0.03806461409595684,1,-4.13664206022171,-0.07109115626163293,-0.03691669752252187,-0.10526561500074398,0.01718571615012363,92,chr7,96304340,cg25487118,-0.07109115626163293,8.307550313483577e-5,4.080527019799223,chr7,95933652,SLC25A13;SLC25A13;SLC25A13,7,96304340,SLC25A13,1
8.327876880560159e-5,0.038137527621037746,1,-4.1359663735587695,-0.07995144476139936,-0.04151144933609003,-0.11839144018670869,0.01933077726949834,92,chr5,132658161,cg06967316,-0.07995144476139936,8.327876880560159e-5,4.079465704065314,chr5,131993853,IL13,5,132658161,IL13,1
8.33306397935861e-5,0.038141069406200746,1,-4.135794200384261,-0.05915816733533146,-0.030714224179174864,-0.08760211049148806,0.014303943685069006,92,chr3,157108024,cg08877322,-0.05915816733533146,8.33306397935861e-5,4.079195283747881,chr3,156825813,,3,157108024,NA,1
8.365641941190057e-5,0.03826991114220894,1,4.1347152048466596,0.1048021880729481,0.15520546344766717,0.05439891269822902,0.025346894013425717,92,chr1,179092019,cg00852924,0.1048021880729481,8.365641941190057e-5,4.077500727646036,chr1,179061154,TOR3A,1,179092019,TOR3A,1
8.373985221293884e-5,0.03828780993096059,1,-4.1344395220121335,-0.09752810364024445,-0.050620078776248446,-0.14443612850424045,0.023589195856172505,92,chr3,112746974,cg22373792,-0.09752810364024445,8.373985221293884e-5,4.077067809902417,chr3,112465821,LOC101929694,3,112746974,LOC101929694,1
8.420247412510728e-5,0.03840474751791844,1,4.132915680543424,0.12377073743001021,0.183322612995534,0.06421886186448642,0.029947559301218552,92,chr7,48245990,cg16001699,0.12377073743001021,8.420247412510728e-5,4.074675147418457,chr7,48285587,ABCA13,7,48245990,ABCA13,1
8.421784373971381e-5,0.03840474751791844,1,-4.132865192514653,-0.05810836787811812,-0.030149379842266767,-0.08606735591396947,0.014060068541157019,92,chr1,23284114,cg01619618,-0.05810836787811812,8.421784373971381e-5,4.0745958821740285,chr1,23610607,LINC01355,1,23284114,LINC01355,1
8.426131573635745e-5,0.03840474751791844,1,-4.132722438236907,-0.10550362136883695,-0.05473853386615608,-0.15626870887151784,0.025528842777509796,92,chr2,111663724,cg03162315,-0.10550362136883695,8.426131573635745e-5,4.0743717636689585,chr2,112421301,,2,111663724,NA,1
8.429066171840889e-5,0.03840474751791844,1,-4.132626111311075,-0.02352261934143657,-0.012203996838619287,-0.034841241844253856,0.005691930193504494,92,chr5,179798558,cg16578938,-0.02352261934143657,8.429066171840889e-5,4.0742205367490225,chr5,179225558,MGAT4B;MIR1229;MGAT4B,5,179798558,MGAT4B,1
8.43464416385978e-5,0.03840474751791844,1,-4.132443105003001,-0.07422040542050701,-0.038505422254530346,-0.10993538858648366,0.017960417974212644,92,chr9,109117952,cg09372094,-0.07422040542050701,8.43464416385978e-5,4.073933234465714,chr9,111880232,TMEM245,9,109117952,TMEM245,1
8.442281769726577e-5,0.03840474751791844,1,-4.132192714280189,-0.06097332852683993,-0.03163108301861387,-0.09031557403506599,0.014755683663089087,92,chr11,10800512,cg26232188,-0.06097332852683993,8.442281769726577e-5,4.073540156920385,chr11,10822059,EIF4G2;EIF4G2;EIF4G2,11,10800512,EIF4G2,1
8.44281858320211e-5,0.03840474751791844,1,-4.132175123620867,-0.054153842309912104,-0.028093232876051723,-0.08021445174377248,0.013105408335757844,92,chr8,8861917,cg17268967,-0.054153842309912104,8.44281858320211e-5,4.073512542618374,chr8,8719427,MFHAS1,8,8861917,MFHAS1,1
8.447550854003949e-5,0.03840474751791844,1,-4.13202009995924,-0.050245018218281486,-0.026064556294887638,-0.07442548014167533,0.0121599162159877,92,chr6,106798128,cg06281325,-0.050245018218281486,8.447550854003949e-5,4.073269185105381,chr6,107246003,,6,106798128,NA,1
8.454028728234092e-5,0.03840474751791844,1,-4.13180802772855,-0.026927838964916677,-0.013968126179124877,-0.039887551750708475,0.006517204764646383,92,chr16,67526653,cg10721256,-0.026927838964916677,8.454028728234092e-5,4.072936280697639,chr16,67560556,LOC100505942,16,67526653,LOC100505942,1
8.459531925068817e-5,0.03840474751791844,1,-4.131627987165557,-0.024010027752640103,-0.012454082867643684,-0.03556597263763652,0.005811275319855655,92,chr12,8034112,cg13863617,-0.024010027752640103,8.459531925068817e-5,4.072653666273451,chr12,8186708,FOXJ2,12,8034112,FOXJ2,1
8.466050790517884e-5,0.03840474751791844,1,-4.13141486404497,-0.10411311243588028,-0.05400123976655682,-0.15422498510520374,0.02520035287231978,92,chr22,32477872,cg06866757,-0.10411311243588028,8.466050790517884e-5,4.072319130384158,chr22,32873859,FBXO7;FBXO7;FBXO7,22,32477872,FBXO7,1
8.467927996507283e-5,0.03840474751791844,1,4.131353521283124,0.1414069121842943,0.2094701006555339,0.07334372371305468,0.03422774435928104,92,chr19,33259857,cg11575996,0.1414069121842943,8.467927996507283e-5,4.072222843478856,chr19,33750763,,19,33259857,NA,1
8.484721934072277e-5,0.03840474751791844,1,-4.130805315260828,-0.058435718571534144,-0.0303052042844388,-0.0865662328586295,0.014146325985310782,92,chr4,14854114,cg16985346,-0.058435718571534144,8.484721934072277e-5,4.071362386048349,chr4,14855738,LINC00504,4,14854114,LINC00504,1
8.491344876868902e-5,0.03840474751791844,1,-4.130589408802548,-0.07566409880489702,-0.03923806828973281,-0.11209012932006124,0.018317990803843158,92,chr2,177396653,cg00555389,-0.07566409880489702,8.491344876868902e-5,4.071023519844712,chr2,178261381,AGPS,2,177396653,AGPS,1
8.492530161811563e-5,0.03840474751791844,1,4.130550785863804,0.05518917256787903,0.08175846121925379,0.028619883916504277,0.013361213898339122,92,chr19,19591356,cg05795603,0.05518917256787903,8.492530161811563e-5,4.0709629020281355,chr19,19702165,PBX4;PBX4,19,19591356,PBX4,1
8.49591664817594e-5,0.03840474751791844,1,-4.130440464538073,-0.0997742439949729,-0.051739432637449505,-0.14780905535249628,0.024155836369410332,92,chr9,366070,cg08531949,-0.0997742439949729,8.49591664817594e-5,4.070789757022354,chr9,366070,DOCK8;DOCK8;DOCK8,9,366070,DOCK8,1
8.49810616280132e-5,0.03840474751791844,1,-4.130369159383576,-0.058651601725397795,-0.03041418143507476,-0.08688902201572082,0.014200087077483185,92,chr2,103418007,cg01368087,-0.058651601725397795,8.49810616280132e-5,4.0706778477780645,chr2,103418007,TMEM182,2,103418007,TMEM182,1
8.501643042873168e-5,0.03840474751791844,1,-4.130254012364428,-0.027098988799016857,-0.014051998661443544,-0.04014597893659017,0.0065610949636251605,92,chr21,29304249,cg07083481,-0.027098988799016857,8.501643042873168e-5,4.070497133639057,chr21,30676570,BACH1;BACH1;BACH1,21,29304249,BACH1,1
8.502571386643394e-5,0.03840474751791844,1,-4.130223796745252,-0.05200497044004702,-0.026966645015620384,-0.07704329586447364,0.012591320228465243,92,chr9,127455238,cg25221180,-0.05200497044004702,8.502571386643394e-5,4.070449713091781,chr9,130217517,LRSAM1;LRSAM1;LRSAM1;LRSAM1,9,127455238,LRSAM1,1
8.507041661543547e-5,0.03840474751791844,1,-4.130078343193285,-0.019218477112599604,-0.009965218684870993,-0.028471735540328218,0.004653296019014571,92,chr5,132665994,cg11294011,-0.019218477112599604,8.507041661543547e-5,4.070221440319094,chr5,132001686,,5,132665994,NA,1
8.507189379151324e-5,0.03840474751791844,1,-4.130073538020804,-0.1127723762335921,-0.058474985822880646,-0.16706976664430356,0.027305173914078627,92,chr15,40559444,cg19069027,-0.1127723762335921,8.507189379151324e-5,4.070213899226959,chr15,40851643,C15orf57;C15orf57;C15orf57;C15orf57,15,40559444,C15orf57,1
8.507617379526385e-5,0.03840474751791844,1,-4.1300596158572045,-0.05417980054142673,-0.028093343934628638,-0.08026625714822483,0.013118406410746587,92,chr1,114089050,cg02305412,-0.05417980054142673,8.507617379526385e-5,4.070192050233454,chr1,114631672,,1,114089050,NA,1
8.507968562377667e-5,0.03840474751791844,1,-4.130048192947128,-0.01779722920538497,-0.009228206676337773,-0.026366251734432168,0.004309206182091833,92,chr2,239149001,cg24665226,-0.01779722920538497,8.507968562377667e-5,4.070174123519089,chr2,240070697,HDAC4,2,239149001,HDAC4,1
8.515832245410442e-5,0.03840474751791844,1,-4.1297925299372995,-0.06169537978186627,-0.03198840565132669,-0.09140235391240584,0.01493909907934357,92,chr17,73183083,cg14285795,-0.06169537978186627,8.515832245410442e-5,4.0697729023781655,chr17,71179222,,17,73183083,NA,1
8.521970504336113e-5,0.03840474751791844,1,-4.129593121415215,-0.030758830386427256,-0.01594741493245216,-0.045570245840402354,0.007448392488576739,92,chr15,98766731,cg17163607,-0.030758830386427256,8.521970504336113e-5,4.069459973283446,chr15,99309960,IGF1R,15,98766731,IGF1R,1
8.522380903769539e-5,0.03840474751791844,1,-4.129579794036236,-0.0488142862881563,-0.025308483285137576,-0.07232008929117503,0.01182064246794597,92,chr13,50691508,cg06960762,-0.0488142862881563,8.522380903769539e-5,4.069439059116038,chr13,51265644,,13,50691508,NA,1
8.523888431975894e-5,0.03840474751791844,1,4.129530843613268,0.12722372684666802,0.18848717114865238,0.06596028254468365,0.030808276209737535,92,chr7,931494,cg18332229,0.12722372684666802,8.523888431975894e-5,4.069362243342435,chr7,971130,ADAP1,7,931494,ADAP1,1
8.523998757089907e-5,0.03840474751791844,1,-4.129527261611888,-0.09103887278111121,-0.04719988230312135,-0.13487786325910106,0.022045834066143393,92,chr3,195141504,cg25926955,-0.09103887278111121,8.523998757089907e-5,4.0693566222836255,chr3,194862233,XXYLT1;XXYLT1,3,195141504,XXYLT1,1
8.530287850322744e-5,0.038406079949364784,1,-4.129323142971112,-0.019340825349153407,-0.010026955960092074,-0.02865469473821474,0.004683776173360311,92,chr3,172224022,cg16053306,-0.019340825349153407,8.530287850322744e-5,4.069036313533822,chr3,171941812,FNDC3B;FNDC3B,3,172224022,FNDC3B,1
8.533883338375976e-5,0.038406079949364784,1,-4.129206512917591,-0.02455442677073206,-0.012729534124724119,-0.03637931941674,0.005946524276254358,92,chr10,31527952,cg02639390,-0.02455442677073206,8.533883338375976e-5,4.0688532984166965,chr10,31816880,ZEB1;ZEB1;ZEB1;ZEB1;ZEB1;ZEB1,10,31527952,ZEB1,1
8.543006062732576e-5,0.038406079949364784,1,-4.128910802893271,-0.07876257807767444,-0.040829469626689666,-0.1166956865286592,0.01907587299354657,92,chr6,139516582,cg15402009,-0.07876257807767444,8.543006062732576e-5,4.068389285430276,chr6,139837719,,6,139516582,NA,1
8.54491171783435e-5,0.038406079949364784,1,-4.128849070071743,-0.03764324647902375,-0.01951348567473208,-0.05577300728331542,0.009117128245709805,92,chr14,88574705,cg17258440,-0.03764324647902375,8.54491171783435e-5,4.068292419854356,chr14,89041049,ZC3H14;ZC3H14;ZC3H14;ZC3H14;ZC3H14;ZC3H14;ZC3H14;ZC3H14;ZC3H14;ZC3H14,14,88574705,ZC3H14,1
8.546516323821328e-5,0.038406079949364784,1,-4.128797099864615,-0.08593692541506667,-0.04454741577121932,-0.12732643505891403,0.020814034532693454,92,chr6,15341493,cg18356280,-0.08593692541506667,8.546516323821328e-5,4.068210873534631,chr6,15341724,JARID2;JARID2,6,15341493,JARID2,1
8.553652743415919e-5,0.038413709260324676,1,-4.1285660780987135,-0.12520762659098497,-0.0649009280711274,-0.18551432511084254,0.030327146089580228,92,chr17,57113318,cg13947225,-0.12520762659098497,8.553652743415919e-5,4.0678483849746385,chr17,55190679,AKAP1;AKAP1;AKAP1,17,57113318,AKAP1,1
8.561850695714863e-5,0.038413709260324676,1,-4.1283009208102515,-0.06743663267359913,-0.034953452543964335,-0.09991981280323392,0.01633520277886223,92,chr2,6927105,cg18115488,-0.06743663267359913,8.561850695714863e-5,4.067432349801467,chr2,7067236,RNF144A,2,6927105,RNF144A,1
8.566848779636094e-5,0.038413709260324676,1,-4.128139380902465,-0.09950425766619632,-0.051572724337778264,-0.14743579099461437,0.024103899719694878,92,chr2,165812716,cg17770392,-0.09950425766619632,8.566848779636094e-5,4.067178899114004,chr2,166669226,,2,165812716,NA,1
8.570241204187805e-5,0.038413709260324676,1,-4.12802978812145,-0.0941013240772599,-0.04877119849553718,-0.13943144965898263,0.022795698894431372,92,chr1,212118418,cg23864154,-0.0941013240772599,8.570241204187805e-5,4.067006954952689,chr1,212291760,,1,212118418,NA,1
8.572919758109076e-5,0.038413709260324676,1,-4.127943286506477,-0.040200843881777686,-0.020835043174274922,-0.059566644589280446,0.009738710319298037,92,chr3,5021776,cg10655575,-0.040200843881777686,8.572919758109076e-5,4.066871241218272,chr3,5063461,,3,5021776,NA,1
8.57572140374254e-5,0.038413709260324676,1,-4.127852837554379,-0.028193519396205027,-0.014611664171068229,-0.04177537462134183,0.00683006892583622,92,chr22,19423622,cg07163011,-0.028193519396205027,8.57572140374254e-5,4.066729336184724,chr22,19411145,HIRA,22,19423622,HIRA,1
8.586926814555054e-5,0.038413709260324676,1,-4.127491363451058,-0.030656988138974512,-0.01588709602390241,-0.04542688025404661,0.007427511153734249,92,chr6,87932516,cg18025812,-0.030656988138974512,8.586926814555054e-5,4.0661622385302225,chr6,88642234,,6,87932516,NA,1
8.587715933267134e-5,0.038413709260324676,1,4.127465924457889,0.012467665360651175,0.018474361335627208,0.006460969385675143,0.0030206585805523534,92,chr11,1764317,cg16977799,0.012467665360651175,8.587715933267134e-5,4.066122329705626,chr11,1785547,CTSD;HCCA2,11,1764317,CTSD,1
8.589432807756686e-5,0.038413709260324676,1,4.127410584962791,0.08201806170954014,0.12153341220610517,0.042502711212975115,0.019871553852275525,92,chr2,85546082,cg13077521,0.08201806170954014,8.589432807756686e-5,4.0660355133042945,chr2,85546082,TGOLN2;TGOLN2;TGOLN2;TGOLN2,2,85546082,TGOLN2,1
8.59266656794263e-5,0.038413709260324676,1,-4.127306381030116,-0.11344682012881077,-0.0587880785272542,-0.16810556173036734,0.02748689088123768,92,chr1,8425316,cg04317648,-0.11344682012881077,8.59266656794263e-5,4.065872040356033,chr1,8485376,LOC102724552;RERE;RERE,1,8425316,LOC102724552,1
8.602495927770043e-5,0.038424022140447565,1,-4.126989873402481,-0.11030265250321147,-0.05715469691096135,-0.16345060809546158,0.026727143968558586,92,chr11,61841707,cg01556593,-0.11030265250321147,8.602495927770043e-5,4.0653755242923175,chr11,61609179,FADS2;FADS2;FADS2,11,61841707,FADS2,1
8.603866315389657e-5,0.038424022140447565,1,-4.126945774233673,-0.016298349168435335,-0.00844510924760544,-0.024151589089265228,0.003949252076485487,92,chr2,39410324,cg22014983,-0.016298349168435335,8.603866315389657e-5,4.065306346185508,chr2,39637465,MAP4K3,2,39410324,MAP4K3,1
8.630112126502096e-5,0.03852132569391033,1,-4.126102483084096,-0.07006360203532366,-0.036297069864711234,-0.10383013420593609,0.016980577269363882,92,chr9,129877133,cg10379517,-0.07006360203532366,8.630112126502096e-5,4.063983561688638,chr9,132639412,USP20;USP20;USP20,9,129877133,USP20,1
8.637539965542093e-5,0.038534576336102896,1,-4.125864270588954,-0.034556013692240775,-0.01790108755275113,-0.05121093983173042,0.008375460612839796,92,chr22,30904266,cg00664743,-0.034556013692240775,8.637539965542093e-5,4.0636099301503945,chr22,31300253,OSBP2,22,30904266,OSBP2,1
8.64693847086848e-5,0.03855660048234231,1,-4.125563140525702,-0.0136056478450296,-0.007047669200424867,-0.020163626489634334,0.003297888647341341,92,chr1,30887392,cg09933215,-0.0136056478450296,8.64693847086848e-5,4.063137631328225,chr1,31360239,SDC3,1,30887392,SDC3,1
8.651480182551806e-5,0.03855695669268957,1,-4.125417735915651,-0.022554493991141098,-0.011682751246809097,-0.0334262367354731,0.00546720245922806,92,chr2,219612371,cg17285703,-0.022554493991141098,8.651480182551806e-5,4.0629095826947275,chr2,220477093,STK11IP,2,219612371,STK11IP,1
8.658638974147422e-5,0.03856897003498682,1,-4.125188693468836,-0.08176393079332535,-0.042349799981135416,-0.12117806160551528,0.01982065230683321,92,chr4,38109311,cg07161341,-0.08176393079332535,8.658638974147422e-5,4.062550368083184,chr4,38110932,TBC1D1;TBC1D1;TBC1D1,4,38109311,TBC1D1,1
8.683984938316738e-5,0.03866194205263414,1,-4.124379221352058,-0.011972424592660581,-0.006200009805241161,-0.01774483938008,0.0029028428158785475,92,chr15,59278156,cg16010948,-0.011972424592660581,8.683984938316738e-5,4.061280938466305,chr15,59570355,MYO1E,15,59278156,MYO1E,1
8.698167748912856e-5,0.03870514447249507,1,-4.123927256748673,-0.03190905179515212,-0.01652265552368543,-0.04729544806661881,0.007737539924578929,92,chr15,63097568,cg11312681,-0.03190905179515212,8.698167748912856e-5,4.0605722209837785,chr15,63389767,,15,63097568,NA,1
8.710314045089754e-5,0.038713430251328784,1,-4.123540752835803,-0.06120390933705455,-0.031688902882583594,-0.09071891579152551,0.014842562012989436,92,chr11,74003755,cg17514353,-0.06120390933705455,8.710314045089754e-5,4.059966186485927,chr11,73714800,UCP3;UCP3,11,74003755,UCP3,1
8.711270026219281e-5,0.038713430251328784,1,-4.123510354829472,-0.06375780337025422,-0.03301097901109721,-0.09450462772941123,0.015462020920010745,92,chr5,60846619,cg00944309,-0.06375780337025422,8.711270026219281e-5,4.059918524077266,chr5,60142446,,5,60846619,NA,1
8.713469602435044e-5,0.038713430251328784,1,4.123440425531813,0.0896530776362516,0.13288847838451107,0.04641767688799215,0.021742299726493265,92,chr19,2427816,cg22729335,0.0896530776362516,8.713469602435044e-5,4.0598088795329605,chr19,2427816,TIMM13;TIMM13,19,2427816,TIMM13,1
8.721000126294256e-5,0.038726976881487324,1,-4.123201142313551,-0.016158506295392512,-0.008365577632683998,-0.023951434958101026,0.003918922637454908,92,chr13,93399217,cg04301742,-0.016158506295392512,8.721000126294256e-5,4.05943370722062,chr13,94051470,GPC6,13,93399217,GPC6,1
8.727535957236657e-5,0.038735553186547714,1,-4.122993626559416,-0.08134294513913412,-0.04211087367697833,-0.12057501660128991,0.019729097958129452,92,chr3,33071168,cg26396322,-0.08134294513913412,8.727535957236657e-5,4.059108353227356,chr3,33112660,GLB1;GLB1;GLB1,3,33071168,GLB1,1
8.735568518896859e-5,0.038735553186547714,1,-4.122738793466444,-0.06185290085935047,-0.03201912221244466,-0.09168667950625628,0.015002866773265514,92,chr10,32923937,cg07963705,-0.06185290085935047,8.735568518896859e-5,4.058708825473815,chr10,33212865,ITGB1;ITGB1;ITGB1;ITGB1;ITGB1;ITGB1,10,32923937,ITGB1,1
8.736378919516646e-5,0.038735553186547714,1,-4.1227130960129745,-0.07007545537441222,-0.036275445572479276,-0.10387546517634516,0.01699741256362984,92,chr20,32233635,cg10388789,-0.07007545537441222,8.736378919516646e-5,4.058668537747584,chr20,32233635,CBFA2T2;CBFA2T2;CBFA2T2,20,32233635,CBFA2T2,1
8.762502665489155e-5,0.038812242771705266,1,-4.121885948743312,-0.013532693179842422,-0.00700405989292809,-0.020061326466756756,0.0032831313986182204,92,chr11,743738,cg23251042,-0.013532693179842422,8.762502665489155e-5,4.057371836916063,chr11,743738,,11,743738,NA,1
8.7626581489827e-5,0.038812242771705266,1,-4.121881032824143,-0.020900512299457667,-0.010817379456922627,-0.030983645141992706,0.00507062482711625,92,chr20,63984948,cg26734215,-0.020900512299457667,8.7626581489827e-5,4.057364130781553,chr20,62616301,PRPF6,20,63984948,PRPF6,1
8.773778394544405e-5,0.03884158886886443,1,-4.121529661519864,-0.04683962167131396,-0.024240635348826034,-0.06943860799380189,0.011364620788399537,92,chr11,76756513,cg00743102,-0.04683962167131396,8.773778394544405e-5,4.056813339071938,chr11,76467557,,11,76756513,NA,1
8.78660810027236e-5,0.03886612674404841,1,-4.121124807253304,-0.038591275636756066,-0.019970087942909626,-0.05721246333060251,0.009364257925126232,92,chr3,53127062,cg02957515,-0.038591275636756066,8.78660810027236e-5,4.0561787435412375,chr3,53161078,RFT1,3,53127062,RFT1,1
8.795208717207762e-5,0.03886612674404841,1,4.120853724240976,0.01902409934063324,0.028204273420767277,0.009843925260499204,0.004616543224702135,92,chr5,141420957,cg09207053,0.01902409934063324,8.795208717207762e-5,4.055753849935222,chr5,140800524,PCDHGA11;PCDHGA11;PCDHGA11;PCDHGA8;PCDHGB5;PCDHGA9;PCDHGB6;PCDHGA10;PCDHGB7;PCDHGA1;PCDHGA2;PCDHGA3;PCDHGB1;PCDHGA4;PCDHGB2;PCDHGA5;PCDHGB3;PCDHGA6;PCDHGA7;PCDHGB4,5,141420957,PCDHGA11,1
8.796100224065335e-5,0.03886612674404841,1,-4.120825639399618,-0.06799627666473369,-0.03518411038742868,-0.10080844294203871,0.01650064395217663,92,chr6,31867822,cg09788778,-0.06799627666473369,8.796100224065335e-5,4.055709830867574,chr6,31867822,ZBTB12,6,31867822,ZBTB12,1
8.797311573815565e-5,0.03886612674404841,1,-4.120787483040455,-0.07754366775670568,-0.0401239823769771,-0.11496335313643427,0.01881768183286447,92,chr8,125466828,cg20080878,-0.07754366775670568,8.797311573815565e-5,4.0556500263772275,chr8,126479070,,8,125466828,NA,1
8.802768115565146e-5,0.038870361127245026,1,-4.120615669795442,-0.027690099363708896,-0.014327331779656907,-0.041052866947760884,0.006719893720416663,92,chr13,24220113,cg04333123,-0.027690099363708896,8.802768115565146e-5,4.055380738272871,chr13,24794251,SPATA13;SPATA13;SPATA13,13,24220113,SPATA13,1
8.80919617584014e-5,0.03887887892617267,1,-4.120413397113844,-0.0690426687303437,-0.03572222396224676,-0.10236311349844066,0.01675624799654929,92,chr3,49004542,cg13892977,-0.0690426687303437,8.80919617584014e-5,4.055063718412446,chr3,49041975,P4HTM;P4HTM,3,49004542,P4HTM,1
8.829016693257171e-5,0.038925165764400964,1,-4.11979059430202,-0.027239678621978493,-0.01409164372580686,-0.040387713518150126,0.006611908542063525,92,chr12,112811466,cg11404775,-0.027239678621978493,8.829016693257171e-5,4.054087662047799,chr12,112811466,HECTD4,12,112811466,HECTD4,1
8.830856913912427e-5,0.038925165764400964,1,-4.119732838870742,-0.036802699957592944,-0.01903854151451223,-0.05456685840067366,0.00893327344199361,92,chr13,27593013,cg11428823,-0.036802699957592944,8.830856913912427e-5,4.053997152036603,chr13,27593013,,13,27593013,NA,1
8.834187250061653e-5,0.038925165764400964,1,-4.119628345493148,-0.052247776021517346,-0.027027851543023985,-0.0774677005000107,0.01268264310266632,92,chr14,87988716,cg18322600,-0.052247776021517346,8.834187250061653e-5,4.053833399643322,chr14,88455060,GALC;GALC;GALC,14,87988716,GALC,1
8.83770161149366e-5,0.038925165764400964,1,-4.119518119160109,-0.05458174996731328,-0.02823451474860449,-0.08092898518602207,0.013249547250065613,92,chr12,112327845,cg07574908,-0.05458174996731328,8.83770161149366e-5,4.053660665669109,chr12,112765649,HECTD4,12,112327845,HECTD4,1
8.843091488550589e-5,0.038929063657737996,1,-4.119349149993423,-0.10575110795451503,-0.05470174429153617,-0.1568004716174939,0.025671800108200075,92,chr11,72970937,cg08588453,-0.10575110795451503,8.843091488550589e-5,4.0533958818527696,chr11,72681982,FCHSD2,11,72970937,FCHSD2,1
8.84995836579325e-5,0.03893945632238782,1,-4.119134021203265,-0.04229418176415489,-0.021876392582754114,-0.06271197094555567,0.010267736263604282,92,chr1,110040535,cg24905077,-0.04229418176415489,8.84995836579325e-5,4.0530587724150315,chr1,110583157,STRIP1;STRIP1;STRIP1,1,110040535,STRIP1,1
8.864696485319192e-5,0.0389844539296771,1,-4.11867283974822,-0.05329559227747591,-0.02756392023790796,-0.07902726431704386,0.012939991679633856,92,chr15,28191760,cg03918239,-0.05329559227747591,8.864696485319192e-5,4.0523361294378635,chr15,28436906,HERC2,15,28191760,HERC2,1
8.872433046126335e-5,0.0389986305273457,1,-4.118431044243652,-0.08016863800557025,-0.041460104610005766,-0.11887717140113474,0.019465820149549982,92,chr2,190467274,cg15794584,-0.08016863800557025,8.872433046126335e-5,4.051957269276238,chr2,191332000,MFSD6,2,190467274,MFSD6,1
8.890990612229727e-5,0.03906033207696768,1,-4.11785187846771,-0.010886654122895512,-0.005629415195718672,-0.016143893050072352,0.002643770209371041,92,chr9,2196089,cg11266618,-0.010886654122895512,8.890990612229727e-5,4.051049848314679,chr9,2196089,,9,2196089,NA,1
8.900789417511223e-5,0.039083511060575,1,-4.11754653482195,-0.0464744967530825,-0.02402998357065759,-0.06891900993550742,0.011286939044901929,92,chr5,95642004,cg03310641,-0.0464744967530825,8.900789417511223e-5,4.050571473752251,chr5,94977708,,5,95642004,NA,1
8.927682091185866e-5,0.0391726425681419,1,-4.116710181434996,-0.07201897580316854,-0.037230879969006384,-0.1068070716373307,0.01749430312776215,92,chr9,127131086,cg13538079,-0.07201897580316854,8.927682091185866e-5,4.04926128306845,chr9,129893365,RALGPS1;RALGPS1;RALGPS1;RALGPS1,9,127131086,RALGPS1,1
8.930154169548823e-5,0.0391726425681419,1,-4.116633422203034,-0.08781924869890949,-0.04539818715447449,-0.13024031024334448,0.021332783294537954,92,chr14,69184113,cg02170785,-0.08781924869890949,8.930154169548823e-5,4.0491410434175705,chr14,69650830,,14,69184113,NA,1
8.959822101104526e-5,0.039282842152783756,1,-4.115713808894013,-0.0633501825189429,-0.032742058459830296,-0.09395830657805548,0.015392271051996823,92,chr20,35422703,cg21045547,-0.0633501825189429,8.959822101104526e-5,4.047700613248103,chr20,35422703,C20orf117;C20orf117,20,35422703,C20orf117,1
8.972851175070429e-5,0.0393200166766707,1,-4.11531087302367,-0.07196631161729879,-0.037191834556880576,-0.106740788677717,0.017487454493182068,92,chr12,110690132,cg22098683,-0.07196631161729879,8.972851175070429e-5,4.0470695354566075,chr12,111127937,HVCN1;HVCN1;HVCN1,12,110690132,HVCN1,1
8.98183176709224e-5,0.039339421617822064,1,-4.115033467449968,-0.027201678151327163,-0.014056806906269129,-0.0403465493963852,0.0066103175992353914,92,chr15,31270783,cg11513812,-0.027201678151327163,8.98183176709224e-5,4.0466350836874385,chr15,31562986,,15,31270783,NA,1
8.999891706508452e-5,0.03939382487064457,1,-4.114476412183277,-0.05007273746202802,-0.025872436428086922,-0.07427303849596911,0.012169892945250298,92,chr17,17352248,cg08770935,-0.05007273746202802,8.999891706508452e-5,4.045762716288316,chr17,17255562,,17,17352248,NA,1
9.004602377725367e-5,0.03939382487064457,1,-4.114331289168782,-0.10572646828284674,-0.054626753383908606,-0.15682618318178487,0.02569712083253428,92,chr17,78738958,cg10805054,-0.10572646828284674,9.004602377725367e-5,4.045535459854152,chr17,76735040,CYTH1;CYTH1,17,78738958,CYTH1,1
9.015989089211476e-5,0.03939382487064457,1,-4.113980796659066,-0.092592112558234907,-0.04783668161556357,-0.13734754350090625,0.022506695372381976,92,chr12,6235541,cg23663201,-0.092592112558234907,9.015989089211476e-5,4.044986622527402,chr12,6344707,CD9,12,6235541,CD9,1
9.025651213326883e-5,0.03939382487064457,1,4.113683721977951,0.12535743031113053,0.18595471904505295,0.06476014157720811,0.0304732786435161,92,chr12,58731457,cg25771639,0.12535743031113053,9.025651213326883e-5,4.044521453339058,chr12,58731457,,12,58731457,NA,1
9.026453181053815e-5,0.03939382487064457,1,-4.11365907817093,-0.08415034245911182,-0.043472154219251394,-0.12482853069897225,0.020456323885869477,92,chr22,36422728,cg14503079,-0.08415034245911182,9.026453181053815e-5,4.044482866130489,chr22,36818773,,22,36422728,NA,1
9.029775896965907e-5,0.03939382487064457,1,-4.113556996272092,-0.03814439252822912,-0.019704975173753105,-0.05658380988270513,0.009272848914649157,92,chr10,87926341,cg03784654,-0.03814439252822912,9.029775896965907e-5,4.0443230279720765,chr10,89686098,PTEN;PTEN;PTEN,10,87926341,PTEN,1
9.02979996926381e-5,0.03939382487064457,1,-4.113556256844429,-0.10481532960208219,-0.054146441542958716,-0.15548421766120565,0.025480465820221364,92,chr7,150954849,cg18666454,-0.10481532960208219,9.02979996926381e-5,4.044321870196698,chr7,150651937,KCNH2;KCNH2;KCNH2,7,150954849,KCNH2,1
9.03072226515091e-5,0.03939382487064457,1,-4.113527928151289,-0.07067363547674348,-0.03650898418662014,-0.10483828676686682,0.017180784161712447,92,chr8,29100411,cg08022000,-0.07067363547674348,9.03072226515091e-5,4.044277514002608,chr8,28957928,KIF13B,8,29100411,KIF13B,1
9.03831525919897e-5,0.03940705453010751,1,4.113294811899617,0.01576067597310494,0.023380045085404384,0.008141306860805494,0.0038316426839889667,92,chrX,112841220,cg18389752,0.01576067597310494,9.03831525919897e-5,4.043912514416343,chrX,112084448,AMOT,23,112841220,AMOT,1
9.04532742038071e-5,0.03941773969226844,1,-4.113079695237456,-0.024814853394419526,-0.012817689283750761,-0.03681201750508829,0.006033156474734175,92,chr9,127915270,cg13687735,-0.024814853394419526,9.04532742038071e-5,4.043575708042313,chr9,130677549,ST6GALNAC4;ST6GALNAC4,9,127915270,ST6GALNAC4,1
9.057041093596502e-5,0.03944889201166131,1,-4.1127207045351595,-0.08560099564353271,-0.04421212187430592,-0.1269898694127595,0.02081371476286712,92,chr17,81041756,cg17487617,-0.08560099564353271,9.057041093596502e-5,4.043013661772343,chr17,81041756,METRNL,17,81041756,METRNL,1
9.077907723774008e-5,0.0395067650220565,1,4.112082306095549,0.22606705553870893,0.3353895391265699,0.11674457195084795,0.05497629636537145,92,chr9,36154753,cg19097407,0.22606705553870893,9.077907723774008e-5,4.042014236140365,chr9,36154750,GLIPR2;GLIPR2;GLIPR2;GLIPR2;GLIPR2;GLIPR2;GLIPR2;GLIPR2;GLIPR2;GLIPR2;GLIPR2,9,36154753,GLIPR2,1
9.082851915030577e-5,0.0395067650220565,1,4.111931249110314,0.11060087709611278,0.16408769199910528,0.05711406219312029,0.026897550176706666,92,chr2,112640975,cg01563363,0.11060087709611278,9.082851915030577e-5,4.04177776640276,chr2,113398552,,2,112640975,NA,1
9.0840433278898e-5,0.0395067650220565,1,-4.111894860388564,-0.03198883618185456,-0.016518831365603417,-0.0474588409981057,0.007779585146987852,92,chr9,80537236,cg06217617,-0.03198883618185456,9.0840433278898e-5,4.04172080300596,chr9,80537236,GNAQ,9,80537236,GNAQ,1
9.093281046428049e-5,0.03952704729795217,1,-4.111612873004822,-0.08041705124491898,-0.04152418612104238,-0.11930991636879557,0.019558517236120312,92,chr1,155122719,cg01019262,-0.08041705124491898,9.093281046428049e-5,4.0412793859470675,chr1,155095195,,1,155122719,NA,1
9.100617641691337e-5,0.039539049453508564,1,-4.111389114780882,-0.09751806746329555,-0.05035190800747721,-0.1446842269191139,0.02371900706569167,92,chr1,40067100,cg15881027,-0.09751806746329555,9.100617641691337e-5,4.0409291319343215,chr1,40532772,CAP1;CAP1,1,40067100,CAP1,1
9.116867855535377e-5,0.03956185186722072,1,-4.110894117590416,-0.05200359573367811,-0.026848203528478266,-0.07715898793887796,0.012650190991579179,92,chr12,116660074,cg22335681,-0.05200359573367811,9.116867855535377e-5,4.040154340037262,chr12,117097879,,12,116660074,NA,1
9.11866876946903e-5,0.03956185186722072,1,-4.11083931222945,-0.0793292220812347,-0.040955254449985136,-0.11770318971248428,0.01929757308811269,92,chr2,177395422,cg25843927,-0.0793292220812347,9.11866876946903e-5,4.040068559508573,chr2,178260150,AGPS,2,177395422,AGPS,1
9.119600361915921e-5,0.03956185186722072,1,-4.110810966118036,-0.06100286908339155,-0.031493714650250165,-0.09051202351653294,0.014839619137485766,92,chr22,50651256,cg06605958,-0.06100286908339155,9.119600361915921e-5,4.040024192857713,chr22,50651256,SELO,22,50651256,SELO,1
9.127664043129861e-5,0.03956611146284174,1,-4.11056572400163,-0.05365344554373443,-0.027697907809371078,-0.07960898327809778,0.013052569681698914,92,chr8,125500692,cg03897489,-0.05365344554373443,9.127664043129861e-5,4.039640353131903,chr8,126512934,,8,125500692,NA,1
9.138410112551887e-5,0.03956611146284174,1,-4.110239225459918,-0.0958045086991085,-0.049454175666009605,-0.1421548417322074,0.023308742738298496,92,chr17,8862594,cg06223015,-0.0958045086991085,9.138410112551887e-5,4.03912935562354,chr17,8765911,PIK3R6;PIK3R6;PIK3R6,17,8862594,PIK3R6,1
9.138779326443786e-5,0.03956611146284174,1,4.110228014168883,0.08888649970360558,0.13189000921558794,0.04588299019162322,0.021625685825018406,92,chr3,14823998,cg17294228,0.08888649970360558,9.138779326443786e-5,4.039111809429532,chr3,14865505,FGD5,3,14823998,FGD5,1
9.14225757573771e-5,0.03956611146284174,1,4.110122417447841,0.07807570293240654,0.11584989255739017,0.0403015133074229,0.018995955595134617,92,chr17,64278953,cg12578602,0.07807570293240654,9.14225757573771e-5,4.038946546977369,chr17,62356313,,17,64278953,NA,1
9.145205044993009e-5,0.03956611146284174,1,-4.110032964986309,-0.042595704782073376,-0.02198681893725733,-0.06320459062688942,0.010363835313475464,92,chr2,58757812,cg17118867,-0.042595704782073376,9.145205044993009e-5,4.03880655274517,chr2,58984947,LINC01122,2,58757812,LINC01122,1
9.14805389593009e-5,0.03956611146284174,1,-4.109946531816728,-0.08557236856698842,-0.0441694085221168,-0.12697532861186006,0.020820798495683274,92,chr19,42989522,cg24271951,-0.08557236856698842,9.14805389593009e-5,4.038671285403715,chr19,42989522,LIPE-AS1;LIPE-AS1,19,42989522,LIPE-AS1,1
9.175096946193191e-5,0.03963790405515754,1,-4.109127340985865,-0.08777368742506163,-0.045297184526338914,-0.13025019032378435,0.021360663747160214,92,chr1,235244966,cg04787222,-0.08777368742506163,9.175096946193191e-5,4.0373893381958394,chr1,235408281,ARID4B;ARID4B;ARID4B,1,235244966,ARID4B,1
9.176803491132941e-5,0.03963790405515754,1,-4.109075724035675,-0.03113172711914168,-0.01606589649062612,-0.04619755774765724,0.007576333270530741,92,chr8,42741529,cg16957374,-0.03113172711914168,9.176803491132941e-5,4.037308568026546,chr8,42596672,,8,42741529,NA,1
9.178413752947426e-5,0.03963790405515754,1,-4.109027027769475,-0.06749803225446427,-0.03483277184969506,-0.10016329265923347,0.01642676765041981,92,chr9,7593062,cg09993605,-0.06749803225446427,9.178413752947426e-5,4.037232368675381,chr9,7593062,,9,7593062,NA,1
9.195219305701664e-5,0.03969064512218134,1,-4.108519297031781,-0.06602313773908822,-0.0340676949607382,-0.09797858051743824,0.01606981322609022,92,chr16,4834191,cg08348441,-0.06602313773908822,9.195219305701664e-5,4.036437908392157,chr16,4884192,GLYR1;GLYR1,16,4834191,GLYR1,1
9.222509772588257e-5,0.03978856847229999,1,-4.107696692436989,-0.04485066614377526,-0.02313843069303642,-0.0665629015945141,0.010918689840550649,92,chr8,100334601,cg19366267,-0.04485066614377526,9.222509772588257e-5,4.03515087590285,chr8,101346829,RNF19A,8,100334601,RNF19A,1
9.23660702235093e-5,0.039829503151589826,1,-4.107272681250877,-0.053401202582621106,-0.027546978343645567,-0.07925542682159664,0.013001620960397905,92,chr3,156819071,cg27402634,-0.053401202582621106,9.23660702235093e-5,4.03448753333449,chr3,156536860,,3,156819071,NA,1
9.24312655758148e-5,0.0398342241809783,1,-4.1070767997086275,-0.032447865987451883,-0.01673746296947213,-0.04815826900543164,0.0079004770472648235,92,chr16,8994445,cg17759562,-0.032447865987451883,9.24312655758148e-5,4.0341811005300965,chr16,8994445,USP7;USP7;USP7,16,8994445,USP7,1
9.246921109601376e-5,0.0398342241809783,1,-4.106962852299199,-0.040808975539612116,-0.02104979505270772,-0.06056815602651651,0.00993653388336981,92,chr7,99503579,cg20323725,-0.040808975539612116,9.246921109601376e-5,4.0340028475524585,chr7,99101202,ZKSCAN5;ZKSCAN5,7,99503579,ZKSCAN5,1
9.293788267775841e-5,0.0400161719938965,1,-4.105559162184114,-0.11054892301784226,-0.0570042572988887,-0.16409358873679583,0.026926642303951455,92,chr7,137501840,cg26703587,-0.11054892301784226,9.293788267775841e-5,4.031807225894598,chr7,137501840,DGKI,7,137501840,DGKI,1
9.322065124049581e-5,0.0401179343679168,1,4.104715546201722,0.11149821850199759,0.16551377721246502,0.05748265979153016,0.027163445858062418,92,chr18,49055794,cg13792713,0.11149821850199759,9.322065124049581e-5,4.030487867406804,chr18,46582164,DYM,18,49055794,DYM,1
9.333259715535195e-5,0.04014611771876142,1,-4.104382244499855,-0.06743781917355261,-0.034764765385592915,-0.1001108729615123,0.016430686801631053,92,chr16,88491657,cg09535526,-0.06743781917355261,9.333259715535195e-5,4.029966648941328,chr16,88558065,ZFPM1,16,88491657,ZFPM1,1
9.339157429358434e-5,0.04015150035271119,1,-4.104206803670426,-0.07992163876779945,-0.04119862462290097,-0.11864465291269793,0.019473102256037603,92,chr17,15944098,cg07677850,-0.07992163876779945,9.339157429358434e-5,4.029692303672092,chr17,15847412,ADORA2B,17,15944098,ADORA2B,1
9.351147568478261e-5,0.04017400067439366,1,-4.103850457942352,-0.024107822812711985,-0.012426272755920221,-0.03578937286950375,0.0058744398851218165,92,chr13,95716274,cg16758532,-0.024107822812711985,9.351147568478261e-5,4.029135089440229,chr13,96368528,DNAJC3,13,95716274,DNAJC3,1
9.357696109102294e-5,0.04017400067439366,1,-4.10365602135035,-0.03346453827781941,-0.017248382872662418,-0.049680693682976396,0.008154810759895893,92,chr6,31803067,cg24198896,-0.03346453827781941,9.357696109102294e-5,4.02883106261498,chr6,31770844,LSM2,6,31803067,LSM2,1
9.36432254979731e-5,0.04017400067439366,1,-4.103459404855823,-0.07881073028276517,-0.04061900999907153,-0.1170024505664588,0.019205924198861236,92,chr5,168826611,cg21119678,-0.07881073028276517,9.36432254979731e-5,4.028523635643444,chr5,168253616,SLIT3;SLIT3,5,168826611,SLIT3,1
9.366085851288495e-5,0.04017400067439366,1,-4.103407107565871,-0.022407134195942674,-0.011548487091437076,-0.03326578130044827,0.0054606168992173245,92,chr8,17605582,cg21886807,-0.022407134195942674,9.366085851288495e-5,4.028441865711533,chr8,17463091,PDGFRL,8,17605582,PDGFRL,1
9.367635712108892e-5,0.04017400067439366,1,-4.103361148469461,-0.02635202408401073,-0.013581513921187742,-0.03912253424683372,0.006422058193400778,92,chr1,40516985,cg17962089,-0.02635202408401073,9.367635712108892e-5,4.028370006417449,chr1,40982657,,1,40516985,NA,1
9.376971621479255e-5,0.040194091173832054,1,4.103084458786201,0.1127263982577509,0.16735866054578113,0.05809413596972065,0.02747357491419962,92,chr2,149627973,cg08396387,0.1127263982577509,9.376971621479255e-5,4.027937398341302,chr2,149627973,,2,149627973,NA,1
9.420043950280383e-5,0.040326792621507276,1,4.101811336893091,0.09737956659461264,0.14458871503035198,0.0501704181588733,0.023740625444848618,92,chr8,20112025,cg27479358,0.09737956659461264,9.420043950280383e-5,4.025947070952375,chr8,19969536,,8,20112025,NA,1
9.420867217328408e-5,0.040326792621507276,1,-4.101787057486738,-0.07318782339901167,-0.03770650641347171,-0.10866914038455164,0.017842911485477158,92,chr14,79092480,cg18818949,-0.07318782339901167,9.420867217328408e-5,4.025909117338228,chr14,79558823,NRXN3,14,79092480,NRXN3,1
9.425762541662196e-5,0.040326792621507276,1,-4.101642728971754,-0.05232841159220014,-0.02695880493264664,-0.07769801825175364,0.012757915559680746,92,chr8,65789975,cg18307442,-0.05232841159220014,9.425762541662196e-5,4.025683505393781,chr8,66702210,PDE7A;PDE7A,8,65789975,PDE7A,1
9.426596373721833e-5,0.040326792621507276,1,-4.101618152338447,-0.08962046551559154,-0.046170845833334605,-0.13307008519784846,0.02185002654732655,92,chr4,3042025,cg06421590,-0.08962046551559154,9.426596373721833e-5,4.025645088062115,chr4,3043752,,4,3042025,NA,1
9.43393160874441e-5,0.040336541595832505,1,4.1014020412599335,0.11219742980546266,0.16659563557731263,0.057799224033612685,0.02735587213269053,92,chr1,232590997,cg01488842,0.11219742980546266,9.43393160874441e-5,4.025307276495297,chr1,232726743,,1,232590997,NA,1
9.438969025487566e-5,0.040336541595832505,1,4.101253722137498,0.0381497507631362,0.05664708217981241,0.019652419346459997,0.009301972847281747,92,chr2,39129020,cg24480540,0.0381497507631362,9.438969025487566e-5,4.025075439069884,chr2,39356161,,2,39129020,NA,1
9.448628745380042e-5,0.040336541595832505,1,-4.100969518969701,-0.10684018318563214,-0.055033940810564445,-0.15864642556069983,0.026052420699891943,92,chr7,44067905,cg04321303,-0.10684018318563214,9.448628745380042e-5,4.024631214932681,chr7,44107504,,7,44067905,NA,1
9.45228584788369e-5,0.040336541595832505,1,4.100861994500489,0.09816255106064935,0.14576230333226267,0.05056279878903602,0.02393705303721301,92,chr2,65366774,cg09884146,0.09816255106064935,9.45228584788369e-5,4.024463153281582,chr2,65593908,SPRED2;SPRED2;SPRED2,2,65366774,SPRED2,1
9.45472550413967e-5,0.040336541595832505,1,4.100790287063636,0.07141736468821619,0.10604878241244464,0.03678594696398773,0.01741551254486473,92,chr12,1510194,cg09290723,0.07141736468821619,9.45472550413967e-5,4.024351075361295,chr12,1619360,,12,1510194,NA,1
9.45688180703819e-5,0.040336541595832505,1,-4.10072692287473,-0.07447421095283427,-0.03835992175602725,-0.11058850014964128,0.018161221742760098,92,chr12,122468231,cg07732400,-0.07447421095283427,9.45688180703819e-5,4.024252038781401,chr12,122952778,,12,122468231,NA,1
9.463336905644651e-5,0.040344161389672596,1,-4.1005373190924175,-0.056818132627572474,-0.029264415353475078,-0.08437184990166988,0.013856265217493053,92,chr21,34096277,cg11949606,-0.056818132627572474,9.463336905644651e-5,4.023955698252122,chr21,34096277,SYNJ1;SYNJ1;SYNJ1;SYNJ1,21,34096277,SYNJ1,1
9.478547797451787e-5,0.04038543102875685,1,-4.100091024949727,-0.09538732340239359,-0.04912460222019369,-0.1416500445845935,0.023264684325773763,92,chr8,26386085,cg22816343,-0.09538732340239359,9.478547797451787e-5,4.023258195558996,chr8,26243601,BNIP3L,8,26386085,BNIP3L,1
9.482364162479245e-5,0.04038543102875685,1,-4.0999791591616495,-0.043791755637783945,-0.02255223464893032,-0.06503127662663757,0.010680970301990108,92,chr12,29154831,cg08882646,-0.043791755637783945,9.482364162479245e-5,4.023083369970624,chr12,29307764,FAR2,12,29154831,FAR2,1
9.507367657919092e-5,0.0404599394185785,1,-4.099247322054054,-0.07024956750635446,-0.036171611051461626,-0.10432752396124728,0.017137186899753527,92,chr9,120844397,cg14255062,-0.07024956750635446,9.507367657919092e-5,4.021939711231709,chr9,123606675,PSMD5;LOC253039,9,120844397,PSMD5,1
9.509222562596965e-5,0.0404599394185785,1,-4.099193103845445,-0.07455601498643061,-0.03838852916013255,-0.11072350081272866,0.01818797336395052,92,chr13,40220691,cg02745605,-0.07455601498643061,9.509222562596965e-5,4.0218549878549865,chr13,40794828,LINC00548,13,40220691,LINC00548,1
9.526279997910828e-5,0.04050898906108272,1,4.098694996969689,0.08054256123776095,0.11961889809291029,0.0414662243826116,0.0196507818457604,92,chr5,137688474,cg09530650,0.08054256123776095,9.526279997910828e-5,4.021076657785531,chr5,137024163,KLHL3,5,137688474,KLHL3,1
9.53420934831701e-5,0.04050898906108272,1,-4.098463737866149,-0.07489112318195192,-0.038554609413304325,-0.1112276369505995,0.018272974453823938,92,chr2,143158386,cg23010925,-0.07489112318195192,9.53420934831701e-5,4.020715316241504,chr2,143915955,ARHGAP15,2,143158386,ARHGAP15,1
9.535767174629733e-5,0.04050898906108272,1,-4.098418325664895,-0.07042405273382642,-0.036254543618646086,-0.10459356184900676,0.01718322707392281,92,chr6,32182286,cg04933135,-0.07042405273382642,9.535767174629733e-5,4.020644361212056,chr6,32150063,AGER;AGER,6,32182286,AGER,1
9.545263994422449e-5,0.04050898906108272,1,-4.098141637947803,-0.01822472717916079,-0.009381554979252334,-0.027067899379069248,0.004447071084709277,92,chr8,69748153,cg25298078,-0.01822472717916079,9.545263994422449e-5,4.020212055773673,chr8,70660388,SLCO5A1;SLCO5A1;SLCO5A1,8,69748153,SLCO5A1,1
9.545349696126131e-5,0.04050898906108272,1,-4.098139142252515,-0.017998968205241196,-0.009265335562874457,-0.026732600847607937,0.004391985625785312,92,chr16,1370040,cg21168093,-0.017998968205241196,9.545349696126131e-5,4.0202081564986045,chr16,1420041,UNKL;UNKL;UNKL,16,1370040,UNKL,1
9.548876900987962e-5,0.04050898906108272,1,-4.098036446184708,-0.07289419909500418,-0.03752288762538369,-0.10826551056462466,0.01778759170452694,92,chr9,92735702,cg13587621,-0.07289419909500418,9.548876900987962e-5,4.020047705315346,chr9,95497984,BICD2;BICD2,9,92735702,BICD2,1
9.568234599799394e-5,0.04057119266872348,1,-4.097473486775234,-0.06515384379077832,-0.033534132471682146,-0.0967735551098745,0.015900979957787418,92,chr21,45122933,cg10537253,-0.06515384379077832,9.568234599799394e-5,4.0191681849286915,chr21,46542848,ADARB1;ADARB1;ADARB1;ADARB1;ADARB1;ADARB1;ADARB1;ADARB1,21,45122933,ADARB1,1
9.575637048237867e-5,0.040582667515982586,1,-4.097258498476381,-0.045717192487030045,-0.023529088221338108,-0.06790529675272199,0.01115799564612059,92,chr1,230237192,cg15487498,-0.045717192487030045,9.575637048237867e-5,4.018832323643291,chr1,230372938,GALNT2,1,230237192,GALNT2,1
9.58649882777023e-5,0.04060069683719778,1,-4.096943330229266,-0.06710733690297722,-0.03453536449428642,-0.09967930931166802,0.01637985480732092,92,chr2,38600322,cg14563948,-0.06710733690297722,9.58649882777023e-5,4.0183399765009575,chr2,38827464,HNRNPLL;HNRNPLL,2,38600322,HNRNPLL,1
9.59388002409842e-5,0.04060069683719778,1,-4.096729351271798,-0.03741102608307928,-0.019251840924943395,-0.05557021124121517,0.009131925220167479,92,chr7,5672151,cg10133916,-0.03741102608307928,9.59388002409842e-5,4.018005716889281,chr7,5711782,RNF216-IT1;RNF216;RNF216,7,5672151,RNF216-IT1,1
9.593986120677597e-5,0.04060069683719778,1,-4.0967262767131105,-0.09440804624033107,-0.04858266644690924,-0.14023342603375288,0.023044753264813346,92,chr6,25753962,cg21627181,-0.09440804624033107,9.593986120677597e-5,4.0180009141500355,chr6,25754190,SLC17A4,6,25753962,SLC17A4,1
9.603968769502025e-5,0.040612010435450346,1,-4.096437136924138,-0.09476948046418923,-0.048765414706216405,-0.14077354622216207,0.023134611199074354,92,chr8,133533809,cg00736681,-0.09476948046418923,9.603968769502025e-5,4.017549260865634,chr8,134546052,ST3GAL1;ST3GAL1,8,133533809,ST3GAL1,1
9.609216099564417e-5,0.040612010435450346,1,-4.096285267806272,-0.10202658503400086,-0.05249785785475338,-0.15155531221324833,0.024907099570396926,92,chr10,50504012,cg03585110,-0.10202658503400086,9.609216099564417e-5,4.01731203975284,chr10,52263772,SGMS1,10,50504012,SGMS1,1
9.613708635911172e-5,0.040612010435450346,1,-4.096155307366347,-0.030632147039436484,-0.01576132303748801,-0.045502971041384954,0.007478267971028581,92,chr8,117959568,cg14079772,-0.030632147039436484,9.613708635911172e-5,4.017109044234986,chr8,118971807,EXT1,8,117959568,EXT1,1
9.615458085028028e-5,0.040612010435450346,1,-4.096104714954023,-0.10463061407597567,-0.05383552409633765,-0.15542570405561368,0.02554393047960692,92,chr10,124961533,cg11043888,-0.10463061407597567,9.615458085028028e-5,4.017030020935543,chr10,126650102,ZRANB1,10,124961533,ZRANB1,1
9.634245755216762e-5,0.04067148381955093,1,-4.095561950194305,-0.05806830551122543,-0.02987411279351169,-0.08626249822893917,0.014178348714385952,92,chr16,79611098,cg10696524,-0.05806830551122543,9.634245755216762e-5,4.0161822796768405,chr16,79644995,,16,79611098,NA,1
9.640168470614383e-5,0.04067661554794121,1,-4.095391057269655,-0.06917976730597526,-0.035589169754567,-0.10277036485738353,0.01689210293683078,92,chr14,61768487,cg24076840,-0.06917976730597526,9.640168470614383e-5,4.015915376344175,chr14,62235205,SNAPC1,14,61768487,SNAPC1,1
9.660310609589785e-5,0.0407417117320558,1,-4.09481063379955,-0.09920386922009508,-0.05102808431503347,-0.1473796541251567,0.024226729412403725,92,chr1,202576461,cg24376793,-0.09920386922009508,9.660310609589785e-5,4.015008909416579,chr1,202545589,PPP1R12B;PPP1R12B;PPP1R12B;PPP1R12B,1,202576461,PPP1R12B,1
9.696124949660851e-5,0.04084547757998531,1,4.0937814605765155,0.0637674919973675,0.09474230490630381,0.032792679088431205,0.0155766722311521,92,chr3,142886969,cg19377661,0.0637674919973675,9.696124949660851e-5,4.013401796581401,chr3,142605811,PCOLCE2,3,142886969,PCOLCE2,1
9.69757532062661e-5,0.04084547757998531,1,-4.093739859218246,-0.10416458643574596,-0.053566526772331,-0.1547626460991609,0.025444847503240612,92,chr16,11635275,cg08776942,-0.10416458643574596,9.69757532062661e-5,4.013336838569311,chr16,11729131,,16,11635275,NA,1
9.701009075674855e-5,0.04084547757998531,1,-4.093641391779058,-0.03739391325460869,-0.0192293428398517,-0.05555848366936568,0.009134633368155788,92,chr2,55088135,cg18115244,-0.03739391325460869,9.701009075674855e-5,4.013183089114735,chr2,55315271,,2,55088135,NA,1
9.70434505496334e-5,0.04084547757998531,1,-4.093545760256952,-0.07175274187208128,-0.03689711786308608,-0.10660836588107647,0.017528261823455796,92,chr1,24927638,cg03769939,-0.07175274187208128,9.70434505496334e-5,4.013033769766967,chr1,25254129,RUNX3;RUNX3,1,24927638,RUNX3,1
9.708547911627795e-5,0.04084547757998531,1,4.093425323178555,0.1397364028607167,0.2076187261637633,0.07185407955767008,0.03413679054298981,92,chr5,32391029,cg11814087,0.1397364028607167,9.708547911627795e-5,4.012845721804279,chr5,32391135,ZFR,5,32391029,ZFR,1
9.730456213444525e-5,0.04090848287610793,1,-4.092798328882705,-0.04855671275183579,-0.024964811450213203,-0.07214861405345838,0.011863939742442993,92,chr1,26849894,cg13333788,-0.04855671275183579,9.730456213444525e-5,4.01186679731266,chr1,27176385,ZDHHC18,1,26849894,ZDHHC18,1
9.732991509974856e-5,0.04090848287610793,1,-4.092725858751256,-0.06885012881361957,-0.035397818861209816,-0.10230243876602932,0.016822560608695802,92,chr1,94950093,cg06553089,-0.06885012881361957,9.732991509974856e-5,4.011753655456706,chr1,95415649,LOC729970,1,94950093,LOC729970,1
9.755259544554209e-5,0.04098214412224409,1,-4.092090116766316,-0.0316061769237453,-0.016247253043304315,-0.04696510080418629,0.0077237245568583385,92,chr2,212968853,cg09731313,-0.0316061769237453,9.755259544554209e-5,4.010761171449554,chr2,213833577,,2,212968853,NA,1
9.764974478666744e-5,0.040985981244424555,1,-4.091813196697124,-0.034087865781564045,-0.01752185182360271,-0.050653879739525384,0.008330748287600097,92,chr16,335053,cg24110648,-0.034087865781564045,9.764974478666744e-5,4.010328887428732,chr16,385053,AXIN1;AXIN1,16,335053,AXIN1,1
9.76565874779786e-5,0.040985981244424555,1,-4.09179370187692,-0.08786889486742079,-0.04516618407386812,-0.13057160566097348,0.021474419599188253,92,chr10,6178980,cg24202817,-0.08786889486742079,9.76565874779786e-5,4.010298455818608,chr10,6220943,PFKFB3,10,6178980,PFKFB3,1
9.78542238451077e-5,0.0410489918661153,1,-4.091231201755529,-0.06561451838608809,-0.03372265221233049,-0.09750638455984569,0.0160378417034787,92,chr5,177347728,cg15344640,-0.06561451838608809,9.78542238451077e-5,4.009420423424154,chr5,176774729,LMAN2,5,177347728,LMAN2,1
9.817726776411755e-5,0.0411645231891789,1,4.090314120717125,0.1500772587158499,0.22303850391700192,0.07711601351469788,0.03669088834906839,92,chr2,236872148,cg13933685,0.1500772587158499,9.817726776411755e-5,4.007989058317613,chr2,237780791,,2,236872148,NA,1
9.828181523417775e-5,0.0411870898366629,1,-4.090017944534977,-0.07101312410049843,-0.03648703268440371,-0.10553921551659315,0.017362545852735226,92,chr22,31774993,cg12279650,-0.07101312410049843,9.828181523417775e-5,4.0075268308355625,chr22,32170979,DEPDC5;DEPDC5;DEPDC5;DEPDC5;DEPDC5;DEPDC5,22,31774993,DEPDC5,1
9.832641286837913e-5,0.0411870898366629,1,-4.089891694436366,-0.06291515238118871,-0.03232529474907593,-0.09350501001330148,0.015383085196797406,92,chr8,140036610,cg16118491,-0.06291515238118871,9.832641286837913e-5,4.007329804424626,chr8,141046707,TRAPPC9;TRAPPC9,8,140036610,TRAPPC9,1
9.83858728629098e-5,0.04119202946038238,1,-4.0897234564806615,-0.07678471135575773,-0.03944982582850467,-0.1141195968830108,0.01877503752340102,92,chr6,143965620,cg12368246,-0.07678471135575773,9.83858728629098e-5,4.0070672570376225,chr6,144286757,PLAGL1;PLAGL1;PLAGL1;PLAGL1;PLAGL1;PLAGL1;PLAGL1;PLAGL1;PLAGL1;PLAGL1;PLAGL1;PLAGL1;PLAGL1;PLAGL1;PLAGL1;PLAGL1;PLAGL1;PLAGL1;PLAGL1;PLAGL1;PLAGL1,6,143965620,PLAGL1,1
9.85392998349637e-5,0.04123628718207436,1,-4.089289796288658,-0.051423309537879415,-0.026417199069561147,-0.07642942000619768,0.012575119910687176,92,chr14,50242813,cg19743728,-0.051423309537879415,9.85392998349637e-5,4.006390527903326,chr14,50709531,L2HGDH,14,50242813,L2HGDH,1
9.893962093123073e-5,0.04138377120375843,1,-4.088161339100964,-0.03991383949811909,-0.02049919287351218,-0.059328486122725996,0.009763274046052357,92,chr1,6268895,cg18324862,-0.03991383949811909,9.893962093123073e-5,4.004629757887242,chr1,6328955,ACOT7;ACOT7;ACOT7;ACOT7,1,6268895,ACOT7,1
9.902382038718336e-5,0.04139895134747232,1,-4.087924549384804,-0.07455819489752653,-0.038289951311154986,-0.11082643848389809,0.018238642616030393,92,chr22,25663896,cg00711785,-0.07455819489752653,9.902382038718336e-5,4.004260322388839,chr22,26059863,ADRBK2,22,25663896,ADRBK2,1
9.90957798882178e-5,0.041409002118937714,1,-4.087722334709426,-0.08273341514509448,-0.042486409525210066,-0.12298042076497889,0.020239489958159197,92,chr9,34222186,cg06319505,-0.08273341514509448,9.90957798882178e-5,4.0039448400685576,chr9,34222184,UBAP1;UBAP1;UBAP1;UBAP1;UBAP1;UBAP1,9,34222186,UBAP1,1
9.915144001426699e-5,0.04141223547182642,1,4.087566019940732,0.1281475445443888,0.19048937062743695,0.06580571846134062,0.03135057487004133,92,chr1,181043356,cg01441127,0.1281475445443888,9.915144001426699e-5,4.003700973988092,chr1,181012492,MR1,1,181043356,MR1,1
9.93204417303688e-5,0.04142227597451164,1,-4.087091915040183,-0.0732730713312797,-0.03762270461071579,-0.1089234380518436,0.01792792353449171,92,chr10,120850791,cg13596132,-0.0732730713312797,9.93204417303688e-5,4.002961357576645,chr10,122610303,WDR11;WDR11-AS1;MIR5694,10,120850791,WDR11,1
9.936341249225458e-5,0.04142227597451164,1,4.086971491638342,0.021587573699249345,0.032091126799445334,0.011084020599053354,0.005282046557803502,92,chr7,129785343,cg01894183,0.021587573699249345,9.936341249225458e-5,4.002773501697423,chr7,129425183,,7,129785343,NA,1
9.942211438415029e-5,0.04142227597451164,1,-4.0868070633730635,-0.10998580647734571,-0.056469452365421835,-0.16350216058926959,0.02691240490970681,92,chr21,29130762,cg12141090,-0.10998580647734571,9.942211438415029e-5,4.002517005071444,chr21,30503083,MAP3K7CL;MAP3K7CL;MAP3K7CL;MAP3K7CL;MAP3K7CL;MAP3K7CL;MAP3K7CL;MAP3K7CL,21,29130762,MAP3K7CL,1
9.94561241481254e-5,0.04142227597451164,1,-4.08671184222131,-0.08480580695230927,-0.04354045200501845,-0.1260711618996001,0.02075159938514616,92,chr12,70251580,cg19390271,-0.08480580695230927,9.94561241481254e-5,4.0023684694339785,chr12,70645360,CNOT2,12,70251580,CNOT2,1
9.945632016886472e-5,0.04142227597451164,1,-4.08671129348958,-0.03635134636046653,-0.018663272091739885,-0.054039420629193174,0.008895012089152663,92,chr17,329760,cg27239408,-0.03635134636046653,9.945632016886472e-5,4.0023676134721935,chr17,179551,RPH3AL;RPH3AL;RPH3AL;RPH3AL;LOC100506388;LOC100506388,17,329760,RPH3AL,1
9.946308363240686e-5,0.04142227597451164,1,-4.086692360787319,-0.22293809083454874,-0.11445892372156478,-0.3314172579475327,0.05455220778879444,92,chr7,2972073,cg03227775,-0.22293809083454874,9.946308363240686e-5,4.002338080557456,chr7,2972073,CARD11,7,2972073,CARD11,1
9.961430748301462e-5,0.04143489308124426,1,-4.086269368387948,-0.11839982390552843,-0.060781837762857414,-0.17601781004819944,0.028975041347369057,92,chr22,30153759,cg16465403,-0.11839982390552843,9.961430748301462e-5,4.001678279902893,chr22,30549748,HORMAD2,22,30153759,HORMAD2,1
9.963561230815002e-5,0.04143489308124426,1,-4.086209825660896,-0.062483231454757523,-0.03207600359314709,-0.09289045931636795,0.015291243993974685,92,chr2,160941853,cg02494549,-0.062483231454757523,9.963561230815002e-5,4.00158540590787,chr2,161798364,,2,160941853,NA,1
9.963722565338687e-5,0.04143489308124426,1,-4.086205317181728,-0.06991290730827526,-0.03589001830202566,-0.10393579631452488,0.017109494477505715,92,chr8,127809848,cg02678221,-0.06991290730827526,9.963722565338687e-5,4.001578373670652,chr8,128822094,,8,127809848,NA,1
9.971580143962094e-5,0.04144762349478178,1,-4.085985822681139,-0.030680362039740082,-0.015749061566868647,-0.04561166251261152,0.007508680492583859,92,chr7,35754058,cg14599125,-0.030680362039740082,9.971580143962094e-5,4.00123601586814,chr7,35793668,,7,35754058,NA,1
9.985319673231317e-5,0.04148477868395283,1,-4.085602420105608,-0.10536700453755278,-0.054082927717604395,-0.15665108135750117,0.025789833102465503,92,chr1,117611322,cg02290349,-0.10536700453755278,9.985319673231317e-5,4.0006380269276764,chr1,118153944,FAM46C,1,117611322,FAM46C,1
9.993662134237263e-5,0.04149948640377414,1,-4.085369870341832,-0.11544359152846588,-0.05925185439284437,-0.1716353286640874,0.02825780656154064,92,chr3,122468083,cg17501987,-0.11544359152846588,9.993662134237263e-5,4.000275337274534,chr3,122186930,KPNA1;KPNA1,3,122468083,KPNA1,1
1.0010052059190779e-4,0.041524461263996386,1,-4.084913536619249,-0.060986549034988104,-0.031298257835579574,-0.09067484023439663,0.014929703771762502,92,chr1,226515699,cg24168835,-0.060986549034988104,1.0010052059190779e-4,3.999563663883269,chr1,226515699,,1,226515699,NA,1
1.001079622022213e-4,0.041524461263996386,1,-4.084892834481003,-0.07793925959609918,-0.03999818573515363,-0.11588033345704474,0.019079878653903922,92,chr10,42981547,cg19396218,-0.07793925959609918,1.001079622022213e-4,3.9995313790344755,chr10,43476995,LINC01264,10,42981547,LINC01264,1
1.0015321062325769e-4,0.041524461263996386,1,-4.084766987754003,-0.059501073515953545,-0.030534873571493384,-0.0884672734604137,0.014566577162010905,92,chr14,106235716,cg07881458,-0.059501073515953545,1.0015321062325769e-4,3.9993351239179384,chr14,106692325,,14,106235716,NA,1
1.0020960024959843e-4,0.041524461263996386,1,-4.084610231089481,-0.04243543631635393,-0.02177630474677565,-0.0630945678859322,0.010389102978140266,92,chr12,94218546,cg04964935,-0.04243543631635393,1.0020960024959843e-4,3.9990906703280107,chr12,94612322,PLXNC1,12,94218546,PLXNC1,1
1.003029788823598e-4,0.041524461263996386,1,4.084350835510414,0.07969820453724724,0.1185006867230908,0.04089572235140367,0.019513065294080565,92,chr12,214321,cg14044711,0.07969820453724724,1.003029788823598e-4,3.9986861687446864,chr12,323487,SLC6A12;SLC6A12;SLC6A12;SLC6A12,12,214321,SLC6A12,1
1.0032374273311195e-4,0.041524461263996386,1,-4.0842931873453026,-0.07075480535958852,-0.036306089211353705,-0.10520352150782333,0.017323635232361353,92,chr5,134107675,cg15662508,-0.07075480535958852,1.0032374273311195e-4,3.998596274180649,chr5,133443366,,5,134107675,NA,1
1.0035590560444476e-4,0.041524461263996386,1,-4.084203913888301,-0.0695540998476014,-0.03568923648162027,-0.10341896321358253,0.01703002624601658,92,chr7,65907514,cg26891733,-0.0695540998476014,1.0035590560444476e-4,3.9984570656682035,chr7,65907514,,7,65907514,NA,1
1.0038118245457795e-4,0.041524461263996386,1,-4.084133773028133,-0.09744841571343747,-0.05000140732598104,-0.1448954241008939,0.023860240905181098,92,chr13,44195946,cg15128633,-0.09744841571343747,1.0038118245457795e-4,3.99834769278951,chr13,44770082,,13,44195946,NA,1
1.0043388245783741e-4,0.04152638296349527,1,-4.083987590071163,-0.0964154169460678,-0.04946968870742635,-0.14336114518470924,0.02360815620019741,92,chr8,22516484,cg09561822,-0.0964154169460678,1.0043388245783741e-4,3.998119748524997,chr8,22516484,BIN3,8,22516484,BIN3,1
1.0056650234579934e-4,0.04155443042444726,1,-4.083620045548841,-0.09083899554394038,-0.04660450734521345,-0.1350734837426673,0.022244722704541326,92,chr4,3041800,cg01807241,-0.09083899554394038,1.0056650234579934e-4,3.9975466541605598,chr4,3043527,,4,3041800,NA,1
1.0063212173975715e-4,0.04155443042444726,1,-4.083438359248744,-0.027462433223490647,-0.014088873541103941,-0.040835992905877354,0.00672532087114524,92,chr17,82118502,cg16920238,-0.027462433223490647,1.0063212173975715e-4,3.997263370496552,chr17,80076378,CCDC57,17,82118502,CCDC57,1
1.0064597765019131e-4,0.04155443042444726,1,-4.083400009701023,-0.041485211628116296,-0.02128269863077937,-0.06168772462545322,0.01015947777086716,92,chr16,15101407,cg22048833,-0.041485211628116296,1.0064597765019131e-4,3.9972035771512147,chr16,15101407,PDXDC1;PDXDC1;PDXDC1;PDXDC1;PDXDC1;PDXDC1;PDXDC1,16,15101407,PDXDC1,1
1.0077996621059617e-4,0.04157526912344169,1,-4.083029425744178,-0.0730638010811853,-0.03747988323818588,-0.10864771892418473,0.017894507597840444,92,chr10,12414490,cg20072505,-0.0730638010811853,1.0077996621059617e-4,3.9966257915900347,chr10,12456489,CAMK1D;CAMK1D,10,12414490,CAMK1D,1
1.0080629494654521e-4,0.04157526912344169,1,-4.082956661686581,-0.05647943910747432,-0.02897203450989247,-0.08398684370505617,0.013832975411535197,92,chr7,102186050,cg02858808,-0.05647943910747432,1.0080629494654521e-4,3.996512347104904,chr7,101829330,CUX1;CUX1;CUX1,7,102186050,CUX1,1
1.0084078273583095e-4,0.04157526912344169,1,-4.082861376276436,-0.061663161587374046,-0.03163040724437937,-0.09169591593036872,0.015102928045921256,92,chr6,36109728,cg27462081,-0.061663161587374046,1.0084078273583095e-4,3.9963637919470707,chr6,36109728,MAPK13;MAPK13,6,36109728,MAPK13,1
1.0090794571112841e-4,0.04158152366736257,1,-4.082675903264667,-0.053203296387786154,-0.027289702626101277,-0.07911689014947103,0.013031476817751495,92,chr7,105246595,cg21261709,-0.053203296387786154,1.0090794571112841e-4,3.996074635124503,chr7,104887042,SRPK2;SRPK2,7,105246595,SRPK2,1
1.0099421828168487e-4,0.04158152366736257,1,-4.082437832336618,-0.013471430771246058,-0.006909552734139223,-0.02003330880835289,0.0032998495811840866,92,chr16,23417437,cg27180028,-0.013471430771246058,1.0099421828168487e-4,3.9957034880018405,chr16,23428758,COG7,16,23417437,COG7,1
1.0102433845141746e-4,0.04158152366736257,1,-4.082354761119174,-0.07558051114674504,-0.038764808600957136,-0.11239621369253294,0.01851394980822899,92,chr14,20968112,cg18368116,-0.07558051114674504,1.0102433845141746e-4,3.995573984813447,chr14,21436271,,14,20968112,NA,1
1.0104842632020918e-4,0.04158152366736257,1,4.082288344066294,0.08863268905553598,0.131806885093591,0.045458493017480964,0.02171152098659708,92,chr6,43885007,cg07650681,0.08863268905553598,1.0104842632020918e-4,3.9954704455902528,chr6,43885007,LOC100132354,6,43885007,LOC100132354,1
1.0109840685375895e-4,0.041582289614226324,1,-4.082150582135309,-0.08051308344401453,-0.04129273490025849,-0.11973343198777057,0.01972320271485414,92,chr16,9103898,cg12294213,-0.08051308344401453,1.0109840685375895e-4,3.9952556881288097,chr16,9197755,C16orf72,16,9103898,C16orf72,1
1.0133743726998339e-4,0.041660775019852846,1,4.081492643139593,0.07642317375354699,0.11365720525156763,0.039189142255526346,0.018724319859305255,92,chr8,60999902,cg00173498,0.07642317375354699,1.0133743726998339e-4,3.994230082812052,chr8,61912461,,8,60999902,NA,1
1.0156254340116672e-4,0.041733464101381366,1,-4.080874392867593,-0.10093144960278698,-0.05174932411830078,-0.1501135750872732,0.024732799857597028,92,chr15,91956210,cg14776332,-0.10093144960278698,1.0156254340116672e-4,3.993266431752028,chr15,92499440,SLCO3A1;SLCO3A1,15,91956210,SLCO3A1,1
1.0176145682757153e-4,0.04179532625497129,1,-4.08032917496105,-0.023290273662730735,-0.011939815261258407,-0.03464073206420307,0.005707939890156793,92,chr14,74834503,cg02536712,-0.023290273662730735,1.0176145682757153e-4,3.9924166842463045,chr14,75301206,YLPM1,14,74834503,YLPM1,1
1.0193212903394516e-4,0.04182349348454183,1,-4.079862181138267,-0.10856883929479623,-0.05565202236168889,-0.16148565622790356,0.026610908524489888,92,chr17,73262007,cg21446782,-0.10856883929479623,1.0193212903394516e-4,3.991688904680004,chr17,71258146,CPSF4L,17,73262007,CPSF4L,1
1.0196179039289722e-4,0.04182349348454183,1,-4.079781098255309,-0.09140698666755818,-0.04685402890593864,-0.13595994442917772,0.02240487527790345,92,chr20,59013994,cg18758626,-0.09140698666755818,1.0196179039289722e-4,3.991562547163844,chr20,57589049,,20,59013994,NA,1
1.019752321026042e-4,0.04182349348454183,1,-4.07974436118971,-0.04659755819550316,-0.023885095919334232,-0.06931002047167209,0.01142168578962498,92,chr20,49246439,cg14468280,-0.04659755819550316,1.019752321026042e-4,3.991505297525793,chr20,47862976,ZNFX1,20,49246439,ZNFX1,1
1.0207085129840898e-4,0.041826496078624466,1,-4.079483161878428,-0.041014755826113414,-0.021022168764529288,-0.06100734288769754,0.010053909821073478,92,chr2,42914406,cg21146689,-0.041014755826113414,1.0207085129840898e-4,3.9910982630809295,chr2,43141546,,2,42914406,NA,1
1.0207935667546797e-4,0.041826496078624466,1,-4.079459939449146,-0.022957135171352075,-0.011766647088077096,-0.03414762325462706,0.00562749371536959,92,chr14,73489938,cg03694633,-0.022957135171352075,1.0207935667546797e-4,3.9910620756250164,chr14,73956643,HEATR4;HEATR4;C14orf169,14,73489938,HEATR4,1
1.0217262691086812e-4,0.04184487198591493,1,-4.079205403427292,-0.09056674252599813,-0.04641710079788792,-0.13471638425410834,0.022202054951659257,92,chr11,33737497,cg03292992,-0.09056674252599813,1.0217262691086812e-4,3.9906654405406035,chr11,33759043,CD59;CD59;CD59;CD59,11,33737497,CD59,1
1.0226700595793131e-4,0.0418513226647302,1,-4.0789480685354995,-0.03820821740416891,-0.019581230442313066,-0.05683520436602475,0.009367174271940937,92,chr6,34665356,cg10163122,-0.03820821740416891,1.0226700595793131e-4,3.9902644585814455,chr6,34633133,C6orf106;C6orf106,6,34665356,C6orf106,1
1.0228523855515022e-4,0.0418513226647302,1,-4.078898381639447,-0.08515666913634133,-0.04364121524058944,-0.12667212303209321,0.020877369615203305,92,chr6,36617216,cg22069559,-0.08515666913634133,1.0228523855515022e-4,3.9901870376134894,chr6,36584993,,6,36617216,NA,1
1.0243713568717381e-4,0.04189363733002491,1,-4.078484766763726,-0.04877593502672429,-0.024994351495207384,-0.07255751855824119,0.011959327499322242,92,chr22,49488848,cg03455736,-0.04877593502672429,1.0243713568717381e-4,3.9895425736304553,chr22,49882497,,22,49488848,NA,1
1.0253801837636811e-4,0.04190014465504567,1,-4.0782103893229635,-0.05025220558931369,-0.025749191394751115,-0.07475521978387627,0.01232212190937413,92,chr4,1851102,cg14473228,-0.05025220558931369,1.0253801837636811e-4,3.9891150798790838,chr4,1852829,LETM1,4,1851102,LETM1,1
1.0255002122939205e-4,0.04190014465504567,1,-4.078177761618337,-0.12727872819950042,-0.06521702566107815,-0.1893404307379227,0.03120970581453826,92,chr6,29295894,cg14421297,-0.12727872819950042,1.0255002122939205e-4,3.989064245390136,chr6,29295894,,6,29295894,NA,1
1.0272671211470667e-4,0.04195250176150662,1,-4.077697881632167,-0.09109909405271152,-0.04667352259599846,-0.13552466550942457,0.022340815013065066,92,chr4,152634572,cg21146801,-0.09109909405271152,1.0272671211470667e-4,3.988316611752408,chr4,153555724,TMEM154,4,152634572,TMEM154,1
1.0300424965911716e-4,0.04202599973547959,1,-4.076945707634555,-0.07584128311573288,-0.03884954358941514,-0.11283302264205061,0.018602475616418257,92,chr11,94467456,cg05401712,-0.07584128311573288,1.0300424965911716e-4,3.987144857183839,chr11,94200622,MIR548L;MRE11A;MRE11A,11,94467456,MIR548L,1
1.0301715722620687e-4,0.04202599973547959,1,-4.076910773322159,-0.09247035618567412,-0.04736736609586698,-0.13757334627548126,0.022681476570634546,92,chr11,117280189,cg26198737,-0.09247035618567412,1.0301715722620687e-4,3.9870904387109825,chr11,117150905,RNF214;RNF214;RNF214;RNF214;RNF214;RNF214,11,117280189,RNF214,1
1.0309279332457333e-4,0.04202599973547959,1,-4.076706148790785,-0.058652723685793336,-0.030043057766219086,-0.08726238960536759,0.01438728266033858,92,chr15,101180709,cg25027273,-0.058652723685793336,1.0309279332457333e-4,3.986771692900409,chr15,101720914,CHSY1,15,101180709,CHSY1,1
1.031347916491709e-4,0.04202599973547959,1,-4.076592589540863,-0.07130662165111935,-0.03652365977302897,-0.10608958352920975,0.017491721354267208,92,chr13,30276322,cg10043448,-0.07130662165111935,1.031347916491709e-4,3.986594804431523,chr13,30850459,KATNAL1;KATNAL1,13,30276322,KATNAL1,1
1.0315184409427264e-4,0.04202599973547959,1,-4.076546494121025,-0.11642394808519163,-0.05963237046511289,-0.17321552570527038,0.02855945547366918,92,chr1,25351284,cg00158128,-0.11642394808519163,1.0315184409427264e-4,3.986523003533701,chr1,25351284,,1,25351284,NA,1
1.0320578683711681e-4,0.04202599973547959,1,-4.076400726654139,-0.07379871069656735,-0.03779842771081703,-0.10979899368231766,0.018103890084707263,92,chr15,52569592,cg03582574,-0.07379871069656735,1.0320578683711681e-4,3.9862959507614453,chr15,52861789,ARPP19;ARPP19;ARPP19;ARPP19,15,52569592,ARPP19,1
1.0324711096939331e-4,0.04202599973547959,1,4.076289107485635,0.05931777596766873,0.08825480176397116,0.030380750171366308,0.014551906011459904,92,chr17,14330927,cg27289128,0.05931777596766873,1.0324711096939331e-4,3.9861220918033244,chr17,14234244,HS3ST3B1;HS3ST3B1,17,14330927,HS3ST3B1,1
1.033316597034316e-4,0.042040612239190124,1,-4.076060869508087,-0.05287866656503792,-0.027081390892896264,-0.07867594223717957,0.012972982557892837,92,chr20,4050846,cg14876453,-0.05287866656503792,1.033316597034316e-4,3.9857665949574925,chr20,4031493,,20,4050846,NA,1
1.033960428200274e-4,0.04204701044471168,1,-4.075887188570722,-0.039399835783526224,-0.020177495240975438,-0.05862217632607701,0.00966656680145812,92,chr1,109814564,cg01964045,-0.039399835783526224,1.033960428200274e-4,3.9854960822702425,chr1,110357186,,1,109814564,NA,1
1.0347118366443225e-4,0.042057775308554306,1,-4.075684618728376,-0.0641340481677323,-0.032842857158063184,-0.09542523917740142,0.01573577304608576,92,chr8,76989174,cg06929468,-0.0641340481677323,1.0347118366443225e-4,3.985180582748348,chr8,77901410,PEX2;PEX2;PEX2;PEX2,8,76989174,PEX2,1
1.038590595525237e-4,0.04218125569726735,1,-4.074641198281486,-0.0323448186220282,-0.016559645164367566,-0.04812999207968883,0.00793807774673998,92,chr13,42487542,cg01043901,-0.0323448186220282,1.038590595525237e-4,3.9835556142751303,chr13,43061678,,13,42487542,NA,1
1.0394246470081791e-4,0.04218125569726735,1,4.0744173200608,0.01632688132628634,0.024295292524791963,0.008358470127780718,0.0040071696254331424,92,chr1,211382487,cg05785348,0.01632688132628634,1.0394246470081791e-4,3.9832069893288815,chr1,211555829,C1orf97,1,211382487,C1orf97,1
1.0394798276586956e-4,0.04218125569726735,1,-4.074402514416252,-0.08118859430295619,-0.041563975125298726,-0.12081321348061366,0.019926503092340706,92,chr1,184463865,cg20625042,-0.08118859430295619,1.0394798276586956e-4,3.9831839342512434,chr1,184432999,C1orf21,1,184463865,C1orf21,1
1.0397022125179305e-4,0.04218125569726735,1,-4.0743428534847546,-0.03581573315451769,-0.018335376704964622,-0.053296089604070764,0.008790554561181508,92,chr1,6314175,cg12576213,-0.03581573315451769,1.0397022125179305e-4,3.9830910318350754,chr1,6374235,ACOT7;ACOT7;ACOT7;ACOT7,1,6314175,ACOT7,1
1.0407246093632934e-4,0.042201543145228435,1,-4.074068724669369,-0.02478426925638054,-0.01268715511869264,-0.03688138339406844,0.006083419532494976,92,chr3,33067668,cg09339985,-0.02478426925638054,1.0407246093632934e-4,3.9826641758271335,chr3,33109160,GLB1;GLB1;GLB1,3,33067668,GLB1,1
1.042230279259427e-4,0.042201543145228435,1,-4.0736654894845366,-0.04214896055806261,-0.02157416562032061,-0.06272375549580461,0.010346691613943968,92,chr5,161751525,cg26853442,-0.04214896055806261,1.042230279259427e-4,3.982036313702109,chr5,161178531,,5,161751525,NA,1
1.0424619710079897e-4,0.042201543145228435,1,-4.073603489529291,-0.08579497443535733,-0.043913968385489666,-0.127675980485225,0.021061199170680948,92,chr2,190436058,cg15998761,-0.08579497443535733,1.0424619710079897e-4,3.981939779119314,chr2,191300784,MFSD6,2,190436058,MFSD6,1
1.0425933704970953e-4,0.042201543145228435,1,-4.0735683333363015,-0.023805320151782036,-0.012184600311192801,-0.035426039992371275,0.005843849471474361,92,chr15,45177855,cg26778521,-0.023805320151782036,1.0425933704970953e-4,3.9818850409337294,chr15,45177855,,15,45177855,NA,1
1.0428311738944298e-4,0.042201543145228435,1,-4.073504719386025,-0.01701917653870323,-0.008711026521377447,-0.025327326556029012,0.004178018122259209,92,chr7,50825659,cg12859818,-0.01701917653870323,1.0428311738944298e-4,3.981785994718928,chr7,50893356,,7,50825659,NA,1
1.0432937819445214e-4,0.042201543145228435,1,4.073381008639063,0.06817159091788835,0.10145152101517169,0.03489166082060502,0.016735873902614582,92,chr1,31575349,cg08721026,0.06817159091788835,1.0432937819445214e-4,3.981593381015545,chr1,31575349,,1,31575349,NA,1
1.0436207715928814e-4,0.042201543145228435,1,-4.073293596772721,-0.10706202640250326,-0.05479548592389138,-0.15932856688111513,0.026283896276793978,92,chr7,72091441,cg14468646,-0.10706202640250326,1.0436207715928814e-4,3.981457285552658,chr7,72091441,TYW1B,7,72091441,TYW1B,1
1.0450367447149051e-4,0.04223903615616813,1,4.072915377871137,0.010116736338897463,0.015056077853901083,0.005177394823893845,0.0024839053602398577,92,chr13,28719317,cg18556179,0.010116736338897463,1.0450367447149051e-4,3.9808684389822404,chr13,29293454,SLC46A3;SLC46A3,13,28719317,SLC46A3,1
1.046242525308517e-4,0.04224429643446568,1,-4.072593691072648,-0.04028476056138186,-0.020614789863174124,-0.0599547312595896,0.009891671896876994,92,chr4,83813288,cg13892721,-0.04028476056138186,1.046242525308517e-4,3.9803676317263883,chr4,83813288,SEC31A;SEC31A;SEC31A;SEC31A;SEC31A;SEC31A;SEC31A;SEC31A,4,83813288,SEC31A,1
1.0462602181364509e-4,0.04224429643446568,1,4.072588973504305,0.08121394899635591,0.1208685932154672,0.04155930477724462,0.0199416021417144,92,chr17,71130553,cg19689587,0.08121394899635591,1.0462602181364509e-4,3.9803602875089767,chr17,71130553,,17,71130553,NA,1
1.0466334471966855e-4,0.04224429643446568,1,-4.072489474557479,-0.09528316995961665,-0.04875775695153771,-0.1418085829676956,0.023396787285735157,92,chr10,97297892,cg08871283,-0.09528316995961665,1.0466334471966855e-4,3.9802053906542065,chr10,99057649,,10,97297892,NA,1
1.0493226592786236e-4,0.04233306604392816,1,-4.0717735645891775,-0.032178096464356896,-0.0164632283256522,-0.0478929646030616,0.007902722475581353,92,chr9,113772733,cg05981721,-0.032178096464356896,1.0493226592786236e-4,3.9790909487962676,chr9,116535013,,9,113772733,NA,1
1.0500893868442498e-4,0.042338737984626805,1,-4.071569772632943,-0.03486989405034996,-0.017839576078062767,-0.05190021202263715,0.008564238364457848,92,chr4,24520296,cg18363417,-0.03486989405034996,1.0500893868442498e-4,3.9787737308720454,chr4,24521919,MIR573,4,24520296,MIR573,1
1.0504431423990209e-4,0.042338737984626805,1,4.071475794533262,0.09892091980313401,0.14723461990352243,0.05060721970274559,0.024296084465479165,92,chr9,107548760,cg01713265,0.09892091980313401,1.0504431423990209e-4,3.97862744978885,chr9,110311041,,9,107548760,NA,1
1.0518009790166463e-4,0.04235600276541433,1,4.071115355989137,0.08999533005681222,0.13395359842708035,0.04603706168654409,0.022105816757173796,92,chr8,30056544,cg26836824,0.08999533005681222,1.0518009790166463e-4,3.978066429280948,chr8,29914060,,8,30056544,NA,1
1.0519732862254141e-4,0.04235600276541433,1,-4.0710696488942,-0.07368761414886534,-0.037694454464909745,-0.10968077383282093,0.018100307905289867,92,chr11,10743045,cg09645818,-0.07368761414886534,1.0519732862254141e-4,3.9779952885018597,chr11,10764592,,11,10743045,NA,1
1.0523419252324195e-4,0.04235600276541433,1,-4.070971885960211,-0.08794620981327708,-0.04498732143822235,-0.13090509818833182,0.02160324666367314,92,chr3,130897449,cg20263733,-0.08794620981327708,1.0523419252324195e-4,3.977843126993619,chr3,130616293,ATP2C1;ATP2C1;ATP2C1;ATP2C1,3,130897449,ATP2C1,1
1.0534398566467405e-4,0.04238045432965522,1,-4.070680909675938,-0.0932052114607053,-0.04767421594730655,-0.13873620697410405,0.022896712743845415,92,chr6,106186429,cg14790600,-0.0932052114607053,1.0534398566467405e-4,3.977390254239131,chr6,106634304,ATG5,6,106186429,ATG5,1
1.0544762276981171e-4,0.042398561448412315,1,-4.070406515354616,-0.02601434774334509,-0.013305412496002441,-0.03872328299068774,0.00639109328397847,92,chr14,67642104,cg21512051,-0.02601434774334509,1.0544762276981171e-4,3.9769632066271066,chr14,68108821,ARG2,14,67642104,ARG2,1
1.0548712161065007e-4,0.042398561448412315,1,-4.070302004586392,-0.08063835540145549,-0.041242635729321984,-0.12003407507358899,0.01981139367805944,92,chr7,16805707,cg12565635,-0.08063835540145549,1.0548712161065007e-4,3.976800557947596,chr7,16845331,AGR2,7,16805707,AGR2,1
1.0566695824948126e-4,0.0424416478836542,1,-4.0698266458477175,-0.08926708252192853,-0.045650720315659934,-0.13288344472819713,0.021933878341723518,92,chr20,36847227,cg07589211,-0.08926708252192853,1.0566695824948126e-4,3.976060794085829,chr20,35475630,SOGA1;SOGA1,20,36847227,SOGA1,1
1.0569254742872067e-4,0.0424416478836542,1,-4.069759069613494,-0.10901954479772023,-0.05575114199994176,-0.1622879475954987,0.026787714686037627,92,chr11,82793157,cg11925560,-0.10901954479772023,1.0569254742872067e-4,3.9759556344966374,chr11,82504199,,11,82793157,NA,1
1.0584515678537806e-4,0.04248318807542871,1,-4.069356382844993,-0.035447573454589716,-0.01812570262384414,-0.052769444285335296,0.008710855014818681,92,chr8,8655594,cg27515052,-0.035447573454589716,1.0584515678537806e-4,3.9753290094396285,chr8,8513104,,8,8655594,NA,1
1.0598628429949116e-4,0.04251904633895181,1,-4.068984488883983,-0.06511475406015614,-0.03329276070831927,-0.09693674741199301,0.01600270392724339,92,chr2,173358836,cg07346751,-0.06511475406015614,1.0598628429949116e-4,3.9747503332112246,chr2,174223564,CDCA7;CDCA7;CDCA7;CDCA7,2,173358836,CDCA7,1
1.0603290261486537e-4,0.04251904633895181,1,-4.0688617465263555,-0.10612047921895573,-0.05425716339497639,-0.15798379504293508,0.026081121903331388,92,chr3,3110846,cg10159529,-0.10612047921895573,1.0603290261486537e-4,3.9745593497654004,chr3,3152530,IL5RA;IL5RA;IL5RA;IL5RA;IL5RA;IL5RA,3,3110846,IL5RA,1
1.0608839790499109e-4,0.042521568286824615,1,-4.068715699342581,-0.054951969133593806,-0.02809481910765648,-0.08180911915953112,0.013505974168328565,92,chr10,75021363,cg00366037,-0.054951969133593806,1.0608839790499109e-4,3.9743321090426247,chr10,76781121,MYST4,10,75021363,MYST4,1
1.0625056237657128e-4,0.04252605119376706,1,-4.068289350494301,-0.08266047883246039,-0.042256876003753344,-0.12306408166116743,0.020318239857353572,92,chr3,15285484,cg02300466,-0.08266047883246039,1.0625056237657128e-4,3.973668762582166,chr3,15285484,CAPN7,3,15285484,CAPN7,1
1.0626715548816781e-4,0.04252605119376706,1,-4.068245760564373,-0.09849599897002723,-0.05035163882526412,-0.14664035911479034,0.024210926469782207,92,chr1,29033210,cg15421034,-0.09849599897002723,1.0626715548816781e-4,3.973600944266676,chr1,29359722,EPB41;EPB41;EPB41;EPB41;EPB41;EPB41,1,29033210,EPB41,1
1.0632284703824452e-4,0.04252605119376706,1,-4.068099507217215,-0.037937318726800506,-0.019393077146906527,-0.05648156030669449,0.009325563118477292,92,chr17,68455424,cg00685984,-0.037937318726800506,1.0632284703824452e-4,3.9733734026781464,chr17,66451565,WIPI1,17,68455424,WIPI1,1
1.0632889671399031e-4,0.04252605119376706,1,-4.068083624401886,-0.04796447662450142,-0.02451874180922974,-0.07141021143977311,0.01179043526460286,92,chr9,121207117,cg00381516,-0.04796447662450142,1.0632889671399031e-4,3.973348692410099,chr9,123969395,,9,121207117,NA,1
1.0636949559220845e-4,0.04252605119376706,1,-4.067977058578246,-0.10345680356872858,-0.05288428627611139,-0.15402932086134577,0.02543200270772585,92,chr1,26914203,cg01942646,-0.10345680356872858,1.0636949559220845e-4,3.9731829001931995,chr1,27240694,NR0B2,1,26914203,NR0B2,1
1.0639485030518287e-4,0.04252605119376706,1,-4.0679105261610715,-0.036135929721541477,-0.018471409293831197,-0.053800450149251756,0.008883167289238124,92,chr7,53491420,cg08841447,-0.036135929721541477,1.0639485030518287e-4,3.973079392136521,chr7,53559113,,7,53491420,NA,1
1.0644805477589394e-4,0.04252764652367004,1,-4.067770963651488,-0.0640771473244922,-0.03275289688876514,-0.09540139776021925,0.015752398032501936,92,chr19,51858253,cg21672524,-0.0640771473244922,1.0644805477589394e-4,3.97286227041931,chr19,51858253,ETFB;ETFB,19,51858253,ETFB,1
1.0663631690602573e-4,0.0425831730716155,1,-4.067277663986213,-0.06799203946379913,-0.034749954361123346,-0.1012341245664749,0.01671684234047651,92,chr5,95058987,cg06784507,-0.06799203946379913,1.0663631690602573e-4,3.972094863359879,chr5,95058987,,5,95058987,NA,1
1.0669595161872807e-4,0.042587307151606045,1,-4.067121578699436,-0.07687468451335858,-0.03928833032688929,-0.11446103869982786,0.01890149655618143,92,chr20,47695012,cg14354560,-0.07687468451335858,1.0669595161872807e-4,3.9718520587667414,chr20,46323756,SULF2;SULF2;SULF2,20,47695012,SULF2,1
1.071149591291752e-4,0.04273481355558403,1,-4.066027243249231,-0.023629662236309,-0.012073297507542742,-0.03518602696507526,0.005811486451681061,92,chr9,89357503,cg08165666,-0.023629662236309,1.071149591291752e-4,3.970149873579087,chr9,91972418,SECISBP2;SECISBP2;SECISBP2;SECISBP2,9,89357503,SECISBP2,1
1.0735688405751211e-4,0.04278462961269183,1,-4.065397270559834,-0.0694679577937734,-0.03548856992192719,-0.10344734566561961,0.017087618545138437,92,chr11,2362287,cg01271191,-0.0694679577937734,1.0735688405751211e-4,3.969170102021083,chr11,2383517,CD81-AS1,11,2362287,CD81-AS1,1
1.0735795046350347e-4,0.04278462961269183,1,4.065394496656862,0.07993617332673349,0.11903598535562737,0.04083636129783961,0.01966258708532917,92,chr22,50308611,cg17939585,0.07993617332673349,1.0735795046350347e-4,3.9691657880738087,chr22,50747040,PLXNB2,22,50308611,PLXNB2,1
1.073883548610992e-4,0.04278462961269183,1,-4.065315420787857,-0.05879222698267933,-0.03003416111345983,-0.08755029285189883,0.01446191030640506,92,chr7,121149455,cg03897644,-0.05879222698267933,1.073883548610992e-4,3.9690428107572053,chr7,120789509,CPED1;CPED1,7,121149455,CPED1,1
1.0751149029101893e-4,0.04281175063108766,1,-4.064995389403669,-0.059519525621371784,-0.03040341141250205,-0.08863563983024152,0.01464196632953703,92,chr17,58199129,cg18421167,-0.059519525621371784,1.0751149029101893e-4,3.9685451180431364,chr17,56276490,EPX,17,58199129,EPX,1
1.0755551178506941e-4,0.04281175063108766,1,-4.064881062086468,-0.0478043562631094,-0.024418480291837286,-0.07119023223438152,0.011760333336437608,92,chr2,86561902,cg10354401,-0.0478043562631094,1.0755551178506941e-4,3.9683673288701464,chr2,86789025,CHMP3;CHMP3;CHMP3;RNF103-CHMP3;CHMP3,2,86561902,CHMP3,1
1.0764981207867347e-4,0.04282955819862331,1,-4.064636307880764,-0.08822445143485129,-0.04506247881946716,-0.13138642405023543,0.021705374048791613,92,chr9,89448622,cg26734957,-0.08822445143485129,1.0764981207867347e-4,3.967986723975806,chr9,92063537,SEMA4D;SEMA4D,9,89448622,SEMA4D,1
1.077052953902612e-4,0.04283191275751726,1,-4.0644923984299695,-0.040576179355844406,-0.02072442711697218,-0.060427931594716634,0.009983086540281919,92,chr22,19408243,cg26005635,-0.040576179355844406,1.077052953902612e-4,3.96776294384933,chr22,19395766,HIRA,22,19408243,HIRA,1
1.0800416038201978e-4,0.04293100791280734,1,-4.063718441831971,-0.0661716915104962,-0.03379125962727133,-0.098552123393721075,0.016283532547266055,92,chr14,55382810,cg12192145,-0.0661716915104962,1.0800416038201978e-4,3.9665595149190387,chr14,55849528,KIAA0831,14,55382810,KIAA0831,1
1.0828209646598459e-4,0.04300849457110612,1,-4.063000527177181,-0.10615326661657029,-0.05419908659722043,-0.15810744663592013,0.026126815860967063,92,chr17,73261962,cg19393755,-0.10615326661657029,1.0828209646598459e-4,3.9654433443792323,chr17,71258101,CPSF4L,17,73261962,CPSF4L,1
1.0833623722897575e-4,0.04300849457110612,1,-4.062860886403068,-0.016733202252661082,-0.00854325473814763,-0.024923149767174534,0.0041185762251080464,92,chr1,37495889,cg17263719,-0.016733202252661082,1.0833623722897575e-4,3.9652262525504693,chr1,37961490,MEAF6;MEAF6;MEAF6;MEAF6;MEAF6;MEAF6;MEAF6;MEAF6;MEAF6;MEAF6;MEAF6,1,37495889,MEAF6,1
1.0836379553430088e-4,0.04300849457110612,1,-4.062789833287823,-0.0672843740604159,-0.03435193703774518,-0.10021681108308662,0.016561125931036865,92,chr5,90476254,cg18349241,-0.0672843740604159,1.0836379553430088e-4,3.9651157918380715,chr5,89772071,POLR3G;MBLAC2,5,90476254,POLR3G,1
1.083981766817286e-4,0.04300849457110612,1,-4.062701213275955,-0.05007467138576129,-0.025565014330904582,-0.074584328440618,0.012325462483465192,92,chr7,26410943,cg10667267,-0.05007467138576129,1.083981766817286e-4,3.9649780228135336,chr7,26450563,LOC441204,7,26410943,LOC441204,1
1.084558182732204e-4,0.04301161646279943,1,-4.062552698246726,-0.03690544222929712,-0.018840964224979412,-0.05496992023361483,0.009084298708352603,92,chr9,128091449,cg01110618,-0.03690544222929712,1.084558182732204e-4,3.9647471446532507,chr9,130853728,SLC25A25;SLC25A25;SLC25A25,9,128091449,SLC25A25,1
1.0856120029391502e-4,0.04303365979650791,1,4.062281374626515,0.054644919184015726,0.08139430389511056,0.027895534472920893,0.013451780943913508,92,chr14,20683350,cg04334406,0.054644919184015726,1.0856120029391502e-4,3.964325363596825,chr14,21151509,ANG;RNASE4,14,20683350,ANG,1
1.0863241232676736e-4,0.043042144143512456,1,-4.062098170502931,-0.06400727221106108,-0.03267348319791741,-0.09534106122420474,0.01575719481027124,92,chr10,80583889,cg17565365,-0.06400727221106108,1.0863241232676736e-4,3.9640405762713793,chr10,82343645,SH2D4B;SH2D4B,10,80583889,SH2D4B,1
1.0871762930556746e-4,0.04304671625158913,1,-4.061879087965295,-0.06301145754494913,-0.032163490759418566,-0.0938594243304797,0.0155128836138038,92,chr4,25834650,cg05690260,-0.06301145754494913,1.0871762930556746e-4,3.9637000263890254,chr4,25836272,SEL1L3,4,25834650,SEL1L3,1
1.0878573880382149e-4,0.04304671625158913,1,-4.061704105217945,-0.13718743883984716,-0.07002289386819006,-0.20435198381150427,0.03377583282435732,92,chr10,22683370,cg06974428,-0.13718743883984716,1.0878573880382149e-4,3.9634280344609842,chr10,22972299,PIP4K2A,10,22683370,PIP4K2A,1
1.0879484541000048e-4,0.04304671625158913,1,-4.061680717056928,-0.05800857607141456,-0.02960843911967822,-0.0864087130231509,0.0142819143385173,92,chr11,19114404,cg02195201,-0.05800857607141456,1.0879484541000048e-4,3.9633916805847504,chr11,19135951,,11,19114404,NA,1
1.0884320699335563e-4,0.04304671625158913,1,4.061556543274764,0.0899487790710877,0.13398771120224698,0.04590984693992842,0.022146381101114384,92,chr6,41163179,cg01980222,0.0899487790710877,1.0884320699335563e-4,3.963198670503094,chr6,41130917,TREM2;TREM2,6,41163179,TREM2,1
1.0893139003236871e-4,0.043061884061871676,1,-4.061330259753307,-0.04721435790667559,-0.024096915126506937,-0.07033180068684423,0.011625343147923036,92,chr7,107803453,cg04996020,-0.04721435790667559,1.0893139003236871e-4,3.9628469544640605,chr7,107443898,SLC26A3,7,107803453,SLC26A3,1
1.0907834132892959e-4,0.043089330781941895,1,-4.060953563480284,-0.03992663594846964,-0.020375648049568883,-0.05947762384737039,0.009831837602755557,92,chr19,29923979,cg25511549,-0.03992663594846964,1.0907834132892959e-4,3.96226147466486,chr19,30414886,URI1,19,29923979,URI1,1
1.0910054683769623e-4,0.043089330781941895,1,-4.060896684063551,-0.018472752476113463,-0.009427021219842315,-0.02751848373238461,0.004548934364325821,92,chr6,14177961,cg08756885,-0.018472752476113463,1.0910054683769623e-4,3.962173072619735,chr6,14178192,,6,14177961,NA,1
1.092500926576025e-4,0.04312667201431448,1,-4.060513911667995,-0.03643142380558315,-0.018590014679769246,-0.054272832931397064,0.008972121410764408,92,chr17,36631561,cg11883358,-0.03643142380558315,1.092500926576025e-4,3.961578186021903,chr17,36631561,ARHGAP23,17,36631561,ARHGAP23,1
1.093315776049555e-4,0.04312667201431448,1,-4.060305557259828,-0.05851829989257763,-0.029858906544978928,-0.08717769324017634,0.014412289682964104,92,chr8,134710490,cg04996667,-0.05851829989257763,1.093315776049555e-4,3.961254385178123,chr8,135722733,ZFAT;ZFAT;ZFAT;ZFAT,8,134710490,ZFAT,1
1.0935924766250507e-4,0.04312667201431448,1,-4.060234839717062,-0.07457772175891493,-0.03805257503947504,-0.11110286847835482,0.01836783454725291,92,chr20,34018983,cg15532312,-0.07457772175891493,1.0935924766250507e-4,3.9611444861610323,chr20,34018983,,20,34018983,NA,1
1.0940301263989728e-4,0.04312667201431448,1,-4.06012302277221,-0.09124505391384397,-0.04655569243158516,-0.13593441539610276,0.0224734702377424,92,chr3,186476257,cg02346442,-0.09124505391384397,1.0940301263989728e-4,3.9609707186345005,chr3,186194046,,3,186476257,NA,1
1.0944462516709057e-4,0.04312667201431448,1,-4.060016745036372,-0.09403585754698547,-0.04797843026880016,-0.14009328482517078,0.02316144574082121,92,chr12,116164535,cg17395885,-0.09403585754698547,1.0944462516709057e-4,3.9608055618035927,chr12,116602340,MED13L,12,116164535,MED13L,1
1.0950466548431906e-4,0.043130663485690654,1,-4.059863471372253,-0.09321104706896013,-0.04755587667374819,-0.13886621746417208,0.022959158042192576,92,chr12,123149612,cg16335893,-0.09321104706896013,1.0950466548431906e-4,3.960567377162391,chr12,123634159,,12,123149612,NA,1
1.0972148820858165e-4,0.0431862543827329,1,-4.0593106274687045,-0.041519713908693474,-0.021180410401113913,-0.06185901741627303,0.010228267240190051,92,chr9,86318020,cg10189936,-0.041519713908693474,1.0972148820858165e-4,3.959708310469698,chr9,86318020,UBQLN1;UBQLN1,9,86318020,UBQLN1,1
1.097457560990213e-4,0.0431862543827329,1,-4.059248815682169,-0.07318337598316531,-0.03733241696486626,-0.10903433500146437,0.01802879776682687,92,chr12,1650555,cg13298538,-0.07318337598316531,1.097457560990213e-4,3.9596122650577135,chr12,1759721,,12,1650555,NA,1
1.0989759641952687e-4,0.04321099429496055,1,-4.058862366871121,-0.02090250664925425,-0.010661844094207574,-0.03114316920430092,0.005149843665521354,92,chr16,89656009,cg00355690,-0.02090250664925425,1.0989759641952687e-4,3.9590118059673323,chr16,89722417,CHMP1A;CHMP1A,16,89656009,CHMP1A,1
1.0990863350466503e-4,0.04321099429496055,1,-4.058834296374938,-0.08729998705395654,-0.044529236810274715,-0.13007073729763838,0.021508635405965374,92,chr11,6236032,cg12492850,-0.08729998705395654,1.0990863350466503e-4,3.958968191687814,chr11,6257262,FAM160A2;FAM160A2,11,6236032,FAM160A2,1
1.1002839162265954e-4,0.04323840594702341,1,-4.058529890767297,-0.0669795550683989,-0.03416190197838878,-0.099797208158409,0.016503403170879657,92,chr1,6360766,cg02641839,-0.0669795550683989,1.1002839162265954e-4,3.9584952354411955,chr1,6420826,ACOT7;ACOT7;ACOT7,1,6360766,ACOT7,1
1.1008300501897278e-4,0.04324020406961608,1,-4.058391178018591,-0.09548222822283196,-0.048697657324527736,-0.14226679912113618,0.02352711309348173,92,chr12,116996479,cg18630390,-0.09548222822283196,1.1008300501897278e-4,3.9582797236821006,chr12,116996479,MAP1LC3B2,12,116996479,MAP1LC3B2,1
1.1022019879084302e-4,0.043274423092005715,1,4.058043010355628,0.1244762620984401,0.18547261987145386,0.06347990432542633,0.030673963233211664,92,chr17,34222844,cg23451483,0.1244762620984401,1.1022019879084302e-4,3.9577388100254063,chr17,32549863,,17,34222844,NA,1
1.1028292461954076e-4,0.04327938686458919,1,-4.057883964565511,-0.046282011573227554,-0.02360182552379285,-0.06896219762266226,0.01140545465995923,92,chr3,196778915,cg08104736,-0.046282011573227554,1.1028292461954076e-4,3.9574917252531843,chr3,196505786,PAK2,3,196778915,PAK2,1
1.1038351884176356e-4,0.04329182521204002,1,-4.057629082018136,-0.04303426631124792,-0.02194429111567414,-0.0641242415068217,0.01060576643191941,92,chr8,140292292,cg22585188,-0.04303426631124792,1.1038351884176356e-4,3.9570957654691434,chr8,141302391,TRAPPC9;TRAPPC9,8,140292292,TRAPPC9,1
1.104148144855722e-4,0.04329182521204002,1,-4.0575498315600385,-0.07934379405361947,-0.04045870374466035,-0.11822888436257858,0.019554607422557158,92,chr10,30818845,cg15566508,-0.07934379405361947,1.104148144855722e-4,3.956972652895784,chr10,31107774,,10,30818845,NA,1
1.1052978763418755e-4,0.04329597613673813,1,-4.057258868257215,-0.05340565710994137,-0.027230544710345413,-0.07958076950953732,0.013162989802738823,92,chr16,50229432,cg26989405,-0.05340565710994137,1.1052978763418755e-4,3.9565206644060122,chr16,50263343,PAPD5;PAPD5,16,50229432,PAPD5,1
1.1053672625550205e-4,0.04329597613673813,1,4.057241317941546,0.09105087480363103,0.13567680621766098,0.04642494338960108,0.02244157240561327,92,chr9,650834,cg03640732,0.09105087480363103,1.1053672625550205e-4,3.9564934019780953,chr9,650834,KANK1;KANK1;KANK1,9,650834,KANK1,1
1.1063159770592416e-4,0.04329597613673813,1,-4.057001459324395,-0.04828605220885858,-0.024618652463817663,-0.07195345195389949,0.011901906541808236,92,chr10,22454906,cg15737719,-0.04828605220885858,1.1063159770592416e-4,3.9561208156221688,chr10,22743835,,10,22454906,NA,1
1.1064684535872619e-4,0.04329597613673813,1,-4.0569629278878905,-0.09825753224284518,-0.050096163196150366,-0.14641890128954,0.024219479938407857,92,chr18,31163168,cg08394239,-0.09825753224284518,1.1064684535872619e-4,3.95606096368727,chr18,28743131,DSC1;DSC1,18,31163168,DSC1,1
1.1071105616005602e-4,0.04329597613673813,1,-4.056800720509029,-0.040571852305123356,-0.02068458223157491,-0.060459122378671806,0.010000947815852434,92,chr2,99471724,cg02100722,-0.040571852305123356,1.1071105616005602e-4,3.955809006135387,chr2,100088186,REV1;REV1,2,99471724,REV1,1
1.1072601493972271e-4,0.04329597613673813,1,-4.056762945065785,-0.042789083363538406,-0.021814788807445112,-0.0637633779196317,0.010547592734148415,92,chr3,186807655,cg17641914,-0.042789083363538406,1.1072601493972271e-4,3.955750330183408,chr3,186525444,RFC4;RFC4,3,186807655,RFC4,1
1.1079052828382061e-4,0.043297199193474384,1,-4.056600085470622,-0.0695307667447783,-0.035446901977371305,-0.1036146315121853,0.017140158083074085,92,chr2,128479251,cg00785978,-0.0695307667447783,1.1079052828382061e-4,3.955497366772773,chr2,129236825,,2,128479251,NA,1
1.1082935017909505e-4,0.043297199193474384,1,-4.05650212608345,-0.0649391665741039,-0.033105327749722434,-0.09677300539848535,0.01600866080077779,92,chr2,55530765,cg15707487,-0.0649391665741039,1.1082935017909505e-4,3.9553452131376017,chr2,55757901,CFAP36;CFAP36,2,55530765,CFAP36,1
1.1092945860449589e-4,0.04330962876951789,1,-4.056249674165043,-0.046647407355727664,-0.02377895143533393,-0.0695158632761214,0.011500132167118086,92,chr5,205748,cg08945642,-0.046647407355727664,1.1092945860449589e-4,3.9549531065968475,chr5,205863,CCDC127,5,205748,CCDC127,1
1.1099680457021433e-4,0.04330962876951789,1,-4.056079965162942,-0.034379844816892303,-0.017524741692966833,-0.051234947940817774,0.00847612599164109,92,chr1,21707235,cg10735468,-0.034379844816892303,1.1099680457021433e-4,3.9546895237133315,chr1,22033728,USP48,1,21707235,USP48,1
1.1101152080245388e-4,0.04330962876951789,1,-4.056042894038005,-0.10979227946002741,-0.055964895538405425,-0.1636196633816494,0.027068816165975847,92,chr13,99975048,cg20904244,-0.10979227946002741,1.1101152080245388e-4,3.954631947688156,chr13,99975048,UBAC2;UBAC2;UBAC2;MIR548AN,13,99975048,UBAC2,1
1.1135553148494314e-4,0.04341420559960657,1,-4.05517765081719,-0.06804804463306426,-0.03467930710015605,-0.10141678216597247,0.016780533553037158,92,chr1,62450342,cg22394014,-0.06804804463306426,1.1135553148494314e-4,3.953288204909955,chr1,62916013,USP1;USP1;USP1,1,62450342,USP1,1
1.1141789462385309e-4,0.04341420559960657,1,-4.055021072129149,-0.06487422267592534,-0.03306060466162607,-0.09668784069022461,0.01599849212173444,92,chr21,29131154,cg17758888,-0.06487422267592534,1.1141789462385309e-4,3.9530450523196006,chr21,30503475,MAP3K7CL;MAP3K7CL;MAP3K7CL;MAP3K7CL;MAP3K7CL;MAP3K7CL;MAP3K7CL,21,29131154,MAP3K7CL,1
1.114302900646268e-4,0.04341420559960657,1,4.054989960213564,0.0888050425566622,0.13235441026438008,0.04525567484894433,0.021900188022163466,92,chr5,78586472,cg20879720,0.0888050425566622,1.114302900646268e-4,3.9529967389663474,chr5,77882295,LHFPL2,5,78586472,LHFPL2,1
1.116090791468282e-4,0.04343668098985227,1,-4.054541578068967,-0.04717269656011965,-0.02403698000815608,-0.07030841311208322,0.01163453269668684,92,chr6,32198875,cg12120947,-0.04717269656011965,1.116090791468282e-4,3.9523004750849497,chr6,32166652,NOTCH4,6,32198875,NOTCH4,1
1.1161154780556899e-4,0.04343668098985227,1,-4.054535391788785,-0.09870957828036621,-0.05029766895544859,-0.14712148760528382,0.02434547210520646,92,chr11,10521909,cg07565042,-0.09870957828036621,1.1161154780556899e-4,3.952290869119018,chr11,10543456,RNF141,11,10521909,RNF141,1
1.1163877243640225e-4,0.04343668098985227,1,-4.054467177544884,-0.04021890303608281,-0.020493293026100822,-0.059944513046064796,0.009919651898732772,92,chr10,79201278,cg09582658,-0.04021890303608281,1.1163877243640225e-4,3.952184947595694,chr10,79201278,KCNMA1;KCNMA1;KCNMA1;KCNMA1;KCNMA1;KCNMA1,10,79201278,KCNMA1,1
1.1172555029343882e-4,0.043450881069836064,1,-4.054249852812236,-0.02892103095398602,-0.014735771909211567,-0.04310628999876047,0.0071335097746688956,92,chr2,160275837,cg25545699,-0.02892103095398602,1.1172555029343882e-4,3.9518474975866873,chr2,161132348,RBMS1;RBMS1,2,160275837,RBMS1,1
1.1193169992201005e-4,0.04350680478454907,1,-4.053734224855417,-0.06630566625953889,-0.03377976178842479,-0.09883157073065299,0.016356688076141396,92,chr3,183913388,cg01291780,-0.06630566625953889,1.1193169992201005e-4,3.9510469004998274,chr3,183631176,,3,183913388,NA,1
1.1206221838795804e-4,0.04350680478454907,1,-4.053408239074677,-0.0504465160372328,-0.02569824619766116,-0.07519478587680443,0.012445456529872962,92,chr3,138688912,cg20163101,-0.0504465160372328,1.1206221838795804e-4,3.950540784473191,chr3,138407754,PIK3CB;PIK3CB,3,138688912,PIK3CB,1
1.1211037794352075e-4,0.04350680478454907,1,-4.053288046766204,-0.05153392288871175,-0.02625143861650726,-0.07681640716091624,0.012714103289507533,92,chr6,113039167,cg25595500,-0.05153392288871175,1.1211037794352075e-4,3.9503541833462394,chr6,113360369,,6,113039167,NA,1
1.1214860356917895e-4,0.04350680478454907,1,-4.053192681950728,-0.06049127099196885,-0.03081362362441257,-0.09016891835952512,0.014924351181561766,92,chr3,15817211,cg04989619,-0.06049127099196885,1.1214860356917895e-4,3.950206129713431,chr3,15858718,ANKRD28,3,15817211,ANKRD28,1
1.1219479596637093e-4,0.04350680478454907,1,-4.053077483362264,-0.08471802010613334,-0.04315329604102274,-0.12628274417124394,0.02090214669073013,92,chr2,64483072,cg12964770,-0.08471802010613334,1.1219479596637093e-4,3.950027286890051,chr2,64710206,,2,64483072,NA,1
1.1221199462280426e-4,0.04350680478454907,1,-4.053034603500051,-0.10196047613749147,-0.05193565394265035,-0.1519852983323326,0.025156576765824345,92,chr11,128290742,cg19097880,-0.10196047613749147,1.1221199462280426e-4,3.949960717767252,chr11,128160637,,11,128290742,NA,1
1.1222177101338639e-4,0.04350680478454907,1,-4.053010231717788,-0.10166977323380787,-0.05178727851850787,-0.15155226794910787,0.02508500285495632,92,chr11,48006747,cg15813528,-0.10166977323380787,1.1222177101338639e-4,3.949922881816201,chr11,48028299,PTPRJ;PTPRJ,11,48006747,PTPRJ,1
1.1255938599820522e-4,0.04359977979441191,1,-4.052169831945036,-0.05390739926958386,-0.027453192024209986,-0.08036160651495773,0.013303341544228511,92,chr7,97465340,cg12482011,-0.05390739926958386,1.1255938599820522e-4,3.9486182846059923,chr7,97465340,,7,97465340,NA,1
1.1256249909892354e-4,0.04359977979441191,1,-4.052162094001144,-0.09234141039459429,-0.04702623092432931,-0.13765658986485926,0.02278818276576283,92,chr2,8676902,cg03119191,-0.09234141039459429,1.1256249909892354e-4,3.9486062733129716,chr2,8676902,,2,8676902,NA,1
1.1269203326830701e-4,0.043630396923330664,1,-4.051840304990482,-0.07912551604219294,-0.040292757208279205,-0.11795827487610666,0.019528290871863176,92,chr1,42259043,cg13794390,-0.07912551604219294,1.1269203326830701e-4,3.94810678519532,chr1,42724714,FOXJ3,1,42259043,FOXJ3,1
1.1280569112838272e-4,0.043648471659615,1,-4.051558248267701,-0.04592525681173171,-0.0233847582928645,-0.06846575533059891,0.011335208331601225,92,chr3,30697161,cg07946965,-0.04592525681173171,1.1280569112838272e-4,3.9476689893304804,chr3,30738653,,3,30697161,NA,1
1.1296925732591116e-4,0.043648471659615,1,-4.051152815969894,-0.07452980430801955,-0.03794629480563232,-0.11111331381040676,0.018397184133419616,92,chr11,22674897,cg14001426,-0.07452980430801955,1.1296925732591116e-4,3.947039726341592,chr11,22696443,GAS2;GAS2;GAS2,11,22674897,GAS2,1
1.1297970833524238e-4,0.043648471659615,1,-4.051126930161186,-0.051312956485839306,-0.026125448701935155,-0.07650046426974345,0.012666341334261198,92,chr8,47440672,cg13107734,-0.051312956485839306,1.1297970833524238e-4,3.94699955075882,chr8,48353234,SPIDR;SPIDR;SPIDR;SPIDR,8,47440672,SPIDR,1
1.1302480024645558e-4,0.043648471659615,1,-4.051015269632916,-0.04619538403649957,-0.023519265835370232,-0.06887150223762892,0.011403409012744992,92,chr1,44250624,cg26349416,-0.04619538403649957,1.1302480024645558e-4,3.946826251840129,chr1,44716296,ERI3,1,44250624,ERI3,1
1.1307141911654659e-4,0.043648471659615,1,-4.050899872867628,-0.08275094698678441,-0.04212949207933406,-0.12337240189423476,0.020427793720856673,92,chr9,19154871,cg07934591,-0.08275094698678441,1.1307141911654659e-4,3.9466471571310087,chr9,19154869,,9,19154871,NA,1
1.13073256334923e-4,0.043648471659615,1,-4.050895326094061,-0.0974435864881965,-0.0496096360437815,-0.1452775369326115,0.024054827055270563,92,chr17,58192049,cg25173129,-0.0974435864881965,1.13073256334923e-4,3.9466401006411633,chr17,56269410,EPX,17,58192049,EPX,1
1.1309228937256175e-4,0.043648471659615,1,-4.05084822704054,-0.04805598034694778,-0.024465570836181824,-0.07164638985771374,0.011863189547848454,92,chr2,121519664,cg10577511,-0.04805598034694778,1.1309228937256175e-4,3.946567004244327,chr2,122277240,CLASP1;CLASP1;CLASP1,2,121519664,CLASP1,1
1.1359919527594908e-4,0.04382454098040266,1,-4.049596632274023,-0.08377039301891,-0.04263527034833069,-0.12490551568948931,0.020686107932648422,92,chr19,1257078,cg26831409,-0.08377039301891,1.1359919527594908e-4,3.9446247451078578,chr19,1257077,MIDN,19,1257078,MIDN,1
1.1385510447631107e-4,0.0439036663290554,1,-4.048966805260149,-0.018209486548968062,-0.009266398752699228,-0.027152574345236897,0.004497316827915581,92,chr2,108587045,cg01942372,-0.018209486548968062,1.1385510447631107e-4,3.9436474938481347,chr2,109203501,LIMS1,2,108587045,LIMS1,1
1.1399403838381476e-4,0.04392057432008763,1,-4.048625439110608,-0.10802365911177586,-0.054966340873223725,-0.161080977350328,0.026681564085490262,92,chr5,177613806,cg05473599,-0.10802365911177586,1.1399403838381476e-4,3.943117860634695,chr5,177613806,GMCL1P1,5,177613806,GMCL1P1,1
1.1400060197737961e-4,0.04392057432008763,1,4.048609321980653,0.10061696875232977,0.15003658503931502,0.05119735246534451,0.024852229679475753,92,chr5,173833126,cg24054202,0.10061696875232977,1.1400060197737961e-4,3.943092855376124,chr5,173260129,,5,173833126,NA,1
1.141130583714917e-4,0.04392834553526982,1,-4.048333319716228,-0.023203346936074176,-0.011805878947283424,-0.03460081492486493,0.0057315801599312575,92,chr21,44163093,cg00398932,-0.023203346936074176,1.141130583714917e-4,3.942664654843991,chr21,44163093,PDE9A;PDE9A;PDE9A;PDE9A;PDE9A;PDE9A;PDE9A;PDE9A;PDE9A;PDE9A;PDE9A;PDE9A;PDE9A;PDE9A;PDE9A;PDE9A;PDE9A;PDE9A;PDE9A;PDE9A,21,44163093,PDE9A,1
1.1412244110605629e-4,0.04392834553526982,1,-4.048310303428145,-0.05660085968953345,-0.02879839843602803,-0.08440332094303887,0.013981354058161833,92,chr18,8755273,cg16493407,-0.05660085968953345,1.1412244110605629e-4,3.942628947253733,chr18,8755273,MTCL1,18,8755273,MTCL1,1
1.1431245323546722e-4,0.04398189451840404,1,-4.047844585206185,-0.058420364416610415,-0.029720857020980686,-0.08711987181224015,0.014432462310959661,92,chr12,111993059,cg01475805,-0.058420364416610415,1.1431245323546722e-4,3.9419064548467158,chr12,112430863,TMEM116;TMEM116;TMEM116;TMEM116;TMEM116,12,111993059,TMEM116,1
1.1438764606945801e-4,0.043991238596446054,1,4.047660493348685,0.006891935430195438,0.0102778120805035,0.003506058779887376,0.001702696024412276,92,chr3,127598285,cg25734420,0.006891935430195438,1.1438764606945801e-4,3.9416208770602887,chr3,127317128,MCM2,3,127598285,MCM2,1
1.1448149745902195e-4,0.04400672874305208,1,-4.047430883336679,-0.07825720248207281,-0.03980874791623121,-0.11670565704791441,0.019335031218015022,92,chr14,93464468,cg15969090,-0.07825720248207281,1.1448149745902195e-4,3.9412646984836335,chr14,93930814,UNC79,14,93464468,UNC79,1
1.1456464331712313e-4,0.04400672874305208,1,4.047227615594863,0.04890187567444704,0.07292900565810953,0.024874745690784544,0.012082808361461386,92,chr20,57503264,cg01330669,0.04890187567444704,1.1456464331712313e-4,3.940949392678172,chr20,56078320,CTCFL;CTCFL;CTCFL;CTCFL;CTCFL;CTCFL;CTCFL;CTCFL;CTCFL;CTCFL,20,57503264,CTCFL,1
1.1458069838624128e-4,0.04400672874305208,1,4.04718838187425,0.1088885374943038,0.1623896429306626,0.05538743205794501,0.02690473662703034,92,chr7,128939879,cg05904013,0.1088885374943038,1.1458069838624128e-4,3.9408885349894742,chr7,128579933,IRF5;IRF5;IRF5;IRF5;IRF5;IRF5;IRF5,7,128939879,IRF5,1
1.1463726122520554e-4,0.04400889318626557,1,4.047050201477957,0.11131984239870583,0.16601740847793736,0.056622276319474314,0.027506415007664733,92,chr17,1040836,cg12668854,0.11131984239870583,1.1463726122520554e-4,3.940674198125267,chr17,944076,ABR;ABR;ABR;ABR,17,1040836,ABR,1
1.1469511377939506e-4,0.04401155060510293,1,4.046908938049521,0.060979931680358,0.09094377460125895,0.031016088759457047,0.015068273740240954,92,chr16,75506910,cg22459179,0.060979931680358,1.1469511377939506e-4,3.940455083440033,chr16,75540808,,16,75506910,NA,1
1.1475599463856003e-4,0.04401536718992495,1,-4.046760353994403,-0.06410638793896352,-0.03260513475916956,-0.09560764111875747,0.015841409505676942,92,chr4,665492,cg01967511,-0.06410638793896352,1.1475599463856003e-4,3.940224618466544,chr4,659281,PDE6B;PDE6B;PDE6B,4,665492,PDE6B,1
1.1484911836077632e-4,0.04401644031194933,1,-4.046533225264468,-0.08520696109078046,-0.04333474214056709,-0.12707918004099383,0.021056780297463547,92,chr9,137575559,cg20758387,-0.08520696109078046,1.1484911836077632e-4,3.9398723343176227,chr9,140470011,DPH7,9,137575559,DPH7,1
1.1489097921483124e-4,0.04401644031194933,1,-4.0464311842399665,-0.0864553371402294,-0.04396857257048013,-0.12894210170997866,0.02136582415560544,92,chr20,37315358,cg03812149,-0.0864553371402294,1.1489097921483124e-4,3.939714069057733,chr20,35943761,MANBAL;MANBAL,20,37315358,MANBAL,1
1.1491160044038281e-4,0.04401644031194933,1,4.046380930563849,0.2366400628793051,0.3529335831818399,0.1203465425767703,0.05848190443264325,92,chr10,135382599,cg11862304,0.2366400628793051,1.1491160044038281e-4,3.9396361266385953,chr10,135382599,SYCE1;SPRNP1,10,135382599,SYCE1,1
1.1505892492790732e-4,0.04405334519020867,1,4.046022154206954,0.10600252174040622,0.15810062965461313,0.05390441382619931,0.02619919459170223,92,chr9,107548647,cg13142359,0.10600252174040622,1.1505892492790732e-4,3.939079688193874,chr9,110310928,,9,107548647,NA,1
1.1529222519804235e-4,0.04412312089873281,1,-4.045454903783466,-0.032873236385448784,-0.016714436267756084,-0.04903203650314149,0.008125967824954484,92,chr3,24140155,cg21250941,-0.032873236385448784,1.1529222519804235e-4,3.9381999786327557,chr3,24181646,THRB;THRB;THRB;THRB,3,24140155,THRB,1
1.155183918590158e-4,0.044145315259743606,1,-4.044906048915154,-0.07456082057580517,-0.03790556510405265,-0.11121607604755768,0.01843326388156838,92,chr6,30209039,cg05581314,-0.07456082057580517,1.155183918590158e-4,3.9373488655813684,chr6,30176816,TRIM26,6,30209039,TRIM26,1
1.155300726290464e-4,0.044145315259743606,1,-4.044877730369861,-0.07099457719657808,-0.036092297912970174,-0.10589685648018599,0.017551723915789755,92,chr12,106780223,cg17245846,-0.07099457719657808,1.155300726290464e-4,3.9373049536342863,chr12,107174001,RIC8B,12,106780223,RIC8B,1
1.1556686887685279e-4,0.044145315259743606,1,-4.04478854049522,-0.03921006230578118,-0.01993322770774477,-0.058486896903817594,0.009693970874675327,92,chr12,106879834,cg04379678,-0.03921006230578118,1.1556686887685279e-4,3.93716665316689,chr12,107273612,RIC8B,12,106879834,RIC8B,1
1.1557170540300465e-4,0.044145315259743606,1,-4.044776819338682,-0.06216841641156829,-0.03160448249442685,-0.09273235032870973,0.015370048630206691,92,chr1,164688315,cg15965716,-0.06216841641156829,1.1557170540300465e-4,3.9371484781251325,chr1,164688315,PBX1,1,164688315,PBX1,1
1.1560564395245256e-4,0.044145315259743606,1,4.044694583659827,0.0469901356479354,0.07009242269522067,0.02388784860065013,0.011617721604437324,92,chr13,79779979,cg08507334,0.0469901356479354,1.1560564395245256e-4,3.9370209628223054,chr13,80354114,,13,79779979,NA,1
1.1570314864137576e-4,0.0441630332618119,1,-4.044458451258196,-0.08221635385395067,-0.041793046395658784,-0.12263966131224255,0.020328148958576608,92,chr16,31473401,cg11215870,-0.08221635385395067,1.1570314864137576e-4,3.9366548223881925,chr16,31484722,TGFB1I1;TGFB1I1;TGFB1I1,16,31473401,TGFB1I1,1
1.1582365372782641e-4,0.04416871785065807,1,-4.044166881295058,-0.032330994990471096,-0.016433671473486938,-0.04822831850745525,0.00799447597971471,92,chr0,0,cg03414644,-0.032330994990471096,1.1582365372782641e-4,3.936202739102136,chr15,31122537,,0,0,NA,1
1.1583297950878197e-4,0.04416871785065807,1,-4.0441443290960875,-0.06215185865006588,-0.03159128622441499,-0.09271243107571678,0.015368358197037328,92,chr20,63657768,cg04871384,-0.06215185865006588,1.1583297950878197e-4,3.936167772391673,chr20,62289121,RTEL1;RTEL1;RTEL1;RTEL1;RTEL1-TNFRSF6B,20,63657768,RTEL1,1
1.1587137837723207e-4,0.04416871785065807,1,-4.044051488857529,-0.09057989588644531,-0.04604000475077958,-0.13511978702211105,0.022398304308443587,92,chr11,128302354,cg10243623,-0.09057989588644531,1.1587137837723207e-4,3.9360238267448664,chr11,128172249,,11,128302354,NA,1
1.1598301900309915e-4,0.04419178035166055,1,-4.0437817333777835,-0.0631885752617412,-0.03211545488050954,-0.09426169564297285,0.015626109277901007,92,chr18,9876553,cg19002094,-0.0631885752617412,1.1598301900309915e-4,3.9356055908859373,chr18,9876550,,18,9876553,NA,1
1.1612020269784173e-4,0.044213487495491574,1,-4.043450599650235,-0.03776902087304795,-0.019194501062520398,-0.0563435406835755,0.00934078949210237,92,chr12,9647262,cg03289764,-0.03776902087304795,1.1612020269784173e-4,3.935092214741179,chr12,9799858,LOC374443,12,9647262,LOC374443,1
1.1614231826665434e-4,0.044213487495491574,1,-4.043397252281676,-0.08143650978198476,-0.04138611963018536,-0.12148689993378416,0.020140615601405575,92,chr8,22169041,cg16427256,-0.08143650978198476,1.1614231826665434e-4,3.9350095094515902,chr8,22169041,PIWIL2;PIWIL2,8,22169041,PIWIL2,1
1.1625281214466301e-4,0.04423042732766748,1,-4.043130863941023,-0.07178071630308534,-0.03647670935389651,-0.10708472325227417,0.017753745480579727,92,chr7,44998660,cg14131691,-0.07178071630308534,1.1625281214466301e-4,3.934596532768006,chr7,45038259,CCM2,7,44998660,CCM2,1
1.1628918394965298e-4,0.04423042732766748,1,-4.043043228761068,-0.08181324627411299,-0.04157405432936137,-0.1220524382188646,0.020235560602497805,92,chr17,83085792,cg02245534,-0.08181324627411299,1.1628918394965298e-4,3.9344606770980786,chr17,81043668,METRNL,17,83085792,METRNL,1
1.1656209032346904e-4,0.044268753910531464,1,-4.042386518982869,-0.06092914496979024,-0.030956763102014423,-0.09090152683756605,0.015072567821921446,92,chr1,246425201,cg21985198,-0.06092914496979024,1.1656209032346904e-4,3.9334426729075243,chr1,246588503,SMYD3,1,246425201,SMYD3,1
1.1657944881518625e-4,0.044268753910531464,1,4.042344798211804,0.11966899312447678,0.1785374013418796,0.060800584907073955,0.02960385595444858,92,chr2,207236610,cg02796279,0.11966899312447678,1.1657944881518625e-4,3.933378002345524,chr2,208101334,,2,207236610,NA,1
1.1658064906055957e-4,0.044268753910531464,1,-4.042341913667588,-0.04828761644618097,-0.02453361742754986,-0.07204161546481208,0.011945455747549561,92,chrX,130166990,cg02184147,-0.04828761644618097,1.1658064906055957e-4,3.9333735310835256,chrX,129300964,AIFM1;AIFM1;AIFM1;AIFM1,23,130166990,AIFM1,1
1.1659486282548627e-4,0.044268753910531464,1,-4.0423077559586025,-0.09494569430685884,-0.04823891619034546,-0.14165247242337223,0.023487992512916223,92,chr22,20059616,cg18385125,-0.09494569430685884,1.1659486282548627e-4,3.933320584188438,chr22,20047139,TANGO2;TANGO2;TANGO2;TANGO2;TANGO2;TANGO2;TANGO2;TANGO2;TANGO2;TANGO2;TANGO2;TANGO2;TANGO2;TANGO2,22,20059616,TANGO2,1
1.1668788428022877e-4,0.04428461509728953,1,4.042084310719805,0.03632272401023594,0.05419200398449696,0.01845344403597492,0.00898613715550324,92,chr2,69273264,cg20161212,0.03632272401023594,1.1668788428022877e-4,3.9329742344721765,chr2,69500396,,2,69273264,NA,1
1.1691335155308674e-4,0.044350705255181304,1,4.041543428231555,0.1152999739837311,0.17203039019875543,0.058569557768706745,0.028528698511148382,92,chr21,38296552,cg08257579,0.1152999739837311,1.1691335155308674e-4,3.9321358893965694,chr21,39668474,KCNJ15;KCNJ15;KCNJ15;KCNJ15;KCNJ15;KCNJ15;KCNJ15;KCNJ15,21,38296552,KCNJ15,1
1.1702406773958507e-4,0.04437322605761207,1,-4.041278193124469,-0.10017108530083847,-0.05088121876710728,-0.14946095183456967,0.02478698087928273,92,chr1,179972253,cg20149255,-0.10017108530083847,1.1702406773958507e-4,3.931724809949861,chr1,179941388,CEP350,1,179972253,CEP350,1
1.1730064569839508e-4,0.044453821373245855,1,-4.0406166652705595,-0.08876730810857268,-0.04508159697896438,-0.13245301923818098,0.021968752658854073,92,chr10,114266625,cg27658938,-0.08876730810857268,1.1730064569839508e-4,3.9306995972410084,chr10,116026384,VWA2,10,114266625,VWA2,1
1.1737095211854107e-4,0.044453821373245855,1,-4.040448742803264,-0.06681180074144218,-0.033929849125432794,-0.09969375235745156,0.016535737734687396,92,chr19,51354844,cg26053175,-0.06681180074144218,1.1737095211854107e-4,3.9304393723862807,chr19,51858098,ETFB;ETFB,19,51354844,ETFB,1
1.1739366950919363e-4,0.044453821373245855,1,-4.040394504378477,-0.08935097611447482,-0.04537560228632159,-0.13332634994262804,0.02211441878203907,92,chr5,68419223,cg21931263,-0.08935097611447482,1.1739366950919363e-4,3.930355321924452,chr5,67715050,,5,68419223,NA,1
1.1744238767614991e-4,0.044453821373245855,1,-4.040278222307629,-0.07994967504083697,-0.04060015489058809,-0.11929919519108585,0.019788160775515415,92,chr1,55065777,cg14620967,-0.07994967504083697,1.1744238767614991e-4,3.93017512786367,chr1,55531450,,1,55065777,NA,1
1.1761792201921794e-4,0.044474381394711916,1,-4.039859634900887,-0.06579626463094848,-0.03340939498512202,-0.09818313427677494,0.016286769981443357,92,chr10,50627305,cg07468316,-0.06579626463094848,1.1761792201921794e-4,3.929526497638955,chr10,50627305,,10,50627305,NA,1
1.1776932802708953e-4,0.044474381394711916,1,-4.039499066358235,-0.07478597707241928,-0.037970818928266425,-0.11160113521657214,0.01851367603850983,92,chr2,28887176,cg12943080,-0.07478597707241928,1.1776932802708953e-4,3.928967802953487,chr2,28887176,,2,28887176,NA,1
1.1779729474740167e-4,0.044474381394711916,1,-4.039432513192377,-0.10016897098356403,-0.050857623978041944,-0.14948031798908612,0.02479778301937768,92,chr1,160164183,cg09945570,-0.10016897098356403,1.1779729474740167e-4,3.9288646831462533,chr1,160133973,ATP1A4,1,160164183,ATP1A4,1
1.1781308757527592e-4,0.044474381394711916,1,-4.03939493726889,-0.04195138048389335,-0.021299293278685544,-0.06260346768910116,0.010385560494923396,92,chr6,45521726,cg14458002,-0.04195138048389335,1.1781308757527592e-4,3.9288064621294874,chr6,45489463,RUNX2;RUNX2;RUNX2,6,45521726,RUNX2,1
1.1781969409996498e-4,0.044474381394711916,1,-4.039379219778623,-0.10310144353406034,-0.052345824448856076,-0.1538570626192646,0.025524081281903206,92,chr15,70731999,cg03208049,-0.10310144353406034,1.1781969409996498e-4,3.928782109174883,chr15,70731999,,15,70731999,NA,1
1.178896589773774e-4,0.044474381394711916,1,-4.039212819209435,-0.03543898978370646,-0.017992076283016176,-0.05288590328439674,0.008773736708095184,92,chr6,158569205,cg19640654,-0.03543898978370646,1.178896589773774e-4,3.928524288594724,chr6,158990237,TMEM181,6,158569205,TMEM181,1
1.1790405573497942e-4,0.044474381394711916,1,-4.039178590520461,-0.10986899819213242,-0.05577910557696032,-0.16395889080730452,0.027200827032006884,92,chr11,61601062,cg21029357,-0.10986899819213242,1.1790405573497942e-4,3.9284712555238532,chr11,61601062,FADS2;FADS2;FADS2,11,61601062,FADS2,1
1.1798896022802866e-4,0.044474381394711916,1,-4.038976809286399,-0.02482719977204785,-0.012603845768593665,-0.03705055377550204,0.006146903273860166,92,chr1,32406930,cg21506963,-0.02482719977204785,1.1798896022802866e-4,3.928158626052719,chr1,32872531,,1,32406930,NA,1
1.1799659287066599e-4,0.044474381394711916,1,-4.038958676625344,-0.033947113644731436,-0.017233611752973405,-0.05066061553648947,0.008404917297419625,92,chr3,9361840,cg13694898,-0.033947113644731436,1.1799659287066599e-4,3.9281305326839737,chr3,9403524,THUMPD3;THUMPD3,3,9361840,THUMPD3,1
1.1801136436422577e-4,0.044474381394711916,1,4.038923587587751,0.08272304518991555,0.12345121425646396,0.04199487612336713,0.02048145833809199,92,chr17,38900887,cg16991143,0.08272304518991555,1.1801136436422577e-4,3.92807616860044,chr17,37057140,LASP1;LASP1;LASP1,17,38900887,LASP1,1
1.1812300637480847e-4,0.044477616373358925,1,-4.038658523103877,-0.05328755382782685,-0.027050041203861206,-0.0795250664517925,0.013194369745049193,92,chr10,112332628,cg04505824,-0.05328755382782685,1.1812300637480847e-4,3.9276655082412084,chr10,114092386,GUCY2GP,10,112332628,GUCY2GP,1
1.1814450900375406e-4,0.044477616373358925,1,-4.038607498401257,-0.09792714598316264,-0.04970956033055282,-0.14614473163577246,0.024247750251027995,92,chr12,117050984,cg01968626,-0.09792714598316264,1.1814450900375406e-4,3.927586458244781,chr12,117488789,TESC;TESC;TESC,12,117050984,TESC,1
1.1817435728116361e-4,0.044477616373358925,1,-4.0385366846470125,-0.10065713422902578,-0.051094481858641995,-0.15021978659940957,0.024924159934385664,92,chr2,44741099,cg13299425,-0.10065713422902578,1.1817435728116361e-4,3.927476751030575,chr2,44968238,CAMKMT,2,44741099,CAMKMT,1
1.1876289744444043e-4,0.04467966711032133,1,-4.0371438931758625,-0.07945847941087571,-0.04032035303589353,-0.11859660578585789,0.019681854675823517,92,chr5,10294967,cg16459171,-0.07945847941087571,1.1876289744444043e-4,3.9253192155153487,chr5,10295079,CMBL,5,10294967,CMBL,1
1.1896033984262031e-4,0.04468941214596539,1,-4.036678125441922,-0.07550112500768934,-0.03830794499435683,-0.11269430502102185,0.018703776387775217,92,chr13,99500284,cg04651602,-0.07550112500768934,1.1896033984262031e-4,3.9245978038038234,chr13,100152538,LINC01232;TM9SF2,13,99500284,LINC01232,1
1.1897013861440589e-4,0.04468941214596539,1,-4.036655029410567,-0.04608031220782165,-0.02338021134310829,-0.068780413072535,0.011415469459759683,92,chr17,82134473,cg16849440,-0.04608031220782165,1.1897013861440589e-4,3.924562032409205,chr17,80092349,CCDC57,17,82134473,CCDC57,1
1.1898158470625496e-4,0.04468941214596539,1,-4.036628052902494,-0.0671091880244866,-0.03404961345142474,-0.10016876259754845,0.016625061101736248,92,chr10,104333936,cg11276172,-0.0671091880244866,1.1898158470625496e-4,3.924520251038901,chr10,106093694,ITPRIP,10,104333936,ITPRIP,1
1.1899565973100376e-4,0.04468941214596539,1,4.036594883856854,0.009118374504465138,0.013610338538398808,0.004626410470531469,0.002258927330292998,92,chr10,71314508,cg24520871,0.009118374504465138,1.1899565973100376e-4,3.924468878853274,chr10,73074265,,10,71314508,NA,1
1.193473963222053e-4,0.04479749322645193,1,4.035767205672046,0.10956753911838785,0.1635546157081923,0.05558046252858341,0.027149122715600833,92,chr2,20592249,cg22034855,0.10956753911838785,1.193473963222053e-4,3.92318705110409,chr2,20792009,,2,20592249,NA,1
1.1941755436896025e-4,0.04479749322645193,1,-4.035602395467003,-0.09463897281540203,-0.04800572565911445,-0.1412722199716896,0.023451015125202968,92,chr21,29130863,cg02451018,-0.09463897281540203,1.1941755436896025e-4,3.922931827266961,chr21,30503184,MAP3K7CL;MAP3K7CL;MAP3K7CL;MAP3K7CL;MAP3K7CL;MAP3K7CL;MAP3K7CL;MAP3K7CL,21,29130863,MAP3K7CL,1
1.1950394800647962e-4,0.04479749322645193,1,-4.035399573397741,-0.03675943591029551,-0.018645354928154154,-0.05487351689243687,0.009109243147226847,92,chr9,92537190,cg09241262,-0.03675943591029551,1.1950394800647962e-4,3.9226177468572154,chr9,95299472,ECM2;ECM2;ECM2;CENPP;CENPP,9,92537190,ECM2,1
1.195348812423964e-4,0.04479749322645193,1,-4.03532698717752,-0.12030848742226612,-0.06102256993701097,-0.17959440490752127,0.029813813801100424,92,chr16,88473833,cg08940169,-0.12030848742226612,1.195348812423964e-4,3.922505345589327,chr16,88540241,ZFPM1,16,88473833,ZFPM1,1
1.1966559235839781e-4,0.04479749322645193,1,-4.035020466579379,-0.06139458013336522,-0.031138107044437504,-0.09165105322229293,0.015215432150065756,92,chr10,74810113,cg17960717,-0.06139458013336522,1.1966559235839781e-4,3.922030705040346,chr10,76569871,,10,74810113,NA,1
1.1972646719114777e-4,0.04479749322645193,1,-4.034877823327963,-0.041996840324218514,-0.021299228450570987,-0.06269445219786604,0.010408454025896517,92,chr10,4847882,cg10856296,-0.041996840324218514,1.1972646719114777e-4,3.92180983217957,chr10,4890074,AKR1E2,10,4847882,AKR1E2,1
1.1974645314942272e-4,0.04479749322645193,1,-4.034831006964876,-0.04744675085573143,-0.02406294814831491,-0.07083055356314796,0.011759290729606625,92,chr12,132081746,cg12115397,-0.04744675085573143,1.1974645314942272e-4,3.9217373413826797,chr12,132566291,,12,132081746,NA,1
1.1975173346076043e-4,0.04479749322645193,1,-4.034818639284374,-0.12637916598202895,-0.06409387797342186,-0.18866445399063603,0.031322142896723575,92,chr8,130646123,cg21011036,-0.12637916598202895,1.1975173346076043e-4,3.921718191257917,chr8,131658369,,8,130646123,NA,1
1.1979140767336184e-4,0.04479749322645193,1,-4.0347257300610915,-0.043892269988566206,-0.02225970413310334,-0.06552483584402907,0.010878625444486312,92,chr21,34186281,cg00965635,-0.043892269988566206,1.1979140767336184e-4,3.9215743316451337,chr21,35558582,LINC00310,21,34186281,LINC00310,1
1.198018483395634e-4,0.04479749322645193,1,4.034701284976651,0.08793060055627742,0.13126798165783424,0.044593219454720605,0.021793583798555307,92,chr12,13104729,cg14271675,0.08793060055627742,1.198018483395634e-4,3.921536481466902,chr12,13257663,GSG1;GSG1;GSG1,12,13104729,GSG1,1
1.1997458611335333e-4,0.044837399288436844,1,-4.034297144619296,-0.025420713054469038,-0.012890632703411986,-0.03795079340552609,0.006301150397008725,92,chr5,179617051,cg03983890,-0.025420713054469038,1.1997458611335333e-4,3.920910739615977,chr5,179044052,HNRNPH1;HNRNPH1;HNRNPH1;HNRNPH1,5,179617051,HNRNPH1,1
1.200123410628621e-4,0.044837399288436844,1,4.034208886830792,0.011200994015332363,0.01672217767350354,0.005679810357161187,0.0027765032326156213,92,chr5,123099249,cg01360054,0.011200994015332363,1.200123410628621e-4,3.9207740924530303,chr5,122434944,PRDM6,5,123099249,PRDM6,1
1.2029831296274416e-4,0.04488545546100746,1,-4.033541249029733,-0.021520925366013757,-0.010911094782758668,-0.03213075594926885,0.0053354915785702225,92,chr11,119675669,cg12821291,-0.021520925366013757,1.2029831296274416e-4,3.919740463068371,chr11,119546379,PVRL1;PVRL1;PVRL1,11,119675669,PVRL1,1
1.2030300490919573e-4,0.04488545546100746,1,-4.033530307786931,-0.08969465344798276,-0.04547500942580418,-0.13391429747016134,0.02223725783709193,92,chr3,16300579,cg03332250,-0.08969465344798276,1.2030300490919573e-4,3.9197235247866393,chr3,16342086,OXNAD1,3,16300579,OXNAD1,1
1.2031016386782719e-4,0.04488545546100746,1,-4.033513614458586,-0.06408231090001665,-0.03248947236522261,-0.09567514943481069,0.015887466121424842,92,chr3,186996573,cg07337602,-0.06408231090001665,1.2031016386782719e-4,3.919697681677166,chr3,186714361,ST6GAL1;ST6GAL1,3,186996573,ST6GAL1,1
1.20394263439515e-4,0.04488545546100746,1,-4.0333175816078075,-0.10964757865885617,-0.055588251435110196,-0.16370690588260214,0.02718545625042182,92,chr8,6502915,cg12074090,-0.10964757865885617,1.20394263439515e-4,3.9193942059014253,chr8,6360436,ANGPT2;ANGPT2;ANGPT2;MCPH1,8,6502915,ANGPT2,1
1.2040067691634722e-4,0.04488545546100746,1,4.033302637434067,0.04254928059420958,0.06352734534993212,0.021571215838487038,0.010549488699236033,92,chr10,133442846,cg16437030,0.04254928059420958,1.2040067691634722e-4,3.9193710713821153,chr10,135256350,,10,133442846,NA,1
1.2060177582866442e-4,0.044939018999326785,1,-4.032834439798759,-0.062192558093112096,-0.031526211649699515,-0.09285890453652468,0.015421550034227426,92,chr7,24829498,cg17326663,-0.062192558093112096,1.2060177582866442e-4,3.918646297279519,chr7,24869117,OSBPL3;OSBPL3;OSBPL3;OSBPL3;OSBPL3;OSBPL3,7,24829498,OSBPL3,1
1.2064836287879694e-4,0.044939018999326785,1,4.032726082904659,0.05718360227240083,0.08538085497316726,0.0289863495716344,0.014179887524424444,92,chr14,71181817,cg27584139,0.05718360227240083,1.2064836287879694e-4,3.9184785668138655,chr14,71648534,,14,71181817,NA,1
1.2083065556333739e-4,0.044987528076850115,1,-4.03230247361398,-0.021597400660290807,-0.010946596646179332,-0.03224820467440229,0.005356096374618937,92,chr17,39539560,cg00941396,-0.021597400660290807,1.2083065556333739e-4,3.9178228682563945,chr17,39539560,KRT34,17,39539560,KRT34,1
1.210014484101516e-4,0.045015088227295365,1,-4.031906143545904,-0.07172461443314944,-0.036349991535400916,-0.10709923733089796,0.017789256961738307,92,chr22,32464727,cg05973279,-0.07172461443314944,1.210014484101516e-4,3.9172094310656034,chr22,32860714,,22,32464727,NA,1
1.2100886181135626e-4,0.045015088227295365,1,-4.031888952677697,-0.0672144547299185,-0.034064103962045976,-0.100364805497791,0.016670710805484705,92,chr17,49512910,cg26102082,-0.0672144547299185,1.2100886181135626e-4,3.917182823941028,chr17,47590272,NGFR,17,49512910,NGFR,1
1.2110033928001248e-4,0.04502929644107919,1,-4.0316769095421465,-0.036562676025799185,-0.01852891695047178,-0.05459643510112659,0.0090688507155082,92,chr22,26463373,cg16546993,-0.036562676025799185,1.2110033928001248e-4,3.9168546401168087,chr22,26859339,HPS4;HPS4;HPS4;HPS4,22,26463373,HPS4,1
1.2115127225940474e-4,0.04502929644107919,1,4.03155891440701,0.052546442689581495,0.07846461185154567,0.02662827352761732,0.01303377770365794,92,chr11,47995275,cg08025630,0.052546442689581495,1.2115127225940474e-4,3.9166720207973142,chr11,48016827,PTPRJ;PTPRJ,11,47995275,PTPRJ,1
1.2127089753490781e-4,0.04502995865261726,1,-4.031281968653618,-0.04944697436049458,-0.02505592096902279,-0.07383802775196638,0.01226581884993003,92,chr13,48302814,cg17419299,-0.04944697436049458,1.2127089753490781e-4,3.9162434081724204,chr13,48876950,RB1,13,48302814,RB1,1
1.2130264583335733e-4,0.04502995865261726,1,-4.031208511844768,-0.04695996764386584,-0.02379527527495272,-0.07012466001277896,0.011649104110066475,92,chr20,17678672,cg00990977,-0.04695996764386584,1.2130264583335733e-4,3.916129726270316,chr20,17659317,RRBP1;RRBP1,20,17678672,RRBP1,1
1.2130938046002668e-4,0.04502995865261726,1,-4.0311929321472055,-0.05381627954628145,-0.027269362232143653,-0.08036319686041925,0.013349963758151446,92,chr6,144886417,cg13568858,-0.05381627954628145,1.2130938046002668e-4,3.916105615254505,chr6,145207553,,6,144886417,NA,1
1.2139237561471897e-4,0.04503605302063638,1,4.0310010015746505,0.09163971703016935,0.13684662920144192,0.046432804858896795,0.022733737102613383,92,chr4,53716658,cg10129391,0.09163971703016935,1.2139237561471897e-4,3.9158085894752483,chr4,54582825,,4,53716658,NA,1
1.2143003029337751e-4,0.04503605302063638,1,-4.030913964707189,-0.12664377643393587,-0.06416761561917324,-0.18911993724869852,0.031418129372834544,92,chr11,61974948,cg08459368,-0.12664377643393587,1.2143003029337751e-4,3.9156738966389,chr11,61974948,SCGB2A1,11,61974948,SCGB2A1,1
1.2149094678302498e-4,0.04503931559178233,1,-4.0307732141719,-0.06679308185904266,-0.033841434670871494,-0.09974472904721382,0.016570786375230226,92,chr5,149913535,cg10521603,-0.06679308185904266,1.2149094678302498e-4,3.9154560834538574,chr5,149293098,PDE6A,5,149913535,PDE6A,1
1.216824049636015e-4,0.04509094923417932,1,4.030331281115121,0.008410308484863327,0.012559898508412902,0.00426071846131375,0.0020867536433720516,92,chr7,39566086,cg06908462,0.008410308484863327,1.216824049636015e-4,3.91477221535792,chr7,39605685,YAE1D1;YAE1D1,7,39566086,YAE1D1,1
1.219317790513751e-4,0.04515795791472106,1,-4.029756663135835,-0.08627497361632355,-0.04370140811418123,-0.1288485391184659,0.021409474771905204,92,chr2,201790415,cg16067528,-0.08627497361632355,1.219317790513751e-4,3.913883089558324,chr2,202655138,,2,201790415,NA,1
1.2209819783023086e-4,0.04515795791472106,1,4.029373821174514,0.015299388445888282,0.022849798203894437,0.007748978687882126,0.0037969642740739045,92,chr17,28898068,cg01221151,0.015299388445888282,1.2209819783023086e-4,3.9132907461956767,chr17,27225086,DHRS13;FLOT2,17,28898068,DHRS13,1
1.2210664900089906e-4,0.04515795791472106,1,-4.029354392842556,-0.08886666186783322,-0.04500981434982006,-0.13272350938584637,0.022054814048049314,92,chr1,29197329,cg16263722,-0.08886666186783322,1.2210664900089906e-4,3.913260687031529,chr1,29523841,MECR;MECR,1,29197329,MECR,1
1.2212194760073276e-4,0.04515795791472106,1,4.029319226289227,0.13078217574153086,0.19532543502725805,0.06623891645580368,0.03245763574358783,92,chr15,90928402,cg25907437,0.13078217574153086,1.2212194760073276e-4,3.91320627819006,chr15,91471632,,15,90928402,NA,1
1.221500853349172e-4,0.04515795791472106,1,-4.0292545577366,-0.10068772182304639,-0.050995797044796405,-0.15037964660129638,0.02498916868623135,92,chr11,69151974,cg11151176,-0.10068772182304639,1.221500853349172e-4,3.9131062252892286,chr11,69151974,,11,69151974,NA,1
1.2219188102197484e-4,0.04515795791472106,1,4.029158525684493,0.06974537140968794,0.10416728791893551,0.03532345490044037,0.017310158179452435,92,chr5,172798501,cg17454247,0.06974537140968794,1.2219188102197484e-4,3.9129576496130634,chr5,172225504,,5,172798501,NA,1
1.2222903327485508e-4,0.04515795791472106,1,-4.029073189095434,-0.04113171275170598,-0.020831263543078894,-0.061432161960333076,0.010208728117182814,92,chr10,69315988,cg16658191,-0.04113171275170598,1.2222903327485508e-4,3.9128256231161753,chr10,71075744,HK1;HK1;HK1;HK1,10,69315988,HK1,1
1.2238310946600334e-4,0.04519555932105373,1,-4.028719550360125,-0.09844727256735641,-0.04985461371440824,-0.14703993142030458,0.024436367768155085,92,chr3,52458858,cg07386061,-0.09844727256735641,1.2238310946600334e-4,3.912278516601282,chr3,52492874,NISCH,3,52458858,NISCH,1
1.2258583121231158e-4,0.04525108552489597,1,-4.028254909583331,-0.009551746945094511,-0.004836549605195387,-0.014266944284993636,0.0023711873154726726,92,chr17,4989735,cg03128860,-0.009551746945094511,1.2258583121231158e-4,3.9115597237972866,chr17,4893030,INCA1;INCA1;INCA1;INCA1,17,4989735,INCA1,1
1.2293804251382775e-4,0.04536172302067006,1,-4.027449387223232,-0.07319003781698549,-0.03705272204808871,-0.10932735358588228,0.018172801388684153,92,chr19,51961666,cg17521120,-0.07319003781698549,1.2293804251382775e-4,3.9103137062323325,chr19,51961666,SIGLEC8;SIGLEC8,19,51961666,SIGLEC8,1
1.2331908535136583e-4,0.04548289980561395,1,-4.026580415560768,-0.07179695052260554,-0.03633981624153113,-0.10725408480367996,0.01783075044152735,92,chr22,50546338,cg12557158,-0.07179695052260554,1.2331908535136583e-4,3.9089697050639836,chr22,50984767,,22,50546338,NA,1
1.235387616755064e-4,0.0455444829263704,1,-4.026080611638818,-0.03178027798337671,-0.016083546254282953,-0.047477009712470465,0.007893602003771238,92,chr12,54975366,cg22688241,-0.03178027798337671,1.235387616755064e-4,3.908196756245773,chr12,55369150,KIAA0748;KIAA0748,12,54975366,KIAA0748,1
1.237288924379496e-4,0.04557957462562344,1,-4.025648717170946,-0.05182390257639518,-0.026224593169306712,-0.07742321198348365,0.012873428909816752,92,chr16,89035349,cg26600461,-0.05182390257639518,1.237288924379496e-4,3.9075288746537478,chr16,89101757,,16,89035349,NA,1
1.23762106460984e-4,0.04557957462562344,1,-4.025573334681363,-0.08289091040191636,-0.04194475057318508,-0.12383707023064763,0.020591081942984264,92,chr9,128593204,cg05072637,-0.08289091040191636,1.23762106460984e-4,3.9074123074486664,chr9,131355483,MIR1268A;SPTAN1;SPTAN1;SPTAN1,9,128593204,MIR1268A,1
1.2379218198457935e-4,0.04557957462562344,1,-4.025505092067367,-0.07038607391090321,-0.035616419722732634,-0.10515572809907378,0.017485029158106277,92,chr19,29941195,cg22779717,-0.07038607391090321,1.2379218198457935e-4,3.907306782037783,chr19,30432102,URI1;URI1;URI1,19,29941195,URI1,1
1.2397274222651514e-4,0.04562661547722637,1,-4.025095727465474,-0.01904014230425121,-0.009633643884786311,-0.02844664072371611,0.0047303576345600175,92,chr2,242751796,cg20791593,-0.01904014230425121,1.2397274222651514e-4,3.9066737922725414,chr2,242751796,NEU4;NEU4;NEU4;NEU4;NEU4,2,242751796,NEU4,1
1.2410532485174712e-4,0.04565596623298722,1,-4.024795501345481,-0.10533091216751762,-0.05328986381363974,-0.15737196052139552,0.02617050037257936,92,chr10,100517047,cg23904266,-0.10533091216751762,1.2410532485174712e-4,3.9062095843020845,chr10,102276804,SEC31B,10,100517047,SEC31B,1
1.2428541401880532e-4,0.045689842059101045,1,-4.024388191718453,-0.11467142991578878,-0.05800975965080654,-0.17133310018077103,0.028494127418364924,92,chr16,81524485,cg25794430,-0.11467142991578878,1.2428541401880532e-4,3.9055798366265972,chr16,81558090,CMIP;CMIP,16,81524485,CMIP,1
1.243409323687568e-4,0.045689842059101045,1,4.024262739440253,0.009982142747632981,0.014914692324052032,0.005049593171213929,0.0024804898173774377,92,chr6,168227732,cg13237128,0.009982142747632981,1.243409323687568e-4,3.9053858804045043,chr6,168227732,MLLT4;MLLT4;MLLT4;MLLT4;MLLT4;MLLT4-AS1,6,168227732,MLLT4,1
1.243986854675005e-4,0.045689842059101045,1,-4.024132294415947,-0.0265345780200575,-0.013422426896892785,-0.03964672914322222,0.006593863242736323,92,chr17,2082419,cg23554907,-0.0265345780200575,1.243986854675005e-4,3.905184208851206,chr17,1985713,SMG6;SMG6;SMG6;SMG6,17,2082419,SMG6,1
1.2440889839410748e-4,0.045689842059101045,1,-4.024109232860222,-0.07015345835409678,-0.03548669189377399,-0.10482022481441958,0.01743328878382203,92,chr11,62164451,cg11205545,-0.07015345835409678,1.2440889839410748e-4,3.9051485554550904,chr11,62164451,,11,62164451,NA,1
1.2495373426574775e-4,0.04586449479761787,1,4.022881577931855,0.117227606418222,0.17517403304984572,0.05928117978659828,0.029140208118800293,92,chr16,69299066,cg15720713,0.117227606418222,1.2495373426574775e-4,3.9032507603716686,chr16,69332969,SNTB2,16,69299066,SNTB2,1
1.2502681166589436e-4,0.04586449479761787,1,-4.022717306541203,-0.08787185728266828,-0.04443440924950416,-0.1313093053158324,0.021843905645515495,92,chr19,19488738,cg20493175,-0.08787185728266828,1.2502681166589436e-4,3.902996843712504,chr19,19599547,GATAD2A;GATAD2A,19,19488738,GATAD2A,1
1.2510083944199717e-4,0.04586449479761787,1,-4.022550992679628,-0.030583282750061492,-0.015464509551417533,-0.04570205594870545,0.007602957129870563,92,chr1,16165243,cg10307802,-0.030583282750061492,1.2510083944199717e-4,3.9027397761274902,chr1,16165243,FLJ37453,1,16165243,FLJ37453,1
1.251559490243792e-4,0.04586449479761787,1,-4.022427242506571,-0.036675724528922815,-0.018544609417670804,-0.054806839640174826,0.009117809302143742,92,chr15,45169246,cg02806802,-0.036675724528922815,1.251559490243792e-4,3.902548502291827,chr15,45461444,SHF,15,45169246,SHF,1
1.2520006981420114e-4,0.04586449479761787,1,-4.02232820565974,-0.04425294516936208,-0.022375395138891942,-0.06613049519983222,0.011001823547639554,92,chr1,172437907,cg26659797,-0.04425294516936208,1.2520006981420114e-4,3.9023954289537532,chr1,172437907,C1orf105,1,172437907,C1orf105,1
1.252801089759682e-4,0.04586449479761787,1,-4.022148629160977,-0.06377501012981082,-0.03224483145664597,-0.09530518880297567,0.0158559556122406,92,chr10,78641067,cg20371265,-0.06377501012981082,1.252801089759682e-4,3.9021178775112193,chr10,80400824,,10,78641067,NA,1
1.2539711006010463e-4,0.04586449479761787,1,-4.021886322535393,-0.12522369734800315,-0.06330942947934343,-0.18713796521666287,0.031135563590236497,92,chr1,42825417,cg04036011,-0.12522369734800315,1.2539711006010463e-4,3.901712472272543,chr1,43291088,ERMAP;ERMAP,1,42825417,ERMAP,1
1.2539953334529346e-4,0.04586449479761787,1,4.021880892215203,0.09941692425561227,0.14857163315084407,0.050262215360380474,0.024719012551576245,92,chr17,34435939,cg03126708,0.09941692425561227,1.2539953334529346e-4,3.9017040796611324,chr17,34435939,,17,34435939,NA,1
1.2543982017071398e-4,0.04586449479761787,1,4.021790628539224,0.09248453246541072,0.1382126852388562,0.04675637969196525,0.022995859557960754,92,chr6,6469299,cg06558002,0.09248453246541072,1.2543982017071398e-4,3.901564577259466,chr6,6469532,LY86-AS1,6,6469299,LY86-AS1,1
1.2546836064870697e-4,0.04586449479761787,1,-4.021726699686611,-0.02665532507877262,-0.013475627669989998,-0.039835022487555244,0.006627831046015561,92,chr12,124424331,cg03747304,-0.02665532507877262,1.2546836064870697e-4,3.9014657763984,chr12,124908877,NCOR2;NCOR2,12,124424331,NCOR2,1
1.2550640294116327e-4,0.04586449479761787,1,-4.021641509061314,-0.02628767090844435,-0.013289484381548177,-0.03928585743534052,0.006536552512006502,92,chr2,233708989,cg08698580,-0.02628767090844435,1.2550640294116327e-4,3.9013341172818983,chr2,233708989,GIGYF2;GIGYF2;GIGYF2;GIGYF2,2,233708989,GIGYF2,1
1.2556282050635138e-4,0.04586449479761787,1,-4.021515215068286,-0.042401858198383165,-0.02143520153195447,-0.06336851486481186,0.010543751777814218,92,chr8,39770745,cg24084874,-0.042401858198383165,1.2556282050635138e-4,3.9011389373445127,chr8,39770745,IDO1,8,39770745,IDO1,1
1.255744298354501e-4,0.04586449479761787,1,-4.021489233665007,-0.03266357536792324,-0.016512151258680007,-0.04881499947716647,0.00812225856393879,92,chr12,64534982,cg06976575,-0.03266357536792324,1.255744298354501e-4,3.9010987850567664,chr12,64928762,,12,64534982,NA,1
1.2573335943290263e-4,0.0459031406931397,1,-4.021133784495608,-0.0924266429124561,-0.046719648187051224,-0.13813363763786096,0.02298521955892837,92,chr16,27246009,cg05696848,-0.0924266429124561,1.2573335943290263e-4,3.9005494805040715,chr16,27257330,NSMCE1,16,27246009,NSMCE1,1
1.2603123062628448e-4,0.045977122068049686,1,-4.020468749082984,-0.040827189844275746,-0.020633912600984305,-0.061020467087567185,0.010154833277484843,92,chr12,69644950,cg17341085,-0.040827189844275746,1.2603123062628448e-4,3.899521823072701,chr12,69644950,CPSF6;CPSF6,12,69644950,CPSF6,1
1.2609874021920342e-4,0.045977122068049686,1,-4.020318234910516,-0.07694649980592673,-0.03888705507737101,-0.11500594453448246,0.019139405218661597,92,chr13,99339091,cg10145411,-0.07694649980592673,1.2609874021920342e-4,3.899289252194415,chr13,99991345,UBAC2;UBAC2;UBAC2;MIR548AN,13,99339091,UBAC2,1
1.261960899627759e-4,0.045977122068049686,1,4.020101327488835,0.060376818355932664,0.09024214260287461,0.030511494108990726,0.015018730484001798,92,chr16,3256608,cg23508438,0.060376818355932664,1.261960899627759e-4,3.898954100986473,chr16,3306608,MEFV;MEFV;MEFV;MEFV,16,3256608,MEFV,1
1.262336177297939e-4,0.045977122068049686,1,4.020017753785386,0.13328702086686992,0.199218664169315,0.06735537756442482,0.03315582891179083,92,chr3,169809402,cg23439661,0.13328702086686992,1.262336177297939e-4,3.898824971159377,chr3,169527190,LRRC34;LRRC34;LRRC34,3,169809402,LRRC34,1
1.262744768066329e-4,0.045977122068049686,1,4.019926788407742,0.04330643046210627,0.06472883692023969,0.021884024003972852,0.010772940091095433,92,chr6,136129563,cg24481882,0.04330643046210627,1.262744768066329e-4,3.8986844222253376,chr6,136450701,PDE7B,6,136129563,PDE7B,1
1.2629616200181094e-4,0.045977122068049686,1,4.019878521693748,0.12527744496644228,0.18724922470469677,0.06330566522818779,0.031164485267494477,92,chr3,59818709,cg01556706,0.12527744496644228,1.2629616200181094e-4,3.8986098469645523,chr3,59804435,FHIT;FHIT,3,59818709,FHIT,1
1.2630843623523402e-4,0.045977122068049686,1,-4.019851205337724,-0.0805003903878068,-0.040678486583122196,-0.12032229419249141,0.020025713957002953,92,chr1,110209425,cg20966270,-0.0805003903878068,1.2630843623523402e-4,3.898567641621604,chr1,110752047,,1,110209425,NA,1
1.2664170167257034e-4,0.046079023066844214,1,-4.019110493276009,-0.04221034215741049,-0.021325897226897685,-0.06309478708792329,0.010502408985278856,92,chr1,33165288,cg24693189,-0.04221034215741049,1.2664170167257034e-4,3.897423262532607,chr1,33165288,SYNC;SYNC,1,33165288,SYNC,1
1.268163819783446e-4,0.046112250755647496,1,-4.018722997305945,-0.06462702653874763,-0.03264837748246046,-0.0966056755950348,0.016081483242829136,92,chr4,102815729,cg18954925,-0.06462702653874763,1.268163819783446e-4,3.896824641223606,chr4,103736886,UBE2D3;UBE2D3;UBE2D3;UBE2D3;UBE2D3;UBE2D3;UBE2D3;UBE2D3;UBE2D3,4,102815729,UBE2D3,1
1.2684402874333996e-4,0.046112250755647496,1,-4.018661715001849,-0.08534435856635218,-0.0431137461367913,-0.12757497099591306,0.021237009885096268,92,chr12,6235502,cg12004076,-0.08534435856635218,1.2684402874333996e-4,3.8967299726271674,chr12,6344668,CD9,12,6235502,CD9,1
1.2689310711186196e-4,0.046112250755647496,1,4.018552958583262,0.11324951123232631,0.16928983693391947,0.057209185530733155,0.028181664494537937,92,chr7,150719583,cg03450844,0.11324951123232631,1.2689310711186196e-4,3.896561968327569,chr7,150416671,GIMAP1,7,150719583,GIMAP1,1
1.2719675592408883e-4,0.04616075114226644,1,4.017880976262032,0.13877580565168193,0.20745903401827837,0.0700925772850855,0.03453955118919169,92,chr12,62702285,cg07395331,0.13877580565168193,1.2719675592408883e-4,3.895523964963024,chr12,63096065,PPM1H,12,62702285,PPM1H,1
1.272101277704854e-4,0.04616075114226644,1,-4.017851419421476,-0.07373950151753329,-0.037243916021215684,-0.1102350870138509,0.018352968743715,92,chr14,65302662,cg13311020,-0.07373950151753329,1.272101277704854e-4,3.8954783111739135,chr14,65769380,,14,65302662,NA,1
1.272197443717106e-4,0.04616075114226644,1,4.0178301649360195,0.06828400686923963,0.10207970581710168,0.03448830792137758,0.016995244713218734,92,chr9,107749919,cg01785646,0.06828400686923963,1.272197443717106e-4,3.8954454814058237,chr9,110512200,,9,107749919,NA,1
1.2724024155574327e-4,0.04616075114226644,1,-4.017784867472227,-0.11101226153798383,-0.05606851350017594,-0.1659560095757917,0.027630215454474232,92,chr4,120070641,cg13491848,-0.11101226153798383,1.2724024155574327e-4,3.8953755150894556,chr4,120991796,,4,120070641,NA,1
1.2741013887024918e-4,0.04620299048468467,1,-4.017409674514425,-0.09221585527867601,-0.0465708262168283,-0.13786088434052374,0.022954058149377538,92,chr8,1207238,cg03284050,-0.09221585527867601,1.2741013887024918e-4,3.894796010931601,chr8,1207238,,8,1207238,NA,1
1.276525282443541e-4,0.046271471303445916,1,-4.016875223510999,-0.08171523824998939,-0.041262425864957125,-0.12216805063502165,0.020342986451684,92,chr13,44359789,cg19485074,-0.08171523824998939,1.276525282443541e-4,3.893970579279641,chr13,44933925,,13,44359789,NA,1
1.2793838919514442e-4,0.04635564566027776,1,-4.016246170355488,-0.038343942601962215,-0.019358949142429478,-0.05732893606149495,0.009547209253502581,92,chr2,11786165,cg19993461,-0.038343942601962215,1.2793838919514442e-4,3.892999121557053,chr2,11926291,LPIN1;LPIN1;LPIN1,2,11786165,LPIN1,1
1.2804744229339546e-4,0.04637571389468662,1,-4.016006548056297,-0.10058919201734468,-0.05078213077705969,-0.15039625325762968,0.02504706872702405,92,chr1,198660864,cg08152411,-0.10058919201734468,1.2804744229339546e-4,3.8926290920019437,chr1,198629993,PTPRC;PTPRC;PTPRC;PTPRC,1,198660864,PTPRC,1
1.281986599305769e-4,0.04641102990210636,1,4.015674601344482,0.08262951781884718,0.12354717082940322,0.04171186480829115,0.02057674638059122,92,chr11,11849075,cg05348286,0.08262951781884718,1.281986599305769e-4,3.89211651450361,chr11,11870622,USP47;USP47,11,11849075,USP47,1
1.2831473168137877e-4,0.04643359799494423,1,-4.015420060106704,-0.059651505846188224,-0.030110557202432078,-0.08919245448994437,0.014855607869977885,92,chr2,240868689,cg10878205,-0.059651505846188224,1.2831473168137877e-4,3.891723479863182,chr2,241808106,AGXT,2,240868689,AGXT,1
1.283971848171531e-4,0.046443986627924864,1,-4.015239377430592,-0.06347623481593537,-0.03203976818498844,-0.0949127014468823,0.015808829524020733,92,chr19,4633994,cg02445229,-0.06347623481593537,1.283971848171531e-4,3.8914444983215204,chr19,4634006,,19,4633994,NA,1
1.2851150180166168e-4,0.046465887575275956,1,-4.014989054323276,-0.08234999434588018,-0.041563796792338494,-0.12313619189942188,0.020510639812879945,92,chr11,6250026,cg10652386,-0.08234999434588018,1.2851150180166168e-4,3.8910580011618485,chr11,6271256,,11,6250026,NA,1
1.285781904779385e-4,0.04647055644412025,1,4.014843122879525,0.12087983432056758,0.18075121677622735,0.061008451864907796,0.030108233527657777,92,chr10,135382597,cg00624017,0.12087983432056758,1.285781904779385e-4,3.8908326904968797,chr10,135382597,SYCE1;SPRNP1,10,135382597,SYCE1,1
1.290594824911434e-4,0.046625004144517784,1,-4.013792083517926,-0.07662207880287077,-0.03866147874743591,-0.11458267885830561,0.01908969802335018,92,chr6,137921541,cg22954836,-0.07662207880287077,1.290594824911434e-4,3.88921008068009,chr6,138242678,,6,137921541,NA,1
1.291643667152647e-4,0.04664339566474276,1,-4.013563537637284,-0.0800141468062223,-0.04037076943874421,-0.1196575241737004,0.01993593624615328,92,chr3,120192421,cg12861780,-0.0800141468062223,1.291643667152647e-4,3.8888572810264597,chr3,119911268,GPR156;GPR156,3,120192421,GPR156,1
1.295509551223539e-4,0.04676345738132513,1,-4.01272268420809,-0.06411600729148476,-0.032342779746003636,-0.09588923483696588,0.015978180486733044,92,chr5,134714588,cg01958776,-0.06411600729148476,1.295509551223539e-4,3.8875593808036775,chr5,134050278,SEC24A,5,134714588,SEC24A,1
1.2965742187357964e-4,0.04678234673356894,1,-4.012491535150615,-0.017890827931190355,-0.009024366688238267,-0.026757289174142444,0.004458782722520758,92,chr22,25722909,cg18852857,-0.017890827931190355,1.2965742187357964e-4,3.8872026182198476,chr22,26118876,ADRBK2,22,25722909,ADRBK2,1
1.297992701360078e-4,0.04681157800781997,1,-4.012183852272503,-0.0445639672656245,-0.02247695200326047,-0.06665098252798853,0.01110715981780931,92,chr10,100327694,cg23969297,-0.0445639672656245,1.297992701360078e-4,3.8867277495756767,chr10,102087451,PKD2L1;PKD2L1,10,100327694,PKD2L1,1
1.2984677751685407e-4,0.04681157800781997,1,-4.0120808761621705,-0.11120645673395294,-0.05608834449149191,-0.16632456897641396,0.027717900053981337,92,chr14,100144233,cg18550847,-0.11120645673395294,1.2984677751685407e-4,3.8865688240401797,chr14,100610570,EVL,14,100144233,EVL,1
1.3010794940104099e-4,0.046886173765975134,1,-4.011515409427067,-0.07189132085548865,-0.036254249340019556,-0.10752839237095774,0.017921237616723082,92,chr8,37454681,cg18627764,-0.07189132085548865,1.3010794940104099e-4,3.885696167884711,chr8,37312199,LINC01605,8,37454681,LINC01605,1
1.304248370232739e-4,0.046980776891761646,1,-4.010830771749633,-0.04893869589794382,-0.02467527318962551,-0.07320211860626213,0.012201635691698711,92,chr17,4003380,cg01798813,-0.04893869589794382,1.304248370232739e-4,3.884639697292473,chr17,3906674,,17,4003380,NA,1
1.306553883131015e-4,0.047017038826453805,1,-4.010333666088707,-0.11108474085272256,-0.05600296817968311,-0.166166513525762,0.027699625542895016,92,chr2,64485866,cg27300125,-0.11108474085272256,1.306553883131015e-4,3.883872674980726,chr2,64713000,,2,64485866,NA,1
1.3067497009315343e-4,0.047017038826453805,1,-4.010291483389986,-0.0367460871689984,-0.018525214575554495,-0.05496695976244231,0.00916294671377257,92,chr9,140310081,cg01596854,-0.0367460871689984,1.3067497009315343e-4,3.88380759062474,chr9,140310081,EXD3,9,140310081,EXD3,1
1.3068872983125888e-4,0.047017038826453805,1,-4.010261846049863,-0.08735442125295856,-0.04403863810928694,-0.13067020439663019,0.021782722576832062,92,chr10,111176063,cg04366765,-0.08735442125295856,1.3068872983125888e-4,3.883761862940758,chr10,112935821,,10,111176063,NA,1
1.3097522010374773e-4,0.047100498711233375,1,-4.009645448505459,-0.03975988095399158,-0.020041415503288296,-0.05947834640469486,0.009916059029311813,92,chr11,856942,cg09631059,-0.03975988095399158,1.3097522010374773e-4,3.8828108630478897,chr11,856942,TSPAN4;TSPAN4;TSPAN4;TSPAN4;TSPAN4;TSPAN4;TSPAN4,11,856942,TSPAN4,1
1.310861807710499e-4,0.04710168634156596,1,-4.009407058644885,-0.10061183928892407,-0.05071156323159781,-0.15051211534625034,0.025093944769710972,92,chr7,100642718,cg26369382,-0.10061183928892407,1.310861807710499e-4,3.8824430896311517,chr7,100240341,TFR2,7,100642718,TFR2,1
1.310875351228327e-4,0.04710168634156596,1,-4.009404150127174,-0.04144628296512043,-0.02089022836523991,-0.062002337565000946,0.010337267437558221,92,chr3,5162058,cg08350738,-0.04144628296512043,1.310875351228327e-4,3.8824386026252453,chr3,5203743,ARL8B,3,5162058,ARL8B,1
1.3119621274247257e-4,0.047121142823704554,1,-4.009170855033213,-0.059939979752380676,-0.03020990249548452,-0.08967005700927683,0.014950717223021447,92,chr2,207286347,cg02235628,-0.059939979752380676,1.3119621274247257e-4,3.882078701612688,chr2,208151071,,2,207286347,NA,1
1.3127398080221023e-4,0.04712948610643605,1,-4.009004026328777,-0.06314626128667165,-0.031824573205989665,-0.09446794936735364,0.015751109470572792,92,chr10,49166998,cg12292776,-0.06314626128667165,1.3127398080221023e-4,3.881821344845852,chr10,50375043,C10orf128;C10orf128;C10orf128;C10orf128;C10orf128;C10orf128;C10orf128;C10orf128;C10orf128;C10orf128,10,49166998,C10orf128,1
1.3135432109276124e-4,0.04713645933275696,1,-4.008831779158039,-0.056438897717329135,-0.028442980474178602,-0.08443481496047966,0.014078639570449325,92,chr15,38589319,cg06290138,-0.056438897717329135,1.3135432109276124e-4,3.8815556358899057,chr15,38881520,,15,38589319,NA,1
1.3140249693643192e-4,0.04713645933275696,1,-4.008728540046072,-0.007895520017606105,-0.003978930102209636,-0.011812109933002576,0.0019695821103205362,92,chr8,38279767,cg07862977,-0.007895520017606105,1.3140249693643192e-4,3.88139638214754,chr8,38279767,FGFR1;FGFR1;FGFR1;FGFR1;FGFR1,8,38279767,FGFR1,1
1.3148049317917107e-4,0.047144867693679274,1,-4.008561473814945,-0.08552584435817283,-0.04309879466154486,-0.1279528940548008,0.021335794627786498,92,chr11,43757832,cg21259720,-0.08552584435817283,1.3148049317917107e-4,3.8811386755624935,chr11,43779382,HSD17B12,11,43757832,HSD17B12,1
1.3182384106487276e-4,0.047224310157542256,1,-4.0078271585038445,-0.042316339321100065,-0.021320505947386263,-0.06331217269481387,0.010558424215304011,92,chr2,136000338,cg04677489,-0.042316339321100065,1.3182384106487276e-4,3.8800060380988546,chr2,136757908,DARS-AS1;DARS-AS1,2,136000338,DARS-AS1,1
1.318546362152346e-4,0.047224310157542256,1,-4.0077613868261714,-0.11058573712618215,-0.05571620324517867,-0.16545527100718563,0.027592894499579298,92,chr7,139647341,cg15535471,-0.11058573712618215,1.318546362152346e-4,3.8799045951288385,chr7,139332087,HIPK2;HIPK2,7,139647341,HIPK2,1
1.3186599164284694e-4,0.047224310157542256,1,4.00773713784421,0.06802253815469413,0.10177361349023306,0.034271462819155184,0.01697280430704193,92,chr14,24070816,cg13711543,0.06802253815469413,1.3186599164284694e-4,3.8798671949482397,chr14,24540025,CPNE6;CPNE6,14,24070816,CPNE6,1
1.320238834018861e-4,0.04726126880261255,1,-4.007400174755278,-0.06543896758057305,-0.032967064911305743,-0.09791087024984035,0.016329531548360837,92,chr16,2140355,cg01116831,-0.06543896758057305,1.320238834018861e-4,3.8793474968896478,chr16,2190356,,16,2140355,NA,1
1.3212719255586145e-4,0.04727792555433985,1,-4.007179907665918,-0.03832475694131667,-0.019306330614899066,-0.05734318326773428,0.009564022036544866,92,chr3,53704020,cg13603903,-0.03832475694131667,1.3212719255586145e-4,3.879007792819721,chr3,53738047,CACNA1D;CACNA1D;CACNA1D,3,53704020,CACNA1D,1
1.3217983426444082e-4,0.04727792555433985,1,-4.007067732954775,-0.04045305769820684,-0.020377913160797206,-0.060528202235616474,0.010095426479945506,92,chr7,99131920,cg11543304,-0.04045305769820684,1.3217983426444082e-4,3.8788347970115407,chr7,98729543,SMURF1;SMURF1,7,99131920,SMURF1,1
1.3227768875420317e-4,0.047293350969103094,1,-4.006859327692873,-0.07016494597152953,-0.03534323471454338,-0.10498665722851569,0.0175112077148788,92,chr1,8718264,cg10589840,-0.07016494597152953,1.3227768875420317e-4,3.8785134019807797,chr1,8778323,RERE;RERE,1,8718264,RERE,1
1.3240662873747387e-4,0.047301029232580366,1,-4.006584943847218,-0.04095477208980995,-0.02062819884834108,-0.061281345331278825,0.010221865420001355,92,chr5,139673036,cg03536798,-0.04095477208980995,1.3240662873747387e-4,3.8780902720561095,chr5,139052621,CXXC5,5,139673036,CXXC5,1
1.324086384265869e-4,0.047301029232580366,1,-4.006580669263937,-0.07069652078315543,-0.03560855746582574,-0.10578448410048512,0.017645101052250457,92,chr11,1503992,cg05068615,-0.07069652078315543,1.324086384265869e-4,3.8780836803146177,chr11,1525222,,11,1503992,NA,1
1.3265617951840964e-4,0.047353665261717796,1,-4.006054627717757,-0.08475888915329392,-0.04268599386143154,-0.1268317844451563,0.02115769679396033,92,chr6,138116905,cg16179732,-0.08475888915329392,1.3265617951840964e-4,3.877272514484991,chr6,138116905,,6,138116905,NA,1
1.3266557688765263e-4,0.047353665261717796,1,-4.006034676224168,-0.04905900764449851,-0.02470681530098641,-0.07341119998801061,0.012246276332969338,92,chr11,110119794,cg10573254,-0.04905900764449851,1.3266557688765263e-4,3.8772417501355942,chr11,109990519,ZC3H12C,11,110119794,ZC3H12C,1
1.3277322994388258e-4,0.04736119262612108,1,4.005806215358187,0.13031989956022932,0.19501253011622818,0.06562726900423047,0.032532751849199605,92,chr2,147629057,cg07790232,0.13031989956022932,1.3277322994388258e-4,3.8768894796337623,chr2,148386625,,2,147629057,NA,1
1.3279627858651184e-4,0.04736119262612108,1,4.005757324712598,0.067001209155289,0.10026195742248994,0.033740460888088054,0.016726227707789598,92,chr6,12001336,cg13869274,0.067001209155289,1.3279627858651184e-4,3.8768140952389967,chr6,12001569,LOC101928253,6,12001336,LOC101928253,1
1.3331129508599904e-4,0.04750892182169855,1,-4.0046669917472935,-0.06378121576157716,-0.03211031645166828,-0.09545211507148604,0.015926721470977668,92,chr20,33644637,cg14745607,-0.06378121576157716,1.3331129508599904e-4,3.8751330524938217,chr20,32232443,CBFA2T2;CBFA2T2;CBFA2T2,20,33644637,CBFA2T2,1
1.3332045220935552e-4,0.04750892182169855,1,-4.004647641922505,-0.015019395524331144,-0.007561399371909815,-0.022477391676752473,0.0037504911461126215,92,chr11,110130654,cg27660807,-0.015019395524331144,1.3332045220935552e-4,3.875103221926489,chr11,110001379,ZC3H12C,11,110130654,ZC3H12C,1
1.334812899723328e-4,0.04754662971647623,1,-4.004307984885906,-0.022053814856315967,-0.011101894886053846,-0.03300573482657809,0.005507522133551459,92,chr11,123558816,cg12548264,-0.022053814856315967,1.334812899723328e-4,3.8745796049453323,chr11,123429524,GRAMD1B;GRAMD1B;GRAMD1B,11,123558816,GRAMD1B,1
1.3361610419651996e-4,0.04757504065662592,1,-4.0040235865379294,-0.08589100042541889,-0.04323451749531037,-0.1285474833555274,0.021451172444187414,92,chr21,38742129,cg01324489,-0.08589100042541889,1.3361610419651996e-4,3.87414119498779,chr21,40114053,LINC00114;LINC00114;LINC00114,21,38742129,LINC00114,1
1.3376694049646213e-4,0.04760111340233233,1,-4.0037057146675865,-0.08216953068283253,-0.04135802018669363,-0.12298104117897143,0.020523369233109278,92,chr13,102742938,cg03255210,-0.08216953068283253,1.3376694049646213e-4,3.873651205955317,chr13,103395288,CCDC168,13,102742938,CCDC168,1
1.3379949876209883e-4,0.04760111340233233,1,4.0036371465995835,0.16708499265554275,0.2500732689656209,0.08409671634546463,0.041733300630766045,92,chr12,10184262,cg13366774,0.16708499265554275,1.3379949876209883e-4,3.8735455135133554,chr12,10336861,C12orf59,12,10184262,C12orf59,1
1.3394389744420999e-4,0.04763287525276089,1,-4.003333234078784,-0.030345771354325153,-0.015272398230458832,-0.045419144478191474,0.0075801262547927975,92,chr15,65837124,cg14349745,-0.030345771354325153,1.3394389744420999e-4,3.87307706829451,chr15,66129462,,15,65837124,NA,1
1.340522849246604e-4,0.04763435269022323,1,-4.003105319829835,-0.029821548100942515,-0.015007724156630568,-0.04463537204525446,0.007449603674731739,92,chr6,159775104,cg01576104,-0.029821548100942515,1.340522849246604e-4,3.8727257790573466,chr6,160196136,ACAT2;ACAT2,6,159775104,ACAT2,1
1.3413013552084324e-4,0.04763435269022323,1,-4.002941726724637,-0.0734983350185867,-0.03698661911280443,-0.11001005092436897,0.018361080434394907,92,chr12,111765995,cg06140190,-0.0734983350185867,1.3413013552084324e-4,3.8724736366146866,chr12,112203799,ALDH2;ALDH2,12,111765995,ALDH2,1
1.342030866084408e-4,0.04763435269022323,1,-4.002788511923006,-0.05252682496405457,-0.026432112486538793,-0.07862153744157035,0.01312255813855622,92,chr16,681417,cg19269111,-0.05252682496405457,1.342030866084408e-4,3.872237495481497,chr16,731417,STUB1;STUB1;STUB1;STUB1,16,681417,STUB1,1
1.3422320911089634e-4,0.04763435269022323,1,4.002746263888059,0.07371345071575013,0.11033381765939912,0.03709308377210114,0.018415719072871917,92,chr5,141509267,cg27187848,0.07371345071575013,1.3422320911089634e-4,3.872172381951755,chr5,140888834,PCDHGA8;PCDHGB5;PCDHGA9;PCDHGB6;PCDHGA10;PCDHGB7;PCDHGA11;PCDHGA11;PCDHGA12;PCDHGC3;PCDHGC3;PCDHGC4;PCDHGC5;PCDHGA1;PCDHGA2;PCDHGA3;PCDHGB1;PCDHGA4;PCDHGB2;PCDHGA5;PCDHGB3;PCDHGA6;PCDHGA7;PCDHGB4,5,141509267,PCDHGA8,1
1.3422366528191055e-4,0.04763435269022323,1,-4.00274530620835,-0.02766359636899442,-0.013920496805004345,-0.041406695932984496,0.006911155782529443,92,chr17,81069653,cg03708925,-0.02766359636899442,1.3422366528191055e-4,3.872170905960986,chr17,79043453,BAIAP2;BAIAP2;BAIAP2;BAIAP2,17,81069653,BAIAP2,1
1.34339689126688e-4,0.04765595691223551,1,-4.002501828488458,-0.06422898035565501,-0.032318488446771855,-0.09613947226453817,0.016047208248224847,92,chr6,31661422,cg18944099,-0.06422898035565501,1.34339689126688e-4,3.8717956610300326,chr6,31629199,C6orf47,6,31661422,C6orf47,1
1.3477319264931564e-4,0.04779012062958203,1,-4.001593895662649,-0.07534892941215401,-0.037905287384423086,-0.11279257143988494,0.01882972919711447,92,chr3,17749385,cg21050046,-0.07534892941215401,1.3477319264931564e-4,3.8703964834851696,chr3,17790877,,3,17749385,NA,1
1.3521142989802036e-4,0.04792585216129372,1,4.000678890291767,0.08550993967847229,0.1280126784525742,0.04300720090437039,0.02137385729356452,92,chr8,26438097,cg24901716,0.08550993967847229,1.3521142989802036e-4,3.8689865944016066,chr8,26295613,,8,26438097,NA,1
1.3551704216575847e-4,0.047994722260377806,1,-4.000042476988681,-0.04500836948954734,-0.02263338786353944,-0.06738335111555524,0.011251972884905617,92,chr7,132694521,cg25627789,-0.04500836948954734,1.3551704216575847e-4,3.8680060859471648,chr7,132694521,CHCHD3,7,132694521,CHCHD3,1
1.3554133435949675e-4,0.047994722260377806,1,-3.9999919494768315,-0.057914436212741074,-0.029123106295820586,-0.08670576612966156,0.014478638193338325,92,chr12,68253718,cg13195526,-0.057914436212741074,1.3554133435949675e-4,3.867928243189768,chr12,68647498,IL22,12,68253718,IL22,1
1.3557234958384894e-4,0.047994722260377806,1,3.999927450749021,0.09542908374456939,0.14287104670387724,0.04798712078526155,0.02385770365077483,92,chr9,134123882,cg02053952,0.09542908374456939,1.3557234958384894e-4,3.867828877192051,chr9,136989004,,9,134123882,NA,1
1.3570550345173168e-4,0.04802218764079477,1,3.999650706905745,0.1093228968675481,0.16367584131689766,0.05496995241819855,0.02733311103361916,92,chr5,111077973,cg18897025,0.1093228968675481,1.3570550345173168e-4,3.8674025394423044,chr5,110413671,TSLP;TSLP,5,111077973,TSLP,1
1.3582999494407807e-4,0.04804656643099261,1,-3.999392202135389,-0.08160178339195907,-0.0410285457016252,-0.12217502108229294,0.020403546155935787,92,chr21,20259713,cg03337349,-0.08160178339195907,1.3582999494407807e-4,3.8670043154732285,chr21,21632026,,21,20259713,NA,1
1.359636983482373e-4,0.0480566865646829,1,-3.9991148218409576,-0.06498706607941857,-0.03267259384205409,-0.09730153831678304,0.0162503626363752,92,chr19,46195550,cg09182835,-0.06498706607941857,1.359636983482373e-4,3.8665770306851335,chr19,46698807,,19,46195550,NA,1
1.3596982782039467e-4,0.0480566865646829,1,-3.999102111944566,-0.04842170355039708,-0.024344193017266275,-0.07249921408352789,0.01210814382702821,92,chr7,28181537,cg20622087,-0.04842170355039708,1.3596982782039467e-4,3.86655745240089,chr7,28221156,JAZF1;JAZF1-AS1,7,28181537,JAZF1,1
1.3605392488041758e-4,0.04806169230798217,1,-3.9989277861616235,-0.07904482347634668,-0.039738367964733665,-0.1183512789879597,0.019766504348961492,92,chr11,62230113,cg23473561,-0.07904482347634668,1.3605392488041758e-4,3.866288925186533,chr11,62230113,AHNAK,11,62230113,AHNAK,1
1.360952252354127e-4,0.04806169230798217,1,-3.998842211994576,-0.026579189012352945,-0.013361927950509025,-0.03979645007419687,0.006646721126587177,92,chr6,134861612,cg05523652,-0.026579189012352945,1.360952252354127e-4,3.86615711131605,chr6,134861612,LOC101928304;LOC101928304,6,134861612,LOC101928304,1
1.3623561173042287e-4,0.04809161615525669,1,-3.998551517793051,-0.03883488376478866,-0.01952172439922058,-0.058148043130356736,0.009712237942159382,92,chr16,88210325,cg20955193,-0.03883488376478866,1.3623561173042287e-4,3.8657093538296294,chr16,88210325,,16,88210325,NA,1
1.3641963442522512e-4,0.04810945956260635,1,-3.9981709020676277,-0.07736184206712807,-0.038884996651896285,-0.11583868748235984,0.0193493084618071,92,chr8,144295106,cg18814314,-0.07736184206712807,1.3641963442522512e-4,3.8651231186175092,chr8,145518788,HSF1,8,144295106,HSF1,1
1.3644321073842693e-4,0.04810945956260635,1,-3.9981221745534237,-0.10672473126002376,-0.053643251754280794,-0.15980621076576673,0.026693714349023,92,chr7,99909638,cg17717565,-0.10672473126002376,1.3644321073842693e-4,3.8650480694641773,chr7,99507261,TRIM4;TRIM4,7,99909638,TRIM4,1
1.364531765105539e-4,0.04810945956260635,1,-3.9981015797270767,-0.0553963226682781,-0.027843815590020547,-0.08294882974653564,0.013855656631930705,92,chr17,44241442,cg09411728,-0.0553963226682781,1.364531765105539e-4,3.8650163498808716,chr17,42318810,,17,44241442,NA,1
1.3668949813143219e-4,0.0481731252811066,1,-3.9976136299487623,-0.03527114904748261,-0.017726172121447555,-0.05281612597351766,0.008823051028054123,92,chr2,27386489,cg27401388,-0.03527114904748261,1.3668949813143219e-4,3.864264851041333,chr2,27609356,PPM1G,2,27386489,PPM1G,1
1.3706887790392147e-4,0.04828713615101082,1,-3.9968319868872246,-0.02414779106690716,-0.012133572525560942,-0.03616200960825337,0.006041732838941202,92,chr1,211584630,cg22930140,-0.02414779106690716,1.3706887790392147e-4,3.863061142503904,chr1,211757972,,1,211584630,NA,1
1.373853420038484e-4,0.04837889896630384,1,-3.9961815552281417,-0.10346698553197992,-0.05198081441495873,-0.1549531566490011,0.025891462663055358,92,chr6,157860485,cg23877033,-0.10346698553197992,1.373853420038484e-4,3.8620596008021506,chr6,158281517,SNX9,6,157860485,SNX9,1
1.3751188399315918e-4,0.04840373506169307,1,-3.9959218742161715,-0.05211181064764966,-0.026178785270777823,-0.07804483602452149,0.013041248624980128,92,chr6,56983384,cg01404879,-0.05211181064764966,1.3751188399315918e-4,3.8616597678000595,chr6,56848182,BEND6,6,56983384,BEND6,1
1.3760260814319215e-4,0.048415948302995025,1,-3.9957358371482274,-0.038877477104406546,-0.01952951108703313,-0.05822544312177996,0.009729741576748866,92,chr2,31999070,cg17568131,-0.038877477104406546,1.3760260814319215e-4,3.8613733343311645,chr2,32224139,MEMO1;MEMO1,2,31999070,MEMO1,1
1.376723830823545e-4,0.04842078355123435,1,-3.995592838080032,-0.08362462332526151,-0.04200607200598823,-0.12524317464453477,0.020929215441642682,92,chr5,132672833,cg26787239,-0.08362462332526151,1.376723830823545e-4,3.8611531699670327,chr5,132008525,IL4;IL4,5,132672833,IL4,1
1.3801920279228892e-4,0.04848742522609367,1,-3.9948830836913753,-0.08973046908276468,-0.0450652081991122,-0.13439572996641716,0.022461350483341653,92,chr15,44555188,cg08639757,-0.08973046908276468,1.3801920279228892e-4,3.8600604854353797,chr15,44847386,EIF3J;EIF3J;EIF3J,15,44555188,EIF3J,1
1.380251667311426e-4,0.04848742522609367,1,-3.9948708936595003,-0.06412807847611646,-0.03220685790791159,-0.09604929904432133,0.016052603496623127,92,chr5,129096796,cg03214468,-0.06412807847611646,1.380251667311426e-4,3.860041719570027,chr5,128432489,MIR4633;ISOC1,5,129096796,MIR4633,1
1.3803019151282462e-4,0.04848742522609367,1,-3.9948606236160153,-0.0670102465240142,-0.03365427501278012,-0.10036621803524828,0.016774113752023406,92,chr5,68225905,cg26804336,-0.0670102465240142,1.3803019151282462e-4,3.8600259094443232,chr5,67521733,PIK3R1,5,68225905,PIK3R1,1
1.3815580160986314e-4,0.048502081456610266,1,-3.994604008234318,-0.08977642827742309,-0.0450851681689935,-0.13446768838585269,0.02247442502244566,92,chr16,30760762,cg23663627,-0.08977642827742309,1.3815580160986314e-4,3.859630872931721,chr16,30772083,RNF40;RNF40;RNF40;PHKG2;C16orf93;PHKG2;C16orf93,16,30760762,RNF40,1
1.3818416730641657e-4,0.048502081456610266,1,3.9945460894410165,0.10786318615362839,0.16155892451503545,0.05416744779222132,0.027002613998809162,92,chr8,133952755,cg11132229,0.10786318615362839,1.3818416730641657e-4,3.859541714164134,chr8,134964998,,8,133952755,NA,1
1.385046628159512e-4,0.04858816486121553,1,-3.9938924731004306,-0.0548726968709472,-0.027551863188925326,-0.08219353055296907,0.013739152278265996,92,chr6,24714161,cg05764393,-0.0548726968709472,1.385046628159512e-4,3.8585356056525972,chr6,24714389,C6orf62,6,24714161,C6orf62,1
1.3854187482993161e-4,0.04858816486121553,1,-3.993816677144041,-0.08220935877053918,-0.0412769648476638,-0.12314175269341457,0.020584159318330728,92,chr3,3061332,cg17963648,-0.08220935877053918,1.3854187482993161e-4,3.858418939531687,chr3,3103016,CNTN4-AS1,3,3061332,CNTN4-AS1,1
1.3861123852456944e-4,0.048592770382752025,1,-3.993675444543678,-0.052258268083607715,-0.026237731095679586,-0.07827880507153584,0.01308525662870404,92,chr6,119324903,cg04900927,-0.052258268083607715,1.3861123852456944e-4,3.858201555933935,chr6,119646068,MAN1A1,6,119324903,MAN1A1,1
1.3912019215172583e-4,0.0487514161753034,1,-3.9926412230531985,-0.08145039538758461,-0.04088395314900744,-0.12201683762616178,0.02040012884636275,92,chr2,99762930,cg12301981,-0.08145039538758461,1.3912019215172583e-4,3.8566098311607737,chr2,100379392,AFF3;AFF3,2,99762930,AFF3,1
1.3925842958789552e-4,0.048780077197097316,1,-3.9923609434154,-0.10463012554621698,-0.05251533957101209,-0.15674491152142186,0.026207581686416258,92,chr14,95149394,cg01901579,-0.10463012554621698,1.3925842958789552e-4,3.856178506655461,chr14,95615731,DICER1,14,95149394,DICER1,1
1.3938894682326324e-4,0.048806011821400555,1,3.992096561345884,0.016757662082157048,0.025104969372885234,0.00841035479142886,0.004197709605628232,92,chr6,26533239,cg07217851,0.016757662082157048,1.3938894682326324e-4,3.855771663282386,chr6,26533467,,6,26533239,NA,1
1.394985102371971e-4,0.04882459158302728,1,-3.9918748075155257,-0.07970955098959381,-0.04000251581532311,-0.11941658616386452,0.01996794860388011,92,chr3,182389480,cg02316660,-0.07970955098959381,1.394985102371971e-4,3.8554304303776195,chr3,182107268,,3,182389480,NA,1
1.3969539819003415e-4,0.04887370758571433,1,3.9914767300947145,0.10796907241768726,0.16175885377563742,0.0541792910597371,0.02704990651796315,92,chr11,94384167,cg24297706,0.10796907241768726,1.3969539819003415e-4,3.854817900067581,chr11,94384167,,11,94384167,NA,1
1.3983879172678454e-4,0.048904075899750835,1,3.991187148573882,0.011846918722293365,0.017749436812842932,0.005944400631743798,0.002968269409898874,92,chr1,93079182,cg05396182,0.011846918722293365,1.3983879172678454e-4,3.8543723372029297,chr1,93544739,MTF2;MTF2;MTF2;MTF2,1,93079182,MTF2,1
1.3996078821273977e-4,0.04892693974741727,1,-3.990941002158615,-0.0827322942152219,-0.04150984700882314,-0.12395474142162065,0.020730021859625025,92,chr9,69018971,cg12362791,-0.0827322942152219,1.3996078821273977e-4,3.8539936203797605,chr9,71633887,,9,69018971,NA,1
1.4007656965731578e-4,0.048947613353218254,1,3.9907075856785874,0.07765417894680744,0.11634865193847138,0.038959705955143496,0.019458749427165304,92,chr11,33256602,cg11343148,0.07765417894680744,1.4007656965731578e-4,3.8536345022554235,chr11,33278148,HIPK3;HIPK3;HIPK3,11,33256602,HIPK3,1
1.4014343589586274e-4,0.048951184485158276,1,-3.990572866945996,-0.017692886627095367,-0.008876361294220649,-0.026509411959970086,0.004433670858047961,92,chr2,128491322,cg01328158,-0.017692886627095367,1.4014343589586274e-4,3.853427239116445,chr2,129248896,,2,128491322,NA,1
1.4020640093332634e-4,0.04895339061791346,1,-3.990446064473928,-0.07363070865137311,-0.03693869507266186,-0.11032272223008435,0.018451748867599357,92,chr19,3569038,cg07937803,-0.07363070865137311,1.4020640093332634e-4,3.8532321587904326,chr19,3569036,,19,3569038,NA,1
1.4041044297577275e-4,0.04900319453203006,1,-3.9900355280685056,-0.037497992255588836,-0.018809887377109823,-0.056186097134067844,0.009397909364917571,92,chr10,7459471,cg08504510,-0.037497992255588836,1.4041044297577275e-4,3.852600590510402,chr10,7501433,,10,7459471,NA,1
1.4050469600904414e-4,0.04900319453203006,1,-3.989846082262436,-0.019384549033103663,-0.009723293472278976,-0.029045804593928352,0.004858470385431932,92,chr10,98463209,cg17047253,-0.019384549033103663,1.4050469600904414e-4,3.852309160337316,chr10,100222966,HPSE2;HPSE2;HPSE2;HPSE2,10,98463209,HPSE2,1
1.405191633536351e-4,0.04900319453203006,1,-3.9898170141130755,-0.0905439866182543,-0.04541655208668211,-0.1356714211498265,0.022693769237530297,92,chr4,86950963,cg04007514,-0.0905439866182543,1.405191633536351e-4,3.8522644446470293,chr4,87872115,AFF1,4,86950963,AFF1,1
1.4062985880841547e-4,0.04901455465430631,1,-3.989594696948502,-0.07784200519632589,-0.039043120000224675,-0.11664089039242712,0.019511256433106968,92,chr2,38585855,cg06755692,-0.07784200519632589,1.4062985880841547e-4,3.851922459266484,chr2,38812997,HNRNPLL;HNRNPLL,2,38585855,HNRNPLL,1
1.4066517874480376e-4,0.04901455465430631,1,-3.9895237968319694,-0.05757781881833816,-0.028878726632318524,-0.08627691100435779,0.014432253509569231,92,chr15,89770360,cg27519282,-0.05757781881833816,1.4066517874480376e-4,3.851813397594521,chr15,90313591,,15,89770360,NA,1
1.4089353409766877e-4,0.04903233658040925,1,-3.989065814968164,-0.10646988612101088,-0.05339493556558598,-0.1595448366764358,0.02669043105819516,92,chr1,192626884,cg21677940,-0.10646988612101088,1.4089353409766877e-4,3.851108937125824,chr1,192596014,,1,192626884,NA,1
1.4093145288440756e-4,0.04903233658040925,1,-3.988989835207986,-0.04828754251601068,-0.024215874548916824,-0.07235921048310454,0.012105205706419899,92,chr9,105243237,cg06054410,-0.04828754251601068,1.4093145288440756e-4,3.850992070838581,chr9,108005518,SLC44A1;SLC44A1,9,105243237,SLC44A1,1
1.4093524411193422e-4,0.04903233658040925,1,-3.9889822396142973,-0.08492807727906346,-0.04259077321305719,-0.12726538134506973,0.021290663176097603,92,chr2,32947733,cg02224988,-0.08492807727906346,1.4093524411193422e-4,3.8509803879458366,chr2,32947733,TTC27;TTC27,2,32947733,TTC27,1
1.409431721106201e-4,0.04903233658040925,1,-3.9889663567751525,-0.10557283612291266,-0.05294375038239764,-0.15820192186342769,0.026466213720654733,92,chr2,102803983,cg21028473,-0.10557283612291266,1.409431721106201e-4,3.850955958362835,chr2,103420442,TMEM182,2,102803983,TMEM182,1
1.4111641824042758e-4,0.04907285112889415,1,-3.9886194916161783,-0.015665757901403874,-0.007855546056872545,-0.023475969745935202,0.00392761403646858,92,chr5,14479129,cg06473231,-0.015665757901403874,1.4111641824042758e-4,3.850422455158391,chr5,14479238,TRIO,5,14479129,TRIO,1
1.412144999733726e-4,0.049087205382538156,1,-3.988423297954202,-0.0641678498782942,-0.03217519705001983,-0.09616050270656856,0.01608852548605061,92,chr3,197535273,cg06567042,-0.0641678498782942,1.412144999733726e-4,3.8501207074264983,chr3,197535273,LRCH3,3,197535273,LRCH3,1
1.4127350528908794e-4,0.04908797030260391,1,-3.988305332073371,-0.09168560046660484,-0.04597186141168146,-0.13739933952152822,0.022988611160054018,92,chr20,36875968,cg09241885,-0.09168560046660484,1.4127350528908794e-4,3.849939278955813,chr20,35504371,C20orf118,20,36875968,C20orf118,1
1.4140207553705946e-4,0.04911289645478337,1,3.9880484525705397,0.06535916830929288,0.0979488487135109,0.03276948790507486,0.01638875983745005,92,chr1,203513395,cg23172671,0.06535916830929288,1.4140207553705946e-4,3.8495442158030766,chr1,203482523,,1,203513395,NA,1
1.415994318748176e-4,0.04916168431236937,1,3.9876545757857706,0.10456455497574753,0.15670815030083685,0.05242095965065822,0.02622206938652478,92,chr2,111033022,cg12149081,0.10456455497574753,1.415994318748176e-4,3.848938489118896,chr2,111790599,ACOXL,2,111033022,ACOXL,1
1.419140201528736e-4,0.04924485453912404,1,3.987027818226098,0.10165750676679068,0.15235940259965258,0.050955610933928766,0.02549706483162186,92,chr17,7115943,cg26661623,0.10165750676679068,1.419140201528736e-4,3.8479746970425364,chr17,7019262,ASGR2;ASGR2;ASGR2,17,7115943,ASGR2,1
1.4195295811033013e-4,0.04924485453912404,1,-3.9869503343576955,-0.08680411361509842,-0.04350953754681647,-0.13009868968338037,0.021772057922834074,92,chr5,168226129,cg01454124,-0.08680411361509842,1.4195295811033013e-4,3.8478555529260245,chr5,167653134,TENM2,5,168226129,TENM2,1
1.4203265600269495e-4,0.04925273023677402,1,-3.9867918045118427,-0.09060627986537714,-0.045413531546908865,-0.13579902818384543,0.022726614357649236,92,chr2,67240896,cg25805321,-0.09060627986537714,1.4203265600269495e-4,3.8476117915940278,chr2,67468028,LOC101927661;LOC102800447,2,67240896,LOC101927661,1
1.4211943674257807e-4,0.049259084928332565,1,-3.986619282865097,-0.061351144779640286,-0.030748996284992808,-0.09195329327428776,0.015389266048888559,92,chr11,59725988,cg15999467,-0.061351144779640286,1.4211943674257807e-4,3.8473465224047403,chr11,59725988,OOSP1,11,59725988,OOSP1,1
1.421649869597726e-4,0.049259084928332565,1,-3.9865287686321973,-0.04113444887066035,-0.020615987507818345,-0.06165291023350236,0.010318362479740448,92,chr9,91414770,cg19131465,-0.04113444887066035,1.421649869597726e-4,3.8472073504593434,chr9,94177052,NFIL3;NFIL3;NFIL3,9,91414770,NFIL3,1
1.4225436881887127e-4,0.049270299528483066,1,-3.9863512359615436,-0.03607487785528613,-0.018079402707006195,-0.054070353003566066,0.009049598422198376,92,chr2,74861806,cg07631532,-0.03607487785528613,1.4225436881887127e-4,3.846934386973012,chr2,75088933,HK2,2,74861806,HK2,1
1.423772070571225e-4,0.04929308823430549,1,-3.9861074256829787,-0.03820637571340442,-0.019146465353704612,-0.05726628607310423,0.009584883605302772,92,chrX,19707469,cg12393402,-0.03820637571340442,1.423772070571225e-4,3.8465595306543685,chrX,19725587,SH3KBP1;SH3KBP1,23,19707469,SH3KBP1,1
1.4267018756746892e-4,0.04932648708753958,1,-3.985526728654634,-0.05713182123557551,-0.0286264728636911,-0.08563716960745991,0.014334823255560273,92,chr18,3653961,cg05825371,-0.05713182123557551,1.4267018756746892e-4,3.8456667677934893,chr18,3653961,DLGAP1;DLGAP1;DLGAP1;DLGAP1;DLGAP1;DLGAP1;DLGAP1;DLGAP1;DLGAP1,18,3653961,DLGAP1,1
1.4267328598856484e-4,0.04932648708753958,1,3.9855205935916853,0.016147513813207132,0.024204166046118844,0.008090861580295419,0.004051544442944468,92,chr18,596703,cg04567315,0.016147513813207132,1.4267328598856484e-4,3.845657336162425,chr18,596703,CLUL1,18,596703,CLUL1,1
1.427169499208099e-4,0.04932648708753958,1,-3.9854341499173622,-0.041654325649447224,-0.020870835469714608,-0.062437815829179844,0.010451640670141527,92,chrX,19801168,cg04812084,-0.041654325649447224,1.427169499208099e-4,3.8455244444051453,chrX,19819286,SH3KBP1;SH3KBP1,23,19801168,SH3KBP1,1
1.4274735356620375e-4,0.04932648708753958,1,-3.9853739732665447,-0.054828525915641226,-0.027471335075772166,-0.08218571675551029,0.0137574356342529,92,chr3,49726581,cg19978788,-0.054828525915641226,1.4274735356620375e-4,3.845431934516428,chr3,49726581,RNF123;MST1,3,49726581,RNF123,1
1.4277095449068136e-4,0.04932648708753958,1,-3.985327269422425,-0.07956359132138127,-0.03986414977662431,-0.11926303286613824,0.0199641299051739,92,chr5,58456295,cg03726490,-0.07956359132138127,1.4277095449068136e-4,3.8453601370099104,chr5,57752122,PLK2;PLK2,5,58456295,PLK2,1
1.4281616045906743e-4,0.04932648708753958,1,-3.985237832037794,-0.1060789778356566,-0.053148100534268015,-0.1590098551370452,0.026617979228962266,92,chr2,24517494,cg14300132,-0.1060789778356566,1.4281616045906743e-4,3.8452226468938973,chr2,24740363,,2,24517494,NA,1
1.4299034291156333e-4,0.049349244234383645,1,-3.984893475671318,-0.1067908336256988,-0.053500152540342454,-0.16008151471105514,0.026798918033237563,92,chr3,171374957,cg09374015,-0.1067908336256988,1.4299034291156333e-4,3.844693292338023,chr3,171092746,TNIK;TNIK;TNIK;TNIK;TNIK;TNIK;TNIK;TNIK;TNIK,3,171374957,TNIK,1
1.4299626404023442e-4,0.049349244234383645,1,-3.9848817767467684,-0.07822457971231343,-0.039188894463275066,-0.1172602649613518,0.019630338889545546,92,chr2,38578967,cg20619340,-0.07822457971231343,1.4299626404023442e-4,3.8446753088839287,chr2,38806109,HNRNPLL;HNRNPLL,2,38578967,HNRNPLL,1
1.4332863872379878e-4,0.04944420351714497,1,-3.984225816582676,-0.08641677588519278,-0.04328591522567781,-0.12954763654470774,0.021689728409850426,92,chr15,74762169,cg20385913,-0.08641677588519278,1.4332863872379878e-4,3.843667023859184,chr15,75054510,,15,74762169,NA,1
1.4359019394339859e-4,0.0495146661119616,1,-3.983710646879426,-0.05237121391943676,-0.02622921064655472,-0.07851321719231881,0.013146339822763205,92,chr2,240868671,cg12981971,-0.05237121391943676,1.4359019394339859e-4,3.842875217904902,chr2,241808088,AGXT,2,240868671,AGXT,1
1.4375037317327258e-4,0.04955012863120457,1,-3.98339559528617,-0.021806298886798497,-0.010920444216536412,-0.03269215355706058,0.005474299091107952,92,chr10,73439653,cg00521993,-0.021806298886798497,1.4375037317327258e-4,3.842391019216539,chr10,75199411,PPP3CB;PPP3CB;PPP3CB,10,73439653,PPP3CB,1
1.440031962019905e-4,0.04961748405276814,1,-3.9828990094459367,-0.0842217746945577,-0.042172442363570185,-0.12627110702554523,0.021145847407834185,92,chr6,34277491,cg20636743,-0.0842217746945577,1.440031962019905e-4,3.8416278684777865,chr6,34245268,,6,34277491,NA,1
1.4421378091372425e-4,0.04967023802477347,1,-3.9824860240141895,-0.09880303529571643,-0.04946861417453906,-0.1481374564168938,0.024809386574099476,92,chr3,69763647,cg06070625,-0.09880303529571643,1.4421378091372425e-4,3.8409932369202093,chr3,69812798,MITF;MITF,3,69763647,MITF,1
1.444678918773245e-4,0.04973793533927239,1,-3.981988446461759,-0.03196470725688994,-0.016002066266904928,-0.04792734824687496,0.008027322953508956,92,chr19,14533662,cg24143196,-0.03196470725688994,1.444678918773245e-4,3.840228664533476,chr19,14644474,TECR,19,14533662,TECR,1
1.4465904153658103e-4,0.04978391081717227,1,-3.98161470664177,-0.029944559563907756,-0.01498934293459133,-0.04489977619322418,0.007520707494363266,92,chr15,59696540,cg23041973,-0.029944559563907756,1.4465904153658103e-4,3.8396544167223325,chr15,59988739,,15,59696540,NA,1
1.4473629633712562e-4,0.04979066877082793,1,-3.9814637907202393,-0.06977059690728929,-0.0349237346625699,-0.10461745915200868,0.017523855690941226,92,chr11,128714272,cg03546183,-0.06977059690728929,1.4473629633712562e-4,3.839422544746643,chr11,128584167,FLI1;FLI1;FLI1;FLI1,11,128714272,FLI1,1
1.44902038665642e-4,0.04982649993916131,1,-3.9811402762464976,-0.07755125185983994,-0.03881520095163249,-0.11628730276804738,0.019479658208114405,92,chr3,101509464,cg20575173,-0.07755125185983994,1.44902038665642e-4,3.8389255042803065,chr3,101228308,SENP7;SENP7,3,101509464,SENP7,1
1.4496627242910763e-4,0.04982649993916131,1,-3.9810149929244165,-0.036392933285191685,-0.01821446618449181,-0.05457140038589156,0.00914162175974569,92,chr3,44340084,cg04385523,-0.036392933285191685,1.4496627242910763e-4,3.8387330281219003,chr3,44381576,C3orf23;C3orf23;C3orf23,3,44340084,C3orf23,1
1.4503061224788042e-4,0.04982649993916131,1,-3.9808895560708506,-0.09455236680610109,-0.04732145976947717,-0.141783273842725,0.02375156745102583,92,chr17,58193467,cg17374802,-0.09455236680610109,1.4503061224788042e-4,3.838540319646778,chr17,56270828,EPX,17,58193467,EPX,1
1.4507109148266723e-4,0.04982649993916131,1,-3.9808106651190025,-0.10017766685865437,-0.050135811768282704,-0.15021952194902605,0.025165142300396154,92,chr17,30380109,cg14164397,-0.10017766685865437,1.4507109148266723e-4,3.8384191214036267,chr17,28707127,CPD;CPD,17,30380109,CPD,1
1.4522126154561387e-4,0.04985096806320978,1,-3.980518179267733,-0.13064957712798103,-0.06538126119153491,-0.19591789306442714,0.03282225359714741,92,chr14,76959436,cg16270995,-0.13064957712798103,1.4522126154561387e-4,3.8379697948208076,chr14,77425779,,14,76959436,NA,1
1.4530068821531894e-4,0.04985096806320978,1,-3.980363597321687,-0.08870663443002935,-0.04438993919253573,-0.13302332966752298,0.02228606313496546,92,chr14,98984779,cg08817883,-0.08870663443002935,1.4530068821531894e-4,3.8377323286654503,chr14,99451116,,14,98984779,NA,1
1.4531539422604523e-4,0.04985096806320978,1,-3.980334985042696,-0.09279730214819266,-0.046436628600997704,-0.13915797569538763,0.023313942795494952,92,chr19,19179819,cg22002967,-0.09279730214819266,1.4531539422604523e-4,3.8376883755623665,chr19,19290628,MEF2BNB;MEF2BNB-MEF2B;MEF2BNB-MEF2B;MEF2BNB-MEF2B,19,19179819,MEF2BNB,1
1.4565497160840446e-4,0.0499397793905276,1,-3.9796750678594734,-0.052134316974181805,-0.02608417561897415,-0.07818445832938946,0.01310014412865697,92,chr3,71960927,cg20204776,-0.052134316974181805,1.4565497160840446e-4,3.836674687107395,chr3,72010078,,3,71960927,NA,1
1.4573355574268383e-4,0.0499397793905276,1,-3.9795225615987944,-0.09417795772983813,-0.047117916035719784,-0.14123799942395648,0.023665642365902715,92,chr1,211492962,cg04923746,-0.09417795772983813,1.4573355574268383e-4,3.8364404386486766,chr1,211666304,RD3;RD3,1,211492962,RD3,1
1.45779611451501e-4,0.0499397793905276,1,3.9794332190629667,0.031057044707036383,0.04657637287372063,0.015537716540352142,0.007804388966313488,92,chr7,26665116,cg27240207,0.031057044707036383,1.45779611451501e-4,3.8363032116372286,chr7,26704735,,7,26665116,NA,1
1.4580544094360844e-4,0.0499397793905276,1,3.9793831247932685,0.06725497728603301,0.10086297870447208,0.03364697586759394,0.01690085502624906,92,chr3,142850379,cg11454468,0.06725497728603301,1.4580544094360844e-4,3.836226269380897,chr3,142569221,PCOLCE2,3,142850379,PCOLCE2,1
1.4586897098431236e-4,0.049941744458809625,1,-3.979259949446605,-0.0821232312140046,-0.04108414063068864,-0.12316232179732056,0.02063781513580822,92,chr8,123512518,cg07473853,-0.0821232312140046,1.4586897098431236e-4,3.8360370807142137,chr8,124524758,FBXO32;FBXO32;FBXO32,8,123512518,FBXO32,1
1.4609450315789226e-4,0.049996989617228274,1,-3.9788230907594007,-0.02485564240135528,-0.012433274910142421,-0.03727800989256814,0.006246983551261968,92,chr3,45872007,cg23890383,-0.02485564240135528,1.4609450315789226e-4,3.8353661241964705,chr3,45913499,LZTFL1;LZTFL1,3,45872007,LZTFL1,1
1.4614604348901422e-4,0.049996989617228274,1,-3.9787233472097,-0.11683612204663585,-0.05844223280845102,-0.17523001128482069,0.029365228956814413,92,chr19,33161082,cg14343337,-0.11683612204663585,1.4614604348901422e-4,3.8352129375022175,chr19,33161082,ANKRD27,19,33161082,ANKRD27,1
