probeID,best_comparison,min_fdr,min_p,n_comparisons_pass,beta_best,gene,chromosome,position
cg19726630,severity_INDEPENDENT,0.03205520463519005,3.7094405423108496e-8,1,0.22037410929774293,CMTM8,3,32400704
cg05180182,severity_ATOPIC_C1_vs_C3,0.06934312997891288,1.379272946879293e-7,1,-0.08175608184869526,NA,10,3624563
cg06894541,severity_ATOPIC_C1_vs_C3,0.06934312997891288,2.2693130886317707e-7,1,-0.06675081444849297,NA,2,102182371
cg03181212,severity_ATOPIC_C1_vs_C3,0.06934312997891288,2.891661922904108e-7,1,-0.10511234644181457,AKAP13,15,85477232
cg19876836,severity_ATOPIC_C1_vs_C3,0.06934312997891288,3.209765410664461e-7,1,-0.01681170448722315,TNIK,3,171445826
cg26057482,severity_ATOPIC_C1_vs_C3,0.08837066671649063,9.345742963255778e-7,1,-0.08615587831958996,HMGXB3,5,150050361
cg17084751,severity_ATOPIC_C1_vs_C3,0.08837066671649063,1.2602922167002133e-6,1,-0.06639368793798658,ZNF215,11,6932327
cg21500092,severity_ATOPIC_C1_vs_C3,0.08837066671649063,1.4783566589805342e-6,1,-0.07697115364334554,UBE2G1,17,4341911
cg04968217,severity_ATOPIC_C1_vs_C3,0.08837066671649063,1.4895187253967254e-6,1,-0.06699576897183539,NA,15,58307339
cg26559621,severity_ATOPIC_C1_vs_C3,0.08837066671649063,1.5248954369950386e-6,1,-0.03094492531837843,TKT,3,53241887
cg17278724,severity_ATOPIC_C1_vs_C3,0.08837066671649063,1.546672464768593e-6,1,-0.09013757970308378,NA,1,229142381
cg03181373,severity_ATOPIC_C1_vs_C3,0.08837066671649063,1.6496316619648923e-6,1,-0.03619128723176727,PDPR,16,70151549
cg10549984,severity_ATOPIC_C1_vs_C3,0.08837066671649063,1.7162978540169526e-6,1,-0.0891965766564122,NA,1,207537034
cg15993159,severity_ATOPIC_C1_vs_C3,0.08837066671649063,1.729247538180453e-6,1,-0.0393499090052768,PITPNC1,17,67467925
cg24112090,severity_ATOPIC_C1_vs_C3,0.08837066671649063,1.8308230063168877e-6,1,-0.02123358155523451,RIN3,14,92519603
cg02633149,severity_ATOPIC_C1_vs_C3,0.08837066671649063,1.8406765013989991e-6,1,-0.07054668712434217,METRNL,17,83084906
cg01627992,severity_ATOPIC_C1_vs_C3,0.08837066671649063,1.8725033440998412e-6,1,-0.07199394143386531,URI1,19,29941253
cg10433549,severity_ATOPIC_C1_vs_C3,0.08837066671649063,1.9124179906343797e-06,1,-0.08190718421895493,NA,17,43395380
cg23339014,severity_ATOPIC_C1_vs_C3,0.08837066671649063,1.941973201502327e-6,1,-0.11645645332232955,PRKCH,14,61533773
cg21686287,severity_ATOPIC_C1_vs_C3,0.08837066671649063,2.2516097440238355e-6,1,-0.04671121153950046,EXOC6B,2,72794219
cg02741985,severity_ATOPIC_C1_vs_C3,0.08837066671649063,2.2751959545130036e-6,1,-0.08263662601754224,CCDC57,17,82101532
cg19466875,severity_ATOPIC_C1_vs_C3,0.08837066671649063,2.336981267144059e-6,1,-0.03351829498427854,AUTS2,7,69603082
cg14898318,severity_ATOPIC_C1_vs_C3,0.08837066671649063,2.3409401627298062e-6,1,-0.10884733438746982,OPA3,19,46045657
cg24440787,severity_ATOPIC_C1_vs_C3,0.08837066671649063,2.4060856110517733e-6,1,-0.01944051386947939,CTNND1,11,57583546
cg22864884,severity_ATOPIC_C1_vs_C3,0.08837066671649063,2.524356150758242e-6,1,-0.05576333039007607,NA,3,194575080
cg19528703,severity_ATOPIC_C1_vs_C3,0.08837066671649063,2.574126973683963e-6,1,-0.0394716865039198,FAM69A,1,92852007
cg18367488,severity_ATOPIC_C1_vs_C3,0.08837066671649063,2.6776397276667308e-6,1,-0.0840769774893405,NA,11,47916382
cg19448292,severity_ATOPIC_C1_vs_C3,0.08837066671649063,2.766375892086111e-6,1,-0.09716347921161313,C20orf118,20,36875661
cg01963353,severity_ATOPIC_C1_vs_C3,0.08837066671649063,2.907554917640284e-6,1,-0.08003457476307153,FKBP1A,20,1378231
cg12842511,severity_ATOPIC_C1_vs_C3,0.08837066671649063,2.965623333369857e-6,1,-0.05981678587390723,PTPRE,10,128052933
cg10393540,severity_ATOPIC_C1_vs_C3,0.09188639899905034,3.1988770107244853e-6,1,-0.01337360989249281,MRC2,17,62657233
cg18537383,severity_ATOPIC_C1_vs_C3,0.09188639899905034,3.3454344163947725e-6,1,-0.06485677347804494,MCPH1,8,6576254
cg06592918,severity_ATOPIC_C1_vs_C3,0.09188639899905034,3.538578928245456e-6,1,-0.11210134475205026,PQLC1,18,79943051
cg18492526,severity_ATOPIC_C1_vs_C3,0.09188639899905034,3.5773058642633605e-6,1,-0.08958865025901729,BIN3,8,22651289
cg21294295,severity_ATOPIC_C1_vs_C3,0.09188639899905034,3.6493267070713417e-6,1,-0.02075553038661723,NA,10,131923210
cg17624978,severity_ATOPIC_C1_vs_C3,0.09188639899905034,3.738680165722299e-6,1,-0.02406533847317395,SMYD3,1,246011807
cg17248139,severity_ATOPIC_C1_vs_C3,0.09188639899905034,4.018072039408379e-6,1,-0.04531129450088762,FLJ34503,6,113920710
cg24093028,severity_ATOPIC_C1_vs_C3,0.09188639899905034,4.119092541928095e-6,1,-0.05816448235219001,CARD14,17,78161110
cg01635668,severity_ATOPIC_C1_vs_C3,0.09188639899905034,4.198810406462451e-6,1,-0.04890887475108724,SLC24A3,20,19213673
cg08420885,severity_ATOPIC_C1_vs_C3,0.09188639899905034,4.214678168732377e-6,1,-0.04735873817702567,EP400,12,131959319
cg07410082,severity_ATOPIC_C1_vs_C3,0.09188639899905034,4.25325169641685e-6,1,-0.05253840313383861,NA,10,134140238
cg13290417,severity_ATOPIC_C1_vs_C3,0.09305861955131473,4.561850841848885e-6,1,-0.08374515834560374,OGDH,7,44670945
cg13859771,severity_ATOPIC_C1_vs_C3,0.09305861955131473,4.650361158942065e-6,1,-0.06046075144117464,ENTPD7,10,99661385
cg13698578,severity_ATOPIC_C1_vs_C3,0.09305861955131473,4.736274313906807e-6,1,-0.05611450855991445,PRKCH,14,61516085
cg15756055,severity_ATOPIC_C1_vs_C3,0.09305861955131473,4.738262782771837e-6,1,-0.03877729769439157,MAP4K3,2,39418814
cg11659652,severity_ATOPIC_C1_vs_C3,0.09433616981157608,4.912477945455109e-6,1,-0.10976838593181598,PTPRE,10,127999576
cg20337696,severity_ATOPIC_C1_vs_C3,0.09865387787147956,5.302822461381883e-6,1,-0.07043664124450731,SNX21,20,45836974
cg18783495,severity_ATOPIC_C1_vs_C3,0.09865387787147956,5.365644307899003e-6,1,-0.08702575711596154,IL1RN,2,113119227
cg15710961,severity_ATOPIC_C1_vs_C3,0.09919614897308204,5.509927826016647e-6,1,-0.05983337787249582,DST,6,56707793
cg07730263,severity_ATOPIC_C1_vs_C3,0.10080949719433918,5.739360447143099e-6,1,-0.0617263219417875,ITIH1,3,52776243
cg08086385,severity_ATOPIC_C1_vs_C3,0.10080949719433918,5.902227467772464e-6,1,-0.10085741769201235,RYBP,3,72381060
cg10704177,severity_ATOPIC_C1_vs_C3,0.10080949719433918,6.008265635554777e-6,1,-0.10927451427210493,INADL,1,62209607
cg16588712,severity_ATOPIC_C1_vs_C3,0.10080949719433918,6.066171060306101e-6,1,-0.03885564358674726,DLG5,10,79619316
cg09083139,severity_ATOPIC_C1_vs_C3,0.10149891756575596,6.7087966628880785e-6,1,-0.03173791849230487,SMURF2,17,64641631
cg10093671,severity_ATOPIC_C1_vs_C3,0.10149891756575596,6.754625829526778e-6,1,-0.01659911596592237,LOC101927539,17,57608742
cg17603188,severity_ATOPIC_C1_vs_C3,0.10149891756575596,6.761815398871009e-6,1,-0.04234685412803758,PLD5,1,242188827
cg16660617,severity_ATOPIC_C1_vs_C3,0.10149891756575596,6.785102534210676e-6,1,-0.05743371853808441,ZNRF1,16,75003686
cg18943946,severity_ATOPIC_C1_vs_C3,0.10149891756575596,6.933881302729893e-6,1,-0.05565017876999906,ZZEF1,17,4008771
cg07862235,severity_ATOPIC_C1_vs_C3,0.10149891756575596,7.063836206602424e-6,1,-0.04760590734865193,NA,8,122718465
cg24060744,severity_ATOPIC_C1_vs_C3,0.10149891756575596,7.177376368052269e-6,1,0.1004466544933233,NA,7,41005931
cg11134013,severity_ATOPIC_C1_vs_C3,0.10149891756575596,7.2638347706444815e-6,1,-0.05343407623202188,RALGDS,9,133136079
cg17489791,severity_ATOPIC_C1_vs_C3,0.10149891756575596,7.334290069343236e-6,1,-0.0841374549000459,TVP23B,17,18689481
cg06845438,severity_ATOPIC_C1_vs_C3,0.10149891756575596,7.480855847295323e-6,1,-0.03531573766684835,ZNF662,3,42905280
cg19682385,severity_ATOPIC_C1_vs_C3,0.10149891756575596,7.608719563559069e-6,1,-0.00728935021594892,P4HTM,3,48997249
cg23663201,severity_ATOPIC_C1_vs_C3,0.10149891756575596,7.618964276557267e-6,1,-0.08730051473478233,CD9,12,6235541
cg13212049,severity_ATOPIC_C1_vs_C3,0.10149891756575596,7.63457081829833e-6,1,-0.05437532892676616,NA,6,13992800
cg26205890,severity_ATOPIC_C1_vs_C3,0.10364476966328875,7.975246095099181e-6,1,-0.06683113541031534,ACOX1,17,75959758
cg09800745,severity_ATOPIC_C1_vs_C3,0.10364476966328875,8.035854302761954e-6,1,-0.06783644757350134,NA,12,104414797
cg09227119,severity_ATOPIC_C1_vs_C3,0.10588703598503917,8.332236049887825e-6,1,-0.09607456241052338,C20orf118,20,36876000
cg17518643,severity_ATOPIC_C1_vs_C3,0.10707771199780385,8.74741721573407e-6,1,-0.04199460717444003,UBAC2,13,99317019
cg22587211,severity_ATOPIC_C1_vs_C3,0.10707771199780385,8.813718176263273e-6,1,0.06785234127959366,NA,6,32883945
cg14617280,severity_ATOPIC_C1_vs_C3,0.10707771199780385,8.833724686962308e-6,1,-0.1022805221896722,CREG1,1,167542869
cg26150263,severity_ATOPIC_C1_vs_C3,0.10707771199780385,8.92157313046996e-6,1,-0.05401056994373942,NA,2,161067945
cg24600621,severity_ATOPIC_C1_vs_C3,0.1106401167272017,9.384997887494669e-6,1,-0.03544765807779757,SLC16A12,10,89502991
cg08653021,severity_ATOPIC_C1_vs_C3,0.1106401167272017,9.81732378234238e-6,1,-0.02589636810361527,F5,1,169556712
cg14401395,severity_ATOPIC_C1_vs_C3,0.1106401167272017,9.82608388958383e-6,1,-0.08200490419893709,C7orf43,7,100156004
cg24541864,severity_ATOPIC_C1_vs_C3,0.1106401167272017,9.946302458511135e-6,1,-0.06686185813385284,AHDC1,1,27542963
cg27661078,severity_ATOPIC_C1_vs_C3,0.1106401167272017,1.0053223965198462e-5,1,-0.04930506708299007,NA,6,14724711
cg15901933,severity_ATOPIC_C1_vs_C3,0.1106401167272017,1.0074432033231083e-5,1,0.06202523859211132,FCER2,19,7702680
cg10158330,severity_ATOPIC_C1_vs_C3,0.1106401167272017,1.0114620137949034e-5,1,-0.02541422386425793,CDYL2,16,80615063
cg06499166,severity_ATOPIC_C1_vs_C3,0.11262644094339068,1.078831926354446e-5,1,-0.02317304455068659,MTERF3,8,96260340
cg09458420,severity_ATOPIC_C1_vs_C3,0.11262644094339068,1.1261091911152286e-5,1,-0.0892933414711902,CAB39,2,230796602
cg06710259,severity_ATOPIC_C1_vs_C3,0.11262644094339068,1.1651366405401871e-5,1,-0.09400268604663008,NA,5,56480014
cg13264822,severity_ATOPIC_C1_vs_C3,0.11262644094339068,1.1657713172432426e-5,1,-0.06920183439425097,CREB3L2,7,137880544
cg02865193,severity_ATOPIC_C1_vs_C3,0.11262644094339068,1.17026967018024e-5,1,-0.07608129030767785,AKAP1,17,57106584
cg17287013,severity_ATOPIC_C1_vs_C3,0.11262644094339068,1.170597088564362e-5,1,-0.07845149435099708,BTRC,10,101380115
cg20378916,severity_ATOPIC_C1_vs_C3,0.11262644094339068,1.1716454420038846e-5,1,-0.05690150445282887,VPS39,15,42164773
cg12734151,severity_ATOPIC_C1_vs_C3,0.11262644094339068,1.1943914078030312e-5,1,-0.090403541078703,NA,18,35442016
cg01043901,severity_ATOPIC_C1_vs_C3,0.11262644094339068,1.2097306582877354e-5,1,-0.02948089123957495,NA,13,42487542
cg07161642,severity_ATOPIC_C1_vs_C3,0.11262644094339068,1.237317388252005e-5,1,-0.02302771294286063,LINC01307,1,101814534
cg17030628,severity_ATOPIC_C1_vs_C3,0.11262644094339068,1.2386674807701904e-5,1,-0.03473650689411605,IL20,1,206865663
cg23201841,severity_ATOPIC_C1_vs_C3,0.11262644094339068,1.250300733039549e-5,1,-0.05791237773558339,ELK4,1,205632985
cg14382708,severity_ATOPIC_C1_vs_C3,0.11262644094339068,1.2596490591509358e-5,1,-0.03837103410899669,LPCAT3,12,6996518
cg01881464,severity_ATOPIC_C1_vs_C3,0.11262644094339068,1.2664435250639612e-5,1,-0.01990148607027072,NA,21,32731768
cg19833642,severity_ATOPIC_C1_vs_C3,0.11262644094339068,1.2711417044215074e-5,1,-0.02195223198232991,ZNF521,18,25329109
cg06079621,severity_ATOPIC_C1_vs_C3,0.11262644094339068,1.2733427812523347e-5,1,-0.0590230920681441,GDA,9,72121765
cg03693099,severity_ATOPIC_C1_vs_C3,0.11262644094339068,1.275455056187901e-5,1,-0.07293632793807694,CEL,9,133061514
cg07415654,severity_ATOPIC_C1_vs_C3,0.11262644094339068,1.2758089296368364e-5,1,-0.02209534495506565,ANKRD28,3,15756343
cg20620049,severity_ATOPIC_C1_vs_C3,0.11262644094339068,1.2772511331863242e-5,1,-0.03793063176395498,NA,12,64534989
cg17179455,severity_ATOPIC_C1_vs_C3,0.11471253339126684,1.3156112021572442e-5,1,-0.1010525398359525,ETS1,11,128476906
cg25602071,severity_ATOPIC_C1_vs_C3,0.11471253339126684,1.3328253065544228e-5,1,-0.05150469852391552,NA,6,142693805
cg05664105,severity_ATOPIC_C1_vs_C3,0.11471253339126684,1.3772466975600071e-5,1,-0.02776003043781214,GRK5,10,119246705
cg01258949,severity_ATOPIC_C1_vs_C3,0.11471253339126684,1.379882574941628e-5,1,-0.04461121249525935,C11orf49,11,47071441
cg21588347,severity_ATOPIC_C1_vs_C3,0.11471253339126684,1.3811267448388882e-5,1,-0.07508728877114666,TOP1,20,39667871
cg11740027,severity_ATOPIC_C1_vs_C3,0.11471253339126684,1.4244220588613176e-5,1,-0.02820350348339358,SELO,22,50651198
cg27093835,severity_ATOPIC_C1_vs_C3,0.11471253339126684,1.4280062087135675e-5,1,-0.07087964533309145,FZR1,19,3516819
cg17597583,severity_ATOPIC_C1_vs_C3,0.11471253339126684,1.432036950360184e-5,1,-0.09615208489136802,NA,2,9831305
cg02654940,severity_ATOPIC_C1_vs_C3,0.11471253339126684,1.4398107295799166e-5,1,-0.05397924650678049,HMGA1,6,34238623
cg00453636,severity_ATOPIC_C1_vs_C3,0.11471253339126684,1.4407143476357297e-5,1,-0.06307799836704407,AXIN1,16,307298
cg21247590,severity_ATOPIC_C1_vs_C3,0.11471253339126684,1.4469290286486736e-5,1,-0.028586910898004268,NA,2,197205632
cg00728848,severity_ATOPIC_C1_vs_C3,0.11604902496959044,1.4848198072769552e-5,1,-0.03856899754918588,C6orf114,6,13483600
cg00709803,severity_ATOPIC_C1_vs_C3,0.11604902496959044,1.4906453692897246e-5,1,-0.01129211730734129,WDR73,15,84643257
cg08770935,severity_ATOPIC_C1_vs_C3,0.11685871938584916,1.5145687993796351e-5,1,-0.03922364049841017,NA,17,17352248
cg26145152,severity_ATOPIC_C1_vs_C3,0.11710628745680714,1.5522752994875764e-5,1,-0.06459229264271396,NA,1,67697926
cg05642098,severity_ATOPIC_C1_vs_C3,0.11710628745680714,1.5630332626375277e-5,1,-0.08054562339716606,BRE,2,28327890
cg16081786,severity_ATOPIC_C1_vs_C3,0.11710628745680714,1.5686898065902353e-5,1,-0.03923052167916401,VCL,10,74026579
cg21611669,severity_ATOPIC_C1_vs_C3,0.11710628745680714,1.6065390843071167e-5,1,-0.02669198185833244,NA,10,5305436
cg12337605,severity_ATOPIC_C1_vs_C3,0.11710628745680714,1.611967242125424e-5,1,-0.03120312501990685,TRIO,5,14477064
cg22469804,severity_ATOPIC_C1_vs_C3,0.11710628745680714,1.61602747753961e-5,1,-0.02647333674379426,TNIK,3,171131904
cg02179849,severity_ATOPIC_C1_vs_C3,0.11710628745680714,1.6604387397116585e-5,1,-0.07734759643125227,KANSL1,17,46046255
cg27626620,severity_ATOPIC_C1_vs_C3,0.11710628745680714,1.6648961666973254e-5,1,-0.08432101200614395,RPS6KA2,6,166758239
cg11249390,severity_ATOPIC_C1_vs_C3,0.11710628745680714,1.6649385048934868e-5,1,-0.04662840751346873,REPS1,6,138985063
cg13408940,severity_ATOPIC_C1_vs_C3,0.11710628745680714,1.6865930770854408e-5,1,-0.03115772796595124,BCL11A,2,60506053
cg16760840,severity_ATOPIC_C1_vs_C3,0.11710628745680714,1.6955845346289384e-5,1,-0.07358755801066538,CHP1,15,41233637
cg03437605,severity_ATOPIC_C1_vs_C3,0.11710628745680714,1.7069297730847882e-5,1,-0.05335046361868569,RHOBTB2,8,22989696
cg04549076,severity_ATOPIC_C1_vs_C3,0.11710628745680714,1.7661456811085323e-5,1,-0.07473647221074982,PRG2,11,57390035
cg14014370,severity_ATOPIC_C1_vs_C3,0.11710628745680714,1.7680078758138483e-5,1,-0.05610308727343478,SLC12A6,15,34319527
cg02941852,severity_ATOPIC_C1_vs_C3,0.11710628745680714,1.7807129251396543e-5,1,-0.04235161189296109,SRPK2,7,105389721
cg14248318,severity_ATOPIC_C1_vs_C3,0.11710628745680714,1.7996082388754732e-5,1,-0.05018295692169126,CKLF,16,66563464
cg02564259,severity_ATOPIC_C1_vs_C3,0.11710628745680714,1.8016855263713415e-5,1,-0.02658803674256267,SLC12A4,16,67944526
cg00133803,severity_ATOPIC_C1_vs_C3,0.11710628745680714,1.8372409809466343e-5,1,-0.01290286027268284,NA,1,232982505
cg04973399,severity_ATOPIC_C1_vs_C3,0.11710628745680714,1.8451710707508805e-5,1,-0.0873049265782472,MIR5095,16,48394014
cg25580656,severity_ATOPIC_C1_vs_C3,0.11710628745680714,1.8473638866368463e-5,1,-0.0775541152176162,ZFYVE21,14,103730823
cg17487617,severity_ATOPIC_C1_vs_C3,0.11710628745680714,1.8534003576277376e-5,1,-0.0738991213704747,METRNL,17,81041756
cg22747501,severity_ATOPIC_C1_vs_C3,0.11710628745680714,1.85516530179949e-5,1,-0.09913796648508529,CHN2,7,29193860
cg02821988,severity_ATOPIC_C1_vs_C3,0.11710628745680714,1.863630422977947e-5,1,-0.06786959872508151,ZBTB48,1,6585264
cg17907888,severity_ATOPIC_C1_vs_C3,0.11710628745680714,1.8725095607763315e-5,1,-0.06615720897726829,URI1,19,29941221
cg01116831,severity_ATOPIC_C1_vs_C3,0.11710628745680714,1.8767101735654e-5,1,-0.06856892757844565,NA,16,2140355
cg05271710,severity_ATOPIC_C1_vs_C3,0.11710628745680714,1.877748123064168e-5,1,-0.05132000317367525,NA,6,139611579
cg24736010,severity_ATOPIC_C1_vs_C3,0.11710628745680714,1.8880435721009876e-5,1,-0.01328122852577242,NA,11,110070539
cg07337598,severity_ATOPIC_C1_vs_C3,0.11710628745680714,1.8991348570837452e-5,1,-0.05773946960862813,ANXA9,1,150981467
cg02091562,severity_ATOPIC_C1_vs_C3,0.11710628745680714,1.9129380402798084e-5,1,-0.0319109310443567,BRD8,5,138171086
cg04331199,severity_ATOPIC_C1_vs_C3,0.11710628745680714,1.927520956977238e-5,1,0.08334258466292953,TCTEX1D1,1,67227248
cg24627621,severity_ATOPIC_C1_vs_C3,0.11710628745680714,1.962389891728781e-5,1,-0.09227726589776018,C6orf132,6,42141438
cg12460121,severity_ATOPIC_C1_vs_C3,0.11710628745680714,1.9738330187419557e-5,1,-0.04672329829293734,OR2B2,6,27913776
cg17043247,severity_ATOPIC_C1_vs_C3,0.11710628745680714,1.9821679688712328e-5,1,0.07938587190436323,HLA-DPB2,6,33116212
cg11996592,severity_ATOPIC_C1_vs_C3,0.11710628745680714,1.9926136880508957e-5,1,-0.04922129321507423,ZC3H3,8,143494924
cg22259880,severity_ATOPIC_C1_vs_C3,0.11710628745680714,1.994032740351044e-5,1,-0.04628671669995464,NA,12,110098725
cg17492104,severity_ATOPIC_C1_vs_C3,0.11710628745680714,2.0153730225083392e-5,1,-0.01173537316714046,TUBA1C,12,49256218
cg16093957,severity_ATOPIC_C1_vs_C3,0.11710628745680714,2.0415521693712417e-5,1,-0.04263291120585288,PEX11A,15,89691456
cg17964352,severity_ATOPIC_C1_vs_C3,0.11710628745680714,2.0562469149607808e-5,1,-0.0470792508135746,NA,6,111276708
cg12154164,severity_ATOPIC_C1_vs_C3,0.11710628745680714,2.0574436829274057e-5,1,-0.08298403201165087,PTAFR,1,28158023
cg05497656,severity_ATOPIC_C1_vs_C3,0.11710628745680714,2.081684436687516e-5,1,-0.01847516918301352,NA,19,56187022
cg09166450,severity_ATOPIC_C1_vs_C3,0.11710628745680714,2.085453625656292e-5,1,-0.10115771401381264,FBXW8,12,117000402
cg15197144,severity_ATOPIC_C1_vs_C3,0.11710628745680714,2.1102706552921627e-5,1,-0.09354632626662313,FZR1,19,3521012
cg14080050,severity_ATOPIC_C1_vs_C3,0.11710628745680714,2.1104764272305724e-5,1,0.06723010917604906,B4GALT1,9,33159027
cg17763566,severity_ATOPIC_C1_vs_C3,0.11710628745680714,2.1242562766037463e-5,1,-0.18711069855646145,HLA-DPB2,6,33083457
cg11770323,severity_ATOPIC_C1_vs_C3,0.11710628745680714,2.1369153260666217e-5,1,-0.0949990186571325,NDFIP2,13,79491897
cg26508444,severity_ATOPIC_C1_vs_C3,0.11710628745680714,2.1411503321378095e-5,1,-0.06216376787958465,FAM53B,10,124642276
cg21672524,severity_ATOPIC_C1_vs_C3,0.11712674479423742,2.155078322133577e-5,1,-0.06123561134662293,ETFB,19,51858253
cg16730961,severity_ATOPIC_C1_vs_C3,0.1172517027150232,2.170945902387973e-5,1,-0.02834750643325264,SERINC5,5,80204430
cg19613505,severity_ATOPIC_C1_vs_C3,0.11777768696695903,2.203613516398407e-5,1,-0.03344213456385068,NA,10,45599190
cg18597415,severity_ATOPIC_C1_vs_C3,0.11777768696695903,2.2079431961793025e-5,1,-0.05768533340923833,CLC,19,39738726
cg24655167,severity_ATOPIC_C1_vs_C3,0.11790993678635692,2.2319523997956805e-5,1,-0.03636959197230263,MYOM2,8,2085310
cg14776332,severity_ATOPIC_C1_vs_C3,0.11790993678635692,2.2462469555731875e-5,1,-0.0855710979245157,SLCO3A1,15,91956210
cg26548834,severity_ATOPIC_C1_vs_C3,0.11790993678635692,2.2644566476348856e-5,1,0.08202046643332632,FOXK1,7,4713320
cg04501943,severity_ATOPIC_C1_vs_C3,0.11790993678635692,2.2650007760828243e-5,1,-0.07249273204516218,NA,12,110766395
cg13765621,severity_ATOPIC_C1_vs_C3,0.1181955065117878,2.2841640807946477e-5,1,0.07465821831461036,CD1D,1,158179438
cg08761605,severity_ATOPIC_C1_vs_C3,0.11947273315045892,2.3226723040943145e-5,1,-0.044366599144119,PDE4D,5,59358367
cg26252077,severity_ATOPIC_C1_vs_C3,0.11951551184444592,2.345789311520499e-5,1,-0.08983765755296147,NFIA,1,61141383
cg04308687,severity_ATOPIC_C1_vs_C3,0.11951551184444592,2.3511647272188e-5,1,-0.08536048037828675,FRRS1,1,99766126
cg14947564,severity_ATOPIC_C1_vs_C3,0.12076094390051628,2.3896399484104975e-5,1,-0.09403772268930008,CAPG,2,85398015
cg14550227,severity_ATOPIC_C1_vs_C3,0.12214131630334343,2.4473377924933543e-5,1,0.04595456363846476,NA,4,31360999
cg17555715,severity_ATOPIC_C1_vs_C3,0.12214131630334343,2.4751655690779793e-5,1,-0.05955792230483755,IL1RL1,2,102336496
cg14331449,severity_ATOPIC_C1_vs_C3,0.12214131630334343,2.4916992240031065e-5,1,-0.0124480162388614,COLGALT2,1,183982945
cg15004902,severity_ATOPIC_C1_vs_C3,0.12214131630334343,2.4992693840219942e-5,1,-0.07509158854661614,UBR4,1,19179079
cg14655553,severity_ATOPIC_C1_vs_C3,0.12214131630334343,2.502546817610269e-5,1,-0.07835865184962684,P2RY2,11,73221034
cg11634289,severity_ATOPIC_C1_vs_C3,0.12214131630334343,2.5172762860742135e-5,1,-0.0160824545777937,LAMA3,18,23914117
cg22235258,severity_ATOPIC_C1_vs_C3,0.12214131630334343,2.534301988824864e-5,1,-0.09175752636586144,EHF,11,34653855
cg19471343,severity_ATOPIC_C1_vs_C3,0.12214131630334343,2.5440569286657623e-5,1,-0.07324377932962998,NA,3,183913383
cg15634144,severity_ATOPIC_C1_vs_C3,0.12214131630334343,2.5460232501244094e-5,1,-0.08949625109318253,RREB1,6,7119709
cg14702865,severity_ATOPIC_C1_vs_C3,0.12214131630334343,2.5582974119026704e-5,1,-0.09430099234133726,CTDSPL,3,37945564
cg00235289,severity_ATOPIC_C1_vs_C3,0.12462381446914876,2.624715817747928e-5,1,-0.07589751495917943,NA,9,19155073
cg24199220,severity_ATOPIC_C1_vs_C3,0.12517446333018867,2.6837749850973087e-5,1,-0.0895496625807544,NA,1,181151962
cg07145229,severity_ATOPIC_C1_vs_C3,0.12517446333018867,2.6898459549163997e-5,1,-0.00727528042165029,NA,8,98410300
cg08368905,severity_ATOPIC_C1_vs_C3,0.12517446333018867,2.691435156671985e-5,1,-0.06010647717959837,KIF1B,1,10381088
cg09700170,severity_ATOPIC_C1_vs_C3,0.12517446333018867,2.700423079020207e-5,1,-0.04112037275585126,WDR7,18,56660775
cg03353824,severity_ATOPIC_C1_vs_C3,0.12517446333018867,2.7143749921079944e-5,1,-0.01878485117189581,KRTAP29-1,17,41303306
cg18282041,severity_ATOPIC_C1_vs_C3,0.12517446333018867,2.7232245144460083e-5,1,-0.02069915691997316,C2orf61,2,47089466
cg13207340,severity_ATOPIC_C1_vs_C3,0.12536984216725344,2.7717046076303216e-5,1,-0.08535098444942726,MTA2,11,62599969
cg25165908,severity_ATOPIC_C1_vs_C3,0.12536984216725344,2.778895745922953e-5,1,-0.02576495883049179,CUX2,12,111038407
cg04317648,severity_ATOPIC_C1_vs_C3,0.12536984216725344,2.782620222596635e-5,1,-0.09172778842465255,LOC102724552,1,8425316
cg18387316,severity_ATOPIC_C1_vs_C3,0.12536984216725344,2.824170786181623e-5,1,-0.0910406120353814,NA,2,226137655
cg04447623,severity_ATOPIC_C1_vs_C3,0.12536984216725344,2.847869867772805e-5,1,-0.08771574907018238,FZR1,19,3516911
cg26529864,severity_ATOPIC_C1_vs_C3,0.12536984216725344,2.8526005556905987e-5,1,-0.04620737131111049,BOLA3,2,74148776
cg10650353,severity_ATOPIC_C1_vs_C3,0.12536984216725344,2.872775439450112e-5,1,-0.05542847000881961,EIF6,20,35280683
cg01201215,severity_ATOPIC_C1_vs_C3,0.12536984216725344,2.8842283303423824e-5,1,-0.062819711499051,ATOX1,5,151757869
cg14429436,severity_ATOPIC_C1_vs_C3,0.12536984216725344,2.8848252269789492e-5,1,-0.02057541568849625,RB1,13,48302467
cg22905973,severity_ATOPIC_C1_vs_C3,0.12536984216725344,2.891433959372589e-5,1,-0.04623390799891837,NA,5,138476631
cg10730362,severity_ATOPIC_C1_vs_C3,0.12536984216725344,2.900500616524689e-5,1,-0.03716639497924286,RPS6KA4,11,64358127
cg09827740,severity_ATOPIC_C1_vs_C3,0.12536984216725344,2.9199838288259114e-5,1,-0.07481779511615488,NA,3,183913457
cg11648274,severity_ATOPIC_C1_vs_C3,0.12536984216725344,2.9331429037315323e-5,1,-0.01001581168787855,NA,9,111678382
cg14176303,severity_ATOPIC_C1_vs_C3,0.12536984216725344,2.958297404890593e-5,1,-0.02385888764812187,SH3BP5-AS1,3,15261861
cg20893283,severity_ATOPIC_C1_vs_C3,0.12536984216725344,2.959296224436243e-5,1,-0.07097860957712424,CTNNBL1,20,37711986
cg24534006,severity_ATOPIC_C1_vs_C3,0.12536984216725344,2.959600602917045e-5,1,-0.03957474453605863,PRKCB,16,23866286
cg16917269,severity_ATOPIC_C1_vs_C3,0.12552437641640715,2.9777744153069677e-5,1,-0.05452530447922985,NA,20,49307121
cg01378515,severity_ATOPIC_C1_vs_C3,0.12615328945638463,3.00729242401976e-5,1,-0.05317869022738653,HEG1,3,125054262
cg18645861,severity_ATOPIC_C1_vs_C3,0.12660992332363613,3.033322531860348e-5,1,-0.0616381709915952,NA,1,160539778
cg02640489,severity_ATOPIC_C1_vs_C3,0.12660992332363613,3.089892384178456e-5,1,-0.06238031293174275,PNKD,2,218289212
cg13403259,severity_ATOPIC_C1_vs_C3,0.12660992332363613,3.1005325895410185e-5,1,-0.041260284841595093,NA,9,120383606
cg07066120,severity_ATOPIC_C1_vs_C3,0.12660992332363613,3.101651022002285e-5,1,-0.1107115894114786,NA,10,122544160
cg04336593,severity_ATOPIC_C1_vs_C3,0.12660992332363613,3.11376365141739e-5,1,-0.03748390689803154,TRERF1,6,42411928
cg04880269,severity_ATOPIC_C1_vs_C3,0.12660992332363613,3.120099314409384e-5,1,-0.02616771903199635,GEMIN5,5,154937203
cg27215768,severity_ATOPIC_C1_vs_C3,0.12660992332363613,3.1207372855625506e-5,1,-0.02897191083617681,PIK3AP1,10,98425148
cg18812843,severity_ATOPIC_C1_vs_C3,0.12673793638837125,3.1385587705764085e-5,1,-0.03433223641225626,ARID1B,6,157194992
cg08969102,severity_ATOPIC_C1_vs_C3,0.12701547517360506,3.162997857313114e-5,1,-0.07230852743663337,NA,5,134227841
cg20227944,severity_ATOPIC_C1_vs_C3,0.12701547517360506,3.188043315303074e-5,1,0.08351101496850548,CUX2,12,111067334
cg06587187,severity_ATOPIC_C1_vs_C3,0.12701547517360506,3.200015208124877e-5,1,-0.06359784214263982,RIMBP2,12,130484069
cg12776886,severity_ATOPIC_C1_vs_C3,0.12701547517360506,3.2186813085007695e-5,1,-0.04606014822135437,NA,4,145420848
cg15341243,severity_ATOPIC_C1_vs_C3,0.12701547517360506,3.2189231828450906e-5,1,-0.07141026078420011,LINC01214,3,150324995
cg09486450,severity_ATOPIC_C1_vs_C3,0.127408855559361,3.24363633053669e-5,1,-0.05546030852926779,PDE6A,5,149915806
cg04156383,severity_ATOPIC_C1_vs_C3,0.12770538702981815,3.2808139666349946e-5,1,-0.04204248289232856,PDE4DIP,1,144995889
cg16214290,severity_ATOPIC_C1_vs_C3,0.12770538702981815,3.30349234928487e-5,1,-0.05650266518161392,DESI1,22,41598244
cg11029191,severity_ATOPIC_C1_vs_C3,0.12770538702981815,3.310160094621401e-5,1,-0.04583452305039227,SIGLEC15,18,45838591
cg18355997,severity_ATOPIC_C1_vs_C3,0.12770538702981815,3.3434343389994315e-5,1,-0.07318797312118351,TLDC2,20,36875932
cg17718238,severity_ATOPIC_C1_vs_C3,0.12770538702981815,3.345660207261317e-5,1,-0.0662517240245537,ACSL1,4,184823177
cg04856858,severity_ATOPIC_C1_vs_C3,0.12770538702981815,3.351231202225163e-5,1,0.02859297244960179,AGAP1,2,235493371
cg10635061,severity_ATOPIC_C1_vs_C3,0.12770538702981815,3.3546323859423715e-5,1,-0.05635627857487196,FHL2,2,105438549
cg19052008,severity_ATOPIC_C1_vs_C3,0.1286110002779958,3.418293552565432e-5,1,0.09608924034151364,CASC8,8,127404905
cg12198633,severity_ATOPIC_C1_vs_C3,0.1286110002779958,3.427091171793413e-5,1,-0.0504304101612701,KLHL24,3,183640879
cg01552966,severity_ATOPIC_C1_vs_C3,0.1286110002779958,3.433847029287581e-5,1,-0.08089607580774369,DNMT3A,2,25305461
cg22158603,severity_ATOPIC_C1_vs_C3,0.1286110002779958,3.4402979452692596e-5,1,-0.07380219897852604,AXIN1,16,337629
cg06795981,severity_ATOPIC_C1_vs_C3,0.1286110002779958,3.452836082598319e-5,1,-0.07046689817770355,CLC,19,40228577
cg14117091,severity_ATOPIC_C1_vs_C3,0.1291895111374694,3.486991935650402e-5,1,-0.03487035429555309,NA,20,32342402
cg13077580,severity_ATOPIC_C1_vs_C3,0.1291895111374694,3.5139322184243284e-5,1,-0.02625114340397431,EXOG,3,38519192
cg16551883,severity_ATOPIC_C1_vs_C3,0.1291895111374694,3.528015636849069e-5,1,-0.01955425245981287,KIF17,1,20712025
cg12425700,severity_ATOPIC_C1_vs_C3,0.1291895111374694,3.53116500726791e-5,1,-0.06414247869264508,NA,4,74321062
cg11522179,severity_ATOPIC_C1_vs_C3,0.1291895111374694,3.54311673635891e-5,1,-0.07395960822276149,NA,17,21273151
cg09252873,severity_ATOPIC_C1_vs_C3,0.13059565204622534,3.596793757001272e-5,1,-0.03572414354995686,GFOD1,6,13408678
cg21821767,severity_ATOPIC_C1_vs_C3,0.1309627816593256,3.622060102456376e-5,1,0.06855440843550419,GLP2R,17,9865853
cg13677289,severity_ATOPIC_C1_vs_C3,0.13155227457051255,3.6752764004847976e-5,1,-0.01474316156770781,NA,9,98805366
cg06420033,severity_ATOPIC_C1_vs_C3,0.13155227457051255,3.681973200592708e-5,1,-0.04855487807175999,ASH2L,8,38106402
cg01576104,severity_ATOPIC_C1_vs_C3,0.13155227457051255,3.6840585751362155e-5,1,-0.02536167962005915,ACAT2,6,159775104
cg13141812,severity_ATOPIC_C1_vs_C3,0.13155227457051255,3.710104590879846e-5,1,-0.03949192218684611,NAPA,19,47511742
cg14529015,severity_ATOPIC_C1_vs_C3,0.13155227457051255,3.714480206630901e-5,1,-0.02219236050319567,SUSD3,9,93067889
cg06164953,severity_ATOPIC_C1_vs_C3,0.13306555947720475,3.772607373692957e-5,1,-0.0497847171380416,NA,1,26546574
cg22524346,severity_ATOPIC_C1_vs_C3,0.13329180985110142,3.794821035885875e-5,1,-0.06730290229000334,TPST1,7,65767274
cg22494062,severity_ATOPIC_C1_vs_C3,0.13329180985110142,3.809871068194259e-5,1,-0.02743402317867455,PARK7,1,8025379
cg13543576,severity_ATOPIC_C1_vs_C3,0.13342953569213348,3.829248193795664e-5,1,-0.04672466307803986,LOC731275,1,243263770
cg01367852,severity_ATOPIC_C1_vs_C3,0.13378529893580643,3.857575981750231e-5,1,-0.07518120924120919,PLCXD2,3,111712576
cg26789365,severity_ATOPIC_C1_vs_C3,0.13378529893580643,3.8704214922781646e-5,1,-0.06229247592191395,NA,10,131929544
cg15673896,severity_ATOPIC_C1_vs_C3,0.1342930658841879,3.90065168360788e-5,1,-0.08419909230819203,ADORA3,1,111503404
cg25975995,severity_ATOPIC_C1_vs_C3,0.135156500029857,3.941371194827294e-5,1,-0.06946083861058354,GATB,4,151687259
cg18200389,severity_ATOPIC_C1_vs_C3,0.13518647105811382,3.970362583616609e-5,1,-0.07697254604121635,TRIM26,6,30202563
cg26943037,severity_ATOPIC_C1_vs_C3,0.13518647105811382,4.013099897994889e-5,1,-0.07335917661168592,NA,4,139567579
cg20501911,severity_ATOPIC_C1_vs_C3,0.13518647105811382,4.056169496605197e-5,1,0.08392408804709425,RHBDF2,17,76483682
cg07496152,severity_ATOPIC_C1_vs_C3,0.13518647105811382,4.0564693248414e-5,1,-0.06210438344604391,IGSF3,1,117160732
cg05490881,severity_ATOPIC_C1_vs_C3,0.13518647105811382,4.078771739811626e-5,1,-0.05286389177644007,DLST,14,74888420
cg12350164,severity_ATOPIC_C1_vs_C3,0.13518647105811382,4.1106184313202534e-5,1,-0.06716390255701851,NA,1,117655321
cg00363153,severity_ATOPIC_C1_vs_C3,0.13518647105811382,4.1399116846071794e-5,1,-0.01930962711852827,BRD8,5,138170910
cg12629001,severity_ATOPIC_C1_vs_C3,0.13518647105811382,4.169833053736286e-5,1,-0.05126177089792758,RUSC2,9,35537852
cg16209064,severity_ATOPIC_C1_vs_C3,0.13518647105811382,4.170606089946608e-5,1,-0.02134053013408978,NA,4,186845437
cg17413460,severity_ATOPIC_C1_vs_C3,0.13518647105811382,4.1814012884200986e-5,1,-0.0693225377807756,HAL,12,95973524
cg00232450,severity_ATOPIC_C1_vs_C3,0.13518647105811382,4.1843330316553094e-5,1,-0.08631542994573947,SEMA3C,7,80791853
cg14206516,severity_ATOPIC_C1_vs_C3,0.13518647105811382,4.2209309183123624e-5,1,-0.05283602965239323,TNN,1,175130336
cg08603125,severity_ATOPIC_C1_vs_C3,0.13518647105811382,4.226383076269269e-5,1,-0.02294840278734294,SRPK1,6,35922420
cg09406856,severity_ATOPIC_C1_vs_C3,0.13518647105811382,4.235126310932398e-5,1,-0.07755698440558173,LRIG1,3,66441439
cg12799576,severity_ATOPIC_C1_vs_C3,0.13518647105811382,4.23729439219128e-5,1,-0.02854565670632375,DYNC1H1,14,102030263
cg19436514,severity_ATOPIC_C1_vs_C3,0.13518647105811382,4.254564726794852e-5,1,-0.02321439385427794,IFT172,2,27454645
cg17249529,severity_ATOPIC_C1_vs_C3,0.13518647105811382,4.275615480698541e-5,1,-0.07019186625649632,BICD2,9,92735740
cg02116255,severity_ATOPIC_C1_vs_C3,0.13518647105811382,4.284713464416306e-5,1,-0.03638347752105241,NA,9,70417834
cg18356280,severity_ATOPIC_C1_vs_C3,0.13518647105811382,4.2954872631117745e-5,1,-0.07273473653916736,JARID2,6,15341493
cg10447853,severity_ATOPIC_C1_vs_C3,0.13518647105811382,4.319930781761822e-5,1,-0.02022327849861921,ADIPOR1,1,202956243
cg26979537,severity_ATOPIC_C1_vs_C3,0.13518647105811382,4.339751807395001e-5,1,-0.04902120755673548,NAPA,19,47513603
cg06460944,severity_ATOPIC_C1_vs_C3,0.13518647105811382,4.3418368109216005e-5,1,-0.04028495843068619,SLC24A3,20,19213659
cg06346070,severity_ATOPIC_C1_vs_C3,0.13518647105811382,4.3644662541199235e-5,1,-0.04889659962682142,NSDHL,23,152843967
cg04229315,severity_ATOPIC_C1_vs_C3,0.13518647105811382,4.370550210972078e-5,1,-0.07020968992419707,CREB3L2,7,137963122
cg17700352,severity_ATOPIC_C1_vs_C3,0.13518647105811382,4.376767424591446e-5,1,-0.05687644843192095,ERN1,17,64091377
cg21741284,severity_ATOPIC_C1_vs_C3,0.13518647105811382,4.384925265051891e-5,1,-0.08279760158247738,CDKN1C,11,2886806
cg05310072,severity_ATOPIC_C1_vs_C3,0.13518647105811382,4.389427121644982e-5,1,-0.04455397806134142,PAM16,16,4347894
cg13538079,severity_ATOPIC_C1_vs_C3,0.13518647105811382,4.393919250924666e-5,1,-0.06533357581946189,RALGPS1,9,127131086
cg03119748,severity_ATOPIC_C1_vs_C3,0.13518647105811382,4.4171415539876096e-5,1,-0.05634305572793197,CAMK1D,10,12629812
cg06016120,severity_ATOPIC_C1_vs_C3,0.13518647105811382,4.439621711770673e-5,1,-0.08829051322775014,NA,3,5000043
cg18630390,severity_ATOPIC_C1_vs_C3,0.13518647105811382,4.445133238493352e-5,1,-0.08097297828545776,MAP1LC3B2,12,116996479
cg14164397,severity_ATOPIC_C1_vs_C3,0.13518647105811382,4.4568839756201016e-5,1,-0.09144463285894132,CPD,17,30380109
cg01357222,severity_ATOPIC_C1_vs_C3,0.13518647105811382,4.469201314564933e-5,1,0.0898455041508616,NA,6,137298006
cg08256839,severity_ATOPIC_C1_vs_C3,0.13518647105811382,4.4780103599967474e-5,1,-0.0892196025172006,ZNF507,19,32373856
cg14963666,severity_ATOPIC_C1_vs_C3,0.13518647105811382,4.495882952727684e-5,1,-0.06259029985939908,PTH2R,2,208489856
cg07490273,severity_ATOPIC_C1_vs_C3,0.13518647105811382,4.5054230812098776e-5,1,-0.09069189147346789,NA,20,11432574
cg17285440,severity_ATOPIC_C1_vs_C3,0.13552666861287724,4.5381341674088346e-5,1,-0.01437966213311839,CRTC3-AS1,15,90656303
cg00059879,severity_ATOPIC_C1_vs_C3,0.13552666861287724,4.548267021362041e-5,1,-0.0510500802033076,GALK2,15,49534692
cg15229632,severity_ATOPIC_C1_vs_C3,0.13552666861287724,4.579521655403784e-5,1,-0.01696131344550842,ZBED3-AS1,5,77139104
cg25460341,severity_ATOPIC_C1_vs_C3,0.13552666861287724,4.598977986679811e-5,1,-0.0616302333724961,CDH23,10,73556688
cg00152942,severity_ATOPIC_C1_vs_C3,0.13552666861287724,4.600173416218352e-5,1,-0.04935352856259419,CPNE2,16,57091843
cg13298538,severity_ATOPIC_C1_vs_C3,0.13552666861287724,4.617185001870235e-5,1,-0.06665464440569456,NA,12,1650555
cg22069559,severity_ATOPIC_C1_vs_C3,0.13552666861287724,4.626543390607067e-5,1,-0.07050639767204332,NA,6,36617216
cg18032891,severity_ATOPIC_C1_vs_C3,0.13573370072888147,4.649318107896402e-5,1,0.135126801904279,C8orf48,8,13424389
cg21575634,severity_ATOPIC_C1_vs_C3,0.13574866447994313,4.665539552132392e-5,1,-0.0677137858908486,STX2,12,130825872
cg19069660,severity_ATOPIC_C1_vs_C3,0.1360695414727516,4.7070808957218915e-5,1,-0.03380916997743533,SCGN,6,25671212
cg07174195,severity_ATOPIC_C1_vs_C3,0.1360695414727516,4.73258875936653e-5,1,-0.02944053407405977,CLNK,4,10520578
cg13562011,severity_ATOPIC_C1_vs_C3,0.1360695414727516,4.7330443181304313e-5,1,-0.06605617009218812,EXD3,9,137414208
cg16813552,severity_ATOPIC_C1_vs_C3,0.1360695414727516,4.739551836169821e-5,1,-0.03462643282213659,NPM3,10,101784892
cg17040823,severity_ATOPIC_C1_vs_C3,0.1363226799724011,4.804355859902103e-5,1,-0.05229315740203847,TYW1B,7,72091677
cg24737290,severity_ATOPIC_C1_vs_C3,0.1363226799724011,4.80908888631118e-5,1,-0.04073503936987979,NA,7,128075483
cg09332506,severity_ATOPIC_C1_vs_C3,0.1363226799724011,4.815604732263046e-5,1,-0.05422224689024142,COPA,1,160339430
cg12498017,severity_ATOPIC_C1_vs_C3,0.1363226799724011,4.863086468693937e-5,1,-0.06149483058346209,TRERF1,6,42230843
cg08769918,severity_ATOPIC_C1_vs_C3,0.1363226799724011,4.8820012588390464e-5,1,-0.0280048113104688,NAA30,14,57405693
cg01321208,severity_ATOPIC_C1_vs_C3,0.1363226799724011,4.891605814536896e-5,1,-0.04912176403184907,HECTD2,10,91423141
cg02575307,severity_ATOPIC_C1_vs_C3,0.1363226799724011,4.9486500666416495e-5,1,-0.04796219482562258,CCDC74A,2,132291050
cg05295635,severity_ATOPIC_C1_vs_C3,0.1363226799724011,4.9740727582384696e-5,1,-0.04566299601700245,INPP5D,2,233966797
cg16500637,severity_ATOPIC_C1_vs_C3,0.1363226799724011,4.998319066303577e-5,1,-0.06014538733451526,CS,12,56291886
cg07711900,severity_ATOPIC_C1_vs_C3,0.1363226799724011,5.037930158452235e-5,1,-0.082575700343605285,GFOD1,6,13379052
cg01278651,severity_ATOPIC_C1_vs_C3,0.1363226799724011,5.067437906962799e-5,1,-0.0360921958957545,NPRL3,16,120123
cg11007667,severity_ATOPIC_C1_vs_C3,0.1363226799724011,5.076119139741683e-5,1,-0.06084672078550746,ZNRF1,16,75062776
cg21649005,severity_ATOPIC_C1_vs_C3,0.1363226799724011,5.0809058413263336e-5,1,-0.02676366379525268,ZZEF1,17,4007745
cg15134174,severity_ATOPIC_C1_vs_C3,0.1363226799724011,5.088851859532348e-5,1,-0.04949815573864816,SH3RF1,4,169100923
cg23287243,severity_ATOPIC_C1_vs_C3,0.1363226799724011,5.104266006033651e-5,1,-0.0216051710190955,CNR2,1,23903894
cg21120951,severity_ATOPIC_C1_vs_C3,0.1363226799724011,5.116158738811845e-5,1,-0.05822482164160517,PET112L,4,152611527
cg25415966,severity_ATOPIC_C1_vs_C3,0.1363226799724011,5.1263010277715704e-5,1,-0.05253555180270175,CABLES2,20,62389081
cg13587621,severity_ATOPIC_C1_vs_C3,0.1363226799724011,5.141342469556974e-5,1,-0.05781773574748018,BICD2,9,92735702
cg13698574,severity_ATOPIC_C1_vs_C3,0.1363226799724011,5.158434476885322e-5,1,-0.09160086311138356,NCK2,2,105748257
cg18536308,severity_ATOPIC_C1_vs_C3,0.1363226799724011,5.164412122986097e-5,1,-0.05892934804488864,NA,17,45334716
cg13996650,severity_ATOPIC_C1_vs_C3,0.1363226799724011,5.183843249534875e-5,1,-0.06717966385201672,LOC440600,1,110336731
cg07825147,severity_ATOPIC_C1_vs_C3,0.1363226799724011,5.2119283984015394e-5,1,-0.07693729791013558,ARHGEF18,19,7397927
cg14513031,severity_ATOPIC_C1_vs_C3,0.1363226799724011,5.229236513080676e-5,1,-0.0917902979593184,DAB2IP,9,124521844
cg14750778,severity_ATOPIC_C1_vs_C3,0.1363226799724011,5.240401700096493e-5,1,-0.06879670191226381,PIGS,17,28572410
cg08529933,severity_ATOPIC_C1_vs_C3,0.1363226799724011,5.241942354361021e-5,1,-0.07318213216800125,NA,20,51374154
cg17474790,severity_ATOPIC_C1_vs_C3,0.1363226799724011,5.247549714424207e-5,1,-0.08990449659955724,MYOM2,8,2082244
cg08811177,severity_ATOPIC_C1_vs_C3,0.1363226799724011,5.2567488888499515e-5,1,-0.05894062771519988,RNF40,16,30760808
cg14917706,severity_ATOPIC_C1_vs_C3,0.1363226799724011,5.264057934687184e-5,1,-0.08119505513248938,SCARA5,8,27894014
cg15488596,severity_ATOPIC_C1_vs_C3,0.1363226799724011,5.270723000864604e-5,1,-0.04935387300898888,C1orf26,1,185284363
cg08372315,severity_ATOPIC_C1_vs_C3,0.1363226799724011,5.298381596764082e-5,1,0.10174341882293245,HTR3A,11,113844382
cg24823912,severity_ATOPIC_C1_vs_C3,0.1363226799724011,5.305161240536423e-5,1,0.13463649923070162,ALDH2,12,111777978
cg22620111,severity_ATOPIC_C1_vs_C3,0.1363226799724011,5.310871618037531e-5,1,-0.04605288951423317,NA,3,14807738
cg06824199,severity_ATOPIC_C1_vs_C3,0.1363226799724011,5.35948643501483e-5,1,-0.05105812187098873,KIAA0494,1,46692137
cg04895895,severity_ATOPIC_C1_vs_C3,0.1363226799724011,5.364387313246105e-5,1,-0.04542751211477221,C1orf198,1,230870149
cg02176951,severity_ATOPIC_C1_vs_C3,0.1363226799724011,5.366163564376459e-5,1,-0.01879263676038169,HMCN1,1,186121752
cg15492921,severity_ATOPIC_C1_vs_C3,0.1363226799724011,5.378230070978296e-5,1,-0.05063274762322244,IMPA2,18,11994977
cg18025812,severity_ATOPIC_C1_vs_C3,0.1363226799724011,5.3804492596381994e-5,1,-0.02399368891269107,NA,6,87932516
cg24884343,severity_ATOPIC_C1_vs_C3,0.1363226799724011,5.386370598356666e-5,1,-0.08779057364152262,NA,1,143651192
cg23926497,severity_ATOPIC_C1_vs_C3,0.1363226799724011,5.386946908684877e-5,1,-0.02395803405638756,DPPA3,12,7710290
cg10046114,severity_ATOPIC_C1_vs_C3,0.1363226799724011,5.409478049085852e-5,1,-0.08137709126480248,TTC7B,14,90805694
cg26607897,severity_ATOPIC_C1_vs_C3,0.1363226799724011,5.411991788493679e-5,1,-0.06448888784191618,CREG1,1,167541602
cg03724728,severity_ATOPIC_C1_vs_C3,0.1363226799724011,5.440547991624421e-5,1,-0.05098607908560466,THRA,17,40074946
cg11624439,severity_ATOPIC_C1_vs_C3,0.1363226799724011,5.447729271332877e-5,1,-0.02047090883368489,GFOD1,6,13408657
cg01006898,severity_ATOPIC_C1_vs_C3,0.1363226799724011,5.461609310859875e-5,1,-0.11353302784508766,NA,7,131798514
cg16377886,severity_ATOPIC_C1_vs_C3,0.1363226799724011,5.469065931954386e-5,1,-0.03710569497234002,MIPEP,13,23871205
cg08005568,severity_ATOPIC_C1_vs_C3,0.1363226799724011,5.478834369468661e-5,1,-0.0278177466095416,GLT8D1,3,52703807
cg09701162,severity_ATOPIC_C1_vs_C3,0.1363226799724011,5.489808810301381e-5,1,0.0543165244308978,NA,8,85978722
cg17960315,severity_ATOPIC_C1_vs_C3,0.1369353977811392,5.530329597757984e-5,1,-0.02547912734336879,NA,1,116999934
cg20080878,severity_ATOPIC_C1_vs_C3,0.13856585788254375,5.61221292768984e-5,1,-0.06791651300709278,NA,8,125466828
cg10714356,severity_ATOPIC_C1_vs_C3,0.13959001049217795,5.669846703213608e-5,1,-0.01969707600944823,CMC2,16,80993578
cg26608667,severity_ATOPIC_C1_vs_C3,0.1403615616432557,5.727755889460299e-5,1,-0.07622016727833489,ZFAND2A,7,1156734
cg18161208,severity_ATOPIC_C1_vs_C3,0.1403615616432557,5.7497581934218155e-5,1,-0.05796165713884567,BDH1,3,197512824
cg22865069,severity_ATOPIC_C1_vs_C3,0.1403615616432557,5.7499135362427586e-5,1,-0.06227143155264331,RPS6KA2,6,166750160
cg04871139,severity_ATOPIC_C1_vs_C3,0.14060008086028877,5.775954774785282e-5,1,-0.03050707668450221,AAK1,2,69560341
cg21491246,severity_ATOPIC_C1_vs_C3,0.14125186499050893,5.819076266284308e-5,1,-0.04942828826626713,NA,6,15037087
cg03042633,severity_ATOPIC_C1_vs_C3,0.14238540274007155,5.903243022622915e-5,1,-0.0582379187427559,SKI,1,2251926
cg11209521,severity_ATOPIC_C1_vs_C3,0.14238540274007155,5.9291535222656355e-5,1,-0.05031527974544186,GNG12,1,67743472
cg15408905,severity_ATOPIC_C1_vs_C3,0.14238540274007155,5.9478183851290646e-5,1,-0.05856627142283976,NA,2,234423079
cg04907127,severity_ATOPIC_C1_vs_C3,0.14238540274007155,5.9655240569429216e-5,1,-0.06094952571457771,EXOC4,7,133575943
cg15046472,severity_ATOPIC_C1_vs_C3,0.14238540274007155,5.995091203766278e-5,1,-0.04219546502076946,SLC38A1,12,46210996
cg03079679,severity_ATOPIC_C1_vs_C3,0.14238540274007155,6.057869137364708e-5,1,-0.06751678738287151,NA,5,142530162
cg08716584,severity_ATOPIC_C1_vs_C3,0.14238540274007155,6.058408102435661e-5,1,0.11933832534859971,MS4A7,11,60389688
cg04482628,severity_ATOPIC_C1_vs_C3,0.14238540274007155,6.089307268194254e-5,1,0.07133611173186867,NA,1,36116150
cg21591554,severity_ATOPIC_C1_vs_C3,0.14238540274007155,6.090317804882813e-5,1,-0.046628335207932,OXNAD1,3,16300975
cg11048673,severity_ATOPIC_C1_vs_C3,0.14238540274007155,6.1017352727751747e-5,1,-0.05053959776172607,NA,10,88032840
cg13878620,severity_ATOPIC_C1_vs_C3,0.14238540274007155,6.10691729161826e-5,1,-0.02355656879425067,NA,11,2224491
cg21028473,severity_ATOPIC_C1_vs_C3,0.14238540274007155,6.122812871715457e-5,1,-0.08583858493957378,TMEM182,2,102803983
cg26312950,severity_ATOPIC_C1_vs_C3,0.14238540274007155,6.147978422642764e-5,1,-0.0161310703388349,TNRC18,7,5391498
cg09968549,severity_ATOPIC_C1_vs_C3,0.14238540274007155,6.152702288152612e-5,1,-0.06215510125361409,MEF2D,1,156483513
cg20805961,severity_ATOPIC_C1_vs_C3,0.14238540274007155,6.161781537943777e-5,1,-0.03379715183242061,NA,1,90896084
cg13793407,severity_ATOPIC_C1_vs_C3,0.14238540274007155,6.170321462784237e-5,1,-0.06252157535694235,DLGAP1,18,3721324
cg12247535,severity_ATOPIC_C1_vs_C3,0.14238540274007155,6.177562802334556e-5,1,-0.03406565946388999,IKZF2,2,213019487
cg09196186,severity_ATOPIC_C1_vs_C3,0.14238540274007155,6.231669603904508e-5,1,-0.06657485142410194,RALGDS,9,133134808
cg23911543,severity_ATOPIC_C1_vs_C3,0.14238540274007155,6.245420958961993e-5,1,-0.08567360022387818,SLC45A4,8,141228695
cg21419712,severity_ATOPIC_C1_vs_C3,0.14238540274007155,6.249273661424727e-5,1,-0.03286289167444259,NA,17,77871443
cg14667514,severity_ATOPIC_C1_vs_C3,0.14238540274007155,6.259653440445321e-5,1,-0.05047923874048295,NA,17,34239214
cg07788158,severity_ATOPIC_C1_vs_C3,0.14238540274007155,6.301004677501811e-5,1,-0.04580227354736636,RGS9,17,65174255
cg16394775,severity_ATOPIC_C1_vs_C3,0.14238540274007155,6.303524055702087e-5,1,-0.022374427605774,RALGPS2,1,178724479
cg00916117,severity_ATOPIC_C1_vs_C3,0.14238540274007155,6.344687111589527e-5,1,-0.01739736062784722,ZNF451,6,57169795
cg13519184,severity_ATOPIC_C1_vs_C3,0.14238540274007155,6.35058775125891e-5,1,0.01006433268219603,NA,3,173396516
cg00361062,severity_ATOPIC_C1_vs_C3,0.14238540274007155,6.354167960322681e-5,1,-0.02543337617601091,EPHB6,7,142567520
cg15438481,severity_ATOPIC_C1_vs_C3,0.14238540274007155,6.377293250540198e-5,1,-0.03015417817966605,PRKCA,17,66503378
cg26323242,severity_ATOPIC_C1_vs_C3,0.14238540274007155,6.409470349210573e-5,1,-0.04882611710518764,USP19,3,49110787
cg11495812,severity_ATOPIC_C1_vs_C3,0.14238540274007155,6.452966456731933e-5,1,-0.05417919728156505,NA,22,32464453
cg01602526,severity_ATOPIC_C1_vs_C3,0.14238540274007155,6.472959330191855e-5,1,-0.07105004036538717,NA,10,134140240
cg10279452,severity_ATOPIC_C1_vs_C3,0.14238540274007155,6.474373423337775e-5,1,-0.07643387939176222,NA,3,72460071
cg26987281,severity_ATOPIC_C1_vs_C3,0.14238540274007155,6.481144866540518e-5,1,-0.06220185774615128,DAPK2,15,64013716
cg23510807,severity_ATOPIC_C1_vs_C3,0.14238540274007155,6.497021693186507e-5,1,-0.06205015381202197,LFNG,7,2528259
cg12544411,severity_ATOPIC_C1_vs_C3,0.14238540274007155,6.497156646925955e-5,1,-0.00840430078253979,IGDCC3,15,65375141
cg23471393,severity_ATOPIC_C1_vs_C3,0.14238540274007155,6.499958235286169e-5,1,-0.0911290558617062,NA,17,81839162
cg04992471,severity_ATOPIC_C1_vs_C3,0.14238540274007155,6.513434781668628e-5,1,-0.08001958351245085,NA,3,42900918
cg26729478,severity_ATOPIC_C1_vs_C3,0.14238540274007155,6.544047736549461e-5,1,-0.0236197133709749,NA,3,10136946
cg19571408,severity_ATOPIC_C1_vs_C3,0.14238540274007155,6.547799016831229e-5,1,-0.07191316071376831,ADARB1,21,45096124
cg08750078,severity_ATOPIC_C1_vs_C3,0.14238540274007155,6.550940407893287e-5,1,-0.06998483444216652,NA,4,77083235
cg20713761,severity_ATOPIC_C1_vs_C3,0.14238540274007155,6.552049326372846e-5,1,-0.04354540925430026,HVCN1,12,110690200
cg17661261,severity_ATOPIC_C1_vs_C3,0.14238540274007155,6.55654624564582e-5,1,-0.03784336341361609,EPHA10,1,37721913
cg07937803,severity_ATOPIC_C1_vs_C3,0.14238540274007155,6.557803521897592e-5,1,-0.05921069939832295,NA,19,3569038
cg26123466,severity_ATOPIC_C1_vs_C3,0.14240785133365186,6.575316921343362e-5,1,-0.08633551797049435,NA,3,122355441
cg17138920,severity_ATOPIC_C1_vs_C3,0.14253042669596472,6.597470199500306e-5,1,-0.06113678416434766,GALNT10,5,154285185
cg19120053,severity_ATOPIC_C1_vs_C3,0.14397740020163569,6.68878213785646e-5,1,-0.03946247015515272,C22orf34,22,49566942
cg03162315,severity_ATOPIC_C1_vs_C3,0.14397740020163569,6.706166042666552e-5,1,-0.07796164023802572,NA,2,111663724
cg05411638,severity_ATOPIC_C1_vs_C3,0.14397740020163569,6.734352426823997e-5,1,-0.01842619035724934,IARS,9,92266636
cg21271570,severity_ATOPIC_C1_vs_C3,0.14397740020163569,6.761546849619546e-5,1,-0.06530859067952227,SERP2,13,44387131
cg25795107,severity_ATOPIC_C1_vs_C3,0.14397740020163569,6.77345021914806e-5,1,-0.03909928405290164,NA,4,157012998
cg19835792,severity_ATOPIC_C1_vs_C3,0.14397740020163569,6.832521437157032e-5,1,-0.02283081661447742,EPB41L2,6,130884588
cg19881725,severity_ATOPIC_C1_vs_C3,0.14397740020163569,6.839680237140544e-5,1,-0.03029437465859003,HTR4,5,148646747
cg15767361,severity_ATOPIC_C1_vs_C3,0.14397740020163569,6.85918036365721e-5,1,-0.04041729069211172,NA,10,93078210
cg04288063,severity_ATOPIC_C1_vs_C3,0.14397740020163569,6.86297342192947e-5,1,-0.07101434339710366,ELDR,7,55255956
cg12708526,severity_ATOPIC_C1_vs_C3,0.14397740020163569,6.863502095514408e-5,1,-0.00661999751006008,DHX8,17,41560869
cg24678767,severity_ATOPIC_C1_vs_C3,0.14397740020163569,6.875300684455118e-5,1,-0.05686990231037164,CLK3,15,74610635
cg07500885,severity_ATOPIC_C1_vs_C3,0.14397740020163569,6.878091544342128e-5,1,-0.04841788284727288,TTC38,22,46279949
cg10711145,severity_ATOPIC_C1_vs_C3,0.14397740020163569,6.881042488274695e-5,1,-0.04869941894210631,PHACTR4,1,28416620
cg22811930,severity_ATOPIC_C1_vs_C3,0.14424175304290168,6.933808457375442e-5,1,0.05888242484317995,NA,18,10072798
cg19071507,severity_ATOPIC_C1_vs_C3,0.14424175304290168,6.948451078704942e-5,1,-0.03128688122281655,NA,2,70005437
cg08467103,severity_ATOPIC_C1_vs_C3,0.14424175304290168,6.9689654902002e-5,1,0.09348842149744366,SPRED2,2,65366799
cg11495942,severity_ATOPIC_C1_vs_C3,0.14424175304290168,6.982899231862299e-5,1,-0.04876211409561398,CAPZB,1,19349087
cg04085699,severity_ATOPIC_C1_vs_C3,0.14424175304290168,7.002029429098149e-5,1,-0.03356930724592492,PLCB3,11,64258552
cg13054523,severity_ATOPIC_C1_vs_C3,0.14424175304290168,7.017640132276154e-5,1,-0.06334704271711679,NA,17,83097977
cg23172995,severity_ATOPIC_C1_vs_C3,0.14424175304290168,7.019256580752625e-5,1,-0.072022786661428,ANXA6,5,151107240
cg11392833,severity_ATOPIC_C1_vs_C3,0.14424175304290168,7.037730138585153e-5,1,-0.08592551057637389,URI1,19,29941201
cg20636743,severity_ATOPIC_C1_vs_C3,0.14424175304290168,7.043901973738938e-5,1,-0.0623482708102798,NA,6,34277491
cg22080845,severity_ATOPIC_C1_vs_C3,0.14437320753765254,7.100673319477748e-5,1,-0.03996302447493301,NA,10,43415676
cg01771590,severity_ATOPIC_C1_vs_C3,0.14437320753765254,7.110250034135424e-5,1,-0.0709004291980568,EVADR,6,70397622
cg16001699,severity_ATOPIC_C1_vs_C3,0.14437320753765254,7.1321083599113e-5,1,0.0941314913468574,ABCA13,7,48245990
cg15569123,severity_ATOPIC_C1_vs_C3,0.14437320753765254,7.13836084216359e-5,1,-0.06273741944260364,PXN,12,120254304
cg22194129,severity_ATOPIC_C1_vs_C3,0.14437320753765254,7.142277277989774e-5,1,-0.07699253212416425,CLEC4C,12,7749065
cg01169396,severity_ATOPIC_C1_vs_C3,0.14437320753765254,7.15056295953898e-5,1,-0.01425959517238759,NA,5,179372900
cg06315149,severity_ATOPIC_C1_vs_C3,0.14441284149277922,7.16923747215794e-5,1,-0.0799855829564379,PRKCZ,1,2104959
cg17218818,severity_ATOPIC_C1_vs_C3,0.14460168514954042,7.20859013947326e-5,1,-0.05770463807792884,NA,2,86157952
cg16230982,severity_ATOPIC_C1_vs_C3,0.14460168514954042,7.212079159621446e-5,1,-0.02754764037081596,PDE7A,8,65789984
cg08394239,severity_ATOPIC_C1_vs_C3,0.14467189077916892,7.232322185981282e-5,1,-0.07577656490248856,DSC1,18,31163168
cg09759390,severity_ATOPIC_C1_vs_C3,0.1451666965310411,7.287154057227e-5,1,-0.0818625451253786,NA,7,25028743
cg18582216,severity_ATOPIC_C1_vs_C3,0.1451666965310411,7.290655613187477e-5,1,-0.08146597509791673,NA,18,20509595
cg24198896,severity_ATOPIC_C1_vs_C3,0.14650197124324352,7.374669906545484e-5,1,-0.0238338773700301,LSM2,6,31803067
cg08304867,severity_ATOPIC_C1_vs_C3,0.1465782181088511,7.39547013667261e-5,1,-0.03071922363907743,C3orf20,3,14725261
cg27514107,severity_ATOPIC_C1_vs_C3,0.14696822201235607,7.432463763837903e-5,1,-0.06386863223258904,LOC100505736,2,28151020
cg01785893,severity_ATOPIC_C1_vs_C3,0.14696822201235607,7.449161865205653e-5,1,-0.06771646581880275,ABCB10,1,229555363
cg06875163,severity_ATOPIC_C1_vs_C3,0.14704506655101335,7.470072882536273e-5,1,-0.01125737569598222,RHOBTB3,5,95788436
cg18448246,severity_ATOPIC_C1_vs_C3,0.14705857812737086,7.487776962391243e-5,1,-0.01597202944294324,MCPH1,8,6575371
cg17429587,severity_ATOPIC_C1_vs_C3,0.1472594123609959,7.515043748229385e-5,1,-0.04772791174304506,NCOR2,12,124420684
cg12285887,severity_ATOPIC_C1_vs_C3,0.1489692536121764,7.621888315865452e-5,1,-0.03251375714999632,NA,14,55121964
cg03766495,severity_ATOPIC_C1_vs_C3,0.1489692536121764,7.665082852958987e-5,1,-0.04293093254788763,KBTBD4,11,47577508
cg26665729,severity_ATOPIC_C1_vs_C3,0.1489692536121764,7.669351363318405e-5,1,0.09452377468424816,UST,6,148779648
cg20417424,severity_ATOPIC_C1_vs_C3,0.1489692536121764,7.671256660566486e-5,1,-0.04741158369333417,ST6GALNAC5,1,76866255
cg03361157,severity_ATOPIC_C1_vs_C3,0.14931057310800838,7.737546776385992e-5,1,-0.05677278334267103,NA,7,5534279
cg27469152,severity_ATOPIC_C1_vs_C3,0.14931057310800838,7.73895640850872e-5,1,-0.07465648319467462,EPX,17,58204952
cg14265474,severity_ATOPIC_C1_vs_C3,0.14931057310800838,7.76266108796907e-5,1,-0.0606843865174819,TNIK,3,171231197
cg03833465,severity_ATOPIC_C1_vs_C3,0.14931057310800838,7.771535126537616e-5,1,-0.04545067303345269,NA,3,133499141
cg10721256,severity_ATOPIC_C1_vs_C3,0.14931057310800838,7.775224485808488e-5,1,-0.02533621842969577,LOC100505942,16,67526653
cg06424947,severity_ATOPIC_C1_vs_C3,0.1493434740296097,7.794219858005765e-5,1,-0.03986341951608833,CLTCL1,22,19191538
cg18529857,severity_ATOPIC_C1_vs_C3,0.14941252537613464,7.822950381229216e-5,1,-0.05921547140035693,NA,1,120809607
cg02416122,severity_ATOPIC_C1_vs_C3,0.14941252537613464,7.85799439001717e-5,1,-0.0331458095378199,STK17A,7,43614192
cg19052193,severity_ATOPIC_C1_vs_C3,0.14941252537613464,7.869333403973232e-5,1,-0.0696090641105513,TPCN1,12,113222636
cg05960102,severity_ATOPIC_C1_vs_C3,0.14941252537613464,7.876989605891665e-5,1,-0.04868936032159616,LINC01146,14,88036144
cg04152037,severity_ATOPIC_C1_vs_C3,0.14941252537613464,7.884274013312172e-5,1,-0.04240378765743097,INPP1,2,190359025
cg05678953,severity_ATOPIC_C1_vs_C3,0.1495347299733651,7.919102531299719e-5,1,-0.04287393790907413,POU1F1,3,87268925
cg18648125,severity_ATOPIC_C1_vs_C3,0.1495347299733651,7.941430961718836e-5,1,-0.03893364045259587,NA,7,115933711
cg17110052,severity_ATOPIC_C1_vs_C3,0.1495347299733651,7.953207067006492e-5,1,-0.07294309930418999,ETFB,19,51858208
cg02648515,severity_ATOPIC_C1_vs_C3,0.1495347299733651,7.959939430533973e-5,1,-0.00935341163193085,PRKCB,16,23978017
cg09899402,severity_ATOPIC_C1_vs_C3,0.14970096276841086,8.005324253309226e-5,1,-0.04944203491365941,NA,6,105898336
cg07602847,severity_ATOPIC_C1_vs_C3,0.14970096276841086,8.032270650495725e-5,1,-0.04777373698042684,DKFZp761E198,11,65777766
cg00215722,severity_ATOPIC_C1_vs_C3,0.14970096276841086,8.033673709926242e-5,1,-0.07931790675911425,NA,8,124830747
cg21824343,severity_ATOPIC_C1_vs_C3,0.14970096276841086,8.059631016066989e-5,1,-0.05210849442669061,WDR81,17,1730420
cg01964774,severity_ATOPIC_C1_vs_C3,0.14970096276841086,8.07408756139886e-5,1,-0.06622499687540573,KCNJ15,21,38292027
cg19114066,severity_ATOPIC_C1_vs_C3,0.14970096276841086,8.093438150138209e-5,1,-0.06033271791496294,NA,22,23062834
cg12627897,severity_ATOPIC_C1_vs_C3,0.14970096276841086,8.11003003006662e-5,1,-0.04367431980820743,KIAA0141,5,141934241
cg13516090,severity_ATOPIC_C1_vs_C3,0.14970096276841086,8.122459191613291e-5,1,-0.03859058913277777,AFF1,4,87898468
cg19978788,severity_ATOPIC_C1_vs_C3,0.14970096276841086,8.124699305027899e-5,1,-0.04173688813346427,RNF123,3,49726581
cg07345250,severity_ATOPIC_C1_vs_C3,0.1503811587739123,8.188277385001009e-5,1,-0.03708282821358305,ACOT7,1,6343219
cg05247870,severity_ATOPIC_C1_vs_C3,0.1503811587739123,8.19641981763772e-5,1,-0.06097093605366572,LINC01014,3,178437083
cg00987237,severity_ATOPIC_C1_vs_C3,0.1508085678665389,8.264604788037018e-5,1,-0.08501886133530027,MAML3,4,139849422
cg16530324,severity_ATOPIC_C1_vs_C3,0.1508085678665389,8.278477093073693e-5,1,-0.07214891775201575,NA,17,3921305
cg10625544,severity_ATOPIC_C1_vs_C3,0.1508085678665389,8.311217162830837e-5,1,-0.02120088025151902,IKZF1,7,50422576
cg17116500,severity_ATOPIC_C1_vs_C3,0.1508085678665389,8.319144705431509e-5,1,-0.03763667366480992,RNF41,12,56206438
cg15793887,severity_ATOPIC_C1_vs_C3,0.1508085678665389,8.34126286495622e-5,1,-0.0196266614610388,NA,6,170017895
cg24512544,severity_ATOPIC_C1_vs_C3,0.1508085678665389,8.346353854938686e-5,1,-0.01936959751498322,EIF2C2,8,140578844
cg14482889,severity_ATOPIC_C1_vs_C3,0.1508085678665389,8.358796597260582e-5,1,-0.01675967692476168,ZNF740,12,53186881
cg01360936,severity_ATOPIC_C1_vs_C3,0.1508085678665389,8.367473506250235e-5,1,-0.04809121888101325,NA,3,133570966
cg18752801,severity_ATOPIC_C1_vs_C3,0.1508085678665389,8.376780077571848e-5,1,-0.03287764876169739,NA,14,22508630
cg14613878,severity_ATOPIC_C1_vs_C3,0.1512494757023283,8.418773295996528e-5,1,-0.07624564321609106,C20orf118,20,36875795
cg27223827,severity_ATOPIC_C1_vs_C3,0.15145094325535358,8.476375140200092e-5,1,-0.11044760177871726,FHL2,2,106054920
cg02856510,severity_ATOPIC_C1_vs_C3,0.15145094325535358,8.497100766070968e-5,1,-0.08386750340396432,NA,2,191178885
cg08694835,severity_ATOPIC_C1_vs_C3,0.15145094325535358,8.535388824238287e-5,1,-0.08310585241411109,MIPEP,13,23866476
cg16985652,severity_ATOPIC_C1_vs_C3,0.15145094325535358,8.53576455290689e-5,1,-0.0758142735665677,NR0B2,1,27241897
cg11382414,severity_ATOPIC_C1_vs_C3,0.15145094325535358,8.536040979642295e-5,1,-0.01041416278235245,ATAD1,10,87816075
cg11543304,severity_ATOPIC_C1_vs_C3,0.15145094325535358,8.546650526496856e-5,1,-0.04180411294430482,SMURF1,7,99131920
cg22438847,severity_ATOPIC_C1_vs_C3,0.15145094325535358,8.552669010615325e-5,1,-0.04238035935828512,CHD7,8,60719082
cg21572128,severity_ATOPIC_C1_vs_C3,0.15165303535837477,8.58251916693445e-5,1,-0.04950806520814372,NA,2,898610
cg15697091,severity_ATOPIC_C1_vs_C3,0.15165303535837477,8.599180158768785e-5,1,-0.05494473595880539,DYRK1A,21,37413998
cg02039867,severity_ATOPIC_C1_vs_C3,0.1517335424185913,8.621303813163463e-5,1,-0.09758572159668708,ENTPD1,10,95758920
cg00213281,severity_ATOPIC_C1_vs_C3,0.15190054551641136,8.648370702616482e-5,1,-0.05610128107040452,KIF5C,2,148882253
cg16128068,severity_ATOPIC_C1_vs_C3,0.15200695795092908,8.676970353707488e-5,1,-0.04798754254552005,NFATC2,20,51460852
cg00270616,severity_ATOPIC_C1_vs_C3,0.15200695795092908,8.70868646455746e-5,1,-0.07371994952792028,NA,2,7848224
cg18955749,severity_ATOPIC_C1_vs_C3,0.15200695795092908,8.709394044308663e-5,1,-0.09072893905280442,NA,3,189944597
cg22221575,severity_ATOPIC_C1_vs_C3,0.15200695795092908,8.724790447011732e-5,1,-0.06928747347961317,PCYT1A,3,196238498
cg04180953,severity_ATOPIC_C1_vs_C3,0.1520534821675078,8.765907951422128e-5,1,-0.0567724375950246,DSC1,18,31163111
cg20728419,severity_ATOPIC_C1_vs_C3,0.1520534821675078,8.785743053443446e-5,1,-0.01964194816730501,USP47,11,11887055
cg07410597,severity_ATOPIC_C1_vs_C3,0.1520534821675078,8.83083353992728e-5,1,-0.05230446930306073,SLC25A26,3,66353705
cg12380988,severity_ATOPIC_C1_vs_C3,0.1520534821675078,8.837627611872974e-5,1,-0.07609771740980219,ANAPC11,17,79851485
cg02068052,severity_ATOPIC_C1_vs_C3,0.1520534821675078,8.84764265486741e-5,1,-0.06478746043344087,NA,19,15325286
cg12087627,severity_ATOPIC_C1_vs_C3,0.1520534821675078,8.873584567577906e-5,1,-0.03809463572937326,ZZEF1,17,4008121
cg23414568,severity_ATOPIC_C1_vs_C3,0.1520534821675078,8.874070400609381e-5,1,-0.05447938933283602,CACUL1,10,118735538
cg06665913,severity_ATOPIC_C1_vs_C3,0.1520534821675078,8.892586855444952e-5,1,-0.05589608887675357,ZBTB16,11,114076314
cg18966140,severity_ATOPIC_C1_vs_C3,0.1520534821675078,8.926521176647261e-5,1,-0.05674141925125047,FAM188A,10,15898849
cg09338041,severity_ATOPIC_C1_vs_C3,0.1520534821675078,8.946712706325716e-5,1,-0.02424028429792968,PRKCE,2,46066994
cg26160660,severity_ATOPIC_C1_vs_C3,0.1520534821675078,8.948115380447933e-5,1,-0.04562722495659511,FBXL17,5,108266441
cg19396218,severity_ATOPIC_C1_vs_C3,0.1520534821675078,8.949626857228375e-5,1,-0.0589786577490532,LINC01264,10,42981547
cg09049278,severity_ATOPIC_C1_vs_C3,0.1520534821675078,8.95620474445022e-5,1,-0.02341793901418526,NA,10,31698789
cg07914457,severity_ATOPIC_C1_vs_C3,0.15209717779833906,9.016417664130704e-5,1,-0.05251954750939497,NR0B2,1,26915362
cg16289618,severity_ATOPIC_C1_vs_C3,0.15209717779833906,9.049966483365954e-5,1,0.04821262775416109,LOC285830,6,29705939
cg27332633,severity_ATOPIC_C1_vs_C3,0.15209717779833906,9.061639647975902e-5,1,-0.05440692767185232,NA,20,53846136
cg23889015,severity_ATOPIC_C1_vs_C3,0.15209717779833906,9.074464092340224e-5,1,-0.03899326070934793,MECR,1,29202570
cg13321480,severity_ATOPIC_C1_vs_C3,0.15209717779833906,9.081980832285178e-5,1,-0.04592398994106714,DYRK1A,21,37420373
cg24962381,severity_ATOPIC_C1_vs_C3,0.15209717779833906,9.11523623817722e-5,1,-0.05590059413697051,NA,8,125466830
cg10065736,severity_ATOPIC_C1_vs_C3,0.15209717779833906,9.125409115335188e-5,1,-0.07531734324734467,FBXW8,12,117002315
cg03837359,severity_ATOPIC_C1_vs_C3,0.15209717779833906,9.13982428516132e-5,1,-0.05365522526851533,IL34,16,70614474
cg04616586,severity_ATOPIC_C1_vs_C3,0.15209717779833906,9.200664819782202e-5,1,-0.074362177855469,NA,9,96683403
cg15568827,severity_ATOPIC_C1_vs_C3,0.15209717779833906,9.2048176837501e-5,1,-0.05397889663002017,PLEKHM3,2,208013996
cg07589211,severity_ATOPIC_C1_vs_C3,0.15209717779833906,9.21871294570196e-5,1,-0.07977381448242579,SOGA1,20,36847227
cg18718881,severity_ATOPIC_C1_vs_C3,0.15209717779833906,9.245303357218484e-5,1,-0.05076104491671424,NDST2,10,75569012
cg01115938,severity_ATOPIC_C1_vs_C3,0.15209717779833906,9.260424680537708e-5,1,-0.07579445450447317,NA,8,86512666
cg03092343,severity_ATOPIC_C1_vs_C3,0.15209717779833906,9.285474459314235e-5,1,-0.06416085709440927,KIAA1522,1,33221514
cg22393378,severity_ATOPIC_C1_vs_C3,0.15209717779833906,9.289314034779146e-5,1,-0.06492023918645386,SORD,15,45361788
cg22494377,severity_ATOPIC_C1_vs_C3,0.15209717779833906,9.33528615406816e-5,1,-0.03273462795578381,GAB2,11,78311965
cg03214468,severity_ATOPIC_C1_vs_C3,0.15209717779833906,9.34823052829218e-5,1,-0.05130844619988248,MIR4633,5,129096796
cg20955193,severity_ATOPIC_C1_vs_C3,0.15209717779833906,9.361968332276084e-5,1,-0.03301690572609298,NA,16,88210325
cg04277334,severity_ATOPIC_C1_vs_C3,0.15209717779833906,9.384207973645774e-5,1,-0.0521822280059258,RAD51B,14,68289864
cg09970941,severity_ATOPIC_C1_vs_C3,0.15209717779833906,9.387129423632416e-5,1,-0.02564907434228882,DCI,16,2252518
cg11914761,severity_ATOPIC_C1_vs_C3,0.15209717779833906,9.395421844053266e-5,1,-0.02980665197276952,NA,11,110789859
cg19434937,severity_ATOPIC_C1_vs_C3,0.15209717779833906,9.4434708598633e-5,1,-0.07574386057451911,LPCAT3,12,6996092
cg08786188,severity_ATOPIC_C1_vs_C3,0.15209717779833906,9.488059814319672e-5,1,-0.03213446963660845,NA,13,27347959
cg00127591,severity_ATOPIC_C1_vs_C3,0.15209717779833906,9.517294097580916e-5,1,0.01021588772292694,PRPSAP1,17,76354219
cg16500060,severity_ATOPIC_C1_vs_C3,0.15209717779833906,9.522278221123192e-5,1,-0.04738371332304262,NA,7,128921213
cg04374959,severity_ATOPIC_C1_vs_C3,0.15209717779833906,9.52839823813082e-5,1,-0.03561928028107009,C17orf74,17,7425266
cg03424239,severity_ATOPIC_C1_vs_C3,0.15209717779833906,9.552772019841758e-5,1,-0.0551441144465389,CACNA1F,23,49209730
cg00712342,severity_ATOPIC_C1_vs_C3,0.15209717779833906,9.562490921996736e-5,1,-0.05871934497174798,TPM3,1,154178748
cg01156920,severity_ATOPIC_C1_vs_C3,0.15209717779833906,9.572571697137864e-5,1,-0.09912313223979356,NA,8,67381196
cg16133195,severity_ATOPIC_C1_vs_C3,0.15209717779833906,9.59643363067548e-5,1,-0.0689595581381528,DLG5,10,77887784
cg01865132,severity_ATOPIC_C1_vs_C3,0.15209717779833906,9.634955840215578e-5,1,-0.07116289127556574,XPC,3,14175444
cg10113951,severity_ATOPIC_C1_vs_C3,0.15209717779833906,9.656421807880376e-5,1,-0.04424569106776821,MAML1,5,179773572
cg11747742,severity_ATOPIC_C1_vs_C3,0.15209717779833906,9.665138203921272e-5,1,-0.01437146397944696,GLTSCR1,19,47682998
cg00851361,severity_ATOPIC_C1_vs_C3,0.15209717779833906,9.695924964457108e-5,1,-0.06439138709762794,NA,1,234699876
cg22452899,severity_ATOPIC_C1_vs_C3,0.15209717779833906,9.708030999912609e-5,1,-0.03080686349617662,NA,2,234464150
cg09263768,severity_ATOPIC_C1_vs_C3,0.15209717779833906,9.717336347276043e-5,1,-0.03924060085700384,NA,7,134284206
cg00390941,severity_ATOPIC_C1_vs_C3,0.15209717779833906,9.727749658500472e-5,1,-0.03814312564423237,PDE6H,12,15124659
cg09167779,severity_ATOPIC_C1_vs_C3,0.15209717779833906,9.741923902262886e-5,1,-0.03877252823166824,MCC,5,113230917
cg20345674,severity_ATOPIC_C1_vs_C3,0.15209717779833906,9.74425247633338e-5,1,-0.06053217105617747,CACNA1D,3,53650511
cg02543556,severity_ATOPIC_C1_vs_C3,0.15209717779833906,9.793618159518308e-5,1,-0.07924699356850538,PNN,14,39174241
cg13892721,severity_ATOPIC_C1_vs_C3,0.15209717779833906,9.82260367249556e-5,1,-0.03332255799811481,SEC31A,4,83813288
cg12914151,severity_ATOPIC_C1_vs_C3,0.15209717779833906,9.831185237864716e-5,1,-0.02144320704249672,TEX2,17,64231787
cg11014921,severity_ATOPIC_C1_vs_C3,0.15209717779833906,9.835035739057394e-5,1,-0.04775581268094996,TRANK1,3,36974725
cg03727333,severity_ATOPIC_C1_vs_C3,0.15209717779833906,9.874274001184631e-5,1,-0.05268064627652175,SGMS1,10,50619707
cg10177753,severity_ATOPIC_C1_vs_C3,0.15209717779833906,9.879732764499888e-5,1,-0.05887884646791615,AFF1,4,86972870
cg24905077,severity_ATOPIC_C1_vs_C3,0.15209717779833906,9.88166330148888e-5,1,-0.03768771273902571,STRIP1,1,110040535
cg13277298,severity_ATOPIC_C1_vs_C3,0.15209717779833906,9.895492751477449e-5,1,-0.04376733174580886,NMUR1,2,231531709
cg08589455,severity_ATOPIC_C1_vs_C3,0.15209717779833906,9.91933613881769e-5,1,-0.06430002828720399,RNASEH2C,11,65489884
cg18115488,severity_ATOPIC_C1_vs_C3,0.15209717779833906,9.92618335477291e-5,1,-0.04801882017649148,RNF144A,2,6927105
cg09480190,severity_ATOPIC_C1_vs_C3,0.15209717779833906,9.94425445983336e-5,1,-0.05352233588704697,KIAA0182,16,85638165
cg17016127,severity_ATOPIC_C1_vs_C3,0.15209717779833906,9.976605232861133e-5,1,-0.06206812239568776,TMEM123,11,102430761
cg18444544,severity_ATOPIC_C1_vs_C3,0.15209717779833906,9.978334074416864e-5,1,0.08534781533236284,RHOBTB2,8,22995228
cg14209284,severity_ATOPIC_C1_vs_C3,0.15209717779833906,9.995711429675234e-5,1,-0.0541504511778937,NA,15,67854346
cg02796279,severity_ATOPIC_C1_vs_C3,0.15209717779833906,9.99638077649502e-5,1,0.1024003691761948,NA,2,207236610
cg15772013,severity_ATOPIC_C1_vs_C3,0.15209717779833906,9.99659331693652e-5,1,-0.05729496392599983,GOLGA3,12,132780950
cg15620646,severity_ATOPIC_C1_vs_C3,0.15209717779833906,9.998358296468412e-5,1,-0.03266002675838345,SLC4A5,2,74328657
cg05473599,severity_ATOPIC_C1_vs_C3,0.15209717779833906,1.000479197923002e-4,1,-0.08662397104526338,GMCL1P1,5,177613806
cg21534578,severity_ATOPIC_C1_vs_C3,0.15209717779833906,1.0044050885230676e-4,1,-0.04443546215267354,DENND1B,1,197776029
cg11814087,severity_ATOPIC_C1_vs_C3,0.15209717779833906,1.0046463595163916e-4,1,0.10350399656123224,ZFR,5,32391029
cg05225651,severity_ATOPIC_C1_vs_C3,0.15209717779833906,1.0069210733821418e-4,1,-0.00859232138002485,CYTL1,4,5020813
cg07731272,severity_ATOPIC_C1_vs_C3,0.15209717779833906,1.010061219718308e-4,1,-0.05064772761978609,LINC00945,21,33058783
cg03686481,severity_ATOPIC_C1_vs_C3,0.15209717779833906,1.0117641854149977e-4,1,-0.01652361679993985,NA,3,194690688
cg12864116,severity_ATOPIC_C1_vs_C3,0.15209717779833906,1.0123866380666532e-4,1,-0.05248576621120292,NA,19,43686989
cg02881681,severity_ATOPIC_C1_vs_C3,0.15209717779833906,1.0129088322917666e-4,1,-0.08460883579966591,SMG6,17,2099187
cg17163164,severity_ATOPIC_C1_vs_C3,0.15209717779833906,1.0139001834930412e-4,1,-0.03445798491200443,FTCD,21,46157060
cg16745930,severity_ATOPIC_C1_vs_C3,0.15209717779833906,1.0155344635975577e-4,1,-0.04683404372296652,HPSE2,10,98461052
cg11200845,severity_ATOPIC_C1_vs_C3,0.15209717779833906,1.0172950355221153e-4,1,0.09678623631957242,NA,2,160869730
cg07633835,severity_ATOPIC_C1_vs_C3,0.15209717779833906,1.0181093239673064e-4,1,-0.04888630107533015,FBXO18,10,5896223
cg21498475,severity_ATOPIC_C1_vs_C3,0.15209717779833906,1.0183993096510648e-4,1,-0.07776775201211494,SLC24A6,12,113299664
cg26613203,severity_ATOPIC_C1_vs_C3,0.15209717779833906,1.0215620292106552e-4,1,0.0695412002140492,CCL20,2,227813719
cg06750474,severity_ATOPIC_C1_vs_C3,0.15209717779833906,1.022920357755648e-4,1,-0.02159940402778272,MAP2K5,15,67550376
cg22079269,severity_ATOPIC_C1_vs_C3,0.15209717779833906,1.0246285611772858e-4,1,-0.07322688267363812,HDAC4,2,239360537
cg14381040,severity_ATOPIC_C1_vs_C3,0.15209717779833906,1.0274168744645692e-4,1,-0.01612391711843512,NA,6,25733015
cg05040235,severity_ATOPIC_C1_vs_C3,0.15209717779833906,1.027644889875298e-4,1,-0.04115285818509265,NA,15,92869530
cg11568374,severity_ATOPIC_C1_vs_C3,0.15209717779833906,1.0286405164729545e-4,1,-0.0604058916321451,NA,2,63788204
cg23876292,severity_ATOPIC_C1_vs_C3,0.15209717779833906,1.0296435003567468e-4,1,-0.05447271237901298,LMAN1,18,59357285
cg08559734,severity_ATOPIC_C1_vs_C3,0.15263306950940386,1.0374876187726476e-4,1,-0.07550427745590381,CD9,12,6222892
cg19928703,severity_ATOPIC_C1_vs_C3,0.15263306950940386,1.0378103008213932e-4,1,-0.08901135673764278,SLC7A1,13,30143971
cg27340001,severity_ATOPIC_C1_vs_C3,0.15263306950940386,1.0413089753151263e-4,1,-0.04386760499618071,TP53BP1,15,43493812
cg21858187,severity_ATOPIC_C1_vs_C3,0.15263306950940386,1.0414661534535596e-4,1,-0.07786505735896969,C6orf106,6,34681432
cg03651219,severity_ATOPIC_C1_vs_C3,0.15263306950940386,1.043571088751654e-4,1,-0.06354794598201674,NA,10,5534517
cg19269111,severity_ATOPIC_C1_vs_C3,0.15263306950940386,1.045090640761057e-4,1,-0.04253615656330797,STUB1,16,681417
cg23757056,severity_ATOPIC_C1_vs_C3,0.15263306950940386,1.047100597254883e-4,1,-0.0105883808535432,TADA2B,4,7056100
cg01967511,severity_ATOPIC_C1_vs_C3,0.15263306950940386,1.048067771191422e-4,1,-0.05013579321594405,PDE6B,4,665492
cg26600461,severity_ATOPIC_C1_vs_C3,0.15263306950940386,1.0491677770645198e-4,1,-0.04967739259989423,NA,16,89035349
cg24408573,severity_ATOPIC_C1_vs_C3,0.15299008979349446,1.0533922669522168e-4,1,0.07736891441586546,NISCH,3,52476276
cg23912698,severity_ATOPIC_C1_vs_C3,0.1534090279960703,1.0580520635913348e-4,1,-0.01968614942905953,ITGAE,17,3753597
cg16118999,severity_ATOPIC_C1_vs_C3,0.15347572242490928,1.0602880776491964e-4,1,0.10565847041822152,DENND1A,9,123863165
cg06211467,severity_ATOPIC_C1_vs_C3,0.15355224604365345,1.0635238758018132e-4,1,-0.01526128806530857,NA,11,65307469
cg10684486,severity_ATOPIC_C1_vs_C3,0.15355224604365345,1.0646723417527502e-4,1,-0.05632645254086815,NA,10,12875286
cg14258745,severity_ATOPIC_C1_vs_C3,0.15355224604365345,1.0666807296389384e-4,1,-0.04337095235291653,MIPEP,13,23739782
cg25170017,severity_ATOPIC_C1_vs_C3,0.15355224604365345,1.0679243914523804e-4,1,-0.09882104660305428,EHD1,11,64877015
cg13572592,severity_ATOPIC_C1_vs_C3,0.1536718835744846,1.0718787974854652e-4,1,-0.04172891350323352,NA,12,46776425
cg07574908,severity_ATOPIC_C1_vs_C3,0.1536718835744846,1.0723130397825175e-4,1,-0.04126821303948602,HECTD4,12,112327845
cg13557069,severity_ATOPIC_C1_vs_C3,0.15375280522335796,1.0746569394609768e-4,1,-0.06625334324121157,THADA,2,43595507
cg02452102,severity_ATOPIC_C1_vs_C3,0.15376775902974815,1.0768839315614812e-4,1,-0.05694993185722191,TRIM62,1,33149791
cg06736444,severity_ATOPIC_C1_vs_C3,0.15376775902974815,1.078320272035792e-4,1,-0.07250367157852751,LOC100128788,16,2751792
cg00414077,severity_ATOPIC_C1_vs_C3,0.15477775729117485,1.0871941357046348e-4,1,-0.08606495248090446,C20orf118,20,36876108
cg06408710,severity_ATOPIC_C1_vs_C3,0.15478796415831733,1.093085451303153e-4,1,-0.00733754788625505,NA,16,89265857
cg17263719,severity_ATOPIC_C1_vs_C3,0.15478796415831733,1.0958777721670262e-4,1,-0.01687432418524146,MEAF6,1,37495889
cg12004076,severity_ATOPIC_C1_vs_C3,0.15478796415831733,1.097194032663299e-4,1,-0.06907469253476874,CD9,12,6235502
cg25650340,severity_ATOPIC_C1_vs_C3,0.15478796415831733,1.098394102582835e-4,1,-0.04419514056850553,ACR,22,50738306
cg07824155,severity_ATOPIC_C1_vs_C3,0.15478796415831733,1.0992893503815686e-4,1,-0.05224907126684413,NAPA,19,48016822
cg09147843,severity_ATOPIC_C1_vs_C3,0.15478796415831733,1.0996523143111022e-4,1,-0.07051936506530102,RBL2,16,53433700
cg10891939,severity_ATOPIC_C1_vs_C3,0.15478796415831733,1.0998915883229587e-4,1,-0.01519875711992134,MIER3,5,56942549
cg17144361,severity_ATOPIC_C1_vs_C3,0.15478796415831733,1.1015955289968102e-4,1,-0.04846876070082646,DENND5A,11,9251621
cg27637730,severity_ATOPIC_C1_vs_C3,0.1548059181910901,1.1035147243275664e-4,1,-0.01613087824475145,RBM33,7,155646225
cg26694136,severity_ATOPIC_C1_vs_C3,0.15495756169433111,1.1063888710018874e-4,1,-0.09557494574127948,GCM1,6,53135015
cg12396412,severity_ATOPIC_C1_vs_C3,0.15513787396637835,1.1094715525882233e-4,1,-0.0461765506534745,ARHGAP10,4,147814416
cg16664523,severity_ATOPIC_C1_vs_C3,0.15532780810363447,1.1159101332652286e-4,1,-0.05519410665547068,PIK3R1,5,68290342
cg15249315,severity_ATOPIC_C1_vs_C3,0.15532780810363447,1.11778557820635e-4,1,-0.0844365424339738,ATG14,14,55383992
cg06646098,severity_ATOPIC_C1_vs_C3,0.15532780810363447,1.117972916971494e-4,1,-0.01556209262508559,ZBTB33,23,119388798
cg25887788,severity_ATOPIC_C1_vs_C3,0.15532780810363447,1.1182550634740475e-4,1,-0.0372713747671807,LINC01359,1,64983364
cg26369382,severity_ATOPIC_C1_vs_C3,0.15532780810363447,1.119817166986413e-4,1,-0.0824815567446159,TFR2,7,100642718
cg07743551,severity_ATOPIC_C1_vs_C3,0.1556406804493139,1.1246328309057168e-4,1,-0.0655442855426614,NA,10,88086767
cg00911364,severity_ATOPIC_C1_vs_C3,0.1556406804493139,1.1256749423807524e-4,1,-0.00530920146368968,LOC100128977,17,45845434
cg26584983,severity_ATOPIC_C1_vs_C3,0.15568666403569062,1.1278091318002196e-4,1,-0.03189499594660469,NA,12,93405199
cg13039199,severity_ATOPIC_C1_vs_C3,0.1556887999197227,1.1306431755898489e-4,1,-0.07046119262097593,SLCO3A1,15,92455658
cg06763032,severity_ATOPIC_C1_vs_C3,0.1556887999197227,1.1337765700044802e-4,1,-0.0603463813258213,NRG2,5,139955657
cg20625042,severity_ATOPIC_C1_vs_C3,0.1556887999197227,1.1347844111819868e-4,1,-0.06616565607462235,C1orf21,1,184463865
cg04911830,severity_ATOPIC_C1_vs_C3,0.1556887999197227,1.1350311513417234e-4,1,-0.03727157936632442,FAR1,11,13687286
cg09967994,severity_ATOPIC_C1_vs_C3,0.15601783073918624,1.1432075186547604e-4,1,-0.06137532887858631,NA,21,14452392
cg26832165,severity_ATOPIC_C1_vs_C3,0.15601783073918624,1.1470321724231884e-4,1,-0.03604592199548368,OXR1,8,106736572
cg04751006,severity_ATOPIC_C1_vs_C3,0.15601783073918624,1.1473949410216996e-4,1,-0.0229292663236264,TEAD4,12,2974969
cg17822373,severity_ATOPIC_C1_vs_C3,0.15601783073918624,1.1474418755360302e-4,1,-0.06108541226151518,TMEM130,7,98867579
cg03686042,severity_ATOPIC_C1_vs_C3,0.15601783073918624,1.1477052073586724e-4,1,-0.07280167102109206,LIN52,14,74144902
cg02930556,severity_ATOPIC_C1_vs_C3,0.15601783073918624,1.1482625782283956e-4,1,-0.09602478559228222,SRPK2,7,105210944
cg10521603,severity_ATOPIC_C1_vs_C3,0.1563868382696754,1.152788120351318e-4,1,-0.05701573253491757,PDE6A,5,149913535
cg16899419,severity_ATOPIC_C1_vs_C3,0.1564590679995168,1.1554506692192916e-4,1,-0.0569867236975871,MTMR3,22,29946435
cg00259404,severity_ATOPIC_C1_vs_C3,0.1564590679995168,1.1569416543813037e-4,1,0.08500335835855785,TRIM27,6,28917791
cg12929123,severity_ATOPIC_C1_vs_C3,0.15665357710923575,1.1601927594903543e-4,1,-0.03444159466523807,GBGT1,9,133159892
cg00756464,severity_ATOPIC_C1_vs_C3,0.15695903525134777,1.1651928113362544e-4,1,-0.04526528237556566,NA,5,32123335
cg25500001,severity_ATOPIC_C1_vs_C3,0.15695903525134777,1.1660876863256148e-4,1,-0.09155969481018178,NA,10,30828619
cg18130934,severity_ATOPIC_C1_vs_C3,0.15702845848828242,1.170100773922248e-4,1,-0.03725779851649959,ASIC1,12,50059054
cg21825059,severity_ATOPIC_C1_vs_C3,0.15702845848828242,1.170237727465236e-4,1,-0.03651599439590931,LRRC16A,6,25316301
cg18093278,severity_ATOPIC_C1_vs_C3,0.15755021859906557,1.1759492658282024e-4,1,-0.08584865061523123,NA,6,110813082
cg23642826,severity_ATOPIC_C1_vs_C3,0.1578280802445386,1.1804866428876038e-4,1,-0.05791179922142484,ZBTB48,1,6585403
cg14415107,severity_ATOPIC_C1_vs_C3,0.1578280802445386,1.1816760004977882e-4,1,-0.03872740770443449,ARL8B,3,5151787
cg00333617,severity_ATOPIC_C1_vs_C3,0.1581369449568373,1.1858522043653394e-4,1,0.05504695837585524,LDLRAD4,18,13359485
cg00601810,severity_ATOPIC_C1_vs_C3,0.1581369449568373,1.187648437739974e-4,1,-0.05512654603725975,GULP1,2,188496177
cg20178107,severity_ATOPIC_C1_vs_C3,0.1583752439246249,1.1912708476171577e-4,1,-0.0870699744159749,NA,7,41874547
cg05868473,severity_ATOPIC_C1_vs_C3,0.1586585934964685,1.195635733502099e-4,1,-0.05359477667544765,RASGRP1,15,38559258
cg00491149,severity_ATOPIC_C1_vs_C3,0.1586585934964685,1.1970741600979626e-4,1,-0.04414171820571653,TMEM117,12,43834441
cg20910931,severity_ATOPIC_C1_vs_C3,0.15889972518490014,1.2027954878872828e-4,1,-0.08512402041976838,NA,2,104333186
cg12401522,severity_ATOPIC_C1_vs_C3,0.15889972518490014,1.2063757973736436e-4,1,-0.0258371505437416,SLMAP,3,57805695
cg16473184,severity_ATOPIC_C1_vs_C3,0.15889972518490014,1.2074404678948222e-4,1,-0.09526401582670888,RNF43,17,58391600
cg23475294,severity_ATOPIC_C1_vs_C3,0.15889972518490014,1.208067648288606e-4,1,-0.05310164536851045,ADAR,1,154609182
cg03603593,severity_ATOPIC_C1_vs_C3,0.15889972518490014,1.2080874596885665e-4,1,-0.03782483290489392,NA,8,29585318
cg19027130,severity_ATOPIC_C1_vs_C3,0.15906054986360532,1.2124139046661854e-4,1,-0.06890313869068104,SREBF2,22,41846378
cg09339985,severity_ATOPIC_C1_vs_C3,0.15906054986360532,1.2130266301638314e-4,1,-0.02046939409318194,GLB1,3,33067668
cg09505426,severity_ATOPIC_C1_vs_C3,0.15906054986360532,1.2148321465434266e-4,1,-0.0775705945509492,ZC3H7A,16,11792694
cg06386426,severity_ATOPIC_C1_vs_C3,0.15974649009580583,1.221919638597465e-4,1,0.06154402627537612,LINC01581,15,94099801
cg01475805,severity_ATOPIC_C1_vs_C3,0.1600678290391654,1.2265591552470788e-4,1,-0.04261701253676385,TMEM116,12,111993059
cg13816799,severity_ATOPIC_C1_vs_C3,0.1600678290391654,1.2298005686132613e-4,1,-0.02711743856321986,DST,6,56939492
cg02171825,severity_ATOPIC_C1_vs_C3,0.1600678290391654,1.229934530985357e-4,1,-0.03942083322448708,CATSPER4,1,26191095
cg08209849,severity_ATOPIC_C1_vs_C3,0.16011633117436166,1.2321600856209382e-4,1,-0.06512815059893053,PGM1,1,63651654
cg22898082,severity_ATOPIC_C1_vs_C3,0.16013544420942866,1.238708206692409e-4,1,-0.05212561486977093,SMARCA4,19,10963752
cg14147213,severity_ATOPIC_C1_vs_C3,0.16013544420942866,1.2392388397764966e-4,1,-0.03203373884620338,MTCL1,18,8797046
cg14390893,severity_ATOPIC_C1_vs_C3,0.16013544420942866,1.240004642892837e-4,1,-0.07496235652498949,VPS33A,12,122244622
cg12591323,severity_ATOPIC_C1_vs_C3,0.16013544420942866,1.2439050576307006e-4,1,-0.00912488554078906,SMARCAL1,2,216413886
cg09012511,severity_ATOPIC_C1_vs_C3,0.16013544420942866,1.247881985724985e-4,1,-0.0866240242871327,LRIG1,3,66439056
cg16721883,severity_ATOPIC_C1_vs_C3,0.16013544420942866,1.2484896019207645e-4,1,-0.04648032675304382,NA,6,6818283
cg11006422,severity_ATOPIC_C1_vs_C3,0.16013544420942866,1.24924764971188e-4,1,0.0783940616299082,DPYS,8,104412198
cg06320643,severity_ATOPIC_C1_vs_C3,0.16013544420942866,1.2522269255573314e-4,1,-0.0274502193284067,NDFIP2,13,79486094
cg24927974,severity_ATOPIC_C1_vs_C3,0.16013544420942866,1.2525960821799362e-4,1,-0.06696911136704713,DPY19L1,7,35038657
cg14823710,severity_ATOPIC_C1_vs_C3,0.16013544420942866,1.252661193848725e-4,1,-0.0559530760655436,CTDSPL2,15,44458659
cg07161341,severity_ATOPIC_C1_vs_C3,0.16013544420942866,1.256652286193097e-4,1,-0.05764481659369552,TBC1D1,4,38109311
cg05102670,severity_ATOPIC_C1_vs_C3,0.16013544420942866,1.2574997429328955e-4,1,-0.02288532206846937,CD81,11,2376093
cg25828758,severity_ATOPIC_C1_vs_C3,0.16013544420942866,1.2588027408865518e-4,1,-0.05264158485033559,PPP2R3A,3,136134234
cg05188716,severity_ATOPIC_C1_vs_C3,0.16013544420942866,1.259966811029918e-4,1,-0.01570068900627639,NA,5,10519793
cg05078091,severity_ATOPIC_C1_vs_C3,0.16013544420942866,1.260395109403419e-4,1,-0.04948844418195074,APLP2,11,130114450
cg04128967,severity_ATOPIC_C1_vs_C3,0.16013544420942866,1.2619566639505655e-4,1,-0.07866144871548236,NA,14,69580130
cg15979123,severity_ATOPIC_C1_vs_C3,0.16113163722216362,1.2729485781743047e-4,1,-0.04656107041460916,TFB1M,6,155311241
cg13090941,severity_ATOPIC_C1_vs_C3,0.16113163722216362,1.273536463755656e-4,1,-0.07754609443784834,GNAO1,16,56356112
cg18197277,severity_ATOPIC_C1_vs_C3,0.16128868614109437,1.2766441704758949e-4,1,-0.03895612709281057,KBTBD4,11,47577434
cg11605972,severity_ATOPIC_C1_vs_C3,0.16178023868987895,1.2852934413791297e-4,1,-0.06382710703885655,KIAA1958,9,112556707
cg22445447,severity_ATOPIC_C1_vs_C3,0.16178023868987895,1.2877124115614637e-4,1,-0.03168461328715433,RTF1,15,41712591
cg06207917,severity_ATOPIC_C1_vs_C3,0.16178023868987895,1.2886267375119173e-4,1,-0.04385710000344914,TMCC2,1,205255831
cg10485410,severity_ATOPIC_C1_vs_C3,0.16178023868987895,1.2925301876440105e-4,1,-0.08112644514363118,EPT1,2,26363567
cg20673965,severity_ATOPIC_C1_vs_C3,0.16178023868987895,1.2925955331512885e-4,1,-0.05749668056644398,IRGC,19,43715996
cg02932233,severity_ATOPIC_C1_vs_C3,0.16178023868987895,1.292905795345533e-4,1,-0.04277620414870423,DISC1,1,231986811
cg07307804,severity_ATOPIC_C1_vs_C3,0.16178023868987895,1.2936398334402553e-4,1,-0.02883458858680616,NA,8,60885032
cg02258019,severity_ATOPIC_C1_vs_C3,0.1619556320561476,1.297780940043302e-4,1,-0.02562923996045022,ZBED4,22,49867452
cg16225800,severity_ATOPIC_C1_vs_C3,0.1619556320561476,1.2987906411708852e-4,1,-0.06553417602482237,NA,8,125579662
cg20006581,severity_ATOPIC_C1_vs_C3,0.16205518324347334,1.3014642929828375e-4,1,-0.06138412284186697,TOM1,22,35316365
cg07124958,severity_ATOPIC_C1_vs_C3,0.16222752302191176,1.3047256559057743e-4,1,-0.04917855099272019,TMED10,14,75162741
cg24346519,severity_ATOPIC_C1_vs_C3,0.16258434485645679,1.3094768515272074e-4,1,-0.04089433424898484,GLE1,9,128505724
cg16130523,severity_ATOPIC_C1_vs_C3,0.16273710557933024,1.3135288435412522e-4,1,-0.07170360616146525,ZSCAN25,7,99623197
cg10619731,severity_ATOPIC_C1_vs_C3,0.16273710557933024,1.3175657117538874e-4,1,-0.03830664290150749,NA,12,127765627
cg06136459,severity_ATOPIC_C1_vs_C3,0.16273710557933024,1.317982675451896e-4,1,-0.05970018718433915,HMGXB3,5,150045590
cg12383160,severity_ATOPIC_C1_vs_C3,0.16273710557933024,1.3206133787684366e-4,1,-0.05023464749531847,FBXW8,12,117025488
cg15672653,severity_ATOPIC_C1_vs_C3,0.16273710557933024,1.3214028795751254e-4,1,-0.07135959390549862,NA,11,108500973
cg24742388,severity_ATOPIC_C1_vs_C3,0.16273710557933024,1.3232368447155872e-4,1,-0.03317312278575031,NA,7,159159925
cg00584174,severity_ATOPIC_C1_vs_C3,0.16273710557933024,1.3247383572278113e-4,1,-0.067478819857264,HRASLS5,11,63489931
cg26352718,severity_ATOPIC_C1_vs_C3,0.16273710557933024,1.331285678197259e-4,1,-0.04365497921305636,NA,7,35984781
cg09696385,severity_ATOPIC_C1_vs_C3,0.16273710557933024,1.338190887839317e-4,1,-0.04461798420904357,SND1,7,127887986
cg12943080,severity_ATOPIC_C1_vs_C3,0.16273710557933024,1.3443823605357777e-4,1,-0.06338698313500103,NA,2,28887176
cg04933530,severity_ATOPIC_C1_vs_C3,0.16273710557933024,1.3482155104387652e-4,1,-0.0772377779226346,NA,14,76953411
cg26819549,severity_ATOPIC_C1_vs_C3,0.16273710557933024,1.3540859160249857e-4,1,-0.06031362850546421,ZBTB48,1,6585105
cg09945570,severity_ATOPIC_C1_vs_C3,0.16273710557933024,1.3551810493732085e-4,1,-0.0783220338333912,ATP1A4,1,160164183
cg23202870,severity_ATOPIC_C1_vs_C3,0.16273710557933024,1.3572740723747853e-4,1,-0.05027141039538137,NA,17,55167857
cg00805874,severity_ATOPIC_C1_vs_C3,0.16273710557933024,1.3590101718471764e-4,1,-0.0197497844682523,ZBTB12,6,31867847
cg12727576,severity_ATOPIC_C1_vs_C3,0.16273710557933024,1.360624350721019e-4,1,-0.03315830741809755,PDZD8,10,117322742
cg04141008,severity_ATOPIC_C1_vs_C3,0.16273710557933024,1.361455699253534e-4,1,-0.07066639415506787,CREBBP,16,3793231
cg25794430,severity_ATOPIC_C1_vs_C3,0.16273710557933024,1.3643002616604667e-4,1,-0.09168043534513531,CMIP,16,81524485
cg21592857,severity_ATOPIC_C1_vs_C3,0.16273710557933024,1.3663365704417774e-4,1,-0.05331606603891743,NA,10,30510954
cg02763183,severity_ATOPIC_C1_vs_C3,0.16273710557933024,1.366557699726848e-4,1,-0.01105616087178645,MAPK8IP3,16,1728092
cg12580580,severity_ATOPIC_C1_vs_C3,0.16273710557933024,1.372136350638002e-4,1,-0.07318761539596395,CCDC109A,10,72784301
cg22779717,severity_ATOPIC_C1_vs_C3,0.16273710557933024,1.3725139621100846e-4,1,-0.06450589915598992,URI1,19,29941195
cg01692574,severity_ATOPIC_C1_vs_C3,0.16273710557933024,1.372619006529987e-4,1,-0.03857059023354262,NAGLU,17,42535558
cg24376793,severity_ATOPIC_C1_vs_C3,0.16273710557933024,1.3742627450574686e-4,1,-0.08621590015659962,PPP1R12B,1,202576461
cg12944551,severity_ATOPIC_C1_vs_C3,0.16273710557933024,1.375368664915446e-4,1,-0.03694997080369079,STAT1,2,190975033
cg04481650,severity_ATOPIC_C1_vs_C3,0.16273710557933024,1.3758816967718223e-4,1,0.09188377528113158,RHBDF2,17,76483854
cg15399009,severity_ATOPIC_C1_vs_C3,0.16273710557933024,1.3759460967376695e-4,1,-0.05585750908491418,NA,1,22154427
cg01284182,severity_ATOPIC_C1_vs_C3,0.16273710557933024,1.3798978073529557e-4,1,-0.08310448735768283,NA,15,39530953
cg03463948,severity_ATOPIC_C1_vs_C3,0.16273710557933024,1.3829953680392378e-4,1,0.10083913766135225,UBASH3B,11,122742150
cg10828236,severity_ATOPIC_C1_vs_C3,0.16273710557933024,1.3836827003992173e-4,1,-0.04411332556199093,NA,12,54679051
cg15438839,severity_ATOPIC_C1_vs_C3,0.16273710557933024,1.384307829915191e-4,1,-0.07464188894360092,TBC1D10A,22,30309956
cg16908770,severity_ATOPIC_C1_vs_C3,0.16273710557933024,1.3848883534106868e-4,1,-0.03284763214246678,NA,1,156460721
cg14807945,severity_ATOPIC_C1_vs_C3,0.16273710557933024,1.3850943865186406e-4,1,-0.0673879784922881,ZEB2,2,144431535
cg20838410,severity_ATOPIC_C1_vs_C3,0.16273710557933024,1.388043842870527e-4,1,-0.03828629210746549,NUBPL,14,31577971
cg24832715,severity_ATOPIC_C1_vs_C3,0.16273710557933024,1.38981374993354e-4,1,-0.02816209533714267,LINC01250,2,3002036
cg09748521,severity_ATOPIC_C1_vs_C3,0.16273710557933024,1.391215440545385e-4,1,-0.01653276954061617,M1AP,2,74603888
cg12235672,severity_ATOPIC_C1_vs_C3,0.16273710557933024,1.3915690051276113e-4,1,-0.04157894428073763,USP7,16,8956453
cg07459967,severity_ATOPIC_C1_vs_C3,0.16273710557933024,1.3922768777294465e-4,1,-0.07540879098361483,SLC25A25,9,130859191
cg09241885,severity_ATOPIC_C1_vs_C3,0.16273710557933024,1.3925200704697257e-4,1,-0.07514648855961041,C20orf118,20,36875968
cg21472642,severity_ATOPIC_C1_vs_C3,0.16273710557933024,1.392853432311389e-4,1,-0.08258433060073786,CHN2,7,29193852
cg13370977,severity_ATOPIC_C1_vs_C3,0.16273710557933024,1.3934981089840272e-4,1,-0.0084861133603711,NA,2,240245720
cg14546144,severity_ATOPIC_C1_vs_C3,0.16273710557933024,1.393704075942429e-4,1,-0.04076465931672114,ITPR2,12,26696744
cg07818422,severity_ATOPIC_C1_vs_C3,0.16273710557933024,1.396390974248723e-4,1,-0.02731007116440164,WDFY2,13,51727810
cg18592964,severity_ATOPIC_C1_vs_C3,0.16273710557933024,1.39975260662085e-4,1,-0.04178499743441014,CAST,5,96715772
cg14412164,severity_ATOPIC_C1_vs_C3,0.16273710557933024,1.4000319535624806e-4,1,-0.06934747593014227,LARP1,5,154120729
cg04171829,severity_ATOPIC_C1_vs_C3,0.16273710557933024,1.4008003646481245e-4,1,-0.05280728336826849,CYP2B6,19,41497636
cg08109336,severity_ATOPIC_C1_vs_C3,0.16273710557933024,1.4020706709364216e-4,1,-0.06462985022779422,PSMA2,7,42925227
cg06411447,severity_ATOPIC_C1_vs_C3,0.16273710557933024,1.4024171089477196e-4,1,-0.03705512230802697,ANKRD11,16,89355341
cg16812352,severity_ATOPIC_C1_vs_C3,0.16273710557933024,1.4035204638964226e-4,1,-0.02102177513752447,ADCY9,16,3999854
cg16959075,severity_ATOPIC_C1_vs_C3,0.16273710557933024,1.4086940914073142e-4,1,-0.06304288099641227,PDE8A,15,85567463
cg24085719,severity_ATOPIC_C1_vs_C3,0.16273710557933024,1.408810221225236e-4,1,0.01044085374917139,CXorf38,23,40647225
cg05554161,severity_ATOPIC_C1_vs_C3,0.16273710557933024,1.412415274400101e-4,1,-0.04559154188111045,OLFML2A,9,124777801
cg23149707,severity_ATOPIC_C1_vs_C3,0.16273710557933024,1.4132270068984126e-4,1,-0.06661025195143457,TMEM11,17,21216068
cg21173328,severity_ATOPIC_C1_vs_C3,0.16273710557933024,1.413628278966073e-4,1,0.06702487550841522,NA,3,11077560
cg12072340,severity_ATOPIC_C1_vs_C3,0.16273710557933024,1.414283208163344e-4,1,-0.03616630948336664,GNB1,1,1863109
cg21951113,severity_ATOPIC_C1_vs_C3,0.16318634994581185,1.4212934164701155e-4,1,-0.05248175408799299,MFF,2,227326366
cg04304048,severity_ATOPIC_C1_vs_C3,0.16318634994581185,1.4219642089493092e-4,1,-0.01940411740173708,NAV2,11,19682423
cg00589311,severity_ATOPIC_C1_vs_C3,0.16346162771828826,1.4262544934177013e-4,1,-0.06054714481379548,NSMCE2,8,125335722
cg14318145,severity_ATOPIC_C1_vs_C3,0.1634999640877857,1.428481018226865e-4,1,-0.05554284920009739,NA,1,58749581
cg02383707,severity_ATOPIC_C1_vs_C3,0.16359338988440786,1.4311903779961433e-4,1,-0.04319079942680108,NA,6,45697760
cg19640654,severity_ATOPIC_C1_vs_C3,0.16390941742810708,1.436344849378168e-4,1,-0.02816753822875896,TMEM181,6,158569205
cg16153652,severity_ATOPIC_C1_vs_C3,0.16390941742810708,1.438636821382115e-4,1,-0.04619405859828523,TMEM203,9,137206742
cg13949334,severity_ATOPIC_C1_vs_C3,0.16390941742810708,1.4420821148351798e-4,1,-0.05209677449753238,NA,8,23494312
cg16578938,severity_ATOPIC_C1_vs_C3,0.16390941742810708,1.443250882208068e-4,1,-0.02258256367794119,MGAT4B,5,179798558
cg23359651,severity_ATOPIC_C1_vs_C3,0.16390941742810708,1.4438615043678272e-4,1,-0.0377189282359581,NA,15,82966686
cg13791888,severity_ATOPIC_C1_vs_C3,0.16390941742810708,1.4455990551063064e-4,1,-0.02721343244992641,DNM3,1,172402097
cg17045432,severity_ATOPIC_C1_vs_C3,0.16390941742810708,1.4472324949504914e-4,1,-0.07295535384440537,PEX11G,19,7489473
cg10652386,severity_ATOPIC_C1_vs_C3,0.16392056664664412,1.4521424850325097e-4,1,-0.06348773292392634,NA,11,6250026
cg05888040,severity_ATOPIC_C1_vs_C3,0.16392056664664412,1.452164855566461e-4,1,-0.06210247615268632,TMOD1,9,97555512
cg17272291,severity_ATOPIC_C1_vs_C3,0.16392056664664412,1.4533286978158944e-4,1,-0.02335378118532507,WIPI2,7,5219663
cg19249157,severity_ATOPIC_C1_vs_C3,0.16392056664664412,1.455968996485077e-4,1,-0.0246195294975942,PHLDB3,19,43506219
cg10055846,severity_ATOPIC_C1_vs_C3,0.16392056664664412,1.4568154119254793e-4,1,-0.07650423507898611,NA,8,21670177
cg08783050,severity_ATOPIC_C1_vs_C3,0.163983317684379,1.459270722040653e-4,1,0.00961613149110582,LOC102724084,16,80201665
cg13544643,severity_ATOPIC_C1_vs_C3,0.16416737273529494,1.4629797595825197e-4,1,-0.08099151552771996,ATXN10,22,45688982
cg19818925,severity_ATOPIC_C1_vs_C3,0.16416737273529494,1.4659810324298624e-4,1,-0.03561627852040316,ARMCX4,23,100677490
cg01510388,severity_ATOPIC_C1_vs_C3,0.16416737273529494,1.466607862409017e-4,1,-0.05417392075097788,CYP7B1,8,64799101
cg11708224,severity_ATOPIC_C1_vs_C3,0.16473505503729102,1.473585637061836e-4,1,-0.14826242079184104,NA,8,19983139
cg06930067,severity_ATOPIC_C1_vs_C3,0.16501101138736102,1.477963631558076e-4,1,-0.01898913665117464,RAD51B,14,68494556
cg07177867,severity_ATOPIC_C1_vs_C3,0.165286900612692,1.486332212013625e-4,1,-0.06987267064583612,LYSMD2,15,51738549
cg26793227,severity_ATOPIC_C1_vs_C3,0.165286900612692,1.487811021970354e-4,1,0.07067215868514792,EPHA2,1,16157163
cg05804736,severity_ATOPIC_C1_vs_C3,0.165286900612692,1.4878781765467416e-4,1,-0.06800794939124537,NA,17,16877012
cg01324489,severity_ATOPIC_C1_vs_C3,0.165286900612692,1.4880855298220032e-4,1,-0.07828547031430749,LINC00114,21,38742129
cg22870710,severity_ATOPIC_C1_vs_C3,0.16530459049899002,1.4901577037224149e-4,1,-0.05001596488963397,NA,4,127778329
cg16078124,severity_ATOPIC_C1_vs_C3,0.1655362529910805,1.4941616443987028e-4,1,-0.07045808653279395,NA,11,47204422
cg04793634,severity_ATOPIC_C1_vs_C3,0.166055517803072,1.500770227971459e-4,1,-0.04050899934128711,ERLIN2,8,37740476
cg14556243,severity_ATOPIC_C1_vs_C3,0.16628133983538826,1.5047353677509698e-4,1,-0.08635319649116918,GAPVD1,9,125345705
cg21069258,severity_ATOPIC_C1_vs_C3,0.16650737046200417,1.5104639527813531e-4,1,0.05712856817936568,TGFBR2,3,30614518
cg15655655,severity_ATOPIC_C1_vs_C3,0.16650737046200417,1.5125080958475974e-4,1,-0.0484829895990174,SRI,7,88214271
cg22034357,severity_ATOPIC_C1_vs_C3,0.16650737046200417,1.5132045225174878e-4,1,-0.08083561168909988,ACSF2,17,50443623
cg16737869,severity_ATOPIC_C1_vs_C3,0.16650737046200417,1.5144881130071475e-4,1,-0.03329703740103105,MPP1,23,154779310
cg16270995,severity_ATOPIC_C1_vs_C3,0.16685995470184534,1.5225726397257114e-4,1,-0.101648914928124,NA,14,76959436
cg23812660,severity_ATOPIC_C1_vs_C3,0.16685995470184534,1.5254556962900547e-4,1,-0.02008093172740036,ZEB2,2,144489725
cg02985445,severity_ATOPIC_C1_vs_C3,0.16685995470184534,1.5266807319136438e-4,1,-0.07622382559092651,NA,7,98279193
cg08378976,severity_ATOPIC_C1_vs_C3,0.16685995470184534,1.5305116983601642e-4,1,-0.0257024246378856,PTDSS1,8,97293820
cg11310939,severity_ATOPIC_C1_vs_C3,0.16685995470184534,1.5311784772771927e-4,1,-0.07447069990236309,MARCH3,5,126921424
cg05159759,severity_ATOPIC_C1_vs_C3,0.16685995470184534,1.5319686523097717e-4,1,-0.05880638532062735,C8orf37-AS1,8,95408156
cg22612792,severity_ATOPIC_C1_vs_C3,0.16685995470184534,1.5336474015794903e-4,1,-0.03971299056478089,IRS1,2,226767318
cg09934309,severity_ATOPIC_C1_vs_C3,0.16685995470184534,1.535888755630378e-4,1,-0.01113641493490356,COG7,16,23450400
cg19396390,severity_ATOPIC_C1_vs_C3,0.16685995470184534,1.5360216362930176e-4,1,-0.05431693006805221,FOXK1,7,4688111
cg16010948,severity_ATOPIC_C1_vs_C3,0.16685995470184534,1.5378129788008033e-4,1,-0.00861515744775899,MYO1E,15,59278156
cg02480298,severity_ATOPIC_C1_vs_C3,0.16685995470184534,1.5389350935642195e-4,1,-0.02026294266731114,PRR5L,11,36399680
cg01305109,severity_ATOPIC_C1_vs_C3,0.16740896238426162,1.545935807388524e-4,1,0.08181809695769128,MERTK,2,112010842
cg02970679,severity_ATOPIC_C1_vs_C3,0.16799317055917612,1.55395970311116e-4,1,-0.07397666361558505,EPX,17,58192457
cg16673806,severity_ATOPIC_C1_vs_C3,0.16799317055917612,1.5556871478283454e-4,1,-0.03648422617166922,KDM3B,5,138436183
cg10081994,severity_ATOPIC_C1_vs_C3,0.16799317055917612,1.5571627400954934e-4,1,-0.07415532985132096,LONRF2,2,100292175
cg23144852,severity_ATOPIC_C1_vs_C3,0.168044612741938,1.5602323488041157e-4,1,-0.05699803808537763,OPA1,3,193688210
cg14599125,severity_ATOPIC_C1_vs_C3,0.168044612741938,1.5615288054853337e-4,1,-0.02553518484423307,NA,7,35754058
cg20037145,severity_ATOPIC_C1_vs_C3,0.16817770051312758,1.5647116619825515e-4,1,-0.06158167282420838,ST3GAL4,11,126409807
cg05544793,severity_ATOPIC_C1_vs_C3,0.16835852266757398,1.5702455924130633e-4,1,-0.03448554791401844,PLCXD2,3,111712520
cg19515857,severity_ATOPIC_C1_vs_C3,0.16835852266757398,1.570290519145528e-4,1,0.08007250683616514,NA,20,23148505
cg05411579,severity_ATOPIC_C1_vs_C3,0.1687580874839903,1.5759701603373035e-4,1,-0.07363406886645481,PVRL1,11,119565803
cg17666401,severity_ATOPIC_C1_vs_C3,0.1692304960076579,1.582340152822508e-4,1,-0.06563022459537705,NA,7,2860915
cg06736148,severity_ATOPIC_C1_vs_C3,0.16927592949598097,1.5864242110327992e-4,1,-0.0579184793200318,GNB5,15,52124636
cg09495207,severity_ATOPIC_C1_vs_C3,0.16927592949598097,1.5866827004016028e-4,1,-0.0473722601304235,SLC12A4,16,67944542
cg22668931,severity_ATOPIC_C1_vs_C3,0.16931832111314385,1.592360789264917e-4,1,-0.06721939438560867,ITGAE,17,3752481
cg22254413,severity_ATOPIC_C1_vs_C3,0.16931832111314385,1.59265030528857e-4,1,-0.07579220164773419,SLC24A3,20,19214005
cg16263722,severity_ATOPIC_C1_vs_C3,0.16931832111314385,1.5929581261743992e-4,1,-0.06722464126822021,MECR,1,29197329
cg12090026,severity_ATOPIC_C1_vs_C3,0.16967943590457804,1.5983190552857195e-4,1,-0.03112391848771215,NA,6,119430856
cg08626823,severity_ATOPIC_C1_vs_C3,0.16968453518225238,1.6022707733899126e-4,1,0.06470810093474696,TNFRSF21,6,47278820
cg06383022,severity_ATOPIC_C1_vs_C3,0.16968453518225238,1.6073304300167514e-4,1,-0.0742612744656001,TEKT4,2,95537049
cg26624628,severity_ATOPIC_C1_vs_C3,0.16968453518225238,1.6082505799966583e-4,1,-0.06949654067181489,NA,16,67423760
cg20802710,severity_ATOPIC_C1_vs_C3,0.16968453518225238,1.6096416534219045e-4,1,-0.08075519801839881,NA,5,128198097
cg05072179,severity_ATOPIC_C1_vs_C3,0.16968453518225238,1.6108414553771028e-4,1,-0.01382059994343313,GPBP1L1,1,45636030
cg08306766,severity_ATOPIC_C1_vs_C3,0.16968453518225238,1.6131851419924728e-4,1,-0.02045195393879846,FAM25G,10,49205543
cg25981106,severity_ATOPIC_C1_vs_C3,0.16968453518225238,1.616501429498527e-4,1,0.045430700770901,LAMB3,1,209651452
cg02705647,severity_ATOPIC_C1_vs_C3,0.16968453518225238,1.619283750570248e-4,1,-0.01534459088520464,NA,7,156677963
cg10652637,severity_ATOPIC_C1_vs_C3,0.16968453518225238,1.619874216395886e-4,1,-0.03836155867834468,NA,5,98963374
cg05802990,severity_ATOPIC_C1_vs_C3,0.16968453518225238,1.6203622111283863e-4,1,-0.03670584697181116,C6orf195,6,2636562
cg08026836,severity_ATOPIC_C1_vs_C3,0.16968453518225238,1.6218306142897482e-4,1,-0.06002356880453625,SIAH2,3,150743692
cg21553305,severity_ATOPIC_C1_vs_C3,0.16968453518225238,1.621930239825175e-4,1,-0.03381033930613729,CCAR1,10,68771406
cg12964770,severity_ATOPIC_C1_vs_C3,0.1700840752384098,1.6277255897510738e-4,1,-0.06406440909079476,NA,2,64483072
cg07613391,severity_ATOPIC_C1_vs_C3,0.1700840752384098,1.6296856837385472e-4,1,-0.0431240113201581,TGFBR2,3,30667254
cg00582671,severity_ATOPIC_C1_vs_C3,0.17065888139895427,1.638896139126892e-4,1,-0.06802893303271282,SAMD11,1,936855
cg08316097,severity_ATOPIC_C1_vs_C3,0.17065888139895427,1.641470563769668e-4,1,-0.05962233135801158,MIEF1,22,39501660
cg11650680,severity_ATOPIC_C1_vs_C3,0.17065888139895427,1.6437244833111817e-4,1,-0.07291018627842472,TRERF1,6,42365166
cg05208050,severity_ATOPIC_C1_vs_C3,0.17065888139895427,1.6445373337339874e-4,1,-0.02533909803582854,MOGS,2,74463399
cg24636814,severity_ATOPIC_C1_vs_C3,0.17065888139895427,1.6476820619662478e-4,1,-0.04746776754284222,STAT4,2,191115515
cg05126171,severity_ATOPIC_C1_vs_C3,0.17065888139895427,1.6483830688394612e-4,1,-0.07517436929760321,SLC18A2,10,117263042
cg20654602,severity_ATOPIC_C1_vs_C3,0.17065888139895427,1.6546476742464587e-4,1,-0.08119758628320989,LINC01140,1,87130366
cg01577760,severity_ATOPIC_C1_vs_C3,0.17065888139895427,1.6547537318943966e-4,1,-0.07297187920332594,ALDH3B1,11,68008653
cg25847090,severity_ATOPIC_C1_vs_C3,0.17065888139895427,1.6556629195110692e-4,1,-0.04359851873386794,C10orf76,10,102009597
cg05731560,severity_ATOPIC_C1_vs_C3,0.17065888139895427,1.658310752841928e-4,1,-0.05205441512004435,NA,16,85534712
cg15434896,severity_ATOPIC_C1_vs_C3,0.17065888139895427,1.6600233779162667e-4,1,-0.0674504006824466,FAM151B,5,79782956
cg10330847,severity_ATOPIC_C1_vs_C3,0.17065888139895427,1.660512328244327e-4,1,-0.01802257331956231,NA,3,141312873
cg05143360,severity_ATOPIC_C1_vs_C3,0.17065888139895427,1.6628270136982817e-4,1,0.00662330840681361,NA,20,4760682
cg08805459,severity_ATOPIC_C1_vs_C3,0.17065888139895427,1.6628414693007653e-4,1,-0.05010620948858975,AKAP1,17,55187039
cg14084609,severity_ATOPIC_C1_vs_C3,0.17110134498184093,1.669785033993703e-4,1,-0.07057037701876936,EVL,14,100144070
cg08810881,severity_ATOPIC_C1_vs_C3,0.17110134498184093,1.6727443268699417e-4,1,-0.01348701900894197,LINC00888,3,183450887
cg02467288,severity_ATOPIC_C1_vs_C3,0.17110134498184093,1.6735647781735989e-4,1,-0.05785911694237518,RNF10,12,120538167
cg26431230,severity_ATOPIC_C1_vs_C3,0.17110134498184093,1.676130332116925e-4,1,-0.03812532859271055,RNF103,2,86852158
cg26583412,severity_ATOPIC_C1_vs_C3,0.17110134498184093,1.6770526388831973e-4,1,-0.10874898459969452,TMEM232,5,110727079
cg04915788,severity_ATOPIC_C1_vs_C3,0.17118174496403718,1.6830846279869264e-4,1,-0.01906082040881363,NA,12,25003954
cg00555389,severity_ATOPIC_C1_vs_C3,0.17118174496403718,1.683680917483134e-4,1,-0.0636199543263479,AGPS,2,177396653
cg18543521,severity_ATOPIC_C1_vs_C3,0.17118174496403718,1.6837834457298208e-4,1,-0.05716518349050643,MON2,12,62485160
cg02536712,severity_ATOPIC_C1_vs_C3,0.1714457331158873,1.690671777444555e-4,1,-0.01715768037273122,YLPM1,14,74834503
cg02223962,severity_ATOPIC_C1_vs_C3,0.1714457331158873,1.6915059221219055e-4,1,-0.02178248762101564,LOC339524,1,87131137
cg13104786,severity_ATOPIC_C1_vs_C3,0.1714457331158873,1.692703804975505e-4,1,-0.06267931202259176,NA,15,63207016
cg21301505,severity_ATOPIC_C1_vs_C3,0.1714457331158873,1.6943160008999313e-4,1,0.06210425146072146,SLAMF8,1,159796629
cg06633463,severity_ATOPIC_C1_vs_C3,0.17231914579995172,1.7054229338316364e-4,1,-0.05252624266836441,NA,11,123745703
cg14697334,severity_ATOPIC_C1_vs_C3,0.17231914579995172,1.7070459992097223e-4,1,-0.04667918168777264,PPP1R1B,17,39628446
cg11891609,severity_ATOPIC_C1_vs_C3,0.17231914579995172,1.7089297710421155e-4,1,-0.01665887938165191,SF3B1,2,197400416
cg18182820,severity_ATOPIC_C1_vs_C3,0.1723913524248345,1.711640780563003e-4,1,-0.04831900280167821,ACSL1,4,184791087
cg20957316,severity_ATOPIC_C1_vs_C3,0.17289552856267354,1.718647402717769e-4,1,-0.03939174319332533,SFRS7,2,38749267
cg11714702,severity_ATOPIC_C1_vs_C3,0.17320248855640774,1.7239439433833526e-4,1,-0.00367758678098262,ACOT7,1,6302413
cg04305653,severity_ATOPIC_C1_vs_C3,0.17320248855640774,1.726045676903637e-4,1,-0.05829062314052641,TBC1D22A,22,46876526
cg20315954,severity_ATOPIC_C1_vs_C3,0.17320248855640774,1.729412948900626e-4,1,-0.07311648776101695,PMP22,17,15233987
cg10239802,severity_ATOPIC_C1_vs_C3,0.17320248855640774,1.729715925255972e-4,1,-0.07541840783030916,AKAP1,17,57106769
cg10186605,severity_ATOPIC_C1_vs_C3,0.17345086564598905,1.7342035650919576e-4,1,-0.07792076231656647,NF1,17,31340308
cg19722706,severity_ATOPIC_C1_vs_C3,0.17361594914565526,1.7378632001197915e-4,1,-0.06143679663713425,BTBD1,15,83064225
cg18879772,severity_ATOPIC_C1_vs_C3,0.17379080335750635,1.741624571922538e-4,1,-0.01879323986830136,LOC100130264,20,19265634
cg02075586,severity_ATOPIC_C1_vs_C3,0.17396287942362446,1.7453621175474038e-4,1,-0.02090496333491378,NA,5,32653371
cg01619618,severity_ATOPIC_C1_vs_C3,0.1749776516810903,1.762438185986811e-4,1,-0.04685257823607791,LINC01355,1,23284114
cg10054083,severity_ATOPIC_C1_vs_C3,0.1749776516810903,1.7624834424626365e-4,1,-0.06028838637052351,NA,16,4152450
cg16482631,severity_ATOPIC_C1_vs_C3,0.1749776516810903,1.7664725248230803e-4,1,-0.00977455001679426,C3orf17,3,113009224
cg23206725,severity_ATOPIC_C1_vs_C3,0.1749776516810903,1.7666299824831754e-4,1,-0.0721841863517158,KIAA1958,9,112629978
cg13107734,severity_ATOPIC_C1_vs_C3,0.1749776516810903,1.7670499424815705e-4,1,-0.03957892742251927,SPIDR,8,47440672
cg14117556,severity_ATOPIC_C1_vs_C3,0.1749776516810903,1.7709637585232278e-4,1,-0.02367325625639195,MED13L,12,116197492
cg12807206,severity_ATOPIC_C1_vs_C3,0.1749776516810903,1.7711410030247333e-4,1,-0.03044050576339363,GPD2,2,156467945
cg01362115,severity_ATOPIC_C1_vs_C3,0.1749776516810903,1.7718908471077815e-4,1,-0.02717206148292052,MAP2K5,15,67782880
cg25586083,severity_ATOPIC_C1_vs_C3,0.1749776516810903,1.7737669168460535e-4,1,-0.0585912731014895,NA,8,61825856
cg13068491,severity_ATOPIC_C1_vs_C3,0.17498154808482072,1.7816179204479212e-4,1,-0.00675888969867542,SLC39A11,17,73055785
cg13215995,severity_ATOPIC_C1_vs_C3,0.17498154808482072,1.7818016811066689e-4,1,-0.02997207680787306,NA,17,45144891
cg20330630,severity_ATOPIC_C1_vs_C3,0.17498154808482072,1.7852588601606655e-4,1,-0.03580440575808993,CYP11A1,15,74368034
cg17519037,severity_ATOPIC_C1_vs_C3,0.17498154808482072,1.7866109226121732e-4,1,-0.05362963717320268,MRPL45,17,36452075
cg27515052,severity_ATOPIC_C1_vs_C3,0.17498154808482072,1.7897267850591986e-4,1,-0.02842068468231143,NA,8,8655594
cg10332597,severity_ATOPIC_C1_vs_C3,0.17498154808482072,1.7901516991850752e-4,1,-0.03193775303925619,PPP1R16B,20,38866451
cg26235490,severity_ATOPIC_C1_vs_C3,0.17498154808482072,1.7917909996916835e-4,1,-0.05978638968465346,ABR,17,1144431
cg06839111,severity_ATOPIC_C1_vs_C3,0.17498154808482072,1.7946755809511366e-4,1,-0.04559955935279268,SLC12A4,16,67944547
cg08159047,severity_ATOPIC_C1_vs_C3,0.17498154808482072,1.7970139257644088e-4,1,-0.05018061750807742,NA,7,16963188
cg08711342,severity_ATOPIC_C1_vs_C3,0.17498154808482072,1.7986249783290433e-4,1,-0.04581334939739563,TRAF1,9,120920635
cg01092230,severity_ATOPIC_C1_vs_C3,0.17498154808482072,1.799395291350758e-4,1,-0.02873266591457871,PCGF5,10,91219843
cg07428892,severity_ATOPIC_C1_vs_C3,0.17498154808482072,1.8004170597501026e-4,1,-0.06888797097990018,CDYL2,16,80620069
cg17164630,severity_ATOPIC_C1_vs_C3,0.17498154808482072,1.80548551052853e-4,1,-0.05669679619046183,RASGRP1,15,38846707
cg19540377,severity_ATOPIC_C1_vs_C3,0.17498154808482072,1.811187379715648e-4,1,0.08647920892831097,SERPINB13,18,63590354
cg25953310,severity_ATOPIC_C1_vs_C3,0.17498154808482072,1.812405132246644e-4,1,-0.04256293395022217,ACAD10,12,112194269
cg14926805,severity_ATOPIC_C1_vs_C3,0.17498154808482072,1.8145166898352185e-4,1,0.02341514848508187,TMPRSS4-AS1,11,118061102
cg17759562,severity_ATOPIC_C1_vs_C3,0.17498154808482072,1.8174532822816692e-4,1,-0.0266181552022055,USP7,16,8994445
cg16583315,severity_ATOPIC_C1_vs_C3,0.17498154808482072,1.820018771592951e-4,1,-0.0731123148127265,MAX,14,65096947
cg08481694,severity_ATOPIC_C1_vs_C3,0.17498154808482072,1.8205153653809352e-4,1,-0.06600330133935063,LOC101928710,17,78627336
cg19131667,severity_ATOPIC_C1_vs_C3,0.17498154808482072,1.8207922716160412e-4,1,-0.07880871622460937,TBC1D5,3,17195448
cg27660807,severity_ATOPIC_C1_vs_C3,0.17498154808482072,1.8233830847649027e-4,1,-0.01307712035059808,ZC3H12C,11,110130654
cg11238327,severity_ATOPIC_C1_vs_C3,0.17498154808482072,1.82418148408312e-4,1,-0.0941303940549161,RAB11FIP4,17,31510056
cg00226489,severity_ATOPIC_C1_vs_C3,0.17498154808482072,1.82525519717574e-4,1,-0.02875398169999549,TRDMT1,10,17170032
cg21466096,severity_ATOPIC_C1_vs_C3,0.17498154808482072,1.826427960428281e-4,1,-0.03668191212225267,CLIP1,12,122341397
cg13070738,severity_ATOPIC_C1_vs_C3,0.17498154808482072,1.826727358302811e-4,1,-0.05070029101497239,ARHGEF5,7,144054288
cg23178790,severity_ATOPIC_C1_vs_C3,0.17498154808482072,1.8273938920491115e-4,1,-0.03930545997535192,FNDC3B,3,172147399
cg18325315,severity_ATOPIC_C1_vs_C3,0.17498154808482072,1.8284785306357343e-4,1,0.09628387480382249,GTF2IRD1,7,74482900
cg27479358,severity_ATOPIC_C1_vs_C3,0.17501633850464396,1.8308673706500492e-4,1,0.0828462394012914,NA,8,20112025
cg13792713,severity_ATOPIC_C1_vs_C3,0.1751025911656213,1.8337959641924947e-4,1,0.08678435361853559,DYM,18,49055794
cg16071782,severity_ATOPIC_C1_vs_C3,0.17555668051845968,1.840583051936748e-4,1,-0.06399482327651881,PAPOLA,14,96565623
cg08531949,severity_ATOPIC_C1_vs_C3,0.17563870398544998,1.8434755056379333e-4,1,-0.07674360513387428,DOCK8,9,366070
cg11491420,severity_ATOPIC_C1_vs_C3,0.1758128171489673,1.8473374819622277e-4,1,-0.01827516546936609,THAP4,2,241603872
cg15813528,severity_ATOPIC_C1_vs_C3,0.17594417518499067,1.850753747525395e-4,1,-0.0808871844388091,PTPRJ,11,48006747
cg21011036,severity_ATOPIC_C1_vs_C3,0.17616485275110255,1.8551136374561804e-4,1,-0.11009031151927308,NA,8,130646123
cg20923498,severity_ATOPIC_C1_vs_C3,0.1766169112366718,1.861917881768578e-4,1,-0.07509215886444368,INPP4A,2,98480457
cg16529676,severity_ATOPIC_C1_vs_C3,0.17757189290091993,1.8740402883478716e-4,1,-0.03836396651018278,NA,3,169470001
cg02445229,severity_ATOPIC_C1_vs_C3,0.179197915632494,1.8947349958269713e-4,1,-0.04470576280460889,NA,19,4633994
cg15862950,severity_ATOPIC_C1_vs_C3,0.179197915632494,1.895431156416824e-4,1,-0.02597543423957195,NA,14,45256252
cg24824686,severity_ATOPIC_C1_vs_C3,0.179197915632494,1.897421898042613e-4,1,-0.0988883561405194,PTPRE,10,127999513
cg25738218,severity_ATOPIC_C1_vs_C3,0.17925848751939918,1.902612187009909e-4,1,-0.06834611025066642,SLC29A1,6,44225676
cg24571846,severity_ATOPIC_C1_vs_C3,0.17925848751939918,1.9028497283173556e-4,1,-0.03797905341907538,OLA1,2,174124462
cg16222326,severity_ATOPIC_C1_vs_C3,0.17925848751939918,1.9046015753580527e-4,1,-0.06762688126235258,NA,8,1760272
cg17006098,severity_ATOPIC_C1_vs_C3,0.17925848751939918,1.9063608026172229e-4,1,-0.04980916227465266,RAB11FIP4,17,31495768
cg02670522,severity_ATOPIC_C1_vs_C3,0.1793197377726281,1.9090872757433633e-4,1,-0.04316157230462984,NFIA,1,61398491
cg06392169,severity_ATOPIC_C1_vs_C3,0.17936150007079554,1.9124492736400655e-4,1,0.0064612574780378,IRF4,6,391936
cg17328356,severity_ATOPIC_C1_vs_C3,0.17936150007079554,1.915488136302859e-4,1,-0.05061418638524948,ZNRF2,7,30349423
cg04289936,severity_ATOPIC_C1_vs_C3,0.17936150007079554,1.9170734082196969e-4,1,-0.05020994187051508,LURAP1L-AS1,9,12718901
cg22890968,severity_ATOPIC_C1_vs_C3,0.17936150007079554,1.917834201221719e-4,1,-0.02820381613567603,TG,8,133110104
cg03653158,severity_ATOPIC_C1_vs_C3,0.18012452699964926,1.9286026849572516e-4,1,-0.06241258052841392,GRB2,17,75335549
cg13854930,severity_ATOPIC_C1_vs_C3,0.18012452699964926,1.930161730826003e-4,1,-0.02038940316497263,NA,12,54658140
cg20493175,severity_ATOPIC_C1_vs_C3,0.18054863819907263,1.936795698101032e-4,1,-0.06849864162743692,GATAD2A,19,19488738
cg15448631,severity_ATOPIC_C1_vs_C3,0.18067540647171673,1.940246359503341e-4,1,-0.07379479438856151,AMFR,16,56372245
cg14324003,severity_ATOPIC_C1_vs_C3,0.181025404596616,1.9460997702980064e-4,1,-0.00985291147467215,FAM105A,5,14580454
cg11276172,severity_ATOPIC_C1_vs_C3,0.18123447247603197,1.9504582313955467e-4,1,-0.04871036705987129,ITPRIP,10,104333936
cg02307266,severity_ATOPIC_C1_vs_C3,0.18123447247603197,1.952541843045966e-4,1,-0.05880865066986886,LINC01531,19,35405576
cg01291780,severity_ATOPIC_C1_vs_C3,0.18146984566271904,1.957177627982741e-4,1,-0.05336081906343412,NA,3,183913388
cg13587880,severity_ATOPIC_C1_vs_C3,0.18197166433143316,1.964695595465001e-4,1,-0.06403120291454176,GATAD2A,19,19488722
cg06562292,severity_ATOPIC_C1_vs_C3,0.18199067602765845,1.9670068623324716e-4,1,-0.02793039492713415,TMEM220,17,10628810
cg01104306,severity_ATOPIC_C1_vs_C3,0.18208728776865152,1.9701581904999255e-4,1,-0.08387106308417418,STIM1,11,4044975
cg26997652,severity_ATOPIC_C1_vs_C3,0.1823791109543503,1.9754261733268208e-4,1,-0.06819193441999101,TMOD3,15,52157096
cg26148774,severity_ATOPIC_C1_vs_C3,0.18274976091984532,1.9815556288927769e-4,1,-0.01564827503063301,OR10P1,12,55636458
cg04524109,severity_ATOPIC_C1_vs_C3,0.18282764130933887,1.9892723289682815e-4,1,-0.0640178531900387,TPCN1,12,113713802
cg00569010,severity_ATOPIC_C1_vs_C3,0.18282764130933887,1.9907736546712708e-4,1,-0.04042264321403251,PYROXD2,10,98391853
cg17568131,severity_ATOPIC_C1_vs_C3,0.18282764130933887,1.990818626615169e-4,1,-0.03532177212119714,MEMO1,2,31999070
cg17811024,severity_ATOPIC_C1_vs_C3,0.18282764130933887,1.990862839779204e-4,1,-0.05107155703187049,NA,1,207838761
cg00180097,severity_ATOPIC_C1_vs_C3,0.18369543853762124,2.0024382643613533e-4,1,-0.01341479005331733,BAT2,6,31633380
cg10827767,severity_ATOPIC_C1_vs_C3,0.1839345556984732,2.010909060242884e-4,1,0.10134536397024922,DRG1,22,31398536
cg07081759,severity_ATOPIC_C1_vs_C3,0.1839345556984732,2.0112196259567644e-4,1,-0.06106394140881129,FAM53B,10,124642336
cg02745091,severity_ATOPIC_C1_vs_C3,0.1839345556984732,2.011430340207014e-4,1,-0.06380754014193421,C22orf46,22,42086047
cg23701314,severity_ATOPIC_C1_vs_C3,0.1841822677758756,2.0179345754275325e-4,1,-0.06623739840921497,UBR1,15,43095481
cg27071152,severity_ATOPIC_C1_vs_C3,0.1841822677758756,2.0184019429886663e-4,1,0.01674586112440405,LOC646999,7,39609844
cg22930140,severity_ATOPIC_C1_vs_C3,0.1847342331060005,2.0271039760208547e-4,1,-0.01782208998226106,NA,1,211584630
cg14296947,severity_ATOPIC_C1_vs_C3,0.1847342331060005,2.028726279839594e-4,1,-0.02272118222141954,NA,2,24781884
cg27402634,severity_ATOPIC_C1_vs_C3,0.1848109624831058,2.0370898579160696e-4,1,-0.03772745285288945,NA,3,156819071
cg12227872,severity_ATOPIC_C1_vs_C3,0.1848109624831058,2.0379021461463832e-4,1,-0.03792151432899273,ITGAM,16,31286902
cg07693617,severity_ATOPIC_C1_vs_C3,0.1848109624831058,2.0408868671785625e-4,1,-0.07759845951757421,PRKCZ,1,2150545
cg19234801,severity_ATOPIC_C1_vs_C3,0.1848109624831058,2.0414973351892744e-4,1,-0.02357969920563331,NA,11,44555991
cg00477633,severity_ATOPIC_C1_vs_C3,0.1848109624831058,2.041526682996321e-4,1,-0.05523081089305178,FZR1,19,3521502
cg06229641,severity_ATOPIC_C1_vs_C3,0.1848109624831058,2.0424007486109623e-4,1,0.0742205026386443,NA,8,19705036
cg24823679,severity_ATOPIC_C1_vs_C3,0.185034883399352,2.04736704911196e-4,1,-0.05403559899576467,KDM4B,19,5093480
cg04751885,severity_ATOPIC_C1_vs_C3,0.185034883399352,2.051008767156738e-4,1,0.08389330611877172,NA,21,39014763
cg20062300,severity_ATOPIC_C1_vs_C3,0.185034883399352,2.052810499149136e-4,1,-0.03100734840289037,NA,12,32000613
cg09115791,severity_ATOPIC_C1_vs_C3,0.185034883399352,2.0537589930785485e-4,1,-0.05898797900180524,NA,14,22996156
cg02582023,severity_ATOPIC_C1_vs_C3,0.185034883399352,2.0582070986771136e-4,1,-0.06281421097635596,MAPKAPK2,1,206717078
cg24493060,severity_ATOPIC_C1_vs_C3,0.185034883399352,2.05877697623455e-4,1,-0.03177223094003054,SRPK2,7,105153443
cg22040039,severity_ATOPIC_C1_vs_C3,0.185034883399352,2.0608933917166827e-4,1,-0.06405042048033062,NA,12,111757285
cg16599817,severity_ATOPIC_C1_vs_C3,0.185034883399352,2.066143204828612e-4,1,-0.06874160392769227,PRKCZ,1,2104844
cg24990379,severity_ATOPIC_C1_vs_C3,0.185034883399352,2.0671592973722365e-4,1,-0.01537271746299084,NA,6,139496799
cg03753785,severity_ATOPIC_C1_vs_C3,0.185034883399352,2.0679813818516517e-4,1,-0.01646873814623553,C1orf107,1,209827214
cg13933685,severity_ATOPIC_C1_vs_C3,0.185034883399352,2.0684289032921757e-4,1,0.10999078189004438,NA,2,236872148
cg12314351,severity_ATOPIC_C1_vs_C3,0.1850829938667347,2.071108497916252e-4,1,-0.04799226828072032,RREB1,6,7172883
cg05112948,severity_ATOPIC_C1_vs_C3,0.1862991028644439,2.0909661031383493e-4,1,-0.04877742995343355,GALNT7,4,173268285
cg13789639,severity_ATOPIC_C1_vs_C3,0.1862991028644439,2.091870789046271e-4,1,-0.06092941908870122,STIL,1,47280409
cg01668481,severity_ATOPIC_C1_vs_C3,0.1862991028644439,2.092865823976742e-4,1,-0.06558067041729015,VCL,10,74004343
cg12525237,severity_ATOPIC_C1_vs_C3,0.1862991028644439,2.09517630535003e-4,1,-0.02699408903436995,GID8,20,62946589
cg07133479,severity_ATOPIC_C1_vs_C3,0.1862991028644439,2.0967355978227493e-4,1,-0.03639827852349638,IMMT,2,86420600
cg15526318,severity_ATOPIC_C1_vs_C3,0.1862991028644439,2.0976521154507995e-4,1,-0.01371501517111763,NA,2,74345723
cg27550672,severity_ATOPIC_C1_vs_C3,0.18651875493905143,2.102283710627715e-4,1,-0.06946201313487323,MTCL1,18,8720397
cg04081257,severity_ATOPIC_C1_vs_C3,0.18685022174020025,2.108305894328098e-4,1,-0.02159861883109876,NA,3,148988538
cg13333788,severity_ATOPIC_C1_vs_C3,0.18685022174020025,2.1129250682241183e-4,1,-0.03772796628598793,ZDHHC18,1,26849894
cg23272088,severity_ATOPIC_C1_vs_C3,0.18685022174020025,2.1136369609276871e-4,1,-0.04124549297820266,KCNQ1,11,2483583
cg17161933,severity_ATOPIC_C1_vs_C3,0.18685022174020025,2.114668679374877e-4,1,-0.03997949177696661,ANKS6,9,98790651
cg08820720,severity_ATOPIC_C1_vs_C3,0.18685552499969543,2.1168909980501328e-4,1,-0.02848187308112524,NA,6,88983993
cg19021988,severity_ATOPIC_C1_vs_C3,0.18717573464650805,2.123977459666911e-4,1,-0.03521732373709708,NA,10,133246437
cg16849440,severity_ATOPIC_C1_vs_C3,0.18717573464650805,2.1248506708105105e-4,1,-0.04287393099393432,CCDC57,17,82134473
cg12149081,severity_ATOPIC_C1_vs_C3,0.1872822114113842,2.1282266500104063e-4,1,0.08825018670136492,ACOXL,2,111033022
cg08815110,severity_ATOPIC_C1_vs_C3,0.1875737381310179,2.1337100947841424e-4,1,-0.03146015642631692,ARSG,17,68295281
cg17394189,severity_ATOPIC_C1_vs_C3,0.18772456970286347,2.1375982071165448e-4,1,-0.06592099899890301,ST3GAL1,8,134574786
cg08165028,severity_ATOPIC_C1_vs_C3,0.18775686992680507,2.1401387357536985e-4,1,0.02451408227318136,NA,17,78375566
cg16048625,severity_ATOPIC_C1_vs_C3,0.187778139450674,2.142554151334077e-4,1,-0.01182314306357361,NA,18,74233797
cg25404570,severity_ATOPIC_C1_vs_C3,0.18834834744741083,2.1531341347715425e-4,1,-0.04713579956315012,MCU,10,72712992
cg01295798,severity_ATOPIC_C1_vs_C3,0.18834834744741083,2.1542389630409444e-4,1,-0.05449244626671092,LINC01146,14,88036161
cg19376906,severity_ATOPIC_C1_vs_C3,0.18834834744741083,2.155598964366099e-4,1,-0.08206092984867117,NA,2,30191969
cg09994537,severity_ATOPIC_C1_vs_C3,0.18840786501885817,2.164021820061314e-4,1,-0.0521451268647168,ZHX3,20,41262325
cg24143196,severity_ATOPIC_C1_vs_C3,0.18840786501885817,2.16511906565114e-4,1,-0.02146969533299943,TECR,19,14533662
cg05288253,severity_ATOPIC_C1_vs_C3,0.18840786501885817,2.1675514855904523e-4,1,-0.05210687815414613,ANKRD11,16,89485851
cg00622105,severity_ATOPIC_C1_vs_C3,0.18840786501885817,2.1684141396305617e-4,1,-0.02452041680005163,SPRED2,2,65367344
cg08040193,severity_ATOPIC_C1_vs_C3,0.18840786501885817,2.1703044246032017e-4,1,-0.03911889273465022,NA,12,49138712
cg16144395,severity_ATOPIC_C1_vs_C3,0.18840786501885817,2.1722237382358864e-4,1,-0.0815054968025561,NA,18,57628686
cg05941525,severity_ATOPIC_C1_vs_C3,0.18840786501885817,2.1723150748065935e-4,1,-0.07474825866207258,NA,1,173997935
cg20433238,severity_ATOPIC_C1_vs_C3,0.18840786501885817,2.173722232012442e-4,1,-0.04685616529211421,ERMN,2,157326822
cg27604999,severity_ATOPIC_C1_vs_C3,0.18843877796451455,2.177772727324959e-4,1,-0.01418673442656047,NA,12,48160464
cg07045119,severity_ATOPIC_C1_vs_C3,0.18843877796451455,2.180313699020485e-4,1,-0.05499207879746137,SLC24A3,20,19213896
cg08538069,severity_ATOPIC_C1_vs_C3,0.18843877796451455,2.181773496321575e-4,1,-0.07586041948798901,IGF1R,15,98901501
cg13713152,severity_ATOPIC_C1_vs_C3,0.18843877796451455,2.1828013676121688e-4,1,-0.06958897322101597,MAPRE2,18,35085788
cg24323626,severity_ATOPIC_C1_vs_C3,0.18862563673916216,2.187148649920853e-4,1,-0.07157399934951858,LOC100506457,2,12413298
cg08228578,severity_ATOPIC_C1_vs_C3,0.1886599562992322,2.1897297717083324e-4,1,-0.04074409481359038,SHMT2,12,57230410
cg18887742,severity_ATOPIC_C1_vs_C3,0.18870992707275877,2.1937843039563395e-4,1,-0.04202941053419734,NEK7,1,198188169
cg06788390,severity_ATOPIC_C1_vs_C3,0.18870992707275877,2.196928137334747e-4,1,-0.0726657911041917,VTI1A,10,112678850
cg08440987,severity_ATOPIC_C1_vs_C3,0.18870992707275877,2.1990055112726663e-4,1,-0.04701878118255424,NA,11,128609889
cg08350738,severity_ATOPIC_C1_vs_C3,0.18870992707275877,2.2011930271946675e-4,1,-0.03280057598018622,ARL8B,3,5162058
cg03585110,severity_ATOPIC_C1_vs_C3,0.18870992707275877,2.201228562675789e-4,1,-0.07977536932078302,SGMS1,10,50504012
cg06866208,severity_ATOPIC_C1_vs_C3,0.1888669043054475,2.2067665305626404e-4,1,-0.05167575361440111,NA,16,67526342
cg18365534,severity_ATOPIC_C1_vs_C3,0.1888669043054475,2.210815282060631e-4,1,-0.03271570326590652,NA,3,48275884
cg23041973,severity_ATOPIC_C1_vs_C3,0.1888669043054475,2.2118325031542473e-4,1,-0.02610257139021386,NA,15,59696540
cg13311020,severity_ATOPIC_C1_vs_C3,0.1888669043054475,2.2130403447516293e-4,1,-0.05273829206864725,NA,14,65302662
cg00677574,severity_ATOPIC_C1_vs_C3,0.1888669043054475,2.2139875167958683e-4,1,-0.0262462729774898,ACBD4,17,45143960
cg14443219,severity_ATOPIC_C1_vs_C3,0.18889770938243247,2.216534560051779e-4,1,-0.07072583275545323,NA,19,10260244
cg15082526,severity_ATOPIC_C1_vs_C3,0.18910328761319567,2.2211351351081012e-4,1,0.0894545033893098,PECR,2,216071562
cg01567034,severity_ATOPIC_C1_vs_C3,0.1891054867667601,2.2233493014542377e-4,1,-0.05680532835796743,NA,10,3058053
cg25377923,severity_ATOPIC_C1_vs_C3,0.1902868553796391,2.239440884486675e-4,1,-0.04667523564006227,PFDN1,5,140302059
cg17290000,severity_ATOPIC_C1_vs_C3,0.19050467889157996,2.244645487538007e-4,1,0.05528187261658409,NA,2,11945728
cg04210796,severity_ATOPIC_C1_vs_C3,0.19050467889157996,2.2464134526162065e-4,1,-0.04765891500966577,NA,17,83070173
cg15741159,severity_ATOPIC_C1_vs_C3,0.19053402699031308,2.2531850103541792e-4,1,-0.02492200736942725,NA,1,110073011
cg22736379,severity_ATOPIC_C1_vs_C3,0.19053402699031308,2.255696544222701e-4,1,-0.02553972210956907,EIF2S1,14,67364772
cg24188441,severity_ATOPIC_C1_vs_C3,0.19053402699031308,2.2557367394482024e-4,1,-0.05948150458777612,PPP1R2,3,195538207
cg17419937,severity_ATOPIC_C1_vs_C3,0.19053402699031308,2.257417449390866e-4,1,-0.02003244724337065,NA,5,71663274
cg27244805,severity_ATOPIC_C1_vs_C3,0.19053402699031308,2.2594341865449553e-4,1,-0.06234908173920232,NA,13,91085277
cg11559761,severity_ATOPIC_C1_vs_C3,0.19053402699031308,2.2599887249589296e-4,1,-0.01958356981747186,NA,17,30544876
cg06636203,severity_ATOPIC_C1_vs_C3,0.19157387431643624,2.2745396070212605e-4,1,-0.05884488589419911,ZBTB12,6,31867788
cg25148901,severity_ATOPIC_C1_vs_C3,0.19166107639085575,2.2777928588189216e-4,1,-0.02284318500920457,OPLAH,8,144061621
cg11265882,severity_ATOPIC_C1_vs_C3,0.19176579057427623,2.2821599066152163e-4,1,-0.0598325399360388,LCORL,4,18012314
cg03611711,severity_ATOPIC_C1_vs_C3,0.19176579057427623,2.2877040151416623e-4,1,-0.01717162153783933,LOC100129461,6,5157871
cg24362151,severity_ATOPIC_C1_vs_C3,0.19176579057427623,2.288774689847305e-4,1,-0.0577853057048522,GSTM3,1,109738164
cg27286609,severity_ATOPIC_C1_vs_C3,0.19176579057427623,2.2890821471003024e-4,1,-0.04264819187908782,MICAL2,11,12141744
cg15889057,severity_ATOPIC_C1_vs_C3,0.19176579057427623,2.2901329381017817e-4,1,-0.02895397842695803,ITGB7,12,53208395
cg12775021,severity_ATOPIC_C1_vs_C3,0.1919914711283927,2.2987720221863956e-4,1,-0.02715963239938804,NA,15,92878592
cg20379007,severity_ATOPIC_C1_vs_C3,0.1919914711283927,2.2993529786602553e-4,1,-0.05019813922070314,NA,12,52878034
cg09645818,severity_ATOPIC_C1_vs_C3,0.1919914711283927,2.299493290739204e-4,1,-0.05707751311258132,NA,11,10743045
cg18413505,severity_ATOPIC_C1_vs_C3,0.1923218754793271,2.3058038660204975e-4,1,-0.04329459231822571,SLC41A1,1,205804391
cg00755791,severity_ATOPIC_C1_vs_C3,0.1923218754793271,2.3079016755392828e-4,1,-0.02075336240625887,VCL,10,74008703
cg10454864,severity_ATOPIC_C1_vs_C3,0.1928420898452036,2.319877582874038e-4,1,-0.04423882676188943,NA,2,111896440
cg13459764,severity_ATOPIC_C1_vs_C3,0.1928420898452036,2.32050273246215e-4,1,-0.03509907274132356,C9orf37,9,137616028
cg24565204,severity_ATOPIC_C1_vs_C3,0.1928420898452036,2.3208390820019136e-4,1,-0.01052646166069207,GALNT7,4,173290888
cg03795847,severity_ATOPIC_C1_vs_C3,0.19285173470224695,2.3231868447337863e-4,1,-0.0379742234273435,ZNF167,3,44555020
cg03021910,severity_ATOPIC_C1_vs_C3,0.1929052082500869,2.3312148887508528e-4,1,-0.02094185107216402,NA,2,234479620
cg00204065,severity_ATOPIC_C1_vs_C3,0.1929052082500869,2.334046388377014e-4,1,-0.01663099727633422,KCNQ1,11,2718990
cg18749651,severity_ATOPIC_C1_vs_C3,0.1929052082500869,2.33407202765697e-4,1,-0.03465190191673929,BACH2,6,90274216
cg11339907,severity_ATOPIC_C1_vs_C3,0.1929052082500869,2.3372911099377023e-4,1,-0.033362605069762,BCL11B,14,99213364
cg23485066,severity_ATOPIC_C1_vs_C3,0.1929052082500869,2.3392130798169277e-4,1,-0.18037882408545217,LOC646999,7,39649706
cg10631834,severity_ATOPIC_C1_vs_C3,0.1929052082500869,2.34229240222597e-4,1,0.0712500063317037,B4GALT1,9,33157201
cg04465264,severity_ATOPIC_C1_vs_C3,0.1929052082500869,2.3451523456179132e-4,1,-0.03706729181056824,CHMP4C,8,81733016
cg01437816,severity_ATOPIC_C1_vs_C3,0.1929052082500869,2.3455377432948787e-4,1,0.07414905122732084,NA,2,102041591
cg03502211,severity_ATOPIC_C1_vs_C3,0.1929052082500869,2.346140137944489e-4,1,-0.06667081460468431,MAPK13,6,36140335
cg15579574,severity_ATOPIC_C1_vs_C3,0.1929052082500869,2.3482529237179865e-4,1,-0.04525629850341232,MICAL2,11,12159062
cg00471162,severity_ATOPIC_C1_vs_C3,0.1929052082500869,2.3512375984662405e-4,1,0.08925018248418005,NA,19,43444963
cg16622231,severity_ATOPIC_C1_vs_C3,0.1929052082500869,2.351661464066786e-4,1,-0.01913687144134399,AKAP2,9,110156073
cg23070487,severity_ATOPIC_C1_vs_C3,0.1929052082500869,2.354747776023821e-4,1,-0.04529278389208316,TNFRSF10B,8,23050076
cg24188163,severity_ATOPIC_C1_vs_C3,0.1929052082500869,2.355194637676389e-4,1,-0.0811979120938467,IDO1,8,39924499
cg14001426,severity_ATOPIC_C1_vs_C3,0.1929052082500869,2.3573156101252063e-4,1,-0.06297392208974377,GAS2,11,22674897
cg12006129,severity_ATOPIC_C1_vs_C3,0.1933353974589324,2.364809838015668e-4,1,-0.04761340838569248,NA,6,33513473
cg11960010,severity_ATOPIC_C1_vs_C3,0.1938837134984653,2.3737602745972503e-4,1,-0.04652810175748907,ALMS1,2,73504233
cg03184290,severity_ATOPIC_C1_vs_C3,0.1944548839348905,2.383846332212821e-4,1,0.00467890557879215,PITX2,4,110629510
cg06281325,severity_ATOPIC_C1_vs_C3,0.1944548839348905,2.3859387659806475e-4,1,-0.03753072573648931,NA,6,106798128
cg19744478,severity_ATOPIC_C1_vs_C3,0.1944548839348905,2.3896501279064653e-4,1,-0.03487433111667132,HK1,10,69358201
cg23452498,severity_ATOPIC_C1_vs_C3,0.1944548839348905,2.389754195313483e-4,1,-0.04600467436884929,NA,5,145510044
cg26196104,severity_ATOPIC_C1_vs_C3,0.19452559123138505,2.392874210543542e-4,1,0.04255138659077842,GLIS2-AS1,16,4329147
cg16085471,severity_ATOPIC_C1_vs_C3,0.1945727796769605,2.3957062828794696e-4,1,-0.01121391699341709,GALNT18,11,11458982
cg13319468,severity_ATOPIC_C1_vs_C3,0.1946487531741569,2.4020750574500207e-4,1,-0.00885245918145468,NA,13,27023593
cg08532140,severity_ATOPIC_C1_vs_C3,0.1946487531741569,2.4033675942942317e-4,1,-0.02602725638173595,FAM26F,6,116782179
cg22292738,severity_ATOPIC_C1_vs_C3,0.1946487531741569,2.404447212357338e-4,1,-0.05762826279955689,NA,9,91163792
cg15570901,severity_ATOPIC_C1_vs_C3,0.1946487531741569,2.406224818807701e-4,1,-0.08512408249943397,LOC101060091,2,113877007
cg16234791,severity_ATOPIC_C1_vs_C3,0.1946487531741569,2.409848163631708e-4,1,-0.02064374650770876,CDCA7L,7,21905735
cg23140746,severity_ATOPIC_C1_vs_C3,0.1946487531741569,2.411552634662743e-4,1,-0.05801172056349037,ANKRD52,12,56244750
cg15566508,severity_ATOPIC_C1_vs_C3,0.1946487531741569,2.4127308321463691e-4,1,-0.05526547140668828,NA,10,30818845
cg14255062,severity_ATOPIC_C1_vs_C3,0.1946487531741569,2.4182292395143217e-4,1,-0.05599875768787889,PSMD5,9,120844397
cg09469170,severity_ATOPIC_C1_vs_C3,0.1946487531741569,2.4200501624686488e-4,1,-0.06744286210733101,NA,3,52775926
cg07062743,severity_ATOPIC_C1_vs_C3,0.1946487531741569,2.4202814392625073e-4,1,-0.02061270828499579,NA,7,22680513
cg22278294,severity_ATOPIC_C1_vs_C3,0.1946487531741569,2.4214190288539356e-4,1,0.10305194890883504,NA,5,39470126
cg04377912,severity_ATOPIC_C1_vs_C3,0.19516497151518275,2.4302517608962228e-4,1,-0.06279043134354002,ERMAP,1,42825170
cg20443345,severity_ATOPIC_C1_vs_C3,0.19516497151518275,2.432357667653976e-4,1,-0.01681621611345723,PARK2,6,162199197
cg03784654,severity_ATOPIC_C1_vs_C3,0.19520800728982815,2.4351529807075e-4,1,-0.02565411543407331,PTEN,10,87926341
cg07925553,severity_ATOPIC_C1_vs_C3,0.19521277794558045,2.4401627430691288e-4,1,-0.03434765488380046,NA,19,46190065
cg08868330,severity_ATOPIC_C1_vs_C3,0.19521277794558045,2.441692739491081e-4,1,-0.03325293316873156,ZNF699,19,9306466
cg21664942,severity_ATOPIC_C1_vs_C3,0.19521277794558045,2.4441226195239007e-4,1,-0.0692071678151146,C19orf47,19,40331377
cg11514604,severity_ATOPIC_C1_vs_C3,0.19521277794558045,2.4442485319378773e-4,1,-0.01863513719124318,NA,11,123030339
cg15402009,severity_ATOPIC_C1_vs_C3,0.1952488554462723,2.446959683577807e-4,1,-0.06248615984482512,NA,6,139516582
cg16811525,severity_ATOPIC_C1_vs_C3,0.195442452570904,2.452393074663075e-4,1,-0.05115275765082842,POU6F2,7,39263002
cg04943896,severity_ATOPIC_C1_vs_C3,0.195442452570904,2.453909277990803e-4,1,-0.03927785561563014,KIAA1919,6,111585167
cg24747377,severity_ATOPIC_C1_vs_C3,0.1964954335898838,2.4694040039091944e-4,1,-0.04881395350880362,MYRFL,12,69898308
cg02173977,severity_ATOPIC_C1_vs_C3,0.1966734143315149,2.4766598509563066e-4,1,-0.03339057688358592,C14orf45,14,74065657
cg04790775,severity_ATOPIC_C1_vs_C3,0.1966734143315149,2.4805582917726473e-4,1,0.08406986082317607,LOC101926913,2,171600940
cg23434083,severity_ATOPIC_C1_vs_C3,0.1966734143315149,2.482397166614939e-4,1,-0.0672516251251918,NA,12,120532822
cg11683482,severity_ATOPIC_C1_vs_C3,0.1966734143315149,2.4861916880290275e-4,1,-0.06405991918285266,DMAP1,1,44212951
cg06866816,severity_ATOPIC_C1_vs_C3,0.1966734143315149,2.4884104983042e-4,1,0.0695257324186256,NA,17,78337624
cg11949606,severity_ATOPIC_C1_vs_C3,0.1966734143315149,2.490022894750728e-4,1,-0.03998695116485808,SYNJ1,21,34096277
cg13400109,severity_ATOPIC_C1_vs_C3,0.1966734143315149,2.491223181806129e-4,1,-0.03051073084620689,EYA3,1,28058379
cg04827805,severity_ATOPIC_C1_vs_C3,0.1966734143315149,2.491494331445446e-4,1,-0.05127910426348948,FARS2,6,5567418
cg12781018,severity_ATOPIC_C1_vs_C3,0.1966734143315149,2.495679915142518e-4,1,-0.05618554124364992,PLEKHG6,12,6312577
cg09072230,severity_ATOPIC_C1_vs_C3,0.1966734143315149,2.496404838118964e-4,1,-0.03623474853918194,PLEKHA7,11,16918440
cg01974091,severity_ATOPIC_C1_vs_C3,0.1966734143315149,2.498153816668079e-4,1,-0.10951517625741744,DEGS2,14,100158690
cg07098502,severity_ATOPIC_C1_vs_C3,0.1966734143315149,2.4989516767420935e-4,1,-0.0438463986055998,KIAA0182,16,85620551
cg24797501,severity_ATOPIC_C1_vs_C3,0.19712306872013505,2.506946145162291e-4,1,-0.02194261802093199,NA,2,8308181
cg00664743,severity_ATOPIC_C1_vs_C3,0.197321519692711,2.511753391324467e-4,1,-0.02187155087429481,OSBP2,22,30904266
cg04476695,severity_ATOPIC_C1_vs_C3,0.19752734696043353,2.5166592104564626e-4,1,-0.07292556430962398,HPX,11,6434236
cg01711761,severity_ATOPIC_C1_vs_C3,0.1979968213695867,2.524931923426487e-4,1,-0.04724503786539629,COL15A1,9,98943096
cg07636225,severity_ATOPIC_C1_vs_C3,0.1981842794810961,2.5303741420027175e-4,1,-0.07054442136066622,RTN3,11,63699515
cg27442349,severity_ATOPIC_C1_vs_C3,0.1981842794810961,2.5355608492724503e-4,1,-0.04025836890420754,SIRT2,19,38898579
cg08223760,severity_ATOPIC_C1_vs_C3,0.1981842794810961,2.538826661213137e-4,1,-0.04257631065232449,ERMAP,1,42825538
cg18464463,severity_ATOPIC_C1_vs_C3,0.1981842794810961,2.5409525775037494e-4,1,-0.06098516987575805,DCAF17,2,171478477
cg12232336,severity_ATOPIC_C1_vs_C3,0.1981842794810961,2.543536626045645e-4,1,-0.06059780762533413,NA,12,50935893
cg14585803,severity_ATOPIC_C1_vs_C3,0.1981842794810961,2.54782611479106e-4,1,-0.04235996721156514,PRDM2,1,13759326
cg05755378,severity_ATOPIC_C1_vs_C3,0.1981842794810961,2.54839879828786e-4,1,-0.06504959501482976,NA,17,59419036
cg27519282,severity_ATOPIC_C1_vs_C3,0.1981842794810961,2.5536642004643463e-4,1,-0.04626797232080688,NA,15,89770360
cg12626076,severity_ATOPIC_C1_vs_C3,0.1981842794810961,2.5548728712901527e-4,1,-0.05730493455283013,SLCO3A1,15,91855965
cg18077587,severity_ATOPIC_C1_vs_C3,0.1981842794810961,2.555693829237332e-4,1,-0.02943538107206139,RORA,15,60841018
cg13682096,severity_ATOPIC_C1_vs_C3,0.1981842794810961,2.5565652312665814e-4,1,-0.02822561231941496,EPB42,15,43221108
cg05864261,severity_ATOPIC_C1_vs_C3,0.1981842794810961,2.5574567510891456e-4,1,-0.0426635107988819,ABCG8,2,43838891
cg23552192,severity_ATOPIC_C1_vs_C3,0.1981842794810961,2.5575880554354634e-4,1,0.01279431111491179,UBXN2B,8,59323544
cg05959780,severity_ATOPIC_C1_vs_C3,0.1981842794810961,2.5624813596912446e-4,1,-0.01116738401486089,NA,9,34051601
cg03248459,severity_ATOPIC_C1_vs_C3,0.1981842794810961,2.563307650739813e-4,1,-0.04644313963628236,NA,6,15107234
cg26024852,severity_ATOPIC_C1_vs_C3,0.1981842794810961,2.5640167986634927e-4,1,-0.04763519881105688,ELL3,15,43778340
cg02150868,severity_ATOPIC_C1_vs_C3,0.1981914172330124,2.5680315116503795e-4,1,0.1039010793376321,GM2A,5,151258320
cg15320416,severity_ATOPIC_C1_vs_C3,0.1981914172330124,2.570501943914254e-4,1,-0.038419218678515873,RTEL1,20,63657671
cg03060184,severity_ATOPIC_C1_vs_C3,0.1981914172330124,2.570989579590245e-4,1,0.086592281975826,NA,19,51754393
cg05042038,severity_ATOPIC_C1_vs_C3,0.1984662097927275,2.57876490625273e-4,1,-0.0770909235006921,QRICH2,17,74298896
cg06836909,severity_ATOPIC_C1_vs_C3,0.1984662097927275,2.5791475758574065e-4,1,-0.0264101327987268,IDO1,8,39925337
cg24566538,severity_ATOPIC_C1_vs_C3,0.19883792683011556,2.5868821310363725e-4,1,-0.03171482187552436,RCBTB2,13,48534491
cg06118712,severity_ATOPIC_C1_vs_C3,0.19883792683011556,2.588580107248262e-4,1,-0.03945682309793694,SAMSN1-AS1,21,14582118
cg06958964,severity_ATOPIC_C1_vs_C3,0.19948784344815296,2.60251940517165e-4,1,-0.0389332839711899,C10orf25,10,44999358
cg21746109,severity_ATOPIC_C1_vs_C3,0.19948784344815296,2.6059980703166364e-4,1,-0.01180424675714656,LFNG,7,2518453
cg14937228,severity_ATOPIC_C1_vs_C3,0.19948784344815296,2.6069105164718123e-4,1,-0.04633488772984034,FAM107B,10,14520036
cg06352317,severity_ATOPIC_C1_vs_C3,0.19948784344815296,2.607344697388244e-4,1,-0.00625024990885396,TDRD7,9,97468362
cg07328369,severity_ATOPIC_C1_vs_C3,0.19948784344815296,2.6085834794852393e-4,1,0.09795975314801283,NA,9,21413719
cg24368962,severity_ATOPIC_C1_vs_C3,0.1995525131935133,2.6169528594909854e-4,1,-0.04996346332263863,SIK2,11,111700254
cg27300125,severity_ATOPIC_C1_vs_C3,0.1995525131935133,2.6180250837606265e-4,1,-0.08402860636297309,NA,2,64485866
cg25949669,severity_ATOPIC_C1_vs_C3,0.1995525131935133,2.618727286972637e-4,1,-0.03442206689678684,NA,10,94611824
cg20267283,severity_ATOPIC_C1_vs_C3,0.1995525131935133,2.62395379946553e-4,1,-0.08452239895943056,ZBTB48,1,6585111
cg15942979,severity_ATOPIC_C1_vs_C3,0.1995525131935133,2.6278372168092866e-4,1,-0.07288974687914726,BIN3,8,22639548
cg20003176,severity_ATOPIC_C1_vs_C3,0.1995525131935133,2.629831390800537e-4,1,-0.03904665358690076,IFRD1,7,112451866
cg00256632,severity_ATOPIC_C1_vs_C3,0.1995525131935133,2.629989196661165e-4,1,-0.07339068646169462,RPS6KA1,1,26881328
cg06381864,severity_ATOPIC_C1_vs_C3,0.1995525131935133,2.6312939554675737e-4,1,-0.08549071632055119,RICH2,17,12805418
cg27288127,severity_ATOPIC_C1_vs_C3,0.1995525131935133,2.6372256902349746e-4,1,-0.03579825415326483,HVCN1,12,110690224
cg19390271,severity_ATOPIC_C1_vs_C3,0.1995525131935133,2.637649976949628e-4,1,-0.07032368191658839,CNOT2,12,70251580
cg16953142,severity_ATOPIC_C1_vs_C3,0.1995525131935133,2.638554071781634e-4,1,-0.04035758340534868,CYSTM1,5,140217618
cg14849880,severity_ATOPIC_C1_vs_C3,0.1995525131935133,2.639615873993383e-4,1,-0.07890546435313232,NA,22,46596309
cg00336912,severity_ATOPIC_C1_vs_C3,0.1995525131935133,2.640986313148627e-4,1,-0.06317611986347041,NA,14,55116323
cg10128479,severity_ATOPIC_C1_vs_C3,0.1995525131935133,2.643594644837406e-4,1,-0.05436178622266512,MEF2D,1,156495957
cg22786756,severity_ATOPIC_C1_vs_C3,0.1995525131935133,2.646943054070797e-4,1,-0.02745136025251851,PPM1A,14,60253998
cg11230866,severity_ATOPIC_C1_vs_C3,0.1995525131935133,2.647148214061308e-4,1,-0.08051418064300968,NA,6,150400090
cg17582254,severity_ATOPIC_C1_vs_C3,0.1995525131935133,2.649902038983301e-4,1,0.05147951870054696,NA,7,88322351
cg23509861,severity_ATOPIC_C1_vs_C3,0.1995525131935133,2.658174871512193e-4,1,0.03972459225981261,SNX2,5,122773733
cg15350322,severity_ATOPIC_C1_vs_C3,0.1995525131935133,2.6629149810807436e-4,1,-0.01821347690113304,SHOC2,10,110963538
cg03278639,severity_ATOPIC_C1_vs_C3,0.1995525131935133,2.663810833102155e-4,1,-0.05698179367665053,NA,3,128416002
cg18676615,severity_ATOPIC_C1_vs_C3,0.1995525131935133,2.667890467409668e-4,1,-0.0504221950332399,NA,22,39984987
cg04662939,severity_ATOPIC_C1_vs_C3,0.1995525131935133,2.6684565386199855e-4,1,0.00536960201974529,PPP1R15B,1,204411444
cg15818948,severity_ATOPIC_C1_vs_C3,0.1995525131935133,2.67215924444331e-4,1,0.07745123636524019,SLC24A3,20,19658037
cg14511866,severity_ATOPIC_C1_vs_C3,0.1995525131935133,2.672704261508843e-4,1,-0.0361127394533621,MAP4K4,2,101831593
cg09287328,severity_ATOPIC_C1_vs_C3,0.1995525131935133,2.672982184951781e-4,1,0.05249031990580487,NA,10,132417983
cg00820761,severity_ATOPIC_C1_vs_C3,0.1995525131935133,2.675624074720509e-4,1,-0.02830982448088838,NA,14,26926365
cg23473561,severity_ATOPIC_C1_vs_C3,0.1995525131935133,2.6768938122506843e-4,1,-0.06803840968133108,AHNAK,11,62230113
cg07408633,severity_ATOPIC_C1_vs_C3,0.1995525131935133,2.678563630804571e-4,1,-0.0415196887640725,IKBKB,8,42306106
cg15323433,severity_ATOPIC_C1_vs_C3,0.1995525131935133,2.6789257894209217e-4,1,-0.03619833857610835,PPP2R5C,14,101878637
cg12511475,severity_ATOPIC_C1_vs_C3,0.1995525131935133,2.681563749104738e-4,1,-0.02296155811107642,NA,1,234981821
cg09581611,severity_ATOPIC_C1_vs_C3,0.1995525131935133,2.683061441981293e-4,1,-0.04706735410003902,SLC12A4,16,67944255
cg11558387,severity_ATOPIC_C1_vs_C3,0.1995525131935133,2.683324465266093e-4,1,-0.07370127496971901,NA,1,117596387
cg21652108,severity_ATOPIC_C1_vs_C3,0.1996033024843108,2.6863172311034805e-4,1,-0.05761249892814224,NA,12,12792017
cg25643363,severity_ATOPIC_C1_vs_C3,0.19961314771587552,2.6936844013892555e-4,1,-0.04214286439497497,CHN2,7,29217438
cg17078207,severity_ATOPIC_C1_vs_C3,0.19961314771587552,2.696165727629996e-4,1,-0.06111340820302648,NENF,1,212439184
cg18792984,severity_ATOPIC_C1_vs_C3,0.19961314771587552,2.6979786640055666e-4,1,-0.03342129444667753,NCR2,6,41334966
cg26423824,severity_ATOPIC_C1_vs_C3,0.19961314771587552,2.6998188737391206e-4,1,-0.04890469850809119,KSR1,17,25898825
cg26922243,severity_ATOPIC_C1_vs_C3,0.19961314771587552,2.7006145030000913e-4,1,-0.03669639779351334,NA,12,106416232
cg13010209,severity_ATOPIC_C1_vs_C3,0.19961314771587552,2.7016921387640997e-4,1,-0.06651373817479854,PVRL1,11,119697154
cg21072150,severity_ATOPIC_C1_vs_C3,0.19961314771587552,2.7084529533241903e-4,1,-0.06042212483005058,NA,20,48012752
cg16122287,severity_ATOPIC_C1_vs_C3,0.19961314771587552,2.709953310376795e-4,1,-0.05443403117122111,PHF20,20,34364813
cg27360433,severity_ATOPIC_C1_vs_C3,0.19961314771587552,2.710983843666716e-4,1,0.09368323669335953,NA,17,56653600
cg13953978,severity_ATOPIC_C1_vs_C3,0.19961314771587552,2.7117667499042665e-4,1,-0.06021173186050883,USP20,9,129838509
cg23508438,severity_ATOPIC_C1_vs_C3,0.19961314771587552,2.71185897178318e-4,1,0.04615850504048795,MEFV,16,3256608
cg21306887,severity_ATOPIC_C1_vs_C3,0.199691210790113,2.715977832877988e-4,1,-0.04124553108995422,NA,22,36884246
cg23478569,severity_ATOPIC_C1_vs_C3,0.199691210790113,2.719463821248985e-4,1,-0.02530592752650625,CHD7,8,60835163
cg10653297,severity_ATOPIC_C1_vs_C3,0.199691210790113,2.7198520063595645e-4,1,-0.02942586747193197,LOC285033,2,96240094
cg11125814,severity_ATOPIC_C1_vs_C3,0.19974787115111528,2.724831130836262e-4,1,-0.03822715846733505,NA,1,234708797
cg22211440,severity_ATOPIC_C1_vs_C3,0.19974787115111528,2.7279843727426946e-4,1,-0.05670059685620379,NA,9,91178147
cg21211696,severity_ATOPIC_C1_vs_C3,0.19974787115111528,2.728760734451662e-4,1,-0.04743003719521591,GON4L,1,155771334
cg18700007,severity_ATOPIC_C1_vs_C3,0.19974787115111528,2.731988110163722e-4,1,-0.08516365014343637,NA,12,66291160
cg17194668,severity_ATOPIC_C1_vs_C3,0.19974787115111528,2.732545821409397e-4,1,-0.03404841145696163,WDR73,15,84643286
cg11422446,severity_ATOPIC_C1_vs_C3,0.19974787115111528,2.7348883822534396e-4,1,-0.07675765788949669,ELMO1,7,37394413
cg23029518,severity_ATOPIC_C1_vs_C3,0.19974787115111528,2.7430717274288727e-4,1,-0.04915855551573307,ATG10,5,82111363
cg21577213,severity_ATOPIC_C1_vs_C3,0.19974787115111528,2.7437919784858007e-4,1,-0.06011758501491211,NA,1,204388533
cg05906295,severity_ATOPIC_C1_vs_C3,0.19974787115111528,2.744233258522492e-4,1,-0.00580268898887414,LETM2,8,38389115
cg22164921,severity_ATOPIC_C1_vs_C3,0.19974787115111528,2.7443212078838756e-4,1,-0.05575950989362566,NA,5,103374699
cg04120520,severity_ATOPIC_C1_vs_C3,0.19974787115111528,2.746208703585755e-4,1,-0.06997781317200279,KIAA0182,16,85674433
cg03401618,severity_ATOPIC_C1_vs_C3,0.19974787115111528,2.7508883004066656e-4,1,-0.02395709811980914,DNMT3A,2,25259501
cg22394014,severity_ATOPIC_C1_vs_C3,0.19974787115111528,2.7519960051652735e-4,1,-0.05231308234536229,USP1,1,62450342
cg07910043,severity_ATOPIC_C1_vs_C3,0.19974787115111528,2.7529845969340844e-4,1,-0.05989869663114582,LRRC8C,1,89701849
