p.value,fdr,p.holm,t.statistic,coefficient,coefficient.ci.high,coefficient.ci.low,coefficient.se,n,chromosome.x,position.x,probeID,beta,p,log10p,chromosome.y,position.y,gene.symbol,chromosome,position,gene,bonf
1.5338181742812713e-8,0.0066311757952455036,0.01325452042941509,6.254466240505001,0.06856554118909029,0.09036148791220072,0.046769594465979863,0.010962652695292851,93,chr19,41425848,cg26296574,0.06856554118909029,1.5338181742812713e-8,7.814226120560841,chr19,41931753,B3GNT8,19,41425848,B3GNT8,0.01325452042941509
1.5347243992365934e-8,0.0066311757952455036,0.013262336243247014,6.2543316595501075,0.13858790285195047,0.18264384543193588,0.09453196027196506,0.02215870702033085,93,chr15,63983654,cg11266582,0.13858790285195047,1.5347243992365934e-8,7.813969602360769,chr15,64275853,DAPK2,15,63983654,DAPK2,0.013262351590491007
2.771959998927152e-8,0.007984649256642988,0.023953892330728987,-6.119138317811432,-0.019287675643730524,-0.013020819782786637,-0.025554531504674412,0.0031520247855140733,93,chr15,82047986,cg20633020,-0.019287675643730524,2.771959998927152e-8,7.557213041149175,chr15,82340327,,15,82047986,NA,0.023953947769928964
6.004710454549492e-8,0.011828070829203258,0.051889645345884895,5.940803762750454,0.08341104100164207,0.11132609141715646,0.05549599058612767,0.014040362942913416,93,chr2,231528545,cg22069247,0.08341104100164207,6.004710454549492e-8,7.221507929314053,chr2,232393256,NMUR1,2,231528545,NMUR1,0.05188982548719853
6.843744404458509e-8,0.011828070829203258,0.059140080396240115,-5.910439898755908,-0.09928071325756978,-0.0658838894636414,-0.13267753705149815,0.016797516759872212,93,chr1,224957573,cg02115923,-0.09928071325756978,6.843744404458509e-8,7.164706218564907,chr1,224957573,,1,224957573,NA,0.059140354146016295
8.229583816108005e-8,0.011852685523095608,0.07111570165938284,5.867532025636131,0.025160029354759264,0.033685448832727505,0.01663460987679102,0.004288008867242872,93,chr4,77014840,cg16382584,0.025160029354759264,8.229583816108005e-8,7.084622127234631,chr4,77935993,SEPT11,4,77014840,SEPT11,0.07111611313857365
1.2524250067731046e-7,0.015461222492185598,0.10822780599029512,5.7693742366468586,0.03329478297895013,0.0447685904890952,0.021820975468805064,0.005770952206127116,93,chr3,128597619,cg10248614,0.03329478297895013,1.2524250067731046e-7,6.9022482695482985,chr3,128316462,,3,128597619,NA,0.10822855744529919
1.640954824098963e-7,0.01737788852171061,0.14180229064709984,5.705875528599737,0.07210435082021342,0.09722895680825976,0.04697974483216709,0.012636860103029331,93,chr8,144080123,cg16622018,0.07210435082021342,1.640954824098963e-7,6.78490337501918,chr8,145135026,EXOSC4,8,144080123,EXOSC4,0.1418034393154767
2.26486562763998e-7,0.01737788852171061,0.1957170042931323,5.629779898782266,0.07300246116657995,0.09878384163349872,0.047221080699661175,0.012967196316568353,93,chr1,6599306,cg14823363,0.07300246116657995,2.26486562763998e-7,6.6449575591723775,chr1,6659366,KLHL21,1,6599306,KLHL21,0.1957188161856344
2.3521281230420273e-7,0.01737788852171061,0.20325750526299066,5.620825325671269,0.03880421190679007,0.05253004964204909,0.025078374171531054,0.006903650204101631,93,chr19,5263963,cg24151528,0.03880421190679007,2.3521281230420273e-7,6.62853902544681,chr19,5263974,PTPRS;PTPRS;PTPRS;PTPRS,19,5263963,PTPRS,0.2032596221783014
2.7908134609766623e-7,0.01737788852171061,0.2411659125795295,5.5802463116765,0.09234021524056577,0.12524034384245075,0.059440086638680785,0.01654769522401665,93,chr15,48809654,cg19965042,0.09234021524056577,2.7908134609766623e-7,6.554269190948094,chr15,49101851,CEP152;CEP152,15,48809654,CEP152,0.24116870339299046
2.855859204400085e-7,0.01737788852171061,0.24678650287494938,5.5747701106753915,0.09519208322115016,0.12914162761688072,0.0612425388254196,0.0170755172556555,93,chr14,51488174,cg22773376,0.09519208322115016,2.855859204400085e-7,6.544263207350829,chr14,51954892,FRMD6;FRMD6-AS2,14,51488174,FRMD6,0.24678964432007422
3.090945848104284e-7,0.01737788852171061,0.2671009945180836,5.55595122832177,0.03992820852429801,0.054216538863429545,0.025639878185166474,0.007186565699274275,93,chr16,29744414,cg13581487,0.03992820852429801,3.090945848104284e-7,6.509908603502048,chr16,29755735,C16orf54,16,29744414,C16orf54,0.2671047036531013
3.4513360011496694e-7,0.01737788852171061,0.2982434040697474,5.529670629931929,0.10151444292666664,0.1380140890734368,0.0650147967798965,0.018358135541956554,93,chr11,3149591,cg02332678,0.10151444292666664,3.4513360011496694e-7,6.462012758372415,chr11,3170821,OSBPL5;OSBPL5;OSBPL5,11,3149591,OSBPL5,0.2982478908065489
3.5430095630548896e-7,0.01737788852171061,0.3061649197799126,5.523415971827939,0.05869025317226984,0.07981630367222321,0.03756420267231647,0.010625716670918535,93,chr13,30734372,cg24380653,0.05869025317226984,3.5430095630548896e-7,6.450627675446568,chr13,31308509,ALOX5AP,13,30734372,ALOX5AP,0.3061698799933009
3.545044339334043e-7,0.01737788852171061,0.3063403980259102,5.5232789543414,0.057015060594635396,0.07753862055066496,0.03649150063860583,0.010322683512086692,93,chr16,68370894,cg26899718,0.057015060594635396,3.545044339334043e-7,6.450378328546448,chr16,68404797,SMPD3,16,68370894,SMPD3,0.3063457155924192
3.556785181916136e-7,0.01737788852171061,0.3073546119960282,5.522489856369352,0.060524369159495696,0.08231427867399266,0.038734459644998734,0.010959616175607829,93,chr10,96357050,cg10116341,0.060524369159495696,3.556785181916136e-7,6.448942363975229,chr10,98116807,OPALIN;OPALIN;OPALIN;OPALIN;OPALIN;OPALIN;OPALIN;OPALIN;OPALIN;OPALIN;OPALIN;OPALIN;OPALIN;OPALIN;OPALIN;OPALIN,10,96357050,OPALIN,0.3073603028523193
3.6925519546925705e-7,0.01737788852171061,0.3190863383368264,-5.513546361717843,-0.07889581135489783,-0.05044576370678784,-0.10734585900300782,0.014309449160107622,93,chr12,9625291,cg15625940,-0.07889581135489783,3.6925519546925705e-7,6.4326733853924365,chr12,9777887,LOC374443,12,9625291,LOC374443,0.3190926156751494
4.104805398800925e-7,0.01737788852171061,0.35471019084874383,5.488244730563781,0.06689969901323736,0.09113513164771744,0.04266426637875729,0.012189634809955911,93,chr9,92735702,cg13587621,0.06689969901323736,4.104805398800925e-7,6.3867074271511735,chr9,95497984,BICD2;BICD2,9,92735702,BICD2,0.35471757949846167
4.2674604853376897e-7,0.01737788852171061,0.3687653431576314,5.478942630319139,0.08864725310353848,0.12081559025211754,0.05647891595495942,0.01617962791086479,93,chr11,64988910,cg25332499,0.08864725310353848,4.2674604853376897e-7,6.369830491555759,chr11,64756382,BATF2,11,64988910,BATF2,0.3687734513325535
4.3831762344612053e-7,0.01737788852171061,0.378764284583743,5.472534448039777,0.04680291451346489,0.06380665532630658,0.029799173700623204,0.008552328899497263,93,chr17,4003380,cg01798813,0.04680291451346489,4.3831762344612053e-7,6.358211067307408,chr17,3906674,,17,4003380,NA,0.37877305093621194
4.4786544282857243e-7,0.01737788852171061,0.38701441297689715,5.467370803547718,0.03172684991426253,0.043264264715981826,0.020189435112543227,0.005802944606148776,93,chr2,127653028,cg11115063,0.03172684991426253,4.4786544282857243e-7,6.3488524463024705,chr2,128410602,LIMS2;LIMS2;LIMS2;LIMS2,2,127653028,LIMS2,0.3870238181511965
4.954515002526243e-7,0.01737788852171061,0.42813450491330024,5.443146815578258,0.05461938716604547,0.07457002829392448,0.034668746038166456,0.010034523965020577,93,chr17,65174255,cg07788158,0.05461938716604547,4.954515002526243e-7,6.304998852184886,chr17,63170373,RGS9;RGS9;RGS9,17,65174255,RGS9,0.4281454048463058
5.047708077260248e-7,0.01737788852171061,0.4361870933094821,5.438671316263976,0.031137538710739467,0.04252040277190548,0.01975467464957345,0.005725210607529228,93,chr14,90798112,cg14710654,0.031137538710739467,5.047708077260248e-7,6.296905769473307,chr14,91264456,TTC7B,14,90798112,TTC7B,0.43619870303805974
5.190160870535544e-7,0.01737788852171061,0.44849633327341387,5.431984464097731,0.08143018534647975,0.11123503848766728,0.051625332205292224,0.014990872283359071,93,chr9,94640847,cg13576859,0.08143018534647975,5.190160870535544e-7,6.284819180859995,chr9,97403129,FBP1;FBP1,9,94640847,FBP1,0.4485087896595032
5.623757441857293e-7,0.01737788852171061,0.48596406469598175,5.412686414471943,0.05730050579002056,0.07834825550311711,0.036252756076924006,0.010586333920401472,93,chr8,60747801,cg23788058,0.05730050579002056,5.623757441857293e-7,6.249973419128814,chr8,61660360,CHD7,8,60747801,CHD7,0.4859781240895864
5.655613681870247e-7,0.01737788852171061,0.48871628284598095,5.411326710760299,0.08068470884903652,0.1103294431954782,0.05103997450259483,0.014910337734477726,93,chr14,99969326,cg10115368,0.08068470884903652,5.655613681870247e-7,6.247520263560877,chr14,100435663,,14,99969326,NA,0.4887309874415538
6.303703314738797e-7,0.01737788852171061,0.5447187626848663,5.385183144818499,0.07826742181325974,0.1071636150147141,0.04937122861180539,0.014533845870881267,93,chr12,113285199,cg09908050,0.07826742181325974,6.303703314738797e-7,6.2004042352082065,chr12,113723004,TPCN1;TPCN1;TPCN1,12,113285199,TPCN1,0.5447357826838161
6.685841928497574e-7,0.01737788852171061,0.5777396470621038,5.370977294409254,0.05016852570180717,0.06873964604652508,0.03159740535708927,0.009340669854260691,93,chr17,4854391,cg12331425,0.05016852570180717,6.685841928497574e-7,6.174843895525798,chr17,4854391,ENO3;ENO3;ENO3;ENO3,17,4854391,ENO3,0.5777583674195036
6.733647630112873e-7,0.01737788852171061,0.5818699791076026,5.369256454970504,0.14431752107131443,0.19775734205043202,0.09087770009219684,0.026878492819562526,93,chr16,88491815,cg04983687,0.14431752107131443,6.733647630112873e-7,6.171749613861439,chr16,88558223,ZFPM1,16,88491815,ZFPM1,0.5818895066857299
6.852430818023976e-7,0.01737788852171061,0.5921336223332514,5.365031991719544,0.055254387823603625,0.07573083181081816,0.03477794383638909,0.010298985711340384,93,chr21,33067193,cg02915871,0.055254387823603625,6.852430818023976e-7,6.16415534039293,chr21,34439499,,21,33067193,NA,0.5921541796257055
6.867746970622054e-7,0.01737788852171061,0.59345643800009,5.364492513644352,0.09232651727657273,0.12654477492623142,0.05810825962691404,0.017210671287497238,93,chr7,131586343,cg04893386,0.09232651727657273,6.867746970622054e-7,6.163185713989704,chr7,131271102,,7,131586343,NA,0.593477728015699
7.195981712923398e-7,0.01737788852171061,0.6218191717771366,5.353206104554599,0.05642128763729452,0.07737635739441029,0.03546621788017876,0.010539718915229198,93,chr10,52446500,cg11416492,0.05642128763729452,7.195981712923398e-7,6.142909948993322,chr10,54206260,,10,52446500,NA,0.621842198918618
7.819131824368971e-7,0.01737788852171061,0.6756652553810066,5.333102941402083,0.08065693346643657,0.11072612986991745,0.05058773706295569,0.015123828351460944,93,chr15,75176828,cg01989456,0.08065693346643657,7.819131824368971e-7,6.106841464947456,chr15,75469169,,15,75176828,NA,0.6756918404292095
7.875047265758537e-7,0.01737788852171061,0.6804962218145469,5.331376563357773,0.054043832922944526,0.07419809335973675,0.033889572486152306,0.01013693785848565,93,chr17,19271292,cg05016698,0.054043832922944526,7.875047265758537e-7,6.103746830910233,chr17,19174605,EPN2-IT1;EPN2;EPN2;EPN2,17,19271292,EPN2-IT1,0.6805237844799772
7.952104776802058e-7,0.01737788852171061,0.6871540971311088,5.329017009865029,0.049087207921140186,0.06740112762686906,0.03077328821541131,0.009211306293500355,93,chr12,109971215,cg13709682,0.049087207921140186,7.952104776802058e-7,6.099517906316077,chr12,109971215,UBE3B;UBE3B,12,109971215,UBE3B,0.6871827247083052
8.125827290583097e-7,0.01737788852171061,0.7021649249202213,5.323778672425765,0.050247801439709375,0.06901317240588922,0.03148243047352953,0.009438371602479505,93,chr19,19210517,cg26501477,0.050247801439709375,8.125827290583097e-7,6.090132412571242,chr19,19321326,NCAN,19,19210517,NCAN,0.7021949904811965
8.137014798099086e-7,0.01737788852171061,0.7031308405244593,5.323445101786004,0.0837504660606969,0.11502958668355161,0.052471345437842196,0.015732380903599213,93,chr17,58192406,cg01955639,0.0837504660606969,8.137014798099086e-7,6.089534894189106,chr17,56269767,EPX,17,58192406,EPX,0.7031617611806921
8.196430675036687e-7,0.01737788852171061,0.7082642299897977,5.321681034128321,0.04634686266765616,0.06366222494635089,0.029031500388961434,0.008709064367148352,93,chr11,60853637,cg02988255,0.04634686266765616,8.196430675036687e-7,6.086375230007555,chr11,60621110,GPR44,11,60853637,GPR44,0.7082961960694303
8.320778170063958e-7,0.01737788852171061,0.7190084266090306,5.318029336676026,0.027234397932860598,0.03741625818935454,0.017052537676366657,0.005121144734015919,93,chr6,16518766,cg12703853,0.027234397932860598,8.320778170063958e-7,6.079836056021623,chr6,16518997,ATXN1;ATXN1,6,16518766,ATXN1,0.7190417097217109
8.815974060040625e-7,0.01737788852171061,0.7617980160995765,5.3039987706694545,0.07908430000892692,0.10872899199552358,0.04943960802233028,0.014910316428852632,93,chr2,105859040,cg17558817,0.07908430000892692,8.815974060040625e-7,6.054729696350479,chr2,106475496,NCK2;NCK2;NCK2,2,105859040,NCK2,0.7618341615932227
9.25647000649542e-7,0.01737788852171061,0.7998608297312758,5.2921523645338,0.054031966946717164,0.07433114815129394,0.0337327857421404,0.010209828293837679,93,chr19,4633994,cg02445229,0.054031966946717164,9.25647000649542e-7,6.033554601761028,chr19,4634006,,19,4633994,NA,0.7998997069053031
9.424182102720104e-7,0.01737788852171061,0.8143520572599366,5.287786650215763,0.06489694957925832,0.0892981078414458,0.04049579131707083,0.012272989413559312,93,chr3,132337164,cg12578474,0.06489694957925832,9.424182102720104e-7,6.025756330638214,chr3,132056008,ACPP;ACPP;ACPP,3,132337164,ACPP,0.8143925812429783
9.489479362507913e-7,0.01737788852171061,0.8199935032977987,5.2861074482853105,0.02224705410049174,0.030614571159612622,0.013879537041370854,0.004208589083392197,93,chr13,33206814,cg16930746,0.02224705410049174,9.489479362507913e-7,6.0227576143580075,chr13,33780951,STARD13;STARD13,13,33206814,STARD13,0.8200352570069938
9.631583241699506e-7,0.01737788852171061,0.8322718500235234,-5.282491845223844,-0.03702905015308092,-0.023092226053007307,-0.050965874253154526,0.007009769487209085,93,chr10,110501437,cg16783053,-0.03702905015308092,9.631583241699506e-7,6.016302317588117,chr10,112261195,DUSP5,10,110501437,DUSP5,0.8323151921481111
9.660890296037838e-7,0.01737788852171061,0.8348033270148072,5.281752677026721,0.07248229040731187,0.09976666034925429,0.045197920465369454,0.013723151165819946,93,chr3,196666364,cg26808864,0.07248229040731187,9.660890296037838e-7,6.014982849480975,chr3,196393235,,3,196666364,NA,0.834847767110169
9.696822566666535e-7,0.01737788852171061,0.8379072863969386,5.280849402137742,0.04421835286870822,0.060866229950105794,0.027570475787310648,0.008373341010407943,93,chr16,2829219,cg19128189,0.04421835286870822,9.696822566666535e-7,6.013370551076722,chr16,2879220,ZG16B,16,2829219,ZG16B,0.837952861463002
9.85378194535012e-7,0.01737788852171061,0.851469239410482,5.276941770833216,0.050323590953334996,0.06928407427689526,0.031363107629774734,0.009536506775853435,93,chr19,55483685,cg17172483,0.050323590953334996,9.85378194535012e-7,6.0063970524709935,chr19,55995052,ZNF628,19,55483685,ZNF628,0.8515165375638197
1.0178891950403648e-6,0.017592219673450427,0.8795611071019643,5.269038187424381,0.09292029152658371,0.12798250258261779,0.05785808047054963,0.017635152417068575,93,chr10,73859742,cg26054828,0.09292029152658371,1.0178891950403648e-6,5.992299495674764,chr10,75619500,CAMK2G;CAMK2G;CAMK2G;CAMK2G;CAMK2G;CAMK2G,10,73859742,CAMK2G,0.8796109836725213
1.084692687511581e-6,0.01762027431340795,0.9372851206641322,5.253545768791577,0.03473119408625761,0.0478751858074572,0.021587202365058022,0.006611000572713484,93,chrX,48695752,cg13027886,0.03473119408625761,1.084692687511581e-6,5.964693287642659,chrX,48554143,SUV39H1;SUV39H1;SUV39H1,23,48695752,SUV39H1,0.9373393552985078
1.0884970904539413e-6,0.01762027431340795,0.9405714243583412,5.252691844694169,0.06209681771497128,0.08560112754778741,0.03859250788215515,0.011821903806844544,93,chr1,6585403,cg23642826,0.06209681771497128,1.0884970904539413e-6,5.963172727487827,chr1,6645463,ZBTB48,1,6585403,ZBTB48,0.9406269377099543
1.091375395954591e-6,0.01762027431340795,0.943057479644362,5.252047729007644,0.030715746847420903,0.042343411486119545,0.019088082208722264,0.005848337340457592,93,chr11,30510184,cg19949932,0.030715746847420903,1.091375395954591e-6,5.962025841208543,chr11,30531731,MPPED2;MPPED2,11,30510184,MPPED2,0.9431142311649516
1.1010734372240409e-6,0.01762027431340795,0.9514364560318564,5.249889649933886,0.07654768227707527,0.10553726424561374,0.047558100308536806,0.014580817384997658,93,chr11,69437115,cg06597413,0.07654768227707527,1.1010734372240409e-6,5.95818371434563,chr11,69251883,,11,69437115,NA,0.9514948129240294
1.1302051153334299e-6,0.01775761837864753,0.9766079797493861,5.243517216945286,0.03815992027248503,0.052629131024498496,0.02369070952047156,0.007277542667193879,93,chr17,8895417,cg05244974,0.03815992027248503,1.1302051153334299e-6,5.9468427314072105,chr17,8798734,PIK3R5;PIK3R5,17,8895417,PIK3R5,0.9766690108256141
1.1686452350237868e-6,0.01803369852029063,1,5.235350359601421,0.05770888187831471,0.07962466485532922,0.0357930989013002,0.01102292643556872,93,chr11,574474,cg07673089,0.05770888187831471,1.1686452350237868e-6,5.932317307362559,chr11,574474,LOC143666,11,574474,LOC143666,1
1.2019463552673427e-6,0.0181092166586386,1,5.228485165375711,0.08253889209922498,0.1139253883513978,0.051152395847052154,0.01578638735475763,93,chr17,73261906,cg17641443,0.08253889209922498,1.2019463552673427e-6,5.920114915137999,chr17,71258045,CPSF4L,17,73261906,CPSF4L,1
1.2316098744254164e-6,0.0181092166586386,1,5.22252489351275,0.07611486620532604,0.10509157469007131,0.04713815772058076,0.014574342441119513,93,chr8,119589250,cg08653509,0.07611486620532604,1.2316098744254164e-6,5.909526837801254,chr8,120601490,ENPP2;ENPP2;ENPP2;ENPP2,8,119589250,ENPP2,1
1.2364072325929668e-6,0.0181092166586386,1,-5.221574183651216,-0.05101511858903848,-0.03159027501443723,-0.07043996216363974,0.009770064887475343,93,chr1,226681523,cg15087369,-0.05101511858903848,1.2364072325929668e-6,5.9078384631153424,chr1,226681523,,1,226681523,NA,1
1.3289499889121403e-6,0.018556183852647637,1,5.203908577741866,0.1063799298470616,0.14702333845381713,0.06573652124030607,0.020442313360782192,93,chr13,114120720,cg02925187,0.1063799298470616,1.3289499889121403e-6,5.876491362133386,chr13,114886195,RASA3,13,114120720,RASA3,1
1.3979147340752196e-6,0.018556183852647637,1,5.1915099722172755,0.020630861984926988,0.028531892939640032,0.012729831030213943,0.003973961736630474,93,chr5,864465,cg24911268,0.020630861984926988,1.3979147340752196e-6,5.854519317610325,chr5,864465,BRD9;BRD9;BRD9,5,864465,BRD9,1
1.4175150166226114e-6,0.018556183852647637,1,5.18809534481877,0.10036352526439107,0.13882518671732683,0.06190186381145533,0.019344965463023306,93,chr1,25351284,cg00158128,0.10036352526439107,1.4175150166226114e-6,5.848472331657777,chr1,25351284,,1,25351284,NA,1
1.428559848581252e-6,0.018556183852647637,1,5.186191482769553,0.06721912249061335,0.09298852642977347,0.04144971855145323,0.012961172512418823,93,chr10,97448088,cg15302400,0.06721912249061335,1.428559848581252e-6,5.845101560416609,chr10,99207845,ZDHHC16;ZDHHC16;ZDHHC16;ZDHHC16;ZDHHC16;ZDHHC16;ZDHHC16;ZDHHC16,10,97448088,ZDHHC16,1
1.4455441010924055e-6,0.018556183852647637,1,5.183291725697543,0.017671194419617012,0.02444948737067761,0.010892901468556416,0.00340926101689538,93,chr15,63179367,cg17094127,0.017671194419617012,1.4455441010924055e-6,5.839968654205074,chr15,63471566,,15,63179367,NA,1
1.4536898764007606e-6,0.018556183852647637,1,5.181912786860996,0.0565270045695736,0.07821532669668405,0.03483868244246316,0.010908521021986455,93,chr1,174955714,cg12763032,0.0565270045695736,1.4536898764007606e-6,5.837528234008876,chr1,174924851,LOC101928696;RABGAP1L;RABGAP1L;RABGAP1L;RABGAP1L,1,174955714,LOC101928696,1
1.4838599556337983e-6,0.018556183852647637,1,5.176870534629826,0.03787186102330598,0.0524167169887432,0.023327005057868763,0.00731558975059708,93,chr16,46748351,cg07648215,0.03787186102330598,1.4838599556337983e-6,5.828607085152305,chr16,46782263,MYLK3,16,46748351,MYLK3,1
1.5009809814112197e-6,0.018556183852647637,1,5.174053561668385,0.04775224454329389,0.06610169033709408,0.029402798749493694,0.009229174760977168,93,chr17,82439765,cg24555639,0.04775224454329389,1.5009809814112197e-6,5.823624810568514,chr17,80397641,HEXDC,17,82439765,HEXDC,1
1.518589638860065e-6,0.018556183852647637,1,5.171188956226468,0.0902527353169113,0.12495278110875872,0.055552689525063884,0.017452995061849517,93,chr3,39176236,cg04404773,0.0902527353169113,1.518589638860065e-6,5.818559567582856,chr3,39217727,,3,39176236,NA,1
1.5270125805527788e-6,0.018556183852647637,1,-5.169830167145703,-0.0870958068937713,-0.053600724326793386,-0.12059088946074922,0.01684693772868316,93,chr20,44736240,cg16504656,-0.0870958068937713,1.5270125805527788e-6,5.816157384919909,chr20,43364881,,20,44736240,NA,1
1.5399250426485817e-6,0.018556183852647637,1,5.167761297114188,0.0812921815298081,0.11256783664019585,0.05001652641942037,0.01573063786347945,93,chr22,24154967,cg20182202,0.0812921815298081,1.5399250426485817e-6,5.812500418355988,chr22,24550935,CABIN1;CABIN1;CABIN1,22,24154967,CABIN1,1
1.5442844033310186e-6,0.018556183852647637,1,5.167066658115901,0.07905466963372293,0.10947357249289377,0.048635766774552086,0.015299719330996421,93,chr1,11786594,cg07453055,0.07905466963372293,1.5442844033310186e-6,5.811272714736656,chr1,11786594,,1,11786594,NA,1
1.5460766594194423e-6,0.018556183852647637,1,5.166781628646974,0.07286431711288853,0.10090282346213233,0.04482581076364473,0.014102457264478879,93,chr1,6585105,cg26819549,0.07286431711288853,1.5460766594194423e-6,5.810768976176131,chr1,6645165,ZBTB48;ZBTB48;ZBTB48,1,6585105,ZBTB48,1
1.6066354013641547e-6,0.01880137995460319,1,5.1573359481328795,0.06721168208934718,0.09312239870021115,0.041300965478483206,0.013032248192728253,93,chr2,169695038,cg21125064,0.06721168208934718,1.6066354013641547e-6,5.794082667817207,chr2,170551548,CCDC173;PHOSPHO2;PHOSPHO2;PHOSPHO2;PHOSPHO2;PHOSPHO2;PHOSPHO2-KLHL23,2,169695038,CCDC173,1
1.6383417375573538e-6,0.01880137995460319,1,-5.152528527101331,-0.04282499115602988,-0.026300162725377763,-0.05934981958668201,0.008311451538944128,93,chr14,105188279,cg20182958,-0.04282499115602988,1.6383417375573538e-6,5.78559550473945,chr14,105654616,,14,105188279,NA,1
1.6548039592160517e-6,0.01880137995460319,1,5.150068236303121,0.04643650534733176,0.06436346444424315,0.028509546250420358,0.009016677685937871,93,chr8,143132127,cg01453551,0.04643650534733176,1.6548039592160517e-6,5.7812534487001255,chr8,144213544,,8,143132127,NA,1
1.6851601167553602e-6,0.01880137995460319,1,5.145593602983436,0.051172749291629384,0.07094532966867725,0.03140016891458152,0.009944965195455626,93,chr1,149290837,cg19304346,0.051172749291629384,1.6851601167553602e-6,5.773358828015423,chr1,149290837,LOC388692,1,149290837,LOC388692,1
1.7239872615716716e-6,0.01880137995460319,1,5.1399838224107475,0.05142991214307025,0.07132354563135031,0.031536278654790195,0.010005850975411956,93,chr1,42379321,cg09501290,0.05142991214307025,1.7239872615716716e-6,5.763465947472773,chr1,42844992,RIMKLA,1,42379321,RIMKLA,1
1.7474113415234991e-6,0.01880137995460319,1,5.136658935365849,0.03503947228034908,0.04860188350754267,0.021477061053155486,0.006821451982942188,93,chr2,38378609,cg18217375,0.03503947228034908,1.7474113415234991e-6,5.757604849839155,chr2,38605751,ATL2;ATL2;ATL2,2,38378609,ATL2,1
1.7550960434818786e-6,0.01880137995460319,1,5.1355776327296745,0.07261719309092603,0.10073039044287987,0.04450399573897219,0.01414002441091098,93,chr4,121791723,cg24937691,0.07261719309092603,1.7550960434818786e-6,5.755699112809035,chr4,122712878,,4,121791723,NA,1
1.7566706900202424e-6,0.01880137995460319,1,5.135356638168106,0.04024092191592494,0.05582056105667066,0.02466128277517922,0.00783605205076463,93,chr11,28547587,cg23164218,0.04024092191592494,1.7566706900202424e-6,5.755309644828792,chr11,28569134,,11,28547587,NA,1
1.7623193330835992e-6,0.01880137995460319,1,5.134565466985376,0.030289430473940965,0.04201806609230741,0.01856079485557452,0.005899122461033612,93,chr1,211183941,cg00636289,0.030289430473940965,1.7623193330835992e-6,5.753915394431076,chr1,211357283,,1,211183941,NA,1
1.87299140557486e-6,0.01965552192182203,1,5.119544924821337,0.055940644884513856,0.07766546516239259,0.03421582460663512,0.010926878405401644,93,chr19,51961735,cg18536198,0.055940644884513856,1.87299140557486e-6,5.72746421542774,chr19,51961735,SIGLEC8,19,51961735,SIGLEC8,1
1.8878719478879046e-6,0.01965552192182203,1,5.117591831245239,0.0647698036728363,0.08993307023580435,0.039606537109868244,0.012656305115501207,93,chr11,126409807,cg20037145,0.0647698036728363,1.8878719478879046e-6,5.724027466717874,chr11,126279702,ST3GAL4;ST3GAL4;ST3GAL4;ST3GAL4,11,126409807,ST3GAL4,1
2.015943315781501e-6,0.02073906485975257,1,5.101378651997494,0.027033729655502475,0.03756979579210853,0.01649766351889642,0.005299298777775917,93,chr1,86435608,cg21025153,0.027033729655502475,2.015943315781501e-6,5.695521683530779,chr1,86901291,CLCA2,1,86435608,CLCA2,1
2.076980739404987e-6,0.021115612469627038,1,5.094002778255457,0.07943955103520048,0.110444975814114,0.04843412625628695,0.01559472079094667,93,chr1,936855,cg00582671,0.07943955103520048,2.076980739404987e-6,5.682567530816329,chr1,872235,SAMD11,1,936855,SAMD11,1
2.138235236705498e-6,0.021352792331995822,1,5.08681063032095,0.083977029483356,0.11679978366310328,0.051154275303608714,0.016508778404840583,93,chr10,73297231,cg25390570,0.083977029483356,2.138235236705498e-6,5.669944517844132,chr10,75056989,CFAP70,10,73297231,CFAP70,1
2.149729368078343e-6,0.021352792331995822,1,5.085483521443774,0.05988785167570374,0.08330136381566755,0.03647433953573993,0.011776235518840402,93,chr18,11994977,cg15492921,0.05988785167570374,2.149729368078343e-6,5.667616210478876,chr18,11994976,IMPA2,18,11994977,IMPA2,1
2.249529885364548e-6,0.02145231135538175,1,5.0742436650410125,0.08007736423418876,0.11145343340106498,0.04870129506731255,0.0157811428697998,93,chr9,133061514,cg03693099,0.08007736423418876,2.249529885364548e-6,5.6479082327883905,chr9,135936901,CEL,9,133061514,CEL,1
2.264491792189586e-6,0.02145231135538175,1,5.0726007417109695,0.07689380862925553,0.10703224895807328,0.046755368300437784,0.015158655795038884,93,chrX,49273697,cg13279286,0.07689380862925553,2.264491792189586e-6,5.645029249109189,chrX,49130160,PPP1R3F,23,49273697,PPP1R3F,1
2.2652625672683887e-6,0.02145231135538175,1,5.07251639264818,0.06555958829257894,0.09125602121602473,0.03986315536913314,0.012924470463535082,93,chr7,100642471,cg16628205,0.06555958829257894,2.2652625672683887e-6,5.644881451528933,chr7,100240094,TFR2,7,100642471,TFR2,1
2.280065404999314e-6,0.02145231135538175,1,-5.070901874913697,-0.05883632373092952,-0.03576776805152068,-0.08190487941033836,0.01160273363245288,93,chr12,6924169,cg06686712,-0.05883632373092952,2.280065404999314e-6,5.642052694831617,chr12,7033332,ATN1,12,6924169,ATN1,1
2.313464036122522e-6,0.02145231135538175,1,5.067296447294343,0.09415178489975579,0.1310930979120477,0.05721047188746386,0.018580279618341185,93,chr15,63983611,cg13645296,0.09415178489975579,2.313464036122522e-6,5.635737247421892,chr15,64275810,DAPK2,15,63983611,DAPK2,1
2.3223292311656505e-6,0.02145231135538175,1,5.06634797685905,0.055679357452398937,0.07752975190107457,0.0338289630037233,0.01099003813135593,93,chr3,127314357,cg15600124,0.055679357452398937,2.3223292311656505e-6,5.634076211323185,chr3,127314357,,3,127314357,NA,1
2.3410977100064377e-6,0.02145231135538175,1,5.064351589224528,0.07772557370926203,0.10823964593026923,0.04721150148825483,0.015347586426392577,93,chr5,50564297,cg26664556,0.07772557370926203,2.3410977100064377e-6,5.6305804598484155,chr5,49860131,,5,50564297,NA,1
2.4018132477426144e-6,0.02145231135538175,1,5.057998771135355,0.03912755864336254,0.054507834099874614,0.02374728318685046,0.0077357785981786,93,chr17,75763528,cg09638113,0.03912755864336254,2.4018132477426144e-6,5.61946076405549,chr17,73759609,GALK1,17,75763528,GALK1,1
2.4054607499074157e-6,0.02145231135538175,1,5.0576221357299636,0.07417399081605411,0.10333250224191903,0.045015479390189184,0.014665783410754672,93,chr1,186876005,cg27310230,0.07417399081605411,2.4054607499074157e-6,5.618801725120883,chr1,186845137,PLA2G4A,1,186876005,PLA2G4A,1
2.420753575351265e-6,0.02145231135538175,1,5.056049071088731,0.05504285731372713,0.07668746767201187,0.033398246955442384,0.010886535423176701,93,chr9,129612295,cg14182890,0.05504285731372713,2.420753575351265e-6,5.616049418039535,chr9,132374574,C9orf50,9,129612295,C9orf50,1
2.5234190030876203e-6,0.02145231135538175,1,5.045733364373145,0.057768339905684515,0.08053113937386165,0.03500554043750738,0.011448948197218372,93,chr12,98592955,cg01846692,0.057768339905684515,2.5234190030876203e-6,5.598010630726864,chr12,98986733,SLC25A3;SLC25A3;SLC25A3,12,98592955,SLC25A3,1
2.5291971440468783e-6,0.02145231135538175,1,5.045165035221792,0.04393319161123866,0.06124639613354025,0.02661998708893707,0.008707979085823365,93,chr10,133281295,cg25302952,0.04393319161123866,2.5291971440468783e-6,5.5970173172610735,chr10,135094799,TUBGCP2,10,133281295,TUBGCP2,1
2.5322598983788053e-6,0.02145231135538175,1,5.044864301361678,0.09335394966422937,0.13014509349619308,0.05656280583226566,0.018504749402086365,93,chr7,150649655,cg23147443,0.09335394966422937,2.5322598983788053e-6,5.596491722572832,chr7,150649655,KCNH2;KCNH2;KCNH2,7,150649655,KCNH2,1
2.536093202208818e-6,0.02145231135538175,1,5.044488406876832,0.05698071246525694,0.0794386996153601,0.034522725315153775,0.011295637509559687,93,chr20,24148090,cg04177520,0.05698071246525694,2.536093202208818e-6,5.595834790040618,chr20,24128726,,20,24148090,NA,1
2.569448891155913e-6,0.02145231135538175,1,5.041240767536381,0.09682744341487814,0.1350149328599105,0.05863995396984578,0.019207065855376123,93,chr6,53193051,cg23054654,0.09682744341487814,2.569448891155913e-6,5.59016001643365,chr6,53057849,,6,53193051,NA,1
2.574793302284151e-6,0.02145231135538175,1,5.040724245132615,0.09084980950573628,0.1266834690618091,0.05501614994966346,0.018023165935621647,93,chr10,73859662,cg07512258,0.09084980950573628,2.574793302284151e-6,5.589257629255985,chr10,75619420,CAMK2G;CAMK2G;CAMK2G;CAMK2G;CAMK2G,10,73859662,CAMK2G,1
2.581768463140399e-6,0.02145231135538175,1,5.040051688034321,0.010540574064738304,0.014698620700484739,0.006382527428991869,0.002091362294907188,93,chr22,19890067,cg14665147,0.010540574064738304,2.581768463140399e-6,5.5880827085023315,chr22,19877590,TXNRD2,22,19890067,TXNRD2,1
2.618811485080059e-6,0.02155286840433241,1,5.0365094055159165,0.05905297626322549,0.08236458384107045,0.03574136868538053,0.011724980836638858,93,chr5,80210680,cg16178965,0.05905297626322549,2.618811485080059e-6,5.5818957631006,chr5,79506499,SERINC5;SERINC5;SERINC5;SERINC5;SERINC5,5,80210680,SERINC5,1
2.6516922013120443e-6,0.021617595463662317,1,-5.033405901797694,-0.08792563010125005,-0.0531949236441196,-0.12265633655838051,0.017468416379820904,93,chr13,49166635,cg02043329,-0.08792563010125005,2.6516922013120443e-6,5.576476888649498,chr13,49740771,FNDC3A;FNDC3A,13,49166635,FNDC3A,1
2.757432742040548e-6,0.02178393655406441,1,5.023674147382729,0.06473719776406123,0.09035798776044965,0.03911640776767281,0.012886424530099846,93,chr22,49566853,cg11295281,0.06473719776406123,2.757432742040548e-6,5.559495071858538,chr22,49960501,C22orf34;C22orf34,22,49566853,C22orf34,1
2.771199218228644e-6,0.02178393655406441,1,5.022434057081572,0.0721294633524789,0.10068291006399999,0.04357601664095782,0.014361455527878403,93,chr1,179703874,cg07297018,0.0721294633524789,2.771199218228644e-6,5.5573322521797195,chr1,179673009,,1,179703874,NA,1
2.7715319950150803e-6,0.02178393655406441,1,5.0224041549111265,0.0429380817932738,0.059935817155216786,0.025940346431330807,0.00854930835291044,93,chr5,179225537,cg19726536,0.0429380817932738,2.7715319950150803e-6,5.55728010347661,chr5,179225537,MIR1229;MGAT4B;MGAT4B,5,179225537,MIR1229,1
2.772930018037434e-6,0.02178393655406441,1,-5.022278571684857,-0.029110253036816743,-0.01758619957261756,-0.040634306501015925,0.005796224287704323,93,chr22,23034114,cg11025984,-0.029110253036816743,2.772930018037434e-6,5.557061090812939,chr22,23034114,,22,23034114,NA,1
2.829722957543306e-6,0.021892577366574843,1,5.017228481922018,0.08593997198443348,0.11999579740435087,0.0518841465645161,0.01712897315601447,93,chr8,6417355,cg08059631,0.08593997198443348,2.829722957543306e-6,5.548256081754804,chr8,6274876,MCPH1;MCPH1;MCPH1,8,6417355,MCPH1,1
2.8374275186036514e-6,0.021892577366574843,1,5.016551019185421,0.04854847829489793,0.06778960371870309,0.029307352871092773,0.009677660629629388,93,chr2,97770307,cg10439402,0.04854847829489793,2.8374275186036514e-6,5.547075223604115,chr2,98386770,TMEM131,2,97770307,TMEM131,1
2.913683683578156e-6,0.02228199630558788,1,5.009941018055626,0.025828160063962106,0.03607809098103055,0.015578229146893665,0.005155382063556927,93,chr5,80204430,cg16730961,0.025828160063962106,2.913683683578156e-6,5.535557598047539,chr5,79500249,SERINC5;SERINC5;SERINC5;SERINC5;SERINC5,5,80204430,SERINC5,1
3.0263011305989673e-6,0.02294021205797683,1,5.000481721340261,0.0681018446636011,0.09517925421054382,0.04102443511665837,0.013619056814659851,93,chr5,179906851,cg14362073,0.0681018446636011,3.0263011305989673e-6,5.5190878599048085,chr5,179333851,TBC1D9B;TBC1D9B,5,179906851,TBC1D9B,1
3.124371275677135e-6,0.02322575881589825,1,4.992520119993228,0.020634199118337023,0.02885147514227115,0.012416923094402895,0.004133022726479271,93,chr11,123030339,cg11514604,0.020634199118337023,3.124371275677135e-6,5.505237363592099,chr11,122901047,,11,123030339,NA,1
3.1589640125934445e-6,0.02322575881589825,1,4.989769869091551,0.06773583523714906,0.09472553517743908,0.04074613529685904,0.013574941733631739,93,chr9,128593204,cg05072637,0.06773583523714906,3.1589640125934445e-6,5.5004553216165695,chr9,131355483,MIR1268A;SPTAN1;SPTAN1;SPTAN1,9,128593204,MIR1268A,1
3.1626445825176648e-6,0.02322575881589825,1,4.989478982026797,0.03796773508662667,0.05309706088759125,0.022838409285662085,0.007609559078892769,93,chr18,35463911,cg07830374,0.03796773508662667,3.1626445825176648e-6,5.49994961128512,chr18,33043875,,18,35463911,NA,1
3.1895942540527943e-6,0.02322575881589825,1,4.987359075809827,0.05209660789823037,0.07286480951822215,0.03132840627823859,0.010445730316654836,93,chr1,25926921,cg18264562,0.05209660789823037,3.1895942540527943e-6,5.496264559711919,chr1,26253412,,1,25926921,NA,1
3.214993667480253e-6,0.02322575881589825,1,-4.985377055360544,-0.08655109303105349,-0.052033966991931975,-0.12106821907017501,0.01736099237227987,93,chr4,77912347,cg05730726,-0.08655109303105349,3.214993667480253e-6,5.49281987816156,chr4,78833501,MRPL1,4,77912347,MRPL1,1
3.342933130181841e-6,0.02322575881589825,1,4.975620130623285,0.0626231979459029,0.08764670104922312,0.03759969484258269,0.012586008638496732,93,chr1,61076539,cg12262372,0.0626231979459029,3.342933130181841e-6,5.475872310659448,chr1,61542211,NFIA,1,61076539,NFIA,1
3.346809906627254e-6,0.02322575881589825,1,-4.975330200953903,-0.034224714935311214,-0.020548119118278696,-0.04790131075234373,0.006878883119908187,93,chr12,74535923,cg15088419,-0.034224714935311214,3.346809906627254e-6,5.475368954163682,chr12,74929703,,12,74535923,NA,1
3.3780371177597695e-6,0.02322575881589825,1,4.973006713739561,0.0495063100486322,0.06929885290430958,0.029713767192954824,0.009955005673299175,93,chr16,3690881,cg03379706,0.0495063100486322,3.3780371177597695e-6,5.471335582725435,chr16,3740882,TRAP1,16,3690881,TRAP1,1
3.4239086594577765e-6,0.02322575881589825,1,4.969631328408044,0.05179114608472661,0.07251122627534647,0.031071065894106752,0.010421526801932254,93,chr11,130309292,cg26263536,0.05179114608472661,3.4239086594577765e-6,5.465477829632321,chr11,130179187,ZBTB44;ZBTB44;ZBTB44,11,130309292,ZBTB44,1
3.4240603698595437e-6,0.02322575881589825,1,4.969620238404585,0.055979838628791793,0.07837573873013268,0.0335839385274509,0.011264409742254913,93,chr13,29854527,cg14449209,0.055979838628791793,3.4240603698595437e-6,5.465458586849516,chr13,30428664,,13,29854527,NA,1
3.4470823876462948e-6,0.02322575881589825,1,4.967942864713521,0.06384015945614602,0.0893893680885999,0.03829095082369213,0.012850421430888857,93,chr1,115705759,cg00119964,0.06384015945614602,3.4470823876462948e-6,5.462548336530384,chr1,116248380,CASQ2,1,115705759,CASQ2,1
3.4473421319829017e-6,0.02322575881589825,1,4.967924002280676,0.01827344574130749,0.02558661435329518,0.010960277129319802,0.003678286087492182,93,chr2,36440208,cg17572907,0.01827344574130749,3.4473421319829017e-6,5.462515612832612,chr2,36667351,CRIM1,2,36440208,CRIM1,1
3.4798844496878947e-6,0.02322575881589825,1,4.965571705745982,0.021467477307183524,0.030062991007029964,0.012871963607337084,0.004323263982341071,93,chr3,191260400,cg06116260,0.021467477307183524,3.4798844496878947e-6,5.458435176655743,chr3,190978189,,3,191260400,NA,1
3.486191818305994e-6,0.02322575881589825,1,4.965118266343507,0.10717443735842674,0.1500906804622097,0.0642581942546438,0.021585475231258467,93,chr17,31510056,cg11238327,0.10717443735842674,3.486191818305994e-6,5.457648720685594,chr17,29837074,RAB11FIP4;RAB11FIP4,17,31510056,RAB11FIP4,1
3.4883247665955903e-6,0.02322575881589825,1,4.964965108861304,0.027264855826108325,0.03818295630466745,0.0163467553475492,0.005491449633240507,93,chr12,10219836,cg23659377,0.027264855826108325,3.4883247665955903e-6,5.4573830885977035,chr12,10372435,GABARAPL1,12,10219836,GABARAPL1,1
3.525210790718182e-6,0.02322575881589825,1,4.962330841420312,0.07438834939077084,0.10419267427143786,0.04458402451010382,0.01499060658548907,93,chr1,3774823,cg10555106,0.07438834939077084,3.525210790718182e-6,5.452814909166567,chr1,3691387,LOC388588,1,3774823,LOC388588,1
3.581178840326996e-6,0.02322575881589825,1,-4.958384718190756,-0.06101430896077239,-0.036548951893738094,-0.08547966602780668,0.012305279325529148,93,chr7,142717050,cg00462443,-0.06101430896077239,3.581178840326996e-6,5.445973990234185,chr7,142424877,,7,142717050,NA,1
3.629461692714151e-6,0.02322575881589825,1,4.955028492994472,0.040071808687908245,0.05615058047794019,0.0239930368978763,0.008087099548380527,93,chr6,154797938,cg18767547,0.040071808687908245,3.629461692714151e-6,5.440157783013447,chr6,155119072,SCAF8;SCAF8;SCAF8;SCAF8;SCAF8,6,154797938,SCAF8,1
3.6419897492574692e-6,0.02322575881589825,1,4.954164762503543,0.04976330987479113,0.06973426770835807,0.02979235204122419,0.010044742607559881,93,chr6,33901983,cg04126713,0.04976330987479113,3.6419897492574692e-6,5.438661280904411,chr6,33869760,,6,33901983,NA,1
3.644606762621982e-6,0.02322575881589825,1,4.953984701916216,0.04584247131575074,0.0642405911337817,0.027444351497719795,0.009253656212950908,93,chr10,133277493,cg14259466,0.04584247131575074,3.644606762621982e-6,5.438349323323037,chr10,135090997,ADAM8;ADAM8;ADAM8,10,133277493,ADAM8,1
3.6627045486793116e-6,0.02322575881589825,1,4.952742945528721,0.03828165316908646,0.05364921532261431,0.022914091015558604,0.007729384220040472,93,chr1,30810077,cg16206040,0.03828165316908646,3.6627045486793116e-6,5.43619811219903,chr1,31282924,,1,30810077,NA,1
3.6821403616239504e-6,0.02322575881589825,1,4.95141602949648,0.02216013203374663,0.031058349337498736,0.013261914729994525,0.004475514055319674,93,chr20,61742507,cg02090950,0.02216013203374663,3.6821403616239504e-6,5.433899660395587,chr20,60317563,CDH4;CDH4;CDH4,20,61742507,CDH4,1
3.7374403425161256e-6,0.023403743093231847,1,4.947677645432375,0.059442210213060974,0.0833287715969058,0.03555564882921614,0.012014163911413503,93,chr19,12887600,cg01367204,0.059442210213060974,3.7374403425161256e-6,5.427425730874291,chr19,12998414,KLF1,19,12887600,KLF1,1
3.77609973843264e-6,0.023461754977815965,1,4.945096102578216,0.022868276794265233,0.032062579251172896,0.013673974337357567,0.004624435262712577,93,chr12,1042797,cg14269624,0.022868276794265233,3.77609973843264e-6,5.422956543166641,chr12,1042797,RAD52;RAD52;RAD52;RAD52;RAD52;RAD52,12,1042797,RAD52,1
3.805109800409486e-6,0.023461754977815965,1,4.94317578322026,0.03858724276381735,0.05410745925221549,0.023067026275419213,0.007806164388246673,93,chr8,20250066,cg07269491,0.03858724276381735,3.805109800409486e-6,5.419632806692637,chr8,20107577,LZTS1,8,20250066,LZTS1,1
3.846841068738461e-6,0.023461754977815965,1,4.940438281062937,0.06493776582557081,0.09107092697986811,0.038804604671273515,0.013144130567217496,93,chr3,155747287,cg08881785,0.06493776582557081,3.846841068738461e-6,5.41489575608874,chr3,155465076,,3,155747287,NA,1
3.855558842459588e-6,0.023461754977815965,1,-4.939870068032781,-0.02268097424704852,-0.013552330438746223,-0.03180961805535082,0.004591411096786363,93,chr11,134275596,cg23808004,-0.02268097424704852,3.855558842459588e-6,5.413912664407729,chr11,134145490,GLB1L3,11,134275596,GLB1L3,1
3.9254492955283905e-6,0.023461754977815965,1,4.935359472190208,0.044458678823022894,0.062368771959401575,0.026548585686644217,0.009008194656040542,93,chr15,64703905,cg17077762,0.044458678823022894,3.9254492955283905e-6,5.406110627988413,chr15,64996104,OAZ2,15,64703905,OAZ2,1
3.973043803007633e-6,0.023461754977815965,1,4.932332421206105,0.026500344750305556,0.03718250938694138,0.015818180113669734,0.00537278157416353,93,chr1,41732223,cg12833662,0.026500344750305556,3.973043803007633e-6,5.40087664679975,chr1,42197894,HIVEP3;HIVEP3,1,41732223,HIVEP3,1
3.97651762356789e-6,0.023461754977815965,1,4.932112870001255,0.08943381781221861,0.12548577494212387,0.05338186068231335,0.018132962519204442,93,chr10,6075361,cg13914486,0.08943381781221861,3.97651762356789e-6,5.400497088452939,chr10,6117324,,10,6075361,NA,1
4.061635504674899e-6,0.023461754977815965,1,-4.926790911810387,-0.09542283218798953,-0.056915072497437956,-0.1339305918785411,0.01936815137805913,93,chr2,101175383,cg25834802,-0.09542283218798953,4.061635504674899e-6,5.391299053213606,chr2,101791845,,2,101175383,NA,1
4.088562510233596e-6,0.023461754977815965,1,-4.925129939320417,-0.08512695804394038,-0.050762499645103654,-0.11949141644277711,0.017284205511882682,93,chr7,139853490,cg04329112,-0.08512695804394038,4.088562510233596e-6,5.3884293579113915,chr7,139553289,TBXAS1;TBXAS1;TBXAS1;TBXAS1;TBXAS1;TBXAS1,7,139853490,TBXAS1,1
4.104484168794604e-6,0.023461754977815965,1,-4.924152834363601,-0.09441230586834,-0.056291930992800915,-0.13253268074387908,0.019173309408569945,93,chr1,109506881,cg21692308,-0.09441230586834,4.104484168794604e-6,5.3867414150908335,chr1,110049503,AMIGO1,1,109506881,AMIGO1,1
4.113061732556871e-6,0.023461754977815965,1,4.923627963893473,0.10590793130668853,0.14867439471461258,0.06314146789876449,0.021510140913031005,93,chr1,62209607,cg10704177,0.10590793130668853,4.113061732556871e-6,5.385834772156858,chr1,62209607,INADL,1,62209607,INADL,1
4.144035744031758e-6,0.023461754977815965,1,-4.921741475038997,-0.08423932482634436,-0.05020977830435249,-0.11826887134833622,0.0171157557245887,93,chr12,53096568,cg06559575,-0.08423932482634436,4.144035744031758e-6,5.382576507276142,chr12,53490352,IGFBP6,12,53096568,IGFBP6,1
4.158900676910619e-6,0.023461754977815965,1,4.9208409951965235,0.06721028906951072,0.09436570838653671,0.040054869752484734,0.013658293193199703,93,chr22,29946435,cg16899419,0.06721028906951072,4.158900676910619e-6,5.381021451355365,chr22,30342424,MTMR3;MTMR3;MTMR3,22,29946435,MTMR3,1
4.162894752845583e-6,0.023461754977815965,1,4.920599579083385,0.05115960047814361,0.07183096765527687,0.03048823330101034,0.010397025739630226,93,chr5,129096796,cg03214468,0.05115960047814361,4.162894752845583e-6,5.380604568896119,chr5,128432489,MIR4633;ISOC1,5,129096796,MIR4633,1
4.181926875731657e-6,0.023461754977815965,1,-4.919452303238338,-0.07843884747271819,-0.04673773290325963,-0.11013996204217674,0.015944630141262694,93,chr4,140789960,cg15074532,-0.07843884747271819,4.181926875731657e-6,5.37862356543128,chr4,141711114,,4,140789960,NA,1
4.2008329126998835e-6,0.023461754977815965,1,4.918317657130684,0.07026387223164346,0.09866761606752114,0.04186012839576577,0.01428615984772219,93,chr5,179768666,cg24114251,0.07026387223164346,4.2008329126998835e-6,5.376664592095797,chr5,179195667,MAML1,5,179768666,MAML1,1
4.227793655222551e-6,0.023461754977815965,1,-4.91670819029479,-0.0738346565548953,-0.043977674453641646,-0.10369163865614894,0.015017091455750685,93,chr2,158297857,cg19707390,-0.0738346565548953,4.227793655222551e-6,5.373886217340267,chr2,159154369,CCDC148;CCDC148,2,158297857,CCDC148,1
4.235405086766322e-6,0.023461754977815965,1,4.916255624190422,0.08841584472123422,0.12417240439355376,0.05265928504891468,0.017984387200328703,93,chr5,132673991,cg14587374,0.08841584472123422,4.235405086766322e-6,5.373105046128091,chr5,132009683,IL4;IL4;IL4;IL4,5,132673991,IL4,1
4.31801118511454e-6,0.023766993641013374,1,4.9113943388508465,0.051139315039269335,0.07184121395132577,0.030437416127212905,0.010412382209821653,93,chr6,89085037,cg27178772,0.051139315039269335,4.31801118511454e-6,5.364716237030219,chr6,89794756,PNRC1,6,89085037,PNRC1,1
4.4192917871114765e-6,0.02406163449944414,1,4.905556321336761,0.058184046888430124,0.0817657811123565,0.034602312664503754,0.011860845758789497,93,chr3,197512827,cg01679475,0.058184046888430124,4.4192917871114765e-6,5.354647322866566,chr3,197239698,BDH1;BDH1;BDH1,3,197512827,BDH1,1
4.433277173632347e-6,0.02406163449944414,1,4.904760443067947,0.06831004555404104,0.09600029426233452,0.040619796845747555,0.013927294991661782,93,chrX,148134599,cg06771786,0.06831004555404104,4.433277173632347e-6,5.353275115256951,chrX,147216119,,23,148134599,NA,1
4.455074477535274e-6,0.02406163449944414,1,4.903524872036015,0.05132223342939401,0.0721315226930984,0.03051294416568962,0.010466396065833408,93,chr5,169652809,cg24125386,0.05132223342939401,4.455074477535274e-6,5.351145031265214,chr5,169079813,DOCK2,5,169652809,DOCK2,1
4.523841036183552e-6,0.02423325414885583,1,4.899665131908927,0.0541619560683553,0.07613994870458043,0.03218396343213016,0.011054215871943397,93,chr4,169100923,cg15134174,0.0541619560683553,4.523841036183552e-6,5.344492664206627,chr4,170022074,SH3RF1,4,169100923,SH3RF1,1
4.542935932700086e-6,0.02423325414885583,1,4.8986035136631,0.018572479798776208,0.026110506770664975,0.011034452826887442,0.003791382533200364,93,chr10,131923210,cg21294295,0.018572479798776208,4.542935932700086e-6,5.3426633878323075,chr10,133736714,,10,131923210,NA,1
4.609117495410027e-6,0.02439817237347273,1,4.894957384438066,0.07936014704212367,0.1115941046742716,0.04712618940997575,0.016212632881018246,93,chr19,35459897,cg17062760,0.07936014704212367,4.609117495410027e-6,5.3363822207195195,chr19,35950799,,19,35459897,NA,1
4.639303767843495e-6,0.02439817237347273,1,4.893311251292218,0.03627246988526998,0.05101032795748517,0.021534611813054782,0.007412663536514502,93,chr5,436701,cg26954197,0.03627246988526998,4.639303767843495e-6,5.333547190236339,chr5,436816,AHRR,5,436701,AHRR,1
4.676013423867653e-6,0.02439817237347273,1,4.8913233910180445,0.08279274227661108,0.11644591174139127,0.0491395728118309,0.016926450299451414,93,chr2,38374992,cg03269757,0.08279274227661108,4.676013423867653e-6,5.330124250738752,chr2,38602134,ATL2;ATL2;ATL2,2,38374992,ATL2,1
4.708513986002731e-6,0.02439817237347273,1,4.889576109750648,0.029453458895516847,0.0414298280870194,0.017477089704014293,0.0060237243954095795,93,chr8,22474977,cg16978687,0.029453458895516847,4.708513986002731e-6,5.3271161352294545,chr8,22332490,PPP3CC;PPP3CC;PPP3CC,8,22474977,PPP3CC,1
4.715020952760563e-6,0.02439817237347273,1,4.889227697603854,0.017987802083023297,0.02530252566601733,0.010673078500029264,0.00367906818736196,93,chr2,241386617,cg12184255,0.017987802083023297,4.715020952760563e-6,5.326516372990688,chr2,242326032,FARP2;FARP2;FARP2,2,241386617,FARP2,1
4.812366999107306e-6,0.024753670041741525,1,4.88407056085545,0.020579855364927874,0.02895747176451361,0.012202238965342137,0.004213668723353434,93,chr19,7474824,cg03260991,0.020579855364927874,4.812366999107306e-6,5.317641260050085,chr19,7539710,LOC100128573,19,7474824,LOC100128573,1
4.8527224256177814e-6,0.02477319050385785,1,-4.881962384304226,-0.0860811388359764,-0.05102422693415089,-0.12113805073780191,0.01763248711475777,93,chr3,4828737,cg03425527,-0.0860811388359764,4.8527224256177814e-6,5.314014549498672,chr3,4870421,ITPR1;ITPR1;ITPR1,3,4828737,ITPR1,1
4.888945801962202e-6,0.02477319050385785,1,4.880084566251759,0.06107170645835776,0.08595299051519215,0.03619042240152336,0.012514477081134893,93,chr16,85636069,cg00168118,0.06107170645835776,4.888945801962202e-6,5.310784777225674,chr16,85669675,KIAA0182;KIAA0182,16,85636069,KIAA0182,1
4.904402963469169e-6,0.02477319050385785,1,4.879287391419812,0.09400194635234582,0.13230562887483824,0.05569826382985341,0.019265507196326966,93,chr13,23866476,cg08694835,0.09400194635234582,4.904402963469169e-6,5.309413853819707,chr13,24440615,MIPEP,13,23866476,MIPEP,1
4.959741732166282e-6,0.02477319050385785,1,4.8764533306230735,0.06181469856556455,0.08701743894514292,0.03661195818598617,0.012676159162106933,93,chr4,79409198,cg19219726,0.06181469856556455,4.959741732166282e-6,5.304540937867735,chr4,80330352,GK2,4,79409198,GK2,1
4.999201095759611e-6,0.02477319050385785,1,4.874451256740274,0.015380836464097524,0.021654400058688933,0.009107272869506116,0.003155398557494913,93,chr8,2242024,cg27026045,0.015380836464097524,4.999201095759611e-6,5.301099393148958,chr8,2242024,,8,2242024,NA,1
5.0570075377477e-6,0.02477319050385785,1,-4.871545924062411,-0.08966788595095157,-0.05307217304685456,-0.12626359885504856,0.018406453998113394,93,chr3,46718979,cg15726123,-0.08966788595095157,5.0570075377477e-6,5.296106399027176,chr3,46718979,ALS2CL;ALS2CL,3,46718979,ALS2CL,1
5.061889133261116e-6,0.02477319050385785,1,4.871302060322827,0.034952695892174895,0.04921848174054326,0.020686910043806527,0.007175226553259261,93,chr12,57232292,cg04213529,0.034952695892174895,5.061889133261116e-6,5.295687371097994,chr12,57626075,SHMT2;SHMT2;SHMT2;SHMT2;SHMT2;SHMT2;SHMT2;SHMT2;SHMT2;SHMT2;SHMT2;SHMT2;SHMT2;SHMT2;SHMT2;SHMT2;SHMT2;SHMT2,12,57232292,SHMT2,1
5.097729505746516e-6,0.02477319050385785,1,4.869518613306626,0.04495114891431653,0.06330447785081963,0.026597819977813415,0.009231127855529984,93,chr20,20497535,cg15808453,0.04495114891431653,5.097729505746516e-6,5.292623212663988,chr20,20478179,RALGAPA2,20,20497535,RALGAPA2,1
5.130767003845754e-6,0.02477319050385785,1,4.867885427500824,0.03516252370768195,0.049524022701733936,0.020801024713629965,0.007223367154254165,93,chr11,2952860,cg03085262,0.03516252370768195,5.130767003845754e-6,5.289817706888492,chr11,2974090,NAP1L4,11,2952860,NAP1L4,1
5.160504086344418e-6,0.02477319050385785,1,4.866424133316971,0.026724559392481705,0.037643001574025045,0.015806117210938365,0.005491621498734052,93,chr13,29454092,cg26289291,0.026724559392481705,5.160504086344418e-6,5.287307873716759,chr13,30028229,MTUS2;MTUS2,13,29454092,MTUS2,1
5.161924916283702e-6,0.02477319050385785,1,4.866354518586405,0.05532632170412294,0.07793046934551245,0.03272217406273343,0.01136915148553425,93,chr15,89760415,cg08625794,0.05532632170412294,5.161924916283702e-6,5.287188316855463,chr15,90303646,,15,89760415,NA,1
5.203536926477228e-6,0.02477319050385785,1,4.864323940158242,0.024854465683937153,0.03501325665239883,0.014695674715475476,0.005109541632033784,93,chr2,58038538,cg08018809,0.024854465683937153,5.203536926477228e-6,5.283701359155801,chr2,58265673,,2,58038538,NA,1
5.30283028125659e-6,0.02477319050385785,1,4.859541839049063,0.06900041696442256,0.09723078055525519,0.040770053373589944,0.014198955220421533,93,chr19,1257078,cg26831409,0.06900041696442256,5.30283028125659e-6,5.275492272389876,chr19,1257077,MIDN,19,1257078,MIDN,1
5.309147858827054e-6,0.02477319050385785,1,4.859240534864362,0.08228648299257973,0.1159547052329376,0.04861826075222186,0.01693402135625637,93,chr3,36212516,cg21462730,0.08228648299257973,5.309147858827054e-6,5.274975179466057,chr3,36254008,,3,36212516,NA,1
5.317679224140152e-6,0.02477319050385785,1,4.858834202337543,0.01524608904553271,0.021484679180574923,0.009007498910490496,0.003137808044200798,93,chr8,17678300,cg05342582,0.01524608904553271,5.317679224140152e-6,5.274277863955858,chr8,17535809,MTUS1;MTUS1;MTUS1;MTUS1;MTUS1,8,17678300,MTUS1,1
5.320781551595019e-6,0.02477319050385785,1,4.858686601877878,0.05793650775949123,0.08164443080916176,0.03422858470982071,0.011924314636202062,93,chr19,955309,cg06802990,0.05793650775949123,5.320781551595019e-6,5.274024570972728,chr19,955309,ARID3A,19,955309,ARID3A,1
5.346070027260433e-6,0.02477319050385785,1,4.857486561187331,0.023462808763718344,0.03306628520241483,0.013859332325021859,0.004830236474804216,93,chr2,98485827,cg05358946,0.023462808763718344,5.346070027260433e-6,5.2719653567927995,chr2,99102290,INPP4A;INPP4A;INPP4A;INPP4A,2,98485827,INPP4A,1
5.414047038714616e-6,0.02477319050385785,1,4.854287980824045,0.06516826271709783,0.0918596218240937,0.03847690361010196,0.01342488599245303,93,chr6,28281029,cg07970287,0.06516826271709783,5.414047038714616e-6,5.266477975280428,chr6,28248806,PGBD1;PGBD1,6,28281029,PGBD1,1
5.458380229221091e-6,0.02477319050385785,1,4.8522229417285265,0.0498012002992922,0.0702072596468898,0.029395140951694602,0.010263584525560015,93,chr5,80219707,cg00986119,0.0498012002992922,5.458380229221091e-6,5.262936214781743,chr5,79515526,SERINC5,5,80219707,SERINC5,1
5.470280690186996e-6,0.02477319050385785,1,4.851671399716113,0.06038659830751794,0.08513284106752156,0.03564035554751432,0.012446555698527182,93,chr16,67526342,cg06866208,0.06038659830751794,5.470280690186996e-6,5.261990388644308,chr16,67560245,,16,67526342,NA,1
5.4777797720176236e-6,0.02477319050385785,1,-4.851324445186431,-0.06144556546226153,-0.03626356038554629,-0.08662757053897677,0.01266572997879556,93,chr12,109763295,cg11345463,-0.06144556546226153,5.4777797720176236e-6,5.261395432052869,chr12,110201100,FAM222A-AS1;FAM222A-AS1;FAM222A,12,109763295,FAM222A-AS1,1
5.482297190709839e-6,0.02477319050385785,1,4.851115664307289,0.07804032941489553,0.11002468068483764,0.04605597814495341,0.016087088994617738,93,chr6,52145269,cg19716532,0.07804032941489553,5.482297190709839e-6,5.261037425420572,chr6,52145269,MCM3;MCM3,6,52145269,MCM3,1
5.508477113034248e-6,0.02477319050385785,1,4.849909000319999,0.027149253740410145,0.03827897758761064,0.01601952989320965,0.005597889308566166,93,chr12,11722608,cg27199980,0.027149253740410145,5.508477113034248e-6,5.258968450661993,chr12,11875542,ETV6,12,11722608,ETV6,1
5.577926240147768e-6,0.02477319050385785,1,4.846734869298978,0.04626926360988398,0.06524957820665572,0.027288949013112244,0.009546481261636718,93,chr6,101454008,cg19088553,0.04626926360988398,5.577926240147768e-6,5.253527232936338,chr6,101901884,GRIK2;GRIK2;GRIK2,6,101454008,GRIK2,1
5.629114826645276e-6,0.02477319050385785,1,4.844419871170735,0.07385963188964047,0.1041723893099043,0.043546874469376634,0.015246331625625808,93,chr8,141172437,cg15942206,0.07385963188964047,5.629114826645276e-6,5.2495598922049975,chr8,142182536,DENND3,8,141172437,DENND3,1
5.6705422400336e-6,0.02477319050385785,1,-4.842561283234877,-0.13105107200875604,-0.07724571287931416,-0.18485643113819794,0.027062346626868634,93,chr22,29118084,cg22984723,-0.13105107200875604,5.6705422400336e-6,5.246375410138,chr22,29514072,KREMEN1;KREMEN1,22,29118084,KREMEN1,1
5.6718126251712345e-6,0.02477319050385785,1,-4.842504498242677,-0.09343055489357731,-0.05507052142061517,-0.13179058836653945,0.019293849892650143,93,chr11,36427172,cg22824497,-0.09343055489357731,5.6718126251712345e-6,5.246278125003823,chr11,36448722,PRR5L;PRR5L;PRR5L;PRR5L,11,36427172,PRR5L,1
5.680026699680461e-6,0.02477319050385785,1,-4.8421376357275525,-0.046651313152823955,-0.027496107231899894,-0.06580651907374802,0.009634445912608676,93,chr6,161353438,cg17026533,-0.046651313152823955,5.680026699680461e-6,5.245649622828305,chr6,161774470,PARK2;PARK2;PARK2,6,161353438,PARK2,1
5.758795705936104e-6,0.02477319050385785,1,4.838645605120286,0.056299758709465075,0.07943333629683096,0.033166181122099195,0.011635437538531095,93,chr5,68225905,cg26804336,0.056299758709465075,5.758795705936104e-6,5.239668327852861,chr5,67521733,PIK3R1,5,68225905,PIK3R1,1
5.774688773181195e-6,0.02477319050385785,1,4.837946667614489,0.0542858317872938,0.0765951091142065,0.0319765544603811,0.011220841302506801,93,chr10,6146452,cg07276367,0.0542858317872938,5.774688773181195e-6,5.238471417103748,chr10,6188415,PFKFB3;PFKFB3,10,6146452,PFKFB3,1
5.783327461773574e-6,0.02477319050385785,1,4.837567545063145,0.06128514261146413,0.08647282690759092,0.036097458315337345,0.012668586441548935,93,chr2,105438549,cg10635061,0.06128514261146413,5.783327461773574e-6,5.237822216512764,chr2,106055006,FHL2;FHL2,2,105438549,FHL2,1
5.800124845152215e-6,0.02477319050385785,1,4.836831941365901,0.07443478793043205,0.10503151973015096,0.04383805613071315,0.01538916150752428,93,chr6,83852607,cg23190666,0.07443478793043205,5.800124845152215e-6,5.236562658337551,chr6,84562326,RIPPLY2;RIPPLY2,6,83852607,RIPPLY2,1
5.800956005301979e-6,0.02477319050385785,1,-4.836795596461786,-0.06022167525627321,-0.03546711702836282,-0.08497623348418361,0.012450738108578868,93,chr15,70535227,cg00885208,-0.06022167525627321,5.800956005301979e-6,5.2365004282278065,chr15,70827566,,15,70535227,NA,1
5.84596079521981e-6,0.02477319050385785,1,4.834835163795382,0.030009142993583152,0.04234962158591154,0.017668664401254766,0.006206859588161378,93,chr22,26463373,cg16546993,0.030009142993583152,5.84596079521981e-6,5.233144101478889,chr22,26859339,HPS4;HPS4;HPS4;HPS4,22,26463373,HPS4,1
5.862695307133489e-6,0.02477319050385785,1,-4.834109945931228,-0.010737210578294566,-0.006321149931801062,-0.01515327122478807,0.002221134955222079,93,chr5,160119977,cg14074042,-0.010737210578294566,5.862695307133489e-6,5.231902676149356,chr5,159546984,PWWP2A;PWWP2A,5,160119977,PWWP2A,1
5.903703972354854e-6,0.02477319050385785,1,4.832341255032018,0.0459466750783723,0.0648507998552172,0.0270425503015274,0.00950816025886563,93,chr1,248891069,cg17894719,0.0459466750783723,5.903703972354854e-6,5.228875427336095,chr1,249185268,,1,248891069,NA,1
5.906515049692003e-6,0.02477319050385785,1,4.832220452684241,0.10785825082094483,0.15223614761248216,0.063480354029407507,0.022320639523188735,93,chr15,39801697,cg18852698,0.10785825082094483,5.906515049692003e-6,5.22866868512471,chr15,40093898,GPR176;GPR176;GPR176,15,39801697,GPR176,1
5.9178745668385355e-6,0.02477319050385785,1,4.831732861940069,0.04534695649850097,0.0640066846147648,0.026687228382237138,0.009385236683034037,93,chr10,72266273,cg03911977,0.04534695649850097,5.9178745668385355e-6,5.2278342442289825,chr10,74026031,,10,72266273,NA,1
5.955717608715878e-6,0.02477319050385785,1,4.8301150544983225,0.047458213547604475,0.0669932394955961,0.027923187599612844,0.009825483039665128,93,chr17,47970394,cg03723356,0.047458213547604475,5.955717608715878e-6,5.2250659025726325,chr17,46047760,CDK5RAP3,17,47970394,CDK5RAP3,1
6.00951965350533e-6,0.024847552285243726,1,4.827832140904775,0.03199648998774163,0.045173299244641474,0.01881968073084178,0.006627506726392774,93,chr1,172528974,cg07088285,0.03199648998774163,6.00951965350533e-6,5.221160240171817,chr1,172498114,,1,172528974,NA,1
6.064739132523801e-6,0.024956459289755747,1,4.825509684929936,0.05007108360089837,0.07070130461640171,0.029440862585395026,0.01037633055784145,93,chr12,121871743,cg16997999,0.05007108360089837,6.064739132523801e-6,5.21718787505165,chr12,122309649,HPD,12,121871743,HPD,1
6.227921463702727e-6,0.02505388812377037,1,4.8187648766515485,0.015361480577759844,0.021699556278764433,0.009023404876755254,0.0031878460499683466,93,chr12,92071653,cg15724229,0.015361480577759844,6.227921463702727e-6,5.205656872676748,chr12,92465429,C12orf79;C12orf79;C12orf79;C12orf79;C12orf79,12,92071653,C12orf79,1
6.239706233175051e-6,0.02505388812377037,1,4.818284460918015,0.03864416793803727,0.05459016231708742,0.022698173558987123,0.008020316826764209,93,chr16,31201252,cg26790389,0.03864416793803727,6.239706233175051e-6,5.204835856521786,chr16,31212573,PYCARD-AS1,16,31201252,PYCARD-AS1,1
6.25904395299519e-6,0.02505388812377037,1,4.81749805376599,0.023042486655904245,0.03255220991708062,0.01353276339472787,0.004783081674084166,93,chr15,72242742,cg24869651,0.023042486655904245,6.25904395299519e-6,5.203491998682164,chr15,72535083,PARP6,15,72242742,PARP6,1
6.294070751642663e-6,0.02505388812377037,1,4.816079622437968,0.06723527391691295,0.09499170362152703,0.03947884421229885,0.013960581881509155,93,chr2,74612706,cg13774539,0.06723527391691295,6.294070751642663e-6,5.201068379491548,chr2,74612706,LOC100189589,2,74612706,LOC100189589,1
6.354037375716234e-6,0.02505388812377037,1,-4.813668983989567,-0.05184859173832039,-0.03043345633181528,-0.0732637271448255,0.010771116981822107,93,chr1,153984979,cg16266126,-0.05184859173832039,6.354037375716234e-6,5.196950234894522,chr1,153957455,RAB13,1,153984979,RAB13,1
6.44365142766527e-6,0.02505388812377037,1,4.8101074950002936,0.045093673276714104,0.06373260055873345,0.026454745994694755,0.00937477453956803,93,chr9,4850209,cg02133084,0.045093673276714104,6.44365142766527e-6,5.19086796098032,chr9,4850209,MIR101-2;RCL1;RCL1;RCL1;RCL1,9,4850209,MIR101-2,1
6.4961756161906944e-6,0.02505388812377037,1,4.8080423969339305,0.011052440406162996,0.015622795831703926,0.006482084980622065,0.0022987402135245505,93,chr12,5240265,cg11416594,0.011052440406162996,6.4961756161906944e-6,5.187342242986151,chr12,5349431,LOC101929584;LOC101929584,12,5240265,LOC101929584,1
6.5174247071658e-6,0.02505388812377037,1,4.807211558909553,0.08285465569542766,0.11712226160982477,0.04858704978103055,0.017235491860529237,93,chr1,1690811,cg11296110,0.08285465569542766,6.5174247071658e-6,5.185923977336665,chr1,1690811,NADK;NADK;NADK;NADK,1,1690811,NADK,1
6.527219818952058e-6,0.02505388812377037,1,4.806829458207524,0.043899795146690304,0.062057621632874774,0.02574196866050583,0.009132796478088621,93,chr11,65384221,cg17279135,0.043899795146690304,6.527219818952058e-6,5.185271761204689,chr11,65151692,SLC25A45,11,65384221,SLC25A45,1
6.582957634119894e-6,0.02505388812377037,1,4.804665731625062,0.0338573451010275,0.04786772152448248,0.019846968677572525,0.007046763914953159,93,chr8,63002963,cg01073393,0.0338573451010275,6.582957634119894e-6,5.181578939883944,chr8,63915522,,8,63002963,NA,1
6.611314677384996e-6,0.02505388812377037,1,4.803571753719177,0.050571719302209335,0.07150337191362761,0.029640066690791056,0.01052794085214904,93,chr9,129890187,cg10531986,0.050571719302209335,6.611314677384996e-6,5.179712171321945,chr9,132652466,FNBP1,9,129890187,FNBP1,1
6.6137802910550214e-6,0.02505388812377037,1,4.803476849476335,0.045769363254813365,0.06471369327307533,0.0268250332365514,0.009528382188373208,93,chr17,49209083,cg10821511,0.045769363254813365,6.6137802910550214e-6,5.17955023639046,chr17,47286445,GNGT2;GNGT2;GNGT2;GNGT2;ABI3;ABI3,17,49209083,GNGT2,1
6.621437395112681e-6,0.02505388812377037,1,4.8031823383187255,0.04058379026740682,0.05738279735781669,0.023784783176996945,0.008449354492257836,93,chr19,5962738,cg27032754,0.04058379026740682,6.621437395112681e-6,5.179047722795373,chr19,5962749,RANBP3;RANBP3;RANBP3;RANBP3,19,5962738,RANBP3,1
6.650734472493639e-6,0.02505388812377037,1,4.802058552645506,0.060511400957478,0.08556498361709262,0.035457818297863375,0.012601137677536569,93,chr18,60677585,cg11490174,0.060511400957478,6.650734472493639e-6,5.177130390826617,chr18,58344818,,18,60677585,NA,1
6.671335558835032e-6,0.02505388812377037,1,4.801271211951906,0.04401588923165942,0.06224281073932576,0.02578896772399308,0.009167549027867814,93,chr2,20352355,cg17754362,0.04401588923165942,6.671335558835032e-6,5.175787214393841,chr2,20552116,,2,20352355,NA,1
6.689230920009024e-6,0.02505388812377037,1,-4.800589198057549,-0.05709384983729106,-0.03344800328244736,-0.08073969639213475,0.011893092177183753,93,chr6,41131011,cg23643501,-0.05709384983729106,6.689230920009024e-6,5.174623811439407,chr6,41131011,TREM2;TREM2,6,41131011,TREM2,1
6.758768594753596e-6,0.02505388812377037,1,4.797955783815693,0.0378939067509439,0.05359656658974625,0.022191246912141555,0.007897927462934606,93,chr19,53675548,cg15783452,0.0378939067509439,6.758768594753596e-6,5.170132422581805,chr19,54178802,MIR520E,19,53675548,MIR520E,1
6.770241669929925e-6,0.02505388812377037,1,4.797523830752373,0.02556926130686752,0.03616572911051971,0.014972793503215325,0.005329678852863065,93,chr7,137562440,cg19418273,0.02556926130686752,6.770241669929925e-6,5.169395828501896,chr7,137562440,CREB3L2,7,137562440,CREB3L2,1
6.780888214431845e-6,0.02505388812377037,1,4.797123632804623,0.019861732728312653,0.028093561045107237,0.01162990441151807,0.004140342056746316,93,chr10,49362081,cg01338869,0.019861732728312653,6.780888214431845e-6,5.168713415076695,chr10,50570126,,10,49362081,NA,1
6.802441433881991e-6,0.02505388812377037,1,-4.796315327517835,-0.057151041237611215,-0.03346041713630994,-0.08084166533891249,0.011915613827497812,93,chr7,130734579,cg21520933,-0.057151041237611215,6.802441433881991e-6,5.167335188622276,chr7,130419340,KLF14,7,130734579,KLF14,1
6.804289201220975e-6,0.02505388812377037,1,4.796246147184779,0.03233545036777878,0.045739546471138946,0.018931354264418616,0.006741824621899046,93,chr2,201745089,cg13756168,0.03233545036777878,6.804289201220975e-6,5.167217235943471,chr2,202609812,ALS2,2,201745089,ALS2,1
6.804481360334668e-6,0.02505388812377037,1,4.796238953805113,0.02303482781312455,0.03258352762395836,0.013486128002290746,0.004802685611576919,93,chr4,155515085,cg02026054,0.02303482781312455,6.804481360334668e-6,5.167204971258377,chr4,156436237,,4,155515085,NA,1
6.94689330118419e-6,0.02505388812377037,1,4.790961465577863,0.06388241976343906,0.09039297126393256,0.037371868262945564,0.013333945643775673,93,chr2,135166674,cg26676108,0.06388241976343906,6.94689330118419e-6,5.158209371495991,chr2,135166674,MGAT5,2,135166674,MGAT5,1
6.961989883587846e-6,0.02505388812377037,1,4.790408203174283,0.05915975322207002,0.08371328181308352,0.03460622463105652,0.012349626735957244,93,chr19,39205494,cg15427040,0.05915975322207002,6.961989883587846e-6,5.1572666121211315,chr19,39696134,SYCN,19,39205494,SYCN,1
6.984570306544583e-6,0.02505388812377037,1,4.789582846887043,0.07587229011633723,0.10736757820755881,0.044377002025115644,0.015841106113374758,93,chr1,235244966,cg04787222,0.07587229011633723,6.984570306544583e-6,5.155860306691782,chr1,235408281,ARID4B;ARID4B;ARID4B,1,235244966,ARID4B,1
7.1054579923595215e-6,0.02505388812377037,1,-4.785207868293953,-0.08236104500613813,-0.04814095698617484,-0.1165811330261014,0.01721159190426181,93,chr17,76500222,cg10870042,-0.08236104500613813,7.1054579923595215e-6,5.148407923768313,chr17,74496304,RHBDF2,17,76500222,RHBDF2,1
7.127620075905852e-6,0.02505388812377037,1,4.7844136762321465,0.0683261519326938,0.09671961211799762,0.039932691747389976,0.014280987505767367,93,chr2,105867194,cg19963544,0.0683261519326938,7.127620075905852e-6,5.147055457587207,chr2,106483650,NCK2;NCK2;NCK2,2,105867194,NCK2,1
7.136321987275455e-6,0.02505388812377037,1,4.784102494634045,0.08110804536629171,0.11481531243911614,0.047400778293467276,0.01695365963778249,93,chr17,40073280,cg04692235,0.08110804536629171,7.136321987275455e-6,5.146525563040253,chr17,38229533,THRA;THRA;THRA;THRA,17,40073280,THRA,1
7.199268704143058e-6,0.02505388812377037,1,4.781862445561873,0.033463664622143306,0.0473771681357784,0.019550161108508213,0.006998039990297399,93,chr3,3176432,cg16984485,0.033463664622143306,7.199268704143058e-6,5.1427116166083735,chr3,3218116,CRBN,3,3176432,CRBN,1
7.215562844310888e-6,0.02505388812377037,1,4.78128570045575,0.06526448148284376,0.09240338385970936,0.038125579105978163,0.01364998570920428,93,chr1,6585264,cg02821988,0.06526448148284376,7.215562844310888e-6,5.141729786449287,chr1,6645324,ZBTB48;ZBTB48;ZBTB48,1,6585264,ZBTB48,1
7.215658396734008e-6,0.02505388812377037,1,4.781282322034595,0.08062727121903757,0.11415449979624306,0.04710004264183207,0.016863106126878524,93,chr14,55349222,cg01565905,0.08062727121903757,7.215658396734008e-6,5.141724035322698,chr14,55815940,FBXO34;FBXO34,14,55349222,FBXO34,1
7.230018098372015e-6,0.02505388812377037,1,4.780775104148226,0.02947740650966483,0.04173629341637304,0.017218519602956617,0.006165821622541417,93,chr3,63970838,cg08992499,0.02947740650966483,7.230018098372015e-6,5.140860615566706,chr3,63956514,ATXN7;ATXN7,3,63970838,ATXN7,1
7.334333576813432e-6,0.02505388812377037,1,4.777119598209983,0.05341633689648421,0.07564780126011465,0.031184872532853763,0.011181703911390383,93,chr9,90643530,cg12218877,0.05341633689648421,7.334333576813432e-6,5.13463934154274,chr9,93405812,DIRAS2,9,90643530,DIRAS2,1
7.379606848773936e-6,0.02505388812377037,1,4.7755488128630885,0.05261146158404306,0.07451514534158082,0.030707777826505293,0.011016840921473247,93,chr11,837944,cg11256548,0.05261146158404306,7.379606848773936e-6,5.131966774756384,chr11,837944,CD151;CD151;CD151;CD151;CD151;CD151;CD151;CD151,11,837944,CD151,1
7.3888900623240446e-6,0.02505388812377037,1,4.7752278844316525,0.0696989478444043,0.09871859999315412,0.04067929569565447,0.014595941708172501,93,chr4,151687259,cg25975995,0.0696989478444043,7.3888900623240446e-6,5.1314207951655835,chr4,152608411,GATB,4,151687259,GATB,1
7.461637619576515e-6,0.02505388812377037,1,4.7727264389018575,0.0662581957497018,0.09385972504534454,0.038656666454059074,0.013882672011041756,93,chr8,144418169,cg03443439,0.0662581957497018,7.461637619576515e-6,5.127165846643333,chr8,145643553,SLC39A4,8,144418169,SLC39A4,1
7.462891585607618e-6,0.02505388812377037,1,4.772683529272469,0.02529785043935487,0.03583640540509666,0.01475929547361308,0.005300550577928468,93,chr10,104333901,cg27365978,0.02529785043935487,7.462891585607618e-6,5.127092867385952,chr10,106093659,ITPRIP;ITPRIP,10,104333901,ITPRIP,1
7.507388202387538e-6,0.02505388812377037,1,4.771165416807175,0.03114938183025303,0.044129691114675546,0.01816907254583051,0.0065286736277313856,93,chr3,25780666,cg24334381,0.03114938183025303,7.507388202387538e-6,5.124511126454682,chr3,25822157,NGLY1;NGLY1;NGLY1;NGLY1,3,25780666,NGLY1,1
7.50842745006774e-6,0.02505388812377037,1,4.7711300650075374,0.022292603805120353,0.03158225962488504,0.013002947985355666,0.004672394904640927,93,chr14,21208138,cg19575132,0.022292603805120353,7.50842745006774e-6,5.124451011234303,chr14,21676297,,14,21208138,NA,1
7.562511101790888e-6,0.02505388812377037,1,4.769296855750959,0.0849838196696062,0.12041143935756196,0.049556199981650444,0.017818941080828345,93,chr17,81866675,cg25475273,0.0849838196696062,7.562511101790888e-6,5.121333974793295,chr17,79824551,,17,81866675,NA,1
7.598299494467655e-6,0.02505388812377037,1,4.768090778437131,0.025558842049269316,0.0362163763963646,0.014901307702174032,0.00536039333916518,93,chr1,52264736,cg11803258,0.025558842049269316,7.598299494467655e-6,5.119283592298641,chr1,52730408,ZFYVE9;ZFYVE9,1,52264736,ZFYVE9,1
7.60767689661978e-6,0.02505388812377037,1,4.767775671504715,0.03714151245520692,0.052629816079451636,0.021653208830962205,0.007790113254947882,93,chr1,54283850,cg04103170,0.03714151245520692,7.60767689661978e-6,5.118747940470597,chr1,54749523,SSBP3;SSBP3;SSBP3,1,54283850,SSBP3,1
7.690537685937489e-6,0.02505388812377037,1,4.76500762470821,0.022238390052484208,0.03151736122555361,0.012959418879414803,0.004667020874671947,93,chr5,78492534,cg25178252,0.022238390052484208,7.690537685937489e-6,5.1140432953257005,chr5,77788357,LHFPL2,5,78492534,LHFPL2,1
7.702290043106869e-6,0.02505388812377037,1,4.764617376888631,0.07975499866626413,0.1130355079747907,0.04647448935773757,0.016739014354673194,93,chr1,17475980,cg10786474,0.07975499866626413,7.702290043106869e-6,5.113380131292475,chr1,17802476,,1,17475980,NA,1
7.736486800094247e-6,0.02505388812377037,1,4.763485128359849,0.04209713910175545,0.05966779003119055,0.024526488172320355,0.008837466259971349,93,chr15,40427328,cg17721928,0.04209713910175545,7.736486800094247e-6,5.111456211114403,chr15,40719527,,15,40427328,NA,1
7.807829305979701e-6,0.02505388812377037,1,-4.761138581270818,-0.06092535527642961,-0.0354835848221082,-0.08636712573075102,0.012796383519710056,93,chr15,52351530,cg05238969,-0.06092535527642961,7.807829305979701e-6,5.107469689742163,chr15,52643727,MYO5A;MYO5A,15,52351530,MYO5A,1
7.810375101578655e-6,0.02505388812377037,1,4.761055232701633,0.038533094148861205,0.054624379855900504,0.022441808441821906,0.008093393641853599,93,chr14,101056148,cg19475658,0.038533094148861205,7.810375101578655e-6,5.107328108167018,chr14,101056148,,14,101056148,NA,1
7.817168365017372e-6,0.02505388812377037,1,-4.760832952613708,-0.0315953790971351,-0.01840064297125776,-0.04479011522301243,0.006636523358751574,93,chr3,9174614,cg27200564,-0.0315953790971351,7.817168365017372e-6,5.10695053417176,chr3,9216298,SRGAP3;SRGAP3,3,9174614,SRGAP3,1
7.820236816064442e-6,0.02505388812377037,1,4.76073261245676,0.01635514641260331,0.023185461343294436,0.009524831481912185,0.0034354263816054336,93,chr18,55137889,cg05013166,0.01635514641260331,7.820236816064442e-6,5.106780095232638,chr18,52805120,,18,55137889,NA,1
7.824455913750681e-6,0.02505388812377037,1,-4.760594707990938,-0.06645276401436533,-0.03869963707063979,-0.09420589095809087,0.013958920700142876,93,chr17,58277233,cg00473501,-0.06645276401436533,7.824455913750681e-6,5.106545852103699,chr17,56354594,MPO,17,58277233,MPO,1
7.829623526783964e-6,0.02505388812377037,1,4.760425899088657,0.0389270778504273,0.055185038813429316,0.02266911688742529,0.00817722587760048,93,chr10,12035966,cg11132295,0.0389270778504273,7.829623526783964e-6,5.106259119700812,chr10,12077965,UPF2;UPF2,10,12035966,UPF2,1
7.866594154431984e-6,0.02505388812377037,1,4.759221342247586,0.0814726849918339,0.1155085041660896,0.04743686581757819,0.017118910664776454,93,chr2,47015138,cg06528816,0.0814726849918339,7.866594154431984e-6,5.104213254945556,chr2,47242277,TTC7A,2,47015138,TTC7A,1
7.875491878360306e-6,0.02505388812377037,1,4.758932263625057,0.026321745789512324,0.037318518511360844,0.015324973067663802,0.005531019214268467,93,chr2,162153044,cg19095725,0.026321745789512324,7.875491878360306e-6,5.103722312028966,chr2,163009554,GCG;LOC101929532,2,162153044,GCG,1
7.88704757453602e-6,0.02505388812377037,1,4.758557303851785,0.07331460238120996,0.1039465959433171,0.04268260881910282,0.015406897027774763,93,chr7,65954198,cg20836212,0.07331460238120996,7.88704757453602e-6,5.10308553950919,chr7,65419185,VKORC1L1,7,65954198,VKORC1L1,1
7.903936745734372e-6,0.02505388812377037,1,4.758010243372811,0.05267041139776709,0.07467946762763825,0.03066135516789594,0.011069839849783637,93,chr22,41311687,cg05421366,0.05267041139776709,7.903936745734372e-6,5.102156544013601,chr22,41707691,ZC3H7B,22,41311687,ZC3H7B,1
7.975214880380436e-6,0.02505388812377037,1,4.755713915414828,0.08957158848092266,0.12701838207870247,0.052124794883142825,0.01883451992151836,93,chr17,73261962,cg19393755,0.08957158848092266,7.975214880380436e-6,5.098257606690057,chr17,71258101,CPSF4L,17,73261962,CPSF4L,1
7.984020683044436e-6,0.02505388812377037,1,4.755431610336146,0.021503759988098427,0.03049427448938504,0.01251324548681181,0.004521936545435546,93,chr3,42422416,cg12198408,0.021503759988098427,7.984020683044436e-6,5.097778346655501,chr3,42463908,,3,42422416,NA,1
8.000542867310812e-6,0.02505388812377037,1,4.754902742151372,0.06428807529203828,0.0911692886305226,0.03740686195355398,0.013520376499425713,93,chr7,7971963,cg10131879,0.06428807529203828,8.000542867310812e-6,5.096880543473237,chr7,8011594,GLCCI1,7,7971963,GLCCI1,1
8.000597131645811e-6,0.02505388812377037,1,4.754901006923624,0.052361778803977174,0.07425617607876273,0.030467381529191623,0.011012170122518438,93,chr6,12148914,cg14822092,0.052361778803977174,8.000597131645811e-6,5.096877597845456,chr6,12149147,HIVEP1,6,12148914,HIVEP1,1
8.027881098953844e-6,0.02505388812377037,1,-4.754029985509146,-0.1324259451962963,-0.07704361216424932,-0.18780827822834328,0.02785551323823082,93,chr2,118968277,cg20348647,-0.1324259451962963,8.027881098953844e-6,5.095399068477856,chr2,119725853,MARCO,2,118968277,MARCO,1
8.042300161614741e-6,0.02505388812377037,1,-4.753570829322696,-0.056627231223496055,-0.03294266472862728,-0.08031179771836483,0.011912567048372872,93,chr8,121530422,cg26682446,-0.056627231223496055,8.042300161614741e-6,5.094619721819995,chr8,122542662,,8,121530422,NA,1
8.049587090268417e-6,0.02505388812377037,1,4.75333909109489,0.05178873003243487,0.07345063003027569,0.03012683003459405,0.010895231549850526,93,chr5,14754098,cg12799489,0.05178873003243487,8.049587090268417e-6,5.094226396528674,chr5,14754098,ANKH,5,14754098,ANKH,1
8.068482079250933e-6,0.02505388812377037,1,4.7527391435768305,0.081572930136968,0.11569710559009355,0.047448754683842444,0.017163351000908836,93,chr1,87131212,cg26791242,0.081572930136968,8.068482079250933e-6,5.093208161264453,chr1,87596895,LOC339524;LOC339524;LOC339524;LOC339524;LOC339524,1,87131212,LOC339524,1
8.076111695441504e-6,0.02505388812377037,1,-4.752497277704414,-0.028752999483386797,-0.01672422557860506,-0.04078177338816853,0.006050082262703637,93,chr16,22191103,cg05049784,-0.028752999483386797,8.076111695441504e-6,5.092797683242706,chr16,22202424,,16,22191103,NA,1
8.076701032892318e-6,0.02505388812377037,1,4.75247860441073,0.06274205862479398,0.08899020721666132,0.03649391003292665,0.013201965510494603,93,chr15,65828773,cg10075638,0.06274205862479398,8.076701032892318e-6,5.092765992662584,chr15,66121111,,15,65828773,NA,1
8.09550455893074e-6,0.02505388812377037,1,4.751883504964978,0.03978722756378559,0.05643430404658748,0.023140151080983697,0.008372938335338847,93,chr19,2422174,cg25966599,0.03978722756378559,8.09550455893074e-6,5.091756078308923,chr19,2422172,TMPRSS9,19,2422174,TMPRSS9,1
8.12273544753027e-6,0.02505388812377037,1,4.751024072779061,0.030464755334230313,0.043213591667290885,0.017715919001169745,0.006412250257534537,93,chr16,67944089,cg06134860,0.030464755334230313,8.12273544753027e-6,5.090297691237989,chr16,67977992,SLC12A4;SLC12A4;SLC12A4;LCAT;SLC12A4;SLC12A4,16,67944089,SLC12A4,1
8.128516669401038e-6,0.02505388812377037,1,4.750841972690448,0.025189952245191504,0.03573180246865563,0.01464810202172738,0.005302207985446039,93,chr7,87139628,cg16384429,0.025189952245191504,8.128516669401038e-6,5.0899886993098615,chr7,86768944,,7,87139628,NA,1
8.131966685583651e-6,0.02505388812377037,1,4.750733362199475,0.031738500831256414,0.04502118465672075,0.018455817005792075,0.006680758192786103,93,chr7,99713019,cg15071593,0.031738500831256414,8.131966685583651e-6,5.089804409214622,chr7,99310642,CYP3A7-CYP3A51P;CYP3A7,7,99713019,CYP3A7-CYP3A51P,1
8.143621823716148e-6,0.02505388812377037,1,4.750366776146498,0.07050892015798327,0.10001944971158984,0.0409983906043767,0.014842837086188146,93,chr5,65989521,cg18406151,0.07050892015798327,8.143621823716148e-6,5.089182402454114,chr5,65285349,ERBB2IP;ERBB2IP;ERBB2IP;ERBB2IP;ERBB2IP;ERBB2IP,5,65989521,ERBB2IP,1
8.168588480689716e-6,0.02505388812377037,1,4.749583220558419,0.01224062819334805,0.01736461835251608,0.007116638034180019,0.0025772004879006816,93,chr10,70209225,cg12882383,0.01224062819334805,8.168588480689716e-6,5.087852982391516,chr10,71968981,PPA1,10,70209225,PPA1,1
8.175872359148904e-6,0.02505388812377037,1,4.749355061588767,0.07780620255392863,0.11037784531673622,0.045234559791121044,0.016382477524832746,93,chr9,96683403,cg04616586,0.07780620255392863,8.175872359148904e-6,5.087465897315773,chr9,99445685,,9,96683403,NA,1
8.222604790084812e-6,0.025108057860640885,1,4.747895908958185,0.034087950882821814,0.04836241418556092,0.019813487580082705,0.0071795910307354705,93,chr13,43723869,cg06271068,0.034087950882821814,8.222604790084812e-6,5.084990583097287,chr13,43723869,LINC00400,13,43723869,LINC00400,1
8.265229026244028e-6,0.025149345751714184,1,4.746572044684777,0.07170430091465126,0.10173913318632385,0.04166946864297866,0.015106544310213497,93,chr14,79810270,cg09136950,0.07170430091465126,8.265229026244028e-6,5.0827451077965975,chr14,80276613,NRXN3;NRXN3;NRXN3;NRXN3;NRXN3;NRXN3,14,79810270,NRXN3,1
8.299998355236327e-6,0.025166526942716434,1,4.7454970534739305,0.06490845465871437,0.09210286482356017,0.03771404449386856,0.013677904322203355,93,chr8,90912932,cg19916413,0.06490845465871437,8.299998355236327e-6,5.080921993685596,chr8,91925160,NECAB1,8,90912932,NECAB1,1
8.437583238325019e-6,0.0251693881919293,1,4.741285751153695,0.021414495538664553,0.030394401729451362,0.012434589347877742,0.004516600910091481,93,chr16,8961837,cg22448084,0.021414495538664553,8.437583238325019e-6,5.073781929744098,chr16,9055694,USP7,16,8961837,USP7,1
8.441221843657066e-6,0.0251693881919293,1,4.741175286651604,0.03289150804403733,0.04668448009053855,0.019098535997536113,0.006937416580365782,93,chr1,89839898,cg03922345,0.03289150804403733,8.441221843657066e-6,5.073594685891901,chr1,90305457,LRRC8D;LRRC8D,1,89839898,LRRC8D,1
8.446385016919805e-6,0.0251693881919293,1,4.7410186172014885,0.06889990740830879,0.09779386690446394,0.04000594791215363,0.01453272238972535,93,chr11,22046168,cg07083101,0.06889990740830879,8.446385016919805e-6,5.07332912573936,chr11,22067714,,11,22046168,NA,1
8.454484232292772e-6,0.0251693881919293,1,4.740773045087423,0.07258221236947748,0.10302196501326599,0.04214245972568897,0.015310206094908943,93,chr6,6971516,cg06394964,0.07258221236947748,8.454484232292772e-6,5.072912881490425,chr6,6971749,,6,6971516,NA,1
8.47569867783842e-6,0.0251693881919293,1,4.74013089565077,0.09738883444118407,0.13823759801621702,0.05654007086615112,0.020545600234487534,93,chr2,113877007,cg15570901,0.09738883444118407,8.47569867783842e-6,5.0718244914230395,chr2,114634584,LOC101060091,2,113877007,LOC101060091,1
8.538617711166926e-6,0.025269395795686034,1,-4.738235522830065,-0.06337078660046114,-0.03677991728238414,-0.08996165591853814,0.013374342895181976,93,chr11,128208064,cg25130471,-0.06337078660046114,8.538617711166926e-6,5.0686124301308935,chr11,128077959,,11,128208064,NA,1
8.573736895631817e-6,0.02528672998578166,1,4.73718348999463,0.06471151859035018,0.09187099959366386,0.0375520375870365,0.01366033608937186,93,chr5,132658161,cg06967316,0.06471151859035018,8.573736895631817e-6,5.0668298479222464,chr5,131993853,IL13,5,132658161,IL13,1
8.618814105712044e-6,0.02533321580639209,1,4.735839277930083,0.024310435887103573,0.034516443143864504,0.014104428630342641,0.005133289890219639,93,chr6,143968966,cg09137729,0.024310435887103573,8.618814105712044e-6,5.064552486237469,chr6,144290103,PLAGL1;PLAGL1;PLAGL1;PLAGL1;PLAGL1;PLAGL1;PLAGL1;PLAGL1;PLAGL1;PLAGL1;PLAGL1;PLAGL1;PLAGL1;PLAGL1;PLAGL1;PLAGL1;PLAGL1;PLAGL1;PLAGL1;PLAGL1;PLAGL1;PLAGL1;PLAGL1;PLAGL1;PLAGL1;PLAGL1;PLAGL1;PLAGL1;PLAGL1;PLAGL1;PLAGL1;PLAGL1;PLAGL1;PLAGL1;PLAGL1;PLAGL1;PLAGL1;PLAGL1;PLAGL1;PLAGL1;PLAGL1;PLAGL1,6,143968966,PLAGL1,1
8.68121946581024e-6,0.02539852376398606,1,4.73398957632218,0.07723119310167549,0.10966706143598082,0.04479532476737017,0.016314187400825696,93,chr9,77752410,cg05983826,0.07723119310167549,8.68121946581024e-6,5.061419264446424,chr9,80367326,GNAQ,9,77752410,GNAQ,1
8.719954592769849e-6,0.02539852376398606,1,4.732847955051705,0.020691499426644826,0.029383695066145944,0.011999303787143709,0.004371891855211474,93,chr4,78165332,cg17627919,0.020691499426644826,8.719954592769849e-6,5.0594857765537675,chr4,79086486,FRAS1;FRAS1,4,78165332,FRAS1,1
8.750604586957601e-6,0.02539852376398606,1,4.731948111978772,0.07662431576509389,0.10881918887712103,0.04442944265306675,0.016192974637892148,93,chr12,30624136,cg02081790,0.07662431576509389,8.750604586957601e-6,5.057961940153829,chr12,30777070,,12,30624136,NA,1
8.770092071985816e-6,0.02539852376398606,1,4.731377577606363,0.06106604810115127,0.08672697208718011,0.035405124115122436,0.01290661062227991,93,chr19,43715996,cg20673965,0.06106604810115127,8.770092071985816e-6,5.056995847210302,chr19,44220148,IRGC,19,43715996,IRGC,1
8.800529931693088e-6,0.02539852376398606,1,4.7304889110434285,0.08614090404103865,0.12234548111951346,0.04993632696256383,0.018209725392219153,93,chr4,10657168,cg01499531,0.08614090404103865,8.800529931693088e-6,5.055491175636114,chr4,10658792,CLNK,4,10657168,CLNK,1
8.94154509263291e-6,0.02539852376398606,1,4.72641042909815,0.019022864848775113,0.02702497587159345,0.011020753825956775,0.004024801725144483,93,chr6,56522580,cg01033419,0.019022864848775113,8.94154509263291e-6,5.048587428941798,chr6,56387378,DST;DST;DST;DST;DST,6,56522580,DST,1
9.002299881020277e-6,0.02539852376398606,1,4.72467250298389,0.08753932792782018,0.12437694931669707,0.05070170653894329,0.018528126102398478,93,chr2,105748257,cg13698574,0.08753932792782018,9.002299881020277e-6,5.045646524112146,chr2,106364714,NCK2;NCK2,2,105748257,NCK2,1
9.02939255047657e-6,0.02539852376398606,1,4.723901174651817,0.029452688041519324,0.04184876363738066,0.01705661244565799,0.006234823073683411,93,chr1,94802769,cg24699685,0.029452688041519324,9.02939255047657e-6,5.044341465727446,chr1,95268325,,1,94802769,NA,1
9.036173191401875e-6,0.02539852376398606,1,4.723708481834051,0.07348233258523378,0.10441090882140462,0.04255375634906293,0.01555606847201188,93,chr9,92735740,cg17249529,0.07348233258523378,9.036173191401875e-6,5.044015453786499,chr9,95498022,BICD2;BICD2,9,92735740,BICD2,1
9.103797852014347e-6,0.02539852376398606,1,4.721794373882496,0.08606516392168606,0.12230451496914893,0.0498258128742232,0.018227215568245716,93,chr2,10580072,cg21626540,0.08606516392168606,9.103797852014347e-6,5.040777394262864,chr2,10720198,NOL10,2,10580072,NOL10,1
9.108585141615654e-6,0.02539852376398606,1,4.721659394610784,0.04136295977771113,0.05878010746889878,0.023945812086523483,0.008760259120961173,93,chr13,99453312,cg11361714,0.04136295977771113,9.108585141615654e-6,5.040549077792062,chr13,100105566,,13,99453312,NA,1
9.146263168917033e-6,0.02539852376398606,1,-4.720599450828655,-0.06171174586490982,-0.035720280590751316,-0.08770321113906833,0.01307286214552199,93,chr2,238450066,cg23634251,-0.06171174586490982,9.146263168917033e-6,5.03875630665486,chr2,239358707,ASB1,2,238450066,ASB1,1
9.153934033016516e-6,0.02539852376398606,1,-4.720384177180373,-0.024281270234075312,-0.014054131706294251,-0.034508408761856374,0.005143918232642506,93,chr6,166253794,cg04535578,-0.024281270234075312,9.153934033016516e-6,5.038392221600673,chr6,166667282,,6,166253794,NA,1
9.192398929051501e-6,0.02539852376398606,1,-4.71930734332269,-0.047319054038491355,-0.02738397900879414,-0.06725412906818858,0.010026694723631996,93,chr6,6856829,cg07090714,-0.047319054038491355,9.192398929051501e-6,5.036571136525352,chr6,6857062,,6,6856829,NA,1
9.21945133000715e-6,0.02539852376398606,1,-4.718552625440652,-0.011723874449532505,-0.006783925759915149,-0.016663823139149863,0.002484633611231081,93,chr10,134285,cg17632565,-0.011723874449532505,9.21945133000715e-6,5.035294924004999,chr10,180225,ZMYND11;ZMYND11;ZMYND11,10,134285,ZMYND11,1
9.266427274550468e-6,0.02539852376398606,1,4.717247173500488,0.036843427849360316,0.052371998366813714,0.021314857331906918,0.007810366193302569,93,chr3,197294190,cg04605696,0.036843427849360316,9.266427274550468e-6,5.033087678371876,chr3,197021061,MIR4797;DLG1;DLG1;DLG1;DLG1,3,197294190,MIR4797,1
9.303673697799811e-6,0.02539852376398606,1,4.716216667485335,0.04706305715439659,0.06690327645616598,0.02722283785262721,0.009978985375896737,93,chr1,148739457,cg11725101,0.04706305715439659,9.303673697799811e-6,5.031345529763918,chr1,148739457,NBPF16;NBPF16,1,148739457,NBPF16,1
9.312411402040901e-6,0.02539852376398606,1,4.715975500047299,0.04757691696029353,0.06763478813719806,0.027519045783389005,0.01008845719402409,93,chr1,100449494,cg18296929,0.04757691696029353,9.312411402040901e-6,5.030937846086634,chr1,100915050,CDC14A;CDC14A;CDC14A,1,100449494,CDC14A,1
9.330433013673807e-6,0.02539852376398606,1,4.715478783464618,0.019337327283578003,0.027490576823993224,0.01118407774316278,0.004100819486535836,93,chr7,112410523,cg11347903,0.019337327283578003,9.330433013673807e-6,5.030098200724524,chr7,112050578,,7,112410523,NA,1
9.379521408577728e-6,0.02539852376398606,1,-4.714130510770493,-0.07943820698958082,-0.045934881748086125,-0.1129415322310755,0.016851083526025924,93,chr1,178409096,cg16783515,-0.07943820698958082,9.379521408577728e-6,5.027819320993693,chr1,178378231,RASAL2;RASAL2,1,178409096,RASAL2,1
9.391964265708595e-6,0.02539852376398606,1,4.713789842199796,0.07883953958513584,0.11209277793737621,0.04558630123289548,0.01672529795014018,93,chr2,239360537,cg22079269,0.07883953958513584,9.391964265708595e-6,5.027243568485206,chr2,240282232,HDAC4,2,239360537,HDAC4,1
9.398154533303658e-6,0.02539852376398606,1,4.71362052444551,0.08720452011772328,0.12398729273269658,0.05042174750274998,0.018500538952057805,93,chr14,76953411,cg04933530,0.08720452011772328,9.398154533303658e-6,5.026957418175668,chr14,77419754,,14,76953411,NA,1
9.424215165290514e-6,0.02539852376398606,1,4.712908894316643,0.019925891523296116,0.028331880174457688,0.011519902872134545,0.004227939043618052,93,chr12,116484512,cg04012797,0.019925891523296116,9.424215165290514e-6,5.025754807018813,chr12,116922317,,12,116484512,NA,1
9.430587776933517e-6,0.02539852376398606,1,-4.712735170323654,-0.025975299484567217,-0.015016887846369446,-0.03693371112276499,0.005511724836170526,93,chr8,129803264,cg16681442,-0.025975299484567217,9.430587776933517e-6,5.025461238299401,chr8,130815510,,8,129803264,NA,1
9.494103643329802e-6,0.02539852376398606,1,4.711009871670726,0.020733984832297728,0.02948440373742307,0.011983565927172386,0.004401176265195253,93,chr2,73202180,cg05053562,0.020733984832297728,9.494103643329802e-6,5.022546031572732,chr2,73429308,NOTO,2,73202180,NOTO,1
9.49819825182454e-6,0.02539852376398606,1,4.7108990339858785,0.06644340669673991,0.09448535454703896,0.038401458846440854,0.014104188227639074,93,chr5,135482341,cg27308490,0.06644340669673991,9.49819825182454e-6,5.02235876981666,chr5,134818031,,5,135482341,NA,1
9.504114569125096e-6,0.02539852376398606,1,4.710738966148003,0.06588505760948195,0.09369230320147784,0.03807781201748606,0.013986140621023739,93,chr4,75644822,cg16096084,0.06588505760948195,9.504114569125096e-6,5.022088337047339,chr4,76570006,G3BP2;G3BP2;G3BP2,4,75644822,G3BP2,1
9.52437420252374e-6,0.02539852376398606,1,4.710191568083016,0.06463475089695452,0.09191746617844138,0.03735203561546765,0.013722318925397759,93,chr2,223806207,cg20058859,0.06463475089695452,9.52437420252374e-6,5.021163549964068,chr2,224670924,AP1S3;AP1S3;AP1S3,2,223806207,AP1S3,1
9.524668921366075e-6,0.02539852376398606,1,4.71018361338515,0.016306513477616108,0.02318960205777354,0.009423424897458678,0.0034619698118088485,93,chr1,237891516,cg20636429,0.016306513477616108,9.524668921366075e-6,5.02115011151825,chr1,238054816,ZP4;LOC100130331,1,237891516,ZP4,1
9.583454042484958e-6,0.02539852376398606,1,4.708601719511589,0.08180405220920316,0.11634569132507538,0.04726241309333092,0.0173733216530551,93,chr19,40331377,cg21664942,0.08180405220920316,9.583454042484958e-6,5.018477935469146,chr19,40837284,C19orf47;C19orf47;C19orf47,19,40331377,C19orf47,1
9.587052990610655e-6,0.02539852376398606,1,4.708505179284348,0.04857503411185692,0.06908619040340795,0.028063877820305894,0.01031644487205171,93,chr2,174799807,cg07154063,0.04857503411185692,9.587052990610655e-6,5.0183148721419935,chr2,175664535,CHN1;CHN1,2,174799807,CHN1,1
9.587777242175167e-6,0.02539852376398606,1,4.708485755806919,0.07798297097078154,0.11091197520642154,0.04505396673514154,0.01656221872915429,93,chr19,3516928,cg22927429,0.07798297097078154,9.587777242175167e-6,5.018282064711178,chr19,3516928,FZR1,19,3516928,FZR1,1
9.610944915736401e-6,0.02539852376398606,1,4.707865180427749,0.06260112780486057,0.08903849615630269,0.03616375945341846,0.013297136898719076,93,chr7,100357192,cg26952381,0.06260112780486057,9.610944915736401e-6,5.017233911861492,chr7,99954815,PILRB;STAG3L5P-PVRIG2P-PILRB;STAG3L5P-PVRIG2P-PILRB,7,100357192,PILRB,1
9.681433043963047e-6,0.02550679795063035,1,4.705985969166988,0.014182654287164457,0.020174587594899974,0.00819072097942894,0.0030137476779759594,93,chr2,88174352,cg13685155,0.014182654287164457,9.681433043963047e-6,5.0140603537430355,chr2,88473871,THNSL2,2,88174352,THNSL2,1
9.783434361347164e-6,0.025588616892541674,1,4.7032900290229405,0.04947759401021268,0.07039302866701394,0.028562159353411408,0.010519783748163014,93,chr11,32400682,cg04342500,0.04947759401021268,9.783434361347164e-6,5.009508664398477,chr11,32422228,WT1;WT1;WT1;WT1;WT1,11,32400682,WT1,1
9.788389353865934e-6,0.025588616892541674,1,4.703159763131411,0.06532864162534888,0.09294548128234013,0.03771180196835762,0.01389037262511627,93,chr11,109047558,cg24230893,0.06532864162534888,9.788389353865934e-6,5.009288763996137,chr11,108918285,,11,109047558,NA,1
9.803385685162636e-6,0.025588616892541674,1,4.702765902324211,0.038713206524908964,0.05508008530465777,0.02234632774516015,0.008232007998904653,93,chr1,44250624,cg26349416,0.038713206524908964,9.803385685162636e-6,5.008623910996353,chr1,44716296,ERI3,1,44250624,ERI3,1
9.839647145876963e-6,0.025588616892541674,1,4.701815952661214,0.08668203155899433,0.12333621409110901,0.050027849026879644,0.01843586232037274,93,chr7,131244901,cg09627207,0.08668203155899433,9.839647145876963e-6,5.007020475282703,chr7,131244901,,7,131244901,NA,1
9.879511987268658e-6,0.025588616892541674,1,-4.700775522670203,-0.04965566771683241,-0.028653728578981387,-0.07065760685468345,0.01056329269018706,93,chr5,172798501,cg17454247,-0.04965566771683241,9.879511987268658e-6,5.005264507484315,chr5,172225504,,5,172798501,NA,1
9.89015594722794e-6,0.025588616892541674,1,4.700498416736481,0.05686612196893,0.08091915144905779,0.032813092488802216,0.012097891952575466,93,chr3,48718423,cg03060158,0.05686612196893,9.89015594722794e-6,5.00479686042642,chr3,48755856,IP6K2;IP6K2;IP6K2;IP6K2;IP6K2;IP6K2;IP6K2;IP6K2,3,48718423,IP6K2,1
9.959766796019693e-6,0.025620094613947573,1,4.698693274993179,0.06408278137168341,0.09119870109116575,0.036966861652201075,0.013638426179622553,93,chr2,231917643,cg25676797,0.06408278137168341,9.959766796019693e-6,5.001750830289906,chr2,232782353,,2,231917643,NA,1
9.966317317800932e-6,0.025620094613947573,1,4.698524039162005,0.06084888737922193,0.08659734804471844,0.035100426713725416,0.01295063872655518,93,chr19,51961666,cg17521120,0.06084888737922193,9.966317317800932e-6,5.0014652894330665,chr19,51961666,SIGLEC8;SIGLEC8,19,51961666,SIGLEC8,1
1.0109988297381674e-5,0.025620094613947573,1,-4.694839164252375,-0.01476583460255556,-0.008512705968303893,-0.021018963236807228,0.00314512043670977,93,chr10,128541211,cg03897789,-0.01476583460255556,1.0109988297381674e-5,4.9952493471177535,chr10,130339475,,10,128541211,NA,1
1.014472134731442e-5,0.025620094613947573,1,4.693955970091653,0.06355171280244065,0.09047005627991939,0.03663336932496191,0.013539051752375032,93,chr5,58456295,cg03726490,0.06355171280244065,1.014472134731442e-5,4.993759877559737,chr5,57752122,PLK2;PLK2,5,58456295,PLK2,1
1.0190572687245317e-5,0.025620094613947573,1,4.692794548475043,0.04116402431698741,0.05860401975754917,0.023724028876425652,0.008771750796199665,93,chr11,72116901,cg18927067,0.04116402431698741,1.0190572687245317e-5,4.991801408935501,chr11,71827947,,11,72116901,NA,1
1.0212177752759555e-5,0.025620094613947573,1,4.692249047762198,0.052876592006860304,0.07528146485515085,0.03047171915856976,0.011268922742299436,93,chr2,63788204,cg11568374,0.052876592006860304,1.0212177752759555e-5,4.990881634489529,chr2,64015338,,2,63788204,NA,1
1.0245497076777974e-5,0.025620094613947573,1,4.691409971166724,0.060867141181523116,0.086662382774734,0.035071899588312236,0.012974168012518814,93,chr2,143574204,cg20012697,0.060867141181523116,1.0245497076777974e-5,4.989466966255969,chr2,144331773,ARHGAP15,2,143574204,ARHGAP15,1
1.0251075332797835e-5,0.025620094613947573,1,4.691269753774062,0.02737527068870251,0.03897714344895051,0.015773397928454506,0.0058353648639964655,93,chr11,18788319,cg20707066,0.02737527068870251,1.0251075332797835e-5,4.989230574939462,chr11,18809866,PTPN5;PTPN5;PTPN5,11,18788319,PTPN5,1
1.0277409545038522e-5,0.025620094613947573,1,-4.6906088055130954,-0.06755569631335609,-0.03892098280637876,-0.09619040982033342,0.014402330084306896,93,chr20,19743371,cg17416507,-0.06755569631335609,1.0277409545038522e-5,4.988116336903585,chr20,19724015,,20,19743371,NA,1
1.0338111330556597e-5,0.025620094613947573,1,4.689091530894877,0.04186477182032326,0.059615660496128764,0.024113883144517765,0.008928119987526389,93,chr12,122278621,cg17654496,0.04186477182032326,1.0338111330556597e-5,4.985558795249576,chr12,122763168,CLIP1;CLIP1;CLIP1,12,122278621,CLIP1,1
1.0348660789116333e-5,0.025620094613947573,1,4.6888287245981015,0.05370293603955784,0.07647454635262171,0.03093132572649398,0.011453379765788084,93,chr8,48199151,cg21624833,0.05370293603955784,1.0348660789116333e-5,4.985115848229111,chr8,49111711,,8,48199151,NA,1
1.0508835360731714e-5,0.025620094613947573,1,-4.6848701475482954,-0.09298719216122905,-0.0535245955442875,-0.1324497887781706,0.01984840331378053,93,chr4,38523999,cg11993828,-0.09298719216122905,1.0508835360731714e-5,4.97844541189126,chr4,38525620,LINC01258,4,38523999,LINC01258,1
1.0558701817254608e-5,0.025620094613947573,1,4.683649701510013,0.06367678988629547,0.09070746156433106,0.03664611820825987,0.013595549185876566,93,chr17,58191809,cg11733691,0.06367678988629547,1.0558701817254608e-5,4.976389474629892,chr17,56269170,EPX,17,58191809,EPX,1
1.0574322751807965e-5,0.025620094613947573,1,4.683268541964507,0.010355613815914533,0.014751909224456058,0.005959318407373009,0.0022111936830277574,93,chr10,6104856,cg18522278,0.010355613815914533,1.0574322751807965e-5,4.97574743809678,chr10,6146819,RBM17;RBM17,10,6104856,RBM17,1
1.0649341040134981e-5,0.025620094613947573,1,4.681445642368906,0.02217744653749041,0.03159616115205856,0.012758731922922264,0.00473730728319814,93,chr10,22670828,cg01326932,0.02217744653749041,1.0649341040134981e-5,4.972677264665355,chr10,22959757,PIP4K2A,10,22670828,PIP4K2A,1
1.0720541746284235e-5,0.025620094613947573,1,4.67972701085317,0.04003124085640272,0.05703866782862416,0.023023813884181288,0.00855418291784173,93,chr16,57845413,cg11178254,0.04003124085640272,1.0720541746284235e-5,4.969783267677107,chr16,57879317,,16,57845413,NA,1
1.0783901606554327e-5,0.025620094613947573,1,4.678206939677876,0.04936049746384776,0.0703383090868012,0.028382685840894317,0.010551157334490753,93,chr11,67104145,cg00084864,0.04936049746384776,1.0783901606554327e-5,4.967224083338935,chr11,66871616,,11,67104145,NA,1
1.080938777915067e-5,0.025620094613947573,1,4.677597944635409,0.066611203250728,0.09492411079963174,0.03829829570182426,0.01424047214812943,93,chr6,34277491,cg20636743,0.066611203250728,1.080938777915067e-5,4.9661989028705555,chr6,34245268,,6,34277491,NA,1
1.0817998439655719e-5,0.025620094613947573,1,4.677392507126511,0.033126876441730645,0.04720798200597648,0.01904577087748481,0.007082338373625536,93,chr22,29881935,cg16098287,0.033126876441730645,1.0817998439655719e-5,4.965853085534827,chr22,30277924,MTMR3;MTMR3;MTMR3,22,29881935,MTMR3,1
1.0827467016585543e-5,0.025620094613947573,1,4.677166784317436,0.060094520226790946,0.08563988435465494,0.03454915609892694,0.012848487770050916,93,chr14,60195594,cg06353481,0.060094520226790946,1.0827467016585543e-5,4.96547313057542,chr14,60662312,,14,60195594,NA,1
1.0835984766483313e-5,0.025620094613947573,1,-4.676963892200196,-0.07133296123675285,-0.0410089730838928,-0.10165694938961291,0.015251980319051705,93,chr6,6569334,cg01230828,-0.07133296123675285,1.0835984766483313e-5,4.965131614181217,chr6,6569567,LY86-AS1,6,6569334,LY86-AS1,1
1.0895703878040145e-5,0.025620094613947573,1,4.675545723795974,0.06719650859756598,0.09577073504602174,0.038622282149110225,0.014371907060083374,93,chr1,167541602,cg26607897,0.06719650859756598,1.0895703878040145e-5,4.962744708467332,chr1,167510839,CREG1,1,167541602,CREG1,1
1.0907624129718203e-5,0.025620094613947573,1,4.67526355410191,0.10361525079033308,0.14767861646649033,0.05955188511417583,0.022162440596407606,93,chr11,64875086,cg06154903,0.10361525079033308,1.0907624129718203e-5,4.962269836003768,chr11,64642558,EHD1,11,64875086,EHD1,1
1.0912668899428963e-5,0.025620094613947573,1,4.675144227270616,0.08445838385312077,0.12037602735260307,0.048540740353638465,0.018065407129146088,93,chr3,172914512,cg17884689,0.08445838385312077,1.0912668899428963e-5,4.962069021497385,chr3,172632302,SPATA16,3,172914512,SPATA16,1
1.0913159653752341e-5,0.025620094613947573,1,4.675132622037363,0.09090035636685946,0.12955767550609174,0.05224303722762718,0.019443374919115398,93,chr17,29837057,cg15209998,0.09090035636685946,1.0913159653752341e-5,4.9620494912519115,chr17,29837057,RAB11FIP4;RAB11FIP4,17,29837057,RAB11FIP4,1
1.093421101738424e-5,0.025620094613947573,1,4.674635281455627,0.01257245697232215,0.017919731823690693,0.007225182120953609,0.002689505429909654,93,chr1,30930346,cg11703759,0.01257245697232215,1.093421101738424e-5,4.961212548991997,chr1,31403193,,1,30930346,NA,1
1.095593920684174e-5,0.025620094613947573,1,4.6741229253545304,0.08204288243769285,0.11694090848767633,0.047144856387709384,0.017552572696078576,93,chr12,6996092,cg19434937,0.08204288243769285,1.095593920684174e-5,4.960350386258019,chr12,7104184,LPCAT3,12,6996092,LPCAT3,1
1.100199779330072e-5,0.025620094613947573,1,4.67304010845509,0.0648924752499872,0.09250174460195414,0.03728320589802027,0.013886565007771932,93,chr7,150956361,cg08900098,0.0648924752499872,1.100199779330072e-5,4.958528446493816,chr7,150653449,KCNH2;KCNH2;KCNH2;KCNH2,7,150956361,KCNH2,1
1.10208083997174e-5,0.025620094613947573,1,4.6725991454014215,0.07828319016534421,0.11159284039921773,0.0449735399314707,0.016753671292857913,93,chr17,330156,cg19456763,0.07828319016534421,1.10208083997174e-5,4.957786547892604,chr17,179947,RPH3AL;RPH3AL;RPH3AL;RPH3AL;LOC100506388;LOC100506388,17,330156,RPH3AL,1
1.105579375334283e-5,0.025620094613947573,1,4.671780950731804,0.023944204506705424,0.034134294600345616,0.01375411441306523,0.005125284074578608,93,chr10,62085769,cg13958324,0.023944204506705424,1.105579375334283e-5,4.9564100716902635,chr10,63845528,ARID5B,10,62085769,ARID5B,1
1.1121092709345693e-5,0.025620094613947573,1,-4.670260524198453,-0.0803692426624821,-0.04615484882213925,-0.11458363650282496,0.017208727917009663,93,chr1,220882448,cg09255910,-0.0803692426624821,1.1121092709345693e-5,4.953852538803923,chr1,221055790,HLX,1,220882448,HLX,1
1.1160093269561689e-5,0.025620094613947573,1,4.669356562828339,0.038577873210082214,0.05500423275587107,0.02215151366429336,0.008261924890720852,93,chr10,11198223,cg08297164,0.038577873210082214,1.1160093269561689e-5,4.952332175802857,chr10,11240186,CELF2;CELF2;CELF2;CELF2,10,11198223,CELF2,1
1.1164787263139389e-5,0.025620094613947573,1,4.669247971629892,0.045013732921294305,0.06418091079287243,0.025846555049716183,0.009640467414623384,93,chr17,28928336,cg14414338,0.045013732921294305,1.1164787263139389e-5,4.952149547677619,chr17,27255354,PHF12;PHF12;PHF12;LOC101927018,17,28928336,PHF12,1
1.1171180104897772e-5,0.025620094613947573,1,4.669100150455456,0.07620635135978338,0.10865660243616056,0.043756100283406194,0.016321421452557553,93,chr17,58193467,cg17374802,0.07620635135978338,1.1171180104897772e-5,4.951900946313782,chr17,56270828,EPX,17,58193467,EPX,1
1.1212101045585938e-5,0.025620094613947573,1,4.668155880653336,0.015088538149041465,0.021514851491600612,0.008662224806482318,0.0032322267153876054,93,chr8,1906442,cg20763234,0.015088538149041465,1.1212101045585938e-5,4.950312996949688,chr8,1854608,ARHGEF10,8,1906442,ARHGEF10,1
1.1216857571164928e-5,0.025620094613947573,1,4.668046338850497,0.038417966172988156,0.054780829140392465,0.02205510320558385,0.008229988175834722,93,chr16,80602538,cg00342022,0.038417966172988156,1.1216857571164928e-5,4.950128794653161,chr16,80636435,,16,80602538,NA,1
1.1251390383657009e-5,0.025620094613947573,1,4.667252405563837,0.024005468483950805,0.03423154363084389,0.013779393337057725,0.0051433833866224715,93,chr19,42557780,cg14712624,0.024005468483950805,1.1251390383657009e-5,4.948793806562477,chr19,43061932,LIPE-AS1;LIPE-AS1,19,42557780,LIPE-AS1,1
1.125449557881746e-5,0.025620094613947573,1,4.667181130999408,0.055456022326899106,0.07908006084274913,0.03183198381104908,0.011882123442469443,93,chr22,50546338,cg12557158,0.055456022326899106,1.125449557881746e-5,4.948673965101071,chr22,50984767,,22,50546338,NA,1
1.1272890614115166e-5,0.025620094613947573,1,4.666759295049143,0.06446942380245832,0.09193561694218308,0.03700323066273357,0.013814602323897966,93,chr11,61754706,cg05373256,0.06446942380245832,1.1272890614115166e-5,4.947964707131116,chr11,61522178,C11orf9;DKFZP434K028;C11orf9,11,61754706,C11orf9,1
1.1275038728982347e-5,0.025620094613947573,1,4.666710077966615,0.09696351315503635,0.13827374225532318,0.05565328405474951,0.020777702393135467,93,chr1,6585111,cg20267283,0.09696351315503635,1.1275038728982347e-5,4.947881957675772,chr1,6645171,ZBTB48;ZBTB48;ZBTB48,1,6585111,ZBTB48,1
1.128512679391102e-5,0.025620094613947573,1,4.6664790644438865,0.04619365444016443,0.065874922728844,0.026512386151484862,0.009899038183228069,93,chr16,67845768,cg16436566,0.04619365444016443,1.128512679391102e-5,4.9474935570482,chr16,67879671,NUTF2;CENPT,16,67845768,NUTF2,1
1.1296368955064436e-5,0.025620094613947573,1,4.666221858679413,0.05261153431876117,0.07502844006066095,0.030194628576861397,0.011274974896639561,93,chr6,33421330,cg01069468,0.05261153431876117,1.1296368955064436e-5,4.947061131401003,chr6,33389107,SYNGAP1,6,33421330,SYNGAP1,1
1.131897515789998e-5,0.025620094613947573,1,-4.6657054104592675,-0.08459127919239812,-0.048544342793888036,-0.1206382155909082,0.018130437254518263,93,chr8,131814897,cg12382302,-0.08459127919239812,1.131897515789998e-5,4.946192893237642,chr8,132827144,,8,131814897,NA,1
1.1327607859453488e-5,0.025620094613947573,1,4.665508457053891,0.06553024430568154,0.09345586842995712,0.03760462018140596,0.01404568117470773,93,chr17,1144431,cg26235490,0.06553024430568154,1.1327607859453488e-5,4.945861793854806,chr17,1047567,ABR;ABR,17,1144431,ABR,1
1.1328479180850324e-5,0.025620094613947573,1,4.665488586126531,0.0479586838486001,0.06839629852551699,0.02752106917168321,0.010279455830459389,93,chr22,19716778,cg03231953,0.0479586838486001,1.1328479180850324e-5,4.945828389138967,chr22,19716778,,22,19716778,NA,1
1.135262355110669e-5,0.025620094613947573,1,4.664938551168494,0.014775925495133551,0.02107343522696947,0.008478415763297633,0.0031674426861276477,93,chr18,57586048,cg24503881,0.014775925495133551,1.135262355110669e-5,4.944903762955127,chr18,55253280,FECH;FECH,18,57586048,FECH,1
1.137631515223432e-5,0.025620094613947573,1,4.664399934121006,0.0690188299399659,0.09843810007511106,0.03959955980482074,0.014796936565211645,93,chr1,203763914,cg25625457,0.0690188299399659,1.137631515223432e-5,4.943998385409975,chr1,203733042,LAX1;LAX1,1,203763914,LAX1,1
1.1399284453054915e-5,0.025620094613947573,1,4.663878777371682,0.07345386954523123,0.10476707356516339,0.04214066552529906,0.015749523744402718,93,chr11,47916382,cg18367488,0.07345386954523123,1.1399284453054915e-5,4.943122409000626,chr11,47937934,,11,47916382,NA,1
1.1453780273036704e-5,0.025620094613947573,1,4.66264637601357,0.03785051915721036,0.05399036728415345,0.021710671030267276,0.008117818960478723,93,chr4,1893463,cg04284956,0.03785051915721036,1.1453780273036704e-5,4.941051152558729,chr4,1895190,WHSC1;WHSC1;WHSC1;WHSC1;WHSC1,4,1893463,WHSC1,1
1.1502926261228582e-5,0.025620094613947573,1,4.66153983311865,0.044466647769044555,0.0634321816553505,0.025501113882738614,0.009539047044739207,93,chr16,20691422,cg02009395,0.044466647769044555,1.1502926261228582e-5,4.9391916642166676,chr16,20702744,ACSM1,16,20691422,ACSM1,1
1.1508295605197232e-5,0.025620094613947573,1,-4.661419218399867,-0.08002088243106302,-0.04589017767666826,-0.11415158718545779,0.017166635027203565,93,chr13,113474689,cg19502671,-0.08002088243106302,1.1508295605197232e-5,4.938988991232774,chr13,114129004,DCUN1D2,13,113474689,DCUN1D2,1
1.152032920976633e-5,0.025620094613947573,1,4.661149098879954,0.04336216742531991,0.06185817816327109,0.024866156687368732,0.009302892163595363,93,chr10,134373018,cg04708830,0.04336216742531991,1.152032920976633e-5,4.938535110153949,chr10,134373018,INPP5A,10,134373018,INPP5A,1
1.1529956058070018e-5,0.025620094613947573,1,4.660933201289998,0.053921310229749185,0.07692235905172137,0.030920261407776997,0.011568779877563034,93,chr3,52776243,cg07730263,0.053921310229749185,1.1529956058070018e-5,4.938172347846158,chr3,52810259,ITIH1,3,52776243,ITIH1,1
1.1557752852181747e-5,0.025620094613947573,1,4.660310794541222,0.047833552596860805,0.06824049029557744,0.027426614898144176,0.010264026307620909,93,chr1,66354940,cg13964104,0.047833552596860805,1.1557752852181747e-5,4.937126596604476,chr1,66820623,PDE4B;PDE4B;PDE4B;PDE4B;PDE4B;PDE4B;PDE4B,1,66354940,PDE4B,1
1.1562591881335173e-5,0.025620094613947573,1,4.6602025909149525,0.018495410504225745,0.026386178237453664,0.010604642770997827,0.0039687996698432116,93,chr2,64824046,cg20300315,0.018495410504225745,1.1562591881335173e-5,4.936944803148192,chr2,65051180,,2,64824046,NA,1
1.1715126585268496e-5,0.025723063200345734,1,-4.6568141732757296,-0.08024824855379828,-0.045986719860285005,-0.11450977724731155,0.017232435215972872,93,chr4,24975754,cg17173896,-0.08024824855379828,1.1715126585268496e-5,4.931253014366499,chr4,24975754,CCDC149,4,24975754,CCDC149,1
1.175867244152372e-5,0.025723063200345734,1,4.655854702674457,0.02874331957536757,0.04101764368820683,0.016468995462528304,0.006173586035418283,93,chr1,4710616,cg15605704,0.02874331957536757,1.175867244152372e-5,4.929641707500174,chr1,4770676,AJAP1;AJAP1,1,4710616,AJAP1,1
1.1787496680786127e-5,0.025723063200345734,1,4.655221497993805,0.06738343686098962,0.09616225074207907,0.03860462297990016,0.014474807888309696,93,chr16,68770947,cg06085527,0.06738343686098962,1.1787496680786127e-5,4.928578416546575,chr16,68804850,CDH1,16,68770947,CDH1,1
1.1792682926942854e-5,0.025723063200345734,1,-4.655107727294123,-0.05251830395537636,-0.030087696313214018,-0.07494891159753869,0.011281866507073017,93,chr16,29361376,cg25934160,-0.05251830395537636,1.1792682926942854e-5,4.928387378296532,chr16,29361376,SNX29P2,16,29361376,SNX29P2,1
1.179398443672281e-5,0.025723063200345734,1,4.6550791836966985,0.04543930339975014,0.06484658350897553,0.026032023290524762,0.009761231035315239,93,chr3,151337757,cg26182497,0.04543930339975014,1.179398443672281e-5,4.928339449650451,chr3,151055545,P2RY12;P2RY12;MED12L,3,151337757,P2RY12,1
1.1842185808387071e-5,0.025723063200345734,1,4.6540242212386325,0.02593612116729267,0.03701603720430515,0.014856205130280187,0.005572837599111155,93,chr10,51781642,cg27216358,0.02593612116729267,1.1842185808387071e-5,4.92656812895541,chr10,51781642,,10,51781642,NA,1
1.1870746776389006e-5,0.025723063200345734,1,4.653401085492337,0.031929342381701996,0.04557139025260948,0.018287294510794513,0.00686150662603454,93,chr7,102030450,cg20981245,0.031929342381701996,1.1870746776389006e-5,4.9255219591698065,chr7,101673730,CUX1;CUX1;CUX1;CUX1;CUX1;CUX1;CUX1,7,102030450,CUX1,1
1.1921633539297964e-5,0.025723063200345734,1,4.652294450634429,0.027380915705535233,0.03908239736533352,0.015679434045736948,0.005885464902549606,93,chr12,55368159,cg00838996,0.027380915705535233,1.1921633539297964e-5,4.923664232138046,chr12,55368159,TESPA1;TESPA1;TESPA1;TESPA1,12,55368159,TESPA1,1
1.192325243075098e-5,0.025723063200345734,1,4.652259319923984,0.0803989564321735,0.11475843616838982,0.04603947669595717,0.017281701406422715,93,chr5,74316378,cg06647928,0.0803989564321735,1.192325243075098e-5,4.923605261369487,chr5,73612203,,5,74316378,NA,1
1.196089213158612e-5,0.025723063200345734,1,4.651443823756049,0.06310295026827664,0.09007549774567203,0.036130402790881255,0.013566314602359512,93,chr1,54229814,cg24100560,0.06310295026827664,1.196089213158612e-5,4.922236426252686,chr1,54695487,SSBP3;SSBP3;SSBP3,1,54229814,SSBP3,1
1.1974276297847578e-5,0.025723063200345734,1,4.651154444903927,0.06430595551586839,0.0917944223023566,0.03681748872938017,0.01382580524418528,93,chr22,50546393,cg14496081,0.06430595551586839,1.1974276297847578e-5,4.921750725040663,chr22,50984822,,22,50546393,NA,1
1.2002288265553986e-5,0.025723063200345734,1,4.650549813818932,0.05994372129456231,0.0855708223724215,0.03431662021670311,0.012889598798929498,93,chr3,197512824,cg18161208,0.05994372129456231,1.2002288265553986e-5,4.920735946755391,chr3,197239695,BDH1;BDH1;BDH1,3,197512824,BDH1,1
1.2019068482441478e-5,0.025723063200345734,1,-4.6501882731313255,-0.03944661974908887,-0.022581115158493696,-0.05631212433968404,0.00848280057326076,93,chr4,85778480,cg08040972,-0.03944661974908887,1.2019068482441478e-5,4.920129190287701,chr4,86699633,ARHGAP24;ARHGAP24,4,85778480,ARHGAP24,1
1.2041145330691951e-5,0.025723063200345734,1,4.649713358993705,0.08202100461233243,0.11709287969916413,0.04694912952550073,0.01764001311041752,93,chr17,82315366,cg02806739,0.08202100461233243,1.2041145330691951e-5,4.919332201853748,chr17,80273242,CD7,17,82315366,CD7,1
1.2106660387491986e-5,0.025723063200345734,1,4.6483089695528115,0.07424840432021024,0.10600633666347706,0.04249047197694342,0.015973207634550436,93,chr1,40067100,cg15881027,0.07424840432021024,1.2106660387491986e-5,4.9169756401193725,chr1,40532772,CAP1;CAP1,1,40067100,CAP1,1
1.2182460599575082e-5,0.025723063200345734,1,4.6466932853494045,0.0624524912534644,0.08917429945098433,0.03573068305594447,0.013440200895198172,93,chr17,83085792,cg02245534,0.0624524912534644,1.2182460599575082e-5,4.914264984536431,chr17,81043668,METRNL,17,83085792,METRNL,1
1.2194845079224782e-5,0.025723063200345734,1,4.646430237817885,0.07277625301129609,0.10391709512927558,0.0416354108933166,0.01566283131057493,93,chr14,75981300,cg08922698,0.07277625301129609,1.2194845079224782e-5,4.913823712501966,chr14,76447643,TGFB3;TGFB3,14,75981300,TGFB3,1
1.222801794195882e-5,0.025723063200345734,1,4.645726918921909,0.027350070525379903,0.039054893634898655,0.015645247415861156,0.005887145543140702,93,chr10,70849972,cg18193418,0.027350070525379903,1.222801794195882e-5,4.912643932712714,chr10,72609729,SGPL1,10,70849972,SGPL1,1
1.2248881493071462e-5,0.025723063200345734,1,4.645285525938932,0.06729321316922236,0.09609496702691986,0.03849145931152487,0.014486345950848883,93,chr20,41274276,cg18472156,0.06729321316922236,1.2248881493071462e-5,4.9119035671006746,chr20,39902916,ZHX3,20,41274276,ZHX3,1
1.2249212842065195e-5,0.025723063200345734,1,4.645278521751517,0.07847491598378468,0.11206253226322911,0.04488729970434026,0.01689347917812159,93,chr1,19208978,cg04033301,0.07847491598378468,1.2249212842065195e-5,4.911891818999977,chr1,19535472,UBR4,1,19208978,UBR4,1
1.2257402716731158e-5,0.025723063200345734,1,4.6451054593520045,0.039287942286883766,0.05610398442233772,0.02247190015142981,0.00845792256616806,93,chr3,136899297,cg14184646,0.039287942286883766,1.2257402716731158e-5,4.9116015449310195,chr3,136618139,NCK1;NCK1,3,136899297,NCK1,1
1.2263932778657507e-5,0.025723063200345734,1,4.644967551324604,0.06262135620753118,0.0894253720934446,0.03581734032161775,0.013481548690189119,93,chr15,64522196,cg13416889,0.06262135620753118,1.2263932778657507e-5,4.91137023861178,chr15,64814395,ZNF609,15,64522196,ZNF609,1
1.237670092125866e-5,0.025896733303892285,1,4.6425971874920355,0.08645053641133033,0.12347312410391531,0.04942794871874534,0.018621158140586288,93,chr7,37394413,cg11422446,0.08645053641133033,1.237670092125866e-5,4.907395103509149,chr7,37434016,ELMO1;ELMO1,7,37394413,ELMO1,1
1.242592908518738e-5,0.025926090521188962,1,4.64156898964635,0.0824673378878908,0.1177919374632132,0.04714273831256841,0.01776712531298046,93,chr16,11635275,cg08776942,0.0824673378878908,1.242592908518738e-5,4.9056711292356745,chr16,11729131,,16,11635275,NA,1
1.2456139393619315e-5,0.025926090521188962,1,4.640939962336414,0.06947169674220963,0.09923369164057672,0.039709701843842544,0.014969315980384954,93,chr20,36875932,cg18355997,0.06947169674220963,1.2456139393619315e-5,4.90461654032907,chr20,35504335,TLDC2;TLDC2,20,36875932,TLDC2,1
1.2510356576635684e-5,0.025926090521188962,1,4.639814778662776,0.07512219875042905,0.1073126992396373,0.04293169826122082,0.0161907753507522,93,chr12,123149612,cg16335893,0.07512219875042905,1.2510356576635684e-5,4.902730311644846,chr12,123634159,,12,123149612,NA,1
1.2565055724662065e-5,0.025926090521188962,1,-4.638684380156873,-0.01125514272212857,-0.006431043133220408,-0.01607924231103673,0.0024263652794044893,93,chr6,26457700,cg03553910,-0.01125514272212857,1.2565055724662065e-5,4.900835581018116,chr6,26457928,BTN2A1;BTN2A1,6,26457700,BTN2A1,1
1.256672607432778e-5,0.025926090521188962,1,4.638649936365812,0.06561685160242038,0.09374129081261715,0.03749241239222362,0.014145678700175518,93,chr4,38832495,cg20722168,0.06561685160242038,1.256672607432778e-5,4.90077785143495,chr4,38832495,TLR6,4,38832495,TLR6,1
1.2596273181938641e-5,0.025926090521188962,1,4.638041387728506,0.0371792552844615,0.053116973672106715,0.021241536896816283,0.008016154272109709,93,chr2,173698844,cg00082732,0.0371792552844615,1.2596273181938641e-5,4.8997579291626785,chr2,173698844,RAPGEF4;RAPGEF4,2,173698844,RAPGEF4,1
1.260074387248929e-5,0.025926090521188962,1,4.6379494306616165,0.07892211531699986,0.11275451400650546,0.045089716627494246,0.01701659677340238,93,chr9,128227702,cg03879696,0.07892211531699986,1.260074387248929e-5,4.899603815979152,chr9,128227702,MAPKAP1;MAPKAP1;MAPKAP1;MAPKAP1;MAPKAP1,9,128227702,MAPKAP1,1
1.2799598949163835e-5,0.026272681784127856,1,4.633890917259587,0.058843288228023115,0.0840903713270308,0.03359620512901543,0.012698462108560413,93,chr7,89755676,cg06874691,0.058843288228023115,1.2799598949163835e-5,4.892803637921959,chr7,89384990,,7,89755676,NA,1
1.2914786532594306e-5,0.026362792271558876,1,4.631567915923707,0.05702843393415528,0.08150911471136812,0.03254775315694243,0.012312986653631243,93,chr20,35177530,cg01649647,0.05702843393415528,1.2914786532594306e-5,4.88891276784781,chr20,35177530,MYL9;MYL9,20,35177530,MYL9,1
1.2923215704473422e-5,0.026362792271558876,1,4.6313987144957265,0.01929143288160223,0.02757299755263984,0.011009868210564619,0.0041653578261837704,93,chr15,47736555,cg03361973,0.01929143288160223,1.2923215704473422e-5,4.888629406701666,chr15,48028752,SEMA6D;SEMA6D;SEMA6D;SEMA6D;SEMA6D;SEMA6D,15,47736555,SEMA6D,1
1.2961676674604764e-5,0.026362792271558876,1,4.630628032464592,0.05010338546393492,0.07161570586197297,0.028591065065896874,0.010819997873434899,93,chr13,19783780,cg27345595,0.05010338546393492,1.2961676674604764e-5,4.887338816101996,chr13,20357920,PSPC1;PSPC1;PSPC1,13,19783780,PSPC1,1
1.300342035321054e-5,0.026362792271558876,1,4.629794079640771,0.04011959884231869,0.057348397222465486,0.022890800462171897,0.00866552554005417,93,chr7,127593688,cg16725721,0.04011959884231869,1.300342035321054e-5,4.885942398066469,chr7,127233742,FSCN3;FSCN3,7,127593688,FSCN3,1
1.3011326051511148e-5,0.026362792271558876,1,4.629636432795017,0.06671015293512983,0.09535886690025303,0.03806143897000664,0.014409371859650627,93,chr16,31473401,cg11215870,0.06671015293512983,1.3011326051511148e-5,4.885678439986707,chr16,31484722,TGFB1I1;TGFB1I1;TGFB1I1,16,31473401,TGFB1I1,1
1.3068709413365053e-5,0.026362792271558876,1,4.628494935260081,0.07282125508413695,0.10410209812210891,0.04154041204616498,0.015733247222413788,93,chr1,29033210,cg15421034,0.07282125508413695,1.3068709413365053e-5,4.883767298596089,chr1,29359722,EPB41;EPB41;EPB41;EPB41;EPB41;EPB41,1,29033210,EPB41,1
1.3072037888973149e-5,0.026362792271558876,1,-4.628428872997302,-0.01755496026446033,-0.010014005445600665,-0.025095915083319993,0.0037928551450531404,93,chr8,1993088,cg25717113,-0.01755496026446033,1.3072037888973149e-5,4.883656702018199,chr8,1993088,MYOM2,8,1993088,MYOM2,1
1.3157386737026666e-5,0.026362792271558876,1,4.626740456785761,0.10094051795904557,0.1443166151318468,0.05756442078624435,0.021816766879802434,93,chr11,62922182,cg25621420,0.10094051795904557,1.3157386737026666e-5,4.88083035983974,chr11,62689654,CHRM1,11,62922182,CHRM1,1
1.315959589357774e-5,0.026362792271558876,1,4.626696895372689,0.026264290013501418,0.0375506707956082,0.014977909231394634,0.005676682654480607,93,chr2,134127193,cg12416304,0.026264290013501418,1.315959589357774e-5,4.880757446883456,chr2,134884764,,2,134127193,NA,1
1.3169123336669867e-5,0.026362792271558876,1,4.626509109081967,0.05028068871051586,0.07188835571097332,0.028673021710058387,0.010867954115082895,93,chr3,49110787,cg26323242,0.05028068871051586,1.3169123336669867e-5,4.880443134887799,chr3,49148220,USP19;USP19;USP19;USP19,3,49110787,USP19,1
1.3196517964072231e-5,0.026362792271558876,1,4.625969893683155,0.016459221394124954,0.02353324601604489,0.00938519677220502,0.003558004434183698,93,chr2,143282690,cg12808784,0.016459221394124954,1.3196517964072231e-5,4.879540646709317,chr2,144040259,ARHGAP15,2,143282690,ARHGAP15,1
1.3220649749035022e-5,0.026362792271558876,1,4.625495801001779,0.02266232515839601,0.032403386036987426,0.012921264279804593,0.00489943697570493,93,chr10,78301544,cg00784029,0.02266232515839601,1.3220649749035022e-5,4.878747200259888,chr10,80061301,,10,78301544,NA,1
1.3271393159691673e-5,0.026362792271558876,1,4.6245016308665345,0.10913226975691011,0.1560512250011154,0.06221331451270481,0.023598709324373402,93,chr11,65778739,cg05300717,0.10913226975691011,1.3271393159691673e-5,4.877083484836516,chr11,65546210,DKFZp761E198,11,65778739,DKFZp761E198,1
1.3297054702064972e-5,0.026362792271558876,1,4.6240002711865005,0.08365619360149672,0.1196261847789398,0.04768620242405364,0.018091736309528993,93,chr1,234964620,cg24855514,0.08365619360149672,1.3297054702064972e-5,4.876244544618897,chr1,235100367,LOC101927851,1,234964620,LOC101927851,1
1.330110609059479e-5,0.026362792271558876,1,4.62392120346168,0.06804663447065759,0.09730542082078872,0.038787848120526464,0.014716218438089896,93,chr1,225424906,cg22945457,0.06804663447065759,1.330110609059479e-5,4.876112242561633,chr1,225612608,LBR;LBR,1,225424906,LBR,1
1.3414484649262278e-5,0.026443359852927482,1,4.621717912861437,0.07180440588292336,0.10269368268927015,0.04091512907657657,0.015536302136290963,93,chr11,47379476,cg04692506,0.07180440588292336,1.3414484649262278e-5,4.8724260071724945,chr11,47401027,SPI1;SPI1,11,47379476,SPI1,1
1.3489629175926705e-5,0.026443359852927482,1,4.620267563500777,0.0693257168373941,0.09915805713654482,0.039493376538243356,0.015004697430307691,93,chr10,11249316,cg05219423,0.0693257168373941,1.3489629175926705e-5,4.8699999887315295,chr10,11291279,CUGBP2;CUGBP2;CUGBP2;CUGBP2,10,11249316,CUGBP2,1
1.3513025291586997e-5,0.026443359852927482,1,4.619817600311165,0.03714517102983292,0.05313109029769776,0.021159251761968072,0.008040397748026033,93,chr10,96222711,cg23715056,0.03714517102983292,1.3513025291586997e-5,4.869247410388976,chr10,97982467,BLNK;BLNK,10,96222711,BLNK,1
1.3560929031906881e-5,0.026443359852927482,1,4.618898651233358,0.07074508173727619,0.10119722763270492,0.040292935841847455,0.01531643949762473,93,chr8,135647051,cg00001810,0.07074508173727619,1.3560929031906881e-5,4.867710556810417,chr8,136659294,KHDRBS3,8,135647051,KHDRBS3,1
1.3570504586589438e-5,0.026443359852927482,1,4.618715338933919,0.013415263423143788,0.019190078616732848,0.007640448229554726,0.002904544324275301,93,chr1,232982505,cg00133803,0.013415263423143788,1.3570504586589438e-5,4.867404003843778,chr1,233118251,,1,232982505,NA,1
1.358724833881441e-5,0.026443359852927482,1,-4.618395101722673,-0.08125354951924708,-0.04627423131508076,-0.1162328677234134,0.017593460007122235,93,chr13,46404749,cg15964385,-0.08125354951924708,1.358724833881441e-5,4.8668684867751155,chr13,46978884,,13,46404749,NA,1
1.3629674527487547e-5,0.026443359852927482,1,4.617585379696701,0.04467743033785963,0.06391425267653522,0.025440607999184045,0.009675496317686758,93,chrX,2921436,cg26503676,0.04467743033785963,1.3629674527487547e-5,4.865514514862602,chrX,2839477,ARSD,23,2921436,ARSD,1
1.3654499784456217e-5,0.026443359852927482,1,4.617112712739865,0.055396542828660515,0.0792511499196753,0.03154193573764573,0.011998091940837062,93,chr13,41020373,cg25878131,0.055396542828660515,1.3654499784456217e-5,4.864724205068704,chr13,41594509,ELF1,13,41020373,ELF1,1
1.3682317031229692e-5,0.026443359852927482,1,4.616584068868741,0.013934889192412547,0.019936154865335634,0.00793362351948946,0.003018441554304281,93,chr2,236544622,cg21556232,0.013934889192412547,1.3682317031229692e-5,4.863840350812617,chr2,237453265,,2,236544622,NA,1
1.3688366238202e-5,0.026443359852927482,1,4.616469246760661,0.0147412090502876,0.021089886171296073,0.008392531929279128,0.003193178219616948,93,chr9,131297723,cg09588850,0.0147412090502876,1.3688366238202e-5,4.863648383573445,chr9,134173110,PPAPDC3,9,131297723,PPAPDC3,1
1.37111220707455e-5,0.026443359852927482,1,4.616037750991011,0.06638676890993038,0.094980594374141,0.03779294344571976,0.01438176472791582,93,chr4,156975893,cg12692069,0.06638676890993038,1.37111220707455e-5,4.862927002599788,chr4,157897045,,4,156975893,NA,1
1.3724432100151805e-5,0.026443359852927482,1,4.615785688442483,0.06193011347252559,0.0886058439982792,0.03525438294677199,0.013417025324116127,93,chr2,197148188,cg17810483,0.06193011347252559,1.3724432100151805e-5,4.862505617068983,chr2,198012912,ANKRD44;ANKRD44,2,197148188,ANKRD44,1
1.3782257652049948e-5,0.026443359852927482,1,4.614693347412045,0.03559222739393136,0.05092682565142198,0.020257629136440736,0.00771280445186932,93,chr17,47970401,cg07529381,0.03559222739393136,1.3782257652049948e-5,4.860679635438773,chr17,46047767,CDK5RAP3;CDK5RAP3;CDK5RAP3;CDK5RAP3;CDK5RAP3,17,47970401,CDK5RAP3,1
1.3860987765338979e-5,0.026443359852927482,1,4.613213242137298,0.04659407442386863,0.06667516250786047,0.026512986339876785,0.01010013454359236,93,chr8,143125763,cg22309632,0.04659407442386863,1.3860987765338979e-5,4.85820581981435,chr8,144207180,,8,143125763,NA,1
1.3928694169853058e-5,0.026443359852927482,1,4.6119468903025425,0.03449525847340472,0.04936608776179545,0.019624429185013986,0.007479543735843376,93,chr12,886718,cg20598218,0.03449525847340472,1.3928694169853058e-5,4.856089597245104,chr12,886718,WNK1;WNK1;WNK1;WNK1,12,886718,WNK1,1
1.3930829744149564e-5,0.026443359852927482,1,4.611907044682828,0.09642357333157403,0.13799192070279745,0.05485522596035062,0.020907527492936562,93,chr15,39880864,cg25939647,0.09642357333157403,1.3930829744149564e-5,4.856023015480293,chr15,40173065,GPR176,15,39880864,GPR176,1
1.3955075611039517e-5,0.026443359852927482,1,4.611455079677441,0.017125291841513693,0.024508754467066476,0.00974182921596091,0.0037136416913143957,93,chr1,110722752,cg25995638,0.017125291841513693,1.3955075611039517e-5,4.855267806085542,chr1,110722752,SLC6A17,1,110722752,SLC6A17,1
1.3984825577450592e-5,0.026443359852927482,1,-4.610901553277251,-0.04859151581082437,-0.027639072252784596,-0.06954395936886414,0.010538398022462092,93,chr1,167094721,cg00056754,-0.04859151581082437,1.3984825577450592e-5,4.854342945897611,chr1,167063958,DUSP27,1,167094721,DUSP27,1
1.4037727395734467e-5,0.026443359852927482,1,4.609920081328035,0.06956696923979418,0.0995703206705741,0.039563617809014254,0.015090710470571367,93,chr8,133885740,cg15550804,0.06956696923979418,1.4037727395734467e-5,4.852703195580864,chr8,134897983,LOC101927822,8,133885740,LOC101927822,1
1.4096747395509941e-5,0.026443359852927482,1,4.608829327598619,0.05360448568356178,0.07672889189655789,0.03048007947056566,0.011630824635350907,93,chr8,134253788,cg10229938,0.05360448568356178,1.4096747395509941e-5,4.850881082460624,chr8,134253788,NDRG1;NDRG1;NDRG1;NDRG1,8,134253788,NDRG1,1
1.4117419696947935e-5,0.026443359852927482,1,4.608448328691614,0.051406485912944264,0.07358453174896075,0.029228440076927775,0.011154836128441328,93,chr4,7046743,cg18274744,0.051406485912944264,1.4117419696947935e-5,4.850244673948553,chr4,7048470,TADA2B;LOC100129931,4,7046743,TADA2B,1
1.416065639276911e-5,0.026443359852927482,1,4.607653206060722,0.07675828088170726,0.10987944075756706,0.043637121005847455,0.016658866769908482,93,chr15,90912177,cg11183227,0.07675828088170726,1.416065639276911e-5,4.848916615209062,chr15,91455407,MAN2A2,15,90912177,MAN2A2,1
1.421361077093139e-5,0.026443359852927482,1,4.606682578690766,0.08130885126959708,0.11640097234317669,0.04621673019601748,0.01765019618362881,93,chr13,25510659,cg25803041,0.08130885126959708,1.421361077093139e-5,4.847295581559357,chr13,26084797,ATP8A2,13,25510659,ATP8A2,1
1.4219042221595785e-5,0.026443359852927482,1,4.606583221399827,0.07416975523528155,0.10618140129985468,0.04215810917070841,0.016100817389063295,93,chr1,61967848,cg14765802,0.07416975523528155,1.4219042221595785e-5,4.847129656200116,chr1,62433520,INADL,1,61967848,INADL,1
1.4256389814990134e-5,0.026443359852927482,1,4.605901019112156,0.048800093007794594,0.06986531940740733,0.027734866608181866,0.010595124125616015,93,chr10,132698464,cg04549524,0.048800093007794594,1.4256389814990134e-5,4.845990438153957,chr10,134511968,INPP5A,10,132698464,INPP5A,1
1.4261994175573032e-5,0.026443359852927482,1,4.605798797859273,0.04170218877675053,0.05970390743138983,0.023700470122111236,0.009054279313315481,93,chr1,40014968,cg17254832,0.04170218877675053,1.4261994175573032e-5,4.845819745248785,chr1,40480640,,1,40014968,NA,1
1.4265883119099843e-5,0.026443359852927482,1,4.605727888019617,0.014549570184707778,0.02083032688298341,0.008268813486432148,0.0031590164548266097,93,chr15,62362393,cg27177196,0.014549570184707778,1.4265883119099843e-5,4.845701338491272,chr15,62654592,,15,62362393,NA,1
1.4305142890665979e-5,0.026443359852927482,1,4.605013085659903,0.08966557881717806,0.12837841321666232,0.05095274441769378,0.019471297290424287,93,chr1,143651192,cg24884343,0.08966557881717806,1.4305142890665979e-5,4.844507799772887,chr1,143651192,,1,143651192,NA,1
1.4312041446275329e-5,0.026443359852927482,1,4.6048876803713394,0.02707337226615941,0.03876253474791991,0.015384209784398912,0.005879268756447976,93,chr2,200854206,cg21121462,0.02707337226615941,1.4312041446275329e-5,4.844298414764425,chr2,201718929,CLK1;CLK1;CLK1;CLK1,2,200854206,CLK1,1
1.435272161594867e-5,0.026443359852927482,1,4.6041493671339415,0.10278008943340766,0.1471633975027209,0.05839678136409444,0.022323361220009184,93,chr16,57269020,cg05352821,0.10278008943340766,1.435272161594867e-5,4.843065738601395,chr16,57302932,PLLP,16,57269020,PLLP,1
1.4356001729555893e-5,0.026443359852927482,1,4.60408992413247,0.019846031755093495,0.028416212210736452,0.011275851299450535,0.004310522183997743,93,chr11,11887055,cg20728419,0.019846031755093495,1.4356001729555893e-5,4.842966498016665,chr11,11887055,USP47,11,11887055,USP47,1
1.4366931186768694e-5,0.026443359852927482,1,4.603891952971289,0.08145587573134991,0.11663276052722565,0.046278990935474155,0.017692829580585486,93,chr5,59355319,cg07826883,0.08145587573134991,1.4366931186768694e-5,4.842635988371245,chr5,58651145,PDE4D;PDE4D;PDE4D;PDE4D;PDE4D,5,59355319,PDE4D,1
1.4387086999949633e-5,0.026443359852927482,1,4.603527242786951,0.06838851580560824,0.09792457455162797,0.03885245705958852,0.014855677440111379,93,chr17,82332230,cg09043518,0.06838851580560824,1.4387086999949633e-5,4.842027130171348,chr17,80290106,SECTM1,17,82332230,SECTM1,1
1.4406856789196473e-5,0.026443359852927482,1,4.6031699988380055,0.022200316794370036,0.031789072183868984,0.01261156140487109,0.004822832265585269,93,chr11,18793018,cg12693632,0.022200316794370036,1.4406856789196473e-5,4.841430760893813,chr11,18814565,PTPN5;PTPN5;PTPN5;PTPN5;PTPN5;PTPN5,11,18793018,PTPN5,1
1.442007318711969e-5,0.026443359852927482,1,-4.602931441141151,-0.09887086798614625,-0.05616437366515735,-0.14157736230713514,0.02147997841167809,93,chr10,11282408,cg04331032,-0.09887086798614625,1.442007318711969e-5,4.841032535408437,chr10,11324371,CELF2;CELF2;CELF2;CELF2,10,11282408,CELF2,1
1.4472906910659014e-5,0.026443359852927482,1,4.60197990004074,0.06068373014645261,0.08690101018877444,0.03446645010413078,0.013186439633496748,93,chr11,38456463,cg09617458,0.06068373014645261,1.4472906910659014e-5,4.839444231253675,chr11,38478013,,11,38456463,NA,1
1.4497084397920497e-5,0.026443359852927482,1,-4.6015455844267334,-0.020122626559041783,-0.011428198446792296,-0.028817054671291267,0.004373014716434388,93,chr2,24919522,cg17644208,-0.020122626559041783,1.4497084397920497e-5,4.838719332745428,chr2,25142391,ADCY3,2,24919522,ADCY3,1
1.4518220275846377e-5,0.026443359852927482,1,-4.601166482538159,-0.09149888709187037,-0.0519615016699716,-0.13103627251376915,0.01988601965156377,93,chr1,120751884,cg25479256,-0.09149888709187037,1.4518220275846377e-5,4.838086618605069,chr1,120751884,,1,120751884,NA,1
1.4618057168361345e-5,0.026443359852927482,1,4.5993829745814105,0.018603135737409814,0.026644813448084222,0.010561458026735405,0.004044702482967921,93,chr1,6302832,cg15045949,0.018603135737409814,1.4618057168361345e-5,4.835110344007982,chr1,6362892,ACOT7;ACOT7;ACOT7;ACOT7,1,6302832,ACOT7,1
1.4623366526856567e-5,0.026443359852927482,1,4.5992884583264235,0.026431499220088042,0.03785742058921658,0.015005577850959502,0.0057468670337989325,93,chr22,32489434,cg14686314,0.026431499220088042,1.4623366526856567e-5,4.8349526345102305,chr22,32885421,FBXO7;FBXO7;FBXO7,22,32489434,FBXO7,1
1.4637515810919819e-5,0.026443359852927482,1,4.599036737795215,0.03759588383831546,0.053848882604003556,0.021342885072627365,0.008174730053654449,93,chr18,36166826,cg11250351,0.03759588383831546,1.4637515810919819e-5,4.834532622809998,chr18,33746789,ELP2;ELP2;ELP2;ELP2;ELP2;ELP2;ELP2,18,36166826,ELP2,1
1.4642111925522476e-5,0.026443359852927482,1,4.598955022164541,0.06780998718557696,0.09712530333811065,0.038494671033043264,0.014744651091121469,93,chr20,55556570,cg02350682,0.06780998718557696,1.4642111925522476e-5,4.834396277686727,chr20,55556570,,20,55556570,NA,1
1.4670873364613043e-5,0.026443359852927482,1,-4.598444228800481,-0.060063906039976994,-0.03409445734769709,-0.0860333547322569,0.013061788520515526,93,chr1,205091165,cg24450653,-0.060063906039976994,1.4670873364613043e-5,4.833544031613975,chr1,205060293,RBBP5,1,205091165,RBBP5,1
1.4707763732585302e-5,0.026443359852927482,1,-4.597790488840345,-0.06111089924734269,-0.03468501191852357,-0.08753678657616182,0.013291362317545723,93,chr4,24974095,cg22387323,-0.06111089924734269,1.4707763732585302e-5,4.832453355309744,chr4,24975717,CCDC149,4,24974095,CCDC149,1
1.4718771800861558e-5,0.026443359852927482,1,4.597595721319991,0.04752785756282171,0.06808096724976141,0.02697474787588201,0.010337546066180921,93,chr15,90912119,cg22214659,0.04752785756282171,1.4718771800861558e-5,4.832128427930756,chr15,91455349,MAN2A2,15,90912119,MAN2A2,1
1.483268120982636e-5,0.02648127170951259,1,4.595588560584459,0.05213830717629935,0.0746950230306883,0.029581591321910402,0.011345294838506713,93,chr10,124703860,cg11937172,0.05213830717629935,1.483268120982636e-5,4.828780337212863,chr10,126392429,FAM53B-AS1;FAM53B-AS1;FAM53B,10,124703860,FAM53B-AS1,1
1.485855407462396e-5,0.02648127170951259,1,4.595134747749768,0.015698402883596623,0.02249070979838378,0.008906095968809464,0.0034163095851071864,93,chr4,176331999,cg08097923,0.015698402883596623,1.485855407462396e-5,4.828023450869196,chr4,177253150,SPCS3,4,176331999,SPCS3,1
1.487691054678744e-5,0.02648127170951259,1,4.59481323793375,0.01774111378003733,0.02541778780735464,0.010064439752720021,0.0038611174951727442,93,chr17,66071333,cg22427727,0.01774111378003733,1.487691054678744e-5,4.827487248345912,chr17,64067451,CEP112;CEP112,17,66071333,CEP112,1
1.4956437757084802e-5,0.02648127170951259,1,4.59342476633501,0.03287825936039276,0.047109156890671744,0.01864736183011377,0.007157678863351794,93,chr1,61120523,cg03449946,0.03287825936039276,1.4956437757084802e-5,4.825171832050575,chr1,61586195,NFIA;NFIA;NFIA;NFIA,1,61120523,NFIA,1
1.4975251414782998e-5,0.02648127170951259,1,4.5930973449940335,0.015902622851764428,0.022786342768675645,0.009018902934853213,0.0034622873536735562,93,chr5,111997556,cg11888928,0.015902622851764428,1.4975251414782998e-5,4.82462587764407,chr5,111333253,NREP-AS1,5,111997556,NREP-AS1,1
1.4997564488417758e-5,0.02648127170951259,1,4.59270953888414,0.05361748818060407,0.07682868675534184,0.030406289605866308,0.011674478372005028,93,chr12,49301233,cg04033850,0.05361748818060407,1.4997564488417758e-5,4.82397926195235,chr12,49695016,,12,49301233,NA,1
1.5002109325066127e-5,0.02648127170951259,1,-4.5926306172479325,-0.048787616738564535,-0.027666923500508082,-0.06990830997662098,0.010623022142329358,93,chr7,30996555,cg11913482,-0.048787616738564535,1.5002109325066127e-5,4.8238476740221,chr7,31036170,,7,30996555,NA,1
1.5016262855253844e-5,0.02648127170951259,1,-4.5923849879989485,-0.09154684001603741,-0.051913091301005083,-0.13118058873106975,0.01993448725559208,93,chr3,30553537,cg14244807,-0.09154684001603741,1.5016262855253844e-5,4.823438138123315,chr3,30553537,,3,30553537,NA,1
1.507099545103942e-5,0.02648127170951259,1,4.591437233111371,0.010676255660076968,0.015299324874232034,0.006053186445921903,0.0023252535356651804,93,chr22,36585464,cg12202895,0.010676255660076968,1.507099545103942e-5,4.8218580612477036,chr22,36981511,CACNG2,22,36585464,CACNG2,1
1.507685456451063e-5,0.02648127170951259,1,-4.591335974069519,-0.0924786297115984,-0.0524323299021122,-0.1325249295210846,0.02014198704557667,93,chr2,228269507,cg25828393,-0.0924786297115984,1.507685456451063e-5,4.821689254471757,chr2,228269507,,2,228269507,NA,1
1.5076960628547055e-5,0.02648127170951259,1,4.591334141389289,0.0407800332567162,0.05843914104191307,0.02312092547151932,0.008881957183010991,93,chr2,86420600,cg07133479,0.0407800332567162,1.5076960628547055e-5,4.821686199267932,chr2,86420600,IMMT;IMMT;IMMT,2,86420600,IMMT,1
1.515673326995891e-5,0.026528955960196103,1,4.589959280126183,0.0863312856808536,0.12372679546875735,0.048935775892949854,0.018808725832199596,93,chr7,10900841,cg12982512,0.0863312856808536,1.515673326995891e-5,4.819394392088422,chr7,10940468,,7,10900841,NA,1
1.5211286863439626e-5,0.026528955960196103,1,4.589023098639802,0.04155983386560249,0.05956568441816311,0.023553983313041867,0.009056357523657034,93,chr12,122866579,cg25957092,0.04155983386560249,1.5211286863439626e-5,4.817834043405923,chr12,123351126,VPS37B,12,122866579,VPS37B,1
1.5220975347312164e-5,0.026528955960196103,1,4.588857177482485,0.03243503591287692,0.04648806432160609,0.01838200750414775,0.0070682164770861896,93,chr8,11838723,cg01428454,0.03243503591287692,1.5220975347312164e-5,4.817557517448249,chr8,11696232,FDFT1,8,11838723,FDFT1,1
1.522690702128476e-5,0.026528955960196103,1,-4.588755644528101,-0.07628915765229712,-0.04323485722567339,-0.10934345807892085,0.01662523864029865,93,chr21,34830958,cg22697477,-0.07628915765229712,1.522690702128476e-5,4.817388304149527,chr21,36203255,RUNX1;RUNX1;RUNX1,21,34830958,RUNX1,1
1.528913764159865e-5,0.026583780425075965,1,4.587692744628868,0.041644863708542965,0.059692785625709066,0.023596941791376863,0.009077518052467553,93,chr1,30723626,cg24230588,0.041644863708542965,1.528913764159865e-5,4.815617009555433,chr1,31196473,MATN1;MATN1-AS1,1,30723626,MATN1,1
1.5436485402184517e-5,0.026740304648867667,1,4.585192681694088,0.05924192522257367,0.08493000581854625,0.03355384462660109,0.012920269514319646,93,chr5,139955657,cg06763032,0.05924192522257367,1.5436485402184517e-5,4.811451573442454,chr5,139335242,NRG2;NRG2;NRG2;NRG2;NRG2,5,139955657,NRG2,1
1.544104743122155e-5,0.026740304648867667,1,4.585115647319653,0.06389716330449698,0.09160428206681889,0.03619004454217506,0.013935780080454393,93,chr13,99339091,cg10145411,0.06389716330449698,1.544104743122155e-5,4.811323242978866,chr13,99991345,UBAC2;UBAC2;UBAC2;MIR548AN,13,99339091,UBAC2,1
1.5495133735475524e-5,0.026780301615557292,1,4.584204025224084,0.06981384611937781,0.10009257981674696,0.03953511242200866,0.015229218798996452,93,chr12,106780223,cg17245846,0.06981384611937781,1.5495133735475524e-5,4.809804671097599,chr12,107174001,RIC8B,12,106780223,RIC8B,1
1.5549887851511152e-5,0.02682129079173466,1,4.583284285798331,0.06046516942721454,0.08669458175635372,0.03423575709807536,0.01319254177938965,93,chr7,5703777,cg17817256,0.06046516942721454,1.5549887851511152e-5,4.808272738832995,chr7,5743408,RNF216;RNF216,7,5703777,RNF216,1
1.564416541820976e-5,0.026926726987983707,1,-4.581707982401132,-0.07554412216860172,-0.04276227997269409,-0.10832596436450935,0.01648820100686805,93,chr2,120550233,cg09452569,-0.07554412216860172,1.564416541820976e-5,4.805647600554483,chr2,121307809,,2,120550233,NA,1
1.5673334870434605e-5,0.026926726987983707,1,4.581222140679387,0.04938348999082589,0.07081538188390571,0.027951598097746066,0.010779544949877155,93,chr20,63287015,cg10713137,0.04938348999082589,1.5673334870434605e-5,4.804838587339,chr20,61918367,ARFGAP1;ARFGAP1,20,63287015,ARFGAP1,1
1.5838322175063883e-05,0.027076109547012714,1,4.578490539709834,0.059450426692722165,0.08526665166147052,0.033634201723973814,0.012984721968321442,93,chr1,29208447,cg07008234,0.059450426692722165,1.5838322175063883e-05,4.8002908270840035,chr1,29534959,MECR;MECR,1,29208447,MECR,1
1.5841894279572672e-5,0.027076109547012714,1,4.578431704151633,0.05047557418456113,0.07239476966440181,0.028556378704720456,0.011024642813562307,93,chr5,179801635,cg18133875,0.05047557418456113,1.5841894279572672e-5,4.800192889288297,chr5,179228635,MGAT4B;MGAT4B,5,179801635,MGAT4B,1
1.588042131594118e-5,0.027076109547012714,1,4.577797948067749,0.01710043443117899,0.02452738623447972,0.00967348262787826,0.00373551533404766,93,chr15,67267974,cg08129766,0.01710043443117899,1.588042131594118e-5,4.799137979694744,chr15,67560312,IQCH;IQCH,15,67267974,IQCH,1
1.5885616813171114e-5,0.027076109547012714,1,4.5777125981144335,0.07758839411352328,0.11128671972040496,0.0438900685066416,0.016949162371067607,93,chr14,22897581,cg25027949,0.07758839411352328,1.5885616813171114e-5,4.798995917547198,chr14,22897581,,14,22897581,NA,1
1.5942256118426036e-5,0.027080522713422567,1,4.576783898241441,0.051923844372116695,0.07448007439747686,0.02936761434675652,0.011345050482297761,93,chr2,138730853,cg23868729,0.051923844372116695,1.5942256118426036e-5,4.797450218043511,chr2,139488423,NXPH2,2,138730853,NXPH2,1
1.5950881397175597e-5,0.027080522713422567,1,4.576642752643044,0.09250455562728233,0.13269068611442086,0.05231842514014379,0.020212317331052394,93,chr16,88473833,cg08940169,0.09250455562728233,1.5950881397175597e-5,4.79721531415202,chr16,88540241,ZFPM1,16,88473833,ZFPM1,1
1.6121316846272083e-5,0.02725161086322542,1,-4.5738687950893535,-0.06445025570444587,-0.03643458497545096,-0.09246592643344079,0.0140909716897961,93,chr16,87554953,cg08830502,-0.06445025570444587,1.6121316846272083e-5,4.792599486370166,chr16,87588559,,16,87554953,NA,1
1.6143607520267397e-5,0.02725161086322542,1,4.573508103702932,0.02887207974834224,0.04142337939068795,0.016320780105996528,0.006312895723299586,93,chr15,102295062,cg24643461,0.02887207974834224,1.6143607520267397e-5,4.791999409447979,chr15,102295062,,15,102295062,NA,1
1.6151383583674344e-5,0.02725161086322542,1,4.573382390760307,0.04199674379555125,0.06025411248028104,0.023739375110821463,0.009182862968204471,93,chr8,100334601,cg19366267,0.04199674379555125,1.6151383583674344e-5,4.7917902685639975,chr8,101346829,RNF19A,8,100334601,RNF19A,1
1.617779785597284e-5,0.02725161086322542,1,4.57295579821612,0.052351280898257906,0.07511223121221196,0.029590330584303857,0.01144801813275339,93,chr19,51962158,cg15981052,0.052351280898257906,1.617779785597284e-5,4.791080595460966,chr19,51962158,SIGLEC8,19,51962158,SIGLEC8,1
1.6308157122429983e-5,0.027275341163296985,1,4.570860329665563,0.08054071659694478,0.11557374010875027,0.04550769308513931,0.017620472031101796,93,chr3,171771835,cg02937055,0.08054071659694478,1.6308157122429983e-5,4.7875951129498535,chr3,171489625,PLD1;PLD1,3,171771835,PLD1,1
1.6349764766878587e-5,0.027275341163296985,1,4.570194923656474,0.06638320259049121,0.0952622962476023,0.03750410893338013,0.014525245355920187,93,chr9,137218917,cg00093688,0.06638320259049121,1.6349764766878587e-5,4.786488491394001,chr9,140113369,NDOR1;NDOR1;NDOR1;NDOR1,9,137218917,NDOR1,1
1.6486639230333665e-5,0.027275341163296985,1,4.568017501111128,0.05293216807291742,0.07597055170427969,0.02989378444155515,0.011587558073068277,93,chr17,34239214,cg14667514,0.05293216807291742,1.6486639230333665e-5,4.782867865427376,chr17,32566233,,17,34239214,NA,1
1.6506753133699984e-5,0.027275341163296985,1,4.567699003945049,0.06967097246198671,0.09999692681244596,0.03934501811152747,0.015252969252530212,93,chr7,7188928,cg12913845,0.06967097246198671,1.6506753133699984e-5,4.782338343744531,chr7,7228559,C1GALT1,7,7188928,C1GALT1,1
1.6522998326774613e-5,0.027275341163296985,1,4.56744204116897,0.10579610224017166,0.15184897268704609,0.05974323179329725,0.023163096824561937,93,chr17,59366995,cg05414163,0.10579610224017166,1.6522998326774613e-5,4.781911141118614,chr17,57444356,YPEL2,17,59366995,YPEL2,1
1.6582305724132985e-5,0.027275341163296985,1,4.566506005541953,0.05511612911760431,0.07911300790585113,0.031119250329357487,0.012069649979812766,93,chr3,112974050,cg10708271,0.05511612911760431,1.6582305724132985e-5,4.78035508213037,chr3,112692897,CD200R1;CD200R1;CD200R1;CD200R1,3,112974050,CD200R1,1
1.6582645179807574e-5,0.027275341163296985,1,4.566500657337059,0.0492563842783979,0.07070202798263615,0.027810740574159654,0.010786461663868808,93,chr2,168244405,cg11775828,0.0492563842783979,1.6582645179807574e-5,4.780346191797515,chr2,169100915,STK39,2,168244405,STK39,1
1.6591434912045102e-5,0.027275341163296985,1,-4.566362209967403,-0.09127362208494527,-0.0515329680661906,-0.13101427610369995,0.01998825714826438,93,chr5,158954260,cg17749706,-0.09127362208494527,1.6591434912045102e-5,4.780116052346057,chr5,158381268,EBF1;EBF1;EBF1,5,158954260,EBF1,1
1.660533657058661e-5,0.027275341163296985,1,4.566143389606716,0.0266530329915771,0.03825835442250033,0.01504771156065387,0.0058370994332424455,93,chr11,128981629,cg16652181,0.0266530329915771,1.660533657058661e-5,4.779752317339479,chr11,128851524,ARHGAP32;ARHGAP32,11,128981629,ARHGAP32,1
1.6617013218972636e-5,0.027275341163296985,1,-4.565959729453281,-0.07875664159005454,-0.04446287453022745,-0.11305040864988161,0.017248650066277457,93,chr2,207274931,cg00455960,-0.07875664159005454,1.6617013218972636e-5,4.7794470346486335,chr2,208139655,,2,207274931,NA,1
1.6638855177405096e-5,0.027275341163296985,1,4.565616516492134,0.07098429156522942,0.1018959925562205,0.04007259057423834,0.015547580772238896,93,chr8,61684331,cg08675901,0.07098429156522942,1.6638855177405096e-5,4.778876558288066,chr8,62596890,ASPH;ASPH;ASPH;ASPH;ASPH;ASPH;ASPH;ASPH;ASPH;ASPH;ASPH;ASPH,8,61684331,ASPH,1
1.664832445597842e-5,0.027275341163296985,1,4.565467857006707,0.038580106976103465,0.05538122645053352,0.021778987501673414,0.008450416952754112,93,chr8,141440315,cg00220113,0.038580106976103465,1.664832445597842e-5,4.778629468832713,chr8,142450415,FLJ43860,8,141440315,FLJ43860,1
1.67684704815354e-5,0.027275341163296985,1,4.563588755316405,0.08006945558726096,0.11495298799279943,0.045185923181722494,0.01754528286405806,93,chr12,98593109,cg16871561,0.08006945558726096,1.67684704815354e-5,4.775506549303466,chr12,98986887,SLC25A3;SLC25A3;SLC25A3,12,98593109,SLC25A3,1
1.6799410007127838e-5,0.027275341163296985,1,4.563106970465493,0.047988797600194304,0.06889808830563152,0.02707950689475709,0.010516693540344258,93,chr6,33513473,cg12006129,0.047988797600194304,1.6799410007127838e-5,4.774705970366285,chr6,33481250,,6,33513473,NA,1
1.6802455450653547e-5,0.027275341163296985,1,4.563059593876568,0.01935528394448713,0.027788699258637445,0.010921868630336814,0.004241733763560987,93,chr11,124673018,cg18970150,0.01935528394448713,1.6802455450653547e-5,4.774627247396368,chr11,124542914,SIAE;SPA17;SIAE,11,124673018,SIAE,1
1.6805766039587265e-5,0.027275341163296985,1,4.563008101984804,0.08773668513295232,0.12596543216983458,0.04950793809607007,0.01922781708294335,93,chr2,24009733,cg03480346,0.08773668513295232,1.6805766039587265e-5,4.774541686753962,chr2,24232603,MFSD2B,2,24009733,MFSD2B,1
1.6813047444620982e-5,0.027275341163296985,1,4.562894883826768,0.064293447332243,0.09230817021337916,0.036278724451106845,0.014090494953134212,93,chr3,128416002,cg03278639,0.064293447332243,1.6813047444620982e-5,4.774353561490257,chr3,128134845,,3,128416002,NA,1
1.6817177923866238e-5,0.027275341163296985,1,4.562830680369941,0.03543587639906251,0.050876644738360385,0.019995108059764632,0.007766204551817706,93,chr16,67967303,cg05261851,0.03543587639906251,1.6817177923866238e-5,4.774246881006662,chr16,68001206,SLC12A4;SLC12A4;SLC12A4;SLC12A4,16,67967303,SLC12A4,1
1.6830706452093696e-5,0.027275341163296985,1,4.562620502264334,0.0697596430233279,0.10015799112758794,0.03936129491906787,0.015289380957436115,93,chr12,92142727,cg24360658,0.0697596430233279,1.6830706452093696e-5,4.773897654564465,chr12,92536503,C12orf79;C12orf79;C12orf79;C12orf79;BTG1;C12orf79,12,92142727,C12orf79,1
1.685049332929146e-5,0.027275341163296985,1,-4.562313389788892,-0.08681236609413469,-0.04898060476053919,-0.12464412742773018,0.019028146178741937,93,chr1,144000569,cg06637800,-0.08681236609413469,1.685049332929146e-5,4.773387379834023,chr1,144000569,,1,144000569,NA,1
1.6874384936618664e-5,0.027275341163296985,1,-4.561943033402898,-0.06321840158802652,-0.035666363174791924,-0.09077044000126112,0.013857779705957864,93,chr15,58485065,cg17562163,-0.06321840158802652,1.6874384936618664e-5,4.772772048037717,chr15,58777264,LOC101928694;LIPC,15,58485065,LOC101928694,1
1.6896439058158397e-5,0.027275341163296985,1,4.561601611870821,0.024026714283352915,0.03449889462547234,0.013554533941233486,0.005267166299842434,93,chr3,113615441,cg22817554,0.024026714283352915,1.6896439058158397e-5,4.772204813749859,chr3,113334288,SIDT1;SIDT1,3,113615441,SIDT1,1
1.696180893355769e-5,0.027275341163296985,1,4.56059214857553,0.029368064542659916,0.04217113610021432,0.016564992985105515,0.006439528812466344,93,chr1,23978076,cg13550230,0.029368064542659916,1.696180893355769e-5,4.770527833213202,chr1,24304566,SRSF10;SRSF10;SRSF10;SRSF10;SRSF10;SRSF10;SRSF10;SRSF10;SRSF10,1,23978076,SRSF10,1
1.6996649875927796e-5,0.027275341163296985,1,4.560055663183483,0.03438946824244276,0.04938339546607687,0.01939554101880865,0.007541457995807589,93,chr8,1773758,cg27564715,0.03438946824244276,1.6996649875927796e-5,4.769636671785069,chr8,1773758,ARHGEF10,8,1773758,ARHGEF10,1
1.7001856360223973e-5,0.027275341163296985,1,-4.5599755846485435,-0.015356345580912078,-0.008660808158449565,-0.02205188300337459,0.0033676376760898062,93,chr3,138406421,ch.3.2741911R,-0.015356345580912078,1.7001856360223973e-5,4.769503657269553,chr3,138125263,,3,138406421,NA,1
1.7065729568041966e-5,0.027275341163296985,1,4.558995110744343,0.046833327247740364,0.06725757024032818,0.026409084255152548,0.010272730307906368,93,chr1,169587074,cg12674918,0.046833327247740364,1.7065729568041966e-5,4.767875140693165,chr1,169556312,F5,1,169587074,F5,1
1.7074006113269887e-5,0.027275341163296985,1,4.558868323644632,0.011109068056236628,0.01595392168748894,0.006264214424984315,0.0024368038880656626,93,chr16,73482099,cg15291040,0.011109068056236628,1.7074006113269887e-5,4.767664567417163,chr16,73515998,,16,73482099,NA,1
1.7123511039223243e-5,0.027275341163296985,1,4.558111207360743,0.0877792137322083,0.1260675814095243,0.04949084605489232,0.019257804327032772,93,chr14,100144233,cg18550847,0.0877792137322083,1.7123511039223243e-5,4.766407181912188,chr14,100610570,EVL,14,100144233,EVL,1
1.712904372326688e-5,0.027275341163296985,1,-4.558026723722736,-0.10512285716814171,-0.05926852515718481,-0.1509771891790986,0.02306323844505312,93,chr2,218214315,cg12884009,-0.10512285716814171,1.712904372326688e-5,4.7662668820608145,chr2,219079038,,2,218214315,NA,1
1.7193967249201394e-5,0.027275341163296985,1,4.557037318786905,0.07476871521841326,0.1073897260911407,0.042147704345685814,0.01640730807934592,93,chr19,10260244,cg14443219,0.07476871521841326,1.7193967249201394e-5,4.764623904834279,chr19,10370920,,19,10260244,NA,1
1.7194316964367627e-5,0.027275341163296985,1,4.557031999101714,0.058158338662613884,0.08353240062158263,0.03278427670364514,0.01276232834750296,93,chr3,3095605,cg17480615,0.058158338662613884,1.7194316964367627e-5,4.764615071630157,chr3,3137289,IL5RA;IL5RA;IL5RA;IL5RA;IL5RA;IL5RA;IL5RA,3,3095605,IL5RA,1
1.7201905375439574e-5,0.027275341163296985,1,4.55691659396693,0.06753382414448697,0.09699908871604562,0.038068559572928325,0.014820070271616886,93,chr9,105557017,cg21323406,0.06753382414448697,1.7201905375439574e-5,4.7644234456384496,chr9,108319298,FKTN;FKTN;FKTN,9,105557017,FKTN,1
1.737351627243473e-5,0.02748424078150174,1,-4.554319817663785,-0.09494117619811512,-0.0534943609616133,-0.13638799143461694,0.020846400779736367,93,chr7,7858780,cg03927566,-0.09494117619811512,1.737351627243473e-5,4.760112274634758,chr7,7898411,UMAD1;UMAD1;UMAD1,7,7858780,UMAD1,1
1.740904028350542e-5,0.02748424078150174,1,4.553785384436652,0.017860560293195153,0.025658549001612213,0.010062571584778093,0.003922134836269777,93,chr13,113051890,cg02691264,0.017860560293195153,1.740904028350542e-5,4.759225169782504,chr13,113706204,MCF2L;MCF2L,13,113051890,MCF2L,1
1.7429067974456984e-5,0.02748424078150174,1,4.553484548089084,0.0507873540816628,0.07296277144773974,0.028611936715585852,0.011153514093503673,93,chr15,40954148,cg01437709,0.0507873540816628,1.7429067974456984e-5,4.758725836319314,chr15,41246346,CHAC1;CHAC1,15,40954148,CHAC1,1
1.7591225292730176e-5,0.02760489994770008,1,4.551061049345685,0.020167320173707624,0.02897771992478694,0.011356920422628305,0.0044313446809523946,93,chr12,12606370,cg13544138,0.020167320173707624,1.7591225292730176e-5,4.754703909301019,chr12,12759304,,12,12606370,NA,1
1.7627461580640005e-5,0.02760489994770008,1,4.55052244649088,0.03463279071947724,0.049764441496304365,0.01950113994265011,0.007610728466175175,93,chr17,596692,cg25624541,0.03463279071947724,1.7627461580640005e-5,4.753810223202287,chr17,499932,VPS53;VPS53,17,596692,VPS53,1
1.7660652290998305e-5,0.02760489994770008,1,-4.550030052987744,-0.021942704127332645,-0.012354528860889988,-0.0315308793937753,0.004822540482545632,93,chr3,164915115,cg02580197,-0.021942704127332645,1.7660652290998305e-5,4.752993259923255,chr3,164915115,SLITRK3,3,164915115,SLITRK3,1
1.766400810764527e-5,0.02760489994770008,1,4.549980318453352,0.05588105582255997,0.0802993413191468,0.03146277032597314,0.012281603855718498,93,chr19,47637039,cg19081224,0.05588105582255997,1.766400810764527e-5,4.752910744612988,chr19,48140296,GLTSCR1,19,47637039,GLTSCR1,1
1.7665306185807758e-5,0.02760489994770008,1,-4.549961082876688,-0.033793652437254844,-0.01902681366494078,-0.04856049120956891,0.007427239886607775,93,chr16,11846546,ch.16.440507F,-0.033793652437254844,1.7665306185807758e-5,4.75287883070837,chr16,11940403,RSL1D1,16,11846546,RSL1D1,1
1.7720617781681117e-5,0.02764134891204928,1,4.549142718317892,0.029541785662446057,0.04245300511637476,0.016630566208517356,0.006493923688850442,93,chr22,39745716,cg08172839,0.029541785662446057,1.7720617781681117e-5,4.7515211416759255,chr22,40141721,ENTHD1,22,39745716,ENTHD1,1
1.776230516084882e-5,0.027656453206050143,1,4.548527566140389,0.022143073907083033,0.031821999709588045,0.012464148104578021,0.004868185052217313,93,chr13,98436469,cg14246215,0.022143073907083033,1.776230516084882e-5,4.7505006729227315,chr13,99088723,FARP1;FARP1,13,98436469,FARP1,1
1.7889966917125517e-5,0.02770546976968816,1,4.546652417072019,0.03289911425609879,0.04728552757021173,0.018512700941985847,0.007235898247371494,93,chr7,91353943,cg10007051,0.03289911425609879,1.7889966917125517e-5,4.747390462547391,chr7,90983258,,7,91353943,NA,1
1.7919961180156323e-5,0.02770546976968816,1,-4.5462137309303055,-0.2213583672288423,-0.12455149791283962,-0.31816523654484496,0.048690708429043675,93,chr12,92341588,cg21964148,-0.2213583672288423,1.7919961180156323e-5,4.746662935480933,chr12,92735364,,12,92341588,NA,1
1.7920632300966588e-5,0.02770546976968816,1,4.546203923483371,0.024859083952501488,0.03573075468805183,0.013987413216951149,0.00546809698176805,93,chr9,69204646,cg09547024,0.024859083952501488,1.7920632300966588e-5,4.746646671014511,chr9,71819562,TJP2;TJP2;TJP2;TJP2;TJP2;TJP2,9,69204646,TJP2,1
1.7934868163796815e-5,0.02770546976968816,1,4.545995971047583,0.029107466909584337,0.04183767339512541,0.016377260424043267,0.006402880049820366,93,chr2,241852702,cg07281781,0.029107466909584337,1.7934868163796815e-5,4.746301811402065,chr2,242794854,PDCD1,2,241852702,PDCD1,1
1.795409033483157e-5,0.02770546976968816,1,4.545715434136622,0.092401137149499,0.13281544571963286,0.05198682857936516,0.02032708348956493,93,chr1,26914321,cg16868031,0.092401137149499,1.795409033483157e-5,4.745836594022788,chr1,27240812,NR0B2,1,26914321,NR0B2,1
1.799347341281174e-5,0.02771674872839232,1,4.545141568191991,0.0378576471696004,0.05441787420848841,0.02129742013071238,0.008329255888207628,93,chr2,238581999,cg12404462,0.0378576471696004,1.799347341281174e-5,4.744884993496513,chr2,239490640,,2,238581999,NA,1
1.8046270611343636e-5,0.027748613596679402,1,4.544374147242458,0.02627902206228435,0.0377763045244941,0.0147817396000746,0.005782759343930902,93,chr4,112527127,cg25935669,0.02627902206228435,1.8046270611343636e-5,4.743612534492901,chr4,113448283,,4,112527127,NA,1
1.8278503292211438e-5,0.028000675711409465,1,4.541024221727573,0.023646174755417804,0.03399919727223421,0.013293152238601396,0.0052072337870996705,93,chr16,28132487,cg02555271,0.023646174755417804,1.8278503292211438e-5,4.738059368697674,chr16,28143808,XPO6;XPO6,16,28132487,XPO6,1
1.8290310392262107e-5,0.028000675711409465,1,4.54085500989964,0.036701696219388256,0.05277142634465411,0.020631966094122402,0.008082551884914604,93,chr5,159996142,cg20971546,0.036701696219388256,1.8290310392262107e-5,4.7377789243484685,chr5,159423149,,5,159996142,NA,1
1.8307406309244607e-5,0.028000675711409465,1,4.540610189666168,0.11891223663074912,0.17098041819099574,0.0668440550705025,0.026188602778846277,93,chr7,149846076,cg07970948,0.11891223663074912,1.8307406309244607e-5,4.737373179749199,chr7,149543165,ZNF862,7,149846076,ZNF862,1
1.8404684078033947e-5,0.028086047885749216,1,4.539221337708262,0.041825089154376376,0.06014467273274167,0.023505505576011086,0.009214155037324707,93,chr16,4347894,cg05310072,0.041825089154376376,1.8404684078033947e-5,4.735071632949405,chr16,4397895,PAM16;CORO7-PAM16,16,4347894,PAM16,1
1.8463991011366898e-5,0.028086047885749216,1,4.538378089159315,0.017767368160510093,0.025551004012528418,0.009983732308491769,0.003914915816060028,93,chr12,7019675,cg02032887,0.017767368160510093,1.8463991011366898e-5,4.733674419947386,chr12,7126979,LPCAT3,12,7019675,LPCAT3,1
1.8489787250027112e-5,0.028086047885749216,1,4.53801212740357,0.06625495193394651,0.09528266177044142,0.03722724209745159,0.014599994463182357,93,chr17,57106584,cg02865193,0.06625495193394651,1.8489787250027112e-5,4.733068085956609,chr17,55183945,AKAP1;AKAP1;AKAP1,17,57106584,AKAP1,1
1.8493229486237726e-5,0.028086047885749216,1,4.537963331091782,0.0635993952315674,0.09146394856832075,0.03573484189481403,0.014014964553771773,93,chr8,60776728,cg25578728,0.0635993952315674,1.8493229486237726e-5,4.732987241053845,chr8,61689287,CHD7,8,60776728,CHD7,1
1.862035251241367e-5,0.02815113150403902,1,4.5361674039053685,0.023974391691305066,0.03448235639005921,0.013466426992550922,0.005285164668011271,93,chr2,132757220,cg26529687,0.023974391691305066,1.862035251241367e-5,4.730012101402641,chr2,133514793,NCKAP5;NCKAP5,2,132757220,NCKAP5,1
1.8651418843654392e-5,0.02815113150403902,1,4.535730322187248,0.012055999163817424,0.017340647176915386,0.006771351150719464,0.0026580061660287833,93,chr2,120167777,cg24673274,0.012055999163817424,1.8651418843654392e-5,4.729288125113649,chr2,120925353,EPB41L5;EPB41L5,2,120167777,EPB41L5,1
1.8656863735077655e-5,0.02815113150403902,1,4.535653789022238,0.04308202484711621,0.06196699452914868,0.024197055165083733,0.009498525868836984,93,chr19,15280137,cg07732472,0.04308202484711621,1.8656863735077655e-5,4.729161360430151,chr19,15390948,BRD4;BRD4,19,15280137,BRD4,1
1.8666390116338746e-5,0.02815113150403902,1,4.535519938663432,0.014142990157610258,0.020342741063787365,0.00794323925143315,0.003118273174602787,93,chr11,12194727,cg20834693,0.014142990157610258,1.8666390116338746e-5,4.728939661919055,chr11,12216274,MICAL2;MICAL2;MICAL2;MICAL2;MICAL2;MICAL2;MICAL2,11,12194727,MICAL2,1
1.8818004571729654e-5,0.028228769878079568,1,4.533398545890772,0.06048127712801131,0.08700638350643078,0.03395617074959184,0.013341266274246642,93,chr1,206555712,cg01442843,0.06048127712801131,1.8818004571729654e-5,4.7254264302940845,chr1,206729040,RASSF5;RASSF5;RASSF5,1,206555712,RASSF5,1
1.8821784697216644e-5,0.028228769878079568,1,4.533345866210391,0.057147924078614416,0.08221142227907663,0.032084425878152203,0.012606124872264975,93,chr16,88407080,cg00837308,0.057147924078614416,1.8821784697216644e-5,4.725339198793733,chr16,88473488,,16,88407080,NA,1
1.8829895389986675e-5,0.028228769878079568,1,4.533232870508727,0.01162157682965045,0.016718605900335356,0.006524547758965545,0.00256363993679995,93,chr16,1675174,cg08663466,0.01162157682965045,1.8829895389986675e-5,4.72515209271184,chr16,1725175,CRAMP1L,16,1675174,CRAMP1L,1
1.8848536159902323e-5,0.028228769878079568,1,4.532973351662286,0.05128579859732474,0.07378017917896793,0.028791418015681556,0.011313942222607095,93,chr10,91797305,cg01485215,0.05128579859732474,1.8848536159902323e-5,4.724722372904497,chr10,93557062,TNKS2;TNKS2-AS1;TNKS2-AS1,10,91797305,TNKS2,1
1.888927174855741e-5,0.02824083384093319,1,4.532407090965864,0.08907258747708889,0.12814545097360097,0.049999723980576824,0.019652380223001406,93,chr3,182832780,cg14907681,0.08907258747708889,1.888927174855741e-5,4.723784785417482,chr3,182550568,ATP11B,3,182832780,ATP11B,1
1.8931896304366422e-5,0.02824180285034667,1,4.531815837636731,0.050888566276712455,0.07321441843858535,0.028562714114839554,0.011229177905704577,93,chr11,9753281,cg09123897,0.050888566276712455,1.8931896304366422e-5,4.72280588295773,chr11,9774828,,11,9753281,NA,1
1.897604760939449e-5,0.02824180285034667,1,4.53120476517325,0.037269212217554616,0.05362218095932541,0.020916243475783823,0.008225011701966118,93,chr2,240968635,cg02004365,0.037269212217554616,1.897604760939449e-5,4.7217942387041445,chr2,241908052,LOC200772,2,240968635,LOC200772,1
1.9001267239998248e-5,0.02824180285034667,1,4.530856333000429,0.023291077213932185,0.03351151186491569,0.013070642562948683,0.005140546400531826,93,chr20,17576612,cg00821201,0.023291077213932185,1.9001267239998248e-5,4.7212174339426545,chr20,17557257,DSTN;DSTN,20,17576612,DSTN,1
1.904501300465375e-5,0.02824180285034667,1,4.530253006994958,0.059700236383983425,0.08590098350556412,0.03349948926240273,0.013178124111788678,93,chr22,26877061,cg16170930,0.059700236383983425,1.904501300465375e-5,4.720218726450269,chr22,26877061,HPS4;HPS4;HPS4;HPS4,22,26877061,HPS4,1
1.9053327495338908e-5,0.02824180285034667,1,-4.530138488404772,-0.06644960711797564,-0.037286014646117575,-0.09561319958983369,0.014668339011723016,93,chr8,133303277,cg07243202,-0.06644960711797564,1.9053327495338908e-5,4.720029167669789,chr8,134315520,,8,133303277,NA,1
1.911916184026746e-5,0.02829085949073768,1,4.529233433495378,0.06712376768257518,0.09658912440353996,0.03765841096161039,0.014820116619772736,93,chr10,50603372,cg20014988,0.06712376768257518,1.911916184026746e-5,4.7185311505602066,chr10,52363132,SGMS1,10,50603372,SGMS1,1
1.9283448085778265e-5,0.028304641866144818,1,4.526988020863963,0.07028290787132813,0.10115033691079535,0.0394154788318609,0.015525313419741461,93,chr19,19488722,cg13587880,0.07028290787132813,1.9283448085778265e-5,4.7148153070132945,chr19,19599531,GATAD2A;GATAD2A,19,19488722,GATAD2A,1
1.9352813535136074e-5,0.028304641866144818,1,4.526045516836371,0.03680963846524126,0.05297936655442195,0.02063991037606057,0.008132847610196057,93,chr12,6469345,cg07954447,0.03680963846524126,1.9352813535136074e-5,4.713255887804807,chr12,6578511,VAMP1;VAMP1;VAMP1;VAMP1;VAMP1,12,6469345,VAMP1,1
1.9369917357440964e-5,0.028304641866144818,1,-4.525813621539187,-0.097317332417793,-0.054565610379734085,-0.1400690544558519,0.021502726483176807,93,chr17,76483854,cg04481650,-0.097317332417793,1.9369917357440964e-5,4.712872232212429,chr17,74479936,RHBDF2;RHBDF2,17,76483854,RHBDF2,1
1.937862587663651e-5,0.028304641866144818,1,4.52569562680739,0.06178011957695871,0.0889209720439477,0.03463926710996972,0.013650966541146057,93,chr1,54358214,cg15139162,0.06178011957695871,1.937862587663651e-5,4.712677021679068,chr1,54823887,SSBP3;SSBP3;SSBP3,1,54358214,SSBP3,1
1.9380361969477907e-5,0.028304641866144818,1,-4.525672110029349,-0.039590761382254695,-0.022197907424366337,-0.056983615340143054,0.00874804016281196,93,chr7,101179463,cg23497678,-0.039590761382254695,1.9380361969477907e-5,4.7126381158363975,chr7,100822744,C7orf52,7,101179463,C7orf52,1
1.9416750622039133e-5,0.028304641866144818,1,4.5251796656172,0.028755891841848367,0.041390189272790236,0.0161215944109065,0.006354640913009204,93,chr4,103047003,cg12723059,0.028755891841848367,1.9416750622039133e-5,4.711823447187641,chr4,103968160,SLC9B2;SLC9B2;SLC9B2,4,103047003,SLC9B2,1
1.9417501375553915e-5,0.028304641866144818,1,4.525169515154911,0.023521427673982315,0.03385591430609804,0.013186941041866592,0.0051979108396289775,93,chr3,12617128,cg15701463,0.023521427673982315,1.9417501375553915e-5,4.7118066554076,chr3,12617128,MKRN2,3,12617128,MKRN2,1
1.943245118060678e-5,0.028304641866144818,1,4.52496746746614,0.023422018159610977,0.03371328725602228,0.013130749063199672,0.005176173824013519,93,chr19,10983256,cg14827282,0.023422018159610977,1.943245118060678e-5,4.711472414682283,chr19,11093932,SMARCA4;SMARCA4;SMARCA4;SMARCA4;SMARCA4;SMARCA4;SMARCA4,19,10983256,SMARCA4,1
1.947152167427393e-5,0.028304641866144818,1,4.524440137309427,0.07112070950532132,0.10237368102497717,0.039867737985665466,0.015719228754701803,93,chr5,68225901,cg16135549,0.07112070950532132,1.947152167427393e-5,4.710600107600807,chr5,67521729,PIK3R1,5,68225901,PIK3R1,1
1.9495148520591613e-5,0.028304641866144818,1,-4.524121745634495,-0.051168462998567005,-0.028681636424400424,-0.07365528957273358,0.011310142802399491,93,chr8,13224310,cg27395342,-0.051168462998567005,1.9495148520591613e-5,4.710073451862111,chr8,13224310,DLC1;DLC1,8,13224310,DLC1,1
1.9549681994849177e-5,0.028304641866144818,1,4.523388286269928,0.03797300860877289,0.054663580617005644,0.021282436600540137,0.008394815170750277,93,chr9,135947348,cg17144446,0.03797300860877289,1.9549681994849177e-5,4.708860302667372,chr9,135947348,,9,135947348,NA,1
1.9554281184431045e-5,0.028304641866144818,1,4.523326519189242,0.05636951785162917,0.08114638907214682,0.031592646631111526,0.012461960818546615,93,chr11,837514,cg24661624,0.05636951785162917,1.9554281184431045e-5,4.708758144087859,chr11,837514,CD151;CD151;CD151;CD151,11,837514,CD151,1
1.9662741505953758e-5,0.02831137582579718,1,4.521873963655091,0.05234760963120599,0.07536406726232778,0.0293311520000842,0.01157653000768131,93,chr16,88491829,cg05958985,0.05234760963120599,1.9662741505953758e-5,4.706355930150783,chr16,88558237,ZFPM1,16,88491829,ZFPM1,1
1.96635919958614e-5,0.02831137582579718,1,4.521862604170518,0.06999216624867928,0.10076674769156016,0.0392175848057984,0.015478614096793974,93,chr5,163502607,cg23883630,0.06999216624867928,1.96635919958614e-5,4.706337145634609,chr5,162929613,MAT2B,5,163502607,MAT2B,1
1.9747841954622377e-5,0.02831137582579718,1,4.520739680735038,0.020929892406999905,0.03013476068817736,0.011725024125822449,0.004629749528864017,93,chr10,20006951,cg02536263,0.020929892406999905,1.9747841954622377e-5,4.704480357172075,chr10,20295880,PLXDC2,10,20006951,PLXDC2,1
1.9770193598884505e-5,0.02831137582579718,1,4.520442546533312,0.04216369614536495,0.060708310362442036,0.023619081928287863,0.009327338133674527,93,chr5,75713160,cg15266787,0.04216369614536495,1.9770193598884505e-5,4.703989077852966,chr5,75008985,POC5;POC5,5,75713160,POC5,1
1.9811390277200962e-5,0.02831137582579718,1,4.519895745505568,0.06438439621125991,0.09270563800095666,0.03606315442156316,0.014244664000332656,93,chr3,127824204,cg04721651,0.06438439621125991,1.9811390277200962e-5,4.7030850464942375,chr3,127543047,MGLL;MGLL;MGLL,3,127824204,MGLL,1
1.982179647815374e-5,0.02831137582579718,1,4.519757798925129,0.0684674909880101,0.09858571315833344,0.03834926881768676,0.01514848671853451,93,chr6,162726967,cg06065608,0.0684674909880101,1.982179647815374e-5,4.7028569873284125,chr6,163147999,PACRG;PACRG;PARK2;PACRG;PARK2;PARK2,6,162726967,PACRG,1
1.9846502419760085e-5,0.02831137582579718,1,4.519430573116563,0.04494794342091793,0.0647215636291502,0.025174323212685656,0.00994548819674028,93,chr17,83063875,cg03182608,0.04494794342091793,1.9846502419760085e-5,4.702316018555095,chr17,81021751,,17,83063875,NA,1
1.991130970456742e-5,0.02831137582579718,1,-4.518574084105102,-0.08161270207927795,-0.04570261717724159,-0.11752278698131433,0.018061605400333112,93,chr8,134023686,cg27336113,-0.08161270207927795,1.991130970456742e-5,4.700900172480914,chr8,135035929,,8,134023686,NA,1
1.993512177672508e-5,0.02831137582579718,1,4.518260063649805,0.04260394653990328,0.06135124478802426,0.023856648291782294,0.009429281612773798,93,chr17,1651283,cg00717678,0.04260394653990328,1.993512177672508e-5,4.700381107039551,chr17,1554577,PRPF8;RILP,17,1651283,PRPF8,1
1.9947172357391296e-5,0.02831137582579718,1,4.5181012857204,0.07490431726426304,0.10786612101790144,0.041942513510624634,0.01657871582051524,93,chr3,100333796,cg02418535,0.07490431726426304,1.9947172357391296e-5,4.7001186597074724,chr3,100052640,NIT2,3,100333796,NIT2,1
1.99686758986467e-5,0.02831137582579718,1,4.517818186744057,0.06464366447364357,0.09309202873585934,0.036195300211427806,0.014308602471723542,93,chr14,74497786,cg09032059,0.06464366447364357,1.99686758986467e-5,4.699650731773076,chr14,74964489,,14,74497786,NA,1
1.9968875168520494e-5,0.02831137582579718,1,-4.517815564692717,-0.04072385041718903,-0.02280210027125184,-0.058645600563126225,0.00901405775292177,93,chr1,13917231,cg17020524,-0.04072385041718903,1.9968875168520494e-5,4.699646397916629,chr1,13917231,PDPN;PDPN;PDPN;PDPN,1,13917231,PDPN,1
2.0015944448341928e-5,0.02831137582579718,1,4.517196922471878,0.030131306112210467,0.04339330588418297,0.016869306340237963,0.006670354786242563,93,chr3,57935686,cg01995681,0.030131306112210467,2.0015944448341928e-5,4.698623912976996,chr3,57921413,,3,57935686,NA,1
2.001760179871374e-5,0.02831137582579718,1,4.517175165238413,0.06348552886297837,0.09142819823966142,0.03554285948629532,0.014054254382589934,93,chr22,39501660,cg08316097,0.06348552886297837,2.001760179871374e-5,4.69858795422795,chr22,39897665,MIEF1;MIEF1;MIEF1;MIEF1,22,39501660,MIEF1,1
2.0119803958110464e-5,0.028379534849478222,1,4.515836844880571,0.032144285064454985,0.0462965389257869,0.017992031203123073,0.007118123654289174,93,chr3,71228759,cg20115117,0.032144285064454985,2.0119803958110464e-5,4.696376255242633,chr3,71277910,FOXP1;FOXP1,3,71228759,FOXP1,1
2.0153132528659005e-5,0.028379534849478222,1,4.5154018366562525,0.031406718740417755,0.04523557434969344,0.01757786313114207,0.0069554648459980864,93,chr2,69560341,cg04871139,0.031406718740417755,2.0153132528659005e-5,4.695657439141996,chr2,69787473,AAK1,2,69560341,AAK1,1
2.0164316460043634e-5,0.028379534849478222,1,4.515256018910498,0.06736391752137637,0.09702623216155017,0.03770160288120257,0.014919180050753988,93,chr1,21112730,cg00120552,0.06736391752137637,2.0164316460043634e-5,4.695416495335642,chr1,21439223,EIF4G3;EIF4G3;EIF4G3;EIF4G3,1,21112730,EIF4G3,1
2.0266083034722987e-5,0.02846620107006689,1,-4.513932760196176,-0.03975524067825413,-0.022244706956121976,-0.057265774400386285,0.008807229258888287,93,chr5,159330651,cg06111286,-0.03975524067825413,2.0266083034722987e-5,4.693230182278292,chr5,158757659,IL12B,5,159330651,IL12B,1
2.029177720952009e-5,0.02846620107006689,1,4.513599679816907,0.08284031621405327,0.11933073033443667,0.046349902093669876,0.0183534921327834,93,chr17,73262007,cg21446782,0.08284031621405327,2.029177720952009e-5,4.6926799145986315,chr17,71258146,CPSF4L,17,73262007,CPSF4L,1
2.0467132987175372e-5,0.028627671028792056,1,4.511337347575131,0.07463556230777597,0.10752834284406182,0.04174278177149012,0.016543999385879003,93,chr6,42365166,cg11650680,0.07463556230777597,2.0467132987175372e-5,4.68894298855651,chr6,42332904,TRERF1;TRERF1,6,42365166,TRERF1,1
2.0473135161167816e-5,0.028627671028792056,1,-4.511260244027648,-0.08290953813367627,-0.04636969347874255,-0.11944938278860999,0.018378354084856503,93,chr17,78337624,cg06866816,-0.08290953813367627,2.0473135161167816e-5,4.688815646397755,chr17,76333705,,17,78337624,NA,1
2.057239112256836e-5,0.02871996935561724,1,4.509988373665651,0.0762872765508467,0.10991804343668371,0.0426565096650097,0.01691518253046882,93,chr22,39452847,cg00827939,0.0762872765508467,2.057239112256836e-5,4.686715227460103,chr22,39848852,,22,39452847,NA,1
2.0700166025179504e-5,0.02871996935561724,1,4.508359784321763,0.07795029524073413,0.11232660700870918,0.04357398347275908,0.017290167371249623,93,chr19,5288620,cg08462941,0.07795029524073413,2.0700166025179504e-5,4.684026171280756,chr19,5288631,PTPRS;PTPRS;PTPRS;PTPRS,19,5288620,PTPRS,1
2.070436994209998e-5,0.02871996935561724,1,4.508306367798694,0.045105447835633646,0.06499732001124178,0.025213575660025505,0.010004965092391809,93,chr1,77889654,cg03000585,0.045105447835633646,2.070436994209998e-5,4.683937981043403,chr1,78355339,NEXN,1,77889654,NEXN,1
2.070588102487735e-5,0.02871996935561724,1,4.508287169989165,0.013891623039811027,0.020017968742768122,0.007765277336853931,0.003081352743517537,93,chr15,39700298,cg00830604,0.013891623039811027,2.070588102487735e-5,4.683906285755551,chr15,39992499,FSIP1,15,39700298,FSIP1,1
2.0724977864549734e-5,0.02871996935561724,1,-4.5080446678163275,-0.06222248903573313,-0.03478026842412294,-0.08966470964734333,0.013802544921515466,93,chr12,104741927,cg15986371,-0.06222248903573313,2.0724977864549734e-5,4.683505924628547,chr12,105135705,CHST11;CHST11,12,104741927,CHST11,1
2.0738551641268154e-5,0.02871996935561724,1,4.50787243211037,0.026060827129704856,0.03755497182602523,0.014566682433384489,0.005781181149685824,93,chr9,127738905,cg13704200,0.026060827129704856,2.0738551641268154e-5,4.683221577559774,chr9,130501184,SH2D3C;SH2D3C;SH2D3C;SH2D3C;SH2D3C;SH2D3C,9,127738905,SH2D3C,1
2.0866104632528092e-5,0.028832161066589746,1,4.506259244425657,0.04799657038547084,0.06917306708517837,0.026820073685763314,0.010651089469573608,93,chr2,169544053,cg22130078,0.04799657038547084,2.0866104632528092e-5,4.680558619190332,chr2,169544053,CERS6;CERS6,2,169544053,CERS6,1
2.0974396874225357e-5,0.028832161066589746,1,4.504897131554752,0.05356391816966376,0.07720392194651504,0.029923914392812476,0.011890153449780888,93,chr1,26915362,cg07914457,0.05356391816966376,2.0974396874225357e-5,4.678310518602327,chr1,27241853,NR0B2,1,26915362,NR0B2,1
2.1036238488857843e-5,0.028832161066589746,1,-4.504122333068836,-0.08327685031861828,-0.046516960959819734,-0.12003673967741683,0.018489029418052787,93,chr5,173808340,cg04027449,-0.08327685031861828,2.1036238488857843e-5,4.677031914213027,chr5,173235343,,5,173808340,NA,1
2.1049183311816276e-5,0.028832161066589746,1,4.5039604298307045,0.03196270584171674,0.046072122341705796,0.017853289341727686,0.007096577854019503,93,chr11,65625827,cg08734623,0.03196270584171674,2.1049183311816276e-5,4.676764749712029,chr11,65393298,PCNXL3,11,65625827,PCNXL3,1
2.1088425802252478e-5,0.028832161066589746,1,4.503470205631576,0.061433767133943294,0.08855565620910438,0.03431187805878221,0.013641428571487061,93,chr12,120254304,cg15569123,0.061433767133943294,2.1088425802252478e-5,4.675955838037256,chr12,120692107,PXN;PXN;PXN,12,120254304,PXN,1
2.1097166989709636e-5,0.028832161066589746,1,4.503361129499782,0.06601581089255178,0.09516129473497384,0.036870327050129714,0.014659230959761953,93,chr1,203766501,cg09874135,0.06601581089255178,2.1097166989709636e-5,4.675775859552611,chr1,203735629,LAX1;LAX1,1,203766501,LAX1,1
2.1106217038439546e-5,0.028832161066589746,1,4.503248245384916,0.059622297366282606,0.0859457529286176,0.03329884180394761,0.01323984246868593,93,chr12,6814021,cg06370542,0.059622297366282606,2.1106217038439546e-5,4.675589600257291,chr12,6923187,CD4;CD4;CD4;CD4;CD4,12,6814021,CD4,1
2.1110424563266016e-5,0.028832161066589746,1,4.503195779564763,0.11485458243886398,0.16556387837643066,0.0641452865012973,0.025505127483034896,93,chr17,27570221,cg06127160,0.11485458243886398,2.1110424563266016e-5,4.67550303227124,chr17,25897247,KSR1,17,27570221,KSR1,1
2.115321160654364e-5,0.028832161066589746,1,4.502662820118047,0.05387671337011545,0.07766656593498278,0.030086860805248125,0.011965522519117465,93,chr1,85706157,cg22481427,0.05387671337011545,2.115321160654364e-5,4.6746236861086805,chr1,86171840,ZNHIT6;ZNHIT6,1,85706157,ZNHIT6,1
2.1316716768039176e-5,0.028959120273980204,1,4.500635758683078,0.062183282115351624,0.08965335783994513,0.03471320639075812,0.01381655513787833,93,chr8,13116835,cg24981989,0.062183282115351624,2.1316716768039176e-5,4.671279685167349,chr8,12974344,DLC1;DLC1;DLC1,8,13116835,DLC1,1
2.1360805062326755e-5,0.028959120273980204,1,4.500091750251519,0.026711409450235646,0.03851286345649801,0.014909955443973284,0.005935747743086059,93,chr9,136135498,cg07025194,0.026711409450235646,2.1360805062326755e-5,4.67038238331308,chr9,136135498,ABO,9,136135498,ABO,1
2.1375743487950507e-5,0.028959120273980204,1,4.499907670666725,0.042061970177294634,0.060646265158602025,0.02347767519598724,0.009347296268206,93,chr3,194926266,cg18762125,0.042061970177294634,2.1375743487950507e-5,4.670078770770607,chr3,194646995,,3,194926266,NA,1
2.1380403834972747e-5,0.028959120273980204,1,4.4998502687794995,0.010816651915344531,0.015595848261760338,0.006037455568928724,0.0024037804080708548,93,chr12,110351382,cg08717877,0.010816651915344531,2.1380403834972747e-5,4.669984096056898,chr12,110789187,,12,110351382,NA,1
2.141538786414301e-5,0.028961111507941957,1,4.4994197540929814,0.047918518334656664,0.06909271548285467,0.026744321186458652,0.010649932869914324,93,chr8,140289937,cg08118957,0.047918518334656664,2.141538786414301e-5,4.669274055484941,chr8,141300036,TRAPPC9;TRAPPC9,8,140289937,TRAPPC9,1
2.1513467666294998e-5,0.029010666522772264,1,4.498216402707464,0.016626971879165817,0.023976050601199367,0.009277893157132268,0.0036963477055390417,93,chr1,68456352,cg05269258,0.016626971879165817,2.1513467666294998e-5,4.667289581850636,chr1,68922035,,1,68456352,NA,1
2.1542834241170188e-5,0.029010666522772264,1,4.497857134685202,0.01861401805724984,0.026842023231778905,0.010386012882720775,0.0041384191404631185,93,chr5,115174777,cg15693415,0.01861401805724984,2.1542834241170188e-5,4.666697160168638,chr5,114510474,TRIM36;TRIM36,5,115174777,TRIM36,1
2.1552745243452303e-5,0.029010666522772264,1,-4.497735991431133,-0.041318908480671816,-0.023054106725165086,-0.05958371023617855,0.009186601561183354,93,chr2,84842106,cg08360207,-0.041318908480671816,2.1552745243452303e-5,4.666497404475427,chr2,85069230,TRABD2A;TRABD2A;TRABD2A,2,84842106,TRABD2A,1
2.161951649037539e-5,0.02905115660133735,1,4.496921242747115,0.06439980098628707,0.09287254514514792,0.03592705682742622,0.014320864767234839,93,chr1,108913259,cg14585331,0.06439980098628707,2.161951649037539e-5,4.665154023051997,chr1,109455881,GPSM2,1,108913259,GPSM2,1
2.165006254832628e-5,0.02905115660133735,1,4.496549329218929,0.06072188328528809,0.08757074960970479,0.03387301696087139,0.013504107002832713,93,chr1,156483513,cg09968549,0.06072188328528809,2.165006254832628e-5,4.664540844606056,chr1,156453305,MEF2D;MEF2D,1,156483513,MEF2D,1
2.1780523484473083e-5,0.029159932922629084,1,4.494966601507653,0.04890159766869074,0.07053160472633185,0.027271590611049626,0.010879190437652796,93,chr4,7050885,cg09636525,0.04890159766869074,2.1780523484473083e-5,4.661931686394481,chr4,7052612,TADA2B,4,7050885,TADA2B,1
2.185588462397795e-5,0.029159932922629084,1,4.494056512906267,0.06446602820741452,0.09298622163268047,0.03594583478214858,0.014344730205834662,93,chr16,88473988,cg00986350,0.06446602820741452,2.185588462397795e-5,4.660431610609376,chr16,88540396,ZFPM1,16,88473988,ZFPM1,1
2.1859524607326166e-5,0.029159932922629084,1,4.494012632120778,0.011791810300957398,0.017008635406232254,0.006574985195682541,0.002623893448068192,93,chr4,128470501,cg14894550,0.011791810300957398,2.1859524607326166e-5,4.660359287155757,chr4,129391656,LOC100507487,4,128470501,LOC100507487,1
2.1866102877576684e-5,0.029159932922629084,1,4.493933347600102,0.06541808230075076,0.0943602638943164,0.03647590070718512,0.014556976537198982,93,chr5,76407504,cg04709306,0.06541808230075076,2.1866102877576684e-5,4.660228612919336,chr5,75703329,IQGAP2,5,76407504,IQGAP2,1
2.196290945742816e-5,0.02922173547877114,1,4.492769251259231,0.09153526796287899,0.13204267328071714,0.05102786264504084,0.020373908127425757,93,chr19,11500007,cg10491532,0.09153526796287899,2.196290945742816e-5,4.658310128811663,chr19,11610822,ZNF653,19,11500007,ZNF653,1
2.2024809116198125e-5,0.02922173547877114,1,4.49202751138156,0.0745429034878611,0.10753606852354015,0.04154973845218206,0.016594489525941218,93,chr2,98634809,cg18723763,0.0745429034878611,2.2024809116198125e-5,4.657087846826974,chr2,99251272,MGAT4A;MGAT4A,2,98634809,MGAT4A,1
2.2031708021267886e-5,0.02922173547877114,1,4.491944967297896,0.017069520052179432,0.024624737447428914,0.009514302656929948,0.003800028757353077,93,chr11,77990965,cg15536446,0.017069520052179432,2.2031708021267886e-5,4.656951832606053,chr11,77702011,INTS4,11,77990965,INTS4,1
2.2047708657919883e-5,0.02922173547877114,1,4.491753619045687,0.012845455938427924,0.018531283436126207,0.0071596284407296415,0.0028597864059064435,93,chr3,139347949,cg11277156,0.012845455938427924,2.2047708657919883e-5,4.656636538573888,chr3,139066791,MRPS22,3,139347949,MRPS22,1
2.214423425419313e-5,0.02930472330663017,1,-4.49060213468938,-0.053566773651957965,-0.029850252063097535,-0.0772832952408184,0.011928639421907557,93,chr1,223199053,cg17964758,-0.053566773651957965,2.214423425419313e-5,4.654739332987185,chr1,223372395,,1,223199053,NA,1
2.2219980495208586e-5,0.029343750948354615,1,4.489701932633223,0.014220293892306767,0.02051754693131363,0.007923040853299902,0.0031673135779787774,93,chr12,3640752,cg11301657,0.014220293892306767,2.2219980495208586e-5,4.653256326620489,chr12,3749918,EFCAB4B;EFCAB4B,12,3640752,EFCAB4B,1
2.232888733483418e-5,0.029413952207578697,1,4.488412829739528,0.0451087753030402,0.06509028615546925,0.025127264450611163,0.01005005043300751,93,chr3,66298806,cg25238978,0.0451087753030402,2.232888733483418e-5,4.65113291760842,chr3,66349230,SLC25A26;SLC25A26;SLC25A26,3,66298806,SLC25A26,1
2.2519218070243245e-5,0.02961952410020828,1,4.486174482456932,0.05338568458465849,0.07704535756334524,0.02972601160597174,0.011900046418930386,93,chr7,39709396,cg25469381,0.05338568458465849,2.2519218070243245e-5,4.647446693468749,chr7,39748995,,7,39709396,NA,1
2.260689225059079e-5,0.029686928315046664,1,4.48514956384209,0.03275097033263664,0.047268988111876464,0.01823295255339681,0.007302091015350968,93,chr11,34396903,cg05335388,0.03275097033263664,2.260689225059079e-5,4.645759135628318,chr11,34418450,,11,34396903,NA,1
2.2639171997074303e-5,0.029686928315046664,1,4.484773180049472,0.02696893964576772,0.03892487257962031,0.015013006711915137,0.006013445622119562,93,chr10,77946485,cg26618267,0.02696893964576772,2.2639171997074303e-5,4.645139461038426,chr10,79706243,,10,77946485,NA,1
2.2730110869601468e-5,0.02976101631543613,1,4.4837156148757895,0.08748826493903625,0.1262829139210105,0.048693615957062,0.01951244736592419,93,chr11,69436868,cg14019859,0.08748826493903625,2.2730110869601468e-5,4.643398445931927,chr11,69251636,,11,69436868,NA,1
2.280013326188763e-5,0.02976845611885082,1,4.482904084184627,0.05585799894980251,0.08063142141402507,0.03108457648557995,0.01246022620623663,93,chr3,125366478,cg10687936,0.05585799894980251,2.280013326188763e-5,4.6420626146340505,chr3,125085322,ZNF148,3,125366478,ZNF148,1
2.2869911459588784e-5,0.02976845611885082,1,4.482097780790215,0.02859090440851699,0.04127345632494121,0.01590835249209277,0.006378911350630168,93,chr9,92969052,cg09265554,0.02859090440851699,2.2869911459588784e-5,4.640735516752519,chr9,95731334,FGD3;FGD3,9,92969052,FGD3,1
2.28793892823617e-5,0.02976845611885082,1,-4.481988446130676,-0.0788961168898685,-0.043897975763243856,-0.11389425801649314,0.017602927325254474,93,chr16,3256685,cg05554494,-0.0788961168898685,2.28793892823617e-5,4.64055557231084,chr16,3306685,MEFV,16,3256685,MEFV,1
2.289052605784852e-5,0.02976845611885082,1,4.481860030084182,0.031587793813635016,0.045600470038788345,0.017575117588481688,0.007047920640449296,93,chr12,90956587,cg10858752,0.031587793813635016,2.289052605784852e-5,4.6403442264868575,chr12,91350364,C12orf12,12,90956587,C12orf12,1
2.2908033909585113e-5,0.02976845611885082,1,4.481658272622398,0.016979989551367588,0.02451282988744786,0.009447149215287314,0.003788773823987235,93,chr5,109330730,cg05869080,0.016979989551367588,2.2908033909585113e-5,4.640012182694434,chr5,108666431,,5,109330730,NA,1
2.3198826817958284e-5,0.030035411879273576,1,4.478328881997783,0.10309351628918471,0.14886294065535444,0.05732409192301499,0.02302053265976185,93,chr19,55270632,cg15949925,0.10309351628918471,2.3198826817958284e-5,4.6345339771509035,chr19,55782000,HSPBP1;HSPBP1;HSPBP1,19,55270632,HSPBP1,1
2.320997843914751e-5,0.030035411879273576,1,4.47820200916079,0.0765068658110087,0.11047383619804807,0.04253989542396932,0.01708428196282865,93,chr17,15233987,cg20315954,0.0765068658110087,2.320997843914751e-5,4.6343252629806875,chr17,15137304,PMP22;PMP22;PMP22,17,15233987,PMP22,1
2.3217738471188803e-5,0.030035411879273576,1,4.478113757510448,0.05957014027303513,0.08601818575627093,0.03312209478979933,0.013302507148936835,93,chr16,68291574,cg10201785,0.05957014027303513,2.3217738471188803e-5,4.634180085084785,chr16,68325477,SLC7A6;SLC7A6;SLC7A6;SLC7A6,16,68291574,SLC7A6,1
2.3309358630188263e-5,0.03010886230044013,1,4.477073952809175,0.05316246377612012,0.07677110072737872,0.02955382682486151,0.011874376956128438,93,chr2,177694222,cg17975843,0.05316246377612012,2.3309358630188263e-5,4.632469676166347,chr2,178558950,PDE11A;PDE11A;PDE11A;PDE11A,2,177694222,PDE11A,1
2.3368149006300764e-5,0.030118798564999966,1,-4.4764088182425406,-0.01053971725662752,-0.005858494582307334,-0.015220939930947707,0.00235450283577215,93,chr3,195146604,cg03640960,-0.01053971725662752,2.3368149006300764e-5,4.631375686759949,chr3,194867333,XXYLT1-AS2;XXYLT1-AS2;XXYLT1;XXYLT1,3,195146604,XXYLT1-AS2,1
2.3386758159577226e-5,0.030118798564999966,1,4.476198618084305,0.013811984392260515,0.019946874845277157,0.007677093939243872,0.0030856504750389475,93,chr1,241676979,cg22573236,0.013811984392260515,2.3386758159577226e-5,4.631029975325683,chr1,241676979,FH,1,241676979,FH,1
2.346266329420643e-5,0.030153135377207704,1,-4.475342903787327,-0.0689275742896943,-0.038306053182309396,-0.09954909539707921,0.015401629723470641,93,chr3,129616852,cg09668964,-0.0689275742896943,2.346266329420643e-5,4.629622691780251,chr3,129335695,,3,129616852,NA,1
2.3483206784062043e-5,0.030153135377207704,1,4.47511176822048,0.020642782130473297,0.029813945388944343,0.011471618872002253,0.004612796998069584,93,chr13,112975003,cg14457472,0.020642782130473297,2.3483206784062043e-5,4.629242597648949,chr13,113629317,MCF2L,13,112975003,MCF2L,1
2.366896038830549e-5,0.030275285776768995,1,4.473030690579178,0.017455923597121288,0.025214839353934572,0.009697007840308003,0.003902482411731687,93,chr10,78750430,cg11368482,0.017455923597121288,2.366896038830549e-5,4.625820817167566,chr10,80510187,,10,78750430,NA,1
2.3695139101898897e-5,0.030275285776768995,1,4.47273867121633,0.02058222967528104,0.029731342386623446,0.011433116963938634,0.004601706289646438,93,chr1,156950248,cg11526218,0.02058222967528104,2.3695139101898897e-5,4.62534073743895,chr1,156920040,ARHGEF11;ARHGEF11,1,156950248,ARHGEF11,1
2.3757868680246682e-5,0.030275285776768995,1,4.472040201772491,0.02871870304311919,0.041486595207738286,0.0159508108785001,0.006421834721373154,93,chr12,101127358,cg14551475,0.02871870304311919,2.3757868680246682e-5,4.624192522526093,chr12,101521136,ANO4,12,101127358,ANO4,1
2.3763453525039032e-5,0.030275285776768995,1,-4.47197810327995,-0.014665071369170755,-0.008145116424990358,-0.021185026313351153,0.0032793253970574525,93,chr2,106582588,cg23199886,-0.014665071369170755,2.3763453525039032e-5,4.624090443409848,chr2,107199044,,2,106582588,NA,1
2.3797337321248837e-5,0.030275285776768995,1,-4.471601648320878,-0.04703394044482275,-0.026121325576943286,-0.06794655531270222,0.01051836548599636,93,chr8,119614474,cg00694431,-0.04703394044482275,2.3797337321248837e-5,4.623471633337615,chr8,120626714,ENPP2;ENPP2;ENPP2,8,119614474,ENPP2,1
2.381863494006173e-5,0.030275285776768995,1,4.471365293514703,0.06537062100914227,0.0944377769987031,0.036303465019581455,0.014619834595924482,93,chr11,130549883,cg23827338,0.06537062100914227,2.381863494006173e-5,4.623083131811524,chr11,130419778,,11,130549883,NA,1
2.3823580027822558e-5,0.030275285776768995,1,4.471310443631273,0.06668635623920305,0.09633891984553646,0.03703379263286964,0.014914275597702684,93,chr6,105893572,cg23624589,0.06668635623920305,2.3823580027822558e-5,4.622992975451823,chr6,106341447,,6,105893572,NA,1
2.3984652401405213e-5,0.03039546635194376,1,4.469529862434385,0.07185916269755026,0.10382458094747368,0.039893744447626826,0.016077566300991504,93,chr6,25248687,cg03203942,0.07185916269755026,2.3984652401405213e-5,4.620066571183722,chr6,25248687,LOC101928663;LOC101928663,6,25248687,LOC101928663,1
2.398849745418126e-5,0.03039546635194376,1,4.469487498757516,0.03854937207666934,0.055697616436836565,0.02140112771650212,0.00862500948652072,93,chr13,23867337,cg11142013,0.03854937207666934,2.398849745418126e-5,4.619996953690943,chr13,24441476,MIPEP,13,23867337,MIPEP,1
2.4034846091416388e-5,0.030409605153132728,1,4.468977359460243,0.06864061133988214,0.09917808254653213,0.03810314013323215,0.015359355355555541,93,chr10,18548731,cg13168565,0.06864061133988214,2.4034846091416388e-5,4.619158654557285,chr10,18548731,CACNB2;CACNB2;CACNB2;CACNB2;CACNB2;CACNB2;CACNB2,10,18548731,CACNB2,1
2.4100255581408725e-5,0.030447783715183495,1,4.468259043629036,0.03361859752280865,0.048577555114001914,0.018659639931615388,0.007523869407424566,93,chr9,128786796,cg27625732,0.03361859752280865,2.4100255581408725e-5,4.617978351740197,chr9,131549075,TBC1D13,9,128786796,TBC1D13,1
2.4168547207924612e-5,0.030484882739356563,1,4.4675110877100375,0.05302452873886899,0.07662231485221072,0.029426742625527264,0.01186891933737726,93,chr8,126520007,cg08020082,0.05302452873886899,2.4168547207924612e-5,4.6167494546210825,chr8,126520007,,8,126520007,NA,1
2.4200174922002845e-5,0.030484882739356563,1,4.467165381845188,0.04470059794783399,0.06459548068210004,0.024805715213567937,0.010006479305534497,93,chr8,38831348,cg02198853,0.04470059794783399,2.4200174922002845e-5,4.616181494871385,chr8,38688866,TACC1;TACC1;TACC1,8,38831348,TACC1,1
2.430842477855781e-5,0.030576672327860682,1,-4.465985461007379,-0.059915926620192565,-0.03324211636862578,-0.08658973687175936,0.013416059488621243,93,chr8,60999902,cg00173498,-0.059915926620192565,2.430842477855781e-5,4.614243183161818,chr8,61912461,,8,60999902,NA,1
2.4466739354006447e-5,0.030731078119539797,1,4.464268962853803,0.041818511261706784,0.060442740044084946,0.023194282479328622,0.009367381672042924,93,chr7,99578571,cg06539276,0.041818511261706784,2.4466739354006447e-5,4.611423904572106,chr7,99176194,,7,99578571,NA,1
2.4539983381849723e-5,0.030776930039560044,1,4.463478461830909,0.010669264395196972,0.01542175334955885,0.005916775440835093,0.0023903474580272673,93,chr10,87816075,cg11382414,0.010669264395196972,2.4539983381849723e-5,4.610125735707361,chr10,89575832,ATAD1,10,87816075,ATAD1,1
2.4574475008212016e-5,0.030776930039560044,1,4.4631069946108575,0.025501973027434833,0.03686245000232773,0.014141496052541933,0.005713950630856066,93,chr1,12745340,cg17878878,0.025501973027434833,2.4574475008212016e-5,4.609515751358369,chr1,12805288,C1orf158,1,12745340,C1orf158,1
2.4632158717566627e-5,0.030779596845860336,1,4.462486880068759,0.06082361655138054,0.08792274786468379,0.03372448523807729,0.01362998215704409,93,chr14,50823451,cg16449219,0.06082361655138054,2.4632158717566627e-5,4.608497525714907,chr14,51290169,NIN;NIN;NIN;NIN;NIN,14,50823451,NIN,1
2.4671671385003563e-5,0.030779596845860336,1,4.462062919520654,0.019703495187618585,0.02848295235321364,0.01092403802202353,0.004415781566283981,93,chr20,34556254,cg14306687,0.019703495187618585,2.4671671385003563e-5,4.607801428187749,chr20,33144058,MAP1LC3A,20,34556254,MAP1LC3A,1
2.468345917637315e-5,0.030779596845860336,1,4.46193656689088,0.06871563338693495,0.09933472091268562,0.038096545861184286,0.015400405711015447,93,chr12,119676798,cg11539561,0.06871563338693495,2.468345917637315e-5,4.6075939777044965,chr12,120114603,PRKAB1,12,119676798,PRKAB1,1
2.4784044623132306e-5,0.03085628481508901,1,4.460860766908923,0.035879110703241755,0.05187038541538198,0.019887835991101534,0.008043091362410661,93,chr5,172664813,cg12598025,0.035879110703241755,2.4784044623132306e-5,4.605827817646413,chr5,172091816,NEURL1B,5,172664813,NEURL1B,1
2.4838561549881053e-5,0.03085628481508901,1,4.460279452113776,0.044742344571095966,0.06468655053850689,0.024798138603685044,0.010031287288488634,93,chr17,50181347,cg27573017,0.044742344571095966,2.4838561549881053e-5,4.604873558617757,chr17,48258708,,17,50181347,NA,1
2.4852079531496716e-5,0.03085628481508901,1,-4.46013550075581,-0.02310463768051135,-0.01280525507980201,-0.03340402028122069,0.005180254652935109,93,chr1,29688818,cg10585371,-0.02310463768051135,2.4852079531496716e-5,4.604637265229738,chr1,30161665,,1,29688818,NA,1
2.4927916675605404e-5,0.030888570230540133,1,4.459329322695479,0.04288200412793712,0.06200102336128231,0.023762984894591926,0.009616245185053239,93,chr2,102688894,cg04584894,0.04288200412793712,2.4927916675605404e-5,4.603314015683767,chr2,103305353,SLC9A2,2,102688894,SLC9A2,1
2.498893846929196e-5,0.030888570230540133,1,4.458682359195909,0.06876899550838812,0.09943422568944048,0.03810376532733577,0.015423613966703408,93,chr16,80620069,cg07428892,0.06876899550838812,2.498893846929196e-5,4.6022521923217585,chr16,80653966,CDYL2,16,80620069,CDYL2,1
2.4991642158242842e-5,0.030888570230540133,1,4.4586537296116715,0.07117920631481887,0.10291939308327483,0.03943901954636292,0.01596428218726424,93,chr6,36238043,cg18927901,0.07117920631481887,2.4991642158242842e-5,4.602205206185201,chr6,36238043,PNPLA1;PNPLA1;PNPLA1,6,36238043,PNPLA1,1
2.5021060139163123e-5,0.030888570230540133,1,4.458342413812755,0.07381656240906821,0.10673509580799305,0.040898029010143375,0.01655695223865513,93,chr12,95973524,cg17413460,0.07381656240906821,2.5021060139163123e-5,4.601694293250327,chr12,96367302,HAL,12,95973524,HAL,1
2.511002007741395e-5,0.0309541712837909,1,4.4574031460893515,0.061210926736422894,0.08851372257753048,0.0339081308953153,0.013732418794141507,93,chr3,42907324,cg07448333,0.061210926736422894,2.511002007741395e-5,4.600152940034723,chr3,42948816,ZNF662;ZNF662,3,42907324,ZNF662,1
2.51661667232515e-5,0.030977105798010173,1,-4.456811988119971,-0.0939665096232715,-0.05204770749113194,-0.13588531175541105,0.021083794845676143,93,chr10,10786142,cg15835339,-0.0939665096232715,2.51661667232515e-5,4.599182930566889,chr10,10828105,SFTA1P,10,10786142,SFTA1P,1
2.5200318203280385e-5,0.030977105798010173,1,4.456453037347636,0.030012592891003893,0.04340239828610789,0.016622787495899898,0.0067346368601848,93,chr13,80437835,cg04607949,0.030012592891003893,2.5200318203280385e-5,4.598593975367015,chr13,81011970,,13,80437835,NA,1
2.5240941127504208e-5,0.030982968405134963,1,4.456026680729804,0.061857033747736226,0.08945654490154394,0.034257522593928516,0.013881656951301141,93,chr1,70227809,cg21256616,0.061857033747736226,2.5240941127504208e-5,4.5978944561290955,chr1,70693492,SRSF11;SRSF11,1,70227809,SRSF11,1
2.5306099578906533e-5,0.03098475161772655,1,4.455344197213973,0.05460538066913836,0.07897306500515153,0.03023769633312519,0.012256153116808421,93,chr12,43339680,cg02756198,0.05460538066913836,2.5306099578906533e-5,4.596774787354343,chr12,43733483,,12,43339680,NA,1
2.5336582942176856e-5,0.03098475161772655,1,4.455025491714447,0.06032116380876498,0.08724144554407359,0.03340088207345637,0.01354002663305779,93,chr11,10801501,cg22521122,0.06032116380876498,2.5336582942176856e-5,4.596251957306723,chr11,10823048,EIF4G2;EIF4G2;EIF4G2;SNORD97,11,10801501,EIF4G2,1
2.5373418591013298e-5,0.03098475161772655,1,4.454640867461896,0.014860832636184177,0.021493535290839354,0.008228129981529001,0.0033360338304109748,93,chr12,55755612,cg09890930,0.014860832636184177,2.5373418591013298e-5,4.595621015821532,chr12,56149396,SARNP;SARNP,12,55755612,SARNP,1
2.5392593993995585e-5,0.03098475161772655,1,4.454440858807578,0.027468101042482106,0.0397282436312114,0.015207958453752817,0.006166453189780394,93,chr16,66562995,cg22730994,0.027468101042482106,2.5392593993995585e-5,4.5952929312753765,chr16,66596898,CKLF;CKLF;CKLF;CKLF;CKLF;CKLF-CMTM1;CKLF-CMTM1;CKLF-CMTM1,16,66562995,CKLF,1
2.545942914128009e-5,0.03098475161772655,1,4.453744876981479,0.03014605484620071,0.043603580960757046,0.016688528731644375,0.0067686981807166665,93,chr4,94515621,cg16934360,0.03014605484620071,2.545942914128009e-5,4.594151338450292,chr4,95436772,PDLIM5;PDLIM5;PDLIM5;PDLIM5;PDLIM5;PDLIM5;PDLIM5;PDLIM5,4,94515621,PDLIM5,1
2.5459605894246143e-5,0.03098475161772655,1,4.453743038725671,0.058357044357364926,0.08440827316853801,0.03230581554619184,0.013102921261946527,93,chr10,124740249,cg26517376,0.058357044357364926,2.5459605894246143e-5,4.594148323356319,chr10,126428818,FAM53B,10,124740249,FAM53B,1
2.5493383571644314e-5,0.03098475161772655,1,4.453391972622742,0.043934915812621995,0.06354949335213418,0.024320338273109813,0.00986549490426897,93,chr10,22318679,cg01364769,0.043934915812621995,2.5493383571644314e-5,4.593572519612194,chr10,22607608,COMMD3,10,22318679,COMMD3,1
2.5770570824988184e-5,0.03125992379469175,1,4.450527932839648,0.016159351101318317,0.02337827507606715,0.008940427126569485,0.003630884098509159,93,chr5,134240400,cg21633721,0.016159351101318317,2.5770570824988184e-5,4.588875961604435,chr5,133576091,,5,134240400,NA,1
2.5792135718733764e-5,0.03125992379469175,1,4.450306364925562,0.05215386820952117,0.0754539098896113,0.028853826529431043,0.011719163566033171,93,chr5,132673938,cg12377972,0.05215386820952117,2.5792135718733764e-5,4.588512694602745,chr5,132009630,IL4;IL4;IL4;IL4,5,132673938,IL4,1
2.5856341909236496e-5,0.0312690730158341,1,4.44964774008436,0.05817887144324706,0.08417446532539559,0.032183277561098525,0.013074938701135038,93,chr19,29721767,cg13613815,0.05817887144324706,2.5856341909236496e-5,4.587432918009741,chr19,30212674,,19,29721767,NA,1
2.5876876603740515e-5,0.0312690730158341,1,4.449437429921276,0.06126412598118528,0.08863957304368239,0.03388867891868817,0.013768959996875208,93,chr9,81787695,cg24635874,0.06126412598118528,2.5876876603740515e-5,4.587088145144825,chr9,84402610,,9,81787695,NA,1
2.590973269588164e-5,0.0312690730158341,1,4.449101263418527,0.025611770784767528,0.03705707650862873,0.014166465060906328,0.005756616734115055,93,chr7,98882200,cg05770620,0.025611770784767528,2.590973269588164e-5,4.586537067496708,chr7,98479823,TRRAP;TRRAP,7,98882200,TRRAP,1
2.596430637843847e-5,0.0312690730158341,1,4.4485438043978425,0.011902165308861254,0.017221633160875147,0.0065826974568473605,0.0026755194131380115,93,chr1,90613892,cg27511630,0.011902165308861254,2.596430637843847e-5,4.585623274842094,chr1,91079449,,1,90613892,NA,1
2.5980608070534912e-5,0.0312690730158341,1,-4.448377505867948,-0.03794901127214583,-0.020987720035602547,-0.05491030250868911,0.008530978142499483,93,chr19,38336940,cg17881946,-0.03794901127214583,2.5980608070534912e-5,4.58535068857525,chr19,38827580,CATSPERG,19,38336940,CATSPERG,1
2.6322480489337357e-5,0.031636473101282134,1,-4.444913027957166,-0.10310879905935348,-0.05698845452919718,-0.14922914358950978,0.023197034095117305,93,chr21,36319449,cg01261013,-0.10310879905935348,2.6322480489337357e-5,4.579673187547736,chr21,37691747,MORC3,21,36319449,MORC3,1
2.6412536629362265e-5,0.03167703592074738,1,4.444007659564818,0.01213476608864519,0.01756372672233542,0.006705805454954961,0.002730590723111736,93,chr2,137956617,cg24736114,0.01213476608864519,2.6412536629362265e-5,4.57818988765212,chr2,138714187,,2,137956617,NA,1
2.642954352805856e-5,0.03167703592074738,1,4.443837018154314,0.038113308704432074,0.05516543781311063,0.021061179595753512,0.008576666639376866,93,chr2,187526418,cg15957797,0.038113308704432074,2.642954352805856e-5,4.577910337623388,chr2,188391145,TFPI;TFPI,2,187526418,TFPI,1
2.6602412277449434e-5,0.03174892929095437,1,4.442108515886542,0.04727931424267395,0.06844060172063979,0.02611802676470812,0.010643439725433655,93,chr2,161067945,cg26150263,0.04727931424267395,2.6602412277449434e-5,4.575078980237944,chr2,161924456,,2,161067945,NA,1
2.661456304166368e-5,0.03174892929095437,1,4.441987430409836,0.06822297283515195,0.09875906071550483,0.03768688495479908,0.015358659587394964,93,chr16,357654,cg10363371,0.06822297283515195,2.661456304166368e-5,4.574880659686683,chr16,357654,AXIN1;AXIN1,16,357654,AXIN1,1
2.663489433788159e-5,0.03174892929095437,1,4.44178494341659,0.05218877539632182,0.07554914236243163,0.02882840843021201,0.011749505223946879,93,chr11,128714272,cg03546183,0.05218877539632182,2.663489433788159e-5,4.5745490217462805,chr11,128584167,FLI1;FLI1;FLI1;FLI1,11,128714272,FLI1,1
2.6662033705871458e-5,0.03174892929095437,1,4.441514885221571,0.05370540735034882,0.07774609994304721,0.02966471475765044,0.012091686899225523,93,chr1,19349087,cg11495942,0.05370540735034882,2.6662033705871458e-5,4.574106726881954,chr1,19675581,CAPZB;CAPZB;CAPZB;CAPZB,1,19349087,CAPZB,1
2.672150836970739e-5,0.03174892929095437,1,4.44092399416871,0.029670671834853415,0.04295422082968925,0.016387122840017584,0.006681193344856474,93,chr6,2685788,cg01180835,0.029670671834853415,2.672150836970739e-5,4.573139030547112,chr6,2686022,MYLK4,6,2685788,MYLK4,1
2.6744729382513663e-5,0.03174892929095437,1,4.440693634742329,0.041414243860118286,0.05995634759698343,0.02287214012325314,0.009326075443734443,93,chr2,176509095,cg13208687,0.041414243860118286,2.6744729382513663e-5,4.572761792170745,chr2,177373823,,2,176509095,NA,1
2.6746707204073796e-5,0.03174892929095437,1,-4.440674023102395,-0.051506030111857996,-0.02844550112100595,-0.07456655910271004,0.011598696469027073,93,chr17,75314140,cg20310870,-0.051506030111857996,2.6746707204073796e-5,4.572729676488499,chr17,73310221,,17,75314140,NA,1
2.686844929367631e-5,0.03175179071607015,1,4.439469548922841,0.07815377448315321,0.11315465403357126,0.04315289493273515,0.017604304663406428,93,chr20,36875795,cg14613878,0.07815377448315321,2.686844929367631e-5,4.57075739804891,chr20,35504198,C20orf118,20,36875795,C20orf118,1
2.687858597464879e-5,0.03175179071607015,1,4.43936949836912,0.013038140399944498,0.018877355069305834,0.007198925730583162,0.002936935167197568,93,chr16,23605204,cg26106852,0.013038140399944498,2.687858597464879e-5,4.570593582328047,chr16,23616525,PALB2,16,23605204,PALB2,1
2.6890690480931283e-5,0.03175179071607015,1,4.439250072900985,0.08822281858811479,0.12773503577372602,0.04871060140250354,0.019873360846838363,93,chr22,30153759,cg16465403,0.08822281858811479,2.6890690480931283e-5,4.570398046114061,chr22,30549748,HORMAD2,22,30153759,HORMAD2,1
2.6896090970296137e-5,0.03175179071607015,1,4.439196807376852,0.015984076504290286,0.023142926001096267,0.008825227007484306,0.003600668588905247,93,chr22,28147187,cg19034820,0.015984076504290286,2.6896090970296137e-5,4.570310834993584,chr22,28543175,TTC28,22,28147187,TTC28,1
2.695836016562776e-5,0.03178188383880977,1,4.438583386992695,0.06250688296655599,0.09050594877100135,0.03450781716211063,0.014082619952512983,93,chr13,27018446,cg19979574,0.06250688296655599,2.695836016562776e-5,4.569306528779106,chr13,27592583,,13,27018446,NA,1
2.7126619706733968e-5,0.03193667939075418,1,4.4369326762762915,0.012102725385517616,0.017525985341757852,0.006679465429277378,0.0027277234676625437,93,chr20,36700569,cg22724514,0.012102725385517616,2.7126619706733968e-5,4.566604321025594,chr20,35328972,NDRG3;NDRG3;NDRG3,20,36700569,NDRG3,1
2.716837744535164e-5,0.031942323409735386,1,-4.436524546265286,-0.03514582493351832,-0.01939544861129596,-0.050896201255740674,0.007921927303006686,93,chr10,124910217,cg02124758,-0.03514582493351832,2.716837744535164e-5,4.565936297819579,chr10,124910217,,10,124910217,NA,1
2.736101762176239e-5,0.03210287970840388,1,-4.434649551648661,-0.05592729115792583,-0.030853236890220254,-0.08100134542563141,0.012611434230949285,93,chr3,46677451,cg12424624,-0.05592729115792583,2.736101762176239e-5,4.562867754199822,chr3,46718941,ALS2CL;ALS2CL,3,46677451,ALS2CL,1
2.7384466560904237e-5,0.03210287970840388,1,4.434422192250801,0.12533087079875116,0.1815237260955506,0.06913801550195173,0.028263179590289844,93,chr4,7860928,cg10135894,0.12533087079875116,2.7384466560904237e-5,4.562495714545753,chr4,7862655,AFAP1;AFAP1,4,7860928,AFAP1,1
2.7416386497748153e-5,0.03210287970840388,1,4.434113001122577,0.07510324548743509,0.10877858867016302,0.041427902304707165,0.01693760295879274,93,chr5,119328957,cg24930541,0.07510324548743509,2.7416386497748153e-5,4.561989786143985,chr5,118664652,TNFAIP8;TNFAIP8;TNFAIP8,5,119328957,TNFAIP8,1
2.755758360414689e-5,0.03220219484769181,1,4.432749465570474,0.02157220799702059,0.031247887960671274,0.011896528033369907,0.004866552500783923,93,chr4,15427891,cg06179228,0.02157220799702059,2.755758360414689e-5,4.559758866350531,chr4,15429515,C1QTNF7;C1QTNF7;C1QTNF7,4,15427891,C1QTNF7,1
2.7575732263874807e-5,0.03220219484769181,1,4.432574695019759,0.046867510518101285,0.06788960118442822,0.02584541985177436,0.010573428253958022,93,chr1,28416620,cg10711145,0.046867510518101285,2.7575732263874807e-5,4.559472946197376,chr1,28743131,PHACTR4,1,28416620,PHACTR4,1
2.7768838880492627e-5,0.03238393745783464,1,4.430721949729094,0.022516926953183008,0.03262095875187146,0.012412895154494554,0.005081999549657986,93,chr6,118677349,cg16574273,0.022516926953183008,2.7768838880492627e-5,4.556442279354438,chr6,118998512,CEP85L,6,118677349,CEP85L,1
2.787763589614677e-5,0.032433184379271035,1,4.429683587719804,0.053420709779230455,0.07739783053082966,0.029443589027631254,0.012059712329640447,93,chr3,53084151,cg24530246,0.053420709779230455,2.787763589614677e-5,4.554744058435978,chr3,53118167,,3,53084151,NA,1
2.7897163367023713e-5,0.032433184379271035,1,4.42949763198823,0.019818158535387865,0.028713628681311606,0.010922688389464124,0.0044741323242320505,93,chr11,118526698,cg24222440,0.019818158535387865,2.7897163367023713e-5,4.554439954313473,chr11,118397413,TTC36,11,118526698,TTC36,1
2.7923662941447398e-5,0.032433184379271035,1,4.429245483756191,0.02449402328791256,0.035488902369895686,0.013499144205929434,0.005530066774971472,93,chr20,4783607,cg05914537,0.02449402328791256,2.7923662941447398e-5,4.554027612878542,chr20,4764253,RASSF2;RASSF2,20,4783607,RASSF2,1
2.797706663188881e-5,0.032451594743731514,1,4.428738040540788,0.07508761639446505,0.1087968134374271,0.04137841935150301,0.016954630350025444,93,chr19,40250312,cg24388069,0.07508761639446505,2.797706663188881e-5,4.553197822809442,chr19,40250312,,19,40250312,NA,1
2.818873744388711e-5,0.032653289329235835,1,4.426735913815967,0.07462733435783452,0.10814504884929749,0.041109619866371544,0.01685832085101813,93,chr9,34222186,cg06319505,0.07462733435783452,2.818873744388711e-5,4.549924375473989,chr9,34222184,UBAP1;UBAP1;UBAP1;UBAP1;UBAP1;UBAP1,9,34222186,UBAP1,1
2.8236274347334593e-5,0.032653350651838026,1,4.4262882775502606,0.037134660760485355,0.05381480675259692,0.020454514768373788,0.008389571223552935,93,chr9,83282997,cg20318281,0.037134660760485355,2.8236274347334593e-5,4.549192607093866,chr9,85897912,FRMD3;FRMD3;FRMD3;FRMD3,9,83282997,FRMD3,1
2.8289837644101105e-5,0.032653350651838026,1,4.425784765745989,0.04476474776045105,0.06487446361838847,0.024655031902513624,0.010114533383302865,93,chr12,81074453,cg01528542,0.04476474776045105,2.8289837644101105e-5,4.548369544959882,chr12,81468232,,12,81074453,NA,1
2.8302150128943383e-5,0.032653350651838026,1,4.425669154880801,0.033528815025807776,0.04859139418423015,0.018466235867385404,0.007575987687383024,93,chr2,99341335,cg12477067,0.033528815025807776,2.8302150128943383e-5,4.54818056964658,chr2,99957798,EIF5B,2,99341335,EIF5B,1
2.8341169110488422e-5,0.03265477062555572,1,4.425303098434437,0.1004302427343316,0.14555153950747418,0.05530894596118902,0.02269454554872441,93,chr14,100144330,cg01000631,0.1004302427343316,2.8341169110488422e-5,4.5475822385006515,chr14,100610667,,14,100144330,NA,1
2.8382145762758126e-5,0.032658439447641754,1,4.424919200525706,0.015389420728061003,0.022304179121472995,0.00847466233464901,0.00347789869840621,93,chr13,28735817,cg20647615,0.015389420728061003,2.8382145762758126e-5,4.546954773864532,chr13,29309954,,13,28735817,NA,1
2.8441670556192113e-5,0.032683412891588465,1,4.424362484656683,0.03678606858635973,0.0533168261690804,0.020255311003639063,0.008314433709699582,93,chr6,136288014,cg01544877,0.03678606858635973,2.8441670556192113e-5,4.546044898377272,chr6,136609152,BCLAF1;BCLAF1;BCLAF1,6,136288014,BCLAF1,1
2.8538798773127693e-5,0.032728017906742866,1,4.423456491603811,0.019777788280577482,0.028667261903405915,0.01088831465774905,0.004471116268040123,93,chr1,94271498,cg07363182,0.019777788280577482,2.8538798773127693e-5,4.544564310730172,chr1,94737054,,1,94271498,NA,1
2.8619936824418725e-5,0.032728017906742866,1,4.422701935184522,0.04697029224546607,0.06808551527628727,0.02585506921464487,0.010620270805906435,93,chr8,141147594,cg08520702,0.04697029224546607,2.8619936824418725e-5,4.543331329235803,chr8,142157693,DENND3,8,141147594,DENND3,1
2.8642025057448258e-5,0.032728017906742866,1,4.422496880397083,0.034085202606103204,0.049408718625776026,0.018761686586430383,0.007707230446489946,93,chr5,41871087,cg17317280,0.034085202606103204,2.8642025057448258e-5,4.542996279653838,chr5,41871189,OXCT1,5,41871087,OXCT1,1
2.878759649502569e-5,0.032728017906742866,1,-4.421149290215596,-0.05921539703368242,-0.03258610947054029,-0.08584468459682455,0.01339366602361324,93,chr12,52321564,cg17200441,-0.05921539703368242,2.878759649502569e-5,4.540794593285222,chr12,52715348,KRT83,12,52321564,KRT83,1
2.8821629497722497e-5,0.032728017906742866,1,-4.420835189119155,-0.09461333014994328,-0.052062495198734675,-0.13716416510115187,0.021401686808594833,93,chr2,64405502,cg14209730,-0.09461333014994328,2.8821629497722497e-5,4.540281468981309,chr2,64632636,,2,64405502,NA,1
2.889292547009925e-5,0.032728017906742866,1,4.420178337854641,0.043531573308736825,0.06311211281549667,0.023951033801976974,0.009848374880246376,93,chr10,132558242,cg26426564,0.043531573308736825,2.889292547009925e-5,4.539208482690324,chr10,134371746,INPP5A,10,132558242,INPP5A,1
2.8905737688825436e-5,0.032728017906742866,1,4.420060464815674,0.04502738414549954,0.06528128077793477,0.024773487513064317,0.010187051626086133,93,chr7,35984781,cg26352718,0.04502738414549954,2.8905737688825436e-5,4.539015942735911,chr7,36024391,,7,35984781,NA,1
2.8935605660815974e-5,0.032728017906742866,1,4.419785874106604,0.05182937204240459,0.07514433874642576,0.02851440533838343,0.011726670367912596,93,chr20,4962527,cg06124756,0.05182937204240459,2.8935605660815974e-5,4.5385674228426005,chr20,4943173,SLC23A2;SLC23A2,20,4962527,SLC23A2,1
2.8945294197754708e-5,0.032728017906742866,1,4.419696861584918,0.01469695715717355,0.021308381421194268,0.008085532893152834,0.00332533149160442,93,chr2,3642072,cg06212874,0.01469695715717355,2.8945294197754708e-5,4.538422031938873,chr2,3642072,COLEC11;COLEC11;COLEC11;COLEC11;COLEC11;COLEC11,2,3642072,COLEC11,1
2.899163321194072e-5,0.032728017906742866,1,4.419271524374053,0.0615341208231831,0.0892179012622034,0.033850340384162805,0.013924041662477125,93,chr22,39920802,cg05988675,0.0615341208231831,2.899163321194072e-5,4.53772731845133,chr22,40316806,GRAP2,22,39920802,GRAP2,1
2.9014401414626227e-5,0.032728017906742866,1,4.419062780115952,0.08044849276969322,0.11664342955569604,0.044253555983690414,0.018204876638476346,93,chr2,97913822,cg00179844,0.08044849276969322,2.9014401414626227e-5,4.537386384775699,chr2,98530285,TMEM131,2,97913822,TMEM131,1
2.9036053511374694e-5,0.032728017906742866,1,4.4188644155002335,0.08076352763885822,0.1171018343227033,0.04442522095501313,0.018276987036660516,93,chr8,86355792,cg12726213,0.08076352763885822,2.9036053511374694e-5,4.537062411894262,chr8,87368021,WWP1,8,86355792,WWP1,1
2.9109435181749884e-5,0.032728017906742866,1,4.418193195392855,0.01178855358584014,0.01709343770587496,0.006483669465805324,0.0026681842700162707,93,chr15,67779534,cg11133203,0.01178855358584014,2.9109435181749884e-5,4.535966221212823,chr15,68071872,MAP2K5;MAP2K5;MAP2K5,15,67779534,MAP2K5,1
2.9149028703498276e-5,0.032728017906742866,1,4.417831713946341,0.03952025369478545,0.05730594037784256,0.02173456701172834,0.008945622254018131,93,chr10,95694840,cg02427200,0.03952025369478545,2.9149028703498276e-5,4.53537591211385,chr10,97454597,TCTN3;TCTN3,10,95694840,TCTN3,1
2.918814576697412e-5,0.032728017906742866,1,-4.417475048518652,-0.06296541646803176,-0.03462618573325424,-0.09130464720280929,0.014253711854953539,93,chr11,124898345,cg18248499,-0.06296541646803176,2.918814576697412e-5,4.534793493526865,chr11,124768241,ROBO4;ROBO4,11,124898345,ROBO4,1
2.9194945814325922e-5,0.032728017906742866,1,4.417413093545958,0.06861204717492177,0.09949312469121034,0.03773096965863319,0.015532178159920586,93,chr7,143364064,cg14980016,0.06861204717492177,2.9194945814325922e-5,4.534692326460342,chr7,143061157,FAM131B;FAM131B,7,143364064,FAM131B,1
2.9217797923497795e-5,0.032728017906742866,1,4.417204991060335,0.02092875933302971,0.030348870149968878,0.011508648516090543,0.004738009527605336,93,chr16,3523565,cg03609937,0.02092875933302971,2.9217797923497795e-5,4.534352518918889,chr16,3573565,CLUAP1;CLUAP1,16,3523565,CLUAP1,1
2.9228903544618914e-5,0.032728017906742866,1,-4.417103914674411,-0.029048359144666934,-0.015973287684297698,-0.04212343060503617,0.006576335921861173,93,chr16,370755,cg09504571,-0.029048359144666934,2.9228903544618914e-5,4.534187475899937,chr16,420755,MRPL28,16,370755,MRPL28,1
2.9239624686291684e-5,0.032728017906742866,1,-4.41700637280888,-0.08398048589485645,-0.046178863523794564,-0.12178210826591833,0.01901298726029486,93,chr11,35162623,cg01578625,-0.08398048589485645,2.9239624686291684e-5,4.534028206191557,chr11,35184170,CD44;CD44;CD44;CD44;CD44;CD44;CD44;CD44,11,35162623,CD44,1
2.930200743749122e-5,0.032728017906742866,1,4.416439494469908,0.05874089868876085,0.08518497390322764,0.03229682347429405,0.013300510232804931,93,chr7,144003846,cg26425521,0.05874089868876085,2.930200743749122e-5,4.533102625749611,chr7,143700939,OR6B1,7,144003846,OR6B1,1
2.9391846649646665e-5,0.032728017906742866,1,4.41562516397207,0.029435733645551566,0.042689604878741266,0.016181862412361865,0.00666626639546385,93,chr8,123384768,cg17353158,0.029435733645551566,2.9391846649646665e-5,4.5317731269400765,chr8,124397008,ATAD2,8,123384768,ATAD2,1
2.9402748270509408e-5,0.032728017906742866,1,4.415526512123234,0.02887846797164333,0.041881712666147444,0.015875223277139215,0.006540209393456213,93,chr10,94283921,cg24249173,0.02887846797164333,2.9402748270509408e-5,4.531612074249938,chr10,96043678,PLCE1;PLCE1;PLCE1;PLCE1-AS1;PLCE1;PLCE1;PLCE1,10,94283921,PLCE1,1
2.9410470857498182e-5,0.032728017906742866,1,4.415456649653406,0.028955643088789056,0.04199384407964294,0.01591744209793517,0.00655779127421893,93,chr10,119526243,cg01417742,0.028955643088789056,2.9410470857498182e-5,4.531498022443754,chr10,121285755,RGS10;RGS10,10,119526243,RGS10,1
2.9465529300643273e-5,0.032728017906742866,1,4.4149590763626865,0.02202009245641584,0.03193645823438765,0.01210372667844403,0.004987609641572792,93,chr12,104090284,cg07100454,0.02202009245641584,2.9465529300643273e-5,4.530685753099835,chr12,104484062,HCFC2,12,104090284,HCFC2,1
2.9484117008297797e-5,0.032728017906742866,1,4.414791298828501,0.01022867481239833,0.014835155725610706,0.005622193899185953,0.002316910159515941,93,chr6,158313053,cg12601856,0.01022867481239833,2.9484117008297797e-5,4.530411873962688,chr6,158734085,TULP4;TULP4;TULP4;TULP4,6,158313053,TULP4,1
2.948892592995177e-5,0.032728017906742866,1,-4.414747908893731,-0.030496121919600237,-0.01676206674444708,-0.044230177094753395,0.006907783309249497,93,chr22,50609012,cg02486929,-0.030496121919600237,2.948892592995177e-5,4.530341045392928,chr22,50609012,PANX2;PANX2;PANX2,22,50609012,PANX2,1
2.9503057273897063e-5,0.032728017906742866,1,4.4146204442027805,0.05037267498533441,0.07305887339952877,0.02768647657114005,0.011410420357084857,93,chr2,152342659,cg00967567,0.05037267498533441,2.9503057273897063e-5,4.530132977635874,chr2,152342659,NEB;NEB;NEB;NEB,2,152342659,NEB,1
2.966818720282268e-5,0.03281854954802302,1,4.413135333126619,0.06508133478387147,0.09440169407849668,0.03576097548924627,0.01474718762765941,93,chr10,84337033,cg04546473,0.06508133478387147,2.966818720282268e-5,4.527708989303751,chr10,86096789,CCSER2;CCSER2;CCSER2,10,84337033,CCSER2,1
2.968850674929003e-5,0.03281854954802302,1,4.4129531400687005,0.013843178617580462,0.020080047139608165,0.007606310095552758,0.0031369421288178355,93,chr9,110379491,cg18613092,0.013843178617580462,2.968850674929003e-5,4.527411645679547,chr9,113141771,SVEP1,9,110379491,SVEP1,1
2.9754225163759586e-5,0.03281854954802302,1,4.412364707504003,0.050314556552496975,0.07298616483521328,0.02764294826978067,0.011403081995223155,93,chr7,144002732,cg17304025,0.050314556552496975,2.9754225163759586e-5,4.526451354808868,chr7,143699825,OR6B1,7,144002732,OR6B1,1
2.9763926817724207e-5,0.03281854954802302,1,4.412277946874378,0.06027354730486186,0.08743318495280515,0.03311390965691857,0.013660414876528611,93,chr17,47604552,cg18310794,0.06027354730486186,2.9763926817724207e-5,4.5263097719579495,chr17,45681918,NPEPPS,17,47604552,NPEPPS,1
2.983005773095543e-5,0.03281854954802302,1,4.411687274268782,0.03720018648520886,0.05396506765749367,0.020435305312924056,0.008432190264749588,93,chr11,67789045,cg01408871,0.03720018648520886,2.983005773095543e-5,4.525345906134715,chr11,67789045,ALDH3B1;ALDH3B1;ALDH3B1,11,67789045,ALDH3B1,1
2.983393384668926e-5,0.03281854954802302,1,-4.4116526926122885,-0.019413935430325928,-0.01066465477852966,-0.028163216082122196,0.004400603760771176,93,chr15,78148895,cg16996544,-0.019413935430325928,2.983393384668926e-5,4.525289477604465,chr15,78441237,IDH3A,15,78148895,IDH3A,1
2.9850512345913793e-5,0.03281854954802302,1,4.411504832741938,0.030231578456028002,0.04385650426126582,0.01660665265079018,0.00685289478357837,93,chr3,151632933,cg24727662,0.030231578456028002,2.9850512345913793e-5,4.525048210360621,chr3,151350721,MIR548H2,3,151632933,MIR548H2,1
2.9890036259995864e-5,0.03282024728608379,1,4.411152648020715,0.03578465474168175,0.05191355761697302,0.01965575186639048,0.008112313854687919,93,chr1,36154621,cg00438309,0.03578465474168175,2.9890036259995864e-5,4.524473558112056,chr1,36620222,,1,36154621,NA,1
3.0078720820092175e-5,0.0329498968464889,1,4.409477523975021,0.05166188550309657,0.07495583885427753,0.028367932151915597,0.01171610133450115,93,chr1,63983909,cg11809638,0.05166188550309657,3.0078720820092175e-5,4.521740637248883,chr1,64449581,ROR1;ROR1,1,63983909,ROR1,1
3.0096182290417195e-5,0.0329498968464889,1,4.4093230167248585,0.051251433988417285,0.07436112761594549,0.028141740360889077,0.011623424683112839,93,chr7,30915267,cg09992687,0.051251433988417285,3.0096182290417195e-5,4.521488591295207,chr7,30954882,AQP1,7,30915267,AQP1,1
3.012249987123357e-5,0.0329498968464889,1,4.409090310176142,0.045156205308083515,0.06551858477651563,0.0247938258396514,0.010241614966212734,93,chr5,150491891,cg03900808,0.045156205308083515,3.012249987123357e-5,4.521108988804984,chr5,149871453,,5,150491891,NA,1
3.016651661083236e-5,0.03295632827090266,1,4.408701542336017,0.11617941955733135,0.16857306119267643,0.06378577792198628,0.026352298617105283,93,chr11,68897163,cg11792649,0.11617941955733135,3.016651661083236e-5,4.520474835798975,chr11,68664631,MRPL21;MRPL21,11,68897163,MRPL21,1
3.064736201065863e-5,0.03343936764676096,1,4.404489950528148,0.028444379640779793,0.04128425846508882,0.015604500816470765,0.006458041671174433,93,chr18,79647785,cg14245216,0.028444379640779793,3.064736201065863e-5,4.513606901684545,chr18,77407785,,18,79647785,NA,1
3.07524666961209e-5,0.03349765224836686,1,4.403577881130179,0.07597673816971033,0.11027997051914523,0.04167350582027544,0.017253410799268273,93,chr12,117050984,cg01968626,0.07597673816971033,3.07524666961209e-5,4.512120043155277,chr12,117488789,TESC;TESC;TESC,12,117050984,TESC,1
3.0779424876189784e-5,0.03349765224836686,1,4.403344431188988,0.045712814429112444,0.06635308495832228,0.025072543899902617,0.010381385136562914,93,chr13,110350436,cg16487508,0.045712814429112444,3.0779424876189784e-5,4.511739499365837,chr13,110350436,,13,110350436,NA,1
3.0921921636001855e-5,0.03349765224836686,1,4.402113725927601,0.041280836414666774,0.05992518920929352,0.02263648362004003,0.009377503396045999,93,chr2,151033063,cg27633941,0.041280836414666774,3.0921921636001855e-5,4.509733524780244,chr2,151889577,,2,151033063,NA,1
3.093861771937429e-5,0.03349765224836686,1,4.401969885507475,0.03420779829827128,0.04965814174107732,0.01875745485546524,0.0077710205176307525,93,chr1,90896084,cg20805961,0.03420779829827128,3.093861771937429e-5,4.509499093683145,chr1,91361641,,1,90896084,NA,1
3.0969329440243295e-5,0.03349765224836686,1,4.401705493189296,0.07361351438017773,0.10686389739117377,0.040363131369181675,0.016723861806310983,93,chr1,8764118,cg20263853,0.07361351438017773,3.0969329440243295e-5,4.509068198051509,chr1,8824177,RERE;RERE,1,8764118,RERE,1
3.101455575008628e-5,0.03349765224836686,1,-4.401316608254531,-0.05351263602362074,-0.029339454335438504,-0.07768581771180297,0.012158324607518457,93,chr13,95523887,cg10495012,-0.05351263602362074,3.101455575008628e-5,4.508434435252454,chr13,96176141,CLDN10-AS1;CLDN10;CLDN10,13,95523887,CLDN10-AS1,1
3.104538382724189e-5,0.03349765224836686,1,4.401051842717824,0.08008612168802937,0.1162654800470106,0.043906763329048144,0.018197041196082116,93,chr7,98279193,cg02985445,0.08008612168802937,3.104538382724189e-5,4.508002966418007,chr7,97908505,,7,98279193,NA,1
3.1049652666361765e-5,0.03349765224836686,1,4.401015200026031,0.015999017908206795,0.023226724899688148,0.008771310916725445,0.0036353016704218973,93,chr22,25964978,cg23646854,0.015999017908206795,3.1049652666361765e-5,4.507943253649274,chr22,26360944,MYO18B,22,25964978,MYO18B,1
3.117655088650027e-5,0.0335926169596895,1,4.399928154731272,0.06309007330685139,0.09159864958084463,0.034581497032858156,0.014338887156375544,93,chr6,11078471,cg01142742,0.06309007330685139,3.117655088650027e-5,4.506171933208005,chr6,11078704,ELOVL2-AS1;ELOVL2-AS1;ELOVL2-AS1,6,11078471,ELOVL2-AS1,1
3.136462032478815e-5,0.03375317482304649,1,4.398324942497671,0.03422125434192944,0.0496904842765697,0.018752024407289188,0.007780519809092657,93,chr17,49853728,cg04172049,0.03422125434192944,3.136462032478815e-5,4.503559965319296,chr17,47931091,,17,49853728,NA,1
3.1522780794595436e-5,0.03377904440342876,1,4.396983869885837,0.013088482560945552,0.01900674893513699,0.007170216186754117,0.002976695605045597,93,chr11,67683073,cg26181316,0.013088482560945552,3.1522780794595436e-5,4.501375478032787,chr11,67450544,,11,67683073,NA,1
3.154628948556479e-5,0.03377904440342876,1,4.39678509076781,0.04810680686170398,0.06986041869660245,0.026353195026805512,0.010941359622674462,93,chr11,65777766,cg07602847,0.04810680686170398,3.154628948556479e-5,4.501051715681694,chr11,65545237,DKFZp761E198;DKFZp761E198,11,65777766,DKFZp761E198,1
3.159255662625748e-5,0.03377904440342876,1,-4.3963942941762815,-0.08603610590071348,-0.04712763243720366,-0.12494457936422329,0.01956969738011941,93,chr21,39014763,cg04751885,-0.08603610590071348,3.159255662625748e-5,4.500415227410835,chr21,40386689,,21,39014763,NA,1
3.160313138730307e-5,0.03377904440342876,1,4.396305051871913,0.06724558480312218,0.09765695844964704,0.03683421115659731,0.015295932381782633,93,chr17,78627336,cg08481694,0.06724558480312218,3.160313138730307e-5,4.500269883304085,chr17,76623418,LOC101928710;LOC101928710,17,78627336,LOC101928710,1
3.1619601804870114e-5,0.03377904440342876,1,4.396166112547824,0.020669116234668668,0.030016883594151722,0.011321348875185615,0.004701623120125858,93,chr11,69625527,cg14405341,0.020669116234668668,3.1619601804870114e-5,4.500043603570051,chr11,69440295,,11,69625527,NA,1
3.1623194672203344e-5,0.03377904440342876,1,4.396135813531832,0.012431147270268283,0.018053268326212485,0.006809026214324082,0.0028277441365673287,93,chr3,112568418,cg12674160,0.012431147270268283,3.1623194672203344e-5,4.499994258425761,chr3,112287265,SLC35A5,3,112568418,SLC35A5,1
3.1675787803960126e-5,0.0337934510893429,1,4.395692670808649,0.022083598813103816,0.03207215254653701,0.012095045079670623,0.00502391783660372,93,chr9,134997022,cg17762634,0.022083598813103816,3.1675787803960126e-5,4.499272575034639,chr9,137888868,,9,134997022,NA,1
3.181428533691109e-5,0.033899356723134884,1,4.394529103255297,0.012166848609303586,0.01767144956668615,0.006662247651921021,0.0027686353471389814,93,chr2,29319368,cg02223435,0.012166848609303586,3.181428533691109e-5,4.497377828131732,chr2,29542234,ALK,2,29319368,ALK,1
3.1864547103176726e-5,0.033911098655547256,1,4.394108046782912,0.08179626155828593,0.1188065786082287,0.04478594450834315,0.018614986406210923,93,chr11,15235083,cg18288989,0.08179626155828593,3.1864547103176726e-5,4.496692249849705,chr11,15256629,INSC;INSC;INSC;INSC;INSC;INSC,11,15235083,INSC,1
3.198821182910667e-5,0.03392107958087176,1,4.3930748008505915,0.05864142713518099,0.08518112748372647,0.032101726786635504,0.013348606566823488,93,chr1,117160732,cg07496152,0.05864142713518099,3.198821182910667e-5,4.495010036704183,chr1,117160732,IGSF3;IGSF3,1,117160732,IGSF3,1
3.2066427186239786e-5,0.03392107958087176,1,4.392423286044017,0.05618870535343564,0.08162213468386516,0.030755276023006123,0.012792188205531832,93,chr11,67031426,cg20348235,0.05618870535343564,3.2066427186239786e-5,4.493949426094,chr11,66798897,SYT12;SYT12,11,67031426,SYT12,1
3.2092448954309334e-5,0.03392107958087176,1,4.39220687160853,0.045230365982176626,0.06570458745935931,0.024756144504993947,0.010297867861040024,93,chr11,72242378,cg08265548,0.045230365982176626,3.2092448954309334e-5,4.493597140905061,chr11,71953422,PHOX2A,11,72242378,PHOX2A,1
3.2111878930041546e-5,0.03392107958087176,1,4.392045389520081,0.05819801116817481,0.08454320547061926,0.031852816865730355,0.013250776348314133,93,chr7,96304340,cg25487118,0.05819801116817481,3.2111878930041546e-5,4.49333428225426,chr7,95933652,SLC25A13;SLC25A13;SLC25A13,7,96304340,SLC25A13,1
3.212841878054931e-5,0.03392107958087176,1,4.391908001604344,0.04539277068378596,0.06594190542592666,0.024843635941645254,0.010335546798157928,93,chr1,54354319,cg17417004,0.04539277068378596,3.212841878054931e-5,4.4931106479866205,chr1,54819992,SSBP3;SSBP3;SSBP3,1,54354319,SSBP3,1
3.2128533169969466e-5,0.03392107958087176,1,4.3919070516691505,0.05420554538815826,0.07874419504748091,0.02966689572883562,0.012342143116976342,93,chr17,50106272,cg15431757,0.05420554538815826,3.2128533169969466e-5,4.493109101735437,chr17,48183636,PDK2;PDK2;PDK2;PDK2,17,50106272,PDK2,1
3.2148700896062236e-5,0.03392107958087176,1,4.391739621940858,0.021155894308643883,0.03073345443503298,0.011578334182254787,0.004817201412158032,93,chr5,10498755,cg18685911,0.021155894308643883,3.2148700896062236e-5,4.492836571886595,chr5,10498867,LOC101929412,5,10498755,LOC101929412,1
3.227589200155706e-5,0.0339396881673378,1,4.390686032208839,0.027141013985833563,0.03943106733541026,0.014850960636256863,0.0061814973301973115,93,chr17,78146282,cg19972674,0.027141013985833563,3.227589200155706e-5,4.491121746396913,chr17,76142363,C17orf99,17,78146282,C17orf99,1
3.236228725489925e-5,0.0339396881673378,1,4.389972662197299,0.07372969357101823,0.10712156005948265,0.04033782708255381,0.0167950233963677,93,chr7,30913509,cg18307978,0.07372969357101823,3.236228725489925e-5,4.489960791538207,chr7,30953124,AQP1,7,30913509,AQP1,1
3.236271286751213e-5,0.0339396881673378,1,-4.389969152451225,-0.10552491048292441,-0.05773308647637922,-0.15331673448946959,0.02403773393806253,93,chr17,70231111,cg05215498,-0.10552491048292441,3.236271286751213e-5,4.489955079951993,chr17,68227252,,17,70231111,NA,1
3.2517732771558256e-5,0.03403401406318389,1,4.388693764141519,0.02928166344190379,0.04254706952359212,0.01601625736021546,0.006672068049302965,93,chr12,104414352,cg16416184,0.02928166344190379,3.2517732771558256e-5,4.487879742263909,chr12,104808130,,12,104414352,NA,1
3.253142458293204e-5,0.03403401406318389,1,4.3885814007433295,0.032624312534090504,0.047404409824076864,0.017844215244104143,0.007433908490011068,93,chr4,44452036,cg08591388,0.032624312534090504,3.253142458293204e-5,4.487696918121168,chr4,44454053,,4,44452036,NA,1
3.259339906312433e-5,0.03405761908971827,1,4.388073371244771,0.052838534069600346,0.07677924052701342,0.028897827612187274,0.012041397123360215,93,chr21,40114467,cg03124794,0.052838534069600346,3.259339906312433e-5,4.486870345966828,chr21,40114467,LINC00114;LINC00114;LINC00114,21,40114467,LINC00114,1
3.282973809663674e-5,0.034077473677938896,1,4.386144538298365,0.06558906517144238,0.09532000131145757,0.03585812903142718,0.01495369443454048,93,chr17,83097977,cg13054523,0.06558906517144238,3.282973809663674e-5,4.483732581895672,chr17,81055722,,17,83097977,NA,1
3.284190243569917e-5,0.034077473677938896,1,-4.386045625070212,-0.027556930700993836,-0.015065338980864717,-0.04004852242112296,0.006282864579310596,93,chr21,38664566,cg09546220,-0.027556930700993836,3.284190243569917e-5,4.483571693410219,chr21,40036490,,21,38664566,NA,1
3.284484289961312e-5,0.034077473677938896,1,4.386021720267324,0.051729404296995095,0.07517853683120937,0.028280271762780817,0.011794151419259782,93,chr7,65954274,cg16760382,0.051729404296995095,3.284484289961312e-5,4.483532811068084,chr7,65419261,VKORC1L1,7,65954274,VKORC1L1,1
3.286103854006117e-5,0.034077473677938896,1,4.385890093209923,0.053466402737713,0.0777036505386569,0.0292291549367691,0.012190547779682797,93,chr5,61966523,cg03723907,0.053466402737713,3.286103854006117e-5,4.483318715243912,chr5,61262350,,5,61966523,NA,1
3.29158312813967e-5,0.034077473677938896,1,4.385445239849381,0.04821278331138231,0.07007069130630839,0.02635487531645623,0.010993817200882022,93,chr5,41893432,cg12458315,0.04821278331138231,3.29158312813967e-5,4.48259517243079,chr5,41893534,,5,41893432,NA,1
3.2923831426057935e-5,0.034077473677938896,1,-4.385380347866174,-0.08485667994706751,-0.0463852036786769,-0.12332815621545812,0.019349901996153388,93,chr15,59284028,cg25845137,-0.08485667994706751,3.2923831426057935e-5,4.48248963061739,chr15,59576227,MYO1E,15,59284028,MYO1E,1
3.294319084885914e-5,0.034077473677938896,1,4.385223379831984,0.057278548149117293,0.08324785526996281,0.03130924102827177,0.013061717314686,93,chr5,20577142,cg01755164,0.057278548149117293,3.294319084885914e-5,4.48223433774253,chr5,20577251,CDH18,5,20577142,CDH18,1
3.297413210068571e-5,0.034077473677938896,1,4.384972690262665,0.05645736885014226,0.08205582793835778,0.03085890976192674,0.012875192809184952,93,chr12,64753116,cg06549332,0.05645736885014226,3.297413210068571e-5,4.481826626527417,chr12,65146896,GNS,12,64753116,GNS,1
3.304937070222252e-5,0.034077473677938896,1,4.384364045883309,0.016068791017085377,0.02335558812052185,0.008781993913648905,0.003665022075932116,93,chr10,104059245,cg04545398,0.016068791017085377,3.304937070222252e-5,4.480836805562734,chr10,105819003,COL17A1,10,104059245,COL17A1,1
3.3065310884043e-5,0.034077473677938896,1,-4.384235269360727,-0.07834782343902953,-0.042817990406685914,-0.11387765647137316,0.017870351070473817,93,chr10,89684764,cg20654695,-0.07834782343902953,3.3065310884043e-5,4.480627389651677,chr10,91444521,,10,89684764,NA,1
3.30978176277095e-5,0.034077473677938896,1,4.383972841807074,0.0546350866402963,0.07941295054120445,0.029857222739388154,0.012462460104514633,93,chr20,44396971,cg02493892,0.0546350866402963,3.30978176277095e-5,4.480200641375032,chr20,43025611,HNF4A-AS1;HNF4A;HNF4A;HNF4A;HNF4A;HNF4A;HNF4A,20,44396971,HNF4A-AS1,1
3.3114617864825094e-5,0.034077473677938896,1,4.38383731080687,0.05398108504309001,0.07846310588396185,0.02949906420221817,0.012313660662091152,93,chr19,51468562,cg10995397,0.05398108504309001,3.3114617864825094e-5,4.479980252247936,chr19,51971816,,19,51468562,NA,1
3.312504963185721e-5,0.034077473677938896,1,4.383753189018108,0.03262179058084919,0.04741702268536419,0.017826558476334194,0.007441520809741565,93,chr17,28707536,cg00486126,0.03262179058084919,3.312504963185721e-5,4.47984346234342,chr17,27034554,PROCA1;PROCA1;PROCA1;PROCA1;PROCA1;PROCA1,17,28707536,PROCA1,1
3.32067045756853e-5,0.034120856328760524,1,-4.383095606657315,-0.016481267806153957,-0.009005259855043659,-0.023957275757264255,0.003760188981760105,93,chr8,80029811,cg06728098,-0.016481267806153957,3.32067045756853e-5,4.4787742215292345,chr8,80942046,MRPS28,8,80029811,MRPS28,1
3.330384576381048e-5,0.03418002960153011,1,4.38231534326637,0.0679093945277658,0.09871901262998396,0.03709977642554764,0.015496236397527103,93,chr9,89472671,cg14155388,0.0679093945277658,3.330384576381048e-5,4.47750561341365,chr9,92087586,SEMA4D;SEMA4D,9,89472671,SEMA4D,1
3.336913870382879e-5,0.03418208239699241,1,4.381792128499687,0.012020178256718984,0.017474229568302305,0.006566126945135662,0.002743210518485882,93,chr13,27255122,cg21393619,0.012020178256718984,3.336913870382879e-5,4.4766550028448115,chr13,27829259,SNORA27;RPL21P28;RPL21;SNORD102,13,27255122,SNORA27,1
3.340396815712756e-5,0.03418208239699241,1,4.381513432672607,0.07508633200442627,0.10915826900288042,0.04101439500597213,0.017137076756290028,93,chr1,28158023,cg12154164,0.07508633200442627,3.340396815712756e-5,4.476201938985475,chr1,28484534,PTAFR;PTAFR;PTAFR;PTAFR,1,28158023,PTAFR,1
3.34462884174095e-5,0.03418208239699241,1,4.381175175154068,0.03338542016102,0.04853589729152594,0.01823494303051407,0.0076201975100997806,93,chr16,2721875,cg07674056,0.03338542016102,3.34462884174095e-5,4.475652069503734,chr16,2721875,ERVK13-1,16,2721875,ERVK13-1,1
3.349037389693546e-5,0.03418208239699241,1,4.380823248208837,0.06222603265764452,0.09046679808480065,0.03398526723048839,0.01420418700596664,93,chr1,211968824,cg00861740,0.06222603265764452,3.349037389693546e-5,4.475080003834591,chr1,212142166,INTS7;INTS7;INTS7;INTS7;INTS7,1,211968824,INTS7,1
3.350362411966016e-5,0.03418208239699241,1,-4.380717561422959,-0.07727550320863728,-0.04220381511266247,-0.1123471913046121,0.017639919060094895,93,chr6,30704104,cg02364450,-0.07727550320863728,3.350362411966016e-5,4.474908212364944,chr6,30671881,MDC1,6,30704104,MDC1,1
3.357873559742824e-5,0.034213009040242395,1,4.380119217708224,0.020760254650629046,0.030183637313537993,0.011336871987720097,0.0047396551597724025,93,chr15,81387789,cg00347713,0.020760254650629046,3.357873559742824e-5,4.473935661187793,chr15,81680130,TMC3-AS1,15,81387789,TMC3-AS1,1
3.3613119769630565e-5,0.034213009040242395,1,4.379845742286077,0.0538410946341205,0.07828187948493089,0.02940030978331011,0.012292920299521311,93,chr12,25535797,cg26462457,0.0538410946341205,3.3613119769630565e-5,4.4734911770319625,chr12,25535797,,12,25535797,NA,1
3.372065970776335e-5,0.03428208885621543,1,4.378992162366727,0.03125856439552706,0.04545093497659332,0.0170661938144608,0.007138301060267861,93,chr14,103099578,cg10422233,0.03125856439552706,3.372065970776335e-5,4.47210393746845,chr14,103565915,C14orf73,14,103099578,C14orf73,1
3.383724798590925e-5,0.034290447461030826,1,4.378069729941288,0.01624392498110844,0.023620731331744388,0.008867118630472494,0.0037102938014023546,93,chr1,43970920,cg09185338,0.01624392498110844,3.383724798590925e-5,4.470604965761121,chr1,44436592,DPH2;DPH2,1,43970920,DPH2,1
3.3847924536724206e-5,0.034290447461030826,1,4.37798541193843,0.024793519184727636,0.03605314470638295,0.013533893663072328,0.005663225628189079,93,chr11,111918180,cg03696394,0.024793519184727636,3.3847924536724206e-5,4.470467955926608,chr11,111788904,C11orf52;HSPB2-C11orf52,11,111918180,C11orf52,1
3.395875584114076e-5,0.03436244353352865,1,4.3771116374724315,0.049643626555505395,0.07219307682430585,0.02709417628670493,0.011341640485133291,93,chr7,36022276,cg07376561,0.049643626555505395,3.395875584114076e-5,4.469048229536012,chr7,36022276,,7,36022276,NA,1
3.406345344763368e-5,0.03439366180077172,1,4.376288747748203,0.045121774035176934,0.06562113294831284,0.024622415122041025,0.010310511174198485,93,chr7,100357478,cg01658789,0.045121774035176934,3.406345344763368e-5,4.467711324159071,chr7,99955101,PILRB;STAG3L5P-PVRIG2P-PILRB;STAG3L5P-PVRIG2P-PILRB,7,100357478,PILRB,1
3.406920831226519e-5,0.03439366180077172,1,4.3762435872509835,0.06063689447336016,0.08818524151961832,0.033088547427102,0.01385592306836154,93,chr4,3239027,cg01542143,0.06063689447336016,3.406920831226519e-5,4.467637958290339,chr4,3240754,HTT,4,3239027,HTT,1
3.4132210398367014e-5,0.034408484511482346,1,4.375749668730463,0.023829484518264703,0.034656836648716674,0.013002132387812735,0.005445806164039169,93,chr6,53250589,cg05892089,0.023829484518264703,3.4132210398367014e-5,4.466835585945523,chr6,53115387,,6,53250589,NA,1
3.416352645235081e-5,0.034408484511482346,1,4.375504487452447,0.05468985962145083,0.07954056709431243,0.029839152148589235,0.012499098053329378,93,chr6,128422670,cg20651000,0.05468985962145083,3.416352645235081e-5,4.466437306608613,chr6,128743815,PTPRK;PTPRK;PTPRK;PTPRK;PTPRK;PTPRK,6,128422670,PTPRK,1
3.42378068411077e-5,0.034443153966655295,1,4.3749237950432205,0.049451511768265365,0.07192493145856059,0.026978092077970136,0.011303399575620912,93,chr10,133278067,cg21741807,0.049451511768265365,3.42378068411077e-5,4.465494062549512,chr10,135091571,ADAM8;ADAM8;ADAM8,10,133278067,ADAM8,1
3.441832139533583e-5,0.034584489849328194,1,4.373517668074143,0.04812541704820593,0.07000321981973223,0.02624761427667962,0.011003823626805586,93,chr12,125683121,cg17389956,0.04812541704820593,3.441832139533583e-5,4.46321031432571,chr12,126167667,,12,125683121,NA,1
3.4530216803345794e-5,0.034637805910513866,1,4.372649626909893,0.024563384918862174,0.03573211040201945,0.0133946594357049,0.0056175058636520284,93,chr5,72265040,cg02597697,0.024563384918862174,3.4530216803345794e-5,4.461800694856421,chr5,71560867,MRPS27;MRPS27;MRPS27,5,72265040,MRPS27,1
3.4570478266663194e-5,0.034637805910513866,1,4.3723379589480835,0.01769175387232533,0.02573659084579505,0.009646916898855612,0.004046291489457895,93,chr1,72915434,cg24311236,0.01769175387232533,3.4570478266663194e-5,4.461294612151666,chr1,73381117,,1,72915434,NA,1
3.460529565284341e-5,0.034637805910513866,1,4.372068716815086,0.06900757029348625,0.10038879143550511,0.0376263491514674,0.0157837341458247,93,chr5,163502651,cg12910830,0.06900757029348625,3.460529565284341e-5,4.460857435981094,chr5,162929657,MAT2B,5,163502651,MAT2B,1
3.4681236240160655e-5,0.034637805910513866,1,4.371482376797269,0.028355603613081117,0.04125205563665414,0.015459151589508094,0.006486496151416632,93,chr7,27547647,cg06485995,0.028355603613081117,3.4681236240160655e-5,4.4599054301487975,chr7,27547647,,7,27547647,NA,1
3.471499080740781e-5,0.034637805910513866,1,4.3712221547457295,0.030792318325699185,0.044797849710192364,0.01678678694120601,0.007044327017849852,93,chr21,44967314,cg13915314,0.030792318325699185,3.471499080740781e-5,4.459482945409375,chr21,46387229,C21orf70,21,44967314,C21orf70,1
3.47277002844055e-5,0.034637805910513866,1,4.371124237697991,0.10764283318303225,0.15660403298542536,0.058681633380639156,0.024625891951248053,93,chr3,3109995,cg25308597,0.10764283318303225,3.47277002844055e-5,4.459323975308913,chr3,3151679,IL5RA;IL5RA;IL5RA;IL5RA;IL5RA;IL5RA;IL5RA;IL5RA;IL5RA;IL5RA;IL5RA;IL5RA;IL5RA;IL5RA,3,3109995,IL5RA,1
3.475196229878022e-5,0.034637805910513866,1,4.370937413069428,0.030320453069798987,0.04411226037583544,0.016528645763762534,0.006936830753773454,93,chr1,1069790,cg26702212,0.030320453069798987,3.475196229878022e-5,4.4590206675782955,chr1,1005170,,1,1069790,NA,1
3.4816555372555114e-5,0.034662207325235304,1,4.37044064122257,0.012230106077817689,0.017793823699842778,0.0066663884557925995,0.0027983691077878335,93,chr1,53735425,cg26875524,0.012230106077817689,3.4816555372555114e-5,4.458214198660753,chr1,54201098,GLIS1,1,53735425,GLIS1,1
3.489050122662783e-5,0.03469585318296075,1,4.369873031261669,0.08567831876325535,0.12466014663423697,0.04669649089227374,0.019606592262594487,93,chr2,96299361,cg01923915,0.08567831876325535,3.489050122662783e-5,4.457292791560915,chr2,96965099,SNRNP200,2,96299361,SNRNP200,1
3.499823218604863e-5,0.03476297970119345,1,4.3690481630667835,0.01848488479276277,0.026896705318165237,0.010073064267360302,0.004230872286788342,93,chr3,23406532,cg15288845,0.01848488479276277,3.499823218604863e-5,4.455953891970694,chr3,23448023,UBE2E2,3,23406532,UBE2E2,1
3.5066625966951375e-5,0.034764526895425966,1,-4.368525761790045,-0.010553658892603969,-0.005750485839472885,-0.015356831945735052,0.002415839912153684,93,chr6,106098062,cg10573915,-0.010553658892603969,3.5066625966951375e-5,4.455106018961031,chr6,106545937,PRDM1;PRDM1,6,106098062,PRDM1,1
3.5115301214846e-5,0.034764526895425966,1,4.3681545727557705,0.020926481837587767,0.03045133534434162,0.011401628330833913,0.004790691695780747,93,chr14,54676030,cg08606441,0.020926481837587767,3.5115301214846e-5,4.454503601905691,chr14,55142748,SAMD4A;SAMD4A,14,54676030,SAMD4A,1
3.5130797624648985e-5,0.034764526895425966,1,4.368036504140632,0.02785762258910535,0.04053758228977972,0.01517766288843098,0.006377607550371436,93,chrX,52270996,cg23301333,0.02785762258910535,3.5130797624648985e-5,4.454311989688441,chrX,52014123,,23,52270996,NA,1
3.5185434343676954e-5,0.034764526895425966,1,4.3676206229216366,0.07908103039237088,0.11507978641454161,0.04308227437020016,0.018106204091387208,93,chr17,35046886,cg27089703,0.07908103039237088,3.5185434343676954e-5,4.453637083491272,chr17,33373905,RFFL;RFFL;RAD51L3-RFFL,17,35046886,RFFL,1
3.520093806818444e-5,0.034764526895425966,1,4.367502726049832,0.028413395844727782,0.04134790757968859,0.015478884109766975,0.0065056389490628095,93,chr2,149637555,cg11564340,0.028413395844727782,3.520093806818444e-5,4.453445762873922,chr2,149637555,KIF5C,2,149637555,KIF5C,1
3.528287572756081e-5,0.0347819372525343,1,4.366880469552785,0.04061887724799892,0.05911227422963458,0.022125480266363257,0.009301577529132306,93,chr7,134489576,cg22699461,0.04061887724799892,3.528287572756081e-5,4.452436024965572,chr7,134489576,CALD1;CALD1;CALD1,7,134489576,CALD1,1
3.5323976788247035e-5,0.0347819372525343,1,4.366568862777797,0.04113854413250518,0.05986987722147977,0.02240721104353059,0.009421251656692036,93,chr13,74536674,cg24573707,0.04113854413250518,3.5323976788247035e-5,4.451930409285605,chr13,74536674,KLF12,13,74536674,KLF12,1
3.5373133848089284e-5,0.0347819372525343,1,4.3661966393507265,0.028190045011318346,0.04102672044126211,0.015353369581374577,0.0064564304679393305,93,chr12,11945757,cg09901748,0.028190045011318346,3.5373133848089284e-5,4.451326462587236,chr12,12098691,,12,11945757,NA,1
3.5379566146901984e-5,0.0347819372525343,1,4.366147970159901,0.027357653228667587,0.03981542793167057,0.014899878525664607,0.006265855718963568,93,chr17,47655595,cg10800198,0.027357653228667587,3.5379566146901984e-5,4.451247497066818,chr17,45732961,KPNB1;KPNB1,17,47655595,KPNB1,1
3.5427009144467794e-5,0.03478900091614788,1,4.365789262467439,0.06784337086490834,0.09873954696732058,0.0369471947624961,0.015539772257941032,93,chr1,41514472,cg06084140,0.06784337086490834,3.5427009144467794e-5,4.4506655105762585,chr1,41514472,SCMH1;SCMH1;SCMH1;SCMH1;SCMH1;SCMH1;SCMH1,1,41514472,SCMH1,1
3.5540160383803415e-5,0.034860500199755375,1,4.3649356170395395,0.011393735714630673,0.016583508942595408,0.006203962486665939,0.0026102872331386926,93,chr7,66424664,cg16377007,0.011393735714630673,3.5540160383803415e-5,4.449280616664549,chr7,65889651,,7,66424664,NA,1
3.560648369782529e-5,0.03487235419917457,1,-4.364436474793976,-0.010758492608115074,-0.005857508082505721,-0.015659477133724425,0.0024650359033173766,93,chr17,4399241,ch.17.4249285F,-0.010758492608115074,3.560648369782529e-5,4.448470912763074,chr17,4302536,,17,4399241,NA,1
3.563295433890235e-5,0.03487235419917457,1,4.364237510319386,0.048936601002203546,0.07123047311941258,0.026642728884994506,0.011213092982792827,93,chr11,9251621,cg17144361,0.048936601002203546,3.563295433890235e-5,4.44814816867081,chr11,9273168,DENND5A;DENND5A,11,9251621,DENND5A,1
3.5806369816153445e-5,0.034960469068093324,1,4.362937568169976,0.0713120241817287,0.10380906737547141,0.03881498098798599,0.01634495636655199,93,chr1,42164855,cg09212118,0.0713120241817287,3.5806369816153445e-5,4.446039707157027,chr1,42630526,GUCA2A,1,42164855,GUCA2A,1
3.586227543289394e-5,0.034960469068093324,1,4.362519789642734,0.043715399375981435,0.06363850889978652,0.023792289852176348,0.010020676463123044,93,chr19,19283649,cg07724986,0.043715399375981435,3.586227543289394e-5,4.445362158259653,chr19,19283649,MEF2BNB-MEF2B;MEF2BNB-MEF2B;MEF2BNB-MEF2B,19,19283649,MEF2BNB-MEF2B,1
3.5879897983180375e-5,0.034960469068093324,1,4.362388228059552,0.07704102845017939,0.11215321223914615,0.041928844661212626,0.017660287077303126,93,chrX,151226776,cg02413104,0.07704102845017939,3.5879897983180375e-5,4.445148800449707,chrX,150395248,,23,151226776,NA,1
3.588481663341493e-5,0.034960469068093324,1,4.362351518899235,0.024102870266506485,0.03508807580322549,0.013117664729787482,0.00552520129615516,93,chr12,47023509,cg14889069,0.024102870266506485,3.588481663341493e-5,4.445089268612368,chr12,47417292,,12,47023509,NA,1
3.6008787835093494e-5,0.035016945553337536,1,4.361427891488557,0.023401697775977868,0.034069593251926204,0.01273380230002953,0.0053656046501759,93,chr2,191291107,cg24376339,0.023401697775977868,3.6008787835093494e-5,4.443591498050838,chr2,192155833,MYO1B;MYO1B;MYO1B,2,191291107,MYO1B,1
3.6023829831924324e-5,0.035016945553337536,1,4.361316032585129,0.03818278582646903,0.05558923296819304,0.020776338684745016,0.008754877092416654,93,chr3,112976458,cg02155111,0.03818278582646903,3.6023829831924324e-5,4.443410117544979,chr3,112695305,CD200R1;CD200R1;CD200R1;CD200R1,3,112976458,CD200R1,1
3.6119267773328865e-5,0.035036917278940816,1,4.360607363778956,0.028784296529614138,0.04190837197403158,0.015660221085196702,0.006600983332897304,93,chr10,134362678,cg01333603,0.028784296529614138,3.6119267773328865e-5,4.44226106248993,chr10,134362678,INPP5A,10,134362678,INPP5A,1
3.612546553793345e-5,0.035036917278940816,1,4.36056140522076,0.07518274921200387,0.10946235966643314,0.04090313875757459,0.017241529753941772,93,chr9,366070,cg08531949,0.07518274921200387,3.612546553793345e-5,4.442186547577876,chr9,366070,DOCK8;DOCK8;DOCK8,9,366070,DOCK8,1
3.6184874885268755e-5,0.03505519282719144,1,4.360121250530606,0.05377763697723274,0.0783000515630299,0.029255222391435593,0.01233397740273582,93,chr19,2430637,cg10777596,0.05377763697723274,3.6184874885268755e-5,4.44147292467483,chr19,2430637,LMNB2,19,2430637,LMNB2,1
3.629570495065654e-5,0.03512318703753611,1,4.359301990575068,0.05570844025406933,0.08111606844226302,0.03030081206587565,0.012779211069687884,93,chr17,8864950,cg24254621,0.05570844025406933,3.629570495065654e-5,4.440144764126175,chr17,8768267,PIK3R6;PIK3R6;PIK3R6,17,8864950,PIK3R6,1
3.642749202056903e-5,0.03517783423836839,1,4.358330955381163,0.0246488630594097,0.03589327553351546,0.013404450585303934,0.005655573959792139,93,chr6,30196505,cg16707262,0.0246488630594097,3.642749202056903e-5,4.438570728267327,chr6,30164282,TRIM26,6,30196505,TRIM26,1
3.643359228855539e-5,0.03517783423836839,1,4.3582860895347935,0.02751892301682828,0.040072739634272624,0.014965106399383934,0.0063141616799565516,93,chr2,27386489,cg27401388,0.02751892301682828,3.643359228855539e-5,4.438498005969658,chr2,27609356,PPM1G,2,27386489,PPM1G,1
3.6479665327308046e-5,0.035183008651700785,1,4.357947468809525,0.05953665842098495,0.08669870857527295,0.03237460826669695,0.013661628288798251,93,chr4,74321062,cg12425700,0.05953665842098495,3.6479665327308046e-5,4.437949154641047,chr4,75186779,,4,74321062,NA,1
3.6735437829244295e-5,0.0353241227373437,1,-4.356075110918998,-0.09704404008819686,-0.05275119361386632,-0.1413368865625274,0.022277861978308163,93,chr1,87402813,cg02992366,-0.09704404008819686,3.6735437829244295e-5,4.4349147796744655,chr1,87868496,,1,87402813,NA,1
3.6771267199611975e-5,0.0353241227373437,1,4.355813831694438,0.0496814542182901,0.07235842664368988,0.027004481792890327,0.0114057799846243,93,chr17,73262897,cg18911972,0.0496814542182901,3.6771267199611975e-5,4.434491403356156,chr17,71259036,CPSF4L,17,73262897,CPSF4L,1
3.6782687930682866e-5,0.0353241227373437,1,-4.355730599761199,-0.011774061952099065,-0.006399718861246223,-0.017148405042951908,0.00270311987448089,93,chr19,55451756,cg02816363,-0.011774061952099065,3.6782687930682866e-5,4.434356537446785,chr19,55963123,,19,55451756,NA,1
3.689867278801838e-5,0.0353241227373437,1,-4.354886737365213,-0.01593492697545136,-0.008659921987882131,-0.02320993196302059,0.0036590910249694082,93,chr7,43869989,cg14456900,-0.01593492697545136,3.689867278801838e-5,4.432989254740835,chr7,43909588,MRPS24;URGCP-MRPS24,7,43869989,MRPS24,1
3.6920710345490165e-5,0.0353241227373437,1,4.354726690078763,0.029075555636318712,0.04235033164699753,0.015800779625639895,0.006676780819003092,93,chr17,68455424,cg00685984,0.029075555636318712,3.6920710345490165e-5,4.432729951845506,chr17,66451565,WIPI1,17,68455424,WIPI1,1
3.6927897957488586e-5,0.0353241227373437,1,4.354674510158616,0.058588655342415065,0.08533829361506914,0.031839017069760986,0.013454198518336796,93,chr17,58192888,cg07115820,0.058588655342415065,3.6927897957488586e-5,4.432645412940561,chr17,56270249,EPX,17,58192888,EPX,1
3.693281870444966e-5,0.0353241227373437,1,4.354638792660087,0.06430252221818086,0.09366116353887949,0.03494388089748223,0.014766442242365832,93,chrX,97565694,cg08361134,0.06430252221818086,3.693281870444966e-5,4.432587545826571,chrX,96820693,DIAPH2-AS1;DIAPH2,23,97565694,DIAPH2-AS1,1
3.6964553222243346e-5,0.0353241227373437,1,4.354408556369978,0.05372747350667785,0.07825915549102673,0.02919579152232897,0.012338638602958142,93,chr18,9845117,cg22228931,0.05372747350667785,3.6964553222243346e-5,4.43221453860178,chr18,9845114,RAB31,18,9845117,RAB31,1
3.7031546922236664e-5,0.0353241227373437,1,4.353923138455634,0.08724272307541596,0.12708173298687056,0.047403713163961365,0.020037726965102455,93,chr15,79317077,cg00527937,0.08724272307541596,3.7031546922236664e-5,4.4314281457480424,chr15,79609419,TMED3;TMED3;TMED3,15,79317077,TMED3,1
3.703475221955558e-5,0.0353241227373437,1,4.353899935023319,0.03295054404956212,0.04799734681573489,0.01790374128338934,0.007568052674914229,93,chr2,152720150,cg24245625,0.03295054404956212,3.703475221955558e-5,4.431390556643269,chr2,153576664,ARL6IP6;ARL6IP6,2,152720150,ARL6IP6,1
3.714875723067087e-5,0.03537709794308576,1,4.35307590165007,0.06472230047250098,0.0942832096897418,0.03516139125526016,0.014868176419337752,93,chr7,112421726,cg16009085,0.06472230047250098,3.714875723067087e-5,4.43005571048725,chr7,112061781,IFRD1;IFRD1,7,112421726,IFRD1,1
3.720245602466375e-5,0.03537709794308576,1,4.352688610286769,0.011450420204535051,0.016680687782005856,0.006220152627064249,0.002630654574617195,93,chr4,6971659,cg12175713,0.011450420204535051,3.720245602466375e-5,4.429428388001178,chr4,6973386,TBC1D14;TBC1D14,4,6971659,TBC1D14,1
3.722895871609464e-5,0.03537709794308576,1,4.352497664129719,0.01689366256327984,0.024610606598111984,0.009176718528447696,0.0038813719999221934,93,chr4,71266733,cg12786601,0.01689366256327984,3.722895871609464e-5,4.429119110710923,chr4,72132450,SLC4A4;SLC4A4,4,71266733,SLC4A4,1
3.72761754858658e-5,0.03537709794308576,1,4.352157802641242,0.01216513577219915,0.01772254539358651,0.006607726150811793,0.002795196388517061,93,chr12,107613578,cg09153253,0.01216513577219915,3.72761754858658e-5,4.428568652396076,chr12,108007355,BTBD11;BTBD11,12,107613578,BTBD11,1
3.729498540320583e-5,0.03537709794308576,1,4.352022526591303,0.06331880058818168,0.09224568279617094,0.03439191838019241,0.014549281443581077,93,chr8,123512518,cg07473853,0.06331880058818168,3.729498540320583e-5,4.428349558489486,chr8,124524758,FBXO32;FBXO32;FBXO32,8,123512518,FBXO32,1
3.743086220155426e-5,0.03544451788875177,1,4.35104728892209,0.06253201340676177,0.09110585883246795,0.033958167981055595,0.014371715418025989,93,chr3,100609053,cg07704151,0.06253201340676177,3.743086220155426e-5,4.426770169009953,chr3,100327897,GPR128,3,100609053,GPR128,1
3.744809342850605e-5,0.03544451788875177,1,4.3509238584875805,0.06719404479846063,0.0978990647210042,0.036489024875917056,0.015443626913254663,93,chr21,45086714,cg19582046,0.06719404479846063,3.744809342850605e-5,4.426570288366568,chr21,46506629,ADARB1;ADARB1;ADARB1;ADARB1;ADARB1;ADARB1;ADARB1;ADARB1,21,45086714,ADARB1,1
3.751458068920887e-5,0.03546323145360933,1,4.350448111734066,0.07017181211790145,0.10224106046425976,0.038102563771543134,0.016129789464361947,93,chr6,151392692,cg23657242,0.07017181211790145,3.751458068920887e-5,4.425799903415616,chr6,151392692,MTHFD1L;MTHFD1L;MTHFD1L,6,151392692,MTHFD1L,1
3.755227042502927e-5,0.03546323145360933,1,4.350178786013252,0.05921833473442895,0.08628340546763177,0.03215326400122613,0.013612850792438338,93,chr12,130339470,cg13900773,0.05921833473442895,3.755227042502927e-5,4.425363800250939,chr12,130824015,PIWIL1,12,130339470,PIWIL1,1
3.7604116978742625e-5,0.03546323145360933,1,-4.349808723918017,-0.027301224165985863,-0.014822446612373159,-0.03978000171959857,0.006276419470094479,93,chr19,50805289,cg01534416,-0.027301224165985863,3.7604116978742625e-5,4.424764604985358,chr19,51308546,C19orf48;C19orf48,19,50805289,C19orf48,1
3.763928004149914e-5,0.03546323145360933,1,4.349558022958554,0.05706229156234095,0.08314568918278653,0.030978893941895375,0.013119101127320376,93,chr9,96574886,cg09013060,0.05706229156234095,3.763928004149914e-5,4.424358692285017,chr9,99337168,CDC14B;CDC14B,9,96574886,CDC14B,1
3.767305575224424e-5,0.03546323145360933,1,4.349317426280097,0.015250383490630225,0.0222217793136371,0.00827898766762335,0.0035063854844169517,93,chr4,4759153,cg27453349,0.015250383490630225,3.767305575224424e-5,4.42396915169707,chr4,4760880,,4,4759153,NA,1
3.7752883148930594e-5,0.03546731662904109,1,-4.348749613803235,-0.10079561205162639,-0.05471297692421759,-0.1468782471790352,0.023178067491329942,93,chr1,115333371,cg09678315,-0.10079561205162639,3.7752883148930594e-5,4.423049876144523,chr1,115875992,NGF,1,115333371,NGF,1
3.7779545935037905e-5,0.03546731662904109,1,4.3485602196701,0.06580756172446893,0.09589535893067187,0.03571976451826599,0.015133183950586148,93,chr7,65954207,cg23090159,0.06580756172446893,3.7779545935037905e-5,4.422743266083124,chr7,65419194,VKORC1L1,7,65954207,VKORC1L1,1
3.781875358632872e-5,0.03546731662904109,1,4.3482819498065846,0.012662987465625001,0.018452987447799735,0.0068729874834502665,0.0029121817793320097,93,chr11,46591194,cg19244380,0.012662987465625001,3.781875358632872e-5,4.422292788539621,chr11,46612744,AMBRA1;AMBRA1,11,46591194,AMBRA1,1
3.784156714556685e-5,0.03546731662904109,1,-4.348120162529402,-0.10260261909007583,-0.0556870496976491,-0.14951818848250256,0.023597006350990424,93,chr3,138561638,cg20849359,-0.10260261909007583,3.784156714556685e-5,4.422030886314145,chr3,138561638,,3,138561638,NA,1
3.7891141367899815e-5,0.03547530400363311,1,4.347768920780005,0.04539041382184884,0.06614708811419452,0.02463373952950317,0.010439932445560065,93,chr1,111749052,cg25297070,0.04539041382184884,3.7891141367899815e-5,4.421462312584205,chr1,112291674,FAM212B;LOC101928718,1,111749052,FAM212B,1
3.796158374844272e-5,0.03550279060539424,1,4.347270587296258,0.018822785467955655,0.027431281857825562,0.010214289078085746,0.004329793853403154,93,chr6,130708880,cg05926435,0.018822785467955655,3.796158374844272e-5,4.420655677202029,chr6,131030025,,6,130708880,NA,1
3.818068128042106e-5,0.03566909415117667,1,4.345726305963136,0.04616274118020486,0.0672825168457009,0.025042965514708818,0.010622560633158395,93,chr7,152162483,cg05825759,0.04616274118020486,3.818068128042106e-5,4.418156326500557,chr7,151859568,KMT2C,7,152162483,KMT2C,1
3.8388176543613515e-5,0.03582421116254504,1,4.3442716727859585,0.10795179832359439,0.1573570353436164,0.058546561303572386,0.024849228237691097,93,chr9,123550043,cg02202133,0.10795179832359439,3.8388176543613515e-5,4.415802516584199,chr9,126312322,DENND1A;DENND1A,9,123550043,DENND1A,1
3.849969626582226e-5,0.035889524840887636,1,4.343493004839126,0.031128134461783714,0.045376795313574345,0.016879473609993086,0.0071666132366516,93,chr9,135957445,cg05378265,0.031128134461783714,3.849969626582226e-5,4.41454269674079,chr9,135957445,CELP,9,135957445,CELP,1
3.8676848310751763e-5,0.03601581446275082,1,4.342260537558612,0.022566621470362824,0.03289924838785497,0.012233994552870678,0.005196975463625832,93,chr5,62402262,cg03940525,0.022566621470362824,3.8676848310751763e-5,4.412548922826272,chr5,61698089,DIMT1L,5,62402262,DIMT1L,1
3.8795699808147016e-5,0.036064969763184435,1,4.341436726037139,0.04970646835466062,0.07246999331085585,0.02694294339846538,0.011449313094108515,93,chr16,85534712,cg05731560,0.04970646835466062,3.8795699808147016e-5,4.411216409794723,chr16,85568318,,16,85534712,NA,1
3.881510568916238e-5,0.036064969763184435,1,4.341302446940967,0.04076804521465156,0.05943871625067566,0.022097374178627463,0.009390740615959193,93,chr10,99668951,cg14927133,0.04076804521465156,3.881510568916238e-5,4.4109992269639795,chr10,101428708,ENTPD7,10,99668951,ENTPD7,1
3.889190158352327e-5,0.036064969763184435,1,4.340771692542764,0.053931757128379006,0.07863407511195177,0.029229439144806246,0.012424462963816127,93,chr10,124798532,cg10402121,0.053931757128379006,3.889190158352327e-5,4.410140821906765,chr10,126487101,,10,124798532,NA,1
3.894974489939011e-5,0.036064969763184435,1,4.34037259170505,0.09571162020874997,0.13955436523042097,0.05186887518707898,0.02205147557877079,93,chr16,84594058,cg19039140,0.09571162020874997,3.894974489939011e-5,4.409495382385512,chr16,84627664,COTL1,16,84594058,COTL1,1
3.898009559536362e-5,0.036064969763184435,1,4.340163410274371,0.041809067627096165,0.06096152407115552,0.022656611183036808,0.009633063015121159,93,chr7,141917818,cg01184282,0.041809067627096165,3.898009559536362e-5,4.4091571001468735,chr7,141617618,OR9A4,7,141917818,OR9A4,1
3.900760293855371e-5,0.036064969763184435,1,4.339973961481643,0.0435944111336602,0.0635655933360634,0.023623228931256998,0.010044855457791112,93,chr19,941919,cg01950129,0.0435944111336602,3.900760293855371e-5,4.408850736756768,chr19,941919,ARID3A,19,941919,ARID3A,1
3.9047092193551446e-5,0.036064969763184435,1,4.339702216204603,0.02360926895758602,0.03442566777230059,0.012792870142871452,0.005440297002275449,93,chr1,87787276,cg18885452,0.02360926895758602,3.9047092193551446e-5,4.408411302153272,chr1,88252959,,1,87787276,NA,1
3.906351162566381e-5,0.036064969763184435,1,4.3395893040070375,0.06840109152260951,0.09973932299938859,0.037062860045830426,0.015762111741645723,93,chr11,101130526,cg23614125,0.06840109152260951,3.906351162566381e-5,4.40822871826533,chr11,101001257,PGR,11,101130526,PGR,1
3.919468281435311e-5,0.036147453087928355,1,4.338688915728988,0.012455821809264571,0.01816369027435062,0.006747953344178524,0.002870872296031332,93,chr2,86115571,cg10885729,0.012455821809264571,3.919468281435311e-5,4.40677284576052,chr2,86342694,PTCD3,2,86115571,PTCD3,1
3.9254653721748806e-5,0.03616416580272567,1,4.3382782309918175,0.013606943537535835,0.019842902710324743,0.0073709843647469285,0.003136484755710335,93,chr1,224510378,cg16553083,0.013606943537535835,3.9254653721748806e-5,4.406108849342446,chr1,224698080,,1,224510378,NA,1
3.940532064508181e-5,0.036213996798655265,1,4.337249121219788,0.04859074341318881,0.07086479688939913,0.02631668993697848,0.011203124850601934,93,chr12,131566586,cg12565906,0.04859074341318881,3.940532064508181e-5,4.404445134245722,chr12,132051131,,12,131566586,NA,1
3.9463590096087945e-5,0.036213996798655265,1,4.336852138353319,0.08589938946069714,0.12527937421640956,0.04651940470498471,0.019806852232991442,93,chr2,85398015,cg14947564,0.08589938946069714,3.9463590096087945e-5,4.403803408490869,chr2,85625138,CAPG;CAPG;CAPG;CAPG;CAPG;CAPG,2,85398015,CAPG,1
3.9523807175641675e-5,0.036213996798655265,1,4.336442480819572,0.03566827144394567,0.05202169009584351,0.019314852792047837,0.00822523799213509,93,chr20,17678672,cg00990977,0.03566827144394567,3.9523807175641675e-5,4.403141228159922,chr20,17659317,RRBP1;RRBP1,20,17678672,RRBP1,1
3.960967702345391e-5,0.036213996798655265,1,4.335859348520709,0.07715393540300125,0.11253272574243445,0.041775145063568046,0.01779438150578485,93,chr13,110663798,cg12075669,0.07715393540300125,3.960967702345391e-5,4.402198698810138,chr13,111316145,CARS2,13,110663798,CARS2,1
3.9640597856867176e-5,0.036213996798655265,1,4.335649667579545,0.0689397225315242,0.10055343001143172,0.03732601505161667,0.015900667216503,93,chr16,3793231,cg04141008,0.0689397225315242,3.9640597856867176e-5,4.4018598041368024,chr16,3843232,CREBBP;CREBBP,16,3793231,CREBBP,1
3.966523377076329e-5,0.036213996798655265,1,4.335482719071586,0.031175029993132212,0.0454715225529022,0.016878537433362227,0.007190671030931506,93,chr2,39418814,cg15756055,0.031175029993132212,3.966523377076329e-5,4.401589981815133,chr2,39645955,MAP4K3,2,39418814,MAP4K3,1
3.966921539415136e-5,0.036213996798655265,1,-4.335455746476988,-0.019434069359415225,-0.010521784219312932,-0.02834635449951752,0.004482589719709962,93,chr11,36510855,cg18314863,-0.019434069359415225,3.966921539415136e-5,4.401546389224874,chr11,36532405,TRAF6;TRAF6,11,36510855,TRAF6,1
3.9685905915078064e-5,0.036213996798655265,1,4.335342708811228,0.027623811233718317,0.040292166836066554,0.014955455631370077,0.006371771066120146,93,chr14,60253998,cg22786756,0.027623811233718317,3.9685905915078064e-5,4.401363701551392,chr14,60720716,PPM1A;PPM1A;PPM1A,14,60253998,PPM1A,1
3.9748448769329524e-5,0.03621439881978792,1,4.334919541081273,0.054055827927561556,0.0788483988610901,0.02926325699403301,0.012469857263850907,93,chr10,131929544,cg26789365,0.054055827927561556,3.9748448769329524e-5,4.4006798155374725,chr10,133743048,,10,131929544,NA,1
3.9770161360476786e-5,0.03621439881978792,1,-4.334772783064923,-0.05707410008190397,-0.030896319892679682,-0.08325188027112826,0.013166572491384297,93,chr16,30474062,cg24033122,-0.05707410008190397,3.9770161360476786e-5,4.400442646936511,chr16,30485383,ITGAL;ITGAL,16,30474062,ITGAL,1
4.0042684967082823e-5,0.03640404608265349,1,4.332937314248481,0.07495123991502328,0.10934316592925411,0.04055931390079245,0.0172980208295543,93,chr4,152578365,cg04459751,0.07495123991502328,4.0042684967082823e-5,4.397476809631945,chr4,153499517,,4,152578365,NA,1
4.006494275109673e-5,0.03640404608265349,1,4.332787939497301,0.05854589192770158,0.08541102988129996,0.03168075397410319,0.013512291103380005,93,chrX,140931718,cg27608743,0.05854589192770158,4.006494275109673e-5,4.397235473487043,chrX,140013883,,23,140931718,NA,1
4.01048101152183e-5,0.03640404608265349,1,4.332520584858279,0.01358241176574225,0.01981540046819471,0.007349423063289791,0.0031349907056902175,93,chr1,232988933,cg08548304,0.01358241176574225,4.01048101152183e-5,4.396803535578936,chr1,233124679,PCNXL2,1,232988933,PCNXL2,1
4.0245141896351736e-5,0.036414227374417504,1,4.331581542687197,0.05537718309510667,0.0807953629328717,0.02995900325734163,0.012784518206426778,93,chr6,75610077,cg01515060,0.05537718309510667,4.0245141896351736e-5,4.395286537033868,chr6,76319793,SENP6;SENP6,6,75610077,SENP6,1
4.0258813039418844e-5,0.036414227374417504,1,4.331490230131904,0.05214661058030001,0.07608245913696207,0.02821076202363796,0.01203895375719502,93,chr1,61709366,cg20876166,0.05214661058030001,4.0258813039418844e-5,4.395139033670656,chr1,62175038,TM2D1,1,61709366,TM2D1,1
4.038638750274584e-5,0.036414227374417504,1,4.33063957278424,0.022180736401538753,0.03236393005129917,0.011997542751778334,0.005121815387485223,93,chrX,132676150,cg25886790,0.022180736401538753,4.038638750274584e-5,4.393764992033986,chrX,131810178,HS6ST2;HS6ST2,23,132676150,HS6ST2,1
4.0396351924146574e-5,0.036414227374417504,1,-4.330573240021855,-0.12597271067913557,-0.06813765356782339,-0.18380776779044775,0.029089153721020965,93,chr9,36140809,cg21839974,-0.12597271067913557,4.0396351924146574e-5,4.393657852977243,chr9,36140806,GLIPR2;GLIPR2;GLIPR2;GLIPR2;GLIPR2;GLIPR2;GLIPR2;GLIPR2;GLIPR2;GLIPR2;GLIPR2,9,36140809,GLIPR2,1
4.042854141675198e-5,0.036414227374417504,1,4.330359063733656,0.0661813475058186,0.09656722475153885,0.03579547026009834,0.01528310852097256,93,chr5,140867182,cg19239201,0.0661813475058186,4.042854141675198e-5,4.393311926885044,chr5,140246767,PCDHA11;PCDHA11;PCDHA1;PCDHA1;PCDHA2;PCDHA3;PCDHA4;PCDHA5;PCDHA6;PCDHA6;PCDHA7;PCDHA8;PCDHA9;PCDHA10;PCDHA10,5,140867182,PCDHA11,1
4.044223022399349e-5,0.036414227374417504,1,-4.330268033661242,-0.010871991196074238,-0.005880223167608345,-0.01586375922454013,0.002510697054214902,93,chr6,32117315,cg18278744,-0.010871991196074238,4.044223022399349e-5,4.393164902851886,chr6,32085092,ATF6B;ATF6B,6,32117315,ATF6B,1
4.0479031278320466e-5,0.036414227374417504,1,4.330023455404543,0.064935516584214,0.09475170560945788,0.03511932755897011,0.014996573864551326,93,chr12,130825872,cg21575634,0.064935516584214,4.0479031278320466e-5,4.392769889338069,chr12,131310417,STX2;STX2,12,130825872,STX2,1
4.057798368936652e-5,0.036414227374417504,1,4.329366885066085,0.05383127869027773,0.07855252644962582,0.02911003093092964,0.01243398402569341,93,chr3,112348565,cg25086874,0.05383127869027773,4.057798368936652e-5,4.391709536758995,chr3,112067412,CD200;CD200,3,112348565,CD200,1
4.05903319981567e-5,0.036414227374417504,1,4.329285059924615,0.06907547355265574,0.1007980001623214,0.037352946942990066,0.015955399701459837,93,chr17,28572410,cg14750778,0.06907547355265574,4.05903319981567e-5,4.39157739646843,chr17,26899428,PIGS,17,28572410,PIGS,1
4.0642379118783535e-5,0.036414227374417504,1,-4.328940437525454,-0.022158220649053158,-0.011981371091435763,-0.03233507020667055,0.005118624515360491,93,chr16,4516088,cg24306847,-0.022158220649053158,4.0642379118783535e-5,4.3910208773009805,chr16,4566089,CDIP1;CDIP1;CDIP1;CDIP1,16,4516088,CDIP1,1
4.0716386463997286e-5,0.036414227374417504,1,4.328451141727485,0.0442990516638953,0.06464706396611353,0.023951039361677078,0.01023438874863112,93,chr17,2391831,cg07790718,0.0442990516638953,4.0716386463997286e-5,4.390230772134526,chr17,2295125,MNT,17,2391831,MNT,1
4.071698396301412e-5,0.036414227374417504,1,4.32844719488853,0.01850952457781353,0.02701156611365084,0.01000748304197622,0.004276250522282323,93,chr7,44083518,cg25692366,0.01850952457781353,4.071698396301412e-5,4.390224399058608,chr7,44123117,POLM;POLM;POLM;POLM,7,44083518,POLM,1
4.0749772073888816e-5,0.036414227374417504,1,4.328230695460631,0.03665502050405445,0.0534927352690169,0.019817305739091996,0.008468823194312993,93,chr11,64629264,cg20692694,0.03665502050405445,4.0749772073888816e-5,4.389874816060917,chr11,64396736,NRXN2;NRXN2;NRXN2,11,64629264,NRXN2,1
4.078357669728076e-5,0.036414227374417504,1,4.328007660039214,0.032588680209131915,0.04755926736305565,0.01761809305520818,0.007529718699443487,93,chr5,157750267,cg21032145,0.032588680209131915,4.078357669728076e-5,4.389514689500082,chr5,157177275,LSM11,5,157750267,LSM11,1
4.079224784279177e-5,0.036414227374417504,1,-4.327950478505481,-0.05121345795359225,-0.027686709999247692,-0.07474020590793681,0.011833189452592159,93,chr5,89878481,cg26152950,-0.05121345795359225,4.079224784279177e-5,4.389422362375407,chr5,89174298,,5,89878481,NA,1
4.0841722492697624e-5,0.036414227374417504,1,4.327624444176731,0.03743913540957524,0.05463944753180911,0.02023882328734137,0.008651197878307922,93,chr8,133489432,cg02986801,0.03743913540957524,4.0841722492697624e-5,4.388895949902986,chr8,134501675,ST3GAL1;ST3GAL1,8,133489432,ST3GAL1,1
4.0874522714967944e-5,0.036414227374417504,1,-4.327408503247577,-0.012570886875618664,-0.006795273596970646,-0.018346500154266684,0.002904945735117133,93,chr19,34404217,cg26788107,-0.012570886875618664,4.0874522714967944e-5,4.388547305486787,chr19,34895122,PDCD2L,19,34404217,PDCD2L,1
4.106963344678038e-5,0.036550366511124775,1,4.326127435060464,0.013595238557136619,0.019843333300461966,0.007347143813811272,0.0031425885532071953,93,chr17,9792099,cg03492452,0.013595238557136619,4.106963344678038e-5,4.386479173278586,chr17,9695416,DHRS7C;DHRS7C,17,9792099,DHRS7C,1
4.12729959924916e-5,0.036693413618370876,1,4.324798425498844,0.0456411155433163,0.06662328849942925,0.024658942587203348,0.01055335094329901,93,chr1,26546574,cg06164953,0.0456411155433163,4.12729959924916e-5,4.384334004692223,chr1,26546574,,1,26546574,NA,1
4.131529111854727e-5,0.036693413618370876,1,4.324522813819551,0.01950972855927197,0.028479329396264928,0.010540127722279012,0.004511417652122496,93,chr12,25553019,cg15461781,0.01950972855927197,4.131529111854727e-5,4.383889182742144,chr12,25705953,IFLTD1;IFLTD1;IFLTD1;IFLTD1;IFLTD1,12,25553019,IFLTD1,1
4.1385178935782835e-5,0.03671774655822855,1,4.324067993683567,0.03861038926710578,0.05636338905505973,0.020857389479151826,0.008929181808312533,93,chr22,24548975,cg25413879,0.03861038926710578,4.1385178935782835e-5,4.383155162715825,chr22,24944943,GUCD1;GUCD1;GUCD1;GUCD1;GUCD1;GUCD1;GUCD1;GUCD1;GUCD1,22,24548975,GUCD1,1
4.14333496360949e-5,0.03672278149203147,1,4.323754936989142,0.0408453414629116,0.05962732875022403,0.02206335417559917,0.009446729071873428,93,chr1,64371385,cg09294250,0.0408453414629116,4.14333496360949e-5,4.382649955196328,chr1,64371385,ROR1;ROR1,1,64371385,ROR1,1
4.173982384337031e-5,0.03688562257764574,1,4.321771382245721,0.05112795971633379,0.07464901242264266,0.027606907010024922,0.011830324927961872,93,chr6,42339070,cg26413708,0.05112795971633379,4.173982384337031e-5,4.37944938814104,chr6,42306808,TRERF1,6,42339070,TRERF1,1
4.174023425370922e-5,0.03688562257764574,1,4.32176873543705,0.019795914418308427,0.028902889039417245,0.01068893979719961,0.004580512200013986,93,chr16,47713470,cg09721469,0.019795914418308427,4.174023425370922e-5,4.379445117924906,chr16,47747381,,16,47713470,NA,1
4.174513150572762e-5,0.03688562257764574,1,4.321737154133337,0.012887528861519166,0.01881639142635012,0.006958666296688212,0.0029820251444939105,93,chr12,57499943,cg12449250,0.012887528861519166,4.174513150572762e-5,4.379394166491414,chr12,57893726,MARS,12,57499943,MARS,1
4.1842985032529804e-5,0.036903091584828164,1,4.321106866808045,0.057999717370867336,0.08468617641647833,0.031313258325256346,0.013422421420859488,93,chr15,72321086,cg01928245,0.057999717370867336,4.1842985032529804e-5,4.37837734094495,chr15,72613427,CELF6;CELF6,15,72321086,CELF6,1
4.1850310770711174e-5,0.036903091584828164,1,4.321059738041906,0.048606890460185875,0.07097182598159626,0.02624195493877549,0.011248835565095,93,chr19,38152819,cg23318101,0.048606890460185875,4.1850310770711174e-5,4.378301312688549,chr19,38643459,SIPA1L3;SIPA1L3,19,38152819,SIPA1L3,1
4.200531476959713e-5,0.0369391240241736,1,-4.320064411345187,-0.08826836079562275,-0.04764508685081115,-0.12889163474043436,0.020432186280328547,93,chr2,222982127,cg04936009,-0.08826836079562275,4.200531476959713e-5,4.37669575652876,chr2,223846845,,2,222982127,NA,1
4.2019411996688825e-5,0.0369391240241736,1,4.319974064836442,0.07145253835661679,0.10433744432200576,0.038567632391227825,0.016540038732691335,93,chr5,50441939,cg19459207,0.07145253835661679,4.2019411996688825e-5,4.376550029235638,chr5,49737773,EMB,5,50441939,EMB,1
4.223008723935497e-5,0.03701791785495331,1,-4.318627361252033,-0.029029832915755244,-0.015665143014351627,-0.04239452281715886,0.00672200458326626,93,chr19,51668646,cg20586198,-0.029029832915755244,4.223008723935497e-5,4.374378021404092,chr19,52171899,,19,51668646,NA,1
4.2251462391516405e-5,0.03701791785495331,1,4.318491087022651,0.0667839159318209,0.0975307168037641,0.036037115059877695,0.015464641372656976,93,chr7,137963122,cg04229315,0.0667839159318209,4.2251462391516405e-5,4.3741582548190285,chr7,137647868,CREB3L2;CREB3L2,7,137963122,CREB3L2,1
4.232948980885955e-5,0.03701791785495331,1,-4.317994198611967,-0.03678676119414748,-0.019848470550242046,-0.05372505183805291,0.0085194095920677,93,chr8,97929211,cg11857223,-0.03678676119414748,4.232948980885955e-5,4.373356965982222,chr8,98941439,MATN2;MATN2,8,97929211,MATN2,1
4.233675983549016e-5,0.03701791785495331,1,4.317947947205154,0.03831600220018866,0.055958613626477985,0.020673390773899337,0.008873660050716724,93,chr10,100551737,cg05717394,0.03831600220018866,4.233675983549016e-5,4.373282382958408,chr10,102311494,HIF1AN,10,100551737,HIF1AN,1
4.2400270421064536e-5,0.03701791785495331,1,4.317544222981648,0.07810228614472166,0.11406786329054452,0.04213670899889879,0.018089516195108037,93,chr8,58141262,cg06999417,0.07810228614472166,4.2400270421064536e-5,4.372631373548739,chr8,59053821,FAM110B,8,58141262,FAM110B,1
4.241389336588526e-5,0.03701791785495331,1,4.317457700657924,0.16693697141353384,0.24381186382376907,0.0900620790032986,0.03866557196103968,93,chr2,232560638,cg03382704,0.16693697141353384,4.241389336588526e-5,4.372491859827218,chr2,232560638,,2,232560638,NA,1
4.244647186041435e-5,0.03701791785495331,1,4.31725089619942,0.02828162136482523,0.04130600252448819,0.015257240205162266,0.006550840348362014,93,chr12,96862813,cg16298612,0.02828162136482523,4.244647186041435e-5,4.3721584023630635,chr12,97256591,,12,96862813,NA,1
4.2561609138985354e-5,0.03704222575175451,1,4.316521243880019,0.049592881617377856,0.07243548206584019,0.02675028116891552,0.011489085496264113,93,chr3,36974725,cg11014921,0.049592881617377856,4.2561609138985354e-5,4.370981960906355,chr3,36974725,TRANK1,3,36974725,TRANK1,1
4.25653474984635e-5,0.03704222575175451,1,4.316497584956472,0.06404190072053363,0.09353991576911361,0.034543885671953656,0.014836542696960511,93,chrX,119136175,cg19408632,0.06404190072053363,4.25653474984635e-5,4.370943816728343,chrX,118270138,KIAA1210,23,119136175,KIAA1210,1
4.276487581565433e-5,0.037121288962914806,1,4.315237733359205,0.05878355853665218,0.08586746021383035,0.03169965685947401,0.013622322145132893,93,chr7,2440858,cg12619262,0.05878355853665218,4.276487581565433e-5,4.368912784774912,chr7,2480493,,7,2440858,NA,1
4.2792814338945383e-5,0.037121288962914806,1,4.315061778389057,0.02667659105449769,0.038968048883389755,0.014385133225605624,0.0061822037376384606,93,chr1,226728399,cg06909274,0.02667659105449769,4.2792814338945383e-5,4.368629150494763,chr1,226916100,ITPKB,1,226728399,ITPKB,1
4.280814723369351e-5,0.037121288962914806,1,4.314965259954278,0.012679887261263697,0.018522379858018623,0.00683739466450877,0.0029385838581231253,93,chr12,53954923,cg10810799,0.012679887261263697,4.280814723369351e-5,4.368473568325367,chr12,54348707,HOXC12,12,53954923,HOXC12,1
4.284280807025169e-5,0.037121288962914806,1,4.314747197741751,0.02398195418501174,0.03503264163276239,0.012931266737261091,0.005558136568826882,93,chr5,20577182,cg03633572,0.02398195418501174,4.284280807025169e-5,4.368122071699937,chr5,20577291,,5,20577182,NA,1
4.2870983791033265e-5,0.037121288962914806,1,4.314570060871029,0.05831235642403051,0.08518331431339321,0.03144139853466781,0.01351521834188465,93,chr18,58861917,cg26172016,0.05831235642403051,4.2870983791033265e-5,4.367836550309876,chr18,56529149,ZNF532,18,58861917,ZNF532,1
4.2926702509062575e-5,0.03713036479272855,1,4.31422009557093,0.09678445849026823,0.14138739058641125,0.05218152639412522,0.022433824966331513,93,chr2,50834039,cg09258020,0.09678445849026823,4.2926702509062575e-5,4.367272471341684,chr2,50834039,NRXN1;NRXN1,2,50834039,NRXN1,1
4.296740017118348e-5,0.03713036479272855,1,4.313964753437415,0.02759647580151709,0.04031501151548305,0.01487794008755113,0.0063970100310921435,93,chr9,26943140,cg00601200,0.02759647580151709,4.296740017118348e-5,4.366860923380727,chr9,26943140,PLAA,9,26943140,PLAA,1
4.309517506631943e-5,0.03715697596544695,1,4.313164592375139,0.048161840399160265,0.07036256374685355,0.025961117051466975,0.011166242179651878,93,chr8,38106402,cg06420033,0.048161840399160265,4.309517506631943e-5,4.365571350706355,chr8,37963920,ASH2L;ASH2L;ASH2L;ASH2L,8,38106402,ASH2L,1
4.3153790209200956e-5,0.03715697596544695,1,4.312798294349519,0.018019256812860325,0.026326134388125186,0.009712379237595464,0.004178089394180233,93,chr10,54870035,cg12165702,0.018019256812860325,4.3153790209200956e-5,4.364981054070397,chr10,56629795,,10,54870035,NA,1
4.333353283342355e-5,0.03715697596544695,1,4.311678032663831,0.05407749204907682,0.07901369368717104,0.029141290410982602,0.012542098839339074,93,chr3,66353705,cg07410597,0.05407749204907682,4.333353283342355e-5,4.363175902991544,chr3,66404129,SLC25A26;SLC25A26;SLC25A26,3,66353705,SLC25A26,1
4.334589148265216e-5,0.03715697596544695,1,4.31160117117719,0.03076216359168821,0.044947458799843784,0.01657686838353264,0.007134742377688255,93,chr16,75580721,cg14840003,0.03076216359168821,4.334589148265216e-5,4.3630520606092835,chr16,75580721,TMEM231;TMEM231;TMEM231,16,75580721,TMEM231,1
4.3349252424589946e-5,0.03715697596544695,1,4.311580272308922,0.03513211474879561,0.05133259535332124,0.018931634144269977,0.008148315125762876,93,chr20,1818120,cg27058093,0.03513211474879561,4.3349252424589946e-5,4.363018387707376,chr20,1798766,,20,1818120,NA,1
4.336576188302313e-5,0.03715697596544695,1,4.311477636590681,0.06289341736774502,0.09189616459029958,0.03389067014519047,0.01458743907981354,93,chr5,157267843,cg00570498,0.06289341736774502,4.336576188302313e-5,4.362853019187504,chr5,156694853,CYFIP2;CYFIP2;CYFIP2;CYFIP2,5,157267843,CYFIP2,1
4.33925176150728e-5,0.03715697596544695,1,4.311311382073905,0.08426462433848332,0.12312401447257387,0.04540523420439276,0.01954501006094086,93,chr3,5000043,cg06016120,0.08426462433848332,4.33925176150728e-5,4.3625851515620955,chr3,5041728,,3,5000043,NA,1
4.3418400846093883e-05,0.03715697596544695,1,4.311150643226155,0.017403887669432253,0.025430146395921095,0.009377628942943408,0.004036947235137308,93,chr3,26376883,cg12617473,0.017403887669432253,4.3418400846093883e-05,4.362326176194973,chr3,26418374,,3,26376883,NA,1
4.34470036522245e-5,0.03715697596544695,1,4.31097312293689,0.07052817601443774,0.10305543137745193,0.038000920651423555,0.016360152105608528,93,chr2,30871497,cg17738841,0.07052817601443774,4.34470036522245e-5,4.362040169553085,chr2,31094363,,2,30871497,NA,1
4.349556792967988e-5,0.03715697596544695,1,4.310671972079958,0.024595841651145478,0.035940117928886635,0.013251565373404321,0.005705802206814092,93,chr22,29642121,cg25042300,0.024595841651145478,4.349556792967988e-5,4.361554994120008,chr22,30038110,NF2;NF2;NF2;NF2;NF2;NF2;NF2;NF2;NF2,22,29642121,NF2,1
4.35726327943209e-5,0.03715697596544695,1,4.31019475233776,0.021041285771181837,0.03074717796203475,0.011335393580328921,0.004881748268977748,93,chr1,144887235,cg21686944,0.021041285771181837,4.35726327943209e-5,4.360786197844813,chr1,144887235,PDE4DIP,1,144887235,PDE4DIP,1
4.360802982443059e-5,0.03715697596544695,1,4.309975831224193,0.03134005005028992,0.045797274815216116,0.016882825285363726,0.007271514105309539,93,chr2,70005437,cg19071507,0.03134005005028992,4.360802982443059e-5,4.360433533957309,chr2,70232569,,2,70005437,NA,1
4.3627096181367484e-5,0.03715697596544695,1,4.3098579819951555,0.05183936976223572,0.07575362364053466,0.027925115883936782,0.01202809233594231,93,chr22,39743621,cg11757326,0.05183936976223572,4.3627096181367484e-5,4.360243692683072,chr22,40139626,ENTHD1,22,39743621,ENTHD1,1
4.363788959719441e-5,0.03715697596544695,1,-4.309791289881951,-0.07037212671553109,-0.03790794063389471,-0.10283631279716746,0.016328430307226926,93,chr20,45254531,cg14609407,-0.07037212671553109,4.363788959719441e-5,4.360136260798071,chr20,43883172,SLPI,20,45254531,SLPI,1
4.377389180383225e-5,0.03715697596544695,1,4.308952298816281,0.014630194015960569,0.0213807334909663,0.007879654540954838,0.003395301920603682,93,chr15,67001226,cg05058955,0.014630194015960569,4.377389180383225e-5,4.358784839866392,chr15,67293564,,15,67001226,NA,1
4.380668871205976e-5,0.03715697596544695,1,4.30875035278661,0.026248540158712752,0.03836048556966329,0.014136594747762214,0.006091914826705373,93,chr7,71740707,cg02160807,0.026248540158712752,4.380668871205976e-5,4.358459573309615,chr7,71205692,,7,71740707,NA,1
4.380944781681941e-5,0.03715697596544695,1,4.3087333703324795,0.03836846474783107,0.05607301438578094,0.020663915109881203,0.008904812957797478,93,chr9,105243237,cg06054410,0.03836846474783107,4.380944781681941e-5,4.358432220723208,chr9,108005518,SLC44A1;SLC44A1,9,105243237,SLC44A1,1
4.3881412189922604e-5,0.03715697596544695,1,4.30829078952888,0.02457772244130735,0.035919906979711105,0.013235537902903596,0.0057047501299221665,93,chr6,122693241,cg15899170,0.02457772244130735,4.3881412189922604e-5,4.357719404424082,chr6,123014386,PKIB;PKIB;PKIB;PKIB;PKIB;PKIB,6,122693241,PKIB,1
4.388175264468692e-5,0.03715697596544695,1,4.308288697397849,0.053108041951869876,0.07761647662233646,0.02859960728140329,0.012326945959760414,93,chr15,74610635,cg24678767,0.053108041951869876,4.388175264468692e-5,4.357716034955222,chr15,74902976,CLK3,15,74610635,CLK3,1
4.3991691963906536e-5,0.03715697596544695,1,-4.307613926469154,-0.06345774639766967,-0.03416851639392557,-0.09274697640141377,0.014731530606245496,93,chr2,60529287,cg24760379,-0.06345774639766967,4.3991691963906536e-5,4.356629334307355,chr2,60756422,BCL11A;BCL11A;BCL11A,2,60529287,BCL11A,1
4.403091634399084e-5,0.03715697596544695,1,4.307373574145755,0.04353460753420041,0.0636293375892073,0.02343987747919352,0.010106996011562395,93,chr8,30848370,cg19418958,0.04353460753420041,4.403091634399084e-5,4.356242276180319,chr8,30705886,TEX15,8,30848370,TEX15,1
4.406372135279643e-5,0.03715697596544695,1,4.307172715959481,0.061879207124897355,0.09044278033160019,0.03331563391819452,0.014366548825779542,93,chr14,24801970,cg26279745,0.061879207124897355,4.406372135279643e-5,4.355918827776782,chr14,24801970,ADCY4,14,24801970,ADCY4,1
4.410585666018068e-5,0.03715697596544695,1,4.306914941935828,0.018415133645362305,0.02691610714329795,0.009914160147426658,0.004275713333935789,93,chr3,194202190,cg01266546,0.018415133645362305,4.410585666018068e-5,4.355503738280025,chr3,193919979,,3,194202190,NA,1
4.419555889892323e-5,0.03715697596544695,1,4.306366955115766,0.025048548939242375,0.03661317568133122,0.01348392219715353,0.0058166313275940995,93,chr12,62267231,cg11290188,0.025048548939242375,4.419555889892323e-5,4.354621369623654,chr12,62661012,USP15,12,62267231,USP15,1
4.422750773752671e-5,0.03715697596544695,1,4.306172040349899,0.010812599862623486,0.015804878729114832,0.005820320996132138,0.002510953989136232,93,chr13,102863218,cg23805677,0.010812599862623486,4.422750773752671e-5,4.354307532851411,chr13,103515568,BIVM-ERCC5;ERCC5,13,102863218,BIVM-ERCC5,1
4.427167638604127e-5,0.03715697596544695,1,-4.305902798143401,-0.04288025773525456,-0.02308080221871057,-0.06267971325179854,0.009958482517009782,93,chr6,136035713,cg05126932,-0.04288025773525456,4.427167638604127e-5,4.353874032766509,chr6,136356851,PDE7B,6,136035713,PDE7B,1
4.4300170307568564e-5,0.03715697596544695,1,4.305729243098043,0.03750928310071613,0.0548294522569112,0.020189113944521053,0.008711482070277037,93,chr12,12734806,cg09444226,0.03750928310071613,4.4300170307568564e-5,4.353594604172075,chr12,12887740,APOLD1,12,12734806,APOLD1,1
4.436343269141285e-5,0.03715697596544695,1,4.3053442998988825,0.02117483758687438,0.030953338534277508,0.011396336639471254,0.0049182681132776546,93,chr3,131855983,cg08982952,0.02117483758687438,4.436343269141285e-5,4.352974856994006,chr3,131855983,,3,131855983,NA,1
4.436604528535561e-5,0.03715697596544695,1,4.305328414005057,0.040289873159113004,0.05889573093424928,0.021684015383976723,0.009358141652574446,93,chr3,58293912,cg01046865,0.040289873159113004,4.436604528535561e-5,4.352949281837723,chr3,58279639,ABHD6,3,58293912,ABHD6,1
4.438937632254689e-5,0.03715697596544695,1,4.30518658950415,0.03264675415081801,0.047723517292729355,0.017569991008906667,0.007583121770008602,93,chr17,73584924,cg26738890,0.03264675415081801,4.438937632254689e-5,4.352720956834943,chr17,71581063,SDK2,17,73584924,SDK2,1
4.4487524150647753e-5,0.03715697596544695,1,4.304590756157317,0.056110963838390336,0.08202743949653417,0.030194488180246504,0.013035144806304482,93,chr9,101024929,cg26490664,0.056110963838390336,4.4487524150647753e-5,4.351761763225463,chr9,103787211,,9,101024929,NA,1
4.4513279369153955e-5,0.03715697596544695,1,4.304434612157117,0.045464744711307827,0.06646471711428917,0.02446477230832648,0.01056230348647896,93,chr7,134460572,cg26714632,0.045464744711307827,4.4513279369153955e-5,4.35151040932421,chr7,134145324,AKR1B1,7,134460572,AKR1B1,1
4.4537108566646156e-5,0.03715697596544695,1,4.304290222515074,0.05780692017057502,0.08450858666760032,0.031105253673549712,0.013430070274582321,93,chr5,96874527,cg13845211,0.05780692017057502,4.4537108566646156e-5,4.351277981606241,chr5,96210230,ERAP2;ERAP2,5,96874527,ERAP2,1
4.459910639639151e-5,0.03715697596544695,1,-4.303914904499011,-0.1027405540932235,-0.05527939834884081,-0.15020170983760617,0.023871418551009393,93,chr1,192788257,cg00906528,-0.1027405540932235,4.459910639639151e-5,4.3506738428798775,chr1,192757387,,1,192788257,NA,1
4.461612155060995e-5,0.03715697596544695,1,4.303811987432563,0.02066543484278397,0.030212092287430464,0.01111877739813748,0.004801658367774548,93,chr11,102680196,cg00076255,0.02066543484278397,4.461612155060995e-5,4.350508185338101,chr11,102550927,,11,102680196,NA,1
4.4644693763254874e-5,0.03715697596544695,1,4.303639252058347,0.02801765852579689,0.04096128763586357,0.01507402941573021,0.006510224692368578,93,chr5,81863963,cg25518040,0.02801765852579689,4.4644693763254874e-5,4.350230151697748,chr5,81159782,,5,81863963,NA,1
4.4675124316207544e-5,0.03715697596544695,1,4.303455399233465,0.09164741639446634,0.13398860078571273,0.049306232003219944,0.02129623939190601,93,chr2,70091989,cg25420477,0.09164741639446634,4.4675124316207544e-5,4.349934230321639,chr2,70319121,,2,70091989,NA,1
4.480178201292247e-5,0.037226489932722095,1,4.30269146520451,0.04853137510878563,0.07095689262026723,0.026105857597304022,0.01127930633680212,93,chr3,114452528,cg18537923,0.04853137510878563,4.480178201292247e-5,4.348704711381606,chr3,114171375,LOC101929754;ZBTB20;ZBTB20;ZBTB20;ZBTB20;ZBTB20;ZBTB20;ZBTB20,3,114452528,LOC101929754,1
4.494570142241384e-5,0.03729037693369538,1,4.301825942922523,0.03405502626844238,0.04979443695027849,0.01831561558660627,0.007916411942345228,93,chr7,105153443,cg24493060,0.03405502626844238,4.494570142241384e-5,4.347311837585813,chr7,104793890,SRPK2;SRPK2;SRPK2,7,105153443,SRPK2,1
4.506438147405934e-5,0.03729037693369538,1,-4.3011142182750985,-0.023905921006678287,-0.012855353382412515,-0.034956488630944055,0.0055580763015090125,93,chr9,93970275,cg02021738,-0.023905921006678287,4.506438147405934e-5,4.346166585415131,chr9,93970275,,9,93970275,NA,1
4.5072842711327605e-5,0.03729037693369538,1,4.301063545306197,0.0880906263879337,0.1288112032026589,0.04737004957320851,0.02048112646093501,93,chr22,30216936,cg24447018,0.0880906263879337,4.5072842711327605e-5,4.346085050428899,chr22,30612925,,22,30216936,NA,1
4.512455975559864e-5,0.03729037693369538,1,4.300754019751357,0.028373958673771554,0.041490985599261516,0.015256931748281593,0.006597438156998329,93,chr9,140310081,cg01596854,0.028373958673771554,4.512455975559864e-5,4.345587022131092,chr9,140310081,EXD3,9,140310081,EXD3,1
4.514475573661014e-5,0.03729037693369538,1,4.300633240112291,0.07963874429421917,0.11645605634423456,0.042821432244203796,0.018517911165133388,93,chr8,22516484,cg09561822,0.07963874429421917,4.514475573661014e-5,4.345392692458635,chr8,22516484,BIN3,8,22516484,BIN3,1
4.517433748575033e-5,0.03729037693369538,1,4.300456424099201,0.019176587114987733,0.028042365035203465,0.010310809194772003,0.004459198099886473,93,chr11,15892786,cg25998175,0.019176587114987733,4.517433748575033e-5,4.34510820796222,chr11,15914332,,11,15892786,NA,1
4.5180737473938685e-5,0.03729037693369538,1,4.300418184795396,0.018698049599677514,0.027342665471556504,0.010053433727798523,0.004347960778741597,93,chr19,43715523,cg27512716,0.018698049599677514,4.5180737473938685e-5,4.345046684477007,chr19,44219675,IRGC,19,43715523,IRGC,1
4.5310189742456717e-05,0.03736153729611017,1,4.299645840202304,0.0134284648266813,0.01963792382346216,0.007219005829900439,0.003123156028601991,93,chr2,65331578,cg12280859,0.0134284648266813,4.5310189742456717e-05,4.343804119150997,chr2,65558712,SPRED2;SPRED2,2,65331578,SPRED2,1
4.549491872596944e-5,0.03747809819531358,1,4.298547380175702,0.028388250080331846,0.041518620752210036,0.015257879408453658,0.006604149627675264,93,chr12,32821956,cg13980795,0.028388250080331846,4.549491872596944e-5,4.342037106474836,chr12,32974890,PKP2;PKP2,12,32821956,PKP2,1
4.563417474223648e-5,0.03748491388863628,1,4.297722158974505,0.07777307897766007,0.1137522405902023,0.04179391736511785,0.018096348740286594,93,chr17,58206540,cg11112605,0.07777307897766007,4.563417474223648e-5,4.340709798933193,chr17,56283901,MKS1;MKS1;MKS1;MKS1,17,58206540,MKS1,1
4.5660711789254944e-5,0.03748491388863628,1,4.2975651780188855,0.040399462233267215,0.059089629763625195,0.021709294702909238,0.009400546718849481,93,chr12,62911504,cg15571045,0.040399462233267215,4.5660711789254944e-5,4.340457322724534,chr12,63305284,PPM1H,12,62911504,PPM1H,1
4.569901855976055e-5,0.03748491388863628,1,4.297338727987896,0.04544781442305784,0.06647462961850953,0.024420999227606155,0.010575804538530633,93,chr20,35422703,cg21045547,0.04544781442305784,4.569901855976055e-5,4.340093126815428,chr20,35422703,C20orf117;C20orf117,20,35422703,C20orf117,1
4.571413202375491e-5,0.03748491388863628,1,4.29724943530437,0.055549737761981376,0.08125082714377777,0.02984864838018498,0.012926812510721022,93,chr14,22499001,cg15033669,0.055549737761981376,4.571413202375491e-5,4.339949521786324,chr14,22967984,,14,22499001,NA,1
4.573041442498137e-5,0.03748491388863628,1,4.297153268228675,0.06679128302625231,0.09769416791037955,0.03588839814212508,0.01554314655706574,93,chr11,44071437,cg17879351,0.06679128302625231,4.573041442498137e-5,4.339794862873265,chr11,44092987,ACCS;ACCS,11,44071437,ACCS,1
4.581465685801364e-5,0.03748491388863628,1,4.296656242865232,0.024016762527281747,0.03513008552716296,0.012903439527400536,0.005589640215496069,93,chr7,32767201,cg16599830,0.024016762527281747,4.581465685801364e-5,4.338995561859621,chr7,32767201,ZNRF2P1,7,32767201,ZNRF2P1,1
4.581762453329879e-5,0.03748491388863628,1,-4.296638749841343,-0.023886237523247027,-0.012833267610987905,-0.034939207435506145,0.0055592845742800795,93,chr4,128810160,cg09884389,-0.023886237523247027,4.581762453329879e-5,4.33896743105285,chr4,129731315,PHF17;PHF17,4,128810160,PHF17,1
4.5850544988872976e-5,0.03748491388863628,1,4.296444772826992,0.055348861611662956,0.08096180805401598,0.02973591516930993,0.012882479477385272,93,chr14,65302662,cg13311020,0.055348861611662956,4.5850544988872976e-5,4.3386554978510246,chr14,65769380,,14,65302662,NA,1
4.5902709239617186e-5,0.03748491388863628,1,-4.296137680719146,-0.06762646085757631,-0.036329760569428424,-0.0989231611457242,0.015741222903791128,93,chr1,59017803,cg10208356,-0.06762646085757631,4.5902709239617186e-5,4.338161681062026,chr1,59483475,,1,59017803,NA,1
4.602258031395079e-5,0.037519344173076605,1,4.2954332710789584,0.05597014749119579,0.0818766960179361,0.03006359896445549,0.013030151781903202,93,chr8,141241276,cg16144331,0.05597014749119579,4.602258031395079e-5,4.337029035717452,chr8,142251375,,8,141241276,NA,1
4.61785707196375e-5,0.03758656882398891,1,4.294519256141216,0.01919994462388836,0.028088793115506605,0.010311096132270119,0.004470801847362123,93,chr1,152810661,cg21434954,0.01919994462388836,4.61785707196375e-5,4.335559513129119,chr1,152783137,LCE1B,1,152810661,LCE1B,1
4.6192031136971535e-5,0.03758656882398891,1,4.294440525440471,0.041631779351598903,0.060906072621101856,0.022357486082095954,0.009694342977850141,93,chr9,136117429,cg06588876,0.041631779351598903,4.6192031136971535e-5,4.335432940715468,chr9,139009275,C9orf69,9,136117429,C9orf69,1
4.628552467742439e-5,0.03762721422487831,1,4.293894286796573,0.0500413943830222,0.07321204008657134,0.026870748679473068,0.011654081596022521,93,chr8,23494312,cg13949334,0.0500413943830222,4.628552467742439e-5,4.334554808887949,chr8,23351825,,8,23494312,NA,1
4.639802652743783e-5,0.037636029139990215,1,4.293238401079227,0.018932009182409545,0.027699428606977872,0.010164589757841219,0.004409726973850427,93,chr16,65524291,cg09272993,0.018932009182409545,4.639802652743783e-5,4.3335004911362995,chr16,65558194,LOC283867,16,65524291,LOC283867,1
4.6413253001753144e-5,0.037636029139990215,1,4.293149748659881,0.018797237259590007,0.027502423520293487,0.010092050998886526,0.004378425715398727,93,chr13,61192402,cg15576628,0.018797237259590007,4.6413253001753144e-5,4.3333579917791765,chr13,61192402,,13,61192402,NA,1
4.650687029555494e-5,0.037636029139990215,1,4.2926053007517,0.011705284903015747,0.017126805516010486,0.006283764290021007,0.0027268486345497396,93,chr11,57410127,cg14635848,0.011705284903015747,4.650687029555494e-5,4.332482885582096,chr11,57177600,SLC43A3;SLC43A3;SLC43A3;SLC43A3;SLC43A3;SLC43A3;SLC43A3;SLC43A3;SLC43A3;SLC43A3,11,57410127,SLC43A3,1
4.650954338686068e-5,0.037636029139990215,1,4.292589770449502,0.03031435270610026,0.04435506030393552,0.016273645108265004,0.007062019509711004,93,chr6,157194992,cg18812843,0.03031435270610026,4.650954338686068e-5,4.332457924206828,chr6,157516126,ARID1B;ARID1B,6,157194992,ARID1B,1
4.655802707660044e-5,0.037636029139990215,1,4.292308236077395,0.017233159271171642,0.025215570220160993,0.009250748322182291,0.004014893228385779,93,chr3,179888589,cg20950206,0.017233159271171642,4.655802707660044e-5,4.332005431448797,chr3,179606377,PEX5L;PEX5L;PEX5L;PEX5L;PEX5L;PEX5L;PEX5L;PEX5L,3,179888589,PEX5L,1
4.667694324583952e-5,0.037636029139990215,1,4.291618911366534,0.04296175314830571,0.0628648624083374,0.023058643888274024,0.010010616980580379,93,chr18,3966816,cg24595611,0.04296175314830571,4.667694324583952e-5,4.330897592535233,chr18,3966816,DLGAP1-AS4;DLGAP1;DLGAP1,18,3966816,DLGAP1-AS4,1
4.6686792937027704e-5,0.037636029139990215,1,4.291561891390692,0.046178211743749746,0.06757171033108332,0.024784713156416175,0.0107602343651126,93,chr22,30252610,cg04082408,0.046178211743749746,4.6686792937027704e-5,4.330805958101517,chr22,30648599,,22,30252610,NA,1
4.672537902776599e-5,0.037636029139990215,1,4.291338627805043,0.04449433573045219,0.06510879861638326,0.023879872844521113,0.0103684047309057,93,chr19,42074922,cg27022602,0.04449433573045219,4.672537902776599e-5,4.330447167017089,chr19,42579074,ZNF574,19,42074922,ZNF574,1
4.6737321244163076e-5,0.037636029139990215,1,4.291269564805149,0.06970549958502291,0.10200094880241248,0.03741005036763334,0.016243561149528483,93,chr1,21058251,cg08705351,0.06970549958502291,4.6737321244163076e-5,4.330336182876976,chr1,21384744,EIF4G3;EIF4G3;EIF4G3;EIF4G3,1,21058251,EIF4G3,1
4.674544217871724e-5,0.037636029139990215,1,4.291222610374997,0.04485928577159052,0.06564339386030227,0.024075177682878774,0.010453730753359916,93,chr7,130344211,cg17376631,0.04485928577159052,4.674544217871724e-5,4.330260727746116,chr7,129984051,CPA5;CPA5;CPA5,7,130344211,CPA5,1
4.67768968343182e-5,0.037636029139990215,1,-4.291040816953656,-0.06675093317211166,-0.035822723710472786,-0.09767914263375052,0.015555883996344794,93,chr3,16427525,cg04044935,-0.06675093317211166,4.67768968343182e-5,4.3299685925404114,chr3,16469032,RFTN1,3,16427525,RFTN1,1
4.6820859309647726e-5,0.037636029139990215,1,4.290786931613706,0.05484812748241694,0.08026282459327833,0.029433430371555564,0.012782766508004938,93,chr1,244272631,cg17242981,0.05484812748241694,4.6820859309647726e-5,4.3295606199001035,chr1,244435933,,1,244272631,NA,1
4.6873293714945096e-5,0.037636029139990215,1,4.290484421060952,0.037753720634865796,0.05524870306209781,0.02025873820763378,0.00879940746306918,93,chr7,121464685,cg06572748,0.037753720634865796,4.6873293714945096e-5,4.3290745281958785,chr7,121464685,,7,121464685,NA,1
4.695322891859206e-5,0.037636029139990215,1,4.290023877432127,0.020861956146133915,0.030530373759161462,0.011193538533106367,0.004862899774492916,93,chr7,18770589,cg13420273,0.020861956146133915,4.695322891859206e-5,4.3283345364477395,chr7,18810212,HDAC9;HDAC9;HDAC9;HDAC9,7,18770589,HDAC9,1
4.700591152594848e-5,0.037636029139990215,1,4.289720761975698,0.02294100107636829,0.033573697747854604,0.012308304404881976,0.005347900795715769,93,chr15,43457487,cg25390367,0.02294100107636829,4.700591152594848e-5,4.327847521177984,chr15,43749685,RNU6-28P;TP53BP1;TP53BP1;TP53BP1,15,43457487,RNU6-28P,1
4.7079336742219986e-5,0.037636029139990215,1,4.2892988478056076,0.059030025147964085,0.08639195621855487,0.031668094077373296,0.01376216189230174,93,chr9,91163792,cg22292738,0.059030025147964085,4.7079336742219986e-5,4.32716966416384,chr9,93926074,,9,91163792,NA,1
4.70933797793988e-5,0.037636029139990215,1,4.289218226376095,0.0382975559371632,0.05604978930734591,0.020545322566980488,0.008928796325087035,93,chr1,145004305,cg23991413,0.0382975559371632,4.70933797793988e-5,4.3270401401609995,chr1,145004305,PDE4DIP,1,145004305,PDE4DIP,1
4.711954642093148e-5,0.037636029139990215,1,4.289068064883051,0.060335055389738365,0.08830340627677438,0.03236670450270234,0.014067171347485601,93,chr9,106916529,cg10068516,0.060335055389738365,4.711954642093148e-5,4.326798898777718,chr9,109678810,ZNF462;MIR548Q,9,106916529,ZNF462,1
4.712386655295528e-5,0.037636029139990215,1,4.289043280846579,0.025774233064212372,0.03772196320218389,0.01382650292624085,0.00600931988243425,93,chr1,147761779,cg12740910,0.025774233064212372,4.712386655295528e-5,4.326759082530807,chr1,147233887,GJA5;GJA5,1,147761779,GJA5,1
4.721136069435804e-5,0.03764786400290513,1,4.288541809505992,0.01337646662621812,0.019577896599757193,0.007175036652679049,0.0031191176909055223,93,chr2,3383724,cg11330191,0.01337646662621812,4.721136069435804e-5,4.325953482442388,chr2,3387495,TRAPPC12,2,3383724,TRAPPC12,1
4.726127527016675e-5,0.03764786400290513,1,4.288256126378099,0.025971200888370623,0.03801244599763504,0.013929955779106206,0.006056354873165224,93,chr3,43378434,cg11872583,0.025971200888370623,4.726127527016675e-5,4.325494563801322,chr3,43419926,ANO10,3,43378434,ANO10,1
4.726938367689025e-5,0.03764786400290513,1,4.2882097458764665,0.025097855447814264,0.03673430996162587,0.013461400934002655,0.005852758361912756,93,chr3,57647430,cg26165075,0.025097855447814264,4.726938367689025e-5,4.325420060220264,chr3,57633157,DENND6A,3,57647430,DENND6A,1
4.7435810954435923e-5,0.03774029506944303,1,4.287259465033076,0.07216899891831641,0.10563709409556646,0.03870090374106636,0.016833363948911273,93,chr2,8676902,cg03119191,0.07216899891831641,4.7435810954435923e-5,4.323893670396337,chr2,8676902,,2,8676902,NA,1
4.747278342292163e-5,0.03774029506944303,1,4.287048793127315,0.05999232871225938,0.08781490717421922,0.03216975025029955,0.013993852556200134,93,chr11,65040654,cg12746496,0.05999232871225938,4.747278342292163e-5,4.323555303993098,chr11,64808126,SAC3D1,11,65040654,SAC3D1,1
4.7521092277576694e-5,0.03774397696126145,1,-4.286773764042033,-0.048061508341028146,-0.025770643713149455,-0.07035237296890684,0.011211580313422129,93,chr8,19452623,cg18741439,-0.048061508341028146,4.7521092277576694e-5,4.323113585605303,chr8,19310134,CSGALNACT1;CSGALNACT1;CSGALNACT1,8,19452623,CSGALNACT1,1
4.759455166211742e-5,0.037767609740975296,1,4.286356065946082,0.026981669694624365,0.039496952238293574,0.014466387150955154,0.006294780293449323,93,chr2,120019616,cg26132144,0.026981669694624365,4.759455166211742e-5,4.322442759853162,chr2,120777192,EPB41L5,2,120019616,EPB41L5,1
4.7801869196687206e-5,0.03786069871869957,1,-4.285180581580815,-0.08286119504295925,-0.04441599310978587,-0.12130639697613263,0.019336686859621564,93,chr14,76320572,cg15284256,-0.08286119504295925,4.7801869196687206e-5,4.3205551208369375,chr14,76786915,,14,76320572,NA,1
4.782336843259852e-5,0.03786069871869957,1,4.28505896312455,0.014964607384773497,0.021907950177565576,0.00802126459198142,0.0034922757221202173,93,chr12,122342436,cg12457604,0.014964607384773497,4.782336843259852e-5,4.320359837668807,chr12,122826983,CLIP1;CLIP1;CLIP1,12,122342436,CLIP1,1
4.787908865972371e-5,0.03786069871869957,1,4.2847440061744,0.03484701754032389,0.05101667486178303,0.018677360218864753,0.008132812016332517,93,chr14,102181394,cg05100846,0.03484701754032389,4.787908865972371e-5,4.319854124636134,chr14,102647731,WDR20;WDR20;WDR20;WDR20,14,102181394,WDR20,1
4.791940637506539e-5,0.03786069871869957,1,4.284516331882358,0.04120035363425451,0.06031909169811482,0.022081615570394203,0.009616103765942132,93,chrX,7951557,cg04517594,0.04120035363425451,4.791940637506539e-5,4.319488570619376,chrX,7919598,,23,7951557,NA,1
4.797457409771881e-5,0.03786069871869957,1,4.284205098781382,0.028419141775833583,0.041607805254898544,0.015230478296768624,0.006633469014804462,93,chr1,205715002,cg06629279,0.028419141775833583,4.797457409771881e-5,4.318988872097058,chr1,205684130,NUCKS1,1,205715002,NUCKS1,1
4.7974737195511936e-5,0.03786069871869957,1,4.28420417916416,0.0514083457031508,0.07526576977241481,0.027550921633886803,0.011999508789326768,93,chr3,186996573,cg07337602,0.0514083457031508,4.7974737195511936e-5,4.3189873956409865,chr3,186714361,ST6GAL1;ST6GAL1,3,186996573,ST6GAL1,1
4.8096926331405626e-5,0.03790572157463849,1,4.283516069066455,0.023460946674509105,0.03435037834318487,0.01257151500583334,0.005477030153787227,93,chr4,108619622,cg01543767,0.023460946674509105,4.8096926331405626e-5,4.317882676639931,chr4,109540778,RPL34;RPL34;RPL34-AS1,4,108619622,RPL34,1
4.811951666764461e-5,0.03790572157463849,1,4.283389035953694,0.03421259096478706,0.050092884527867323,0.018332297401706787,0.007987271452024353,93,chr17,81433874,cg25554340,0.03421259096478706,4.811951666764461e-5,4.317678743543936,chr17,79400900,BAHCC1,17,81433874,BAHCC1,1
4.832251922699802e-5,0.03798676455180156,1,4.282250058211607,0.06206412021378883,0.09087978621246921,0.03324845421510844,0.014493343305530508,93,chr11,66876597,cg08154524,0.06206412021378883,4.832251922699802e-5,4.3158504324609295,chr11,66644068,PC;PC;PC,11,66876597,PC,1
4.8323519485426184e-5,0.03798676455180156,1,4.282244457540206,0.020778126666169832,0.030425187465610525,0.011131065866729139,0.00485215799149055,93,chr5,8586255,cg02121272,0.020778126666169832,4.8323519485426184e-5,4.315841442817451,chr5,8586367,,5,8586255,NA,1
4.84003451614567e-5,0.03798676455180156,1,4.281814627137067,0.04932498664228105,0.07222834651095268,0.026421626773609413,0.011519645509563083,93,chr5,173692944,cg19754408,0.04932498664228105,4.84003451614567e-5,4.315151541223738,chr5,173119947,,5,173692944,NA,1
4.844569509091829e-5,0.03798676455180156,1,4.281561208551113,0.08002274490169235,0.11718237390013438,0.04286311590325033,0.018690085462721242,93,chr5,128198097,cg20802710,0.08002274490169235,4.844569509091829e-5,4.314744808527014,chr5,127533789,,5,128198097,NA,1
4.845785231139489e-5,0.03798676455180156,1,4.28149331204524,0.04150654199500344,0.06078096406731716,0.02223211992268973,0.009694407761477048,93,chr17,46170867,cg21214508,0.04150654199500344,4.845785231139489e-5,4.314635838031352,chr17,44248233,KIAA1267,17,46170867,KIAA1267,1
4.862592764527593e-5,0.03798676455180156,1,4.280556313154655,0.07102073910188517,0.10400790882043044,0.03803356938333989,0.01659147407630874,93,chr5,79782956,cg15434896,0.07102073910188517,4.862592764527593e-5,4.313132100475868,chr5,79782956,FAM151B,5,79782956,FAM151B,1
4.8645542106034256e-5,0.03798676455180156,1,4.280447168631871,0.021351508591402273,0.03126894687401312,0.011434070308791431,0.004988149076543025,93,chr16,3466099,cg01055099,0.021351508591402273,4.8645542106034256e-5,4.3129569524656635,chr16,3516099,NAT15;NAT15;NAT15,16,3466099,NAT15,1
4.867583937420275e-5,0.03798676455180156,1,4.280278663104521,0.037692531216095976,0.05520080547655745,0.020184256955634496,0.008806092823114764,93,chr3,9809488,cg17996596,0.037692531216095976,4.867583937420275e-5,4.312686550697681,chr3,9851172,TTLL3;TTLL3;ARPC4-TTLL3,3,9809488,TTLL3,1
4.868082525743989e-5,0.03798676455180156,1,4.280250942613291,0.07420179479897164,0.10866893578925252,0.039734653808690755,0.017335851517543972,93,chr17,42572544,cg00170714,0.07420179479897164,4.868082525743989e-5,4.31264206804028,chr17,40724562,MLX;MLX;PSMC3IP;PSMC3IP;MLX,17,42572544,MLX,1
4.883570286737767e-5,0.03798676455180156,1,4.279391215769121,0.031698909048353284,0.04642618440749449,0.01697163368921208,0.007407340775843543,93,chr6,33264867,cg06426027,0.031698909048353284,4.883570286737767e-5,4.311262557321123,chr6,33232644,VPS52,6,33264867,VPS52,1
4.884954754718106e-5,0.03798676455180156,1,4.279314491944168,0.04695538239464078,0.0687711882134785,0.025139576575803072,0.010972641174897178,93,chr13,22053498,cg19937578,0.04695538239464078,4.884954754718106e-5,4.3111394544359465,chr13,22053498,,13,22053498,NA,1
4.8876121072245394e-5,0.03798676455180156,1,-4.279167286723287,-0.10495594031354613,-0.056190983810941154,-0.15372089681615111,0.02452718795060585,93,chr11,112166704,cg03304763,-0.10495594031354613,4.8876121072245394e-5,4.310903268063469,chr11,112037427,TEX12,11,112166704,TEX12,1
4.8947441491088057e-5,0.03798676455180156,1,4.278772585410286,0.0396342395332001,0.05805092229917567,0.021217556767224525,0.009262992772353576,93,chr1,46194838,cg07741676,0.0396342395332001,4.8947441491088057e-5,4.31027000407212,chr1,46660510,POMGNT1;POMGNT1;POMGNT1;POMGNT1;POMGNT1;POMGNT1;POMGNT1;POMGNT1,1,46194838,POMGNT1,1
4.9044081796161885e-5,0.03798676455180156,1,4.278238643018362,0.05926715019130137,0.08681001567216923,0.03172428471043351,0.01385316601915584,93,chr1,2251926,cg03042633,0.05926715019130137,4.9044081796161885e-5,4.309413391919924,chr1,2183365,SKI,1,2251926,SKI,1
4.909090744442544e-5,0.03798676455180156,1,4.277980293918052,0.04135405193437867,0.06057343182859695,0.022134672040160387,0.009666723335114744,93,chr3,160472783,cg21638120,0.04135405193437867,4.909090744442544e-5,4.308998939901269,chr3,160190571,,3,160472783,NA,1
4.9146497647269584e-5,0.03798676455180156,1,4.27767389693786,0.0294455854294084,0.043131461460412135,0.015759709398404667,0.006883550765869927,93,chr17,10037778,cg00052665,0.0294455854294084,4.9146497647269584e-5,4.3085074260853755,chr17,9941095,GAS7;GAS7,17,10037778,GAS7,1
4.9189750677753045e-5,0.03798676455180156,1,4.277435729998162,0.011181850142895806,0.016379299386891238,0.005984400898900376,0.0026141480196829542,93,chr2,74343821,cg15845653,0.011181850142895806,4.9189750677753045e-5,4.308125378691949,chr2,74570948,SLC4A5,2,74343821,SLC4A5,1
4.927378442569032e-5,0.03798676455180156,1,4.276973586472554,0.04919766682756692,0.07206776458609754,0.026327569069036303,0.011502915749391577,93,chr1,186874007,cg03104352,0.04919766682756692,4.927378442569032e-5,4.3073840808735175,chr1,186843139,PLA2G4A,1,186874007,PLA2G4A,1
4.929846282949574e-5,0.03798676455180156,1,-4.276838012014842,-0.06442508156630325,-0.03447539664999464,-0.09437476648261187,0.015063717958294203,93,chr10,93364017,cg11276093,-0.06442508156630325,4.929846282949574e-5,4.307166622205033,chr10,95123774,MYOF;MYOF,10,93364017,MYOF,1
4.943840197396257e-5,0.03798676455180156,1,4.276070471477444,0.0483701513299021,0.07086031801785034,0.025879984641953863,0.011311822771056794,93,chr1,24506821,cg15519096,0.0483701513299021,4.943840197396257e-5,4.305935575643884,chr1,24833311,RCAN3,1,24506821,RCAN3,1
4.94436923357925e-5,0.03798676455180156,1,-4.2760414959378705,-0.0662247104785449,-0.0354326862826928,-0.097016734674397,0.01548738723453846,93,chr17,8923070,cg11786988,-0.0662247104785449,4.94436923357925e-5,4.305889104642875,chr17,8826387,PIK3R5;PIK3R5;PIK3R5;PIK3R5;PIK3R5,17,8923070,PIK3R5,1
4.9475372282897404e-5,0.03798676455180156,1,4.275868046046146,0.016232914460992686,0.023780921350604348,0.008684907571381024,0.003796402107404392,93,chr16,19589606,cg27117720,0.016232914460992686,4.9475372282897404e-5,4.305610929212526,chr16,19600928,C16orf62,16,19589606,C16orf62,1
4.951796769074121e-5,0.03798676455180156,1,4.275635002022915,0.03417209064784342,0.05006235082467999,0.01828183047100685,0.007992284334765646,93,chr12,55698764,cg04271024,0.03417209064784342,4.951796769074121e-5,4.30523718787341,chr12,56092548,ITGA7;ITGA7;ITGA7,12,55698764,ITGA7,1
4.95195602596488e-5,0.03798676455180156,1,4.275626292658553,0.04978312755447991,0.07293267578659658,0.026633579322363234,0.011643470253693554,93,chr5,179776368,cg09031958,0.04978312755447991,4.95195602596488e-5,4.305223220564189,chr5,179203369,MAML1,5,179776368,MAML1,1
4.956430366528503e-5,0.03798676455180156,1,4.27538171242238,0.07231444002166994,0.10594315051029077,0.03868572953304911,0.01691414822951503,93,chr19,3521452,cg06734854,0.07231444002166994,4.956430366528503e-5,4.304830990896907,chr19,3521450,FZR1,19,3521452,FZR1,1
4.971509692345061e-5,0.03798676455180156,1,-4.274558998740334,-0.07332582116953412,-0.039220220583587664,-0.10743142175548058,0.017154008446518678,93,chr17,7240390,cg20000507,-0.07332582116953412,4.971509692345061e-5,4.303511709557539,chr17,7143709,PHF23;PHF23;PHF23,17,7240390,PHF23,1
4.974365534061268e-5,0.03798676455180156,1,4.2744034578444,0.01397271349626773,0.02047199463707724,0.00747343235545822,0.0032689271459915557,93,chr1,60899603,cg07628000,0.01397271349626773,4.974365534061268e-5,4.303262304391198,chr1,61365275,,1,60899603,NA,1
4.974414967983746e-5,0.03798676455180156,1,4.274400766227875,0.02471973840815845,0.036217908098228266,0.013221568718088631,0.005783205590703987,93,chr1,245673533,cg03327643,0.02471973840815845,4.974414967983746e-5,4.303257988509518,chr1,245836835,KIF26B,1,245673533,KIF26B,1
4.9788347503797214e-5,0.03798676455180156,1,4.274160218695953,0.02064995656509547,0.030255643468922455,0.011044269661268489,0.004831348266910728,93,chr9,2227720,cg26308887,0.02064995656509547,4.9788347503797214e-5,4.302872287901925,chr9,2227720,,9,2227720,NA,1
4.9817568962168945e-5,0.03798676455180156,1,4.274001293400224,0.034981048867560746,0.051253697986778285,0.018708399748343204,0.008184613542718707,93,chr7,1045155,cg23242489,0.034981048867560746,4.9817568962168945e-5,4.302617469334146,chr7,1084791,C7orf50;C7orf50;C7orf50,7,1045155,C7orf50,1
4.9832268334798276e-5,0.03798676455180156,1,-4.273921382637654,-0.0571368106017536,-0.030557142897526608,-0.0837164783059806,0.01336870884753888,93,chr18,13359485,cg00333617,-0.0571368106017536,4.9832268334798276e-5,4.302489343556125,chr18,13359484,LDLRAD4;LDLRAD4,18,13359485,LDLRAD4,1
4.993766840656346e-5,0.03798676455180156,1,4.273349057245792,0.032250448342009894,0.04725515364474255,0.017245743039277235,0.007546879019238267,93,chr3,19949201,cg00321074,0.032250448342009894,4.993766840656346e-5,4.3015717387528385,chr3,19990693,RAB5A,3,19949201,RAB5A,1
4.997437787146337e-5,0.03798676455180156,1,4.273149997320975,0.07354351670469697,0.10776165186479655,0.03932538154459739,0.01721060967923069,93,chr7,100156004,cg14401395,0.07354351670469697,4.997437787146337e-5,4.301252603686529,chr7,99753627,C7orf43;C7orf43,7,100156004,C7orf43,1
5.0026418869167445e-5,0.03798676455180156,1,4.272868042507857,0.03917664039290911,0.057405848016726484,0.02094743276909173,0.00916869886997852,93,chr7,26410943,cg10667267,0.03917664039290911,5.0026418869167445e-5,4.300800584884428,chr7,26450563,LOC441204,7,26410943,LOC441204,1
5.003313693428671e-5,0.03798676455180156,1,4.272831665076616,0.03913186307622037,0.05734039047230802,0.020923335680132726,0.009158297387668957,93,chr17,296696,cg18098089,0.03913186307622037,5.003313693428671e-5,4.300742267243673,chr17,146487,RPH3AL,17,296696,RPH3AL,1
5.0038026709169454e-5,0.03798676455180156,1,4.27280519055655,0.04239375446179161,0.06212020144801013,0.022667307475573092,0.009921761599496105,93,chr6,90163140,cg25794292,0.04239375446179161,5.0038026709169454e-5,4.300699825401813,chr6,90872859,BACH2;BACH2,6,90163140,BACH2,1
5.011879244660961e-5,0.03798676455180156,1,-4.272368264326277,-0.05209259774452537,-0.027850655233462737,-0.076334540255588,0.012192909066264683,93,chr2,28600924,cg11795922,-0.05209259774452537,5.011879244660961e-5,4.29999940136687,chr2,28823791,PLB1;PLB1,2,28600924,PLB1,1
5.012438459698175e-5,0.03798676455180156,1,4.272338037070873,0.02358206937921322,0.03455635823403897,0.012607780524387472,0.005519710560024214,93,chr10,27158124,cg11759194,0.02358206937921322,5.012438459698175e-5,4.29995094639721,chr10,27447053,MASTL,10,27158124,MASTL,1
5.0221292855848546e-5,0.03798676455180156,1,4.271814734668221,0.04017659184404038,0.05887569449490779,0.02147748919317297,0.009405040794017668,93,chr6,36285943,cg03295490,0.04017659184404038,5.0221292855848546e-5,4.299112111357591,chr6,36253720,PNPLA1;PNPLA1;PNPLA1,6,36285943,PNPLA1,1
5.0370460210709846e-5,0.03798676455180156,1,4.271011134486095,0.02294643717260053,0.03362824208430738,0.012264632260893677,0.005372600644217599,93,chr1,4734952,cg13480658,0.02294643717260053,5.0370460210709846e-5,4.297824081184005,chr1,4795012,AJAP1;AJAP1,1,4734952,AJAP1,1
5.0415215998015566e-5,0.03798676455180156,1,4.270770471951404,0.04148920440580619,0.06080394846476571,0.022174460346846666,0.009714688410039725,93,chr16,57026836,cg09174467,0.04148920440580619,5.0415215998015566e-5,4.297438367787639,chr16,57060748,NLRC5,16,57026836,NLRC5,1
5.0704972174793516e-5,0.03798676455180156,1,4.269217351084032,0.02149503557988298,0.03150540222772619,0.011484668932039777,0.005034889023493966,93,chrY,21154291,cg26559055,0.02149503557988298,5.0704972174793516e-5,4.294949451274225,chrY,21154291,CD24;CD24;CD24;CD24;CD24;CD24;CD24;CD24;CD24;TTTY14;TTTY14;TTTY14;TTTY14;TTTY14;TTTY14,24,21154291,CD24,1
5.072826767986893e-5,0.03798676455180156,1,4.2690928569362345,0.041299746650108174,0.060533846593858416,0.022065646706357932,0.0096741270415344,93,chr13,109546602,cg21934772,0.041299746650108174,5.072826767986893e-5,4.294749968156072,chr13,110198949,,13,109546602,NA,1
5.076347629194876e-5,0.03798676455180156,1,4.268904802223052,0.029046813187829312,0.04257507824323569,0.015518548132422934,0.006804277568500251,93,chr6,7199168,cg13863638,0.029046813187829312,5.076347629194876e-5,4.294448644995059,chr6,7199401,RREB1;RREB1;RREB1;RREB1,6,7199168,RREB1,1
5.080773257496656e-5,0.03798676455180156,1,4.268668600824514,0.020570491987650874,0.030151524666602085,0.010989459308699663,0.0048189479932168044,93,chr4,47464679,cg05095821,0.020570491987650874,5.080773257496656e-5,4.294070186159432,chr4,47466696,COMMD8,4,47464679,COMMD8,1
5.082325050655424e-5,0.03798676455180156,1,4.268585826635085,0.051962591782259926,0.07616546181559553,0.027759721748924323,0.012173256880071192,93,chr16,50369655,cg19324996,0.051962591782259926,5.082325050655424e-5,4.2939375621916795,chr16,50403566,BRD7;BRD7,16,50369655,BRD7,1
5.08383080514454e-5,0.03798676455180156,1,4.268505531489916,0.04366303722149244,0.06400056577564503,0.023325508667339845,0.010229115764142377,93,chr1,230870149,cg04895895,0.04366303722149244,5.08383080514454e-5,4.2938089116221265,chr1,231005895,C1orf198,1,230870149,C1orf198,1
5.0883267408588864e-5,0.03798676455180156,1,4.268265919770194,0.09722937363920031,0.14251976789510098,0.051938979383299645,0.022779596085811638,93,chr14,61533773,cg23339014,0.09722937363920031,5.0883267408588864e-5,4.293425008759819,chr14,62000491,PRKCH,14,61533773,PRKCH,1
5.090064698017152e-5,0.03798676455180156,1,4.2681733497374195,0.05186982178859817,0.07603181668221363,0.027707826894982704,0.012152698013493108,93,chr17,39628458,cg06068801,0.05186982178859817,5.090064698017152e-5,4.293276697464171,chr17,37784711,PPP1R1B;PPP1R1B,17,39628458,PPP1R1B,1
5.091167206655847e-5,0.03798676455180156,1,4.268114641845345,0.07146577057644066,0.10475640616580062,0.038175134987080694,0.016744107544764075,93,chr9,33454803,cg14933223,0.07146577057644066,5.091167206655847e-5,4.293182639412181,chr9,33454803,,9,33454803,NA,1
5.0971436180330106e-5,0.03798676455180156,1,4.267796614900219,0.01397611985520884,0.020487049220448177,0.0074651904899695025,0.0032747858242386275,93,chr14,77860476,cg04491155,0.01397611985520884,5.0971436180330106e-5,4.292673129479661,chr14,78326819,ADCK1;ADCK1,14,77860476,ADCK1,1
5.0973561929968345e-5,0.03798676455180156,1,4.267785309624347,0.02160104751491508,0.03166416006703882,0.01153793496279134,0.005061418498770834,93,chr13,95432987,cg24965791,0.02160104751491508,5.0973561929968345e-5,4.292655017726166,chr13,96085241,CLDN10;CLDN10,13,95432987,CLDN10,1
5.1021215048465036e-5,0.03798676455180156,1,4.267531997513313,0.01328039437696455,0.019467595992349422,0.007093192761579679,0.003111961289265792,93,chr8,100414653,cg21004405,0.01328039437696455,5.1021215048465036e-5,4.292249203065307,chr8,101426881,,8,100414653,NA,1
5.102160182426352e-5,0.03798676455180156,1,4.267529942443059,0.02499570606914387,0.03664095869144697,0.013350453446840774,0.0058571835244896784,93,chr16,335053,cg24110648,0.02499570606914387,5.102160182426352e-5,4.29224591082779,chr16,385053,AXIN1;AXIN1,16,335053,AXIN1,1
5.102291612243491e-5,0.03798676455180156,1,4.267522959245901,0.02278284661314332,0.0333971672359277,0.012168525990358938,0.005338658240556765,93,chr19,57611939,cg00551892,0.02278284661314332,5.102291612243491e-5,4.292234723701721,chr19,58123307,,19,57611939,NA,1
5.1064742912146586e-5,0.03798676455180156,1,4.267300813534396,0.0396153452496823,0.05807273439550051,0.021157956103864086,0.009283466758199044,93,chr13,50691508,cg06960762,0.0396153452496823,5.1064742912146586e-5,4.2918788502267935,chr13,51265644,,13,50691508,NA,1
5.106846599326556e-5,0.03798676455180156,1,-4.267281048432764,-0.07893336591344657,-0.0421569453085621,-0.11570978651833105,0.018497344097463717,93,chr11,122742111,cg22777962,-0.07893336591344657,5.106846599326556e-5,4.29184718738953,chr11,122612819,UBASH3B,11,122742111,UBASH3B,1
5.1085909349788865e-5,0.03798676455180156,1,4.267188463603994,0.04074861342336989,0.059734509232092996,0.021762717614646786,0.009549288429823489,93,chr12,112327845,cg07574908,0.04074861342336989,5.1085909349788865e-5,4.291698871597238,chr12,112765649,HECTD4,12,112327845,HECTD4,1
5.109127569757736e-5,0.03798676455180156,1,4.267159986548725,0.034705252402912154,0.05087548859117822,0.018535016214646087,0.00813310316751956,93,chr17,68258743,cg04495944,0.034705252402912154,5.109127569757736e-5,4.291653253287563,chr17,66254884,ARSG,17,68258743,ARSG,1
5.109252434889828e-5,0.03798676455180156,1,4.267153360870658,0.05985336297335847,0.08774091461800587,0.03196581132871107,0.014026531955051682,93,chr19,55228820,cg26457013,0.05985336297335847,5.109252434889828e-5,4.2916426394255165,chr19,55740188,TMEM86B;TMEM86B,19,55228820,TMEM86B,1
5.112365321580603e-5,0.03798676455180156,1,4.26698823322313,0.0403571445885073,0.05916152670076741,0.021552762476247194,0.009457992940848342,93,chr17,39924125,cg22144450,0.0403571445885073,5.112365321580603e-5,4.291378119740551,chr17,38080378,ORMDL3,17,39924125,ORMDL3,1
5.1335672533373395e-5,0.03807574666354447,1,4.265866118053784,0.03793023531158076,0.055608449759538645,0.02025202086362288,0.00889156721329212,93,chr22,38174818,cg16924930,0.03793023531158076,5.1335672533373395e-5,4.289580744041833,chr22,38570825,PLA2G6;PLA2G6;PLA2G6,22,38174818,PLA2G6,1
5.13605590048719e-5,0.03807574666354447,1,-4.265734699247885,-0.05190801427529997,-0.027714405375082154,-0.07610162317551779,0.012168598831158478,93,chr10,102456402,cg07803452,-0.05190801427529997,5.13605590048719e-5,4.28937025808153,chr10,104216159,,10,102456402,NA,1
5.138414586981347e-5,0.03807574666354447,1,4.265610199984207,0.027069891942725115,0.0396871631427667,0.014452620742683536,0.006346077272326792,93,chr4,24520296,cg18363417,0.027069891942725115,5.138414586981347e-5,4.289170858112803,chr4,24521919,MIR573,4,24520296,MIR573,1
5.1488702186275656e-5,0.038094233708625413,1,4.265058979971592,0.04313041682549527,0.06323609358888324,0.0230247400621073,0.010112501850040664,93,chr1,117611252,cg22347679,0.04313041682549527,5.1488702186275656e-5,4.288288054772928,chr1,118153874,FAM46C,1,117611252,FAM46C,1
5.156207072034049e-5,0.038100030704922315,1,4.264672825763234,0.025141892866981694,0.03686309983763974,0.01342068589632365,0.0058953860927144245,93,chr2,6889471,cg00186143,0.025141892866981694,5.156207072034049e-5,4.287669649806623,chr2,7029602,RSAD2,2,6889471,RSAD2,1
5.161367272073319e-5,0.038100030704922315,1,4.264401550700267,0.07084288997657606,0.10387210551268414,0.03781367444046799,0.016612621755787232,93,chr17,35811789,cg01063615,0.07084288997657606,5.161367272073319e-5,4.287235236345729,chr17,34138793,TAF15;TAF15,17,35811789,TAF15,1
5.1664624928972616e-5,0.038100030704922315,1,4.264133948124535,0.032829929093859685,0.048137250045339176,0.017522608142380193,0.007699084853631077,93,chr10,116139751,cg02879730,0.032829929093859685,5.1664624928972616e-5,4.286806719122304,chr10,116139751,AFAP1L2;AFAP1L2;AFAP1L2,10,116139751,AFAP1L2,1
5.174073071284487e-5,0.038100030704922315,1,-4.263734711759654,-0.10370059451537664,-0.05534450719896315,-0.1520566818317901,0.024321540040791876,93,chr3,70833770,cg03171795,-0.10370059451537664,5.174073071284487e-5,4.2861674422156195,chr3,70882921,,3,70833770,NA,1
5.177086656048216e-5,0.038100030704922315,1,4.2635767813609045,0.024920259555586185,0.03654112720524915,0.013299391905923219,0.005844918675917878,93,chr11,127407434,cg09601830,0.024920259555586185,5.177086656048216e-5,4.2859145655708595,chr11,127277329,,11,127407434,NA,1
5.180121734269636e-5,0.038100030704922315,1,4.263417814144774,0.038658799690147065,0.05668692433836965,0.02063067504192448,0.009067560669725699,93,chr1,207962276,cg03887906,0.038658799690147065,5.180121734269636e-5,4.2856600340963995,chr1,208135621,,1,207962276,NA,1
5.180516399694003e-5,0.038100030704922315,1,4.263397149492766,0.019681439016522164,0.028859715592544875,0.010503162440499453,0.004616374765570161,93,chr7,122086250,cg07454944,0.019681439016522164,5.180516399694003e-5,4.285626947135178,chr7,121726304,AASS,7,122086250,AASS,1
5.192363987997961e-5,0.038106195507742184,1,4.262777516390131,0.028281902450515692,0.041472851279625925,0.015090953621405463,0.00663461847158887,93,chr20,23969432,cg13424446,0.028281902450515692,5.192363987997961e-5,4.2846348708228295,chr20,23969432,GGTLC1,20,23969432,GGTLC1,1
5.1938699331487627e-5,0.038106195507742184,1,4.262698852598807,0.028534985814525616,0.04184422074041401,0.015225750888637219,0.0066941125332203345,93,chr0,0,cg17196448,0.028534985814525616,5.1938699331487627e-5,4.284508930336877,chr17,41382201,,0,0,NA,1
5.194583627431319e-5,0.038106195507742184,1,4.262661580105176,0.06638054292217142,0.0973419028140269,0.03541918303031595,0.015572557585144621,93,chr5,128037149,cg19270512,0.06638054292217142,5.194583627431319e-5,4.284449257645968,chr5,127372841,LINC01184,5,128037149,LINC01184,1
5.2048390440811674e-5,0.03814904215115207,1,4.262126538282589,0.013827418247784959,0.020277642921643683,0.007377193573926232,0.0032442533377614537,93,chr3,169755036,cg21919556,0.013827418247784959,5.2048390440811674e-5,4.283592696191525,chr3,169755036,GPR160,3,169755036,GPR160,1
5.2131158581042225e-5,0.03816073536612958,1,4.26169546413728,0.04103283231262583,0.060175795545159394,0.021889869080092276,0.009628288238313232,93,chr22,19729033,cg00725138,0.04103283231262583,5.2131158581042225e-5,4.282902623053756,chr22,19716556,,22,19729033,NA,1
5.215266349831863e-5,0.03816073536612958,1,4.261583569945148,0.03750736193102275,0.05500605412785281,0.020008669734192686,0.00880127335658597,93,chr5,205748,cg08945642,0.03750736193102275,5.215266349831863e-5,4.282723506737283,chr5,205863,CCDC127,5,205748,CCDC127,1
5.2197357006835215e-5,0.03816112559405301,1,4.261351163324604,0.020884940526956285,0.030629136293202144,0.011140744760710425,0.004901013722291395,93,chr11,131920912,cg01211763,0.020884940526956285,5.2197357006835215e-5,4.282351486775647,chr11,131790806,NTM;NTM;NTM;NTM,11,131920912,NTM,1
5.247769218313401e-5,0.03829354689916384,1,4.259897779606966,0.02512655389800714,0.03685374044061905,0.013399367355395226,0.005898393623033229,93,chr8,39925337,cg06836909,0.02512655389800714,5.247769218313401e-5,4.280025272225543,chr8,39782856,IDO1,8,39925337,IDO1,1
5.254455042523076e-5,0.03829354689916384,1,-4.259552262082671,-0.03406658306856845,-0.01816557322980262,-0.049967592907334275,0.00799769106528391,93,chr9,129109739,cg04653308,-0.03406658306856845,5.254455042523076e-5,4.279472319464038,chr9,131872018,CRAT;CRAT;PPP2R4,9,129109739,CRAT,1
5.25997470109553e-5,0.03829354689916384,1,4.259267330264949,0.03621080986681698,0.0531137954486081,0.019307824285025862,0.008501652293462518,93,chr5,176996595,cg11423096,0.03621080986681698,5.25997470109553e-5,4.27901634466775,chr5,176423596,UIMC1,5,176996595,UIMC1,1
5.2600052038654626e-5,0.03829354689916384,1,4.259265756474172,0.07685875522805331,0.11273596748216047,0.040981542973946156,0.018045071526994156,93,chr17,67450039,cg16144616,0.07685875522805331,5.2600052038654626e-5,4.279013826186767,chr17,65446155,PITPNC1;PITPNC1,17,67450039,PITPNC1,1
5.267591105350713e-5,0.038316493172315065,1,4.258874634757554,0.06382306225044254,0.09361802616501927,0.034028098335865814,0.014985898323836391,93,chr2,98506446,cg02420943,0.06382306225044254,5.267591105350713e-5,4.278387944337058,chr2,99122909,INPP4A;INPP4A;INPP4A;INPP4A,2,98506446,INPP4A,1
5.2802126885029075e-5,0.03834695711064748,1,-4.258225080097134,-0.030491214913283028,-0.016254617712669138,-0.04472781211389692,0.007160545612254836,93,chr6,149923159,cg10013356,-0.030491214913283028,5.2802126885029075e-5,4.277348583605805,chr6,150244295,RAET1G,6,149923159,RAET1G,1
5.2806542091750634e-5,0.03834695711064748,1,-4.258202384874435,-0.0631090627196432,-0.03364276900928491,-0.09257535643000149,0.014820587894979573,93,chr8,133303421,cg07462405,-0.0631090627196432,5.2806542091750634e-5,4.277312270300556,chr8,134315664,,8,133303421,NA,1
5.2857473814587865e-5,0.03835171428364713,1,4.257940715789635,0.032306799147513235,0.04739211484865822,0.01722148344636825,0.007587423429290734,93,chr15,60510364,cg21209212,0.032306799147513235,5.2857473814587865e-5,4.276893596682951,chr15,60802563,RORA-AS1;RORA-AS1;RORA-AS1;RORA-AS1;RORA;RORA;RORA;RORA,15,60510364,RORA-AS1,1
5.291839309663634e-5,0.03836370405305745,1,4.2576280532690625,0.06701167200062229,0.09830435620933771,0.03571898779190687,0.015739202946384635,93,chr3,124927679,cg17365440,0.06701167200062229,5.291839309663634e-5,4.2763933519346375,chr3,124646526,MUC13,3,124927679,MUC13,1
5.307108725189947e-5,0.03841184680556341,1,4.25684588725805,0.07367721276706331,0.10808885053039236,0.03926557500373426,0.017307935198593905,93,chr17,79851485,cg12380988,0.07367721276706331,5.307108725189947e-5,4.275142015014979,chr17,79851485,ANAPC11;ANAPC11;ANAPC11;ANAPC11;ANAPC11;ANAPC11;ANAPC11;ANAPC11;ANAPC11;ANAPC11;ANAPC11;ANAPC11;ANAPC11;ANAPC11;ANAPC11;ANAPC11;ANAPC11;ANAPC11;ANAPC11;ANAPC11;ANAPC11;ANAPC11,17,79851485,ANAPC11,1
5.3073701253764047e-5,0.03841184680556341,1,4.256832516100013,0.025815182033681303,0.03787244438050383,0.013757919686858779,0.006064411022995199,93,chr14,92098230,cg06220504,0.025815182033681303,5.3073701253764047e-5,4.275120624486029,chr14,92564574,ATXN3;ATXN3;ATXN3;ATXN3;ATXN3;ATXN3;ATXN3;ATXN3;ATXN3;ATXN3;ATXN3;ATXN3;ATXN3;ATXN3;ATXN3;ATXN3;ATXN3;ATXN3;ATXN3;ATXN3;ATXN3;ATXN3;ATXN3;ATXN3;ATXN3;ATXN3;ATXN3;ATXN3;ATXN3;ATXN3;ATXN3,14,92098230,ATXN3,1
5.322399977815155e-5,0.03843761795709989,1,4.256064774017759,0.025528469229074213,0.03745397005985195,0.01360296839829647,0.005998139263509173,93,chr4,48775454,cg19212779,0.025528469229074213,5.322399977815155e-5,4.2738924913722345,chr4,48777471,FRYL,4,48775454,FRYL,1
5.328689493934389e-5,0.03843761795709989,1,-4.255744118519482,-0.07479300506208085,-0.03985118223371734,-0.10973482789044436,0.017574601051930813,93,chr6,32904061,cg10123514,-0.07479300506208085,5.328689493934389e-5,4.273379585632562,chr6,32904061,HLA-DMB,6,32904061,HLA-DMB,1
5.337941442667663e-5,0.03843761795709989,1,-4.2552730932404135,-0.02594914662441585,-0.01382487311959485,-0.038073420129236854,0.006098115457181019,93,chr3,160134706,cg03605118,-0.02594914662441585,5.337941442667663e-5,4.272626194742179,chr3,159852493,IL12A-AS1,3,160134706,IL12A-AS1,1
5.3383425332997034e-5,0.03843761795709989,1,4.255252691150186,0.033255983450895726,0.04879431995412262,0.01771764694766884,0.007815278166690191,93,chr3,101201526,cg04557631,0.033255983450895726,5.3383425332997034e-5,4.272593563266899,chr3,100920370,,3,101201526,NA,1
5.3430535313246416e-5,0.03843761795709989,1,4.255013169566767,0.07378559704968801,0.10826270028708258,0.03930849381229344,0.017340862204005974,93,chr20,45864248,cg15940546,0.07378559704968801,5.3430535313246416e-5,4.272210474658112,chr20,44492887,ZSWIM3;ZSWIM3,20,45864248,ZSWIM3,1
5.3449975491080765e-5,0.03843761795709989,1,4.25491438908249,0.023986422108842616,0.035194592582750726,0.012778251634934507,0.005637345411787459,93,chr2,229911159,cg24454790,0.023986422108842616,5.3449975491080765e-5,4.272052489596285,chr2,230775875,TRIP12;TRIP12;TRIP12,2,229911159,TRIP12,1
5.345702850324054e-5,0.03843761795709989,1,-4.254878559497983,-0.06987718808370214,-0.03722529744838061,-0.10252907871902367,0.016422839596142713,93,chr9,83933831,cg01656259,-0.06987718808370214,5.345702850324054e-5,4.271995185880873,chr9,86548746,,9,83933831,NA,1
5.3524349283997156e-5,0.03843761795709989,1,4.254536796412314,0.024910625999983355,0.03655168363434876,0.013269568365617946,0.005855073581920721,93,chr4,40830668,cg12439416,0.024910625999983355,5.3524349283997156e-5,4.271448603885689,chr4,40832685,APBB2;APBB2;APBB2;APBB2;APBB2;APBB2;APBB2,4,40830668,APBB2,1
5.353112804460336e-5,0.03843761795709989,1,4.254502406082404,0.03829556685292813,0.0561917250790997,0.02039940862675656,0.009001185849179279,93,chr9,127749388,cg09116008,0.03829556685292813,5.353112804460336e-5,4.271393604769291,chr9,130511667,SH2D3C;SH2D3C;SH2D3C;SH2D3C;SH2D3C;SH2D3C;SH2D3C,9,127749388,SH2D3C,1
5.3555397184716646e-5,0.03843761795709989,1,4.254379317143465,0.07446804033070756,0.10926920662488951,0.0396668740365256,0.017503855387466467,93,chr3,81728230,cg17723475,0.07446804033070756,5.3555397184716646e-5,4.271196755468417,chr3,81777381,GBE1,3,81728230,GBE1,1
5.359859103294949e-5,0.03843761795709989,1,-4.2541603782793755,-0.08006750454837891,-0.04264761366020367,-0.11748739543655415,0.018820988733095848,93,chr5,173794153,cg05227865,-0.08006750454837891,5.359859103294949e-5,4.270846626625474,chr5,173221156,,5,173794153,NA,1
5.364600881460173e-5,0.03843972289316394,1,4.2539202251282,0.017134517425490877,0.025142859550849966,0.009126175300131788,0.0040279357671721494,93,chr8,104467634,cg17075545,0.017134517425490877,5.364600881460173e-5,4.27046258337692,chr8,105479862,DPYS,8,104467634,DPYS,1
5.369866356306305e-5,0.03844557374925275,1,4.253653788399504,0.08562741562109669,0.12565052073529043,0.04560431050690294,0.02013032086781919,93,chr4,153348266,cg12614529,0.08562741562109669,5.369866356306305e-5,4.270036522762448,chr4,154269418,MND1,4,153348266,MND1,1
5.3873978166534856e-5,0.038515308190483585,1,4.252768495998331,0.029159300250253987,0.04279148420274132,0.015527116297766652,0.006856545395709081,93,chrX,154834260,cg03942390,0.029159300250253987,5.3873978166534856e-5,4.268620954062653,chrX,154062535,LOC100132963,23,154834260,LOC100132963,1
5.395058283333239e-5,0.038515308190483585,1,4.252382534291797,0.043569521608098245,0.06394043713221155,0.02319860608398494,0.010245908324744453,93,chr15,40275942,cg08165794,0.043569521608098245,5.395058283333239e-5,4.268003859230693,chr15,40568143,PAK6;PAK6;PAK6,15,40275942,PAK6,1
5.400037539277111e-5,0.038515308190483585,1,-4.252131944781613,-0.017043566556784354,-0.009074382990885727,-0.025012750122682982,0.004008240284664944,93,chr4,81106327,cg06624978,-0.017043566556784354,5.400037539277111e-5,4.267603221094765,chr4,81106327,PRDM8,4,81106327,PRDM8,1
5.4108115685553474e-5,0.038515308190483585,1,4.2515904850530974,0.016577561681792398,0.024329839143799947,0.00882528421978485,0.003899143565231063,93,chr13,99089829,cg04811771,0.016577561681792398,5.4108115685553474e-5,4.266737590103929,chr13,99089829,FARP1,13,99089829,FARP1,1
5.413319204009943e-5,0.038515308190483585,1,4.251464610415634,0.04818706417443978,0.07072177457639012,0.02565235377248943,0.011334226811246791,93,chr10,90805450,cg10876621,0.04818706417443978,5.413319204009943e-5,4.266536363366573,chr10,92565207,HTR7;HTR7;HTR7,10,90805450,HTR7,1
5.413605575411194e-5,0.038515308190483585,1,4.251450239136961,0.044139547565136196,0.06478150409450487,0.02349759103576753,0.010382233139837117,93,chr14,24173108,cg16094352,0.044139547565136196,5.413605575411194e-5,4.266513389249379,chr14,24642317,REC8;REC8,14,24173108,REC8,1
5.414647282392075e-5,0.038515308190483585,1,-4.251397968235656,-0.023549554402305332,-0.012536418070413944,-0.03456269073419672,0.005539249578198974,93,chr8,71828094,cg02284483,-0.023549554402305332,5.414647282392075e-5,4.266429828660077,chr8,72740329,,8,71828094,NA,1
5.417955765992382e-5,0.038515308190483585,1,-4.251232019004081,-0.05358849007680349,-0.028526428397931014,-0.07865055175567597,0.012605402348601394,93,chr1,28189712,cg13873324,-0.05358849007680349,5.417955765992382e-5,4.266164545014154,chr1,28189712,,1,28189712,NA,1
5.419719535409053e-5,0.038515308190483585,1,-4.251143590543468,-0.10519399127554792,-0.05599624128514591,-0.15439174126594993,0.02474486900643595,93,chr7,33012040,cg18321881,-0.10519399127554792,5.419719535409053e-5,4.266023187147182,chr7,33012040,FKBP9;FKBP9,7,33012040,FKBP9,1
5.439002889788637e-5,0.03859915976613292,1,4.250178604601454,0.029423515856161337,0.043187604702783114,0.015659427009539564,0.006922889269713507,93,chr21,18487333,cg14813741,0.029423515856161337,5.439002889788637e-5,4.264480710440404,chr21,19859651,,21,18487333,NA,1
5.4404522115495765e-5,0.03859915976613292,1,4.250106210332769,0.06195871876452099,0.09094301283539248,0.0329744246936495,0.014578157744361366,93,chr7,116235783,cg03237690,0.06195871876452099,5.4404522115495765e-5,4.264365000151399,chr7,115875837,TES;TES,7,116235783,TES,1
5.4479350270717106e-5,0.03860577364524119,1,4.249732735889674,0.06628725234396438,0.09729915994766498,0.03527534474026377,0.015597981441081672,93,chr3,99586990,cg13612275,0.06628725234396438,5.4479350270717106e-5,4.263768080528548,chr3,99586990,C3orf26;FILIP1L;MIR548G;FILIP1L;FILIP1L,3,99586990,C3orf26,1
5.451339938217116e-5,0.03860577364524119,1,4.2495629572085205,0.0676585243027535,0.09931323404307135,0.036003814562435656,0.01592129002065602,93,chr14,75664635,cg14220887,0.0676585243027535,5.451339938217116e-5,4.263496735108851,chr14,76130978,TTLL5,14,75664635,TTLL5,1
5.454786845466942e-5,0.03860577364524119,1,4.2493911885737505,0.06290708909189228,0.09233998256349939,0.03347419562028518,0.01480378866060721,93,chr1,16197680,cg14346717,0.06290708909189228,5.454786845466942e-5,4.263222215496569,chr1,16524175,,1,16197680,NA,1
5.462047399299543e-5,0.0386168691170783,1,4.249029717761857,0.03172907908240984,0.046575705502525294,0.016882452662294396,0.007467370479847546,93,chr3,14378416,cg05136981,0.03172907908240984,5.462047399299543e-5,4.262644535400072,chr3,14419916,,3,14378416,NA,1
5.4660585341620235e-5,0.0386168691170783,1,4.2488302197064,0.07186161728549349,0.10548858382853449,0.0382346507424525,0.01691327108157766,93,chr1,199403658,cg07236204,0.07186161728549349,5.4660585341620235e-5,4.262325721906539,chr1,199372786,,1,199403658,NA,1
5.4820917092008854e-5,0.0386168691170783,1,4.248034199618053,0.046109273924545724,0.0676897172018229,0.02452883064726854,0.010854261467266783,93,chr17,339211,cg23712458,0.046109273924545724,5.4820917092008854e-5,4.261053703479713,chr17,189002,RPH3AL,17,339211,RPH3AL,1
5.486649261588927e-5,0.0386168691170783,1,4.247808334449242,0.023881094675005345,0.035058716186223436,0.012703473163787256,0.005621980276589315,93,chr6,166208525,cg09130089,0.023881094675005345,5.486649261588927e-5,4.26069280153622,chr6,166622013,,6,166208525,NA,1
5.4870105679929524e-5,0.0386168691170783,1,4.247790436406831,0.05132588424061223,0.07534922709256368,0.027302541388660773,0.01208296054360637,93,chr14,96668792,cg04806664,0.05132588424061223,5.4870105679929524e-5,4.260664203351104,chr14,97135129,,14,96668792,NA,1
5.487106555197785e-5,0.0386168691170783,1,4.247785681677784,0.025332025939320862,0.03718882362466104,0.013475228253980684,0.00596358381464181,93,chr12,123755125,cg03555674,0.025332025939320862,5.487106555197785e-5,4.260656606072358,chr12,124239672,ATP6V0A2,12,123755125,ATP6V0A2,1
5.4957592099967935e-5,0.0386168691170783,1,4.247357401198973,0.03675973217573613,0.053967067169063146,0.01955239718240911,0.008654730154179948,93,chr18,76709517,cg01525546,0.03675973217573613,5.4957592099967935e-5,4.259972303615999,chr18,74421473,,18,76709517,NA,1
5.4967007540316655e-5,0.0386168691170783,1,4.247310836810288,0.04075636885028355,0.0598347499765549,0.02167798772401221,0.009595805538191173,93,chr4,1640327,cg09821936,0.04075636885028355,5.4967007540316655e-5,4.259897905823121,chr4,1642054,FAM53A,4,1640327,FAM53A,1
5.501629258075477e-5,0.0386168691170783,1,4.247067221310105,0.050025231803387596,0.073443784791445,0.02660667881533018,0.011778770901571972,93,chr10,124642856,cg20151107,0.050025231803387596,5.501629258075477e-5,4.259508679049387,chr10,126331425,FAM53B,10,124642856,FAM53B,1
5.501946768639609e-5,0.0386168691170783,1,4.24705153400596,0.030523093278224202,0.044812068897193025,0.016234117659255375,0.007186890254056748,93,chr1,205236839,cg23270022,0.030523093278224202,5.501946768639609e-5,4.2594836157271265,chr1,205205967,TMCC2;TMCC2,1,205236839,TMCC2,1
5.5084009168024795e-5,0.0386168691170783,1,4.246732841711138,0.022789963565177082,0.03345957914210557,0.012120347988248596,0.005366469805054728,93,chr6,130884588,cg19835792,0.022789963565177082,5.5084009168024795e-5,4.258974458099474,chr6,131205728,EPB41L2;EPB41L2;EPB41L2;EPB41L2;EPB41L2,6,130884588,EPB41L2,1
5.509979681972331e-5,0.0386168691170783,1,4.246654940392473,0.06261660468843384,0.09193246359671782,0.03330074578014987,0.014744924079620858,93,chr6,42396011,cg20840540,0.06261660468843384,5.509979681972331e-5,4.258850002604398,chr6,42363749,TRERF1,6,42396011,TRERF1,1
5.5201553974658046e-5,0.03865339024285406,1,4.246153353728898,0.05083008314133655,0.07463053635719226,0.02702962992548084,0.01197085430197627,93,chr17,332206,cg17277337,0.05083008314133655,5.5201553974658046e-5,4.258048696308489,chr17,181997,LOC100506388;LOC100506388;RPH3AL;RPH3AL;RPH3AL;RPH3AL,17,332206,LOC100506388,1
5.5241621730294786e-5,0.03865339024285406,1,4.24595609418883,0.036718060364827214,0.053911561221294285,0.01952455950836014,0.008647772033036539,93,chr5,33240766,cg14685975,0.036718060364827214,5.5241621730294786e-5,4.257733580307384,chr5,33240872,,5,33240766,NA,1
5.532118193420279e-5,0.03865339024285406,1,4.24556481590549,0.030460870589394326,0.04472571102746611,0.016196030151322545,0.0071747510426119045,93,chr1,6343219,cg07345250,0.030460870589394326,5.532118193420279e-5,4.257108549784368,chr1,6403279,ACOT7;ACOT7;ACOT7;ACOT7,1,6343219,ACOT7,1
5.533082574640859e-5,0.03865339024285406,1,-4.245517424355402,-0.051776868530098906,-0.027529465276742986,-0.07602427178345483,0.012195655642129466,93,chr5,158867444,cg18677732,-0.051776868530098906,5.533082574640859e-5,4.257032848411679,chr5,158867444,,5,158867444,NA,1
5.543400478552193e-5,0.03869418909807621,1,-4.245010880387107,-0.06520485925789443,-0.03466540751032769,-0.09574431100546117,0.015360351503256533,93,chr12,611829,cg13791661,-0.06520485925789443,5.543400478552193e-5,4.256223745015219,chr12,720995,NINJ2;NINJ2;NINJ2,12,611829,NINJ2,1
5.566798859279778e-5,0.03882615308994624,1,4.243865526628441,0.026854115751271102,0.03943494663658595,0.014273284865956252,0.006327748978560468,93,chr16,3454484,cg00910355,0.026854115751271102,5.566798859279778e-5,4.254394470427032,chr16,3504484,NAT15,16,3454484,NAT15,1
5.581838099984182e-5,0.038899649659496216,1,4.2431318010843855,0.06990661445270568,0.10266268742322662,0.037150541482184746,0.01647523992416172,93,chr10,74055866,cg23609749,0.06990661445270568,5.581838099984182e-5,4.253222764282927,chr10,75815624,VCL;VCL,10,74055866,VCL,1
5.586660972686728e-5,0.03890188761377262,1,4.242896909102186,0.021028707002012516,0.030882652872930932,0.0111747611310941,0.0049562144573675896,93,chr9,89357503,cg08165666,0.021028707002012516,5.586660972686728e-5,4.252847683062397,chr9,91972418,SECISBP2;SECISBP2;SECISBP2;SECISBP2,9,89357503,SECISBP2,1
5.6028917383526945e-5,0.038929295775477886,1,4.242107843141725,0.046265588928616305,0.06794944280178994,0.024581735055442675,0.010906273635502815,93,chr5,179803002,cg23011886,0.046265588928616305,5.6028917383526945e-5,4.251587769088789,chr5,179230002,MGAT4B;MGAT4B,5,179803002,MGAT4B,1
5.6030618118756e-5,0.038929295775477886,1,4.242099586610621,0.01520324383886815,0.022328746119754043,0.008077741557982257,0.003583896023293346,93,chr9,107086075,cg05205299,0.01520324383886815,5.6030618118756e-5,4.25157458645472,chr9,109848356,MIR548Q,9,107086075,MIR548Q,1
5.615605093678695e-5,0.038929295775477886,1,4.241491314880566,0.08002852028920653,0.11754190811849427,0.04251513245991878,0.01886801465523218,93,chr11,82793157,cg11925560,0.08002852028920653,5.615605093678695e-5,4.250603440704901,chr11,82504199,,11,82793157,NA,1
5.6172428444059375e-5,0.038929295775477886,1,4.241411990754169,0.029685708416785337,0.04360115150993663,0.015770265323634042,0.00699901553574542,93,chr9,129933722,cg14259755,0.029685708416785337,5.6172428444059375e-5,4.250476800317257,chr9,132696001,FNBP1,9,129933722,FNBP1,1
5.62222491162054e-5,0.038929295775477886,1,4.241170822304792,0.07433932627708753,0.1091885363179278,0.039490116236247264,0.017528019830309285,93,chr6,144306914,cg02006099,0.07433932627708753,5.62222491162054e-5,4.250091784854168,chr6,144306914,PLAGL1;PLAGL1;PLAGL1;PLAGL1;PLAGL1;PLAGL1;PLAGL1;PLAGL1;PLAGL1;PLAGL1;PLAGL1;PLAGL1;PLAGL1;PLAGL1;PLAGL1;PLAGL1;PLAGL1;PLAGL1;PLAGL1;PLAGL1;PLAGL1,6,144306914,PLAGL1,1
5.6227509151969584e-5,0.038929295775477886,1,4.241145371911706,0.05253939007674874,0.07716925046363289,0.027909529689864584,0.012388019148012954,93,chr17,60231685,cg15143938,0.05253939007674874,5.6227509151969584e-5,4.250051155073475,chr17,58309046,SCARNA20;USP32,17,60231685,SCARNA20,1
5.6328103334281846e-5,0.038929295775477886,1,4.240659093574024,0.0392821751700942,0.05769931769977877,0.020865032640409627,0.009263224018553968,93,chr2,42050527,cg25353287,0.0392821751700942,5.6328103334281846e-5,4.2492748719729425,chr2,42277667,PKDCC,2,42050527,PKDCC,1
5.651297028970357e-5,0.038929295775477886,1,4.239767614086884,0.020829559880416456,0.03059739055630096,0.011061729204531953,0.0049129013135552485,93,chr18,50290963,cg15241471,0.020829559880416456,5.651297028970357e-5,4.247851865830274,chr18,47817333,,18,50290963,NA,1
5.6518278160294375e-5,0.038929295775477886,1,4.239742059599299,0.047452367100278454,0.06970485267328391,0.025199881527272996,0.011192276896383458,93,chr11,38173979,cg05530212,0.047452367100278454,5.6518278160294375e-5,4.247811077482953,chr11,38195529,,11,38173979,NA,1
5.6556346997506614e-5,0.038929295775477886,1,4.239558846771571,0.020118149316560963,0.029552835113111957,0.010683463520009968,0.004745340268570858,93,chr11,128409440,cg26370234,0.020118149316560963,5.6556346997506614e-5,4.247518649601183,chr11,128279335,,11,128409440,NA,1
5.658938893544774e-5,0.038929295775477886,1,4.2393999230879755,0.032810742651498054,0.04819837335907977,0.017423111943916342,0.007739478050374341,93,chr8,127822686,cg03691530,0.032810742651498054,5.658938893544774e-5,4.247264995645798,chr8,128834932,PVT1,8,127822686,PVT1,1
5.661501649201413e-5,0.038929295775477886,1,-4.239276722346333,-0.08970839458674712,-0.0476355960907273,-0.13178119308276692,0.021161250010849914,93,chr7,26346704,cg19409533,-0.08970839458674712,5.661501649201413e-5,4.2470683618390215,chr7,26346704,SNX10;SNX10;SNX10,7,26346704,SNX10,1
5.663342908806266e-5,0.038929295775477886,1,-4.239188239652151,-0.028431032469804315,-0.015096738919725763,-0.041765326019882865,0.006706716206623851,93,chr2,24919329,cg21011133,-0.028431032469804315,5.663342908806266e-5,4.246927141553111,chr2,25142198,ADCY3,2,24919329,ADCY3,1
5.664602487343984e-5,0.038929295775477886,1,4.239127725915561,0.03423914927611003,0.05029770730345291,0.018180591248767145,0.00807693268282335,93,chr4,78559813,cg25689838,0.03423914927611003,5.664602487343984e-5,4.246830561283419,chr4,79480967,ANXA3,4,78559813,ANXA3,1
5.665519647531375e-5,0.038929295775477886,1,-4.239083671089678,-0.0803648165749694,-0.04267239402285438,-0.1180572391270844,0.018958063301050914,93,chr6,4603330,cg16051275,-0.0803648165749694,5.665519647531375e-5,4.246760250018538,chr6,4603564,,6,4603330,NA,1
5.666585697742451e-5,0.038929295775477886,1,4.2390324731250075,0.06712295510141038,0.09860510676281546,0.035640803440005295,0.0158344989161943,93,chr4,40191040,cg15183692,0.06712295510141038,5.666585697742451e-5,4.246678538860486,chr4,40192660,RHOH;RHOH,4,40191040,RHOH,1
5.670232344964774e-5,0.038929295775477886,1,4.2388574099638285,0.05622993667836045,0.08260411078828617,0.029855762568434745,0.013265352249449759,93,chr1,87212645,cg21674021,0.05622993667836045,5.670232344964774e-5,4.246399144975049,chr1,87678328,LOC101927844,1,87212645,LOC101927844,1
5.6716854652105946e-5,0.038929295775477886,1,4.23878768082357,0.07437874627370343,0.10926603924054612,0.03949145330686074,0.017547174304152004,93,chr3,42900918,cg04992471,0.07437874627370343,5.6716854652105946e-5,4.24628786183611,chr3,42942410,,3,42900918,NA,1
5.690106316851335e-5,0.038988042305785925,1,4.237905230980329,0.025226225778732812,0.03706103114112957,0.013391420416336057,0.0059525223910911725,93,chr18,12944243,cg00533418,0.025226225778732812,5.690106316851335e-5,4.244879618949303,chr18,12944243,,18,12944243,NA,1
5.693259664265923e-5,0.038988042305785925,1,4.237754446107905,0.04114138812319055,0.06044342916575414,0.021839347080626962,0.009708299205721126,93,chr17,68440294,cg08196250,0.04114138812319055,5.693259664265923e-5,4.24463900797027,chr17,66436435,WIPI1;PRKAR1A,17,68440294,WIPI1,1
5.695642212261759e-5,0.038988042305785925,1,4.237640572231514,0.025940345861085845,0.03811093849698551,0.01376975322518618,0.006121412474448212,93,chr6,157207973,cg07316978,0.025940345861085845,5.695642212261759e-5,4.244457299940159,chr6,157529107,ARID1B;ARID1B;ARID1B,6,157207973,ARID1B,1
5.69829120712648e-5,0.038988042305785925,1,4.237514017411624,0.04002101924099735,0.05879848934345146,0.021243549138543243,0.009444457074726836,93,chr10,134140238,cg07410082,0.04002101924099735,5.69829120712648e-5,4.2442553602182524,chr10,134140238,,10,134140238,NA,1
5.703077114428742e-5,0.03898991688756192,1,4.237285516023801,0.01326595236105827,0.019490542880653626,0.007041361841462913,0.0031307666927072736,93,chr12,71442738,cg25285440,0.01326595236105827,5.703077114428742e-5,4.243890756041678,chr12,71836518,LGR5,12,71442738,LGR5,1
5.730095194572703e-5,0.03909366952059204,1,-4.235999003932681,-0.046798152761570025,-0.024833064964797313,-0.06876324055834274,0.011047725157187912,93,chr9,69759572,cg20894495,-0.046798152761570025,5.730095194572703e-5,4.241838163000461,chr9,72374488,PTAR1,9,69759572,PTAR1,1
5.733697659975287e-5,0.03909366952059204,1,4.235827908271005,0.04550037983968235,0.0668572101427716,0.0241435495365931,0.010741791410089383,93,chr14,76916479,cg13185218,0.04550037983968235,5.733697659975287e-5,4.24156521129644,chr14,77382822,,14,76916479,NA,1
5.742080241558659e-5,0.03909366952059204,1,4.235430186205752,0.04904488767245938,0.07206759002412048,0.02602218532079828,0.011579670899119583,93,chr7,122145277,cg00600521,0.04904488767245938,5.742080241558659e-5,4.24093074283522,chr7,121785331,AASS,7,122145277,AASS,1
5.7436232570697635e-5,0.03909366952059204,1,4.235357036888921,0.06862961801522326,0.1008463613311997,0.036412874699246804,0.016203974639558392,93,chr21,31963662,cg05843874,0.06862961801522326,5.7436232570697635e-5,4.240814054619112,chr21,31963662,KRTAP22-2;KRTAP6-3,21,31963662,KRTAP22-2,1
5.7511755970041834e-5,0.03909366952059204,1,4.234999278135709,0.08187363865220623,0.12031075809781046,0.043436519206602006,0.01933262163110636,93,chr9,20692704,cg13298043,0.08187363865220623,5.7511755970041834e-5,4.24024337216132,chr9,20692704,FOCAD,9,20692704,FOCAD,1
5.754092801566729e-5,0.03909366952059204,1,4.234861209655968,0.03579611744736841,0.05260182588896836,0.018990409005768455,0.008452725054070052,93,chr22,50168019,cg07240086,0.03579611744736841,5.754092801566729e-5,4.240023138121164,chr22,50606448,,22,50168019,NA,1
5.7547843398494045e-5,0.03909366952059204,1,4.234828489706716,0.01594892686408581,0.023436752496481174,0.008461101231690445,0.0037661328912969396,93,chr3,194827799,cg25611387,0.01594892686408581,5.7547843398494045e-5,4.239970946885327,chr3,194548528,,3,194827799,NA,1
5.764526981493223e-5,0.03909366952059204,1,4.234367921511303,0.0764993343963821,0.1124187405256122,0.040579928267151996,0.01806629367461259,93,chr16,16101762,cg03392077,0.0764993343963821,5.764526981493223e-5,4.239236323712827,chr16,16195619,ABCC1,16,16101762,ABCC1,1
5.765337633932423e-5,0.03909366952059204,1,4.234329632993247,0.029303482976607485,0.04306272979945962,0.015544236153755353,0.0069204538891538435,93,chr1,101257453,cg20607696,0.029303482976607485,5.765337633932423e-5,4.239175254152444,chr1,101723009,,1,101257453,NA,1
5.767972616704819e-5,0.03909366952059204,1,-4.234205214025296,-0.05926967329303599,-0.03143919226665838,-0.0871001543194136,0.013997827289218839,93,chr13,20223554,cg26764846,-0.05926967329303599,5.767972616704819e-5,4.238976810085129,chr13,20797693,GJB6;GJB6;GJB6;GJB6,13,20223554,GJB6,1
5.768016348831554e-5,0.03909366952059204,1,4.234203149538022,0.02000467033169039,0.02939800487571941,0.01061133578766137,0.004724541932730134,93,chr14,22533835,cg02051044,0.02000467033169039,5.768016348831554e-5,4.238973517325162,chr14,23002783,,14,22533835,NA,1
5.7736548985547185e-05,0.03910121808695813,1,4.233937093599418,0.10740935187613232,0.1578473425439575,0.05697136120830716,0.02536866975149597,93,chr14,34138278,cg11972924,0.10740935187613232,5.7736548985547185e-05,4.238549178219839,chr14,34607484,,14,34138278,NA,1
5.786938633982424e-5,0.039160490167840095,1,-4.233311286749655,-0.08820911381812468,-0.04678117400511082,-0.12963705363113853,0.020836907055292838,93,chr13,28621112,cg16463452,-0.08820911381812468,5.786938633982424e-5,4.237551122969807,chr13,29195249,,13,28621112,NA,1
5.792879351653802e-5,0.0391629190407692,1,4.233031862898591,0.03140691536126832,0.046158335374394725,0.016655495348141917,0.0074194847519437924,93,chr17,329760,cg27239408,0.03140691536126832,5.792879351653802e-5,4.237105516461522,chr17,179551,RPH3AL;RPH3AL;RPH3AL;RPH3AL;LOC100506388;LOC100506388,17,329760,RPH3AL,1
5.80343950683559e-5,0.0391629190407692,1,4.23253584312239,0.03585615163336387,0.052699293757731226,0.019013009508996516,0.008471552979670074,93,chr1,17425424,cg17918090,0.03585615163336387,5.80343950683559e-5,4.236314538143797,chr1,17751920,RCC2;RCC2,1,17425424,RCC2,1
5.822605481697961e-5,0.0391629190407692,1,4.231637818129661,0.040735910365264964,0.05987534120178883,0.0215964795287411,0.009626511557945618,93,chr14,51716124,cg14756623,0.040735910365264964,5.822605481697961e-5,4.2348826350896465,chr14,52182842,FRMD6;FRMD6;FRMD6;FRMD6,14,51716124,FRMD6,1
5.828836022855306e-5,0.0391629190407692,1,4.231346498507242,0.043545398521347464,0.06400625274123761,0.02308454430145731,0.01029114456514248,93,chr16,88513331,cg00162282,0.043545398521347464,5.828836022855306e-5,4.234418162105635,chr16,88579739,ZFPM1,16,88513331,ZFPM1,1
5.829976697587046e-5,0.0391629190407692,1,4.23129319680566,0.041664857157037896,0.06124234034184837,0.022087373972227424,0.009846837649655675,93,chr6,36109728,cg27462081,0.041664857157037896,5.829976697587046e-5,4.2343331811122695,chr6,36109728,MAPK13;MAPK13,6,36109728,MAPK13,1
5.835570659622423e-5,0.0391629190407692,1,-4.231031946309978,-0.07953780247939762,-0.04216227199451662,-0.11691333296427862,0.01879867689223315,93,chr4,6939188,cg06496803,-0.07953780247939762,5.835570659622423e-5,4.23391666794649,chr4,6940915,TBC1D14;TBC1D14,4,6939188,TBC1D14,1
5.8377163605120086e-5,0.0391629190407692,1,4.23093180132717,0.03799139449613104,0.05584431585775644,0.02013847313450563,0.008979439111784735,93,chr9,113657954,cg08694430,0.03799139449613104,5.8377163605120086e-5,4.233757010077194,chr9,116420234,,9,113657954,NA,1
5.842541343579379e-5,0.0391629190407692,1,4.230706737345874,0.019773248666514625,0.029065590722717242,0.010480906610312006,0.004673745994249494,93,chr10,95492943,cg04647757,0.019773248666514625,5.842541343579379e-5,4.233398205726517,chr10,97252700,SORBS1;SORBS1;SORBS1;SORBS1,10,95492943,SORBS1,1
5.844034363433494e-5,0.0391629190407692,1,4.230637130900394,0.043895057818644084,0.0645236661806056,0.023266449456682575,0.01037551944553137,93,chr12,1642731,cg04682969,0.043895057818644084,5.844034363433494e-5,4.233287239040672,chr12,1751897,WNT5B;WNT5B,12,1642731,WNT5B,1
5.846217195511528e-5,0.0391629190407692,1,4.2305353953843206,0.03319999337044406,0.0488028007153908,0.01759718602549732,0.007847704904364244,93,chr12,129523308,cg03839194,0.03319999337044406,5.846217195511528e-5,4.233125054004251,chr12,130007853,TMEM132D,12,129523308,TMEM132D,1
5.8515246941781596e-5,0.0391629190407692,1,4.230288180778824,0.047343244456743365,0.06959417331686128,0.025092315596625447,0.011191493920404062,93,chr2,71662023,cg19102272,0.047343244456743365,5.8515246941781596e-5,4.232730957850731,chr2,71662023,ZNF638;ZNF638,2,71662023,ZNF638,1
5.8563315471317595e-5,0.0391629190407692,1,4.230064471821185,0.018882302529050272,0.02775729609733426,0.010007308960766285,0.004463833271297827,93,chr3,36770510,cg13267619,0.018882302529050272,5.8563315471317595e-5,4.232374344344835,chr3,36812001,,3,36770510,NA,1
5.860154695550979e-5,0.0391629190407692,1,4.2298866703596225,0.02834146579842925,0.041662982030816,0.0150199495660425,0.006700289631168694,93,chr2,120424751,cg14694629,0.02834146579842925,5.860154695550979e-5,4.232090919385082,chr2,121182327,,2,120424751,NA,1
5.8647393667600494e-5,0.0391629190407692,1,4.2296736004270725,0.04524600622912596,0.06651434055017694,0.02397767190807498,0.01069728080780452,93,chr20,38198611,cg21120762,0.04524600622912596,5.8647393667600494e-5,4.2317512834790625,chr20,36827013,,20,38198611,NA,1
5.873053244929974e-5,0.0391629190407692,1,-4.229287626868964,-0.0572152788702437,-0.03031821468436157,-0.08411234305612583,0.0135283489604138,93,chr1,206859165,cg10917757,-0.0572152788702437,5.873053244929974e-5,4.231136061838048,chr1,207032510,,1,206859165,NA,1
5.881260108626292e-5,0.0391629190407692,1,4.2289071375042715,0.056360640490148196,0.08285832063306688,0.029862960347229513,0.013327471769316255,93,chr11,34363741,cg06125671,0.056360640490148196,5.881260108626292e-5,4.2305296127688425,chr11,34385288,,11,34363741,NA,1
5.885367313993274e-5,0.0391629190407692,1,4.228716909920903,0.05072636194904293,0.07457618635455987,0.026876537543526,0.011995686405499239,93,chr3,66377870,cg04217850,0.05072636194904293,5.885367313993274e-5,4.230226427049554,chr3,66428294,SLC25A26;SLC25A26;SLC25A26,3,66377870,SLC25A26,1
5.890379842945426e-5,0.0391629190407692,1,4.22848492499926,0.03526511219577063,0.051846488114517614,0.01868373627702365,0.00833989308730403,93,chr13,106507375,cg02441149,0.03526511219577063,5.890379842945426e-5,4.2298566986974135,chr13,107159723,EFNB2,13,106507375,EFNB2,1
5.89298043908421e-5,0.0391629190407692,1,4.228364641709479,0.07328034915950565,0.10773716799720837,0.03882353032180293,0.017330659810332546,93,chr20,36875968,cg09241885,0.07328034915950565,5.89298043908421e-5,4.229665000481618,chr20,35504371,C20orf118,20,36875968,C20orf118,1
5.895167405292639e-5,0.0391629190407692,1,4.228263529299074,0.07565075947085267,0.11122300876777469,0.040078510173930666,0.017891685072759275,93,chr11,3867988,cg12513294,0.07565075947085267,5.895167405292639e-5,4.229503857716891,chr11,3889218,STIM1;STIM1;STIM1,11,3867988,STIM1,1
5.895407597814796e-5,0.0391629190407692,1,4.228252426417323,0.02828405942766422,0.041583730998673935,0.014984387856654503,0.006689302476586014,93,chr16,87409295,cg07205670,0.02828405942766422,5.895407597814796e-5,4.229486163196148,chr16,87442901,ZCCHC14,16,87409295,ZCCHC14,1
5.9015602046496244e-5,0.0391629190407692,1,4.227968171098462,0.02164582936709239,0.03182477051767324,0.011466888216511538,0.00511967651863108,93,chr12,20602397,cg15562444,0.02164582936709239,5.9015602046496244e-5,4.229033158070645,chr12,20755331,PDE3A;PDE3A,12,20602397,PDE3A,1
5.904993987034864e-5,0.0391629190407692,1,4.227809651756646,0.039955576897856726,0.05874537275994127,0.021165781035772182,0.009450656531155625,93,chr9,120920635,cg08711342,0.039955576897856726,5.904993987034864e-5,4.228780540285675,chr9,123682913,TRAF1;TRAF1,9,120920635,TRAF1,1
5.905580127150239e-5,0.0391629190407692,1,4.227782601681955,0.06660899484061705,0.09793321840490538,0.03528477127632872,0.015755066217008826,93,chr10,116470122,cg22485949,0.06660899484061705,5.905580127150239e-5,4.228737433589002,chr10,118229634,PNLIPRP3,10,116470122,PNLIPRP3,1
5.9070424330853416e-5,0.0391629190407692,1,-4.227715128266603,-0.07331907301983653,-0.0388387495359196,-0.10779939650375348,0.0173424818833283,93,chr1,24191341,cg15930310,-0.07331907301983653,5.9070424330853416e-5,4.228629909387924,chr1,24517831,,1,24191341,NA,1
5.909701236953706e-5,0.0391629190407692,1,4.227592487518658,0.019783502607560077,0.029087512193442643,0.01047949302167751,0.004679614382409834,93,chr3,98592219,cg02657160,0.019783502607560077,5.909701236953706e-5,4.228434474181707,chr3,98311063,CPOX,3,98592219,CPOX,1
5.9133134937880915e-5,0.0391629190407692,1,-4.227425952681564,-0.07000083458358711,-0.037078752700344254,-0.10292291646682997,0.016558737010918857,93,chr3,46301402,cg11428515,-0.07000083458358711,5.9133134937880915e-5,4.228169096307293,chr3,46342893,,3,46301402,NA,1
5.9178041047828116e-5,0.0391629190407692,1,4.227219059956171,0.04138136757660706,0.06084438480928928,0.021918350343924843,0.0097892649966042,93,chr8,70379316,cg02413312,0.04138136757660706,5.9178041047828116e-5,4.227839415251757,chr8,71291551,NCOA2,8,70379316,NCOA2,1
5.918724051699768e-5,0.0391629190407692,1,-4.227176694566302,-0.01946487193262558,-0.01030981116772239,-0.028619932697528768,0.004604697967238066,93,chr19,17653768,ch.19.748535F,-0.01946487193262558,5.918724051699768e-5,4.2277719076405385,chr19,17764577,UNC13A,19,17653768,UNC13A,1
5.932050667303062e-5,0.03922106693382767,1,4.226563688010882,0.07663764322110403,0.11268843481780484,0.04058685162440322,0.01813237629388982,93,chr7,99909638,cg17717565,0.07663764322110403,5.932050667303062e-5,4.226795148197236,chr7,99507261,TRIM4;TRIM4,7,99909638,TRIM4,1
5.9489778947597145e-5,0.03925220489716322,1,4.225786968419074,0.04287853170708861,0.06305254896309732,0.022704514451079894,0.010146874896329683,93,chr3,196661696,cg15715933,0.04287853170708861,5.9489778947597145e-5,4.225557644825533,chr3,196388567,LRRC33,3,196661696,LRRC33,1
5.952187325786127e-5,0.03925220489716322,1,4.225639941252534,0.063530783191305,0.09342256492687276,0.03363900145573723,0.015034594540601976,93,chr21,45276711,cg25195416,0.063530783191305,5.952187325786127e-5,4.225323409237205,chr21,46696626,POFUT2;POFUT2;POFUT2,21,45276711,POFUT2,1
5.9545159812687355e-5,0.03925220489716322,1,4.225533311082896,0.04751659963135289,0.06987413397825071,0.025159065284455072,0.011245113014900268,93,chr20,7937676,cg27258633,0.04751659963135289,5.9545159812687355e-5,4.22515353480376,chr20,7918323,HAO1,20,7937676,HAO1,1
5.9549292971816276e-5,0.03925220489716322,1,-4.225514389362209,-0.08367983754071535,-0.04430658200069403,-0.12305309308073667,0.01980346765624098,93,chr20,64019937,cg05273620,-0.08367983754071535,5.9549292971816276e-5,4.225123390524807,chr20,62651290,PRPF6,20,64019937,PRPF6,1
5.968335488397227e-5,0.03928372224577495,1,4.224901335257151,0.04265203357596794,0.06272369179814552,0.022580375353790365,0.010095391629630067,93,chr5,54835866,cg26223797,0.04265203357596794,5.968335488397227e-5,4.224146772555401,chr5,54131694,,5,54835866,NA,1
5.96880263063703e-5,0.03928372224577495,1,4.22487999715648,0.07092885951068321,0.10430750285160455,0.03755021616976188,0.016788372582989642,93,chr13,99198818,cg06701255,0.07092885951068321,5.96880263063703e-5,4.224112781611325,chr13,99198818,STK24;STK24,13,99198818,STK24,1
5.977234892862355e-5,0.03930824848554087,1,-4.224495105098506,-0.033427719394675946,-0.017695426663527285,-0.049160012125824604,0.007912831844527958,93,chr17,17384030,cg10697491,-0.033427719394675946,5.977234892862355e-5,4.223499676963794,chr17,17287344,,17,17384030,NA,1
5.981626699757247e-5,0.03930824848554087,1,4.224294847466707,0.06226610474485454,0.09157217298269273,0.03296003650701636,0.014739999690645477,93,chr5,53161947,cg26103497,0.06226610474485454,5.981626699757247e-5,4.223180693827981,chr5,52457777,,5,53161947,NA,1
5.994673937517434e-5,0.03936405374204837,1,4.223700753946375,0.08337503239291381,0.12262171531026239,0.04412834947556523,0.019739805741449165,93,chr6,140208294,cg03719252,0.08337503239291381,5.994673937517434e-5,4.222234434081065,chr6,140529431,,6,140208294,NA,1
6.004598013416445e-5,0.03939928156788039,1,4.223249704212608,0.021706701490873132,0.03192567223208097,0.011487730749665295,0.005139810101501013,93,chr6,31050746,cg10715333,0.021706701490873132,6.004598013416445e-5,4.221516061766268,chr6,31018523,,6,31050746,NA,1
6.01596346696931e-5,0.03942168545640276,1,4.222734025246082,0.03296881455400513,0.04849160112120297,0.0174460279868073,0.007807457054339068,93,chr22,37932525,cg03660208,0.03296881455400513,6.01596346696931e-5,4.220694809740518,chr22,38328532,MICALL1,22,37932525,MICALL1,1
6.017136234944228e-5,0.03942168545640276,1,4.2226808672741045,0.04672899661211167,0.06873079989497331,0.024727193329250028,0.011066191853204607,93,chr12,44555415,cg12378939,0.04672899661211167,6.017136234944228e-5,4.220610155466177,chr12,44949198,NELL2;NELL2;NELL2;NELL2;NELL2,12,44555415,NELL2,1
6.0322365490509734e-5,0.03949067635102649,1,4.221997306672229,0.020932959949219614,0.03079059584029528,0.011075324058143949,0.00495807041755764,93,chr2,181585855,cg06079593,0.020932959949219614,6.0322365490509734e-5,4.219521636313806,chr2,182450582,CERKL;CERKL;CERKL;CERKL;CERKL;CERKL;CERKL,2,181585855,CERKL,1
6.0408455457062014e-5,0.0395170988645958,1,4.2216083323550935,0.015429249603683368,0.02269577755695483,0.008162721650411906,0.0036548273522749816,93,chr17,61122202,cg07236524,0.015429249603683368,6.0408455457062014e-5,4.218902268310434,chr17,59199563,BCAS3;BCAS3,17,61122202,BCAS3,1
6.0465957899089325e-5,0.03952168502776538,1,4.221348820450055,0.0246333437019749,0.03623532625701944,0.01303136114693036,0.005835420087210097,93,chr17,77423943,cg14388268,0.0246333437019749,6.0465957899089325e-5,4.218489062662375,chr17,77423943,RBFOX3,17,77423943,RBFOX3,1
6.050693546011997e-5,0.03952168502776538,1,4.22116403135797,0.043703937990171936,0.06428882201632906,0.023119053964014813,0.010353527525939843,93,chr11,57380742,cg24459209,0.043703937990171936,6.050693546011997e-5,4.218194842547042,chr11,57148215,PRG3,11,57380742,PRG3,1
6.0713703025718234e-5,0.03962678844190367,1,4.220233444273723,0.05921950195169792,0.08711848402500623,0.031320519878389616,0.01403228108910673,93,chr17,83082848,cg20290167,0.05921950195169792,6.0713703025718234e-5,4.216713278005138,chr17,81040724,METRNL,17,83082848,METRNL,1
6.0791197688422335e-5,0.039647422690449456,1,4.219885454851558,0.03803263672367517,0.05595172276136566,0.020113550685984676,0.009012717793074087,93,chr4,128560942,cg10606176,0.03803263672367517,6.0791197688422335e-5,4.2161593002025155,chr4,129482097,,4,128560942,NA,1
6.08389349533403e-5,0.039648632969682455,1,4.219671303541698,0.05856184489922272,0.08615467264375776,0.030969017154687674,0.013878295413690159,93,chr20,32855276,cg25213590,0.05856184489922272,6.08389349533403e-5,4.215818397313581,chr20,31443082,,20,32855276,NA,1
6.093483839130107e-5,0.039681207585169256,1,4.219241565678156,0.030998315429541817,0.04560540809567523,0.016391222763408403,0.007346892787959979,93,chr16,35753595,cg05912182,0.030998315429541817,6.093483839130107e-5,4.215134336347593,chr16,34987966,FLJ26245,16,35753595,FLJ26245,1
6.116101003319413e-5,0.039798500860093955,1,4.2182306781329935,0.012480857396564378,0.018363523208716915,0.006598191584411842,0.002958789679583967,93,chr2,98396665,cg14087319,0.012480857396564378,6.116101003319413e-5,4.213525351117456,chr2,99013128,CNGA3;CNGA3,2,98396665,CNGA3,1
6.130397092474568e-5,0.03985829198726337,1,4.217593561922233,0.012259989255646546,0.01803942508548589,0.006480553425807202,0.002906868354109225,93,chr5,91354244,cg22766025,0.012259989255646546,6.130397092474568e-5,4.212511393428557,chr5,90650061,,5,91354244,NA,1
6.134514338109532e-5,0.03985829198726337,1,4.217410339161049,0.03366725088947991,0.04953889362364626,0.017795608155313558,0.007982920366287428,93,chr1,33388903,cg20825110,0.03366725088947991,6.134514338109532e-5,4.21221981413144,chr1,33854504,,1,33388903,NA,1
6.154251677123046e-5,0.03993532933693552,1,4.216533643911816,0.022097809159739863,0.032517473547683626,0.011678144771796102,0.005240752481993479,93,chr6,138821970,cg13529400,0.022097809159739863,6.154251677123046e-5,4.210824747323077,chr6,138821970,NHSL1;NHSL1,6,138821970,NHSL1,1
6.155613674075638e-5,0.03993532933693552,1,4.216473246528939,0.03672626068753216,0.0540438503779551,0.01940867099710922,0.008710184682842643,93,chr12,94218546,cg04964935,0.03672626068753216,6.155613674075638e-5,4.210728644279474,chr12,94612322,PLXNC1,12,94218546,PLXNC1,1
6.168707143452737e-5,0.03999025217876196,1,-4.215893276072967,-0.07212913963337812,-0.03811329762746905,-0.10614498163928719,0.0171088627984827,93,chr22,17477420,cg03408904,-0.07212913963337812,6.168707143452737e-5,4.209805847198307,chr22,17956462,CECR2,22,17477420,CECR2,1
6.186248141731286e-5,0.04000541940528418,1,4.215118159677301,0.0206208015645307,0.030347285451975237,0.010894317677086167,0.004892105223002664,93,chr11,6474596,cg19297718,0.0206208015645307,6.186248141731286e-5,4.208572663637198,chr11,6495826,TRIM3;TRIM3;TRIM3;TRIM3,11,6474596,TRIM3,1
6.192307880368208e-5,0.04000541940528418,1,4.21485087881343,0.010848859564287461,0.015966407926884207,0.005731311201690715,0.0025739604736245486,93,chr21,34222038,cg14258253,0.010848859564287461,6.192307880368208e-5,4.208147458749436,chr21,35594339,,21,34222038,NA,1
6.192683663066538e-5,0.04000541940528418,1,4.2148343122176195,0.03096728602969711,0.04557501561413754,0.016359556445256676,0.007347213137164526,93,chr1,173946486,cg20211057,0.03096728602969711,6.192683663066538e-5,4.208121104213503,chr1,173915624,RC3H1;RC3H1;RC3H1;RC3H1;RC3H1;RC3H1;RC3H1;RC3H1,1,173946486,RC3H1,1
6.195169179397366e-5,0.04000541940528418,1,4.2147247611837,0.03383783988254561,0.049800067317186676,0.01787561244790454,0.008028481526049234,93,chr14,101878637,cg15323433,0.03383783988254561,6.195169179397366e-5,4.207946829291872,chr14,102344974,PPP2R5C;PPP2R5C;PPP2R5C;PPP2R5C;PPP2R5C,14,101878637,PPP2R5C,1
6.197574048290767e-5,0.04000541940528418,1,4.214618805040576,0.03027340799381439,0.04455455518867317,0.015992260798955615,0.0071829528112028005,93,chr8,65831677,cg06222774,0.03027340799381439,6.197574048290767e-5,4.207778275601374,chr8,66743912,PDE7A,8,65831677,PDE7A,1
6.198823422693638e-5,0.04000541940528418,1,4.214563774472691,0.040572373089983294,0.059712193683925135,0.021432552496041455,0.009626707593257273,93,chr16,75069955,cg10298992,0.040572373089983294,6.198823422693638e-5,4.207690734618261,chr16,75103853,ZNRF1,16,75069955,ZNRF1,1
6.203883172129553e-5,0.04000819441016491,1,4.214341019423873,0.019970490524933902,0.029391970712279766,0.01054901033758804,0.004738698276406685,93,chr1,171786612,cg05743172,0.019970490524933902,6.203883172129553e-5,4.207336389159076,chr1,171755752,METTL13;METTL13;METTL13,1,171786612,METTL13,1
6.210440406515333e-5,0.04002061519888917,1,4.2140525979428665,0.028577789255324785,0.042060858327306126,0.015094720183343444,0.006781545457993413,93,chr15,76012676,cg21396008,0.028577789255324785,6.210440406515333e-5,4.206877601218342,chr15,76305017,NRG4,15,76012676,NRG4,1
6.220923177366046e-5,0.040058295123451736,1,4.213592119599347,0.03579740446267223,0.05268855092484772,0.018906258000496744,0.00849569760114229,93,chr4,145870998,cg26850265,0.03579740446267223,6.220923177366046e-5,4.206145161758442,chr4,146792150,ZNF827;ZNF827,4,145870998,ZNF827,1
6.229728464009893e-5,0.04008512517968039,1,4.213205905611457,0.023287129471122617,0.03427626059815303,0.012297998344092204,0.005527175740475229,93,chr5,146104381,cg01573859,0.023287129471122617,6.229728464009893e-5,4.205530882578735,chr5,145483944,PLAC8L1;PLAC8L1,5,146104381,PLAC8L1,1
6.236375547291816e-5,0.040094905426980555,1,4.212914702029901,0.07205688018572531,0.10606267035414235,0.03805109001730828,0.017103807050972638,93,chr9,95155516,cg19747686,0.07205688018572531,6.236375547291816e-5,4.20506773998646,chr9,95155516,OGN;OGN;CENPP;CENPP;OGN;OGN,9,95155516,OGN,1
6.242395576054317e-5,0.040094905426980555,1,4.212651227109916,0.01637047010206124,0.024096666231164444,0.008644273972958035,0.0038860255025888247,93,chr5,10413262,cg20148407,0.01637047010206124,6.242395576054317e-5,4.204648713874124,chr5,10413374,MARCH6;MARCH6;MARCH6,5,10413262,MARCH6,1
6.245167829816494e-5,0.040094905426980555,1,4.212529977870547,0.03722139685481865,0.05478888807013145,0.019653905639505854,0.008835877026478572,93,chr1,43024918,cg19029680,0.03722139685481865,6.245167829816494e-5,4.204455886099482,chr1,43490589,,1,43024918,NA,1
6.252356669874451e-5,0.040102795799251495,1,4.212215803079276,0.030404700846947214,0.04475596650123976,0.016053435192654668,0.007218220117003579,93,chr13,96350690,cg18141318,0.030404700846947214,6.252356669874451e-5,4.203956255326544,chr13,96350690,DNAJC3,13,96350690,DNAJC3,1
6.255678253060922e-5,0.040102795799251495,1,4.212070757017952,0.010163758970033746,0.014961300924583101,0.005366217015484391,0.0024130076526134737,93,chr2,1097775,cg24440446,0.010163758970033746,6.255678253060922e-5,4.203725596347438,chr2,1093461,SNTG2,2,1097775,SNTG2,1
6.261030949159888e-5,0.04010735668479182,1,4.211837172853297,0.03742169352469898,0.055086624569676945,0.019756762479721014,0.008884886093388021,93,chr17,1893520,cg25109873,0.03742169352469898,6.261030949159888e-5,4.203354149430641,chr17,1796814,RPA1,17,1893520,RPA1,1
6.272195441943526e-5,0.040115966090738975,1,4.211350588407116,0.026640447308319375,0.03921753814129223,0.014063356475346516,0.006325867853807856,93,chr8,123870345,cg16025624,0.026640447308319375,6.272195441943526e-5,4.202580417473623,chr8,124882585,FER1L6,8,123870345,FER1L6,1
6.272748334291556e-5,0.040115966090738975,1,4.211326513269302,0.08692776012470194,0.12796703294414463,0.04588848730525924,0.020641420191667568,93,chr12,106879677,cg12916632,0.08692776012470194,6.272748334291556e-5,4.202542136218597,chr12,107273455,RIC8B,12,106879677,RIC8B,1
6.276301640762169e-5,0.040115966090738975,1,4.2111718368975275,0.030596992766027495,0.04504260200354058,0.01615138352851441,0.007265671872599016,93,chr22,40193888,cg04136484,0.030596992766027495,6.276301640762169e-5,4.202296192272719,chr22,40589892,TNRC6B;TNRC6B;TNRC6B,22,40193888,TNRC6B,1
6.29025345221842e-5,0.040157765628011086,1,4.210565325539641,0.04234072647093392,0.06233372700909145,0.02234772593277639,0.010055829371441323,93,chr3,71202450,cg14564722,0.04234072647093392,6.29025345221842e-5,4.201331855241173,chr3,71251601,FOXP1;FOXP1,3,71202450,FOXP1,1
6.30177569352924e-5,0.040157765628011086,1,4.210065408291387,0.05256124110627145,0.07738324562976834,0.027739236582774558,0.012484661402826733,93,chr9,105056269,cg05658748,0.05256124110627145,6.30177569352924e-5,4.200537059238216,chr9,107818550,,9,105056269,NA,1
6.302111740885542e-5,0.040157765628011086,1,4.210050841370299,0.03584544160796762,0.05277348161612116,0.01891740159981408,0.00851425385549514,93,chr5,138029887,cg24566595,0.03584544160796762,6.302111740885542e-5,4.200513900746315,chr5,137365576,FAM13B;FAM13B;FAM13B,5,138029887,FAM13B,1
6.303461059225934e-5,0.040157765628011086,1,-4.209992358890842,-0.03720781664064985,-0.019636149784376458,-0.05477948349692324,0.00883797723814695,93,chr15,32650698,cg12422547,-0.03720781664064985,6.303461059225934e-5,4.200420925754842,chr15,32650698,,15,32650698,NA,1
6.307111678341343e-5,0.040157765628011086,1,-4.209834193303817,-0.0647049068510486,-0.034146387527441084,-0.09526342617465611,0.015369941874187951,93,chr6,41163179,cg01980222,-0.0647049068510486,6.307111678341343e-5,4.200169479002242,chr6,41130917,TREM2;TREM2,6,41163179,TREM2,1
6.310723775775449e-5,0.040157765628011086,1,4.209677783459517,0.07657883019466019,0.11274645214955534,0.040411208239765045,0.018191138166334348,93,chr12,7737685,cg20942304,0.07657883019466019,6.310723775775449e-5,4.199920828743283,chr12,7890281,CLEC4C;CLEC4C,12,7737685,CLEC4C,1
6.325454792746249e-5,0.040221886755417637,1,4.209040797504185,0.03454947271472071,0.05086940567694492,0.018229539752496495,0.008208395778726438,93,chr22,36818820,cg09863066,0.03454947271472071,6.325454792746249e-5,4.198908243768046,chr22,37214864,PVALB,22,36818820,PVALB,1
6.337951032474972e-5,0.040257108608838355,1,4.208501564998021,0.025004767170979554,0.03681763661355261,0.013191897728406494,0.0059414893364762985,93,chr5,132677692,cg18504826,0.025004767170979554,6.337951032474972e-5,4.198051120527237,chr5,132013384,IL4;IL4,5,132677692,IL4,1
6.35434567590746e-5,0.040257108608838355,1,-4.207795661160154,-0.014799002377918972,-0.007806415343410523,-0.021791589412427422,0.003517043974953541,93,chr6,1378003,cg06779672,-0.014799002377918972,6.35434567590746e-5,4.196929163280407,chr6,1378238,,6,1378003,NA,1
6.354835325655542e-5,0.040257108608838355,1,4.207774605309447,0.02958393793178071,0.04356253531994776,0.015605340543613658,0.007030780093223425,93,chr11,44070466,cg03814540,0.02958393793178071,6.354835325655542e-5,4.196895698939355,chr11,44092016,ACCS;ACCS,11,44070466,ACCS,1
6.361666699259945e-5,0.040257108608838355,1,4.207481006393141,0.019615677794636115,0.02888485611464596,0.010346499474626273,0.004662095387912788,93,chr2,63441111,cg14268329,0.019615677794636115,6.361666699259945e-5,4.196429088209486,chr2,63668245,WDPCP,2,63441111,WDPCP,1
6.362438104435339e-5,0.040257108608838355,1,4.20744787200837,0.061018892292076035,0.08985294297466162,0.03218484160949045,0.014502590203916057,93,chr7,43650648,cg23007665,0.061018892292076035,6.362438104435339e-5,4.196376429571953,chr7,43690247,C7orf44,7,43650648,C7orf44,1
6.363603898350429e-5,0.040257108608838355,1,-4.207397804674075,-0.06023301954135545,-0.03176998882808836,-0.08869605025462254,0.014315979219849732,93,chr6,34469450,cg27000690,-0.06023301954135545,6.363603898350429e-5,4.196296860784475,chr6,34437227,PACSIN1,6,34469450,PACSIN1,1
6.371811484772969e-5,0.04027954380533672,1,4.207045563414104,0.0414348999308729,0.061016544388568,0.021853255473177794,0.009848930634648898,93,chr5,10226536,cg09898988,0.0414348999308729,6.371811484772969e-5,4.195737081636436,chr5,10226648,FAM173B,5,10226536,FAM173B,1
6.386714569706954e-5,0.04029053869906118,1,4.206407090175519,0.07372855049327519,0.10857708160649882,0.038880019380051555,0.01752767835178757,93,chr16,73206491,cg06297488,0.07372855049327519,6.386714569706954e-5,4.194722492573998,chr16,73240390,,16,73206491,NA,1
6.399312728845833e-5,0.04029053869906118,1,4.205868482037185,0.020563883411312187,0.030284851711407542,0.010842915111216832,0.004889331061857578,93,chr16,85671734,cg26296701,0.020563883411312187,6.399312728845833e-5,4.193866665718796,chr16,85705340,GSE1;GSE1;GSE1,16,85671734,GSE1,1
6.406676488790961e-5,0.04029053869906118,1,4.205554132492171,0.058464198427410526,0.08610348662446787,0.030824910230353178,0.013901663511049659,93,chr11,44071354,cg22720632,0.058464198427410526,6.406676488790961e-5,4.193367205566463,chr11,44092904,ACCS;ACCS,11,44071354,ACCS,1
6.409454640956237e-5,0.04029053869906118,1,4.2054356271100755,0.06395730673057247,0.09419434570050489,0.03372026776064005,0.015208247706438718,93,chr7,112446691,cg08251362,0.06395730673057247,6.409454640956237e-5,4.193178921573119,chr7,112086746,IFRD1,7,112446691,IFRD1,1
6.412129417928212e-5,0.04029053869906118,1,4.205321578054377,0.06315068412857593,0.09300718654059743,0.03329418171655442,0.015016850187659856,93,chr5,107608049,cg16554002,0.06315068412857593,6.412129417928212e-5,4.192997720733851,chr5,106943750,EFNA5,5,107608049,EFNA5,1
6.415023631411606e-5,0.04029053869906118,1,-4.205198224108544,-0.050127846161365265,-0.02642761104113168,-0.07382808128159885,0.011920447857601723,93,chr11,64215203,cg18566095,-0.050127846161365265,6.415023631411606e-5,4.192801739449184,chr11,63982675,FERMT3;FERMT3,11,64215203,FERMT3,1
6.421499612800539e-5,0.04029053869906118,1,4.204922406067947,0.053787086826776596,0.07921906364207902,0.02835511001147417,0.012791457637638854,93,chr7,77464603,cg11958899,0.053787086826776596,6.421499612800539e-5,4.192363539296818,chr7,77093920,,7,77464603,NA,1
6.440675143131147e-5,0.04029053869906118,1,4.204107270714416,0.04471245693700624,0.06585780450903304,0.02356710936497944,0.010635422470894308,93,chr13,102401302,cg10395772,0.04471245693700624,6.440675143131147e-5,4.1910686053780895,chr13,103053652,FGF14,13,102401302,FGF14,1
6.443379556733584e-5,0.04029053869906118,1,-4.203992496520748,-0.06860259075883009,-0.03615827145304584,-0.10104691006461433,0.016318437964769453,93,chr20,19658037,cg15818948,-0.06860259075883009,6.443379556733584e-5,4.190886285145999,chr20,19638681,SLC24A3,20,19658037,SLC24A3,1
6.445653705602615e-5,0.04029053869906118,1,4.203896018488433,0.055889516683134265,0.08232203066888287,0.029457002697385656,0.013294695310572901,93,chr19,5093480,cg24823679,0.055889516683134265,6.445653705602615e-5,4.190733030779284,chr19,5093491,KDM4B,19,5093480,KDM4B,1
6.451148797235624e-5,0.04029053869906118,1,4.203663031073192,0.07226211049191782,0.10643981008375115,0.03808441090008448,0.017190271902805056,93,chr11,57388577,cg15700636,0.07226211049191782,6.451148797235624e-5,4.190362940887986,chr11,57156050,PRG2,11,57388577,PRG2,1
6.464271700305568e-5,0.04029053869906118,1,-4.2031074029814235,-0.058299652001067195,-0.03072210987124216,-0.08587719413089223,0.013870607246370396,93,chr17,1575919,cg04204452,-0.058299652001067195,6.464271700305568e-5,4.1894803979847675,chr17,1479213,SLC43A2,17,1575919,SLC43A2,1
6.469618141463792e-5,0.04029053869906118,1,4.202881344263106,0.024719854166143918,0.03641374020710307,0.013025968125184768,0.005881644553179283,93,chr7,2383832,cg10152684,0.024719854166143918,6.469618141463792e-5,4.189121352090068,chr7,2423467,,7,2383832,NA,1
6.469866746523209e-5,0.04029053869906118,1,4.202870837098956,0.041007878542880384,0.060406967796848704,0.021608789288912064,0.009757111301375654,93,chr5,179773572,cg10113951,0.041007878542880384,6.469866746523209e-5,4.189104663975136,chr5,179200573,MAML1,5,179773572,MAML1,1
6.475780162139504e-5,0.04029053869906118,1,4.20262102420224,0.038512378448153,0.05673203532848868,0.020292721567817317,0.009163895156466931,93,chr9,74825458,cg04237449,0.038512378448153,6.475780162139504e-5,4.188707902968429,chr9,77440374,TRPM6;TRPM6;TRPM6,9,74825458,TRPM6,1
6.475880462791735e-5,0.04029053869906118,1,4.202616788885128,0.06156463068500429,0.09069000861952092,0.03243925275048766,0.014649118341654981,93,chr22,36441135,cg17888379,0.06156463068500429,6.475880462791735e-5,4.188701176414814,chr22,36837180,,22,36441135,NA,1
6.479001396692582e-5,0.04029053869906118,1,4.202485035208313,0.0765907277648826,0.1128258810368421,0.04035557449292309,0.018225104223621842,93,chr7,65974525,cg04290133,0.0765907277648826,6.479001396692582e-5,4.188491926432847,chr7,65439512,GUSB,7,65974525,GUSB,1
6.481169207251641e-5,0.04029053869906118,1,4.202393554654731,0.06933198020695505,0.10213372646570881,0.0365302339482013,0.016498212103471438,93,chr10,73054657,cg18304944,0.06933198020695505,6.481169207251641e-5,4.188346640047171,chr10,74814415,P4HA1;P4HA1;P4HA1;P4HA1,10,73054657,P4HA1,1
6.483861255438732e-5,0.04029053869906118,1,4.202279992537353,0.05225802888471446,0.07698256324151428,0.02753349452791463,0.012435637077376384,93,chr11,123371749,cg07270423,0.05225802888471446,6.483861255438732e-5,4.188166286951536,chr11,123242457,,11,123371749,NA,1
6.48470762724847e-5,0.04029053869906118,1,-4.2022442983331345,-0.06760083445387606,-0.03561697691706435,-0.09958469199068777,0.0160868406629026,93,chr2,238449922,cg08043963,-0.06760083445387606,6.48470762724847e-5,4.188109599955391,chr2,239358563,ASB1,2,238449922,ASB1,1
6.487046630020725e-5,0.04029053869906118,1,4.202145678437959,0.05311038828899436,0.07823899761139733,0.027981778966591386,0.012638873650076977,93,chr17,58196387,cg27350579,0.05311038828899436,6.487046630020725e-5,4.187952980274196,chr17,56273748,EPX,17,58196387,EPX,1
6.49195401383841e-5,0.04029053869906118,1,-4.201938878566983,-0.02093811031699374,-0.011030980930575682,-0.030845239703411798,0.004982964036862529,93,chr15,85619042,cg08576172,-0.02093811031699374,6.49195401383841e-5,4.187624565186988,chr15,86162273,AKAP13;AKAP13;AKAP13,15,85619042,AKAP13,1
6.498728840949918e-5,0.04029053869906118,1,4.20165363084413,0.06824894625156228,0.1005439831128388,0.03595390939028576,0.016243353747807804,93,chr10,111176063,cg04366765,0.06824894625156228,6.498728840949918e-5,4.187171583564696,chr10,112935821,,10,111176063,NA,1
6.500111488820573e-5,0.04029053869906118,1,4.201595450944033,0.048470346926392904,0.07140657381659224,0.025534120036193576,0.01153617655300497,93,chr7,138350851,cg02194711,0.048470346926392904,6.500111488820573e-5,4.187079194347247,chr7,138035596,,7,138350851,NA,1
6.500372120331633e-5,0.04029053869906118,1,4.201584485267448,0.013645101099100786,0.020101996322772174,0.007188205875429399,0.0032476084074820693,93,chr11,2883516,cg23419490,0.013645101099100786,6.500372120331633e-5,4.187061781021638,chr11,2904746,CDKN1C;CDKN1C;CDKN1C,11,2883516,CDKN1C,1
6.501656163219902e-5,0.04029053869906118,1,4.201530467286029,0.05775357110294766,0.08508305361002849,0.030424088595866827,0.013745841319640238,93,chr18,36029183,cg00124711,0.05775357110294766,6.501656163219902e-5,4.18697600167544,chr18,33609146,RPRD1A;RPRD1A;RPRD1A;RPRD1A,18,36029183,RPRD1A,1
6.50308745910031e-5,0.04029053869906118,1,4.201470266673937,0.07011580606231438,0.10329567901677536,0.0369359331078534,0.016688397539897638,93,chrX,87516548,cg03043911,0.07011580606231438,6.50308745910031e-5,4.186880405187974,chrX,86771551,KLHL4;KLHL4,23,87516548,KLHL4,1
6.50409898781584e-5,0.04029053869906118,1,4.201427729253883,0.04116562219168421,0.06064602211706793,0.021685222266300482,0.009798007925985359,93,chr1,118690613,cg26516598,0.04116562219168421,6.50409898781584e-5,4.186812857706876,chr1,118690613,SPAG17,1,118690613,SPAG17,1
6.515896351927726e-5,0.040310737060179985,1,4.200932089233762,0.07756164545469248,0.11426970564356272,0.04085358526582224,0.018462961030355413,93,chr11,59776576,cg19059663,0.07756164545469248,6.515896351927726e-5,4.186025832611512,chr11,59544049,STX3;STX3,11,59776576,STX3,1
6.53102490185366e-5,0.040310737060179985,1,4.20029776000467,0.06213791419161144,0.09155073481771267,0.032725093565510205,0.014793692671812474,93,chrX,47660499,cg20687573,0.06213791419161144,6.53102490185366e-5,4.18501866033402,chrX,47519898,UXT;UXT,23,47660499,UXT,1
6.531220582033372e-5,0.040310737060179985,1,4.200289564548506,0.06074772413516686,0.08950255800661483,0.03199289026371889,0.014462746722962347,93,chr6,96305018,cg00818668,0.06074772413516686,6.531220582033372e-5,4.185005648356503,chr6,96752894,,6,96305018,NA,1
6.532508445424499e-5,0.040310737060179985,1,4.20023563229156,0.0697393574946863,0.10275078988677766,0.03672792510259493,0.016603677412411734,93,chr12,6235502,cg12004076,0.0697393574946863,6.532508445424499e-5,4.184920020131232,chr12,6344668,CD9,12,6235502,CD9,1
6.535909230412102e-5,0.040310737060179985,1,4.2000932657608345,0.011111089345322001,0.016370750757932467,0.005851427932711536,0.0026454387182064778,93,chr7,134302507,cg22123595,0.011111089345322001,6.535909230412102e-5,4.184693987841137,chr7,133987259,SLC35B4,7,134302507,SLC35B4,1
6.54113890998078e-5,0.040310737060179985,1,-4.1998744756385324,-0.08664065522843632,-0.045625392334834314,-0.12765591812203833,0.02062934397944449,93,chr12,11759611,cg03995610,-0.08664065522843632,6.54113890998078e-5,4.184346627936135,chr12,11912545,ETV6,12,11759611,ETV6,1
6.548885594535797e-5,0.040310737060179985,1,4.1995506928715445,0.08032541023340975,0.11835399875479588,0.04229682171202361,0.019127143856069354,93,chr14,22313759,cg19962151,0.08032541023340975,6.548885594535797e-5,4.183832596392971,chr14,22782191,,14,22313759,NA,1
6.550287510273784e-5,0.040310737060179985,1,4.199492137393666,0.07264617139518856,0.10703964504532895,0.038252697745048164,0.017298799240108832,93,chr14,90805694,cg10046114,0.07264617139518856,6.550287510273784e-5,4.183739637201341,chr14,91272038,TTC7B,14,90805694,TTC7B,1
6.555573416699394e-5,0.040310737060179985,1,4.1992714631533294,0.049234901974093144,0.07254581097644938,0.025923992971736906,0.011724629475876163,93,chr22,26633726,cg15065814,0.049234901974093144,6.555573416699394e-5,4.183389314528185,chr22,27029690,,22,26633726,NA,1
6.558555338483965e-5,0.040310737060179985,1,-4.19914705047166,-0.05067389564729767,-0.026680965405244953,-0.07466682588935039,0.012067663989429912,93,chr5,41843726,cg16301858,-0.05067389564729767,6.558555338483965e-5,4.183191812700499,chr5,41843828,OXCT1,5,41843726,OXCT1,1
6.558672120947827e-5,0.040310737060179985,1,4.199142179145354,0.03206572960610153,0.04724813656885834,0.016883322643344724,0.007636257177800021,93,chr1,1312853,cg11847126,0.03206572960610153,6.558672120947827e-5,4.183184079667006,chr1,1248233,CPSF3L,1,1312853,CPSF3L,1
6.566690524383343e-5,0.04031533319076198,1,4.198807908493581,0.01020302692229285,0.01503431693588048,0.0053717369087052215,0.0024299818292838793,93,chr4,6996833,cg02075660,0.01020302692229285,6.566690524383343e-5,4.182653450701844,chr4,6998560,TBC1D14;TBC1D14;TBC1D14;TBC1D14,4,6996833,TBC1D14,1
6.56875053608542e-5,0.04031533319076198,1,4.198722094329412,0.01798037677842633,0.026494535455310775,0.009466218101541884,0.0042823450503451385,93,chr4,40893398,cg03183889,0.01798037677842633,6.56875053608542e-5,4.182517231184268,chr4,40895415,APBB2;APBB2;APBB2;APBB2;APBB2;APBB2,4,40893398,APBB2,1
6.582842358245234e-5,0.04033406939878238,1,4.1981357635924335,0.06268667273386108,0.09237452786173668,0.032998817605985484,0.014932026085840246,93,chr10,134140240,cg01602526,0.06268667273386108,6.582842358245234e-5,4.18158654499359,chr10,134140240,,10,134140240,NA,1
6.5830091004542e-5,0.04033406939878238,1,4.198128833041896,0.0636326317122732,0.09376853441648583,0.03349672900806056,0.015157379452351396,93,chr8,64694954,cg11126904,0.0636326317122732,6.5830091004542e-5,4.181575544532057,chr8,65607511,CYP7B1,8,64694954,CYP7B1,1
6.585805728816452e-5,0.04033406939878238,1,4.198012617870257,0.01458742020595552,0.021496096367167882,0.0076787440447431575,0.0034748395333208974,93,chr5,149257800,cg21654825,0.01458742020595552,6.585805728816452e-5,4.181391084457303,chr5,149257800,PDE6A,5,149257800,PDE6A,1
6.595434982837074e-5,0.040340140260269344,1,4.197612833001738,0.0330028831848158,0.0486347046195634,0.017371061750068195,0.007862298048392242,93,chr1,109598653,cg25105745,0.0330028831848158,6.595434982837074e-5,4.180756556536691,chr1,110141275,MIR197,1,109598653,MIR197,1
6.603045586158378e-5,0.040340140260269344,1,4.197297255415095,0.027009443474453217,0.03980343298984143,0.014215453959065006,0.006434960840480692,93,chr20,47659576,cg19047335,0.027009443474453217,6.603045586158378e-5,4.180255704430959,chr20,46288320,SULF2;SULF2;SULF2,20,47659576,SULF2,1
6.603133913536435e-5,0.040340140260269344,1,4.19729359493135,0.035647573157837655,0.05253333666522425,0.018761809650451062,0.008492990149863629,93,chr19,49819246,cg12567068,0.035647573157837655,6.603133913536435e-5,4.180249895015314,chr19,50322503,MED25,19,49819246,MED25,1
6.606451332978144e-5,0.040340140260269344,1,4.197156147793207,0.027386021589609014,0.04035882693489485,0.014413216244323178,0.006524899390271223,93,chr3,12284569,cg26346797,0.027386021589609014,6.606451332978144e-5,4.180031759932176,chr3,12326068,,3,12284569,NA,1
6.619273314972103e-5,0.040340140260269344,1,4.1966255322639245,0.03937252641561271,0.05802571781806177,0.02071933501316365,0.009381948928469842,93,chr11,28756717,cg20068400,0.03937252641561271,6.619273314972103e-5,4.179189686182746,chr11,28778264,,11,28756717,NA,1
6.620875804509288e-5,0.040340140260269344,1,4.196559285599527,0.02376730408076254,0.03502751801620388,0.0125070901453212,0.005663521581196275,93,chr3,71051842,cg00091098,0.02376730408076254,6.620875804509288e-5,4.1790845586104775,chr3,71100993,FOXP1;FOXP1;FOXP1;FOXP1;FOXP1;FOXP1;FOXP1;FOXP1,3,71051842,FOXP1,1
6.622504803954929e-5,0.040340140260269344,1,4.196491958842767,0.09994960414256032,0.147303396474,0.052595811811120635,0.023817418244290556,93,chr10,122544160,cg07066120,0.09994960414256032,6.622504803954929e-5,4.1789777179940595,chr10,124303676,,10,122544160,NA,1
6.625135462394853e-5,0.040340140260269344,1,4.196383267053929,0.029339008908502422,0.04323950738477053,0.015438510432234317,0.006991498879247956,93,chr20,44552220,cg21969887,0.029339008908502422,6.625135462394853e-5,4.178805237395813,chr20,43180861,PKIG;PKIG;PKIG;PKIG,20,44552220,PKIG,1
6.634193860988358e-5,0.040340140260269344,1,4.196009315856997,0.07913391922967233,0.11663003779088824,0.04163780066845644,0.018859328774752722,93,chr21,46402692,cg17260132,0.07913391922967233,6.634193860988358e-5,4.17821184190195,chr21,47822606,PCNT,21,46402692,PCNT,1
6.640350100753949e-5,0.040340140260269344,1,4.1957554528577266,0.038200174648537984,0.056301703753352944,0.020098645543723027,0.009104480725281515,93,chr4,157064199,cg11895804,0.038200174648537984,6.640350100753949e-5,4.177809022617332,chr4,157985351,,4,157064199,NA,1
6.642461707987448e-5,0.040340140260269344,1,-4.195668429344084,-0.032657546270574746,-0.017182125255248575,-0.04813296728590091,0.007783633721428305,93,chr17,32526949,cg13937543,-0.032657546270574746,6.642461707987448e-5,4.17767094050183,chr17,32526949,,17,32526949,NA,1
6.646193702529355e-5,0.040340140260269344,1,4.19551469158562,0.026882180834388498,0.03962129806298497,0.014143063605792023,0.006407361863921601,93,chr10,90917226,cg17370763,0.026882180834388498,6.646193702529355e-5,4.1774270054115465,chr10,92676983,ANKRD1,10,90917226,ANKRD1,1
6.649067386803494e-5,0.040340140260269344,1,4.195396368151357,0.01685278658301218,0.024839329049858423,0.008866244116165935,0.004016971247567277,93,chr8,22169239,cg20024609,0.01685278658301218,6.649067386803494e-5,4.177239265549344,chr8,22026752,BMP1;BMP1;BMP1;BMP1,8,22169239,BMP1,1
6.65831393789164e-5,0.040340140260269344,1,4.195015976921098,0.030999927156194033,0.04569213746117641,0.01630771685121166,0.007389704193438187,93,chr19,41336724,cg20748073,0.030999927156194033,6.65831393789164e-5,4.176635731816823,chr19,41842629,TGFB1,19,41336724,TGFB1,1
6.659907123586035e-5,0.040340140260269344,1,4.194950486684789,0.03394132211524937,0.0500278382273399,0.01785480600315884,0.008090994690636438,93,chr8,42783962,cg19138773,0.03394132211524937,6.659907123586035e-5,4.176531827285455,chr8,42639105,,8,42783962,NA,1
6.6650867115615185e-05,0.040340140260269344,1,4.194737676314865,0.01861300417526337,0.02743509957999169,0.009790908770535045,0.0044372272145549625,93,chr18,55473992,cg24138760,0.01861300417526337,6.6650867115615185e-05,4.176194196121432,chr18,53141223,TCF4;TCF4;TCF4;TCF4;TCF4;TCF4;TCF4;TCF4,18,55473992,TCF4,1
6.666155987796664e-5,0.040340140260269344,1,-4.194693763487086,-0.07468681033486335,-0.0392867718572234,-0.1100868488125033,0.017805068628603662,93,chr11,35236793,cg21468671,-0.07468681033486335,6.666155987796664e-5,4.176124528082221,chr11,35258340,,11,35236793,NA,1
6.67219693843728e-5,0.04034844176868056,1,4.1944458022308915,0.02869069459687667,0.04229030783476695,0.01509108135898639,0.00684016338502145,93,chr17,44053409,cg19430164,0.02869069459687667,6.67219693843728e-5,4.175731143423327,chr17,42130777,LSM12,17,44053409,LSM12,1
6.693966057237217e-5,0.04041943865790554,1,4.193554040666877,0.05371008690947033,0.07917450130968165,0.028245672509259006,0.0128077726884209,93,chr12,50621692,cg06489912,0.05371008690947033,6.693966057237217e-5,4.174316494128219,chr12,51015475,DIP2B,12,50621692,DIP2B,1
6.697911483660756e-5,0.04041943865790554,1,4.19339271711677,0.01883798576686664,0.027769580520399212,0.009906391013334072,0.004492301827580552,93,chr5,149845455,cg24968215,0.01883798576686664,6.697911483660756e-5,4.174060596182791,chr5,149225018,PPARGC1B;PPARGC1B;PPARGC1B,5,149845455,PPARGC1B,1
6.697969357025237e-5,0.04041943865790554,1,4.193390351428293,0.04762611482910844,0.07020694712075501,0.025045282537461872,0.01135742462251021,93,chr14,56205261,cg17478690,0.04762611482910844,6.697969357025237e-5,4.174056843673621,chr14,56671979,PELI2,14,56205261,PELI2,1
6.721637737395796e-5,0.04042502593602224,1,-4.192424505602301,-0.01206466560128143,-0.006343162729969418,-0.01778616847259344,0.0028777299591583624,93,chr8,80918726,cg14043253,-0.01206466560128143,6.721637737395796e-5,4.172524897532941,chr8,81830961,,8,80918726,NA,1
6.72640942611374e-5,0.04042502593602224,1,-4.192230181936289,-0.07329497694257417,-0.038534224055916666,-0.10805572982923167,0.01748352875717359,93,chr3,30614482,cg16918625,-0.07329497694257417,6.72640942611374e-5,4.172216701385005,chr3,30655974,TGFBR2;TGFBR2,3,30614482,TGFBR2,1
6.729033346222916e-5,0.04042502593602224,1,4.192123381189804,0.05851703876965262,0.08626993850295182,0.03076413903635342,0.013958806420684207,93,chr19,40228577,cg06795981,0.05851703876965262,6.729033346222916e-5,4.17204731951358,chr19,40228577,CLC,19,40228577,CLC,1
6.729050662019579e-5,0.04042502593602224,1,4.192122676522569,0.02527072033853173,0.037255877147201175,0.013285563529862286,0.006028144281191262,93,chr8,116714593,cg11760983,0.02527072033853173,6.729050662019579e-5,4.172046201946632,chr8,117726832,EIF3H,8,116714593,EIF3H,1
6.73601898676722e-5,0.04042502593602224,1,4.191839241817916,0.012958904654727982,0.01910534622799649,0.006812463081459475,0.0030914603130410053,93,chr4,93320273,cg26507027,0.012958904654727982,6.73601898676722e-5,4.171596697364016,chr4,94241424,GRID2;GRID2,4,93320273,GRID2,1
6.736104873423252e-5,0.04042502593602224,1,4.191835750163194,0.060499463907985475,0.08919453805010541,0.03180438976586554,0.014432689521680362,93,chr7,150961875,cg08034967,0.060499463907985475,6.736104873423252e-5,4.171591159989038,chr7,150658963,KCNH2;KCNH2,7,150961875,KCNH2,1
6.73861103854425e-5,0.04042502593602224,1,-4.191733882853174,-0.013494560524851946,-0.007093895128106687,-0.019895225921597204,0.003219326632364039,93,chr20,59566532,cg10397319,-0.013494560524851946,6.73861103854425e-5,4.171429610951204,chr20,58141587,,20,59566532,NA,1
6.746985310056603e-5,0.04042502593602224,1,4.1913937608464735,0.07625947042006098,0.11243337632174064,0.04008556451838132,0.018194298787298856,93,chrX,145825154,cg03025760,0.07625947042006098,6.746985310056603e-5,4.170890235415818,chrX,144906672,SLITRK2;SLITRK2;SLITRK2;SLITRK2;SLITRK2;SLITRK2;SLITRK2;SLITRK2;SLITRK2,23,145825154,SLITRK2,1
6.761294023754962e-5,0.04042502593602224,1,-4.190813550261942,-0.012621337581467454,-0.006633539792608443,-0.018609135370326463,0.003011667646411655,93,chr14,94081600,cg19744906,-0.012621337581467454,6.761294023754962e-5,4.1699701777870235,chr14,94547946,DDX24;IFI27L1;IFI27L1,14,94081600,DDX24,1
6.766716374710176e-5,0.04042502593602224,1,4.190593985713035,0.06469726072671862,0.09539245524066205,0.0340020662127752,0.015438685052116851,93,chr6,147207385,cg13001142,0.06469726072671862,6.766716374710176e-5,4.169622026483832,chr6,147528521,STXBP5;STXBP5,6,147207385,STXBP5,1
6.76858827497137e-5,0.04042502593602224,1,4.1905182271233015,0.09355803228170748,0.1379468346002476,0.04916922996316737,0.02232612464877238,93,chr9,87551926,cg08750944,0.09355803228170748,6.76858827497137e-5,4.169501902706742,chr9,90166841,DAPK1;DAPK1;DAPK1;DAPK1,9,87551926,DAPK1,1
6.769213862015888e-5,0.04042502593602224,1,4.1904929131817195,0.06996297056828821,0.10315724747412965,0.03676869366244677,0.016695642259222283,93,chr16,69448934,cg24600366,0.06996297056828821,6.769213862015888e-5,4.169461764876564,chr16,69482837,CYB5B,16,69448934,CYB5B,1
6.771991122298462e-5,0.04042502593602224,1,4.190380560478585,0.027249549041619955,0.04017857880379861,0.014320519279441299,0.006502881694952253,93,chr22,43772826,cg22726405,0.027249549041619955,6.771991122298462e-5,4.169283619898501,chr22,43772826,,22,43772826,NA,1
6.77303222948463e-5,0.04042502593602224,1,4.190338454429714,0.08367977645479464,0.12338352310883594,0.04397602980075335,0.019969693943536856,93,chr3,152106672,cg00047800,0.08367977645479464,6.77303222948463e-5,4.169216857797739,chr3,152106672,MBNL1;MBNL1;MBNL1;MBNL1;MBNL1;MBNL1;MBNL1,3,152106672,MBNL1,1
6.778347888637601e-5,0.04042502593602224,1,4.190123567499325,0.07018222685915436,0.10348346613157576,0.03688098758673296,0.016749440852657064,93,chr17,73262797,cg03101058,0.07018222685915436,6.778347888637601e-5,4.168876145407401,chr17,71258936,CPSF4L,17,73262797,CPSF4L,1
6.784024465332398e-5,0.04042502593602224,1,4.189894269453968,0.049007856057158974,0.072263197596188,0.025752514518129942,0.011696680848117376,93,chr10,61747697,cg07356438,0.049007856057158974,6.784024465332398e-5,4.168512594545609,chr10,63507455,C10orf107,10,61747697,C10orf107,1
6.78430273339621e-5,0.04042502593602224,1,4.189883033922165,0.07025186853223443,0.10358806621362995,0.03691567085083891,0.016767023796001153,93,chr1,2121724,cg01927825,0.07025186853223443,6.78430273339621e-5,4.168494780959181,chr1,2121724,C1orf86;LOC100128003;C1orf86,1,2121724,C1orf86,1
6.787777223586624e-5,0.04042502593602224,1,4.189742782997591,0.03601576495579065,0.05310668191128032,0.018924848000300976,0.008596175665471958,93,chr5,89136723,cg17212153,0.03601576495579065,6.787777223586624e-5,4.168272419765484,chr5,88432540,,5,89136723,NA,1
6.794490694658494e-5,0.04043713996398435,1,4.18947198338931,0.03551200764134558,0.05236496093170883,0.018659054350982328,0.008476487677240924,93,chr6,137002951,cg17626395,0.03551200764134558,6.794490694658494e-5,4.167843091807013,chr6,137324088,IL20RA;IL20RA;IL20RA;IL20RA,6,137002951,IL20RA,1
6.802684781200353e-5,0.04045804307669544,1,4.18914180944924,0.08853395759829903,0.1305528788061486,0.04651503639044947,0.021134151486253666,93,chr12,56728539,cg05202121,0.08853395759829903,6.802684781200353e-5,4.167319652655039,chr12,57122323,,12,56728539,NA,1
6.811034366024132e-5,0.040479841605697973,1,4.188805763472874,0.0449914664567895,0.06634648773582713,0.02363644517775188,0.010740881529796163,93,chr21,44395381,cg11267390,0.0449914664567895,6.811034366024132e-5,4.166786928418464,chr21,45815264,TRPM2,21,44395381,TRPM2,1
6.818484393005489e-5,0.040496267527041094,1,4.188506256683712,0.029570891626593553,0.043607601813961415,0.015534181439225693,0.007060008942187084,93,chr2,9628379,cg15323881,0.029570891626593553,6.818484393005489e-5,4.166312149229635,chr2,9768508,YWHAQ,2,9628379,YWHAQ,1
6.840774411687165e-5,0.04057955690181763,1,4.187612028777141,0.038131273126852556,0.05623529014567057,0.02002725610803454,0.009105732065152078,93,chr1,179818833,cg26677004,0.038131273126852556,6.840774411687165e-5,4.164894731074476,chr1,179787968,,1,179818833,NA,1
6.850332783487782e-5,0.04057955690181763,1,4.1872294264160175,0.03545460711657511,0.05228933116488475,0.018619883068265466,0.00846731896105388,93,chr6,43178318,cg09823543,0.03545460711657511,6.850332783487782e-5,4.164288330329198,chr6,43146056,SRF,6,43178318,SRF,1
6.852352238676183e-5,0.04057955690181763,1,-4.187148657462418,-0.07447758432508453,-0.03911310372545117,-0.10984206492471789,0.017787184171822783,93,chr2,158781794,cg27263966,-0.07447758432508453,6.852352238676183e-5,4.164160320636251,chr2,159638306,,2,158781794,NA,1
6.853644705477996e-5,0.04057955690181763,1,-4.1870969767388235,-0.015604296683320765,-0.008194756435975071,-0.023013836930666456,0.003726757887388216,93,chr5,171337002,cg18275819,-0.015604296683320765,6.853644705477996e-5,4.1640784132487,chr5,170764006,,5,171337002,NA,1
6.86179139300388e-5,0.04057955690181763,1,4.186771438172773,0.0639215063661074,0.09427633813386058,0.03356667459835422,0.015267493654729947,93,chr8,103282199,cg09646558,0.0639215063661074,6.86179139300388e-5,4.163562489171774,chr8,104294427,,8,103282199,NA,1
6.862515528486861e-5,0.04057955690181763,1,-4.186742520001075,-0.07871218627236733,-0.041333347580088796,-0.11609102496464585,0.018800340813016396,93,chr17,18026540,cg03382923,-0.07871218627236733,6.862515528486861e-5,4.163516659820027,chr17,17929854,ATPAF2,17,18026540,ATPAF2,1
6.872010054223854e-5,0.04057955690181763,1,4.186363629993906,0.01200051115480099,0.017699829007032708,0.006301193302569273,0.002866571615714724,93,chr1,8317362,cg21855467,0.01200051115480099,6.872010054223854e-5,4.162916213773621,chr1,8377422,SLC45A1,1,8317362,SLC45A1,1
6.872680557156054e-5,0.04057955690181763,1,4.186336891855777,0.04059697232559907,0.059877528289414,0.021316416361784142,0.009697492909511803,93,chr7,133268613,cg03449922,0.04059697232559907,6.872680557156054e-5,4.162873841670527,chr7,132953368,EXOC4;EXOC4,7,133268613,EXOC4,1
6.879466906419568e-5,0.04057955690181763,1,4.186066408870938,0.058259592771332705,0.08593037350083998,0.030588812041825432,0.013917503231165038,93,chrX,45780044,cg09535637,0.058259592771332705,6.879466906419568e-5,4.1624452141729735,chrX,45639447,,23,45780044,NA,1
6.888609715848474e-5,0.04059626394596409,1,4.185702410509356,0.04271203175730221,0.06300015921664774,0.022423904297956678,0.010204268619303158,93,chr21,27721037,cg08736070,0.04271203175730221,6.888609715848474e-5,4.161868420133159,chr21,29093356,LINC00113;MIR5009,21,27721037,LINC00113,1
6.89169488802078e-5,0.04059626394596409,1,4.185579686948833,0.042375592855043366,0.06250450269973493,0.02224668301035181,0.010124187334713954,93,chr12,9106586,cg13955347,0.042375592855043366,6.89169488802078e-5,4.161673958064132,chr12,9106586,,12,9106586,NA,1
6.899819658479279e-5,0.040615251313299586,1,-4.185256748534764,-0.0781375832145442,-0.04101843932383782,-0.11525672710525058,0.018669722769552845,93,chr4,123479041,cg26306329,-0.0781375832145442,6.899819658479279e-5,4.1611622603280845,chr4,124400196,,4,123479041,NA,1
6.904318242535699e-5,0.040615251313299586,1,4.185078098992635,0.016914023906058936,0.024949349057293926,0.008878698754823947,0.004041507352068343,93,chr1,92446443,cg17977624,0.016914023906058936,6.904318242535699e-5,4.160879198783024,chr1,92912000,,1,92446443,NA,1
6.911335190996169e-5,0.04062887161884164,1,4.1847996627635355,0.03433554267567269,0.050648373261555524,0.01802271208978985,0.008204823514298977,93,chr11,47396229,cg23584468,0.03433554267567269,6.911335190996169e-5,4.160438043788383,chr11,47417780,,11,47396229,NA,1
6.92000648733156e-5,0.04063530201881064,1,4.184455956842945,0.04521622568903773,0.06670023781832442,0.023732213559751043,0.010805759734451144,93,chr2,240868689,cg10878205,0.04521622568903773,6.92000648733156e-5,4.159893498402927,chr2,241808106,AGXT,2,240868689,AGXT,1
6.925803903114e-5,0.04063530201881064,1,4.184226394696007,0.07346774065643229,0.10837707692210918,0.03855840439075539,0.017558261366918668,93,chr2,96147205,cg25667337,0.07346774065643229,6.925803903114e-5,4.159529809206015,chr2,96812944,,2,96147205,NA,1
6.92653605774309e-5,0.04063530201881064,1,4.184197416489799,0.06619950451621827,0.09765544351922231,0.03474356551321423,0.015821314801096133,93,chr8,144418242,cg20259557,0.06619950451621827,6.92653605774309e-5,4.159483900613458,chr8,145643626,SLC39A4,8,144418242,SLC39A4,1
6.933465490155212e-5,0.04064155052775946,1,4.183923299970687,0.05103890056231424,0.07529258251961854,0.026785218605009948,0.01219881362611782,93,chr7,7996995,cg11968932,0.05103890056231424,6.933465490155212e-5,4.159049641713898,chr7,8036626,GLCCI1,7,7996995,GLCCI1,1
6.937007265902898e-5,0.04064155052775946,1,4.18378329519911,0.02327544466253319,0.03433630445370153,0.012214584871364849,0.00556325292690034,93,chr17,14304573,cg27369542,0.02327544466253319,6.937007265902898e-5,4.158827850615087,chr17,14207890,HS3ST3B1;MGC12916,17,14304573,HS3ST3B1,1
6.951037910464128e-5,0.04067692744169943,1,4.183229345664183,0.057412765126801706,0.08469983296722003,0.030125697286383375,0.013724508121054529,93,chr11,108158734,cg25630123,0.057412765126801706,6.951037910464128e-5,4.157950342872828,chr11,108029461,NPAT,11,108158734,NPAT,1
6.95266587682253e-5,0.04067692744169943,1,4.183165140974035,0.023778363357800005,0.03507988787587133,0.01247683883972868,0.005684299461403357,93,chr4,61210781,cg20729460,0.023778363357800005,6.95266587682253e-5,4.157848640934952,chr4,62076499,,4,61210781,NA,1
6.957167113983623e-5,0.04067692744169943,1,4.182987693845672,0.05498097905409665,0.08111378023291321,0.02884817787528009,0.013143949511252166,93,chr11,65477552,cg08017314,0.05498097905409665,6.957167113983623e-5,4.157567564586972,chr11,65477552,,11,65477552,NA,1
6.962457392326454e-5,0.04068033455370987,1,4.182779282471556,0.07418115781780915,0.10944168014174713,0.03892063549387117,0.01773489653845095,93,chr8,19614825,cg04541281,0.07418115781780915,6.962457392326454e-5,4.157237449532272,chr8,19472336,CSGALNACT1;CSGALNACT1,8,19614825,CSGALNACT1,1
6.976506245970465e-5,0.04072172043111062,1,4.182226564660874,0.0313235052472834,0.046214471574011505,0.016432538920555288,0.007489672011545683,93,chr2,38918125,cg11077103,0.0313235052472834,6.976506245970465e-5,4.1563620126147285,chr2,39145266,ARHGEF33,2,38918125,ARHGEF33,1
6.978965269822304e-5,0.04072172043111062,1,4.1821299305728905,0.06177540838309681,0.09114366631881882,0.0324071504473748,0.014771279087121642,93,chr5,163502670,cg07446885,0.06177540838309681,6.978965269822304e-5,4.156208962895188,chr5,162929676,MAT2B,5,163502670,MAT2B,1
6.989355683318891e-5,0.04075482923381502,1,4.181721972287506,0.03649455409141313,0.053845892854982674,0.01914321532784359,0.008727159369576572,93,chr19,16530152,cg23641093,0.03649455409141313,6.989355683318891e-5,4.155562858027797,chr19,16640963,CHERP,19,16530152,CHERP,1
7.002569134074668e-5,0.04080434337389678,1,4.181204015688529,0.05291089955201721,0.07807050744394817,0.02775129166008625,0.012654464922899546,93,chr19,17999751,cg14928793,0.05291089955201721,7.002569134074668e-5,4.154742594835858,chr19,18110560,ARRDC2,19,17999751,ARRDC2,1
7.013566000468448e-5,0.04082759877356877,1,4.180773664223873,0.02273599655827998,0.0335482799544277,0.011923713162132263,0.005438227080513514,93,chr22,19423622,cg07163011,0.02273599655827998,7.013566000468448e-5,4.1540611117697805,chr22,19411145,HIRA,22,19423622,HIRA,1
7.016009241285054e-5,0.04082759877356877,1,4.180678138607468,0.01676348558472058,0.024735676196989114,0.008791294972452044,0.004009752731240939,93,chr8,30543529,cg13739938,0.01676348558472058,7.016009241285054e-5,4.153909847601471,chr8,30401046,RBPMS;RBPMS;RBPMS;RBPMS,8,30543529,RBPMS,1
7.032311438988888e-5,0.0408949259396038,1,4.180041575146217,0.06718065840813049,0.0991345484671379,0.03522676834912309,0.016071767995700023,93,chr17,28466655,cg22146772,0.06718065840813049,7.032311438988888e-5,4.15290190396966,chr17,26793673,,17,28466655,NA,1
7.040717777976833e-5,0.040916276726793786,1,4.17971388175375,0.031721972437276556,0.04681143291700933,0.016632511957543783,0.007589508118188813,93,chr11,46668211,cg10244694,0.031721972437276556,7.040717777976833e-5,4.152383063709555,chr11,46689761,ATG13;ATG13;ATG13;ATG13;ATG13;ATG13,11,46668211,ATG13,1
7.047148550185215e-5,0.04091721644795884,1,4.179463453468263,0.043730676808334965,0.06453366626588325,0.022927687350786687,0.010463227468120517,93,chr16,71282870,cg09011746,0.043730676808334965,7.047148550185215e-5,4.151986573706967,chr16,71316773,FTSJD1;FTSJD1,16,71282870,FTSJD1,1
7.050349393510716e-5,0.04091721644795884,1,4.179338887634801,0.019079418421474734,0.02815590200642548,0.010002934836523985,0.004565176199978434,93,chr10,62779159,cg18104243,0.019079418421474734,7.050349393510716e-5,4.151789360183952,chr10,64538919,,10,62779159,NA,1
7.0565947010129e-5,0.04092301730698594,1,4.179095998353962,0.031821106784121395,0.04695996130537811,0.016682252262864676,0.007614351715455903,93,chr15,25802506,cg11557546,0.031821106784121395,7.0565947010129e-5,4.151404825766716,chr15,26047653,ATP10A,15,25802506,ATP10A,1
7.060820180328927e-5,0.04092301730698594,1,-4.178931780521597,-0.035691605956707166,-0.01871069869253491,-0.05267251322087942,0.008540844366751612,93,chr9,86948688,cg05015635,-0.035691605956707166,7.060820180328927e-5,4.151144848650428,chr9,89563603,GAS1,9,86948688,GAS1,1
7.087359257017892e-5,0.04101951108438901,1,4.177902531118568,0.052259376411286834,0.07712881614351852,0.027389936679055146,0.012508519770875363,93,chr2,197148085,cg22876011,0.052259376411286834,7.087359257017892e-5,4.149515552368159,chr2,198012809,ANKRD44;ANKRD44,2,197148085,ANKRD44,1
7.090791571238277e-5,0.04101951108438901,1,4.177769688703729,0.029795357404210333,0.043974964163115415,0.015615750645305255,0.007131881272625918,93,chr10,6603875,cg16306670,0.029795357404210333,7.090791571238277e-5,4.149305280214442,chr10,6645837,,10,6603875,NA,1
7.095194151703985e-5,0.04101951108438901,1,4.177599384217083,0.05254030609598079,0.07754525032658516,0.027535361865376414,0.012576674128801672,93,chr14,52399966,cg05632962,0.05254030609598079,7.095194151703985e-5,4.149035716082471,chr14,52866684,,14,52399966,NA,1
7.100179795917978e-5,0.04101951108438901,1,4.1774066479171506,0.020401034367548913,0.03011072775596836,0.010691340979129467,0.004883660147790697,93,chr5,58454012,cg12942552,0.020401034367548913,7.100179795917978e-5,4.148730653620871,chr5,57749839,PLK2,5,58454012,PLK2,1
7.106294211930219e-5,0.04101951108438901,1,4.177170453036615,0.025795421683562855,0.03807322060521582,0.01351762276190989,0.0061753337512982604,93,chr12,29121779,cg08376577,0.025795421683562855,7.106294211930219e-5,4.148356815989285,chr12,29274712,,12,29121779,NA,1
7.109281971889464e-5,0.04101951108438901,1,4.177055109454325,0.03714190296988562,0.05482075366704724,0.019463052272724008,0.008891887225959464,93,chr11,824970,cg27238887,0.03714190296988562,7.109281971889464e-5,4.14817426022568,chr11,824970,PNPLA2,11,824970,PNPLA2,1
7.112879362928252e-5,0.04101951108438901,1,-4.176916292731801,-0.10645797221264736,-0.055784285770464535,-0.15713165865483017,0.025487217064391145,93,chr16,21386922,cg16671160,-0.10645797221264736,7.112879362928252e-5,4.147954557035154,chr16,21386922,,16,21386922,NA,1
7.115443477015517e-5,0.04101951108438901,1,4.17681738951495,0.014206271035399494,0.02096857502443627,0.0074439670463627185,0.0034012190887400167,93,chr12,130455381,cg17729436,0.014206271035399494,7.115443477015517e-5,4.147798026905265,chr12,130939926,RIMBP2,12,130455381,RIMBP2,1
7.131148028442248e-5,0.04104705760383426,1,4.1762123797363575,0.011352778861057154,0.016757579559886007,0.005947978162228298,0.0027184390612274966,93,chr22,23881614,cg07507889,0.011352778861057154,7.131148028442248e-5,4.14684054836938,chr22,24223801,SLC2A11;SLC2A11;SLC2A11;SLC2A11;SLC2A11;SLC2A11,22,23881614,SLC2A11,1
7.134258332946727e-5,0.04104705760383426,1,-4.176092709012842,-0.05492533003667274,-0.02877587599764669,-0.08107478407569879,0.013152325358614023,93,chr7,100633147,cg13732043,-0.05492533003667274,7.134258332946727e-5,4.14665116882133,chr7,100230770,TFR2;TFR2,7,100633147,TFR2,1
7.137828260971876e-5,0.04104705760383426,1,4.17595541589507,0.023460572402292216,0.0346303064540943,0.012290838350490128,0.005618013140895496,93,chr17,59700245,cg01608680,0.023460572402292216,7.137828260971876e-5,4.146433905555129,chr17,57777606,PTRH2;PTRH2,17,59700245,PTRH2,1
7.146397512355023e-5,0.04104705760383426,1,4.1756261271848,0.020658991004099975,0.030495649234186697,0.010822332774013255,0.004947519335987159,93,chr4,109708647,cg21023909,0.020658991004099975,7.146397512355023e-5,4.1459128301961625,chr4,110629803,,4,109708647,NA,1
7.148430109978984e-5,0.04104705760383426,1,4.175548076774507,0.0290263266896985,0.04284730140796374,0.015205351971433263,0.006951501013998746,93,chr12,128118590,cg08407261,0.0290263266896985,7.148430109978984e-5,4.145789324553242,chr12,128603135,,12,128118590,NA,1
7.150022898995817e-5,0.04104705760383426,1,4.1754869296514885,0.029471925483708493,0.04350527894385848,0.015438572023558509,0.007058320617511406,93,chr3,160869171,cg09007331,0.029471925483708493,7.150022898995817e-5,4.145692567304989,chr3,160586959,PPM1L,3,160869171,PPM1L,1
7.153471698425091e-5,0.04104705760383426,1,4.175354575259288,0.041186280951761425,0.060798164133289354,0.021574397770233494,0.009864139729786605,93,chr6,35319067,cg15205884,0.041186280951761425,7.153471698425091e-5,4.145483136724211,chr6,35286844,DEF6,6,35319067,DEF6,1
7.161787492335722e-5,0.04106477605144439,1,4.175035692889946,0.08097244632899367,0.11953245738488882,0.04241243527309851,0.019394432116326365,93,chr11,61601062,cg21029357,0.08097244632899367,7.161787492335722e-5,4.144978569707137,chr11,61601062,FADS2;FADS2;FADS2,11,61601062,FADS2,1
7.16608657482798e-5,0.04106477605144439,1,4.174870977437188,0.02278670546811713,0.03363842504820885,0.011934985888025405,0.005458062199111388,93,chr2,71527362,cg14689456,0.02278670546811713,7.16608657482798e-5,4.1447179493456066,chr2,71754492,DYSF;DYSF;DYSF;DYSF;DYSF;DYSF;DYSF;DYSF;DYSF;DYSF;DYSF;DYSF;DYSF;DYSF,2,71527362,DYSF,1
7.172664952224573e-5,0.04106477605144439,1,4.174619116886718,0.03315343091509606,0.04894305181658325,0.01736381001360887,0.007941666050679303,93,chr20,18813602,cg11901715,0.03315343091509606,7.172664952224573e-5,4.144319455348654,chr20,18794246,C20orf79,20,18813602,C20orf79,1
7.175567705413055e-5,0.04106477605144439,1,-4.1745080524162885,-0.0697985382073788,-0.036555469572663694,-0.1030416068420939,0.016720182912805262,93,chr19,4540770,cg08837884,-0.0697985382073788,7.175567705413055e-5,4.144143733398869,chr19,4540782,LRG1,19,4540770,LRG1,1
7.192493006863495e-5,0.041078325632191014,1,4.173861320345808,0.0623140153650859,0.09199701617553428,0.032631014554637516,0.014929584521970445,93,chr3,53650511,cg20345674,0.0623140153650859,7.192493006863495e-5,4.143120551694442,chr3,53684538,CACNA1D;CACNA1D;CACNA1D,3,53650511,CACNA1D,1
7.193274138457655e-5,0.041078325632191014,1,4.173831507927796,0.050563173786102096,0.0746488861241075,0.026477461448096686,0.012114330367687857,93,chr4,68510596,cg09235507,0.050563173786102096,7.193274138457655e-5,4.143073388253258,chr4,68510596,UBA6,4,68510596,UBA6,1
7.196786122013866e-5,0.041078325632191014,1,4.173697509174561,0.02650248200479016,0.03912731553419732,0.013877648475382996,0.006349880878174038,93,chr16,67279708,cg25545401,0.02650248200479016,7.196786122013866e-5,4.142861403719257,chr16,67313611,PLEKHG4;PLEKHG4;PLEKHG4;PLEKHG4;PLEKHG4;PLEKHG4;PLEKHG4,16,67279708,PLEKHG4,1
7.19976188906532e-5,0.041078325632191014,1,4.173584018859031,0.045681294368726734,0.06744281916294348,0.02391976957450998,0.010945339583990221,93,chr17,28646475,cg06608224,0.045681294368726734,7.19976188906532e-5,4.142681866343035,chr17,26973493,KIAA0100,17,28646475,KIAA0100,1
7.207678017916409e-5,0.041078325632191014,1,4.173282331824273,0.05821820756286362,0.08595403620845468,0.030482378917272554,0.013950220218485578,93,chr2,239504289,cg16845172,0.05821820756286362,7.207678017916409e-5,4.14220462244041,chr2,240425983,,2,239504289,NA,1
7.208336276799016e-5,0.041078325632191014,1,-4.173257259661836,-0.0239140668800527,-0.012521059884239783,-0.03530707387586561,0.005730312173946948,93,chr9,91061183,cg14488466,-0.0239140668800527,7.208336276799016e-5,4.142164961242143,chr9,93823465,,9,91061183,NA,1
7.211210525929902e-5,0.041078325632191014,1,4.173147809333897,0.06441184841903802,0.09509938852182168,0.03372430831625436,0.015434835132120375,93,chr1,70042435,cg01742810,0.06441184841903802,7.211210525929902e-5,4.141991825349487,chr1,70508118,LRRC7,1,70042435,LRRC7,1
7.227472957795753e-5,0.04109555074704481,1,-4.172529331752949,-0.052439035094678094,-0.027451962669304764,-0.07742610752005143,0.012567685191717415,93,chr8,30741958,cg04592783,-0.052439035094678094,7.227472957795753e-5,4.141013524603974,chr8,30599475,,8,30741958,NA,1
7.232234926597873e-5,0.04109555074704481,1,4.172348482520254,0.03615663422929985,0.05338592908997119,0.01892733936862851,0.00866577525361925,93,chr7,94077250,cg23236921,0.03615663422929985,7.232234926597873e-5,4.1407274750011664,chr7,93706562,,7,94077250,NA,1
7.232370933396768e-5,0.04109555074704481,1,-4.17234331896095,-0.11857569671845276,-0.0620721472609136,-0.17507924617599194,0.028419448653612237,93,chr17,14738482,cg05673041,-0.11857569671845276,7.232370933396768e-5,4.140719307892732,chr17,14641799,,17,14738482,NA,1
7.235926340438411e-5,0.04109555074704481,1,-4.172208369476173,-0.10133994223131616,-0.05304799198209917,-0.14963189248053316,0.024289281180853287,93,chr6,125302946,cg07760372,-0.10133994223131616,7.235926340438411e-5,4.140505862777393,chr6,125624092,HDDC2,6,125302946,HDDC2,1
7.238012321559424e-5,0.04109555074704481,1,4.172129223411252,0.031045509723899106,0.04584003811076598,0.01625098133703223,0.007441166862639842,93,chr2,43230957,cg12277798,0.031045509723899106,7.238012321559424e-5,4.14038068191023,chr2,43458096,THADA;THADA,2,43230957,THADA,1
7.254486698751012e-5,0.041121005194121756,1,4.17150492462157,0.022771335963544265,0.033624486636604514,0.01191818529048402,0.0054587819923549614,93,chr12,123754828,cg20211249,0.022771335963544265,7.254486698751012e-5,4.139393311246431,chr12,124239375,ATP6V0A2,12,123754828,ATP6V0A2,1
7.259804673589376e-5,0.041121005194121756,1,-4.171303690522389,-0.08462637068853239,-0.044290262943142346,-0.12496247843392244,0.020287751016741313,93,chr2,166126160,cg20038717,-0.08462637068853239,7.259804673589376e-5,4.139075063917463,chr2,166982670,SCN1A;LOC101929680,2,166126160,SCN1A,1
7.260798046680623e-5,0.041121005194121756,1,4.171266116649647,0.04826733462472479,0.07127356697962361,0.02526110226982596,0.011571387026127455,93,chr5,163245577,cg22916646,0.04826733462472479,7.260798046680623e-5,4.139015642630209,chr5,162672583,,5,163245577,NA,1
7.261529676055808e-5,0.041121005194121756,1,4.171238446274198,0.03489663386836446,0.05152994082742111,0.018263326909307813,0.008366012712491794,93,chr6,155263716,cg27383562,0.03489663386836446,7.261529676055808e-5,4.138971883446864,chr6,155584850,TFB1M;CLDN20,6,155263716,TFB1M,1
7.271284820688925e-5,0.041149281731289955,1,4.170869760840215,0.0258476228424598,0.038168852748387265,0.013526392936532336,0.006197178124606038,93,chr12,25243566,cg18249781,0.0258476228424598,7.271284820688925e-5,4.138388843441559,chr12,25396500,KRAS;KRAS,12,25243566,KRAS,1
7.282891346192692e-5,0.041187991640020336,1,-4.170431724029146,-0.09328347725775976,-0.048811770932273374,-0.13775518358324615,0.022367822669360608,93,chr11,113844382,cg08372315,-0.09328347725775976,7.282891346192692e-5,4.1376961692577225,chr11,113844382,HTR3A;HTR3A,11,113844382,HTR3A,1
7.293536279003561e-5,0.04120135438648642,1,4.170030568514694,0.0780833015658025,0.11531209932651984,0.04085450380508515,0.018724875101722497,93,chr21,29130762,cg12141090,0.0780833015658025,7.293536279003561e-5,4.137061852466159,chr21,30503083,MAP3K7CL;MAP3K7CL;MAP3K7CL;MAP3K7CL;MAP3K7CL;MAP3K7CL;MAP3K7CL;MAP3K7CL,21,29130762,MAP3K7CL,1
7.294789829951701e-5,0.04120135438648642,1,4.169983365392469,0.02508295378454835,0.03704221735852041,0.01312369021057629,0.006015120825832742,93,chr4,71780181,cg13933652,0.02508295378454835,7.294789829951701e-5,4.136987216040179,chr4,71780181,MOB1B;MOB1B;MOB1B,4,71780181,MOB1B,1
7.30217127293191e-5,0.041210824776901765,1,-4.169705571483654,-0.02854031701338872,-0.014931715886846806,-0.04214891813993063,0.006844684000849868,93,chr7,39465021,cg05590582,-0.02854031701338872,7.30217127293191e-5,4.136547984859738,chr7,39504620,,7,39465021,NA,1
7.306167804131734e-5,0.041210824776901765,1,4.169555278407754,0.03189020395915906,0.04709664712234148,0.01668376079597663,0.007648346605285229,93,chr2,160609102,cg12819676,0.03189020395915906,7.306167804131734e-5,4.136310357367525,chr2,161465613,,2,160609102,NA,1
7.315433360949533e-5,0.041210824776901765,1,4.169207143102188,0.036154019102146585,0.05339504848822159,0.01891298971607158,0.008671677338450834,93,chr12,51917922,cg08447934,0.036154019102146585,7.315433360949533e-5,4.135759941487495,chr12,52311706,ACVRL1;ACVRL1,12,51917922,ACVRL1,1
7.315542312899503e-5,0.041210824776901765,1,4.16920305196901,0.06954920879173322,0.10271567711203415,0.03638274047143229,0.016681655444650716,93,chr1,21803890,cg15016750,0.06954920879173322,7.315542312899503e-5,4.135753473397914,chr1,22130383,,1,21803890,NA,1
7.326476181595664e-5,0.041229189799323766,1,4.168792784380304,0.06202871139883864,0.09161173314422266,0.032445689653454624,0.014879298302196444,93,chr5,134227841,cg08969102,0.06202871139883864,7.326476181595664e-5,4.135104857945745,chr5,133563532,,5,134227841,NA,1
7.332524077413481e-5,0.041229189799323766,1,4.16856610440888,0.031812600388506626,0.04698563887440161,0.016639561902611642,0.00763154513847341,93,chr1,76547619,cg13434669,0.031812600388506626,7.332524077413481e-5,4.134746502275723,chr1,77013304,ST6GALNAC3;ST6GALNAC3,1,76547619,ST6GALNAC3,1
7.340745942897237e-5,0.041229189799323766,1,4.168258230713145,0.03896868929214627,0.0575562013936278,0.020381177190664748,0.00934891437507679,93,chr6,144560333,cg17389227,0.03896868929214627,7.340745942897237e-5,4.134259806238739,chr6,144881469,UTRN,6,144560333,UTRN,1
7.346999321263331e-5,0.041229189799323766,1,4.1680242905397735,0.047391431054424685,0.06999774027830956,0.024785121830539814,0.011370238691264281,93,chr12,113421377,cg16303241,0.047391431054424685,7.346999321263331e-5,4.133890000276979,chr12,113859182,SDSL;SDSL,12,113421377,SDSL,1
7.347428726770128e-5,0.041229189799323766,1,4.16800823342286,0.018551356063416718,0.02740062054013962,0.009702091586693813,0.0044508923746011736,93,chr4,117520701,cg02573857,0.018551356063416718,7.347428726770128e-5,4.133864618078837,chr4,117520701,,4,117520701,NA,1
7.367562928970341e-5,0.04127799309983023,1,4.1672563505688975,0.01108866798015179,0.016379076936334398,0.005798259023969179,0.0026609037331331935,93,chr15,35930716,cg25728693,0.01108866798015179,7.367562928970341e-5,4.1326761459988575,chr15,36222917,,15,35930716,NA,1
7.368464461684042e-5,0.04127799309983023,1,4.167222730394692,0.057355665022997,0.08472030183152157,0.029991028214472425,0.0137635227905288,93,chr7,56957346,cg20914792,0.057355665022997,7.368464461684042e-5,4.132623006754077,chr7,56957346,,7,56957346,NA,1
7.370456048593078e-5,0.04127799309983023,1,4.167148473687141,0.05272109770848309,0.07787501055235341,0.027567184864612782,0.012651600498850203,93,chr10,30818845,cg15566508,0.05272109770848309,7.370456048593078e-5,4.1325056392427335,chr10,31107774,,10,30818845,NA,1
7.381916693918504e-5,0.04130284217714158,1,4.166721536183751,0.017497687250061955,0.02584691397446172,0.009148460525662193,0.004199389639579293,93,chr19,52299442,cg11664770,0.017497687250061955,7.381916693918504e-5,4.131830860193687,chr19,52802695,ZNF480;ZNF480;ZNF480,19,52299442,ZNF480,1
7.398749713759987e-5,0.04130284217714158,1,-4.1660956194184395,-0.066386521749872,-0.03470465497533387,-0.09806838852441013,0.015934949126093063,93,chr12,108054261,cg18881633,-0.066386521749872,7.398749713759987e-5,4.13084166382191,chr12,108054261,,12,108054261,NA,1
7.399592638963164e-5,0.04130284217714158,1,4.166064312240555,0.017772041976243907,0.026253518073885825,0.00929056587860199,0.004265906775377145,93,chr6,22877985,cg04785902,0.017772041976243907,7.399592638963164e-5,4.130792188312279,chr6,22878214,,6,22877985,NA,1
7.400918676470319e-5,0.04130284217714158,1,4.16601506868069,0.03960919110456578,0.058512386303745265,0.020705995905386295,0.009507692711517093,93,chr16,88771720,cg22673363,0.03960919110456578,7.400918676470319e-5,4.130714367923318,chr16,88838128,PIEZO1,16,88771720,PIEZO1,1
7.403997034059016e-5,0.04130284217714158,1,4.165900783911368,0.06326522591185012,0.09345891806707744,0.03307153375662279,0.015186445667688305,93,chr1,6014381,cg13123771,0.06326522591185012,7.403997034059016e-5,4.130533763891589,chr1,6074441,KCNAB2,1,6014381,KCNAB2,1
7.410881136137657e-5,0.04130284217714158,1,4.165645375331008,0.037431296529884944,0.05529669293816207,0.019565900121607815,0.008985713654732457,93,chr1,21042397,cg03626238,0.037431296529884944,7.410881136137657e-5,4.130130152369921,chr1,21042397,KIF17;KIF17,1,21042397,KIF17,1
7.412668603363448e-5,0.04130284217714158,1,4.165579095454135,0.07512544465188657,0.1109822631112565,0.03926862619251664,0.018034814111168935,93,chr4,75511053,cg09272879,0.07512544465188657,7.412668603363448e-5,4.130025415357513,chr4,76436263,RCHY1;RCHY1;RCHY1;RCHY1;RCHY1;RCHY1;RCHY1;RCHY1;RCHY1;RCHY1,4,75511053,RCHY1,1
7.413129659683318e-5,0.04130284217714158,1,4.165562001828218,0.062165586730202206,0.09183688272335125,0.03249429073705316,0.014923697379349638,93,chr1,204388533,cg21577213,0.062165586730202206,7.413129659683318e-5,4.129998403764332,chr1,204388533,,1,204388533,NA,1
7.43091855622587e-5,0.041375277913657846,1,4.164903259910317,0.03919139027855016,0.05790018603127857,0.02048259452582175,0.009409916109166498,93,chr9,14438353,cg24328431,0.03919139027855016,7.43091855622587e-5,4.128957498588933,chr9,14438351,,9,14438353,NA,1
7.436689171004695e-5,0.0413807457855895,1,4.164689893800611,0.045013904537207466,0.066503295077119,0.023524513997295944,0.010808464900162998,93,chr15,91461963,cg17771077,0.045013904537207466,7.436689171004695e-5,4.128620370205206,chr15,92005193,CRAT37,15,91461963,CRAT37,1
7.44745830030041e-5,0.041414002478257404,1,4.1642921354150895,0.019553938317707104,0.02888977260370265,0.010218104031711554,0.004695621172062176,93,chr3,36726193,cg01406134,0.019553938317707104,7.44745830030041e-5,4.127991919801422,chr3,36726193,,3,36726193,NA,1
7.453425623152195e-5,0.04142053156976345,1,4.164071970259024,0.02049843369976645,0.030285725408232322,0.010711141991300577,0.004922689580336757,93,chr14,67559515,cg07415970,0.02049843369976645,7.453425623152195e-5,4.127644077950144,chr14,68026232,PLEKHH1,14,67559515,PLEKHH1,1
7.465318337272794e-5,0.04145995997294961,1,4.1636336924306825,0.03429359312574655,0.050669318963704815,0.01791786728778828,0.008236457781598537,93,chr8,13334136,cg02049217,0.03429359312574655,7.465318337272794e-5,4.126951668290833,chr8,13191645,DLC1;DLC1,8,13334136,DLC1,1
7.48580461359965e-5,0.0415470329380306,1,4.162880292269269,0.04173581493473522,0.061668924667024894,0.021802705202445555,0.010025706242920622,93,chr19,792229,cg21757392,0.04173581493473522,7.48580461359965e-5,4.125761512559949,chr19,792229,,19,792229,NA,1
7.494060704785722e-5,0.04155473323374414,1,4.162577228271106,0.04090750144370934,0.06044642943885046,0.02136857344856822,0.009827445642540055,93,chr3,193623472,cg22744767,0.04090750144370934,7.494060704785722e-5,4.125282793274955,chr3,193341261,OPA1-AS1;OPA1;OPA1;OPA1;OPA1;OPA1;OPA1;OPA1;OPA1,3,193623472,OPA1-AS1,1
7.496838920305952e-5,0.04155473323374414,1,4.162475317977223,0.0644302154098004,0.09520521062782016,0.033655220191780646,0.015478822212238513,93,chr2,33716917,cg04198797,0.0644302154098004,7.496838920305952e-5,4.1251218204562505,chr2,33716917,RASGRP3;RASGRP3,2,33716917,RASGRP3,1
7.501618215851013e-5,0.04155473323374414,1,4.162300089214059,0.06293475509333829,0.09299671147231235,0.03287279871436423,0.015120186854480706,93,chr7,2683257,cg01978458,0.06293475509333829,7.501618215851013e-5,4.124845042420481,chr7,2683257,TTYH3,7,2683257,TTYH3,1
7.508570517852659e-5,0.041566599808734214,1,4.162045380728604,0.07286127302870787,0.1076669452403527,0.038055600817063044,0.017506121717479412,93,chr7,66650488,cg07840995,0.07286127302870787,7.508570517852659e-5,4.124442736138353,chr7,66650488,TYW1,7,66650488,TYW1,1
7.515537644908413e-5,0.04157853320693275,1,4.1617903566571535,0.08557455548708175,0.12645584012431527,0.04469327084984824,0.020561957271633746,93,chr7,112771411,cg17892629,0.08557455548708175,7.515537644908413e-5,4.124039945500913,chr7,112411466,TMEM168,7,112771411,TMEM168,1
7.535698426512051e-5,0.041663396459803215,1,-4.161053672778445,-0.12539159638080982,-0.0654780266975422,-0.18530516606407743,0.0301345779798804,93,chr12,10184262,cg13366774,-0.12539159638080982,7.535698426512051e-5,4.1228764900350265,chr12,10336861,C12orf59,12,10184262,C12orf59,1
7.552316272785502e-5,0.04172857552276303,1,4.160447873720411,0.0332784188062649,0.0491815514026674,0.0173752862098624,0.007998758743372076,93,chr2,74800488,cg01179292,0.0332784188062649,7.552316272785502e-5,4.121919831123995,chr2,75027615,,2,74800488,NA,1
7.56333065817133e-5,0.04172904576815277,1,4.160047053670033,0.040444034820680694,0.059773343199474395,0.021114726441886993,0.0097220137894836,93,chr1,204860044,cg03183820,0.040444034820680694,7.56333065817133e-5,4.121286912445344,chr1,204829172,NFASC;NFASC;NFASC;NFASC;NFASC,1,204860044,NFASC,1
7.566578648584816e-5,0.04172904576815277,1,4.15992896458766,0.017359035119904918,0.025655627423196183,0.009062442816613652,0.004172916236714051,93,chr11,57399932,cg11042746,0.017359035119904918,7.566578648584816e-5,4.121100449419436,chr11,57167405,,11,57399932,NA,1
7.567112386225878e-5,0.04172904576815277,1,4.159909563842915,0.018250665588507683,0.02697344521201077,0.009527885965004597,0.0043872746049911145,93,chr17,2082419,cg23554907,0.018250665588507683,7.567112386225878e-5,4.121069815873151,chr17,1985713,SMG6;SMG6;SMG6;SMG6,17,2082419,SMG6,1
7.571716985491389e-5,0.04172904576815277,1,4.159742246650634,0.04022784330615355,0.05945523665087041,0.0210004499614367,0.009670753840227588,93,chr21,45073374,cg00927699,0.04022784330615355,7.571716985491389e-5,4.120805627399267,chr21,46493289,ADARB1;C21orf122;ADARB1;ADARB1;ADARB1;ADARB1;ADARB1;ADARB1,21,45073374,ADARB1,1
7.584274679211014e-5,0.041751510746118346,1,4.159286435182791,0.03640966344843294,0.05381401780176713,0.019005309095098746,0.008753824487885462,93,chr8,42357083,cg01720757,0.03640966344843294,7.584274679211014e-5,4.120085946568537,chr8,42214601,POLB,8,42357083,POLB,1
7.58545624744325e-5,0.041751510746118346,1,4.159243584727252,0.051589000918388674,0.07624955578169507,0.026928446055082277,0.012403457471888289,93,chr10,75032821,cg07299586,0.051589000918388674,7.58545624744325e-5,4.120018292294803,chr10,76792579,MYST4,10,75032821,MYST4,1
7.592061325388817e-5,0.04175488061579607,1,4.1590041648653715,0.016773817829681983,0.024792493516829897,0.00875514214253407,0.004033133212845666,93,chr7,17922563,cg15010603,0.016773817829681983,7.592061325388817e-5,4.119640292523546,chr7,17962186,SNX13,7,17922563,SNX13,1
7.597079435673301e-5,0.04175488061579607,1,4.158822403097196,0.025338638929407364,0.03745223227450735,0.013225045584307376,0.00609274368401424,93,chr13,75930728,cg09720466,0.025338638929407364,7.597079435673301e-5,4.119353332553959,chr13,75930728,TBC1D4,13,75930728,TBC1D4,1
7.600564161009546e-5,0.04175488061579607,1,4.158696250257038,0.022046598743446614,0.032586692623755395,0.011506504863137833,0.005301324601931187,93,chr14,24140043,cg04134416,0.022046598743446614,7.600564161009546e-5,4.119154170492897,chr14,24609252,EMC9,14,24140043,EMC9,1
7.620336249388616e-5,0.04183690476862561,1,4.157981519788689,0.010651591763483273,0.01574480712764488,0.0055583763993216654,0.0025617217663883684,93,chr14,59221389,cg23714019,0.010651591763483273,7.620336249388616e-5,4.118025864876654,chr14,59221389,,14,59221389,NA,1
7.634653496999967e-5,0.04186231655291571,1,-4.157465086306704,-0.01537992515365736,-0.00802487407189575,-0.022734976235418973,0.003699351608342708,93,chrX,151632781,ch.X.2195099F,-0.01537992515365736,7.634653496999967e-5,4.117210668857165,chrX,150801253,PASD1,23,151632781,PASD1,1
7.655896564935476e-5,0.04195217709817452,1,4.156700547825209,0.041822150114487186,0.06182618945310936,0.02181811077586501,0.01006138152924405,93,chr9,19089482,cg17295372,0.041822150114487186,7.655896564935476e-5,4.116003942731371,chr9,19089480,HAUS6;HAUS6,9,19089482,HAUS6,1
7.662795367783914e-5,0.041953000767822095,1,4.15645269875541,0.06447848621868248,0.09532116369442356,0.03363580874294139,0.01551286418776993,93,chr14,22508122,cg21681740,0.06447848621868248,7.662795367783914e-5,4.115612771967636,chr14,22977107,,14,22508122,NA,1
7.67210798084926e-5,0.041953000767822095,1,4.156118470479417,0.03626772949407621,0.053617451931212354,0.01891800705694006,0.008726346409921431,93,chr1,84164367,cg22499652,0.03626772949407621,7.67210798084926e-5,4.115085293329967,chr1,84630050,PRKACB;PRKACB;PRKACB;PRKACB;PRKACB;PRKACB;PRKACB;PRKACB;PRKACB;PRKACB;PRKACB;PRKACB;PRKACB;PRKACB;PRKACB,1,84164367,PRKACB,1
7.681867190338293e-5,0.041953000767822095,1,4.155768632508567,0.04076396685350689,0.06026623669183874,0.021261697015175038,0.009809007781287462,93,chr9,129289285,cg03484055,0.04076396685350689,7.681867190338293e-5,4.1145332055022426,chr9,132051564,,9,129289285,NA,1
7.683517414643012e-5,0.041953000767822095,1,-4.155709519255639,-0.02680499899437269,-0.013980786834046226,-0.039629211154699154,0.006450161848457092,93,chr1,63305757,cg18384460,-0.02680499899437269,7.683517414643012e-5,4.114439920064797,chr1,63771428,,1,63305757,NA,1
7.689514729911456e-5,0.041953000767822095,1,4.15549479017155,0.058448135829859076,0.08641269670808317,0.03048357495163498,0.014065265096252513,93,chr7,132882643,cg17252233,0.058448135829859076,7.689514729911456e-5,4.114101066800853,chr7,132567403,CHCHD3,7,132882643,CHCHD3,1
7.699708802045842e-5,0.041953000767822095,1,4.155130168988019,0.05302102878513492,0.07839121171835015,0.027650845851919698,0.012760377323641867,93,chr5,79549315,cg16518115,0.05302102878513492,7.699708802045842e-5,4.113525699250379,chr5,79549315,SERINC5,5,79549315,SERINC5,1
7.702603178950109e-5,0.041953000767822095,1,4.155026727676902,0.027051356957310604,0.03999555996556932,0.01410715394905189,0.006510513344503842,93,chrX,10172876,cg05255078,0.027051356957310604,7.702603178950109e-5,4.113362475451975,chrX,10140916,CLCN4;CLCN4,23,10172876,CLCN4,1
7.707402631360875e-5,0.041953000767822095,1,4.154855283803425,0.08316700359384845,0.1229644526174385,0.04336955457025839,0.020016823189498902,93,chr20,36876108,cg00414077,0.08316700359384845,7.707402631360875e-5,4.113091953066558,chr20,35504511,C20orf118,20,36876108,C20orf118,1
7.710416341870871e-5,0.041953000767822095,1,4.154747681884722,0.02906387655569793,0.04297201381796877,0.015155739293427091,0.006995340940298365,93,chr13,100490492,cg16155772,0.02906387655569793,7.710416341870871e-5,4.112922170574821,chr13,101142746,PCCA;PCCA;PCCA,13,100490492,PCCA,1
7.71076866655942e-5,0.041953000767822095,1,-4.154735105079202,-0.044757017335360846,-0.023339068367412872,-0.06617496630330882,0.010772532111769286,93,chr8,103500630,cg01566592,-0.044757017335360846,7.71076866655942e-5,4.112902326098794,chr8,104512858,RIMS2,8,103500630,RIMS2,1
7.714232320815119e-5,0.041953000767822095,1,4.154611493705591,0.019619805716912884,0.029008914402699967,0.010230697031125799,0.004722416463401622,93,chr1,26173856,cg09814484,0.019619805716912884,7.714232320815119e-5,4.112707286117016,chr1,26500347,,1,26173856,NA,1
7.715158171164155e-5,0.041953000767822095,1,-4.1545784608739025,-0.07137680438208746,-0.037218978759347016,-0.1055346300048279,0.017180275942381307,93,chr5,148939617,cg24031137,-0.07137680438208746,7.715158171164155e-5,4.112655165886039,chr5,148939617,,5,148939617,NA,1
7.728453641820846e-5,0.041953000767822095,1,4.154104520288947,0.07044573691427536,0.10416184047524302,0.0367296333533077,0.01695810410407665,93,chr6,36337017,cg10550074,0.07044573691427536,7.728453641820846e-5,4.111907393792704,chr6,36304794,C6orf222,6,36337017,C6orf222,1
7.732068211318344e-5,0.041953000767822095,1,4.153975808172482,0.032927076029801564,0.04868682463953256,0.017167327420070565,0.00792664125896478,93,chr20,57350119,cg25085020,0.032927076029801564,7.732068211318344e-5,4.111704323336126,chr20,55925175,RAE1;RAE1,20,57350119,RAE1,1
7.732406683013292e-5,0.041953000767822095,1,-4.1539637584127975,-0.07832779891602912,-0.04083798355071296,-0.11581761428134527,0.018856158472108975,93,chr2,239937293,cg11184985,-0.07832779891602912,7.732406683013292e-5,4.111685312488306,chr2,240876710,,2,239937293,NA,1
7.735270343901308e-5,0.041953000767822095,1,4.153861830972714,0.06549038162156469,0.0968366289999849,0.03414413424314448,0.015766143479603593,93,chr17,58185169,cg13775253,0.06549038162156469,7.735270343901308e-5,4.11152450332042,chr17,56262530,,17,58185169,NA,1
7.740632758934952e-5,0.041953000767822095,1,4.153671061964638,0.0350757084988159,0.051865079786665914,0.01828633721096589,0.008444507996794888,93,chr2,98446536,cg16469046,0.0350757084988159,7.740632758934952e-5,4.11122353641251,chr2,99062999,INPP4A;INPP4A;INPP4A;INPP4A,2,98446536,INPP4A,1
7.747646030526905e-5,0.041953000767822095,1,4.153421755185521,0.0671567927247563,0.09930405516313895,0.03500953028637365,0.01616902801669767,93,chr6,135161327,cg15202169,0.0671567927247563,7.747646030526905e-5,4.110830229266887,chr6,135482465,,6,135161327,NA,1
7.750303557228857e-5,0.041953000767822095,1,4.153327342522569,0.056864633600254115,0.08408576463340352,0.029643502567104716,0.013691344050362462,93,chr1,175167569,cg17804141,0.056864633600254115,7.750303557228857e-5,4.1106812870875435,chr1,175136705,KIAA0040;KIAA0040;KIAA0040;KIAA0040,1,175167569,KIAA0040,1
7.753143223207477e-5,0.041953000767822095,1,4.153226493499063,0.04830567884008597,0.07143019507229463,0.025181162607877314,0.011630879971438492,93,chr1,231739450,cg04910228,0.04830567884008597,7.753143223207477e-5,4.1105221932684435,chr1,231739450,TSNAX-DISC1;TSNAX-DISC1;TSNAX-DISC1;TSNAX-DISC1;TSNAX-DISC1;TSNAX-DISC1;TSNAX-DISC1;TSNAX-DISC1,1,231739450,TSNAX-DISC1,1
7.759726884594579e-5,0.04196234985466943,1,4.1529928153678215,0.0717321971058556,0.10607320485061679,0.03739118936109441,0.017272410595177597,93,chr5,10708605,cg16362140,0.0717321971058556,7.759726884594579e-5,4.1101535641285185,chr5,10708717,DAP,5,10708605,DAP,1
7.769102011317241e-5,0.041986773241299666,1,4.1526603869336425,0.05483350164682672,0.08108654451305036,0.028580458780603064,0.01320442717140089,93,chr12,5306121,cg26704800,0.05483350164682672,7.769102011317241e-5,4.109629176059752,chr12,5415287,,12,5306121,NA,1
7.777959978578761e-5,0.04200837294630496,1,4.152346650604262,0.02667703471428094,0.03945036180507703,0.013903707623484848,0.006424568312570632,93,chr12,25388631,cg08446539,0.02667703471428094,7.777959978578761e-5,4.109134295841056,chr12,25541565,,12,25388631,NA,1
7.804945746571262e-5,0.042079403399636436,1,4.151392968205557,0.0789920645321143,0.1168232283068444,0.0411609007573842,0.019027845626057097,93,chr19,29941201,cg11392833,0.0789920645321143,7.804945746571262e-5,4.107630111441617,chr19,30432108,URI1;URI1;URI1,19,29941201,URI1,1
7.805561453257007e-5,0.042079403399636436,1,4.1513712460420775,0.08258800665583982,0.12214155893533286,0.04303445437634677,0.019894151055408336,93,chr10,364423,cg26561082,0.08258800665583982,7.805561453257007e-5,4.107595852719231,chr10,410363,DIP2C,10,364423,DIP2C,1
7.80571978652103e-5,0.042079403399636436,1,-4.1513656603028375,-0.053586018298553924,-0.02792224078538562,-0.07924979581172223,0.01290804585367334,93,chr2,46521334,cg05168133,-0.053586018298553924,7.80571978652103e-5,4.107587043286896,chr2,46748473,ATP6V1E2,2,46521334,ATP6V1E2,1
7.813801718102539e-5,0.04209671061285377,1,4.15108068761975,0.03819739946196023,0.056492411661306904,0.01990238726261355,0.00920179643240392,93,chr8,37740476,cg04793634,0.03819739946196023,7.813801718102539e-5,4.107137613565101,chr8,37597994,ERLIN2;ERLIN2;ERLIN2,8,37740476,ERLIN2,1
7.829885530575053e-5,0.04215707938328656,1,4.1505144075297595,0.017328766917620322,0.02562967904692142,0.009027854788319222,0.00417508896877527,93,chr2,232682440,cg11593908,0.017328766917620322,7.829885530575053e-5,4.106244587086755,chr2,233547150,EFHD1;EFHD1,2,232682440,EFHD1,1
7.851631208993712e-5,0.04216667420957181,1,4.1497505606403,0.017557913129462928,0.025970140175360572,0.009145686083565283,0.004231076753382923,93,chr9,72521785,cg13531802,0.017557913129462928,7.851631208993712e-5,4.105040107398623,chr9,75136701,TMC1,9,72521785,TMC1,1
7.858308783567381e-5,0.04216667420957181,1,4.149516410019055,0.05827770441897313,0.08620089446062384,0.0303545143773224,0.014044456910270543,93,chr1,117606095,cg07573786,0.05827770441897313,7.858308783567381e-5,4.104670910066759,chr1,117606095,TTF2,1,117606095,TTF2,1
7.858566726981817e-5,0.04216667420957181,1,-4.1495073690164945,-0.025361180404056834,-0.013209593272699485,-0.03751276753541418,0.006111853323462799,93,chr12,102480788,cg06652329,-0.025361180404056834,7.858566726981817e-5,4.104656654892254,chr12,102874566,IGF1;IGF1;IGF1,12,102480788,IGF1,1
7.858848004104384e-5,0.04216667420957181,1,4.149497510485057,0.04436435036003427,0.06562119018943147,0.02310751053063708,0.010691499452146504,93,chr2,169541964,cg27158605,0.04436435036003427,7.858848004104384e-5,4.104641110719841,chr2,169541964,CERS6;CERS6,2,169541964,CERS6,1
7.867418744720488e-5,0.04216667420957181,1,4.14919727571549,0.02276851424806512,0.033678663449791306,0.011858365046338935,0.0054874503994604374,93,chr16,10611846,cg08717849,0.02276851424806512,7.867418744720488e-5,4.104167733816935,chr16,10705703,,16,10611846,NA,1
7.869109108860454e-5,0.04216667420957181,1,4.149138099066747,0.02408541292058684,0.03562675433150056,0.012544071509673124,0.005804919562933877,93,chr13,20849308,cg10291238,0.02408541292058684,7.869109108860454e-5,4.104074432953103,chr13,21423447,XPO4,13,20849308,XPO4,1
7.869724231970691e-5,0.04216667420957181,1,4.14911656773277,0.06623012725406222,0.0979667007364355,0.03449355377168893,0.015962464821819358,93,chr1,44212951,cg11683482,0.06623012725406222,7.869724231970691e-5,4.104040485764412,chr1,44678623,DMAP1;DMAP1;DMAP1,1,44212951,DMAP1,1
7.87517791804624e-5,0.04216667420957181,1,4.148925741539359,0.014603331069992183,0.021601369956939044,0.007605292183045321,0.0035197860795102994,93,chr6,14177961,cg08756885,0.014603331069992183,7.87517791804624e-5,4.103739625734823,chr6,14178192,,6,14177961,NA,1
7.875583482332843e-5,0.04216667420957181,1,4.148911555795877,0.057797524440495435,0.08549467823409394,0.030100370646896926,0.01393076802511117,93,chr9,5760346,cg14419441,0.057797524440495435,7.875583482332843e-5,4.103717260551669,chr9,5760346,KIAA1432;KIAA1432,9,5760346,KIAA1432,1
7.884853264465636e-5,0.04219016543773689,1,4.14858751072019,0.06879315998443253,0.10176210768245661,0.035824212286408454,0.016582308992317753,93,chr22,32477539,cg14785368,0.06879315998443253,7.884853264465636e-5,4.103206384392889,chr22,32873526,FBXO7;FBXO7;FBXO7,22,32477539,FBXO7,1
7.907130769155537e-5,0.04225837019170949,1,4.14781024900313,0.058183868886195464,0.08607356598938735,0.030294171783003577,0.014027611050958557,93,chr2,151784324,cg02840125,0.058183868886195464,7.907130769155537e-5,4.101981078724563,chr2,152640838,,2,151784324,NA,1
7.907380252547497e-5,0.04225837019170949,1,4.14780155646508,0.02675549474141897,0.0395804275326518,0.013930561950186137,0.006450524302377923,93,chr15,47667424,cg24028218,0.02675549474141897,7.907380252547497e-5,4.101967376212951,chr15,47959621,,15,47667424,NA,1
7.924352738760542e-5,0.04230111089192641,1,4.14721081712307,0.024709208433199906,0.03655496496763866,0.012863451898761152,0.0059580304746457875,93,chr5,115735117,cg05765390,0.024709208433199906,7.924352738760542e-5,4.101036200840753,chr5,115070814,,5,115735117,NA,1
7.936901929938572e-5,0.04230111089192641,1,4.146774815775876,0.030493491006742722,0.045113807584675696,0.01587317442880975,0.007353543985734196,93,chr5,80211756,cg14983540,0.030493491006742722,7.936901929938572e-5,4.1003489858969155,chr5,79507575,SERINC5,5,80211756,SERINC5,1
7.939200155543207e-5,0.04230111089192641,1,4.1466950394908855,0.06527607340149953,0.09657374339602323,0.03397840340697583,0.015741710634576557,93,chr19,930871,cg18337287,0.06527607340149953,7.939200155543207e-5,4.100223248899275,chr19,930871,ARID3A,19,930871,ARID3A,1
7.943976616650758e-5,0.04230111089192641,1,4.14652930942973,0.02105403191256232,0.031149131776346338,0.010958932048778307,0.005077507076745557,93,chr11,8728723,cg07600345,0.02105403191256232,7.943976616650758e-5,4.099962042870491,chr11,8750270,ST5;ST5;ST5,11,8728723,ST5,1
7.951107194674238e-5,0.04230111089192641,1,4.146282076255205,0.026986514719522077,0.03992692473989551,0.014046104699148642,0.006508605594893697,93,chr16,70151549,cg03181373,0.026986514719522077,7.951107194674238e-5,4.099572391462185,chr16,70151549,PDPR,16,70151549,PDPR,1
7.952644747493434e-5,0.04230111089192641,1,-4.146228793793809,-0.024111889100037767,-0.012549753557582416,-0.03567402464249312,0.005815378335158231,93,chr17,59330211,cg10118968,-0.024111889100037767,7.952644747493434e-5,4.0994884174779935,chr17,57407572,YPEL2,17,59330211,YPEL2,1
7.954538692195403e-5,0.04230111089192641,1,4.146163174522214,0.0920308017067278,0.13616211964492167,0.047899483768533924,0.022196618375332763,93,chr13,49567502,cg06857441,0.0920308017067278,7.954538692195403e-5,4.0993850013402335,chr13,50141638,RCBTB1,13,49567502,RCBTB1,1
7.96609303387585e-5,0.042336502013590925,1,4.145763177858948,0.03426930980839738,0.05070397836540828,0.017834641251386486,0.008266104053270005,93,chr17,60744713,cg27350483,0.03426930980839738,7.96609303387585e-5,4.098754625887652,chr17,58822074,BCAS3;BCAS3,17,60744713,BCAS3,1
7.976648550701825e-5,0.04234640231359256,1,4.145398246723183,0.04120560063461877,0.060968473268334364,0.021442728000903175,0.00994008251612269,93,chr17,37699824,cg14694075,0.04120560063461877,7.976648550701825e-5,4.0981795424421,chr17,36059830,HNF1B;HNF1B,17,37699824,HNF1B,1
7.977756571358822e-5,0.04234640231359256,1,4.145359966565779,0.06716558578208146,0.09937958471471203,0.03495158684945088,0.016202594303945272,93,chr17,58192837,cg13734043,0.06716558578208146,7.977756571358822e-5,4.0981192196341665,chr17,56270198,EPX;EPX,17,58192837,EPX,1
7.986996111710389e-5,0.042347337831871903,1,4.145040955735579,0.03470542749884559,0.051352146722663514,0.018058708275027657,0.008372758645683095,93,chr19,5789188,cg06541427,0.03470542749884559,7.986996111710389e-5,4.097616526993988,chr19,5789199,DUS3L;DUS3L;DUS3L,19,5789188,DUS3L,1
7.987733716516446e-5,0.042347337831871903,1,4.145015503978269,0.04836506995644306,0.0715638818290753,0.02516625808381081,0.011668248263492291,93,chr5,6136045,cg18164248,0.04836506995644306,7.987733716516446e-5,4.097576421439682,chr5,6136158,,5,6136045,NA,1
8.001216174679873e-5,0.042392807846609204,1,4.14455067677915,0.06965979357202857,0.10307658984540521,0.036242997298651936,0.016807562267802507,93,chr2,110729689,cg09034580,0.06965979357202857,8.001216174679873e-5,4.096843995781897,chr2,111487266,,2,110729689,NA,1
8.006714772166025e-5,0.042395947204637345,1,-4.1443613209436085,-0.01594351450720449,-0.008294833803239681,-0.023592195211169297,0.0038470377634868937,93,chr8,41579345,cg04307403,-0.01594351450720449,8.006714772166025e-5,4.096545642340931,chr8,41436864,LOC102723729;AGPAT6,8,41579345,LOC102723729,1
8.018538771154427e-5,0.04241027494974057,1,4.143954559836952,0.026475862278465625,0.039178537984466265,0.013773186572464983,0.006389032962636382,93,chr12,95740537,cg07679757,0.026475862278465625,8.018538771154427e-5,4.0959047665591335,chr12,96134315,NTN4,12,95740537,NTN4,1
8.020712876342723e-5,0.04241027494974057,1,4.143879830557596,0.04603140794498968,0.06811690551778424,0.023945910372195126,0.011108287360445907,93,chr18,23422261,cg00513479,0.04603140794498968,8.020712876342723e-5,4.095787030156852,chr18,21002225,TMEM241,18,23422261,TMEM241,1
8.024143847705708e-5,0.04241027494974057,1,4.143761939357845,0.06380947273048929,0.09442561314385733,0.03319333231712124,0.015398923409286823,93,chr5,159204334,cg14799308,0.06380947273048929,8.024143847705708e-5,4.095601294381351,chr5,158631342,RNF145;RNF145;RNF145;RNF145;RNF145,5,159204334,RNF145,1
8.060657171201469e-5,0.04257380669474285,1,4.142510304275647,0.07447357444947729,0.11021720672888745,0.03872994217006713,0.017977885141917498,93,chr1,84672289,cg18617728,0.07447357444947729,8.060657171201469e-5,4.093629549486246,chr1,85137972,SSX2IP;SSX2IP;SSX2IP;SSX2IP;SSX2IP,1,84672289,SSX2IP,1
8.074280650214464e-5,0.04257380669474285,1,-4.142044703397233,-0.0795194494639817,-0.04134975663188099,-0.11768914229608242,0.019198114737574233,93,chr9,131692783,cg04895562,-0.0795194494639817,8.074280650214464e-5,4.0928961592208255,chr9,134568170,RAPGEF1;RAPGEF1;RAPGEF1,9,131692783,RAPGEF1,1
8.083515064948004e-5,0.04257380669474285,1,4.141729534207263,0.07941406499551563,0.11753607352242461,0.04129205646860666,0.019174131082104976,93,chr3,15686116,cg09266516,0.07941406499551563,8.083515064948004e-5,4.092399747968979,chr3,15727623,ANKRD28;ANKRD28;ANKRD28;ANKRD28;ANKRD28;ANKRD28,3,15686116,ANKRD28,1
8.08804456551521e-5,0.04257380669474285,1,4.141575069594765,0.07515260628148669,0.11123028533995366,0.039074927223019716,0.018145899813145256,93,chr10,117263042,cg05126171,0.07515260628148669,8.08804456551521e-5,4.092156464426944,chr10,119022553,SLC18A2,10,117263042,SLC18A2,1
8.097282633800335e-5,0.04257380669474285,1,4.14126029155401,0.04759564251542963,0.07044609202621899,0.024745193004640266,0.011493033319470327,93,chr7,93331888,cg05407418,0.04759564251542963,8.097282633800335e-5,4.091660701509588,chr7,92961200,VPS50;VPS50,7,93331888,VPS50,1
8.09994731406999e-5,0.04257380669474285,1,4.141169559391551,0.017033623563488563,0.025211567226224276,0.008855679900752849,0.004113239827347533,93,chr2,195505273,cg03935554,0.017033623563488563,8.09994731406999e-5,4.091517805971114,chr2,196369997,,2,195505273,NA,1
8.101152259922797e-5,0.04257380669474285,1,-4.141128540501419,-0.05418319491967205,-0.028169264122576698,-0.0801971257167674,0.013084161573287317,93,chr16,11292903,cg02679607,-0.05418319491967205,8.101152259922797e-5,4.091453205252695,chr16,11292903,,16,11292903,NA,1
8.102354577328964e-5,0.04257380669474285,1,4.141087616937403,0.059309398710510455,0.08778475611800478,0.03083404130301613,0.014322179146350329,93,chr17,18043154,cg14611258,0.059309398710510455,8.102354577328964e-5,4.091388755029519,chr17,17946468,C17orf39,17,18043154,C17orf39,1
8.104351087870188e-5,0.04257380669474285,1,4.1410196741324965,0.06835352965404169,0.10117165231648917,0.035535406991594215,0.01650644890219245,93,chr1,152567277,cg20232307,0.06835352965404169,8.104351087870188e-5,4.091281753207753,chr1,152539753,LCE3E,1,152567277,LCE3E,1
8.111086201539244e-5,0.04258330111319891,1,4.140790591673221,0.019685771851750578,0.029137892616666588,0.010233651086834567,0.00475410949091147,93,chr3,14692357,cg22693424,0.019685771851750578,8.111086201539244e-5,4.090920983057992,chr3,14692357,CCDC174,3,14692357,CCDC174,1
8.123657269454812e-5,0.04262257941671689,1,4.140363498993781,0.051721164507797866,0.0765576365451258,0.026884692470469932,0.01249193809199784,93,chr9,2810737,cg01750299,0.051721164507797866,8.123657269454812e-5,4.090248407414493,chr9,2810737,KIAA0020,9,2810737,KIAA0020,1
8.128432368234921e-5,0.04262257941671689,1,-4.1402014351263485,-0.02749643040966553,-0.014292144244336084,-0.04070071657499497,0.0066413267181591636,93,chr14,22314516,cg08785078,-0.02749643040966553,8.128432368234921e-5,4.089993203418373,chr14,22314516,,14,22314516,NA,1
8.13889664975565e-5,0.042634849762268,1,4.13984660390828,0.07709299900196,0.1141176329417313,0.0400683650621887,0.018622187336404996,93,chr11,1276020,cg14889653,0.07709299900196,8.13889664975565e-5,4.089434466290311,chr11,1297250,TOLLIP,11,1276020,TOLLIP,1
8.140639853607027e-5,0.042634849762268,1,-4.1397875365968755,-0.06820403722242355,-0.035447942965574714,-0.10096013147927238,0.01647525063049271,93,chr21,38460629,cg03535610,-0.06820403722242355,8.140639853607027e-5,4.089341458259495,chr21,39832552,ERG;ERG;ERG;ERG;ERG;ERG;ERG;ERG,21,38460629,ERG,1
8.157043854604211e-5,0.0426803317446218,1,4.139232292935797,0.06749089199307225,0.09990883471033445,0.03507294927581005,0.01630517139814919,93,chr1,6317449,cg07906050,0.06749089199307225,8.157043854604211e-5,4.08846720279503,chr1,6377509,ACOT7;ACOT7;ACOT7;ACOT7,1,6317449,ACOT7,1
8.162673077634908e-5,0.0426803317446218,1,4.139042002103197,0.053933241536444645,0.07984022046755894,0.02802626260533035,0.013030368261312451,93,chr5,129082587,cg15153114,0.053933241536444645,8.162673077634908e-5,4.088167597035109,chr5,128418280,,5,129082587,NA,1
8.164141074007795e-5,0.0426803317446218,1,4.138992398551318,0.06377428841027268,0.0944088080464622,0.033139768774083145,0.015408167560924783,93,chr4,40265197,cg18041640,0.06377428841027268,8.164141074007795e-5,4.088089499407489,chr4,40266817,,4,40265197,NA,1
8.174578471197689e-5,0.0427090588575721,1,4.1386399663331135,0.019295933032281463,0.02856568722288065,0.010026178841682274,0.004662385032099784,93,chr6,41105403,cg02575768,0.019295933032281463,8.174578471197689e-5,4.087534632839265,chr6,41073142,LOC221442,6,41105403,LOC221442,1
8.182311659998691e-5,0.04272363133299812,1,4.138379124203718,0.04326011350974651,0.06404355494946148,0.022476672070031536,0.01045339545058486,93,chr9,36424310,cg13443110,0.04326011350974651,8.182311659998691e-5,4.08712398247149,chr9,36424307,,9,36424310,NA,1
8.190398775974142e-5,0.042740033110239176,1,4.138106597524715,0.061390377086622816,0.09088607720919807,0.03189467696404756,0.014835378364429906,93,chr6,167314745,cg05585551,0.061390377086622816,8.190398775974142e-5,4.086694952697584,chr6,167314745,,6,167314745,NA,1
8.19906881302253e-5,0.04274824693685339,1,4.137814714354678,0.07745899432131732,0.1146776683371864,0.04024032030544825,0.018719783187149695,93,chr14,69685966,cg23525708,0.07745899432131732,8.19906881302253e-5,4.086235468632126,chr14,70152683,KIAA0247,14,69685966,KIAA0247,1
8.204202455045272e-5,0.04274824693685339,1,4.13764202640407,0.052595058532642076,0.07786778578903367,0.027322331276250493,0.012711360286126839,93,chr15,70798934,cg04314825,0.052595058532642076,8.204202455045272e-5,4.085963631089615,chr15,70798934,,15,70798934,NA,1
8.206813346290903e-5,0.04274824693685339,1,4.137554239834258,0.02457555652339729,0.03638473655333327,0.01276637649346131,0.005939633681849145,93,chr16,17592014,cg02899559,0.02457555652339729,8.206813346290903e-5,4.0858254439494495,chr16,17685871,,16,17592014,NA,1
8.22483379846679e-5,0.04279443719656293,1,4.136949065636158,0.02358770931553706,0.03492386170270424,0.012251556928369874,0.005701716153933325,93,chr19,40387392,cg08566548,0.02358770931553706,8.22483379846679e-5,4.084872869200241,chr19,40893299,HIPK4,19,40387392,HIPK4,1
8.225585334928465e-5,0.04279443719656293,1,-4.1369238547717115,-0.0528646581485336,-0.027457974322681843,-0.07827134197438534,0.012778736086127656,93,chr11,73087910,cg10282852,-0.0528646581485336,8.225585334928465e-5,4.084833187762847,chr11,72798955,FCHSD2,11,73087910,FCHSD2,1
8.233539905723579e-5,0.04281004799404839,1,4.136657148342212,0.04697542063807592,0.06955320039634728,0.024397640879804557,0.011355889297449169,93,chr15,80098020,cg10027978,0.04697542063807592,8.233539905723579e-5,4.084413405250632,chr15,80390362,ZFAND6;ZFAND6;ZFAND6;ZFAND6;ZFAND6;ZFAND6;ZFAND6;ZFAND6;ZFAND6;ZFAND6,15,80098020,ZFAND6,1
8.239351034852673e-5,0.042814501957125724,1,4.136462465318642,0.05423798717463361,0.08030759862236096,0.028168375726906256,0.013112167130581111,93,chr2,135983106,cg26386044,0.05423798717463361,8.239351034852673e-5,4.084106993773959,chr2,136740676,DARS,2,135983106,DARS,1
8.245847382289744e-5,0.04281940317076268,1,4.13624498253762,0.017498563038045086,0.025909729250790006,0.009087396825300166,0.0042305431887909055,93,chr8,93846049,cg13426632,0.017498563038045086,8.245847382289744e-5,4.083764707570409,chr8,94858277,,8,93846049,NA,1
8.250593701137437e-5,0.04281940317076268,1,4.136086190837308,0.027778200957984667,0.04113107084602914,0.014425331069940192,0.006716059500771972,93,chr12,119560627,cg22103559,0.027778200957984667,8.250593701137437e-5,4.083514799104533,chr12,119560627,SRRM4,12,119560627,SRRM4,1
8.255159472232965e-5,0.04281940317076268,1,-4.1359335223754945,-0.017933581100316644,-0.009312662318997151,-0.026554499881636138,0.004336041912495828,93,chr11,43644258,cg12436645,-0.017933581100316644,8.255159472232965e-5,4.083274532668682,chr11,43665808,,11,43644258,NA,1
8.275319578252122e-5,0.042874788470838636,1,4.135260386051054,0.06231294642436831,0.09227251175293422,0.03235338109580241,0.015068687484483593,93,chr16,337629,cg22158603,0.06231294642436831,8.275319578252122e-5,4.082215225541191,chr16,387629,AXIN1;AXIN1,16,337629,AXIN1,1
8.27576018679108e-5,0.042874788470838636,1,4.135245691958632,0.04644317721902452,0.06877276402296091,0.02411359041508813,0.011231056309262973,93,chr19,18863485,cg20810702,0.04644317721902452,8.27576018679108e-5,4.082192102716588,chr19,18974294,UPF1;UPF1,19,18863485,UPF1,1
8.283166175229263e-5,0.04288449678321749,1,4.134998818179831,0.026035681189610128,0.03855421991810841,0.013517142461111844,0.006296418048571698,93,chr5,39372309,cg01180231,0.026035681189610128,8.283166175229263e-5,4.08180362582432,chr5,39372411,DAB2;DAB2,5,39372309,DAB2,1
8.287559321505153e-5,0.04288449678321749,1,4.13485247580579,0.02944733396661275,0.043606772891918916,0.01528789504130659,0.007121737507908097,93,chr3,34387911,cg09619751,0.02944733396661275,8.287559321505153e-5,4.081573349940396,chr3,34429403,,3,34387911,NA,1
8.297637065967483e-5,0.042910949526211446,1,4.1345170524810975,0.018938911529827136,0.028046225521158624,0.009831597538495648,0.004580682892204306,93,chr7,142656526,cg10730165,0.018938911529827136,8.297637065967483e-5,4.081045564890834,chr7,142364023,,7,142656526,NA,1
8.3059593024392e-5,0.04291893261756732,1,4.134240353935555,0.0660594461403331,0.09782813479762506,0.03429075748304114,0.01597861771085669,93,chr2,8977960,cg10800691,0.0660594461403331,8.3059593024392e-5,4.080610201178149,chr2,9118089,MBOAT2,2,8977960,MBOAT2,1
8.315275989660536e-5,0.04291893261756732,1,-4.133930907909325,-0.041455725863692075,-0.02151773502711601,-0.061393716700268136,0.01002816127970985,93,chr4,119011187,cg01812327,-0.041455725863692075,8.315275989660536e-5,4.080123331676274,chr4,119932342,SYNPO2;SYNPO2;SYNPO2;SYNPO2;SYNPO2,4,119011187,SYNPO2,1
8.315702253751714e-5,0.04291893261756732,1,4.1339167578790965,0.0707841189817562,0.10482761760495878,0.03674062035855362,0.01712277317796596,93,chr17,58204952,cg27469152,0.0707841189817562,8.315702253751714e-5,4.0801010691081965,chr17,56282313,EPX,17,58204952,EPX,1
8.319047127637876e-5,0.04291893261756732,1,4.133805747474935,0.013605395771207935,0.020149062869277153,0.007061728673138716,0.0032912518396682184,93,chr6,7135289,cg14485021,0.013605395771207935,8.319047127637876e-5,4.079926415404952,chr6,7135522,RREB1;RREB1;RREB1;RREB1,6,7135289,RREB1,1
8.324033163362752e-5,0.042919032853139916,1,4.1336403494851615,0.027004658193104648,0.039993369944184155,0.01401594644202514,0.006532899795326421,93,chr15,38547772,cg25941598,0.027004658193104648,8.324033163362752e-5,4.079666198206115,chr15,38839973,RASGRP1;RASGRP1;RASGRP1,15,38547772,RASGRP1,1
8.329127396541935e-5,0.042919690506717394,1,4.133471460707414,0.06258778109813136,0.09269250812569117,0.032483054070571546,0.01514169910040214,93,chr19,43085416,cg19399653,0.06258778109813136,8.329127396541935e-5,4.079400495197933,chr19,43085416,CEACAM8,19,43085416,CEACAM8,1
8.334094878882386e-5,0.04291969462321795,1,-4.133306869718801,-0.012284214664692455,-0.006375271274577917,-0.018193158054806993,0.002972006447110998,93,chr10,32378842,cg11213001,-0.012284214664692455,8.334094878882386e-5,4.079141559657416,chr10,32667770,EPC1,10,32378842,EPC1,1
8.344139819002555e-5,0.042945831523946966,1,-4.1329743319099315,-0.026464780367335974,-0.013733688027513308,-0.039195872707158644,0.00640332560572813,93,chr14,65098780,cg23173466,-0.026464780367335974,8.344139819002555e-5,4.078618427243017,chr14,65565498,MAX;MAX;MAX;MAX;MAX;MAX,14,65098780,MAX,1
8.365565417490778e-5,0.04297461776276014,1,4.132266321664738,0.022271445266678444,0.03298713620260491,0.011555754330751976,0.005389644212889477,93,chr17,75636532,cg27050818,0.022271445266678444,8.365565417490778e-5,4.077504700320526,chr17,73632612,RECQL5;LOC643008;LOC643008,17,75636532,RECQL5,1
8.379408290474175e-5,0.04297461776276014,1,4.131809809694957,0.03262071319889457,0.04831758862558669,0.016923837772202452,0.007895018091673221,93,chr5,103414844,cg07225175,0.03262071319889457,8.379408290474175e-5,4.0767866478679204,chr5,102750545,,5,103414844,NA,1
8.387860399551384e-5,0.04297461776276014,1,-4.131531431435751,-0.09636907715216417,-0.04999377831932223,-0.1427443759850061,0.023325267821737203,93,chr20,49270682,cg06122230,-0.09636907715216417,8.387860399551384e-5,4.076348806176296,chr20,47887219,ZNFX1,20,49270682,ZNFX1,1
8.3897652608953e-5,0.04297461776276014,1,4.1314687302600115,0.03680179343414241,0.05451203950215752,0.0190915473661273,0.008907678076950207,93,chr3,194823459,cg25640272,0.03680179343414241,8.3897652608953e-5,4.076250190223031,chr3,194544188,,3,194823459,NA,1
8.389808432817903e-5,0.04297461776276014,1,-4.131467309354435,-0.04458841458683665,-0.023130980260578148,-0.06604584891309515,0.01079239196347504,93,chr11,18270341,cg12907644,-0.04458841458683665,8.389808432817903e-5,4.076247955443042,chr11,18270341,SAA2;SAA2,11,18270341,SAA2,1
8.391506215603794e-5,0.04297461776276014,1,-4.131411436272171,-0.0774781144613623,-0.040192553816700116,-0.11476367510602448,0.018753424987193203,93,chr3,10015914,cg12559307,-0.0774781144613623,8.391506215603794e-5,4.076160079407899,chr3,10057598,,3,10015914,NA,1
8.399206397557267e-5,0.04297461776276014,1,4.131158163960307,0.023158634128714495,0.03430417634407053,0.012013091913358465,0.005605845433551164,93,chr4,190537896,cg12989644,0.023158634128714495,8.399206397557267e-5,4.075761746490943,chr4,190537896,,4,190537896,NA,1
8.407002983892122e-5,0.04297461776276014,1,4.130901948120276,0.023091783904774957,0.03420584244991155,0.011977725359638359,0.005590010170849645,93,chr7,33884016,cg09560465,0.023091783904774957,8.407002983892122e-5,4.075358798438951,chr7,33923628,,7,33884016,NA,1
8.411211882162173e-5,0.04297461776276014,1,-4.130763727866973,-0.0447442119469968,-0.02320813517216296,-0.06628028872183064,0.010831946558730347,93,chr8,672011,cg09221709,-0.0447442119469968,8.411211882162173e-5,4.0751414268158275,chr8,622011,ERICH1;ERICH1,8,672011,ERICH1,1
8.411909095569568e-5,0.04297461776276014,1,4.130740837794116,0.050346631296374796,0.07457937287647869,0.0261138897162709,0.012188281297081016,93,chr11,97943572,cg10796305,0.050346631296374796,8.411909095569568e-5,4.075105429222264,chr11,97814572,,11,97943572,NA,1
8.415640731357008e-5,0.04297461776276014,1,4.1306183562146535,0.056595822571095945,0.0838372203490695,0.02935442479312239,0.013701537564211335,93,chr3,171231197,cg14265474,0.056595822571095945,8.415640731357008e-5,4.074912813080973,chr3,170948986,TNIK;TNIK;TNIK;TNIK;TNIK;TNIK;TNIK;TNIK,3,171231197,TNIK,1
8.41908861966526e-5,0.04297461776276014,1,4.130505234342359,0.05859447181479368,0.08679865644673931,0.030390287182848037,0.014185788055083493,93,chr3,129276636,cg12216435,0.05859447181479368,8.41908861966526e-5,4.07473491905533,chr3,128995479,COPG,3,129276636,COPG,1
8.419355376409812e-5,0.04297461776276014,1,4.130496484168858,0.0619749718145969,0.09180640806447371,0.03214353556472009,0.015004242722910236,93,chr6,89144912,cg15087288,0.0619749718145969,8.419355376409812e-5,4.074721158759877,chr6,89854631,PM20D2,6,89144912,PM20D2,1
8.429747107051843e-5,0.04298946105812827,1,4.13015582119008,0.027561888369253537,0.04082980135437828,0.014293975384128792,0.0066733289402412296,93,chr4,16169415,cg16327276,0.027561888369253537,8.429747107051843e-5,4.074185454041845,chr4,16171038,TAPT1,4,16169415,TAPT1,1
8.432212908553983e-5,0.04298946105812827,1,4.130075046262554,0.05282661814658525,0.07825712100167963,0.027396115291490872,0.012790716283567257,93,chr1,176462275,cg16856819,0.05282661814658525,8.432212908553983e-5,4.074058436305771,chr1,176431411,PAPPA2;PAPPA2,1,176462275,PAPPA2,1
8.437694061493354e-5,0.04299204126549295,1,4.129895575531224,0.012311849482763428,0.01823897751937947,0.006384721446147387,0.0029811527331849714,93,chr2,113126870,cg23041410,0.012311849482763428,8.437694061493354e-5,4.073776225554517,chr2,113884447,IL1RN;IL1RN;IL1RN;IL1RN,2,113126870,IL1RN,1
8.446943523783338e-5,0.043013807542512786,1,4.129592972170284,0.035019350039778935,0.05187947989873037,0.018159220180827502,0.008480097257956808,93,chr6,32191259,cg16609995,0.035019350039778935,8.446943523783338e-5,4.0733004094981,chr6,32159036,PBX2;GPSM3,6,32191259,PBX2,1
8.453808656706482e-5,0.043023413770967134,1,4.129368579928148,0.04496134214174188,0.06660923850108147,0.023313445782402277,0.01088818817489143,93,chr1,3331031,cg11946666,0.04496134214174188,8.453808656706482e-5,4.0729475862061895,chr1,3247595,PRDM16;PRDM16,1,3331031,PRDM16,1
8.460746015246446e-5,0.0430333760480709,1,4.12914200485302,0.06998169722549179,0.10367819260141398,0.0362852018495696,0.01694824182438909,93,chr4,136097137,cg00659204,0.06998169722549179,8.460746015246446e-5,4.072591341923055,chr4,137018292,,4,136097137,NA,1
8.465971064615064e-5,0.043034622514289626,1,4.128971471934992,0.05593474061699074,0.08286867689800885,0.02900080433597263,0.013546894425690377,93,chr15,55270205,cg08769189,0.05593474061699074,8.465971064615064e-5,4.072323220211109,chr15,55562403,RAB27A;RAB27A;RAB27A;RAB27A;RAB27A;RAB27A,15,55270205,RAB27A,1
8.476453768900189e-5,0.04306257776192026,1,4.128629646899684,0.023959713712519887,0.03549785306231086,0.012421574362728918,0.00580330903027642,93,chr3,52703807,cg08005568,0.023959713712519887,8.476453768900189e-5,4.0717858023087565,chr3,52737823,GLT8D1;GLT8D1;GLT8D1;GLT8D1;GLT8D1,3,52703807,GLT8D1,1
8.488040072284655e-5,0.04309610343445904,1,4.128252307756842,0.03679675182247365,0.054518368295657565,0.01907513534928973,0.008913397021139875,93,chr1,201126713,cg24430471,0.03679675182247365,8.488040072284655e-5,4.071192578784965,chr1,201126713,,1,201126713,NA,1
8.501558719544243e-5,0.04310070127664623,1,4.127812662162363,0.01756671923856008,0.026027895911308503,0.009105542565811656,0.004255696824515704,93,chr2,120190803,cg21024150,0.01756671923856008,8.501558719544243e-5,4.070501441199123,chr2,120948379,,2,120190803,NA,1
8.503340017110382e-5,0.04310070127664623,1,4.1277547819651,0.03698063691486178,0.05479296064474342,0.01916831318498014,0.008959019822697997,93,chr16,88575460,cg03833238,0.03698063691486178,8.503340017110382e-5,4.070410454746523,chr16,88575460,ZFPM1,16,88575460,ZFPM1,1
8.505593257409979e-5,0.04310070127664623,1,-4.127681583499299,-0.0785739771202274,-0.04072687513410379,-0.11642107910635101,0.019035862028295127,93,chr10,103810748,cg06606470,-0.0785739771202274,8.505593257409979e-5,4.0702953893490115,chr10,105570506,SH3PXD2A,10,103810748,SH3PXD2A,1
8.508896163864513e-5,0.04310070127664623,1,4.127574319406743,0.0717709478948405,0.10634210075972592,0.03719979502995507,0.017388166109424806,93,chr1,20941879,cg25293601,0.0717709478948405,8.508896163864513e-5,4.070126776112381,chr1,21268372,EIF4G3;EIF4G3;EIF4G3;EIF4G3,1,20941879,EIF4G3,1
8.523771466688495e-5,0.04313286187928638,1,-4.127091729635862,-0.010702670801558617,-0.005546727560911957,-0.015858614042205278,0.0025932718492067356,93,chr15,66903812,cg11117864,-0.010702670801558617,8.523771466688495e-5,4.069368202797186,chr15,67196150,,15,66903812,NA,1
8.525227979547711e-5,0.04313286187928638,1,4.1270445204704735,0.02714240910725807,0.04021824075625442,0.014066577458261717,0.006576718272029665,93,chr7,79456907,cg14448195,0.02714240910725807,8.525227979547711e-5,4.0692939983840635,chr7,79086223,,7,79456907,NA,1
8.533282668577715e-5,0.04314314599439466,1,4.126783588122189,0.012911542010019149,0.019132059278068644,0.006691024741969653,0.003128717979586201,93,chr5,115427567,cg17570719,0.012911542010019149,8.533282668577715e-5,4.068883867941693,chr5,114763264,,5,115427567,NA,1
8.537866792935083e-5,0.04314314599439466,1,4.126635190735833,0.08986685898781312,0.13316443339919534,0.046569284576430885,0.021777272483296178,93,chr2,74862542,cg12077754,0.08986685898781312,8.537866792935083e-5,4.068650625304446,chr2,75089669,HK2,2,74862542,HK2,1
8.542238263223282e-5,0.04314314599439466,1,-4.126493748734089,-0.05189464893518849,-0.026891110750413373,-0.0768981871199636,0.012575966933454958,93,chr17,17819921,cg27407935,-0.05189464893518849,8.542238263223282e-5,4.068428319240265,chr17,17723235,SREBF1;SREBF1,17,17819921,SREBF1,1
8.557700165080345e-5,0.04319599131457074,1,4.125994025789997,0.04630002375290284,0.06861069830288416,0.023989349202921513,0.011221544060291713,93,chr3,42907134,cg15146567,0.04630002375290284,8.557700165080345e-5,4.0676429338993225,chr3,42948626,ZNF662;ZNF662,3,42907134,ZNF662,1
8.57945506663275e-5,0.043246666349776246,1,4.125292383406158,0.05017412064790516,0.07435572532073832,0.025992515975072,0.01216256109499748,93,chr10,12513080,cg07639982,0.05017412064790516,8.57945506663275e-5,4.066540295959005,chr10,12555079,CAMK1D;CAMK1D,10,12513080,CAMK1D,1
8.580844613306291e-5,0.043246666349776246,1,4.125247625674107,0.026684346925964435,0.039545107034531866,0.013823586817397005,0.006468544278382306,93,chr12,132754619,cg23436314,0.026684346925964435,8.580844613306291e-5,4.066469962402453,chr12,133331205,ANKLE2,12,132754619,ANKLE2,1
8.593858930777e-5,0.043246666349776246,1,-4.124828768386333,-0.06563213635531703,-0.03399692805299868,-0.0972673446576354,0.015911481431262628,93,chr11,320956,cg14885742,-0.06563213635531703,8.593858930777e-5,4.065811779589509,chr11,320956,IFITM3,11,320956,IFITM3,1
8.60027065222308e-5,0.043246666349776246,1,-4.1246226355147195,-0.06388623586998493,-0.03309102644654488,-0.09468144529342498,0.015488989300475108,93,chr9,108263352,cg05140524,-0.06388623586998493,8.60027065222308e-5,4.065487881207893,chr9,111025632,,9,108263352,NA,1
8.601256168441944e-5,0.043246666349776246,1,4.1245909648799675,0.058770861725518146,0.08710051469674776,0.030441208754288532,0.014248894551226968,93,chr2,189660198,cg16484820,0.058770861725518146,8.601256168441944e-5,4.065438117688572,chr2,190524924,ASNSD1,2,189660198,ASNSD1,1
8.602771208683815e-5,0.043246666349776246,1,4.124542284218834,0.07951797412790389,0.11784892817512846,0.04118702008067932,0.019279223886769815,93,chr17,74298896,cg05042038,0.07951797412790389,8.602771208683815e-5,4.065361627038542,chr17,74298896,QRICH2;QRICH2,17,74298896,QRICH2,1
8.614627088692153e-5,0.0432810885345785,1,4.124161620249529,0.07825482763696708,0.1159803745873903,0.04052928068654386,0.01897472379664702,93,chr1,35538948,cg13550410,0.07825482763696708,8.614627088692153e-5,4.064763517615664,chr1,36004549,KIAA0319L,1,35538948,KIAA0319L,1
8.635489925678807e-5,0.04336069663134917,1,4.123492985769013,0.05027203426578217,0.07451140166159348,0.02603266686997086,0.012191613867000836,93,chr1,36254155,cg18116450,0.05027203426578217,8.635489925678807e-5,4.06371301814481,chr1,36719756,THRAP3,1,36254155,THRAP3,1
8.654028119068147e-5,0.04336316458445527,1,4.122900155775315,0.042743214638515,0.0633554193018982,0.0221310099751318,0.010367268918370667,93,chr2,42754721,cg25037343,0.042743214638515,8.654028119068147e-5,4.062781698005299,chr2,42981861,MTA3;MTA3,2,42754721,MTA3,1
8.662851860421697e-5,0.04336316458445527,1,4.12261841146124,0.07630457812540051,0.11310370710186604,0.03950544914893497,0.018508765670202973,93,chr6,106103157,cg09305161,0.07630457812540051,8.662851860421697e-5,4.06233911221435,chr6,106551032,PRDM1;PRDM1,6,106103157,PRDM1,1
8.662884997311797e-5,0.04336316458445527,1,4.12261735391197,0.031644153214942405,0.046905066817138796,0.016383239612746014,0.007675743465474701,93,chr16,4338380,cg13378153,0.031644153214942405,8.662884997311797e-5,4.062337450966851,chr16,4388381,GLIS2,16,4338380,GLIS2,1
8.671560843163487e-5,0.04336316458445527,1,4.122340601825879,0.04119892122574854,0.06106911281754358,0.021328729633953488,0.00999406046349023,93,chr17,75635380,cg09354263,0.04119892122574854,8.671560843163487e-5,4.061902724373509,chr17,73631460,RECQL5;LOC643008;LOC643008,17,75635380,RECQL5,1
8.694824463309948e-5,0.04336316458445527,1,4.121599823968963,0.06915417531692472,0.10251314786127028,0.03579520277257916,0.01677847881173761,93,chr18,25233592,cg01547466,0.06915417531692472,8.694824463309948e-5,4.060739181388168,chr18,22813556,ZNF521;ZNF521,18,25233592,ZNF521,1
8.697380929541299e-5,0.04336316458445527,1,4.121518535262171,0.04130782805948004,0.06123451901947067,0.021381137099489404,0.010022477809104995,93,chr21,34096277,cg11949606,0.04130782805948004,8.697380929541299e-5,4.060611508196602,chr21,34096277,SYNJ1;SYNJ1;SYNJ1;SYNJ1,21,34096277,SYNJ1,1
8.70723026588185e-5,0.04336316458445527,1,4.1212055676057915,0.026109280249542573,0.03870522375474668,0.013513336744338465,0.006335350135108821,93,chr11,10441377,cg06814191,0.026109280249542573,8.70723026588185e-5,4.0601199703125666,chr11,10462924,,11,10441377,NA,1
8.708008384956164e-5,0.04336316458445527,1,4.1211808569855055,0.05105277252470278,0.07568239418171337,0.026423150867692192,0.012387899074646784,93,chr15,52569592,cg03582574,0.05105277252470278,8.708008384956164e-5,4.060081161447843,chr15,52861789,ARPP19;ARPP19;ARPP19;ARPP19,15,52569592,ARPP19,1
8.711219705026028e-5,0.04336316458445527,1,4.121078897989078,0.024411487152143894,0.03618872349481408,0.012634250809473712,0.0059235670455267736,93,chr2,20027966,cg25938092,0.024411487152143894,8.711219705026028e-5,4.059921032813604,chr2,20227727,,2,20027966,NA,1
8.713821663359426e-5,0.04336316458445527,1,4.120996312644914,0.08043913899323356,0.11924749713469755,0.041630780851769564,0.01951934262751295,93,chr22,37296313,cg09339568,0.08043913899323356,8.713821663359426e-5,4.05979133255857,chr22,37296313,,22,37296313,NA,1
8.718900437639326e-5,0.04336316458445527,1,4.120835182212328,0.07192706177704626,0.1066300727114089,0.03722405084268363,0.017454486432148742,93,chr17,4438741,cg10670914,0.07192706177704626,8.718900437639326e-5,4.0595382815784395,chr17,4342036,SPNS3,17,4438741,SPNS3,1
8.719383078025952e-5,0.04336316458445527,1,4.120819874540712,0.038364640197275625,0.056874689697706225,0.019854590696845024,0.00930995320477374,93,chr21,15096010,cg20678665,0.038364640197275625,8.719383078025952e-5,4.059514241591187,chr21,15096010,,21,15096010,NA,1
8.720104428261956e-5,0.04336316458445527,1,4.120796997342752,0.040967263993249445,0.06073312887190756,0.021201399114591332,0.009941587518061849,93,chr1,198188169,cg18887742,0.040967263993249445,8.720104428261956e-5,4.059478314110281,chr1,198157299,NEK7,1,198188169,NEK7,1
8.720591152135495e-5,0.04336316458445527,1,4.1207815622096176,0.06930949534143908,0.102750030969927,0.03586895971295116,0.01681950239174396,93,chr15,70766690,cg20391220,0.06930949534143908,8.720591152135495e-5,4.059454074080224,chr15,71059029,,15,70766690,NA,1
8.732402880127043e-5,0.04336316458445527,1,4.120407238853535,0.01913808809357924,0.028372696628444282,0.009903479558714196,0.004644707909722106,93,chr11,122784923,cg11435072,0.01913808809357924,8.732402880127043e-5,4.058866235791599,chr11,122655631,UBASH3B,11,122784923,UBASH3B,1
8.733407509152389e-5,0.04336316458445527,1,4.120375423799041,0.057108256877573524,0.08466463899086756,0.029551874764279496,0.01385996444588997,93,chr13,105345782,cg12845818,0.057108256877573524,8.733407509152389e-5,4.058816274772577,chr13,105998133,,13,105345782,NA,1
8.734649560522318e-5,0.04336316458445527,1,4.120336094807822,0.082404190705049285,0.12216697047788555,0.04264141093221301,0.019999385683340164,93,chr3,3110846,cg10159529,0.082404190705049285,8.734649560522318e-5,4.058754514491516,chr3,3152530,IL5RA;IL5RA;IL5RA;IL5RA;IL5RA;IL5RA,3,3110846,IL5RA,1
8.740355039321114e-5,0.04336316458445527,1,4.1201555024621825,0.08232889063676369,0.12205707687390234,0.04260070439962503,0.01998198625939346,93,chr6,13414033,cg08667065,0.08232889063676369,8.740355039321114e-5,4.05847092566236,chr6,13414265,GFOD1;GFOD1,6,13414033,GFOD1,1
8.74312480430482e-5,0.04336316458445527,1,4.1200678734903775,0.05344407607215564,0.07923431021435756,0.02765384192995372,0.012971649427435205,93,chr12,50063262,cg13385981,0.05344407607215564,8.74312480430482e-5,4.058333322202476,chr12,50457045,ASIC1;ASIC1;ASIC1,12,50063262,ASIC1,1
8.743855650794e-5,0.04336316458445527,1,4.120044755644083,0.0610798224430505,0.09055496500046059,0.0316046798856404,0.014825038577403013,93,chr1,114081449,cg15698552,0.0610798224430505,8.743855650794e-5,4.058297020612459,chr1,114624071,,1,114081449,NA,1
8.745360957523876e-5,0.04336316458445527,1,-4.119997146231159,-0.0626874406375698,-0.03243616407615375,-0.09293871719898585,0.015215408752143009,93,chr14,76320560,cg17228206,-0.0626874406375698,8.745360957523876e-5,4.058222260670648,chr14,76786903,,14,76320560,NA,1
8.746377474183423e-5,0.04336316458445527,1,4.119965000587465,0.029684140036565,0.04400902117751862,0.015359258895611374,0.0072049495644580346,93,chr2,91870403,cg11443568,0.029684140036565,8.746377474183423e-5,4.05817178340354,chr2,91870403,,2,91870403,NA,1
8.755070129638232e-5,0.04336380230260152,1,4.119690256441688,0.036207856366432985,0.05368209778792442,0.018733614944941548,0.008788975411395832,93,chr1,864879,cg02896266,0.036207856366432985,8.755070129638232e-5,4.0577403707920805,chr1,864879,SAMD11,1,864879,SAMD11,1
8.76684465990861e-5,0.04336380230260152,1,4.119318522994043,0.03517078789656766,0.052146062360220805,0.01819551343291452,0.00853801125119222,93,chr17,73825172,cg20424191,0.03517078789656766,8.76684465990861e-5,4.057156688659783,chr17,71821311,LINC00469,17,73825172,LINC00469,1
8.770472860296386e-5,0.04336380230260152,1,4.119204073884372,0.08880771488504555,0.13167218595909072,0.045943243811000366,0.021559435583219523,93,chr5,36419521,cg09972634,0.08880771488504555,8.770472860296386e-5,4.05697699100325,chr5,36419521,,5,36419521,NA,1
8.776101203944004e-5,0.04336380230260152,1,4.119026621653137,0.07892137782745498,0.1170156904833364,0.040827065171573564,0.019160200959269486,93,chr3,3110690,cg01310029,0.07892137782745498,8.776101203944004e-5,4.056698377222201,chr3,3152374,IL5RA;IL5RA;IL5RA;IL5RA;IL5RA;IL5RA,3,3110690,IL5RA,1
8.781920777266022e-5,0.04336380230260152,1,4.118843255274453,0.0643215511046373,0.09537010131695657,0.033273000892318036,0.015616411482099805,93,chrX,10756599,cg03953710,0.0643215511046373,8.781920777266022e-5,4.056410485035252,chrX,10724639,MID1,23,10756599,MID1,1
8.78603577364057e-5,0.04336380230260152,1,-4.118713668148379,-0.03093392021229739,-0.016001388623214968,-0.04586645180137981,0.007510577987375397,93,chr22,50356277,cg12043019,-0.03093392021229739,8.78603577364057e-5,4.056207032773058,chr22,50356277,PIM3,22,50356277,PIM3,1
8.793519885010413e-5,0.04336380230260152,1,-4.118478132250169,-0.03158699806999863,-0.016338338401586203,-0.04683565773841106,0.007669580135111893,93,chr20,35992839,cg12950434,-0.03158699806999863,8.793519885010413e-5,4.055837249994773,chr20,34580761,CNBD2;CNBD2;CNBD2,20,35992839,CNBD2,1
8.794904319031227e-5,0.04336380230260152,1,4.118434583214345,0.04285996267350661,0.06355087776410231,0.022169047582910904,0.010406857704670733,93,chr12,69476194,cg08145262,0.04285996267350661,8.794904319031227e-5,4.055768880929976,chr12,69869974,FRS2;FRS2,12,69476194,FRS2,1
8.797822060985458e-5,0.04336380230260152,1,-4.118342823710107,-0.026671506237347355,-0.013795382875521742,-0.03954762959917297,0.006476271495368054,93,chr18,70274437,cg09518809,-0.026671506237347355,8.797822060985458e-5,4.0556248260274455,chr18,67941673,,18,70274437,NA,1
8.804996596408648e-5,0.04336380230260152,1,4.118117317474719,0.014269958497405538,0.021159400959340654,0.007380516035470423,0.0034651656078015895,93,chr8,27629942,cg00621779,0.014269958497405538,8.804996596408648e-5,4.055270807574186,chr8,27487459,,8,27629942,NA,1
8.806039108699494e-5,0.04336380230260152,1,4.11808456447397,0.026535421692459902,0.03934665131107756,0.013724192073842244,0.0064436320519924645,93,chr6,43860323,cg02052634,0.026535421692459902,8.806039108699494e-5,4.055219390117162,chr6,43828060,,6,43860323,NA,1
8.806723011815707e-5,0.04336380230260152,1,4.118063080057146,0.0357041278666369,0.05294207388892107,0.018466181844352742,0.008670126506692908,93,chr9,97177504,cg24247883,0.0357041278666369,8.806723011815707e-5,4.055185662829228,chr9,97177504,HIATL1,9,97177504,HIATL1,1
8.812971276942217e-5,0.04336985623526293,1,4.117866868687362,0.03494777311757862,0.051821355180879464,0.018074191054277777,0.008486863279462648,93,chr22,42611539,cg10682576,0.03494777311757862,8.812971276942217e-5,4.054877645319368,chr22,42611539,TCF20;TCF20,22,42611539,TCF20,1
8.826583719111157e-5,0.043389542708061384,1,4.117439866088188,0.04771144233241488,0.0707500040336559,0.024672880631173857,0.01158764763642889,93,chr15,91534970,cg14622604,0.04771144233241488,8.826583719111157e-5,4.054207355202179,chr15,92078200,,15,91534970,NA,1
8.827013775443661e-5,0.043389542708061384,1,4.117426386161732,0.053636034018573066,0.07953550517795044,0.0277365628591957,0.013026592096178949,93,chr21,37413998,cg15697091,0.053636034018573066,8.827013775443661e-5,4.054186195651871,chr21,38786300,DYRK1A,21,37413998,DYRK1A,1
8.840204367474118e-5,0.04340859602660371,1,4.117013239202512,0.03029454966837792,0.04492448207424553,0.015664617262510314,0.007358380434609955,93,chr20,23489637,cg11879776,0.03029454966837792,8.840204367474118e-5,4.05353769486924,chr20,23470274,CST8,20,23489637,CST8,1
8.844111557374306e-5,0.04340859602660371,1,-4.116890974555097,-0.07394753763987996,-0.03823551623268075,-0.10965955904707918,0.01796198590074912,93,chr15,58214227,cg27173749,-0.07394753763987996,8.844111557374306e-5,4.0533457879786114,chr15,58506426,,15,58214227,NA,1
8.845959692606062e-5,0.04340859602660371,1,4.1168331603873956,0.031224342431691227,0.04630395265897887,0.016144732204403586,0.007584553761404556,93,chr8,6566387,cg26976315,0.031224342431691227,8.845959692606062e-5,4.053255043862939,chr8,6423908,MCPH1,8,6566387,MCPH1,1
8.870207197099144e-5,0.04347739829031761,1,4.116075713028944,0.04289822738472467,0.06361948328838618,0.022176971481063158,0.010422118147374081,93,chr14,22996161,cg22883426,0.04289822738472467,8.870207197099144e-5,4.0520662354663735,chr14,22996161,,14,22996161,NA,1
8.871405608222214e-5,0.04347739829031761,1,-4.1160383285095445,-0.01978590475142974,-0.010228574660700448,-0.029343234842159033,0.004807026361825547,93,chr13,110274974,cg21093704,-0.01978590475142974,8.871405608222214e-5,4.052007563986582,chr13,110927321,COL4A1;COL4A1,13,110274974,COL4A1,1
8.875644717049268e-5,0.04347739829031761,1,4.115906128155733,0.01595177402948366,0.023657323442157936,0.008246224616809386,0.0038756408753742345,93,chr2,60464131,cg26185859,0.01595177402948366,8.875644717049268e-5,4.051800090454581,chr2,60691266,BCL11A;BCL11A;BCL11A,2,60464131,BCL11A,1
8.880724177844041e-5,0.04347739829031761,1,4.115747800593507,0.03694556248471438,0.05479290712990578,0.01909821783952298,0.008976634204697064,93,chr11,3166216,cg04184683,0.03694556248471438,8.880724177844041e-5,4.051551618273422,chr11,3187446,OSBPL5;OSBPL5;OSBPL5,11,3166216,OSBPL5,1
8.885136570962158e-5,0.04347739829031761,1,4.115610336266731,0.06513377197353648,0.09659908540845039,0.03366845853862258,0.01582602983561833,93,chr2,96625783,cg08883078,0.06513377197353648,8.885136570962158e-5,4.051335892387726,chr2,97291520,KIAA1310;KIAA1310,2,96625783,KIAA1310,1
8.893841560513185e-5,0.043490061048980205,1,4.115339332097148,0.07514160458796627,0.11144396765788173,0.038839241518050814,0.018258908567249214,93,chr16,566212,cg04497992,0.07514160458796627,8.893841560513185e-5,4.050910611564365,chr16,616212,NHLRC4,16,566212,NHLRC4,1
8.897789733125307e-5,0.043490061048980205,1,4.1152165014249995,0.01957677871778228,0.02903498160115013,0.010118575834414433,0.004757168598785341,93,chr6,44227030,cg22330763,0.01957677871778228,8.897789733125307e-5,4.050717861436072,chr6,44194767,SLC29A1;SLC29A1;SLC29A1;SLC29A1;SLC29A1,6,44227030,SLC29A1,1
8.92064069615935e-5,0.043574421256562614,1,4.114506617906559,0.06205041942194723,0.09203424468746411,0.032066594156430345,0.0150808894441682,93,chr1,6294212,cg26048493,0.06205041942194723,8.92064069615935e-5,4.049603952707496,chr1,6354272,ACOT7;ACOT7;ACOT7;ACOT7,1,6294212,ACOT7,1
8.92872134440447e-5,0.043574421256562614,1,-4.11425600435447,-0.026883556392683493,-0.013892170266268634,-0.03987494251909835,0.006534244919185952,93,chr11,118264379,cg09033131,-0.026883556392683493,8.92872134440447e-5,4.049210730678068,chr11,118135094,MPZL2;MPZL2,11,118264379,MPZL2,1
8.94097079440635e-5,0.043574421256562614,1,4.113876514839052,0.03178072989063229,0.04714007497052404,0.016421384810740545,0.0077252512991084895,93,chr1,87098027,cg15515095,0.03178072989063229,8.94097079440635e-5,4.048615323736068,chr1,87563710,HS2ST1;HS2ST1,1,87098027,HS2ST1,1
8.945851676832672e-5,0.043574421256562614,1,4.113725443700058,0.05665389853695806,0.08403523107625792,0.029272565997658206,0.013771920200391684,93,chr5,95058987,cg06784507,0.05665389853695806,8.945851676832672e-5,4.04837830675213,chr5,95058987,,5,95058987,NA,1
8.946938087915067e-5,0.043574421256562614,1,-4.113691828314769,-0.10315375087616563,-0.05329821914938341,-0.15300928260294785,0.025075711837759126,93,chr10,71299492,cg23622162,-0.10315375087616563,8.946938087915067e-5,4.048325567928845,chr10,73059249,UNC5B,10,71299492,UNC5B,1
8.949491795073275e-5,0.043574421256562614,1,4.113612827769951,0.02658551555996974,0.03943488320531945,0.013736147914620028,0.006462814239711065,93,chr4,42153502,cg00344380,0.02658551555996974,8.949491795073275e-5,4.048201625785972,chr4,42155519,BEND4;BEND4,4,42153502,BEND4,1
8.957324470896441e-5,0.043574421256562614,1,-4.113370654072583,-0.07105443795763222,-0.036710234738576444,-0.105398641176688,0.017274017814874604,93,chr14,30849331,cg27338538,-0.07105443795763222,8.957324470896441e-5,4.047821693579714,chr14,31318537,,14,30849331,NA,1
8.959226923743629e-5,0.043574421256562614,1,4.113311864024496,0.04754617885376967,0.07052798005756342,0.024564377649975915,0.011559098951288881,93,chr19,16197138,cg09334230,0.04754617885376967,8.959226923743629e-5,4.047729463243806,chr19,16307949,AP1M1;AP1M1,19,16197138,AP1M1,1
8.964743005745607e-5,0.043574421256562614,1,4.11314147256211,0.048751997977162155,0.07231761706556675,0.025186378888757563,0.011852740369466097,93,chr11,2362287,cg01271191,0.048751997977162155,8.964743005745607e-5,4.047462155938534,chr11,2383517,CD81-AS1,11,2362287,CD81-AS1,1
8.966487643472844e-5,0.043574421256562614,1,4.113087601777426,0.0177626541539188,0.02634883403527022,0.009176474272567382,0.0043185693750463425,93,chr7,156437053,cg20091028,0.0177626541539188,8.966487643472844e-5,4.047377645672054,chr7,156229747,,7,156437053,NA,1
8.97051623041142e-5,0.043574421256562614,1,4.112963245873226,0.07698837658755663,0.11420443849613826,0.039772314678974983,0.018718469382094163,93,chr1,26914178,cg16177693,0.07698837658755663,8.97051623041142e-5,4.047182563693033,chr1,27240669,NR0B2,1,26914178,NR0B2,1
8.979259611983872e-5,0.04359238849559038,1,4.112693536524792,0.036866426000965125,0.0546887678937792,0.01904408410815105,0.008964058632999213,93,chr12,114968,cg02933029,0.036866426000965125,8.979259611983872e-5,4.046759471760994,chr12,224134,IQSEC3;IQSEC3,12,114968,IQSEC3,1
8.988191484271207e-5,0.04361125012642298,1,-4.112418273278341,-0.013272825730169987,-0.006855912096603897,-0.019689739363736077,0.0032274989673142236,93,chr10,43407748,cg12474983,-0.013272825730169987,8.988191484271207e-5,4.04632768395245,chr10,43903196,HNRNPF;HNRNPF;HNRNPF;HNRNPF;HNRNPF,10,43407748,HNRNPF,1
9.000276572966512e-5,0.04363925165393355,1,4.112046252154333,0.06087561394664844,0.09030935368334195,0.031441874209954944,0.014804214304436685,93,chr1,211483186,cg15635946,0.06087561394664844,9.000276572966512e-5,4.045744144753157,chr1,211483186,RCOR3;RCOR3;RCOR3;RCOR3,1,211483186,RCOR3,1
9.004062444912876e-5,0.04363925165393355,1,4.111929808588735,0.012865220002605504,0.01908581041739571,0.006644629587815298,0.0031287547700190456,93,chr2,199624144,cg11682942,0.012865220002605504,9.004062444912876e-5,4.045561501744924,chr2,200488867,LOC101927641,2,199624144,LOC101927641,1
9.022068589661629e-5,0.04367819580856847,1,-4.111376629814481,-0.02117102311656276,-0.010933033952514094,-0.03140901228061142,0.005149375749970652,93,chr13,41263957,cg25283254,-0.02117102311656276,9.022068589661629e-5,4.0446938755315545,chr13,41838093,MTRF1,13,41263957,MTRF1,1
9.022206685663486e-5,0.04367819580856847,1,4.1113723913768805,0.05838591977654185,0.08662050376157816,0.030151335791505543,0.014201077941516425,93,chr12,92142116,cg24937298,0.05838591977654185,9.022206685663486e-5,4.04468722806795,chr12,92535892,C12orf79;C12orf79;C12orf79;C12orf79;BTG1;C12orf79,12,92142116,C12orf79,1
9.032690374189984e-5,0.04368436200529162,1,4.1110508082883035,0.04047557224108986,0.060050503037255065,0.02090064144492465,0.009845553881135918,93,chr11,93382865,cg20813082,0.04047557224108986,9.032690374189984e-5,4.044182876414916,chr11,93116031,CCDC67,11,93382865,CCDC67,1
9.033590722865436e-5,0.04368436200529162,1,4.111023207170685,0.0227896086093986,0.03381126888045782,0.011767948338339376,0.005543536842518341,93,chr15,60360967,cg08086676,0.0227896086093986,9.033590722865436e-5,4.044139589535922,chr15,60653166,ANXA2;ANXA2;ANXA2;ANXA2,15,60360967,ANXA2,1
9.041507102232736e-5,0.043698190410562776,1,4.110780636156803,0.06883950633708055,0.10213408529826394,0.035544927375897165,0.016746090932606678,93,chr3,14301614,cg27545985,0.06883950633708055,9.041507102232736e-5,4.043759172220456,chr3,14343114,,3,14301614,NA,1
9.046695399935969e-5,0.04369882573082989,1,-4.1106217688049105,-0.06423908676289966,-0.033168323456895146,-0.09530985006890418,0.015627583946157132,93,chr17,7179745,cg05331340,-0.06423908676289966,9.046695399935969e-5,4.043510032028167,chr17,7083064,ASGR1,17,7179745,ASGR1,1
9.05312290582724e-5,0.04370544282299676,1,4.110425077894095,0.052549276092220674,0.07796720046434577,0.02713135172009558,0.01278438971551414,93,chr14,69241675,cg18836689,0.052549276092220674,9.05312290582724e-5,4.043201583577342,chr14,69708392,EXD2,14,69241675,EXD2,1
9.068757983799795e-5,0.04375348168092899,1,4.1099471818282245,0.011023972053176434,0.016356853694797183,0.005691090411555685,0.0026822661132770687,93,chr18,8507345,cg08029151,0.011023972053176434,9.068757983799795e-5,4.042452187881189,chr18,8507343,,18,8507345,NA,1
9.073199989379734e-5,0.04375348168092899,1,4.109811553557885,0.04242735264519536,0.06295239713564522,0.021902308154745486,0.010323430184643326,93,chr15,50266416,cg07157248,0.04242735264519536,9.073199989379734e-5,4.042239516398502,chr15,50558613,HDC,15,50266416,HDC,1
9.088683610192229e-5,0.043803703954907056,1,4.109339288786796,0.016298814205949697,0.024184583929512816,0.008413044482386575,0.003966285833448815,93,chr1,53108294,cg03454860,0.016298814205949697,9.088683610192229e-5,4.041499014713088,chr1,53573966,SLC1A7;SLC1A7;SLC1A7;SLC1A7;SLC1A7,1,53108294,SLC1A7,1
9.10053933463842e-5,0.0438155725406241,1,4.108978200641621,0.05546181531938441,0.08229797239852256,0.028625658240246262,0.013497714665588635,93,chr7,1080473,cg00435616,0.05546181531938441,9.10053933463842e-5,4.040932868874894,chr7,1080473,C7orf50;C7orf50;C7orf50,7,1080473,C7orf50,1
9.102977250100782e-5,0.0438155725406241,1,4.108904005435756,0.05819996657410306,0.08636153393054705,0.03003839921765907,0.014164352950837766,93,chr2,240200831,cg12756150,0.05819996657410306,9.102977250100782e-5,4.040816542643745,chr2,241140248,,2,240200831,NA,1
9.106357247678751e-5,0.0438155725406241,1,4.108801170610783,0.0513596049579245,0.07621190744448504,0.026507302471363958,0.012499900293371892,93,chr15,96027035,cg12441680,0.0513596049579245,9.106357247678751e-5,4.0406553160691,chr15,96570264,,15,96027035,NA,1
9.111936394293232e-5,0.04381636041777172,1,4.108631507941752,0.05441712745504693,0.08075001609344623,0.028084238816647643,0.0132445869993115,93,chr1,166167759,cg13282809,0.05441712745504693,9.111936394293232e-5,4.040389320503131,chr1,166136996,FAM78B,1,166167759,FAM78B,1
9.116661887162623e-5,0.04381636041777172,1,4.108487883084973,0.02911071392418771,0.04319811657828451,0.015023311270090904,0.007085505605125239,93,chr6,32155117,cg00086577,0.02911071392418771,9.116661887162623e-5,4.040164151733515,chr6,32122894,PPT2;PPT2,6,32155117,PPT2,1
9.137630682210016e-5,0.04385871327376083,1,4.107851427329906,0.011874408300018374,0.017621621821936814,0.006127194778099935,0.0028906615806542726,93,chr3,187701502,cg07778268,0.011874408300018374,9.137630682210016e-5,4.039166398908846,chr3,187419290,LOC100131635;RTP2,3,187701502,LOC100131635,1
9.13854462387662e-5,0.04385871327376083,1,4.107823718831837,0.02960168304390168,0.043928994040941395,0.015274372046861965,0.007206171703083613,93,chr11,67321881,cg01464484,0.02960168304390168,9.13854462387662e-5,4.0391229631443855,chr11,67089352,LOC100130987,11,67321881,LOC100130987,1
9.145211772421174e-5,0.04385871327376083,1,4.107621667574015,0.03260800074681266,0.048391155627746735,0.016824845865878586,0.007938413852527741,93,chr11,72982425,cg25691900,0.03260800074681266,9.145211772421174e-5,4.03880623326804,chr11,72982425,P2RY6;P2RY6;P2RY6;P2RY6;P2RY6;P2RY6;P2RY6;P2RY6,11,72982425,P2RY6,1
9.145775432946636e-5,0.04385871327376083,1,-4.107604592051729,-0.011776405290385256,-0.006076282711628472,-0.01747652786914204,0.002866976366998119,93,chr17,81636487,cg09509943,-0.011776405290385256,9.145775432946636e-5,4.038779466571064,chr17,79603513,NPLOC4,17,81636487,NPLOC4,1
9.155017167417108e-5,0.043878682170037875,1,-4.10732476724946,-0.07762161364563668,-0.04004793601190955,-0.1151952912793638,0.01889833846706437,93,chr2,191202299,cg04128669,-0.07762161364563668,9.155017167417108e-5,4.03834083697588,chr2,192067025,,2,191202299,NA,1
9.179212993040254e-5,0.04394590175269652,1,4.106593440493556,0.03804518251244915,0.0564646913264405,0.019625673698457802,0.009264414182641036,93,chr5,16478861,cg12344249,0.03804518251244915,9.179212993040254e-5,4.037194552723782,chr5,16478970,FAM134B;FAM134B,5,16478861,FAM134B,1
9.1859307829112e-5,0.043953712391551936,1,4.1063907216784346,0.03953552161537841,0.05867752043890989,0.020393522791846933,0.009627803171934592,93,chr11,3162641,cg09552289,0.03953552161537841,9.1859307829112e-5,4.03687683136671,chr11,3183871,OSBPL5;OSBPL5;OSBPL5,11,3162641,OSBPL5,1
9.207196064253262e-5,0.04402550346396916,1,4.105749949757729,0.03538607996066472,0.05252170855136368,0.018250451369965767,0.00861866416457066,93,chr19,42282406,cg11269404,0.03538607996066472,9.207196064253262e-5,4.035872608589943,chr19,42786558,CIC,19,42282406,CIC,1
9.224785764005922e-5,0.04402550346396916,1,4.105221005436602,0.056138389461981665,0.08332677932669805,0.028949999597265286,0.013674876306936172,93,chr3,142022860,cg02976668,0.056138389461981665,9.224785764005922e-5,4.035043711086565,chr3,141741702,TFDP2;TFDP2;TFDP2;TFDP2;TFDP2,3,142022860,TFDP2,1
9.226854431801361e-5,0.04402550346396916,1,4.105158861713787,0.012610758476236153,0.018718368821351684,0.0065031481311206216,0.0030719294675411223,93,chr10,92834733,cg13314863,0.012610758476236153,9.226854431801361e-5,4.034946331015993,chr10,94594490,EXOC6;EXOC6,10,92834733,EXOC6,1
9.23002411277823e-5,0.04402550346396916,1,4.105063669024043,0.04819268465687456,0.0715337838818079,0.024851585431941232,0.011739814176458833,93,chr17,1730724,cg01768328,0.04819268465687456,9.23002411277823e-5,4.034797164409316,chr17,1634018,WDR81;WDR81;WDR81;WDR81,17,1730724,WDR81,1
9.230074891639368e-5,0.04402550346396916,1,4.105062144275665,0.03575343519110152,0.053069855605068925,0.01843701477713411,0.008709596574794407,93,chr7,4730626,cg10365743,0.03575343519110152,9.230074891639368e-5,4.034794775150278,chr7,4770257,FOXK1,7,4730626,FOXK1,1
9.247701036699906e-5,0.044038125710043674,1,4.104533366460654,0.0576660868477031,0.0855990348763814,0.029733138819024806,0.014049364860548978,93,chr1,6599293,cg21899939,0.0576660868477031,9.247701036699906e-5,4.033966218738666,chr1,6659353,KLHL21,1,6599293,KLHL21,1
9.247790758025526e-5,0.044038125710043674,1,4.1045306773325825,0.027598554158477947,0.04096706113001637,0.014230047186939522,0.006723924445465093,93,chr4,10520578,cg07174195,0.027598554158477947,9.247790758025526e-5,4.03396200522793,chr4,10520578,CLNK,4,10520578,CLNK,1
9.249437386446975e-5,0.044038125710043674,1,-4.104481329028321,-0.059502874250599046,-0.030679837051877663,-0.08832591144932042,0.014497050779540402,93,chr15,68742233,cg23907299,-0.059502874250599046,9.249437386446975e-5,4.0338846831953,chr15,69034572,,15,68742233,NA,1
9.262613368697862e-5,0.04407657416182266,1,4.10408675782566,0.03423401246557435,0.05081847317053984,0.01764955176060886,0.008341444634496833,93,chr5,180067929,cg10519882,0.03423401246557435,9.262613368697862e-5,4.033266463482403,chr5,179494929,RNF130,5,180067929,RNF130,1
9.288339688985315e-5,0.04415082230215222,1,4.103317903389589,0.05349079027809837,0.079408936234615,0.02757264432158174,0.01303598491209071,93,chr20,50917078,cg02888648,0.05349079027809837,9.288339688985315e-5,4.032061910156408,chr20,49533615,ADNP;ADNP;ADNP,20,50917078,ADNP,1
9.288434782921607e-5,0.04415082230215222,1,-4.1033150652189345,-0.08629727755235507,-0.044483220016942486,-0.12811133508776765,0.02103111171838584,93,chr4,153655989,cg25282281,-0.08629727755235507,9.288434782921607e-5,4.032057463876257,chr4,154577141,,4,153655989,NA,1
9.299594299445071e-5,0.04417956576720208,1,4.102982192394689,0.05967335102194802,0.08858952818075155,0.03075717386314449,0.01454389715182261,93,chr8,105592803,cg10450897,0.05967335102194802,9.299594299445071e-5,4.031535997398272,chr8,106605031,ZFPM2,8,105592803,ZFPM2,1
9.331257943490841e-5,0.044181978911911175,1,4.10203979551912,0.05473703022646264,0.08126728641324238,0.028206774039682896,0.013343856460450446,93,chr1,203794224,cg24343524,0.05473703022646264,9.331257943490841e-5,4.030059805225579,chr1,203763352,ZC3H11A,1,203794224,ZC3H11A,1
9.336741212781246e-5,0.044181978911911175,1,4.101876910604353,0.0346919514336996,0.051507312145654925,0.01787659072174428,0.00845757983229883,93,chr6,30988694,cg23309128,0.0346919514336996,9.336741212781246e-5,4.029804678401953,chr6,30988694,,6,30988694,NA,1
9.336806200761038e-5,0.044181978911911175,1,4.101874980635503,0.04409535316425255,0.0654685993325359,0.022722106995969202,0.010750048056662338,93,chr11,6128238,cg08825035,0.04409535316425255,9.336806200761038e-5,4.0298016555246825,chr11,6149468,,11,6128238,NA,1
9.338762188108563e-5,0.044181978911911175,1,-4.101816899093046,-0.026955928519031926,-0.013890065278492486,-0.040021791759571365,0.006571704486612301,93,chr12,124940972,cg21673010,-0.026955928519031926,9.338762188108563e-5,4.029710683780517,chr12,125425518,,12,124940972,NA,1
9.340357475472565e-5,0.044181978911911175,1,4.101769536914099,0.043981139137290015,0.06529957319134368,0.02266270508323635,0.010722479344945968,93,chr15,44976618,cg15494704,0.043981139137290015,9.340357475472565e-5,4.02963650207245,chr15,45268816,C15orf43,15,44976618,C15orf43,1
9.340474030986535e-5,0.044181978911911175,1,-4.10176607682464,-0.02558342015997646,-0.013182674605571525,-0.0379841657143814,0.006237171911027586,93,chr2,237966659,cg06391473,-0.02558342015997646,9.340474030986535e-5,4.029631082675938,chr2,238875301,UBE2F,2,237966659,UBE2F,1
9.355186784813327e-5,0.044181978911911175,1,4.101329644005084,0.07720310767412981,0.11462882968827046,0.03977738565998917,0.018823921599907888,93,chr8,22639548,cg15942979,0.07720310767412981,9.355186784813327e-5,4.028947536993056,chr8,22497061,BIN3,8,22639548,BIN3,1
9.356817737174699e-5,0.044181978911911175,1,-4.10128130474945,-0.059911171584600735,-0.030867712733536896,-0.08895463043566457,0.014607915705567716,93,chr7,130150069,cg12879183,-0.059911171584600735,9.356817737174699e-5,4.028871830126723,chr7,129789909,,7,130150069,NA,1
9.359646128910811e-5,0.044181978911911175,1,4.101197494178081,0.047085898445688654,0.06991244755655977,0.024259349334817534,0.01148101219522595,93,chr17,68287853,cg23406407,0.047085898445688654,9.359646128910811e-5,4.028740570830972,chr17,66283994,ARSG;SLC16A6,17,68287853,ARSG,1
9.36116193035924e-5,0.044181978911911175,1,4.101152588143645,0.0697253934645066,0.10352760597457163,0.035923180954441566,0.017001414106385945,93,chr12,6263170,cg22845023,0.0697253934645066,9.36116193035924e-5,4.028670242220789,chr12,6372336,,12,6263170,NA,1
9.367507091761197e-5,0.044181978911911175,1,4.1009646868041525,0.021692793527271267,0.03220973689059875,0.011175850163943781,0.005289680644428147,93,chr5,90111905,cg08540863,0.021692793527271267,9.367507091761197e-5,4.028375969447232,chr5,89407722,,5,90111905,NA,1
9.368906504721481e-5,0.044181978911911175,1,-4.1009232619921985,-0.045055559500024704,-0.023211828154154446,-0.06689929084589497,0.010986686807237902,93,chr3,195171292,cg21787473,-0.045055559500024704,9.368906504721481e-5,4.028311094990383,chr3,194892021,XXYLT1;XXYLT1,3,195171292,XXYLT1,1
9.376359723050632e-5,0.044181978911911175,1,4.100702735186277,0.05464440528254928,0.08113840320451876,0.028150407360579804,0.013325619731874327,93,chr6,31879219,cg07363637,0.05464440528254928,9.376359723050632e-5,4.027965739344428,chr6,31846996,SLC44A4,6,31879219,SLC44A4,1
9.379458041058798e-5,0.044181978911911175,1,4.100611111306587,0.03511828793598335,0.05214555051005248,0.018091025361914224,0.008564159580788322,93,chr20,38580550,cg06960579,0.03511828793598335,9.379458041058798e-5,4.0278222550726905,chr20,37209193,ADIG;ADIG,20,38580550,ADIG,1
9.38484007615928e-5,0.044181978911911175,1,-4.100452022152266,-0.011446223655302871,-0.005896254429754395,-0.016996192880851347,0.0027914541112701325,93,chr1,43969761,cg18891020,-0.011446223655302871,9.38484007615928e-5,4.027573123642882,chr1,44435433,DPH2;DPH2,1,43969761,DPH2,1
9.388840135301341e-5,0.044181978911911175,1,-4.100333840012405,-0.10212627241174294,-0.05260653361951828,-0.1516460112039676,0.024906818907075617,93,chr2,37669440,cg07992500,-0.10212627241174294,9.388840135301341e-5,4.027388055652013,chr2,37896583,CDC42EP3,2,37669440,CDC42EP3,1
9.388941359055038e-5,0.044181978911911175,1,4.100330849974377,0.08826900554473546,0.13106956197608458,0.04546844911338635,0.02152728859557444,93,chr18,79943051,cg06592918,0.08826900554473546,9.388941359055038e-5,4.027383373425023,chr18,77703051,PQLC1;PQLC1;PQLC1,18,79943051,PQLC1,1
9.39589886764846e-5,0.044181978911911175,1,4.100125407044292,0.022945280619922234,0.034071722796014794,0.011818838443829669,0.005596238734673991,93,chr13,51267924,cg13142213,0.022945280619922234,9.39589886764846e-5,4.0270616663791685,chr13,51842060,FAM124A;FAM124A,13,51267924,FAM124A,1
9.397530521570534e-5,0.044181978911911175,1,-4.100077248349142,-0.010122824696051339,-0.005214087755905314,-0.015031561636197364,0.0024689351158267083,93,chr11,27701667,cg23497217,-0.010122824696051339,9.397530521570534e-5,4.026986255097722,chr11,27723214,BDNF;BDNF;BDNF;BDNF;BDNF;BDNF;BDNF;BDNF;BDNF;BDNF;BDNF;BDNF;BDNF;BDNF,11,27701667,BDNF,1
9.402357365255725e-5,0.044181978911911175,1,4.099934829813409,0.017216743188267585,0.02556573682451021,0.008867749552024962,0.0041992724038130945,93,chr10,87083144,cg09642900,0.017216743188267585,9.402357365255725e-5,4.026763246148288,chr10,88842901,GLUD1,10,87083144,GLUD1,1
9.419568942326785e-5,0.04421952559076181,1,4.099427564531451,0.041536000993477505,0.061680735417650165,0.021391266569304842,0.010132146583793807,93,chr12,6232316,cg08284733,0.041536000993477505,9.419568942326785e-5,4.025968970906937,chr12,6341482,CD9,12,6232316,CD9,1
9.424704039350203e-5,0.04421952559076181,1,4.099276393749691,0.05645502644040418,0.08383641672835757,0.029073636152450788,0.013771949246087213,93,chr3,53630584,cg16128030,0.05645502644040418,9.424704039350203e-5,4.025732278904154,chr3,53664611,CACNA1D;CACNA1D;CACNA1D,3,53630584,CACNA1D,1
9.427708871966599e-5,0.04421952559076181,1,4.099187971967671,0.06701611992133721,0.09952047308018527,0.03451176676248916,0.016348633041379772,93,chr1,26298043,cg19296400,0.06701611992133721,9.427708871966599e-5,4.0255938369719155,chr1,26624534,UBXN11;UBXN11;UBXN11;UBXN11;UBXN11,1,26298043,UBXN11,1
9.433986038023711e-5,0.04421952559076181,1,4.099003344123923,0.03800126670410052,0.05643358166384799,0.019568951744353053,0.00927085525767545,93,chr1,36484654,cg10319664,0.03800126670410052,9.433986038023711e-5,4.025304770830803,chr1,36950255,CSF3R;CSF3R;CSF3R,1,36484654,CSF3R,1
9.436306055594053e-5,0.04421952559076181,1,4.098935136224297,0.06348879070372522,0.09428420784395754,0.0326933735634929,0.015489093775269505,93,chr9,128886801,cg01816454,0.06348879070372522,9.436306055594053e-5,4.025197981722421,chr9,131649080,LRRC8A;LRRC8A;LRRC8A,9,128886801,LRRC8A,1
9.446116503689215e-5,0.04421952559076181,1,4.0986468896789585,0.02089027326699028,0.031023871899941054,0.010756674634039507,0.005096870706182397,93,chr12,106857379,cg06269702,0.02089027326699028,9.446116503689215e-5,4.024746702354775,chr12,107251157,RIC8B,12,106857379,RIC8B,1
9.456502321860701e-5,0.04421952559076181,1,4.0983420511287,0.053522182282617584,0.07948702479300154,0.02755733977223362,0.013059471760751975,93,chr20,41262325,cg09994537,0.053522182282617584,9.456502321860701e-5,4.024269466473605,chr20,39890965,ZHX3,20,41262325,ZHX3,1
9.457362583178179e-5,0.04421952559076181,1,4.098316815662688,0.07398200149005227,0.10987259420391482,0.038091408776189724,0.018051801463301355,93,chr21,32757890,cg07778428,0.07398200149005227,9.457362583178179e-5,4.02422996034989,chr21,34130201,PAXBP1;PAXBP1;PAXBP1,21,32757890,PAXBP1,1
9.45747550373512e-5,0.04421952559076181,1,4.098313503341257,0.06556178545425975,0.09736753811995333,0.03375603278856618,0.01599725970226748,93,chr16,2751792,cg06736444,0.06556178545425975,9.45747550373512e-5,4.024224774920912,chr16,2801793,LOC100128788;SRRM2,16,2751792,LOC100128788,1
9.471295346876207e-5,0.04421952559076181,1,4.097908409743118,0.07506253845120564,0.11148095691492305,0.038644119987488235,0.018317280657795625,93,chr22,39453249,cg11351349,0.07506253845120564,9.471295346876207e-5,4.023590620412864,chr22,39849254,,22,39453249,NA,1
9.475290170760994e-5,0.04421952559076181,1,4.097791417440663,0.054768061374045336,0.08134087870424417,0.0281952440438465,0.013365263332083295,93,chr7,148820679,cg09910601,0.054768061374045336,9.475290170760994e-5,4.023407481346098,chr7,148517771,EZH2;EZH2;EZH2;EZH2;EZH2,7,148820679,EZH2,1
9.482313734371868e-5,0.04421952559076181,1,4.097585840415603,0.06157275923326532,0.09144863450179427,0.03169688396473636,0.015026594104742467,93,chr7,117588543,cg23789019,0.06157275923326532,9.482313734371868e-5,4.0230856795958,chr7,117228597,CFTR,7,117588543,CFTR,1
9.484558063772681e-5,0.04421952559076181,1,4.097520180595952,0.06375620086799484,0.09469200512715041,0.03282039660883927,0.015559703932616631,93,chr14,100354509,cg13147461,0.06375620086799484,9.484558063772681e-5,4.022982900403821,chr14,100820846,WARS;WARS;WARS;WARS,14,100354509,WARS,1
9.499762464671609e-5,0.04421952559076181,1,4.097075755297875,0.023270370703595507,0.034562852254504096,0.011977889152686919,0.005679751142874255,93,chr4,109980940,cg17611488,0.023270370703595507,9.499762464671609e-5,4.022287253824004,chr4,110902096,EGF;EGF;EGF,4,109980940,EGF,1
9.500161162975149e-5,0.04421952559076181,1,4.097064110527335,0.05293156290641147,0.0786178918469043,0.02724523396591863,0.01291938848855324,93,chr12,15914489,cg16616599,0.05293156290641147,9.500161162975149e-5,4.022269027174614,chr12,16067423,DERA,12,15914489,DERA,1
9.508364574111367e-5,0.04421952559076181,1,4.096824617888194,0.017474747254708198,0.02595528931922473,0.008994205190191668,0.004265436987077073,93,chr5,113671086,cg12526614,0.017474747254708198,9.508364574111367e-5,4.02189417470476,chr5,113671086,,5,113671086,NA,1
9.516256075447358e-5,0.04421952559076181,1,-4.096594418507496,-0.013837463571926655,-0.0071217277524160015,-0.020553199391437307,0.00337779681322908,93,chr17,2773275,cg22784805,-0.013837463571926655,9.516256075447358e-5,4.021533879932648,chr17,2676569,,17,2773275,NA,1
9.51902227890218e-5,0.04421952559076181,1,4.0965137702632735,0.04383312858955406,0.06510707851025838,0.02255917866884973,0.010700105271887566,93,chr3,130520735,cg22540250,0.04383312858955406,9.51902227890218e-5,4.021407656729357,chr3,130239579,,3,130520735,NA,1
9.520685493410494e-5,0.04421952559076181,1,4.096465290334581,0.07841176645920453,0.11646854652741243,0.04035498639099664,0.019141323287716717,93,chr16,68770942,cg21468244,0.07841176645920453,9.520685493410494e-5,4.021331781102099,chr16,68804845,CDH1,16,68770942,CDH1,1
9.531678054672364e-5,0.04421952559076181,1,4.0961450799802,0.029764089167999264,0.044211078386050616,0.015317099949947911,0.007266365957951651,93,chr1,31159947,cg00040738,0.029764089167999264,9.531678054672364e-5,4.0208306349618095,chr1,31632794,,1,31159947,NA,1
9.536887242718189e-5,0.04421952559076181,1,4.095993461624438,0.01944860142477404,0.028888975497722368,0.010008227351825714,0.004748201286693675,93,chr8,85378221,cg27608852,0.01944860142477404,9.536887242718189e-5,4.020593352120181,chr8,86290450,CA1;CA1;CA1;CA1;CA1;CA1,8,85378221,CA1,1
9.537962211042368e-5,0.04421952559076181,1,4.095962183557008,0.05261196197101376,0.07815006538782873,0.027073858554198797,0.012844835868412383,93,chr12,132081678,cg27434922,0.05261196197101376,9.537962211042368e-5,4.020544402553052,chr12,132566223,,12,132081678,NA,1
9.538916169446217e-5,0.04421952559076181,1,4.095934429319485,0.016531922112759286,0.02455665226124249,0.008507191964276082,0.004036178410088945,93,chr4,25210609,cg26304227,0.016531922112759286,9.538916169446217e-5,4.020500967892219,chr4,25212231,,4,25210609,NA,1
9.548477607669181e-5,0.04421952559076181,1,4.095656398348484,0.03715537601579275,0.055192123623404366,0.019118628408181144,0.009071897737997537,93,chr2,42762831,cg20691720,0.03715537601579275,9.548477607669181e-5,4.020065866038597,chr2,42989971,OXER1;OXER1,2,42762831,OXER1,1
9.548731885045452e-5,0.04421952559076181,1,4.0956490080307235,0.012052950267500855,0.01790395858688422,0.006201941948117489,0.002942866989790264,93,chr12,5243223,cg13209192,0.012052950267500855,9.548731885045452e-5,4.020054300866058,chr12,5352389,,12,5243223,NA,1
9.548997219536476e-5,0.04421952559076181,1,4.095641296550572,0.060872197803163317,0.09042217506714205,0.031322220539184584,0.014862678002204697,93,chr13,30504383,cg18795844,0.060872197803163317,9.548997219536476e-5,4.02004223311657,chr13,31078520,,13,30504383,NA,1
9.553051852138161e-5,0.04421952559076181,1,4.095523481391571,0.03288868952464514,0.04885473018172652,0.016922648867563752,0.008030399452982813,93,chr1,157456584,cg15297727,0.03288868952464514,9.553051852138161e-5,4.019857864980471,chr1,157456584,,1,157456584,NA,1
9.556338154936378e-5,0.04421952559076181,1,4.095428026780363,0.019393947837847054,0.028809092716783655,0.009978802958910451,0.0047355118222145096,93,chr1,228912093,cg09584702,0.019393947837847054,9.556338154936378e-5,4.019708490962287,chr1,229047840,,1,228912093,NA,1
9.558743577928774e-5,0.04421952559076181,1,-4.095358178369952,-0.05361206817375806,-0.027584670226447595,-0.07963946612106854,0.01309093511207777,93,chr2,111671606,cg07919614,-0.05361206817375806,9.558743577928774e-5,4.019599188584997,chr2,112429183,,2,111671606,NA,1
9.572809941584367e-5,0.04426090345981816,1,4.0949500586604595,0.013703604837928226,0.020357045671492296,0.007050164004364154,0.003346464460279877,93,chr7,35905292,cg03937717,0.013703604837928226,9.572809941584367e-5,4.018960563476938,chr7,35944902,SEPT7;SEPT7,7,35905292,SEPT7,1
9.584959852837013e-5,0.04429338089170487,1,-4.094598006171275,-0.05382335500802064,-0.027688531179154277,-0.07995817883688701,0.01314496683847827,93,chr1,62194756,cg21561370,-0.05382335500802064,9.584959852837013e-5,4.018409701849858,chr1,62660428,L1TD1;L1TD1,1,62194756,L1TD1,1
9.59765771143704e-5,0.04430069948665484,1,4.094230534416839,0.08537026503597828,0.12682693545487198,0.04391359461708458,0.02085135761612358,93,chr1,211738237,cg25768273,0.08537026503597828,9.59765771143704e-5,4.017834742701666,chr1,211911579,,1,211738237,NA,1
9.600148752818685e-5,0.04430069948665484,1,-4.094158499326898,-0.03785395898342477,-0.019471367431692598,-0.05623655053515694,0.009245845999769712,93,chr16,10835111,cg06765686,-0.03785395898342477,9.600148752818685e-5,4.0177220375825335,chr16,10835111,,16,10835111,NA,1
9.6019230573446e-5,0.04430069948665484,1,4.094107201540594,0.07032416601650665,0.10447532622319464,0.03617300580981867,0.01717692345477519,93,chr2,109270525,cg12412622,0.07032416601650665,9.6019230573446e-5,4.017641778465223,chr2,109270525,LIMS1;LIMS1;LIMS1;LIMS1;LIMS1;LIMS1,2,109270525,LIMS1,1
9.610901374534588e-5,0.0443184612839211,1,4.093847764578989,0.014800273734336896,0.021988109430034597,0.007612438038639196,0.003615247704712576,93,chr1,41713426,cg09664054,0.014800273734336896,9.610901374534588e-5,4.017235879383591,chr1,42179097,HIVEP3;HIVEP3,1,41713426,HIVEP3,1
9.620350498308673e-5,0.044331074056734504,1,4.093574974583354,0.024844673755216366,0.03691143254292607,0.012777914967506663,0.006069187424066923,93,chr2,110798629,cg25038926,0.024844673755216366,9.620350498308673e-5,4.016809105019522,chr2,111556206,ACOXL;ACOXL;ACOXL,2,110798629,ACOXL,1
9.623896598102409e-5,0.044331074056734504,1,4.093472667437631,0.04719914792981435,0.07012377849877098,0.024274517360857718,0.011530343980373843,93,chr17,58197236,cg03519593,0.04719914792981435,9.623896598102409e-5,4.016649051827271,chr17,56274597,EPX,17,58197236,EPX,1
9.635351350562957e-5,0.044358266357699815,1,4.093142438104768,0.03558094394216134,0.05286400600861893,0.018297881875703744,0.008692818410354722,93,chr6,166490883,cg12639418,0.03558094394216134,9.635351350562957e-5,4.016132444285269,chr6,166904371,RPS6KA2;RPS6KA2,6,166490883,RPS6KA2,1
9.64175420574847e-5,0.044358266357699815,1,4.09295801434097,0.03699750251576059,0.054969452480768066,0.01902555255075311,0.00903930663010179,93,chr4,141048293,cg22654396,0.03699750251576059,9.64175420574847e-5,4.015843944046514,chr4,141048293,MAML3,4,141048293,MAML3,1
9.661914498766074e-5,0.044358266357699815,1,4.09237809763327,0.0735997349815612,0.1093566943479623,0.03784277561516009,0.017984588233459137,93,chr9,107309271,cg08909407,0.0735997349815612,9.661914498766074e-5,4.014936810037078,chr9,110071552,RAD23B;RAD23B;RAD23B,9,107309271,RAD23B,1
9.668398285212186e-5,0.044358266357699815,1,4.092191836670635,0.034145959060616904,0.050735845480832056,0.01755607264040175,0.008344173592897275,93,chr7,45114760,cg04785587,0.034145959060616904,9.668398285212186e-5,4.01464546733482,chr7,45154359,,7,45114760,NA,1
9.672430954624494e-5,0.044358266357699815,1,4.092076049932593,0.07071272581740037,0.10506962530955516,0.03635582632524559,0.01728040362753405,93,chr9,114805476,cg11809085,0.07071272581740037,9.672430954624494e-5,4.01446436174966,chr9,117567756,TNFSF15,9,114805476,TNFSF15,1
9.67256359884141e-5,0.044358266357699815,1,4.092072242215587,0.02303707831889256,0.03423001865217755,0.01184413798560757,0.005629685146130144,93,chr7,26395795,cg01563858,0.02303707831889256,9.67256359884141e-5,4.014458406033176,chr7,26435415,,7,26395795,NA,1
9.674855779818445e-5,0.044358266357699815,1,4.092006450236096,0.08531962834239169,0.1267742281994823,0.04386502848530109,0.02085031619084301,93,chr21,33197834,cg11606229,0.08531962834239169,9.674855779818445e-5,4.014355500158752,chr21,34570139,,21,33197834,NA,1
9.675998213770744e-5,0.044358266357699815,1,4.091973664790816,0.0541869502700867,0.08051519832050508,0.02785870221966833,0.013242252934405624,93,chr14,100223752,cg13152329,0.0541869502700867,9.675998213770744e-5,4.014304220482707,chr14,100690089,,14,100223752,NA,1
9.697472173332889e-5,0.04441615564281594,1,-4.091358098369934,-0.03276064804801785,-0.016840574375991707,-0.04868072172004399,0.008007279553718421,93,chr6,112038152,cg04637264,-0.03276064804801785,9.697472173332889e-5,4.0133414579238655,chr6,112359355,,6,112038152,NA,1
9.705929120192646e-5,0.04441615564281594,1,4.091116033288496,0.05294725395341811,0.07867855380345978,0.027215954103376436,0.012942007394216675,93,chr1,225825253,cg23096144,0.05294725395341811,9.705929120192646e-5,4.012962884545729,chr1,226012954,EPHX1;EPHX1,1,225825253,EPHX1,1
9.71124889807157e-5,0.04441615564281594,1,-4.090963867895264,-0.10481035583334286,-0.053872737643212654,-0.15574797402347307,0.025619966154153823,93,chr19,33259857,cg11575996,-0.10481035583334286,9.71124889807157e-5,4.0127249148229,chr19,33750763,,19,33259857,NA,1
9.72246396667487e-5,0.04441615564281594,1,4.090643337498833,0.041966426907481216,0.06236362253704779,0.021569231277914647,0.01025912636351743,93,chr22,30258844,cg23869896,0.041966426907481216,9.72246396667487e-5,4.012223657756565,chr22,30654833,,22,30258844,NA,1
9.724785500043583e-5,0.04441615564281594,1,4.090577031678236,0.03592202334511944,0.05338170405525433,0.018462342634984544,0.008781651846898908,93,chr9,137148679,cg02311901,0.03592202334511944,9.724785500043583e-5,4.012119969146194,chr9,140043131,GRIN1;GRIN1;GRIN1;GRIN1;GRIN1,9,137148679,GRIN1,1
9.727549265396778e-5,0.04441615564281594,1,4.090498114998267,0.06617167459137101,0.09833463459104683,0.03400871459169519,0.016176923379757884,93,chr19,6115908,cg20092999,0.06617167459137101,9.727549265396778e-5,4.011996561024267,chr19,6115908,,19,6115908,NA,1
9.732416751840311e-5,0.04441615564281594,1,4.090359180931764,0.03509976905372684,0.05216070668211671,0.01803883142533697,0.008581097038458926,93,chr11,12044122,cg13173415,0.03509976905372684,9.732416751840311e-5,4.011779302418021,chr11,12065669,,11,12044122,NA,1
9.740729362538029e-5,0.04441615564281594,1,4.090122065964428,0.039671708663668356,0.05895604594958284,0.020387371377753875,0.00969939479161094,93,chr8,101716015,cg15709375,0.039671708663668356,9.740729362538029e-5,4.011408522970847,chr8,101716015,PABPC1,8,101716015,PABPC1,1
9.746555556539535e-5,0.04441615564281594,1,4.089955991203563,0.027094308787347136,0.04026533224447302,0.013923285330221254,0.006624596657181639,93,chr5,153489633,cg21146273,0.027094308787347136,9.746555556539535e-5,4.011148837335702,chr5,152869193,GRIA1;GRIA1,5,153489633,GRIA1,1
9.74757465666325e-5,0.04441615564281594,1,4.089926951712171,0.05066853790315056,0.07529958661874978,0.026037489187551353,0.012388616838728411,93,chr16,615887,cg22250781,0.05066853790315056,9.74757465666325e-5,4.011103429866294,chr16,615887,NHLRC4,16,615887,NHLRC4,1
9.750304026886686e-5,0.04441615564281594,1,4.089849192046464,0.0423008750343773,0.0628646166888491,0.0217371333799055,0.010342893600243225,93,chr15,101255345,cg05638500,0.0423008750343773,9.750304026886686e-5,4.010981842235753,chr15,101795550,,15,101255345,NA,1
9.756117457973075e-5,0.04441922241065516,1,4.0896836372704755,0.04910749085536026,0.07298110182867386,0.02523387988204666,0.012007650275886727,93,chr16,68016287,cg23510407,0.04910749085536026,9.756117457973075e-5,4.010722979674165,chr16,68050190,LOC100131303,16,68016287,LOC100131303,1
9.763131057672447e-5,0.04442774739204718,1,4.089484030208223,0.023343125325632607,0.0346919416506977,0.011994309000567515,0.005708085703037714,93,chr15,39805987,cg04096150,0.023343125325632607,9.763131057672447e-5,4.010410880796346,chr15,40098188,GPR176,15,39805987,GPR176,1
9.7747698331569e-5,0.04445257505401486,1,4.089153094405356,0.06809358991412275,0.10120158961033573,0.034985590217909764,0.01665224762733539,93,chr18,36563520,cg17300987,0.06809358991412275,9.7747698331569e-5,4.009893460158873,chr18,34143483,FHOD3;FHOD3;FHOD3,18,36563520,FHOD3,1
9.778875149011083e-5,0.04445257505401486,1,-4.089036454560216,-0.096173467936717,-0.04941132809240328,-0.1429356077810307,0.023519836275722475,93,chr19,33274114,cg14491288,-0.096173467936717,9.778875149011083e-5,4.009711098655454,chr19,33765020,,19,33274114,NA,1
9.804755018949587e-5,0.044492784484832806,1,4.088302239332528,0.032345811194982615,0.04807604343436357,0.016615578955601663,0.007911795484147846,93,chr12,14217094,cg07913124,0.032345811194982615,9.804755018949587e-5,4.0085632531178215,chr12,14217094,,12,14217094,NA,1
9.806468942974282e-5,0.044492784484832806,1,4.088253680840757,0.028977214066333794,0.04306941655205084,0.014885011580616744,0.007087919764405268,93,chr8,33354080,cg08842441,0.028977214066333794,9.806468942974282e-5,4.008487342736127,chr8,33211598,,8,33354080,NA,1
9.808093443249767e-5,0.044492784484832806,1,4.088207663406843,0.016201053715453367,0.0240800409358969,0.008322066495009835,0.003962874454854007,93,chr17,63715318,cg11917087,0.016201053715453367,9.808093443249767e-5,4.008415405214075,chr17,61792678,STRADA;STRADA;STRADA;STRADA;STRADA;STRADA,17,63715318,STRADA,1
9.809054611358929e-5,0.044492784484832806,1,4.088180439718362,0.022389248210039372,0.03327778535830925,0.011500711061769498,0.005476580239100647,93,chr16,12186494,cg09554140,0.022389248210039372,9.809054611358929e-5,4.008372847549203,chr16,12280351,SNX29,16,12186494,SNX29,1
9.813464208622016e-5,0.044492784484832806,1,-4.088055577127809,-0.021430866314663552,-0.011008099587798503,-0.0318536330415286,0.005242312857625207,93,chr6,12128128,cg16659153,-0.021430866314663552,9.813464208622016e-5,4.008177657134702,chr6,12128361,HIVEP1,6,12128128,HIVEP1,1
9.82815546965171e-5,0.04453602624756405,1,4.087639966496741,0.025224772840418557,0.03749392942758169,0.012955616253255423,0.00617098693798053,93,chr22,20134578,cg23798065,0.025224772840418557,9.82815546965171e-5,4.007527982118921,chr22,20134578,,22,20134578,NA,1
9.839296533012611e-5,0.04455066111346211,1,-4.087325187422303,-0.028947852789288568,-0.01486673128523652,-0.04302897429334061,0.0070823463908299186,93,chr1,84302676,cg20466954,-0.028947852789288568,9.839296533012611e-5,4.007035950628816,chr1,84768359,SAMD13;SAMD13;SAMD13;SAMD13,1,84302676,SAMD13,1
9.846821574936058e-5,0.04455066111346211,1,4.087112768919081,0.061610061902912336,0.09158063907215774,0.03163948473366692,0.01507422608239076,93,chr9,131583958,cg16324526,0.061610061902912336,9.846821574936058e-5,4.0067039314542185,chr9,134459345,RAPGEF1;RAPGEF1;RAPGEF1,9,131583958,RAPGEF1,1
9.846851332486952e-5,0.04455066111346211,1,4.087111929226118,0.026578672551982933,0.03950802687866349,0.013649318225302378,0.006503044940346305,93,chr10,95442191,cg08667809,0.026578672551982933,9.846851332486952e-5,4.006702618998161,chr10,97201948,SORBS1;SORBS1;SORBS1;SORBS1;SORBS1;SORBS1;SORBS1,10,95442191,SORBS1,1
9.881491576917565e-5,0.04467633166399207,1,4.08613610657237,0.031659648027240424,0.04706435124758302,0.016254944806897827,0.00774806496932818,93,chr19,8303773,cg13816655,0.031659648027240424,9.881491576917565e-5,4.005177495216843,chr19,8368657,CD320;CD320,19,8303773,CD320,1
9.894474079343694e-5,0.04467633166399207,1,4.08577123320906,0.03418773814131069,0.050824025165477585,0.017551451117143787,0.008367511588371245,93,chr19,42529649,cg19776453,0.03418773814131069,9.894474079343694e-5,4.004607284884471,chr19,43033801,CEACAM1;CEACAM1,19,42529649,CEACAM1,1
9.894894040616866e-5,0.04467633166399207,1,4.085759437873542,0.08073109647425922,0.12001622158308922,0.04144597136542921,0.019759140914149414,93,chr20,4091783,cg09194810,0.08073109647425922,9.894894040616866e-5,4.0045888520712065,chr20,4072430,,20,4091783,NA,1
9.895307631629715e-5,0.04467633166399207,1,4.085747821927749,0.01975899176599892,0.029374080676193355,0.010143902855804488,0.004836077170488749,93,chr14,61328431,cg12573049,0.01975899176599892,9.895307631629715e-5,4.004570699624087,chr14,61795149,PRKCH,14,61328431,PRKCH,1
9.906303305479654e-5,0.044702620438834745,1,4.085439172883453,0.03762929029898627,0.055941778622481564,0.01931680197549097,0.009210586354765862,93,chr15,98844339,cg08702550,0.03762929029898627,9.906303305479654e-5,4.004088379172097,chr15,99387568,IGF1R;IGF1R,15,98844339,IGF1R,1
9.919651965597802e-5,0.04471673092636242,1,4.085064917362157,0.016837665302136606,0.025032552728698816,0.008642777875574395,0.004121761989772531,93,chr12,54337302,cg16784745,0.016837665302136606,9.919651965597802e-5,4.003503564949845,chr12,54731086,MIR148B;COPZ1,12,54337302,MIR148B,1
9.919779527888237e-5,0.04471673092636242,1,4.085061343240591,0.02634081846425407,0.039160899338054944,0.013520737590453198,0.0064480839456277205,93,chr4,42355612,cg06258022,0.02634081846425407,9.919779527888237e-5,4.0034979801528365,chr4,42357629,,4,42355612,NA,1
9.941327815579236e-5,0.04472404014726336,1,4.084458222310305,0.02141115910234139,0.0318335126800222,0.010988805524660585,0.0052421050570155,93,chr15,80904868,cg07376125,0.02141115910234139,9.941327815579236e-5,4.002555605093001,chr15,81197209,CEMIP;CEMIP;CEMIP,15,80904868,CEMIP,1
9.942088151477774e-5,0.04472404014726336,1,4.084436964004192,0.0385810477507502,0.05736132078384092,0.019800774717659474,0.00944586685772404,93,chr17,73292089,cg01675121,0.0385810477507502,9.942088151477774e-5,4.00252239050997,chr17,71288228,CDC42EP4,17,73292089,CDC42EP4,1
9.942275986453822e-5,0.04472404014726336,1,4.084431712548186,0.04876219889710094,0.07249842794724864,0.025025969846953242,0.011938551634317639,93,chr2,73269949,cg23579199,0.04876219889710094,9.942275986453822e-5,4.002514185500945,chr2,73497077,FBXO41,2,73269949,FBXO41,1
9.946997473866826e-5,0.04472404014726336,1,4.084299741359433,0.03091011307662576,0.045956875679567404,0.015863350473684118,0.0075680324741145295,93,chr11,57424192,cg22257336,0.03091011307662576,9.946997473866826e-5,4.002307992351411,chr11,57191665,SLC43A3;SLC43A3;SLC43A3,11,57424192,SLC43A3,1
9.947278391190459e-5,0.04472404014726336,1,4.084291891282777,0.055616587626749626,0.08269028991860579,0.028542885334893468,0.013617192185860596,93,chr13,73618332,cg25462669,0.055616587626749626,9.947278391190459e-5,4.002295727432158,chr13,74192469,,13,73618332,NA,1
9.957616775071825e-5,0.04474724103698319,1,4.084003138984862,0.04315781434978821,0.06416817258590038,0.02214745611367604,0.010567527222938352,93,chr2,119441765,cg11450736,0.04315781434978821,9.957616775071825e-5,4.001844591825796,chr2,120199341,SCTR,2,119441765,SCTR,1
9.963243577537154e-5,0.04474925604997863,1,4.0838461027127915,0.07476329102411641,0.11116142547913835,0.03836515656909448,0.018307078460780665,93,chr4,10536272,cg12969026,0.07476329102411641,9.963243577537154e-5,4.001599252088135,chr4,10537896,CLNK,4,10536272,CLNK,1
9.994635547408854e-5,0.044866931415919256,1,4.082971556587937,0.011240558753430442,0.016714140740040264,0.005766976766820622,0.002753033813153469,93,chr15,67254054,cg11866006,0.011240558753430442,9.994635547408854e-5,4.000233037727459,chr15,67546392,IQCH;IQCH;IQCH;IQCH;IQCH;AAGAB;AAGAB;AAGAB,15,67254054,IQCH,1
1.0016034671374947e-4,0.044897480474499284,1,4.082376911278725,0.030299451313308433,0.04505589643426122,0.015543006192355645,0.007422012217832605,93,chr8,142188198,cg00989157,0.030299451313308433,1.0016034671374947e-4,3.999304180782931,chr8,142188198,DENND3,8,142188198,DENND3,1
1.0019294046110098e-4,0.044897480474499284,1,4.08228644589639,0.03415197098543413,0.05078503963195759,0.01751890233891067,0.008365892849034268,93,chr8,141210230,cg12144681,0.03415197098543413,1.0019294046110098e-4,3.999162877538609,chr8,142220329,,8,141210230,NA,1
1.002369367289731e-4,0.044897480474499284,1,4.082164377135877,0.04804608109892886,0.07144671184177778,0.024645450356079943,0.011769756594818676,93,chr1,116775281,cg17908602,0.04804608109892886,1.002369367289731e-4,3.998972213981499,chr1,117317903,,1,116775281,NA,1
1.0027418476816997e-4,0.044897480474499284,1,4.082061071728336,0.042438927582842165,0.06310914216150709,0.02176871300417723,0.010396446020067411,93,chr15,98688979,cg24122407,0.042438927582842165,1.0027418476816997e-4,3.9988108601578287,chr15,99232208,IGF1R,15,98688979,IGF1R,1
1.0034544571996051e-4,0.044906119942928695,1,4.081863536031124,0.0296396212450206,0.04407653128726031,0.015202711202780892,0.0072612964601554975,93,chr6,30646620,cg13253439,0.0296396212450206,1.0034544571996051e-4,3.9985023336256633,chr6,30614397,C6orf136;C6orf136;C6orf136,6,30646620,C6orf136,1
1.0048433209602007e-4,0.04494499821399583,1,4.081478929246155,0.07099871289119611,0.10558412850291618,0.03641329727947603,0.017395339807452954,93,chr11,57390159,cg12819873,0.07099871289119611,1.0048433209602007e-4,3.9979016498325928,chr11,57157632,PRG2,11,57390159,PRG2,1
1.0063709600573398e-4,0.044990040241876375,1,4.081056481756427,0.019879800898744793,0.029564798269860144,0.010194803527629444,0.004871238853863845,93,chr2,36512285,cg07935966,0.019879800898744793,1.0063709600573398e-4,3.9972419037636864,chr2,36739428,CRIM1;CRIM1,2,36512285,CRIM1,1
1.0071604886039467e-4,0.04499167175298133,1,4.080838389907743,0.062526839768043,0.09299015503978748,0.032063524496298526,0.015322057330836024,93,chr21,26141286,cg02287134,0.062526839768043,1.0071604886039467e-4,3.9969013201498593,chr21,27513604,APP;APP;APP;APP;APP;APP;APP;APP;APP;APP,21,26141286,APP,1
1.0079111605273222e-4,0.04499167175298133,1,4.080631183675263,0.06179617080166062,0.09190503015044885,0.03168731145287238,0.015143777523653403,93,chr10,110640695,cg15108537,0.06179617080166062,1.0079111605273222e-4,3.9965777458598204,chr10,112400453,,10,110640695,NA,1
1.0079693909609867e-4,0.04499167175298133,1,4.080615116658989,0.03996360657917162,0.05943509375490101,0.020492119403442227,0.00979352510263009,93,chr9,97467165,cg11585835,0.03996360657917162,1.0079693909609867e-4,3.9965526559247966,chr9,100229447,TDRD7;TDRD7,9,97467165,TDRD7,1
1.0101941676520567e-4,0.04500889529896447,1,4.080001920162069,0.024632758826052054,0.036636393501138266,0.01262912415096584,0.006037438047351108,93,chr1,228466401,cg24157994,0.024632758826052054,1.0101941676520567e-4,3.9955951432121473,chr1,228654102,,1,228466401,NA,1
1.0102652252613601e-4,0.04500889529896447,1,4.079982356533069,0.04526937967888167,0.06732942196137913,0.02320933739638421,0.011095484176884763,93,chr1,85417982,cg00308936,0.04526937967888167,1.0102652252613601e-4,3.995564595775521,chr1,85883665,DDAH1;DDAH1,1,85417982,DDAH1,1
1.0109000370245579e-4,0.04500889529896447,1,4.079807638350158,0.04017525958915031,0.05975374478265832,0.020596774395642302,0.009847341627458902,93,chr6,33633400,cg17865955,0.04017525958915031,1.0109000370245579e-4,3.9952917875494802,chr6,33601177,ITPR3,6,33633400,ITPR3,1
1.0111422086842185e-4,0.04500889529896447,1,4.079741013615121,0.06345339403146494,0.09437644558398385,0.032530342478946025,0.015553289735722198,93,chr19,51408754,cg21281480,0.06345339403146494,1.0111422086842185e-4,3.9951877602313663,chr19,51912008,,19,51408754,NA,1
1.0115601472126618e-4,0.04500889529896447,1,4.079626069050484,0.04269235139528154,0.06349840912648706,0.021886293664076018,0.010464770710031768,93,chr12,94225860,cg06595153,0.04269235139528154,1.0115601472126618e-4,3.995008289041518,chr12,94619636,PLXNC1,12,94225860,PLXNC1,1
1.0122802520248105e-4,0.04500889529896447,1,4.079428127424095,0.010384696599953213,0.015445909528823031,0.005323483671083393,0.0025456255817186075,93,chr1,167051562,cg05952945,0.010384696599953213,1.0122802520248105e-4,3.994699235462369,chr1,167020799,,1,167051562,NA,1
1.0123880401139213e-4,0.04500889529896447,1,4.0793985103889465,0.05092614512149656,0.07574631515867988,0.026105975084313233,0.012483738715843445,93,chr9,100205067,cg09639948,0.05092614512149656,1.0123880401139213e-4,3.9946529940384856,chr9,102967349,INVS;INVS;INVS,9,100205067,INVS,1
1.0125220153536291e-4,0.04500889529896447,1,4.07936170210705,0.024104262987447195,0.035852203122696255,0.012356322852198134,0.005908832005506398,93,chr7,143686493,cg05834735,0.024104262987447195,1.0125220153536291e-4,3.9945955251082044,chr7,143686493,,7,143686493,NA,1
1.0159075031556339e-4,0.04511032109015673,1,4.078433124334667,0.03298176282367944,0.04906008034302144,0.016903445304337447,0.00808687106499016,93,chr9,134492444,cg07922540,0.03298176282367944,1.0159075031556339e-4,3.993145832108984,chr9,137384290,,9,134492444,NA,1
1.016098586597357e-4,0.04511032109015673,1,4.078380802267618,0.06336375457131445,0.09425342049830249,0.03247408864432641,0.015536497851324627,93,chr6,36889247,cg04492641,0.06336375457131445,1.016098586597357e-4,3.9930641527429755,chr6,36857023,C6orf89;C6orf89;C6orf89;C6orf89,6,36889247,C6orf89,1
1.0180156630743586e-4,0.04515050074475477,1,4.07785639478369,0.0248524992364466,0.03696958616553597,0.012735412307357226,0.006094500843197275,93,chr6,33287695,cg15299536,0.0248524992364466,1.0180156630743586e-4,3.99224553994186,chr6,33255472,WDR46;WDR46,6,33287695,WDR46,1
1.0189776458197899e-4,0.04515050074475477,1,-4.077593606083395,-0.013462800676084461,-0.006898453252336245,-0.02002714809983268,0.0033016533712430783,93,chr19,17850757,cg25276752,-0.013462800676084461,1.0189776458197899e-4,3.9918353433768923,chr19,17961566,,19,17850757,NA,1
1.0191941306569439e-4,0.04515050074475477,1,4.077534500892891,0.036900542880480294,0.05489319541942807,0.018907890341532518,0.009049719351828876,93,chr5,134136992,cg19526866,0.036900542880480294,1.0191941306569439e-4,3.9917430860199508,chr5,133472683,TCF7;TCF7;TCF7;TCF7;TCF7;TCF7,5,134136992,TCF7,1
1.0193649607131217e-4,0.04515050074475477,1,4.077487868986885,0.05203642049102736,0.0774095957291763,0.02666324525287841,0.012761882355754652,93,chr5,180694395,cg27576218,0.05203642049102736,1.0193649607131217e-4,3.9916702987740678,chr5,180694395,TRIM52-AS1,5,180694395,TRIM52-AS1,1
1.0212608240493882e-4,0.045190406070128475,1,-4.076970853697262,-0.02197156035243445,-0.011256777458063348,-0.032686343246805555,0.005389187497504234,93,chr10,68560017,cg22876739,-0.02197156035243445,1.0212608240493882e-4,3.9908633274729826,chr10,70319774,TET1,10,68560017,TET1,1
1.0213117953202784e-4,0.045190406070128475,1,4.076956966200634,0.039623931905873606,0.05894724200238014,0.02030062180936707,0.009718996848475353,93,chr16,4405270,cg05422948,0.039623931905873606,1.0213117953202784e-4,3.990841652315411,chr16,4455271,CORO7-PAM16;CORO7;CORO7;CORO7,16,4405270,CORO7-PAM16,1
1.0229496634767063e-4,0.04522143878955899,1,4.076511070985494,0.07530455197255578,0.11203216339861004,0.03857694054650153,0.01847279466711983,93,chr8,8889942,cg21002223,0.07530455197255578,1.0229496634767063e-4,3.990145736192192,chr8,8747452,MFHAS1,8,8889942,MFHAS1,1
1.0234636596470036e-4,0.04522143878955899,1,4.076371281385756,0.06931647007899058,0.10312472754837407,0.035508212609607105,0.017004454524423628,93,chr13,113046504,cg08890338,0.06931647007899058,1.0234636596470036e-4,3.9899275733189823,chr13,113700818,MCF2L;MCF2L,13,113046504,MCF2L,1
1.0238144398266561e-4,0.04522143878955899,1,4.076275919725729,0.03274451818555138,0.048715628638639,0.016773407732463757,0.008032949395573443,93,chr2,230076385,cg09352282,0.03274451818555138,1.0238144398266561e-4,3.989778749475349,chr2,230941101,,2,230076385,NA,1
1.0242318057757055e-4,0.04522143878955899,1,4.076162497201526,0.04150344207905421,0.06174727337864801,0.02125961077946041,0.010181989090854018,93,chr19,5966516,cg06500646,0.04150344207905421,1.0242318057757055e-4,3.9896017420161622,chr19,5966527,RANBP3;RANBP3;RANBP3;RANBP3,19,5966516,RANBP3,1
1.024761737280407e-4,0.04522143878955899,1,4.076018548032251,0.019288024405596765,0.028696335674881526,0.009879713136312005,0.004732074738695265,93,chr1,147421381,cg25627917,0.019288024405596765,1.024761737280407e-4,3.9893770987182955,chr1,146893108,LINC00624,1,147421381,LINC00624,1
1.0251529660146139e-4,0.04522143878955899,1,-4.075912321574985,-0.07239626729642096,-0.037081900481932835,-0.10771063411090909,0.017761978566910412,93,chr12,62785911,cg03919488,-0.07239626729642096,1.0251529660146139e-4,3.989211327447698,chr12,63179691,PPM1H,12,62785911,PPM1H,1
1.0262357162786846e-4,0.04524336545786549,1,4.075618535985141,0.039283467160660064,0.058447034847937444,0.020119899473382684,0.009638651609273985,93,chr9,97676009,cg11845767,0.039283467160660064,1.0262357162786846e-4,3.9887528745833616,chr9,100438291,XPA;XPA,9,97676009,XPA,1
1.0271239941722929e-4,0.04524336545786549,1,4.075377739312543,0.061401812352759995,0.09135709372337174,0.03144653098214825,0.015066532792888441,93,chr6,135157459,cg16437184,0.061401812352759995,1.0271239941722929e-4,3.9883771253079745,chr6,135157459,,6,135157459,NA,1
1.0272207091846352e-4,0.04524336545786549,1,4.0753515336304185,0.027338857254773235,0.04067638584029397,0.014001328669252498,0.006708343324292112,93,chr19,12832062,cg27531867,0.027338857254773235,1.0272207091846352e-4,3.9883362336346933,chr19,12942876,RTBDN;RTBDN;RTBDN;RTBDN;RTBDN;RTBDN;RTBDN,19,12832062,RTBDN,1
1.0285069037715512e-4,0.04527144637088417,1,4.075003254348975,0.021197908733517536,0.03154039946050518,0.010855418006529892,0.005201936639165733,93,chr11,102204133,cg08447142,0.021197908733517536,1.0285069037715512e-4,3.9877927887919835,chr11,102074864,YAP1;YAP1,11,102204133,YAP1,1
1.0292600186054676e-4,0.04527144637088417,1,4.074799517967739,0.03073067072782877,0.045724959661509225,0.015736381794148317,0.007541639924203031,93,chr17,46057641,cg22192454,0.03073067072782877,1.0292600186054676e-4,3.98747489697668,chr17,44135007,KIAA1267,17,46057641,KIAA1267,1
1.0302696163818203e-4,0.04527144637088417,1,4.074526621027198,0.015982269874624956,0.02378095493549138,0.008183584813758535,0.003922485078915937,93,chr3,59407777,cg19411557,0.015982269874624956,1.0302696163818203e-4,3.9870491077373464,chr3,59393503,,3,59407777,NA,1
1.0302881888352855e-4,0.04527144637088417,1,4.07452160325009,0.025884746177690553,0.038515444664402695,0.013254047690978413,0.006352830761050152,93,chr3,148941079,cg16193896,0.025884746177690553,1.0302881888352855e-4,3.98704127887272,chr3,148658866,,3,148941079,NA,1
1.0310796377279996e-4,0.04527487454786211,1,4.074307855741619,0.038183644595354865,0.0568166804585902,0.019550608732119532,0.009371811347428127,93,chr19,12887621,cg11896104,0.038183644595354865,1.0310796377279996e-4,3.9867077897212213,chr19,12998435,KLF1,19,12887621,KLF1,1
1.031823337569451e-4,0.045284520101945974,1,4.0741071474171,0.04341760998438463,0.06460578485551992,0.02222943511324935,0.010656963210187172,93,chr1,151748383,cg05254579,0.04341760998438463,1.031823337569451e-4,3.986394653567757,chr1,151720859,,1,151748383,NA,1
1.0328127347067978e-4,0.04530493351890095,1,4.073840346008942,0.01429778001393603,0.021275679154943265,0.007319880872928794,0.003509656441972075,93,chr16,56748338,cg01429989,0.01429778001393603,1.0328127347067978e-4,3.985978415804771,chr16,56782250,NUP93,16,56748338,NUP93,1
1.0348531951807537e-4,0.04532219851390042,1,4.0732908884390255,0.02234001886747127,0.03324432892571574,0.011435708809226808,0.005484513500098308,93,chr3,52905002,cg03172807,0.02234001886747127,1.0348531951807537e-4,3.9851212550814292,chr3,52939018,SFMBT1;SFMBT1;SFMBT1,3,52905002,SFMBT1,1
1.035016168939676e-4,0.04532219851390042,1,4.073247047553819,0.023494717499678554,0.03496276698132801,0.012026668018029096,0.005768056104966249,93,chr20,50905490,cg21230719,0.023494717499678554,1.035016168939676e-4,3.9850528656404642,chr20,49522027,ADNP;ADNP;ADNP;ADNP,20,50905490,ADNP,1
1.0356776435931012e-4,0.04532219851390042,1,4.0730691750711125,0.021784487132435342,0.032418217303851346,0.01115075696101934,0.005348420612585104,93,chr3,55351829,cg27270893,0.021784487132435342,1.0356776435931012e-4,3.984775398445716,chr3,55385857,,3,55351829,NA,1
1.0357333048104397e-4,0.04532219851390042,1,4.0730542125825115,0.07086484083955813,0.10545644539576424,0.036273236283352016,0.0173984526453495,93,chr3,171192808,cg14924866,0.07086484083955813,1.0357333048104397e-4,3.9847520584517175,chr3,170910597,TNIK;TNIK;TNIK;TNIK;TNIK;TNIK;TNIK;TNIK,3,171192808,TNIK,1
1.0358486952878075e-4,0.04532219851390042,1,4.07302319651992,0.03543838137528821,0.05273722513368158,0.018139537616894838,0.00870075608839339,93,chr1,200144773,cg09999490,0.03543838137528821,1.0358486952878075e-4,3.9847036766375923,chr1,200113901,NR5A2;NR5A2;NR5A2,1,200144773,NR5A2,1
1.0363531446257978e-4,0.04532219851390042,1,4.072887643408999,0.0765858669931775,0.11397163319120009,0.039200100795154916,0.018803825123217807,93,chr14,38663970,cg11900186,0.0765858669931775,1.0363531446257978e-4,3.9844922304705284,chr14,38663970,,14,38663970,NA,1
1.0382041050952164e-4,0.045378083842295275,1,-4.072390804737843,-0.08435141131431623,-0.04316983299898954,-0.1255329896296429,0.020712995230266533,93,chr1,232590997,cg01488842,-0.08435141131431623,1.0382041050952164e-4,3.9837172582382565,chr1,232726743,,1,232590997,NA,1
1.0386812718139872e-4,0.045378083842295275,1,4.072262860560755,0.011416236144918789,0.01698998276715348,0.005842489522684096,0.002803413368887184,93,chr15,38708412,cg17374034,0.011416236144918789,1.0386812718139872e-4,3.9835176989569785,chr15,39000613,,15,38708412,NA,1
1.0397838123714649e-4,0.04540329767703012,1,-4.071967448724455,-0.019580026508979272,-0.010019780674916625,-0.02914027234304192,0.004808492885942083,93,chr2,202635351,cg04047127,-0.019580026508979272,1.0397838123714649e-4,3.983056948060808,chr2,203500074,FAM117B,2,202635351,FAM117B,1
1.0410890704796713e-4,0.04541841236467243,1,4.071618109876424,0.06911903006036936,0.10287034363079015,0.035367716489948575,0.016975813594283073,93,chr8,85961283,cg22589055,0.06911903006036936,1.0410890704796713e-4,3.98251211279204,chr8,86973512,,8,85961283,NA,1
1.0411811220064998e-4,0.04541841236467243,1,4.0715934891153065,0.033054496558106765,0.049195339730476476,0.01691365338573705,0.008118319435983033,93,chr16,70396619,cg19486730,0.033054496558106765,1.0411811220064998e-4,3.982473714825894,chr16,70430522,ST3GAL2,16,70396619,ST3GAL2,1
1.044567561676199e-4,0.04554314568908228,1,4.070689177556865,0.04750168942289145,0.07070239513627963,0.02430098370950328,0.011669200803830689,93,chr20,39577289,cg25682933,0.04750168942289145,1.044567561676199e-4,3.9810634650046444,chr20,39577289,,20,39577289,NA,1
1.0466640164801979e-4,0.04561153823345416,1,-4.0701307521391374,-0.09637375139318735,-0.04929656646597578,-0.14345093632039893,0.02367829371145785,93,chr15,58526382,cg07680037,-0.09637375139318735,1.0466640164801979e-4,3.9801927062924505,chr15,58818581,LIPC,15,58526382,LIPC,1
1.0487401916932131e-4,0.0456130334027816,1,4.069578786043891,0.07159062325037968,0.10656635139624085,0.036614895104518506,0.0175916543244944,93,chr6,138098613,cg18341600,0.07159062325037968,1.0487401916932131e-4,3.9793320878685434,chr6,138098613,,6,138098613,NA,1
1.0489951352332399e-4,0.0456130334027816,1,4.069511079818928,0.03436738548701088,0.0511579130156659,0.017576857958355865,0.008445089548334651,93,chr15,66966687,cg26933525,0.03436738548701088,1.0489951352332399e-4,3.979226525863886,chr15,67259025,,15,66966687,NA,1
1.0494394716827722e-4,0.0456130334027816,1,4.069393113632271,0.033370150205552326,0.049673941143643305,0.01706635926746135,0.008200276865305525,93,chr6,16347397,cg06925530,0.033370150205552326,1.0494394716827722e-4,3.9790426050779932,chr6,16347397,ATXN1;ATXN1,6,16347397,ATXN1,1
1.0497796902008675e-4,0.0456130334027816,1,4.069302821967522,0.03419145391717066,0.05089688323286405,0.01748602460147727,0.008402287913446308,93,chr13,102571499,cg16925894,0.03419145391717066,1.0497796902008675e-4,3.9789018336625768,chr13,103223849,,13,102571499,NA,1
1.0506220415275005e-4,0.0456130334027816,1,4.0690793885459025,0.04034168218673605,0.06005310268242006,0.020630261691052035,0.009914203763213442,93,chr12,66694521,cg16087946,0.04034168218673605,1.0506220415275005e-4,3.978553492155267,chr12,67088301,,12,66694521,NA,1
1.0513789128909974e-4,0.0456130334027816,1,4.068878775326246,0.041627992953743635,0.06196892286820316,0.021287063039284116,0.01023082653781099,93,chr15,38552547,cg14702629,0.041627992953743635,1.0513789128909974e-4,3.9782407377103253,chr15,38844748,RASGRP1;RASGRP1;RASGRP1,15,38552547,RASGRP1,1
1.0514478428213049e-4,0.0456130334027816,1,-4.068860511931906,-0.01921414537400792,-0.009825382885748635,-0.028602907862267206,0.004722242337298753,93,chr11,74748677,cg20145276,-0.01921414537400792,1.0514478428213049e-4,3.9782122656659213,chr11,74459722,RNF169,11,74748677,RNF169,1
1.051622924235551e-4,0.0456130334027816,1,4.06881412823971,0.05075061527575325,0.07554957955566641,0.025951650995840098,0.01247307290925808,93,chr13,29764496,cg06588466,0.05075061527575325,1.051622924235551e-4,3.9781399553153065,chr13,30338633,UBL3,13,29764496,UBL3,1
1.0517177940401004e-4,0.0456130334027816,1,4.068788997819532,0.07241329266295701,0.10779780455081303,0.03702878077510099,0.017797259258654937,93,chr5,32278602,cg06726471,0.07241329266295701,1.0517177940401004e-4,3.9781007781793485,chr5,32278708,MTMR12;MTMR12;MTMR12,5,32278602,MTMR12,1
1.051976684330346e-4,0.0456130334027816,1,4.068720430467767,0.018874036397681863,0.028096926222446864,0.009651146572916863,0.004638813779474148,93,chr5,179800606,cg22205567,0.018874036397681863,1.051976684330346e-4,3.9779938856374937,chr5,179227606,MGAT4B;MGAT4B;MGAT4B;MGAT4B,5,179800606,MGAT4B,1
1.052951470664723e-4,0.04563240317341333,1,4.0684624026123615,0.029325840382618016,0.04365696398060351,0.01499471678463252,0.007208089317425641,93,chr8,56805218,cg21441674,0.029325840382618016,1.052951470664723e-4,3.9775916444918153,chr8,56805218,LYN;LYN,8,56805218,LYN,1
1.0542340918515819e-4,0.04564375186308716,1,4.068123239502324,0.07941491787962618,0.11822710104808738,0.040602734711164976,0.01952126649175492,93,chr11,60856445,cg25087851,0.07941491787962618,1.0542340918515819e-4,3.9770629436668585,chr11,60623918,GPR44,11,60856445,GPR44,1
1.0566568836562119e-4,0.04564375186308716,1,4.067483661127879,0.05786135184303703,0.0861441804089527,0.02957852327712135,0.014225343397444048,93,chr11,30853197,cg06941483,0.05786135184303703,1.0566568836562119e-4,3.976066013379316,chr11,30874744,,11,30853197,NA,1
1.0573082355625122e-4,0.04564375186308716,1,4.067311954783583,0.0251474639262926,0.0374401500514749,0.012854777801110301,0.006182821530745032,93,chr6,14722391,cg23922154,0.0251474639262926,1.0573082355625122e-4,3.975798384982742,chr6,14722622,,6,14722391,NA,1
1.0586673604276118e-4,0.04564375186308716,1,4.066953995479704,0.02945908259929517,0.04386065925681366,0.015057505941776685,0.007243524916199702,93,chr6,63576310,cg24816178,0.02945908259929517,1.0586673604276118e-4,3.975240476364681,chr6,64286215,PTP4A1,6,63576310,PTP4A1,1
1.0591099227417444e-4,0.04564375186308716,1,4.066837530926694,0.021316110365631784,0.03173715412262216,0.01089506660864141,0.005241446259785688,93,chr22,17476232,cg27103585,0.021316110365631784,1.0591099227417444e-4,3.975058963062738,chr22,17955274,CECR2,22,17476232,CECR2,1
1.0595186753515507e-4,0.04564375186308716,1,4.06673000522657,0.04289003487502674,0.06385871725882626,0.021921352491227217,0.010546565623954472,93,chr3,50320023,cg03809859,0.04289003487502674,1.0595186753515507e-4,3.974891383898306,chr3,50357454,HYAL2;HYAL2,3,50320023,HYAL2,1
1.059529183501367e-4,0.04564375186308716,1,4.066727241497423,0.03861538745252618,0.05749423302251706,0.019736541882535295,0.009495445639552525,93,chr10,5445164,cg01808470,0.03861538745252618,1.059529183501367e-4,3.9748870766511044,chr10,5487127,NET1;NET1;NET1,10,5445164,NET1,1
1.0596991693495384e-4,0.04564375186308716,1,-4.066682537488285,-0.07145169655077928,-0.036518980287072185,-0.10638441281448638,0.017570020745929716,93,chr10,98316380,cg03318895,-0.07145169655077928,1.0596991693495384e-4,3.974817406088306,chr10,100076137,,10,98316380,NA,1
1.0603645036758082e-4,0.04564375186308716,1,4.066507629631789,0.035517132075631806,0.05288219578123807,0.018152068370025545,0.008734062569273424,93,chr2,207679787,cg04090028,0.035517132075631806,1.0603645036758082e-4,3.974544818958323,chr2,208544511,,2,207679787,NA,1
1.061063809730064e-4,0.04564375186308716,1,4.066323904591231,0.05346497995462696,0.07960630040364455,0.02732365950560936,0.013148234427233004,93,chr16,84566862,cg06701800,0.05346497995462696,1.061063809730064e-4,3.9742584979267743,chr16,84600468,COTL1,16,84566862,COTL1,1
1.0612130326780884e-4,0.04564375186308716,1,4.066284715074383,0.040157977175460276,0.059793122803092597,0.020522831547827955,0.009875839984000155,93,chr4,10093121,cg10874468,0.040157977175460276,1.0612130326780884e-4,3.9741974251188235,chr4,10094745,WDR1;WDR1,4,10093121,WDR1,1
1.0617729134438702e-4,0.04564375186308716,1,4.0661377241414485,0.06021835891715233,0.08966304397359902,0.03077367386070565,0.014809719444480262,93,chr4,18012314,cg11265882,0.06021835891715233,1.0617729134438702e-4,3.9739683580040044,chr4,18013937,LCORL;LCORL,4,18012314,LCORL,1
1.0618277402844398e-4,0.04564375186308716,1,4.066123333919675,0.029471475432095655,0.043882053849772,0.015060897014419308,0.00724805250894484,93,chr3,108117915,cg00554871,0.029471475432095655,1.0618277402844398e-4,3.97394593288911,chr3,107836762,,3,108117915,NA,1
1.0624796718524658e-4,0.04564375186308716,1,4.065952278225999,0.0498341651191744,0.07420245160991343,0.025465878628435377,0.01225645598106168,93,chr11,122307119,cg01385043,0.0498341651191744,1.0624796718524658e-4,3.973679370441657,chr11,122177827,,11,122307119,NA,1
1.0625060189901305e-4,0.04564375186308716,1,4.065945367306569,0.04380107981542555,0.06521929908706527,0.022382860543785837,0.010772668065739649,93,chr10,121500841,cg13734061,0.04380107981542555,1.0625060189901305e-4,3.97366860103596,chr10,123260355,FGFR2;FGFR2;FGFR2;FGFR2;FGFR2;FGFR2;FGFR2;FGFR2;FGFR2,10,121500841,FGFR2,1
1.0629789574631382e-4,0.04564375186308716,1,4.065821342352007,0.050551535180704,0.07527140275687866,0.025831667604529342,0.012433289838421877,93,chr5,142634631,cg21908199,0.050551535180704,1.0629789574631382e-4,3.973475332605675,chr5,142014196,FGF1;FGF1;FGF1;FGF1;FGF1;FGF1;FGF1;FGF1;FGF1;FGF1;FGF1,5,142634631,FGF1,1
1.063202171598262e-4,0.04564375186308716,1,4.065762824339561,0.04715525683091906,0.07021466496916806,0.024095848692670067,0.011598132716602554,93,chr14,75699247,cg11784681,0.04715525683091906,1.063202171598262e-4,3.9733841450147422,chr14,76165590,TTLL5,14,75699247,TTLL5,1
1.063310068471836e-4,0.04564375186308716,1,4.065734542229967,0.07517495396205545,0.1119365394184465,0.0384133685056644,0.018489882500007892,93,chr5,132056135,cg08098550,0.07517495396205545,1.063310068471836e-4,3.9733400737736133,chr5,131391828,,5,132056135,NA,1
1.0634639965251838e-4,0.04564375186308716,1,4.065694199119494,0.02152515599675081,0.03205135750189917,0.01099895449160245,0.005294337188815752,93,chr4,89359151,cg00829641,0.02152515599675081,1.0634639965251838e-4,3.9732772085117163,chr4,90280302,,4,89359151,NA,1
1.0637771624929127e-4,0.04564375186308716,1,4.065612138537268,0.04822430315204955,0.07180736003257902,0.024641246271520072,0.011861511012066134,93,chrX,108036083,cg10996743,0.04822430315204955,1.0637771624929127e-4,3.9731493374876807,chrX,107279313,,23,108036083,NA,1
1.064828640221571e-4,0.04566619350395786,1,4.065336783688972,0.031038452094860954,0.04621816672479502,0.015858737464926886,0.007634903021908067,93,chr6,89416528,cg05854509,0.031038452094860954,1.064828640221571e-4,3.9727202763510805,chr6,90126247,,6,89416528,NA,1
1.0661297800072044e-4,0.0456993145661104,1,4.064996409976641,0.063200799462515,0.09411247083323243,0.03228912809179757,0.015547565874204099,93,chr3,179812144,cg19325597,0.063200799462515,1.0661297800072044e-4,3.9721899254123247,chr3,179529932,PEX5L;PEX5L;PEX5L;PEX5L;PEX5L;PEX5L;PEX5L;PEX5L,3,179812144,PEX5L,1
1.0668128989634196e-4,0.04570592465369544,1,4.064817868032306,0.04284897796739055,0.06380744234143279,0.02189051359334832,0.010541426297196645,93,chr16,3013679,cg07744912,0.04284897796739055,1.0668128989634196e-4,3.9719117418434586,chr16,3063680,CLDN9,16,3013679,CLDN9,1
1.0690841456425922e-4,0.04578053531344586,1,4.064225036620927,0.01651819586489661,0.024598820751180125,0.008437570978613093,0.00406429164626921,93,chr21,45296920,cg04595021,0.01651819586489661,1.0690841456425922e-4,3.970988110927741,chr21,46716835,LOC642852,21,45296920,LOC642852,1
1.0698967177368399e-4,0.045788330950318715,1,4.064013236075229,0.037541058907188084,0.05590692809997199,0.019175189714404177,0.009237435196801402,93,chr4,86357182,cg27338511,0.037541058907188084,1.0698967177368399e-4,3.9706581448212663,chr4,87278335,MAPK10;MAPK10;MAPK10,4,86357182,MAPK10,1
1.0703259208986821e-4,0.045788330950318715,1,4.063901424679443,0.049470029318094424,0.07367246556701632,0.02526759306917254,0.012173038700611833,93,chr17,2939912,cg02909097,0.049470029318094424,1.0703259208986821e-4,3.970483956805555,chr17,2843206,RAP1GAP2;RAP1GAP2,17,2939912,RAP1GAP2,1
1.0713671755319847e-4,0.0458101973018464,1,4.063630347008407,0.07988570916036464,0.11897114705999326,0.04080027126073601,0.01965870473902123,93,chr2,189370928,cg13914982,0.07988570916036464,1.0713671755319847e-4,3.9700616636414376,chr2,190235654,,2,189370928,NA,1
1.073309699275578e-4,0.04587056000239314,1,4.063125310579162,0.03585208420614517,0.05339550471241485,0.018308663699875487,0.008823770242280512,93,chr14,56807812,cg25460386,0.03585208420614517,1.073309699275578e-4,3.9692749459932797,chr14,56807812,,14,56807812,NA,1
1.0744394449764974e-4,0.04588613599614978,1,4.062831991632703,0.062128641413102426,0.09253210596857969,0.03172517685762516,0.015291954366081283,93,chr7,50317537,cg25437822,0.062128641413102426,1.0744394449764974e-4,3.9688180561647557,chr7,50357133,IKZF1;IKZF1;IKZF1;IKZF1;IKZF1;IKZF1;IKZF1;IKZF1,7,50317537,IKZF1,1
1.0749028430431681e-4,0.04588613599614978,1,4.062711763963001,0.03324534875558763,0.049514877129673,0.016975820381502256,0.008183043909361224,93,chr6,4056587,cg23122958,0.03324534875558763,1.0749028430431681e-4,3.9686307884340457,chr6,4056587,PRPF4B,6,4056587,PRPF4B,1
1.0756331748676758e-4,0.04588613599614978,1,-4.0625223818598215,-0.08504896622672242,-0.043425968571820926,-0.1266719638816239,0.020935014809145995,93,chr19,51754393,cg03060184,-0.08504896622672242,1.0756331748676758e-4,3.968335811655332,chr19,52257646,,19,51754393,NA,1
1.0759729220745968e-4,0.04588613599614978,1,-4.062434324193565,-0.055480158398156426,-0.028327558421208935,-0.08263275837510392,0.013656875156786643,93,chr8,26635959,cg08705258,-0.055480158398156426,1.0759729220745968e-4,3.9681986579833435,chr8,26493475,DPYSL2;DPYSL2;DPYSL2,8,26635959,DPYSL2,1
1.0767329010141714e-4,0.04588613599614978,1,4.06223744501542,0.023855349765409126,0.03553098626522048,0.012179713265597773,0.005872465627207711,93,chr3,184943639,cg11644349,0.023855349765409126,1.0767329010141714e-4,3.967892016295481,chr3,184661427,VPS8;VPS8,3,184943639,VPS8,1
1.077486154961998e-4,0.04588613599614978,1,4.06204243960824,0.0799409930445651,0.11906876912268463,0.04081321696644557,0.019679999466542974,93,chr8,132825230,cg17090901,0.0799409930445651,1.077486154961998e-4,3.967588301549817,chr8,133837475,PHF20L1;PHF20L1,8,132825230,PHF20L1,1
1.0781780640808846e-4,0.04588613599614978,1,4.06186343068954,0.019827468825155303,0.02953261409606695,0.010122323554243655,0.0048813725925269235,93,chr20,60310720,cg12267218,0.019827468825155303,1.0781780640808846e-4,3.967309508294378,chr20,58885778,MIR646HG,20,60310720,MIR646HG,1
1.0785093499173408e-4,0.04588613599614978,1,4.0617777603255165,0.0339034452536047,0.05049884652675589,0.017308043980453502,0.008346947384656425,93,chr10,52156632,cg06333725,0.0339034452536047,1.0785093499173408e-4,3.967176085517481,chr10,52156632,SGMS1,10,52156632,SGMS1,1
1.0791452332405259e-4,0.04588613599614978,1,4.0616133919557855,0.05262598617624922,0.07838692860566146,0.02686504374683699,0.012956916648068336,93,chr13,31236549,cg03380861,0.05262598617624922,1.0791452332405259e-4,3.966920103277743,chr13,31810686,B3GLCT,13,31236549,B3GLCT,1
1.0797679899927599e-4,0.04588613599614978,1,-4.061452506751428,-0.03092682609368992,-0.015787238144114858,-0.04606641404326499,0.007614720606058961,93,chr1,244854506,ch.1.4885626R,-0.03092682609368992,1.0797679899927599e-4,3.9666695514485593,chr1,245017808,HNRNPU;HNRNPU,1,244854506,HNRNPU,1
1.0798925350869873e-4,0.04588613599614978,1,-4.061420342016555,-0.09269213029723579,-0.0473162560214689,-0.13806800457300267,0.02282258975716185,93,chr1,184368558,cg26724470,-0.09269213029723579,1.0798925350869873e-4,3.9666194609397936,chr1,184337692,,1,184368558,NA,1
1.0800461101307253e-4,0.04588613599614978,1,4.061380684975437,0.04189432226832389,0.06240318376612407,0.02138546077052371,0.010315290665390374,93,chr13,77990667,cg19330871,0.04189432226832389,1.0800461101307253e-4,3.966557702894663,chr13,78564802,LINC01069,13,77990667,LINC01069,1
1.081306264140292e-4,0.045899078519532496,1,4.061055484987866,0.07881872914699242,0.11740657962822923,0.04023087866575562,0.019408434442315412,93,chr10,131963621,cg12395689,0.07881872914699242,1.081306264140292e-4,3.9660512810809583,chr10,133777125,,10,131963621,NA,1
1.081413036893604e-4,0.045899078519532496,1,4.061027947540392,0.07295810445403357,0.10867696907916381,0.03723923982890333,0.017965427816920464,93,chr12,117002315,cg10065736,0.07295810445403357,1.081413036893604e-4,3.9660083991243433,chr12,117440120,FBXW8;FBXW8,12,117002315,FBXW8,1
1.0825545463380914e-4,0.045903714252196325,1,4.0607337072064835,0.057414119104020424,0.08552498850729388,0.02930324970074696,0.01413885352839784,93,chr22,36422728,cg14503079,0.057414119104020424,1.0825545463380914e-4,3.9655502117627526,chr22,36818773,,22,36422728,NA,1
1.0826729828013898e-4,0.045903714252196325,1,4.060703195577134,0.015413751689287453,0.02296062732252805,0.007866876056046856,0.0037958331222227503,93,chr7,101705291,cg17524429,0.015413751689287453,1.0826729828013898e-4,3.9655027005411134,chr7,101348571,,7,101705291,NA,1
1.0840047787447844e-4,0.045903714252196325,1,4.060360318427219,0.024645539933175076,0.03671349944376785,0.012577580422582297,0.006069791348646006,93,chr1,82602288,cg23095043,0.024645539933175076,1.0840047787447844e-4,3.964968803242359,chr1,82602288,,1,82602288,NA,1
1.0853609219354672e-4,0.045903714252196325,1,4.060011588288182,0.020086719156218086,0.02992324679172266,0.010250191520713514,0.00494745365115749,93,chr14,35277663,cg07238512,0.020086719156218086,1.0853609219354672e-4,3.9644258191056405,chr14,35746869,PSMA6,14,35277663,PSMA6,1
1.0853969138163526e-4,0.045903714252196325,1,4.060002338730734,0.06533820380399785,0.09733459438350878,0.03334181322448692,0.016093144375976972,93,chr11,57390035,cg04549076,0.06533820380399785,1.0853969138163526e-4,3.9644114176141376,chr11,57157508,PRG2,11,57390035,PRG2,1
1.0857532933667425e-4,0.045903714252196325,1,4.05991076859977,0.03098640743195655,0.04616092247934574,0.015811892384567365,0.007632287800907385,93,chr6,30831897,cg03916430,0.03098640743195655,1.0857532933667425e-4,3.964268844637772,chr6,30799674,LINC00243,6,30831897,LINC00243,1
1.0861352392021738e-4,0.045903714252196325,1,4.059812661354647,0.06933933433651668,0.1032966816427903,0.03538198703024307,0.017079441866014594,93,chr14,55583446,cg01858014,0.06933933433651668,1.0861352392021738e-4,3.9641160955735946,chr14,56050164,KTN1;KTN1;KTN1;KTN1,14,55583446,KTN1,1
1.0869494119600172e-4,0.045903714252196325,1,4.059603642082266,0.03701534535276917,0.05514369438894186,0.018886996316596488,0.009117970278936674,93,chr1,29223817,cg03701232,0.03701534535276917,1.0869494119600172e-4,3.9637906680736554,chr1,29550329,MECR;MECR,1,29223817,MECR,1
1.0881375952627464e-4,0.045903714252196325,1,4.059298874173094,0.019146016346525588,0.02852352512031785,0.009768507572733325,0.004716582084738897,93,chr4,83697085,cg08751845,0.019146016346525588,1.0881375952627464e-4,3.963316184522901,chr4,83697085,SCD5;SCD5,4,83697085,SCD5,1
1.0885198370730063e-4,0.045903714252196325,1,4.059200897423268,0.020952890201697747,0.031215633673658337,0.010690146729737157,0.005161826362178426,93,chr6,82906902,cg22161386,0.020952890201697747,1.0885198370730063e-4,3.9631636520130176,chr6,83616621,UBE3D;UBE3D,6,82906902,UBE3D,1
1.088650050746816e-4,0.045903714252196325,1,4.059167528416375,0.08290423332313458,0.12351113124893387,0.0422973353973353,0.020423949675089773,93,chrX,68416944,cg08046689,0.08290423332313458,1.088650050746816e-4,3.963111702846912,chrX,67636786,OPHN1,23,68416944,OPHN1,1
1.0899239998349864e-4,0.045903714252196325,1,4.058841263782454,0.011356483217276859,0.016919391230256334,0.005793575204297385,0.002797961900755315,93,chr2,226796497,cg17848496,0.011356483217276859,1.0899239998349864e-4,3.96260378426399,chr2,227661213,IRS1,2,226796497,IRS1,1
1.0899889107583653e-4,0.045903714252196325,1,4.058824649579009,0.024312946444057622,0.03622255222904837,0.01240334065906688,0.005990144572168058,93,chr19,43384780,cg09444405,0.024312946444057622,1.0899889107583653e-4,3.9625779204272193,chr19,43384780,PSG1,19,43384780,PSG1,1
1.0904127501105497e-4,0.045903714252196325,1,4.058716189590685,0.04739067437069746,0.07060543912010886,0.02417590962128606,0.011676272041942585,93,chr4,173879018,cg19996197,0.04739067437069746,1.0904127501105497e-4,3.962409078972464,chr4,174800169,,4,173879018,NA,1
1.091052497003032e-4,0.045903714252196325,1,-4.058552555741568,-0.06673867120892099,-0.034044791275902674,-0.0994325511419393,0.016443958847965855,93,chr11,88420584,cg11158258,-0.06673867120892099,1.091052497003032e-4,3.9621543524270355,chr11,88153752,,11,88420584,NA,1
1.0921862613044225e-4,0.045903714252196325,1,-4.058262788723528,-0.03232258613911253,-0.016487296268130468,-0.04815787601009459,0.00796463605780422,93,chr4,92304503,cg06340234,-0.03232258613911253,1.0921862613044225e-4,3.9617032907900422,chr4,93225654,GRID2;GRID2;GRID2;GRID2,4,92304503,GRID2,1
1.0922406488535353e-4,0.045903714252196325,1,4.058248895635282,0.06452232273884288,0.09613282497806656,0.0329118204996192,0.01589905508462967,93,chr13,110263277,cg04988768,0.06452232273884288,1.0922406488535353e-4,3.9616816647861155,chr13,110915624,COL4A1;COL4A1,13,110263277,COL4A1,1
1.0927321044286791e-4,0.045903714252196325,1,4.0581233853221335,0.07227795329023791,0.10768915626982516,0.03686675031065066,0.017810684010166066,93,chr6,4004586,cg08268148,0.07227795329023791,1.0927321044286791e-4,3.9614862971801217,chr6,4004820,,6,4004586,NA,1
1.093448349888356e-4,0.045903714252196325,1,-4.057940564078432,-0.08789947555033557,-0.04483286587095725,-0.1309660852297139,0.021661104730916075,93,chr6,5525488,cg17916766,-0.08789947555033557,1.093448349888356e-4,3.961201726470196,chr6,5525721,FARS2,6,5525488,FARS2,1
1.0936170787157234e-4,0.045903714252196325,1,4.057897512872864,0.077474157209746,0.11543325384997463,0.039515060569517375,0.019092191698773766,93,chr18,54881395,cg06220415,0.077474157209746,1.0936170787157234e-4,3.961134716130358,chr18,52548626,RAB27B,18,54881395,RAB27B,1
1.0936251452016401e-4,0.045903714252196325,1,4.057895454866526,0.03398483739455334,0.05063599473111646,0.01733368005799021,0.008374990872127133,93,chr1,234507446,cg19600749,0.03398483739455334,1.0936251452016401e-4,3.961131512799439,chr1,234643192,,1,234507446,NA,1
1.0937892326485814e-4,0.045903714252196325,1,4.057853594321995,0.07309232560425931,0.1089048956287311,0.03727975557978752,0.01801255858676979,93,chr18,31163168,cg08394239,0.07309232560425931,1.0937892326485814e-4,3.9610663561710364,chr18,28743131,DSC1;DSC1,18,31163168,DSC1,1
1.0946491124951892e-4,0.045903714252196325,1,4.0576343278705025,0.02864352089276172,0.04267855837882054,0.014608483406702899,0.007059167627802034,93,chr6,85636017,cg03551796,0.02864352089276172,1.0946491124951892e-4,3.960725070712821,chr6,86345735,SYNCRIP;SYNCRIP;SYNCRIP;SYNCRIP;SYNCRIP;SYNCRIP;SYNCRIP,6,85636017,SYNCRIP,1
1.0947182371669286e-4,0.045903714252196325,1,-4.057616708494014,-0.036186711651752065,-0.018455509478499266,-0.05391791382500487,0.008918218316678505,93,chr4,6523569,cg10808122,-0.036186711651752065,1.0947182371669286e-4,3.960697646842163,chr4,6525296,PPP2R2C;PPP2R2C,4,6523569,PPP2R2C,1
1.0953461969695438e-4,0.045903714252196325,1,4.057456695007481,0.03669724995863551,0.054679320988731434,0.018715178928539595,0.009044397196842505,93,chr7,16750691,cg08071173,0.03669724995863551,1.0953461969695438e-4,3.9604485952797015,chr7,16790316,,7,16750691,NA,1
1.0959607371057688e-4,0.045903714252196325,1,4.05730018628869,0.03830147671057613,0.05707036112034744,0.019532592300804816,0.009440138750396825,93,chr22,49488848,cg03455736,0.03830147671057613,1.0959607371057688e-4,3.960205004212729,chr22,49882497,,22,49488848,NA,1
1.0963038740293328e-4,0.045903714252196325,1,4.057212834145118,0.0712569910543608,0.1061758280808775,0.036338154027844106,0.017563039940786132,93,chr17,57114393,cg16438366,0.0712569910543608,1.0963038740293328e-4,3.9600690512142624,chr17,55191754,AKAP1;AKAP1;AKAP1,17,57114393,AKAP1,1
1.0963958449038273e-4,0.045903714252196325,1,4.0571894256395,0.07994873825313226,0.11912711257709581,0.040770363929168704,0.019705448739438785,93,chr4,31412094,cg00694096,0.07994873825313226,1.0963958449038273e-4,3.960032619008824,chr4,31413716,,4,31412094,NA,1
1.0972180396795928e-4,0.045915891691292954,1,4.056980243631107,0.049946319983909145,0.07442346069415333,0.025469179273664957,0.012311206115020625,93,chr2,114035193,cg01387625,0.049946319983909145,1.0972180396795928e-4,3.9597070606474416,chr2,114035193,PAX8;PAX8;PAX8;PAX8;PAX8;LOC440839,2,114035193,PAX8,1
1.0982775941079834e-4,0.0459197796975326,1,4.056710894598664,0.07173089381581851,0.10688631182330902,0.03657547580832801,0.017682032483834403,93,chr17,58192049,cg25173129,0.07173089381581851,1.0982775941079834e-4,3.9592878763228003,chr17,56269410,EPX,17,58192049,EPX,1
1.0983737193780712e-4,0.0459197796975326,1,4.056686470963909,0.040585051540309856,0.06047596556542886,0.020694137515190846,0.010004483173841741,93,chr14,72686932,cg04827671,0.040585051540309856,1.0983737193780712e-4,3.959249866945399,chr14,73153640,DPF3;DPF3;DPF3;DPF3,14,72686932,DPF3,1
1.1020375790945521e-4,0.046036150581202945,1,4.055757078924818,0.023743323473078115,0.03538269836274538,0.012103948583410849,0.005854227216037425,93,chr11,36426367,cg11529849,0.023743323473078115,1.1020375790945521e-4,3.957803595942368,chr11,36447917,PRR5L;PRR5L;PRR5L;PRR5L,11,36426367,PRR5L,1
1.1027118816828265e-4,0.046036150581202945,1,4.055586355361938,0.04747124445582944,0.0707434232985047,0.02419906561315417,0.011705149464532336,93,chr10,6188223,cg03889890,0.04747124445582944,1.1027118816828265e-4,3.957537945892273,chr10,6188223,PFKFB3;PFKFB3,10,6188223,PFKFB3,1
1.103324572609645e-4,0.046036150581202945,1,4.055431317845581,0.022629147912993728,0.03372322636329776,0.011535069462689694,0.0055799608326286,93,chr5,112004900,cg18301613,0.022629147912993728,1.103324572609645e-4,3.9572967093569895,chr5,111340597,NREP-AS1,5,112004900,NREP-AS1,1
1.1034489642400528e-4,0.046036150581202945,1,4.055399851432793,0.024222918349385572,0.036098444666929276,0.01234739203184187,0.005973003707840916,93,chr12,96540020,cg17703214,0.024222918349385572,1.1034489642400528e-4,3.9572477486477586,chr12,96933798,CFAP54,12,96540020,CFAP54,1
1.1039950921947675e-4,0.046036150581202945,1,4.055261741841471,0.05724033563056797,0.0853039344455485,0.029176736815587436,0.01411507795908026,93,chr6,28105611,cg09051837,0.05724033563056797,1.1039950921947675e-4,3.9570328572567006,chr6,28073389,,6,28105611,NA,1
1.1049822564262066e-4,0.046036150581202945,1,4.055012265484638,0.055823147966189875,0.0831936165985935,0.02845267933378624,0.013766456008368724,93,chr16,88473453,cg06099697,0.055823147966189875,1.1049822564262066e-4,3.9566446957327686,chr16,88539861,ZFPM1,16,88473453,ZFPM1,1
1.1056457266364919e-4,0.046036150581202945,1,4.054844713336951,0.040385435543606706,0.06018750712985309,0.02058336395736032,0.009959798315031241,93,chr10,89642515,cg19456890,0.040385435543606706,1.1056457266364919e-4,3.9563840083063058,chr10,91402272,PANK1;PANK1;PANK1,10,89642515,PANK1,1
1.1057052420021745e-4,0.046036150581202945,1,-4.054829688099436,-0.020440567793585752,-0.010417967290972989,-0.030463168296198516,0.0050410422547652245,93,chr20,21303170,cg24167567,-0.020440567793585752,1.1057052420021745e-4,3.956360631469904,chr20,21283808,XRN2,20,21303170,XRN2,1
1.1063829531403324e-4,0.046036150581202945,1,-4.0546586480090685,-0.02452857391479258,-0.012500998646372068,-0.036556149183213094,0.006049479387577219,93,chr10,87635886,cg11795728,-0.02452857391479258,1.1063829531403324e-4,3.9560945243431798,chr10,89395643,,10,87635886,NA,1
1.1064845624052077e-4,0.046036150581202945,1,4.054633012629688,0.03592828742387226,0.05354581850807846,0.01831075633966606,0.008861045453919015,93,chr1,77948691,cg15824312,0.03592828742387226,1.1064845624052077e-4,3.9560546409405206,chr1,78414376,FUBP1,1,77948691,FUBP1,1
1.1090821262457322e-4,0.046122018169369686,1,4.053978429703513,0.04680420771372028,0.06975848092909213,0.023849934498348418,0.011545253267946792,93,chr10,49503336,cg01511347,0.04680420771372028,1.1090821262457322e-4,3.9550362936571886,chr10,50711382,ERCC6,10,49503336,ERCC6,1
1.1112883330124875e-4,0.04619153610146259,1,4.053423622978083,0.04741342001931046,0.0706696530691896,0.02415718696943133,0.011697129249095222,93,chr17,27329347,cg21979773,0.04741342001931046,1.1112883330124875e-4,3.9541732451185414,chr17,25656373,,17,27329347,NA,1
1.1120850287826852e-4,0.046196559124979664,1,-4.053223533389695,-0.038510010915710054,-0.01961995826991429,-0.057400063561505815,0.009501082434381377,93,chr17,82239027,cg23664708,-0.038510010915710054,1.1120850287826852e-4,3.9538620058120832,chr17,80196903,SLC16A3;SLC16A3;SLC16A3,17,82239027,SLC16A3,1
1.1127858608367377e-4,0.046196559124979664,1,-4.053047633628162,-0.1871543706701895,-0.09534683120077453,-0.2789619101396045,0.04617620802612052,93,chrX,103687724,cg24060399,-0.1871543706701895,1.1127858608367377e-4,3.953588401168054,chrX,102942652,MORF4L2;MORF4L2;MORF4L2;MORF4L2;MORF4L2;MORF4L2;MORF4L2;MORF4L2;MORF4L2-AS1;MORF4L2;MORF4L2;MORF4L2;MORF4L2;MORF4L2;MORF4L2;MORF4L2;MORF4L2,23,103687724,MORF4L2,1
1.1130129433040445e-4,0.046196559124979664,1,4.052990661681086,0.056342084783389874,0.08398077077532365,0.0287033987914561,0.013901360621447987,93,chr22,42391500,cg20967622,0.056342084783389874,1.1130129433040445e-4,3.953499785195535,chr22,42787506,NFAM1,22,42391500,NFAM1,1
1.114034545068461e-4,0.04621676333125303,1,4.052734493418931,0.05126109067038574,0.07640887757882193,0.02611330376194955,0.012648519352458575,93,chr7,137668176,cg00419796,0.05126109067038574,1.114034545068461e-4,3.9531013419271037,chr7,137352922,DGKI,7,137668176,DGKI,1
1.1146627696504948e-4,0.046220636358877853,1,4.052577077049171,0.04553004840712225,0.06786715468702231,0.023192942127222192,0.011234838361242061,93,chr17,83070173,cg04210796,0.04553004840712225,1.1146627696504948e-4,3.9528565043039796,chr17,81028049,,17,83070173,NA,1
1.1164727684529613e-4,0.04627348565007978,1,4.052124015159489,0.059894645108400875,0.08928232831471167,0.030506961902090075,0.014781049366783375,93,chr9,137414208,cg13562011,0.059894645108400875,1.1164727684529613e-4,3.9521518652077154,chr9,140308660,EXD3,9,137414208,EXD3,1
1.1176595981029278e-4,0.046300468697020196,1,4.051827321653752,0.019111047607729675,0.028488689580882055,0.009733405634577294,0.004716649079687213,93,chr2,99185587,cg27237756,0.019111047607729675,1.1176595981029278e-4,3.951690447948702,chr2,99802050,MRPL30;MRPL30,2,99185587,MRPL30,1
1.1191086257587031e-4,0.04631248519586877,1,4.051465491441703,0.021838228484256227,0.032555033854494646,0.011121423114017807,0.005390204737122209,93,chr16,10736998,cg24291389,0.021838228484256227,1.1191086257587031e-4,3.9511277568335927,chr16,10830855,,16,10736998,NA,1
1.1197737483239032e-4,0.04631248519586877,1,-4.0512995572149055,-0.028802350685592823,-0.014667420772129241,-0.0429372805990564,0.007109410271649526,93,chr7,134614185,cg19858214,-0.028802350685592823,1.1197737483239032e-4,3.9508697182053045,chr7,134298937,,7,134614185,NA,1
1.120627137896776e-4,0.04631248519586877,1,4.051086792794855,0.07901287379509662,0.11779096182093568,0.040234785769257576,0.01950411774332424,93,chr1,1759401,cg03606098,0.07901287379509662,1.120627137896776e-4,3.950538864559766,chr1,1690840,NADK,1,1759401,NADK,1
1.1211669496933201e-4,0.04631248519586877,1,4.050952288889674,0.025123299654578796,0.03745376969342181,0.012792829615735782,0.006201825611099667,93,chr2,219627185,cg22732731,0.025123299654578796,1.1211669496933201e-4,3.950329713067812,chr2,220491907,SLC4A3;SLC4A3,2,219627185,SLC4A3,1
1.1224395755149899e-4,0.04631248519586877,1,4.05063543691601,0.044248026858651784,0.06596657717767619,0.022529476539627377,0.010923724819911327,93,chr16,27236266,cg02086971,0.044248026858651784,1.1224395755149899e-4,3.9498370291457925,chr16,27247587,NSMCE1,16,27236266,NSMCE1,1
1.1228741798211023e-4,0.04631248519586877,1,4.050527310301796,0.017498559028028045,0.02608772123008412,0.008909396825971973,0.004320069385416456,93,chr4,165322183,cg05434397,0.017498559028028045,1.1228741798211023e-4,3.949668904531703,chr4,166243335,KLHL2;KLHL2;KLHL2,4,165322183,KLHL2,1
1.1229543970848529e-4,0.04631248519586877,1,4.050507357180044,0.05510137569060638,0.08214800187243135,0.028054749508781406,0.01360357378266012,93,chr1,225568019,cg03150082,0.05510137569060638,1.1229543970848529e-4,3.9496378799776712,chr1,225755721,ENAH;ENAH,1,225568019,ENAH,1
1.1234744811952273e-4,0.04631248519586877,1,4.050378025417506,0.0360980364042465,0.053817399292666386,0.01837867351582661,0.008912263541259357,93,chr2,204360818,cg12766426,0.0360980364042465,1.1234744811952273e-4,3.9494367877770853,chr2,204360818,RAPH1;RAPH1,2,204360818,RAPH1,1
1.1239353095430233e-4,0.04631248519586877,1,4.05026347707195,0.01784180482438665,0.026600019588692757,0.009083590060080542,0.004405097328948337,93,chr16,21608352,cg17842024,0.01784180482438665,1.1239353095430233e-4,3.949258684778529,chr16,21608352,METTL9;METTL9;LOC101927814,16,21608352,METTL9,1
1.1242230647536066e-4,0.04631248519586877,1,4.050191972467827,0.01733860115401113,0.025849952727467398,0.00882724958055486,0.004280933168569421,93,chr12,26282767,cg09983640,0.01733860115401113,1.1242230647536066e-4,3.9491475088914507,chr12,26435700,,12,26282767,NA,1
1.124380825837731e-4,0.04631248519586877,1,4.050152777700178,0.015493250444194959,0.02309881080706153,0.007887690081328388,0.003825349633598904,93,chr15,50426647,cg27640147,0.015493250444194959,1.124380825837731e-4,3.9490865690623473,chr15,50718844,USP8;USP8;USP8,15,50426647,USP8,1
1.1256719981670814e-4,0.046321509931432366,1,-4.049832192140671,-0.06501670599452529,-0.03309779862072806,-0.09693561336832252,0.01605417284219833,93,chr11,86162438,cg10816016,-0.06501670599452529,1.1256719981670814e-4,3.948588137138091,chr11,85873480,,11,86162438,NA,1
1.1279107388115428e-4,0.04634778526731967,1,4.049277170141341,0.028702175524118283,0.04279497891595099,0.014609372132285574,0.007088222000648187,93,chr1,157133849,cg16374333,0.028702175524118283,1.1279107388115428e-4,3.9477252684160473,chr1,157103641,ETV3;ETV3,1,157133849,ETV3,1
1.1279491537796599e-4,0.04634778526731967,1,4.049267655645556,0.027484089230808872,0.040978842466696766,0.013989335994920978,0.006787422212629017,93,chr17,36627649,cg13323717,0.027484089230808872,1.1279491537796599e-4,3.9477104772415315,chr17,36627649,ARHGAP23,17,36627649,ARHGAP23,1
1.1290381272895975e-4,0.04634778526731967,1,4.048998071476011,0.01832408510050601,0.027321853539508285,0.009326316661503737,0.004525585040307564,93,chr9,129818890,cg08039077,0.01832408510050601,1.1290381272895975e-4,3.9472913918288928,chr9,132581169,TOR1A,9,129818890,TOR1A,1
1.1291134169268489e-4,0.04634778526731967,1,-4.0489794421441285,-0.013973905385537227,-0.0071121961837287695,-0.020835614587345685,0.0034512166794646343,93,chr6,100463833,cg21063722,-0.013973905385537227,1.1291134169268489e-4,3.9472624319709073,chr6,100911709,SIM1,6,100463833,SIM1,1
1.1292569270385155e-4,0.04634778526731967,1,4.048943935944368,0.05991540972426132,0.08933637058843348,0.030494448860089157,0.014797786946952815,93,chr14,64442533,cg00407815,0.05991540972426132,1.1292569270385155e-4,3.9472072367281568,chr14,64909251,MIR548AZ;MTHFD1,14,64442533,MIR548AZ,1
1.1299583235629821e-4,0.04634778526731967,1,4.048770463939651,0.036570615968905304,0.05452908050351952,0.01861215143429109,0.00903252389697595,93,chr8,64672742,cg18453976,0.036570615968905304,1.1299583235629821e-4,3.9469375743753483,chr8,65585299,CYP7B1,8,64672742,CYP7B1,1
1.130064890878486e-4,0.04634778526731967,1,4.048744116358042,0.025253532515876753,0.037654680468508873,0.012852384563244633,0.006237374304255367,93,chr18,7830057,cg07261208,0.025253532515876753,1.130064890878486e-4,3.946896617630468,chr18,7830055,PTPRM;PTPRM,18,7830057,PTPRM,1
1.131858003788246e-4,0.046365156496342416,1,4.048301146435368,0.0338633784513268,0.05049434748277824,0.017232409419875357,0.008364836810903845,93,chr17,37430995,cg14224214,0.0338633784513268,1.131858003788246e-4,3.94620805374785,chr17,35791094,TADA2A;TADA2A;TADA2A;TADA2A,17,37430995,TADA2A,1
1.1319697646712118e-4,0.046365156496342416,1,4.048273559372567,0.07513658283103519,0.1120378831363007,0.038235282525769694,0.018560154527373505,93,chr14,95149394,cg01901579,0.07513658283103519,1.1319697646712118e-4,3.9461651731581866,chr14,95615731,DICER1,14,95149394,DICER1,1
1.1329665107203512e-4,0.046365156496342416,1,4.0480276380767215,0.041145720703315694,0.061354556115813974,0.020936885290817418,0.010164387297233138,93,chr20,50030776,cg06748568,0.041145720703315694,1.1329665107203512e-4,3.945782927227784,chr20,48647313,,20,50030776,NA,1
1.1329804472818497e-4,0.046365156496342416,1,-4.04802420106297,-0.027845352534206957,-0.014169018409232783,-0.04152168665918113,0.00687875149730949,93,chr13,67229928,cg10737195,-0.027845352534206957,1.1329804472818497e-4,3.9457775850270456,chr13,67804060,PCDH9;PCDH9;PCDH9;PCDH9,13,67229928,PCDH9,1
1.1336018255427733e-4,0.046365156496342416,1,4.04787099891608,0.03929491429079928,0.05859546781328036,0.019994360768318203,0.009707551031473456,93,chr16,52228240,cg26398443,0.03929491429079928,1.1336018255427733e-4,3.9455394633758796,chr16,52262152,,16,52228240,NA,1
1.1337076773156983e-4,0.046365156496342416,1,-4.047844908968338,-0.08433144791449305,-0.04290995242889226,-0.12575294340009385,0.020833665768085555,93,chr8,2121800,cg11541409,-0.08433144791449305,1.1337076773156983e-4,3.9454989123696262,chr8,2069673,MYOM2,8,2121800,MYOM2,1
1.1355592855666455e-4,0.04640214600447682,1,4.04738890925088,0.06646733117273822,0.09911809803667167,0.03381656430880477,0.016422274375664205,93,chr11,5343863,cg16594457,0.06646733117273822,1.1355592855666455e-4,3.944790187096095,chr11,5365093,OR51B5;OR51B5,11,5343863,OR51B5,1
1.1356860691113193e-4,0.04640214600447682,1,-4.047357712092399,-0.06391921102023866,-0.03251991595193108,-0.09531850608854625,0.015792824743230755,93,chr15,67133338,cg09856604,-0.06391921102023866,1.1356860691113193e-4,3.9447417014546895,chr15,67133338,,15,67133338,NA,1
1.1363084389394207e-4,0.04640563374888366,1,4.047204616308641,0.021387888414528464,0.03189474561961636,0.01088103120944057,0.005284607634697711,93,chr12,68344556,cg26886070,0.021387888414528464,1.1363084389394207e-4,3.9445037679668657,chr12,68738336,,12,68344556,NA,1
1.1370390501280414e-4,0.046413536572803366,1,4.0470249970558365,0.02996958973015161,0.044692884021379845,0.015246295438923377,0.007405338428093261,93,chr17,73182764,cg11958476,0.02996958973015161,1.1370390501280414e-4,3.9442246197767323,chr17,71178903,,17,73182764,NA,1
1.1377730388593208e-4,0.046419944086787006,1,4.046844658943921,0.024396987408821253,0.03638313856258296,0.012410836255059544,0.006028644404450153,93,chr11,1221197,cg03298405,0.024396987408821253,1.1377730388593208e-4,3.943944361668048,chr11,1242427,,11,1221197,NA,1
1.1390025457014956e-4,0.04642789282419994,1,4.046542824016883,0.020009462258122168,0.029840771538548787,0.010178152977695549,0.004944828988182898,93,chr17,59685113,cg04443978,0.020009462258122168,1.1390025457014956e-4,3.9434753052599016,chr17,57762474,CLTC;CLTC,17,59685113,CLTC,1
1.1406374120353443e-4,0.04645381755630597,1,4.046141960269612,0.014867057999849411,0.022172458024316118,0.007561657975382704,0.0036743787404974683,93,chr21,14501036,cg06912894,0.014867057999849411,1.1406374120353443e-4,3.942852387990221,chr21,15873357,SAMSN1;SAMSN1;SAMSN1,21,14501036,SAMSN1,1
1.1409172256427462e-4,0.04645381755630597,1,-4.046073406179839,-0.014841983987684456,-0.007548781304302253,-0.02213518667106666,0.0036682438744228664,93,chr3,120678806,cg00558718,-0.014841983987684456,1.1409172256427462e-4,3.9427458628128194,chr3,120397653,HGD,3,120678806,HGD,1
1.1412512459849375e-4,0.04645381755630597,1,4.045991592611545,0.020395153491401773,0.030417330854739105,0.010372976128064442,0.00504082942946439,93,chr14,100981052,cg02351406,0.020395153491401773,1.1412512459849375e-4,3.942618735307294,chr14,101447389,SNORD114-20;SNORD114-21,14,100981052,SNORD114-20,1
1.1421059097594618e-4,0.04646671874437186,1,4.045782359364036,0.043316504176754145,0.06460333289390048,0.022029675459607805,0.010706582887855377,93,chr19,15330384,cg17726535,0.043316504176754145,1.1421059097594618e-4,3.942293621229053,chr19,15441195,,19,15330384,NA,1
1.1455092537806895e-4,0.04650352290484159,1,4.044950662583542,0.011421580297366372,0.017035588601142265,0.005807571993590478,0.0028236636859425416,93,chr1,94335587,cg21584691,0.011421580297366372,1.1455092537806895e-4,3.941001398094263,chr1,94801143,,1,94335587,NA,1
1.1459533215045725e-4,0.04650352290484159,1,-4.044842317877468,-0.012918912030073301,-0.00656875555247942,-0.019269068507667183,0.003193922287890941,93,chr1,34860028,cg05232274,-0.012918912030073301,1.1459533215045725e-4,3.94083307226903,chr1,35325629,C1orf212;C1orf212;C1orf212,1,34860028,C1orf212,1
1.1460641050463418e-4,0.04650352290484159,1,4.044815294923581,0.037109949679618476,0.05535108029265305,0.0188688190665839,0.00917469574598204,93,chr14,22336340,cg08654023,0.037109949679618476,1.1460641050463418e-4,3.9407910894460754,chr14,22336340,,14,22336340,NA,1
1.1463168472775278e-4,0.04650352290484159,1,4.044753653978039,0.02647185037368733,0.03948409758259605,0.013459603164778608,0.006544737365562946,93,chr3,160039892,cg01392539,0.02647185037368733,1.1463168472775278e-4,3.9406953247725105,chr3,159757679,,3,160039892,NA,1
1.147168686264377e-4,0.04650352290484159,1,4.044545996187842,0.06637137852510108,0.09899792764789847,0.03374482940230369,0.016410093639102872,93,chr12,79927396,cg24734184,0.06637137852510108,1.147168686264377e-4,3.9403727162510616,chr12,80321176,PPP1R12A;PPP1R12A,12,79927396,PPP1R12A,1
1.1484420350709299e-4,0.04650352290484159,1,4.044235860243078,0.02242993491270249,0.03345678879372522,0.011403081031679757,0.005546149059504739,93,chr16,368048,cg03660377,0.02242993491270249,1.1484420350709299e-4,3.9398909199152974,chr16,368048,AXIN1;AXIN1,16,368048,AXIN1,1
1.148462929383214e-4,0.04650352290484159,1,4.044230773991392,0.035352067714809574,0.05273163554960536,0.017972499880013783,0.00874135767477962,93,chr1,17005872,cg19934703,0.035352067714809574,1.148462929383214e-4,3.9398830186005553,chr1,17332367,ATP13A2;ATP13A2;ATP13A2,1,17005872,ATP13A2,1
1.1492767887119085e-4,0.04650352290484159,1,4.044032727256027,0.031646790227327505,0.0472055540664707,0.01608802638818431,0.00782555245263819,93,chr9,68795029,cg21128206,0.031646790227327505,1.1492767887119085e-4,3.9395753644067444,chr9,71409945,PIP5K1B;PIP5K1B,9,68795029,PIP5K1B,1
1.149954715902513e-4,0.04650352290484159,1,4.0438678613368415,0.02626221113783136,0.0391742378148303,0.013350184460832424,0.006494329695814905,93,chr7,116771726,cg05997059,0.02626221113783136,1.149954715902513e-4,3.9393192614036736,chr7,116411780,MET;MET,7,116771726,MET,1
1.150623789174733e-4,0.04650352290484159,1,4.043705240040062,0.061006330872078206,0.09100178884187277,0.031010872902283652,0.015086740316283242,93,chr5,44067490,cg24561507,0.061006330872078206,1.150623789174733e-4,3.939066651168756,chr5,44067592,,5,44067490,NA,1
1.1521376176293223e-4,0.04650352290484159,1,-4.043337631847239,-0.08854643539943627,-0.04500616149352707,-0.13208670930534547,0.021899342439771215,93,chr4,26151101,cg03002688,-0.08854643539943627,1.1521376176293223e-4,3.938495643302163,chr4,26152723,,4,26151101,NA,1
1.1525390893548413e-4,0.04650352290484159,1,4.043240218845667,0.03576562891466843,0.0533528168205957,0.01817844100874116,0.00884578382159035,93,chr1,117146753,cg06847685,0.03576562891466843,1.1525390893548413e-4,3.9383443362175137,chr1,117146753,IGSF3;IGSF3,1,117146753,IGSF3,1
1.1531750668907661e-4,0.04650352290484159,1,-4.043085972041001,-0.07703304131427884,-0.03915180449232801,-0.11491427813622966,0.019053030741117676,93,chr16,11350248,cg16478897,-0.07703304131427884,1.1531750668907661e-4,3.93810475618048,chr16,11444105,RMI2;RMI2,16,11350248,RMI2,1
1.1533384880399066e-4,0.04650352290484159,1,4.043046349877978,0.07377683026907839,0.11005717076389823,0.03749648977425854,0.01824783192784941,93,chr6,158573375,cg26774971,0.07377683026907839,1.1533384880399066e-4,3.938043214896003,chr6,158994407,TMEM181,6,158573375,TMEM181,1
1.1536734180540452e-4,0.04650352290484159,1,4.042965161483689,0.04767170436881061,0.0711151132528244,0.024228295484796828,0.011791272609263846,93,chr10,103244555,cg22595420,0.04767170436881061,1.1536734180540452e-4,3.9379171138927083,chr10,105004312,RPEL1,10,103244555,RPEL1,1
1.1541921004651997e-4,0.04650352290484159,1,4.042839475389379,0.059098792193732555,0.08816257837037282,0.03003500601709229,0.014618139689565724,93,chr9,6441357,cg05302585,0.059098792193732555,1.1541921004651997e-4,3.937721902420454,chr9,6441357,UHRF2;UHRF2,9,6441357,UHRF2,1
1.1543222859848502e-4,0.04650352290484159,1,-4.042807937601729,-0.05974585030451369,-0.030363622687992396,-0.08912807792103498,0.014778305382460504,93,chr12,68958627,cg02175213,-0.05974585030451369,1.1543222859848502e-4,3.9376729195306788,chr12,69352407,CPM,12,68958627,CPM,1
1.1556413620252581e-4,0.04650352290484159,1,4.042488580292223,0.020841814385228183,0.03109235578902847,0.010591272981427898,0.005155689118538356,93,chr12,124030514,cg18753664,0.020841814385228183,1.1556413620252581e-4,3.937176922541011,chr12,124515061,,12,124030514,NA,1
1.1557072075514144e-4,0.04650352290484159,1,4.042472647809209,0.031630844005703755,0.047187769521692007,0.016073918489715504,0.007824627835848409,93,chr7,2636155,cg05500930,0.031630844005703755,1.1557072075514144e-4,3.9371521782432,chr7,2675789,TTYH3,7,2636155,TTYH3,1
1.1557269540647799e-4,0.04650352290484159,1,4.0424678699628265,0.05691998727522677,0.08491484725544803,0.02892512729500552,0.014080504559644203,93,chr6,81939670,cg14265429,0.05691998727522677,1.1557269540647799e-4,3.9371447579134893,chr6,82649387,,6,81939670,NA,1
1.1565240018076694e-4,0.04650352290484159,1,4.042275082465562,0.027529260453946606,0.04106957527934704,0.013988945628546173,0.006810338211113353,93,chr7,99691888,cg09538129,0.027529260453946606,1.1565240018076694e-4,3.9368453497118137,chr7,99691888,MIR25;MCM7;MCM7;MIR106B;MIR93,7,99691888,MIR25,1
1.1569221383042733e-4,0.04650352290484159,1,4.04217883015965,0.022407616512631706,0.03342910425943211,0.011386128765831305,0.005543450068424285,93,chr16,80615063,cg10158330,0.022407616512631706,1.1569221383042733e-4,3.936695868397139,chr16,80648960,CDYL2,16,80615063,CDYL2,1
1.1570479142704306e-4,0.04650352290484159,1,-4.042148429539706,-0.05853318801562368,-0.029742635212295265,-0.0873237408189521,0.014480712184606507,93,chr17,39161299,cg18229543,-0.05853318801562368,1.1570479142704306e-4,3.936648656197438,chr17,37317552,ARL5C,17,39161299,ARL5C,1
1.1572644176874153e-4,0.04650352290484159,1,4.04209610711137,0.046438276533515455,0.06928003527560607,0.023596517791424843,0.011488662145319928,93,chr10,9301422,cg17254945,0.046438276533515455,1.1572644176874153e-4,3.93656739988792,chr10,9343385,,10,9301422,NA,1
1.1575403143001955e-4,0.04650352290484159,1,4.042029444726801,0.03247038825941948,0.04844197597272151,0.016498800546117447,0.00803318944194731,93,chr12,52446957,cg20468586,0.03247038825941948,1.1575403143001955e-4,3.936463874631195,chr12,52840741,KRT6B,12,52446957,KRT6B,1
1.1581763722992755e-4,0.046507454854793844,1,4.041875817904734,0.01192086842077966,0.017784747558030018,0.006056989283529304,0.0029493405927941926,93,chr7,83787222,cg06375308,0.01192086842077966,1.1581763722992755e-4,3.9362252992582087,chr7,83787222,SEMA3A,7,83787222,SEMA3A,1
1.1593170863216479e-4,0.04651657202926595,1,-4.041600504415705,-0.05231919089266714,-0.026581610385518234,-0.07805677139981605,0.012945166360580448,93,chr14,101732267,cg06618497,-0.05231919089266714,1.1593170863216479e-4,3.935797763341322,chr14,102198604,C14orf72,14,101732267,C14orf72,1
1.1608415083060745e-4,0.04651657202926595,1,-4.041232987829242,-0.08769951826316826,-0.04455323399534975,-0.13084580253098677,0.02170117845897231,93,chr1,203593077,cg25270225,-0.08769951826316826,1.1608415083060745e-4,3.9352270711888733,chr1,203562205,,1,203593077,NA,1
1.1610785111653759e-4,0.04651657202926595,1,4.041175891393491,0.015308404267796696,0.022839917636427773,0.0077768908991656185,0.003788106402495142,93,chr22,32343964,cg04450973,0.015308404267796696,1.1610785111653759e-4,3.9351384126360514,chr22,32739951,,22,32343964,NA,1
1.1616750777125881e-4,0.04651657202926595,1,4.041032221843888,0.04508565580503746,0.06726793462870238,0.02290337698137254,0.011156965183629559,93,chr5,151251844,cg03693528,0.04508565580503746,1.1616750777125881e-4,3.934915327788412,chr5,150631405,GM2A;GM2A,5,151251844,GM2A,1
1.1624622085753515e-4,0.04651657202926595,1,4.040842767489097,0.049978470958367716,0.07456918249279922,0.02538775942393622,0.012368328547815137,93,chr14,100696848,cg15592017,0.049978470958367716,1.1624622085753515e-4,3.9346211570392735,chr14,101163185,,14,100696848,NA,1
1.1627155265221361e-4,0.04651657202926595,1,4.040781822630647,0.034511906744845354,0.05149292131058208,0.01753089217910863,0.008540898335950557,93,chr1,246248314,cg02850422,0.034511906744845354,1.1627155265221361e-4,3.9345265280694273,chr1,246411616,SMYD3;SMYD3,1,246248314,SMYD3,1
1.1632613791968672e-4,0.04651657202926595,1,4.040650541185211,0.027172990502776984,0.04054344675462553,0.013802534250928434,0.00672490487009712,93,chr1,6314175,cg12576213,0.027172990502776984,1.1632613791968672e-4,3.9343226904403115,chr1,6374235,ACOT7;ACOT7;ACOT7;ACOT7,1,6314175,ACOT7,1
1.1633312917773991e-4,0.04651657202926595,1,4.040633730983677,0.07969998038500349,0.11891647862834892,0.04048348214165807,0.01972462383161882,93,chr14,22512637,cg17552056,0.07969998038500349,1.1633312917773991e-4,3.9342965899128504,chr14,22981619,,14,22512637,NA,1
1.1637438893704734e-4,0.04651657202926595,1,-4.040534543273926,-0.012399436373021825,-0.006298124813801204,-0.018500747932242448,0.0030687613829864517,93,chr6,154247475,cg12263540,-0.012399436373021825,1.1637438893704734e-4,3.9341425864141684,chr6,154568609,IPCEF1;IPCEF1;IPCEF1;IPCEF1;IPCEF1;IPCEF1,6,154247475,IPCEF1,1
1.1637863330441056e-4,0.04651657202926595,1,4.0405243418064005,0.02737002044979137,0.04083784582060734,0.013902195078975403,0.006773878371824146,93,chr10,17170032,cg00226489,0.02737002044979137,1.1637863330441056e-4,3.9341267472615122,chr10,17212031,TRDMT1,10,17170032,TRDMT1,1
1.1643517116869107e-4,0.046517654200539396,1,4.040388485352089,0.04101081612111024,0.061191476292921515,0.020830155949298962,0.0101502160670415,93,chr3,52186354,cg17074037,0.04101081612111024,1.1643517116869107e-4,3.9339158140394566,chr3,52220370,,3,52186354,NA,1
1.1652306715027688e-4,0.046531257635880806,1,4.040177403231339,0.030254765868675596,0.04514335150420105,0.015366180233150145,0.0074884746012583,93,chr7,50318479,cg22051760,0.030254765868675596,1.1652306715027688e-4,3.9335880922823634,chr7,50358075,IKZF1;IKZF1;IKZF1;IKZF1;IKZF1;IKZF1;IKZF1;IKZF1;IKZF1;IKZF1;IKZF1;IKZF1;IKZF1;IKZF1;IKZF1;IKZF1;IKZF1,7,50318479,IKZF1,1
1.1661514822400179e-4,0.04654651896908434,1,4.039956434426184,0.08148516902519705,0.12158679398092835,0.04138354406946575,0.020169813795720002,93,chr15,40559444,cg19069027,0.08148516902519705,1.1661514822400179e-4,3.9332450313712926,chr15,40851643,C15orf57;C15orf57;C15orf57;C15orf57,15,40559444,C15orf57,1
1.1676714674710042e-4,0.04657143609544608,1,-4.039592046540848,-0.031200132633795,-0.01584410044213956,-0.04655616482545044,0.007723585024015495,93,chr6,146027554,cg09179079,-0.031200132633795,1.1676714674710042e-4,3.932679331825139,chr6,146348690,GRM1;GRM1,6,146027554,GRM1,1
1.1678535954187651e-4,0.04657143609544608,1,-4.039548415329158,-0.05761816007700176,-0.02925943840298382,-0.0859768817510197,0.014263515163812392,93,chr12,52674256,cg05099692,-0.05761816007700176,1.1678535954187651e-4,3.9326115978803142,chr12,52674256,,12,52674256,NA,1
1.1688831086945092e-4,0.046590990597074604,1,4.03930190420804,0.0645081921559916,0.09626001324258843,0.03275637106939477,0.015970133871100013,93,chr22,24108000,cg14090647,0.0645081921559916,1.1688831086945092e-4,3.9322289172275524,chr22,24108000,C22orf15,22,24108000,C22orf15,1
1.1699583498500203e-4,0.04660457326380714,1,4.039044666130355,0.013294890329924907,0.01983923531944438,0.006750545340405432,0.003291592797031928,93,chr18,70292142,cg11890453,0.013294890329924907,1.1699583498500203e-4,3.9318295987258676,chr18,67959378,SOCS6,18,70292142,SOCS6,1
1.1719019101166901e-4,0.046646770125801845,1,4.038580268582193,0.026815819697519245,0.04001729415848417,0.013614345236554318,0.006639912522262027,93,chr2,239204217,cg21963406,0.026815819697519245,1.1719019101166901e-4,3.931108737872398,chr2,240125913,HDAC4,2,239204217,HDAC4,1
1.1789109806558355e-4,0.04690415661858663,1,4.036911625624061,0.0765769586023798,0.11429151062720111,0.038862406577558496,0.018969193706474038,93,chr16,3797701,cg18923228,0.0765769586023798,1.1789109806558355e-4,3.9285189871606736,chr16,3847702,CREBBP;CREBBP,16,3797701,CREBBP,1
1.1809933084196027e-4,0.04695161475131164,1,4.0364177216574095,0.03236298301373605,0.04830387147909054,0.016422094548381557,0.008017748718149855,93,chr12,123374651,cg18853964,0.03236298301373605,1.1809933084196027e-4,3.92775256311864,chr12,123859198,,12,123374651,NA,1
1.1811904672945444e-4,0.04695161475131164,1,4.0363710011727,0.12240544112335741,0.1826988346328906,0.06211204761382422,0.03032561701780995,93,chr2,216272513,cg14125248,0.12240544112335741,1.1811904672945444e-4,3.927680066632529,chr2,216272513,FN1;FN1;FN1;FN1;FN1;FN1;FN1;FN1;FN1,2,216272513,FN1,1
1.1825853331289076e-4,0.046972303244783686,1,4.036040675183306,0.027006858435759267,0.04031074752558586,0.01370296934593267,0.006691423751454808,93,chr22,41291335,cg03341383,0.027006858435759267,1.1825853331289076e-4,3.927167511588124,chr22,41687339,,22,41291335,NA,1
0.00011840421237579759,0.046972303244783686,1,4.0356960832968385,0.019390157749170585,0.02894278806700543,0.00983752743133574,0.00480466252883205,93,chr14,68729018,cg05381300,0.019390157749170585,0.00011840421237579759,3.926632846776761,chr14,69195735,,14,68729018,NA,1
1.186455847340497e-4,0.046972303244783686,1,4.035126031130204,0.0713200810679312,0.10646113693882302,0.036179025197039374,0.017674808795985746,93,chr2,31079778,cg26382374,0.0713200810679312,1.186455847340497e-4,3.9257484189410983,chr2,31302644,GALNT14;GALNT14;GALNT14;GALNT14,2,31079778,GALNT14,1
1.1865776224073436e-4,0.046972303244783686,1,4.0350973008511595,0.03420543683380519,0.0510593678351336,0.017351505832476778,0.008476979434074595,93,chr19,41419282,cg02447557,0.03420543683380519,1.1865776224073436e-4,3.92570384625362,chr19,41925187,BCKDHA;BCKDHA;BCKDHA;BCKDHA,19,41419282,BCKDHA,1
1.1871052740991008e-4,0.046972303244783686,1,4.034972845151996,0.015318936445107723,0.022867217807931016,0.007770655082284429,0.003796540158507725,93,chr1,43003763,cg08647685,0.015318936445107723,1.1871052740991008e-4,3.925510765516333,chr1,43469434,,1,43003763,NA,1
1.1875311093789688e-4,0.046972303244783686,1,4.034872443295305,0.06249048964438617,0.09328293646220165,0.031698042826570696,0.015487599799648139,93,chr15,92455658,cg13039199,0.06249048964438617,1.1875311093789688e-4,3.9253550044781247,chr15,92455658,SLCO3A1;SLCO3A1,15,92455658,SLCO3A1,1
1.1876905612292228e-4,0.046972303244783686,1,4.034834857220507,0.017036682849418953,0.025431656875775456,0.008641708823062451,0.0042223990453862294,93,chr4,139664369,cg02688643,0.017036682849418953,1.1876905612292228e-4,3.9252966949235635,chr4,140585523,MGST2,4,139664369,MGST2,1
1.187736973258786e-4,0.046972303244783686,1,4.034823917861963,0.04597038383573793,0.06862275272786503,0.02331801494361082,0.01139340520715894,93,chr4,87241624,cg04016593,0.04597038383573793,1.187736973258786e-4,3.9252797240936452,chr4,88162776,,4,87241624,NA,1
1.1885320176066983e-4,0.046972303244783686,1,4.034636588830511,0.04664738065960306,0.06963441378752386,0.02366034753168227,0.011561730439054084,93,chr1,185284363,cg15488596,0.04664738065960306,1.1885320176066983e-4,3.924989114413194,chr1,185253495,C1orf26;C1orf26,1,185284363,C1orf26,1
1.1886449972604954e-4,0.046972303244783686,1,4.034609978224606,0.04626358475663613,0.06906164017872615,0.023465529334546112,0.011466680795994564,93,chr7,51070027,cg06296241,0.04626358475663613,1.1886449972604954e-4,3.9249478331455885,chr7,51137724,COBL;COBL,7,51070027,COBL,1
1.190650780845398e-4,0.046972303244783686,1,4.034137950541088,0.04202989424035608,0.06274406891289866,0.021315719567813505,0.010418556518306154,93,chr5,24646475,cg08296459,0.04202989424035608,1.190650780845398e-4,3.9242155988793086,chr5,24646584,CDH10,5,24646475,CDH10,1
1.1906674176903904e-4,0.046972303244783686,1,4.034134038528555,0.04091969905207005,0.06108674041610129,0.020752657688038804,0.010143366249425724,93,chr19,47485099,cg01061877,0.04091969905207005,1.1906674176903904e-4,3.924209530568084,chr19,47988356,KPTN,19,47485099,KPTN,1
1.1906727641821338e-4,0.046972303244783686,1,4.034132781357652,0.042617763637820924,0.06362169303802781,0.021613834237614038,0.010564293727455914,93,chr12,104382307,cg10163220,0.042617763637820924,1.1906727641821338e-4,3.924207580446149,chr12,104776085,,12,104382307,NA,1
1.1918895614182339e-4,0.046972303244783686,1,4.033846805166182,0.025629500940256834,0.03826175439796162,0.012997247482552047,0.0063536128609130394,93,chr7,86522284,cg03015943,0.025629500940256834,1.1918895614182339e-4,3.9237639837641236,chr7,86522284,KIAA1324L;KIAA1324L;KIAA1324L;KIAA1324L,7,86522284,KIAA1324L,1
1.1919279544109413e-4,0.046972303244783686,1,4.033837786462133,0.04468542927387808,0.06671000680302708,0.022660851744729083,0.011077646558779778,93,chr16,67944542,cg09495207,0.04468542927387808,1.1919279544109413e-4,3.923749994551638,chr16,67978445,SLC12A4;SLC12A4;SLC12A4;SLC12A4;SLC12A4;LCAT,16,67944542,SLC12A4,1
1.1922398065527144e-4,0.046972303244783686,1,4.033764541174929,0.039422658298155194,0.0588536713653347,0.01999164523097569,0.009773167941694588,93,chr20,45115280,cg25718438,0.039422658298155194,1.1922398065527144e-4,3.923636382022074,chr20,43743921,WFDC5,20,45115280,WFDC5,1
1.1925198687777176e-4,0.046972303244783686,1,4.0336987781086755,0.053419736832422356,0.07975019175821982,0.0270892819066249,0.013243362920983865,93,chr14,91458860,cg18465043,0.053419736832422356,1.1925198687777176e-4,3.923534376372846,chr14,91925204,PPP4R3A;PPP4R3A,14,91458860,PPP4R3A,1
1.1925594908244968e-4,0.046972303244783686,1,4.033689475418203,0.06082344002543276,0.09080323091289044,0.030843649137975077,0.015078860283147285,93,chr11,68586202,cg07786832,0.06082344002543276,1.1925594908244968e-4,3.923519946969304,chr11,68353670,PPP6R3;PPP6R3;PPP6R3;PPP6R3;PPP6R3;PPP6R3,11,68586202,PPP6R3,1
1.1938816055473391e-4,0.04699655648711933,1,4.033379231684222,0.024786114101601805,0.03700409576419382,0.012568132439009786,0.006145247614430702,93,chr7,133575038,cg08877262,0.024786114101601805,1.1938816055473391e-4,3.9230387390415733,chr7,133259792,EXOC4,7,133575038,EXOC4,1
1.1943047138224606e-4,0.04699655648711933,1,4.033280015903743,0.07537590089642335,0.11253235170886355,0.03821945008398314,0.01868848693847352,93,chr22,32477872,cg06866757,0.07537590089642335,1.1943047138224606e-4,3.922884853568262,chr22,32873859,FBXO7;FBXO7;FBXO7,22,32477872,FBXO7,1
1.1948295508452352e-4,0.04699655648711933,1,4.033156992329168,0.02193901626653179,0.032754155249103335,0.01112387728396024,0.005439663347660041,93,chr10,134531485,cg13445334,0.02193901626653179,1.1948295508452352e-4,3.9226940448473573,chr10,134531485,INPP5A,10,134531485,INPP5A,1
1.1972687847594639e-4,0.04700053351134984,1,-4.0325859072110495,-0.04703246257739032,-0.02384388160988239,-0.07022104354489825,0.011663102450784028,93,chr5,131430859,cg11225089,-0.04703246257739032,1.1972687847594639e-4,3.921808340292137,chr5,131430859,,5,131430859,NA,1
1.1973572395446629e-4,0.04700053351134984,1,4.032565218733567,0.05392724015616401,0.08051531404540303,0.027339166266924977,0.013372936885345634,93,chr6,166750160,cg22865069,0.05392724015616401,1.1973572395446629e-4,3.9217762555952054,chr6,167163648,RPS6KA2,6,166750160,RPS6KA2,1
1.1978938601798334e-4,0.04700053351134984,1,4.032439741242795,0.04433821424636555,0.06619923283234595,0.022477195660385137,0.010995381727068423,93,chr1,211494340,cg12483927,0.04433821424636555,1.1978938601798334e-4,3.9215816610621683,chr1,211667682,RD3;RD3,1,211494340,RD3,1
1.2003569272354545e-4,0.04700053351134984,1,4.031864495586937,0.020508256880307767,0.030621324311200238,0.010395189449415298,0.005086544178941283,93,chr8,37044755,cg04107251,0.020508256880307767,1.2003569272354545e-4,3.9206895968856217,chr8,36902273,,8,37044755,NA,1
1.2009025459065002e-4,0.04700053351134984,1,4.031737220379875,0.029161789249002742,0.043542555629105646,0.014781022868899839,0.007233058023125596,93,chr7,38298908,cg12504098,0.029161789249002742,1.2009025459065002e-4,3.9204922344724493,chr7,38298908,,7,38298908,NA,1
1.2013735907438168e-4,0.04700053351134984,1,4.031627385453094,0.016196306151648583,0.024183526633397415,0.00820908566989975,0.004017312267023497,93,chr10,33372835,cg10821789,0.016196306151648583,1.2013735907438168e-4,3.9203219191843135,chr10,33661763,,10,33372835,NA,1
1.2014771205418539e-4,0.04700053351134984,1,4.031603250640292,0.024667045167635848,0.03683168974713598,0.012502400588135714,0.006118420795428785,93,chr21,14410500,cg12118972,0.024667045167635848,1.2014771205418539e-4,3.9202844949533224,chr21,14410500,C21orf99,21,14410500,C21orf99,1
1.2022901401094181e-4,0.04700053351134984,1,-4.031413789266801,-0.10451710666675715,-0.05297168652761376,-0.15606252680590055,0.02592567077709129,93,chr5,133140059,cg11163453,-0.10451710666675715,1.2022901401094181e-4,3.9199907144936943,chr5,132475751,,5,133140059,NA,1
1.20238139472918e-4,0.04700053351134984,1,4.03139253149134,0.034701004367765464,0.05181482753257749,0.017587181202953443,0.008607696744164096,93,chr16,70537576,cg01695579,0.034701004367765464,1.20238139472918e-4,3.919957752505119,chr16,70571479,SNORD111;SF3B3,16,70537576,SNORD111,1
1.2034548544704597e-4,0.04700053351134984,1,-4.031142585034599,-0.04340201178481948,-0.02199570314609962,-0.06480832042353933,0.01076667740455203,93,chr11,18287647,cg15484375,-0.04340201178481948,1.2034548544704597e-4,3.9195701968904952,chr11,18287647,SAA1;SAA1,11,18287647,SAA1,1
1.2037584444694553e-4,0.04700053351134984,1,4.031071935347287,0.018846977523050725,0.02814265926797077,0.009551295778130678,0.004675425749113308,93,chr1,34779126,cg23487967,0.018846977523050725,1.2037584444694553e-4,3.919460653243423,chr1,35244727,,1,34779126,NA,1
1.2049446653070215e-4,0.04700053351134984,1,4.030796048764481,0.02877489335474802,0.0429681802243331,0.014581606485162936,0.007138761923607645,93,chr18,76632552,cg16702999,0.02877489335474802,1.2049446653070215e-4,3.9190328967435613,chr18,74344509,LOC101927651,18,76632552,LOC101927651,1
1.2069396271453276e-4,0.04700053351134984,1,-4.030332655434383,-0.09292926555362163,-0.047086406676519935,-0.13877212443072334,0.02305746783167353,93,chr12,116602122,cg18881546,-0.09292926555362163,1.2069396271453276e-4,3.9183144533934553,chr12,117039927,,12,116602122,NA,1
1.207060361322528e-4,0.04700053351134984,1,4.0303046346685765,0.021376525301944036,0.031921834576245214,0.010831216027642856,0.005303947775575999,93,chr6,49858683,cg07970421,0.021376525301944036,1.207060361322528e-4,3.9182710116476147,chr6,49826396,CRISP1;CRISP1;CRISP1,6,49858683,CRISP1,1
1.207548539680346e-4,0.04700053351134984,1,4.030191362498933,0.019565705390510287,0.02921798566471979,0.009913425116300782,0.004854783217633246,93,chr4,156641465,cg13051820,0.019565705390510287,1.207548539680346e-4,3.918095402943625,chr4,157562617,,4,156641465,NA,1
1.208520687837099e-4,0.04700053351134984,1,4.029965925462561,0.010374293349221185,0.015492493110386453,0.0052560935880559155,0.002574288105929933,93,chr1,32179092,cg21093060,0.010374293349221185,1.208520687837099e-4,3.9177459108032124,chr1,32644693,TXLNA,1,32179092,TXLNA,1
1.209112307995435e-4,0.04700053351134984,1,4.0298288163938265,0.06858821206664832,0.10242763637292525,0.034748787760371394,0.01702013043026127,93,chr3,52775926,cg09469170,0.06858821206664832,1.209112307995435e-4,3.917533357966848,chr3,52809942,,3,52775926,NA,1
1.2092721156128022e-4,0.04700053351134984,1,4.029791791722618,0.03224683077382689,0.04815662317106791,0.016337038376585865,0.008002108406708109,93,chr5,161178484,cg24799729,0.03224683077382689,1.2092721156128022e-4,3.91747596132981,chr5,161178484,,5,161178484,NA,1
1.2095179825182571e-4,0.04700053351134984,1,-4.02973483776256,-0.019128261117416952,-0.009690714630716099,-0.028565807604117803,0.004746779102725673,93,chr17,33751386,cg16307912,-0.019128261117416952,1.2095179825182571e-4,3.9173876703774266,chr17,32078405,ACCN1,17,33751386,ACCN1,1
1.2107312172961068e-4,0.04700053351134984,1,4.02945395992036,0.01657544791558709,0.02475405147643346,0.008396844354740718,0.004113571734646322,93,chr4,6984882,cg04207632,0.01657544791558709,1.2107312172961068e-4,3.9169522596656305,chr4,6986609,TBC1D14;TBC1D14,4,6984882,TBC1D14,1
1.2108389539735479e-4,0.04700053351134984,1,4.029429030692043,0.01375855155617333,0.020547293284028822,0.006969809828317839,0.003414516411971732,93,chr8,48043018,cg02827321,0.01375855155617333,1.2108389539735479e-4,3.9169136157765565,chr8,48955578,UBE2V2;UBE2V2,8,48043018,UBE2V2,1
1.2108941474292928e-4,0.04700053351134984,1,-4.029416260282879,-0.08345174948780018,-0.04227487362222665,-0.12462862535337371,0.02071063005090012,93,chr3,129349437,cg15901455,-0.08345174948780018,1.2108941474292928e-4,3.91689381985994,chr3,129068280,,3,129349437,NA,1
1.2111606790736762e-4,0.04700053351134984,1,4.029354599269215,0.026490624906067715,0.039561865144049344,0.013419384668086084,0.006574408941539222,93,chr7,91239643,cg05605980,0.026490624906067715,1.2111606790736762e-4,3.916798237198797,chr7,90868958,,7,91239643,NA,1
1.2117142951988642e-4,0.04700053351134984,1,-4.029226564016594,-0.22384158969533427,-0.11338816780070991,-0.3342950115899586,0.05555448077662689,93,chr9,1989032,cg05519532,-0.22384158969533427,1.2117142951988642e-4,3.9165997684911673,chr9,1989032,,9,1989032,NA,1
1.2117154840127315e-4,0.04700053351134984,1,4.02922628913903,0.024368032010213023,0.03639230644307425,0.012343757577351795,0.006047819174588979,93,chr14,69770294,cg08507910,0.024368032010213023,1.2117154840127315e-4,3.9165993424047114,chr14,70237011,SRSF5;SRSF5,14,69770294,SRSF5,1
1.2119578109550382e-4,0.04700053351134984,1,4.029170263699441,0.035605403926458876,0.05317494343800448,0.01803586441491327,0.008836907252901063,93,chr10,133247982,cg16892611,0.035605403926458876,1.2119578109550382e-4,3.916512497981885,chr10,135061486,MIR202;MIR202HG;MIR202HG,10,133247982,MIR202,1
1.2122232936864831e-4,0.04700053351134984,1,-4.029108897028512,-0.04740270835608857,-0.024011415168174715,-0.07079400154400242,0.011765060108216065,93,chr11,8057279,cg12578013,-0.04740270835608857,1.2122232936864831e-4,3.9164173749850533,chr11,8078826,TUB,11,8057279,TUB,1
1.2143460829321195e-4,0.04700053351134984,1,4.028618674787553,0.0685735430071186,0.10241589275043263,0.03473119326380457,0.017021601829995684,93,chr6,29087732,cg22180958,0.0685735430071186,1.2143460829321195e-4,3.9156575237319338,chr6,29055509,OR2B3,6,29087732,OR2B3,1
1.2155392891827389e-4,0.04700053351134984,1,4.0283434847977615,0.052028752028333486,0.07770768635546729,0.02634981770119968,0.012915669238405456,93,chr10,2914797,cg17005205,0.052028752028333486,1.2155392891827389e-4,3.9152309991410905,chr10,2956989,,10,2914797,NA,1
1.216258686689499e-4,0.04700053351134984,1,4.028177694841723,0.055994081695210626,0.08363125286790969,0.028356910522511557,0.013900598716614157,93,chr18,34820103,cg03839088,0.055994081695210626,1.216258686689499e-4,3.9149740449206374,chr18,32400067,DTNA;DTNA;DTNA;DTNA;DTNA;DTNA;DTNA;DTNA;DTNA;DTNA;DTNA;DTNA;DTNA;DTNA;DTNA;DTNA;DTNA,18,34820103,DTNA,1
1.2163071695884915e-4,0.04700053351134984,1,4.028166525017945,0.014159998375395322,0.021149011717928858,0.007170985032861789,0.0035152465240578007,93,chr9,125467514,cg14101959,0.014159998375395322,1.2163071695884915e-4,3.9149567332779145,chr9,128229793,MAPKAP1;MAPKAP1;MAPKAP1;MAPKAP1;MAPKAP1,9,125467514,MAPKAP1,1
1.2166217119026813e-4,0.04700053351134984,1,4.028094068968524,0.02502718566910951,0.037380187149089104,0.012674184189129916,0.006213158193576705,93,chr11,36040747,cg20735242,0.02502718566910951,1.2166217119026813e-4,3.9148444373590503,chr11,36062297,LDLRAD3,11,36040747,LDLRAD3,1
1.2168990871464473e-4,0.04700053351134984,1,4.028030189407908,0.04145415588052857,0.06191556039955309,0.02099275136150405,0.010291421347718857,93,chr18,35466036,cg24629258,0.04145415588052857,1.2168990871464473e-4,3.91474543468083,chr18,33046000,,18,35466036,NA,1
1.2173115385765886e-4,0.04700053351134984,1,4.027935227603768,0.029755332086572883,0.0444426469596682,0.015068017213477563,0.007387241950331567,93,chr5,181126595,cg25495486,0.029755332086572883,1.2173115385765886e-4,3.914598261400108,chr5,180553595,OR2V1,5,181126595,OR2V1,1
1.2189148653742759e-4,0.04700053351134984,1,4.02756637454586,0.025959171107056526,0.03877386382653737,0.013144478387575683,0.006445373879153916,93,chr7,44083819,cg07720905,0.025959171107056526,1.2189148653742759e-4,3.9140266264483454,chr7,44123418,POLM;POLM;POLM;POLM,7,44083819,POLM,1
1.2189811459682151e-4,0.04700053351134984,1,4.0275511363957115,0.057667309039720574,0.08613476812012003,0.029199849959321116,0.014318206544567308,93,chr18,23133510,cg19786422,0.057667309039720574,1.2189811459682151e-4,3.9140030115803786,chr18,20713474,CABLES1,18,23133510,CABLES1,1
1.2189943764862342e-4,0.04700053351134984,1,4.027548094746557,0.08531458939451457,0.1274301563797883,0.04319902240924084,0.021182761170697624,93,chr12,761916,cg19157311,0.08531458939451457,1.2189943764862342e-4,3.9139982978817254,chr12,871082,WNK1;WNK1;WNK1;WNK1,12,761916,WNK1,1
1.219478647106778e-4,0.04700053351134984,1,-4.027436784437216,-0.029753614238879508,-0.015065329675368383,-0.044441898802390634,0.007387729673089631,93,chr11,27701698,cg24377657,-0.029753614238879508,1.219478647106778e-4,3.9138257997167014,chr11,27723245,BDNF;BDNF;BDNF;BDNF;BDNF;BDNF;BDNF;BDNF;BDNF;BDNF;BDNF;BDNF;BDNF;BDNF,11,27701698,BDNF,1
1.2198927095321097e-4,0.04700053351134984,1,-4.027341645206657,-0.06281766530231492,-0.03180612051879399,-0.09382921008583585,0.015597798954325249,93,chr7,44125886,cg00339008,-0.06281766530231492,1.2198927095321097e-4,3.913678364167192,chr7,44165485,,7,44125886,NA,1
1.2200963895655575e-4,0.04700053351134984,1,4.027294856959189,0.059947779885355316,0.08954287626397002,0.03035268350674061,0.01488537145020936,93,chr5,68367450,cg26241636,0.059947779885355316,1.2200963895655575e-4,3.9136058580114566,chr5,67663278,,5,68367450,NA,1
1.2203325072346429e-4,0.04700053351134984,1,4.027240626694759,0.026016544645502383,0.038860598518694764,0.013172490772310001,0.006460141585047206,93,chr13,95679378,cg12353240,0.026016544645502383,1.2203325072346429e-4,3.9135218198317596,chr13,96331632,DNAJC3,13,95679378,DNAJC3,1
1.2216190682598816e-4,0.04700053351134984,1,4.026945312853795,0.05173083766406151,0.07727160031327844,0.02619007501484458,0.012846173375868662,93,chr10,91930695,cg03676569,0.05173083766406151,1.2216190682598816e-4,3.9130641969933717,chr10,93690452,BTAF1,10,91930695,BTAF1,1
1.2227758729720453e-4,0.04700053351134984,1,4.026680037556768,0.03123658445201051,0.046659855840765915,0.01581331306325511,0.007757404154456645,93,chr16,67916353,cg08382009,0.03123658445201051,1.2227758729720453e-4,3.9126531390811135,chr16,67916353,EDC4,16,67916353,EDC4,1
1.2230225578953023e-4,0.04700053351134984,1,4.026623499587611,0.061954042027747236,0.09254469197478432,0.03136339208071016,0.015386102533324085,93,chr10,115026583,cg25751164,0.061954042027747236,1.2230225578953023e-4,3.9125655325964988,chr10,116786342,,10,115026583,NA,1
1.223205561048367e-4,0.04700053351134984,1,-4.0265815639757285,-0.08847552066939461,-0.04478907535108807,-0.13216196598770114,0.0219728619087096,93,chr15,66408983,cg21421087,-0.08847552066939461,1.223205561048367e-4,3.912500553162177,chr15,66701321,MAP2K1,15,66408983,MAP2K1,1
1.2232079917745073e-4,0.04700053351134984,1,4.0265810070095,0.018285744808925936,0.0273146750164349,0.009256814601416972,0.004541258396911421,93,chr3,56836068,cg00535884,0.018285744808925936,1.2232079917745073e-4,3.912499690142964,chr3,56870096,ARHGEF3;ARHGEF3,3,56836068,ARHGEF3,1
1.2235624164493063e-4,0.04700053351134984,1,4.026499807011503,0.07085409670862343,0.10584034430028888,0.03586784911695797,0.01759694526378528,93,chr12,64567709,cg20992317,0.07085409670862343,1.2235624164493063e-4,3.9123738714874214,chr12,64961489,,12,64567709,NA,1
1.2240414945848652e-4,0.04700053351134984,1,-4.0263900843009965,-0.028326426331099514,-0.014339057672974566,-0.04231379498922446,0.007035191756890374,93,chr1,173123184,cg09183124,-0.028326426331099514,1.2240414945848652e-4,3.9122038595076294,chr1,173092323,,1,173123184,NA,1
1.2247056021270003e-4,0.04700053351134984,1,4.026238052633607,0.1001867216961428,0.14966001246270755,0.05071343092957805,0.02488345706002395,93,chr16,81005622,cg08265926,0.1001867216961428,1.2247056021270003e-4,3.9119682955750386,chr16,81039227,CENPN;CENPN;CENPN;C16orf61,16,81005622,CENPN,1
1.2253728902743058e-4,0.04700053351134984,1,4.026085372472659,0.053607506516259736,0.08008047906826662,0.027134533964252854,0.013315044654240944,93,chr17,27545905,cg04561005,0.053607506516259736,1.2253728902743058e-4,3.9117317320785805,chr17,25872931,KSR1,17,27545905,KSR1,1
1.2257817032676908e-4,0.04700053351134984,1,4.025991872615696,0.035958744810160474,0.053716649141393874,0.01820084047892707,0.008931648634153352,93,chr17,17155108,cg27376514,0.035958744810160474,1.2257817032676908e-4,3.9115868654681503,chr17,17058422,MPRIP;MPRIP,17,17155108,MPRIP,1
1.2261120054870723e-4,0.04700053351134984,1,4.025916350848406,0.04284819618258736,0.06400879136275837,0.021687601002416346,0.010643091522146927,93,chr4,120918338,cg19719207,0.04284819618258736,1.2261120054870723e-4,3.911469855149478,chr4,121839493,PRDM5,4,120918338,PRDM5,1
1.2264646215771213e-4,0.04700053351134984,1,4.025835748673603,0.055961414058977886,0.08359852933542668,0.028324298782529095,0.01390057060261725,93,chr5,124387229,cg03683567,0.055961414058977886,1.2264646215771213e-4,3.9113449748733604,chr5,123722922,LINC01170,5,124387229,LINC01170,1
1.2264763961443578e-4,0.04700053351134984,1,4.025833057586876,0.02714721533858404,0.0405541535635232,0.013740277113644879,0.006743254116666315,93,chr7,151142868,cg12880059,0.02714721533858404,1.2264763961443578e-4,3.9113408054868644,chr7,150839955,AGAP3;AGAP3,7,151142868,AGAP3,1
1.2272312386526387e-4,0.04700743958102645,1,4.025660589429744,0.034532444438842944,0.05158738648033663,0.01747750239734926,0.008578081453144724,93,chr2,236073541,cg16942386,0.034532444438842944,1.2272312386526387e-4,3.9110735984718596,chr2,236982185,AGAP1;AGAP1,2,236073541,AGAP1,1
1.227744553439403e-4,0.04700743958102645,1,4.025543364201876,0.021838021603782534,0.03262373470834293,0.011052308499222138,0.005424863087547996,93,chr22,35214121,cg19333462,0.021838021603782534,1.227744553439403e-4,3.910891983823489,chr22,35610114,LINC01399,22,35214121,LINC01399,1
1.2295408912675317e-4,0.04705536847965545,1,4.025133505989132,0.04036651011123762,0.06030540098764285,0.02042761923483238,0.010028613970486924,93,chr14,50814542,cg21646823,0.04036651011123762,1.2295408912675317e-4,3.9102570232029885,chr14,51281260,NIN;NIN;NIN;NIN,14,50814542,NIN,1
1.2335328200336812e-4,0.047180519441690244,1,4.024224747365503,0.01113260445351306,0.016632755714480245,0.005632453192545876,0.0027663972944853847,93,chr14,20988427,cg01779043,0.01113260445351306,1.2335328200336812e-4,3.908849290949354,chr14,21456586,METT11D1;METT11D1,14,20988427,METT11D1,1
1.2339029932028156e-4,0.047180519441690244,1,4.024140620787625,0.04598118409553501,0.06869902661005606,0.02326334158101396,0.011426336310915334,93,chr9,5996654,cg13930177,0.04598118409553501,1.2339029932028156e-4,3.9087189822580015,chr9,5996654,KIAA2026,9,5996654,KIAA2026,1
1.2352286095635207e-4,0.04720628692093385,1,4.023839555994083,0.02573833849563126,0.03845578544504443,0.013020891546218091,0.006396462417913839,93,chr4,48551604,cg02508534,0.02573833849563126,1.2352286095635207e-4,3.9082526580448707,chr4,48553621,FRYL,4,48551604,FRYL,1
1.2357414352073148e-4,0.04720628692093385,1,4.0237231697216425,0.02639164695215503,0.03943227419813869,0.013351019706171372,0.006559011601680535,93,chr6,139748593,cg00057667,0.02639164695215503,1.2357414352073148e-4,3.9080723909056982,chr6,140069730,,6,139748593,NA,1
1.2362157039742233e-4,0.04720628692093385,1,4.023615575197524,0.045878467505847204,0.06854851886762563,0.023208416144068784,0.011402298914601199,93,chr22,46046223,cg13649561,0.045878467505847204,1.2362157039742233e-4,3.907905743751773,chr22,46442103,LINC00899,22,46046223,LINC00899,1
1.2413855925556632e-4,0.04738276689832868,1,4.022445274819588,0.020690173365304355,0.030916839254235152,0.010463507476373559,0.005143680510664582,93,chr7,5351162,cg10327399,0.020690173365304355,1.2413855925556632e-4,3.906093299316244,chr7,5390793,TNRC18,7,5351162,TNRC18,1
1.244067372676844e-4,0.04746416371891568,1,4.021840044254229,0.06766628318616698,0.10111716802140433,0.03421539835092963,0.0168247077063241,93,chr10,20617600,cg00777713,0.06766628318616698,1.244067372676844e-4,3.9051560997179564,chr10,20906529,,10,20617600,NA,1
1.245168192711909e-4,0.04746704145028352,1,4.021591970740774,0.055161368608669076,0.0824321203551081,0.02789061686223006,0.013716301656159413,93,chr4,41085445,cg19113987,0.055161368608669076,1.245168192711909e-4,3.9047719817143323,chr4,41085445,APBB2;APBB2;APBB2,4,41085445,APBB2,1
1.245241380773206e-4,0.04746704145028352,1,-4.021575485022566,-0.01808177357019837,-0.009142445341145437,-0.027021101799251303,0.004496191514380318,93,chr10,103551599,cg08409361,-0.01808177357019837,1.245241380773206e-4,3.904746455655077,chr10,105311356,NEURL,10,103551599,NEURL,1
1.2480300671703282e-4,0.04753634732893353,1,4.0209480206613675,0.0469429734347318,0.07015442059087579,0.023731526278587815,0.011674603400371884,93,chr22,36819925,cg12730802,0.0469429734347318,1.2480300671703282e-4,3.9037749516336717,chr22,37215969,PVALB,22,36819925,PVALB,1
1.2481597229347405e-4,0.04753634732893353,1,4.020918880378694,0.013962625421891351,0.020866642512906555,0.007058608330876148,0.003472496172461041,93,chr1,154874796,cg22055585,0.013962625421891351,1.2481597229347405e-4,3.9037298358469594,chr1,154847272,,1,154874796,NA,1
1.2503029084413628e-4,0.047570289129051146,1,4.020437617141912,0.051457122964380896,0.07690386896512136,0.026010376963640426,0.012798886057822043,93,chrX,13761891,cg25638077,0.051457122964380896,1.2503029084413628e-4,3.902984758569575,chrX,13780010,OFD1,23,13761891,OFD1,1
1.2508698344169074e-4,0.047570289129051146,1,4.020310443356749,0.04686552440709497,0.07004235108522466,0.02368869772896527,0.01165719042531569,93,chr20,43726985,cg11398517,0.04686552440709497,1.2508698344169074e-4,3.902787880662804,chr20,42355625,GTSF1L;GTSF1L;GTSF1L;GTSF1L,20,43726985,GTSF1L,1
1.2510979168891732e-4,0.047570289129051146,1,4.020259295108089,0.053475734182524104,0.07992190344462108,0.027029564920427133,0.013301563470693086,93,chr7,75962816,cg16182457,0.053475734182524104,1.2510979168891732e-4,3.9027086990191986,chr7,75592134,POR,7,75962816,POR,1
1.2512528720680304e-4,0.047570289129051146,1,4.020224550998576,0.02824943196140181,0.042220174527584566,0.014278689395219056,0.0070268293730968295,93,chr1,209752431,cg20318108,0.02824943196140181,1.2512528720680304e-4,3.902654912651993,chr1,209925776,,1,209752431,NA,1
1.2537480432938994e-4,0.04761104560713094,1,4.019665650278042,0.05436496484703168,0.08125486954522418,0.027475060148839187,0.013524747970834649,93,chr12,92107794,cg09929187,0.05436496484703168,1.2537480432938994e-4,3.9017897317679964,chr12,92501570,,12,92107794,NA,1
1.2544518560226852e-4,0.04761104560713094,1,4.01950819409837,0.01940450410985389,0.029002702280131135,0.009806305939576643,0.0048275816773665214,93,chr3,38870296,cg03517923,0.01940450410985389,1.2544518560226852e-4,3.901546001599192,chr3,38870296,,3,38870296,NA,1
1.2552220095633502e-4,0.04761104560713094,1,4.019335993283784,0.047086113566937225,0.07037767562463719,0.02379455150923726,0.0117148985916124,93,chr17,14093020,cg01927901,0.047086113566937225,1.2552220095633502e-4,3.9012794542616955,chr17,13996337,COX10,17,14093020,COX10,1
1.2561277109413997e-4,0.04761104560713094,1,4.019133614553667,0.02580714658013814,0.03857352243241272,0.013040770727863556,0.006421072065553629,93,chr1,4111534,cg23960736,0.02580714658013814,1.2561277109413997e-4,3.900966203482976,chr1,4171594,,1,4111534,NA,1
1.2562428902601662e-4,0.04761104560713094,1,4.019107887797135,0.03362917055470209,0.05026508098789563,0.016993260121508546,0.00836732217535324,93,chr1,54048497,cg20699740,0.03362917055470209,1.2562428902601662e-4,3.900926383129577,chr1,54514170,TMEM59;TMEM59;TMEM59;TMEM59;TMEM59;TMEM59;TMEM59,1,54048497,TMEM59,1
1.2564396574284e-4,0.04761104560713094,1,-4.019063942596487,-0.020146120481610515,-0.010179989442309129,-0.030112251520911903,0.005012639950335116,93,chr11,110713340,cg03110368,-0.020146120481610515,1.2564396574284e-4,3.900858364274082,chr11,110584063,ARHGAP20,11,110713340,ARHGAP20,1
1.2567325543407371e-4,0.04761104560713094,1,4.018998540383152,0.02836231111582284,0.0423931568688109,0.014331465362834781,0.007057059322325336,93,chr19,21141658,cg02101581,0.02836231111582284,1.2567325543407371e-4,3.9007571348296572,chr19,21324461,ZNF431,19,21141658,ZNF431,1
1.2584269297217252e-4,0.0476196095575449,1,4.018620482667302,0.04696701964763512,0.0702038073920427,0.023730231903227535,0.011687348892538724,93,chr12,64683077,cg17518427,0.04696701964763512,1.2584269297217252e-4,3.900171996595509,chr12,65076857,RASSF3;RASSF3,12,64683077,RASSF3,1
1.2584471324384586e-4,0.0476196095575449,1,4.018615977879527,0.04526019276488069,0.06765255828807189,0.0228678272416895,0.011262631964341812,93,chr1,3203681,cg00774867,0.04526019276488069,1.2584471324384586e-4,3.9001650245117414,chr1,3120245,PRDM16;PRDM16,1,3203681,PRDM16,1
1.2586594311645268e-4,0.0476196095575449,1,4.018568643850322,0.02883577213981843,0.043102365277312524,0.014569179002324337,0.007175632593447487,93,chr12,122978858,cg17436506,0.02883577213981843,1.2586594311645268e-4,3.900091765662237,chr12,123463405,ARL6IP4;ARL6IP4;OGFOD2;ARL6IP4;ARL6IP4,12,122978858,ARL6IP4,1
1.2595932378017227e-4,0.0476196095575449,1,4.018360533611496,0.015671951007297933,0.023426101895179508,0.007917800119416358,0.003900085837547481,93,chr3,123416915,cg24527366,0.015671951007297933,1.2595932378017227e-4,3.8997696795639794,chr3,123135762,ADCY5;ADCY5,3,123416915,ADCY5,1
1.260050303216106e-4,0.0476196095575449,1,4.018258724922232,0.047032175081482594,0.07030329315022373,0.02376105701274146,0.011704615929725342,93,chr17,40074946,cg03724728,0.047032175081482594,1.260050303216106e-4,3.899612116808549,chr17,38231199,THRA;THRA,17,40074946,THRA,1
1.260944681070377e-4,0.0476196095575449,1,4.018059609826247,0.013989909024126602,0.020912339408992356,0.007067478639260848,0.0034817574607190972,93,chr13,111280510,cg05472841,0.013989909024126602,1.260944681070377e-4,3.899303965951,chr13,111932857,ARHGEF7;ARHGEF7;ARHGEF7;ARHGEF7;ARHGEF7,13,111280510,ARHGEF7,1
1.2609765561613737e-4,0.0476196095575449,1,4.018052515983494,0.061885327491701086,0.0925072298213521,0.03126342516205008,0.01540182146587835,93,chr12,120094182,cg12160087,0.061885327491701086,1.2609765561613737e-4,3.899292987673069,chr12,120531986,CCDC64,12,120094182,CCDC64,1
1.261524367423626e-4,0.0476196095575449,1,4.017930626747028,0.01732690369461223,0.025900807559174698,0.00875299983004976,0.004312394937649864,93,chr9,37939162,cg04232421,0.01732690369461223,1.261524367423626e-4,3.8991043562955054,chr9,37939159,SHB,9,37939162,SHB,1
1.262226355329559e-4,0.0476196095575449,1,-4.017774507044402,-0.07889800137541195,-0.039855240109239326,-0.11794076264158457,0.019637239779653967,93,chr22,32776781,cg00271766,-0.07889800137541195,1.262226355329559e-4,3.898862755982904,chr22,33172767,SYN3;SYN3;SYN3,22,32776781,SYN3,1
1.262657452724703e-4,0.0476196095575449,1,-4.017678673728612,-0.11074666797386572,-0.05594225240087971,-0.16555108354685172,0.027564839542303952,93,chr19,14920839,cg15737817,-0.11074666797386572,1.262657452724703e-4,3.898714453537385,chr19,14920839,,19,14920839,NA,1
1.2630202222050393e-4,0.0476196095575449,1,4.017598054076897,0.0416461774765058,0.06225573855107072,0.02103661640194088,0.010365939279128466,93,chr5,141934241,cg12627897,0.0416461774765058,1.2630202222050393e-4,3.898589695904089,chr5,141313806,KIAA0141;KIAA0141;KIAA0141;KIAA0141,5,141934241,KIAA0141,1
1.2649636688919757e-4,0.047656254380490405,1,4.01716653228539,0.01289186539572791,0.019272384430661465,0.006511346360794354,0.0032091936672572177,93,chr10,99733565,cg12327691,0.01289186539572791,1.2649636688919757e-4,3.897921947710551,chr10,101493322,COX15;CUTC;COX15,10,99733565,COX15,1
1.265961266687506e-4,0.047656254380490405,1,4.016945273139042,0.030512074387305865,0.045614124312658204,0.015410024461953525,0.007595840200098669,93,chr8,42538909,cg24509531,0.030512074387305865,1.265961266687506e-4,3.897579581776181,chr8,42394052,SLC20A2;SLC20A2,8,42538909,SLC20A2,1
1.266076824163365e-4,0.047656254380490405,1,4.01691965423029,0.05541886806018877,0.08284879102813228,0.02798894509224525,0.013796359606502502,93,chr14,38868332,cg09676157,0.05541886806018877,1.266076824163365e-4,3.897539941002747,chr14,39337536,LINC00639,14,38868332,LINC00639,1
1.2661980769309794e-4,0.047656254380490405,1,4.016892775095352,0.018942991103879762,0.02831900836835185,0.009566973839407676,0.004715831904034355,93,chr8,939003,cg03403771,0.018942991103879762,1.2661980769309794e-4,3.897498350409318,chr8,889003,ERICH1-AS1,8,939003,ERICH1-AS1,1
1.2668965073088043e-4,0.04766178278554279,1,-4.016737996123527,-0.08052981461789466,-0.04066926552619571,-0.1203903637095936,0.020048560472605472,93,chr8,19369752,cg17487784,-0.08052981461789466,1.2668965073088043e-4,3.8972588611548256,chr8,19369752,CSGALNACT1;CSGALNACT1;CSGALNACT1,8,19369752,CSGALNACT1,1
0.00012689497606793861,0.04768148705666877,1,4.016283448643023,0.02414018304982611,0.03609041364241482,0.012189952457237403,0.00601057752982607,93,chr14,55294714,cg14053764,0.02414018304982611,0.00012689497606793861,3.896555571830926,chr14,55761432,FBXO34;FBXO34,14,55294714,FBXO34,1
1.269075581961717e-4,0.04768148705666877,1,4.016255617376233,0.08635308476423509,0.12910116269584837,0.04360500683262182,0.021500893616091206,93,chr12,31522217,cg11116818,0.08635308476423509,1.269075581961717e-4,3.8965125119861335,chr12,31675151,DENND5B;DENND5B,12,31522217,DENND5B,1
1.2714111672586811e-4,0.04774847905297366,1,4.015739473260649,0.05644642980405624,0.08439316184428133,0.02849969776383115,0.014056297770289264,93,chr7,130266077,cg21969993,0.05644642980405624,1.2714111672586811e-4,3.895713978325159,chr7,129905917,CPA2,7,130266077,CPA2,1
1.2737424082421737e-4,0.04776657482385542,1,4.0152251951784885,0.034561736414652953,0.051675507871846486,0.01744796495745942,0.008607670736912822,93,chr6,158573477,cg27279839,0.034561736414652953,1.2737424082421737e-4,3.894918391459203,chr6,158994509,TMEM181,6,158573477,TMEM181,1
1.2739547218207332e-4,0.04776657482385542,1,4.015178403084941,0.024925730970661194,0.03726823104987658,0.012583230891445805,0.006207876330354402,93,chr1,68144879,cg13188156,0.024925730970661194,1.2739547218207332e-4,3.894846007175587,chr1,68610562,GNG12-AS1;WLS;WLS;WLS,1,68144879,GNG12-AS1,1
1.2746567912104654e-4,0.04776657482385542,1,4.01502372624228,0.035780139395813426,0.05349811071242941,0.01806216807919744,0.008911563625876898,93,chr12,25096106,cg05467845,0.035780139395813426,1.2746567912104654e-4,3.8946067358170238,chr12,25249040,LRMP;LRMP;LRMP,12,25096106,LRMP,1
1.275419369812734e-4,0.04777443429832742,1,4.0148558108169965,0.046501305049711214,0.06952925468153504,0.023473355417887386,0.011582310110471566,93,chr12,122866126,cg17072087,0.046501305049711214,1.275419369812734e-4,3.894346991661993,chr12,123350673,VPS37B,12,122866126,VPS37B,1
1.2764660425738982e-4,0.04779292390044711,1,4.01462549618987,0.057501657562865655,0.08597873444144241,0.029024580684288905,0.014323043984411078,93,chr12,52367705,cg17495529,0.057501657562865655,1.2764660425738982e-4,3.8939907341060573,chr12,52761489,KRT85,12,52367705,KRT85,1
1.277133745519782e-4,0.04779721439837205,1,4.014478666402264,0.055221695273676825,0.08257064562612632,0.027872744921227335,0.013755633013032292,93,chr2,174792443,cg04960324,0.055221695273676825,1.277133745519782e-4,3.8937636196514678,chr2,175657171,,2,174792443,NA,1
1.2778384254116443e-4,0.04780288445871529,1,-4.01432378510224,-0.026653369633528226,-0.013452583178713567,-0.03985415608834288,0.006639566477533002,93,chr19,9434933,cg23327164,-0.026653369633528226,1.2778384254116443e-4,3.893524056497093,chr19,9545609,ZNF266;ZNF266,19,9434933,ZNF266,1
1.278399609031418e-4,0.04780318385736556,1,4.014200501364988,0.019074268463342786,0.028521594686737005,0.00962694223994857,0.004751697992378999,93,chr1,234908227,cg20415947,0.019074268463342786,1.278399609031418e-4,3.89333337084886,chr1,235043974,,1,234908227,NA,1
1.2789900986760524e-4,0.0478045783629372,1,4.014070835550241,0.054490144172198454,0.08147953031771316,0.027500758026683753,0.013574783905060074,93,chr17,16463918,cg10498052,0.054490144172198454,1.2789900986760524e-4,3.893132817606568,chr17,16367232,NCRNA00188;NCRNA00188;C17orf76;NCRNA00188;NCRNA00188;NCRNA00188;NCRNA00188;NCRNA00188;C17orf76;NCRNA00188,17,16463918,NCRNA00188,1
1.2803420624392232e-4,0.04782169714619028,1,4.013774173446677,0.050053657571908404,0.07484745029175495,0.025259864852061855,0.012470471782653062,93,chr13,42401875,cg24530966,0.050053657571908404,1.2803420624392232e-4,3.892673986614942,chr13,42976011,,13,42401875,NA,1
1.2807714076072598e-4,0.04782169714619028,1,4.013680024862427,0.044946120808626366,0.06721044667388511,0.022681794943367622,0.011198232178502307,93,chrX,119578846,cg11881680,0.044946120808626366,1.2807714076072598e-4,3.8925283763237637,chrX,118712809,UBE2A;UBE2A;UBE2A,23,119578846,UBE2A,1
1.281108287586333e-4,0.04782169714619028,1,4.013606173615614,0.054545412455854786,0.08156530118180427,0.027525523729905296,0.013590125711491555,93,chr10,11601805,cg24287994,0.054545412455854786,1.281108287586333e-4,3.892414159315765,chr10,11643804,USP6NL;USP6NL,10,11601805,USP6NL,1
1.2818614412537374e-4,0.047829150612361815,1,4.013441133671264,0.08172412611109536,0.1222090633136578,0.041239188908532926,0.020362607395798246,93,chr13,30143971,cg19928703,0.08172412611109536,1.2818614412537374e-4,3.8921589159646532,chr13,30143971,SLC7A1,13,30143971,SLC7A1,1
1.282688880023383e-4,0.047839368193783614,1,4.013259922662536,0.06142395105035535,0.09185385227425968,0.03099404982645101,0.015305251150940795,93,chr3,171373868,cg08698681,0.06142395105035535,1.282688880023383e-4,3.891878670261336,chr3,171091657,TNIK;TNIK;TNIK;TNIK;TNIK;TNIK;TNIK;TNIK;TNIK,3,171373868,TNIK,1
1.2834259941833204e-4,0.04784620965166112,1,4.013098587339942,0.029070253440099336,0.04347246118900014,0.014668045691198535,0.007243842334650537,93,chr12,21759972,cg04418294,0.029070253440099336,1.2834259941833204e-4,3.891629168865887,chr12,21912906,,12,21759972,NA,1
1.2852221118503265e-4,0.047850524588951525,1,4.012705835150892,0.07213938353190105,0.1078827278996586,0.03639603916414351,0.017977740331715186,93,chr17,58192457,cg02970679,0.07213938353190105,1.2852221118503265e-4,3.891021811153532,chr17,56269818,EPX,17,58192457,EPX,1
1.28588092461323e-4,0.047850524588951525,1,4.012561906275112,0.02763466087748783,0.04132746752795091,0.013941854227024753,0.006887036642168912,93,chr12,96247521,cg02316756,0.02763466087748783,1.28588092461323e-4,3.8907992461689784,chr12,96641299,ELK3,12,96247521,ELK3,1
1.2860388116698622e-4,0.047850524588951525,1,4.012527423661098,0.017583247797897304,0.02629571517769585,0.00887078041809876,0.004382087881621018,93,chr1,90003768,cg09883979,0.017583247797897304,1.2860388116698622e-4,3.890745924537997,chr1,90469327,ZNF326;ZNF326,1,90003768,ZNF326,1
1.2861389221757036e-4,0.047850524588951525,1,4.012505561578411,0.025914363595641976,0.03875495369816731,0.013073773493116643,0.006458399420996183,93,chr10,104274066,cg24818772,0.025914363595641976,1.2861389221757036e-4,3.890712118600159,chr10,106033824,GSTO2;GSTO2;GSTO2;GSTO2,10,104274066,GSTO2,1
1.286585458079339e-4,0.047850524588951525,1,4.012408067157243,0.06080390940858381,0.09093303241427979,0.030674786402887826,0.0151539694843807,93,chr21,41148438,cg09456254,0.06080390940858381,1.286585458079339e-4,3.890561361618684,chr21,42520365,C21orf130,21,41148438,C21orf130,1
1.2869609276997018e-4,0.047850524588951525,1,4.0123261141036135,0.055721262023115885,0.08333243151134043,0.02811009253489135,0.013887520714543035,93,chrX,119481684,cg17026243,0.055721262023115885,1.2869609276997018e-4,3.890434638132133,chrX,118615647,,23,119481684,NA,1
1.2874178347016763e-4,0.047850524588951525,1,-4.012226416786023,-0.06440211240993153,-0.032488588516013744,-0.09631563630384932,0.01605146512681619,93,chr1,9716019,cg11334709,-0.06440211240993153,1.2874178347016763e-4,3.8902804788493714,chr1,9716019,C1orf200;PIK3CD,1,9716019,C1orf200,1
1.2885393244578197e-4,0.047861501037797655,1,4.011981850983978,0.03815631243666988,0.057065267016265006,0.019247357857074748,0.00951058949264979,93,chr2,24016267,cg11288327,0.03815631243666988,1.2885393244578197e-4,3.8899023228372305,chr2,24239137,MFSD2B;MFSD2B,2,24016267,MFSD2B,1
1.2889296553529104e-4,0.047861501037797655,1,4.011896778527436,0.021331867843131142,0.03190343117622394,0.010760304510038343,0.0053171527137248495,93,chr3,120682918,cg02841931,0.021331867843131142,1.2889296553529104e-4,3.889770784062969,chr3,120401765,HGD,3,120682918,HGD,1
1.2896921256129524e-4,0.047861501037797655,1,-4.011730669690132,-0.11379218643674611,-0.05739716636045024,-0.17018720651304198,0.028364861902739714,93,chr2,42353631,cg18123002,-0.11379218643674611,1.2896921256129524e-4,3.8895139517980386,chr2,42353631,,2,42353631,NA,1
1.2899495739893222e-4,0.047861501037797655,1,4.011674604243427,0.013870280546964823,0.02074444041947242,0.006996120674457223,0.003457478962100581,93,chr1,119656329,cg25648724,0.013870280546964823,1.2899495739893222e-4,3.889427266573792,chr1,120198952,,1,119656329,NA,1
1.2911053552795354e-4,0.04786189566844905,1,4.011423037791216,0.03366377009068086,0.05034869935683556,0.01697884082452616,0.008391977054909903,93,chr12,15580633,cg22025304,0.03366377009068086,1.2911053552795354e-4,3.88903831749372,chr12,15733567,PTPRO;PTPRO;PTPRO;PTPRO;PTPRO;PTPRO,12,15580633,PTPRO,1
1.291791289818349e-4,0.04786189566844905,1,4.011273839908166,0.035011099168607014,0.052364456772947585,0.017657741564266447,0.008728174780859277,93,chr7,100870638,cg23332327,0.035011099168607014,1.291791289818349e-4,3.888807648107299,chr7,100468260,TRIP6,7,100870638,TRIP6,1
1.2927085106573851e-4,0.04786189566844905,1,4.011074453520833,0.062449635010968806,0.09340452487428921,0.0314947451476484,0.015569303371108427,93,chr11,114398867,cg06792742,0.062449635010968806,1.2927085106573851e-4,3.888499391967577,chr11,114269589,C11orf71;C11orf71;C11orf71,11,114398867,C11orf71,1
1.2958493454836035e-4,0.047957636128408865,1,4.010392721815549,0.04273460087138368,0.06392078931199151,0.02154841243077585,0.010655964100203447,93,chr12,122976741,cg18906520,0.04273460087138368,1.2958493454836035e-4,3.887445486295926,chr12,123461288,OGFOD2,12,122976741,OGFOD2,1
1.2969013201275057e-4,0.0479757115271464,1,4.010164740375199,0.024801269014913294,0.03709749315604586,0.01250504487378073,0.006184601037760069,93,chrX,73462534,cg02640835,0.024801269014913294,1.2969013201275057e-4,3.887093067674206,chrX,73462534,FTX,23,73462534,FTX,1
1.2974481091166962e-4,0.0479757115271464,1,4.010046311595952,0.03821912489746037,0.05716834902807949,0.01926990076684125,0.009530843767799183,93,chr16,308591,cg26616258,0.03821912489746037,1.2974481091166962e-4,3.886910002554596,chr16,358591,AXIN1;AXIN1,16,308591,AXIN1,1
1.2986225563290564e-4,0.0479784838163861,1,-4.0097921003171075,-0.052735952944496976,-0.02658755869547742,-0.07888434719351653,0.01315179231869065,93,chr1,58618503,cg16951984,-0.052735952944496976,1.2986225563290564e-4,3.886517057951662,chr1,59084175,,1,58618503,NA,1
1.2986335002005097e-4,0.0479784838163861,1,4.009789732532672,0.03547024802411711,0.053057691226385054,0.01788280482184916,0.008845912227350962,93,chr19,474994,cg26494546,0.03547024802411711,1.2986335002005097e-4,3.88651339804068,chr19,474994,ODF3L2,19,474994,ODF3L2,1
1.3014559118867307e-4,0.04806221064823685,1,4.009179721551454,0.06711712208343565,0.10040130370606165,0.033832940460809646,0.01674086140929172,93,chr18,31197972,cg10190756,0.06711712208343565,1.3014559118867307e-4,3.8855705394630222,chr18,28777935,,18,31197972,NA,1
1.3025211016418116e-4,0.04807999557812164,1,4.008949830560177,0.04671687720991029,0.06988566252716924,0.02354809189265134,0.011653145882192907,93,chr7,32994541,cg08295671,0.04671687720991029,1.3025211016418116e-4,3.885215232134109,chr7,32994541,,7,32994541,NA,1
1.303050269442886e-4,0.04807999557812164,1,4.008835691715929,0.01886395835759333,0.028219623189552012,0.00950829352563465,0.004705595292063183,93,chr2,201820936,cg12384419,0.01886395835759333,1.303050269442886e-4,3.885038829628526,chr2,202685659,CDK15;CDK15;CDK15,2,201820936,CDK15,1
1.306358311652862e-4,0.04818148304444917,1,4.008123169362601,0.01624718711623753,0.024306484947084206,0.008187889285390855,0.0040535648306489714,93,chr5,144140027,cg08697406,0.01624718711623753,1.306358311652862e-4,3.8839376872028035,chr5,143519592,,5,144140027,NA,1
1.3085352908885197e-4,0.04822507653474984,1,4.007655211014094,0.0742884717760081,0.11114302540069984,0.03743391815131635,0.01853664246660835,93,chr11,74229741,cg00672606,0.0742884717760081,1.3085352908885197e-4,3.883214560046289,chr11,73940786,PPME1;PPME1,11,74229741,PPME1,1
1.308656399267587e-4,0.04822507653474984,1,4.007629199765402,0.031785391235414726,0.047554244475914345,0.016016537994915106,0.007931220592283182,93,chr7,27121055,cg20688917,0.031785391235414726,1.308656399267587e-4,3.8831743668109393,chr7,27160674,HOXA3;HOXA3,7,27121055,HOXA3,1
1.3104667763854907e-4,0.04827120570106882,1,4.0072406479670875,0.018953303180276035,0.028357020548443555,0.009549585812108515,0.004729764155764199,93,chr17,83085181,cg05248652,0.018953303180276035,1.3104667763854907e-4,3.882573985030507,chr17,81043057,METRNL,17,83085181,METRNL,1
1.3114886700674506e-4,0.04827466187277782,1,4.007021551446816,0.07707551274262582,0.1153187657242222,0.03883225976102944,0.0192351131015994,93,chr18,57539852,cg05233789,0.07707551274262582,1.3114886700674506e-4,3.8822354569214665,chr18,57539852,,18,57539852,NA,1
1.3124866809991045e-4,0.04827466187277782,1,4.006807733384289,0.02859391648072762,0.04278237526996115,0.014405457691494098,0.007136333556134028,93,chr12,62069660,cg07000713,0.02859391648072762,1.3124866809991045e-4,3.881905095082343,chr12,62463441,FAM19A2,12,62069660,FAM19A2,1
1.31389201106526e-4,0.04827466187277782,1,4.006506913717516,0.04258846760895891,0.06372268641549803,0.021454248802419786,0.010629825063609427,93,chr11,69074601,cg17345676,0.04258846760895891,1.31389201106526e-4,3.881440328022607,chr11,68842069,TPCN2,11,69074601,TPCN2,1
1.314034384738692e-4,0.04827466187277782,1,4.0064764549570295,0.05628678117823347,0.0842189012976494,0.028354661058817537,0.014048948449102308,93,chr1,26298901,cg23802117,0.05628678117823347,1.314034384738692e-4,3.881393270311326,chr1,26625392,UBXN11;UBXN11;UBXN11,1,26298901,UBXN11,1
1.314415136114237e-4,0.04827466187277782,1,4.0063950143250295,0.0201476303363447,0.030146025316692474,0.010149235355996922,0.005028867663898847,93,chr5,116524537,cg18875920,0.0201476303363447,1.314415136114237e-4,3.8812674484370833,chr5,115860233,SEMA6A;SEMA6A,5,116524537,SEMA6A,1
1.3152303326076457e-4,0.04827466187277782,1,4.006220724294964,0.027425664233857474,0.04103642384228512,0.013814904625429827,0.006845769647074048,93,chr12,53289185,cg04065151,0.027425664233857474,1.3152303326076457e-4,3.880998183736342,chr12,53682969,ESPL1,12,53289185,ESPL1,1
1.3156022885958584e-4,0.04827466187277782,1,4.006141234048644,0.06234798021148344,0.09329053830467908,0.0314054221182878,0.01556310089159637,93,chr19,16266856,cg14868603,0.06234798021148344,1.3156022885958584e-4,3.880875379698589,chr19,16377667,,19,16266856,NA,1
1.3157901861776103e-4,0.04827466187277782,1,4.006101086884549,0.05235075950867682,0.07833207671134718,0.026369442306006467,0.013067757995440098,93,chr3,60240600,cg23737061,0.05235075950867682,1.3157901861776103e-4,3.8808133571125714,chr3,60226328,FHIT;FHIT,3,60240600,FHIT,1
1.3160396121424074e-4,0.04827466187277782,1,4.006047801740367,0.06424439487869515,0.09612886454470565,0.03235992521268466,0.0160368517946254,93,chr6,132025909,cg03453781,0.06424439487869515,1.3160396121424074e-4,3.8807310384758966,chr6,132347049,,6,132025909,NA,1
1.3161531104158186e-4,0.04827466187277782,1,4.0060235581844,0.0385570969681386,0.057693085888237704,0.019421108048039502,0.009624780385868064,93,chr18,8175156,cg12975996,0.0385570969681386,1.3161531104158186e-4,3.8806935855390687,chr18,8175154,PTPRM;PTPRM,18,8175156,PTPRM,1
1.3167056031130787e-4,0.04827466187277782,1,4.005905572784207,0.06354986559874981,0.09509076045134307,0.032008970746156544,0.015864044831835872,93,chr8,123171974,cg09253736,0.06354986559874981,1.3167056031130787e-4,3.880511316333356,chr8,124184214,,8,123171974,NA,1
1.3180759242293222e-4,0.0482746631403791,1,4.005613144001844,0.030789580397927212,0.0460720960398572,0.015507064755997222,0.007686608589257477,93,chr10,45599190,cg19613505,0.030789580397927212,1.3180759242293222e-4,3.8800595726523692,chr10,46094638,,10,45599190,NA,1
1.3182271802053493e-4,0.0482746631403791,1,-4.005580883592658,-0.10209457044535625,-0.051419166111773044,-0.15276997477893944,0.025488081107923177,93,chr1,203593070,cg12622973,-0.10209457044535625,1.3182271802053493e-4,3.8800097379913208,chr1,203562198,,1,203593070,NA,1
1.3183815464327419e-4,0.0482746631403791,1,4.0055479634771745,0.05503316231849758,0.0823495089216782,0.027716815715316964,0.013739234386978572,93,chr1,171185473,cg14721213,0.05503316231849758,1.3183815464327419e-4,3.879958884483822,chr1,171154612,FMO2,1,171185473,FMO2,1
1.3192060965668784e-4,0.04827802893488732,1,4.00537218262398,0.025065889279375964,0.03750817934466227,0.012623599214089664,0.006258067449540961,93,chr3,65521227,cg21466913,0.025065889279375964,1.3192060965668784e-4,3.8796873503143896,chr3,65506902,MAGI1;MAGI1;MAGI1,3,65521227,MAGI1,1
1.3195908167105307e-4,0.04827802893488732,1,4.005290202503366,0.038483326286012476,0.05758619965603182,0.019380452915993135,0.00960812434064324,93,chr7,44565935,cg11408036,0.038483326286012476,1.3195908167105307e-4,3.879560715456051,chr7,44605534,DDX56,7,44565935,DDX56,1
1.3225712942906387e-4,0.04831890895167762,1,-4.004655867062714,-0.0196292152579183,-0.009883856803380643,-0.029374573712455956,0.004901598516707429,93,chr19,53467006,cg15739922,-0.0196292152579183,1.3225712942906387e-4,3.878580907661423,chr19,53970260,ZNF813,19,53467006,ZNF813,1
1.3229554580296754e-4,0.04831890895167762,1,4.004574205177198,0.050797723952435106,0.07601789282106475,0.025577555083805468,0.012684925125563348,93,chr16,86715554,cg00962707,0.050797723952435106,1.3229554580296754e-4,3.8784547776247207,chr16,86715554,,16,86715554,NA,1
1.3233543393483893e-4,0.04831890895167762,1,4.004489438823357,0.0392801761994014,0.058782499725432716,0.01977785267337008,0.009809034784455103,93,chr6,149115209,cg21485524,0.0392801761994014,1.3233543393483893e-4,3.878323854210436,chr6,149436345,,6,149115209,NA,1
1.3236397592294828e-4,0.04831890895167762,1,4.004428799217962,0.04442165539032518,0.06647702014912714,0.022366290631523223,0.011093131534515095,93,chr19,2256469,cg22557409,0.04442165539032518,1.3236397592294828e-4,3.8782301960644423,chr19,2256468,JSRP1,19,2256469,JSRP1,1
1.324365053554658e-4,0.04831890895167762,1,4.004274761359189,0.07927300959682149,0.11863359588532482,0.03991242330831816,0.019797095434558414,93,chr17,10843981,cg26985528,0.07927300959682149,1.324365053554658e-4,3.87799228763653,chr17,10747298,,17,10843981,NA,1
1.3245270981949729e-4,0.04831890895167762,1,4.004240357405967,0.015080097777576405,0.02256772304425156,0.007592472510901253,0.0037660321138528294,93,chr5,72463180,cg10807003,0.015080097777576405,1.3245270981949729e-4,3.8779391521450366,chr5,71759007,ZNF366,5,72463180,ZNF366,1
1.324684581895548e-4,0.04831890895167762,1,4.004206925659528,0.04490073326680619,0.06719519560017823,0.02260627093343416,0.011213389842337045,93,chr1,169109101,cg23617938,0.04490073326680619,1.324684581895548e-4,3.877887518443778,chr1,169109101,NME7;NME7;NME7,1,169109101,NME7,1
1.326682354058684e-4,0.04831890895167762,1,4.003783155006945,0.0316179390459947,0.04731878642134122,0.015917091670648177,0.007897015852732876,93,chr11,75595136,cg21976275,0.0316179390459947,1.326682354058684e-4,3.877233047288556,chr11,75306181,MAP6,11,75595136,MAP6,1
1.326837912486316e-4,0.04831890895167762,1,4.003750183381586,0.07330209935141618,0.10970278158600413,0.03690141711682823,0.018308359911083386,93,chr2,165812716,cg17770392,0.07330209935141618,1.326837912486316e-4,3.877182127634643,chr2,166669226,,2,165812716,NA,1
1.3272954666571467e-4,0.04831890895167762,1,4.003653223263062,0.050923375553089414,0.07621174409433414,0.02563500701184469,0.012719227343967063,93,chr10,17952006,cg25390556,0.050923375553089414,1.3272954666571467e-4,3.877032388925132,chr10,18240935,SLC39A12;SLC39A12;SLC39A12;SLC39A12;SLC39A12;SLC39A12;SLC39A12;SLC39A12,10,17952006,SLC39A12,1
1.3277402689012836e-4,0.04831890895167762,1,4.003558996114,0.041999100477501446,0.06285619639655804,0.021142004558444852,0.010490441259456224,93,chr20,41400731,cg24022801,0.041999100477501446,1.3277402689012836e-4,3.876886872870951,chr20,40029371,,20,41400731,NA,1
1.3280434586646918e-4,0.04831890895167762,1,4.003494785573518,0.019576776356988027,0.029298919127346047,0.009854633586630007,0.0048899217822219706,93,chr6,128199803,cg01102738,0.019576776356988027,1.3280434586646918e-4,3.8767877129578725,chr6,128520948,PTPRK;PTPRK;PTPRK;PTPRK;PTPRK;PTPRK,6,128199803,PTPRK,1
1.328582279773162e-4,0.04831890895167762,1,4.003380706915053,0.08354905288229088,0.12504204191728874,0.04205606384729301,0.020869624699438732,93,chr3,16289828,cg22230912,0.08354905288229088,1.328582279773162e-4,3.8766115443437057,chr3,16331335,OXNAD1,3,16289828,OXNAD1,1
1.3287635479127013e-4,0.04831890895167762,1,4.003342338979556,0.06954381276134897,0.10408170656319503,0.035005918959502905,0.017371437881846384,93,chr8,125541030,cg18038415,0.06954381276134897,1.3287635479127013e-4,3.8765522944319715,chr8,126553272,,8,125541030,NA,1
1.3290954204600315e-4,0.04831890895167762,1,4.003272106518251,0.029247524528494107,0.04377312469072453,0.014721924366263683,0.007305904707519726,93,chr8,99155744,cg15164752,0.029247524528494107,1.3290954204600315e-4,3.876443838401411,chr8,100167972,VPS13B;VPS13B;VPS13B,8,99155744,VPS13B,1
1.3299673014925694e-4,0.048321410531236515,1,-4.003087674946726,-0.021672882321567485,-0.010908684935766686,-0.03243707970736828,0.005414041380409165,93,chr15,75628218,cg12204727,-0.021672882321567485,1.3299673014925694e-4,3.8761590364433745,chr15,75628218,COMMD4,15,75628218,COMMD4,1
1.3302825851680222e-4,0.048321410531236515,1,4.003021010595637,0.060610195749381604,0.0907137586277743,0.030506632870988912,0.015141113571213305,93,chr4,37700124,cg23116521,0.060610195749381604,1.3302825851680222e-4,3.8760560942635354,chr4,37701746,,4,37700124,NA,1
1.331738957781713e-4,0.048330668427623,1,-4.002713268070587,-0.05700536854621996,-0.02869005604402977,-0.08532068104841015,0.014241681761456284,93,chr20,38168111,cg16959758,-0.05700536854621996,1.331738957781713e-4,3.8755808955150504,chr20,36796513,,20,38168111,NA,1
1.3321770446470587e-4,0.048330668427623,1,4.002620760133879,0.014647099203117232,0.021922673190342794,0.00737152521589167,0.0036593772133004477,93,chr1,9767951,cg00432578,0.014647099203117232,1.3321770446470587e-4,3.875438054141857,chr1,9828009,CLSTN1;CLSTN1;CLSTN1,1,9767951,CLSTN1,1
1.3323390461221255e-4,0.048330668427623,1,4.002586558729078,0.019541784103566537,0.029248751264768683,0.009834816942364391,0.00488228894412006,93,chr5,32052434,cg08860338,0.019541784103566537,1.3323390461221255e-4,3.875385244292435,chr5,32052540,PDZD2,5,32052434,PDZD2,1
1.3344234254177766e-4,0.04837016241281973,1,4.002146864334921,0.03684346868673287,0.05514669169626618,0.018540245677199554,0.00920592620302442,93,chr8,109538716,cg05938715,0.03684346868673287,1.3344234254177766e-4,3.874706342725237,chr8,110550945,EBAG9;EBAG9,8,109538716,EBAG9,1
1.3365977752442793e-4,0.048408610326966695,1,-4.001688892032331,-0.06954942166091037,-0.03499447051369229,-0.10410437280812845,0.017380017172096657,93,chr15,73974728,cg25556464,-0.06954942166091037,1.3365977752442793e-4,3.873999266091225,chr15,74267069,,15,73974728,NA,1
1.3371483914414642e-4,0.048408610326966695,1,4.001573031868044,0.046110537179087537,0.06902077071910787,0.023200303639067204,0.011523102742813587,93,chr8,140532734,cg16860786,0.046110537179087537,1.3371483914414642e-4,3.873820393779078,chr8,141542833,AGO2;AGO2,8,140532734,AGO2,1
1.3375420956462356e-4,0.048408610326966695,1,-4.001490217025051,-0.08206686902007608,-0.04129072191365218,-0.12284301612649998,0.020509076511272727,93,chr11,33173079,cg23835405,-0.08206686902007608,1.3375420956462356e-4,3.8736925408064113,chr11,33194625,CSTF3-AS1,11,33173079,CSTF3-AS1,1
1.3377248616076393e-4,0.048408610326966695,1,4.001451780535551,0.0271064230426965,0.04057478273257092,0.013638063352822083,0.006774147116941791,93,chr6,88983993,cg08820720,0.0271064230426965,1.3377248616076393e-4,3.873633201495674,chr6,89693712,,6,88983993,NA,1
1.3387448163255667e-4,0.048415258373727836,1,4.0012373719504675,0.03951606698171497,0.05915145457714163,0.019880679386288302,0.009875961685935224,93,chr8,79314129,cg16589705,0.03951606698171497,1.3387448163255667e-4,3.8733021977627478,chr8,80226364,,8,79314129,NA,1
1.3395610736191034e-4,0.048415258373727836,1,4.001065896164786,0.06306332653745046,0.09440060333435635,0.031726049740544576,0.015761631568702653,93,chr3,14378709,cg17338225,0.06306332653745046,1.3395610736191034e-4,3.8730374811366874,chr3,14420209,,3,14378709,NA,1
1.3396086920713292e-4,0.048415258373727836,1,4.001055895779844,0.024591997063963027,0.036812223738902264,0.012371770389023791,0.006146376782664219,93,chr19,4842697,cg15556277,0.024591997063963027,1.3396086920713292e-4,3.8730220431966917,chr19,4842709,PLIN3;PLIN3;PLIN3,19,4842697,PLIN3,1
1.341497500727011e-4,0.048415258373727836,1,4.000659500335049,0.0751302844504075,0.11246763742409467,0.03779293147672032,0.018779474845113775,93,chr3,161042136,cg16932203,0.0751302844504075,1.341497500727011e-4,3.8724101321023507,chr3,160759924,PPM1L,3,161042136,PPM1L,1
1.341593089608412e-4,0.048415258373727836,1,4.000639453770425,0.02633614709300722,0.039424437047466954,0.013247857138547488,0.006582984394703844,93,chr18,35618964,cg09373825,0.02633614709300722,1.341593089608412e-4,3.8723791873970987,chr18,33198928,,18,35618964,NA,1
1.342384722072414e-4,0.048415258373727836,1,4.00047348799689,0.075367302771092,0.11282418785733073,0.03791041768485328,0.018839595612175842,93,chr16,53086208,cg01137366,0.075367302771092,1.342384722072414e-4,3.8721229992726776,chr16,53120120,CHD9,16,53086208,CHD9,1
1.342534576329862e-4,0.048415258373727836,1,4.000442081608873,0.025894048100511644,0.038763262772664335,0.013024833428358954,0.006472796649038782,93,chr21,41800242,cg02238362,0.025894048100511644,1.342534576329862e-4,3.87207452043966,chr21,43220402,PRDM15,21,41800242,PRDM15,1
1.342828909053091e-4,0.048415258373727836,1,4.000380405270573,0.0755085897561912,0.11303656642675974,0.03798061308562265,0.018875352368166603,93,chr14,74695512,cg06984345,0.0755085897561912,1.342828909053091e-4,3.871979317627266,chr14,75162215,AREL1,14,74695512,AREL1,1
1.343218956704955e-4,0.048415258373727836,1,-4.000298692185543,-0.06853611251701429,-0.03447278041178877,-0.1025994446222398,0.017132748774709605,93,chr4,184850562,cg16693741,-0.06853611251701429,1.343218956704955e-4,3.871853187675351,chr4,185771716,,4,184850562,NA,1
1.3438825146445114e-4,0.048415258373727836,1,4.00015973227855,0.06149418349202758,0.09205864775341568,0.03092971923063948,0.015372931984643422,93,chr9,100671304,cg14514581,0.06149418349202758,1.3438825146445114e-4,3.871638696663007,chr9,103433586,,9,100671304,NA,1
1.3440714693546167e-4,0.048415258373727836,1,-4.000120174097829,-0.025807901698988014,-0.012980469167459997,-0.03863533423051603,0.006451781590488996,93,chr6,56934764,cg18275965,-0.025807901698988014,1.3440714693546167e-4,3.8715776375909012,chr6,56934764,,6,56934764,NA,1
1.3451023190520005e-4,0.048432202467226015,1,3.9999044567562825,0.04984094564864761,0.0746149801521955,0.02506691114509972,0.012460534042122112,93,chr14,92604052,cg01742369,0.04984094564864761,1.3451023190520005e-4,3.8712446785541115,chr14,93070397,RIN3,14,92604052,RIN3,1
1.3457347404333668e-4,0.0484347924787578,1,3.9997721936211694,0.018917278278936144,0.02832064725799175,0.009513909299880538,0.004729588927365761,93,chr3,138448588,cg24708181,0.018917278278936144,1.3457347404333668e-4,3.871040536039979,chr3,138167430,ESYT3,3,138448588,ESYT3,1
1.3495292574259177e-4,0.04848136839831638,1,3.998979866286858,0.026991025500120794,0.040410337488541184,0.013571713511700407,0.006749477717471621,93,chr7,129903322,cg16720564,0.026991025500120794,1.3495292574259177e-4,3.869817695619584,chr7,129543162,UBE2H;UBE2H,7,129903322,UBE2H,1
1.3500413827365453e-4,0.04848136839831638,1,-3.998873093789684,-0.013450145602940026,-0.006762866552360046,-0.020137424653520006,0.0033634839834823273,93,chr13,49540653,cg02153172,-0.013450145602940026,1.3500413827365453e-4,3.8696529188985695,chr13,50114789,RCBTB1,13,49540653,RCBTB1,1
1.3504098442335133e-4,0.04848136839831638,1,3.9987962976329725,0.03671076069817519,0.05496333750172522,0.018458183894625172,0.009180452807737561,93,chr3,194917439,cg13426610,0.03671076069817519,1.3504098442335133e-4,3.8695344047818754,chr3,194917439,XXYLT1;XXYLT1,3,194917439,XXYLT1,1
1.3504818032964453e-4,0.04848136839831638,1,-3.998781301993993,-0.06625502757120831,-0.0333129285409143,-0.09919712660150232,0.016568804985201423,93,chrX,153417167,cg13976049,-0.06625502757120831,1.3504818032964453e-4,3.8695112632212054,chrX,152682625,ZFP92,23,153417167,ZFP92,1
1.3507380507108818e-4,0.04848136839831638,1,3.99872790849506,0.012902477935038055,0.019317694965063477,0.006487260905012632,0.003226645630883638,93,chr16,1580831,cg02580209,0.012902477935038055,1.3507380507108818e-4,3.869428865753069,chr16,1630832,IFT140,16,1580831,IFT140,1
1.351324645973576e-4,0.04848136839831638,1,3.998605717961353,0.056751575509909724,0.084969782973018,0.028533368046801448,0.014192841083327397,93,chr3,58351875,cg23959530,0.056751575509909724,1.351324645973576e-4,3.8692403023344526,chr3,58337602,PXK;PXK;PXK;PXK;PXK;PXK;PXK,3,58351875,PXK,1
1.351413327828316e-4,0.04848136839831638,1,-3.998587249541497,-0.08109457209657155,-0.0407722725260805,-0.1214168716670626,0.02028080595362033,93,chr3,174055303,cg03364385,-0.08109457209657155,1.351413327828316e-4,3.8692118023166593,chr3,174055303,,3,174055303,NA,1
1.352145300620542e-4,0.04848136839831638,1,3.998434857065378,0.04440260531781654,0.06648156011337694,0.02232365052225614,0.011104996556178862,93,chr17,55512101,cg16864589,0.04440260531781654,1.352145300620542e-4,3.868976636895063,chr17,53589462,,17,55512101,NA,1
1.3522016081709667e-4,0.04848136839831638,1,3.9984231374370145,0.029026720676293836,0.04346014248896517,0.014593298863622504,0.0072595419940721774,93,chr9,2657194,cg27652393,0.029026720676293836,1.3522016081709667e-4,3.868958551893939,chr9,2657194,,9,2657194,NA,1
1.3529855346127668e-4,0.04848136839831638,1,3.998260022700537,0.031422760747054454,0.04704824142634846,0.015797280067760447,0.007859108854513828,93,chr8,79782904,cg02151535,0.031422760747054454,1.3529855346127668e-4,3.8687068466185166,chr8,80695139,,8,79782904,NA,1
1.3532001381324016e-4,0.04848136839831638,1,3.998215385076437,0.06690439583454025,0.10017407014123393,0.033634721527846564,0.016733564700957496,93,chr3,39384610,cg10639933,0.06690439583454025,1.3532001381324016e-4,3.868637966552002,chr3,39426101,SLC25A38,3,39384610,SLC25A38,1
1.354602888439797e-4,0.04848532357058021,1,3.9979237794521603,0.012941915092365879,0.01937803487727647,0.006505795307455289,0.003237159037118842,93,chr2,26447953,cg07184516,0.012941915092365879,1.354602888439797e-4,3.8681880026761157,chr2,26670821,DRC1,2,26447953,DRC1,1
1.3552408389945865e-4,0.04848532357058021,1,3.997791257179284,0.020344843596163183,0.03046283541038315,0.010226851781943215,0.005089020983681341,93,chr21,44082927,cg17312673,0.020344843596163183,1.3552408389945865e-4,3.8679835197327006,chr21,45502808,TRAPPC10,21,44082927,TRAPPC10,1
1.3556216655167278e-4,0.04848532357058021,1,3.997712176106923,0.05313882141954876,0.07956658889429234,0.026711053944805177,0.013292307969829067,93,chr5,90476254,cg18349241,0.05313882141954876,1.3556216655167278e-4,3.867861498893989,chr5,89772071,POLR3G;MBLAC2,5,90476254,POLR3G,1
1.3558348967103383e-4,0.04848532357058021,1,3.9976679065804066,0.06556476753098933,0.09817274739452343,0.03295678766745523,0.01640075390531207,93,chr7,150951409,cg07998558,0.06556476753098933,1.3558348967103383e-4,3.86779319233711,chr7,150648497,KCNH2;KCNH2;KCNH2,7,150951409,KCNH2,1
1.3561159040318413e-4,0.04848532357058021,1,3.9976095760539603,0.018260207372181484,0.027341870967202576,0.009178543777160392,0.004567781576660653,93,chr6,121576897,cg10329339,0.018260207372181484,1.3561159040318413e-4,3.8677031907563246,chr6,121898043,,6,121576897,NA,1
1.3590181430495895e-4,0.04855145132328512,1,-3.9970078162002,-0.04753680056701688,-0.023890944971017004,-0.07118265616301676,0.011893096724591415,93,chr11,44590908,cg15060905,-0.04753680056701688,1.3590181430495895e-4,3.8667747453471777,chr11,44612458,CD82;CD82,11,44590908,CD82,1
1.3590891504159768e-4,0.04855145132328512,1,-3.996993108741358,-0.012607330881279358,-0.006336142689126688,-0.018878519073432028,0.0031542038072838643,93,chr4,103100098,cg10811039,-0.012607330881279358,1.3590891504159768e-4,3.8667520544788094,chr4,104021255,BDH2,4,103100098,BDH2,1
1.3607806735073204e-4,0.04858165528382811,1,3.996642968236384,0.02267035727806769,0.0339481236460535,0.011392590910081875,0.005672349884200824,93,chr2,74334301,cg02205832,0.02267035727806769,1.3607806735073204e-4,3.866211867420714,chr2,74561428,SLC4A5,2,74334301,SLC4A5,1
1.3611358852091577e-4,0.04858165528382811,1,3.9965694934256066,0.02953112918187487,0.04422217680277588,0.014840081560973856,0.007389119401139865,93,chr7,142152365,cg01864336,0.02953112918187487,1.3611358852091577e-4,3.866098516052615,chr7,141852165,MGAM2,7,142152365,MGAM2,1
1.3616212089705477e-4,0.04858165528382811,1,3.9964691349094967,0.06475279443290084,0.096966607499465,0.03253898136633669,0.016202500819355686,93,chr15,96064845,cg01240772,0.06475279443290084,1.3616212089705477e-4,3.8659436925215767,chr15,96608074,,15,96064845,NA,1
1.3640745254547593e-4,0.04864910149900046,1,3.9959623457847786,0.06854578728553265,0.1026508980083862,0.03444067656267911,0.017153762061306598,93,chr16,3006033,cg05693704,0.06854578728553265,1.3640745254547593e-4,3.865161901593324,chr16,3056034,,16,3006033,NA,1
1.3665426638153288e-4,0.04869395553696062,1,3.9954533757390083,0.049594383502562976,0.07427332400733734,0.024915442997788608,0.012412704851896786,93,chr19,16469575,cg13997453,0.049594383502562976,1.3665426638153288e-4,3.8643768049736353,chr19,16580386,EPS15L1;EPS15L1;EPS15L1;EPS15L1;EPS15L1;EPS15L1,19,16469575,EPS15L1,1
1.3670226549573046e-4,0.04869395553696062,1,-3.995354496157418,-0.05830855861571388,-0.029292590264181656,-0.0873245269672461,0.014594088877918809,93,chr7,102299721,cg23045991,-0.05830855861571388,1.3670226549573046e-4,3.864224288035384,chr7,101943005,SH2B2,7,102299721,SH2B2,1
1.3691641640820165e-4,0.04873901482264886,1,3.994913744080141,0.037030273096531265,0.055459604949389354,0.018600941243673175,0.0092693548518799785,93,chr9,136856730,cg25730983,0.037030273096531265,1.3691641640820165e-4,3.863544476423663,chr9,139751182,MAMDC4,9,136856730,MAMDC4,1
1.3694156582336376e-4,0.04873901482264886,1,3.994862026484586,0.021249414071375733,0.03182501993865428,0.010673808204097184,0.005319185977012295,93,chr20,35453915,cg01740695,0.021249414071375733,1.3694156582336376e-4,3.8634647106109616,chr20,34041737,CEP250,20,35453915,CEP250,1
1.370387997298987e-4,0.048753541730832205,1,3.9946621589788207,0.03281043146858842,0.049140648930839394,0.016480214006337444,0.008213568547928454,93,chr3,189151389,cg24792365,0.03281043146858842,1.370387997298987e-4,3.863156453844097,chr3,188869178,,3,189151389,NA,1
1.3717271542643692e-4,0.0487811013914347,1,3.9943871132569035,0.03864496019315864,0.05788042984434461,0.01940949054197267,0.009674815959850397,93,chr2,171148409,cg07243104,0.03864496019315864,1.3717271542643692e-4,3.8627322641258988,chr2,172004919,TLK1;TLK1,2,171148409,TLK1,1
1.3730282493216035e-4,0.048807285384934694,1,-3.9941201313658485,-0.0351763251067601,-0.017666192884286617,-0.05268645732923359,0.00880702731761126,93,chr1,92951681,cg23328066,-0.0351763251067601,1.3730282493216035e-4,3.8623205272947234,chr1,92951681,GFI1;GFI1,1,92951681,GFI1,1
1.3744946645104003e-4,0.04883932209399636,1,3.9938195166666106,0.013307910192469291,0.019932843468568644,0.0066829769163699385,0.0033321260855514487,93,chr7,97922208,cg18251035,0.013307910192469291,1.3744946645104003e-4,3.861856941654044,chr7,97922208,BAIAP2L1;BRI3,7,97922208,BAIAP2L1,1
1.3758495207943566e-4,0.04886737012303678,1,3.993542044611488,0.07068489744596415,0.10587564180828128,0.03549415308364702,0.017699800491981735,93,chr7,77202909,cg08651611,0.07068489744596415,1.3758495207943566e-4,3.8614290630935106,chr7,76832226,CCDC146,7,77202909,CCDC146,1
1.3764417600563097e-4,0.04886831963172474,1,3.993420837363541,0.02287703494095036,0.03426679926725517,0.011487270614645549,0.005728681216591686,93,chr6,166468333,cg17241163,0.02287703494095036,1.3764417600563097e-4,3.861242159731071,chr6,166881821,RPS6KA2;RPS6KA2,6,166468333,RPS6KA2,1
1.3770306356151034e-4,0.04886914898677876,1,3.9933003680814405,0.042539567258877,0.06371933394048779,0.02135980057726621,0.010652734164175809,93,chr10,3612069,cg15242910,0.042539567258877,1.3770306356151034e-4,3.86105639762936,chr10,3612069,LOC105376360,10,3612069,LOC105376360,1
1.3787544056346467e-4,0.04889359508010122,1,3.992948011263331,0.025493886707424245,0.03818800315568982,0.012799770259158672,0.0063847279342257755,93,chr16,53111474,cg04495891,0.025493886707424245,1.3787544056346467e-4,3.86051308681666,chr16,53145386,CHD9,16,53111474,CHD9,1
1.3788510726146173e-4,0.04889359508010122,1,3.9929282640162596,0.06858303562943513,0.10273260867227564,0.03443346258659462,0.0171761251629528,93,chr18,61379371,cg06146377,0.06858303562943513,1.3788510726146173e-4,3.860482638707725,chr18,59046604,,18,61379371,NA,1
1.380855659331982e-4,0.048917896817108335,1,3.992519063420149,0.06273542671782634,0.09397649959665617,0.0314943538389965,0.01571324412514757,93,chr19,14611663,cg17398727,0.06273542671782634,1.380855659331982e-4,3.859851715796328,chr19,14722475,,19,14611663,NA,1
1.381925508440564e-4,0.048917896817108335,1,-3.9923009057918892,-0.07662166530079936,-0.038463419472289574,-0.11477991112930916,0.019192357266868177,93,chr2,12703011,cg14128579,-0.07662166530079936,1.381925508440564e-4,3.8595153666182096,chr2,12843137,,2,12703011,NA,1
1.3828472289073527e-4,0.048917896817108335,1,-3.9921130834981216,-0.02254429727546319,-0.011316515844914459,-0.03377207870601192,0.005647209085497288,93,chr16,22212078,ch.16.692127F,-0.02254429727546319,1.3828472289073527e-4,3.8592257962517156,chr16,22223399,EEF2K,16,22212078,EEF2K,1
1.3837774279571935e-4,0.048917896817108335,1,3.991923655107641,0.03473502995973222,0.052035007249488674,0.01743505266997576,0.008701326217822068,93,chr7,25666215,cg09420734,0.03473502995973222,1.3837774279571935e-4,3.8589337578440928,chr7,25705835,,7,25666215,NA,1
1.3840853061051017e-4,0.048917896817108335,1,3.9918609848050575,0.02212877906993634,0.03315031513914089,0.011107243000731789,0.005543474373022787,93,chr3,184073757,cg25887701,0.02212877906993634,1.3840853061051017e-4,3.8588371419392353,chr3,183791545,,3,184073757,NA,1
1.384175616801183e-4,0.048917896817108335,1,3.9918426040971062,0.07340256384736116,0.10996186644581782,0.0368432612489045,0.018388140797942033,93,chr14,102190026,cg11081261,0.07340256384736116,1.384175616801183e-4,3.8588088054217815,chr14,102656363,WDR20;WDR20;WDR20;WDR20;WDR20;WDR20;WDR20;WDR20;WDR20,14,102190026,WDR20,1
1.3850863057782278e-4,0.048917896817108335,1,-3.9916573180793824,-0.038899983257465603,-0.01952433479860287,-0.05827563171632834,0.009745321343411975,93,chr5,178388692,cg24124366,-0.038899983257465603,1.3850863057782278e-4,3.8585231645378384,chr5,177815693,COL23A1,5,178388692,COL23A1,1
1.3851285905105285e-4,0.048917896817108335,1,3.991648717792922,0.01803762583099705,0.02702198574248848,0.009053265919505622,0.004518840986831749,93,chr5,96048958,cg08504062,0.01803762583099705,1.3851285905105285e-4,3.8585099063419253,chr5,95384662,LOC101929710,5,96048958,LOC101929710,1
1.3852656872737748e-4,0.048917896817108335,1,3.9916208354297233,0.02882093443385488,0.04317645212241804,0.014465416745291717,0.0072203587520236305,93,chr8,94853694,cg02737005,0.02882093443385488,1.3852656872737748e-4,3.8584669230248636,chr8,95865922,INTS8;INTS8;INTS8,8,94853694,INTS8,1
1.3859812817117238e-4,0.048917896817108335,1,-3.99147534271604,-0.08554177387462467,-0.042932426411768504,-0.12815112133748083,0.02143111669992602,93,chr3,196625584,cg19718817,-0.08554177387462467,1.3859812817117238e-4,3.85824263502306,chr3,196352455,,3,196625584,NA,1
1.387575270099809e-4,0.048917896817108335,1,-3.991151515975013,-0.10303456334778847,-0.051707690892561387,-0.15436143580301556,0.02581574839626648,93,chr18,23593865,cg00500907,-0.10303456334778847,1.387575270099809e-4,3.857743448924311,chr18,21173829,,18,23593865,NA,1
1.387685698851046e-4,0.048917896817108335,1,3.9911290950280223,0.01858994913367882,0.02785062125508165,0.009329277012275988,0.004657817046518836,93,chr9,93107775,cg08111040,0.01858994913367882,1.387685698851046e-4,3.857708887419741,chr9,95870057,C9orf89,9,93107775,C9orf89,1
1.3881649722387638e-4,0.048917896817108335,1,3.991031805371281,0.06161455682714196,0.09230889138093909,0.030920222273344827,0.015438252520117423,93,chr1,206555706,cg06949439,0.06161455682714196,1.3881649722387638e-4,3.857558918408911,chr1,206729034,RASSF5;RASSF5;RASSF5,1,206555706,RASSF5,1
1.388202963380674e-4,0.048917896817108335,1,3.9910240947718783,0.06488774854381711,0.0972127414142935,0.03256275567334073,0.01625842064667515,93,chr22,48048657,cg08864550,0.06488774854381711,1.388202963380674e-4,3.857547032849305,chr22,48444474,,22,48048657,NA,1
1.3885936836617488e-4,0.048917896817108335,1,3.9909448067688484,0.04981990341563437,0.07463907272253219,0.025000734108736558,0.012483235381039908,93,chr7,139734139,cg21422572,0.04981990341563437,1.3885936836617488e-4,3.857424814563469,chr7,139433938,HIPK2;HIPK2,7,139734139,HIPK2,1
1.393335646457197e-4,0.04900125125527741,1,3.9899842315762455,0.026326205508608123,0.039444493771828536,0.013207917245387708,0.006598072568875276,93,chr11,3166281,cg25487804,0.026326205508608123,1.393335646457197e-4,3.8559442519569984,chr11,3187511,OSBPL5;OSBPL5;OSBPL5,11,3166281,OSBPL5,1
1.3947410657473165e-4,0.04900125125527741,1,3.989700138931505,0.05671521244646864,0.084978286046272,0.028452138846665274,0.01421540729165118,93,chr10,70729194,cg11728953,0.05671521244646864,1.3947410657473165e-4,3.8555064118563402,chr10,72488950,ADAMTS14;ADAMTS14,10,70729194,ADAMTS14,1
1.3950551612266986e-4,0.04900125125527741,1,3.9896366849174787,0.041161058002115,0.06167330620027131,0.020648809803958695,0.010316994065580279,93,chr17,77121253,cg27466104,0.041161058002115,1.3950551612266986e-4,3.8554086198149404,chr17,75117335,,17,77121253,NA,1
1.395157723282189e-4,0.04900125125527741,1,3.9896159681511234,0.02233145777262206,0.03346019948363499,0.011202716061609132,0.005597395325989471,93,chr19,18470932,cg16281086,0.02233145777262206,1.395157723282189e-4,3.8553766924053727,chr19,18581742,ELL,19,18470932,ELL,1
1.3956672191203445e-4,0.04900125125527741,1,3.9895130754421633,0.03218284327705524,0.048221374710753384,0.016144311843357097,0.008066859957211289,93,chr7,29116930,cg01010171,0.03218284327705524,1.3956672191203445e-4,3.8552181219195214,chr7,29156546,CPVL;CPVL,7,29116930,CPVL,1
1.3957122166837168e-4,0.04900125125527741,1,3.98950398991227,0.022666083568408445,0.03396190098736093,0.011370266149455955,0.005681428976063481,93,chr6,1766333,cg26272879,0.022666083568408445,1.3957122166837168e-4,3.855204120101479,chr6,1766567,GMDS,6,1766333,GMDS,1
1.395934849676451e-4,0.04900125125527741,1,3.9894590418593396,0.04927356728137315,0.07382970591872379,0.02471742864402252,0.012350939504421772,93,chr8,96234018,cg11804805,0.04927356728137315,1.395934849676451e-4,3.8551348503992995,chr8,97246246,UQCRB;UQCRB;UQCRB;UQCRB,8,96234018,UQCRB,1
1.396063199419697e-4,0.04900125125527741,1,3.989433132060909,0.025354840045799763,0.0379908444046742,0.012718835686925327,0.006355499442273308,93,chr3,157460345,cg18291443,0.025354840045799763,1.396063199419697e-4,3.8550949208690457,chr3,157178134,VEPH1;VEPH1;VEPH1;VEPH1;VEPH1;VEPH1,3,157460345,VEPH1,1
1.397679537098835e-4,0.04902538284351642,1,3.989107039303974,0.025889351557567622,0.03879279329468532,0.012985909820449925,0.006490011750119606,93,chr6,33167492,cg10290180,0.025889351557567622,1.397679537098835e-4,3.85459239312797,chr6,33135269,COL11A2;COL11A2;COL11A2,6,33167492,COL11A2,1
1.3978853642232438e-4,0.04902538284351642,1,-3.9890655400561927,-0.01280744634256488,-0.006424055219088177,-0.019190837466041583,0.003210638234433337,93,chr14,34983235,cg10494773,-0.01280744634256488,1.3978853642232438e-4,3.8545284421286743,chr14,35452441,SRP54;SRP54,14,34983235,SRP54,1
1.398922947492289e-4,0.04903412394857182,1,3.988856429717452,0.047063556309826816,0.07052184994037805,0.02360526267927558,0.01179875915292357,93,chr13,67134472,cg01514449,0.047063556309826816,1.398922947492289e-4,3.854206205737251,chr13,67708604,PCDH9;PCDH9,13,67134472,PCDH9,1
1.399297291951108e-4,0.04903412394857182,1,-3.9887810223355524,-0.013755217703085677,-0.006898956484419818,-0.020611478921751535,0.0034484765210378936,93,chrX,17788635,cg00695378,-0.013755217703085677,1.399297291951108e-4,3.854090006353461,chrX,17806755,,23,17788635,NA,1
1.399836878015982e-4,0.04903412394857182,1,3.988672362946674,0.05682265253462183,0.08514656354489805,0.028498741524345603,0.014246006531517542,93,chr5,53010335,cg26722342,0.05682265253462183,1.399836878015982e-4,3.8539225693967736,chr5,52306165,ITGA2,5,53010335,ITGA2,1
1.400585571983909e-4,0.049040470956281966,1,-3.988521660830953,-0.0811875377018964,-0.04071713766826208,-0.12165793773553074,0.02035529567237755,93,chr17,14738221,cg26715273,-0.0811875377018964,1.400585571983909e-4,3.8536903518135643,chr17,14641538,,17,14738221,NA,1
1.4013331476885274e-4,0.04904143451766268,1,3.9883712608218986,0.019711049516074133,0.029536992796068105,0.009885106236080158,0.004942130064394307,93,chr2,27454645,cg19436514,0.019711049516074133,1.4013331476885274e-4,3.8534586048976065,chr2,27677512,IFT172;IFT172,2,27454645,IFT172,1
1.4026403054442934e-4,0.04904143451766268,1,-3.9881084667356066,-0.03289888701337597,-0.016497736039377053,-0.04930003798737488,0.008249245798548892,93,chr9,86585212,cg03157284,-0.03289888701337597,1.4026403054442934e-4,3.8530536856279203,chr9,86585212,MIR7-1;HNRNPK;HNRNPK;HNRNPK,9,86585212,MIR7-1,1
1.4040777518208207e-4,0.04904143451766268,1,3.9878197499519548,0.017874800054450735,0.026786606688382,0.008962993420519469,0.0044823490466604195,93,chr1,210447142,cg23201092,0.017874800054450735,1.4040777518208207e-4,3.8526088421693316,chr1,210620486,HHAT;HHAT;HHAT;HHAT;HHAT;HHAT,1,210447142,HHAT,1
1.404408238090844e-4,0.04904143451766268,1,3.987753410531415,0.012713637165405375,0.01905235762920066,0.006374916701610092,0.0031881703446931873,93,chr6,138378147,cg09954364,0.012713637165405375,1.404408238090844e-4,3.8525066316796988,chr6,138699284,,6,138378147,NA,1
1.405111889513622e-4,0.04904143451766268,1,-3.9876122144652273,-0.12422676281746609,-0.06228802762003899,-0.18616549801489318,0.031153170402786003,93,chr1,212184041,cg08924893,-0.12422676281746609,1.405111889513622e-4,3.8522890913720262,chr1,212357383,,1,212184041,NA,1
1.4051300385462014e-4,0.04904143451766268,1,-3.9876085735415034,-0.06458072260570183,-0.03238112376006105,-0.0967803214513426,0.016195351528283514,93,chr11,125069971,cg04866260,-0.06458072260570183,1.4051300385462014e-4,3.8522834818729845,chr11,124939867,SLC37A2;SLC37A2,11,125069971,SLC37A2,1
1.405539043654918e-4,0.04904143451766268,1,-3.987526533933628,-0.017952356441436893,-0.00900122450240324,-0.026903488380470547,0.0045021283968052234,93,chr7,23106598,cg16224671,-0.017952356441436893,1.405539043654918e-4,3.8521570858741354,chr7,23146217,KLHL7;KLHL7,7,23106598,KLHL7,1
1.4062659472275653e-4,0.04904143451766268,1,3.9873807856409953,0.02444252710831775,0.03663013507043438,0.012254919146201115,0.006129970630429386,93,chr17,8296226,cg06804311,0.02444252710831775,1.4062659472275653e-4,3.8519325395641792,chr17,8296226,RNF222,17,8296226,RNF222,1
1.4063880719870575e-4,0.04904143451766268,1,3.9873563060178947,0.06113761616275883,0.09162242932303072,0.030652803002486947,0.015332870069947657,93,chr13,52160019,cg06906869,0.06113761616275883,1.4063880719870575e-4,3.8518948256407306,chr13,52734154,NEK3;NEK3;NEK3;NEK3,13,52160019,NEK3,1
1.407558877970795e-4,0.04904143451766268,1,3.9871217240211227,0.02286639383027264,0.034268846196489774,0.011463941464055508,0.005735062888225858,93,chr8,126250639,cg24358599,0.02286639383027264,1.407558877970795e-4,3.8515334296254533,chr8,126250639,NSMCE2,8,126250639,NSMCE2,1
1.4080107222056833e-4,0.04904143451766268,1,-3.987031242783601,-0.04389716267784976,-0.022007105624979005,-0.06578721973072052,0.01100998713198002,93,chr11,31797243,cg24332783,-0.04389716267784976,1.4080107222056833e-4,3.851394037965901,chr11,31818791,PAX6;PAX6;PAX6,11,31797243,PAX6,1
1.4091776443164622e-4,0.04904143451766268,1,3.986797696775061,0.04519491058687778,0.0677334316451741,0.02265638952858146,0.01133614344751833,93,chr16,66578387,cg16573104,0.04519491058687778,1.4091776443164622e-4,3.85103425523463,chr16,66612290,CMTM2;CMTM2;CKLF-CMTM1;CKLF-CMTM1;CKLF-CMTM1;CMTM1;CMTM1;CMTM1;CMTM1;CMTM1;CMTM1;CMTM1;CMTM1,16,66578387,CMTM2,1
1.4095234475687825e-4,0.04904143451766268,1,3.9867285238401107,0.010785324636984043,0.016164016198020006,0.005406633075948079,0.0027053070136301544,93,chr7,45106362,cg02468649,0.010785324636984043,1.4095234475687825e-4,3.850927695198525,chr7,45145961,TBRG4;SNORA5C;SNORA5B;TBRG4;TBRG4,7,45106362,TBRG4,1
1.4097571051185936e-4,0.04904143451766268,1,3.986681793236373,0.026790909578688602,0.040151817405571714,0.013430001751805492,0.006720102322723842,93,chr14,21056507,cg08672220,0.026790909578688602,1.4097571051185936e-4,3.850855707907531,chr14,21524666,RNASE8;NDRG2,14,21056507,RNASE8,1
1.4105595288002663e-4,0.04904143451766268,1,3.986521368108876,0.016655881343632335,0.02496267847159405,0.008349084215670618,0.004178048931801799,93,chr6,154479651,cg02612450,0.016655881343632335,1.4105595288002663e-4,3.850608580913128,chr6,154800785,CNKSR3,6,154479651,CNKSR3,1
1.4109319439047758e-4,0.04904143451766268,1,-3.986446942466228,-0.07010368705229093,-0.035140182792648474,-0.1050671913119334,0.017585506107080172,93,chr20,5156905,cg22661306,-0.07010368705229093,1.4109319439047758e-4,3.850493933871044,chr20,5137551,CDS2,20,5156905,CDS2,1
1.4113034207030554e-4,0.04904143451766268,1,3.9863727230932717,0.08203525991040753,0.122950277102803,0.041120242718012054,0.020578923650358343,93,chr20,51399278,cg03725322,0.08203525991040753,1.4113034207030554e-4,3.850379605826968,chr20,50015815,NFATC2;NFATC2;NFATC2;NFATC2;NFATC2;NFATC2;NFATC2;NFATC2,20,51399278,NFATC2,1
1.4118393125458277e-4,0.04904143451766268,1,3.986265687321626,0.051890807134799814,0.07777199866603292,0.026009615603566714,0.013017398037426171,93,chr16,85642806,cg26648465,0.051890807134799814,1.4118393125458277e-4,3.8502147293789815,chr16,85676412,KIAA0182;KIAA0182,16,85642806,KIAA0182,1
1.4130760915748202e-4,0.04904143451766268,1,3.986018809159267,0.033941940561739596,0.05087195806034195,0.01701192306313724,0.008515248468909921,93,chr2,74417820,cg00405365,0.033941940561739596,1.4130760915748202e-4,3.849834451554619,chr2,74644947,C2orf81,2,74417820,C2orf81,1
1.4144832936276532e-4,0.04904143451766268,1,-3.985738163927248,-0.05652329502390167,-0.02832786074921668,-0.08471872929858665,0.014181386909823462,93,chr19,33187343,cg20601128,-0.05652329502390167,1.4144832936276532e-4,3.8494021776012426,chr19,33678249,,19,33187343,NA,1
1.414846209861205e-4,0.04904143451766268,1,3.9856658291577087,0.0597133679148012,0.08950064227053331,0.029926093559069094,0.014982030725696953,93,chr15,89097647,cg12850396,0.0597133679148012,1.414846209861205e-4,3.849290764265825,chr15,89640878,ABHD2;ABHD2,15,89097647,ABHD2,1
1.4160087807242185e-4,0.04904143451766268,1,3.9854342306156485,0.060233853880285765,0.09028251227994549,0.030185195480626037,0.01511349840315422,93,chr8,10672543,cg15816503,0.060233853880285765,1.4160087807242185e-4,3.8489340535613263,chr8,10530053,C8orf74,8,10672543,C8orf74,1
1.4162522187052113e-4,0.04904143451766268,1,3.9853857578231646,0.06269624146204031,0.09397368321480329,0.03141879970927733,0.015731536486516998,93,chr1,161838790,cg15211756,0.06269624146204031,1.4162522187052113e-4,3.8488593967609024,chr1,161808580,ATF6,1,161838790,ATF6,1
1.4167741002664552e-4,0.04904143451766268,1,3.9852818689078955,0.044244374303326395,0.0663172590938018,0.022171489512850986,0.011101943540934753,93,chrX,70021588,cg20552852,0.044244374303326395,1.4167741002664552e-4,3.8486993909866523,chrX,69241438,MIR676;EDA;EDA;EDA,23,70021588,MIR676,1
1.4167750492042835e-4,0.04904143451766268,1,3.9852816800399684,0.03544399711018723,0.05312650057244049,0.017761493647933974,0.008893724448062542,93,chr11,128324030,cg25477535,0.03544399711018723,1.4167750492042835e-4,3.8486991001016593,chr11,128193925,,11,128324030,NA,1
1.4168767285576968e-4,0.04904143451766268,1,3.9852614434116513,0.04726154666719389,0.07083977639004917,0.023683316944338614,0.011859083108669234,93,chr1,164688315,cg15965716,0.04726154666719389,1.4168767285576968e-4,3.848667932699598,chr1,164688315,PBX1,1,164688315,PBX1,1
1.4169863029560558e-4,0.04904143451766268,1,3.9852396370381125,0.021054991418467714,0.03155913645593131,0.010550846381004118,0.005283243502545329,93,chr7,47554942,cg26699752,0.021054991418467714,1.4169863029560558e-4,3.8486343477619633,chr7,47554942,TNS3,7,47554942,TNS3,1
1.4176383717809062e-4,0.04904143451766268,1,3.9851099023974608,0.05379428772318696,0.08063264565644786,0.02695592978992606,0.013498821623670668,93,chr18,3066516,cg27346792,0.05379428772318696,1.4176383717809062e-4,3.848434540076683,chr18,3066514,,18,3066516,NA,1
1.4194762806458852e-4,0.04907800470222804,1,-3.9847445423047176,-0.05483352303979876,-0.027474174774654893,-0.08219287130494263,0.013760862825119487,93,chr5,137688474,cg09530650,-0.05483352303979876,1.4194762806458852e-4,3.8478718601093616,chr5,137024163,KLHL3,5,137688474,KLHL3,1
1.419831369430032e-4,0.04907800470222804,1,3.9846740060398442,0.033640014042540245,0.050425095523359706,0.016854932561720787,0.008442350363304442,93,chr6,111573883,cg21044968,0.033640014042540245,1.419831369430032e-4,3.8477632328527553,chr6,111895086,TRAF3IP2;TRAF3IP2;TRAF3IP2;TRAF3IP2,6,111573883,TRAF3IP2,1
1.4211976151653504e-4,0.04910558822632419,1,3.984402767052669,0.013925628294068498,0.020874457666688016,0.00697679892144898,0.0034950352934247967,93,chr4,48653984,cg10374564,0.013925628294068498,1.4211976151653504e-4,3.8473455299481176,chr4,48656001,FRYL,4,48653984,FRYL,1
1.4237618336834605e-4,0.04917452582339048,1,3.983894369998152,0.013518783407142073,0.020265459763504967,0.006772107050779177,0.00339335889750218,93,chr20,1394096,cg06331113,0.013518783407142073,1.4237618336834605e-4,3.846562653232724,chr20,1374740,FKBP1A;FKBP1A,20,1394096,FKBP1A,1
1.4261770704970353e-4,0.04921860095144385,1,3.983416312750873,0.015298420089495569,0.022934157185259665,0.0076626829937314735,0.0038405275493112504,93,chr1,229248227,cg12269568,0.015298420089495569,1.4261770704970353e-4,3.845826550244551,chr1,229383974,,1,229248227,NA,1
1.4289911265134866e-4,0.049283804601178954,1,3.98286029324625,0.019260007414238542,0.028874391308235305,0.009645623520241777,0.004835722570258817,93,chr6,151071649,cg19314775,0.019260007414238542,1.4289911265134866e-4,3.844970468002727,chr6,151392785,MTHFD1L;MTHFD1L;MTHFD1L,6,151071649,MTHFD1L,1
1.429207064620049e-4,0.049283804601178954,1,3.9828176701470324,0.022943860786618243,0.03439730634237855,0.011490415230857934,0.005760710804964172,93,chr8,63463009,cg00450003,0.022943860786618243,1.429207064620049e-4,3.8449048457316177,chr8,64375567,,8,63463009,NA,1
1.4314456048509185e-4,0.0493039882552275,1,3.9823761774840447,0.015565091970066223,0.023335959255405343,0.007794224684727104,0.003908493642079744,93,chr7,157999361,cg10468535,0.015565091970066223,1.4314456048509185e-4,3.8442251505847027,chr7,157792053,PTPRN2;PTPRN2;PTPRN2,7,157999361,PTPRN2,1
1.4317615722351325e-4,0.0493039882552275,1,-3.9823139145909465,-0.06812144623011376,-0.03411130382517529,-0.10213158863505223,0.01710599608446765,93,chr12,124382119,cg07721499,-0.06812144623011376,1.4317615722351325e-4,3.844129298008556,chr12,124866665,NCOR2;NCOR2;NCOR2,12,124382119,NCOR2,1
1.431817737460045e-4,0.0493039882552275,1,3.982302848341465,0.033303900748410206,0.049931168918790875,0.01667663257802954,0.008362975398086687,93,chr21,30168040,cg17628023,0.033303900748410206,1.431817737460045e-4,3.844112261813906,chr21,31540358,CLDN17,21,30168040,CLDN17,1
1.4320745716103306e-4,0.0493039882552275,1,3.9822522495388673,0.07132614520593775,0.10693680900605068,0.03571548140582482,0.017911006319149447,93,chr14,22540473,cg02436384,0.07132614520593775,1.4320745716103306e-4,3.8440343666680734,chr14,23009416,,14,22540473,NA,1
1.4332035609927502e-4,0.04930610879104157,1,3.9820299308275326,0.04099335529165825,0.06146105462558196,0.02052565595773453,0.010294587434991766,93,chr14,104796854,cg13774825,0.04099335529165825,1.4332035609927502e-4,3.843692121439795,chr14,105263191,AKT1;AKT1,14,104796854,AKT1,1
1.4341360179946164e-4,0.04930610879104157,1,3.9818464394492232,0.04798165544220327,0.0719396687853131,0.024023642099093443,0.012050101924282191,93,chr3,185650910,cg12367811,0.04798165544220327,1.4341360179946164e-4,3.843409656852925,chr3,185368698,IGF2BP2;IGF2BP2;IGF2BP2;IGF2BP2;IGF2BP2;IGF2BP2;IGF2BP2,3,185650910,IGF2BP2,1
1.4342283789782522e-4,0.04930610879104157,1,3.9818282706314174,0.023174743481240975,0.034746318948269114,0.011603168014212838,0.005820126310360955,93,chr12,107774192,cg08823894,0.023174743481240975,1.4342283789782522e-4,3.84338168839425,chr12,108167969,ASCL4,12,107774192,ASCL4,1
1.43441845301149e-4,0.04930610879104157,1,3.981790883690152,0.02297695363312243,0.034449876716553376,0.011504030549691489,0.0057705073682393845,93,chr6,53314303,cg27606022,0.02297695363312243,1.43441845301149e-4,3.843324136448163,chr6,53179101,ELOVL5;ELOVL5;ELOVL5;ELOVL5;ELOVL5,6,53314303,ELOVL5,1
1.4355119273963483e-4,0.04931015691305047,1,3.981575893019859,0.026389997871830884,0.039567844208442254,0.013212151535219515,0.006628028343776005,93,chr4,22456914,cg15915405,0.026389997871830884,1.4355119273963483e-4,3.8429931946820015,chr4,22458537,ADGRA3,4,22456914,ADGRA3,1
1.435677459442725e-4,0.04931015691305047,1,-3.9815433610365667,-0.015242967293883957,-0.007631328864355452,-0.022854605723412462,0.003828406703554161,93,chr3,58214872,cg07369274,-0.015242967293883957,1.435677459442725e-4,3.8429431181146185,chr3,58200599,,3,58214872,NA,1
1.436762781931958e-4,0.04932782803067403,1,3.9813301517997957,0.03214665031033348,0.04820007204884606,0.016093228571820894,0.008074349296503656,93,chr8,138132477,cg00730694,0.03214665031033348,1.436762781931958e-4,3.8426149305451784,chr8,139144720,FAM135B,8,138132477,FAM135B,1
1.437780854611346e-4,0.04934060031190793,1,3.9811302938773783,0.07789701034623034,0.11679923887060033,0.03899478182186035,0.01956655637873218,93,chr7,100642141,cg01919768,0.07789701034623034,1.437780854611346e-4,3.8423073037207316,chr7,100239764,TFR2,7,100642141,TFR2,1
1.4387895020300166e-4,0.04934060031190793,1,-3.9809324199116847,-0.05591574898444793,-0.027989704621005956,-0.0838417933478899,0.014045892541347988,93,chr9,33159027,cg14080050,-0.05591574898444793,1.4387895020300166e-4,3.842002739624077,chr9,33159025,B4GALT1,9,33159027,B4GALT1,1
1.4388477118146804e-4,0.04934060031190793,1,-3.980921004516798,-0.05120229686895173,-0.025630222094784803,-0.07677437164311866,0.012861922356875964,93,chr2,118974239,cg20964377,-0.05120229686895173,1.4388477118146804e-4,3.841985169523055,chr2,119731815,MARCO,2,118974239,MARCO,1
1.4406589785920191e-4,0.04934765155629053,1,3.980566021844154,0.08134880066988219,0.12198063275390157,0.04071696858586281,0.020436490746156284,93,chr11,64877015,cg25170017,0.08134880066988219,1.4406589785920191e-4,3.8414388097781584,chr11,64644487,EHD1,11,64877015,EHD1,1
1.4410060450342204e-4,0.04934765155629053,1,3.980498050556296,0.053127791875876705,0.07966434020227917,0.02659124354947424,0.013347021202146252,93,chr8,112636625,cg18009359,0.053127791875876705,1.4410060450342204e-4,3.8413341973126602,chr8,112636625,,8,112636625,NA,1
1.4426919482429654e-4,0.04934765155629053,1,-3.9801680975607163,-0.0497421683604677,-0.024894629365039216,-0.07458970735589618,0.012497504412176124,93,chr12,6549391,cg17281677,-0.0497421683604677,1.4426919482429654e-4,3.8408263920253476,chr12,6658557,IFFO1;IFFO1;IFFO1,12,6549391,IFFO1,1
1.443444553810996e-4,0.04934765155629053,1,3.980020922210548,0.038755304746244855,0.058115328385561826,0.019395281106927884,0.009737462567086136,93,chr5,176689476,cg17522914,0.038755304746244855,1.443444553810996e-4,3.8405998937620662,chr5,176116477,,5,176689476,NA,1
1.4435765372314396e-4,0.04934765155629053,1,3.979995119846727,0.05087548614976731,0.07629025211326378,0.025460720186270838,0.012782801138642242,93,chr5,132664353,cg23838190,0.05087548614976731,1.4435765372314396e-4,3.8405601852393825,chr5,132000045,,5,132664353,NA,1
1.4438962374151233e-4,0.04934765155629053,1,3.979932628785345,0.04618074937148481,0.06925062947660432,0.023110869266365294,0.01160339977553312,93,chr2,143698470,cg12984001,0.04618074937148481,1.4438962374151233e-4,3.8404640153101464,chr2,144456039,ARHGAP15,2,143698470,ARHGAP15,1
1.4448928684623888e-4,0.04934765155629053,1,3.979737904653396,0.06404190822644201,0.09603600650426364,0.032047809948620394,0.016091991422741585,93,chr17,76406106,cg05056419,0.06404190822644201,1.4448928684623888e-4,3.8401643524648295,chr17,74402188,UBE2O,17,76406106,UBE2O,1
1.4457956980522472e-4,0.04934765155629053,1,-3.9795616187390968,-0.10195733216720987,-0.05101916531992635,-0.1528954990144934,0.025620242110867105,93,chr8,30057447,cg20907614,-0.10195733216720987,1.4457956980522472e-4,3.839893071825147,chr8,29914963,,8,30057447,NA,1
1.4458394631354266e-4,0.04934765155629053,1,-3.9795530758783855,-0.027392552543765453,-0.013707127694769896,-0.04107797739276101,0.0068833238359860905,93,chr7,30453968,cg16054240,-0.027392552543765453,1.4458394631354266e-4,3.8398799256756044,chr7,30493584,NOD1,7,30453968,NOD1,1
1.4461263243091253e-4,0.04934765155629053,1,-3.979497087258594,-0.025808472794278746,-0.012914278885399092,-0.0387026667031584,0.0064853603931289095,93,chr6,87407786,cg05533462,-0.025808472794278746,1.4461263243091253e-4,3.83979376820738,chr6,88117504,C6orf165;C6orf165,6,87407786,C6orf165,1
1.446280367197758e-4,0.04934765155629053,1,3.9794670260660743,0.04003579265633825,0.060038261518255365,0.02003332379442113,0.010060591630511855,93,chr3,134893005,cg20109001,0.04003579265633825,1.446280367197758e-4,3.839747509168657,chr3,134611847,EPHB1,3,134893005,EPHB1,1
1.447147861072978e-4,0.04934765155629053,1,-3.9792977934626275,-0.03675869799807141,-0.018392732624283623,-0.0551246633718592,0.00923748357271986,93,chr11,35064618,cg14378420,-0.03675869799807141,1.447147861072978e-4,3.8394870929532483,chr11,35086165,,11,35064618,NA,1
1.447818300909256e-4,0.04934765155629053,1,-3.9791670691710506,-0.05348096887385477,-0.02675907869905876,-0.08020285904865078,0.01344024212710326,93,chr5,174724201,cg02365742,-0.05348096887385477,1.447818300909256e-4,3.839285938044861,chr5,174151204,MSX2,5,174724201,MSX2,1
1.4481060140014685e-4,0.04934765155629053,1,3.9791109878289213,0.010934017705848278,0.016397302017829997,0.005470733393866559,0.0027478544175552353,93,chr10,99616002,cg22615255,0.010934017705848278,1.4481060140014685e-4,3.839199642827761,chr10,101375759,SLC25A28,10,99616002,SLC25A28,1
1.4485963934464589e-4,0.04934765155629053,1,3.9790154271469347,0.027253871144798606,0.040871850059227034,0.013635892230370176,0.006849400723319234,93,chr16,89099197,cg26546882,0.027253871144798606,1.4485963934464589e-4,3.839052600391862,chr16,89165605,ACSF3;ACSF3;ACSF3,16,89099197,ACSF3,1
1.449658626958146e-4,0.04934765155629053,1,3.9788085349973885,0.01891367510271008,0.028364788319855637,0.0094625618855645275,0.004753602727134619,93,chr8,27346863,cg03285383,0.01891367510271008,1.449658626958146e-4,3.838734255615418,chr8,27204380,PTK2B;PTK2B;PTK2B;PTK2B,8,27346863,PTK2B,1
1.4501216858768204e-4,0.04934765155629053,1,3.978718390066804,0.048293614031432994,0.07242635146050347,0.024160876602362522,0.012137982459880035,93,chrX,10005256,cg07890029,0.048293614031432994,1.4501216858768204e-4,3.838595552739206,chrX,9973296,,23,10005256,NA,1
1.45040523678761e-4,0.04934765155629053,1,3.97866320405971,0.023458668332558955,0.035181330780736535,0.011736005884381373,0.005896118150594507,93,chr10,93329827,cg26139038,0.023458668332558955,1.45040523678761e-4,3.838510640859696,chr10,95089584,MYOF;MYOF;MYOF;MYOF,10,93329827,MYOF,1
1.4504743951640215e-4,0.04934765155629053,1,3.9786497457005274,0.06608791474600308,0.09911318822327328,0.033062641268732866,0.016610639028333686,93,chr15,42918650,cg04773262,0.06608791474600308,1.4504743951640215e-4,3.838489933277811,chr15,43210848,TTBK2,15,42918650,TTBK2,1
1.4519268501944738e-4,0.049360731977107046,1,-3.9783672369927467,-0.05884647539700324,-0.02943778614845115,-0.08825516464555533,0.014791614723201214,93,chr17,77322650,cg00030296,-0.05884647539700324,1.4519268501944738e-4,3.838055263358479,chr17,75318732,SEPT9;SEPT9;SEPT9,17,77322650,SEPT9,1
1.4528712568643247e-4,0.04937088487462918,1,3.978183691101732,0.02788677343183541,0.041823908782019664,0.013949638081651155,0.007009926035897139,93,chr14,69118791,cg25828656,0.02788677343183541,1.4528712568643247e-4,3.837772868090564,chr14,69585508,DCAF5;DCAF5;DCAF5;DCAF5,14,69118791,DCAF5,1
1.4541371977662784e-4,0.049391466907969056,1,3.9779378341208353,0.016397227727718823,0.024592672321498987,0.00820178313393866,0.004122042226771695,93,chr7,114921749,cg01550799,0.016397227727718823,1.4541371977662784e-4,3.8373946158828605,chr7,114561804,MDFIC;MDFIC;MDFIC,7,114921749,MDFIC,1
1.4551551221738724e-4,0.049391466907969056,1,3.977740292852575,0.05335766959518945,0.08002751578077316,0.026687823409605734,0.013414065692289031,93,chr16,9103898,cg12294213,0.05335766959518945,1.4551551221738724e-4,3.837090707631206,chr16,9197755,C16orf72,16,9103898,C16orf72,1
1.4554904053029751e-4,0.049391466907969056,1,3.9776752558540514,0.04495655796480376,0.06742763099053302,0.022485484939074502,0.011302219279625703,93,chr1,112045886,cg19686029,0.04495655796480376,1.4554904053029751e-4,3.8369906531160725,chr1,112045886,ADORA3;TMIGD3;ADORA3;ADORA3;TMIGD3;TMIGD3,1,112045886,ADORA3,1
1.4565302163627557e-4,0.049391466907969056,1,3.9774736483492625,0.05528339148233435,0.08291762664304819,0.02764915632162051,0.013899121998024587,93,chr1,165904588,cg01574241,0.05528339148233435,1.4565302163627557e-4,3.836680501311983,chr1,165873825,UCK2,1,165904588,UCK2,1
1.4577681000861118e-4,0.049391466907969056,1,-3.9772338165444,-0.020525182409229608,-0.010264742431091815,-0.0307856223873674,0.005160667779663709,93,chr20,54476613,cg05101674,-0.020525182409229608,1.4577681000861118e-4,3.8363115575428504,chr20,53093152,DOK5,20,54476613,DOK5,1
1.4581036945044212e-4,0.049391466907969056,1,3.977168830960855,0.05769828307873121,0.08654184859767347,0.028854717559788946,0.014507375857310972,93,chr12,57902730,cg00119214,0.05769828307873121,1.4581036945044212e-4,3.8362115896327778,chr12,58296513,,12,57902730,NA,1
1.4592529115292117e-4,0.049391466907969056,1,3.9769464013884526,0.03061528833440569,0.04592082979624159,0.015309746872569793,0.0076981898281850425,93,chr4,184218106,cg12683533,0.03061528833440569,1.4592529115292117e-4,3.8358694315043134,chr4,185139259,ENPP6,4,184218106,ENPP6,1
1.459422252991518e-4,0.049391466907969056,1,3.9769136397409333,0.06623030465707104,0.09934118094958058,0.033119428364561505,0.016653694461764942,93,chr22,31247125,cg10105512,0.06623030465707104,1.459422252991518e-4,3.8358190359936284,chr22,31643111,LIMK2;LIMK2;LIMK2,22,31247125,LIMK2,1
1.459642553235929e-4,0.049391466907969056,1,3.976871024803001,0.0440084462698993,0.06601006384174338,0.02200682869805521,0.011066098446599563,93,chr2,41938364,cg12821702,0.0440084462698993,1.459642553235929e-4,3.835753484053509,chr2,42165504,,2,41938364,NA,1
1.459737910741742e-4,0.049391466907969056,1,-3.976852580732679,-0.04205696325977724,-0.021030874138008717,-0.06308305238154575,0.010575439347069997,93,chr1,228416865,cg23540518,-0.04205696325977724,1.459737910741742e-4,3.835725112802068,chr1,228604566,TRIM17;TRIM17;TRIM17;TRIM17;TRIM17;TRIM17;TRIM17;TRIM17,1,228416865,TRIM17,1
1.46003314222776e-4,0.049391466907969056,1,3.9767954843109217,0.03204718109590239,0.04806917859629722,0.016025183595507565,0.008058543926217358,93,chr10,71223814,cg10319211,0.03204718109590239,1.46003314222776e-4,3.8356372857749674,chr10,72983571,UNC5B;UNC5B,10,71223814,UNC5B,1
1.4606752154104358e-4,0.049391466907969056,1,-3.976671348467925,-0.04427838593837902,-0.022140702994408627,-0.06641606888234941,0.01113453490579199,93,chr9,91060644,cg02745692,-0.04427838593837902,1.4606752154104358e-4,3.8354463397368415,chr9,93822926,,9,91060644,NA,1
1.4609072179057493e-4,0.049391466907969056,1,3.9766265068981586,0.06390906641332107,0.09586178043373614,0.031956352392906014,0.016071176486516785,93,chr5,72478829,cg12667792,0.06390906641332107,1.4609072179057493e-4,3.8353773651958085,chr5,71774656,ZNF366,5,72478829,ZNF366,1
1.462122209678132e-4,0.04940236198130296,1,3.976391783991915,0.08139937328069449,0.12209914519909383,0.040699601362295154,0.020470662274374118,93,chr2,97936009,cg04223924,0.08139937328069449,1.462122209678132e-4,3.8350163258934233,chr2,98552472,TMEM131,2,97936009,TMEM131,1
1.462372845843937e-4,0.04940236198130296,1,3.976343387122895,0.019971056457769972,0.02995672714544371,0.009985385770096233,0.005022467758303977,93,chr7,131323984,cg03473532,0.019971056457769972,1.462372845843937e-4,3.8349418857579645,chr7,131008743,MKLN1,7,131323984,MKLN1,1
1.4630595258109086e-4,0.04940624522659431,1,3.97621083259416,0.013868978927961882,0.02080379850066572,0.006934159355258043,0.0034879888194745147,93,chr12,6672623,cg15731152,0.013868978927961882,1.4630595258109086e-4,3.834738003877901,chr12,6781789,ZNF384;ZNF384;ZNF384;ZNF384;ZNF384;ZNF384;ZNF384,12,6672623,ZNF384,1
1.464710297803556e-4,0.049442669268263226,1,-3.975892416520842,-0.0710746650880594,-0.03553279462560088,-0.10661653555051792,0.01787640550652883,93,chr1,179092019,cg00852924,-0.0710746650880594,1.464710297803556e-4,3.8342482650757064,chr1,179061154,TOR3A,1,179092019,TOR3A,1
1.4657194924652046e-4,0.049457416276953985,1,3.9756979230888576,0.0226559825568511,0.03398597459897083,0.011325990514731368,0.00569861770062472,93,chr3,196407169,cg03191919,0.0226559825568511,1.4657194924652046e-4,3.833949136469041,chr3,196134040,UBXN7,3,196407169,UBXN7,1
1.467049398200268e-4,0.04948296922535355,1,3.975441817612759,0.021004724002440942,0.031509617645211395,0.010499830359670491,0.005283620026680259,93,chr4,7485948,cg25961882,0.021004724002440942,1.467049398200268e-4,3.833555262431699,chr4,7485948,SORCS2,4,7485948,SORCS2,1
1.4689818991634476e-4,0.04948458497091258,1,-3.9750700640410965,-0.03569103874189789,-0.017839548290511164,-0.053542529193284616,0.008978719410448333,93,chr16,87949188,cg02246090,-0.03569103874189789,1.4689818991634476e-4,3.8329835555656757,chr16,87982794,,16,87949188,NA,1
1.4691751459629495e-4,0.04948458497091258,1,3.9750329150920796,0.06088302223967137,0.09133500362583542,0.030431040853507316,0.015316356754812193,93,chr5,132672833,cg26787239,0.06088302223967137,1.4691751459629495e-4,3.8329264272246775,chr5,132008525,IL4;IL4,5,132672833,IL4,1
1.470435577846422e-4,0.04948458497091258,1,3.974790729773213,0.03375391086999302,0.05063769975531204,0.016870121984673997,0.008491996979151376,93,chr9,134590067,cg05169916,0.03375391086999302,1.470435577846422e-4,3.8325539978816225,chr9,137481913,,9,134590067,NA,1
1.470725111481685e-4,0.04948458497091258,1,3.9747351255089307,0.04220922564712065,0.06332267905320181,0.021095772241039496,0.010619380742186215,93,chr13,114097318,cg08508348,0.04220922564712065,1.470725111481685e-4,3.8324684922776733,chr13,114862793,RASA3,13,114097318,RASA3,1
1.471792571365026e-4,0.04948458497091258,1,3.9745302128803504,0.07050931201527504,0.10578055433073819,0.035238069699811886,0.017740288345720435,93,chr14,65072386,cg25963583,0.07050931201527504,1.471792571365026e-4,3.8321533934355987,chr14,65539104,MAX;MAX,14,65072386,MAX,1
1.472235730149403e-4,0.04948458497091258,1,3.97444518468625,0.03744419479750696,0.056175501131753014,0.018712888463260916,0.009421238199933277,93,chr12,118188282,cg11051417,0.03744419479750696,1.472235730149403e-4,3.832022646447863,chr12,118626087,TAOK3,12,118188282,TAOK3,1
1.4722695188059548e-4,0.04948458497091258,1,3.974438702714832,0.034777838878111554,0.05217533986927575,0.017380337886947362,0.008750377469491666,93,chr21,26877395,cg06524507,0.034777838878111554,1.4722695188059548e-4,3.832012679254157,chr21,28249714,,21,26877395,NA,1
1.4725660278899929e-4,0.04948458497091258,1,3.974381826914558,0.060834754988306636,0.09126757917463196,0.030401930801981315,0.015306721306023743,93,chr4,96466095,cg06258305,0.060834754988306636,1.4725660278899929e-4,3.831925222920909,chr4,96466095,UNC5C,4,96466095,UNC5C,1
1.4725754491985436e-4,0.04948458497091258,1,3.974380019917191,0.013704624526595514,0.02056041967960459,0.006848829373586437,0.003448242105162621,93,chr3,119913269,cg12090885,0.013704624526595514,1.4725754491985436e-4,3.831922444363513,chr3,119632116,GSK3B;GSK3B,3,119913269,GSK3B,1
1.4728236762188496e-4,0.04948458497091258,1,3.974332414217919,0.04483073587059285,0.06725776571164904,0.022403706029536664,0.011280066989417838,93,chr16,81528479,cg12976693,0.04483073587059285,1.4728236762188496e-4,3.8318492429936186,chr16,81562084,CMIP;CMIP,16,81528479,CMIP,1
1.4734272013108173e-4,0.049485622342290925,1,3.974216700479602,0.026434659656280265,0.03965925102087693,0.0132100682916836,0.006651539573342886,93,chr2,202135453,cg05108813,0.026434659656280265,1.4734272013108173e-4,3.831671316787268,chr2,203000176,KIAA2012,2,202135453,KIAA2012,1
1.474588376147467e-4,0.049498004309546435,1,3.973994196347529,0.05276657113855883,0.07916582956911311,0.02636731270800454,0.013277968847326507,93,chr16,9770873,cg00534626,0.05276657113855883,1.474588376147467e-4,3.831329193866333,chr16,9864730,GRIN2A;GRIN2A;GRIN2A,16,9770873,GRIN2A,1
1.474941458181918e-4,0.049498004309546435,1,3.9739265721071915,0.07387316173841835,0.11083273353165016,0.036913589945186544,0.01858946319162782,93,chr2,102803983,cg21028473,0.07387316173841835,1.474941458181918e-4,3.8312252169014833,chr2,103420442,TMEM182,2,102803983,TMEM182,1
1.4774836333305836e-4,0.04955092433498977,1,-3.9734401378813993,-0.02091365512498799,-0.010449037844559307,-0.03137827240541667,0.005263362325659435,93,chr3,197791126,cg12262681,-0.02091365512498799,1.4774836333305836e-4,3.8304773212714673,chr3,197517997,LRCH3,3,197791126,LRCH3,1
1.4782300047792022e-4,0.04955092433498977,1,3.973297475196059,0.03648420388653516,0.054740550593801535,0.018227857179268777,0.009182348946761123,93,chr13,48302814,cg17419299,0.03648420388653516,1.4782300047792022e-4,3.8302579867565836,chr13,48876950,RB1,13,48302814,RB1,1
1.4782385845962703e-4,0.04955092433498977,1,3.9732958356367325,0.039358750103844875,0.059053500374391846,0.0196639998332979,0.009905819181857501,93,chr1,46084937,cg26011752,0.039358750103844875,1.4782385845962703e-4,3.8302554660687456,chr1,46550609,PIK3R3;PIK3R3;PIK3R3;PIK3R3;PIK3R3,1,46084937,PIK3R3,1
1.4805857032711408e-4,0.04961035659764106,1,3.9728476552469503,0.02359465631898925,0.035402533471467185,0.011786779166511312,0.005938978376839526,93,chr7,92653372,cg13033770,0.02359465631898925,1.4805857032711408e-4,3.82956644853779,chr7,92282686,CDK6;CDK6,7,92653372,CDK6,1
1.4818552293132124e-4,0.04962141224488179,1,3.9726055238582756,0.025506161360203696,0.038271423651578054,0.01274089906882934,0.006420511980618603,93,chr22,20127160,cg17561788,0.025506161360203696,1.4818552293132124e-4,3.8291942229299196,chr22,20114683,RANBP1,22,20127160,RANBP1,1
1.4820640929378155e-4,0.04962141224488179,1,3.97256570721166,0.0438188045564633,0.06574935427562364,0.021888254837302962,0.011030353626855345,93,chr11,86127791,cg07180834,0.0438188045564633,1.4820640929378155e-4,3.8291330145703637,chr11,85838833,,11,86127791,NA,1
1.4851793147750632e-4,0.04962920291457076,1,3.9719724751208267,0.06392219135122137,0.09591891472714198,0.03192546797530076,0.01609331176175305,93,chr13,71879952,cg17589056,0.06392219135122137,1.4851793147750632e-4,3.8282211081542052,chr13,72454090,,13,71879952,NA,1
1.485423467655477e-4,0.04962920291457076,1,3.9719260314453697,0.01548990157272432,0.023243576479900725,0.007736226665547916,0.00389984643472517,93,chr2,37244179,cg12580228,0.01548990157272432,1.485423467655477e-4,3.8281497191084735,chr2,37471322,NDUFAF7;NDUFAF7,2,37244179,NDUFAF7,1
1.4859417449314137e-4,0.04962920291457076,1,3.9718274670349274,0.028776163957033776,0.04318081051313235,0.0143715174009352,0.007245068975394324,93,chr1,40244779,cg22102493,0.028776163957033776,1.4859417449314137e-4,3.827998216383487,chr1,40710451,,1,40244779,NA,1
1.486434946151759e-4,0.04962920291457076,1,3.9717337020911945,0.029773176412481363,0.04467725496006522,0.014869097864897509,0.007496267032405827,93,chr22,31216472,cg16932065,0.029773176412481363,1.486434946151759e-4,3.8278540929478053,chr22,31612458,LIMK2,22,31216472,LIMK2,1
1.4868642353706838e-4,0.04962920291457076,1,3.9716521120353434,0.01893277897009243,0.028410485270141443,0.009455072670043418,0.0047669781833912924,93,chr17,28572668,cg12681669,0.01893277897009243,1.4868642353706838e-4,3.82772868482112,chr17,26899686,PIGS,17,28572668,PIGS,1
1.4870657887394815e-4,0.04962920291457076,1,3.9716138128935277,0.034409475232848735,0.05163494675953128,0.01718400370616619,0.008663852240905478,93,chr3,150942737,cg21493290,0.034409475232848735,1.4870657887394815e-4,3.827669817587996,chr3,150660524,CLRN1;CLRN1;CLRN1;CLRN1;CLRN1,3,150942737,CLRN1,1
1.487805374969403e-4,0.04962920291457076,1,3.9714733194167846,0.03444782777099015,0.05169310871815919,0.0172025468238211,0.00867381573547845,93,chr6,166691189,cg17087907,0.03444782777099015,1.487805374969403e-4,3.8274538766564477,chr6,167104677,RPS6KA2,6,166691189,RPS6KA2,1
1.4891477259193438e-4,0.04962920291457076,1,3.9712184942208775,0.0774158338414632,0.11617425661449354,0.03865741106843284,0.01949422676040684,93,chr2,8119938,cg19074669,0.0774158338414632,1.4891477259193438e-4,3.8270622173792668,chr2,8260068,LINC00299,2,8119938,LINC00299,1
1.4896963302347795e-4,0.04962920291457076,1,3.971114413259123,0.013992439722922714,0.02099797181584572,0.006986907629999704,0.0035235549185396084,93,chr3,53531293,cg27145698,0.013992439722922714,1.4896963302347795e-4,3.8269022520872644,chr3,53565320,CACNA1D;CACNA1D;CACNA1D,3,53531293,CACNA1D,1
1.489985170787005e-4,0.04962920291457076,1,3.9710596293154725,0.06763282594792071,0.10149471698335105,0.03377093491249037,0.017031430464714323,93,chr7,65954203,cg25643253,0.06763282594792071,1.489985170787005e-4,3.826818053921567,chr7,65419190,VKORC1L1,7,65954203,VKORC1L1,1
1.490012693050264e-4,0.04962920291457076,1,3.97105440974101,0.03138574312682256,0.04709973993022663,0.01567174632341849,0.007903629587606058,93,chrX,15358018,cg02758183,0.03138574312682256,1.490012693050264e-4,3.826810031924499,chrX,15376140,FIGF,23,15358018,FIGF,1
1.4903452521525191e-4,0.04962920291457076,1,3.970991347481968,0.0370186741297031,0.05555322220756491,0.01848412605184128,0.00932227519286258,93,chr6,168417061,cg27083466,0.0370186741297031,1.4903452521525191e-4,3.826713111630849,chr6,168417061,KIF25;KIF25,6,168417061,KIF25,1
1.4909114457436386e-4,0.04962920291457076,1,3.9708840127705725,0.03188617755848442,0.047851413476460186,0.015920941640508654,0.008029994695371807,93,chr1,245856376,cg02415020,0.03188617755848442,1.4909114457436386e-4,3.8265481511593524,chr1,246019678,SMYD3;SMYD3,1,245856376,SMYD3,1
1.4923392914785482e-4,0.04964574863573188,1,3.9706135058540584,0.061564322193735206,0.09239134395432758,0.030737300433142833,0.015504989871960112,93,chr17,21216068,cg23149707,0.061564322193735206,1.4923392914785482e-4,3.8261324264176846,chr17,21119381,TMEM11;TMEM11,17,21216068,TMEM11,1
1.492557500944642e-4,0.04964574863573188,1,3.9705721876777478,0.018194517220108754,0.02730512860807651,0.009083905832140996,0.004582341375526057,93,chr12,51795346,cg16292933,0.018194517220108754,1.492557500944642e-4,3.8260689286328144,chr12,51795346,,12,51795346,NA,1
1.4931382362104039e-4,0.04964595587140026,1,3.9704622530735403,0.07856766478278834,0.11791024650519599,0.039225083060380694,0.019788039723074816,93,chr14,56649556,cg25771941,0.07856766478278834,1.4931382362104039e-4,3.825899983002214,chr14,57116274,,14,56649556,NA,1
1.4942020505076425e-4,0.04966221885962616,1,3.970260976628131,0.033183067422855685,0.04980025630755616,0.016565878538155204,0.00835790584503023,93,chr19,1106888,cg09022609,0.033183067422855685,1.4942020505076425e-4,3.825590671940033,chr19,1106887,,19,1106888,NA,1
1.4959285534134779e-4,0.049699198908483275,1,3.969934609769533,0.07704249673609866,0.11562648149283852,0.03845851197935878,0.019406490108554008,93,chr19,35403618,cg16191278,0.07704249673609866,1.4959285534134779e-4,3.825089148182283,chr19,35894520,,19,35403618,NA,1
1.4964649223733032e-4,0.049699198908483275,1,3.9698332915377725,0.07423094903466607,0.11140781927768828,0.037054078791643845,0.01869875724829534,93,chr16,22313063,cg04660509,0.07423094903466607,1.4964649223733032e-4,3.8249334587090265,chr16,22324384,POLR3E;POLR3E;POLR3E;POLR3E;POLR3E;POLR3E,16,22313063,POLR3E,1
1.497485754314202e-4,0.049700987095081556,1,3.9696405560078123,0.0534996862433802,0.08029507937381,0.02670429311295041,0.013477211724475064,93,chr7,98867579,cg17822373,0.0534996862433802,1.497485754314202e-4,3.8246373003925145,chr7,98465202,TMEM130;TMEM130;TMEM130,7,98867579,TMEM130,1
1.497669048912603e-4,0.049700987095081556,1,3.969605962875117,0.027136285201103137,0.040727650266449936,0.013544920135756337,0.006836014822349973,93,chr14,22271693,cg17044729,0.027136285201103137,1.497669048912603e-4,3.824584145321757,chr14,22739576,,14,22271693,NA,1
1.5018379472261708e-4,0.04980108464203338,1,3.9688202611625925,0.028342676664932388,0.042541080139292975,0.014144273190571799,0.007141335409487636,93,chr18,57583336,cg07352016,0.028342676664932388,1.5018379472261708e-4,3.8233769264678994,chr18,55250568,FECH;FECH,18,57583336,FECH,1
1.503185407757958e-4,0.049826646585533374,1,3.9685667554192263,0.05776009854792,0.08669715274218698,0.02882304435365302,0.014554397622024734,93,chr7,28182119,cg17445690,0.05776009854792,1.503185407757958e-4,3.822987448820887,chr7,28221738,JAZF1;JAZF1-AS1,7,28182119,JAZF1,1
1.5040187972440016e-4,0.04983515535567479,1,3.968410073841782,0.038677199660063596,0.05805473604648425,0.019299663273642943,0.009746270909603994,93,chr11,45253245,cg04677232,0.038677199660063596,1.5040187972440016e-4,3.8227467358930927,chr11,45274796,SYT13;SYT13,11,45253245,SYT13,1
1.5046893405045914e-4,0.04983826381662413,1,-3.9682840685713603,-0.07700056855659028,-0.03842154240466648,-0.11557959470851409,0.019403996091517613,93,chr2,101897523,cg06528771,-0.07700056855659028,1.5046893405045914e-4,3.822553155639083,chr2,102513985,,2,101897523,NA,1
1.50896078485012e-4,0.04995327856747547,1,3.967482659694026,0.020464573027424708,0.030719857994542882,0.010209288060306533,0.005158074976691377,93,chr1,168583602,cg20544479,0.020464573027424708,1.50896078485012e-4,3.8213220466024747,chr1,168552840,,1,168583602,NA,1
1.5093179248520914e-4,0.04995327856747547,1,3.9674157515221657,0.0655491320470336,0.098397917324645,0.032700346769422184,0.016521871200890548,93,chr21,29130863,cg02451018,0.0655491320470336,1.5093179248520914e-4,3.821219270187329,chr21,30503184,MAP3K7CL;MAP3K7CL;MAP3K7CL;MAP3K7CL;MAP3K7CL;MAP3K7CL;MAP3K7CL;MAP3K7CL,21,29130863,MAP3K7CL,1
1.5103597882981743e-4,0.049968622962383,1,3.967220650879211,0.026897240945856146,0.04037697920872485,0.01341750268298744,0.006779870169282168,93,chr17,47655949,cg17478679,0.026897240945856146,1.5103597882981743e-4,3.8209195855146803,chr17,45733315,KPNB1;KPNB1,17,47655949,KPNB1,1
1.5112410362867133e-4,0.04996869689368583,1,3.96705572789792,0.02957503925591247,0.044397390841846934,0.014752687669978004,0.0074551610273405,93,chr21,45971840,cg22613969,0.02957503925591247,1.5112410362867133e-4,3.8206662620800635,chr21,45971840,KRTAP10-2;C21orf29,21,45971840,KRTAP10-2,1
1.5115185023016175e-4,0.04996869689368583,1,3.9670038200140088,0.07318977418109657,0.10987134038672317,0.036508207975469976,0.018449635418006257,93,chr17,2931251,cg01845076,0.07318977418109657,1.5115185023016175e-4,3.820586532311295,chr17,2834545,RAP1GAP2;RAP1GAP2,17,2931251,RAP1GAP2,1
